game_id,game_date,season,game_type,neutral_site,team_id_home,team_abbreviation_home,team_name_home,team_id_road,team_abbreviation_road,team_name_road,pts_home,pts_road,wl_home,fgm_home,fga_home,fg_pct_home,fg3m_home,fg3a_home,fg3_pct_home,ftm_home,fta_home,ft_pct_home,oreb_home,dreb_home,reb_home,ast_home,stl_home,blk_home,tov_home,pf_home,plus_minus_home,fgm_road,fga_road,fg_pct_road,fg3m_road,fg3a_road,fg3_pct_road,ftm_road,fta_road,ft_pct_road,oreb_road,dreb_road,reb_road,ast_road,stl_road,blk_road,tov_road,pf_road,plus_minus_road
0021500001,2015-10-27,2015-16,regular_season,False,1610612737,ATL,Atlanta Hawks,1610612765,DET,Detroit Pistons,18,23,L,8,19,0.421,1,4,0.25,1,2,0.5,1,8,9,2,4,1,4,3,-5,9,23,0.391,5,11,0.455,0,0,0.0,5,10,15,6,0,1,5,4,5
0021500002,2015-10-27,2015-16,regular_season,False,1610612741,CHI,Chicago Bulls,1610612739,CLE,Cleveland Cavaliers,20,23,L,9,22,0.409,2,7,0.286,0,2,0.0,3,13,16,3,0,3,5,8,-3,8,23,0.348,4,9,0.444,3,7,0.429,2,8,10,7,2,1,1,4,3
0021500003,2015-10-27,2015-16,regular_season,False,1610612744,GSW,Golden State Warriors,1610612740,NOP,New Orleans Pelicans,20,14,W,8,22,0.364,1,7,0.143,3,3,1.0,7,13,20,5,0,3,7,5,6,6,24,0.25,1,6,0.167,1,5,0.2,3,6,9,4,5,0,3,5,-6
0021500017,2015-10-28,2015-16,regular_season,False,1610612747,LAL,Los Angeles Lakers,1610612750,MIN,Minnesota Timberwolves,29,29,L,9,18,0.5,3,9,0.333,8,8,1.0,2,4,6,5,1,0,5,10,0,11,19,0.579,0,5,0.0,7,9,0.778,2,5,7,8,1,1,3,5,0
0021500016,2015-10-28,2015-16,regular_season,False,1610612758,SAC,Sacramento Kings,1610612746,LAC,LA Clippers,29,31,L,11,25,0.44,1,4,0.25,6,9,0.667,5,11,16,6,2,0,5,7,-2,11,20,0.55,2,8,0.25,7,10,0.7,0,8,8,6,4,2,3,7,2
0021500015,2015-10-28,2015-16,regular_season,False,1610612757,POR,Portland Trail Blazers,1610612740,NOP,New Orleans Pelicans,27,25,W,13,24,0.542,1,5,0.2,0,0,0.0,2,12,14,5,4,1,5,9,2,8,21,0.381,4,10,0.4,5,11,0.455,1,9,10,5,2,0,4,4,-2
0021500014,2015-10-28,2015-16,regular_season,False,1610612756,PHX,Phoenix Suns,1610612742,DAL,Dallas Mavericks,23,30,L,7,22,0.318,1,8,0.125,8,9,0.889,4,8,12,1,0,0,4,7,-7,10,20,0.5,3,6,0.5,7,8,0.875,1,11,12,7,2,1,2,7,7
0021500012,2015-10-28,2015-16,regular_season,False,1610612749,MIL,Milwaukee Bucks,1610612752,NYK,New York Knicks,28,36,L,9,19,0.474,5,7,0.714,5,6,0.833,4,3,7,5,1,1,8,8,-8,12,26,0.462,1,2,0.5,11,12,0.917,10,5,15,4,5,2,3,6,8
0021500011,2015-10-28,2015-16,regular_season,False,1610612763,MEM,Memphis Grizzlies,1610612739,CLE,Cleveland Cavaliers,22,27,L,8,23,0.348,1,5,0.2,5,6,0.833,6,7,13,4,2,1,3,2,-5,11,23,0.478,3,6,0.5,2,2,1.0,3,8,11,7,0,0,4,5,5
0021500013,2015-10-28,2015-16,regular_season,False,1610612760,OKC,Oklahoma City Thunder,1610612759,SAS,San Antonio Spurs,21,28,L,9,19,0.474,1,3,0.333,2,2,1.0,0,7,7,4,1,1,5,5,-7,12,23,0.522,0,2,0.0,4,4,1.0,1,8,9,6,3,3,3,2,7
0021500009,2015-10-28,2015-16,regular_season,False,1610612761,TOR,Toronto Raptors,1610612754,IND,Indiana Pacers,17,15,W,6,14,0.429,0,2,0.0,5,9,0.556,0,14,14,4,1,0,6,4,2,7,24,0.292,0,2,0.0,1,2,0.5,2,9,11,5,4,0,1,7,-2
0021500008,2015-10-28,2015-16,regular_season,False,1610612748,MIA,Miami Heat,1610612766,CHA,Charlotte Hornets,31,17,W,13,22,0.591,4,6,0.667,1,2,0.5,1,10,11,8,5,0,1,2,14,8,23,0.348,1,8,0.125,0,0,0.0,5,7,12,4,1,0,5,2,-14
0021500007,2015-10-28,2015-16,regular_season,False,1610612765,DET,Detroit Pistons,1610612762,UTA,Utah Jazz,25,29,L,9,17,0.529,1,3,0.333,6,12,0.5,3,5,8,4,0,1,2,4,-4,13,19,0.684,1,3,0.333,2,3,0.667,1,7,8,5,2,0,2,7,4
0021500006,2015-10-28,2015-16,regular_season,False,1610612751,BKN,Brooklyn Nets,1610612741,CHI,Chicago Bulls,36,28,W,16,23,0.696,0,1,0.0,4,5,0.8,3,5,8,11,3,2,2,4,8,11,18,0.611,2,6,0.333,4,4,1.0,1,4,5,4,1,0,6,7,-8
0021500005,2015-10-28,2015-16,regular_season,False,1610612738,BOS,Boston Celtics,1610612755,PHI,Philadelphia 76ers,30,14,W,11,22,0.5,2,4,0.5,6,7,0.857,2,11,13,10,3,3,4,6,16,5,22,0.227,0,7,0.0,4,6,0.667,6,8,14,2,4,3,7,6,-16
0021500004,2015-10-28,2015-16,regular_season,False,1610612753,ORL,Orlando Magic,1610612764,WAS,Washington Wizards,22,22,L,10,27,0.37,0,6,0.0,2,4,0.5,5,9,14,5,3,0,2,8,0,9,21,0.429,1,6,0.167,3,8,0.375,5,9,14,6,0,2,5,2,0
0021500010,2015-10-28,2015-16,regular_season,False,1610612745,HOU,Houston Rockets,1610612743,DEN,Denver Nuggets,28,26,W,11,21,0.524,4,10,0.4,2,3,0.667,2,6,8,6,3,1,3,4,2,10,19,0.526,5,8,0.625,1,2,0.5,2,7,9,10,1,2,5,4,-2
0021500018,2015-10-29,2015-16,regular_season,False,1610612754,IND,Indiana Pacers,1610612763,MEM,Memphis Grizzlies,29,21,W,13,19,0.684,2,6,0.333,1,2,0.5,1,9,10,9,1,1,8,3,8,8,18,0.444,1,3,0.333,4,4,1.0,1,4,5,6,5,1,5,5,-8
0021500019,2015-10-29,2015-16,regular_season,False,1610612752,NYK,New York Knicks,1610612737,ATL,Atlanta Hawks,25,31,L,10,22,0.455,2,9,0.222,3,4,0.75,4,9,13,6,2,0,6,5,-6,13,23,0.565,4,5,0.8,1,1,1.0,1,8,9,8,2,0,3,5,6
0021500020,2015-10-29,2015-16,regular_season,False,1610612746,LAC,LA Clippers,1610612742,DAL,Dallas Mavericks,29,26,W,11,22,0.5,3,6,0.5,4,10,0.4,2,9,11,3,3,0,2,4,3,11,24,0.458,2,6,0.333,2,3,0.667,3,10,13,7,1,0,5,6,-3
0021500028,2015-10-30,2015-16,regular_season,False,1610612759,SAS,San Antonio Spurs,1610612751,BKN,Brooklyn Nets,17,26,L,8,21,0.381,1,6,0.167,0,0,0.0,4,11,15,5,0,2,7,6,-9,12,23,0.522,1,2,0.5,1,4,0.25,1,9,10,6,1,2,1,3,9
0021500032,2015-10-30,2015-16,regular_season,False,1610612756,PHX,Phoenix Suns,1610612757,POR,Portland Trail Blazers,28,26,W,7,17,0.412,1,2,0.5,13,17,0.765,3,12,15,2,2,2,5,5,2,10,24,0.417,2,8,0.25,4,4,1.0,2,7,9,5,2,0,3,11,-2
0021500031,2015-10-30,2015-16,regular_season,False,1610612758,SAC,Sacramento Kings,1610612747,LAL,Los Angeles Lakers,34,26,W,12,23,0.522,2,7,0.286,8,12,0.667,3,10,13,7,0,1,3,4,8,9,26,0.346,3,11,0.273,5,6,0.833,6,6,12,4,2,1,5,7,-8
0021500030,2015-10-30,2015-16,regular_season,False,1610612745,HOU,Houston Rockets,1610612744,GSW,Golden State Warriors,15,27,L,5,22,0.227,1,4,0.25,4,6,0.667,4,9,13,4,1,2,6,5,-12,12,26,0.462,1,7,0.143,2,4,0.5,3,13,16,7,4,1,3,5,12
0021500029,2015-10-30,2015-16,regular_season,False,1610612743,DEN,Denver Nuggets,1610612750,MIN,Minnesota Timberwolves,23,23,L,5,18,0.278,2,6,0.333,11,14,0.786,2,9,11,2,3,2,4,7,0,7,19,0.368,1,3,0.333,8,13,0.615,4,9,13,3,2,0,6,7,0
0021500027,2015-10-30,2015-16,regular_season,False,1610612749,MIL,Milwaukee Bucks,1610612764,WAS,Washington Wizards,32,39,L,11,22,0.5,3,7,0.429,7,9,0.778,2,4,6,10,1,0,2,5,-7,14,18,0.778,3,4,0.75,8,8,1.0,0,8,8,8,1,1,3,6,7
0021500021,2015-10-30,2015-16,regular_season,False,1610612739,CLE,Cleveland Cavaliers,1610612748,MIA,Miami Heat,18,19,L,8,21,0.381,2,10,0.2,0,0,0.0,3,10,13,3,1,0,4,6,-1,6,20,0.3,1,6,0.167,6,6,1.0,2,10,12,4,2,1,2,2,1
0021500025,2015-10-30,2015-16,regular_season,False,1610612765,DET,Detroit Pistons,1610612741,CHI,Chicago Bulls,12,20,L,5,22,0.227,1,7,0.143,1,4,0.25,5,8,13,3,4,0,6,5,-8,7,14,0.5,1,4,0.25,5,8,0.625,1,12,13,5,4,3,8,4,8
0021500024,2015-10-30,2015-16,regular_season,False,1610612738,BOS,Boston Celtics,1610612761,TOR,Toronto Raptors,28,28,L,9,20,0.45,3,7,0.429,7,12,0.583,2,10,12,7,5,1,6,8,0,7,18,0.389,3,8,0.375,11,12,0.917,0,9,9,5,4,0,6,9,0
0021500023,2015-10-30,2015-16,regular_season,False,1610612755,PHI,Philadelphia 76ers,1610612762,UTA,Utah Jazz,14,22,L,4,13,0.308,0,1,0.0,6,7,0.857,2,6,8,3,1,0,4,7,-8,8,20,0.4,2,5,0.4,4,5,0.8,4,8,12,4,0,2,1,4,8
0021500022,2015-10-30,2015-16,regular_season,False,1610612753,ORL,Orlando Magic,1610612760,OKC,Oklahoma City Thunder,32,22,W,14,25,0.56,2,9,0.222,2,3,0.667,3,8,11,6,2,2,1,7,10,6,20,0.3,1,9,0.111,9,13,0.692,7,8,15,2,1,1,5,4,-10
0021500026,2015-10-30,2015-16,regular_season,False,1610612737,ATL,Atlanta Hawks,1610612766,CHA,Charlotte Hornets,24,30,L,9,23,0.391,3,6,0.5,3,4,0.75,1,6,7,6,3,2,3,4,-6,11,19,0.579,3,7,0.429,5,5,1.0,1,12,13,10,2,2,5,4,6
0021500033,2015-10-31,2015-16,regular_season,False,1610612754,IND,Indiana Pacers,1610612762,UTA,Utah Jazz,20,19,W,7,18,0.389,1,5,0.2,5,7,0.714,3,9,12,1,1,0,4,3,1,8,19,0.421,1,4,0.25,2,2,1.0,0,7,7,0,2,2,2,6,-1
0021500034,2015-10-31,2015-16,regular_season,False,1610612764,WAS,Washington Wizards,1610612752,NYK,New York Knicks,27,30,L,10,19,0.526,0,3,0.0,7,11,0.636,1,5,6,4,4,1,4,7,-3,11,20,0.55,1,3,0.333,7,7,1.0,1,9,10,5,2,0,7,9,3
0021500035,2015-10-31,2015-16,regular_season,False,1610612740,NOP,New Orleans Pelicans,1610612744,GSW,Golden State Warriors,37,33,W,13,28,0.464,2,4,0.5,9,10,0.9,5,8,13,7,2,0,2,6,4,10,20,0.5,3,8,0.375,10,13,0.769,1,9,10,7,2,2,4,9,-4
0021500036,2015-10-31,2015-16,regular_season,False,1610612763,MEM,Memphis Grizzlies,1610612751,BKN,Brooklyn Nets,25,19,W,8,21,0.381,1,4,0.25,8,9,0.889,4,9,13,5,1,1,2,3,6,8,23,0.348,0,5,0.0,3,4,0.75,4,9,13,4,1,2,3,5,-6
0021500037,2015-10-31,2015-16,regular_season,False,1610612757,POR,Portland Trail Blazers,1610612756,PHX,Phoenix Suns,25,29,L,9,19,0.474,3,7,0.429,4,6,0.667,1,9,10,5,1,4,4,4,-4,12,26,0.462,3,7,0.429,2,3,0.667,2,10,12,5,4,1,3,6,4
0021500038,2015-10-31,2015-16,regular_season,False,1610612746,LAC,LA Clippers,1610612758,SAC,Sacramento Kings,35,24,W,10,20,0.5,2,5,0.4,13,21,0.619,2,10,12,5,1,2,2,5,11,9,26,0.346,0,4,0.0,6,8,0.75,5,11,16,3,1,0,4,13,-11
0021500044,2015-11-01,2015-16,regular_season,False,1610612760,OKC,Oklahoma City Thunder,1610612743,DEN,Denver Nuggets,29,28,W,11,22,0.5,6,10,0.6,1,2,0.5,3,7,10,9,2,5,2,5,1,11,27,0.407,4,8,0.5,2,2,1.0,6,8,14,5,1,0,3,2,-1
0021500045,2015-11-01,2015-16,regular_season,False,1610612747,LAL,Los Angeles Lakers,1610612742,DAL,Dallas Mavericks,24,22,W,7,25,0.28,3,12,0.25,7,11,0.636,4,9,13,4,2,1,0,3,2,8,22,0.364,4,11,0.364,2,2,1.0,3,10,13,6,0,2,2,8,-2
0021500043,2015-11-01,2015-16,regular_season,False,1610612741,CHI,Chicago Bulls,1610612753,ORL,Orlando Magic,25,14,W,9,24,0.375,3,7,0.429,4,4,1.0,3,11,14,6,3,0,3,3,11,5,19,0.263,1,8,0.125,3,4,0.75,2,9,11,3,1,5,7,4,-11
0021500039,2015-11-01,2015-16,regular_season,False,1610612766,CHA,Charlotte Hornets,1610612737,ATL,Atlanta Hawks,21,18,W,9,22,0.409,1,11,0.091,2,3,0.667,3,11,14,7,2,3,3,1,3,9,21,0.429,0,5,0.0,0,0,0.0,1,8,9,5,1,1,3,4,-3
0021500041,2015-11-01,2015-16,regular_season,False,1610612748,MIA,Miami Heat,1610612745,HOU,Houston Rockets,14,28,L,7,20,0.35,0,6,0.0,0,1,0.0,1,10,11,3,1,1,6,4,-14,9,21,0.429,6,14,0.429,4,5,0.8,1,11,12,6,3,1,2,4,14
0021500040,2015-11-01,2015-16,regular_season,False,1610612738,BOS,Boston Celtics,1610612759,SAS,San Antonio Spurs,18,21,L,8,25,0.32,1,9,0.111,1,2,0.5,4,12,16,5,3,2,6,7,-3,6,23,0.261,2,8,0.25,7,12,0.583,4,12,16,5,4,2,4,3,3
0021500042,2015-11-01,2015-16,regular_season,False,1610612761,TOR,Toronto Raptors,1610612749,MIL,Milwaukee Bucks,31,22,W,14,22,0.636,0,1,0.0,3,6,0.5,4,3,7,2,5,0,2,3,9,10,15,0.667,2,3,0.667,0,0,0.0,1,4,5,7,0,1,7,7,-9
0021500046,2015-11-02,2015-16,regular_season,False,1610612755,PHI,Philadelphia 76ers,1610612739,CLE,Cleveland Cavaliers,22,31,L,7,21,0.333,1,4,0.25,7,8,0.875,4,10,14,4,1,2,4,6,-9,12,24,0.5,2,8,0.25,5,8,0.625,2,11,13,8,1,3,1,4,9
0021500047,2015-11-02,2015-16,regular_season,False,1610612751,BKN,Brooklyn Nets,1610612749,MIL,Milwaukee Bucks,15,26,L,6,23,0.261,1,5,0.2,2,2,1.0,5,9,14,3,0,1,7,5,-11,10,20,0.5,1,6,0.167,5,6,0.833,1,10,11,7,2,3,2,4,11
0021500048,2015-11-02,2015-16,regular_season,False,1610612752,NYK,New York Knicks,1610612759,SAS,San Antonio Spurs,14,29,L,7,22,0.318,0,3,0.0,0,2,0.0,4,7,11,2,0,2,6,3,-15,13,24,0.542,2,5,0.4,1,2,0.5,2,11,13,10,5,2,3,1,15
0021500049,2015-11-02,2015-16,regular_season,False,1610612745,HOU,Houston Rockets,1610612760,OKC,Oklahoma City Thunder,33,39,L,13,21,0.619,1,3,0.333,6,10,0.6,1,5,6,8,4,1,5,4,-6,16,28,0.571,4,6,0.667,3,5,0.6,7,9,16,6,5,1,6,8,6
0021500050,2015-11-02,2015-16,regular_season,False,1610612750,MIN,Minnesota Timberwolves,1610612757,POR,Portland Trail Blazers,19,32,L,5,18,0.278,0,4,0.0,9,10,0.9,4,5,9,4,1,1,4,4,-13,13,21,0.619,3,6,0.5,3,3,1.0,1,9,10,6,1,3,3,7,13
0021500051,2015-11-02,2015-16,regular_season,False,1610612744,GSW,Golden State Warriors,1610612763,MEM,Memphis Grizzlies,32,12,W,14,24,0.583,3,4,0.75,1,3,0.333,4,16,20,9,0,7,3,3,20,5,25,0.2,0,4,0.0,2,4,0.5,2,6,8,3,1,3,2,4,-20
0021500052,2015-11-02,2015-16,regular_season,False,1610612746,LAC,LA Clippers,1610612756,PHX,Phoenix Suns,26,16,W,8,19,0.421,0,5,0.0,10,11,0.909,1,11,12,5,2,2,3,6,10,5,22,0.227,1,6,0.167,5,6,0.833,4,9,13,2,3,0,6,6,-10
0021500059,2015-11-03,2015-16,regular_season,False,1610612747,LAL,Los Angeles Lakers,1610612743,DEN,Denver Nuggets,21,30,L,9,26,0.346,2,8,0.25,1,2,0.5,4,7,11,5,2,0,2,12,-9,5,14,0.357,1,3,0.333,19,21,0.905,3,12,15,3,0,4,4,3,9
0021500058,2015-11-03,2015-16,regular_season,False,1610612758,SAC,Sacramento Kings,1610612763,MEM,Memphis Grizzlies,11,25,L,2,15,0.133,1,6,0.167,6,11,0.545,0,7,7,0,2,0,6,6,-14,9,24,0.375,0,7,0.0,7,7,1.0,5,12,17,4,4,3,5,8,14
0021500057,2015-11-03,2015-16,regular_season,False,1610612742,DAL,Dallas Mavericks,1610612761,TOR,Toronto Raptors,26,18,W,10,25,0.4,2,8,0.25,4,6,0.667,2,11,13,8,3,1,1,7,8,6,20,0.3,0,4,0.0,6,7,0.857,2,10,12,3,1,2,4,7,-8
0021500053,2015-11-03,2015-16,regular_season,False,1610612766,CHA,Charlotte Hornets,1610612741,CHI,Chicago Bulls,32,27,W,12,25,0.48,6,7,0.857,2,2,1.0,2,8,10,10,3,2,1,3,5,10,20,0.5,5,8,0.625,2,4,0.5,1,11,12,8,1,0,6,2,-5
0021500055,2015-11-03,2015-16,regular_season,False,1610612748,MIA,Miami Heat,1610612737,ATL,Atlanta Hawks,16,26,L,7,24,0.292,1,7,0.143,1,1,1.0,5,9,14,2,1,4,5,5,-10,11,24,0.458,1,5,0.2,3,5,0.6,3,12,15,6,3,0,2,4,10
0021500054,2015-11-03,2015-16,regular_season,False,1610612765,DET,Detroit Pistons,1610612754,IND,Indiana Pacers,17,35,L,7,21,0.333,1,5,0.2,2,2,1.0,3,5,8,2,1,2,5,5,-18,14,24,0.583,3,5,0.6,4,4,1.0,4,8,12,9,4,1,2,4,18
0021500056,2015-11-03,2015-16,regular_season,False,1610612740,NOP,New Orleans Pelicans,1610612753,ORL,Orlando Magic,26,29,L,8,25,0.32,2,7,0.286,8,9,0.889,5,6,11,6,4,1,2,4,-3,11,19,0.579,1,4,0.25,6,6,1.0,2,11,13,6,0,1,5,8,3
0021500066,2015-11-04,2015-16,regular_season,False,1610612760,OKC,Oklahoma City Thunder,1610612761,TOR,Toronto Raptors,16,27,L,7,20,0.35,0,3,0.0,2,2,1.0,6,8,14,4,2,1,9,7,-11,8,18,0.444,2,4,0.5,9,10,0.9,2,7,9,4,6,1,4,5,11
0021500069,2015-11-04,2015-16,regular_season,False,1610612744,GSW,Golden State Warriors,1610612746,LAC,LA Clippers,32,31,W,10,21,0.476,4,7,0.571,8,11,0.727,3,8,11,7,1,1,3,5,1,11,20,0.55,4,8,0.5,5,5,1.0,1,7,8,7,2,2,2,7,-1
0021500068,2015-11-04,2015-16,regular_season,False,1610612762,UTA,Utah Jazz,1610612757,POR,Portland Trail Blazers,23,30,L,9,24,0.375,2,5,0.4,3,6,0.5,5,7,12,2,2,3,3,9,-7,10,18,0.556,3,6,0.5,7,15,0.467,4,8,12,3,3,1,4,5,7
0021500067,2015-11-04,2015-16,regular_season,False,1610612756,PHX,Phoenix Suns,1610612758,SAC,Sacramento Kings,21,22,L,6,15,0.4,2,4,0.5,7,8,0.875,2,9,11,3,3,0,8,6,-1,9,22,0.409,0,5,0.0,4,7,0.571,4,6,10,5,3,2,4,7,1
0021500065,2015-11-04,2015-16,regular_season,False,1610612749,MIL,Milwaukee Bucks,1610612755,PHI,Philadelphia 76ers,18,24,L,8,20,0.4,1,4,0.25,1,3,0.333,1,11,12,5,0,3,3,6,-6,9,27,0.333,2,10,0.2,4,4,1.0,5,12,17,6,1,3,2,5,6
0021500060,2015-11-04,2015-16,regular_season,False,1610612754,IND,Indiana Pacers,1610612738,BOS,Boston Celtics,26,27,L,8,28,0.286,4,12,0.333,6,11,0.545,8,6,14,6,5,0,4,6,-1,9,20,0.45,1,3,0.333,8,9,0.889,4,11,15,4,1,1,8,6,1
0021500063,2015-11-04,2015-16,regular_season,False,1610612739,CLE,Cleveland Cavaliers,1610612752,NYK,New York Knicks,20,14,W,8,22,0.364,0,5,0.0,4,8,0.5,2,13,15,5,2,0,5,4,6,6,21,0.286,0,6,0.0,2,3,0.667,2,10,12,3,3,2,6,8,-6
0021500062,2015-11-04,2015-16,regular_season,False,1610612737,ATL,Atlanta Hawks,1610612751,BKN,Brooklyn Nets,18,26,L,6,17,0.353,0,3,0.0,6,8,0.75,2,8,10,5,3,2,6,5,-8,10,22,0.455,1,4,0.25,5,6,0.833,4,8,12,8,4,2,3,6,8
0021500061,2015-11-04,2015-16,regular_season,False,1610612764,WAS,Washington Wizards,1610612759,SAS,San Antonio Spurs,25,28,L,11,23,0.478,3,6,0.5,0,1,0.0,2,5,7,6,2,1,2,4,-3,11,22,0.5,2,9,0.222,4,4,1.0,2,10,12,6,2,0,4,3,3
0021500064,2015-11-04,2015-16,regular_season,False,1610612745,HOU,Houston Rockets,1610612753,ORL,Orlando Magic,34,24,W,12,19,0.632,4,10,0.4,6,6,1.0,4,9,13,8,0,0,6,6,10,9,21,0.429,1,3,0.333,5,6,0.833,2,2,4,5,3,0,2,4,-10
0021500070,2015-11-05,2015-16,regular_season,False,1610612741,CHI,Chicago Bulls,1610612760,OKC,Oklahoma City Thunder,32,22,W,10,21,0.476,3,6,0.5,9,9,1.0,1,13,14,6,0,1,2,3,10,9,22,0.409,1,2,0.5,3,4,0.75,1,8,9,6,0,0,1,6,-10
0021500071,2015-11-05,2015-16,regular_season,False,1610612750,MIN,Minnesota Timberwolves,1610612748,MIA,Miami Heat,24,27,L,7,18,0.389,1,2,0.5,9,9,1.0,5,11,16,3,0,2,7,6,-3,12,23,0.522,1,4,0.25,2,5,0.4,3,5,8,4,2,0,2,7,3
0021500072,2015-11-05,2015-16,regular_season,False,1610612742,DAL,Dallas Mavericks,1610612766,CHA,Charlotte Hornets,30,27,W,9,19,0.474,3,7,0.429,9,10,0.9,2,9,11,3,1,1,4,4,3,10,22,0.455,1,8,0.125,6,7,0.857,2,6,8,4,1,1,2,8,-3
0021500073,2015-11-05,2015-16,regular_season,False,1610612743,DEN,Denver Nuggets,1610612762,UTA,Utah Jazz,18,21,L,7,20,0.35,1,4,0.25,3,3,1.0,3,8,11,5,1,0,4,5,-3,8,18,0.444,4,9,0.444,1,4,0.25,3,7,10,7,1,1,4,5,3
0021500074,2015-11-05,2015-16,regular_season,False,1610612757,POR,Portland Trail Blazers,1610612763,MEM,Memphis Grizzlies,32,23,W,12,22,0.545,5,9,0.556,3,5,0.6,5,8,13,10,0,1,1,4,9,9,18,0.5,2,6,0.333,3,4,0.75,1,6,7,4,1,1,2,3,-9
0021500082,2015-11-06,2015-16,regular_season,False,1610612756,PHX,Phoenix Suns,1610612765,DET,Detroit Pistons,26,21,W,11,24,0.458,2,5,0.4,2,2,1.0,4,13,17,4,1,1,3,5,5,8,22,0.364,4,8,0.5,1,4,0.25,2,8,10,4,2,0,1,4,-5
0021500084,2015-11-06,2015-16,regular_season,False,1610612758,SAC,Sacramento Kings,1610612745,HOU,Houston Rockets,27,32,L,11,25,0.44,2,7,0.286,3,4,0.75,2,6,8,9,4,0,3,5,-5,13,22,0.591,2,6,0.333,4,4,1.0,3,10,13,6,2,2,7,6,5
0021500083,2015-11-06,2015-16,regular_season,False,1610612744,GSW,Golden State Warriors,1610612743,DEN,Denver Nuggets,34,21,W,14,29,0.483,6,11,0.545,0,0,0.0,5,15,20,14,2,3,4,7,13,6,24,0.25,2,9,0.222,7,10,0.7,5,10,15,3,4,2,5,2,-13
0021500081,2015-11-06,2015-16,regular_season,False,1610612740,NOP,New Orleans Pelicans,1610612737,ATL,Atlanta Hawks,19,32,L,7,23,0.304,3,10,0.3,2,4,0.5,2,4,6,5,2,0,2,4,-13,13,20,0.65,3,6,0.5,3,4,0.75,1,15,16,10,1,2,4,3,13
0021500080,2015-11-06,2015-16,regular_season,False,1610612754,IND,Indiana Pacers,1610612748,MIA,Miami Heat,33,23,W,12,18,0.667,3,4,0.75,6,7,0.857,0,8,8,6,0,1,1,6,10,9,21,0.429,1,4,0.25,4,6,0.667,5,6,11,5,0,0,1,3,-10
0021500078,2015-11-06,2015-16,regular_season,False,1610612739,CLE,Cleveland Cavaliers,1610612755,PHI,Philadelphia 76ers,21,25,L,9,22,0.409,1,5,0.2,2,3,0.667,4,7,11,7,3,0,7,2,-4,12,20,0.6,1,5,0.2,0,0,0.0,1,9,10,4,4,1,6,6,4
0021500077,2015-11-06,2015-16,regular_season,False,1610612751,BKN,Brooklyn Nets,1610612747,LAL,Los Angeles Lakers,20,34,L,8,19,0.421,0,5,0.0,4,5,0.8,1,3,4,3,1,1,5,9,-14,10,18,0.556,3,6,0.5,11,14,0.786,2,8,10,6,3,1,3,6,14
0021500076,2015-11-06,2015-16,regular_season,False,1610612738,BOS,Boston Celtics,1610612764,WAS,Washington Wizards,32,24,W,13,23,0.565,4,7,0.571,2,2,1.0,3,11,14,7,2,0,5,5,8,10,25,0.4,2,7,0.286,2,2,1.0,2,7,9,5,3,1,4,6,-8
0021500075,2015-11-06,2015-16,regular_season,False,1610612753,ORL,Orlando Magic,1610612761,TOR,Toronto Raptors,24,21,W,9,16,0.562,1,3,0.333,5,6,0.833,1,9,10,7,1,1,4,4,3,7,26,0.269,3,10,0.3,4,4,1.0,7,5,12,4,3,0,2,4,-3
0021500079,2015-11-06,2015-16,regular_season,False,1610612752,NYK,New York Knicks,1610612749,MIL,Milwaukee Bucks,33,26,W,10,21,0.476,3,8,0.375,10,12,0.833,4,7,11,8,0,1,1,7,7,7,20,0.35,2,5,0.4,10,10,1.0,4,6,10,5,1,0,3,7,-7
0021500085,2015-11-07,2015-16,regular_season,False,1610612741,CHI,Chicago Bulls,1610612750,MIN,Minnesota Timberwolves,29,28,W,10,21,0.476,1,5,0.2,8,10,0.8,4,9,13,5,3,2,5,6,1,11,21,0.524,3,5,0.6,3,3,1.0,1,7,8,6,2,1,5,7,-1
0021500086,2015-11-07,2015-16,regular_season,False,1610612737,ATL,Atlanta Hawks,1610612764,WAS,Washington Wizards,22,26,L,8,21,0.381,4,8,0.5,2,2,1.0,1,7,8,8,2,2,4,4,-4,11,23,0.478,1,4,0.25,3,3,1.0,3,10,13,8,3,1,6,3,4
0021500087,2015-11-07,2015-16,regular_season,False,1610612755,PHI,Philadelphia 76ers,1610612753,ORL,Orlando Magic,27,26,W,11,18,0.611,4,7,0.571,1,3,0.333,3,8,11,6,0,5,5,6,1,10,24,0.417,0,2,0.0,6,8,0.75,5,5,10,7,3,0,1,1,-1
0021500088,2015-11-07,2015-16,regular_season,False,1610612742,DAL,Dallas Mavericks,1610612740,NOP,New Orleans Pelicans,16,27,L,5,19,0.263,1,7,0.143,5,6,0.833,1,7,8,4,1,0,5,6,-11,11,19,0.579,1,5,0.2,4,4,1.0,0,11,11,5,2,1,3,6,11
0021500089,2015-11-07,2015-16,regular_season,False,1610612749,MIL,Milwaukee Bucks,1610612751,BKN,Brooklyn Nets,26,20,W,10,19,0.526,2,5,0.4,4,5,0.8,2,6,8,8,2,1,4,3,6,10,19,0.526,0,1,0.0,0,0,0.0,2,7,9,5,4,1,4,5,-6
0021500090,2015-11-07,2015-16,regular_season,False,1610612759,SAS,San Antonio Spurs,1610612766,CHA,Charlotte Hornets,22,26,L,7,16,0.438,0,3,0.0,8,9,0.889,1,7,8,7,1,0,4,7,-4,10,17,0.588,2,3,0.667,4,6,0.667,0,7,7,6,1,0,3,8,4
0021500091,2015-11-07,2015-16,regular_season,False,1610612762,UTA,Utah Jazz,1610612763,MEM,Memphis Grizzlies,30,19,W,11,17,0.647,2,5,0.4,6,6,1.0,1,11,12,3,3,0,6,7,11,7,22,0.318,0,4,0.0,5,6,0.833,2,4,6,2,3,0,4,5,-11
0021500092,2015-11-07,2015-16,regular_season,False,1610612758,SAC,Sacramento Kings,1610612744,GSW,Golden State Warriors,24,26,L,9,21,0.429,1,4,0.25,5,6,0.833,5,10,15,5,1,0,7,4,-2,11,24,0.458,2,12,0.167,2,3,0.667,2,7,9,10,4,0,3,6,2
0021500093,2015-11-07,2015-16,regular_season,False,1610612746,LAC,LA Clippers,1610612745,HOU,Houston Rockets,26,24,W,11,26,0.423,0,7,0.0,4,6,0.667,6,8,14,7,4,3,4,2,2,10,22,0.455,2,7,0.286,2,2,1.0,0,9,9,6,2,1,6,6,-2
0021500098,2015-11-08,2015-16,regular_season,False,1610612757,POR,Portland Trail Blazers,1610612765,DET,Detroit Pistons,25,24,W,10,17,0.588,2,5,0.4,3,3,1.0,2,8,10,6,1,1,6,5,1,9,22,0.409,4,10,0.4,2,2,1.0,4,5,9,5,3,2,3,3,-1
0021500097,2015-11-08,2015-16,regular_season,False,1610612760,OKC,Oklahoma City Thunder,1610612756,PHX,Phoenix Suns,31,25,W,11,26,0.423,0,3,0.0,9,10,0.9,7,3,10,4,6,2,2,5,6,9,14,0.643,2,2,1.0,5,6,0.833,0,8,8,4,1,0,11,7,-6
0021500096,2015-11-08,2015-16,regular_season,False,1610612748,MIA,Miami Heat,1610612761,TOR,Toronto Raptors,22,23,L,7,22,0.318,2,4,0.5,6,8,0.75,5,7,12,4,1,0,4,4,-1,10,18,0.556,2,6,0.333,1,1,1.0,0,9,9,6,3,4,5,7,1
0021500095,2015-11-08,2015-16,regular_season,False,1610612752,NYK,New York Knicks,1610612747,LAL,Los Angeles Lakers,20,24,L,8,24,0.333,2,7,0.286,2,2,1.0,3,8,11,5,2,3,1,1,-4,10,25,0.4,4,11,0.364,0,0,0.0,4,11,15,7,1,2,4,1,4
0021500094,2015-11-08,2015-16,regular_season,False,1610612739,CLE,Cleveland Cavaliers,1610612754,IND,Indiana Pacers,23,20,W,9,20,0.45,2,5,0.4,3,4,0.75,4,7,11,6,1,0,2,1,3,10,20,0.5,0,4,0.0,0,0,0.0,1,7,8,6,1,2,3,6,-3
0021500104,2015-11-09,2015-16,regular_season,False,1610612744,GSW,Golden State Warriors,1610612765,DET,Detroit Pistons,28,31,L,11,26,0.423,3,5,0.6,3,3,1.0,4,3,7,8,2,0,2,3,-3,14,23,0.609,2,5,0.4,1,3,0.333,3,10,13,3,1,0,5,4,3
0021500103,2015-11-09,2015-16,regular_season,False,1610612758,SAC,Sacramento Kings,1610612759,SAS,San Antonio Spurs,19,26,L,8,21,0.381,3,6,0.5,0,2,0.0,1,7,8,6,3,1,5,5,-7,12,21,0.571,0,5,0.0,2,3,0.667,1,11,12,6,3,2,4,3,7
0021500102,2015-11-09,2015-16,regular_season,False,1610612743,DEN,Denver Nuggets,1610612757,POR,Portland Trail Blazers,28,25,W,10,19,0.526,2,4,0.5,6,11,0.545,2,10,12,2,3,1,3,5,3,8,20,0.4,2,3,0.667,7,10,0.7,1,9,10,6,2,0,4,6,-3
0021500105,2015-11-09,2015-16,regular_season,False,1610612746,LAC,LA Clippers,1610612763,MEM,Memphis Grizzlies,21,20,W,7,15,0.467,1,4,0.25,6,7,0.857,1,8,9,3,2,0,7,6,1,8,19,0.421,0,1,0.0,4,6,0.667,3,5,8,5,1,2,5,7,-1
0021500100,2015-11-09,2015-16,regular_season,False,1610612755,PHI,Philadelphia 76ers,1610612741,CHI,Chicago Bulls,21,21,L,8,26,0.308,2,9,0.222,3,6,0.5,3,12,15,5,2,5,4,2,0,8,23,0.348,1,3,0.333,4,4,1.0,2,12,14,5,0,5,3,5,0
0021500099,2015-11-09,2015-16,regular_season,False,1610612754,IND,Indiana Pacers,1610612753,ORL,Orlando Magic,24,23,W,10,22,0.455,3,9,0.333,1,2,0.5,0,11,11,7,3,0,3,6,1,7,18,0.389,2,9,0.222,7,8,0.875,1,13,14,4,2,1,6,1,-1
0021500101,2015-11-09,2015-16,regular_season,False,1610612737,ATL,Atlanta Hawks,1610612750,MIN,Minnesota Timberwolves,23,42,L,9,20,0.45,3,7,0.429,2,2,1.0,0,4,4,6,1,2,4,5,-19,17,25,0.68,2,5,0.4,6,7,0.857,2,10,12,10,3,0,1,4,19
0021500112,2015-11-10,2015-16,regular_season,False,1610612740,NOP,New Orleans Pelicans,1610612742,DAL,Dallas Mavericks,29,18,W,13,20,0.65,1,5,0.2,2,5,0.4,2,13,15,6,2,0,3,5,11,8,23,0.348,1,4,0.25,1,3,0.333,2,6,8,4,1,0,2,4,-11
0021500106,2015-11-10,2015-16,regular_season,False,1610612739,CLE,Cleveland Cavaliers,1610612762,UTA,Utah Jazz,25,26,L,7,16,0.438,4,8,0.5,7,8,0.875,1,7,8,6,2,1,5,5,-1,9,18,0.5,2,4,0.5,6,6,1.0,1,8,9,5,2,0,4,8,1
0021500107,2015-11-10,2015-16,regular_season,False,1610612764,WAS,Washington Wizards,1610612760,OKC,Oklahoma City Thunder,27,31,L,10,26,0.385,3,10,0.3,4,7,0.571,4,7,11,6,2,0,2,9,-4,8,19,0.421,4,5,0.8,11,14,0.786,2,11,13,5,1,1,3,6,4
0021500108,2015-11-10,2015-16,regular_season,False,1610612748,MIA,Miami Heat,1610612747,LAL,Los Angeles Lakers,21,26,L,7,23,0.304,1,4,0.25,6,9,0.667,5,10,15,5,1,4,0,2,-5,10,24,0.417,6,7,0.857,0,1,0.0,4,12,16,5,0,3,4,6,5
0021500109,2015-11-10,2015-16,regular_season,False,1610612761,TOR,Toronto Raptors,1610612752,NYK,New York Knicks,35,36,L,12,21,0.571,2,5,0.4,9,12,0.75,4,7,11,9,4,1,3,5,-1,14,24,0.583,5,6,0.833,3,3,1.0,2,6,8,6,3,1,4,8,1
0021500110,2015-11-10,2015-16,regular_season,False,1610612749,MIL,Milwaukee Bucks,1610612738,BOS,Boston Celtics,18,22,L,5,19,0.263,2,5,0.4,6,7,0.857,3,11,14,3,3,1,6,3,-4,8,22,0.364,4,14,0.286,2,2,1.0,1,10,11,6,3,1,4,5,4
0021500111,2015-11-10,2015-16,regular_season,False,1610612750,MIN,Minnesota Timberwolves,1610612766,CHA,Charlotte Hornets,28,31,L,10,19,0.526,3,5,0.6,5,8,0.625,3,7,10,8,1,2,5,3,-3,12,24,0.5,3,8,0.375,4,4,1.0,2,7,9,6,1,1,3,6,3
0021500121,2015-11-11,2015-16,regular_season,False,1610612743,DEN,Denver Nuggets,1610612749,MIL,Milwaukee Bucks,28,32,L,12,20,0.6,2,4,0.5,2,3,0.667,2,4,6,8,2,2,4,3,-4,14,20,0.7,4,5,0.8,0,0,0.0,0,6,6,9,1,3,4,4,4
0021500120,2015-11-11,2015-16,regular_season,False,1610612763,MEM,Memphis Grizzlies,1610612744,GSW,Golden State Warriors,26,21,W,7,21,0.333,1,1,1.0,11,13,0.846,5,11,16,3,3,2,6,6,5,7,18,0.389,2,6,0.333,5,7,0.714,1,7,8,5,4,4,6,10,-5
0021500123,2015-11-11,2015-16,regular_season,False,1610612757,POR,Portland Trail Blazers,1610612759,SAS,San Antonio Spurs,22,30,L,10,24,0.417,2,5,0.4,0,2,0.0,3,4,7,5,2,1,2,6,-8,11,16,0.688,1,2,0.5,7,9,0.778,1,9,10,8,1,1,4,3,8
0021500122,2015-11-11,2015-16,regular_season,False,1610612758,SAC,Sacramento Kings,1610612765,DET,Detroit Pistons,25,26,L,11,17,0.647,2,5,0.4,1,2,0.5,0,11,11,8,1,0,6,3,-1,10,21,0.476,3,6,0.5,3,4,0.75,1,7,8,4,5,0,3,2,1
0021500119,2015-11-11,2015-16,regular_season,False,1610612745,HOU,Houston Rockets,1610612751,BKN,Brooklyn Nets,21,33,L,10,21,0.476,0,4,0.0,1,5,0.2,4,5,9,4,2,1,3,3,-12,14,27,0.519,1,5,0.2,4,5,0.8,6,9,15,10,2,1,2,4,12
0021500118,2015-11-11,2015-16,regular_season,False,1610612742,DAL,Dallas Mavericks,1610612746,LAC,LA Clippers,26,19,W,9,19,0.474,2,6,0.333,6,8,0.75,1,14,15,6,3,0,4,5,7,7,23,0.304,2,8,0.25,3,4,0.75,2,10,12,4,0,1,3,6,-7
0021500117,2015-11-11,2015-16,regular_season,False,1610612737,ATL,Atlanta Hawks,1610612740,NOP,New Orleans Pelicans,23,30,L,11,25,0.44,1,5,0.2,0,0,0.0,5,5,10,6,4,1,4,1,-7,11,18,0.611,8,11,0.727,0,0,0.0,2,8,10,7,2,0,8,4,7
0021500116,2015-11-11,2015-16,regular_season,False,1610612738,BOS,Boston Celtics,1610612754,IND,Indiana Pacers,26,20,W,10,20,0.5,0,4,0.0,6,7,0.857,0,10,10,5,3,0,3,5,6,7,22,0.318,1,3,0.333,5,8,0.625,5,8,13,3,1,2,4,7,-6
0021500115,2015-11-11,2015-16,regular_season,False,1610612755,PHI,Philadelphia 76ers,1610612761,TOR,Toronto Raptors,23,34,L,9,21,0.429,2,6,0.333,3,4,0.75,3,4,7,5,1,2,5,6,-11,15,22,0.682,1,2,0.5,3,3,1.0,3,9,12,10,2,1,4,5,11
0021500114,2015-11-11,2015-16,regular_season,False,1610612753,ORL,Orlando Magic,1610612747,LAL,Los Angeles Lakers,22,20,W,7,24,0.292,3,9,0.333,5,7,0.714,5,9,14,4,3,2,1,4,2,10,23,0.435,0,6,0.0,0,0,0.0,3,12,15,8,1,1,4,6,-2
0021500113,2015-11-11,2015-16,regular_season,False,1610612766,CHA,Charlotte Hornets,1610612752,NYK,New York Knicks,31,20,W,11,19,0.579,2,3,0.667,7,11,0.636,0,7,7,6,5,2,2,1,11,10,25,0.4,0,5,0.0,0,0,0.0,4,7,11,5,2,1,7,7,-11
0021500124,2015-11-12,2015-16,regular_season,False,1610612748,MIA,Miami Heat,1610612762,UTA,Utah Jazz,18,23,L,8,17,0.471,0,2,0.0,2,2,1.0,1,9,10,3,2,3,7,4,-5,11,24,0.458,0,4,0.0,1,2,0.5,3,6,9,4,3,2,4,4,5
0021500125,2015-11-12,2015-16,regular_season,False,1610612750,MIN,Minnesota Timberwolves,1610612744,GSW,Golden State Warriors,36,35,W,11,22,0.5,1,4,0.25,13,16,0.812,5,5,10,5,2,1,1,1,1,15,22,0.682,5,8,0.625,0,0,0.0,1,7,8,12,0,2,6,10,-1
0021500126,2015-11-12,2015-16,regular_season,False,1610612756,PHX,Phoenix Suns,1610612746,LAC,LA Clippers,28,24,W,11,22,0.5,3,10,0.3,3,3,1.0,3,11,14,2,1,0,8,10,4,9,19,0.474,1,5,0.2,5,14,0.357,2,6,8,3,5,1,3,2,-4
0021500137,2015-11-13,2015-16,regular_season,False,1610612758,SAC,Sacramento Kings,1610612751,BKN,Brooklyn Nets,31,30,W,11,21,0.524,5,9,0.556,4,5,0.8,2,10,12,6,0,0,4,4,1,12,24,0.5,2,3,0.667,4,5,0.8,2,6,8,7,3,0,0,6,-1
0021500136,2015-11-13,2015-16,regular_season,False,1610612743,DEN,Denver Nuggets,1610612745,HOU,Houston Rockets,29,28,W,10,22,0.455,2,4,0.5,7,9,0.778,3,7,10,7,3,2,6,8,1,8,18,0.444,1,7,0.143,11,12,0.917,1,8,9,4,5,3,7,7,-1
0021500135,2015-11-13,2015-16,regular_season,False,1610612742,DAL,Dallas Mavericks,1610612747,LAL,Los Angeles Lakers,19,16,W,9,22,0.409,0,5,0.0,1,2,0.5,3,9,12,5,2,1,4,3,3,6,21,0.286,2,6,0.333,2,2,1.0,5,11,16,4,3,0,7,7,-3
0021500134,2015-11-13,2015-16,regular_season,False,1610612760,OKC,Oklahoma City Thunder,1610612755,PHI,Philadelphia 76ers,30,19,W,12,27,0.444,2,6,0.333,4,4,1.0,6,11,17,7,1,4,3,6,11,5,21,0.238,1,3,0.333,8,10,0.8,3,6,9,5,3,2,5,4,-11
0021500133,2015-11-13,2015-16,regular_season,False,1610612763,MEM,Memphis Grizzlies,1610612757,POR,Portland Trail Blazers,30,28,W,10,20,0.5,2,4,0.5,8,8,1.0,3,5,8,7,2,0,3,7,2,7,14,0.5,3,6,0.5,11,12,0.917,2,6,8,2,2,2,6,5,-2
0021500129,2015-11-13,2015-16,regular_season,False,1610612738,BOS,Boston Celtics,1610612737,ATL,Atlanta Hawks,22,19,W,8,23,0.348,3,9,0.333,3,3,1.0,3,11,14,6,1,1,5,5,3,8,21,0.381,1,5,0.2,2,2,1.0,2,10,12,7,2,1,5,5,-3
0021500131,2015-11-13,2015-16,regular_season,False,1610612761,TOR,Toronto Raptors,1610612740,NOP,New Orleans Pelicans,23,19,W,6,18,0.333,2,7,0.286,9,10,0.9,4,11,15,3,1,3,3,3,4,8,24,0.333,0,1,0.0,3,5,0.6,6,7,13,4,2,3,2,8,-4
0021500130,2015-11-13,2015-16,regular_season,False,1610612752,NYK,New York Knicks,1610612739,CLE,Cleveland Cavaliers,30,17,W,10,20,0.5,4,8,0.5,6,7,0.857,1,14,15,8,3,3,3,6,13,7,26,0.269,1,10,0.1,2,5,0.4,6,9,15,1,1,0,3,5,-13
0021500128,2015-11-13,2015-16,regular_season,False,1610612753,ORL,Orlando Magic,1610612762,UTA,Utah Jazz,19,25,L,5,17,0.294,1,4,0.25,8,9,0.889,2,10,12,3,2,3,9,4,-6,11,27,0.407,1,7,0.143,2,2,1.0,3,9,12,6,4,1,3,6,6
0021500127,2015-11-13,2015-16,regular_season,False,1610612754,IND,Indiana Pacers,1610612750,MIN,Minnesota Timberwolves,37,23,W,14,22,0.636,5,5,1.0,4,5,0.8,2,8,10,5,2,0,2,2,14,9,18,0.5,1,3,0.333,4,4,1.0,1,6,7,4,1,0,4,5,-14
0021500132,2015-11-13,2015-16,regular_season,False,1610612741,CHI,Chicago Bulls,1610612766,CHA,Charlotte Hornets,27,23,W,9,20,0.45,3,7,0.429,6,8,0.75,1,12,13,9,1,1,3,5,4,8,23,0.348,3,5,0.6,4,6,0.667,3,11,14,4,2,0,3,5,-4
0021500143,2015-11-14,2015-16,regular_season,False,1610612756,PHX,Phoenix Suns,1610612743,DEN,Denver Nuggets,33,15,W,11,22,0.5,3,7,0.429,8,9,0.889,6,12,18,5,1,1,4,4,18,6,25,0.24,1,8,0.125,2,2,1.0,3,4,7,1,3,1,4,6,-18
0021500144,2015-11-14,2015-16,regular_season,False,1610612744,GSW,Golden State Warriors,1610612751,BKN,Brooklyn Nets,31,18,W,10,19,0.526,3,4,0.75,8,9,0.889,1,10,11,7,3,3,2,3,13,8,23,0.348,0,2,0.0,2,2,1.0,3,7,10,4,1,3,4,6,-13
0021500142,2015-11-14,2015-16,regular_season,False,1610612759,SAS,San Antonio Spurs,1610612755,PHI,Philadelphia 76ers,23,27,L,10,24,0.417,0,1,0.0,3,5,0.6,2,8,10,7,3,0,1,4,-4,9,18,0.5,3,6,0.5,6,8,0.75,1,14,15,3,1,2,4,5,4
0021500138,2015-11-14,2015-16,regular_season,False,1610612746,LAC,LA Clippers,1610612765,DET,Detroit Pistons,26,32,L,10,17,0.588,2,5,0.4,4,6,0.667,0,3,3,5,4,1,5,1,-6,14,24,0.583,2,6,0.333,2,2,1.0,6,7,13,5,4,0,6,6,6
0021500140,2015-11-14,2015-16,regular_season,False,1610612745,HOU,Houston Rockets,1610612742,DAL,Dallas Mavericks,14,25,L,5,24,0.208,2,7,0.286,2,4,0.5,5,9,14,3,1,1,4,4,-11,12,25,0.48,0,8,0.0,1,1,1.0,3,12,15,8,2,3,1,2,11
0021500139,2015-11-14,2015-16,regular_season,False,1610612764,WAS,Washington Wizards,1610612753,ORL,Orlando Magic,21,29,L,6,17,0.353,1,3,0.333,8,10,0.8,1,11,12,5,1,1,5,8,-8,10,27,0.37,0,4,0.0,9,10,0.9,5,11,16,3,3,1,1,7,8
0021500141,2015-11-14,2015-16,regular_season,False,1610612749,MIL,Milwaukee Bucks,1610612739,CLE,Cleveland Cavaliers,27,21,W,11,24,0.458,1,3,0.333,4,5,0.8,5,6,11,5,1,1,3,2,6,8,16,0.5,2,7,0.286,3,4,0.75,2,6,8,5,1,3,5,4,-6
0021500145,2015-11-15,2015-16,regular_season,False,1610612752,NYK,New York Knicks,1610612740,NOP,New Orleans Pelicans,19,17,W,8,26,0.308,0,7,0.0,3,4,0.75,5,7,12,5,2,2,2,5,2,7,18,0.389,1,6,0.167,2,2,1.0,1,11,12,4,2,4,7,3,-2
0021500146,2015-11-15,2015-16,regular_season,False,1610612750,MIN,Minnesota Timberwolves,1610612763,MEM,Memphis Grizzlies,26,33,L,10,23,0.435,0,3,0.0,6,7,0.857,4,4,8,5,1,1,2,5,-7,12,20,0.6,2,2,1.0,7,7,1.0,2,9,11,7,0,3,3,5,7
0021500147,2015-11-15,2015-16,regular_season,False,1610612766,CHA,Charlotte Hornets,1610612757,POR,Portland Trail Blazers,36,18,W,14,21,0.667,2,5,0.4,6,9,0.667,2,7,9,7,2,3,1,5,18,6,23,0.261,0,5,0.0,6,8,0.75,7,6,13,1,0,0,5,10,-18
0021500148,2015-11-15,2015-16,regular_season,False,1610612737,ATL,Atlanta Hawks,1610612762,UTA,Utah Jazz,28,20,W,12,18,0.667,2,5,0.4,2,2,1.0,1,7,8,4,4,2,6,6,8,7,16,0.438,1,4,0.25,5,8,0.625,1,5,6,5,3,2,8,5,-8
0021500149,2015-11-15,2015-16,regular_season,False,1610612760,OKC,Oklahoma City Thunder,1610612738,BOS,Boston Celtics,28,21,W,8,16,0.5,2,6,0.333,10,11,0.909,1,7,8,7,4,0,9,3,7,9,20,0.45,2,6,0.333,1,2,0.5,3,5,8,7,6,1,9,11,-7
0021500150,2015-11-15,2015-16,regular_season,False,1610612758,SAC,Sacramento Kings,1610612761,TOR,Toronto Raptors,31,28,W,10,22,0.455,6,11,0.545,5,7,0.714,5,8,13,4,0,0,3,6,3,10,22,0.455,3,6,0.5,5,6,0.833,1,8,9,5,3,0,2,6,-3
0021500151,2015-11-15,2015-16,regular_season,False,1610612747,LAL,Los Angeles Lakers,1610612765,DET,Detroit Pistons,27,26,W,9,19,0.474,2,6,0.333,7,9,0.778,1,7,8,7,2,1,3,4,1,11,22,0.5,2,6,0.333,2,3,0.667,3,9,12,4,2,0,4,5,-1
0021500156,2015-11-16,2015-16,regular_season,False,1610612759,SAS,San Antonio Spurs,1610612757,POR,Portland Trail Blazers,19,15,W,7,21,0.333,1,5,0.2,4,5,0.8,1,11,12,4,2,1,0,4,4,6,18,0.333,0,3,0.0,3,4,0.75,1,13,14,2,0,2,4,6,-4
0021500152,2015-11-16,2015-16,regular_season,False,1610612755,PHI,Philadelphia 76ers,1610612742,DAL,Dallas Mavericks,29,21,W,11,17,0.647,2,5,0.4,5,7,0.714,2,10,12,5,2,1,9,7,8,8,23,0.348,1,4,0.25,4,4,1.0,2,4,6,5,2,0,5,7,-8
0021500153,2015-11-16,2015-16,regular_season,False,1610612741,CHI,Chicago Bulls,1610612754,IND,Indiana Pacers,22,24,L,9,21,0.429,0,3,0.0,4,8,0.5,1,11,12,7,3,4,2,4,-2,10,25,0.4,3,6,0.5,1,3,0.333,3,12,15,7,1,3,4,5,2
0021500154,2015-11-16,2015-16,regular_season,False,1610612745,HOU,Houston Rockets,1610612738,BOS,Boston Celtics,27,31,L,10,19,0.526,0,5,0.0,7,12,0.583,3,11,14,6,1,1,8,4,-4,12,25,0.48,4,11,0.364,3,6,0.5,2,7,9,8,7,1,3,9,4
0021500155,2015-11-16,2015-16,regular_season,False,1610612763,MEM,Memphis Grizzlies,1610612760,OKC,Oklahoma City Thunder,31,27,W,11,23,0.478,3,5,0.6,6,6,1.0,3,6,9,7,2,2,2,8,4,9,22,0.409,3,6,0.5,6,10,0.6,4,6,10,5,2,2,3,5,-4
0021500157,2015-11-16,2015-16,regular_season,False,1610612756,PHX,Phoenix Suns,1610612747,LAL,Los Angeles Lakers,31,31,W,12,23,0.522,4,9,0.444,3,4,0.75,3,7,10,5,3,1,3,5,0,12,19,0.632,1,4,0.25,6,7,0.857,1,9,10,1,2,1,4,4,0
0021500163,2015-11-17,2015-16,regular_season,False,1610612740,NOP,New Orleans Pelicans,1610612743,DEN,Denver Nuggets,32,20,W,14,19,0.737,2,5,0.4,2,2,1.0,0,10,10,8,0,4,3,6,12,7,22,0.318,2,8,0.25,4,6,0.667,4,4,8,5,1,1,4,4,-12
0021500164,2015-11-17,2015-16,regular_season,False,1610612744,GSW,Golden State Warriors,1610612761,TOR,Toronto Raptors,34,22,W,14,23,0.609,5,9,0.556,1,4,0.25,5,5,10,10,3,2,3,5,12,11,21,0.524,0,4,0.0,0,0,0.0,4,5,9,4,0,1,6,3,-12
0021500162,2015-11-17,2015-16,regular_season,False,1610612752,NYK,New York Knicks,1610612766,CHA,Charlotte Hornets,20,27,L,7,21,0.333,1,3,0.333,5,6,0.833,2,10,12,5,1,2,5,7,-7,10,23,0.435,2,9,0.222,5,10,0.5,4,10,14,6,3,5,1,3,7
0021500161,2015-11-17,2015-16,regular_season,False,1610612748,MIA,Miami Heat,1610612750,MIN,Minnesota Timberwolves,25,25,L,12,24,0.5,1,6,0.167,0,4,0.0,3,11,14,6,0,2,4,7,0,9,26,0.346,0,6,0.0,7,10,0.7,4,11,15,2,3,1,0,4,0
0021500160,2015-11-17,2015-16,regular_season,False,1610612765,DET,Detroit Pistons,1610612739,CLE,Cleveland Cavaliers,24,29,L,10,23,0.435,0,3,0.0,4,4,1.0,3,8,11,4,3,0,2,4,-5,10,18,0.556,4,7,0.571,5,5,1.0,0,9,9,6,1,1,3,5,5
0021500159,2015-11-17,2015-16,regular_season,False,1610612751,BKN,Brooklyn Nets,1610612737,ATL,Atlanta Hawks,28,27,W,11,21,0.524,4,6,0.667,2,4,0.5,2,9,11,8,3,0,4,4,1,9,20,0.45,4,8,0.5,5,6,0.833,1,7,8,6,1,2,4,5,-1
0021500158,2015-11-17,2015-16,regular_season,False,1610612764,WAS,Washington Wizards,1610612749,MIL,Milwaukee Bucks,37,17,W,12,18,0.667,3,5,0.6,10,13,0.769,2,9,11,8,1,0,1,4,20,8,16,0.5,0,2,0.0,1,6,0.167,1,3,4,4,0,0,5,6,-20
0021500174,2015-11-18,2015-16,regular_season,False,1610612756,PHX,Phoenix Suns,1610612741,CHI,Chicago Bulls,29,22,W,10,21,0.476,2,5,0.4,7,8,0.875,2,10,12,4,4,3,2,4,7,8,22,0.364,2,3,0.667,4,4,1.0,4,7,11,3,1,1,5,5,-7
0021500173,2015-11-18,2015-16,regular_season,False,1610612762,UTA,Utah Jazz,1610612761,TOR,Toronto Raptors,18,26,L,8,15,0.533,2,6,0.333,0,0,0.0,0,9,9,4,1,3,7,5,-8,11,23,0.478,3,5,0.6,1,2,0.5,2,5,7,6,5,1,2,1,8
0021500171,2015-11-18,2015-16,regular_season,False,1610612760,OKC,Oklahoma City Thunder,1610612740,NOP,New Orleans Pelicans,32,18,W,12,22,0.545,1,1,1.0,7,11,0.636,5,10,15,7,2,2,5,3,14,7,24,0.292,2,8,0.25,2,2,1.0,4,4,8,2,4,0,4,9,-14
0021500170,2015-11-18,2015-16,regular_season,False,1610612745,HOU,Houston Rockets,1610612757,POR,Portland Trail Blazers,13,25,L,4,25,0.16,2,10,0.2,3,4,0.75,6,9,15,3,1,2,3,3,-12,8,21,0.381,5,11,0.455,4,6,0.667,4,12,16,7,2,2,3,3,12
0021500172,2015-11-18,2015-16,regular_season,False,1610612759,SAS,San Antonio Spurs,1610612743,DEN,Denver Nuggets,34,34,W,13,19,0.684,3,3,1.0,5,6,0.833,0,6,6,10,1,2,2,3,0,14,24,0.583,2,2,1.0,4,4,1.0,4,6,10,6,2,1,1,5,0
0021500168,2015-11-18,2015-16,regular_season,False,1610612738,BOS,Boston Celtics,1610612742,DAL,Dallas Mavericks,23,29,L,9,25,0.36,0,6,0.0,5,6,0.833,4,6,10,3,6,0,3,8,-6,11,17,0.647,2,5,0.4,5,10,0.5,2,7,9,7,1,2,6,4,6
0021500167,2015-11-18,2015-16,regular_season,False,1610612755,PHI,Philadelphia 76ers,1610612754,IND,Indiana Pacers,20,29,L,9,20,0.45,1,8,0.125,1,2,0.5,2,9,11,3,3,1,11,5,-9,11,22,0.5,3,6,0.5,4,5,0.8,3,7,10,6,6,2,6,4,9
0021500166,2015-11-18,2015-16,regular_season,False,1610612753,ORL,Orlando Magic,1610612750,MIN,Minnesota Timberwolves,21,27,L,9,30,0.3,2,4,0.5,1,2,0.5,10,8,18,6,1,3,2,2,-6,11,26,0.423,1,7,0.143,4,4,1.0,4,10,14,5,1,5,1,3,6
0021500165,2015-11-18,2015-16,regular_season,False,1610612766,CHA,Charlotte Hornets,1610612751,BKN,Brooklyn Nets,20,24,L,8,21,0.381,2,5,0.4,2,3,0.667,1,11,12,7,0,2,4,2,-4,11,25,0.44,0,3,0.0,2,2,1.0,0,12,12,7,1,0,1,4,4
0021500169,2015-11-18,2015-16,regular_season,False,1610612737,ATL,Atlanta Hawks,1610612758,SAC,Sacramento Kings,35,22,W,12,23,0.522,3,8,0.375,8,11,0.727,4,10,14,8,1,2,3,2,13,10,22,0.455,0,1,0.0,2,2,1.0,1,6,7,8,2,0,5,7,-13
0021500175,2015-11-19,2015-16,regular_season,False,1610612748,MIA,Miami Heat,1610612758,SAC,Sacramento Kings,31,25,W,14,24,0.583,2,5,0.4,1,4,0.25,3,10,13,7,2,2,1,4,6,10,24,0.417,2,6,0.333,3,6,0.5,4,8,12,4,0,1,2,4,-6
0021500176,2015-11-19,2015-16,regular_season,False,1610612739,CLE,Cleveland Cavaliers,1610612749,MIL,Milwaukee Bucks,35,25,W,14,23,0.609,2,6,0.333,5,6,0.833,3,11,14,10,2,1,3,9,10,8,17,0.471,1,3,0.333,8,12,0.667,0,4,4,4,2,0,3,7,-10
0021500177,2015-11-19,2015-16,regular_season,False,1610612746,LAC,LA Clippers,1610612744,GSW,Golden State Warriors,27,29,L,9,19,0.474,2,6,0.333,7,9,0.778,1,7,8,7,3,2,5,9,-2,9,21,0.429,2,5,0.4,9,10,0.9,2,9,11,6,2,0,6,7,2
0021500185,2015-11-20,2015-16,regular_season,False,1610612743,DEN,Denver Nuggets,1610612756,PHX,Phoenix Suns,34,32,W,14,23,0.609,0,4,0.0,6,7,0.857,3,3,6,8,2,1,3,8,2,9,19,0.474,5,9,0.556,9,10,0.9,3,5,8,7,2,1,5,7,-2
0021500188,2015-11-20,2015-16,regular_season,False,1610612747,LAL,Los Angeles Lakers,1610612761,TOR,Toronto Raptors,29,22,W,12,24,0.5,3,7,0.429,2,3,0.667,4,11,15,6,4,2,4,3,7,7,20,0.35,3,7,0.429,5,6,0.833,2,7,9,6,2,0,5,1,-7
0021500187,2015-11-20,2015-16,regular_season,False,1610612744,GSW,Golden State Warriors,1610612741,CHI,Chicago Bulls,22,18,W,11,22,0.5,3,7,0.429,1,2,0.5,3,12,15,6,1,2,3,3,4,7,24,0.292,1,4,0.25,3,3,1.0,4,8,12,5,2,1,3,3,-4
0021500186,2015-11-20,2015-16,regular_season,False,1610612757,POR,Portland Trail Blazers,1610612746,LAC,LA Clippers,25,24,W,11,28,0.393,1,8,0.125,2,2,1.0,8,7,15,3,1,0,5,5,1,10,17,0.588,2,5,0.4,2,6,0.333,2,4,6,5,2,1,3,4,-1
0021500184,2015-11-20,2015-16,regular_season,False,1610612742,DAL,Dallas Mavericks,1610612762,UTA,Utah Jazz,35,17,W,12,20,0.6,3,7,0.429,8,8,1.0,1,11,12,6,2,2,0,5,18,7,23,0.304,0,3,0.0,3,5,0.6,7,6,13,2,0,1,4,7,-18
0021500179,2015-11-20,2015-16,regular_season,False,1610612738,BOS,Boston Celtics,1610612751,BKN,Brooklyn Nets,43,23,W,18,21,0.857,6,9,0.667,1,2,0.5,1,8,9,15,2,1,4,2,20,10,23,0.435,2,5,0.4,1,2,0.5,2,3,5,6,1,0,4,4,-20
0021500182,2015-11-20,2015-16,regular_season,False,1610612740,NOP,New Orleans Pelicans,1610612759,SAS,San Antonio Spurs,26,21,W,10,22,0.455,4,7,0.571,2,2,1.0,1,11,12,7,0,0,1,4,5,8,23,0.348,2,5,0.4,3,4,0.75,3,10,13,4,1,3,0,3,-5
0021500181,2015-11-20,2015-16,regular_season,False,1610612750,MIN,Minnesota Timberwolves,1610612765,DET,Detroit Pistons,18,16,W,6,20,0.3,0,4,0.0,6,8,0.75,3,11,14,2,1,1,6,5,2,6,20,0.3,1,8,0.125,3,4,0.75,2,9,11,3,4,3,4,7,-2
0021500180,2015-11-20,2015-16,regular_season,False,1610612763,MEM,Memphis Grizzlies,1610612745,HOU,Houston Rockets,36,26,W,13,21,0.619,2,8,0.25,8,9,0.889,2,8,10,10,4,1,1,6,10,11,19,0.579,0,7,0.0,4,7,0.571,2,7,9,5,1,1,5,7,-10
0021500178,2015-11-20,2015-16,regular_season,False,1610612766,CHA,Charlotte Hornets,1610612755,PHI,Philadelphia 76ers,32,22,W,10,22,0.455,5,8,0.625,7,7,1.0,3,9,12,5,2,2,1,4,10,9,20,0.45,2,4,0.5,2,3,0.667,1,8,9,5,0,2,4,6,-10
0021500183,2015-11-20,2015-16,regular_season,False,1610612760,OKC,Oklahoma City Thunder,1610612752,NYK,New York Knicks,24,23,W,8,22,0.364,2,10,0.2,6,10,0.6,6,10,16,3,3,1,3,5,1,9,19,0.474,2,5,0.4,3,5,0.6,1,8,9,5,1,1,4,8,-1
0021500189,2015-11-21,2015-16,regular_season,False,1610612753,ORL,Orlando Magic,1610612758,SAC,Sacramento Kings,25,26,L,10,25,0.4,3,8,0.375,2,4,0.5,7,7,14,4,2,1,1,7,-1,7,21,0.333,3,6,0.5,9,9,1.0,5,8,13,6,0,3,3,6,1
0021500190,2015-11-21,2015-16,regular_season,False,1610612754,IND,Indiana Pacers,1610612749,MIL,Milwaukee Bucks,27,26,W,10,24,0.417,2,6,0.333,5,7,0.714,1,8,9,5,5,2,3,2,1,11,24,0.458,2,5,0.4,2,3,0.667,6,10,16,6,2,1,6,7,-1
0021500191,2015-11-21,2015-16,regular_season,False,1610612739,CLE,Cleveland Cavaliers,1610612737,ATL,Atlanta Hawks,30,23,W,11,24,0.458,4,9,0.444,4,5,0.8,6,9,15,6,1,2,3,5,7,7,18,0.389,2,4,0.5,7,7,1.0,1,4,5,5,1,2,4,5,-7
0021500192,2015-11-21,2015-16,regular_season,False,1610612765,DET,Detroit Pistons,1610612764,WAS,Washington Wizards,28,22,W,9,19,0.474,2,5,0.4,8,8,1.0,3,11,14,5,0,0,4,7,6,8,22,0.364,0,5,0.0,6,8,0.75,3,6,9,4,2,0,0,7,-6
0021500193,2015-11-21,2015-16,regular_season,False,1610612748,MIA,Miami Heat,1610612755,PHI,Philadelphia 76ers,16,19,L,5,20,0.25,0,6,0.0,6,9,0.667,3,11,14,2,2,6,3,6,-3,5,22,0.227,3,9,0.333,6,9,0.667,5,10,15,3,1,2,5,6,3
0021500194,2015-11-21,2015-16,regular_season,False,1610612745,HOU,Houston Rockets,1610612752,NYK,New York Knicks,27,34,L,8,16,0.5,3,5,0.6,8,13,0.615,4,8,12,2,0,2,5,7,-7,12,24,0.5,5,8,0.625,5,9,0.556,6,6,12,6,1,0,2,9,7
0021500195,2015-11-21,2015-16,regular_season,False,1610612759,SAS,San Antonio Spurs,1610612763,MEM,Memphis Grizzlies,29,20,W,8,17,0.471,2,6,0.333,11,14,0.786,2,9,11,1,3,1,3,6,9,8,18,0.444,0,2,0.0,4,4,1.0,1,8,9,3,2,0,6,10,-9
0021500200,2015-11-22,2015-16,regular_season,False,1610612743,DEN,Denver Nuggets,1610612744,GSW,Golden State Warriors,35,30,W,14,22,0.636,1,4,0.25,6,8,0.75,1,9,10,8,1,1,5,6,5,11,24,0.458,4,6,0.667,4,6,0.667,4,6,10,8,5,1,4,5,-5
0021500199,2015-11-22,2015-16,regular_season,False,1610612760,OKC,Oklahoma City Thunder,1610612742,DAL,Dallas Mavericks,29,27,W,13,23,0.565,1,5,0.2,2,2,1.0,3,10,13,7,1,2,6,5,2,11,25,0.44,1,3,0.333,4,5,0.8,2,7,9,5,3,0,2,3,-2
0021500201,2015-11-22,2015-16,regular_season,False,1610612747,LAL,Los Angeles Lakers,1610612757,POR,Portland Trail Blazers,29,24,W,11,22,0.5,4,7,0.571,3,4,0.75,3,8,11,5,0,2,3,3,5,10,23,0.435,1,6,0.167,3,5,0.6,4,7,11,7,2,2,1,5,-5
0021500197,2015-11-22,2015-16,regular_season,False,1610612751,BKN,Brooklyn Nets,1610612738,BOS,Boston Celtics,35,23,W,14,21,0.667,3,5,0.6,4,7,0.571,3,9,12,8,2,3,2,3,12,8,20,0.4,3,10,0.3,4,4,1.0,3,4,7,4,1,0,5,9,-12
0021500198,2015-11-22,2015-16,regular_season,False,1610612740,NOP,New Orleans Pelicans,1610612756,PHX,Phoenix Suns,29,34,L,10,22,0.455,4,10,0.4,5,8,0.625,2,6,8,6,5,1,2,11,-5,7,18,0.389,6,8,0.75,14,15,0.933,4,11,15,5,1,1,6,6,5
0021500196,2015-11-22,2015-16,regular_season,False,1610612746,LAC,LA Clippers,1610612761,TOR,Toronto Raptors,11,30,L,4,17,0.235,1,6,0.167,2,2,1.0,3,7,10,2,3,2,9,10,-19,8,17,0.471,3,6,0.5,11,13,0.846,2,10,12,4,3,0,4,4,19
0021500202,2015-11-23,2015-16,regular_season,False,1610612766,CHA,Charlotte Hornets,1610612758,SAC,Sacramento Kings,27,30,L,12,21,0.571,1,4,0.25,2,4,0.5,1,8,9,6,4,2,5,5,-3,13,22,0.591,2,5,0.4,2,4,0.5,2,8,10,8,2,0,6,4,3
0021500203,2015-11-23,2015-16,regular_season,False,1610612739,CLE,Cleveland Cavaliers,1610612753,ORL,Orlando Magic,30,28,W,11,19,0.579,4,9,0.444,4,9,0.444,1,7,8,8,2,2,3,2,2,12,21,0.571,4,6,0.667,0,0,0.0,1,9,10,8,2,1,4,6,-2
0021500204,2015-11-23,2015-16,regular_season,False,1610612748,MIA,Miami Heat,1610612752,NYK,New York Knicks,26,11,W,9,22,0.409,2,9,0.222,6,6,1.0,5,14,19,7,1,1,3,4,15,4,20,0.2,0,5,0.0,3,4,0.75,2,8,10,0,2,2,2,3,-15
0021500205,2015-11-23,2015-16,regular_season,False,1610612749,MIL,Milwaukee Bucks,1610612765,DET,Detroit Pistons,33,22,W,13,27,0.481,4,6,0.667,3,4,0.75,7,7,14,9,5,0,2,4,11,8,27,0.296,1,8,0.125,5,5,1.0,11,7,18,3,2,2,6,4,-11
0021500206,2015-11-23,2015-16,regular_season,False,1610612750,MIN,Minnesota Timberwolves,1610612755,PHI,Philadelphia 76ers,27,26,W,8,21,0.381,1,5,0.2,10,10,1.0,2,8,10,4,1,2,3,6,1,8,20,0.4,2,8,0.25,8,9,0.889,3,7,10,2,3,3,3,7,-1
0021500207,2015-11-23,2015-16,regular_season,False,1610612759,SAS,San Antonio Spurs,1610612756,PHX,Phoenix Suns,24,17,W,9,22,0.409,3,6,0.5,3,6,0.5,5,7,12,6,4,1,3,4,7,7,17,0.412,1,3,0.333,2,2,1.0,2,9,11,5,2,2,6,7,-7
0021500208,2015-11-23,2015-16,regular_season,False,1610612762,UTA,Utah Jazz,1610612760,OKC,Oklahoma City Thunder,26,40,L,8,18,0.444,1,5,0.2,9,13,0.692,5,4,9,3,1,0,6,8,-14,14,19,0.737,4,6,0.667,8,9,0.889,1,5,6,8,4,1,3,12,14
0021500210,2015-11-24,2015-16,regular_season,False,1610612737,ATL,Atlanta Hawks,1610612738,BOS,Boston Celtics,24,20,W,9,16,0.562,2,4,0.5,4,5,0.8,1,8,9,4,1,0,5,1,4,9,22,0.409,2,5,0.4,0,0,0.0,3,6,9,6,3,0,3,4,-4
0021500214,2015-11-24,2015-16,regular_season,False,1610612744,GSW,Golden State Warriors,1610612747,LAL,Los Angeles Lakers,24,27,L,11,22,0.5,2,8,0.25,0,0,0.0,1,9,10,9,1,0,3,5,-3,10,21,0.476,1,6,0.167,6,8,0.75,1,9,10,4,3,2,2,4,3
0021500213,2015-11-24,2015-16,regular_season,False,1610612757,POR,Portland Trail Blazers,1610612741,CHI,Chicago Bulls,17,19,L,7,22,0.318,2,4,0.5,1,4,0.25,5,8,13,4,3,3,5,3,-2,9,23,0.391,1,3,0.333,0,0,0.0,2,10,12,7,1,0,6,2,2
0021500209,2015-11-24,2015-16,regular_season,False,1610612764,WAS,Washington Wizards,1610612754,IND,Indiana Pacers,30,29,W,13,19,0.684,3,6,0.5,1,3,0.333,0,10,10,9,4,0,7,4,1,11,21,0.524,5,7,0.714,2,3,0.667,1,6,7,7,4,0,6,5,-1
0021500211,2015-11-24,2015-16,regular_season,False,1610612763,MEM,Memphis Grizzlies,1610612742,DAL,Dallas Mavericks,25,19,W,8,23,0.348,1,7,0.143,8,8,1.0,1,12,13,2,2,2,0,6,6,6,21,0.286,2,10,0.2,5,6,0.833,1,13,14,4,0,1,4,6,-6
0021500212,2015-11-24,2015-16,regular_season,False,1610612743,DEN,Denver Nuggets,1610612746,LAC,LA Clippers,19,26,L,7,23,0.304,3,10,0.3,2,2,1.0,3,8,11,4,1,0,4,8,-7,8,18,0.444,0,3,0.0,10,14,0.714,4,12,16,4,3,1,4,6,7
0021500221,2015-11-25,2015-16,regular_season,False,1610612749,MIL,Milwaukee Bucks,1610612758,SAC,Sacramento Kings,33,29,W,11,21,0.524,4,9,0.444,7,10,0.7,2,11,13,8,1,1,3,5,4,10,20,0.5,2,9,0.222,7,8,0.875,0,9,9,5,2,1,1,6,-4
0021500225,2015-11-25,2015-16,regular_season,False,1610612756,PHX,Phoenix Suns,1610612740,NOP,New Orleans Pelicans,21,33,L,7,21,0.333,1,8,0.125,6,6,1.0,3,8,11,3,4,3,4,6,-12,11,24,0.458,5,8,0.625,6,6,1.0,2,9,11,6,0,2,4,5,12
0021500224,2015-11-25,2015-16,regular_season,False,1610612759,SAS,San Antonio Spurs,1610612742,DAL,Dallas Mavericks,22,21,W,8,21,0.381,2,9,0.222,4,4,1.0,4,11,15,3,0,2,5,6,1,6,21,0.286,2,7,0.286,7,7,1.0,3,8,11,4,3,0,4,6,-1
0021500223,2015-11-25,2015-16,regular_season,False,1610612760,OKC,Oklahoma City Thunder,1610612751,BKN,Brooklyn Nets,31,26,W,13,19,0.684,3,5,0.6,2,3,0.667,0,10,10,8,2,1,5,5,5,11,23,0.478,0,4,0.0,4,6,0.667,2,7,9,5,2,0,3,4,-5
0021500222,2015-11-25,2015-16,regular_season,False,1610612750,MIN,Minnesota Timberwolves,1610612737,ATL,Atlanta Hawks,23,25,L,8,20,0.4,4,6,0.667,3,5,0.6,0,9,9,4,2,0,5,6,-2,8,18,0.444,1,5,0.2,8,11,0.727,2,11,13,2,4,1,4,3,2
0021500226,2015-11-25,2015-16,regular_season,False,1610612746,LAC,LA Clippers,1610612762,UTA,Utah Jazz,22,24,L,8,20,0.4,0,3,0.0,6,10,0.6,3,11,14,3,3,2,3,6,-2,10,26,0.385,1,4,0.25,3,5,0.6,5,11,16,6,2,4,3,7,2
0021500220,2015-11-25,2015-16,regular_season,False,1610612745,HOU,Houston Rockets,1610612763,MEM,Memphis Grizzlies,29,28,W,12,19,0.632,3,8,0.375,2,2,1.0,1,9,10,8,3,2,6,5,1,12,23,0.522,1,6,0.167,3,4,0.75,3,6,9,6,2,1,3,3,-1
0021500218,2015-11-25,2015-16,regular_season,False,1610612765,DET,Detroit Pistons,1610612748,MIA,Miami Heat,35,24,W,14,28,0.5,6,8,0.75,1,1,1.0,5,9,14,9,2,2,2,5,11,8,21,0.381,1,5,0.2,7,7,1.0,4,5,9,5,0,4,3,4,-11
0021500217,2015-11-25,2015-16,regular_season,False,1610612738,BOS,Boston Celtics,1610612755,PHI,Philadelphia 76ers,14,23,L,6,20,0.3,0,4,0.0,2,4,0.5,2,12,14,2,1,1,4,5,-9,8,21,0.381,2,6,0.333,5,7,0.714,2,12,14,3,4,1,3,5,9
0021500216,2015-11-25,2015-16,regular_season,False,1610612753,ORL,Orlando Magic,1610612752,NYK,New York Knicks,26,18,W,10,24,0.417,2,6,0.333,4,4,1.0,4,10,14,7,1,1,2,6,8,6,19,0.316,1,6,0.167,5,6,0.833,2,10,12,3,0,1,5,3,-8
0021500215,2015-11-25,2015-16,regular_season,False,1610612766,CHA,Charlotte Hornets,1610612764,WAS,Washington Wizards,30,30,W,12,22,0.545,1,6,0.167,5,5,1.0,1,8,9,5,1,0,3,5,0,10,19,0.526,2,6,0.333,8,8,1.0,1,8,9,6,2,0,2,6,0
0021500219,2015-11-25,2015-16,regular_season,False,1610612761,TOR,Toronto Raptors,1610612739,CLE,Cleveland Cavaliers,24,24,W,8,20,0.4,4,7,0.571,4,6,0.667,2,10,12,4,2,1,2,5,0,6,20,0.3,5,10,0.5,7,7,1.0,2,8,10,4,2,2,3,5,0
0021500238,2015-11-27,2015-16,regular_season,False,1610612746,LAC,LA Clippers,1610612740,NOP,New Orleans Pelicans,35,24,W,13,19,0.684,1,3,0.333,8,10,0.8,0,9,9,9,2,1,2,3,11,9,26,0.346,2,10,0.2,4,4,1.0,6,5,11,5,1,1,3,7,-11
0021500237,2015-11-27,2015-16,regular_season,False,1610612758,SAC,Sacramento Kings,1610612750,MIN,Minnesota Timberwolves,19,24,L,8,20,0.4,3,9,0.333,0,0,0.0,3,5,8,8,1,1,5,4,-5,8,15,0.533,3,6,0.5,5,5,1.0,1,8,9,5,2,0,6,7,5
0021500236,2015-11-27,2015-16,regular_season,False,1610612756,PHX,Phoenix Suns,1610612744,GSW,Golden State Warriors,30,31,L,14,24,0.583,2,8,0.25,0,3,0.0,2,4,6,6,4,1,4,6,-1,12,18,0.667,6,8,0.75,1,6,0.167,1,10,11,6,1,0,7,6,1
0021500235,2015-11-27,2015-16,regular_season,False,1610612743,DEN,Denver Nuggets,1610612759,SAS,San Antonio Spurs,26,30,L,11,23,0.478,3,4,0.75,1,2,0.5,3,5,8,5,3,2,4,4,-4,12,19,0.632,3,4,0.75,3,3,1.0,0,9,9,5,3,4,5,4,4
0021500234,2015-11-27,2015-16,regular_season,False,1610612760,OKC,Oklahoma City Thunder,1610612765,DET,Detroit Pistons,19,24,L,8,21,0.381,1,5,0.2,2,2,1.0,2,9,11,6,1,1,3,4,-5,8,19,0.421,2,5,0.4,6,8,0.75,3,9,12,5,2,0,3,5,5
0021500233,2015-11-27,2015-16,regular_season,False,1610612763,MEM,Memphis Grizzlies,1610612737,ATL,Atlanta Hawks,22,24,L,7,20,0.35,4,10,0.4,4,4,1.0,0,8,8,6,1,1,2,5,-2,9,22,0.409,3,10,0.3,3,4,0.75,3,11,14,4,2,0,4,5,2
0021500231,2015-11-27,2015-16,regular_season,False,1610612754,IND,Indiana Pacers,1610612741,CHI,Chicago Bulls,21,24,L,9,24,0.375,2,7,0.286,1,2,0.5,3,10,13,4,1,3,3,2,-3,9,24,0.375,4,7,0.571,2,2,1.0,4,10,14,4,1,3,2,3,3
0021500230,2015-11-27,2015-16,regular_season,False,1610612752,NYK,New York Knicks,1610612748,MIA,Miami Heat,22,24,L,9,21,0.429,1,5,0.2,3,5,0.6,1,8,9,5,1,0,3,8,-2,9,20,0.45,1,3,0.333,5,7,0.714,2,6,8,4,0,0,3,4,2
0021500229,2015-11-27,2015-16,regular_season,False,1610612738,BOS,Boston Celtics,1610612764,WAS,Washington Wizards,25,18,W,11,23,0.478,2,5,0.4,1,2,0.5,3,13,16,4,0,0,4,4,7,6,25,0.24,1,7,0.143,5,6,0.833,4,9,13,3,2,0,2,4,-7
0021500228,2015-11-27,2015-16,regular_season,False,1610612753,ORL,Orlando Magic,1610612749,MIL,Milwaukee Bucks,27,21,W,11,22,0.5,1,5,0.2,4,6,0.667,3,7,10,8,2,1,4,7,6,6,15,0.4,0,7,0.0,9,10,0.9,1,8,9,3,0,1,6,6,-6
0021500227,2015-11-27,2015-16,regular_season,False,1610612766,CHA,Charlotte Hornets,1610612739,CLE,Cleveland Cavaliers,30,27,W,10,18,0.556,3,6,0.5,7,7,1.0,2,5,7,8,1,1,1,6,3,10,21,0.476,2,5,0.4,5,8,0.625,7,6,13,5,1,0,3,4,-3
0021500232,2015-11-27,2015-16,regular_season,False,1610612745,HOU,Houston Rockets,1610612755,PHI,Philadelphia 76ers,26,30,L,9,20,0.45,3,5,0.6,5,5,1.0,3,7,10,6,2,2,7,4,-4,10,21,0.476,5,11,0.455,5,5,1.0,3,7,10,6,7,3,5,4,4
0021500244,2015-11-28,2015-16,regular_season,False,1610612757,POR,Portland Trail Blazers,1610612747,LAL,Los Angeles Lakers,26,25,W,8,20,0.4,4,8,0.5,6,8,0.75,3,6,9,6,1,0,1,4,1,9,18,0.5,1,3,0.333,6,8,0.75,2,8,10,4,0,1,2,5,-1
0021500245,2015-11-28,2015-16,regular_season,False,1610612744,GSW,Golden State Warriors,1610612758,SAC,Sacramento Kings,26,17,W,10,19,0.526,2,5,0.4,4,6,0.667,4,13,17,8,1,2,5,5,9,6,28,0.214,1,9,0.111,4,4,1.0,6,6,12,3,2,0,1,5,-9
0021500243,2015-11-28,2015-16,regular_season,False,1610612762,UTA,Utah Jazz,1610612740,NOP,New Orleans Pelicans,25,23,W,7,19,0.368,1,5,0.2,10,11,0.909,2,12,14,4,1,1,3,7,2,9,20,0.45,0,4,0.0,5,7,0.714,0,11,11,5,1,0,2,8,-2
0021500242,2015-11-28,2015-16,regular_season,False,1610612759,SAS,San Antonio Spurs,1610612737,ATL,Atlanta Hawks,31,12,W,8,17,0.471,2,5,0.4,13,13,1.0,1,12,13,6,2,0,3,5,19,5,18,0.278,1,8,0.125,1,2,0.5,1,8,9,4,1,0,6,7,-19
0021500241,2015-11-28,2015-16,regular_season,False,1610612742,DAL,Dallas Mavericks,1610612743,DEN,Denver Nuggets,26,27,L,10,20,0.5,2,5,0.4,4,9,0.444,2,9,11,4,1,0,1,6,-1,10,20,0.5,1,3,0.333,6,9,0.667,1,10,11,6,1,0,3,7,1
0021500240,2015-11-28,2015-16,regular_season,False,1610612739,CLE,Cleveland Cavaliers,1610612751,BKN,Brooklyn Nets,27,26,W,11,24,0.458,1,5,0.2,4,7,0.571,4,7,11,4,3,1,6,7,1,9,16,0.562,1,4,0.25,7,9,0.778,0,8,8,6,2,1,6,6,-1
0021500239,2015-11-28,2015-16,regular_season,False,1610612764,WAS,Washington Wizards,1610612761,TOR,Toronto Raptors,22,23,L,7,21,0.333,1,3,0.333,7,8,0.875,4,5,9,4,4,1,4,4,-1,9,16,0.562,2,5,0.4,3,4,0.75,1,7,8,4,3,4,6,6,1
0021500246,2015-11-29,2015-16,regular_season,False,1610612766,CHA,Charlotte Hornets,1610612749,MIL,Milwaukee Bucks,23,9,W,6,14,0.429,4,6,0.667,7,9,0.778,2,12,14,6,1,0,4,3,14,4,23,0.174,1,9,0.111,0,0,0.0,6,7,13,2,1,1,3,6,-14
0021500247,2015-11-29,2015-16,regular_season,False,1610612746,LAC,LA Clippers,1610612750,MIN,Minnesota Timberwolves,25,18,W,9,19,0.474,0,5,0.0,7,10,0.7,4,7,11,4,2,1,3,4,7,7,17,0.412,2,3,0.667,2,4,0.5,2,5,7,4,3,0,6,7,-7
0021500248,2015-11-29,2015-16,regular_season,False,1610612751,BKN,Brooklyn Nets,1610612765,DET,Detroit Pistons,17,19,L,7,21,0.333,1,5,0.2,2,2,1.0,1,9,10,1,3,2,5,0,-2,9,22,0.409,1,6,0.167,0,0,0.0,1,12,13,4,2,0,7,2,2
0021500249,2015-11-29,2015-16,regular_season,False,1610612753,ORL,Orlando Magic,1610612738,BOS,Boston Celtics,32,25,W,14,24,0.583,4,9,0.444,0,1,0.0,1,7,8,6,2,3,1,6,7,9,19,0.474,3,7,0.429,4,7,0.571,2,5,7,9,1,2,3,4,-7
0021500250,2015-11-29,2015-16,regular_season,False,1610612761,TOR,Toronto Raptors,1610612756,PHX,Phoenix Suns,31,32,L,12,21,0.571,4,6,0.667,3,3,1.0,2,9,11,7,1,3,4,6,-1,11,24,0.458,6,12,0.5,4,5,0.8,1,6,7,8,0,1,2,3,1
0021500251,2015-11-29,2015-16,regular_season,False,1610612763,MEM,Memphis Grizzlies,1610612755,PHI,Philadelphia 76ers,16,18,L,7,24,0.292,0,1,0.0,2,3,0.667,5,6,11,3,7,3,6,3,-2,8,17,0.471,2,6,0.333,0,0,0.0,2,11,13,6,5,6,10,5,2
0021500252,2015-11-29,2015-16,regular_season,False,1610612752,NYK,New York Knicks,1610612745,HOU,Houston Rockets,29,20,W,11,16,0.688,1,2,0.5,6,7,0.857,2,11,13,6,2,2,6,4,9,6,19,0.316,1,6,0.167,7,9,0.778,4,2,6,5,5,1,3,7,-9
0021500253,2015-11-29,2015-16,regular_season,False,1610612747,LAL,Los Angeles Lakers,1610612754,IND,Indiana Pacers,23,20,W,9,29,0.31,1,6,0.167,4,4,1.0,6,10,16,3,2,1,1,3,3,8,21,0.381,0,4,0.0,4,4,1.0,2,14,16,5,0,1,6,3,-3
0021500261,2015-11-30,2015-16,regular_season,False,1610612746,LAC,LA Clippers,1610612757,POR,Portland Trail Blazers,20,31,L,4,21,0.19,2,4,0.5,10,15,0.667,2,11,13,4,2,2,5,7,-11,11,27,0.407,2,6,0.333,7,10,0.7,5,14,19,6,5,2,4,11,11
0021500259,2015-11-30,2015-16,regular_season,False,1610612762,UTA,Utah Jazz,1610612744,GSW,Golden State Warriors,28,27,W,11,21,0.524,1,2,0.5,5,6,0.833,0,9,9,4,1,1,3,2,1,10,25,0.4,5,11,0.455,2,2,1.0,5,6,11,5,0,2,2,5,-1
0021500258,2015-11-30,2015-16,regular_season,False,1610612749,MIL,Milwaukee Bucks,1610612743,DEN,Denver Nuggets,18,21,L,8,21,0.381,1,1,1.0,1,4,0.25,5,7,12,4,1,4,5,5,-3,8,22,0.364,2,4,0.5,3,3,1.0,3,9,12,5,1,1,5,6,3
0021500260,2015-11-30,2015-16,regular_season,False,1610612758,SAC,Sacramento Kings,1610612742,DAL,Dallas Mavericks,31,26,W,10,17,0.588,3,9,0.333,8,12,0.667,1,9,10,6,1,0,5,4,5,10,23,0.435,3,8,0.375,3,4,0.75,3,5,8,7,4,0,3,8,-5
0021500256,2015-11-30,2015-16,regular_season,False,1610612737,ATL,Atlanta Hawks,1610612760,OKC,Oklahoma City Thunder,22,31,L,7,22,0.318,3,9,0.333,5,7,0.714,4,9,13,6,1,2,5,5,-9,10,21,0.476,2,5,0.4,9,9,1.0,0,11,11,6,4,2,3,5,9
0021500255,2015-11-30,2015-16,regular_season,False,1610612748,MIA,Miami Heat,1610612738,BOS,Boston Celtics,28,25,W,9,16,0.562,2,3,0.667,8,11,0.727,1,5,6,7,1,1,4,6,3,8,16,0.5,0,3,0.0,9,11,0.818,1,7,8,4,3,0,5,7,-3
0021500254,2015-11-30,2015-16,regular_season,False,1610612765,DET,Detroit Pistons,1610612745,HOU,Houston Rockets,35,20,W,16,28,0.571,3,5,0.6,0,1,0.0,8,10,18,7,0,4,2,5,15,6,25,0.24,0,3,0.0,8,10,0.8,8,3,11,1,2,3,4,4,-15
0021500257,2015-11-30,2015-16,regular_season,False,1610612741,CHI,Chicago Bulls,1610612759,SAS,San Antonio Spurs,32,25,W,13,26,0.5,3,3,1.0,3,3,1.0,4,10,14,8,0,0,1,7,7,9,19,0.474,1,2,0.5,6,7,0.857,0,8,8,6,0,1,1,4,-7
0021500262,2015-12-01,2015-16,regular_season,False,1610612739,CLE,Cleveland Cavaliers,1610612764,WAS,Washington Wizards,19,27,L,6,20,0.3,1,8,0.125,6,6,1.0,4,8,12,4,1,0,4,4,-8,11,22,0.5,3,8,0.375,2,2,1.0,2,9,11,7,1,0,2,6,8
0021500263,2015-12-01,2015-16,regular_season,False,1610612755,PHI,Philadelphia 76ers,1610612747,LAL,Los Angeles Lakers,24,25,L,6,17,0.353,2,6,0.333,10,16,0.625,5,8,13,5,2,3,4,7,-1,7,20,0.35,2,9,0.222,9,11,0.818,4,10,14,4,0,1,3,10,1
0021500264,2015-12-01,2015-16,regular_season,False,1610612751,BKN,Brooklyn Nets,1610612756,PHX,Phoenix Suns,26,22,W,12,21,0.571,1,3,0.333,1,2,0.5,1,10,11,6,2,1,3,5,4,9,21,0.429,2,7,0.286,2,5,0.4,2,9,11,4,2,1,3,3,-4
0021500265,2015-12-01,2015-16,regular_season,False,1610612750,MIN,Minnesota Timberwolves,1610612753,ORL,Orlando Magic,27,33,L,9,18,0.5,2,7,0.286,7,8,0.875,0,5,5,7,3,3,4,5,-6,13,23,0.565,2,4,0.5,5,7,0.714,5,8,13,9,1,0,5,7,6
0021500266,2015-12-01,2015-16,regular_season,False,1610612740,NOP,New Orleans Pelicans,1610612763,MEM,Memphis Grizzlies,27,37,L,8,22,0.364,3,9,0.333,8,10,0.8,3,5,8,6,0,1,1,5,-10,15,23,0.652,1,1,1.0,6,7,0.857,3,12,15,10,0,1,1,6,10
0021500267,2015-12-01,2015-16,regular_season,False,1610612757,POR,Portland Trail Blazers,1610612742,DAL,Dallas Mavericks,34,23,W,13,24,0.542,4,7,0.571,4,5,0.8,3,7,10,8,5,0,3,3,11,9,18,0.5,1,5,0.2,4,4,1.0,1,8,9,6,1,0,6,4,-11
0021500276,2015-12-02,2015-16,regular_season,False,1610612746,LAC,LA Clippers,1610612754,IND,Indiana Pacers,21,18,W,7,22,0.318,2,8,0.25,5,10,0.5,5,10,15,4,4,1,3,6,3,5,20,0.25,1,4,0.25,7,8,0.875,3,11,14,3,2,2,5,6,-3
0021500275,2015-12-02,2015-16,regular_season,False,1610612759,SAS,San Antonio Spurs,1610612749,MIL,Milwaukee Bucks,20,17,W,8,22,0.364,2,5,0.4,2,4,0.5,2,10,12,6,2,3,2,6,3,5,20,0.25,0,3,0.0,7,8,0.875,3,11,14,4,1,2,4,4,-3
0021500274,2015-12-02,2015-16,regular_season,False,1610612745,HOU,Houston Rockets,1610612740,NOP,New Orleans Pelicans,31,21,W,10,24,0.417,3,10,0.3,8,13,0.615,4,11,15,9,1,1,1,6,10,6,22,0.273,1,6,0.167,8,9,0.889,4,11,15,3,0,1,5,10,-10
0021500273,2015-12-02,2015-16,regular_season,False,1610612741,CHI,Chicago Bulls,1610612743,DEN,Denver Nuggets,23,25,L,8,21,0.381,0,1,0.0,7,9,0.778,4,10,14,3,2,0,3,7,-2,9,20,0.45,2,3,0.667,5,9,0.556,3,8,11,9,2,3,3,4,2
0021500268,2015-12-02,2015-16,regular_season,False,1610612766,CHA,Charlotte Hornets,1610612744,GSW,Golden State Warriors,28,28,L,10,20,0.5,2,6,0.333,6,8,0.75,2,7,9,7,2,2,3,4,0,12,23,0.522,2,5,0.4,2,3,0.667,4,7,11,8,1,1,3,6,0
0021500271,2015-12-02,2015-16,regular_season,False,1610612752,NYK,New York Knicks,1610612755,PHI,Philadelphia 76ers,27,18,W,10,21,0.476,1,4,0.25,6,7,0.857,0,12,12,5,2,2,6,4,9,8,23,0.348,0,6,0.0,2,4,0.5,1,11,12,2,4,1,6,7,-9
0021500270,2015-12-02,2015-16,regular_season,False,1610612765,DET,Detroit Pistons,1610612756,PHX,Phoenix Suns,26,31,L,10,25,0.4,3,7,0.429,3,8,0.375,6,5,11,7,3,0,4,6,-5,11,20,0.55,2,3,0.667,7,7,1.0,3,9,12,6,0,1,4,8,5
0021500269,2015-12-02,2015-16,regular_season,False,1610612764,WAS,Washington Wizards,1610612747,LAL,Los Angeles Lakers,29,23,W,9,17,0.529,1,2,0.5,10,14,0.714,3,11,14,5,0,1,5,5,6,8,26,0.308,1,7,0.143,6,6,1.0,5,5,10,4,4,0,2,9,-6
0021500272,2015-12-02,2015-16,regular_season,False,1610612737,ATL,Atlanta Hawks,1610612761,TOR,Toronto Raptors,28,16,W,12,24,0.5,4,7,0.571,0,0,0.0,4,7,11,8,5,2,4,3,12,6,18,0.333,0,7,0.0,4,4,1.0,2,7,9,2,3,0,6,2,-12
0021500281,2015-12-03,2015-16,regular_season,False,1610612757,POR,Portland Trail Blazers,1610612754,IND,Indiana Pacers,28,28,W,10,21,0.476,2,4,0.5,6,6,1.0,4,10,14,3,3,2,5,4,0,9,22,0.409,4,8,0.5,6,6,1.0,2,7,9,5,0,0,3,5,0
0021500280,2015-12-03,2015-16,regular_season,False,1610612763,MEM,Memphis Grizzlies,1610612759,SAS,San Antonio Spurs,15,25,L,6,19,0.316,0,3,0.0,3,3,1.0,2,7,9,5,1,0,3,4,-10,11,20,0.55,2,2,1.0,1,2,0.5,1,11,12,7,2,3,2,3,10
0021500282,2015-12-03,2015-16,regular_season,False,1610612758,SAC,Sacramento Kings,1610612738,BOS,Boston Celtics,19,19,L,7,19,0.368,1,5,0.2,4,4,1.0,1,9,10,6,3,2,7,3,0,8,20,0.4,3,6,0.5,0,0,0.0,2,9,11,7,4,3,8,8,0
0021500278,2015-12-03,2015-16,regular_season,False,1610612761,TOR,Toronto Raptors,1610612743,DEN,Denver Nuggets,23,27,L,8,23,0.348,2,8,0.25,5,5,1.0,4,9,13,3,1,1,2,5,-4,10,23,0.435,3,9,0.333,4,4,1.0,1,10,11,9,0,0,2,6,4
0021500279,2015-12-03,2015-16,regular_season,False,1610612762,UTA,Utah Jazz,1610612753,ORL,Orlando Magic,32,25,W,11,21,0.524,6,11,0.545,4,4,1.0,3,7,10,7,1,2,5,3,7,11,23,0.478,1,6,0.167,2,2,1.0,2,5,7,4,2,3,3,4,-7
0021500277,2015-12-03,2015-16,regular_season,False,1610612748,MIA,Miami Heat,1610612760,OKC,Oklahoma City Thunder,27,23,W,12,23,0.522,0,1,0.0,3,5,0.6,1,10,11,6,2,1,1,4,4,9,20,0.45,1,5,0.2,4,5,0.8,0,9,9,7,0,0,3,4,-4
0021500283,2015-12-04,2015-16,regular_season,False,1610612752,NYK,New York Knicks,1610612751,BKN,Brooklyn Nets,23,21,W,8,19,0.421,1,5,0.2,6,8,0.75,1,9,10,4,3,2,6,5,2,8,21,0.381,0,3,0.0,5,5,1.0,3,10,13,3,3,3,5,5,-2
0021500284,2015-12-04,2015-16,regular_season,False,1610612764,WAS,Washington Wizards,1610612756,PHX,Phoenix Suns,29,29,W,12,19,0.632,2,6,0.333,3,4,0.75,1,5,6,5,2,1,5,6,0,11,19,0.579,5,10,0.5,2,3,0.667,1,6,7,7,3,0,6,6,0
0021500285,2015-12-04,2015-16,regular_season,False,1610612765,DET,Detroit Pistons,1610612749,MIL,Milwaukee Bucks,34,24,W,14,20,0.7,4,6,0.667,2,3,0.667,0,3,3,6,4,1,2,2,10,12,18,0.667,0,1,0.0,0,0,0.0,2,6,8,7,2,1,8,4,-10
0021500286,2015-12-04,2015-16,regular_season,False,1610612737,ATL,Atlanta Hawks,1610612747,LAL,Los Angeles Lakers,29,17,W,11,22,0.5,2,5,0.4,5,6,0.833,3,9,12,6,3,0,1,3,12,6,18,0.333,2,7,0.286,3,5,0.6,2,9,11,5,0,1,5,3,-12
0021500287,2015-12-04,2015-16,regular_season,False,1610612742,DAL,Dallas Mavericks,1610612745,HOU,Houston Rockets,25,31,L,10,22,0.455,1,7,0.143,4,5,0.8,1,7,8,6,0,1,3,5,-6,12,28,0.429,4,6,0.667,3,4,0.75,7,10,17,6,3,1,3,6,6
0021500288,2015-12-04,2015-16,regular_season,False,1610612740,NOP,New Orleans Pelicans,1610612739,CLE,Cleveland Cavaliers,31,26,W,12,19,0.632,1,4,0.25,6,8,0.75,1,10,11,7,1,1,2,5,5,10,23,0.435,2,7,0.286,4,5,0.8,2,5,7,8,2,1,1,6,-5
0021500291,2015-12-05,2015-16,regular_season,False,1610612748,MIA,Miami Heat,1610612739,CLE,Cleveland Cavaliers,26,20,W,9,16,0.562,1,3,0.333,7,9,0.778,1,12,13,3,3,2,5,7,6,8,23,0.348,1,7,0.143,3,6,0.5,5,5,10,3,3,0,5,7,-6
0021500298,2015-12-05,2015-16,regular_season,False,1610612746,LAC,LA Clippers,1610612753,ORL,Orlando Magic,31,26,W,11,22,0.5,5,10,0.5,4,5,0.8,3,9,12,7,2,1,4,6,5,9,25,0.36,1,4,0.25,7,8,0.875,7,8,15,4,2,2,3,3,-5
0021500297,2015-12-05,2015-16,regular_season,False,1610612762,UTA,Utah Jazz,1610612754,IND,Indiana Pacers,30,33,L,10,21,0.476,2,5,0.4,8,11,0.727,3,6,9,5,3,0,3,6,-3,11,20,0.55,2,4,0.5,9,11,0.818,3,9,12,6,3,1,5,8,3
0021500296,2015-12-05,2015-16,regular_season,False,1610612759,SAS,San Antonio Spurs,1610612738,BOS,Boston Celtics,29,22,W,13,19,0.684,0,3,0.0,3,3,1.0,1,8,9,7,1,1,3,4,7,10,23,0.435,2,4,0.5,0,1,0.0,3,4,7,6,1,0,3,5,-7
0021500295,2015-12-05,2015-16,regular_season,False,1610612749,MIL,Milwaukee Bucks,1610612752,NYK,New York Knicks,23,24,L,10,20,0.5,0,1,0.0,3,4,0.75,0,7,7,8,2,1,2,3,-1,11,20,0.55,0,5,0.0,2,4,0.5,2,9,11,6,1,0,3,5,1
0021500290,2015-12-05,2015-16,regular_season,False,1610612761,TOR,Toronto Raptors,1610612744,GSW,Golden State Warriors,28,27,W,9,26,0.346,3,8,0.375,7,8,0.875,5,6,11,5,4,1,0,3,1,10,19,0.526,5,8,0.625,2,2,1.0,3,8,11,6,0,4,4,6,-1
0021500293,2015-12-05,2015-16,regular_season,False,1610612745,HOU,Houston Rockets,1610612758,SAC,Sacramento Kings,23,34,L,9,22,0.409,4,7,0.571,1,2,0.5,3,9,12,8,2,1,7,5,-11,15,34,0.441,4,9,0.444,0,0,0.0,8,11,19,11,5,3,2,1,11
0021500292,2015-12-05,2015-16,regular_season,False,1610612741,CHI,Chicago Bulls,1610612766,CHA,Charlotte Hornets,28,26,W,11,23,0.478,3,5,0.6,3,4,0.75,4,9,13,10,2,2,2,4,2,10,22,0.455,3,7,0.429,3,3,1.0,3,5,8,7,0,0,3,4,-2
0021500289,2015-12-05,2015-16,regular_season,False,1610612755,PHI,Philadelphia 76ers,1610612743,DEN,Denver Nuggets,34,23,W,11,18,0.611,5,8,0.625,7,11,0.636,1,7,8,7,6,0,4,5,11,9,20,0.45,2,9,0.222,3,4,0.75,3,8,11,7,2,1,10,6,-11
0021500294,2015-12-05,2015-16,regular_season,False,1610612750,MIN,Minnesota Timberwolves,1610612757,POR,Portland Trail Blazers,27,24,W,10,18,0.556,0,0,0.0,7,11,0.636,2,10,12,5,3,0,4,5,3,9,20,0.45,3,5,0.6,3,5,0.6,2,8,10,7,2,0,5,7,-3
0021500302,2015-12-06,2015-16,regular_season,False,1610612764,WAS,Washington Wizards,1610612742,DAL,Dallas Mavericks,30,26,W,13,25,0.52,2,6,0.333,2,4,0.5,1,8,9,8,3,0,1,7,4,7,20,0.35,2,7,0.286,10,11,0.909,3,12,15,5,1,0,5,2,-4
0021500303,2015-12-06,2015-16,regular_season,False,1610612760,OKC,Oklahoma City Thunder,1610612758,SAC,Sacramento Kings,23,23,W,9,22,0.409,2,5,0.4,3,5,0.6,4,15,19,5,1,1,9,8,0,7,23,0.304,0,6,0.0,9,12,0.75,3,8,11,3,4,0,1,5,0
0021500301,2015-12-06,2015-16,regular_season,False,1610612765,DET,Detroit Pistons,1610612747,LAL,Los Angeles Lakers,33,23,W,13,23,0.565,4,8,0.5,3,5,0.6,5,9,14,8,3,0,5,5,10,9,19,0.474,0,3,0.0,5,7,0.714,3,5,8,3,0,1,4,7,-10
0021500299,2015-12-06,2015-16,regular_season,False,1610612763,MEM,Memphis Grizzlies,1610612756,PHX,Phoenix Suns,23,25,L,10,20,0.5,1,4,0.25,2,4,0.5,2,7,9,8,2,0,4,3,-2,9,19,0.474,3,7,0.429,4,4,1.0,1,8,9,4,4,0,4,6,2
0021500300,2015-12-06,2015-16,regular_season,False,1610612751,BKN,Brooklyn Nets,1610612744,GSW,Golden State Warriors,38,27,W,14,18,0.778,2,3,0.667,8,9,0.889,1,8,9,7,5,0,4,3,11,11,24,0.458,4,8,0.5,1,1,1.0,4,3,7,5,2,1,6,7,-11
0021500311,2015-12-07,2015-16,regular_season,False,1610612750,MIN,Minnesota Timberwolves,1610612746,LAC,LA Clippers,27,21,W,10,23,0.435,3,6,0.5,4,7,0.571,3,13,16,7,1,2,4,5,6,8,23,0.348,3,11,0.273,2,3,0.667,2,7,9,5,3,4,3,4,-6
0021500310,2015-12-07,2015-16,regular_season,False,1610612749,MIL,Milwaukee Bucks,1610612757,POR,Portland Trail Blazers,17,17,W,6,21,0.286,0,4,0.0,5,6,0.833,4,8,12,5,3,1,4,4,0,6,18,0.333,1,8,0.125,4,4,1.0,2,10,12,5,4,1,6,6,0
0021500309,2015-12-07,2015-16,regular_season,False,1610612741,CHI,Chicago Bulls,1610612756,PHX,Phoenix Suns,21,24,L,9,23,0.391,1,7,0.143,2,2,1.0,5,10,15,8,3,2,6,4,-3,10,23,0.435,1,4,0.25,3,3,1.0,1,8,9,6,5,1,4,2,3
0021500308,2015-12-07,2015-16,regular_season,False,1610612761,TOR,Toronto Raptors,1610612747,LAL,Los Angeles Lakers,27,20,W,8,18,0.444,4,8,0.5,7,8,0.875,2,8,10,5,3,1,3,5,7,6,21,0.286,0,1,0.0,8,9,0.889,6,9,15,0,0,2,5,6,-7
0021500312,2015-12-07,2015-16,regular_season,False,1610612740,NOP,New Orleans Pelicans,1610612738,BOS,Boston Celtics,19,28,L,8,18,0.444,0,2,0.0,3,4,0.75,1,6,7,3,1,2,5,1,-9,12,22,0.545,3,7,0.429,1,1,1.0,3,9,12,5,3,0,6,5,9
0021500306,2015-12-07,2015-16,regular_season,False,1610612748,MIA,Miami Heat,1610612764,WAS,Washington Wizards,36,31,W,14,21,0.667,2,4,0.5,6,7,0.857,3,5,8,10,3,4,2,3,5,13,24,0.542,1,3,0.333,4,4,1.0,4,5,9,5,1,0,4,5,-5
0021500305,2015-12-07,2015-16,regular_season,False,1610612755,PHI,Philadelphia 76ers,1610612759,SAS,San Antonio Spurs,12,32,L,5,18,0.278,0,6,0.0,2,2,1.0,1,5,6,4,0,1,3,3,-20,15,22,0.682,1,5,0.2,1,2,0.5,3,11,14,10,1,0,1,3,20
0021500304,2015-12-07,2015-16,regular_season,False,1610612766,CHA,Charlotte Hornets,1610612765,DET,Detroit Pistons,34,31,W,12,26,0.462,2,7,0.286,8,9,0.889,8,7,15,7,1,1,1,5,3,13,21,0.619,2,4,0.5,3,6,0.5,1,6,7,7,1,0,2,5,-3
0021500307,2015-12-07,2015-16,regular_season,False,1610612752,NYK,New York Knicks,1610612742,DAL,Dallas Mavericks,22,29,L,10,20,0.5,2,6,0.333,0,0,0.0,1,9,10,7,0,0,4,6,-7,10,20,0.5,5,10,0.5,4,5,0.8,0,9,9,8,3,1,2,0,7
0021500313,2015-12-08,2015-16,regular_season,False,1610612739,CLE,Cleveland Cavaliers,1610612757,POR,Portland Trail Blazers,30,31,L,11,18,0.611,2,4,0.5,6,7,0.857,1,4,5,6,1,2,3,5,-1,12,19,0.632,4,4,1.0,3,5,0.6,2,5,7,8,2,0,6,7,1
0021500314,2015-12-08,2015-16,regular_season,False,1610612754,IND,Indiana Pacers,1610612744,GSW,Golden State Warriors,32,35,L,10,23,0.435,5,9,0.556,7,8,0.875,3,6,9,5,3,0,4,4,-3,14,22,0.636,5,8,0.625,2,2,1.0,1,9,10,7,3,1,3,6,3
0021500315,2015-12-08,2015-16,regular_season,False,1610612751,BKN,Brooklyn Nets,1610612745,HOU,Houston Rockets,26,22,W,8,19,0.421,1,4,0.25,9,9,1.0,2,8,10,5,4,3,5,4,4,8,21,0.381,4,10,0.4,2,2,1.0,2,9,11,5,4,1,8,7,-4
0021500316,2015-12-08,2015-16,regular_season,False,1610612763,MEM,Memphis Grizzlies,1610612760,OKC,Oklahoma City Thunder,22,31,L,9,23,0.391,1,5,0.2,3,3,1.0,5,5,10,3,2,0,3,0,-9,14,20,0.7,3,5,0.6,0,0,0.0,0,9,9,11,2,0,2,3,9
0021500317,2015-12-08,2015-16,regular_season,False,1610612743,DEN,Denver Nuggets,1610612753,ORL,Orlando Magic,21,14,W,9,25,0.36,1,5,0.2,2,3,0.667,3,11,14,5,5,2,6,3,7,6,21,0.286,0,4,0.0,2,2,1.0,3,10,13,4,2,2,8,6,-7
0021500318,2015-12-08,2015-16,regular_season,False,1610612758,SAC,Sacramento Kings,1610612762,UTA,Utah Jazz,21,26,L,9,19,0.474,2,6,0.333,1,2,0.5,1,5,6,8,1,1,2,5,-5,9,24,0.375,5,12,0.417,3,5,0.6,8,10,18,6,1,0,3,6,5
0021500325,2015-12-09,2015-16,regular_season,False,1610612750,MIN,Minnesota Timberwolves,1610612747,LAL,Los Angeles Lakers,24,25,L,12,22,0.545,0,2,0.0,0,1,0.0,4,8,12,8,1,0,6,3,-1,10,20,0.5,1,4,0.25,4,5,0.8,1,6,7,5,4,0,3,3,1
0021500327,2015-12-09,2015-16,regular_season,False,1610612762,UTA,Utah Jazz,1610612752,NYK,New York Knicks,31,24,W,14,24,0.583,2,5,0.4,1,1,1.0,3,7,10,9,1,0,0,6,7,9,14,0.643,3,6,0.5,3,7,0.429,0,7,7,6,0,1,3,4,-7
0021500326,2015-12-09,2015-16,regular_season,False,1610612756,PHX,Phoenix Suns,1610612753,ORL,Orlando Magic,28,23,W,12,26,0.462,4,8,0.5,0,0,0.0,4,8,12,8,3,0,4,5,5,9,18,0.5,2,4,0.5,3,6,0.5,1,8,9,7,2,1,5,5,-5
0021500324,2015-12-09,2015-16,regular_season,False,1610612749,MIL,Milwaukee Bucks,1610612746,LAC,LA Clippers,22,22,L,10,20,0.5,1,1,1.0,1,2,0.5,1,9,10,7,2,0,5,8,0,8,21,0.381,1,7,0.143,5,8,0.625,4,9,13,5,2,3,4,5,0
0021500328,2015-12-09,2015-16,regular_season,False,1610612742,DAL,Dallas Mavericks,1610612737,ATL,Atlanta Hawks,21,27,L,9,25,0.36,1,9,0.111,2,3,0.667,4,6,10,5,2,0,3,5,-6,10,19,0.526,2,6,0.333,5,6,0.833,2,12,14,9,2,2,5,6,6
0021500322,2015-12-09,2015-16,regular_season,False,1610612765,DET,Detroit Pistons,1610612763,MEM,Memphis Grizzlies,30,19,W,10,21,0.476,4,6,0.667,6,7,0.857,3,10,13,5,3,3,3,3,11,8,21,0.381,2,7,0.286,1,1,1.0,2,7,9,5,1,2,6,4,-11
0021500321,2015-12-09,2015-16,regular_season,False,1610612764,WAS,Washington Wizards,1610612745,HOU,Houston Rockets,30,26,W,10,19,0.526,2,4,0.5,8,8,1.0,3,10,13,5,0,1,8,6,4,9,23,0.391,5,11,0.455,3,6,0.5,2,6,8,6,2,0,5,7,-4
0021500320,2015-12-09,2015-16,regular_season,False,1610612766,CHA,Charlotte Hornets,1610612748,MIA,Miami Heat,29,19,W,12,22,0.545,3,9,0.333,2,3,0.667,1,13,14,9,0,2,0,4,10,7,21,0.333,0,4,0.0,5,5,1.0,1,10,11,3,0,2,1,2,-10
0021500319,2015-12-09,2015-16,regular_season,False,1610612738,BOS,Boston Celtics,1610612741,CHI,Chicago Bulls,27,30,L,12,24,0.5,1,7,0.143,2,2,1.0,3,6,9,5,3,1,3,6,-3,10,24,0.417,4,7,0.571,6,8,0.75,6,9,15,7,1,0,5,1,3
0021500323,2015-12-09,2015-16,regular_season,False,1610612761,TOR,Toronto Raptors,1610612759,SAS,San Antonio Spurs,26,25,W,9,17,0.529,2,5,0.4,6,7,0.857,1,6,7,5,4,0,4,5,1,9,17,0.529,3,6,0.5,4,4,1.0,1,7,8,6,1,0,5,5,-1
0021500329,2015-12-10,2015-16,regular_season,False,1610612751,BKN,Brooklyn Nets,1610612755,PHI,Philadelphia 76ers,28,31,L,11,13,0.846,1,1,1.0,5,5,1.0,0,4,4,6,0,0,7,6,-3,11,24,0.458,3,9,0.333,6,6,1.0,6,2,8,6,7,0,3,4,3
0021500330,2015-12-10,2015-16,regular_season,False,1610612741,CHI,Chicago Bulls,1610612746,LAC,LA Clippers,21,11,W,6,18,0.333,2,6,0.333,7,8,0.875,4,16,20,3,0,1,5,5,10,3,23,0.13,0,5,0.0,5,7,0.714,4,6,10,2,1,0,1,4,-10
0021500331,2015-12-10,2015-16,regular_season,False,1610612760,OKC,Oklahoma City Thunder,1610612737,ATL,Atlanta Hawks,25,21,W,8,19,0.421,1,3,0.333,8,10,0.8,3,9,12,6,3,0,4,2,4,8,19,0.421,2,6,0.333,3,5,0.6,1,7,8,4,2,1,4,7,-4
0021500332,2015-12-10,2015-16,regular_season,False,1610612758,SAC,Sacramento Kings,1610612752,NYK,New York Knicks,22,23,L,10,22,0.455,0,3,0.0,2,3,0.667,0,8,8,6,2,2,2,5,-1,9,21,0.429,4,6,0.667,1,3,0.333,3,12,15,7,1,2,6,3,1
0021500343,2015-12-11,2015-16,regular_season,False,1610612756,PHX,Phoenix Suns,1610612757,POR,Portland Trail Blazers,35,24,W,11,19,0.579,7,12,0.583,6,9,0.667,1,10,11,7,2,4,2,2,11,10,25,0.4,3,7,0.429,1,1,1.0,4,8,12,5,1,1,3,6,-11
0021500341,2015-12-11,2015-16,regular_season,False,1610612762,UTA,Utah Jazz,1610612760,OKC,Oklahoma City Thunder,29,25,W,11,19,0.579,2,6,0.333,5,6,0.833,1,6,7,8,2,1,4,3,4,10,19,0.526,1,3,0.333,4,4,1.0,2,8,10,4,2,0,6,5,-4
0021500340,2015-12-11,2015-16,regular_season,False,1610612743,DEN,Denver Nuggets,1610612750,MIN,Minnesota Timberwolves,18,27,L,6,21,0.286,0,4,0.0,6,6,1.0,2,11,13,4,1,1,4,7,-9,9,21,0.429,2,4,0.5,7,7,1.0,1,9,10,6,1,2,2,5,9
0021500339,2015-12-11,2015-16,regular_season,False,1610612740,NOP,New Orleans Pelicans,1610612764,WAS,Washington Wizards,26,27,L,11,20,0.55,2,5,0.4,2,4,0.5,3,8,11,4,2,0,4,6,-1,10,16,0.625,3,5,0.6,4,6,0.667,0,4,4,6,2,0,3,4,1
0021500338,2015-12-11,2015-16,regular_season,False,1610612763,MEM,Memphis Grizzlies,1610612766,CHA,Charlotte Hornets,19,30,L,8,25,0.32,1,5,0.2,2,4,0.5,4,8,12,4,1,0,2,11,-11,7,18,0.389,2,9,0.222,14,15,0.933,3,10,13,4,1,3,3,4,11
0021500342,2015-12-11,2015-16,regular_season,False,1610612759,SAS,San Antonio Spurs,1610612747,LAL,Los Angeles Lakers,20,22,L,7,16,0.438,2,4,0.5,4,7,0.571,0,9,9,6,3,0,5,3,-2,9,21,0.429,3,8,0.375,1,1,1.0,1,8,9,5,4,1,5,7,2
0021500336,2015-12-11,2015-16,regular_season,False,1610612738,BOS,Boston Celtics,1610612744,GSW,Golden State Warriors,28,31,L,13,23,0.565,0,2,0.0,2,7,0.286,1,7,8,6,0,2,2,7,-3,11,21,0.524,2,6,0.333,7,10,0.7,1,10,11,8,1,4,3,8,3
0021500335,2015-12-11,2015-16,regular_season,False,1610612755,PHI,Philadelphia 76ers,1610612765,DET,Detroit Pistons,32,23,W,12,20,0.6,4,7,0.571,4,8,0.5,5,9,14,7,1,1,4,5,9,9,25,0.36,1,5,0.2,4,6,0.667,6,4,10,4,2,2,2,5,-9
0021500334,2015-12-11,2015-16,regular_season,False,1610612753,ORL,Orlando Magic,1610612739,CLE,Cleveland Cavaliers,17,31,L,7,20,0.35,2,7,0.286,1,2,0.5,1,5,6,6,4,0,6,8,-14,13,20,0.65,0,3,0.0,5,6,0.833,1,12,13,8,3,0,5,5,14
0021500333,2015-12-11,2015-16,regular_season,False,1610612754,IND,Indiana Pacers,1610612748,MIA,Miami Heat,27,27,W,7,21,0.333,3,9,0.333,10,10,1.0,1,7,8,6,4,2,2,3,0,12,20,0.6,2,5,0.4,1,2,0.5,0,13,13,5,1,2,6,7,0
0021500337,2015-12-11,2015-16,regular_season,False,1610612761,TOR,Toronto Raptors,1610612749,MIL,Milwaukee Bucks,25,14,W,8,22,0.364,3,7,0.429,6,9,0.667,4,6,10,5,2,2,0,5,11,5,22,0.227,0,3,0.0,4,4,1.0,5,12,17,1,0,2,6,7,-11
0021500352,2015-12-12,2015-16,regular_season,False,1610612757,POR,Portland Trail Blazers,1610612752,NYK,New York Knicks,27,34,L,10,20,0.5,2,4,0.5,5,7,0.714,3,5,8,5,1,0,3,9,-7,10,18,0.556,4,7,0.571,10,11,0.909,2,6,8,5,0,0,2,6,7
0021500351,2015-12-12,2015-16,regular_season,False,1610612749,MIL,Milwaukee Bucks,1610612744,GSW,Golden State Warriors,29,20,W,11,19,0.579,2,3,0.667,5,6,0.833,1,8,9,11,3,1,5,6,9,8,22,0.364,0,3,0.0,4,5,0.8,5,5,10,6,3,1,6,6,-9
0021500350,2015-12-12,2015-16,regular_season,False,1610612742,DAL,Dallas Mavericks,1610612764,WAS,Washington Wizards,22,25,L,9,23,0.391,3,9,0.333,1,2,0.5,4,10,14,6,0,1,6,2,-3,10,21,0.476,2,8,0.25,3,5,0.6,0,8,8,7,2,1,1,4,3
0021500348,2015-12-12,2015-16,regular_season,False,1610612741,CHI,Chicago Bulls,1610612740,NOP,New Orleans Pelicans,22,17,W,8,23,0.348,2,7,0.286,4,5,0.8,2,10,12,5,2,2,1,2,5,8,20,0.4,0,1,0.0,1,2,0.5,1,12,13,4,1,2,5,7,-5
0021500349,2015-12-12,2015-16,regular_season,False,1610612745,HOU,Houston Rockets,1610612747,LAL,Los Angeles Lakers,31,21,W,12,21,0.571,3,5,0.6,4,11,0.364,5,11,16,7,2,2,4,3,10,7,23,0.304,2,7,0.286,5,5,1.0,4,7,11,2,3,1,5,8,-10
0021500346,2015-12-12,2015-16,regular_season,False,1610612765,DET,Detroit Pistons,1610612754,IND,Indiana Pacers,37,26,W,12,19,0.632,6,8,0.75,7,8,0.875,1,9,10,5,4,0,4,4,11,11,20,0.55,2,3,0.667,2,4,0.5,1,4,5,5,2,1,6,6,-11
0021500345,2015-12-12,2015-16,regular_season,False,1610612766,CHA,Charlotte Hornets,1610612738,BOS,Boston Celtics,25,22,W,9,21,0.429,3,9,0.333,4,4,1.0,1,12,13,4,0,1,3,0,3,11,24,0.458,0,3,0.0,0,0,0.0,0,10,10,6,1,2,2,3,-3
0021500344,2015-12-12,2015-16,regular_season,False,1610612751,BKN,Brooklyn Nets,1610612746,LAC,LA Clippers,24,29,L,6,21,0.286,0,4,0.0,12,13,0.923,6,7,13,2,3,1,3,6,-5,11,20,0.55,5,9,0.556,2,4,0.5,1,10,11,7,3,0,4,7,5
0021500347,2015-12-12,2015-16,regular_season,False,1610612737,ATL,Atlanta Hawks,1610612759,SAS,San Antonio Spurs,12,25,L,4,18,0.222,1,6,0.167,3,4,0.75,1,6,7,4,4,1,5,5,-13,9,17,0.529,2,3,0.667,5,5,1.0,0,14,14,5,2,1,6,4,13
0021500353,2015-12-13,2015-16,regular_season,False,1610612756,PHX,Phoenix Suns,1610612750,MIN,Minnesota Timberwolves,30,22,W,11,20,0.55,2,7,0.286,6,7,0.857,2,6,8,9,4,2,2,9,8,5,15,0.333,2,6,0.333,10,14,0.714,2,6,8,2,1,0,9,9,-8
0021500354,2015-12-13,2015-16,regular_season,False,1610612748,MIA,Miami Heat,1610612763,MEM,Memphis Grizzlies,27,29,L,11,19,0.579,1,5,0.2,4,5,0.8,1,4,5,4,2,1,1,4,-2,13,20,0.65,1,3,0.333,2,3,0.667,1,7,8,7,1,0,2,6,2
0021500355,2015-12-13,2015-16,regular_season,False,1610612761,TOR,Toronto Raptors,1610612755,PHI,Philadelphia 76ers,20,20,W,7,24,0.292,2,8,0.25,4,4,1.0,2,6,8,3,2,1,2,2,0,8,20,0.4,4,9,0.444,0,0,0.0,3,12,15,5,0,2,8,1,0
0021500356,2015-12-13,2015-16,regular_season,False,1610612760,OKC,Oklahoma City Thunder,1610612762,UTA,Utah Jazz,22,30,L,6,19,0.316,1,2,0.5,9,11,0.818,3,8,11,4,1,4,3,4,-8,11,20,0.55,4,5,0.8,4,5,0.8,1,8,9,4,2,1,3,9,8
0021500363,2015-12-14,2015-16,regular_season,False,1610612742,DAL,Dallas Mavericks,1610612756,PHX,Phoenix Suns,21,22,L,8,22,0.364,3,9,0.333,2,4,0.5,0,9,9,3,4,0,2,5,-1,8,20,0.4,1,6,0.167,5,6,0.833,4,13,17,3,1,2,6,5,1
0021500365,2015-12-14,2015-16,regular_season,False,1610612743,DEN,Denver Nuggets,1610612745,HOU,Houston Rockets,18,36,L,7,23,0.304,1,6,0.167,3,4,0.75,4,7,11,5,0,1,6,6,-18,12,23,0.522,6,12,0.5,6,8,0.75,3,9,12,8,6,0,0,4,18
0021500366,2015-12-14,2015-16,regular_season,False,1610612757,POR,Portland Trail Blazers,1610612740,NOP,New Orleans Pelicans,24,17,W,8,22,0.364,4,12,0.333,4,4,1.0,3,15,18,6,2,1,5,7,7,3,18,0.167,0,4,0.0,11,12,0.917,0,10,10,1,4,2,2,4,-7
0021500362,2015-12-14,2015-16,regular_season,False,1610612763,MEM,Memphis Grizzlies,1610612764,WAS,Washington Wizards,32,25,W,15,20,0.75,2,3,0.667,0,0,0.0,1,6,7,7,2,3,4,5,7,10,21,0.476,2,3,0.667,3,3,1.0,1,4,5,5,3,0,3,3,-7
0021500364,2015-12-14,2015-16,regular_season,False,1610612759,SAS,San Antonio Spurs,1610612762,UTA,Utah Jazz,30,21,W,8,16,0.5,1,3,0.333,13,13,1.0,2,10,12,4,2,0,3,6,9,6,20,0.3,0,2,0.0,9,10,0.9,3,6,9,3,2,0,4,11,-9
0021500360,2015-12-14,2015-16,regular_season,False,1610612737,ATL,Atlanta Hawks,1610612748,MIA,Miami Heat,18,25,L,7,20,0.35,2,8,0.25,2,2,1.0,2,7,9,6,3,0,5,6,-7,10,23,0.435,1,2,0.5,4,4,1.0,4,11,15,8,3,0,4,2,7
0021500357,2015-12-14,2015-16,regular_season,False,1610612754,IND,Indiana Pacers,1610612761,TOR,Toronto Raptors,25,13,W,9,22,0.409,2,5,0.4,5,5,1.0,3,12,15,3,3,1,4,5,12,3,15,0.2,2,6,0.333,5,6,0.833,0,9,9,2,3,2,8,8,-12
0021500361,2015-12-14,2015-16,regular_season,False,1610612741,CHI,Chicago Bulls,1610612755,PHI,Philadelphia 76ers,27,37,L,9,20,0.45,3,8,0.375,6,7,0.857,1,7,8,9,0,0,3,2,-10,16,25,0.64,4,10,0.4,1,2,0.5,2,7,9,10,1,3,0,4,10
0021500359,2015-12-14,2015-16,regular_season,False,1610612765,DET,Detroit Pistons,1610612746,LAC,LA Clippers,12,21,L,5,18,0.278,0,3,0.0,2,4,0.5,3,11,14,3,2,0,9,5,-9,9,23,0.391,0,4,0.0,3,3,1.0,2,9,11,4,4,0,4,5,9
0021500358,2015-12-14,2015-16,regular_season,False,1610612751,BKN,Brooklyn Nets,1610612753,ORL,Orlando Magic,20,27,L,7,21,0.333,0,2,0.0,6,6,1.0,3,10,13,4,1,0,3,4,-7,9,22,0.409,4,7,0.571,5,6,0.833,3,10,13,7,2,1,3,4,7
0021500367,2015-12-15,2015-16,regular_season,False,1610612738,BOS,Boston Celtics,1610612739,CLE,Cleveland Cavaliers,21,17,W,6,18,0.333,2,6,0.333,7,8,0.875,2,9,11,4,2,2,3,4,4,6,17,0.353,0,4,0.0,5,5,1.0,0,10,10,1,1,2,5,5,-4
0021500368,2015-12-15,2015-16,regular_season,False,1610612750,MIN,Minnesota Timberwolves,1610612743,DEN,Denver Nuggets,25,36,L,9,17,0.529,1,2,0.5,6,6,1.0,2,3,5,4,1,1,3,3,-11,15,23,0.652,5,6,0.833,1,2,0.5,3,5,8,9,3,0,1,6,11
0021500369,2015-12-15,2015-16,regular_season,False,1610612758,SAC,Sacramento Kings,1610612745,HOU,Houston Rockets,26,19,W,9,19,0.474,2,4,0.5,6,9,0.667,3,9,12,5,4,2,8,7,7,5,14,0.357,2,7,0.286,7,10,0.7,1,7,8,4,4,1,8,9,-7
0021500370,2015-12-15,2015-16,regular_season,False,1610612747,LAL,Los Angeles Lakers,1610612749,MIL,Milwaukee Bucks,25,21,W,7,21,0.333,2,7,0.286,9,11,0.818,5,8,13,6,2,0,2,5,4,8,19,0.421,2,3,0.667,3,4,0.75,3,8,11,5,2,1,4,10,-4
0021500381,2015-12-16,2015-16,regular_season,False,1610612744,GSW,Golden State Warriors,1610612756,PHX,Phoenix Suns,33,18,W,12,25,0.48,5,11,0.455,4,4,1.0,5,11,16,7,3,2,3,3,15,7,21,0.333,1,6,0.167,3,3,1.0,1,7,8,4,1,2,5,5,-15
0021500380,2015-12-16,2015-16,regular_season,False,1610612762,UTA,Utah Jazz,1610612740,NOP,New Orleans Pelicans,26,24,W,8,17,0.471,3,3,1.0,7,9,0.778,1,8,9,5,1,0,2,6,2,8,19,0.421,2,7,0.286,6,6,1.0,3,9,12,2,0,2,2,9,-2
0021500379,2015-12-16,2015-16,regular_season,False,1610612759,SAS,San Antonio Spurs,1610612764,WAS,Washington Wizards,29,21,W,10,20,0.5,0,4,0.0,9,12,0.75,2,12,14,4,4,2,3,7,8,7,20,0.35,0,5,0.0,7,9,0.778,2,7,9,4,1,1,4,8,-8
0021500378,2015-12-16,2015-16,regular_season,False,1610612760,OKC,Oklahoma City Thunder,1610612757,POR,Portland Trail Blazers,21,19,W,4,16,0.25,0,3,0.0,13,20,0.65,5,9,14,2,3,2,4,5,2,6,22,0.273,3,7,0.429,4,5,0.8,7,9,16,1,1,2,8,12,-2
0021500377,2015-12-16,2015-16,regular_season,False,1610612741,CHI,Chicago Bulls,1610612763,MEM,Memphis Grizzlies,20,27,L,6,22,0.273,4,10,0.4,4,5,0.8,4,9,13,4,0,1,6,6,-7,10,22,0.455,1,6,0.167,6,11,0.545,3,9,12,8,3,2,1,5,7
0021500374,2015-12-16,2015-16,regular_season,False,1610612765,DET,Detroit Pistons,1610612738,BOS,Boston Celtics,37,27,W,12,20,0.6,4,5,0.8,9,10,0.9,2,8,10,4,1,0,4,5,10,10,19,0.526,1,3,0.333,6,6,1.0,1,7,8,4,1,0,4,9,-10
0021500375,2015-12-16,2015-16,regular_season,False,1610612752,NYK,New York Knicks,1610612750,MIN,Minnesota Timberwolves,33,14,W,12,23,0.522,4,7,0.571,5,6,0.833,5,12,17,7,1,3,3,3,19,6,26,0.231,0,3,0.0,2,2,1.0,6,6,12,3,2,0,3,6,-19
0021500373,2015-12-16,2015-16,regular_season,False,1610612751,BKN,Brooklyn Nets,1610612748,MIA,Miami Heat,20,33,L,9,20,0.45,0,1,0.0,2,4,0.5,1,7,8,6,2,1,2,6,-13,11,18,0.611,3,5,0.6,8,10,0.8,1,11,12,4,2,2,2,3,13
0021500382,2015-12-16,2015-16,regular_season,False,1610612746,LAC,LA Clippers,1610612749,MIL,Milwaukee Bucks,25,22,W,9,21,0.429,1,3,0.333,6,7,0.857,2,9,11,7,2,0,3,3,3,9,22,0.409,1,6,0.167,3,5,0.6,4,9,13,4,2,2,3,6,-3
0021500371,2015-12-16,2015-16,regular_season,False,1610612754,IND,Indiana Pacers,1610612742,DAL,Dallas Mavericks,25,28,L,11,20,0.55,1,4,0.25,2,8,0.25,2,8,10,6,3,0,2,4,-3,11,20,0.55,4,8,0.5,2,2,1.0,1,10,11,3,1,0,4,7,3
0021500376,2015-12-16,2015-16,regular_season,False,1610612737,ATL,Atlanta Hawks,1610612755,PHI,Philadelphia 76ers,34,32,W,15,22,0.682,1,5,0.2,3,4,0.75,2,4,6,9,4,0,1,6,2,12,17,0.706,5,7,0.714,3,4,0.75,1,5,6,6,0,0,5,3,-2
0021500372,2015-12-16,2015-16,regular_season,False,1610612753,ORL,Orlando Magic,1610612766,CHA,Charlotte Hornets,28,22,W,12,21,0.571,4,8,0.5,0,0,0.0,3,10,13,9,2,1,5,3,6,9,20,0.45,3,7,0.429,1,1,1.0,1,5,6,6,4,0,4,2,-6
0021500385,2015-12-17,2015-16,regular_season,False,1610612747,LAL,Los Angeles Lakers,1610612745,HOU,Houston Rockets,21,23,L,8,23,0.348,3,9,0.333,2,7,0.286,7,8,15,6,0,2,2,3,-2,9,22,0.409,1,4,0.25,4,4,1.0,4,8,12,7,1,1,1,7,2
0021500383,2015-12-17,2015-16,regular_season,False,1610612766,CHA,Charlotte Hornets,1610612761,TOR,Toronto Raptors,31,24,W,12,22,0.545,3,9,0.333,4,5,0.8,1,8,9,6,2,2,0,5,7,9,20,0.45,2,8,0.25,4,7,0.571,4,7,11,5,0,1,3,5,-7
0021500384,2015-12-17,2015-16,regular_season,False,1610612739,CLE,Cleveland Cavaliers,1610612760,OKC,Oklahoma City Thunder,20,19,W,8,18,0.444,2,4,0.5,2,2,1.0,0,8,8,6,1,0,3,5,1,9,20,0.45,0,3,0.0,1,4,0.25,2,10,12,4,0,2,3,5,-1
0021500395,2015-12-18,2015-16,regular_season,False,1610612762,UTA,Utah Jazz,1610612743,DEN,Denver Nuggets,23,26,L,9,24,0.375,2,11,0.182,3,5,0.6,2,7,9,3,4,0,3,9,-3,7,16,0.438,1,3,0.333,11,13,0.846,4,11,15,2,1,2,6,6,3
0021500397,2015-12-18,2015-16,regular_season,False,1610612744,GSW,Golden State Warriors,1610612749,MIL,Milwaukee Bucks,25,34,L,9,25,0.36,1,7,0.143,6,6,1.0,4,4,8,7,2,0,2,7,-9,12,20,0.6,2,3,0.667,8,9,0.889,3,10,13,7,1,0,5,6,9
0021500396,2015-12-18,2015-16,regular_season,False,1610612756,PHX,Phoenix Suns,1610612740,NOP,New Orleans Pelicans,25,25,W,10,18,0.556,2,4,0.5,3,4,0.75,3,5,8,7,4,0,7,9,0,7,14,0.5,0,3,0.0,11,12,0.917,0,5,5,5,3,0,5,5,0
0021500394,2015-12-18,2015-16,regular_season,False,1610612742,DAL,Dallas Mavericks,1610612763,MEM,Memphis Grizzlies,30,23,W,9,16,0.562,4,9,0.444,8,10,0.8,2,7,9,8,2,1,6,5,7,7,15,0.467,1,3,0.333,8,9,0.889,1,5,6,3,2,0,5,9,-7
0021500392,2015-12-18,2015-16,regular_season,False,1610612750,MIN,Minnesota Timberwolves,1610612758,SAC,Sacramento Kings,27,30,L,12,22,0.545,2,5,0.4,1,1,1.0,3,7,10,5,0,1,4,6,-3,10,18,0.556,2,6,0.333,8,10,0.8,2,4,6,6,3,2,2,3,3
0021500393,2015-12-18,2015-16,regular_season,False,1610612759,SAS,San Antonio Spurs,1610612746,LAC,LA Clippers,29,25,W,12,22,0.545,3,4,0.75,2,3,0.667,3,6,9,7,4,0,6,5,4,9,16,0.562,3,5,0.6,4,6,0.667,2,6,8,6,3,4,6,4,-4
0021500390,2015-12-18,2015-16,regular_season,False,1610612748,MIA,Miami Heat,1610612761,TOR,Toronto Raptors,30,23,W,12,22,0.545,4,7,0.571,2,2,1.0,2,11,13,8,0,1,3,5,7,9,22,0.409,3,8,0.375,2,4,0.5,1,7,8,6,3,2,1,1,-7
0021500389,2015-12-18,2015-16,regular_season,False,1610612738,BOS,Boston Celtics,1610612737,ATL,Atlanta Hawks,18,23,L,5,18,0.278,1,8,0.125,7,8,0.875,0,12,12,2,1,0,5,5,-5,9,21,0.429,1,4,0.25,4,5,0.8,0,12,12,4,2,3,4,7,5
0021500388,2015-12-18,2015-16,regular_season,False,1610612755,PHI,Philadelphia 76ers,1610612752,NYK,New York Knicks,21,35,L,8,18,0.444,2,6,0.333,3,7,0.429,0,5,5,5,1,0,5,7,-14,12,21,0.571,2,6,0.333,9,12,0.75,4,10,14,7,3,2,2,5,14
0021500387,2015-12-18,2015-16,regular_season,False,1610612753,ORL,Orlando Magic,1610612757,POR,Portland Trail Blazers,20,22,L,7,19,0.368,0,5,0.0,6,9,0.667,4,10,14,3,3,1,4,6,-2,6,19,0.316,2,5,0.4,8,12,0.667,4,10,14,4,1,0,3,6,2
0021500386,2015-12-18,2015-16,regular_season,False,1610612754,IND,Indiana Pacers,1610612751,BKN,Brooklyn Nets,26,29,L,11,21,0.524,0,6,0.0,4,5,0.8,3,7,10,6,0,0,2,4,-3,11,19,0.579,1,2,0.5,6,6,1.0,0,6,6,6,0,0,1,4,3
0021500391,2015-12-18,2015-16,regular_season,False,1610612741,CHI,Chicago Bulls,1610612765,DET,Detroit Pistons,25,25,L,9,24,0.375,2,5,0.4,5,5,1.0,5,8,13,6,0,1,3,11,0,6,15,0.4,0,2,0.0,13,18,0.722,2,10,12,2,1,1,2,4,0
0021500401,2015-12-19,2015-16,regular_season,False,1610612745,HOU,Houston Rockets,1610612746,LAC,LA Clippers,19,29,L,5,17,0.294,1,5,0.2,8,19,0.421,4,10,14,4,1,1,5,8,-10,11,22,0.5,3,9,0.333,4,8,0.5,0,11,11,9,1,0,3,13,10
0021500398,2015-12-19,2015-16,regular_season,False,1610612760,OKC,Oklahoma City Thunder,1610612747,LAL,Los Angeles Lakers,32,26,W,12,20,0.6,2,3,0.667,6,8,0.75,2,10,12,6,0,0,2,5,6,8,23,0.348,2,7,0.286,8,9,0.889,3,5,8,2,2,0,1,5,-6
0021500399,2015-12-19,2015-16,regular_season,False,1610612764,WAS,Washington Wizards,1610612766,CHA,Charlotte Hornets,31,26,W,12,22,0.545,4,7,0.571,3,4,0.75,3,5,8,8,4,0,3,1,5,12,23,0.522,1,6,0.167,1,1,1.0,6,7,13,6,1,2,7,4,-5
0021500400,2015-12-19,2015-16,regular_season,False,1610612752,NYK,New York Knicks,1610612741,CHI,Chicago Bulls,24,21,W,11,26,0.423,1,5,0.2,1,2,0.5,9,7,16,6,1,0,5,5,3,9,22,0.409,1,5,0.2,2,4,0.5,6,6,12,3,4,0,4,5,-3
0021500402,2015-12-19,2015-16,regular_season,False,1610612763,MEM,Memphis Grizzlies,1610612754,IND,Indiana Pacers,23,27,L,7,19,0.368,1,6,0.167,8,10,0.8,2,7,9,4,2,3,2,5,-4,10,21,0.476,2,5,0.4,5,6,0.833,3,7,10,5,2,0,3,9,4
0021500409,2015-12-20,2015-16,regular_season,False,1610612743,DEN,Denver Nuggets,1610612740,NOP,New Orleans Pelicans,43,31,W,17,26,0.654,6,7,0.857,3,4,0.75,5,6,11,10,2,0,2,7,12,8,18,0.444,4,8,0.5,11,14,0.786,2,3,5,5,0,3,3,5,-12
0021500408,2015-12-20,2015-16,regular_season,False,1610612761,TOR,Toronto Raptors,1610612758,SAC,Sacramento Kings,30,18,W,10,27,0.37,1,7,0.143,9,9,1.0,4,12,16,0,3,0,1,4,12,7,18,0.389,1,4,0.25,3,6,0.5,1,10,11,3,1,2,6,8,-12
0021500406,2015-12-20,2015-16,regular_season,False,1610612756,PHX,Phoenix Suns,1610612749,MIL,Milwaukee Bucks,27,18,W,11,24,0.458,2,7,0.286,3,4,0.75,2,13,15,6,0,0,2,5,9,7,18,0.389,0,3,0.0,4,8,0.5,0,10,10,3,2,2,2,5,-9
0021500407,2015-12-20,2015-16,regular_season,False,1610612753,ORL,Orlando Magic,1610612737,ATL,Atlanta Hawks,13,27,L,5,19,0.263,0,1,0.0,3,3,1.0,1,8,9,4,0,2,4,4,-14,11,23,0.478,2,7,0.286,3,4,0.75,2,11,13,6,2,1,0,4,14
0021500404,2015-12-20,2015-16,regular_season,False,1610612748,MIA,Miami Heat,1610612757,POR,Portland Trail Blazers,29,30,L,11,19,0.579,4,6,0.667,3,4,0.75,1,6,7,7,3,2,6,3,-1,11,20,0.55,4,9,0.444,4,4,1.0,1,7,8,6,4,0,5,5,1
0021500403,2015-12-20,2015-16,regular_season,False,1610612751,BKN,Brooklyn Nets,1610612750,MIN,Minnesota Timberwolves,27,26,W,10,21,0.476,2,4,0.5,5,6,0.833,2,11,13,8,1,0,5,3,1,11,24,0.458,1,3,0.333,3,3,1.0,2,9,11,9,4,1,3,5,-1
0021500405,2015-12-20,2015-16,regular_season,False,1610612739,CLE,Cleveland Cavaliers,1610612755,PHI,Philadelphia 76ers,34,13,W,12,23,0.522,4,7,0.571,6,7,0.857,1,8,9,8,6,3,1,5,21,4,21,0.19,1,6,0.167,4,6,0.667,6,7,13,2,1,1,10,7,-21
0021500418,2015-12-21,2015-16,regular_season,False,1610612746,LAC,LA Clippers,1610612760,OKC,Oklahoma City Thunder,23,27,L,10,23,0.435,0,6,0.0,5,8,0.625,5,7,12,5,1,2,4,6,-4,9,18,0.5,0,3,0.0,9,11,0.818,3,8,11,4,2,1,4,8,4
0021500416,2015-12-21,2015-16,regular_season,False,1610612759,SAS,San Antonio Spurs,1610612754,IND,Indiana Pacers,27,27,W,12,22,0.545,2,6,0.333,1,1,1.0,0,7,7,4,4,0,2,4,0,10,19,0.526,3,5,0.6,4,5,0.8,2,10,12,5,2,0,6,3,0
0021500415,2015-12-21,2015-16,regular_season,False,1610612745,HOU,Houston Rockets,1610612766,CHA,Charlotte Hornets,18,16,W,8,17,0.471,0,6,0.0,2,5,0.4,2,12,14,3,0,0,7,6,2,6,22,0.273,2,10,0.2,2,3,0.667,2,6,8,4,5,2,3,5,-2
0021500414,2015-12-21,2015-16,regular_season,False,1610612741,CHI,Chicago Bulls,1610612751,BKN,Brooklyn Nets,33,29,W,14,26,0.538,4,6,0.667,1,3,0.333,6,4,10,12,4,2,3,3,4,13,22,0.591,2,4,0.5,1,2,0.5,3,7,10,8,2,0,4,2,-4
0021500417,2015-12-21,2015-16,regular_season,False,1610612762,UTA,Utah Jazz,1610612756,PHX,Phoenix Suns,21,22,L,7,20,0.35,2,7,0.286,5,7,0.714,5,7,12,3,3,2,5,4,-1,8,17,0.471,4,8,0.5,2,4,0.5,2,8,10,5,1,0,6,6,1
0021500412,2015-12-21,2015-16,regular_season,False,1610612752,NYK,New York Knicks,1610612753,ORL,Orlando Magic,25,23,W,9,21,0.429,2,7,0.286,5,7,0.714,0,11,11,3,1,2,0,2,2,9,24,0.375,3,7,0.429,2,3,0.667,3,13,16,6,0,2,2,5,-2
0021500411,2015-12-21,2015-16,regular_season,False,1610612738,BOS,Boston Celtics,1610612750,MIN,Minnesota Timberwolves,26,27,L,9,20,0.45,4,9,0.444,4,7,0.571,3,10,13,9,1,2,4,4,-1,11,21,0.524,0,4,0.0,5,8,0.625,2,9,11,4,1,3,1,7,1
0021500410,2015-12-21,2015-16,regular_season,False,1610612764,WAS,Washington Wizards,1610612758,SAC,Sacramento Kings,29,24,W,10,18,0.556,1,2,0.5,8,9,0.889,0,9,9,7,4,0,3,5,5,10,21,0.476,1,7,0.143,3,5,0.6,2,7,9,6,3,1,5,6,-5
0021500413,2015-12-21,2015-16,regular_season,False,1610612737,ATL,Atlanta Hawks,1610612757,POR,Portland Trail Blazers,29,26,W,11,23,0.478,3,11,0.273,4,5,0.8,1,9,10,6,2,0,1,5,3,9,18,0.5,2,6,0.333,6,8,0.75,1,11,12,7,0,2,4,3,-3
0021500419,2015-12-22,2015-16,regular_season,False,1610612755,PHI,Philadelphia 76ers,1610612763,MEM,Memphis Grizzlies,24,22,W,8,21,0.381,2,6,0.333,6,12,0.5,6,10,16,5,2,1,7,6,2,6,19,0.316,0,3,0.0,10,11,0.909,2,8,10,3,2,1,3,6,-2
0021500420,2015-12-22,2015-16,regular_season,False,1610612748,MIA,Miami Heat,1610612765,DET,Detroit Pistons,18,36,L,8,20,0.4,2,7,0.286,0,0,0.0,1,4,5,3,1,1,1,3,-18,13,22,0.591,7,13,0.538,3,4,0.75,6,9,15,6,0,0,2,2,18
0021500421,2015-12-22,2015-16,regular_season,False,1610612761,TOR,Toronto Raptors,1610612742,DAL,Dallas Mavericks,17,20,L,8,19,0.421,1,4,0.25,0,0,0.0,2,12,14,4,2,1,6,5,-3,8,21,0.381,0,5,0.0,4,4,1.0,0,8,8,0,2,3,2,3,3
0021500422,2015-12-22,2015-16,regular_season,False,1610612743,DEN,Denver Nuggets,1610612747,LAL,Los Angeles Lakers,30,25,W,12,26,0.462,0,5,0.0,6,7,0.857,5,9,14,8,0,1,2,7,5,8,20,0.4,1,8,0.125,8,9,0.889,4,6,10,2,1,1,5,7,-5
0021500431,2015-12-23,2015-16,regular_season,False,1610612750,MIN,Minnesota Timberwolves,1610612759,SAS,San Antonio Spurs,22,24,L,8,21,0.381,1,2,0.5,5,5,1.0,2,6,8,5,1,1,4,4,-2,11,21,0.524,2,6,0.333,0,0,0.0,3,9,12,8,2,4,5,4,2
0021500435,2015-12-23,2015-16,regular_season,False,1610612747,LAL,Los Angeles Lakers,1610612760,OKC,Oklahoma City Thunder,29,30,L,11,23,0.478,4,7,0.571,3,3,1.0,1,7,8,5,1,0,4,5,-1,13,21,0.619,0,4,0.0,4,5,0.8,2,7,9,7,1,4,3,4,1
0021500434,2015-12-23,2015-16,regular_season,False,1610612744,GSW,Golden State Warriors,1610612762,UTA,Utah Jazz,24,25,L,10,22,0.455,2,6,0.333,2,2,1.0,2,6,8,8,1,1,1,5,-1,9,16,0.562,2,3,0.667,5,6,0.833,2,8,10,5,1,0,3,3,1
0021500433,2015-12-23,2015-16,regular_season,False,1610612756,PHX,Phoenix Suns,1610612743,DEN,Denver Nuggets,29,23,W,9,18,0.5,5,6,0.833,6,9,0.667,1,8,9,5,2,0,2,4,6,10,22,0.455,3,9,0.333,0,3,0.0,4,9,13,5,0,0,5,7,-6
0021500432,2015-12-23,2015-16,regular_season,False,1610612740,NOP,New Orleans Pelicans,1610612757,POR,Portland Trail Blazers,27,13,W,10,23,0.435,2,5,0.4,5,5,1.0,1,16,17,6,2,6,3,5,14,5,26,0.192,1,9,0.111,2,4,0.5,4,12,16,3,2,3,5,6,-14
0021500430,2015-12-23,2015-16,regular_season,False,1610612749,MIL,Milwaukee Bucks,1610612755,PHI,Philadelphia 76ers,30,28,W,13,22,0.591,2,4,0.5,2,2,1.0,2,8,10,10,3,5,4,8,2,7,18,0.389,4,6,0.667,10,16,0.625,4,6,10,5,4,2,5,3,-2
0021500426,2015-12-23,2015-16,regular_season,False,1610612753,ORL,Orlando Magic,1610612745,HOU,Houston Rockets,32,20,W,13,27,0.481,5,9,0.556,1,2,0.5,5,8,13,9,3,0,1,1,12,9,21,0.429,2,6,0.333,0,0,0.0,3,9,12,6,1,0,5,3,-12
0021500428,2015-12-23,2015-16,regular_season,False,1610612751,BKN,Brooklyn Nets,1610612742,DAL,Dallas Mavericks,27,32,L,12,26,0.462,1,1,1.0,2,3,0.667,6,2,8,7,5,0,2,4,-5,11,16,0.688,5,7,0.714,5,5,1.0,1,6,7,6,0,3,8,3,5
0021500427,2015-12-23,2015-16,regular_season,False,1610612764,WAS,Washington Wizards,1610612763,MEM,Memphis Grizzlies,34,30,W,10,17,0.588,3,7,0.429,11,15,0.733,1,5,6,9,1,0,3,7,4,10,17,0.588,1,6,0.167,9,12,0.75,3,7,10,4,3,1,4,7,-4
0021500425,2015-12-23,2015-16,regular_season,False,1610612754,IND,Indiana Pacers,1610612758,SAC,Sacramento Kings,22,34,L,8,23,0.348,1,6,0.167,5,7,0.714,2,8,10,3,1,3,2,5,-12,13,28,0.464,2,7,0.286,6,8,0.75,4,14,18,6,2,2,1,4,12
0021500424,2015-12-23,2015-16,regular_season,False,1610612739,CLE,Cleveland Cavaliers,1610612752,NYK,New York Knicks,24,26,L,7,21,0.333,0,5,0.0,10,11,0.909,4,9,13,6,1,1,2,9,-2,6,17,0.353,1,3,0.333,13,14,0.929,2,11,13,4,1,1,3,7,2
0021500423,2015-12-23,2015-16,regular_season,False,1610612766,CHA,Charlotte Hornets,1610612738,BOS,Boston Celtics,19,18,W,4,20,0.2,0,4,0.0,11,14,0.786,5,12,17,3,2,2,4,7,1,5,22,0.227,1,8,0.125,7,10,0.7,3,12,15,5,3,1,3,7,-1
0021500429,2015-12-23,2015-16,regular_season,False,1610612737,ATL,Atlanta Hawks,1610612765,DET,Detroit Pistons,34,19,W,13,25,0.52,3,7,0.429,5,7,0.714,5,13,18,8,4,1,4,8,15,6,22,0.273,1,5,0.2,6,13,0.462,5,7,12,4,3,2,5,5,-15
0021500440,2015-12-25,2015-16,regular_season,False,1610612747,LAL,Los Angeles Lakers,1610612746,LAC,LA Clippers,22,28,L,7,20,0.35,3,10,0.3,5,10,0.5,0,9,9,2,1,0,2,5,-6,10,25,0.4,2,5,0.4,6,7,0.857,4,12,16,5,1,0,2,6,6
0021500439,2015-12-25,2015-16,regular_season,False,1610612745,HOU,Houston Rockets,1610612759,SAS,San Antonio Spurs,13,21,L,5,17,0.294,0,2,0.0,3,5,0.6,1,8,9,4,3,0,7,5,-8,9,21,0.429,0,5,0.0,3,4,0.75,4,10,14,5,6,1,4,3,8
0021500438,2015-12-25,2015-16,regular_season,False,1610612744,GSW,Golden State Warriors,1610612739,CLE,Cleveland Cavaliers,17,23,L,6,19,0.316,1,5,0.2,4,6,0.667,2,9,11,3,1,1,5,7,-6,7,21,0.333,0,6,0.0,9,11,0.818,3,10,13,3,2,0,3,5,6
0021500436,2015-12-25,2015-16,regular_season,False,1610612748,MIA,Miami Heat,1610612740,NOP,New Orleans Pelicans,15,23,L,7,19,0.368,0,4,0.0,1,3,0.333,2,11,13,2,3,1,6,5,-8,8,20,0.4,1,6,0.167,6,6,1.0,1,11,12,4,3,1,4,2,8
0021500437,2015-12-25,2015-16,regular_season,False,1610612760,OKC,Oklahoma City Thunder,1610612741,CHI,Chicago Bulls,26,22,W,12,25,0.48,2,4,0.5,0,1,0.0,2,8,10,11,5,2,4,2,4,9,23,0.391,3,6,0.5,1,2,0.5,3,9,12,7,2,2,6,3,-4
0021500448,2015-12-26,2015-16,regular_season,False,1610612750,MIN,Minnesota Timberwolves,1610612754,IND,Indiana Pacers,23,22,W,10,19,0.526,3,3,1.0,0,0,0.0,1,8,9,7,0,1,5,3,1,10,22,0.455,0,4,0.0,2,2,1.0,3,8,11,4,3,0,4,1,-1
0021500452,2015-12-26,2015-16,regular_season,False,1610612762,UTA,Utah Jazz,1610612746,LAC,LA Clippers,27,30,L,11,16,0.688,1,4,0.25,4,7,0.571,0,5,5,6,2,1,6,7,-3,10,18,0.556,1,4,0.25,9,10,0.9,2,6,8,6,3,1,5,9,3
0021500451,2015-12-26,2015-16,regular_season,False,1610612756,PHX,Phoenix Suns,1610612755,PHI,Philadelphia 76ers,30,22,W,11,22,0.5,5,7,0.714,3,4,0.75,3,7,10,5,4,0,3,6,8,8,19,0.421,2,8,0.25,4,5,0.8,2,7,9,3,2,3,6,3,-8
0021500450,2015-12-26,2015-16,regular_season,False,1610612759,SAS,San Antonio Spurs,1610612743,DEN,Denver Nuggets,34,22,W,13,21,0.619,1,2,0.5,7,8,0.875,2,6,8,6,3,3,1,3,12,9,19,0.474,1,2,0.5,3,3,1.0,2,5,7,6,1,1,5,4,-12
0021500453,2015-12-26,2015-16,regular_season,False,1610612757,POR,Portland Trail Blazers,1610612739,CLE,Cleveland Cavaliers,29,22,W,12,23,0.522,4,8,0.5,1,2,0.5,1,9,10,10,0,1,0,4,7,7,19,0.368,4,8,0.5,4,5,0.8,2,8,10,6,0,0,3,5,-7
0021500447,2015-12-26,2015-16,regular_season,False,1610612751,BKN,Brooklyn Nets,1610612764,WAS,Washington Wizards,24,18,W,11,23,0.478,1,4,0.25,1,3,0.333,4,9,13,8,1,1,4,6,6,8,21,0.381,1,5,0.2,1,2,0.5,2,7,9,4,1,2,4,6,-6
0021500449,2015-12-26,2015-16,regular_season,False,1610612742,DAL,Dallas Mavericks,1610612741,CHI,Chicago Bulls,26,34,L,9,22,0.409,3,7,0.429,5,6,0.833,3,4,7,4,2,0,3,8,-8,11,19,0.579,3,6,0.5,9,10,0.9,3,9,12,6,1,2,3,4,8
0021500445,2015-12-26,2015-16,regular_season,False,1610612740,NOP,New Orleans Pelicans,1610612745,HOU,Houston Rockets,30,21,W,12,24,0.5,4,7,0.571,2,5,0.4,5,5,10,8,2,0,3,3,9,9,17,0.529,1,2,0.5,2,3,0.667,2,6,8,3,0,1,6,5,-9
0021500444,2015-12-26,2015-16,regular_season,False,1610612753,ORL,Orlando Magic,1610612748,MIA,Miami Heat,32,24,W,13,24,0.542,4,7,0.571,2,2,1.0,4,5,9,9,2,1,1,6,8,7,18,0.389,1,4,0.25,7,8,0.875,4,7,11,4,0,3,3,1,-8
0021500443,2015-12-26,2015-16,regular_season,False,1610612766,CHA,Charlotte Hornets,1610612763,MEM,Memphis Grizzlies,23,25,L,7,21,0.333,3,10,0.3,6,7,0.857,3,8,11,6,2,5,4,11,-2,11,29,0.379,0,1,0.0,3,8,0.375,9,10,19,7,1,2,4,7,2
0021500442,2015-12-26,2015-16,regular_season,False,1610612737,ATL,Atlanta Hawks,1610612752,NYK,New York Knicks,38,31,W,15,23,0.652,3,8,0.375,5,8,0.625,3,4,7,10,4,0,1,4,7,13,19,0.684,2,4,0.5,3,4,0.75,2,6,8,9,0,2,7,6,-7
0021500441,2015-12-26,2015-16,regular_season,False,1610612749,MIL,Milwaukee Bucks,1610612761,TOR,Toronto Raptors,35,34,W,13,20,0.65,2,2,1.0,7,8,0.875,1,5,6,10,1,1,3,5,1,14,23,0.609,3,10,0.3,3,3,1.0,1,6,7,10,1,3,1,7,-1
0021500446,2015-12-26,2015-16,regular_season,False,1610612765,DET,Detroit Pistons,1610612738,BOS,Boston Celtics,22,26,L,9,22,0.409,2,4,0.5,2,6,0.333,3,9,12,6,4,2,6,8,-4,10,24,0.417,1,5,0.2,5,6,0.833,4,11,15,6,4,0,4,6,4
0021500454,2015-12-27,2015-16,regular_season,False,1610612738,BOS,Boston Celtics,1610612752,NYK,New York Knicks,29,23,W,11,21,0.524,2,3,0.667,5,7,0.714,2,11,13,6,1,2,2,6,6,9,23,0.391,0,2,0.0,5,6,0.833,4,9,13,3,2,2,2,5,-6
0021500455,2015-12-27,2015-16,regular_season,False,1610612763,MEM,Memphis Grizzlies,1610612747,LAL,Los Angeles Lakers,27,23,W,9,18,0.5,1,2,0.5,8,8,1.0,1,10,11,7,1,3,2,4,4,8,23,0.348,4,10,0.4,3,4,0.75,4,8,12,2,1,2,3,5,-4
0021500456,2015-12-27,2015-16,regular_season,False,1610612760,OKC,Oklahoma City Thunder,1610612743,DEN,Denver Nuggets,21,30,L,9,17,0.529,2,4,0.5,1,3,0.333,1,7,8,6,1,0,6,7,-9,12,22,0.545,3,7,0.429,3,4,0.75,3,8,11,7,0,0,2,3,9
0021500457,2015-12-27,2015-16,regular_season,False,1610612758,SAC,Sacramento Kings,1610612757,POR,Portland Trail Blazers,21,20,W,6,17,0.353,2,4,0.5,7,8,0.875,0,11,11,4,2,2,7,9,1,6,20,0.3,1,8,0.125,7,9,0.778,2,10,12,2,4,1,5,8,-1
0021500468,2015-12-28,2015-16,regular_season,False,1610612744,GSW,Golden State Warriors,1610612758,SAC,Sacramento Kings,31,32,L,11,24,0.458,6,13,0.462,3,6,0.5,2,9,11,6,5,2,4,5,-1,12,23,0.522,6,8,0.75,2,4,0.5,2,12,14,7,2,1,7,6,1
0021500467,2015-12-28,2015-16,regular_season,False,1610612762,UTA,Utah Jazz,1610612755,PHI,Philadelphia 76ers,21,22,L,7,23,0.304,1,6,0.167,6,8,0.75,3,12,15,4,3,3,3,7,-1,7,22,0.318,1,5,0.2,7,8,0.875,2,9,11,2,2,4,4,7,1
0021500466,2015-12-28,2015-16,regular_season,False,1610612756,PHX,Phoenix Suns,1610612739,CLE,Cleveland Cavaliers,24,26,L,9,22,0.409,3,6,0.5,3,4,0.75,7,6,13,5,3,0,4,3,-2,9,15,0.6,5,8,0.625,3,4,0.75,0,7,7,7,1,3,5,2,2
0021500465,2015-12-28,2015-16,regular_season,False,1610612759,SAS,San Antonio Spurs,1610612750,MIN,Minnesota Timberwolves,24,25,L,7,16,0.438,1,3,0.333,9,9,1.0,1,6,7,5,1,0,3,4,-1,10,18,0.556,2,5,0.4,3,6,0.5,2,5,7,5,2,3,5,9,1
0021500464,2015-12-28,2015-16,regular_season,False,1610612742,DAL,Dallas Mavericks,1610612749,MIL,Milwaukee Bucks,26,27,L,11,25,0.44,1,5,0.2,3,4,0.75,4,6,10,7,1,0,0,4,-1,12,21,0.571,1,3,0.333,2,2,1.0,2,10,12,4,0,3,4,5,1
0021500459,2015-12-28,2015-16,regular_season,False,1610612754,IND,Indiana Pacers,1610612737,ATL,Atlanta Hawks,31,13,W,11,22,0.5,3,6,0.5,6,7,0.857,3,7,10,1,7,1,1,3,18,5,14,0.357,1,4,0.25,2,4,0.5,1,9,10,3,0,1,9,6,-18
0021500462,2015-12-28,2015-16,regular_season,False,1610612748,MIA,Miami Heat,1610612751,BKN,Brooklyn Nets,32,20,W,10,16,0.625,3,5,0.6,9,10,0.9,1,13,14,6,1,3,4,4,12,6,23,0.261,2,5,0.4,6,7,0.857,5,6,11,4,3,0,2,8,-12
0021500461,2015-12-28,2015-16,regular_season,False,1610612764,WAS,Washington Wizards,1610612746,LAC,LA Clippers,26,25,W,10,19,0.526,4,7,0.571,2,2,1.0,0,10,10,6,1,1,5,7,1,8,20,0.4,1,6,0.167,8,11,0.727,2,8,10,5,3,1,3,4,-1
0021500460,2015-12-28,2015-16,regular_season,False,1610612753,ORL,Orlando Magic,1610612740,NOP,New Orleans Pelicans,25,23,W,10,18,0.556,1,3,0.333,4,4,1.0,0,12,12,8,2,0,4,2,2,10,24,0.417,2,5,0.4,1,3,0.333,3,8,11,4,3,0,3,3,-2
0021500458,2015-12-28,2015-16,regular_season,False,1610612766,CHA,Charlotte Hornets,1610612747,LAL,Los Angeles Lakers,27,32,L,11,20,0.55,0,5,0.0,5,7,0.714,0,6,6,7,2,0,4,7,-5,10,16,0.625,1,5,0.2,11,13,0.846,0,8,8,5,3,1,4,6,5
0021500463,2015-12-28,2015-16,regular_season,False,1610612741,CHI,Chicago Bulls,1610612761,TOR,Toronto Raptors,26,20,W,11,26,0.423,0,5,0.0,4,8,0.5,4,11,15,4,1,2,1,2,6,9,22,0.409,0,4,0.0,2,4,0.5,3,10,13,4,1,3,2,7,-6
0021500473,2015-12-29,2015-16,regular_season,False,1610612743,DEN,Denver Nuggets,1610612739,CLE,Cleveland Cavaliers,21,27,L,9,24,0.375,2,7,0.286,1,2,0.5,6,8,14,6,1,1,4,3,-6,13,23,0.565,1,2,0.5,0,0,0.0,1,8,9,6,2,0,2,5,6
0021500472,2015-12-29,2015-16,regular_season,False,1610612760,OKC,Oklahoma City Thunder,1610612749,MIL,Milwaukee Bucks,35,23,W,10,18,0.556,2,4,0.5,13,13,1.0,4,9,13,4,4,1,4,6,12,10,27,0.37,2,5,0.4,1,3,0.333,5,2,7,7,2,1,4,8,-12
0021500469,2015-12-29,2015-16,regular_season,False,1610612752,NYK,New York Knicks,1610612765,DET,Detroit Pistons,25,23,W,10,21,0.476,1,5,0.2,4,4,1.0,2,11,13,4,2,3,4,6,2,9,25,0.36,3,10,0.3,2,3,0.667,3,8,11,6,3,1,2,2,-2
0021500470,2015-12-29,2015-16,regular_season,False,1610612745,HOU,Houston Rockets,1610612737,ATL,Atlanta Hawks,30,31,L,12,17,0.706,4,6,0.667,2,4,0.5,2,6,8,6,1,2,3,6,-1,12,24,0.5,4,9,0.444,3,4,0.75,5,4,9,8,2,0,2,2,1
0021500471,2015-12-29,2015-16,regular_season,False,1610612763,MEM,Memphis Grizzlies,1610612748,MIA,Miami Heat,21,17,W,9,21,0.429,0,3,0.0,3,3,1.0,4,8,12,4,1,1,3,7,4,6,13,0.462,0,1,0.0,5,9,0.556,1,5,6,3,1,2,4,5,-4
0021500483,2015-12-30,2015-16,regular_season,False,1610612758,SAC,Sacramento Kings,1610612755,PHI,Philadelphia 76ers,26,27,L,9,18,0.5,2,6,0.333,6,10,0.6,0,10,10,6,1,1,6,3,-1,12,29,0.414,0,6,0.0,3,3,1.0,4,10,14,5,4,3,3,6,1
0021500482,2015-12-30,2015-16,regular_season,False,1610612757,POR,Portland Trail Blazers,1610612743,DEN,Denver Nuggets,32,24,W,11,21,0.524,2,7,0.286,8,10,0.8,2,10,12,7,2,3,1,4,8,9,22,0.409,3,6,0.5,3,3,1.0,1,9,10,5,1,0,3,6,-8
0021500480,2015-12-30,2015-16,regular_season,False,1610612742,DAL,Dallas Mavericks,1610612744,GSW,Golden State Warriors,33,21,W,12,22,0.545,3,6,0.5,6,6,1.0,4,12,16,3,1,0,5,4,12,7,21,0.333,2,7,0.286,5,5,1.0,1,6,7,6,5,0,3,5,-12
0021500479,2015-12-30,2015-16,regular_season,False,1610612750,MIN,Minnesota Timberwolves,1610612762,UTA,Utah Jazz,19,18,W,7,22,0.318,1,1,1.0,4,6,0.667,4,7,11,1,5,0,4,3,1,6,17,0.353,2,10,0.2,4,5,0.8,3,13,16,3,4,3,9,7,-1
0021500481,2015-12-30,2015-16,regular_season,False,1610612759,SAS,San Antonio Spurs,1610612756,PHX,Phoenix Suns,29,21,W,12,23,0.522,3,6,0.5,2,5,0.4,4,9,13,6,3,3,4,3,8,10,22,0.455,1,4,0.25,0,0,0.0,3,7,10,4,1,1,4,4,-8
0021500477,2015-12-30,2015-16,regular_season,False,1610612761,TOR,Toronto Raptors,1610612764,WAS,Washington Wizards,24,14,W,5,22,0.227,2,9,0.222,12,14,0.857,6,13,19,4,2,1,3,3,10,6,26,0.231,1,4,0.25,1,2,0.5,5,10,15,4,0,2,3,8,-10
0021500476,2015-12-30,2015-16,regular_season,False,1610612738,BOS,Boston Celtics,1610612747,LAL,Los Angeles Lakers,29,34,L,11,25,0.44,5,11,0.455,2,2,1.0,3,8,11,10,1,1,3,3,-5,15,25,0.6,2,5,0.4,2,2,1.0,2,9,11,8,1,1,2,2,5
0021500475,2015-12-30,2015-16,regular_season,False,1610612753,ORL,Orlando Magic,1610612751,BKN,Brooklyn Nets,19,26,L,7,20,0.35,2,9,0.222,3,5,0.6,3,7,10,5,0,2,4,4,-7,11,23,0.478,0,3,0.0,4,4,1.0,4,10,14,6,3,2,2,6,7
0021500474,2015-12-30,2015-16,regular_season,False,1610612766,CHA,Charlotte Hornets,1610612746,LAC,LA Clippers,31,33,L,10,24,0.417,3,10,0.3,8,10,0.8,5,7,12,6,1,1,3,9,-2,7,16,0.438,3,5,0.6,16,16,1.0,1,8,9,7,2,1,3,8,2
0021500478,2015-12-30,2015-16,regular_season,False,1610612741,CHI,Chicago Bulls,1610612754,IND,Indiana Pacers,29,19,W,12,26,0.462,3,6,0.5,2,2,1.0,5,14,19,5,1,2,2,5,10,7,24,0.292,1,5,0.2,4,7,0.571,3,9,12,4,0,2,1,2,-10
0021500484,2015-12-31,2015-16,regular_season,False,1610612754,IND,Indiana Pacers,1610612749,MIL,Milwaukee Bucks,28,26,W,11,22,0.5,3,4,0.75,3,4,0.75,2,9,11,10,3,0,5,5,2,11,20,0.55,2,3,0.667,2,4,0.5,1,7,8,4,3,2,4,5,-2
0021500485,2015-12-31,2015-16,regular_season,False,1610612745,HOU,Houston Rockets,1610612744,GSW,Golden State Warriors,29,28,W,11,24,0.458,4,8,0.5,3,3,1.0,1,10,11,7,5,0,5,9,1,8,18,0.444,3,5,0.6,9,14,0.643,2,10,12,8,4,3,6,4,-1
0021500486,2015-12-31,2015-16,regular_season,False,1610612765,DET,Detroit Pistons,1610612750,MIN,Minnesota Timberwolves,30,15,W,11,23,0.478,4,9,0.444,4,5,0.8,3,14,17,5,0,1,2,1,15,6,23,0.261,0,2,0.0,3,3,1.0,1,9,10,5,1,1,2,7,-15
0021500487,2015-12-31,2015-16,regular_season,False,1610612740,NOP,New Orleans Pelicans,1610612746,LAC,LA Clippers,23,30,L,9,18,0.5,1,5,0.2,4,6,0.667,0,7,7,6,1,0,2,4,-7,11,25,0.44,4,10,0.4,4,5,0.8,5,9,14,7,1,1,2,3,7
0021500488,2015-12-31,2015-16,regular_season,False,1610612760,OKC,Oklahoma City Thunder,1610612756,PHX,Phoenix Suns,26,27,L,10,21,0.476,1,4,0.25,5,8,0.625,5,7,12,8,4,1,4,3,-1,9,18,0.5,4,7,0.571,5,5,1.0,2,8,10,6,4,1,6,7,1
0021500489,2015-12-31,2015-16,regular_season,False,1610612762,UTA,Utah Jazz,1610612757,POR,Portland Trail Blazers,32,14,W,12,21,0.571,6,9,0.667,2,3,0.667,2,8,10,8,5,2,1,3,18,5,20,0.25,4,10,0.4,0,0,0.0,5,8,13,4,0,0,8,5,-18
0021500494,2016-01-01,2015-16,regular_season,False,1610612747,LAL,Los Angeles Lakers,1610612755,PHI,Philadelphia 76ers,19,20,L,6,21,0.286,1,4,0.25,6,7,0.857,1,11,12,2,3,2,2,3,-1,9,24,0.375,1,6,0.167,1,2,0.5,4,13,17,5,0,2,5,5,1
0021500493,2016-01-01,2015-16,regular_season,False,1610612741,CHI,Chicago Bulls,1610612752,NYK,New York Knicks,22,32,L,9,25,0.36,2,6,0.333,2,3,0.667,5,6,11,4,0,1,0,5,-10,12,22,0.545,4,6,0.667,4,4,1.0,3,10,13,6,0,0,0,6,10
0021500490,2016-01-01,2015-16,regular_season,False,1610612764,WAS,Washington Wizards,1610612753,ORL,Orlando Magic,24,22,W,9,23,0.391,3,9,0.333,3,4,0.75,8,8,16,3,1,1,5,3,2,11,22,0.5,0,3,0.0,0,1,0.0,3,5,8,7,4,1,3,3,-2
0021500491,2016-01-01,2015-16,regular_season,False,1610612748,MIA,Miami Heat,1610612742,DAL,Dallas Mavericks,36,35,W,14,21,0.667,5,7,0.714,3,4,0.75,2,7,9,9,0,0,1,5,1,13,21,0.619,5,9,0.556,4,5,0.8,1,6,7,11,0,1,1,3,-1
0021500492,2016-01-01,2015-16,regular_season,False,1610612761,TOR,Toronto Raptors,1610612766,CHA,Charlotte Hornets,26,27,L,9,17,0.529,2,6,0.333,6,6,1.0,2,6,8,5,0,2,1,4,-1,10,23,0.435,2,8,0.25,5,5,1.0,5,6,11,4,1,1,1,5,1
0021500505,2016-01-02,2015-16,regular_season,False,1610612746,LAC,LA Clippers,1610612755,PHI,Philadelphia 76ers,38,23,W,15,22,0.682,1,4,0.25,7,10,0.7,1,12,13,8,1,2,1,3,15,9,24,0.375,2,5,0.4,3,5,0.6,3,6,9,5,0,0,2,8,-15
0021500503,2016-01-02,2015-16,regular_season,False,1610612762,UTA,Utah Jazz,1610612763,MEM,Memphis Grizzlies,18,20,L,6,17,0.353,1,5,0.2,5,6,0.833,2,6,8,3,2,1,5,9,-2,8,16,0.5,1,3,0.333,3,8,0.375,1,8,9,3,2,1,6,4,2
0021500502,2016-01-02,2015-16,regular_season,False,1610612759,SAS,San Antonio Spurs,1610612745,HOU,Houston Rockets,31,28,W,11,25,0.44,3,10,0.3,6,7,0.857,3,4,7,6,4,0,1,4,3,11,17,0.647,2,2,1.0,4,4,1.0,1,8,9,7,1,2,5,7,-3
0021500501,2016-01-02,2015-16,regular_season,False,1610612742,DAL,Dallas Mavericks,1610612740,NOP,New Orleans Pelicans,22,22,L,10,23,0.435,2,8,0.25,0,0,0.0,0,10,10,4,2,0,2,2,0,9,21,0.429,2,7,0.286,2,4,0.5,1,13,14,4,1,1,3,2,0
0021500500,2016-01-02,2015-16,regular_season,False,1610612750,MIN,Minnesota Timberwolves,1610612749,MIL,Milwaukee Bucks,19,29,L,7,21,0.333,2,3,0.667,3,6,0.5,6,6,12,3,4,2,5,5,-10,10,17,0.588,4,6,0.667,5,7,0.714,1,8,9,4,3,1,4,4,10
0021500504,2016-01-02,2015-16,regular_season,False,1610612744,GSW,Golden State Warriors,1610612743,DEN,Denver Nuggets,26,34,L,8,15,0.533,2,4,0.5,8,14,0.571,2,6,8,5,1,1,4,4,-8,14,24,0.583,2,7,0.286,4,7,0.571,5,3,8,8,2,0,1,8,8
0021500498,2016-01-02,2015-16,regular_season,False,1610612754,IND,Indiana Pacers,1610612765,DET,Detroit Pistons,17,22,L,7,21,0.333,0,5,0.0,3,4,0.75,0,8,8,3,3,2,3,5,-5,9,22,0.409,1,5,0.2,3,3,1.0,1,13,14,7,0,0,5,5,5
0021500497,2016-01-02,2015-16,regular_season,False,1610612766,CHA,Charlotte Hornets,1610612760,OKC,Oklahoma City Thunder,32,32,L,9,23,0.391,1,4,0.25,13,16,0.812,3,8,11,6,2,1,0,9,0,7,19,0.368,5,10,0.5,13,15,0.867,1,9,10,6,0,3,2,11,0
0021500496,2016-01-02,2015-16,regular_season,False,1610612758,SAC,Sacramento Kings,1610612756,PHX,Phoenix Suns,28,35,L,8,17,0.471,3,9,0.333,9,13,0.692,0,11,11,5,4,0,7,8,-7,12,23,0.522,2,7,0.286,9,12,0.75,1,9,10,5,6,1,4,10,7
0021500495,2016-01-02,2015-16,regular_season,False,1610612738,BOS,Boston Celtics,1610612751,BKN,Brooklyn Nets,26,25,W,8,22,0.364,0,6,0.0,10,14,0.714,8,7,15,3,1,1,4,7,1,8,22,0.364,0,4,0.0,9,9,1.0,2,7,9,5,2,0,2,7,-1
0021500499,2016-01-02,2015-16,regular_season,False,1610612739,CLE,Cleveland Cavaliers,1610612753,ORL,Orlando Magic,26,19,W,9,18,0.5,1,5,0.2,7,11,0.636,1,11,12,7,2,0,2,6,7,7,19,0.368,1,5,0.2,4,4,1.0,1,11,12,5,0,0,4,7,-7
0021500506,2016-01-03,2015-16,regular_season,False,1610612752,NYK,New York Knicks,1610612737,ATL,Atlanta Hawks,33,24,W,0,0,0.0,0,0,0.0,0,0,0.0,0,0,0,0,0,0,0,0,9,0,0,0.0,0,0,0.0,0,0,0.0,0,0,0,0,0,0,0,0,-9
0021500507,2016-01-03,2015-16,regular_season,False,1610612761,TOR,Toronto Raptors,1610612741,CHI,Chicago Bulls,34,22,W,13,22,0.591,3,7,0.429,5,6,0.833,3,9,12,8,2,2,4,4,12,7,22,0.318,2,7,0.286,6,6,1.0,3,5,8,6,1,1,4,6,-12
0021500508,2016-01-03,2015-16,regular_season,False,1610612764,WAS,Washington Wizards,1610612748,MIA,Miami Heat,7,25,L,2,22,0.091,0,8,0.0,3,5,0.6,4,7,11,1,2,1,4,4,-18,9,21,0.429,4,8,0.5,3,3,1.0,2,14,16,7,2,3,4,5,18
0021500509,2016-01-03,2015-16,regular_season,False,1610612743,DEN,Denver Nuggets,1610612757,POR,Portland Trail Blazers,34,38,L,11,21,0.524,3,7,0.429,9,14,0.643,4,7,11,7,1,1,1,7,-4,12,19,0.632,4,7,0.571,10,11,0.909,1,5,6,5,0,0,2,9,4
0021500510,2016-01-03,2015-16,regular_season,False,1610612747,LAL,Los Angeles Lakers,1610612756,PHX,Phoenix Suns,18,12,W,7,19,0.368,3,9,0.333,1,2,0.5,1,14,15,6,2,5,8,7,6,4,25,0.16,0,7,0.0,4,4,1.0,5,10,15,0,5,1,5,4,-6
0021500517,2016-01-04,2015-16,regular_season,False,1610612760,OKC,Oklahoma City Thunder,1610612758,SAC,Sacramento Kings,33,37,L,12,22,0.545,4,8,0.5,5,8,0.625,3,2,5,6,2,3,3,7,-4,13,23,0.565,1,3,0.333,10,11,0.909,4,6,10,6,2,4,4,4,4
0021500520,2016-01-04,2015-16,regular_season,False,1610612744,GSW,Golden State Warriors,1610612766,CHA,Charlotte Hornets,30,30,W,13,20,0.65,3,7,0.429,1,1,1.0,0,8,8,9,1,3,3,3,0,12,22,0.545,4,5,0.8,2,2,1.0,1,5,6,7,2,0,3,2,0
0021500519,2016-01-04,2015-16,regular_season,False,1610612757,POR,Portland Trail Blazers,1610612763,MEM,Memphis Grizzlies,19,21,L,6,18,0.333,1,7,0.143,6,7,0.857,0,7,7,4,3,2,4,3,-2,8,19,0.421,1,2,0.5,4,5,0.8,3,12,15,5,2,0,7,7,2
0021500518,2016-01-04,2015-16,regular_season,False,1610612762,UTA,Utah Jazz,1610612745,HOU,Houston Rockets,37,20,W,12,21,0.571,7,14,0.5,6,8,0.75,5,9,14,8,1,1,2,4,17,7,16,0.438,3,7,0.429,3,4,0.75,0,5,5,3,2,0,4,5,-17
0021500516,2016-01-04,2015-16,regular_season,False,1610612749,MIL,Milwaukee Bucks,1610612759,SAS,San Antonio Spurs,19,31,L,6,20,0.3,1,5,0.2,6,10,0.6,4,6,10,3,2,4,5,7,-12,11,22,0.5,1,2,0.5,8,10,0.8,3,12,15,7,5,1,4,6,12
0021500511,2016-01-04,2015-16,regular_season,False,1610612739,CLE,Cleveland Cavaliers,1610612761,TOR,Toronto Raptors,25,27,L,7,17,0.412,2,6,0.333,9,9,1.0,5,7,12,4,0,1,5,7,-2,9,16,0.562,1,2,0.5,8,10,0.8,2,5,7,5,3,3,1,5,2
0021500514,2016-01-04,2015-16,regular_season,False,1610612765,DET,Detroit Pistons,1610612753,ORL,Orlando Magic,26,24,W,9,20,0.45,2,5,0.4,6,10,0.6,2,10,12,6,1,2,1,5,2,10,23,0.435,0,4,0.0,4,4,1.0,2,9,11,6,1,1,2,5,-2
0021500513,2016-01-04,2015-16,regular_season,False,1610612751,BKN,Brooklyn Nets,1610612738,BOS,Boston Celtics,20,19,W,8,25,0.32,0,8,0.0,4,5,0.8,6,11,17,3,0,2,2,0,1,9,22,0.409,1,7,0.143,0,0,0.0,2,10,12,5,2,4,2,6,-1
0021500512,2016-01-04,2015-16,regular_season,False,1610612755,PHI,Philadelphia 76ers,1610612750,MIN,Minnesota Timberwolves,18,25,L,8,19,0.421,0,4,0.0,2,4,0.5,3,7,10,4,5,3,9,7,-7,11,23,0.478,1,3,0.333,2,4,0.5,4,5,9,8,4,2,6,4,7
0021500515,2016-01-04,2015-16,regular_season,False,1610612748,MIA,Miami Heat,1610612754,IND,Indiana Pacers,25,18,W,8,20,0.4,3,8,0.375,6,7,0.857,1,9,10,6,1,1,0,3,7,6,21,0.286,1,6,0.167,5,5,1.0,3,12,15,3,0,0,4,4,-7
0021500521,2016-01-05,2015-16,regular_season,False,1610612737,ATL,Atlanta Hawks,1610612752,NYK,New York Knicks,29,25,W,10,24,0.417,4,8,0.5,5,7,0.714,3,7,10,5,1,0,3,7,4,8,17,0.471,1,2,0.5,8,10,0.8,0,8,8,5,2,2,3,6,-4
0021500522,2016-01-05,2015-16,regular_season,False,1610612741,CHI,Chicago Bulls,1610612749,MIL,Milwaukee Bucks,31,33,L,12,20,0.6,1,5,0.2,6,6,1.0,1,5,6,9,1,0,2,4,-2,14,23,0.609,0,0,0.0,5,6,0.833,4,5,9,3,1,0,3,6,2
0021500523,2016-01-05,2015-16,regular_season,False,1610612742,DAL,Dallas Mavericks,1610612758,SAC,Sacramento Kings,22,19,W,9,23,0.391,1,4,0.25,3,4,0.75,6,7,13,3,3,2,2,3,3,7,17,0.412,2,6,0.333,3,4,0.75,2,7,9,6,2,0,4,5,-3
0021500524,2016-01-05,2015-16,regular_season,False,1610612747,LAL,Los Angeles Lakers,1610612744,GSW,Golden State Warriors,22,25,L,8,21,0.381,3,5,0.6,3,7,0.429,2,8,10,5,4,0,5,1,-3,11,22,0.5,3,6,0.5,0,0,0.0,2,12,14,7,3,1,5,3,3
0021500531,2016-01-06,2015-16,regular_season,False,1610612740,NOP,New Orleans Pelicans,1610612742,DAL,Dallas Mavericks,26,27,L,9,23,0.391,2,5,0.4,6,9,0.667,2,11,13,7,2,0,1,5,-1,9,22,0.409,2,8,0.25,7,7,1.0,1,12,13,5,1,1,2,5,1
0021500534,2016-01-06,2015-16,regular_season,False,1610612760,OKC,Oklahoma City Thunder,1610612763,MEM,Memphis Grizzlies,31,20,W,10,19,0.526,3,5,0.6,8,10,0.8,2,10,12,7,2,1,2,6,11,7,23,0.304,1,6,0.167,5,8,0.625,5,9,14,5,2,1,2,6,-11
0021500533,2016-01-06,2015-16,regular_season,False,1610612756,PHX,Phoenix Suns,1610612766,CHA,Charlotte Hornets,26,20,W,9,21,0.429,5,10,0.5,3,3,1.0,0,13,13,7,4,1,5,5,6,7,23,0.304,1,5,0.2,5,6,0.833,2,10,12,2,4,0,4,4,-6
0021500535,2016-01-06,2015-16,regular_season,False,1610612757,POR,Portland Trail Blazers,1610612746,LAC,LA Clippers,22,32,L,8,17,0.471,3,6,0.5,3,6,0.5,4,5,9,5,2,1,5,7,-10,10,18,0.556,4,6,0.667,8,8,1.0,2,6,8,2,4,0,2,4,10
0021500530,2016-01-06,2015-16,regular_season,False,1610612750,MIN,Minnesota Timberwolves,1610612743,DEN,Denver Nuggets,19,21,L,8,16,0.5,0,1,0.0,3,4,0.75,0,7,7,6,2,1,2,5,-2,8,21,0.381,3,5,0.6,2,4,0.5,5,7,12,6,2,1,4,4,2
0021500532,2016-01-06,2015-16,regular_season,False,1610612759,SAS,San Antonio Spurs,1610612762,UTA,Utah Jazz,36,29,W,15,26,0.577,2,4,0.5,4,5,0.8,3,7,10,10,3,0,1,6,7,11,21,0.524,1,2,0.5,6,7,0.857,3,6,9,7,1,2,5,5,-7
0021500528,2016-01-06,2015-16,regular_season,False,1610612738,BOS,Boston Celtics,1610612765,DET,Detroit Pistons,22,24,L,8,25,0.32,2,7,0.286,4,5,0.8,4,6,10,6,2,1,2,8,-2,8,18,0.444,3,7,0.429,5,11,0.455,2,13,15,6,0,1,6,8,2
0021500527,2016-01-06,2015-16,regular_season,False,1610612764,WAS,Washington Wizards,1610612739,CLE,Cleveland Cavaliers,24,38,L,8,19,0.421,2,3,0.667,6,7,0.857,3,5,8,5,1,1,6,5,-14,14,22,0.636,4,10,0.4,6,7,0.857,2,7,9,9,5,3,3,5,14
0021500526,2016-01-06,2015-16,regular_season,False,1610612753,ORL,Orlando Magic,1610612754,IND,Indiana Pacers,18,15,W,8,19,0.421,1,6,0.167,1,1,1.0,4,11,15,3,2,3,6,4,3,7,22,0.318,1,4,0.25,0,1,0.0,2,6,8,5,3,2,3,1,-3
0021500525,2016-01-06,2015-16,regular_season,False,1610612748,MIA,Miami Heat,1610612752,NYK,New York Knicks,18,25,L,8,22,0.364,0,4,0.0,2,2,1.0,4,6,10,2,0,0,3,1,-7,12,18,0.667,1,3,0.333,0,0,0.0,0,9,9,3,2,0,4,5,7
0021500529,2016-01-06,2015-16,regular_season,False,1610612751,BKN,Brooklyn Nets,1610612761,TOR,Toronto Raptors,19,21,L,8,18,0.444,3,5,0.6,0,0,0.0,1,9,10,6,2,1,5,5,-2,8,19,0.421,1,7,0.143,4,5,0.8,3,7,10,4,3,1,3,3,2
0021500536,2016-01-07,2015-16,regular_season,False,1610612755,PHI,Philadelphia 76ers,1610612737,ATL,Atlanta Hawks,23,39,L,10,24,0.417,0,4,0.0,3,6,0.5,2,6,8,5,2,2,3,2,-16,15,25,0.6,5,11,0.455,4,4,1.0,4,14,18,10,1,3,2,7,16
0021500537,2016-01-07,2015-16,regular_season,False,1610612741,CHI,Chicago Bulls,1610612738,BOS,Boston Celtics,27,20,W,10,28,0.357,4,7,0.571,3,3,1.0,4,8,12,6,3,0,4,4,7,7,17,0.412,0,5,0.0,6,7,0.857,2,11,13,3,2,0,8,7,-7
0021500538,2016-01-07,2015-16,regular_season,False,1610612745,HOU,Houston Rockets,1610612762,UTA,Utah Jazz,17,19,L,7,24,0.292,1,6,0.167,2,2,1.0,7,7,14,2,2,1,2,4,-2,6,16,0.375,2,9,0.222,5,6,0.833,3,7,10,6,1,2,4,3,2
0021500539,2016-01-07,2015-16,regular_season,False,1610612758,SAC,Sacramento Kings,1610612747,LAL,Los Angeles Lakers,31,27,W,11,19,0.579,2,7,0.286,7,9,0.778,1,6,7,7,2,2,3,6,4,9,16,0.562,0,4,0.0,9,11,0.818,1,7,8,3,1,0,5,7,-4
0021500549,2016-01-08,2015-16,regular_season,False,1610612747,LAL,Los Angeles Lakers,1610612760,OKC,Oklahoma City Thunder,25,28,L,9,21,0.429,2,8,0.25,5,6,0.833,2,9,11,4,1,1,5,7,-3,10,22,0.455,1,6,0.167,7,8,0.875,3,8,11,3,4,1,3,4,3
0021500548,2016-01-08,2015-16,regular_season,False,1610612757,POR,Portland Trail Blazers,1610612744,GSW,Golden State Warriors,31,36,L,9,23,0.391,3,8,0.375,10,14,0.714,2,11,13,3,2,1,2,9,-5,10,22,0.455,3,7,0.429,13,15,0.867,1,11,12,9,2,3,2,7,5
0021500547,2016-01-08,2015-16,regular_season,False,1610612756,PHX,Phoenix Suns,1610612748,MIA,Miami Heat,20,32,L,9,20,0.45,0,4,0.0,2,4,0.5,3,4,7,2,1,0,5,8,-12,10,15,0.667,0,2,0.0,12,12,1.0,0,9,9,5,3,2,2,4,12
0021500546,2016-01-08,2015-16,regular_season,False,1610612759,SAS,San Antonio Spurs,1610612752,NYK,New York Knicks,26,19,W,11,23,0.478,0,0,0.0,4,5,0.8,3,10,13,6,3,3,3,3,7,7,21,0.333,1,4,0.25,4,4,1.0,3,7,10,4,0,1,4,5,-7
0021500545,2016-01-08,2015-16,regular_season,False,1610612749,MIL,Milwaukee Bucks,1610612742,DAL,Dallas Mavericks,27,21,W,11,16,0.688,1,1,1.0,4,5,0.8,2,9,11,6,1,1,7,4,6,8,25,0.32,3,16,0.188,2,5,0.4,7,3,10,6,3,0,3,4,-6
0021500541,2016-01-08,2015-16,regular_season,False,1610612751,BKN,Brooklyn Nets,1610612753,ORL,Orlando Magic,21,11,W,8,21,0.381,2,3,0.667,3,5,0.6,3,8,11,7,2,0,2,3,10,4,15,0.267,2,8,0.25,1,2,0.5,1,10,11,4,1,1,6,8,-10
0021500543,2016-01-08,2015-16,regular_season,False,1610612750,MIN,Minnesota Timberwolves,1610612739,CLE,Cleveland Cavaliers,19,27,L,5,17,0.294,0,0,0.0,9,12,0.75,1,11,12,2,1,1,2,6,-8,8,24,0.333,3,7,0.429,8,8,1.0,4,12,16,6,2,0,1,6,8
0021500542,2016-01-08,2015-16,regular_season,False,1610612763,MEM,Memphis Grizzlies,1610612743,DEN,Denver Nuggets,20,7,W,6,20,0.3,0,3,0.0,8,9,0.889,4,11,15,2,3,0,2,1,13,3,21,0.143,0,7,0.0,1,2,0.5,6,10,16,1,0,0,7,7,-13
0021500540,2016-01-08,2015-16,regular_season,False,1610612764,WAS,Washington Wizards,1610612761,TOR,Toronto Raptors,21,29,L,7,20,0.35,2,8,0.25,5,5,1.0,1,8,9,5,0,0,6,9,-8,10,21,0.476,2,2,1.0,7,8,0.875,1,9,10,4,2,4,4,6,8
0021500544,2016-01-08,2015-16,regular_season,False,1610612740,NOP,New Orleans Pelicans,1610612754,IND,Indiana Pacers,13,22,L,5,19,0.263,2,8,0.25,1,2,0.5,2,6,8,2,5,0,5,5,-9,10,21,0.476,0,3,0.0,2,2,1.0,5,10,15,4,1,1,6,4,9
0021500556,2016-01-09,2015-16,regular_season,False,1610612758,SAC,Sacramento Kings,1610612744,GSW,Golden State Warriors,31,34,L,10,21,0.476,1,4,0.25,10,13,0.769,1,10,11,6,2,0,2,7,-3,11,21,0.524,6,10,0.6,6,8,0.75,1,9,10,8,0,2,4,7,3
0021500555,2016-01-09,2015-16,regular_season,False,1610612762,UTA,Utah Jazz,1610612748,MIA,Miami Heat,26,20,W,9,17,0.529,4,7,0.571,4,6,0.667,0,8,8,6,4,3,4,4,6,8,19,0.421,1,3,0.333,3,6,0.5,2,7,9,4,2,2,6,3,-6
0021500554,2016-01-09,2015-16,regular_season,False,1610612755,PHI,Philadelphia 76ers,1610612761,TOR,Toronto Raptors,18,32,L,7,20,0.35,3,4,0.75,1,2,0.5,2,5,7,5,4,0,6,6,-14,12,17,0.706,1,1,1.0,7,8,0.875,0,11,11,9,3,2,4,3,14
0021500551,2016-01-09,2015-16,regular_season,False,1610612737,ATL,Atlanta Hawks,1610612741,CHI,Chicago Bulls,34,32,W,14,24,0.583,4,7,0.571,2,3,0.667,3,5,8,10,5,2,4,5,2,11,19,0.579,2,6,0.333,8,9,0.889,3,8,11,4,3,1,6,3,-2
0021500552,2016-01-09,2015-16,regular_season,False,1610612753,ORL,Orlando Magic,1610612764,WAS,Washington Wizards,32,33,L,11,18,0.611,2,3,0.667,8,10,0.8,2,5,7,4,2,0,2,3,-1,12,19,0.632,6,10,0.6,3,3,1.0,1,5,6,10,1,1,4,7,1
0021500550,2016-01-09,2015-16,regular_season,False,1610612746,LAC,LA Clippers,1610612766,CHA,Charlotte Hornets,16,28,L,8,22,0.364,0,8,0.0,0,0,0.0,2,6,8,2,3,3,2,5,-12,11,23,0.478,4,10,0.4,2,2,1.0,2,12,14,7,1,0,4,2,12
0021500553,2016-01-09,2015-16,regular_season,False,1610612765,DET,Detroit Pistons,1610612751,BKN,Brooklyn Nets,23,23,W,9,25,0.36,1,7,0.143,4,5,0.8,3,13,16,4,1,2,1,2,0,10,26,0.385,3,4,0.75,0,0,0.0,1,12,13,7,1,1,1,3,0
0021500565,2016-01-10,2015-16,regular_season,False,1610612747,LAL,Los Angeles Lakers,1610612762,UTA,Utah Jazz,16,28,L,6,17,0.353,1,5,0.2,3,4,0.75,2,6,8,3,1,2,5,7,-12,10,21,0.476,1,4,0.25,7,8,0.875,2,10,12,5,4,1,2,4,12
0021500564,2016-01-10,2015-16,regular_season,False,1610612757,POR,Portland Trail Blazers,1610612760,OKC,Oklahoma City Thunder,26,19,W,11,28,0.393,2,10,0.2,2,4,0.5,9,11,20,8,1,0,5,6,7,7,19,0.368,0,2,0.0,5,6,0.833,2,9,11,6,2,2,5,5,-7
0021500563,2016-01-10,2015-16,regular_season,False,1610612743,DEN,Denver Nuggets,1610612766,CHA,Charlotte Hornets,17,30,L,5,21,0.238,1,5,0.2,6,6,1.0,2,6,8,3,2,1,6,7,-13,9,18,0.5,4,10,0.4,8,10,0.8,1,12,13,7,4,1,7,4,13
0021500561,2016-01-10,2015-16,regular_season,False,1610612745,HOU,Houston Rockets,1610612754,IND,Indiana Pacers,20,26,L,8,17,0.471,3,5,0.6,1,4,0.25,0,14,14,5,0,2,7,5,-6,11,26,0.423,4,10,0.4,0,0,0.0,1,9,10,8,3,1,0,3,6
0021500562,2016-01-10,2015-16,regular_season,False,1610612752,NYK,New York Knicks,1610612749,MIL,Milwaukee Bucks,27,17,W,12,19,0.632,1,4,0.25,2,3,0.667,2,8,10,9,2,2,2,5,10,7,18,0.389,0,4,0.0,3,4,0.75,1,5,6,4,0,0,3,2,-10
0021500559,2016-01-10,2015-16,regular_season,False,1610612755,PHI,Philadelphia 76ers,1610612739,CLE,Cleveland Cavaliers,27,22,W,11,20,0.55,2,6,0.333,3,7,0.429,2,14,16,7,1,2,4,4,5,7,26,0.269,2,10,0.2,6,7,0.857,6,8,14,3,2,0,3,4,-5
0021500558,2016-01-10,2015-16,regular_season,False,1610612746,LAC,LA Clippers,1610612740,NOP,New Orleans Pelicans,37,25,W,14,24,0.583,6,11,0.545,3,8,0.375,2,12,14,7,0,1,0,9,12,7,24,0.292,0,6,0.0,11,14,0.786,5,9,14,1,0,0,0,7,-12
0021500557,2016-01-10,2015-16,regular_season,False,1610612750,MIN,Minnesota Timberwolves,1610612742,DAL,Dallas Mavericks,20,26,L,7,18,0.389,0,2,0.0,6,7,0.857,3,9,12,5,2,0,6,6,-6,11,24,0.458,1,4,0.25,3,5,0.6,5,6,11,5,4,1,2,5,6
0021500560,2016-01-10,2015-16,regular_season,False,1610612763,MEM,Memphis Grizzlies,1610612738,BOS,Boston Celtics,22,19,W,7,21,0.333,1,5,0.2,7,8,0.875,5,9,14,3,3,4,4,3,3,9,23,0.391,1,4,0.25,0,2,0.0,5,8,13,6,3,2,5,6,-3
0021500566,2016-01-11,2015-16,regular_season,False,1610612751,BKN,Brooklyn Nets,1610612759,SAS,San Antonio Spurs,18,23,L,7,17,0.412,1,2,0.5,3,4,0.75,1,7,8,2,2,0,5,5,-5,11,21,0.524,1,3,0.333,0,0,0.0,2,9,11,5,1,2,5,3,5
0021500567,2016-01-11,2015-16,regular_season,False,1610612741,CHI,Chicago Bulls,1610612764,WAS,Washington Wizards,23,34,L,8,22,0.364,2,6,0.333,5,8,0.625,3,7,10,2,0,1,1,3,-11,14,24,0.583,2,4,0.5,4,4,1.0,2,10,12,5,0,1,1,6,11
0021500568,2016-01-11,2015-16,regular_season,False,1610612744,GSW,Golden State Warriors,1610612748,MIA,Miami Heat,29,29,W,8,17,0.471,1,5,0.2,12,14,0.857,1,10,11,3,1,0,2,7,0,11,23,0.478,1,3,0.333,6,8,0.75,2,9,11,9,1,0,1,7,0
0021500576,2016-01-12,2015-16,regular_season,False,1610612747,LAL,Los Angeles Lakers,1610612740,NOP,New Orleans Pelicans,23,19,W,5,20,0.25,0,5,0.0,13,15,0.867,1,11,12,4,2,1,1,6,4,9,23,0.391,0,4,0.0,1,2,0.5,2,11,13,5,0,2,3,10,-4
0021500575,2016-01-12,2015-16,regular_season,False,1610612742,DAL,Dallas Mavericks,1610612739,CLE,Cleveland Cavaliers,27,25,W,10,18,0.556,1,6,0.167,6,6,1.0,3,12,15,4,0,4,6,4,2,9,24,0.375,4,9,0.444,3,4,0.75,3,5,8,6,5,0,2,5,-2
0021500573,2016-01-12,2015-16,regular_season,False,1610612749,MIL,Milwaukee Bucks,1610612741,CHI,Chicago Bulls,26,22,W,11,23,0.478,1,4,0.25,3,4,0.75,3,7,10,7,3,4,3,7,4,6,24,0.25,1,3,0.333,9,10,0.9,11,9,20,3,2,2,5,7,-4
0021500574,2016-01-12,2015-16,regular_season,False,1610612750,MIN,Minnesota Timberwolves,1610612760,OKC,Oklahoma City Thunder,27,28,L,10,19,0.526,3,7,0.429,4,5,0.8,3,6,9,5,2,1,7,0,-1,12,22,0.545,4,7,0.571,0,0,0.0,1,4,5,10,4,1,6,5,1
0021500571,2016-01-12,2015-16,regular_season,False,1610612752,NYK,New York Knicks,1610612738,BOS,Boston Celtics,23,22,W,8,22,0.364,0,5,0.0,7,7,1.0,2,12,14,5,0,1,2,4,1,7,22,0.318,4,12,0.333,4,5,0.8,2,12,14,4,1,3,2,4,-1
0021500570,2016-01-12,2015-16,regular_season,False,1610612765,DET,Detroit Pistons,1610612759,SAS,San Antonio Spurs,19,29,L,6,21,0.286,1,6,0.167,6,8,0.75,2,8,10,4,1,1,4,7,-10,10,24,0.417,0,3,0.0,9,9,1.0,4,11,15,4,3,2,3,6,10
0021500569,2016-01-12,2015-16,regular_season,False,1610612754,IND,Indiana Pacers,1610612756,PHX,Phoenix Suns,27,23,W,9,17,0.529,1,3,0.333,8,10,0.8,1,9,10,5,3,1,3,5,4,8,20,0.4,5,7,0.714,2,4,0.5,1,7,8,5,2,0,6,7,-4
0021500572,2016-01-12,2015-16,regular_season,False,1610612763,MEM,Memphis Grizzlies,1610612745,HOU,Houston Rockets,20,29,L,6,19,0.316,2,5,0.4,6,9,0.667,5,5,10,4,2,0,6,7,-9,9,23,0.391,5,10,0.5,6,9,0.667,6,7,13,5,4,2,4,5,9
0021500577,2016-01-13,2015-16,regular_season,False,1610612766,CHA,Charlotte Hornets,1610612737,ATL,Atlanta Hawks,25,17,W,8,19,0.421,3,9,0.333,6,6,1.0,5,12,17,5,2,4,7,5,8,6,22,0.273,2,6,0.333,3,3,1.0,3,5,8,3,3,3,3,4,-8
0021500578,2016-01-13,2015-16,regular_season,False,1610612764,WAS,Washington Wizards,1610612749,MIL,Milwaukee Bucks,27,25,W,10,23,0.435,3,8,0.375,4,6,0.667,3,8,11,6,1,1,3,10,2,10,20,0.5,0,2,0.0,5,11,0.455,3,11,14,5,1,0,2,5,-2
0021500579,2016-01-13,2015-16,regular_season,False,1610612751,BKN,Brooklyn Nets,1610612752,NYK,New York Knicks,25,31,L,11,21,0.524,2,5,0.4,1,2,0.5,2,11,13,6,3,1,8,8,-6,11,25,0.44,0,3,0.0,9,14,0.643,6,8,14,5,6,0,4,2,6
0021500580,2016-01-13,2015-16,regular_season,False,1610612738,BOS,Boston Celtics,1610612754,IND,Indiana Pacers,29,25,W,10,20,0.5,3,6,0.5,6,8,0.75,3,10,13,8,0,1,5,2,4,10,25,0.4,2,13,0.154,3,3,1.0,4,9,13,4,3,0,3,7,-4
0021500581,2016-01-13,2015-16,regular_season,False,1610612745,HOU,Houston Rockets,1610612750,MIN,Minnesota Timberwolves,34,26,W,11,18,0.611,2,7,0.286,10,13,0.769,3,9,12,5,4,0,3,3,8,10,25,0.4,2,4,0.5,4,6,0.667,7,4,11,6,1,0,5,7,-8
0021500582,2016-01-13,2015-16,regular_season,False,1610612760,OKC,Oklahoma City Thunder,1610612742,DAL,Dallas Mavericks,35,22,W,12,25,0.48,5,10,0.5,6,12,0.5,7,9,16,6,3,0,2,9,13,7,18,0.389,1,7,0.143,7,11,0.636,3,6,9,5,0,1,5,7,-13
0021500583,2016-01-13,2015-16,regular_season,False,1610612743,DEN,Denver Nuggets,1610612744,GSW,Golden State Warriors,23,29,L,9,22,0.409,1,5,0.2,4,6,0.667,4,8,12,4,0,0,3,4,-6,11,20,0.55,3,8,0.375,4,4,1.0,1,7,8,8,3,2,2,4,6
0021500584,2016-01-13,2015-16,regular_season,False,1610612757,POR,Portland Trail Blazers,1610612762,UTA,Utah Jazz,25,18,W,9,18,0.5,4,6,0.667,3,6,0.5,3,7,10,6,4,2,6,7,7,6,18,0.333,0,3,0.0,6,6,1.0,4,6,10,3,3,1,8,5,-7
0021500585,2016-01-13,2015-16,regular_season,False,1610612758,SAC,Sacramento Kings,1610612740,NOP,New Orleans Pelicans,25,31,L,10,21,0.476,1,5,0.2,4,6,0.667,4,8,12,5,1,1,3,4,-6,13,23,0.565,4,6,0.667,1,2,0.5,2,7,9,6,0,1,1,4,6
0021500586,2016-01-13,2015-16,regular_season,False,1610612746,LAC,LA Clippers,1610612748,MIA,Miami Heat,28,27,W,12,26,0.462,3,6,0.5,1,2,0.5,2,7,9,9,3,1,0,5,1,11,19,0.579,3,7,0.429,2,5,0.4,1,13,14,9,0,0,5,4,-1
0021500591,2016-01-14,2015-16,regular_season,False,1610612762,UTA,Utah Jazz,1610612758,SAC,Sacramento Kings,33,30,W,12,21,0.571,0,3,0.0,9,13,0.692,2,7,9,5,4,0,4,12,3,9,17,0.529,0,2,0.0,12,18,0.667,3,9,12,4,4,0,5,10,-3
0021500590,2016-01-14,2015-16,regular_season,False,1610612759,SAS,San Antonio Spurs,1610612739,CLE,Cleveland Cavaliers,24,18,W,10,25,0.4,0,3,0.0,4,5,0.8,4,11,15,2,2,1,3,5,6,8,19,0.421,2,7,0.286,0,1,0.0,1,12,13,3,1,1,7,6,-6
0021500592,2016-01-14,2015-16,regular_season,False,1610612744,GSW,Golden State Warriors,1610612747,LAL,Los Angeles Lakers,28,26,W,7,21,0.333,3,9,0.333,11,12,0.917,6,6,12,5,2,1,3,4,2,11,22,0.5,1,3,0.333,3,3,1.0,4,9,13,4,2,1,6,8,-2
0021500588,2016-01-14,2015-16,regular_season,False,1610612753,ORL,Orlando Magic,1610612761,TOR,Toronto Raptors,36,30,W,16,20,0.8,3,4,0.75,1,3,0.333,0,6,6,12,1,2,2,2,6,12,20,0.6,4,5,0.8,2,2,1.0,1,5,6,8,2,1,4,3,-6
0021500587,2016-01-14,2015-16,regular_season,False,1610612755,PHI,Philadelphia 76ers,1610612741,CHI,Chicago Bulls,28,24,W,10,22,0.455,0,7,0.0,8,10,0.8,1,4,5,4,2,3,2,9,4,7,19,0.368,0,1,0.0,10,12,0.833,5,9,14,3,1,1,5,8,-4
0021500589,2016-01-14,2015-16,regular_season,False,1610612763,MEM,Memphis Grizzlies,1610612765,DET,Detroit Pistons,27,19,W,10,21,0.476,3,3,1.0,4,4,1.0,2,7,9,8,5,1,5,6,8,7,14,0.5,3,9,0.333,2,3,0.667,0,8,8,4,1,1,10,5,-8
0021500601,2016-01-15,2015-16,regular_season,False,1610612745,HOU,Houston Rockets,1610612739,CLE,Cleveland Cavaliers,14,23,L,4,12,0.333,0,3,0.0,6,10,0.6,2,6,8,3,2,1,9,5,-9,9,24,0.375,1,8,0.125,4,6,0.667,6,4,10,4,5,1,3,7,9
0021500599,2016-01-15,2015-16,regular_season,False,1610612749,MIL,Milwaukee Bucks,1610612737,ATL,Atlanta Hawks,24,23,W,8,21,0.381,0,2,0.0,8,12,0.667,5,10,15,4,2,5,5,4,1,10,25,0.4,3,9,0.333,0,0,0.0,1,8,9,6,3,3,3,6,-1
0021500598,2016-01-15,2015-16,regular_season,False,1610612740,NOP,New Orleans Pelicans,1610612766,CHA,Charlotte Hornets,25,15,W,10,21,0.476,4,8,0.5,1,1,1.0,0,9,9,6,3,0,2,4,10,7,21,0.333,1,7,0.143,0,1,0.0,2,11,13,3,0,0,6,4,-10
0021500597,2016-01-15,2015-16,regular_season,False,1610612741,CHI,Chicago Bulls,1610612742,DAL,Dallas Mavericks,24,18,W,10,22,0.455,0,2,0.0,4,4,1.0,4,13,17,6,0,0,1,5,6,5,20,0.25,1,4,0.25,7,7,1.0,2,8,10,3,0,2,0,4,-6
0021500600,2016-01-15,2015-16,regular_season,False,1610612743,DEN,Denver Nuggets,1610612748,MIA,Miami Heat,31,26,W,8,18,0.444,1,5,0.2,14,15,0.933,1,8,9,7,0,1,4,6,5,10,20,0.5,0,0,0.0,6,7,0.857,3,8,11,4,2,3,4,10,-5
0021500595,2016-01-15,2015-16,regular_season,False,1610612738,BOS,Boston Celtics,1610612756,PHX,Phoenix Suns,32,18,W,13,27,0.481,4,9,0.444,2,4,0.5,5,13,18,9,6,2,5,1,14,8,24,0.333,2,7,0.286,0,2,0.0,3,9,12,4,5,2,7,2,-14
0021500594,2016-01-15,2015-16,regular_season,False,1610612760,OKC,Oklahoma City Thunder,1610612750,MIN,Minnesota Timberwolves,26,26,W,10,25,0.4,2,8,0.25,4,4,1.0,4,5,9,7,4,1,2,6,0,9,21,0.429,1,3,0.333,7,8,0.875,4,9,13,4,1,1,4,5,0
0021500593,2016-01-15,2015-16,regular_season,False,1610612754,IND,Indiana Pacers,1610612764,WAS,Washington Wizards,19,35,L,8,26,0.308,1,4,0.25,2,4,0.5,2,7,9,4,3,0,2,3,-16,15,24,0.625,4,7,0.571,1,2,0.5,3,16,19,9,1,1,4,5,16
0021500596,2016-01-15,2015-16,regular_season,False,1610612751,BKN,Brooklyn Nets,1610612757,POR,Portland Trail Blazers,26,34,L,9,18,0.5,1,4,0.25,7,12,0.583,1,9,10,6,1,0,4,4,-8,14,25,0.56,5,13,0.385,1,2,0.5,1,9,10,8,1,0,1,7,8
0021500602,2016-01-16,2015-16,regular_season,False,1610612737,ATL,Atlanta Hawks,1610612751,BKN,Brooklyn Nets,28,25,W,12,20,0.6,1,5,0.2,3,4,0.75,0,8,8,9,3,0,2,5,3,10,20,0.5,2,7,0.286,3,3,1.0,1,7,8,8,0,0,4,3,-3
0021500603,2016-01-16,2015-16,regular_season,False,1610612766,CHA,Charlotte Hornets,1610612749,MIL,Milwaukee Bucks,19,33,L,8,23,0.348,1,9,0.111,2,2,1.0,1,3,4,6,2,1,1,4,-14,14,22,0.636,3,4,0.75,2,2,1.0,1,13,14,10,1,3,4,4,14
0021500604,2016-01-16,2015-16,regular_season,False,1610612764,WAS,Washington Wizards,1610612738,BOS,Boston Celtics,30,30,L,10,24,0.417,1,5,0.2,9,10,0.9,4,8,12,4,3,2,2,5,0,10,24,0.417,3,8,0.375,7,8,0.875,4,8,12,4,1,1,3,7,0
0021500605,2016-01-16,2015-16,regular_season,False,1610612765,DET,Detroit Pistons,1610612744,GSW,Golden State Warriors,38,19,W,15,23,0.652,1,2,0.5,7,11,0.636,3,12,15,8,2,4,1,2,19,8,26,0.308,1,6,0.167,2,2,1.0,4,5,9,4,1,1,3,7,-19
0021500606,2016-01-16,2015-16,regular_season,False,1610612755,PHI,Philadelphia 76ers,1610612757,POR,Portland Trail Blazers,39,26,W,14,23,0.609,4,6,0.667,7,9,0.778,3,10,13,9,4,3,3,10,13,9,23,0.391,1,9,0.111,7,10,0.7,3,4,7,3,1,3,4,6,-13
0021500607,2016-01-16,2015-16,regular_season,False,1610612763,MEM,Memphis Grizzlies,1610612752,NYK,New York Knicks,24,23,W,10,20,0.5,2,2,1.0,2,4,0.5,5,7,12,4,0,1,3,5,1,9,17,0.529,1,3,0.333,4,5,0.8,0,6,6,6,1,1,2,4,-1
0021500608,2016-01-16,2015-16,regular_season,False,1610612762,UTA,Utah Jazz,1610612747,LAL,Los Angeles Lakers,28,18,W,10,23,0.435,3,3,1.0,5,7,0.714,6,11,17,3,1,0,3,3,10,8,25,0.32,1,8,0.125,1,2,0.5,5,6,11,3,1,1,2,6,-10
0021500609,2016-01-16,2015-16,regular_season,False,1610612746,LAC,LA Clippers,1610612758,SAC,Sacramento Kings,30,34,L,10,25,0.4,4,8,0.5,6,8,0.75,5,7,12,6,0,0,1,6,-4,11,20,0.55,5,8,0.625,7,8,0.875,2,10,12,7,0,3,3,4,4
0021500613,2016-01-17,2015-16,regular_season,False,1610612743,DEN,Denver Nuggets,1610612754,IND,Indiana Pacers,24,36,L,10,23,0.435,2,6,0.333,2,4,0.5,5,5,10,5,0,0,5,3,-12,15,24,0.625,4,6,0.667,2,3,0.667,3,7,10,9,2,1,1,4,12
0021500612,2016-01-17,2015-16,regular_season,False,1610612759,SAS,San Antonio Spurs,1610612742,DAL,Dallas Mavericks,32,20,W,10,21,0.476,4,6,0.667,8,8,1.0,1,10,11,6,3,1,1,5,12,7,19,0.368,2,6,0.333,4,5,0.8,1,8,9,6,1,2,5,7,-12
0021500614,2016-01-17,2015-16,regular_season,False,1610612747,LAL,Los Angeles Lakers,1610612745,HOU,Houston Rockets,21,28,L,8,20,0.4,1,4,0.25,4,4,1.0,1,6,7,3,0,2,2,6,-7,8,19,0.421,1,7,0.143,11,13,0.846,2,10,12,3,2,1,2,5,7
0021500610,2016-01-17,2015-16,regular_season,False,1610612750,MIN,Minnesota Timberwolves,1610612756,PHX,Phoenix Suns,34,25,W,11,19,0.579,4,6,0.667,8,10,0.8,2,6,8,6,3,1,2,5,9,11,23,0.478,1,5,0.2,2,4,0.5,4,4,8,5,0,1,4,7,-9
0021500611,2016-01-17,2015-16,regular_season,False,1610612760,OKC,Oklahoma City Thunder,1610612748,MIA,Miami Heat,20,24,L,8,26,0.308,2,8,0.25,2,2,1.0,6,6,12,3,3,3,4,7,-4,9,17,0.529,0,2,0.0,6,7,0.857,2,10,12,3,0,4,6,6,4
0021500615,2016-01-18,2015-16,regular_season,False,1610612752,NYK,New York Knicks,1610612755,PHI,Philadelphia 76ers,23,18,W,8,20,0.4,2,3,0.667,5,6,0.833,3,12,15,4,1,1,4,4,5,8,20,0.4,1,3,0.333,1,3,0.333,0,10,10,5,2,2,3,5,-5
0021500622,2016-01-18,2015-16,regular_season,False,1610612739,CLE,Cleveland Cavaliers,1610612744,GSW,Golden State Warriors,23,36,L,9,21,0.429,1,3,0.333,4,8,0.5,2,4,6,3,1,0,5,6,-13,13,19,0.684,3,6,0.5,7,8,0.875,0,10,10,9,4,1,5,7,13
0021500621,2016-01-18,2015-16,regular_season,False,1610612761,TOR,Toronto Raptors,1610612751,BKN,Brooklyn Nets,33,20,W,14,19,0.737,3,5,0.6,2,3,0.667,0,4,4,9,3,2,1,4,13,8,19,0.421,0,3,0.0,4,4,1.0,6,4,10,5,1,1,5,5,-13
0021500620,2016-01-18,2015-16,regular_season,False,1610612737,ATL,Atlanta Hawks,1610612753,ORL,Orlando Magic,27,21,W,11,20,0.55,3,3,1.0,2,2,1.0,2,10,12,9,0,1,4,5,6,7,20,0.35,1,4,0.25,6,7,0.857,1,6,7,6,1,0,1,4,-6
0021500624,2016-01-18,2015-16,regular_season,False,1610612746,LAC,LA Clippers,1610612745,HOU,Houston Rockets,26,31,L,10,21,0.476,5,10,0.5,1,2,0.5,1,9,10,7,0,1,5,9,-5,10,21,0.476,2,7,0.286,9,16,0.562,4,10,14,8,4,1,1,6,5
0021500618,2016-01-18,2015-16,regular_season,False,1610612763,MEM,Memphis Grizzlies,1610612740,NOP,New Orleans Pelicans,25,25,W,10,20,0.5,4,6,0.667,1,1,1.0,1,8,9,8,0,2,3,6,0,9,22,0.409,1,5,0.2,6,6,1.0,4,8,12,5,3,1,3,4,0
0021500617,2016-01-18,2015-16,regular_season,False,1610612764,WAS,Washington Wizards,1610612757,POR,Portland Trail Blazers,40,27,W,17,21,0.81,4,6,0.667,2,2,1.0,1,8,9,13,3,1,2,4,13,12,26,0.462,2,6,0.333,1,2,0.5,5,3,8,5,1,0,3,3,-13
0021500616,2016-01-18,2015-16,regular_season,False,1610612766,CHA,Charlotte Hornets,1610612762,UTA,Utah Jazz,23,15,W,10,19,0.526,2,5,0.4,1,1,1.0,2,9,11,5,3,0,4,3,8,6,20,0.3,2,6,0.333,1,3,0.333,5,6,11,3,0,3,4,3,-8
0021500619,2016-01-18,2015-16,regular_season,False,1610612765,DET,Detroit Pistons,1610612741,CHI,Chicago Bulls,21,30,L,10,24,0.417,0,5,0.0,1,1,1.0,4,8,12,4,3,0,4,5,-9,12,22,0.545,3,6,0.5,3,6,0.5,3,8,11,7,2,1,3,1,9
0021500623,2016-01-18,2015-16,regular_season,False,1610612742,DAL,Dallas Mavericks,1610612738,BOS,Boston Celtics,23,23,W,10,21,0.476,2,6,0.333,1,1,1.0,3,7,10,7,1,0,4,4,0,9,19,0.474,4,7,0.571,1,2,0.5,2,7,9,7,1,0,4,4,0
0021500625,2016-01-19,2015-16,regular_season,False,1610612748,MIA,Miami Heat,1610612749,MIL,Milwaukee Bucks,21,30,L,7,17,0.412,0,3,0.0,7,10,0.7,3,4,7,1,1,0,5,5,-9,12,20,0.6,2,2,1.0,4,5,0.8,4,6,10,5,2,1,5,7,9
0021500626,2016-01-19,2015-16,regular_season,False,1610612740,NOP,New Orleans Pelicans,1610612750,MIN,Minnesota Timberwolves,26,22,W,7,14,0.5,1,3,0.333,11,12,0.917,1,9,10,2,2,2,5,6,4,8,22,0.364,0,4,0.0,6,9,0.667,5,6,11,4,4,0,3,9,-4
0021500627,2016-01-19,2015-16,regular_season,False,1610612743,DEN,Denver Nuggets,1610612760,OKC,Oklahoma City Thunder,22,32,L,7,21,0.333,3,6,0.5,5,6,0.833,3,9,12,5,1,1,5,5,-10,13,27,0.481,3,10,0.3,3,3,1.0,3,10,13,10,3,1,2,5,10
0021500628,2016-01-19,2015-16,regular_season,False,1610612756,PHX,Phoenix Suns,1610612754,IND,Indiana Pacers,18,19,L,6,19,0.316,2,8,0.25,4,5,0.8,2,12,14,2,0,0,8,3,-1,9,22,0.409,0,1,0.0,1,2,0.5,2,10,12,4,5,2,5,5,1
0021500635,2016-01-20,2015-16,regular_season,False,1610612745,HOU,Houston Rockets,1610612765,DET,Detroit Pistons,24,23,W,10,24,0.417,1,4,0.25,3,3,1.0,3,8,11,3,5,1,4,8,1,7,18,0.389,2,6,0.333,7,12,0.583,4,10,14,5,2,2,7,5,-1
0021500639,2016-01-20,2015-16,regular_season,False,1610612757,POR,Portland Trail Blazers,1610612737,ATL,Atlanta Hawks,25,19,W,10,23,0.435,2,11,0.182,3,4,0.75,4,11,15,6,2,2,3,2,6,8,25,0.32,0,5,0.0,3,3,1.0,3,8,11,4,1,0,2,4,-6
0021500638,2016-01-20,2015-16,regular_season,False,1610612747,LAL,Los Angeles Lakers,1610612758,SAC,Sacramento Kings,34,29,W,10,20,0.5,3,10,0.3,11,12,0.917,2,7,9,8,1,1,3,6,5,10,21,0.476,0,3,0.0,9,11,0.818,3,8,11,6,1,1,2,8,-5
0021500637,2016-01-20,2015-16,regular_season,False,1610612742,DAL,Dallas Mavericks,1610612750,MIN,Minnesota Timberwolves,26,16,W,11,20,0.55,1,6,0.167,3,5,0.6,2,9,11,6,2,1,2,3,10,6,18,0.333,1,5,0.2,3,3,1.0,1,7,8,3,0,0,4,3,-10
0021500636,2016-01-20,2015-16,regular_season,False,1610612760,OKC,Oklahoma City Thunder,1610612766,CHA,Charlotte Hornets,22,23,L,8,24,0.333,3,9,0.333,3,5,0.6,4,10,14,6,2,1,1,2,-1,9,21,0.429,2,7,0.286,3,3,1.0,1,11,12,4,0,0,3,4,1
0021500634,2016-01-20,2015-16,regular_season,False,1610612741,CHI,Chicago Bulls,1610612744,GSW,Golden State Warriors,26,29,L,11,30,0.367,1,7,0.143,3,3,1.0,6,8,14,4,2,1,1,4,-3,11,23,0.478,2,4,0.5,5,5,1.0,3,10,13,8,1,2,3,5,3
0021500632,2016-01-20,2015-16,regular_season,False,1610612752,NYK,New York Knicks,1610612762,UTA,Utah Jazz,20,26,L,9,22,0.409,1,4,0.25,1,1,1.0,3,4,7,5,1,2,4,5,-6,8,18,0.444,3,7,0.429,7,8,0.875,1,10,11,3,1,1,4,4,6
0021500631,2016-01-20,2015-16,regular_season,False,1610612751,BKN,Brooklyn Nets,1610612739,CLE,Cleveland Cavaliers,21,28,L,9,24,0.375,1,6,0.167,2,2,1.0,2,6,8,5,1,1,0,7,-7,9,18,0.5,2,5,0.4,8,12,0.667,2,10,12,2,0,1,2,3,7
0021500630,2016-01-20,2015-16,regular_season,False,1610612764,WAS,Washington Wizards,1610612748,MIA,Miami Heat,25,15,W,11,24,0.458,0,3,0.0,3,4,0.75,5,3,8,7,4,0,2,5,10,6,13,0.462,0,0,0.0,3,4,0.75,3,5,8,3,0,1,9,5,-10
0021500629,2016-01-20,2015-16,regular_season,False,1610612753,ORL,Orlando Magic,1610612755,PHI,Philadelphia 76ers,25,24,W,8,22,0.364,1,4,0.25,8,9,0.889,4,8,12,6,2,1,1,5,1,10,21,0.476,1,3,0.333,3,7,0.429,3,8,11,3,0,0,2,7,-1
0021500633,2016-01-20,2015-16,regular_season,False,1610612761,TOR,Toronto Raptors,1610612738,BOS,Boston Celtics,21,35,L,8,19,0.421,3,6,0.5,2,2,1.0,2,4,6,6,0,1,5,3,-14,14,20,0.7,5,7,0.714,2,4,0.5,1,7,8,11,3,1,2,3,14
0021500640,2016-01-21,2015-16,regular_season,False,1610612739,CLE,Cleveland Cavaliers,1610612746,LAC,LA Clippers,31,19,W,9,21,0.429,1,4,0.25,12,12,1.0,6,11,17,8,2,0,4,6,12,6,20,0.3,2,9,0.222,5,6,0.833,1,6,7,4,2,0,4,8,-12
0021500641,2016-01-21,2015-16,regular_season,False,1610612740,NOP,New Orleans Pelicans,1610612765,DET,Detroit Pistons,37,26,W,15,21,0.714,2,2,1.0,5,5,1.0,1,7,8,9,6,0,3,7,11,9,20,0.45,2,6,0.333,6,8,0.75,6,4,10,3,2,0,8,3,-11
0021500642,2016-01-21,2015-16,regular_season,False,1610612743,DEN,Denver Nuggets,1610612763,MEM,Memphis Grizzlies,25,18,W,10,18,0.556,4,11,0.364,1,2,0.5,1,13,14,9,0,1,5,4,7,8,23,0.348,1,8,0.125,1,2,0.5,1,7,8,5,4,0,1,3,-7
0021500643,2016-01-21,2015-16,regular_season,False,1610612758,SAC,Sacramento Kings,1610612737,ATL,Atlanta Hawks,20,24,L,7,23,0.304,1,5,0.2,5,5,1.0,4,13,17,4,1,0,4,6,-4,8,23,0.348,3,11,0.273,5,8,0.625,2,11,13,6,3,0,2,3,4
0021500644,2016-01-21,2015-16,regular_season,False,1610612756,PHX,Phoenix Suns,1610612759,SAS,San Antonio Spurs,21,26,L,9,22,0.409,0,0,0.0,3,3,1.0,3,8,11,5,1,0,5,7,-5,9,17,0.529,3,3,1.0,5,6,0.833,1,6,7,7,2,1,3,3,5
0021500653,2016-01-22,2015-16,regular_season,False,1610612747,LAL,Los Angeles Lakers,1610612759,SAS,San Antonio Spurs,21,25,L,8,22,0.364,1,3,0.333,4,7,0.571,5,8,13,4,1,1,4,3,-4,11,21,0.524,1,2,0.5,2,2,1.0,1,8,9,9,4,5,3,5,4
0021500652,2016-01-22,2015-16,regular_season,False,1610612744,GSW,Golden State Warriors,1610612754,IND,Indiana Pacers,32,33,L,10,22,0.455,5,9,0.556,7,7,1.0,3,6,9,6,2,0,4,5,-1,14,24,0.583,0,2,0.0,5,9,0.556,5,8,13,7,3,2,2,5,1
0021500651,2016-01-22,2015-16,regular_season,False,1610612742,DAL,Dallas Mavericks,1610612760,OKC,Oklahoma City Thunder,31,21,W,13,27,0.481,5,13,0.385,0,0,0.0,4,6,10,8,3,1,1,5,10,8,22,0.364,0,8,0.0,5,8,0.625,8,4,12,2,0,2,4,3,-10
0021500650,2016-01-22,2015-16,regular_season,False,1610612745,HOU,Houston Rockets,1610612749,MIL,Milwaukee Bucks,26,17,W,10,21,0.476,4,9,0.444,2,4,0.5,2,11,13,7,2,4,2,2,9,7,26,0.269,1,4,0.25,2,2,1.0,6,9,15,6,2,1,3,5,-9
0021500645,2016-01-22,2015-16,regular_season,False,1610612753,ORL,Orlando Magic,1610612766,CHA,Charlotte Hornets,26,25,W,9,16,0.562,2,4,0.5,6,7,0.857,0,9,9,5,2,1,5,5,1,11,23,0.478,3,8,0.375,0,0,0.0,3,6,9,5,3,0,3,6,-1
0021500648,2016-01-22,2015-16,regular_season,False,1610612752,NYK,New York Knicks,1610612746,LAC,LA Clippers,21,24,L,9,17,0.529,0,1,0.0,3,3,1.0,3,12,15,7,2,1,9,4,-3,10,23,0.435,4,9,0.444,0,2,0.0,1,4,5,7,6,2,3,4,3
0021500647,2016-01-22,2015-16,regular_season,False,1610612751,BKN,Brooklyn Nets,1610612762,UTA,Utah Jazz,17,26,L,6,18,0.333,1,4,0.25,4,4,1.0,1,5,6,3,2,1,3,5,-9,9,17,0.529,2,4,0.5,6,8,0.75,1,9,10,6,1,1,4,5,9
0021500646,2016-01-22,2015-16,regular_season,False,1610612738,BOS,Boston Celtics,1610612741,CHI,Chicago Bulls,30,26,W,12,25,0.48,2,7,0.286,4,5,0.8,5,5,10,6,3,1,2,2,4,11,22,0.5,0,2,0.0,4,5,0.8,6,8,14,3,1,2,6,5,-4
0021500649,2016-01-22,2015-16,regular_season,False,1610612761,TOR,Toronto Raptors,1610612748,MIA,Miami Heat,29,24,W,12,22,0.545,2,5,0.4,3,3,1.0,1,7,8,7,1,2,2,4,5,9,19,0.474,1,2,0.5,5,6,0.833,3,7,10,1,1,0,3,2,-5
0021500662,2016-01-23,2015-16,regular_season,False,1610612757,POR,Portland Trail Blazers,1610612747,LAL,Los Angeles Lakers,25,30,L,10,18,0.556,1,3,0.333,4,6,0.667,1,7,8,4,2,0,5,6,-5,10,20,0.5,4,5,0.8,6,7,0.857,2,5,7,4,1,0,3,6,5
0021500663,2016-01-23,2015-16,regular_season,False,1610612758,SAC,Sacramento Kings,1610612754,IND,Indiana Pacers,19,20,L,8,21,0.381,0,3,0.0,3,3,1.0,4,9,13,3,1,0,6,5,-1,9,22,0.409,1,6,0.167,1,2,0.5,3,7,10,5,2,4,2,4,1
0021500661,2016-01-23,2015-16,regular_season,False,1610612743,DEN,Denver Nuggets,1610612765,DET,Detroit Pistons,19,22,L,7,22,0.318,2,9,0.222,3,5,0.6,0,11,11,4,2,3,1,7,-3,8,19,0.421,3,6,0.5,3,8,0.375,3,16,19,5,0,1,3,5,3
0021500660,2016-01-23,2015-16,regular_season,False,1610612756,PHX,Phoenix Suns,1610612737,ATL,Atlanta Hawks,19,16,W,5,22,0.227,1,6,0.167,8,11,0.727,7,8,15,4,4,1,4,4,3,7,18,0.389,2,5,0.4,0,0,0.0,1,8,9,6,2,1,6,6,-3
0021500659,2016-01-23,2015-16,regular_season,False,1610612739,CLE,Cleveland Cavaliers,1610612741,CHI,Chicago Bulls,25,23,W,12,23,0.522,1,6,0.167,0,3,0.0,2,10,12,7,1,2,0,3,2,9,23,0.391,2,2,1.0,3,3,1.0,3,11,14,5,0,1,1,2,-2
0021500658,2016-01-23,2015-16,regular_season,False,1610612750,MIN,Minnesota Timberwolves,1610612763,MEM,Memphis Grizzlies,37,21,W,10,19,0.526,2,4,0.5,15,16,0.938,2,9,11,8,3,2,3,8,16,7,22,0.318,1,3,0.333,6,7,0.857,3,7,10,2,1,2,5,10,-16
0021500657,2016-01-23,2015-16,regular_season,False,1610612740,NOP,New Orleans Pelicans,1610612749,MIL,Milwaukee Bucks,30,28,W,11,23,0.478,4,7,0.571,4,6,0.667,3,5,8,7,4,0,2,4,2,12,21,0.571,0,2,0.0,4,5,0.8,6,9,15,5,0,2,6,6,-2
0021500655,2016-01-23,2015-16,regular_season,False,1610612766,CHA,Charlotte Hornets,1610612752,NYK,New York Knicks,25,21,W,8,20,0.4,2,8,0.25,7,11,0.636,2,7,9,5,1,0,4,6,4,7,17,0.412,0,1,0.0,7,13,0.538,4,12,16,5,0,3,5,7,-4
0021500656,2016-01-24,2015-16,regular_season,False,1610612755,PHI,Philadelphia 76ers,1610612738,BOS,Boston Celtics,18,28,L,7,20,0.35,2,6,0.333,2,4,0.5,2,11,13,3,3,1,7,3,-10,11,27,0.407,4,6,0.667,2,3,0.667,4,9,13,8,5,1,4,3,10
0021500664,2016-01-24,2015-16,regular_season,False,1610612751,BKN,Brooklyn Nets,1610612760,OKC,Oklahoma City Thunder,30,24,W,13,24,0.542,2,3,0.667,2,3,0.667,4,10,14,5,2,3,4,5,6,9,24,0.375,2,5,0.4,4,6,0.667,4,7,11,4,3,1,4,3,-6
0021500665,2016-01-24,2015-16,regular_season,False,1610612745,HOU,Houston Rockets,1610612742,DAL,Dallas Mavericks,14,29,L,6,21,0.286,0,8,0.0,2,5,0.4,2,6,8,2,1,1,2,6,-15,10,20,0.5,4,8,0.5,5,6,0.833,2,12,14,6,1,1,4,6,15
0021500666,2016-01-24,2015-16,regular_season,False,1610612761,TOR,Toronto Raptors,1610612746,LAC,LA Clippers,35,15,W,15,25,0.6,5,7,0.714,0,0,0.0,2,9,11,8,4,2,3,6,20,4,15,0.267,2,8,0.25,5,7,0.714,2,6,8,2,2,0,8,5,-20
0021500675,2016-01-25,2015-16,regular_season,False,1610612744,GSW,Golden State Warriors,1610612759,SAS,San Antonio Spurs,33,24,W,12,19,0.632,1,1,1.0,8,8,1.0,1,10,11,8,4,1,7,8,9,10,21,0.476,1,4,0.25,3,5,0.6,2,4,6,7,2,3,5,6,-9
0021500674,2016-01-25,2015-16,regular_season,False,1610612758,SAC,Sacramento Kings,1610612766,CHA,Charlotte Hornets,25,30,L,10,20,0.5,1,4,0.25,4,6,0.667,2,8,10,7,2,2,4,5,-5,12,25,0.48,4,10,0.4,2,3,0.667,4,9,13,6,1,0,3,8,5
0021500673,2016-01-25,2015-16,regular_season,False,1610612762,UTA,Utah Jazz,1610612765,DET,Detroit Pistons,23,26,L,8,19,0.421,1,6,0.167,6,7,0.857,1,12,13,2,0,3,4,10,-3,8,24,0.333,3,5,0.6,7,11,0.636,3,9,12,6,1,1,0,6,3
0021500672,2016-01-25,2015-16,regular_season,False,1610612743,DEN,Denver Nuggets,1610612737,ATL,Atlanta Hawks,20,35,L,4,21,0.19,1,5,0.2,11,13,0.846,2,8,10,1,2,1,3,4,-15,13,23,0.565,4,9,0.444,5,6,0.833,2,11,13,8,1,1,2,9,15
0021500668,2016-01-25,2015-16,regular_season,False,1610612764,WAS,Washington Wizards,1610612738,BOS,Boston Celtics,29,31,L,9,15,0.6,3,5,0.6,8,10,0.8,0,9,9,8,1,0,7,5,-2,14,25,0.56,1,5,0.2,2,3,0.667,1,4,5,10,4,0,1,9,2
0021500670,2016-01-25,2015-16,regular_season,False,1610612763,MEM,Memphis Grizzlies,1610612753,ORL,Orlando Magic,33,32,W,14,22,0.636,2,4,0.5,3,4,0.75,1,8,9,8,4,1,2,8,1,10,21,0.476,5,11,0.455,7,8,0.875,3,7,10,8,0,2,4,3,-1
0021500669,2016-01-25,2015-16,regular_season,False,1610612741,CHI,Chicago Bulls,1610612748,MIA,Miami Heat,24,31,L,10,22,0.455,4,6,0.667,0,0,0.0,3,7,10,7,1,0,5,4,-7,13,21,0.619,1,4,0.25,4,4,1.0,1,8,9,8,3,1,2,2,7
0021500667,2016-01-25,2015-16,regular_season,False,1610612739,CLE,Cleveland Cavaliers,1610612750,MIN,Minnesota Timberwolves,27,26,W,12,24,0.5,2,9,0.222,1,3,0.333,5,8,13,9,0,1,4,5,1,11,21,0.524,2,3,0.667,2,2,1.0,1,8,9,8,4,0,2,6,-1
0021500671,2016-01-25,2015-16,regular_season,False,1610612740,NOP,New Orleans Pelicans,1610612745,HOU,Houston Rockets,31,26,W,13,23,0.565,2,4,0.5,3,6,0.5,6,7,13,9,3,0,4,5,5,8,17,0.471,4,10,0.4,6,7,0.857,2,5,7,6,2,0,5,5,-5
0021500682,2016-01-26,2015-16,regular_season,False,1610612757,POR,Portland Trail Blazers,1610612758,SAC,Sacramento Kings,25,23,W,9,18,0.5,2,6,0.333,5,7,0.714,1,7,8,4,1,1,5,3,2,9,23,0.391,2,5,0.4,3,4,0.75,5,9,14,7,3,1,5,7,-2
0021500683,2016-01-26,2015-16,regular_season,False,1610612747,LAL,Los Angeles Lakers,1610612742,DAL,Dallas Mavericks,33,24,W,9,20,0.45,3,5,0.6,12,13,0.923,3,9,12,6,1,1,1,6,9,9,19,0.474,0,4,0.0,6,8,0.75,1,7,8,5,1,0,1,7,-9
0021500681,2016-01-26,2015-16,regular_season,False,1610612749,MIL,Milwaukee Bucks,1610612753,ORL,Orlando Magic,30,26,W,12,19,0.632,1,4,0.25,5,7,0.714,2,10,12,5,0,1,2,6,4,8,20,0.4,4,6,0.667,6,8,0.75,3,4,7,6,1,0,2,4,-4
0021500680,2016-01-26,2015-16,regular_season,False,1610612761,TOR,Toronto Raptors,1610612764,WAS,Washington Wizards,29,32,L,9,21,0.429,3,7,0.429,8,10,0.8,2,9,11,7,1,1,5,9,-3,10,19,0.526,2,3,0.667,10,16,0.625,3,8,11,6,2,1,2,6,3
0021500678,2016-01-26,2015-16,regular_season,False,1610612751,BKN,Brooklyn Nets,1610612748,MIA,Miami Heat,28,27,W,12,22,0.545,3,6,0.5,1,3,0.333,0,7,7,11,1,0,2,3,1,13,22,0.591,0,2,0.0,1,1,1.0,1,10,11,4,0,3,2,4,-1
0021500677,2016-01-26,2015-16,regular_season,False,1610612755,PHI,Philadelphia 76ers,1610612756,PHX,Phoenix Suns,23,21,W,8,20,0.4,1,6,0.167,6,8,0.75,3,7,10,4,1,1,2,7,2,7,16,0.438,0,1,0.0,7,8,0.875,2,10,12,6,0,1,5,7,-2
0021500676,2016-01-26,2015-16,regular_season,False,1610612754,IND,Indiana Pacers,1610612746,LAC,LA Clippers,26,21,W,9,19,0.474,0,4,0.0,8,15,0.533,4,12,16,3,0,0,3,4,5,7,22,0.318,3,8,0.375,4,6,0.667,2,8,10,4,2,0,0,8,-5
0021500679,2016-01-26,2015-16,regular_season,False,1610612752,NYK,New York Knicks,1610612760,OKC,Oklahoma City Thunder,29,23,W,9,23,0.391,3,6,0.5,8,9,0.889,2,12,14,5,1,4,0,1,6,11,25,0.44,1,2,0.5,0,0,0.0,1,12,13,6,0,1,1,6,-6
0021500690,2016-01-27,2015-16,regular_season,False,1610612762,UTA,Utah Jazz,1610612766,CHA,Charlotte Hornets,25,13,W,10,20,0.5,3,10,0.3,2,4,0.5,4,8,12,6,3,3,3,2,12,5,17,0.294,1,7,0.143,2,2,1.0,3,6,9,2,2,0,7,3,-12
0021500691,2016-01-27,2015-16,regular_season,False,1610612744,GSW,Golden State Warriors,1610612742,DAL,Dallas Mavericks,24,26,L,9,22,0.409,2,6,0.333,4,4,1.0,3,7,10,6,2,1,2,4,-2,12,21,0.571,1,3,0.333,1,1,1.0,2,10,12,7,1,0,4,4,2
0021500688,2016-01-27,2015-16,regular_season,False,1610612750,MIN,Minnesota Timberwolves,1610612760,OKC,Oklahoma City Thunder,36,34,W,14,22,0.636,2,3,0.667,6,9,0.667,3,7,10,11,0,0,2,5,2,13,27,0.481,2,9,0.222,6,7,0.857,5,6,11,7,0,3,1,8,-2
0021500689,2016-01-27,2015-16,regular_season,False,1610612759,SAS,San Antonio Spurs,1610612745,HOU,Houston Rockets,34,20,W,14,23,0.609,4,6,0.667,2,4,0.5,2,7,9,10,3,0,3,10,14,5,17,0.294,0,6,0.0,10,18,0.556,5,7,12,2,2,3,5,5,-14
0021500686,2016-01-27,2015-16,regular_season,False,1610612765,DET,Detroit Pistons,1610612755,PHI,Philadelphia 76ers,32,25,W,10,24,0.417,2,7,0.286,10,14,0.714,7,10,17,4,2,0,3,4,7,9,24,0.375,3,5,0.6,4,5,0.8,5,8,13,4,1,1,3,8,-7
0021500685,2016-01-27,2015-16,regular_season,False,1610612738,BOS,Boston Celtics,1610612743,DEN,Denver Nuggets,26,24,W,8,22,0.364,3,7,0.429,7,8,0.875,2,7,9,6,5,1,4,4,2,11,20,0.55,1,3,0.333,1,3,0.333,2,11,13,8,1,2,8,7,-2
0021500684,2016-01-27,2015-16,regular_season,False,1610612739,CLE,Cleveland Cavaliers,1610612756,PHX,Phoenix Suns,32,24,W,11,20,0.55,2,6,0.333,8,10,0.8,2,9,11,10,5,1,2,5,8,11,21,0.524,2,7,0.286,0,4,0.0,4,6,10,8,1,0,6,7,-8
0021500687,2016-01-27,2015-16,regular_season,False,1610612737,ATL,Atlanta Hawks,1610612746,LAC,LA Clippers,22,26,L,9,20,0.45,2,5,0.4,2,3,0.667,1,9,10,4,4,0,6,5,-4,10,20,0.5,2,4,0.5,4,8,0.5,3,10,13,5,4,2,5,3,4
0021500697,2016-01-28,2015-16,regular_season,False,1610612747,LAL,Los Angeles Lakers,1610612741,CHI,Chicago Bulls,25,26,L,9,19,0.474,4,9,0.444,3,4,0.75,2,7,9,7,2,0,4,1,-1,12,23,0.522,2,6,0.333,0,0,0.0,3,8,11,7,2,2,3,3,1
0021500692,2016-01-28,2015-16,regular_season,False,1610612754,IND,Indiana Pacers,1610612737,ATL,Atlanta Hawks,24,20,W,11,22,0.5,1,2,0.5,1,2,0.5,3,9,12,6,3,2,3,6,4,6,17,0.353,1,4,0.25,7,7,1.0,1,8,9,4,2,0,4,1,-4
0021500693,2016-01-28,2015-16,regular_season,False,1610612764,WAS,Washington Wizards,1610612743,DEN,Denver Nuggets,29,35,L,11,22,0.5,4,6,0.667,3,4,0.75,2,8,10,6,1,1,4,5,-6,13,24,0.542,3,7,0.429,6,6,1.0,0,8,8,9,3,1,1,6,6
0021500694,2016-01-28,2015-16,regular_season,False,1610612761,TOR,Toronto Raptors,1610612752,NYK,New York Knicks,26,22,W,8,26,0.308,3,6,0.5,7,9,0.778,9,12,21,6,1,2,2,5,4,8,23,0.348,1,4,0.25,5,7,0.714,3,8,11,5,2,2,1,6,-4
0021500695,2016-01-28,2015-16,regular_season,False,1610612763,MEM,Memphis Grizzlies,1610612749,MIL,Milwaukee Bucks,27,14,W,11,24,0.458,1,8,0.125,4,4,1.0,3,7,10,6,3,3,0,4,13,6,21,0.286,0,5,0.0,2,2,1.0,4,9,13,5,0,0,5,4,-13
0021500696,2016-01-28,2015-16,regular_season,False,1610612740,NOP,New Orleans Pelicans,1610612758,SAC,Sacramento Kings,26,34,L,9,20,0.45,4,8,0.5,4,4,1.0,1,7,8,6,0,2,6,8,-8,12,23,0.522,3,3,1.0,7,10,0.7,1,9,10,9,1,4,1,3,8
0021500705,2016-01-29,2015-16,regular_season,False,1610612757,POR,Portland Trail Blazers,1610612766,CHA,Charlotte Hornets,29,20,W,12,22,0.545,4,8,0.5,1,1,1.0,0,8,8,9,4,2,2,8,9,7,19,0.368,1,6,0.167,5,7,0.714,4,8,12,4,1,0,6,2,-9
0021500704,2016-01-29,2015-16,regular_season,False,1610612762,UTA,Utah Jazz,1610612750,MIN,Minnesota Timberwolves,29,26,W,10,21,0.476,2,6,0.333,7,7,1.0,3,5,8,4,2,2,2,7,3,9,15,0.6,0,1,0.0,8,9,0.889,1,8,9,6,2,1,5,4,-3
0021500706,2016-01-29,2015-16,regular_season,False,1610612746,LAC,LA Clippers,1610612747,LAL,Los Angeles Lakers,26,20,W,9,22,0.409,3,8,0.375,5,6,0.833,2,11,13,4,0,5,1,4,6,8,25,0.32,1,1,1.0,3,4,0.75,5,11,16,5,1,1,3,7,-6
0021500703,2016-01-29,2015-16,regular_season,False,1610612749,MIL,Milwaukee Bucks,1610612748,MIA,Miami Heat,20,22,L,9,20,0.45,0,3,0.0,2,3,0.667,4,7,11,4,2,1,9,4,-2,8,19,0.421,2,5,0.4,4,6,0.667,3,5,8,7,4,3,6,4,2
0021500699,2016-01-29,2015-16,regular_season,False,1610612765,DET,Detroit Pistons,1610612739,CLE,Cleveland Cavaliers,31,33,L,10,20,0.5,2,9,0.222,9,11,0.818,2,9,11,4,0,2,2,10,-2,8,19,0.421,2,7,0.286,15,16,0.938,1,9,10,4,1,0,0,8,2
0021500701,2016-01-29,2015-16,regular_season,False,1610612760,OKC,Oklahoma City Thunder,1610612745,HOU,Houston Rockets,33,29,W,10,21,0.476,3,6,0.5,10,11,0.909,2,10,12,7,3,0,5,10,4,9,15,0.6,3,7,0.429,8,17,0.471,0,8,8,5,4,1,6,7,-4
0021500700,2016-01-29,2015-16,regular_season,False,1610612752,NYK,New York Knicks,1610612756,PHX,Phoenix Suns,32,24,W,10,18,0.556,2,4,0.5,10,10,1.0,1,10,11,9,2,1,2,4,8,10,22,0.455,2,6,0.333,2,4,0.5,3,7,10,5,1,2,3,8,-8
0021500702,2016-01-29,2015-16,regular_season,False,1610612742,DAL,Dallas Mavericks,1610612751,BKN,Brooklyn Nets,26,21,W,10,20,0.5,4,7,0.571,2,2,1.0,2,10,12,7,1,2,4,5,5,7,21,0.333,0,5,0.0,7,8,0.875,3,7,10,4,2,1,2,2,-5
0021500698,2016-01-29,2015-16,regular_season,False,1610612738,BOS,Boston Celtics,1610612753,ORL,Orlando Magic,32,28,W,10,17,0.588,4,7,0.571,8,9,0.889,1,7,8,5,1,1,6,7,4,10,18,0.556,0,2,0.0,8,10,0.8,2,5,7,3,5,1,5,8,-4
0021500712,2016-01-30,2015-16,regular_season,False,1610612763,MEM,Memphis Grizzlies,1610612758,SAC,Sacramento Kings,29,29,W,10,20,0.5,2,7,0.286,7,9,0.778,1,10,11,6,3,1,4,7,0,9,20,0.45,2,6,0.333,9,10,0.9,2,9,11,5,2,1,5,6,0
0021500711,2016-01-30,2015-16,regular_season,False,1610612745,HOU,Houston Rockets,1610612764,WAS,Washington Wizards,30,31,L,10,23,0.435,4,9,0.444,6,13,0.462,3,4,7,6,3,2,1,5,-1,13,19,0.684,1,4,0.25,4,7,0.571,1,11,12,8,1,1,6,8,1
0021500710,2016-01-30,2015-16,regular_season,False,1610612740,NOP,New Orleans Pelicans,1610612751,BKN,Brooklyn Nets,28,29,L,10,25,0.4,4,9,0.444,4,5,0.8,3,10,13,5,3,1,1,7,-1,11,21,0.524,2,5,0.4,5,11,0.455,4,11,15,6,1,2,4,4,1
0021500713,2016-01-30,2015-16,regular_season,False,1610612739,CLE,Cleveland Cavaliers,1610612759,SAS,San Antonio Spurs,29,19,W,12,19,0.632,1,4,0.25,4,6,0.667,1,11,12,8,1,2,1,8,10,5,16,0.312,1,5,0.2,8,10,0.8,0,6,6,3,0,1,2,5,-10
0021500708,2016-01-30,2015-16,regular_season,False,1610612761,TOR,Toronto Raptors,1610612765,DET,Detroit Pistons,29,30,L,10,20,0.5,1,3,0.333,8,9,0.889,3,8,11,2,4,0,6,5,-1,10,22,0.455,3,7,0.429,7,13,0.538,2,6,8,1,5,1,4,6,1
0021500707,2016-01-30,2015-16,regular_season,False,1610612755,PHI,Philadelphia 76ers,1610612744,GSW,Golden State Warriors,26,39,L,9,19,0.474,4,9,0.444,4,10,0.4,1,3,4,6,2,0,1,3,-13,18,24,0.75,3,5,0.6,0,0,0.0,2,11,13,13,0,1,2,7,13
0021500709,2016-01-30,2015-16,regular_season,False,1610612754,IND,Indiana Pacers,1610612743,DEN,Denver Nuggets,24,24,W,10,24,0.417,2,9,0.222,2,3,0.667,2,12,14,8,1,0,2,7,0,9,22,0.409,1,8,0.125,5,7,0.714,1,10,11,6,2,0,2,5,0
0021500714,2016-01-31,2015-16,regular_season,False,1610612746,LAC,LA Clippers,1610612741,CHI,Chicago Bulls,27,25,W,9,18,0.5,4,8,0.5,5,8,0.625,1,10,11,5,1,1,3,6,2,11,29,0.379,1,3,0.333,2,2,1.0,7,8,15,4,1,1,1,6,-2
0021500715,2016-01-31,2015-16,regular_season,False,1610612748,MIA,Miami Heat,1610612737,ATL,Atlanta Hawks,20,17,W,7,22,0.318,0,6,0.0,6,7,0.857,3,9,12,4,3,3,4,6,3,4,17,0.235,1,6,0.167,8,8,1.0,1,10,11,2,2,0,5,5,-3
0021500716,2016-01-31,2015-16,regular_season,False,1610612753,ORL,Orlando Magic,1610612738,BOS,Boston Celtics,23,22,W,9,17,0.529,2,7,0.286,3,7,0.429,1,11,12,7,0,1,5,6,1,9,23,0.391,1,8,0.125,3,4,0.75,2,8,10,5,2,0,1,4,-1
0021500717,2016-01-31,2015-16,regular_season,False,1610612742,DAL,Dallas Mavericks,1610612756,PHX,Phoenix Suns,30,22,W,11,20,0.55,3,6,0.5,5,5,1.0,2,5,7,6,2,0,3,8,8,8,17,0.471,1,4,0.25,5,9,0.556,5,7,12,4,1,0,7,5,-8
0021500718,2016-01-31,2015-16,regular_season,False,1610612752,NYK,New York Knicks,1610612744,GSW,Golden State Warriors,29,37,L,10,23,0.435,2,4,0.5,7,7,1.0,3,4,7,6,1,1,2,7,-8,14,17,0.824,4,4,1.0,5,7,0.714,0,9,9,12,1,1,3,5,8
0021500719,2016-01-31,2015-16,regular_season,False,1610612757,POR,Portland Trail Blazers,1610612750,MIN,Minnesota Timberwolves,27,18,W,10,18,0.556,2,7,0.286,5,6,0.833,0,11,11,6,1,3,4,2,9,9,25,0.36,0,2,0.0,0,1,0.0,4,6,10,3,3,1,3,6,-9
0021500720,2016-01-31,2015-16,regular_season,False,1610612747,LAL,Los Angeles Lakers,1610612766,CHA,Charlotte Hornets,27,37,L,8,19,0.421,4,8,0.5,7,7,1.0,2,6,8,4,2,4,6,9,-10,11,23,0.478,7,9,0.778,8,13,0.615,4,9,13,9,3,3,3,4,10
0021500727,2016-02-01,2015-16,regular_season,False,1610612743,DEN,Denver Nuggets,1610612761,TOR,Toronto Raptors,32,21,W,13,22,0.591,2,5,0.4,4,4,1.0,0,12,12,8,3,1,3,10,11,5,20,0.25,0,6,0.0,11,17,0.647,4,8,12,1,2,2,4,5,-11
0021500729,2016-02-01,2015-16,regular_season,False,1610612758,SAC,Sacramento Kings,1610612749,MIL,Milwaukee Bucks,28,24,W,11,20,0.55,2,4,0.5,4,5,0.8,2,10,12,4,0,2,3,4,4,10,20,0.5,2,4,0.5,2,5,0.4,2,5,7,6,2,1,2,6,-4
0021500728,2016-02-01,2015-16,regular_season,False,1610612762,UTA,Utah Jazz,1610612741,CHI,Chicago Bulls,21,25,L,6,19,0.316,4,7,0.571,5,8,0.625,0,6,6,5,2,0,2,4,-4,10,20,0.5,3,5,0.6,2,2,1.0,2,12,14,4,0,2,6,6,4
0021500726,2016-02-01,2015-16,regular_season,False,1610612759,SAS,San Antonio Spurs,1610612753,ORL,Orlando Magic,17,20,L,8,18,0.444,0,5,0.0,1,2,0.5,0,11,11,8,0,2,6,5,-3,9,26,0.346,1,6,0.167,1,3,0.333,6,10,16,5,4,2,4,4,3
0021500721,2016-02-01,2015-16,regular_season,False,1610612754,IND,Indiana Pacers,1610612739,CLE,Cleveland Cavaliers,23,27,L,9,20,0.45,2,5,0.4,3,3,1.0,1,6,7,6,3,1,6,8,-4,11,20,0.55,0,2,0.0,5,7,0.714,3,8,11,4,3,0,5,4,4
0021500724,2016-02-01,2015-16,regular_season,False,1610612740,NOP,New Orleans Pelicans,1610612763,MEM,Memphis Grizzlies,25,32,L,10,23,0.435,2,8,0.25,3,5,0.6,4,4,8,4,2,2,2,4,-7,12,19,0.632,4,5,0.8,4,4,1.0,1,9,10,7,0,1,3,5,7
0021500723,2016-02-01,2015-16,regular_season,False,1610612737,ATL,Atlanta Hawks,1610612742,DAL,Dallas Mavericks,26,31,L,11,23,0.478,4,12,0.333,0,0,0.0,1,9,10,8,0,4,3,5,-5,11,28,0.393,3,6,0.5,6,8,0.75,7,7,14,4,1,0,1,4,5
0021500722,2016-02-01,2015-16,regular_season,False,1610612751,BKN,Brooklyn Nets,1610612765,DET,Detroit Pistons,31,26,W,12,23,0.522,2,4,0.5,5,6,0.833,5,8,13,10,1,0,3,4,5,10,22,0.455,3,7,0.429,3,4,0.75,2,5,7,4,1,1,1,5,-5
0021500725,2016-02-01,2015-16,regular_season,False,1610612760,OKC,Oklahoma City Thunder,1610612764,WAS,Washington Wizards,28,26,W,9,22,0.409,2,8,0.25,8,9,0.889,4,12,16,5,1,2,4,8,2,10,22,0.455,0,6,0.0,6,9,0.667,0,8,8,4,2,1,1,6,-2
0021500730,2016-02-02,2015-16,regular_season,False,1610612752,NYK,New York Knicks,1610612738,BOS,Boston Celtics,25,24,W,8,20,0.4,2,5,0.4,7,10,0.7,6,9,15,4,0,2,5,3,1,10,23,0.435,0,5,0.0,4,4,1.0,3,6,9,4,4,0,3,7,-1
0021500731,2016-02-02,2015-16,regular_season,False,1610612745,HOU,Houston Rockets,1610612748,MIA,Miami Heat,29,24,W,12,23,0.522,4,11,0.364,1,2,0.5,1,9,10,7,2,1,5,7,5,8,19,0.421,1,5,0.2,7,10,0.7,3,10,13,5,4,1,6,5,-5
0021500732,2016-02-02,2015-16,regular_season,False,1610612756,PHX,Phoenix Suns,1610612761,TOR,Toronto Raptors,13,24,L,5,15,0.333,0,1,0.0,3,4,0.75,1,8,9,4,0,0,5,7,-11,8,22,0.364,2,9,0.222,6,7,0.857,4,9,13,4,1,0,0,4,11
0021500733,2016-02-02,2015-16,regular_season,False,1610612757,POR,Portland Trail Blazers,1610612749,MIL,Milwaukee Bucks,29,30,L,8,19,0.421,3,8,0.375,10,14,0.714,2,7,9,6,1,0,6,5,-1,13,19,0.684,3,5,0.6,1,3,0.333,0,7,7,7,3,1,6,9,1
0021500734,2016-02-02,2015-16,regular_season,False,1610612747,LAL,Los Angeles Lakers,1610612750,MIN,Minnesota Timberwolves,39,26,W,12,21,0.571,5,12,0.417,10,13,0.769,1,9,10,7,2,1,2,9,13,8,19,0.421,0,4,0.0,10,12,0.833,3,5,8,7,1,0,4,6,-13
0021500742,2016-02-03,2015-16,regular_season,False,1610612759,SAS,San Antonio Spurs,1610612740,NOP,New Orleans Pelicans,23,18,W,8,19,0.421,1,3,0.333,6,6,1.0,0,9,9,7,0,1,2,4,5,8,22,0.364,0,6,0.0,2,2,1.0,2,10,12,2,2,0,4,7,-5
0021500745,2016-02-03,2015-16,regular_season,False,1610612746,LAC,LA Clippers,1610612750,MIN,Minnesota Timberwolves,28,26,W,11,21,0.524,2,7,0.286,4,5,0.8,3,6,9,6,3,0,3,4,2,11,19,0.579,3,5,0.6,1,3,0.333,1,8,9,7,3,1,5,4,-2
0021500744,2016-02-03,2015-16,regular_season,False,1610612758,SAC,Sacramento Kings,1610612741,CHI,Chicago Bulls,32,26,W,13,23,0.565,4,8,0.5,2,3,0.667,0,10,10,8,2,1,1,3,6,11,25,0.44,2,5,0.4,2,4,0.5,4,11,15,6,1,0,2,4,-6
0021500743,2016-02-03,2015-16,regular_season,False,1610612762,UTA,Utah Jazz,1610612743,DEN,Denver Nuggets,19,23,L,8,20,0.4,1,8,0.125,2,4,0.5,2,7,9,4,0,3,5,6,-4,7,17,0.412,0,4,0.0,9,12,0.75,2,10,12,1,5,0,2,3,4
0021500741,2016-02-03,2015-16,regular_season,False,1610612742,DAL,Dallas Mavericks,1610612748,MIA,Miami Heat,25,26,L,9,23,0.391,2,5,0.4,5,7,0.714,5,6,11,4,1,1,2,2,-1,11,23,0.478,1,7,0.143,3,4,0.75,4,10,14,3,2,3,4,8,1
0021500740,2016-02-03,2015-16,regular_season,False,1610612760,OKC,Oklahoma City Thunder,1610612753,ORL,Orlando Magic,34,33,W,13,27,0.481,3,8,0.375,5,8,0.625,7,6,13,9,2,2,3,7,1,12,22,0.545,3,6,0.5,6,6,1.0,3,5,8,9,1,1,2,6,-1
0021500739,2016-02-03,2015-16,regular_season,False,1610612764,WAS,Washington Wizards,1610612744,GSW,Golden State Warriors,32,31,W,12,24,0.5,1,6,0.167,7,8,0.875,0,9,9,5,7,1,3,7,1,12,21,0.571,3,7,0.429,4,8,0.5,1,13,14,10,2,2,8,7,-1
0021500738,2016-02-03,2015-16,regular_season,False,1610612751,BKN,Brooklyn Nets,1610612754,IND,Indiana Pacers,20,36,L,7,20,0.35,0,2,0.0,6,8,0.75,6,2,8,5,0,0,6,6,-16,13,18,0.722,4,6,0.667,6,6,1.0,1,7,8,8,5,1,4,6,16
0021500737,2016-02-03,2015-16,regular_season,False,1610612738,BOS,Boston Celtics,1610612765,DET,Detroit Pistons,29,20,W,11,21,0.524,2,7,0.286,5,7,0.714,1,13,14,8,4,2,4,8,9,7,26,0.269,2,8,0.25,4,6,0.667,4,10,14,4,1,0,4,6,-9
0021500736,2016-02-03,2015-16,regular_season,False,1610612755,PHI,Philadelphia 76ers,1610612737,ATL,Atlanta Hawks,25,31,L,11,22,0.5,3,10,0.3,0,1,0.0,1,10,11,8,2,5,6,7,-6,9,25,0.36,3,6,0.5,10,11,0.909,5,11,16,7,2,0,4,2,6
0021500735,2016-02-03,2015-16,regular_season,False,1610612766,CHA,Charlotte Hornets,1610612739,CLE,Cleveland Cavaliers,26,35,L,10,19,0.526,2,6,0.333,4,6,0.667,3,4,7,7,0,1,1,5,-9,12,18,0.667,5,5,1.0,6,8,0.75,2,6,8,7,1,1,0,5,9
0021500746,2016-02-04,2015-16,regular_season,False,1610612765,DET,Detroit Pistons,1610612752,NYK,New York Knicks,33,21,W,11,18,0.611,2,4,0.5,9,11,0.818,1,15,16,4,0,1,5,8,12,6,23,0.261,1,7,0.143,8,12,0.667,1,6,7,2,3,0,0,7,-12
0021500747,2016-02-04,2015-16,regular_season,False,1610612740,NOP,New Orleans Pelicans,1610612747,LAL,Los Angeles Lakers,20,33,L,8,20,0.4,1,5,0.2,3,6,0.5,1,7,8,4,1,1,2,7,-13,12,20,0.6,3,6,0.5,6,7,0.857,1,10,11,4,1,0,3,5,13
0021500748,2016-02-04,2015-16,regular_season,False,1610612757,POR,Portland Trail Blazers,1610612761,TOR,Toronto Raptors,26,22,W,10,21,0.476,3,6,0.5,3,3,1.0,1,10,11,6,2,1,3,4,4,9,25,0.36,2,7,0.286,2,2,1.0,3,8,11,6,2,2,2,3,-4
0021500749,2016-02-04,2015-16,regular_season,False,1610612756,PHX,Phoenix Suns,1610612745,HOU,Houston Rockets,31,37,L,8,19,0.421,3,4,0.75,12,13,0.923,3,7,10,6,1,1,4,8,-6,12,22,0.545,2,5,0.4,11,13,0.846,5,7,12,7,4,1,2,8,6
0021500758,2016-02-05,2015-16,regular_season,False,1610612762,UTA,Utah Jazz,1610612749,MIL,Milwaukee Bucks,22,25,L,8,22,0.364,2,8,0.25,4,5,0.8,3,5,8,3,5,2,2,5,-3,9,14,0.643,3,3,1.0,4,5,0.8,0,8,8,2,1,2,6,3,3
0021500757,2016-02-05,2015-16,regular_season,False,1610612743,DEN,Denver Nuggets,1610612741,CHI,Chicago Bulls,25,31,L,9,24,0.375,1,6,0.167,6,9,0.667,4,9,13,3,1,1,3,10,-6,9,21,0.429,2,4,0.5,11,14,0.786,4,8,12,6,2,2,3,6,6
0021500756,2016-02-05,2015-16,regular_season,False,1610612752,NYK,New York Knicks,1610612763,MEM,Memphis Grizzlies,22,26,L,8,19,0.421,3,7,0.429,3,4,0.75,4,6,10,4,0,0,4,3,-4,11,19,0.579,1,5,0.2,3,3,1.0,0,6,6,5,3,2,1,3,4
0021500755,2016-02-05,2015-16,regular_season,False,1610612739,CLE,Cleveland Cavaliers,1610612738,BOS,Boston Celtics,17,23,L,7,21,0.333,1,6,0.167,2,5,0.4,4,8,12,3,2,3,5,4,-6,9,22,0.409,1,3,0.333,4,4,1.0,3,12,15,6,3,1,4,6,6
0021500759,2016-02-05,2015-16,regular_season,False,1610612742,DAL,Dallas Mavericks,1610612759,SAS,San Antonio Spurs,14,35,L,7,18,0.389,0,3,0.0,0,0,0.0,1,4,5,3,1,1,4,5,-21,12,21,0.571,3,7,0.429,8,8,1.0,4,8,12,3,1,0,4,3,21
0021500753,2016-02-05,2015-16,regular_season,False,1610612764,WAS,Washington Wizards,1610612755,PHI,Philadelphia 76ers,22,29,L,9,20,0.45,0,4,0.0,4,10,0.4,1,7,8,4,3,1,2,5,-7,11,23,0.478,3,8,0.375,4,7,0.571,2,11,13,7,1,1,4,6,7
0021500752,2016-02-05,2015-16,regular_season,False,1610612753,ORL,Orlando Magic,1610612746,LAC,LA Clippers,24,27,L,11,21,0.524,1,4,0.25,1,2,0.5,1,7,8,9,2,0,4,5,-3,12,20,0.6,2,7,0.286,1,2,0.5,2,9,11,5,3,0,5,3,3
0021500751,2016-02-05,2015-16,regular_season,False,1610612766,CHA,Charlotte Hornets,1610612748,MIA,Miami Heat,16,22,L,7,21,0.333,2,9,0.222,0,0,0.0,0,12,12,6,2,5,4,5,-6,9,27,0.333,0,1,0.0,4,6,0.667,5,13,18,3,1,2,3,4,6
0021500750,2016-02-05,2015-16,regular_season,False,1610612737,ATL,Atlanta Hawks,1610612754,IND,Indiana Pacers,24,22,W,8,18,0.444,3,7,0.429,5,6,0.833,1,8,9,7,4,1,6,5,2,9,21,0.429,2,7,0.286,2,2,1.0,3,9,12,5,3,1,6,4,-2
0021500754,2016-02-05,2015-16,regular_season,False,1610612751,BKN,Brooklyn Nets,1610612758,SAC,Sacramento Kings,32,36,L,12,26,0.462,3,5,0.6,5,5,1.0,4,6,10,5,2,1,4,6,-4,12,20,0.6,3,6,0.5,9,10,0.9,0,10,10,6,2,1,3,4,4
0021500769,2016-02-06,2015-16,regular_season,False,1610612744,GSW,Golden State Warriors,1610612760,OKC,Oklahoma City Thunder,37,28,W,15,21,0.714,2,5,0.4,5,9,0.556,1,11,12,6,1,0,2,8,9,9,21,0.429,1,5,0.2,9,14,0.643,3,6,9,7,2,1,1,7,-9
0021500768,2016-02-06,2015-16,regular_season,False,1610612756,PHX,Phoenix Suns,1610612762,UTA,Utah Jazz,23,22,W,8,15,0.533,1,4,0.25,6,8,0.75,0,8,8,5,2,1,4,3,1,8,22,0.364,3,8,0.375,3,3,1.0,5,7,12,4,3,1,4,6,-1
0021500767,2016-02-06,2015-16,regular_season,False,1610612759,SAS,San Antonio Spurs,1610612747,LAL,Los Angeles Lakers,25,31,L,9,22,0.409,1,7,0.143,6,8,0.75,4,8,12,5,1,2,3,7,-6,9,20,0.45,2,7,0.286,11,13,0.846,2,9,11,4,2,1,1,9,6
0021500765,2016-02-06,2015-16,regular_season,False,1610612763,MEM,Memphis Grizzlies,1610612742,DAL,Dallas Mavericks,22,29,L,7,19,0.368,2,6,0.333,6,9,0.667,1,12,13,5,1,0,3,4,-7,11,25,0.44,3,11,0.273,4,6,0.667,3,10,13,7,3,0,1,7,7
0021500766,2016-02-06,2015-16,regular_season,False,1610612750,MIN,Minnesota Timberwolves,1610612741,CHI,Chicago Bulls,23,34,L,11,25,0.44,1,6,0.167,0,0,0.0,4,6,10,5,1,1,2,4,-11,13,23,0.565,3,5,0.6,5,5,1.0,4,8,12,6,2,1,1,0,11
0021500763,2016-02-06,2015-16,regular_season,False,1610612739,CLE,Cleveland Cavaliers,1610612740,NOP,New Orleans Pelicans,26,23,W,10,27,0.37,4,10,0.4,2,2,1.0,5,11,16,7,1,1,2,3,3,10,27,0.37,0,8,0.0,3,4,0.75,7,7,14,4,1,2,1,3,-3
0021500762,2016-02-06,2015-16,regular_season,False,1610612754,IND,Indiana Pacers,1610612765,DET,Detroit Pistons,28,26,W,11,18,0.611,1,1,1.0,5,7,0.714,4,7,11,4,0,0,7,6,2,10,21,0.476,2,7,0.286,4,7,0.571,4,2,6,1,3,2,2,8,-2
0021500761,2016-02-06,2015-16,regular_season,False,1610612766,CHA,Charlotte Hornets,1610612764,WAS,Washington Wizards,23,33,L,7,20,0.35,2,5,0.4,7,9,0.778,1,8,9,6,1,1,4,7,-10,12,23,0.522,3,8,0.375,6,8,0.75,2,12,14,8,2,3,2,6,10
0021500760,2016-02-06,2015-16,regular_season,False,1610612745,HOU,Houston Rockets,1610612757,POR,Portland Trail Blazers,13,26,L,4,19,0.211,0,7,0.0,5,10,0.5,6,7,13,3,5,1,6,8,-13,8,23,0.348,1,7,0.143,9,14,0.643,8,9,17,3,4,1,5,7,13
0021500764,2016-02-06,2015-16,regular_season,False,1610612755,PHI,Philadelphia 76ers,1610612751,BKN,Brooklyn Nets,17,27,L,5,16,0.312,2,8,0.25,5,5,1.0,2,8,10,3,0,0,5,5,-10,10,19,0.526,3,6,0.5,4,4,1.0,1,7,8,7,2,1,1,5,10
0021500770,2016-02-07,2015-16,regular_season,False,1610612752,NYK,New York Knicks,1610612743,DEN,Denver Nuggets,29,29,L,11,20,0.55,2,8,0.25,5,5,1.0,2,9,11,4,0,1,4,7,0,11,21,0.524,1,6,0.167,6,8,0.75,2,7,9,6,3,0,2,6,0
0021500771,2016-02-07,2015-16,regular_season,False,1610612753,ORL,Orlando Magic,1610612737,ATL,Atlanta Hawks,18,22,L,7,22,0.318,2,5,0.4,2,2,1.0,2,8,10,5,3,2,6,5,-4,6,19,0.316,2,7,0.286,8,9,0.889,4,11,15,3,2,3,5,3,4
0021500772,2016-02-07,2015-16,regular_season,False,1610612748,MIA,Miami Heat,1610612746,LAC,LA Clippers,26,31,L,11,24,0.458,1,5,0.2,3,4,0.75,5,8,13,6,1,0,3,2,-5,11,19,0.579,5,8,0.625,4,5,0.8,1,6,7,5,3,2,2,6,5
0021500773,2016-02-07,2015-16,regular_season,False,1610612738,BOS,Boston Celtics,1610612758,SAC,Sacramento Kings,28,21,W,13,23,0.565,2,4,0.5,0,0,0.0,4,11,15,7,2,0,7,5,7,8,22,0.364,1,7,0.143,4,4,1.0,2,4,6,4,4,2,2,3,-7
0021500780,2016-02-08,2015-16,regular_season,False,1610612737,ATL,Atlanta Hawks,1610612753,ORL,Orlando Magic,24,23,W,8,23,0.348,3,9,0.333,5,7,0.714,3,11,14,4,2,1,2,5,1,8,21,0.381,3,7,0.429,4,5,0.8,0,12,12,7,2,3,3,7,-1
0021500783,2016-02-08,2015-16,regular_season,False,1610612756,PHX,Phoenix Suns,1610612760,OKC,Oklahoma City Thunder,38,29,W,15,21,0.714,0,1,0.0,8,9,0.889,2,7,9,11,3,0,1,7,9,9,16,0.562,6,9,0.667,5,6,0.833,1,1,2,6,0,0,4,6,-9
0021500782,2016-02-08,2015-16,regular_season,False,1610612750,MIN,Minnesota Timberwolves,1610612740,NOP,New Orleans Pelicans,24,35,L,7,16,0.438,0,2,0.0,10,15,0.667,3,7,10,2,0,2,6,5,-11,15,24,0.625,3,7,0.429,2,3,0.667,0,6,6,7,4,0,1,8,11
0021500779,2016-02-08,2015-16,regular_season,False,1610612765,DET,Detroit Pistons,1610612761,TOR,Toronto Raptors,19,30,L,8,20,0.4,1,7,0.143,2,2,1.0,2,4,6,4,3,0,4,4,-11,11,15,0.733,6,9,0.667,2,2,1.0,0,8,8,8,3,0,5,5,11
0021500781,2016-02-08,2015-16,regular_season,False,1610612763,MEM,Memphis Grizzlies,1610612757,POR,Portland Trail Blazers,22,26,L,8,19,0.421,2,5,0.4,4,5,0.8,1,5,6,3,1,0,2,4,-4,11,21,0.524,3,7,0.429,1,1,1.0,2,5,7,7,1,2,3,5,4
0021500777,2016-02-08,2015-16,regular_season,False,1610612755,PHI,Philadelphia 76ers,1610612746,LAC,LA Clippers,34,27,W,10,19,0.526,3,7,0.429,11,11,1.0,2,8,10,4,1,2,5,13,7,7,20,0.35,2,5,0.4,11,15,0.733,3,6,9,6,3,1,2,5,-7
0021500776,2016-02-08,2015-16,regular_season,False,1610612754,IND,Indiana Pacers,1610612747,LAL,Los Angeles Lakers,23,16,W,7,21,0.333,1,8,0.125,8,11,0.727,1,12,13,2,3,2,3,5,7,5,20,0.25,1,9,0.111,5,7,0.714,0,12,12,2,3,1,6,8,-7
0021500778,2016-02-08,2015-16,regular_season,False,1610612751,BKN,Brooklyn Nets,1610612743,DEN,Denver Nuggets,29,27,W,11,25,0.44,1,5,0.2,6,7,0.857,5,7,12,7,3,1,3,3,2,12,22,0.545,1,5,0.2,2,3,0.667,3,8,11,7,2,0,5,8,-2
0021500775,2016-02-08,2015-16,regular_season,False,1610612739,CLE,Cleveland Cavaliers,1610612758,SAC,Sacramento Kings,30,22,W,12,22,0.545,2,5,0.4,4,6,0.667,3,12,15,4,3,1,3,6,8,8,21,0.381,3,7,0.429,3,5,0.6,2,8,10,6,1,1,4,4,-8
0021500774,2016-02-08,2015-16,regular_season,False,1610612766,CHA,Charlotte Hornets,1610612741,CHI,Chicago Bulls,19,22,L,5,20,0.25,1,9,0.111,8,11,0.727,1,14,15,3,2,1,1,5,-3,7,25,0.28,4,10,0.4,4,7,0.571,4,13,17,6,1,2,2,5,3
0021500784,2016-02-09,2015-16,regular_season,False,1610612748,MIA,Miami Heat,1610612759,SAS,San Antonio Spurs,23,34,L,10,15,0.667,0,1,0.0,3,3,1.0,0,2,2,5,2,2,5,3,-11,14,21,0.667,2,2,1.0,4,4,1.0,4,5,9,11,2,0,3,2,11
0021500785,2016-02-09,2015-16,regular_season,False,1610612752,NYK,New York Knicks,1610612764,WAS,Washington Wizards,29,28,W,12,21,0.571,1,7,0.143,4,4,1.0,1,9,10,7,2,2,2,4,1,10,21,0.476,6,7,0.857,2,4,0.5,1,8,9,7,0,1,2,5,-1
0021500786,2016-02-09,2015-16,regular_season,False,1610612749,MIL,Milwaukee Bucks,1610612738,BOS,Boston Celtics,27,24,W,12,26,0.462,2,5,0.4,1,1,1.0,6,9,15,7,0,0,4,1,3,9,21,0.429,4,10,0.4,2,2,1.0,3,7,10,7,3,0,5,3,-3
0021500787,2016-02-09,2015-16,regular_season,False,1610612742,DAL,Dallas Mavericks,1610612762,UTA,Utah Jazz,29,30,L,12,21,0.571,3,9,0.333,2,4,0.5,0,5,5,8,0,0,0,4,-1,10,17,0.588,3,6,0.5,7,8,0.875,2,8,10,7,0,0,3,3,1
0021500788,2016-02-09,2015-16,regular_season,False,1610612744,GSW,Golden State Warriors,1610612745,HOU,Houston Rockets,27,39,L,6,20,0.3,1,5,0.2,14,16,0.875,3,6,9,2,0,2,4,10,-12,13,26,0.5,5,11,0.455,8,13,0.615,4,10,14,7,1,1,2,9,12
0021500799,2016-02-10,2015-16,regular_season,False,1610612756,PHX,Phoenix Suns,1610612744,GSW,Golden State Warriors,15,28,L,7,22,0.318,0,5,0.0,1,3,0.333,1,9,10,5,2,1,4,5,-13,9,21,0.429,3,8,0.375,7,7,1.0,1,15,16,4,4,0,3,3,13
0021500798,2016-02-10,2015-16,regular_season,False,1610612740,NOP,New Orleans Pelicans,1610612762,UTA,Utah Jazz,27,23,W,11,19,0.579,3,8,0.375,2,3,0.667,1,10,11,5,1,0,2,5,4,7,19,0.368,2,5,0.4,7,9,0.778,4,7,11,5,2,0,3,5,-4
0021500797,2016-02-10,2015-16,regular_season,False,1610612750,MIN,Minnesota Timberwolves,1610612761,TOR,Toronto Raptors,29,36,L,8,22,0.364,0,3,0.0,13,16,0.812,8,6,14,3,1,1,2,3,-7,14,25,0.56,3,8,0.375,5,5,1.0,3,6,9,7,2,2,1,9,7
0021500796,2016-02-10,2015-16,regular_season,False,1610612741,CHI,Chicago Bulls,1610612737,ATL,Atlanta Hawks,19,25,L,8,20,0.4,0,2,0.0,3,3,1.0,3,9,12,4,2,0,5,3,-6,9,22,0.409,4,10,0.4,3,3,1.0,3,8,11,7,4,3,4,3,6
0021500795,2016-02-10,2015-16,regular_season,False,1610612739,CLE,Cleveland Cavaliers,1610612747,LAL,Los Angeles Lakers,29,22,W,11,21,0.524,4,7,0.571,3,7,0.429,3,9,12,5,2,0,1,3,7,8,22,0.364,3,8,0.375,3,3,1.0,3,9,12,6,1,1,3,6,-7
0021500800,2016-02-10,2015-16,regular_season,False,1610612757,POR,Portland Trail Blazers,1610612745,HOU,Houston Rockets,28,17,W,10,27,0.37,2,7,0.286,6,8,0.75,7,7,14,5,5,0,3,9,11,6,14,0.429,0,5,0.0,5,12,0.417,2,11,13,4,2,1,8,6,-11
0021500793,2016-02-10,2015-16,regular_season,False,1610612751,BKN,Brooklyn Nets,1610612763,MEM,Memphis Grizzlies,18,28,L,6,18,0.333,1,4,0.25,5,6,0.833,3,5,8,4,1,0,5,5,-10,12,20,0.6,2,4,0.5,2,2,1.0,2,6,8,8,1,0,4,4,10
0021500792,2016-02-10,2015-16,regular_season,False,1610612738,BOS,Boston Celtics,1610612746,LAC,LA Clippers,38,27,W,10,20,0.5,6,10,0.6,12,13,0.923,3,7,10,7,2,0,2,6,11,10,20,0.5,2,4,0.5,5,8,0.625,3,7,10,9,2,2,4,8,-11
0021500791,2016-02-10,2015-16,regular_season,False,1610612755,PHI,Philadelphia 76ers,1610612758,SAC,Sacramento Kings,33,24,W,12,25,0.48,5,10,0.5,4,5,0.8,4,8,12,9,2,2,3,7,9,9,20,0.45,0,3,0.0,6,10,0.6,3,6,9,8,0,2,3,4,-9
0021500790,2016-02-10,2015-16,regular_season,False,1610612753,ORL,Orlando Magic,1610612759,SAS,San Antonio Spurs,28,21,W,11,23,0.478,5,10,0.5,1,2,0.5,2,11,13,9,2,3,3,4,7,8,20,0.4,0,3,0.0,5,5,1.0,1,9,10,6,1,3,3,3,-7
0021500789,2016-02-10,2015-16,regular_season,False,1610612754,IND,Indiana Pacers,1610612766,CHA,Charlotte Hornets,18,35,L,8,19,0.421,0,2,0.0,2,4,0.5,2,7,9,3,3,1,5,4,-17,13,22,0.591,5,10,0.5,4,4,1.0,2,8,10,9,2,3,4,2,17
0021500794,2016-02-10,2015-16,regular_season,False,1610612765,DET,Detroit Pistons,1610612743,DEN,Denver Nuggets,31,32,L,13,23,0.565,3,8,0.375,2,2,1.0,0,7,7,7,1,1,3,6,-1,13,22,0.591,1,5,0.2,5,5,1.0,0,8,8,9,2,0,5,5,1
0021500801,2016-02-11,2015-16,regular_season,False,1610612749,MIL,Milwaukee Bucks,1610612764,WAS,Washington Wizards,37,19,W,12,19,0.632,1,2,0.5,12,16,0.75,4,14,18,8,2,3,4,6,18,6,22,0.273,0,8,0.0,7,9,0.778,3,4,7,3,2,2,4,10,-18
0021500802,2016-02-11,2015-16,regular_season,False,1610612760,OKC,Oklahoma City Thunder,1610612740,NOP,New Orleans Pelicans,33,28,W,11,20,0.55,2,6,0.333,9,10,0.9,2,9,11,7,1,1,4,3,5,12,21,0.571,3,5,0.6,1,3,0.333,0,4,4,6,3,1,2,6,-5
0021500804,2016-02-18,2015-16,regular_season,False,1610612746,LAC,LA Clippers,1610612759,SAS,San Antonio Spurs,21,19,W,8,17,0.471,2,4,0.5,3,4,0.75,0,10,10,5,2,3,6,4,2,8,22,0.364,1,4,0.25,2,2,1.0,2,9,11,4,4,0,5,4,-2
0021500654,2016-02-18,2015-16,regular_season,False,1610612764,WAS,Washington Wizards,1610612762,UTA,Utah Jazz,21,19,W,8,22,0.364,2,6,0.333,3,4,0.75,2,9,11,5,1,2,4,1,2,8,21,0.381,1,5,0.2,2,2,1.0,2,10,12,6,2,1,5,5,-2
0021500803,2016-02-18,2015-16,regular_season,False,1610612739,CLE,Cleveland Cavaliers,1610612741,CHI,Chicago Bulls,22,23,L,9,25,0.36,1,8,0.125,3,5,0.6,3,9,12,6,4,1,1,2,-1,10,22,0.455,2,4,0.5,1,1,1.0,2,13,15,3,0,2,6,5,1
0021500813,2016-02-19,2015-16,regular_season,False,1610612749,MIL,Milwaukee Bucks,1610612766,CHA,Charlotte Hornets,27,24,W,9,18,0.5,4,6,0.667,5,6,0.833,3,6,9,7,3,4,7,4,3,10,21,0.476,2,7,0.286,2,2,1.0,2,5,7,3,5,2,6,4,-3
0021500817,2016-02-19,2015-16,regular_season,False,1610612762,UTA,Utah Jazz,1610612738,BOS,Boston Celtics,28,25,W,8,14,0.571,5,7,0.714,7,15,0.467,2,8,10,7,2,3,3,6,3,8,20,0.4,2,4,0.5,7,9,0.778,3,8,11,1,2,0,3,9,-3
0021500816,2016-02-19,2015-16,regular_season,False,1610612758,SAC,Sacramento Kings,1610612743,DEN,Denver Nuggets,39,33,W,16,24,0.667,5,6,0.833,2,3,0.667,1,8,9,6,3,3,8,9,6,12,22,0.545,2,4,0.5,7,11,0.636,2,8,10,11,6,0,6,4,-6
0021500818,2016-02-19,2015-16,regular_season,False,1610612747,LAL,Los Angeles Lakers,1610612759,SAS,San Antonio Spurs,19,27,L,9,16,0.562,0,3,0.0,1,3,0.333,3,5,8,7,3,2,8,2,-8,12,22,0.545,3,5,0.6,0,0,0.0,5,5,10,8,3,2,5,2,8
0021500815,2016-02-19,2015-16,regular_season,False,1610612757,POR,Portland Trail Blazers,1610612744,GSW,Golden State Warriors,26,31,L,9,22,0.409,2,6,0.333,6,8,0.75,3,9,12,6,3,0,6,4,-5,12,25,0.48,4,6,0.667,3,4,0.75,3,9,12,6,2,1,4,7,5
0021500814,2016-02-19,2015-16,regular_season,False,1610612756,PHX,Phoenix Suns,1610612745,HOU,Houston Rockets,21,35,L,6,19,0.316,2,8,0.25,7,8,0.875,2,10,12,5,1,0,7,8,-14,11,20,0.55,3,7,0.429,10,16,0.625,2,10,12,7,6,0,3,7,14
0021500812,2016-02-19,2015-16,regular_season,False,1610612760,OKC,Oklahoma City Thunder,1610612754,IND,Indiana Pacers,27,20,W,12,23,0.522,2,8,0.25,1,1,1.0,3,11,14,10,1,0,4,5,7,7,22,0.318,2,7,0.286,4,4,1.0,4,6,10,5,2,0,4,3,-7
0021500807,2016-02-19,2015-16,regular_season,False,1610612751,BKN,Brooklyn Nets,1610612752,NYK,New York Knicks,27,20,W,12,24,0.5,2,4,0.5,1,1,1.0,1,7,8,8,7,2,1,4,7,8,21,0.381,2,6,0.333,2,3,0.667,5,11,16,4,0,2,8,4,-7
0021500810,2016-02-19,2015-16,regular_season,False,1610612763,MEM,Memphis Grizzlies,1610612750,MIN,Minnesota Timberwolves,23,21,W,9,23,0.391,2,6,0.333,3,4,0.75,5,9,14,4,4,0,3,4,2,8,18,0.444,3,7,0.429,2,2,1.0,1,9,10,5,2,1,6,7,-2
0021500809,2016-02-19,2015-16,regular_season,False,1610612741,CHI,Chicago Bulls,1610612761,TOR,Toronto Raptors,28,23,W,12,25,0.48,3,4,0.75,1,2,0.5,2,14,16,11,0,1,4,6,5,8,21,0.381,1,5,0.2,6,8,0.75,0,10,10,5,4,2,2,4,-5
0021500808,2016-02-19,2015-16,regular_season,False,1610612737,ATL,Atlanta Hawks,1610612748,MIA,Miami Heat,33,30,W,12,19,0.632,3,6,0.5,6,6,1.0,2,4,6,9,1,1,5,5,3,12,20,0.6,2,4,0.5,4,4,1.0,1,5,6,9,4,0,6,6,-3
0021500806,2016-02-19,2015-16,regular_season,False,1610612764,WAS,Washington Wizards,1610612765,DET,Detroit Pistons,26,25,W,11,21,0.524,2,4,0.5,2,7,0.286,3,8,11,9,1,0,4,4,1,11,21,0.524,1,4,0.25,2,2,1.0,1,10,11,6,1,1,3,6,-1
0021500805,2016-02-19,2015-16,regular_season,False,1610612753,ORL,Orlando Magic,1610612742,DAL,Dallas Mavericks,25,38,L,9,24,0.375,5,11,0.455,2,2,1.0,4,9,13,6,2,1,4,3,-13,14,23,0.609,9,14,0.643,1,2,0.5,0,11,11,9,3,2,2,2,13
0021500811,2016-02-19,2015-16,regular_season,False,1610612740,NOP,New Orleans Pelicans,1610612755,PHI,Philadelphia 76ers,34,29,W,12,20,0.6,4,7,0.571,6,6,1.0,1,5,6,8,7,0,5,7,5,10,16,0.625,3,6,0.5,6,7,0.857,1,5,6,5,3,1,10,4,-5
0021500822,2016-02-20,2015-16,regular_season,False,1610612746,LAC,LA Clippers,1610612744,GSW,Golden State Warriors,33,30,W,11,21,0.524,4,7,0.571,7,9,0.778,6,6,12,6,2,0,4,8,3,11,18,0.611,1,5,0.2,7,9,0.778,1,3,4,8,2,1,4,9,-3
0021500821,2016-02-20,2015-16,regular_season,False,1610612750,MIN,Minnesota Timberwolves,1610612752,NYK,New York Knicks,32,28,W,13,22,0.591,2,3,0.667,4,7,0.571,2,6,8,8,1,1,2,1,4,11,21,0.524,3,5,0.6,3,4,0.75,2,7,9,5,1,1,4,5,-4
0021500820,2016-02-20,2015-16,regular_season,False,1610612748,MIA,Miami Heat,1610612764,WAS,Washington Wizards,29,25,W,12,25,0.48,1,3,0.333,4,5,0.8,4,12,16,5,0,3,1,2,4,12,28,0.429,0,5,0.0,1,2,0.5,3,9,12,4,1,1,0,6,-4
0021500819,2016-02-20,2015-16,regular_season,False,1610612737,ATL,Atlanta Hawks,1610612749,MIL,Milwaukee Bucks,21,23,L,8,24,0.333,2,8,0.25,3,3,1.0,3,5,8,6,3,1,2,5,-2,9,18,0.5,0,3,0.0,5,6,0.833,3,13,16,6,1,3,6,4,2
0021500832,2016-02-21,2015-16,regular_season,False,1610612757,POR,Portland Trail Blazers,1610612762,UTA,Utah Jazz,29,27,W,11,25,0.44,2,7,0.286,5,11,0.455,6,6,12,7,2,0,1,4,2,11,20,0.55,3,4,0.75,2,2,1.0,2,9,11,6,0,5,2,7,-2
0021500830,2016-02-21,2015-16,regular_season,False,1610612742,DAL,Dallas Mavericks,1610612755,PHI,Philadelphia 76ers,38,24,W,9,15,0.6,4,7,0.571,16,17,0.941,1,10,11,6,2,0,3,5,14,9,20,0.45,4,10,0.4,2,6,0.333,3,5,8,6,3,0,4,12,-14
0021500829,2016-02-21,2015-16,regular_season,False,1610612761,TOR,Toronto Raptors,1610612763,MEM,Memphis Grizzlies,24,23,W,8,19,0.421,3,7,0.429,5,5,1.0,1,6,7,3,2,2,4,6,1,7,20,0.35,2,7,0.286,7,8,0.875,6,9,15,5,2,1,6,5,-1
0021500828,2016-02-21,2015-16,regular_season,False,1610612753,ORL,Orlando Magic,1610612754,IND,Indiana Pacers,25,27,L,9,24,0.375,2,7,0.286,5,6,0.833,4,4,8,7,3,0,2,5,-2,10,16,0.625,3,7,0.429,4,6,0.667,2,9,11,5,0,4,7,6,2
0021500831,2016-02-21,2015-16,regular_season,False,1610612741,CHI,Chicago Bulls,1610612747,LAL,Los Angeles Lakers,31,28,W,10,20,0.5,5,6,0.833,6,6,1.0,3,8,11,6,0,1,3,5,3,10,23,0.435,1,5,0.2,7,8,0.875,4,7,11,4,2,2,4,4,-3
0021500826,2016-02-21,2015-16,regular_season,False,1610612756,PHX,Phoenix Suns,1610612759,SAS,San Antonio Spurs,29,30,L,11,27,0.407,1,6,0.167,6,7,0.857,3,10,13,7,2,2,1,8,-1,10,21,0.476,4,5,0.8,6,8,0.75,0,10,10,7,0,6,2,5,1
0021500825,2016-02-21,2015-16,regular_season,False,1610612743,DEN,Denver Nuggets,1610612738,BOS,Boston Celtics,32,29,W,9,19,0.474,2,6,0.333,12,12,1.0,2,9,11,5,2,4,5,4,3,12,28,0.429,4,8,0.5,1,2,0.5,6,7,13,8,3,1,4,8,-3
0021500824,2016-02-21,2015-16,regular_season,False,1610612760,OKC,Oklahoma City Thunder,1610612739,CLE,Cleveland Cavaliers,25,35,L,10,23,0.435,2,3,0.667,3,5,0.6,4,6,10,6,3,0,3,5,-10,12,19,0.632,4,7,0.571,7,7,1.0,1,10,11,7,2,0,4,5,10
0021500823,2016-02-21,2015-16,regular_season,False,1610612765,DET,Detroit Pistons,1610612740,NOP,New Orleans Pelicans,30,27,W,9,15,0.6,3,7,0.429,9,13,0.692,1,11,12,4,0,3,5,7,3,12,29,0.414,1,6,0.167,2,4,0.5,6,6,12,4,2,0,2,7,-3
0021500827,2016-02-21,2015-16,regular_season,False,1610612751,BKN,Brooklyn Nets,1610612766,CHA,Charlotte Hornets,22,26,L,7,22,0.318,1,5,0.2,7,8,0.875,3,7,10,4,3,3,3,5,-4,11,21,0.524,2,4,0.5,2,2,1.0,2,10,12,7,0,0,6,8,4
0021500833,2016-02-22,2015-16,regular_season,False,1610612739,CLE,Cleveland Cavaliers,1610612765,DET,Detroit Pistons,21,23,L,8,17,0.471,2,7,0.286,3,3,1.0,0,11,11,5,1,1,8,7,-2,8,20,0.4,0,3,0.0,7,11,0.636,1,7,8,2,4,0,4,3,2
0021500834,2016-02-22,2015-16,regular_season,False,1610612748,MIA,Miami Heat,1610612754,IND,Indiana Pacers,26,19,W,11,28,0.393,2,5,0.4,2,4,0.5,7,8,15,5,4,0,3,4,7,8,17,0.471,1,3,0.333,2,4,0.5,0,9,9,3,2,3,6,4,-7
0021500835,2016-02-22,2015-16,regular_season,False,1610612752,NYK,New York Knicks,1610612761,TOR,Toronto Raptors,15,31,L,6,19,0.316,0,3,0.0,3,9,0.333,3,6,9,4,1,0,2,4,-16,13,19,0.684,4,7,0.571,1,3,0.333,2,11,13,9,2,0,3,6,16
0021500836,2016-02-22,2015-16,regular_season,False,1610612737,ATL,Atlanta Hawks,1610612744,GSW,Golden State Warriors,24,28,L,9,21,0.429,2,8,0.25,4,8,0.5,3,10,13,7,2,2,6,4,-4,11,25,0.44,4,8,0.5,2,2,1.0,2,9,11,8,4,1,4,4,4
0021500837,2016-02-22,2015-16,regular_season,False,1610612749,MIL,Milwaukee Bucks,1610612747,LAL,Los Angeles Lakers,25,29,L,10,20,0.5,1,3,0.333,4,9,0.444,1,11,12,8,1,2,2,6,-4,8,20,0.4,6,11,0.545,7,10,0.7,2,10,12,6,2,0,3,7,4
0021500838,2016-02-22,2015-16,regular_season,False,1610612750,MIN,Minnesota Timberwolves,1610612738,BOS,Boston Celtics,28,30,L,11,18,0.611,3,5,0.6,3,6,0.5,1,9,10,5,1,2,3,4,-2,12,26,0.462,4,7,0.571,2,2,1.0,2,7,9,6,1,1,1,5,2
0021500839,2016-02-22,2015-16,regular_season,False,1610612746,LAC,LA Clippers,1610612756,PHX,Phoenix Suns,23,25,L,8,16,0.5,1,1,1.0,6,9,0.667,1,7,8,4,1,1,7,7,-2,10,22,0.455,1,4,0.25,4,6,0.667,3,7,10,7,2,1,6,6,2
0021500844,2016-02-23,2015-16,regular_season,False,1610612757,POR,Portland Trail Blazers,1610612751,BKN,Brooklyn Nets,29,28,W,12,20,0.6,3,5,0.6,2,2,1.0,2,5,7,8,3,3,5,3,1,13,25,0.52,0,2,0.0,2,2,1.0,6,6,12,7,3,1,5,2,-1
0021500842,2016-02-23,2015-16,regular_season,False,1610612743,DEN,Denver Nuggets,1610612758,SAC,Sacramento Kings,25,33,L,10,25,0.4,2,7,0.286,3,3,1.0,3,7,10,6,1,1,4,8,-8,13,21,0.619,2,5,0.4,5,11,0.455,1,12,13,10,4,2,3,4,8
0021500843,2016-02-23,2015-16,regular_season,False,1610612762,UTA,Utah Jazz,1610612745,HOU,Houston Rockets,22,28,L,8,16,0.5,0,4,0.0,6,8,0.75,2,8,10,6,3,1,10,11,-6,6,18,0.333,0,5,0.0,16,18,0.889,2,4,6,2,7,0,4,7,6
0021500840,2016-02-23,2015-16,regular_season,False,1610612755,PHI,Philadelphia 76ers,1610612753,ORL,Orlando Magic,31,34,L,9,15,0.6,3,7,0.429,10,14,0.714,2,6,8,5,3,0,5,7,-3,11,22,0.5,4,6,0.667,8,9,0.889,4,7,11,7,3,0,3,10,3
0021500841,2016-02-23,2015-16,regular_season,False,1610612764,WAS,Washington Wizards,1610612740,NOP,New Orleans Pelicans,30,32,L,12,25,0.48,2,6,0.333,4,6,0.667,1,13,14,9,1,0,3,5,-2,11,24,0.458,4,12,0.333,6,9,0.667,2,10,12,6,3,1,1,4,2
0021500853,2016-02-24,2015-16,regular_season,False,1610612746,LAC,LA Clippers,1610612743,DEN,Denver Nuggets,20,30,L,8,21,0.381,1,7,0.143,3,6,0.5,0,9,9,6,4,1,5,9,-10,11,26,0.423,1,7,0.143,7,9,0.778,6,13,19,4,3,0,5,6,10
0021500854,2016-02-24,2015-16,regular_season,False,1610612758,SAC,Sacramento Kings,1610612759,SAS,San Antonio Spurs,14,24,L,6,26,0.231,1,4,0.25,1,2,0.5,5,11,16,4,2,0,5,2,-10,10,22,0.455,1,5,0.2,3,3,1.0,1,13,14,5,5,2,3,4,10
0021500851,2016-02-24,2015-16,regular_season,False,1610612763,MEM,Memphis Grizzlies,1610612747,LAL,Los Angeles Lakers,31,32,L,11,20,0.55,4,8,0.5,5,8,0.625,2,9,11,6,0,1,2,5,-1,10,22,0.455,3,10,0.3,9,10,0.9,3,8,11,3,2,0,0,5,1
0021500850,2016-02-24,2015-16,regular_season,False,1610612741,CHI,Chicago Bulls,1610612764,WAS,Washington Wizards,29,24,W,11,21,0.524,0,1,0.0,7,9,0.778,1,11,12,5,2,0,2,8,5,8,22,0.364,0,6,0.0,8,11,0.727,3,8,11,2,1,1,2,7,-5
0021500852,2016-02-24,2015-16,regular_season,False,1610612742,DAL,Dallas Mavericks,1610612760,OKC,Oklahoma City Thunder,27,25,W,9,19,0.474,1,4,0.25,8,8,1.0,1,10,11,5,3,2,3,3,2,10,22,0.455,3,9,0.333,2,2,1.0,2,9,11,5,2,1,4,5,-2
0021500848,2016-02-24,2015-16,regular_season,False,1610612748,MIA,Miami Heat,1610612744,GSW,Golden State Warriors,25,30,L,8,19,0.421,2,3,0.667,7,8,0.875,4,9,13,3,0,2,3,3,-5,11,22,0.5,3,7,0.429,5,5,1.0,2,8,10,7,2,0,1,6,5
0021500847,2016-02-24,2015-16,regular_season,False,1610612765,DET,Detroit Pistons,1610612755,PHI,Philadelphia 76ers,32,22,W,11,21,0.524,3,6,0.5,7,10,0.7,3,9,12,7,3,0,4,6,10,8,21,0.381,0,5,0.0,6,8,0.75,4,6,10,4,2,2,5,8,-10
0021500846,2016-02-24,2015-16,regular_season,False,1610612754,IND,Indiana Pacers,1610612752,NYK,New York Knicks,24,28,L,11,26,0.423,1,4,0.25,1,1,1.0,4,10,14,6,3,2,3,6,-4,10,23,0.435,3,6,0.5,5,5,1.0,2,9,11,6,1,0,3,1,4
0021500845,2016-02-24,2015-16,regular_season,False,1610612739,CLE,Cleveland Cavaliers,1610612766,CHA,Charlotte Hornets,40,28,W,16,23,0.696,3,6,0.5,5,8,0.625,3,11,14,8,3,0,3,8,12,8,19,0.421,3,7,0.429,9,13,0.692,3,4,7,6,3,0,4,8,-12
0021500849,2016-02-24,2015-16,regular_season,False,1610612761,TOR,Toronto Raptors,1610612750,MIN,Minnesota Timberwolves,24,30,L,8,19,0.421,2,4,0.5,6,7,0.857,5,5,10,4,0,3,6,4,-6,12,22,0.545,1,1,1.0,5,6,0.833,3,5,8,7,2,0,1,5,6
0021500860,2016-02-25,2015-16,regular_season,False,1610612762,UTA,Utah Jazz,1610612759,SAS,San Antonio Spurs,12,21,L,6,19,0.316,0,4,0.0,0,0,0.0,1,5,6,3,0,2,3,1,-9,10,23,0.435,1,4,0.25,0,0,0.0,6,10,16,3,0,2,3,5,9
0021500855,2016-02-25,2015-16,regular_season,False,1610612753,ORL,Orlando Magic,1610612744,GSW,Golden State Warriors,33,26,W,10,24,0.417,2,5,0.4,11,12,0.917,4,8,12,7,2,0,2,4,7,11,23,0.478,1,6,0.167,3,4,0.75,4,6,10,5,0,2,5,9,-7
0021500856,2016-02-25,2015-16,regular_season,False,1610612738,BOS,Boston Celtics,1610612749,MIL,Milwaukee Bucks,27,27,W,10,20,0.5,0,3,0.0,7,8,0.875,1,10,11,7,2,2,7,10,0,9,24,0.375,1,4,0.25,8,10,0.8,2,9,11,3,4,1,4,9,0
0021500857,2016-02-25,2015-16,regular_season,False,1610612740,NOP,New Orleans Pelicans,1610612760,OKC,Oklahoma City Thunder,26,32,L,11,25,0.44,2,5,0.4,2,2,1.0,5,8,13,6,2,1,5,8,-6,12,20,0.6,1,4,0.25,7,8,0.875,1,9,10,6,3,1,4,2,6
0021500858,2016-02-25,2015-16,regular_season,False,1610612756,PHX,Phoenix Suns,1610612751,BKN,Brooklyn Nets,16,32,L,6,26,0.231,2,8,0.25,2,3,0.667,7,4,11,3,1,1,6,8,-16,10,16,0.625,3,5,0.6,9,10,0.9,3,10,13,5,1,4,5,5,16
0021500859,2016-02-25,2015-16,regular_season,False,1610612757,POR,Portland Trail Blazers,1610612745,HOU,Houston Rockets,30,21,W,9,20,0.45,5,13,0.385,7,8,0.875,1,10,11,6,3,1,5,6,9,9,20,0.45,0,6,0.0,3,8,0.375,4,10,14,6,3,1,7,9,-9
0021500867,2016-02-26,2015-16,regular_season,False,1610612758,SAC,Sacramento Kings,1610612746,LAC,LA Clippers,37,34,W,12,22,0.545,3,6,0.5,10,12,0.833,4,5,9,7,1,0,1,5,3,12,19,0.632,2,5,0.4,8,8,1.0,2,5,7,5,0,0,2,8,-3
0021500866,2016-02-26,2015-16,regular_season,False,1610612742,DAL,Dallas Mavericks,1610612743,DEN,Denver Nuggets,24,28,L,7,21,0.333,0,6,0.0,10,10,1.0,3,8,11,4,3,0,3,3,-4,11,21,0.524,4,8,0.5,2,4,0.5,2,11,13,8,3,0,5,9,4
0021500868,2016-02-26,2015-16,regular_season,False,1610612747,LAL,Los Angeles Lakers,1610612763,MEM,Memphis Grizzlies,25,35,L,8,21,0.381,4,8,0.5,5,8,0.625,4,5,9,3,1,2,1,2,-10,13,22,0.591,6,9,0.667,3,3,1.0,3,8,11,7,1,4,2,5,10
0021500865,2016-02-26,2015-16,regular_season,False,1610612737,ATL,Atlanta Hawks,1610612741,CHI,Chicago Bulls,25,23,W,10,23,0.435,1,9,0.111,4,4,1.0,1,7,8,7,4,3,3,4,2,8,24,0.333,1,4,0.25,6,6,1.0,7,8,15,5,2,2,7,4,-2
0021500861,2016-02-26,2015-16,regular_season,False,1610612754,IND,Indiana Pacers,1610612766,CHA,Charlotte Hornets,24,24,L,8,18,0.444,1,3,0.333,7,7,1.0,3,11,14,1,2,2,7,6,0,8,20,0.4,3,5,0.6,5,8,0.625,1,6,7,6,5,2,4,6,0
0021500863,2016-02-26,2015-16,regular_season,False,1610612752,NYK,New York Knicks,1610612753,ORL,Orlando Magic,30,21,W,9,19,0.474,0,3,0.0,12,15,0.8,3,9,12,5,3,0,1,3,9,9,19,0.474,0,4,0.0,3,3,1.0,1,8,9,6,0,0,5,8,-9
0021500862,2016-02-26,2015-16,regular_season,False,1610612755,PHI,Philadelphia 76ers,1610612764,WAS,Washington Wizards,26,27,L,9,21,0.429,3,6,0.5,5,5,1.0,1,9,10,7,3,1,4,4,-1,10,23,0.435,3,7,0.429,4,4,1.0,3,8,11,8,3,1,4,5,1
0021500864,2016-02-26,2015-16,regular_season,False,1610612761,TOR,Toronto Raptors,1610612739,CLE,Cleveland Cavaliers,24,18,W,12,17,0.706,0,0,0.0,0,1,0.0,0,10,10,8,1,0,4,2,6,7,21,0.333,3,7,0.429,1,1,1.0,3,5,8,5,2,0,3,4,-6
0021500869,2016-02-27,2015-16,regular_season,False,1610612738,BOS,Boston Celtics,1610612748,MIA,Miami Heat,28,23,W,11,24,0.458,2,3,0.667,4,6,0.667,4,5,9,8,4,1,3,4,5,10,20,0.5,0,1,0.0,3,5,0.6,5,7,12,5,3,3,7,6,-5
0021500870,2016-02-27,2015-16,regular_season,False,1610612740,NOP,New Orleans Pelicans,1610612750,MIN,Minnesota Timberwolves,30,20,W,12,22,0.545,2,4,0.5,4,4,1.0,1,10,11,7,1,2,3,5,10,8,19,0.421,0,2,0.0,4,6,0.667,2,7,9,3,1,1,3,3,-10
0021500871,2016-02-27,2015-16,regular_season,False,1610612741,CHI,Chicago Bulls,1610612757,POR,Portland Trail Blazers,20,30,L,8,23,0.348,2,7,0.286,2,2,1.0,2,10,12,7,1,2,4,6,-10,12,26,0.462,1,7,0.143,5,6,0.833,3,13,16,8,2,2,2,5,10
0021500872,2016-02-27,2015-16,regular_season,False,1610612745,HOU,Houston Rockets,1610612759,SAS,San Antonio Spurs,20,25,L,8,24,0.333,2,8,0.25,2,2,1.0,4,9,13,2,1,0,3,7,-5,9,18,0.5,3,6,0.5,4,6,0.667,1,8,9,8,0,3,3,2,5
0021500873,2016-02-27,2015-16,regular_season,False,1610612749,MIL,Milwaukee Bucks,1610612765,DET,Detroit Pistons,25,25,L,10,20,0.5,2,4,0.5,3,3,1.0,4,6,10,7,0,2,4,4,0,9,25,0.36,5,12,0.417,2,2,1.0,6,6,12,6,3,0,1,4,0
0021500874,2016-02-27,2015-16,regular_season,False,1610612760,OKC,Oklahoma City Thunder,1610612744,GSW,Golden State Warriors,27,26,W,12,21,0.571,1,4,0.25,2,2,1.0,3,12,15,4,1,1,6,4,1,11,23,0.478,3,6,0.5,1,2,0.5,1,4,5,6,3,0,2,4,-1
0021500875,2016-02-27,2015-16,regular_season,False,1610612756,PHX,Phoenix Suns,1610612763,MEM,Memphis Grizzlies,29,28,W,9,22,0.409,4,9,0.444,7,10,0.7,4,8,12,5,2,0,2,8,1,7,16,0.438,1,3,0.333,13,13,1.0,1,9,10,4,1,2,4,6,-1
0021500876,2016-02-27,2015-16,regular_season,False,1610612762,UTA,Utah Jazz,1610612751,BKN,Brooklyn Nets,21,28,L,9,20,0.45,1,3,0.333,2,4,0.5,2,8,10,5,4,2,5,5,-7,12,25,0.48,3,6,0.5,1,1,1.0,5,10,15,10,2,1,4,4,7
0021500882,2016-02-28,2015-16,regular_season,False,1610612742,DAL,Dallas Mavericks,1610612750,MIN,Minnesota Timberwolves,26,30,L,8,21,0.381,2,8,0.25,8,8,1.0,1,5,6,4,2,3,1,3,-4,13,26,0.5,2,2,1.0,2,3,0.667,7,9,16,7,1,2,4,6,4
0021500881,2016-02-28,2015-16,regular_season,False,1610612753,ORL,Orlando Magic,1610612755,PHI,Philadelphia 76ers,37,25,W,15,22,0.682,5,6,0.833,2,2,1.0,1,8,9,11,3,0,3,8,12,8,17,0.471,1,8,0.125,8,11,0.727,1,6,7,6,0,1,5,3,-12
0021500880,2016-02-28,2015-16,regular_season,False,1610612754,IND,Indiana Pacers,1610612757,POR,Portland Trail Blazers,27,26,W,11,26,0.423,1,2,0.5,4,6,0.667,7,10,17,8,1,1,3,4,1,10,21,0.476,0,4,0.0,6,7,0.857,0,9,9,4,2,4,2,6,-1
0021500883,2016-02-28,2015-16,regular_season,False,1610612752,NYK,New York Knicks,1610612748,MIA,Miami Heat,20,21,L,7,23,0.304,2,4,0.5,4,5,0.8,4,9,13,4,2,5,2,5,-1,10,26,0.385,0,2,0.0,1,2,0.5,7,12,19,7,1,1,4,6,1
0021500878,2016-02-28,2015-16,regular_season,False,1610612737,ATL,Atlanta Hawks,1610612766,CHA,Charlotte Hornets,21,23,L,9,16,0.562,2,3,0.667,1,1,1.0,0,9,9,8,1,2,6,6,-2,7,20,0.35,4,9,0.444,5,10,0.5,5,6,11,5,2,0,2,4,2
0021500877,2016-02-28,2015-16,regular_season,False,1610612764,WAS,Washington Wizards,1610612739,CLE,Cleveland Cavaliers,28,26,W,11,23,0.478,2,7,0.286,4,5,0.8,2,7,9,6,2,1,4,7,2,9,18,0.5,1,4,0.25,7,8,0.875,0,8,8,6,3,1,5,3,-2
0021500879,2016-02-28,2015-16,regular_season,False,1610612765,DET,Detroit Pistons,1610612761,TOR,Toronto Raptors,29,27,W,11,17,0.647,2,4,0.5,5,8,0.625,2,8,10,7,1,0,4,3,2,10,23,0.435,4,7,0.571,3,3,1.0,3,5,8,6,0,0,2,9,-2
0021500884,2016-02-29,2015-16,regular_season,False,1610612739,CLE,Cleveland Cavaliers,1610612754,IND,Indiana Pacers,26,24,W,9,19,0.474,4,7,0.571,4,4,1.0,2,5,7,7,1,0,4,5,2,9,17,0.529,1,4,0.25,5,5,1.0,2,5,7,6,3,3,3,5,-2
0021500885,2016-02-29,2015-16,regular_season,False,1610612764,WAS,Washington Wizards,1610612755,PHI,Philadelphia 76ers,33,25,W,14,23,0.609,1,4,0.25,4,4,1.0,2,11,13,8,1,1,3,4,8,11,22,0.5,2,9,0.222,1,3,0.333,0,4,4,6,2,1,1,4,-8
0021500886,2016-02-29,2015-16,regular_season,False,1610612738,BOS,Boston Celtics,1610612762,UTA,Utah Jazz,20,17,W,9,21,0.429,0,1,0.0,2,4,0.5,3,11,14,5,3,4,3,4,3,8,29,0.276,1,6,0.167,0,0,0.0,4,10,14,6,2,0,4,3,-3
0021500887,2016-02-29,2015-16,regular_season,False,1610612749,MIL,Milwaukee Bucks,1610612745,HOU,Houston Rockets,33,38,L,13,24,0.542,2,3,0.667,5,8,0.625,4,4,8,10,4,0,4,7,-5,12,18,0.667,6,9,0.667,8,12,0.667,3,8,11,10,4,0,6,6,5
0021500888,2016-02-29,2015-16,regular_season,False,1610612743,DEN,Denver Nuggets,1610612763,MEM,Memphis Grizzlies,28,26,W,12,19,0.632,1,7,0.143,3,4,0.75,2,9,11,8,1,1,4,7,2,9,20,0.45,0,6,0.0,8,10,0.8,1,4,5,8,2,1,2,5,-2
0021500889,2016-02-29,2015-16,regular_season,False,1610612758,SAC,Sacramento Kings,1610612760,OKC,Oklahoma City Thunder,28,32,L,12,25,0.48,1,6,0.167,3,4,0.75,5,7,12,8,2,0,4,3,-4,9,17,0.529,6,12,0.5,8,8,1.0,1,7,8,4,3,1,6,5,4
0021500890,2016-02-29,2015-16,regular_season,False,1610612746,LAC,LA Clippers,1610612751,BKN,Brooklyn Nets,23,19,W,7,18,0.389,4,10,0.4,5,6,0.833,1,14,15,5,2,1,5,4,4,7,25,0.28,1,6,0.167,4,7,0.571,5,10,15,5,5,0,3,6,-4
0021500896,2016-03-01,2015-16,regular_season,False,1610612747,LAL,Los Angeles Lakers,1610612751,BKN,Brooklyn Nets,34,31,W,13,22,0.591,2,6,0.333,6,9,0.667,3,8,11,6,1,1,2,4,3,12,21,0.571,2,5,0.4,5,5,1.0,1,6,7,9,0,1,2,5,-3
0021500895,2016-03-01,2015-16,regular_season,False,1610612744,GSW,Golden State Warriors,1610612737,ATL,Atlanta Hawks,27,22,W,12,27,0.444,2,5,0.4,1,2,0.5,5,8,13,8,2,0,0,4,5,10,20,0.5,2,7,0.286,0,0,0.0,1,8,9,4,0,1,3,4,-5
0021500894,2016-03-01,2015-16,regular_season,False,1610612742,DAL,Dallas Mavericks,1610612753,ORL,Orlando Magic,34,34,W,11,16,0.688,3,4,0.75,9,12,0.75,1,6,7,7,1,3,4,7,0,12,23,0.522,3,8,0.375,7,7,1.0,4,3,7,7,4,1,2,9,0
0021500891,2016-03-01,2015-16,regular_season,False,1610612766,CHA,Charlotte Hornets,1610612756,PHX,Phoenix Suns,33,24,W,13,22,0.591,3,5,0.6,4,5,0.8,2,9,11,6,1,1,2,6,9,7,23,0.304,2,6,0.333,8,10,0.8,5,6,11,4,1,1,2,4,-9
0021500892,2016-03-01,2015-16,regular_season,False,1610612748,MIA,Miami Heat,1610612741,CHI,Chicago Bulls,29,32,L,9,15,0.6,2,3,0.667,9,10,0.9,0,7,7,5,3,0,7,10,-3,10,18,0.556,2,3,0.667,10,13,0.769,1,5,6,7,5,1,4,7,3
0021500893,2016-03-01,2015-16,regular_season,False,1610612752,NYK,New York Knicks,1610612757,POR,Portland Trail Blazers,25,31,L,10,20,0.5,3,5,0.6,2,4,0.5,1,8,9,6,1,1,3,4,-6,12,23,0.522,4,10,0.4,3,3,1.0,2,8,10,5,2,2,2,3,6
0021500904,2016-03-02,2015-16,regular_season,False,1610612750,MIN,Minnesota Timberwolves,1610612764,WAS,Washington Wizards,22,31,L,6,13,0.462,1,2,0.5,9,13,0.692,1,11,12,3,1,1,8,6,-9,13,27,0.481,1,9,0.111,4,5,0.8,3,6,9,8,4,1,1,7,9
0021500907,2016-03-02,2015-16,regular_season,False,1610612746,LAC,LA Clippers,1610612760,OKC,Oklahoma City Thunder,14,21,L,7,28,0.25,0,6,0.0,0,0,0.0,4,9,13,4,3,1,2,3,-7,9,26,0.346,2,7,0.286,1,1,1.0,7,14,21,7,0,3,6,4,7
0021500906,2016-03-02,2015-16,regular_season,False,1610612743,DEN,Denver Nuggets,1610612747,LAL,Los Angeles Lakers,30,31,L,9,18,0.5,1,2,0.5,11,15,0.733,1,11,12,3,0,3,2,5,-1,11,24,0.458,3,9,0.333,6,7,0.857,3,7,10,6,1,1,0,8,1
0021500905,2016-03-02,2015-16,regular_season,False,1610612759,SAS,San Antonio Spurs,1610612765,DET,Detroit Pistons,24,25,L,11,21,0.524,1,2,0.5,1,1,1.0,0,8,8,6,2,0,3,4,-1,10,18,0.556,3,5,0.6,2,2,1.0,0,10,10,5,1,0,6,4,1
0021500903,2016-03-02,2015-16,regular_season,False,1610612749,MIL,Milwaukee Bucks,1610612754,IND,Indiana Pacers,17,27,L,8,18,0.444,0,4,0.0,1,1,1.0,1,7,8,3,1,0,4,3,-10,11,23,0.478,3,6,0.5,2,4,0.5,6,9,15,7,3,1,3,3,10
0021500902,2016-03-02,2015-16,regular_season,False,1610612763,MEM,Memphis Grizzlies,1610612758,SAC,Sacramento Kings,28,15,W,11,23,0.478,0,2,0.0,6,9,0.667,5,8,13,6,4,1,3,8,13,6,20,0.3,1,6,0.167,2,7,0.286,4,6,10,5,0,1,7,9,-13
0021500901,2016-03-02,2015-16,regular_season,False,1610612745,HOU,Houston Rockets,1610612740,NOP,New Orleans Pelicans,28,24,W,10,22,0.455,2,12,0.167,6,7,0.857,4,8,12,7,4,2,6,3,4,10,19,0.526,2,5,0.4,2,4,0.5,0,7,7,6,5,0,8,6,-4
0021500900,2016-03-02,2015-16,regular_season,False,1610612761,TOR,Toronto Raptors,1610612762,UTA,Utah Jazz,28,23,W,10,24,0.417,3,11,0.273,5,6,0.833,5,7,12,3,3,0,2,4,5,8,17,0.471,3,7,0.429,4,6,0.667,2,6,8,5,1,1,4,6,-5
0021500899,2016-03-02,2015-16,regular_season,False,1610612738,BOS,Boston Celtics,1610612757,POR,Portland Trail Blazers,31,22,W,12,27,0.444,3,5,0.6,4,4,1.0,3,9,12,6,2,1,0,7,9,6,17,0.353,2,6,0.333,8,10,0.8,2,8,10,3,0,2,3,6,-9
0021500898,2016-03-02,2015-16,regular_season,False,1610612755,PHI,Philadelphia 76ers,1610612766,CHA,Charlotte Hornets,21,26,L,7,21,0.333,3,9,0.333,4,5,0.8,1,7,8,6,1,1,3,3,-5,11,22,0.5,1,6,0.167,3,4,0.75,1,12,13,7,2,3,2,4,5
0021500897,2016-03-02,2015-16,regular_season,False,1610612753,ORL,Orlando Magic,1610612741,CHI,Chicago Bulls,27,27,W,10,25,0.4,1,5,0.2,6,9,0.667,4,13,17,8,1,1,4,5,0,11,26,0.423,3,6,0.5,2,2,1.0,2,10,12,8,2,0,1,7,0
0021500908,2016-03-03,2015-16,regular_season,False,1610612748,MIA,Miami Heat,1610612756,PHX,Phoenix Suns,28,22,W,10,23,0.435,2,5,0.4,6,7,0.857,1,9,10,5,3,3,4,6,6,7,20,0.35,0,4,0.0,8,9,0.889,1,9,10,2,2,0,5,7,-6
0021500909,2016-03-03,2015-16,regular_season,False,1610612740,NOP,New Orleans Pelicans,1610612759,SAS,San Antonio Spurs,20,23,L,7,22,0.318,4,7,0.571,2,2,1.0,3,8,11,4,1,2,4,4,-3,8,20,0.4,2,7,0.286,5,5,1.0,1,11,12,7,3,3,4,1,3
0021500910,2016-03-03,2015-16,regular_season,False,1610612742,DAL,Dallas Mavericks,1610612758,SAC,Sacramento Kings,21,31,L,10,23,0.435,0,6,0.0,1,2,0.5,2,10,12,6,1,1,3,4,-10,13,24,0.542,3,7,0.429,2,3,0.667,2,9,11,8,3,1,1,2,10
0021500911,2016-03-03,2015-16,regular_season,False,1610612744,GSW,Golden State Warriors,1610612760,OKC,Oklahoma City Thunder,34,33,W,15,24,0.625,3,7,0.429,1,1,1.0,0,7,7,11,2,0,2,6,1,13,25,0.52,0,5,0.0,7,9,0.778,7,9,16,6,1,1,4,2,-1
0021500920,2016-03-04,2015-16,regular_season,False,1610612743,DEN,Denver Nuggets,1610612751,BKN,Brooklyn Nets,32,32,L,11,22,0.5,3,9,0.333,7,7,1.0,3,6,9,7,1,0,2,5,0,12,21,0.571,4,5,0.8,4,4,1.0,1,6,7,7,1,0,1,6,0
0021500919,2016-03-04,2015-16,regular_season,False,1610612749,MIL,Milwaukee Bucks,1610612750,MIN,Minnesota Timberwolves,33,21,W,13,26,0.5,6,12,0.5,1,2,0.5,4,4,8,8,7,0,2,3,12,8,17,0.471,1,3,0.333,4,4,1.0,3,8,11,7,1,1,10,4,-12
0021500918,2016-03-04,2015-16,regular_season,False,1610612763,MEM,Memphis Grizzlies,1610612762,UTA,Utah Jazz,30,11,W,12,18,0.667,1,4,0.25,5,7,0.714,2,8,10,5,2,3,2,4,19,5,18,0.278,0,5,0.0,1,1,1.0,2,5,7,1,0,0,5,4,-19
0021500917,2016-03-04,2015-16,regular_season,False,1610612739,CLE,Cleveland Cavaliers,1610612764,WAS,Washington Wizards,32,19,W,13,24,0.542,4,9,0.444,2,2,1.0,1,9,10,8,4,1,1,4,13,8,18,0.444,0,3,0.0,3,3,1.0,0,9,9,2,0,0,5,3,-13
0021500921,2016-03-04,2015-16,regular_season,False,1610612747,LAL,Los Angeles Lakers,1610612737,ATL,Atlanta Hawks,17,28,L,8,25,0.32,1,10,0.1,0,0,0.0,6,9,15,5,0,1,3,4,-11,9,17,0.529,5,8,0.625,5,7,0.714,1,9,10,8,1,2,1,4,11
0021500915,2016-03-04,2015-16,regular_season,False,1610612738,BOS,Boston Celtics,1610612752,NYK,New York Knicks,26,27,L,9,23,0.391,1,5,0.2,7,7,1.0,4,8,12,4,2,1,3,4,-1,10,19,0.526,3,6,0.5,4,6,0.667,1,8,9,5,1,1,3,4,1
0021500914,2016-03-04,2015-16,regular_season,False,1610612755,PHI,Philadelphia 76ers,1610612748,MIA,Miami Heat,20,19,W,8,26,0.308,2,7,0.286,2,2,1.0,4,10,14,6,3,3,1,6,1,7,21,0.333,1,4,0.25,4,9,0.444,4,13,17,3,1,3,4,3,-1
0021500913,2016-03-04,2015-16,regular_season,False,1610612753,ORL,Orlando Magic,1610612756,PHX,Phoenix Suns,21,29,L,8,26,0.308,1,5,0.2,4,8,0.5,6,10,16,5,2,1,2,6,-8,11,23,0.478,2,5,0.4,5,7,0.714,3,13,16,6,0,0,3,4,8
0021500912,2016-03-04,2015-16,regular_season,False,1610612766,CHA,Charlotte Hornets,1610612754,IND,Indiana Pacers,24,20,W,9,22,0.409,3,4,0.75,3,4,0.75,1,10,11,3,0,1,0,2,4,8,23,0.348,2,9,0.222,2,2,1.0,1,12,13,7,0,3,2,5,-4
0021500916,2016-03-04,2015-16,regular_season,False,1610612761,TOR,Toronto Raptors,1610612757,POR,Portland Trail Blazers,27,22,W,8,14,0.571,1,2,0.5,10,15,0.667,2,7,9,4,2,2,4,7,5,7,19,0.368,2,5,0.4,6,11,0.545,4,6,10,2,1,1,5,8,-5
0021500929,2016-03-05,2015-16,regular_season,False,1610612746,LAC,LA Clippers,1610612737,ATL,Atlanta Hawks,18,25,L,7,21,0.333,3,9,0.333,1,1,1.0,1,11,12,5,2,3,5,5,-7,9,23,0.391,3,8,0.375,4,4,1.0,3,13,16,6,3,1,4,2,7
0021500927,2016-03-05,2015-16,regular_season,False,1610612741,CHI,Chicago Bulls,1610612745,HOU,Houston Rockets,26,20,W,7,18,0.389,0,4,0.0,12,15,0.8,3,10,13,5,5,1,6,4,6,8,23,0.348,0,3,0.0,4,5,0.8,4,8,12,5,4,1,6,9,-6
0021500926,2016-03-05,2015-16,regular_season,False,1610612750,MIN,Minnesota Timberwolves,1610612751,BKN,Brooklyn Nets,31,21,W,11,18,0.611,4,7,0.571,5,7,0.714,0,8,8,7,3,2,4,4,10,9,22,0.409,0,5,0.0,3,5,0.6,4,7,11,5,3,2,7,6,-10
0021500928,2016-03-05,2015-16,regular_season,False,1610612759,SAS,San Antonio Spurs,1610612758,SAC,Sacramento Kings,28,32,L,10,22,0.455,3,8,0.375,5,7,0.714,3,10,13,7,2,1,5,5,-4,13,27,0.481,1,4,0.25,5,7,0.714,4,9,13,5,4,0,3,4,4
0021500924,2016-03-05,2015-16,regular_season,False,1610612764,WAS,Washington Wizards,1610612754,IND,Indiana Pacers,27,25,W,10,19,0.526,0,1,0.0,7,10,0.7,4,7,11,5,1,1,5,5,2,11,24,0.458,1,5,0.2,2,2,1.0,4,6,10,3,3,0,3,11,-2
0021500923,2016-03-05,2015-16,regular_season,False,1610612752,NYK,New York Knicks,1610612765,DET,Detroit Pistons,35,21,W,14,19,0.737,2,3,0.667,5,6,0.833,2,9,11,4,3,0,4,3,14,9,24,0.375,2,7,0.286,1,2,0.5,5,3,8,6,1,1,4,6,-14
0021500922,2016-03-05,2015-16,regular_season,False,1610612739,CLE,Cleveland Cavaliers,1610612738,BOS,Boston Celtics,33,19,W,9,20,0.45,4,9,0.444,11,13,0.846,4,11,15,7,4,0,3,6,14,7,16,0.438,2,6,0.333,3,8,0.375,1,8,9,5,1,1,6,8,-14
0021500925,2016-03-05,2015-16,regular_season,False,1610612740,NOP,New Orleans Pelicans,1610612762,UTA,Utah Jazz,25,22,W,11,28,0.393,3,4,0.75,0,2,0.0,3,6,9,6,4,1,1,5,3,7,16,0.438,3,7,0.429,5,5,1.0,1,13,14,5,1,4,8,2,-3
0021500930,2016-03-06,2015-16,regular_season,False,1610612749,MIL,Milwaukee Bucks,1610612760,OKC,Oklahoma City Thunder,36,32,W,13,25,0.52,1,6,0.167,9,11,0.818,5,4,9,8,5,2,1,7,4,10,20,0.5,2,6,0.333,10,12,0.833,8,8,16,7,1,2,8,7,-4
0021500931,2016-03-06,2015-16,regular_season,False,1610612747,LAL,Los Angeles Lakers,1610612744,GSW,Golden State Warriors,38,28,W,14,25,0.56,3,9,0.333,7,7,1.0,3,5,8,10,7,1,0,6,10,9,21,0.429,2,5,0.4,8,8,1.0,6,6,12,7,0,1,8,6,-10
0021500932,2016-03-06,2015-16,regular_season,False,1610612763,MEM,Memphis Grizzlies,1610612756,PHX,Phoenix Suns,35,29,W,10,22,0.455,5,9,0.556,10,12,0.833,2,8,10,6,4,1,1,9,6,9,17,0.529,4,9,0.444,7,13,0.538,4,10,14,5,0,1,7,8,-6
0021500933,2016-03-06,2015-16,regular_season,False,1610612743,DEN,Denver Nuggets,1610612742,DAL,Dallas Mavericks,35,31,W,11,23,0.478,3,6,0.5,10,11,0.909,3,7,10,7,3,0,3,9,4,11,18,0.611,2,4,0.5,7,10,0.7,2,7,9,6,1,4,4,6,-4
0021500934,2016-03-06,2015-16,regular_season,False,1610612765,DET,Detroit Pistons,1610612757,POR,Portland Trail Blazers,28,35,L,9,20,0.45,2,5,0.4,8,9,0.889,2,6,8,6,2,0,3,6,-7,13,19,0.684,3,4,0.75,6,6,1.0,0,8,8,4,1,0,3,6,7
0021500935,2016-03-06,2015-16,regular_season,False,1610612748,MIA,Miami Heat,1610612755,PHI,Philadelphia 76ers,17,24,L,7,20,0.35,2,4,0.5,1,2,0.5,2,10,12,3,3,1,5,4,-7,8,20,0.4,4,7,0.571,4,6,0.667,3,9,12,3,0,2,4,1,7
0021500936,2016-03-06,2015-16,regular_season,False,1610612761,TOR,Toronto Raptors,1610612745,HOU,Houston Rockets,31,25,W,12,24,0.5,5,13,0.385,2,3,0.667,2,12,14,8,1,2,3,5,6,8,21,0.381,3,8,0.375,6,8,0.75,2,9,11,7,2,2,3,3,-6
0021500941,2016-03-07,2015-16,regular_season,False,1610612740,NOP,New Orleans Pelicans,1610612758,SAC,Sacramento Kings,17,32,L,8,22,0.364,1,8,0.125,0,1,0.0,1,6,7,5,5,0,8,4,-15,13,19,0.684,1,2,0.5,5,6,0.833,0,12,12,10,4,0,7,4,15
0021500943,2016-03-07,2015-16,regular_season,False,1610612744,GSW,Golden State Warriors,1610612753,ORL,Orlando Magic,28,28,W,11,21,0.524,3,6,0.5,3,4,0.75,2,10,12,8,3,0,6,9,0,9,19,0.474,1,4,0.25,9,14,0.643,1,7,8,5,2,1,3,4,0
0021500940,2016-03-07,2015-16,regular_season,False,1610612741,CHI,Chicago Bulls,1610612749,MIL,Milwaukee Bucks,22,24,L,10,19,0.526,1,3,0.333,1,2,0.5,0,12,12,9,2,4,5,6,-2,9,23,0.391,2,6,0.333,4,6,0.667,3,9,12,6,1,1,2,4,2
0021500942,2016-03-07,2015-16,regular_season,False,1610612742,DAL,Dallas Mavericks,1610612746,LAC,LA Clippers,28,27,W,8,22,0.364,0,6,0.0,12,16,0.75,3,14,17,4,1,0,3,9,1,9,21,0.429,1,8,0.125,8,15,0.533,1,14,15,7,1,1,1,10,-1
0021500938,2016-03-07,2015-16,regular_season,False,1610612739,CLE,Cleveland Cavaliers,1610612763,MEM,Memphis Grizzlies,24,25,L,7,20,0.35,1,7,0.143,9,12,0.75,5,13,18,5,1,5,9,8,-1,10,27,0.37,1,5,0.2,4,5,0.8,4,8,12,5,5,3,4,9,1
0021500937,2016-03-07,2015-16,regular_season,False,1610612766,CHA,Charlotte Hornets,1610612750,MIN,Minnesota Timberwolves,24,31,L,10,22,0.455,1,7,0.143,3,4,0.75,2,6,8,5,2,2,5,4,-7,12,21,0.571,1,4,0.25,6,6,1.0,2,9,11,5,5,1,5,5,7
0021500939,2016-03-07,2015-16,regular_season,False,1610612754,IND,Indiana Pacers,1610612759,SAS,San Antonio Spurs,20,19,W,7,20,0.35,0,2,0.0,6,7,0.857,2,11,13,5,0,3,1,3,1,7,23,0.304,0,6,0.0,5,6,0.833,4,10,14,2,1,2,1,5,-1
0021500944,2016-03-08,2015-16,regular_season,False,1610612761,TOR,Toronto Raptors,1610612751,BKN,Brooklyn Nets,14,35,L,3,15,0.2,1,6,0.167,7,9,0.778,3,5,8,3,2,2,7,7,-21,14,24,0.583,3,4,0.75,4,4,1.0,4,7,11,9,2,0,2,6,21
0021500945,2016-03-08,2015-16,regular_season,False,1610612750,MIN,Minnesota Timberwolves,1610612759,SAS,San Antonio Spurs,23,32,L,9,20,0.45,2,5,0.4,3,5,0.6,3,7,10,3,1,1,4,7,-9,11,20,0.55,0,4,0.0,10,11,0.909,2,10,12,7,4,2,1,4,9
0021500946,2016-03-08,2015-16,regular_season,False,1610612743,DEN,Denver Nuggets,1610612752,NYK,New York Knicks,29,24,W,12,23,0.522,3,5,0.6,2,4,0.5,2,9,11,8,2,0,1,6,5,9,19,0.474,0,2,0.0,6,7,0.857,1,10,11,5,0,1,4,4,-5
0021500947,2016-03-08,2015-16,regular_season,False,1610612762,UTA,Utah Jazz,1610612737,ATL,Atlanta Hawks,15,25,L,5,20,0.25,1,5,0.2,4,7,0.571,4,7,11,3,3,0,5,3,-10,11,18,0.611,2,6,0.333,1,4,0.25,0,12,12,6,3,2,5,5,10
0021500948,2016-03-08,2015-16,regular_season,False,1610612757,POR,Portland Trail Blazers,1610612764,WAS,Washington Wizards,25,33,L,9,23,0.391,0,5,0.0,7,10,0.7,5,6,11,5,1,0,3,8,-8,13,20,0.65,2,3,0.667,5,9,0.556,2,9,11,8,1,2,3,9,8
0021500949,2016-03-08,2015-16,regular_season,False,1610612747,LAL,Los Angeles Lakers,1610612753,ORL,Orlando Magic,25,25,W,9,21,0.429,3,6,0.5,4,7,0.571,3,11,14,5,1,1,3,6,0,9,22,0.409,1,6,0.167,6,6,1.0,0,10,10,6,1,1,2,7,0
0021500958,2016-03-09,2015-16,regular_season,False,1610612744,GSW,Golden State Warriors,1610612762,UTA,Utah Jazz,29,20,W,12,19,0.632,4,7,0.571,1,2,0.5,0,7,7,8,3,2,2,4,9,7,17,0.412,2,4,0.5,4,6,0.667,2,7,9,4,2,0,6,3,-9
0021500951,2016-03-09,2015-16,regular_season,False,1610612755,PHI,Philadelphia 76ers,1610612745,HOU,Houston Rockets,25,40,L,8,18,0.444,3,6,0.5,6,7,0.857,2,4,6,6,1,1,7,5,-15,13,26,0.5,4,11,0.364,10,11,0.909,8,5,13,7,5,2,1,5,15
0021500952,2016-03-09,2015-16,regular_season,False,1610612749,MIL,Milwaukee Bucks,1610612748,MIA,Miami Heat,28,32,L,12,24,0.5,1,2,0.5,3,4,0.75,4,6,10,9,1,0,3,7,-4,12,24,0.5,0,2,0.0,8,9,0.889,3,8,11,5,2,3,1,4,4
0021500953,2016-03-09,2015-16,regular_season,False,1610612738,BOS,Boston Celtics,1610612763,MEM,Memphis Grizzlies,28,29,L,10,25,0.4,2,6,0.333,6,7,0.857,2,5,7,6,4,1,2,9,-1,9,21,0.429,2,4,0.5,9,10,0.9,6,8,14,4,1,4,6,9,1
0021500954,2016-03-09,2015-16,regular_season,False,1610612742,DAL,Dallas Mavericks,1610612765,DET,Detroit Pistons,24,28,L,10,26,0.385,4,8,0.5,0,0,0.0,4,6,10,6,3,1,3,9,-4,9,17,0.529,2,5,0.4,8,15,0.533,3,11,14,6,1,3,5,3,4
0021500955,2016-03-09,2015-16,regular_season,False,1610612760,OKC,Oklahoma City Thunder,1610612746,LAC,LA Clippers,25,33,L,10,21,0.476,0,5,0.0,5,5,1.0,1,10,11,5,2,0,7,3,-8,13,23,0.565,2,8,0.25,5,5,1.0,0,8,8,7,5,2,3,3,8
0021500956,2016-03-09,2015-16,regular_season,False,1610612756,PHX,Phoenix Suns,1610612752,NYK,New York Knicks,24,34,L,10,26,0.385,2,5,0.4,2,2,1.0,4,6,10,4,1,0,2,7,-10,11,19,0.579,2,2,1.0,10,11,0.909,2,10,12,6,1,3,3,4,10
0021500957,2016-03-09,2015-16,regular_season,False,1610612758,SAC,Sacramento Kings,1610612739,CLE,Cleveland Cavaliers,35,26,W,12,19,0.632,4,6,0.667,7,9,0.778,0,10,10,7,1,0,1,9,9,7,18,0.389,3,12,0.25,9,12,0.75,1,7,8,4,0,0,2,7,-9
0021500950,2016-03-09,2015-16,regular_season,False,1610612766,CHA,Charlotte Hornets,1610612740,NOP,New Orleans Pelicans,32,32,W,10,19,0.526,2,6,0.333,10,12,0.833,0,13,13,5,2,3,3,5,0,10,25,0.4,3,9,0.333,9,10,0.9,3,8,11,7,1,1,2,6,0
0021500962,2016-03-10,2015-16,regular_season,False,1610612747,LAL,Los Angeles Lakers,1610612739,CLE,Cleveland Cavaliers,24,31,L,10,19,0.526,1,4,0.25,3,3,1.0,2,6,8,3,3,1,3,4,-7,12,20,0.6,6,12,0.5,1,2,0.5,3,5,8,7,2,1,3,4,7
0021500961,2016-03-10,2015-16,regular_season,False,1610612743,DEN,Denver Nuggets,1610612756,PHX,Phoenix Suns,30,23,W,11,24,0.458,2,7,0.286,6,7,0.857,3,9,12,7,3,3,3,7,7,10,24,0.417,1,6,0.167,2,3,0.667,3,9,12,6,0,0,4,8,-7
0021500959,2016-03-10,2015-16,regular_season,False,1610612761,TOR,Toronto Raptors,1610612737,ATL,Atlanta Hawks,32,27,W,12,24,0.5,1,4,0.25,7,11,0.636,5,12,17,3,1,1,4,8,5,9,23,0.391,1,4,0.25,8,12,0.667,2,5,7,3,1,1,2,8,-5
0021500960,2016-03-10,2015-16,regular_season,False,1610612759,SAS,San Antonio Spurs,1610612741,CHI,Chicago Bulls,27,20,W,11,23,0.478,1,4,0.25,4,6,0.667,2,8,10,10,5,0,1,1,7,9,23,0.391,2,7,0.286,0,0,0.0,4,12,16,4,0,0,7,6,-7
0021500972,2016-03-11,2015-16,regular_season,False,1610612746,LAC,LA Clippers,1610612752,NYK,New York Knicks,32,28,W,11,20,0.55,4,7,0.571,6,7,0.857,2,6,8,6,2,4,2,4,4,12,23,0.522,0,2,0.0,4,6,0.667,5,6,11,6,2,0,4,6,-4
0021500970,2016-03-11,2015-16,regular_season,False,1610612758,SAC,Sacramento Kings,1610612753,ORL,Orlando Magic,28,23,W,8,21,0.381,3,5,0.6,9,9,1.0,3,6,9,3,4,0,4,4,5,9,21,0.429,0,4,0.0,5,7,0.714,4,9,13,4,2,1,6,8,-5
0021500969,2016-03-11,2015-16,regular_season,False,1610612762,UTA,Utah Jazz,1610612764,WAS,Washington Wizards,24,19,W,9,18,0.5,2,5,0.4,4,4,1.0,1,10,11,1,3,0,4,4,5,8,19,0.421,1,5,0.2,2,2,1.0,1,6,7,5,2,1,4,3,-5
0021500968,2016-03-11,2015-16,regular_season,False,1610612760,OKC,Oklahoma City Thunder,1610612750,MIN,Minnesota Timberwolves,32,26,W,12,19,0.632,3,9,0.333,5,10,0.5,3,9,12,4,1,2,3,5,6,9,18,0.5,2,4,0.5,6,7,0.857,0,5,5,6,3,1,3,7,-6
0021500971,2016-03-11,2015-16,regular_season,False,1610612744,GSW,Golden State Warriors,1610612757,POR,Portland Trail Blazers,41,34,W,12,20,0.6,6,11,0.545,11,15,0.733,2,7,9,9,1,3,3,4,7,12,23,0.522,6,10,0.6,4,4,1.0,3,4,7,9,2,0,4,8,-7
0021500966,2016-03-11,2015-16,regular_season,False,1610612741,CHI,Chicago Bulls,1610612748,MIA,Miami Heat,27,31,L,11,26,0.423,2,7,0.286,3,4,0.75,4,10,14,9,0,2,2,5,-4,13,28,0.464,0,3,0.0,5,8,0.625,6,12,18,8,2,4,0,3,4
0021500965,2016-03-11,2015-16,regular_season,False,1610612738,BOS,Boston Celtics,1610612745,HOU,Houston Rockets,20,27,L,8,24,0.333,0,5,0.0,4,5,0.8,3,7,10,6,3,1,4,2,-7,12,24,0.5,2,8,0.25,1,2,0.5,3,10,13,8,2,1,4,6,7
0021500964,2016-03-11,2015-16,regular_season,False,1610612755,PHI,Philadelphia 76ers,1610612751,BKN,Brooklyn Nets,26,24,W,9,21,0.429,4,9,0.444,4,6,0.667,3,10,13,5,2,1,6,4,2,10,21,0.476,2,5,0.4,2,3,0.667,0,7,7,7,2,1,3,5,-2
0021500963,2016-03-11,2015-16,regular_season,False,1610612766,CHA,Charlotte Hornets,1610612765,DET,Detroit Pistons,31,21,W,9,20,0.45,2,6,0.333,11,14,0.786,4,10,14,4,1,0,1,9,10,5,18,0.278,1,9,0.111,10,14,0.714,2,7,9,2,1,0,2,8,-10
0021500967,2016-03-11,2015-16,regular_season,False,1610612763,MEM,Memphis Grizzlies,1610612740,NOP,New Orleans Pelicans,28,23,W,12,22,0.545,0,2,0.0,4,7,0.571,2,10,12,5,3,1,1,6,5,8,19,0.421,1,4,0.25,6,9,0.667,2,9,11,2,0,1,4,6,-5
0021500981,2016-03-12,2015-16,regular_season,False,1610612744,GSW,Golden State Warriors,1610612756,PHX,Phoenix Suns,29,32,L,7,15,0.467,1,4,0.25,14,15,0.933,0,9,9,5,0,2,3,9,-3,12,25,0.48,2,6,0.333,6,9,0.667,5,9,14,8,0,0,3,12,3
0021500973,2016-03-12,2015-16,regular_season,False,1610612742,DAL,Dallas Mavericks,1610612754,IND,Indiana Pacers,28,29,L,10,25,0.4,3,7,0.429,5,5,1.0,5,8,13,7,2,0,4,5,-1,11,19,0.579,3,8,0.375,4,4,1.0,0,6,6,7,3,3,3,4,1
0021500974,2016-03-12,2015-16,regular_season,False,1610612737,ATL,Atlanta Hawks,1610612763,MEM,Memphis Grizzlies,31,19,W,9,20,0.45,4,9,0.444,9,10,0.9,2,12,14,7,2,4,2,1,12,8,27,0.296,1,5,0.2,2,2,1.0,6,9,15,3,2,0,4,5,-12
0021500975,2016-03-12,2015-16,regular_season,False,1610612766,CHA,Charlotte Hornets,1610612745,HOU,Houston Rockets,28,38,L,11,19,0.579,0,5,0.0,6,6,1.0,2,6,8,6,2,2,4,7,-10,15,26,0.577,2,6,0.333,6,9,0.667,4,5,9,7,4,1,2,6,10
0021500976,2016-03-12,2015-16,regular_season,False,1610612755,PHI,Philadelphia 76ers,1610612765,DET,Detroit Pistons,25,25,L,9,22,0.409,4,9,0.444,3,3,1.0,2,11,13,7,2,0,4,5,0,9,26,0.346,1,4,0.25,6,8,0.75,5,11,16,4,1,2,2,3,0
0021500977,2016-03-12,2015-16,regular_season,False,1610612761,TOR,Toronto Raptors,1610612748,MIA,Miami Heat,25,22,W,7,18,0.389,2,6,0.333,9,11,0.818,3,8,11,2,2,3,4,4,3,10,28,0.357,2,6,0.333,0,0,0.0,7,8,15,4,2,1,3,9,-3
0021500978,2016-03-12,2015-16,regular_season,False,1610612749,MIL,Milwaukee Bucks,1610612740,NOP,New Orleans Pelicans,22,24,L,8,19,0.421,1,4,0.25,5,6,0.833,1,6,7,4,0,1,1,4,-2,9,24,0.375,1,9,0.111,5,6,0.833,5,10,15,3,0,0,1,5,2
0021500979,2016-03-12,2015-16,regular_season,False,1610612759,SAS,San Antonio Spurs,1610612760,OKC,Oklahoma City Thunder,20,27,L,8,22,0.364,1,4,0.25,3,3,1.0,2,7,9,4,2,1,6,5,-7,10,23,0.435,0,4,0.0,7,9,0.778,4,12,16,6,3,1,4,5,7
0021500980,2016-03-12,2015-16,regular_season,False,1610612743,DEN,Denver Nuggets,1610612764,WAS,Washington Wizards,25,27,L,11,22,0.5,1,4,0.25,2,3,0.667,3,9,12,5,1,4,7,5,-2,10,28,0.357,2,6,0.333,5,6,0.833,6,8,14,5,4,0,4,5,2
0021500982,2016-03-12,2015-16,regular_season,False,1610612757,POR,Portland Trail Blazers,1610612753,ORL,Orlando Magic,32,18,W,15,22,0.682,2,6,0.333,0,0,0.0,2,16,18,11,0,1,5,5,14,8,24,0.333,2,5,0.4,0,3,0.0,2,5,7,6,1,0,3,4,-14
0021500987,2016-03-13,2015-16,regular_season,False,1610612747,LAL,Los Angeles Lakers,1610612752,NYK,New York Knicks,24,28,L,11,25,0.44,2,7,0.286,0,0,0.0,4,6,10,4,2,1,1,4,-4,11,18,0.611,2,4,0.5,4,6,0.667,2,9,11,6,1,1,3,1,4
0021500985,2016-03-13,2015-16,regular_season,False,1610612751,BKN,Brooklyn Nets,1610612749,MIL,Milwaukee Bucks,26,23,W,10,17,0.588,3,6,0.5,3,5,0.6,0,6,6,5,0,3,3,5,3,9,23,0.391,1,2,0.5,4,6,0.667,6,7,13,3,1,1,4,4,-3
0021500986,2016-03-13,2015-16,regular_season,False,1610612758,SAC,Sacramento Kings,1610612762,UTA,Utah Jazz,27,25,W,10,18,0.556,2,2,1.0,5,6,0.833,1,6,7,5,3,0,3,4,2,10,17,0.588,2,4,0.5,3,5,0.6,1,7,8,7,1,1,5,5,-2
0021500984,2016-03-13,2015-16,regular_season,False,1610612737,ATL,Atlanta Hawks,1610612754,IND,Indiana Pacers,22,21,W,8,20,0.4,3,7,0.429,3,4,0.75,2,4,6,8,4,4,5,4,1,9,22,0.409,1,3,0.333,2,3,0.667,5,7,12,6,3,1,6,5,-1
0021500983,2016-03-13,2015-16,regular_season,False,1610612746,LAC,LA Clippers,1610612739,CLE,Cleveland Cavaliers,22,37,L,9,18,0.5,3,9,0.333,1,2,0.5,1,6,7,6,0,1,4,8,-15,14,22,0.636,4,9,0.444,5,8,0.625,3,9,12,8,2,0,0,5,15
0021500995,2016-03-14,2015-16,regular_season,False,1610612756,PHX,Phoenix Suns,1610612750,MIN,Minnesota Timberwolves,20,32,L,6,20,0.3,0,8,0.0,8,12,0.667,7,7,14,2,1,2,7,4,-12,15,24,0.625,0,0,0.0,2,2,1.0,2,6,8,10,4,3,3,9,12
0021500994,2016-03-14,2015-16,regular_season,False,1610612762,UTA,Utah Jazz,1610612739,CLE,Cleveland Cavaliers,20,18,W,7,17,0.412,2,6,0.333,4,5,0.8,4,10,14,3,1,2,4,3,2,8,22,0.364,2,7,0.286,0,0,0.0,4,6,10,5,2,0,2,5,-2
0021500993,2016-03-14,2015-16,regular_season,False,1610612760,OKC,Oklahoma City Thunder,1610612757,POR,Portland Trail Blazers,35,20,W,13,19,0.684,3,5,0.6,6,7,0.857,2,11,13,11,1,3,2,3,15,8,26,0.308,1,9,0.111,3,4,0.75,5,5,10,3,1,2,1,4,-15
0021500992,2016-03-14,2015-16,regular_season,False,1610612745,HOU,Houston Rockets,1610612763,MEM,Memphis Grizzlies,31,19,W,11,24,0.458,4,8,0.5,5,10,0.5,3,11,14,7,4,3,4,8,12,6,19,0.316,0,0,0.0,7,12,0.583,4,10,14,1,2,0,7,8,-12
0021500996,2016-03-14,2015-16,regular_season,False,1610612744,GSW,Golden State Warriors,1610612740,NOP,New Orleans Pelicans,31,26,W,12,22,0.545,1,5,0.2,6,7,0.857,3,12,15,7,3,0,4,8,5,7,20,0.35,1,7,0.143,11,15,0.733,3,6,9,3,2,1,3,4,-5
0021500990,2016-03-14,2015-16,regular_season,False,1610612748,MIA,Miami Heat,1610612743,DEN,Denver Nuggets,28,29,L,12,22,0.545,2,4,0.5,2,2,1.0,2,6,8,6,1,2,2,5,-1,11,21,0.524,2,4,0.5,5,6,0.833,2,7,9,6,0,1,2,2,1
0021500989,2016-03-14,2015-16,regular_season,False,1610612764,WAS,Washington Wizards,1610612765,DET,Detroit Pistons,26,24,W,12,23,0.522,1,5,0.2,1,2,0.5,2,9,11,6,2,2,5,7,2,9,23,0.391,2,6,0.333,4,6,0.667,4,8,12,8,3,2,3,3,-2
0021500988,2016-03-14,2015-16,regular_season,False,1610612766,CHA,Charlotte Hornets,1610612742,DAL,Dallas Mavericks,15,30,L,5,20,0.25,2,8,0.25,3,7,0.429,3,10,13,4,2,2,8,5,-15,12,26,0.462,0,6,0.0,6,8,0.75,3,12,15,10,5,4,3,5,15
0021500991,2016-03-14,2015-16,regular_season,False,1610612761,TOR,Toronto Raptors,1610612741,CHI,Chicago Bulls,23,24,L,8,22,0.364,3,7,0.429,4,6,0.667,2,12,14,5,0,3,0,6,-1,6,19,0.316,2,6,0.333,10,11,0.909,1,11,12,4,0,0,0,4,1
0021500997,2016-03-15,2015-16,regular_season,False,1610612754,IND,Indiana Pacers,1610612738,BOS,Boston Celtics,23,19,W,11,22,0.5,1,1,1.0,0,0,0.0,0,10,10,5,1,3,3,3,4,7,23,0.304,1,4,0.25,4,6,0.667,4,9,13,5,1,2,2,3,-4
0021500998,2016-03-15,2015-16,regular_season,False,1610612753,ORL,Orlando Magic,1610612743,DEN,Denver Nuggets,29,21,W,13,20,0.65,2,5,0.4,1,2,0.5,0,8,8,7,2,1,4,3,8,8,18,0.444,0,4,0.0,5,5,1.0,1,6,7,3,3,0,5,3,-8
0021500999,2016-03-15,2015-16,regular_season,False,1610612751,BKN,Brooklyn Nets,1610612755,PHI,Philadelphia 76ers,39,36,W,12,23,0.522,1,4,0.25,14,16,0.875,5,6,11,3,5,1,2,7,3,12,20,0.6,3,6,0.5,9,12,0.75,3,5,8,9,0,1,6,8,-3
0021501000,2016-03-15,2015-16,regular_season,False,1610612749,MIL,Milwaukee Bucks,1610612761,TOR,Toronto Raptors,21,30,L,8,19,0.421,0,2,0.0,5,6,0.833,2,8,10,3,2,1,1,4,-9,9,22,0.409,6,11,0.545,6,6,1.0,4,9,13,7,1,0,2,6,9
0021501001,2016-03-15,2015-16,regular_season,False,1610612759,SAS,San Antonio Spurs,1610612746,LAC,LA Clippers,29,23,W,12,20,0.6,2,5,0.4,3,4,0.75,3,5,8,5,1,2,3,4,6,10,16,0.625,2,3,0.667,1,4,0.25,0,5,5,5,2,0,5,3,-6
0021501002,2016-03-15,2015-16,regular_season,False,1610612747,LAL,Los Angeles Lakers,1610612758,SAC,Sacramento Kings,26,25,W,11,23,0.478,1,6,0.167,3,4,0.75,3,10,13,7,3,1,5,4,1,10,21,0.476,2,6,0.333,3,5,0.6,3,9,12,5,3,2,5,2,-1
0021501009,2016-03-16,2015-16,regular_season,False,1610612745,HOU,Houston Rockets,1610612746,LAC,LA Clippers,24,37,L,9,16,0.562,1,1,1.0,5,7,0.714,1,5,6,5,1,1,6,9,-13,13,19,0.684,5,8,0.625,6,10,0.6,2,6,8,8,3,1,2,5,13
0021501011,2016-03-16,2015-16,regular_season,False,1610612744,GSW,Golden State Warriors,1610612752,NYK,New York Knicks,31,27,W,12,25,0.48,6,12,0.5,1,1,1.0,3,9,12,8,1,1,1,3,4,12,23,0.522,3,4,0.75,0,1,0.0,3,8,11,9,1,0,2,1,-4
0021501010,2016-03-16,2015-16,regular_season,False,1610612758,SAC,Sacramento Kings,1610612740,NOP,New Orleans Pelicans,22,41,L,8,22,0.364,3,7,0.429,3,4,0.75,3,2,5,4,3,0,5,6,-19,15,18,0.833,5,6,0.833,6,6,1.0,0,8,8,9,2,1,4,3,19
0021501008,2016-03-16,2015-16,regular_season,False,1610612763,MEM,Memphis Grizzlies,1610612750,MIN,Minnesota Timberwolves,30,22,W,11,24,0.458,2,3,0.667,6,7,0.857,6,6,12,4,1,1,2,3,8,8,15,0.533,2,3,0.667,4,6,0.667,1,4,5,7,0,2,6,5,-8
0021501004,2016-03-16,2015-16,regular_season,False,1610612766,CHA,Charlotte Hornets,1610612753,ORL,Orlando Magic,35,13,W,14,30,0.467,4,9,0.444,3,4,0.75,7,13,20,10,0,1,1,4,22,3,16,0.188,0,3,0.0,7,8,0.875,0,7,7,1,1,1,3,5,-22
0021501006,2016-03-16,2015-16,regular_season,False,1610612764,WAS,Washington Wizards,1610612741,CHI,Chicago Bulls,31,27,W,11,24,0.458,4,4,1.0,5,8,0.625,2,11,13,6,3,3,3,5,4,10,24,0.417,1,6,0.167,6,6,1.0,2,10,12,2,2,1,5,6,-4
0021501005,2016-03-16,2015-16,regular_season,False,1610612739,CLE,Cleveland Cavaliers,1610612742,DAL,Dallas Mavericks,26,23,W,10,21,0.476,3,7,0.429,3,4,0.75,1,10,11,5,2,2,5,5,3,7,20,0.35,1,5,0.2,8,8,1.0,2,7,9,7,3,2,3,5,-3
0021501003,2016-03-16,2015-16,regular_season,False,1610612738,BOS,Boston Celtics,1610612760,OKC,Oklahoma City Thunder,25,31,L,10,23,0.435,1,5,0.2,4,4,1.0,3,8,11,4,1,0,3,6,-6,9,21,0.429,4,9,0.444,9,11,0.818,2,10,12,8,3,1,1,4,6
0021501007,2016-03-16,2015-16,regular_season,False,1610612765,DET,Detroit Pistons,1610612737,ATL,Atlanta Hawks,30,31,L,13,25,0.52,3,6,0.5,1,1,1.0,4,7,11,7,1,0,4,6,-1,11,19,0.579,3,8,0.375,6,7,0.857,0,8,8,8,2,1,3,2,1
0021501012,2016-03-17,2015-16,regular_season,False,1610612754,IND,Indiana Pacers,1610612761,TOR,Toronto Raptors,21,16,W,7,24,0.292,3,9,0.333,4,5,0.8,3,12,15,6,4,4,5,7,5,4,19,0.211,0,4,0.0,8,12,0.667,2,12,14,1,3,1,4,4,-5
0021501013,2016-03-17,2015-16,regular_season,False,1610612755,PHI,Philadelphia 76ers,1610612764,WAS,Washington Wizards,17,28,L,8,25,0.32,1,11,0.091,0,2,0.0,3,7,10,4,4,2,3,3,-11,12,23,0.522,4,7,0.571,0,0,0.0,2,14,16,10,2,0,6,3,11
0021501014,2016-03-17,2015-16,regular_season,False,1610612748,MIA,Miami Heat,1610612766,CHA,Charlotte Hornets,23,28,L,9,17,0.529,0,1,0.0,5,6,0.833,3,9,12,3,2,3,7,8,-5,10,21,0.476,2,7,0.286,6,7,0.857,2,4,6,3,1,0,2,4,5
0021501015,2016-03-17,2015-16,regular_season,False,1610612737,ATL,Atlanta Hawks,1610612743,DEN,Denver Nuggets,21,25,L,8,20,0.4,1,4,0.25,4,5,0.8,0,9,9,5,1,3,2,2,-4,10,23,0.435,3,7,0.429,2,3,0.667,2,11,13,5,2,1,3,5,4
0021501016,2016-03-17,2015-16,regular_season,False,1610612741,CHI,Chicago Bulls,1610612751,BKN,Brooklyn Nets,31,23,W,12,26,0.462,3,8,0.375,4,4,1.0,5,11,16,6,1,2,1,7,8,7,22,0.318,1,3,0.333,8,11,0.727,6,7,13,4,1,0,2,4,-8
0021501017,2016-03-17,2015-16,regular_season,False,1610612749,MIL,Milwaukee Bucks,1610612763,MEM,Memphis Grizzlies,15,21,L,6,19,0.316,1,5,0.2,2,6,0.333,4,9,13,3,0,3,5,2,-6,10,24,0.417,0,1,0.0,1,1,1.0,4,9,13,5,4,0,3,5,6
0021501018,2016-03-17,2015-16,regular_season,False,1610612759,SAS,San Antonio Spurs,1610612757,POR,Portland Trail Blazers,33,26,W,10,21,0.476,1,5,0.2,12,13,0.923,1,6,7,6,3,5,1,7,7,8,20,0.4,1,2,0.5,9,11,0.818,3,9,12,6,0,1,6,10,-7
0021501019,2016-03-17,2015-16,regular_season,False,1610612762,UTA,Utah Jazz,1610612756,PHX,Phoenix Suns,22,17,W,8,19,0.421,4,8,0.5,2,2,1.0,1,11,12,4,4,1,5,4,5,8,23,0.348,1,9,0.111,0,0,0.0,3,7,10,4,3,0,4,4,-5
0021501025,2016-03-18,2015-16,regular_season,False,1610612740,NOP,New Orleans Pelicans,1610612757,POR,Portland Trail Blazers,23,31,L,9,22,0.409,1,5,0.2,4,4,1.0,1,6,7,6,2,1,2,6,-8,11,22,0.5,0,6,0.0,9,10,0.9,2,12,14,5,1,1,3,5,8
0021501027,2016-03-18,2015-16,regular_season,False,1610612747,LAL,Los Angeles Lakers,1610612756,PHX,Phoenix Suns,10,21,L,4,24,0.167,0,5,0.0,2,2,1.0,5,8,13,2,0,1,2,5,-11,7,19,0.368,2,9,0.222,5,6,0.833,3,13,16,5,1,2,2,3,11
0021501026,2016-03-18,2015-16,regular_season,False,1610612742,DAL,Dallas Mavericks,1610612744,GSW,Golden State Warriors,31,31,L,8,22,0.364,1,6,0.167,14,15,0.933,4,8,12,3,2,2,0,3,0,11,23,0.478,6,10,0.6,3,3,1.0,1,9,10,10,0,3,5,8,0
0021501024,2016-03-18,2015-16,regular_season,False,1610612745,HOU,Houston Rockets,1610612750,MIN,Minnesota Timberwolves,23,29,L,10,17,0.588,1,7,0.143,2,2,1.0,2,4,6,7,2,1,4,6,-6,11,18,0.611,1,1,1.0,6,7,0.857,2,5,7,10,4,0,2,3,6
0021501023,2016-03-18,2015-16,regular_season,False,1610612761,TOR,Toronto Raptors,1610612738,BOS,Boston Celtics,25,27,L,8,19,0.421,2,6,0.333,7,11,0.636,2,8,10,2,1,3,3,4,-2,11,22,0.5,2,4,0.5,3,3,1.0,1,10,11,5,2,1,3,7,2
0021501022,2016-03-18,2015-16,regular_season,False,1610612765,DET,Detroit Pistons,1610612758,SAC,Sacramento Kings,28,29,L,11,22,0.5,5,8,0.625,1,1,1.0,2,9,11,7,2,1,4,4,-1,11,21,0.524,2,5,0.4,5,7,0.714,3,8,11,5,0,2,3,2,1
0021501020,2016-03-18,2015-16,regular_season,False,1610612753,ORL,Orlando Magic,1610612739,CLE,Cleveland Cavaliers,25,36,L,9,20,0.45,2,4,0.5,5,6,0.833,1,2,3,6,5,1,2,6,-11,12,16,0.75,6,9,0.667,6,6,1.0,0,9,9,8,0,0,5,6,11
0021501021,2016-03-18,2015-16,regular_season,False,1610612755,PHI,Philadelphia 76ers,1610612760,OKC,Oklahoma City Thunder,24,26,L,10,22,0.455,1,6,0.167,3,4,0.75,0,7,7,7,1,3,2,3,-2,10,23,0.435,1,7,0.143,5,7,0.714,6,13,19,7,1,3,5,5,2
0021501028,2016-03-19,2015-16,regular_season,False,1610612766,CHA,Charlotte Hornets,1610612743,DEN,Denver Nuggets,18,29,L,7,18,0.389,1,3,0.333,3,6,0.5,2,8,10,4,1,1,5,4,-11,12,24,0.5,2,6,0.333,3,4,0.75,3,10,13,5,3,1,2,5,11
0021501029,2016-03-19,2015-16,regular_season,False,1610612737,ATL,Atlanta Hawks,1610612745,HOU,Houston Rockets,22,42,L,9,21,0.429,2,8,0.25,2,3,0.667,4,4,8,6,2,1,9,9,-20,14,23,0.609,2,3,0.667,12,13,0.923,5,8,13,6,5,0,3,4,20
0021501030,2016-03-19,2015-16,regular_season,False,1610612765,DET,Detroit Pistons,1610612751,BKN,Brooklyn Nets,25,29,L,9,23,0.391,3,6,0.5,4,7,0.571,3,6,9,6,2,2,2,3,-4,12,23,0.522,2,3,0.667,3,3,1.0,2,11,13,6,0,1,3,6,4
0021501031,2016-03-19,2015-16,regular_season,False,1610612754,IND,Indiana Pacers,1610612760,OKC,Oklahoma City Thunder,26,37,L,9,21,0.429,0,3,0.0,8,12,0.667,1,7,8,5,3,0,3,8,-11,13,22,0.591,1,6,0.167,10,12,0.833,2,13,15,10,1,1,4,8,11
0021501032,2016-03-19,2015-16,regular_season,False,1610612764,WAS,Washington Wizards,1610612752,NYK,New York Knicks,23,24,L,9,21,0.429,1,4,0.25,4,6,0.667,2,7,9,7,2,1,3,8,-1,6,18,0.333,1,3,0.333,11,12,0.917,4,9,13,2,0,3,5,6,1
0021501033,2016-03-19,2015-16,regular_season,False,1610612748,MIA,Miami Heat,1610612739,CLE,Cleveland Cavaliers,34,25,W,11,18,0.611,4,4,1.0,8,8,1.0,1,5,6,9,2,2,3,2,9,12,21,0.571,1,5,0.2,0,0,0.0,1,3,4,7,3,0,2,6,-9
0021501034,2016-03-19,2015-16,regular_season,False,1610612741,CHI,Chicago Bulls,1610612762,UTA,Utah Jazz,25,21,W,11,21,0.524,2,7,0.286,1,1,1.0,2,8,10,6,2,2,3,1,4,9,21,0.429,2,7,0.286,1,1,1.0,3,6,9,6,1,1,4,3,-4
0021501035,2016-03-19,2015-16,regular_season,False,1610612763,MEM,Memphis Grizzlies,1610612746,LAC,LA Clippers,27,29,L,11,24,0.458,1,5,0.2,4,5,0.8,8,6,14,7,2,1,5,8,-2,9,15,0.6,4,8,0.5,7,10,0.7,0,5,5,8,2,3,3,6,2
0021501036,2016-03-19,2015-16,regular_season,False,1610612759,SAS,San Antonio Spurs,1610612744,GSW,Golden State Warriors,26,19,W,10,18,0.556,3,6,0.5,3,5,0.6,2,8,10,7,1,2,3,3,7,8,19,0.421,0,5,0.0,3,3,1.0,2,7,9,7,2,0,3,6,-7
0021501041,2016-03-20,2015-16,regular_season,False,1610612749,MIL,Milwaukee Bucks,1610612762,UTA,Utah Jazz,19,19,L,9,17,0.529,0,1,0.0,1,1,1.0,0,6,6,7,2,2,3,2,0,8,18,0.444,3,10,0.3,0,0,0.0,3,7,10,6,1,0,5,1,0
0021501039,2016-03-20,2015-16,regular_season,False,1610612755,PHI,Philadelphia 76ers,1610612738,BOS,Boston Celtics,28,27,W,10,20,0.5,2,3,0.667,6,7,0.857,1,7,8,8,4,2,4,3,1,10,27,0.37,4,10,0.4,3,3,1.0,5,6,11,7,4,2,5,6,-1
0021501042,2016-03-20,2015-16,regular_season,False,1610612752,NYK,New York Knicks,1610612758,SAC,Sacramento Kings,35,22,W,13,25,0.52,4,6,0.667,5,6,0.833,6,10,16,6,4,1,4,6,13,8,21,0.381,1,5,0.2,5,6,0.833,2,6,8,5,3,1,4,5,-13
0021501040,2016-03-20,2015-16,regular_season,False,1610612740,NOP,New Orleans Pelicans,1610612746,LAC,LA Clippers,33,32,W,8,16,0.5,3,7,0.429,14,18,0.778,4,8,12,4,5,0,6,6,1,11,20,0.55,3,6,0.5,7,9,0.778,1,7,8,8,4,1,6,10,-1
0021501037,2016-03-20,2015-16,regular_season,False,1610612742,DAL,Dallas Mavericks,1610612757,POR,Portland Trail Blazers,33,19,W,13,21,0.619,4,4,1.0,3,3,1.0,2,11,13,8,1,3,2,7,14,5,23,0.217,2,10,0.2,7,10,0.7,7,6,13,3,0,0,3,3,-14
0021501038,2016-03-20,2015-16,regular_season,False,1610612761,TOR,Toronto Raptors,1610612753,ORL,Orlando Magic,23,30,L,7,14,0.5,1,4,0.25,8,11,0.727,1,8,9,3,1,2,6,8,-7,12,21,0.571,2,4,0.5,4,7,0.571,2,7,9,9,1,0,1,8,7
0021501051,2016-03-21,2015-16,regular_season,False,1610612756,PHX,Phoenix Suns,1610612763,MEM,Memphis Grizzlies,29,15,W,9,19,0.474,6,10,0.6,5,6,0.833,1,12,13,8,2,3,4,4,14,5,22,0.227,1,5,0.2,4,4,1.0,2,6,8,4,3,2,4,8,-14
0021501050,2016-03-21,2015-16,regular_season,False,1610612750,MIN,Minnesota Timberwolves,1610612744,GSW,Golden State Warriors,29,34,L,9,18,0.5,1,3,0.333,10,12,0.833,4,3,7,6,1,1,3,5,-5,15,25,0.6,2,5,0.4,2,4,0.5,7,4,11,8,3,2,2,6,5
0021501049,2016-03-21,2015-16,regular_season,False,1610612741,CHI,Chicago Bulls,1610612758,SAC,Sacramento Kings,29,25,W,10,21,0.476,4,6,0.667,5,8,0.625,1,9,10,8,2,3,2,5,4,10,24,0.417,1,6,0.167,4,6,0.667,3,10,13,7,2,0,2,6,-4
0021501047,2016-03-21,2015-16,regular_season,False,1610612765,DET,Detroit Pistons,1610612749,MIL,Milwaukee Bucks,28,18,W,11,23,0.478,4,11,0.364,2,2,1.0,0,8,8,7,1,1,3,5,10,7,15,0.467,1,2,0.5,3,4,0.75,0,8,8,5,1,3,6,7,-10
0021501048,2016-03-21,2015-16,regular_season,False,1610612737,ATL,Atlanta Hawks,1610612764,WAS,Washington Wizards,29,34,L,11,22,0.5,4,11,0.364,3,3,1.0,1,5,6,9,3,1,3,4,-5,13,21,0.619,3,6,0.5,5,8,0.625,3,10,13,7,2,2,3,3,5
0021501045,2016-03-21,2015-16,regular_season,False,1610612754,IND,Indiana Pacers,1610612755,PHI,Philadelphia 76ers,22,18,W,8,23,0.348,4,9,0.444,2,2,1.0,4,11,15,3,1,2,5,3,4,8,28,0.286,0,5,0.0,2,2,1.0,7,9,16,4,2,0,3,2,-4
0021501044,2016-03-21,2015-16,regular_season,False,1610612739,CLE,Cleveland Cavaliers,1610612743,DEN,Denver Nuggets,18,25,L,6,17,0.353,2,6,0.333,4,5,0.8,0,6,6,6,2,0,4,5,-7,10,23,0.435,1,6,0.167,4,6,0.667,5,10,15,6,3,3,5,4,7
0021501043,2016-03-21,2015-16,regular_season,False,1610612766,CHA,Charlotte Hornets,1610612759,SAS,San Antonio Spurs,29,23,W,11,25,0.44,1,4,0.25,6,7,0.857,3,9,12,4,6,1,4,4,6,10,19,0.526,1,2,0.5,2,3,0.667,0,8,8,6,2,3,6,6,-6
0021501046,2016-03-21,2015-16,regular_season,False,1610612738,BOS,Boston Celtics,1610612753,ORL,Orlando Magic,34,32,W,13,26,0.5,2,4,0.5,6,7,0.857,2,8,10,5,2,1,2,6,2,11,24,0.458,3,7,0.429,7,10,0.7,5,8,13,7,1,5,3,5,-2
0021501055,2016-03-22,2015-16,regular_season,False,1610612747,LAL,Los Angeles Lakers,1610612763,MEM,Memphis Grizzlies,23,22,W,10,18,0.556,1,5,0.2,2,2,1.0,2,9,11,8,2,1,8,4,1,9,23,0.391,3,8,0.375,1,2,0.5,3,4,7,5,6,0,5,4,-1
0021501052,2016-03-22,2015-16,regular_season,False,1610612751,BKN,Brooklyn Nets,1610612766,CHA,Charlotte Hornets,22,21,W,6,17,0.353,2,5,0.4,8,10,0.8,1,12,13,4,1,0,3,5,1,9,23,0.391,2,7,0.286,1,2,0.5,1,11,12,5,1,1,3,7,-1
0021501053,2016-03-22,2015-16,regular_season,False,1610612740,NOP,New Orleans Pelicans,1610612748,MIA,Miami Heat,19,24,L,6,21,0.286,2,5,0.4,5,6,0.833,3,9,12,4,4,0,6,4,-5,11,20,0.55,0,3,0.0,2,3,0.667,1,12,13,5,3,2,7,5,5
0021501054,2016-03-22,2015-16,regular_season,False,1610612760,OKC,Oklahoma City Thunder,1610612745,HOU,Houston Rockets,27,29,L,11,26,0.423,3,16,0.188,2,2,1.0,6,7,13,8,2,3,4,6,-2,11,21,0.524,2,8,0.25,5,7,0.714,4,8,12,7,2,0,5,5,2
0021501065,2016-03-23,2015-16,regular_season,False,1610612756,PHX,Phoenix Suns,1610612747,LAL,Los Angeles Lakers,31,25,W,13,22,0.591,3,8,0.375,2,6,0.333,4,9,13,8,2,0,4,5,6,10,21,0.476,0,3,0.0,5,6,0.833,3,4,7,2,3,1,3,7,-6
0021501066,2016-03-23,2015-16,regular_season,False,1610612744,GSW,Golden State Warriors,1610612746,LAC,LA Clippers,28,21,W,10,21,0.476,5,10,0.5,3,3,1.0,3,9,12,6,2,1,4,2,7,9,19,0.474,2,6,0.333,1,3,0.333,1,6,7,8,3,1,3,4,-7
0021501063,2016-03-23,2015-16,regular_season,False,1610612759,SAS,San Antonio Spurs,1610612748,MIA,Miami Heat,30,26,W,9,18,0.5,2,5,0.4,10,10,1.0,3,9,12,4,2,1,3,2,4,11,22,0.5,1,3,0.333,3,4,0.75,2,6,8,5,2,1,2,5,-4
0021501067,2016-03-23,2015-16,regular_season,False,1610612757,POR,Portland Trail Blazers,1610612742,DAL,Dallas Mavericks,29,27,W,12,29,0.414,1,6,0.167,4,4,1.0,5,6,11,3,5,1,1,3,2,12,23,0.522,2,8,0.25,1,1,1.0,2,11,13,6,0,2,6,4,-2
0021501062,2016-03-23,2015-16,regular_season,False,1610612750,MIN,Minnesota Timberwolves,1610612758,SAC,Sacramento Kings,22,19,W,10,24,0.417,0,4,0.0,2,3,0.667,3,8,11,5,3,2,5,8,3,7,20,0.35,1,3,0.333,4,12,0.333,4,9,13,6,1,3,5,3,-3
0021501064,2016-03-23,2015-16,regular_season,False,1610612743,DEN,Denver Nuggets,1610612755,PHI,Philadelphia 76ers,29,10,W,9,20,0.45,1,6,0.167,10,11,0.909,2,18,20,8,2,5,5,3,19,5,27,0.185,0,6,0.0,0,0,0.0,1,7,8,3,2,2,2,7,-19
0021501060,2016-03-23,2015-16,regular_season,False,1610612741,CHI,Chicago Bulls,1610612752,NYK,New York Knicks,25,34,L,10,21,0.476,3,6,0.5,2,4,0.5,2,7,9,9,1,2,0,4,-9,14,25,0.56,4,4,1.0,2,3,0.667,4,9,13,9,0,1,1,3,9
0021501056,2016-03-23,2015-16,regular_season,False,1610612764,WAS,Washington Wizards,1610612737,ATL,Atlanta Hawks,31,30,W,13,25,0.52,2,5,0.4,3,3,1.0,1,8,9,8,0,0,1,5,1,10,20,0.5,5,12,0.417,5,5,1.0,1,8,9,6,0,0,3,4,-1
0021501057,2016-03-23,2015-16,regular_season,False,1610612738,BOS,Boston Celtics,1610612761,TOR,Toronto Raptors,21,21,W,7,19,0.368,1,4,0.25,6,11,0.545,2,10,12,5,1,2,2,2,0,10,25,0.4,1,4,0.25,0,0,0.0,3,8,11,2,1,2,3,6,0
0021501061,2016-03-23,2015-16,regular_season,False,1610612745,HOU,Houston Rockets,1610612762,UTA,Utah Jazz,24,13,W,10,21,0.476,4,9,0.444,0,0,0.0,1,11,12,5,3,3,4,6,11,4,22,0.182,2,10,0.2,3,4,0.75,4,8,12,1,1,1,4,3,-11
0021501059,2016-03-23,2015-16,regular_season,False,1610612739,CLE,Cleveland Cavaliers,1610612749,MIL,Milwaukee Bucks,28,36,L,10,20,0.5,3,7,0.429,5,5,1.0,4,3,7,7,1,0,6,4,-8,14,22,0.636,2,3,0.667,6,8,0.75,5,5,10,10,5,2,3,5,8
0021501058,2016-03-23,2015-16,regular_season,False,1610612765,DET,Detroit Pistons,1610612753,ORL,Orlando Magic,34,36,L,12,18,0.667,4,8,0.5,6,7,0.857,0,7,7,10,0,0,3,3,-2,14,25,0.56,3,6,0.5,5,5,1.0,2,5,7,8,2,1,0,5,2
0021501068,2016-03-24,2015-16,regular_season,False,1610612754,IND,Indiana Pacers,1610612740,NOP,New Orleans Pelicans,25,17,W,10,21,0.476,1,2,0.5,4,4,1.0,0,14,14,7,3,1,5,2,8,8,23,0.348,0,2,0.0,1,2,0.5,1,8,9,3,3,0,4,5,-8
0021501069,2016-03-24,2015-16,regular_season,False,1610612751,BKN,Brooklyn Nets,1610612739,CLE,Cleveland Cavaliers,33,26,W,12,20,0.6,2,4,0.5,7,9,0.778,1,13,14,9,1,2,4,7,7,10,27,0.37,2,13,0.154,4,4,1.0,2,6,8,5,1,0,1,7,-7
0021501070,2016-03-24,2015-16,regular_season,False,1610612752,NYK,New York Knicks,1610612741,CHI,Chicago Bulls,22,18,W,8,20,0.4,3,8,0.375,3,3,1.0,0,13,13,4,0,1,4,2,4,8,26,0.308,1,10,0.1,1,2,0.5,3,10,13,3,2,0,2,5,-4
0021501071,2016-03-24,2015-16,regular_season,False,1610612760,OKC,Oklahoma City Thunder,1610612762,UTA,Utah Jazz,24,16,W,10,21,0.476,1,5,0.2,3,5,0.6,3,7,10,7,4,1,2,2,8,7,17,0.412,2,7,0.286,0,2,0.0,3,8,11,3,1,0,6,5,-8
0021501072,2016-03-24,2015-16,regular_season,False,1610612746,LAC,LA Clippers,1610612757,POR,Portland Trail Blazers,28,18,W,10,16,0.625,0,1,0.0,8,13,0.615,1,8,9,7,4,0,4,4,10,9,21,0.429,0,4,0.0,0,0,0.0,1,7,8,6,3,1,6,8,-10
0021501081,2016-03-25,2015-16,regular_season,False,1610612747,LAL,Los Angeles Lakers,1610612743,DEN,Denver Nuggets,15,34,L,4,19,0.211,1,3,0.333,6,8,0.75,3,8,11,2,1,2,4,6,-19,14,25,0.56,4,7,0.571,2,5,0.4,4,12,16,8,1,3,1,6,19
0021501080,2016-03-25,2015-16,regular_season,False,1610612744,GSW,Golden State Warriors,1610612742,DAL,Dallas Mavericks,32,25,W,11,19,0.579,4,7,0.571,6,7,0.857,0,9,9,5,2,2,3,6,7,8,24,0.333,2,5,0.4,7,7,1.0,5,8,13,5,2,0,4,5,-7
0021501079,2016-03-25,2015-16,regular_season,False,1610612758,SAC,Sacramento Kings,1610612756,PHX,Phoenix Suns,33,21,W,9,21,0.429,2,3,0.667,13,15,0.867,3,8,11,6,5,1,2,2,12,9,22,0.409,2,6,0.333,1,2,0.5,3,10,13,5,0,2,9,8,-12
0021501078,2016-03-25,2015-16,regular_season,False,1610612759,SAS,San Antonio Spurs,1610612763,MEM,Memphis Grizzlies,27,28,L,11,19,0.579,1,3,0.333,4,5,0.8,3,6,9,5,3,0,5,6,-1,12,18,0.667,0,1,0.0,4,8,0.5,1,6,7,6,3,0,3,4,1
0021501076,2016-03-25,2015-16,regular_season,False,1610612737,ATL,Atlanta Hawks,1610612749,MIL,Milwaukee Bucks,22,25,L,9,27,0.333,1,10,0.1,3,4,0.75,5,8,13,4,2,0,3,7,-3,9,20,0.45,0,2,0.0,7,8,0.875,3,9,12,1,1,3,3,4,3
0021501075,2016-03-25,2015-16,regular_season,False,1610612748,MIA,Miami Heat,1610612753,ORL,Orlando Magic,26,26,W,9,19,0.474,0,3,0.0,8,10,0.8,4,5,9,4,4,1,5,4,0,9,16,0.562,1,2,0.5,7,8,0.875,2,7,9,5,1,1,7,7,0
0021501074,2016-03-25,2015-16,regular_season,False,1610612765,DET,Detroit Pistons,1610612766,CHA,Charlotte Hornets,36,32,W,16,26,0.615,2,7,0.286,2,3,0.667,3,9,12,10,2,1,3,3,4,12,22,0.545,7,9,0.778,1,1,1.0,0,7,7,11,1,1,4,4,-4
0021501073,2016-03-25,2015-16,regular_season,False,1610612764,WAS,Washington Wizards,1610612750,MIN,Minnesota Timberwolves,33,35,L,13,20,0.65,3,5,0.6,4,6,0.667,0,4,4,10,0,0,3,6,-2,13,23,0.565,2,6,0.333,7,7,1.0,3,7,10,10,3,0,1,5,2
0021501077,2016-03-25,2015-16,regular_season,False,1610612745,HOU,Houston Rockets,1610612761,TOR,Toronto Raptors,25,37,L,10,21,0.476,5,7,0.714,0,3,0.0,4,7,11,7,1,2,8,6,-12,14,25,0.56,6,12,0.5,3,4,0.75,3,7,10,9,4,2,3,4,12
0021501088,2016-03-26,2015-16,regular_season,False,1610612760,OKC,Oklahoma City Thunder,1610612759,SAS,San Antonio Spurs,24,18,W,10,20,0.5,1,4,0.25,3,4,0.75,3,10,13,1,2,1,4,4,6,7,21,0.333,2,8,0.25,2,2,1.0,2,7,9,2,2,0,4,4,-6
0021501091,2016-03-26,2015-16,regular_season,False,1610612757,POR,Portland Trail Blazers,1610612755,PHI,Philadelphia 76ers,26,22,W,10,22,0.455,1,4,0.25,5,8,0.625,3,14,17,5,3,1,3,4,4,7,22,0.318,3,15,0.2,5,5,1.0,0,11,11,2,2,0,3,4,-4
0021501090,2016-03-26,2015-16,regular_season,False,1610612756,PHX,Phoenix Suns,1610612738,BOS,Boston Celtics,19,23,L,8,15,0.533,1,6,0.167,2,2,1.0,1,9,10,7,1,1,8,6,-4,9,23,0.391,2,9,0.222,3,4,0.75,5,6,11,4,1,0,5,3,4
0021501089,2016-03-26,2015-16,regular_season,False,1610612749,MIL,Milwaukee Bucks,1610612766,CHA,Charlotte Hornets,21,26,L,7,20,0.35,1,5,0.2,6,8,0.75,3,7,10,5,1,1,0,3,-5,9,18,0.5,4,8,0.5,4,4,1.0,1,9,10,7,0,2,3,5,5
0021501087,2016-03-26,2015-16,regular_season,False,1610612750,MIN,Minnesota Timberwolves,1610612762,UTA,Utah Jazz,24,17,W,9,21,0.429,2,3,0.667,4,4,1.0,3,10,13,5,3,0,3,3,7,7,18,0.389,3,5,0.6,0,0,0.0,0,7,7,3,1,5,4,5,-7
0021501083,2016-03-26,2015-16,regular_season,False,1610612753,ORL,Orlando Magic,1610612741,CHI,Chicago Bulls,32,28,W,14,26,0.538,2,5,0.4,2,3,0.667,4,9,13,7,1,1,2,8,4,9,18,0.5,2,4,0.5,8,14,0.571,2,7,9,7,1,1,3,3,-4
0021501085,2016-03-26,2015-16,regular_season,False,1610612765,DET,Detroit Pistons,1610612737,ATL,Atlanta Hawks,27,29,L,10,24,0.417,1,8,0.125,6,9,0.667,4,12,16,7,0,2,2,4,-2,10,25,0.4,5,11,0.455,4,4,1.0,1,9,10,10,1,3,1,7,2
0021501084,2016-03-26,2015-16,regular_season,False,1610612740,NOP,New Orleans Pelicans,1610612761,TOR,Toronto Raptors,21,28,L,9,21,0.429,1,3,0.333,2,3,0.667,1,6,7,5,2,1,1,6,-7,9,15,0.6,2,5,0.4,8,8,1.0,0,11,11,9,1,3,3,6,7
0021501082,2016-03-26,2015-16,regular_season,False,1610612751,BKN,Brooklyn Nets,1610612754,IND,Indiana Pacers,34,37,L,12,19,0.632,1,1,1.0,9,11,0.818,2,6,8,8,1,1,4,6,-3,13,21,0.619,5,7,0.714,6,7,0.857,2,5,7,11,2,2,4,8,3
0021501086,2016-03-26,2015-16,regular_season,False,1610612752,NYK,New York Knicks,1610612739,CLE,Cleveland Cavaliers,17,24,L,5,17,0.294,0,3,0.0,7,11,0.636,4,6,10,2,2,0,4,5,-7,10,19,0.526,2,5,0.4,2,4,0.5,4,9,13,6,3,2,5,9,7
0021501092,2016-03-27,2015-16,regular_season,False,1610612746,LAC,LA Clippers,1610612743,DEN,Denver Nuggets,21,22,L,9,25,0.36,2,7,0.286,1,2,0.5,7,5,12,6,3,1,5,7,-1,8,21,0.381,0,5,0.0,6,8,0.75,5,7,12,5,2,3,3,5,1
0021501093,2016-03-27,2015-16,regular_season,False,1610612754,IND,Indiana Pacers,1610612745,HOU,Houston Rockets,27,23,W,11,21,0.524,3,7,0.429,2,2,1.0,5,10,15,8,2,3,5,5,4,9,26,0.346,1,11,0.091,4,4,1.0,4,5,9,6,2,0,2,3,-4
0021501094,2016-03-27,2015-16,regular_season,False,1610612744,GSW,Golden State Warriors,1610612755,PHI,Philadelphia 76ers,39,24,W,16,21,0.762,5,6,0.833,2,3,0.667,0,12,12,13,2,1,3,3,15,9,26,0.346,5,12,0.417,1,1,1.0,4,3,7,7,2,1,2,5,-15
0021501095,2016-03-27,2015-16,regular_season,False,1610612758,SAC,Sacramento Kings,1610612742,DAL,Dallas Mavericks,38,26,W,15,21,0.714,1,3,0.333,7,12,0.583,0,12,12,8,1,1,0,5,12,9,24,0.375,2,8,0.25,6,6,1.0,3,8,11,5,0,0,2,10,-12
0021501096,2016-03-27,2015-16,regular_season,False,1610612747,LAL,Los Angeles Lakers,1610612764,WAS,Washington Wizards,17,26,L,6,21,0.286,0,7,0.0,5,5,1.0,2,8,10,4,3,0,6,7,-9,10,21,0.476,2,5,0.4,4,7,0.571,2,11,13,7,5,0,3,4,9
0021501103,2016-03-28,2015-16,regular_season,False,1610612743,DEN,Denver Nuggets,1610612742,DAL,Dallas Mavericks,22,22,L,9,21,0.429,4,10,0.4,0,0,0.0,3,10,13,8,1,1,4,5,0,9,21,0.429,3,6,0.5,1,1,1.0,0,6,6,7,2,2,1,4,0
0021501105,2016-03-28,2015-16,regular_season,False,1610612757,POR,Portland Trail Blazers,1610612758,SAC,Sacramento Kings,31,20,W,12,23,0.522,4,6,0.667,3,3,1.0,2,9,11,8,1,3,5,5,11,7,21,0.333,1,3,0.333,5,6,0.833,3,6,9,2,4,1,5,5,-11
0021501104,2016-03-28,2015-16,regular_season,False,1610612762,UTA,Utah Jazz,1610612747,LAL,Los Angeles Lakers,30,21,W,10,22,0.455,6,12,0.5,4,6,0.667,4,10,14,5,1,1,2,5,9,8,21,0.381,2,5,0.4,3,5,0.6,1,7,8,2,1,1,3,6,-9
0021501106,2016-03-28,2015-16,regular_season,False,1610612746,LAC,LA Clippers,1610612738,BOS,Boston Celtics,37,26,W,12,21,0.571,5,8,0.625,8,8,1.0,3,7,10,7,4,0,4,8,11,7,22,0.318,2,6,0.333,10,13,0.769,7,6,13,3,2,1,4,5,-11
0021501102,2016-03-28,2015-16,regular_season,False,1610612740,NOP,New Orleans Pelicans,1610612752,NYK,New York Knicks,25,26,L,8,20,0.4,3,5,0.6,6,8,0.75,1,10,11,4,4,1,4,2,-1,11,24,0.458,2,8,0.25,2,2,1.0,1,11,12,7,4,1,4,6,1
0021501100,2016-03-28,2015-16,regular_season,False,1610612763,MEM,Memphis Grizzlies,1610612759,SAS,San Antonio Spurs,27,21,W,11,25,0.44,2,5,0.4,3,4,0.75,5,6,11,7,4,1,2,6,6,9,15,0.6,1,4,0.25,2,4,0.5,1,6,7,3,0,2,6,4,-6
0021501099,2016-03-28,2015-16,regular_season,False,1610612741,CHI,Chicago Bulls,1610612737,ATL,Atlanta Hawks,14,30,L,4,26,0.154,2,6,0.333,4,6,0.667,7,9,16,3,0,0,3,2,-16,12,22,0.545,2,5,0.4,4,4,1.0,0,14,14,8,1,5,2,4,16
0021501098,2016-03-28,2015-16,regular_season,False,1610612761,TOR,Toronto Raptors,1610612760,OKC,Oklahoma City Thunder,27,34,L,11,27,0.407,2,4,0.5,3,3,1.0,6,5,11,5,2,0,3,5,-7,11,20,0.55,3,7,0.429,9,10,0.9,3,8,11,8,2,3,3,3,7
0021501097,2016-03-28,2015-16,regular_season,False,1610612748,MIA,Miami Heat,1610612751,BKN,Brooklyn Nets,30,25,W,12,21,0.571,0,3,0.0,6,7,0.857,1,5,6,8,3,1,3,1,5,11,18,0.611,1,4,0.25,2,2,1.0,2,7,9,6,2,1,7,4,-5
0021501101,2016-03-28,2015-16,regular_season,False,1610612750,MIN,Minnesota Timberwolves,1610612756,PHX,Phoenix Suns,26,24,W,11,20,0.55,1,5,0.2,3,8,0.375,1,6,7,4,3,0,5,9,2,6,15,0.4,2,6,0.333,10,11,0.909,3,8,11,3,3,1,10,7,-2
0021501107,2016-03-29,2015-16,regular_season,False,1610612754,IND,Indiana Pacers,1610612741,CHI,Chicago Bulls,31,32,L,12,24,0.5,1,7,0.143,6,7,0.857,3,7,10,6,3,0,1,2,-1,12,21,0.571,6,11,0.545,2,2,1.0,0,8,8,9,0,0,3,5,1
0021501108,2016-03-29,2015-16,regular_season,False,1610612753,ORL,Orlando Magic,1610612751,BKN,Brooklyn Nets,41,22,W,17,23,0.739,4,7,0.571,3,3,1.0,0,10,10,14,3,1,1,4,19,9,22,0.409,2,3,0.667,2,3,0.667,3,5,8,6,1,0,5,6,-19
0021501109,2016-03-29,2015-16,regular_season,False,1610612755,PHI,Philadelphia 76ers,1610612766,CHA,Charlotte Hornets,17,29,L,6,20,0.3,2,7,0.286,3,4,0.75,1,4,5,4,3,1,4,4,-12,12,20,0.6,2,5,0.4,3,4,0.75,4,13,17,7,3,2,7,3,12
0021501110,2016-03-29,2015-16,regular_season,False,1610612765,DET,Detroit Pistons,1610612760,OKC,Oklahoma City Thunder,21,27,L,7,22,0.318,1,6,0.167,6,7,0.857,4,8,12,4,1,0,4,7,-6,10,16,0.625,1,2,0.5,6,10,0.6,1,8,9,5,1,0,5,8,6
0021501111,2016-03-29,2015-16,regular_season,False,1610612739,CLE,Cleveland Cavaliers,1610612745,HOU,Houston Rockets,35,14,W,11,25,0.44,6,13,0.462,7,7,1.0,4,7,11,5,3,3,2,6,21,5,18,0.278,1,4,0.25,3,7,0.429,5,7,12,3,1,1,7,6,-21
0021501112,2016-03-29,2015-16,regular_season,False,1610612744,GSW,Golden State Warriors,1610612764,WAS,Washington Wizards,22,24,L,9,21,0.429,2,6,0.333,2,5,0.4,2,13,15,4,2,1,5,3,-2,10,25,0.4,1,7,0.143,3,4,0.75,3,11,14,4,3,1,3,4,2
0021501121,2016-03-30,2015-16,regular_season,False,1610612747,LAL,Los Angeles Lakers,1610612748,MIA,Miami Heat,16,21,L,7,24,0.292,2,5,0.4,0,0,0.0,3,5,8,2,3,0,2,6,-5,9,16,0.562,0,4,0.0,3,6,0.5,1,12,13,4,1,4,5,1,5
0021501120,2016-03-30,2015-16,regular_season,False,1610612758,SAC,Sacramento Kings,1610612764,WAS,Washington Wizards,28,21,W,11,20,0.55,2,4,0.5,4,7,0.571,2,9,11,5,4,2,7,5,7,9,20,0.45,0,5,0.0,3,6,0.5,2,9,11,5,4,0,6,6,-7
0021501119,2016-03-30,2015-16,regular_season,False,1610612762,UTA,Utah Jazz,1610612744,GSW,Golden State Warriors,19,16,W,7,22,0.318,1,9,0.111,4,4,1.0,5,10,15,4,4,0,4,3,3,6,17,0.353,3,7,0.429,1,2,0.5,0,9,9,4,2,2,6,4,-3
0021501118,2016-03-30,2015-16,regular_season,False,1610612759,SAS,San Antonio Spurs,1610612740,NOP,New Orleans Pelicans,19,13,W,5,19,0.263,2,8,0.25,7,9,0.778,1,12,13,3,4,4,1,5,6,5,20,0.25,2,4,0.5,1,3,0.333,4,13,17,4,0,0,7,7,-6
0021501113,2016-03-30,2015-16,regular_season,False,1610612761,TOR,Toronto Raptors,1610612737,ATL,Atlanta Hawks,29,21,W,8,18,0.444,5,9,0.556,8,10,0.8,1,10,11,8,1,2,2,2,8,9,27,0.333,2,10,0.2,1,1,1.0,7,7,14,5,2,1,2,5,-8
0021501116,2016-03-30,2015-16,regular_season,False,1610612750,MIN,Minnesota Timberwolves,1610612746,LAC,LA Clippers,17,20,L,5,20,0.25,2,5,0.4,5,8,0.625,5,10,15,2,1,1,6,6,-3,6,21,0.286,2,8,0.25,6,8,0.75,4,8,12,6,3,3,3,7,3
0021501115,2016-03-30,2015-16,regular_season,False,1610612749,MIL,Milwaukee Bucks,1610612756,PHX,Phoenix Suns,25,15,W,11,23,0.478,1,5,0.2,2,2,1.0,2,6,8,7,6,2,3,6,10,7,15,0.467,0,1,0.0,1,2,0.5,2,8,10,6,1,2,10,3,-10
0021501114,2016-03-30,2015-16,regular_season,False,1610612763,MEM,Memphis Grizzlies,1610612743,DEN,Denver Nuggets,27,33,L,10,24,0.417,2,5,0.4,5,7,0.714,6,3,9,5,1,0,3,5,-6,12,16,0.75,2,3,0.667,7,8,0.875,1,7,8,7,2,2,3,6,6
0021501117,2016-03-30,2015-16,regular_season,False,1610612742,DAL,Dallas Mavericks,1610612752,NYK,New York Knicks,27,18,W,11,23,0.478,5,11,0.455,0,0,0.0,2,9,11,7,1,0,2,7,9,5,16,0.312,0,4,0.0,8,10,0.8,2,10,12,2,0,1,4,5,-9
0021501126,2016-03-31,2015-16,regular_season,False,1610612760,OKC,Oklahoma City Thunder,1610612746,LAC,LA Clippers,28,39,L,9,21,0.429,1,9,0.111,9,9,1.0,2,6,8,3,2,0,3,6,-11,12,18,0.667,4,7,0.571,11,12,0.917,0,9,9,7,1,0,3,8,11
0021501127,2016-03-31,2015-16,regular_season,False,1610612757,POR,Portland Trail Blazers,1610612738,BOS,Boston Celtics,24,27,L,9,22,0.409,2,7,0.286,4,6,0.667,3,9,12,6,2,3,3,5,-3,9,22,0.409,2,7,0.286,7,9,0.778,4,8,12,4,2,2,2,4,3
0021501125,2016-03-31,2015-16,regular_season,False,1610612740,NOP,New Orleans Pelicans,1610612743,DEN,Denver Nuggets,25,28,L,10,21,0.476,3,8,0.375,2,3,0.667,2,4,6,7,3,0,5,5,-3,12,19,0.632,4,5,0.8,0,1,0.0,3,7,10,8,2,0,7,4,3
0021501122,2016-03-31,2015-16,regular_season,False,1610612739,CLE,Cleveland Cavaliers,1610612751,BKN,Brooklyn Nets,34,17,W,11,21,0.524,3,9,0.333,9,11,0.818,4,13,17,7,4,4,6,5,17,7,27,0.259,0,6,0.0,3,3,1.0,4,7,11,5,4,0,5,7,-17
0021501123,2016-03-31,2015-16,regular_season,False,1610612754,IND,Indiana Pacers,1610612753,ORL,Orlando Magic,23,24,L,10,22,0.455,2,5,0.4,1,1,1.0,2,11,13,6,0,1,4,5,-1,10,26,0.385,1,4,0.25,3,4,0.75,5,8,13,4,1,2,2,2,1
0021501124,2016-03-31,2015-16,regular_season,False,1610612745,HOU,Houston Rockets,1610612741,CHI,Chicago Bulls,28,28,L,10,23,0.435,0,6,0.0,8,9,0.889,4,10,14,3,0,2,2,2,0,11,25,0.44,6,8,0.75,0,0,0.0,1,7,8,8,1,0,1,7,0
0021501137,2016-04-01,2015-16,regular_season,False,1610612756,PHX,Phoenix Suns,1610612764,WAS,Washington Wizards,26,25,W,10,19,0.526,1,3,0.333,5,7,0.714,1,14,15,5,1,1,6,7,1,8,20,0.4,1,3,0.333,8,13,0.615,2,8,10,5,2,1,2,7,-1
0021501136,2016-04-01,2015-16,regular_season,False,1610612744,GSW,Golden State Warriors,1610612738,BOS,Boston Celtics,20,24,L,8,22,0.364,3,7,0.429,1,1,1.0,1,11,12,3,3,2,5,6,-4,8,21,0.381,3,7,0.429,5,7,0.714,2,10,12,7,1,0,4,2,4
0021501135,2016-04-01,2015-16,regular_season,False,1610612758,SAC,Sacramento Kings,1610612748,MIA,Miami Heat,24,27,L,10,23,0.435,2,5,0.4,2,6,0.333,5,4,9,4,4,1,4,3,-3,11,22,0.5,3,5,0.6,2,2,1.0,4,6,10,4,1,3,5,5,3
0021501133,2016-04-01,2015-16,regular_season,False,1610612749,MIL,Milwaukee Bucks,1610612753,ORL,Orlando Magic,27,35,L,12,24,0.5,2,6,0.333,1,2,0.5,5,7,12,10,0,2,4,5,-8,15,26,0.577,2,5,0.4,3,4,0.75,2,8,10,10,4,2,1,4,8
0021501134,2016-04-01,2015-16,regular_season,False,1610612762,UTA,Utah Jazz,1610612750,MIN,Minnesota Timberwolves,26,25,W,9,15,0.6,1,4,0.25,7,11,0.636,2,8,10,3,4,1,6,1,1,10,21,0.476,3,6,0.5,2,3,0.667,4,6,10,9,5,0,5,6,-1
0021501131,2016-04-01,2015-16,regular_season,False,1610612737,ATL,Atlanta Hawks,1610612739,CLE,Cleveland Cavaliers,18,23,L,5,19,0.263,0,5,0.0,8,9,0.889,1,11,12,4,1,1,4,7,-5,9,24,0.375,2,10,0.2,3,5,0.6,4,13,17,6,3,0,4,7,5
0021501130,2016-04-01,2015-16,regular_season,False,1610612752,NYK,New York Knicks,1610612751,BKN,Brooklyn Nets,29,29,W,14,21,0.667,1,3,0.333,0,0,0.0,2,8,10,6,1,1,5,4,0,11,23,0.478,1,6,0.167,6,7,0.857,5,3,8,7,2,0,1,1,0
0021501129,2016-04-01,2015-16,regular_season,False,1610612765,DET,Detroit Pistons,1610612742,DAL,Dallas Mavericks,11,26,L,4,21,0.19,2,7,0.286,1,2,0.5,5,10,15,2,0,1,6,3,-15,12,25,0.48,1,5,0.2,1,1,1.0,3,11,14,6,2,1,1,3,15
0021501128,2016-04-01,2015-16,regular_season,False,1610612766,CHA,Charlotte Hornets,1610612755,PHI,Philadelphia 76ers,34,25,W,12,19,0.632,1,4,0.25,9,10,0.9,0,16,16,8,2,3,4,6,9,8,23,0.348,3,8,0.375,6,9,0.667,0,6,6,8,2,2,2,6,-9
0021501132,2016-04-01,2015-16,regular_season,False,1610612763,MEM,Memphis Grizzlies,1610612761,TOR,Toronto Raptors,30,18,W,13,21,0.619,2,4,0.5,2,3,0.667,2,7,9,7,6,4,3,4,12,6,17,0.353,2,7,0.286,4,4,1.0,3,6,9,4,1,2,8,5,-12
0021501142,2016-04-02,2015-16,regular_season,False,1610612757,POR,Portland Trail Blazers,1610612748,MIA,Miami Heat,39,20,W,13,23,0.565,4,4,1.0,9,9,1.0,4,12,16,5,3,1,4,4,19,7,20,0.35,2,5,0.4,4,6,0.667,0,6,6,6,1,4,5,8,-19
0021501138,2016-04-02,2015-16,regular_season,False,1610612755,PHI,Philadelphia 76ers,1610612754,IND,Indiana Pacers,21,33,L,6,19,0.316,4,10,0.4,5,6,0.833,2,7,9,6,0,0,5,4,-12,14,25,0.56,2,9,0.222,3,3,1.0,2,12,14,9,4,0,2,6,12
0021501139,2016-04-02,2015-16,regular_season,False,1610612741,CHI,Chicago Bulls,1610612765,DET,Detroit Pistons,18,20,L,6,23,0.261,2,6,0.333,4,4,1.0,6,9,15,4,3,4,5,7,-2,7,18,0.389,3,5,0.6,3,8,0.375,1,9,10,4,3,0,3,4,2
0021501140,2016-04-02,2015-16,regular_season,False,1610612759,SAS,San Antonio Spurs,1610612761,TOR,Toronto Raptors,29,28,W,12,22,0.545,1,5,0.2,4,4,1.0,4,5,9,11,5,2,3,5,1,10,16,0.625,4,5,0.8,4,4,1.0,1,5,6,6,2,0,5,4,-1
0021501141,2016-04-02,2015-16,regular_season,False,1610612743,DEN,Denver Nuggets,1610612758,SAC,Sacramento Kings,35,32,W,15,23,0.652,1,6,0.167,4,5,0.8,2,7,9,8,0,3,3,5,3,12,19,0.632,3,5,0.6,5,7,0.714,0,5,5,10,1,0,1,5,-3
0021501151,2016-04-03,2015-16,regular_season,False,1610612752,NYK,New York Knicks,1610612754,IND,Indiana Pacers,18,36,L,9,27,0.333,0,2,0.0,0,0,0.0,7,6,13,6,0,1,3,6,-18,15,25,0.6,2,5,0.4,4,4,1.0,3,11,14,7,2,0,1,4,18
0021501150,2016-04-03,2015-16,regular_season,False,1610612749,MIL,Milwaukee Bucks,1610612741,CHI,Chicago Bulls,17,33,L,7,21,0.333,0,1,0.0,3,4,0.75,6,5,11,5,2,4,6,5,-16,13,21,0.619,3,5,0.6,4,5,0.8,3,7,10,12,4,2,3,2,16
0021501153,2016-04-03,2015-16,regular_season,False,1610612747,LAL,Los Angeles Lakers,1610612738,BOS,Boston Celtics,22,26,L,10,22,0.455,1,5,0.2,1,2,0.5,1,11,12,6,2,0,5,6,-4,8,23,0.348,2,9,0.222,8,9,0.889,3,11,14,4,4,0,2,4,4
0021501152,2016-04-03,2015-16,regular_season,False,1610612744,GSW,Golden State Warriors,1610612757,POR,Portland Trail Blazers,32,19,W,11,24,0.458,4,7,0.571,6,6,1.0,3,12,15,7,0,2,2,4,13,6,22,0.273,1,5,0.2,6,8,0.75,4,8,12,4,1,2,4,5,-13
0021501148,2016-04-03,2015-16,regular_season,False,1610612753,ORL,Orlando Magic,1610612763,MEM,Memphis Grizzlies,38,26,W,14,22,0.636,5,7,0.714,5,7,0.714,1,8,9,10,3,0,3,8,12,9,17,0.529,1,2,0.5,7,14,0.5,2,8,10,4,3,0,5,7,-12
0021501149,2016-04-03,2015-16,regular_season,False,1610612756,PHX,Phoenix Suns,1610612762,UTA,Utah Jazz,10,30,L,3,19,0.158,1,7,0.143,3,4,0.75,2,4,6,1,1,0,6,4,-20,12,19,0.632,3,5,0.6,3,4,0.75,1,13,14,10,2,4,4,4,20
0021501147,2016-04-03,2015-16,regular_season,False,1610612746,LAC,LA Clippers,1610612764,WAS,Washington Wizards,27,26,W,11,19,0.579,1,3,0.333,4,6,0.667,1,11,12,6,1,0,5,7,1,9,26,0.346,1,8,0.125,7,12,0.583,8,6,14,5,4,1,2,7,-1
0021501146,2016-04-03,2015-16,regular_season,False,1610612750,MIN,Minnesota Timberwolves,1610612742,DAL,Dallas Mavericks,13,19,L,4,19,0.211,1,5,0.2,4,4,1.0,4,10,14,3,2,1,5,8,-6,6,20,0.3,3,11,0.273,4,7,0.571,5,9,14,4,0,2,2,5,6
0021501145,2016-04-03,2015-16,regular_season,False,1610612745,HOU,Houston Rockets,1610612760,OKC,Oklahoma City Thunder,21,27,L,7,26,0.269,3,14,0.214,4,4,1.0,8,5,13,3,2,1,4,4,-6,12,20,0.6,2,5,0.4,1,1,1.0,1,9,10,8,1,1,6,3,6
0021501144,2016-04-03,2015-16,regular_season,False,1610612739,CLE,Cleveland Cavaliers,1610612766,CHA,Charlotte Hornets,29,23,W,11,21,0.524,5,9,0.556,2,4,0.5,7,7,14,8,3,0,7,4,6,9,21,0.429,1,5,0.2,4,4,1.0,5,5,10,7,5,1,5,2,-6
0021501143,2016-04-03,2015-16,regular_season,False,1610612751,BKN,Brooklyn Nets,1610612740,NOP,New Orleans Pelicans,28,35,L,11,25,0.44,4,9,0.444,2,2,1.0,8,5,13,6,0,1,5,7,-7,13,20,0.65,4,6,0.667,5,8,0.625,2,5,7,12,4,0,1,5,7
0021501164,2016-04-05,2015-16,regular_season,False,1610612746,LAC,LA Clippers,1610612747,LAL,Los Angeles Lakers,19,22,L,8,20,0.4,2,7,0.286,1,4,0.25,1,10,11,8,2,1,3,3,-3,9,24,0.375,1,7,0.143,3,4,0.75,5,9,14,1,3,1,2,4,3
0021501163,2016-04-05,2015-16,regular_season,False,1610612744,GSW,Golden State Warriors,1610612750,MIN,Minnesota Timberwolves,27,27,L,11,24,0.458,2,8,0.25,3,3,1.0,4,10,14,7,1,2,4,3,0,12,25,0.48,2,4,0.5,1,3,0.333,4,7,11,7,1,0,4,2,0
0021501162,2016-04-05,2015-16,regular_season,False,1610612758,SAC,Sacramento Kings,1610612757,POR,Portland Trail Blazers,24,21,W,10,17,0.588,1,1,1.0,3,5,0.6,0,6,6,2,3,2,7,3,3,9,21,0.429,2,5,0.4,1,2,0.5,5,6,11,2,4,4,7,4,-3
0021501161,2016-04-05,2015-16,regular_season,False,1610612762,UTA,Utah Jazz,1610612759,SAS,San Antonio Spurs,17,17,L,6,18,0.333,0,3,0.0,5,5,1.0,0,11,11,3,1,1,1,5,0,6,17,0.353,1,4,0.25,4,5,0.8,1,12,13,1,1,1,3,7,0
0021501160,2016-04-05,2015-16,regular_season,False,1610612743,DEN,Denver Nuggets,1610612760,OKC,Oklahoma City Thunder,21,36,L,8,21,0.381,2,8,0.25,3,8,0.375,4,7,11,5,2,0,6,5,-15,13,23,0.565,4,7,0.571,6,8,0.75,4,9,13,8,5,1,4,4,15
0021501158,2016-04-05,2015-16,regular_season,False,1610612763,MEM,Memphis Grizzlies,1610612741,CHI,Chicago Bulls,31,23,W,12,22,0.545,2,6,0.333,5,5,1.0,1,8,9,6,4,0,2,3,8,9,21,0.429,2,6,0.333,3,4,0.75,5,6,11,4,2,2,5,5,-8
0021501157,2016-04-05,2015-16,regular_season,False,1610612737,ATL,Atlanta Hawks,1610612756,PHX,Phoenix Suns,16,18,L,7,23,0.304,1,10,0.1,1,2,0.5,4,10,14,6,5,0,7,7,-2,5,17,0.294,2,6,0.333,6,12,0.5,4,10,14,5,4,1,8,4,2
0021501156,2016-04-05,2015-16,regular_season,False,1610612761,TOR,Toronto Raptors,1610612766,CHA,Charlotte Hornets,30,26,W,9,18,0.5,3,7,0.429,9,12,0.75,4,7,11,6,3,4,3,3,4,9,25,0.36,6,12,0.5,2,4,0.5,6,6,12,8,2,1,3,7,-4
0021501155,2016-04-05,2015-16,regular_season,False,1610612748,MIA,Miami Heat,1610612765,DET,Detroit Pistons,29,17,W,12,23,0.522,1,2,0.5,4,5,0.8,6,11,17,6,1,1,2,2,12,7,23,0.304,1,7,0.143,2,2,1.0,5,5,10,2,2,0,3,4,-12
0021501154,2016-04-05,2015-16,regular_season,False,1610612755,PHI,Philadelphia 76ers,1610612740,NOP,New Orleans Pelicans,36,22,W,14,25,0.56,4,8,0.5,4,4,1.0,4,8,12,8,1,2,1,3,14,9,24,0.375,2,6,0.333,2,2,1.0,6,6,12,2,1,0,3,5,-14
0021501159,2016-04-05,2015-16,regular_season,False,1610612749,MIL,Milwaukee Bucks,1610612739,CLE,Cleveland Cavaliers,24,34,L,11,23,0.478,2,4,0.5,0,2,0.0,0,6,6,8,1,0,1,3,-10,14,21,0.667,5,8,0.625,1,2,0.5,1,12,13,10,0,2,4,3,10
0021501170,2016-04-06,2015-16,regular_season,False,1610612742,DAL,Dallas Mavericks,1610612745,HOU,Houston Rockets,34,22,W,14,22,0.636,6,8,0.75,0,0,0.0,5,5,10,9,4,1,5,3,12,10,18,0.556,1,3,0.333,1,3,0.333,2,3,5,7,1,0,5,4,-12
0021501172,2016-04-06,2015-16,regular_season,False,1610612747,LAL,Los Angeles Lakers,1610612746,LAC,LA Clippers,17,25,L,7,21,0.333,1,3,0.333,2,3,0.667,4,10,14,2,1,0,5,6,-8,8,20,0.4,4,7,0.571,5,8,0.625,4,10,14,5,5,3,2,4,8
0021501171,2016-04-06,2015-16,regular_season,False,1610612757,POR,Portland Trail Blazers,1610612760,OKC,Oklahoma City Thunder,39,33,W,13,20,0.65,4,6,0.667,9,11,0.818,3,7,10,9,2,1,4,5,6,12,24,0.5,2,6,0.333,7,9,0.778,4,5,9,6,1,0,3,8,-6
0021501169,2016-04-06,2015-16,regular_season,False,1610612752,NYK,New York Knicks,1610612766,CHA,Charlotte Hornets,27,23,W,9,21,0.429,3,8,0.375,6,7,0.857,2,12,14,7,0,4,3,5,4,9,28,0.321,1,5,0.2,4,4,1.0,7,8,15,1,1,1,1,5,-4
0021501165,2016-04-06,2015-16,regular_season,False,1610612754,IND,Indiana Pacers,1610612739,CLE,Cleveland Cavaliers,34,28,W,13,22,0.591,5,9,0.556,3,3,1.0,2,9,11,6,2,0,4,6,6,9,22,0.409,1,9,0.111,9,10,0.9,4,6,10,2,3,0,2,4,-6
0021501167,2016-04-06,2015-16,regular_season,False,1610612764,WAS,Washington Wizards,1610612751,BKN,Brooklyn Nets,24,29,L,11,22,0.5,1,4,0.25,1,1,1.0,5,7,12,8,0,2,6,5,-5,12,22,0.545,2,5,0.4,3,5,0.6,1,5,6,8,4,2,0,3,5
0021501166,2016-04-06,2015-16,regular_season,False,1610612753,ORL,Orlando Magic,1610612765,DET,Detroit Pistons,30,19,W,12,24,0.5,3,4,0.75,3,4,0.75,4,11,15,8,2,3,5,6,11,8,20,0.4,2,8,0.25,1,4,0.25,2,7,9,8,3,0,4,5,-11
0021501168,2016-04-06,2015-16,regular_season,False,1610612738,BOS,Boston Celtics,1610612740,NOP,New Orleans Pelicans,30,28,W,13,27,0.481,2,8,0.25,2,2,1.0,4,7,11,7,3,2,1,5,2,9,19,0.474,3,8,0.375,7,8,0.875,2,9,11,6,1,0,6,4,-2
0021501173,2016-04-07,2015-16,regular_season,False,1610612737,ATL,Atlanta Hawks,1610612761,TOR,Toronto Raptors,19,23,L,7,18,0.389,2,6,0.333,3,4,0.75,1,9,10,5,1,1,5,7,-4,8,20,0.4,3,5,0.6,4,7,0.571,1,9,10,4,3,1,3,2,4
0021501174,2016-04-07,2015-16,regular_season,False,1610612748,MIA,Miami Heat,1610612741,CHI,Chicago Bulls,19,24,L,7,21,0.333,0,2,0.0,5,6,0.833,3,9,12,0,1,0,1,6,-5,9,21,0.429,0,2,0.0,6,8,0.75,4,9,13,3,0,2,1,3,5
0021501175,2016-04-07,2015-16,regular_season,False,1610612745,HOU,Houston Rockets,1610612756,PHX,Phoenix Suns,21,30,L,6,16,0.375,1,7,0.143,8,13,0.615,2,6,8,2,4,6,7,3,-9,12,28,0.429,3,8,0.375,3,5,0.6,7,9,16,8,5,0,7,7,9
0021501176,2016-04-07,2015-16,regular_season,False,1610612758,SAC,Sacramento Kings,1610612750,MIN,Minnesota Timberwolves,24,27,L,8,20,0.4,2,6,0.333,6,7,0.857,4,7,11,3,2,0,5,9,-3,8,18,0.444,3,5,0.6,8,15,0.533,4,7,11,5,3,1,4,6,3
0021501177,2016-04-07,2015-16,regular_season,False,1610612744,GSW,Golden State Warriors,1610612759,SAS,San Antonio Spurs,32,25,W,12,20,0.6,6,7,0.857,2,2,1.0,1,10,11,11,1,0,4,6,7,9,20,0.45,3,5,0.6,4,6,0.667,1,5,6,6,3,0,2,3,-7
0021501184,2016-04-08,2015-16,regular_season,False,1610612740,NOP,New Orleans Pelicans,1610612747,LAL,Los Angeles Lakers,33,19,W,13,20,0.65,5,7,0.714,2,3,0.667,0,10,10,9,1,2,4,8,14,5,18,0.278,0,1,0.0,9,12,0.75,2,6,8,2,2,1,4,8,-14
0021501187,2016-04-08,2015-16,regular_season,False,1610612762,UTA,Utah Jazz,1610612746,LAC,LA Clippers,26,22,W,10,17,0.588,2,4,0.5,4,8,0.5,0,7,7,4,2,0,2,4,4,8,17,0.471,2,6,0.333,4,5,0.8,0,8,8,1,2,0,4,5,-4
0021501186,2016-04-08,2015-16,regular_season,False,1610612743,DEN,Denver Nuggets,1610612759,SAS,San Antonio Spurs,27,35,L,11,19,0.579,0,3,0.0,5,6,0.833,1,6,7,6,2,3,4,6,-8,13,24,0.542,2,5,0.4,7,8,0.875,3,8,11,4,2,1,2,3,8
0021501185,2016-04-08,2015-16,regular_season,False,1610612742,DAL,Dallas Mavericks,1610612763,MEM,Memphis Grizzlies,28,28,W,9,17,0.529,4,7,0.571,6,7,0.857,1,6,7,5,3,3,4,6,0,9,18,0.5,4,7,0.571,6,8,0.75,1,6,7,5,3,1,5,8,0
0021501183,2016-04-08,2015-16,regular_season,False,1610612761,TOR,Toronto Raptors,1610612754,IND,Indiana Pacers,30,31,L,9,19,0.474,2,5,0.4,10,11,0.909,0,10,10,6,1,1,5,4,-1,12,24,0.5,3,7,0.429,4,5,0.8,2,7,9,8,0,4,1,7,1
0021501181,2016-04-08,2015-16,regular_season,False,1610612738,BOS,Boston Celtics,1610612749,MIL,Milwaukee Bucks,35,23,W,14,22,0.636,1,1,1.0,6,9,0.667,0,7,7,13,3,2,2,4,12,9,19,0.474,1,3,0.333,4,5,0.8,2,9,11,7,0,2,9,9,-12
0021501180,2016-04-08,2015-16,regular_season,False,1610612755,PHI,Philadelphia 76ers,1610612752,NYK,New York Knicks,22,21,W,7,24,0.292,2,7,0.286,6,8,0.75,5,7,12,7,1,1,2,4,1,9,21,0.429,0,3,0.0,3,6,0.5,1,12,13,2,0,3,2,7,-1
0021501179,2016-04-08,2015-16,regular_season,False,1610612753,ORL,Orlando Magic,1610612748,MIA,Miami Heat,34,28,W,13,20,0.65,1,1,1.0,7,9,0.778,1,8,9,7,1,2,3,5,6,13,29,0.448,1,4,0.25,1,5,0.2,7,5,12,4,1,0,3,7,-6
0021501178,2016-04-08,2015-16,regular_season,False,1610612766,CHA,Charlotte Hornets,1610612751,BKN,Brooklyn Nets,25,18,W,10,19,0.526,4,9,0.444,1,2,0.5,2,10,12,7,3,2,5,5,7,8,22,0.364,1,7,0.143,1,2,0.5,3,7,10,3,3,0,5,4,-7
0021501182,2016-04-08,2015-16,regular_season,False,1610612765,DET,Detroit Pistons,1610612764,WAS,Washington Wizards,23,30,L,7,20,0.35,3,10,0.3,6,7,0.857,1,9,10,4,0,1,3,4,-7,12,23,0.522,2,7,0.286,4,4,1.0,1,10,11,8,1,0,2,6,7
0021501188,2016-04-09,2015-16,regular_season,False,1610612737,ATL,Atlanta Hawks,1610612738,BOS,Boston Celtics,33,39,L,13,24,0.542,5,11,0.455,2,2,1.0,2,6,8,8,4,3,3,6,-6,14,23,0.609,7,11,0.636,4,8,0.5,3,5,8,10,2,1,5,6,6
0021501189,2016-04-09,2015-16,regular_season,False,1610612740,NOP,New Orleans Pelicans,1610612756,PHX,Phoenix Suns,25,23,W,11,25,0.44,2,9,0.222,1,1,1.0,3,10,13,4,2,0,2,5,2,9,21,0.429,2,8,0.25,3,5,0.6,3,11,14,4,1,2,4,4,-2
0021501190,2016-04-09,2015-16,regular_season,False,1610612763,MEM,Memphis Grizzlies,1610612744,GSW,Golden State Warriors,22,22,L,7,21,0.333,1,2,0.5,7,8,0.875,5,9,14,5,3,1,3,5,0,8,19,0.421,2,8,0.25,4,4,1.0,1,10,11,6,1,2,3,5,0
0021501191,2016-04-09,2015-16,regular_season,False,1610612741,CHI,Chicago Bulls,1610612739,CLE,Cleveland Cavaliers,25,23,W,9,24,0.375,3,6,0.5,4,4,1.0,4,10,14,6,1,4,4,6,2,9,21,0.429,3,9,0.333,2,3,0.667,1,8,9,4,3,1,3,3,-2
0021501192,2016-04-09,2015-16,regular_season,False,1610612757,POR,Portland Trail Blazers,1610612750,MIN,Minnesota Timberwolves,21,32,L,9,20,0.45,1,5,0.2,2,2,1.0,2,2,4,5,0,2,4,3,-11,13,22,0.591,1,2,0.5,5,6,0.833,4,7,11,5,1,1,2,2,11
0021501193,2016-04-09,2015-16,regular_season,False,1610612758,SAC,Sacramento Kings,1610612760,OKC,Oklahoma City Thunder,34,22,W,14,25,0.56,4,10,0.4,2,5,0.4,7,8,15,7,1,3,2,8,12,7,20,0.35,2,6,0.333,6,8,0.75,4,5,9,2,0,1,3,6,-12
0021501202,2016-04-10,2015-16,regular_season,False,1610612752,NYK,New York Knicks,1610612761,TOR,Toronto Raptors,26,34,L,10,21,0.476,2,4,0.5,4,5,0.8,2,6,8,5,1,0,1,4,-8,12,18,0.667,4,6,0.667,6,8,0.75,1,7,8,7,1,1,1,3,8
0021501201,2016-04-10,2015-16,regular_season,False,1610612759,SAS,San Antonio Spurs,1610612744,GSW,Golden State Warriors,16,21,L,5,26,0.192,2,6,0.333,4,5,0.8,7,7,14,2,3,2,2,3,-5,9,18,0.5,3,7,0.429,0,0,0.0,0,14,14,6,1,1,3,5,5
0021501199,2016-04-10,2015-16,regular_season,False,1610612754,IND,Indiana Pacers,1610612751,BKN,Brooklyn Nets,30,22,W,13,26,0.5,2,7,0.286,2,2,1.0,3,10,13,10,3,2,2,6,8,7,18,0.389,3,6,0.5,5,8,0.625,2,10,12,5,0,1,6,3,-8
0021501198,2016-04-10,2015-16,regular_season,False,1610612743,DEN,Denver Nuggets,1610612762,UTA,Utah Jazz,25,22,W,9,18,0.5,2,7,0.286,5,6,0.833,1,11,12,5,0,4,2,1,3,9,24,0.375,4,8,0.5,0,0,0.0,4,8,12,5,1,1,2,4,-3
0021501200,2016-04-10,2015-16,regular_season,False,1610612748,MIA,Miami Heat,1610612753,ORL,Orlando Magic,25,21,W,7,20,0.35,2,5,0.4,9,11,0.818,2,9,11,6,3,0,4,3,4,8,18,0.444,2,3,0.667,3,4,0.75,1,10,11,5,2,0,7,7,-4
0021501196,2016-04-10,2015-16,regular_season,False,1610612746,LAC,LA Clippers,1610612742,DAL,Dallas Mavericks,26,26,W,11,23,0.478,3,4,0.75,1,4,0.25,2,9,11,7,1,1,1,5,0,8,19,0.421,2,7,0.286,8,9,0.889,1,12,13,4,1,2,2,5,0
0021501195,2016-04-10,2015-16,regular_season,False,1610612745,HOU,Houston Rockets,1610612747,LAL,Los Angeles Lakers,26,26,W,11,26,0.423,3,10,0.3,1,3,0.333,4,9,13,8,1,1,3,5,0,10,22,0.455,1,5,0.2,5,6,0.833,2,10,12,8,3,1,4,4,0
0021501194,2016-04-10,2015-16,regular_season,False,1610612764,WAS,Washington Wizards,1610612766,CHA,Charlotte Hornets,27,21,W,8,20,0.4,0,4,0.0,11,14,0.786,0,14,14,6,3,4,2,3,6,7,24,0.292,4,11,0.364,3,3,1.0,1,14,15,7,1,1,5,10,-6
0021501197,2016-04-10,2015-16,regular_season,False,1610612755,PHI,Philadelphia 76ers,1610612749,MIL,Milwaukee Bucks,22,33,L,8,24,0.333,2,12,0.167,4,7,0.571,5,5,10,5,2,1,2,3,-11,13,21,0.619,4,6,0.667,3,3,1.0,2,11,13,6,1,3,3,5,11
0021501211,2016-04-11,2015-16,regular_season,False,1610612756,PHX,Phoenix Suns,1610612758,SAC,Sacramento Kings,27,30,L,10,24,0.417,3,8,0.375,4,4,1.0,4,8,12,5,2,0,4,6,-3,12,20,0.6,2,5,0.4,4,7,0.571,1,9,10,7,2,3,4,4,3
0021501210,2016-04-11,2015-16,regular_season,False,1610612762,UTA,Utah Jazz,1610612742,DAL,Dallas Mavericks,26,28,L,11,19,0.579,3,8,0.375,1,3,0.333,2,9,11,5,0,1,5,3,-2,12,23,0.522,2,7,0.286,2,3,0.667,2,7,9,8,3,0,1,3,2
0021501209,2016-04-11,2015-16,regular_season,False,1610612760,OKC,Oklahoma City Thunder,1610612747,LAL,Los Angeles Lakers,31,27,W,11,18,0.611,4,8,0.5,5,9,0.556,0,10,10,7,1,5,5,6,4,8,24,0.333,1,7,0.143,10,12,0.833,5,8,13,4,4,0,3,5,-4
0021501207,2016-04-11,2015-16,regular_season,False,1610612750,MIN,Minnesota Timberwolves,1610612745,HOU,Houston Rockets,26,30,L,11,20,0.55,1,6,0.167,3,4,0.75,2,7,9,8,3,0,5,3,-4,10,20,0.5,5,9,0.556,5,5,1.0,1,7,8,7,4,1,5,4,4
0021501208,2016-04-11,2015-16,regular_season,False,1610612740,NOP,New Orleans Pelicans,1610612741,CHI,Chicago Bulls,33,26,W,11,21,0.524,4,8,0.5,7,7,1.0,3,8,11,9,2,2,2,4,7,10,20,0.5,3,6,0.5,3,4,0.75,0,7,7,9,2,0,2,4,-7
0021501205,2016-04-11,2015-16,regular_season,False,1610612738,BOS,Boston Celtics,1610612766,CHA,Charlotte Hornets,13,39,L,3,22,0.136,0,4,0.0,7,9,0.778,6,6,12,0,0,0,6,10,-26,11,19,0.579,3,8,0.375,14,17,0.824,3,12,15,6,6,3,3,5,26
0021501204,2016-04-11,2015-16,regular_season,False,1610612753,ORL,Orlando Magic,1610612749,MIL,Milwaukee Bucks,26,22,W,11,21,0.524,1,8,0.125,3,4,0.75,2,6,8,7,8,3,3,5,4,9,18,0.5,1,4,0.25,3,6,0.5,4,9,13,4,1,0,9,4,-4
0021501203,2016-04-11,2015-16,regular_season,False,1610612739,CLE,Cleveland Cavaliers,1610612737,ATL,Atlanta Hawks,29,19,W,12,17,0.706,4,8,0.5,1,1,1.0,0,10,10,9,1,1,6,6,10,6,19,0.316,3,9,0.333,4,6,0.667,4,4,8,4,2,0,5,5,-10
0021501206,2016-04-11,2015-16,regular_season,False,1610612751,BKN,Brooklyn Nets,1610612764,WAS,Washington Wizards,41,36,W,17,27,0.63,5,9,0.556,2,4,0.5,2,7,9,7,1,1,1,5,5,14,26,0.538,3,8,0.375,5,7,0.714,3,9,12,8,1,0,3,3,-5
0021501212,2016-04-12,2015-16,regular_season,False,1610612754,IND,Indiana Pacers,1610612752,NYK,New York Knicks,24,18,W,10,18,0.556,1,5,0.2,3,6,0.5,0,10,10,9,3,2,4,3,6,7,19,0.368,2,7,0.286,2,3,0.667,2,8,10,5,2,2,7,5,-6
0021501213,2016-04-12,2015-16,regular_season,False,1610612765,DET,Detroit Pistons,1610612748,MIA,Miami Heat,33,31,W,11,21,0.524,2,3,0.667,9,13,0.692,5,7,12,6,4,1,5,6,2,10,18,0.556,2,7,0.286,9,11,0.818,1,5,6,3,3,2,5,8,-2
0021501214,2016-04-12,2015-16,regular_season,False,1610612761,TOR,Toronto Raptors,1610612755,PHI,Philadelphia 76ers,23,38,L,9,18,0.5,0,2,0.0,5,6,0.833,2,7,9,5,2,1,5,8,-15,14,22,0.636,7,12,0.583,3,8,0.375,3,8,11,9,3,1,2,4,15
0021501215,2016-04-12,2015-16,regular_season,False,1610612759,SAS,San Antonio Spurs,1610612760,OKC,Oklahoma City Thunder,22,21,W,8,19,0.421,0,2,0.0,6,6,1.0,1,6,7,1,4,1,3,4,1,8,17,0.471,1,3,0.333,4,4,1.0,2,9,11,4,1,0,6,5,-1
0021501216,2016-04-12,2015-16,regular_season,False,1610612746,LAC,LA Clippers,1610612763,MEM,Memphis Grizzlies,32,21,W,13,18,0.722,4,5,0.8,2,2,1.0,1,12,13,5,0,1,4,4,11,9,26,0.346,1,8,0.125,2,6,0.333,6,4,10,3,1,0,1,3,-11
0021501226,2016-04-13,2015-16,regular_season,False,1610612750,MIN,Minnesota Timberwolves,1610612740,NOP,New Orleans Pelicans,32,27,W,12,20,0.6,3,6,0.5,5,6,0.833,1,8,9,9,6,1,4,5,5,11,23,0.478,1,3,0.333,4,5,0.8,4,6,10,8,1,0,6,3,-5
0021501227,2016-04-13,2015-16,regular_season,False,1610612744,GSW,Golden State Warriors,1610612763,MEM,Memphis Grizzlies,33,27,W,12,21,0.571,6,11,0.545,3,4,0.75,2,12,14,11,3,1,6,6,6,10,25,0.4,1,6,0.167,6,9,0.667,4,5,9,7,3,0,4,4,-6
0021501230,2016-04-13,2015-16,regular_season,False,1610612757,POR,Portland Trail Blazers,1610612743,DEN,Denver Nuggets,31,25,W,11,25,0.44,4,13,0.308,5,5,1.0,6,8,14,7,2,3,5,5,6,9,24,0.375,2,6,0.333,5,7,0.714,6,8,14,7,4,3,5,4,-6
0021501225,2016-04-13,2015-16,regular_season,False,1610612749,MIL,Milwaukee Bucks,1610612754,IND,Indiana Pacers,26,25,W,10,22,0.455,2,7,0.286,4,4,1.0,1,10,11,8,2,1,3,2,1,11,21,0.524,2,3,0.667,1,2,0.5,1,9,10,10,1,1,4,4,-1
0021501228,2016-04-13,2015-16,regular_season,False,1610612747,LAL,Los Angeles Lakers,1610612762,UTA,Utah Jazz,23,36,L,9,19,0.474,1,5,0.2,4,6,0.667,3,4,7,5,1,0,4,7,-13,14,22,0.636,2,8,0.25,6,6,1.0,3,5,8,9,4,0,2,5,13
0021501224,2016-04-13,2015-16,regular_season,False,1610612745,HOU,Houston Rockets,1610612758,SAC,Sacramento Kings,30,26,W,13,22,0.591,2,7,0.286,2,2,1.0,2,7,9,8,3,1,5,4,4,11,27,0.407,4,11,0.364,0,0,0.0,6,6,12,7,5,1,4,2,-4
0021501229,2016-04-13,2015-16,regular_season,False,1610612756,PHX,Phoenix Suns,1610612746,LAC,LA Clippers,37,28,W,16,31,0.516,2,5,0.4,3,4,0.75,5,9,14,8,2,1,0,2,9,12,24,0.5,2,10,0.2,2,3,0.667,2,10,12,4,0,4,4,5,-9
0021501222,2016-04-13,2015-16,regular_season,False,1610612741,CHI,Chicago Bulls,1610612755,PHI,Philadelphia 76ers,35,28,W,10,15,0.667,3,3,1.0,12,12,1.0,1,7,8,6,3,0,7,2,7,9,18,0.5,6,13,0.462,4,4,1.0,0,3,3,8,5,2,6,9,-7
0021501217,2016-04-13,2015-16,regular_season,False,1610612738,BOS,Boston Celtics,1610612748,MIA,Miami Heat,25,27,L,10,21,0.476,0,2,0.0,5,5,1.0,3,6,9,4,1,0,1,5,-2,11,21,0.524,1,2,0.5,4,5,0.8,4,8,12,5,1,3,1,4,2
0021501218,2016-04-13,2015-16,regular_season,False,1610612751,BKN,Brooklyn Nets,1610612761,TOR,Toronto Raptors,21,33,L,8,18,0.444,4,6,0.667,1,2,0.5,0,6,6,7,3,0,4,4,-12,13,22,0.591,5,11,0.455,2,4,0.5,4,9,13,6,3,3,3,4,12
0021501223,2016-04-13,2015-16,regular_season,False,1610612742,DAL,Dallas Mavericks,1610612759,SAS,San Antonio Spurs,25,14,W,7,16,0.438,6,15,0.4,5,8,0.625,0,8,8,5,4,0,1,3,11,6,20,0.3,1,5,0.2,1,2,0.5,5,9,14,4,1,0,6,6,-11
0021501220,2016-04-13,2015-16,regular_season,False,1610612739,CLE,Cleveland Cavaliers,1610612765,DET,Detroit Pistons,20,29,L,9,23,0.391,0,4,0.0,2,2,1.0,2,4,6,5,2,2,2,3,-9,10,17,0.588,6,9,0.667,3,4,0.75,1,12,13,8,1,2,5,6,9
0021501219,2016-04-13,2015-16,regular_season,False,1610612766,CHA,Charlotte Hornets,1610612753,ORL,Orlando Magic,28,28,W,11,25,0.44,4,12,0.333,2,5,0.4,3,8,11,9,2,0,0,3,0,12,23,0.522,2,5,0.4,2,2,1.0,1,11,12,8,0,2,4,3,0
0021501221,2016-04-13,2015-16,regular_season,False,1610612764,WAS,Washington Wizards,1610612737,ATL,Atlanta Hawks,24,26,L,8,24,0.333,1,11,0.091,7,11,0.636,6,10,16,4,3,3,5,7,-2,7,19,0.368,1,6,0.167,11,14,0.786,2,10,12,3,3,2,5,7,2
0041500111,2016-04-16,2015-16,playoffs,False,1610612761,TOR,Toronto Raptors,1610612754,IND,Indiana Pacers,21,24,L,9,24,0.375,2,5,0.4,1,2,0.5,8,10,18,6,2,2,5,6,-3,10,25,0.4,3,6,0.5,1,2,0.5,4,7,11,4,2,2,2,2,3
0041500131,2016-04-16,2015-16,playoffs,False,1610612737,ATL,Atlanta Hawks,1610612738,BOS,Boston Celtics,21,15,W,9,21,0.429,2,9,0.222,1,2,0.5,3,15,18,6,1,4,5,4,6,5,26,0.192,1,7,0.143,4,5,0.8,5,9,14,4,2,1,4,5,-6
0041500141,2016-04-16,2015-16,playoffs,False,1610612744,GSW,Golden State Warriors,1610612745,HOU,Houston Rockets,27,18,W,11,23,0.478,3,6,0.5,2,4,0.5,2,6,8,9,3,2,2,4,9,8,19,0.421,1,5,0.2,1,2,0.5,3,10,13,4,2,1,8,9,-9
0041500161,2016-04-16,2015-16,playoffs,False,1610612760,OKC,Oklahoma City Thunder,1610612742,DAL,Dallas Mavericks,33,22,W,9,21,0.429,4,12,0.333,11,14,0.786,3,8,11,6,3,1,4,8,11,6,18,0.333,0,4,0.0,10,12,0.833,1,6,7,3,1,0,5,11,-11
0041500171,2016-04-17,2015-16,playoffs,False,1610612746,LAC,LA Clippers,1610612757,POR,Portland Trail Blazers,24,21,W,8,16,0.5,0,1,0.0,8,10,0.8,2,12,14,2,1,3,3,5,3,9,27,0.333,3,9,0.333,0,0,0.0,4,7,11,6,1,0,2,7,-3
0041500151,2016-04-17,2015-16,playoffs,False,1610612759,SAS,San Antonio Spurs,1610612763,MEM,Memphis Grizzlies,26,24,W,12,24,0.5,0,3,0.0,2,2,1.0,4,8,12,4,4,2,3,1,2,11,20,0.55,2,5,0.4,0,0,0.0,1,7,8,6,1,0,4,4,-2
0041500121,2016-04-17,2015-16,playoffs,False,1610612748,MIA,Miami Heat,1610612766,CHA,Charlotte Hornets,26,28,L,11,22,0.5,0,3,0.0,4,4,1.0,4,8,12,3,0,0,2,9,-2,8,15,0.533,1,4,0.25,11,15,0.733,1,5,6,2,2,1,0,3,2
0041500101,2016-04-17,2015-16,playoffs,False,1610612739,CLE,Cleveland Cavaliers,1610612765,DET,Detroit Pistons,26,33,L,9,26,0.346,3,8,0.375,5,6,0.833,5,4,9,4,2,1,1,5,-7,11,17,0.647,7,9,0.778,4,5,0.8,1,10,11,9,0,1,3,5,7
0041500112,2016-04-18,2015-16,playoffs,False,1610612761,TOR,Toronto Raptors,1610612754,IND,Indiana Pacers,26,32,L,10,23,0.435,4,8,0.5,2,2,1.0,2,5,7,6,2,2,3,5,-6,12,19,0.632,2,6,0.333,6,6,1.0,2,8,10,3,2,0,4,5,6
0041500142,2016-04-18,2015-16,playoffs,False,1610612744,GSW,Golden State Warriors,1610612745,HOU,Houston Rockets,33,28,W,12,26,0.462,3,10,0.3,6,9,0.667,4,3,7,9,3,2,2,8,5,6,14,0.429,2,4,0.5,14,14,1.0,1,8,9,5,0,0,8,11,-5
0041500162,2016-04-18,2015-16,playoffs,False,1610612760,OKC,Oklahoma City Thunder,1610612742,DAL,Dallas Mavericks,23,21,W,8,21,0.381,5,10,0.5,2,4,0.5,4,10,14,5,1,0,6,6,2,8,22,0.364,0,7,0.0,5,8,0.625,4,6,10,6,4,0,1,5,-2
0041500132,2016-04-19,2015-16,playoffs,False,1610612737,ATL,Atlanta Hawks,1610612738,BOS,Boston Celtics,19,21,L,6,19,0.316,2,7,0.286,5,5,1.0,1,9,10,3,2,4,5,4,-2,10,22,0.455,1,7,0.143,0,0,0.0,2,8,10,3,1,3,5,3,2
0041500152,2016-04-19,2015-16,playoffs,False,1610612759,SAS,San Antonio Spurs,1610612763,MEM,Memphis Grizzlies,27,24,W,11,19,0.579,3,5,0.6,2,2,1.0,0,11,11,6,1,1,6,6,3,10,23,0.435,0,2,0.0,4,9,0.444,4,6,10,6,5,1,2,4,-3
0041500172,2016-04-20,2015-16,playoffs,False,1610612746,LAC,LA Clippers,1610612757,POR,Portland Trail Blazers,25,26,L,11,23,0.478,0,2,0.0,3,9,0.333,4,12,16,5,0,3,3,7,-1,8,21,0.381,1,3,0.333,9,11,0.818,1,9,10,5,2,1,0,5,1
0041500122,2016-04-20,2015-16,playoffs,False,1610612748,MIA,Miami Heat,1610612766,CHA,Charlotte Hornets,43,31,W,16,19,0.842,5,7,0.714,6,7,0.857,1,4,5,7,2,1,1,2,12,14,20,0.7,0,2,0.0,3,3,1.0,2,3,5,2,0,0,3,4,-12
0041500102,2016-04-20,2015-16,playoffs,False,1610612739,CLE,Cleveland Cavaliers,1610612765,DET,Detroit Pistons,32,25,W,13,22,0.591,6,12,0.5,0,1,0.0,2,8,10,9,2,1,3,8,7,10,18,0.556,0,2,0.0,5,10,0.5,2,7,9,6,2,0,2,1,-7
0041500163,2016-04-21,2015-16,playoffs,False,1610612742,DAL,Dallas Mavericks,1610612760,OKC,Oklahoma City Thunder,27,31,L,7,20,0.35,4,11,0.364,9,15,0.6,1,8,9,6,1,1,2,8,-4,8,18,0.444,2,5,0.4,13,15,0.867,2,11,13,4,2,3,3,8,4
0041500113,2016-04-21,2015-16,playoffs,False,1610612754,IND,Indiana Pacers,1610612761,TOR,Toronto Raptors,19,29,L,5,16,0.312,0,4,0.0,9,9,1.0,2,8,10,2,1,1,7,3,-10,11,23,0.478,2,8,0.25,5,6,0.833,3,8,11,5,4,2,3,6,10
0041500143,2016-04-21,2015-16,playoffs,False,1610612745,HOU,Houston Rockets,1610612744,GSW,Golden State Warriors,24,30,L,10,24,0.417,4,15,0.267,0,4,0.0,5,9,14,5,2,0,5,9,-6,8,18,0.444,4,7,0.571,10,13,0.769,2,8,10,6,3,1,3,4,6
0041500103,2016-04-22,2015-16,playoffs,False,1610612765,DET,Detroit Pistons,1610612739,CLE,Cleveland Cavaliers,26,30,L,10,16,0.625,3,6,0.5,3,5,0.6,2,4,6,6,1,0,3,6,-4,11,19,0.579,5,8,0.625,3,4,0.75,3,6,9,7,2,1,2,5,4
0041500133,2016-04-22,2015-16,playoffs,False,1610612738,BOS,Boston Celtics,1610612737,ATL,Atlanta Hawks,20,25,L,8,23,0.348,1,6,0.167,3,5,0.6,2,7,9,4,4,1,2,2,-5,11,21,0.524,1,7,0.143,2,2,1.0,2,11,13,5,1,1,4,5,5
0041500153,2016-04-22,2015-16,playoffs,False,1610612763,MEM,Memphis Grizzlies,1610612759,SAS,San Antonio Spurs,25,18,W,10,23,0.435,1,6,0.167,4,4,1.0,4,10,14,5,2,2,3,6,7,6,19,0.316,3,7,0.429,3,6,0.5,2,8,10,5,3,2,4,6,-7
0041500173,2016-04-23,2015-16,playoffs,False,1610612757,POR,Portland Trail Blazers,1610612746,LAC,LA Clippers,27,21,W,10,24,0.417,1,6,0.167,6,6,1.0,6,7,13,3,2,1,5,7,6,9,21,0.429,0,3,0.0,3,4,0.75,3,7,10,5,3,2,5,5,-6
0041500114,2016-04-23,2015-16,playoffs,False,1610612754,IND,Indiana Pacers,1610612761,TOR,Toronto Raptors,29,26,W,11,19,0.579,1,4,0.25,6,7,0.857,1,3,4,7,3,1,1,3,3,10,20,0.5,3,9,0.333,3,6,0.5,5,7,12,4,1,1,6,6,-3
0041500123,2016-04-23,2015-16,playoffs,False,1610612766,CHA,Charlotte Hornets,1610612748,MIA,Miami Heat,20,16,W,9,20,0.45,1,4,0.25,1,2,0.5,1,5,6,4,0,4,2,5,4,5,22,0.227,0,5,0.0,6,8,0.75,6,9,15,2,1,2,5,4,-4
0041500164,2016-04-23,2015-16,playoffs,False,1610612742,DAL,Dallas Mavericks,1610612760,OKC,Oklahoma City Thunder,30,24,W,13,24,0.542,2,7,0.286,2,2,1.0,3,10,13,8,1,2,2,5,6,10,20,0.5,1,3,0.333,3,5,0.6,0,8,8,7,2,0,3,3,-6
0041500154,2016-04-24,2015-16,playoffs,False,1610612763,MEM,Memphis Grizzlies,1610612759,SAS,San Antonio Spurs,26,22,W,9,21,0.429,2,3,0.667,6,8,0.75,4,7,11,4,1,1,3,11,4,6,17,0.353,1,2,0.5,9,11,0.818,3,8,11,5,0,1,4,6,-4
0041500144,2016-04-24,2015-16,playoffs,False,1610612745,HOU,Houston Rockets,1610612744,GSW,Golden State Warriors,27,27,L,7,18,0.389,0,5,0.0,13,20,0.65,4,9,13,3,6,1,7,5,0,11,22,0.5,4,9,0.444,1,4,0.25,2,4,6,8,3,0,7,12,0
0041500104,2016-04-24,2015-16,playoffs,False,1610612765,DET,Detroit Pistons,1610612739,CLE,Cleveland Cavaliers,24,28,L,9,18,0.5,1,3,0.333,5,9,0.556,1,10,11,6,0,2,3,2,-4,11,21,0.524,4,8,0.5,2,2,1.0,0,9,9,7,2,0,1,7,4
0041500134,2016-04-24,2015-16,playoffs,False,1610612738,BOS,Boston Celtics,1610612737,ATL,Atlanta Hawks,22,27,L,9,25,0.36,2,8,0.25,2,4,0.5,5,8,13,5,1,1,3,4,-5,11,25,0.44,3,9,0.333,2,2,1.0,3,9,12,4,1,1,3,4,5
0041500124,2016-04-25,2015-16,playoffs,False,1610612766,CHA,Charlotte Hornets,1610612748,MIA,Miami Heat,29,13,W,11,22,0.5,1,5,0.2,6,6,1.0,2,11,13,5,3,3,1,6,16,3,19,0.158,1,7,0.143,6,9,0.667,4,9,13,2,0,2,5,5,-16
0041500165,2016-04-25,2015-16,playoffs,False,1610612760,OKC,Oklahoma City Thunder,1610612742,DAL,Dallas Mavericks,33,37,L,10,20,0.5,2,9,0.222,11,13,0.846,3,5,8,7,1,0,1,6,-4,12,24,0.5,4,9,0.444,9,9,1.0,5,6,11,11,1,1,2,8,4
0041500174,2016-04-25,2015-16,playoffs,False,1610612757,POR,Portland Trail Blazers,1610612746,LAC,LA Clippers,23,23,W,9,20,0.45,4,6,0.667,1,2,0.5,3,9,12,8,2,2,6,10,0,5,18,0.278,3,5,0.6,10,13,0.769,3,8,11,3,4,1,3,5,0
0041500135,2016-04-26,2015-16,playoffs,False,1610612737,ATL,Atlanta Hawks,1610612738,BOS,Boston Celtics,32,19,W,12,25,0.48,6,10,0.6,2,4,0.5,5,9,14,10,3,2,2,2,13,7,17,0.412,1,6,0.167,4,4,1.0,1,7,8,5,1,1,5,3,-13
0041500115,2016-04-26,2015-16,playoffs,False,1610612761,TOR,Toronto Raptors,1610612754,IND,Indiana Pacers,32,26,W,11,25,0.44,2,7,0.286,8,11,0.727,4,8,12,4,3,1,1,2,6,10,21,0.476,4,7,0.571,2,3,0.667,4,7,11,6,0,0,5,7,-6
0041500175,2016-04-27,2015-16,playoffs,False,1610612746,LAC,LA Clippers,1610612757,POR,Portland Trail Blazers,32,27,W,13,24,0.542,1,3,0.333,5,11,0.455,3,10,13,6,3,3,3,8,5,8,20,0.4,3,6,0.5,8,12,0.667,2,10,12,6,2,1,3,8,-5
0041500145,2016-04-27,2015-16,playoffs,False,1610612744,GSW,Golden State Warriors,1610612745,HOU,Houston Rockets,22,17,W,10,21,0.476,1,10,0.1,1,2,0.5,2,8,10,4,1,3,4,3,5,7,23,0.304,0,5,0.0,3,3,1.0,5,8,13,2,3,0,5,4,-5
0041500125,2016-04-27,2015-16,playoffs,False,1610612748,MIA,Miami Heat,1610612766,CHA,Charlotte Hornets,22,21,W,8,20,0.4,0,4,0.0,6,8,0.75,2,12,14,3,4,2,5,6,1,8,20,0.4,0,2,0.0,5,6,0.833,0,11,11,6,3,1,5,5,-1
0041500136,2016-04-28,2015-16,playoffs,False,1610612738,BOS,Boston Celtics,1610612737,ATL,Atlanta Hawks,16,21,L,6,23,0.261,0,9,0.0,4,4,1.0,4,9,13,3,1,1,3,6,-5,8,17,0.471,2,4,0.5,3,4,0.75,0,9,9,7,1,2,4,5,5
0041500116,2016-04-29,2015-16,playoffs,False,1610612754,IND,Indiana Pacers,1610612761,TOR,Toronto Raptors,20,22,L,7,21,0.333,1,6,0.167,5,5,1.0,4,9,13,3,2,1,3,7,-2,7,21,0.333,3,12,0.25,5,6,0.833,5,8,13,5,2,2,3,5,2
0041500126,2016-04-29,2015-16,playoffs,False,1610612766,CHA,Charlotte Hornets,1610612748,MIA,Miami Heat,26,32,L,7,20,0.35,0,2,0.0,12,12,1.0,1,5,6,3,1,1,0,4,-6,12,21,0.571,2,3,0.667,6,6,1.0,3,9,12,3,0,5,2,9,6
0041500176,2016-04-29,2015-16,playoffs,False,1610612757,POR,Portland Trail Blazers,1610612746,LAC,LA Clippers,26,24,W,11,24,0.458,2,6,0.333,2,3,0.667,7,5,12,6,2,1,5,7,2,9,15,0.6,0,1,0.0,6,12,0.5,1,6,7,1,3,0,4,4,-2
0041500231,2016-04-30,2015-16,playoffs,False,1610612759,SAS,San Antonio Spurs,1610612760,OKC,Oklahoma City Thunder,30,20,W,11,20,0.55,3,4,0.75,5,7,0.714,1,11,12,9,2,1,4,0,10,10,22,0.455,0,3,0.0,0,0,0.0,1,8,9,7,4,0,4,4,-10
0041500117,2016-05-01,2015-16,playoffs,False,1610612761,TOR,Toronto Raptors,1610612754,IND,Indiana Pacers,22,21,W,9,22,0.409,2,6,0.333,2,4,0.5,5,9,14,7,0,2,2,4,1,9,18,0.5,2,3,0.667,1,2,0.5,0,8,8,3,2,1,1,3,-1
0041500127,2016-05-01,2015-16,playoffs,False,1610612748,MIA,Miami Heat,1610612766,CHA,Charlotte Hornets,25,24,W,10,20,0.5,1,4,0.25,4,4,1.0,0,10,10,3,0,1,2,2,1,9,21,0.429,3,6,0.5,3,3,1.0,1,9,10,4,2,0,2,2,-1
0041500221,2016-05-01,2015-16,playoffs,False,1610612744,GSW,Golden State Warriors,1610612757,POR,Portland Trail Blazers,28,34,L,9,24,0.375,1,6,0.167,9,10,0.9,7,7,14,5,3,3,3,6,-6,14,27,0.519,4,6,0.667,2,3,0.667,4,8,12,10,1,2,3,6,6
0041500232,2016-05-02,2015-16,playoffs,False,1610612759,SAS,San Antonio Spurs,1610612760,OKC,Oklahoma City Thunder,32,27,W,13,21,0.619,2,7,0.286,4,6,0.667,1,6,7,2,1,3,3,4,5,12,21,0.571,1,4,0.25,2,2,1.0,1,6,7,7,1,3,5,7,-5
0041500201,2016-05-02,2015-16,playoffs,False,1610612739,CLE,Cleveland Cavaliers,1610612737,ATL,Atlanta Hawks,21,22,L,9,21,0.429,3,10,0.3,0,0,0.0,1,10,11,7,1,1,1,6,-1,6,23,0.261,2,10,0.2,8,10,0.8,6,11,17,5,1,1,2,4,1
0041500211,2016-05-03,2015-16,playoffs,False,1610612761,TOR,Toronto Raptors,1610612748,MIA,Miami Heat,25,23,W,9,19,0.474,3,6,0.5,4,5,0.8,1,7,8,6,5,1,3,5,2,8,21,0.381,2,3,0.667,5,5,1.0,3,8,11,3,3,1,5,5,-2
0041500222,2016-05-03,2015-16,playoffs,False,1610612744,GSW,Golden State Warriors,1610612757,POR,Portland Trail Blazers,30,25,W,12,24,0.5,2,5,0.4,4,5,0.8,1,11,12,6,2,3,2,10,5,7,20,0.35,3,8,0.375,8,12,0.667,1,8,9,6,1,2,3,7,-5
0041500202,2016-05-04,2015-16,playoffs,False,1610612739,CLE,Cleveland Cavaliers,1610612737,ATL,Atlanta Hawks,39,18,W,13,23,0.565,10,15,0.667,3,4,0.75,2,7,9,9,3,0,1,10,21,3,12,0.25,0,5,0.0,12,14,0.857,2,8,10,3,0,0,8,4,-21
0041500212,2016-05-05,2015-16,playoffs,False,1610612761,TOR,Toronto Raptors,1610612748,MIA,Miami Heat,19,22,L,8,21,0.381,0,4,0.0,3,4,0.75,2,7,9,2,1,0,1,5,-3,9,20,0.45,1,3,0.333,3,4,0.75,2,10,12,4,1,4,1,4,3
0041500203,2016-05-06,2015-16,playoffs,False,1610612737,ATL,Atlanta Hawks,1610612739,CLE,Cleveland Cavaliers,35,24,W,14,20,0.7,7,8,0.875,0,0,0.0,0,7,7,10,3,1,5,3,11,10,24,0.417,3,9,0.333,1,4,0.25,7,6,13,5,3,0,6,5,-11
0041500233,2016-05-06,2015-16,playoffs,False,1610612760,OKC,Oklahoma City Thunder,1610612759,SAS,San Antonio Spurs,22,20,W,7,20,0.35,2,6,0.333,6,6,1.0,2,9,11,4,3,1,4,6,2,6,16,0.375,3,5,0.6,5,10,0.5,0,11,11,3,2,2,5,4,-2
0041500213,2016-05-07,2015-16,playoffs,False,1610612748,MIA,Miami Heat,1610612761,TOR,Toronto Raptors,21,26,L,10,21,0.476,0,4,0.0,1,3,0.333,2,6,8,4,3,1,3,4,-5,11,16,0.688,2,4,0.5,2,5,0.4,1,7,8,6,1,0,5,5,5
0041500223,2016-05-07,2015-16,playoffs,False,1610612757,POR,Portland Trail Blazers,1610612744,GSW,Golden State Warriors,36,18,W,10,21,0.476,4,8,0.5,12,12,1.0,3,11,14,5,1,2,3,5,18,8,24,0.333,0,5,0.0,2,4,0.5,4,7,11,4,1,2,3,8,-18
0041500204,2016-05-08,2015-16,playoffs,False,1610612737,ATL,Atlanta Hawks,1610612739,CLE,Cleveland Cavaliers,22,29,L,10,19,0.526,0,6,0.0,2,2,1.0,4,6,10,6,0,1,7,5,-7,10,20,0.5,5,9,0.556,4,6,0.667,3,5,8,7,3,1,3,3,7
0041500234,2016-05-08,2015-16,playoffs,False,1610612760,OKC,Oklahoma City Thunder,1610612759,SAS,San Antonio Spurs,28,26,W,10,21,0.476,2,6,0.333,6,9,0.667,2,7,9,6,1,2,2,6,2,9,21,0.429,0,3,0.0,8,8,1.0,1,9,10,3,2,0,5,7,-2
0041500224,2016-05-09,2015-16,playoffs,False,1610612757,POR,Portland Trail Blazers,1610612744,GSW,Golden State Warriors,41,39,W,12,24,0.5,3,8,0.375,14,19,0.737,3,10,13,6,2,0,4,11,2,11,21,0.524,3,7,0.429,14,19,0.737,1,10,11,6,3,1,4,10,-2
0041500214,2016-05-09,2015-16,playoffs,False,1610612748,MIA,Miami Heat,1610612761,TOR,Toronto Raptors,19,14,W,8,20,0.4,0,3,0.0,3,5,0.6,1,11,12,2,2,1,3,1,5,5,22,0.227,2,9,0.222,2,2,1.0,2,11,13,2,3,1,4,5,-5
0041500235,2016-05-10,2015-16,playoffs,False,1610612759,SAS,San Antonio Spurs,1610612760,OKC,Oklahoma City Thunder,32,21,W,14,24,0.583,2,5,0.4,2,2,1.0,1,9,10,8,3,2,2,2,11,8,20,0.4,2,5,0.4,3,4,0.75,3,8,11,5,2,1,6,5,-11
0041500215,2016-05-11,2015-16,playoffs,False,1610612761,TOR,Toronto Raptors,1610612748,MIA,Miami Heat,27,27,W,11,20,0.55,2,4,0.5,3,3,1.0,2,5,7,8,3,1,3,5,0,11,18,0.611,1,4,0.25,4,5,0.8,2,6,8,5,2,0,5,4,0
0041500225,2016-05-11,2015-16,playoffs,False,1610612744,GSW,Golden State Warriors,1610612757,POR,Portland Trail Blazers,31,33,L,10,18,0.556,3,6,0.5,8,11,0.727,0,8,8,7,2,1,5,7,-2,9,20,0.45,3,7,0.429,12,13,0.923,2,9,11,6,2,1,3,7,2
0041500236,2016-05-12,2015-16,playoffs,False,1610612760,OKC,Oklahoma City Thunder,1610612759,SAS,San Antonio Spurs,30,12,W,9,19,0.474,3,6,0.5,9,11,0.818,1,12,13,6,1,0,2,5,18,5,22,0.227,0,5,0.0,2,2,1.0,2,7,9,2,1,0,2,7,-18
0041500216,2016-05-13,2015-16,playoffs,False,1610612748,MIA,Miami Heat,1610612761,TOR,Toronto Raptors,32,24,W,13,22,0.591,2,6,0.333,4,5,0.8,2,10,12,6,0,1,2,6,8,9,20,0.45,0,3,0.0,6,11,0.545,2,6,8,3,1,0,1,5,-8
0041500217,2016-05-15,2015-16,playoffs,False,1610612761,TOR,Toronto Raptors,1610612748,MIA,Miami Heat,28,23,W,9,22,0.409,3,5,0.6,7,11,0.636,4,7,11,3,2,1,1,3,5,10,18,0.556,2,4,0.5,1,2,0.5,0,6,6,3,0,1,5,7,-5
0041500311,2016-05-16,2015-16,playoffs,False,1610612744,GSW,Golden State Warriors,1610612760,OKC,Oklahoma City Thunder,33,26,W,13,23,0.565,5,6,0.833,2,4,0.5,2,13,15,9,2,1,6,5,7,10,23,0.435,3,4,0.75,3,6,0.5,1,9,10,9,5,2,4,4,-7
0041500301,2016-05-17,2015-16,playoffs,False,1610612739,CLE,Cleveland Cavaliers,1610612761,TOR,Toronto Raptors,33,16,W,11,17,0.647,2,4,0.5,9,12,0.75,2,10,12,8,1,1,3,4,17,7,20,0.35,0,7,0.0,2,2,1.0,1,5,6,5,1,0,4,9,-17
0041500312,2016-05-18,2015-16,playoffs,False,1610612744,GSW,Golden State Warriors,1610612760,OKC,Oklahoma City Thunder,30,29,W,12,24,0.5,0,3,0.0,6,8,0.75,4,6,10,5,3,0,2,4,1,12,22,0.545,5,11,0.455,0,0,0.0,2,6,8,7,2,2,3,7,-1
0041500302,2016-05-19,2015-16,playoffs,False,1610612739,CLE,Cleveland Cavaliers,1610612761,TOR,Toronto Raptors,32,20,W,10,22,0.455,2,9,0.222,10,15,0.667,2,11,13,6,2,0,2,3,12,8,22,0.364,2,9,0.222,2,2,1.0,2,8,10,2,1,1,5,12,-12
0041500303,2016-05-21,2015-16,playoffs,False,1610612761,TOR,Toronto Raptors,1610612739,CLE,Cleveland Cavaliers,33,23,W,12,24,0.5,6,10,0.6,3,3,1.0,4,10,14,8,0,1,0,5,10,8,21,0.381,4,12,0.333,3,4,0.75,2,7,9,3,0,1,1,2,-10
0041500313,2016-05-22,2015-16,playoffs,False,1610612760,OKC,Oklahoma City Thunder,1610612744,GSW,Golden State Warriors,38,19,W,10,20,0.5,1,9,0.111,17,18,0.944,3,17,20,3,1,2,5,5,19,7,31,0.226,2,10,0.2,3,4,0.75,5,6,11,5,4,0,1,8,-19
0041500304,2016-05-23,2015-16,playoffs,False,1610612761,TOR,Toronto Raptors,1610612739,CLE,Cleveland Cavaliers,30,17,W,13,22,0.591,4,10,0.4,0,0,0.0,3,8,11,7,2,0,3,5,13,7,18,0.389,0,8,0.0,3,4,0.75,1,6,7,3,2,1,5,4,-13
0041500314,2016-05-24,2015-16,playoffs,False,1610612760,OKC,Oklahoma City Thunder,1610612744,GSW,Golden State Warriors,42,27,W,12,23,0.522,3,7,0.429,15,20,0.75,6,9,15,6,3,4,4,8,15,10,22,0.455,2,4,0.5,5,12,0.417,5,5,10,4,3,0,6,12,-15
0041500305,2016-05-25,2015-16,playoffs,False,1610612739,CLE,Cleveland Cavaliers,1610612761,TOR,Toronto Raptors,28,15,W,10,18,0.556,1,3,0.333,7,8,0.875,2,12,14,8,4,2,5,9,13,4,12,0.333,0,1,0.0,7,13,0.538,0,6,6,2,3,1,6,8,-13
0041500315,2016-05-26,2015-16,playoffs,False,1610612744,GSW,Golden State Warriors,1610612760,OKC,Oklahoma City Thunder,33,29,W,14,26,0.538,3,5,0.6,2,2,1.0,3,7,10,10,6,1,2,5,4,11,18,0.611,3,5,0.6,4,6,0.667,2,8,10,5,1,0,8,4,-4
0041500306,2016-05-27,2015-16,playoffs,False,1610612761,TOR,Toronto Raptors,1610612739,CLE,Cleveland Cavaliers,16,24,L,5,20,0.25,1,8,0.125,5,8,0.625,3,8,11,1,3,1,3,4,-8,9,20,0.45,5,6,0.833,1,2,0.5,1,10,11,7,1,2,4,7,8
0041500316,2016-05-28,2015-16,playoffs,False,1610612760,OKC,Oklahoma City Thunder,1610612744,GSW,Golden State Warriors,30,28,W,12,26,0.462,0,5,0.0,6,10,0.6,4,7,11,8,3,2,0,8,2,8,20,0.4,5,12,0.417,7,12,0.583,4,10,14,5,0,1,5,7,-2
0041500317,2016-05-30,2015-16,playoffs,False,1610612744,GSW,Golden State Warriors,1610612760,OKC,Oklahoma City Thunder,23,24,L,9,21,0.429,5,11,0.455,0,2,0.0,3,6,9,7,2,1,4,7,-1,10,22,0.455,0,2,0.0,4,6,0.667,4,9,13,6,1,2,3,3,1
0041500401,2016-06-02,2015-16,playoffs,False,1610612744,GSW,Golden State Warriors,1610612739,CLE,Cleveland Cavaliers,24,19,W,11,22,0.5,2,6,0.333,0,1,0.0,2,9,11,5,1,1,1,6,5,5,22,0.227,2,7,0.286,7,9,0.778,7,9,16,4,1,1,4,4,-5
0041500402,2016-06-05,2015-16,playoffs,False,1610612744,GSW,Golden State Warriors,1610612739,CLE,Cleveland Cavaliers,33,23,W,13,23,0.565,6,12,0.5,1,2,0.5,2,8,10,10,2,3,3,4,10,8,20,0.4,2,4,0.5,5,6,0.833,2,9,11,5,3,2,4,4,-10
0041500403,2016-06-08,2015-16,playoffs,False,1610612739,CLE,Cleveland Cavaliers,1610612744,GSW,Golden State Warriors,18,27,L,6,27,0.222,3,8,0.375,3,5,0.6,9,7,16,4,2,0,4,5,-9,12,18,0.667,1,4,0.25,2,4,0.5,0,12,12,8,3,2,5,5,9
0041500404,2016-06-10,2015-16,playoffs,False,1610612739,CLE,Cleveland Cavaliers,1610612744,GSW,Golden State Warriors,27,21,W,10,21,0.476,2,6,0.333,5,9,0.556,4,8,12,4,2,2,3,5,6,7,21,0.333,3,8,0.375,4,7,0.571,3,7,10,3,1,1,4,6,-6
0041500405,2016-06-13,2015-16,playoffs,False,1610612744,GSW,Golden State Warriors,1610612739,CLE,Cleveland Cavaliers,29,32,L,9,17,0.529,6,8,0.75,5,6,0.833,2,5,7,6,2,2,7,4,-3,15,27,0.556,1,7,0.143,1,1,1.0,5,4,9,2,4,3,3,5,3
0041500406,2016-06-16,2015-16,playoffs,False,1610612739,CLE,Cleveland Cavaliers,1610612744,GSW,Golden State Warriors,28,32,L,8,15,0.533,2,5,0.4,10,11,0.909,0,6,6,5,3,2,4,9,-4,8,22,0.364,4,12,0.333,12,13,0.923,4,7,11,4,2,0,3,8,4
0041500407,2016-06-19,2015-16,playoffs,False,1610612744,GSW,Golden State Warriors,1610612739,CLE,Cleveland Cavaliers,27,19,W,10,25,0.4,5,10,0.5,2,2,1.0,3,11,14,7,2,2,3,7,8,7,21,0.333,1,10,0.1,4,5,0.8,2,9,11,3,2,2,4,5,-8
