game_id,game_date,season,game_type,neutral_site,team_id_home,team_abbreviation_home,team_name_home,team_id_road,team_abbreviation_road,team_name_road,pts_home,pts_road,wl_home,fgm_home,fga_home,fg_pct_home,fg3m_home,fg3a_home,fg3_pct_home,ftm_home,fta_home,ft_pct_home,oreb_home,dreb_home,reb_home,ast_home,stl_home,blk_home,tov_home,pf_home,plus_minus_home,fgm_road,fga_road,fg_pct_road,fg3m_road,fg3a_road,fg3_pct_road,ftm_road,fta_road,ft_pct_road,oreb_road,dreb_road,reb_road,ast_road,stl_road,blk_road,tov_road,pf_road,plus_minus_road
0022500001,2025-10-21,2025-26,regular_season,False,1610612760,OKC,Oklahoma City Thunder,1610612745,HOU,Houston Rockets,34,28,W,11,26,0.423,5,14,0.357,7,10,0.7,4,5,9,5,4,2,1,7,6,10,22,0.455,1,5,0.2,7,10,0.7,3,9,12,4,0,3,8,9,-6
0022500003,2025-10-22,2025-26,regular_season,False,1610612752,NYK,New York Knicks,1610612739,CLE,Cleveland Cavaliers,3,0,W,1,2,0.5,1,1,1.0,0,0,0.0,0,1,1,1,0,0,0,0,3,0,1,0.0,0,1,0.0,0,0,0.0,0,1,1,0,0,0,0,0,-3
0022500081,2025-10-22,2025-26,regular_season,False,1610612753,ORL,Orlando Magic,1610612748,MIA,Miami Heat,18,10,W,4,11,0.364,0,1,0.0,10,11,0.909,3,6,9,1,1,1,1,3,8,2,9,0.222,1,5,0.2,5,6,0.833,2,3,5,2,1,0,3,6,-8
0022500083,2025-10-22,2025-26,regular_season,False,1610612738,BOS,Boston Celtics,1610612755,PHI,Philadelphia 76ers,11,12,L,5,12,0.417,1,3,0.333,0,0,0.0,2,3,5,3,0,0,2,9,-1,1,2,0.5,1,1,1.0,9,13,0.692,0,2,2,1,0,0,0,0,1
0022500084,2025-10-22,2025-26,regular_season,False,1610612741,CHI,Chicago Bulls,1610612765,DET,Detroit Pistons,12,11,W,4,7,0.571,0,0,0.0,4,6,0.667,0,3,3,4,1,0,1,0,1,5,10,0.5,1,5,0.2,0,0,0.0,1,4,5,2,0,1,1,4,-1
0022500085,2025-10-22,2025-26,regular_season,False,1610612763,MEM,Memphis Grizzlies,1610612740,NOP,New Orleans Pelicans,17,11,W,3,6,0.5,0,2,0.0,11,12,0.917,0,6,6,1,0,2,1,3,6,5,13,0.385,0,1,0.0,1,2,0.5,3,3,6,1,1,0,1,6,-6
0022500088,2025-10-22,2025-26,regular_season,False,1610612756,PHX,Phoenix Suns,1610612758,SAC,Sacramento Kings,14,12,W,2,5,0.4,0,2,0.0,10,11,0.909,0,6,6,1,0,1,3,10,2,4,11,0.364,0,4,0.0,4,7,0.571,0,2,2,1,0,1,0,8,-2
0022500089,2025-10-22,2025-26,regular_season,False,1610612757,POR,Portland Trail Blazers,1610612750,MIN,Minnesota Timberwolves,7,15,L,0,6,0.0,0,3,0.0,7,8,0.875,0,2,2,0,1,0,2,0,-8,6,9,0.667,3,4,0.75,0,0,0.0,1,6,7,3,1,1,3,4,8
0022500005,2025-10-23,2025-26,regular_season,False,1610612754,IND,Indiana Pacers,1610612760,OKC,Oklahoma City Thunder,26,40,L,10,24,0.417,0,8,0.0,6,9,0.667,3,9,12,2,0,0,3,11,-14,12,25,0.48,2,7,0.286,14,16,0.875,4,11,15,3,1,0,0,8,14
0022500006,2025-10-23,2025-26,regular_season,False,1610612744,GSW,Golden State Warriors,1610612743,DEN,Denver Nuggets,22,13,W,7,12,0.583,5,6,0.833,3,3,1.0,1,6,7,5,1,0,2,3,9,5,12,0.417,1,3,0.333,2,3,0.667,0,4,4,2,2,0,2,2,-9
0022500093,2025-10-24,2025-26,regular_season,False,1610612745,HOU,Houston Rockets,1610612765,DET,Detroit Pistons,6,12,L,1,8,0.125,1,3,0.333,3,4,0.75,1,3,4,0,1,0,0,3,-6,5,9,0.556,0,2,0.0,2,2,1.0,1,5,6,3,0,3,1,2,6
0022500098,2025-10-24,2025-26,regular_season,False,1610612758,SAC,Sacramento Kings,1610612762,UTA,Utah Jazz,10,8,W,5,9,0.556,0,2,0.0,0,1,0.0,1,4,5,2,1,1,1,3,2,2,8,0.25,0,3,0.0,4,4,1.0,1,3,4,1,0,0,2,1,-2
0022500095,2025-10-24,2025-26,regular_season,False,1610612740,NOP,New Orleans Pelicans,1610612759,SAS,San Antonio Spurs,15,18,L,6,12,0.5,0,2,0.0,3,5,0.6,3,3,6,2,2,1,1,3,-3,5,12,0.417,3,7,0.429,5,6,0.833,4,3,7,4,0,2,4,2,3
0022500092,2025-10-24,2025-26,regular_season,False,1610612761,TOR,Toronto Raptors,1610612749,MIL,Milwaukee Bucks,6,14,L,1,4,0.25,0,0,0.0,4,8,0.5,1,4,5,1,2,0,2,2,-8,5,10,0.5,2,5,0.4,2,3,0.667,2,4,6,3,2,0,2,4,8
0022500091,2025-10-24,2025-26,regular_season,False,1610612751,BKN,Brooklyn Nets,1610612739,CLE,Cleveland Cavaliers,3,7,L,1,5,0.2,1,3,0.333,0,0,0.0,2,1,3,1,0,0,1,4,-4,1,5,0.2,0,4,0.0,5,6,0.833,3,2,5,1,1,0,1,2,4
0022500090,2025-10-24,2025-26,regular_season,False,1610612753,ORL,Orlando Magic,1610612737,ATL,Atlanta Hawks,11,13,L,3,8,0.375,0,3,0.0,5,6,0.833,1,4,5,2,1,0,2,4,-2,3,6,0.5,1,3,0.333,6,6,1.0,0,3,3,2,1,0,1,3,2
0022500102,2025-10-25,2025-26,regular_season,False,1610612755,PHI,Philadelphia 76ers,1610612766,CHA,Charlotte Hornets,14,7,W,5,7,0.714,1,1,1.0,3,4,0.75,1,5,6,2,0,0,0,1,7,3,11,0.273,0,7,0.0,1,2,0.5,3,1,4,1,0,0,0,2,-7
0022500110,2025-10-26,2025-26,regular_season,False,1610612750,MIN,Minnesota Timberwolves,1610612754,IND,Indiana Pacers,10,4,W,3,4,0.75,0,0,0.0,4,5,0.8,0,2,2,1,1,0,2,2,6,1,4,0.25,1,2,0.5,1,4,0.25,2,2,4,1,2,0,1,3,-6
0022500108,2025-10-26,2025-26,regular_season,False,1610612748,MIA,Miami Heat,1610612752,NYK,New York Knicks,3,0,W,1,1,1.0,1,1,1.0,0,0,0.0,0,0,0,1,0,0,0,0,3,0,0,0.0,0,0,0.0,0,0,0.0,0,0,0,0,0,0,0,0,-3
0022500113,2025-10-26,2025-26,regular_season,False,1610612758,SAC,Sacramento Kings,1610612747,LAL,Los Angeles Lakers,0,7,L,0,2,0.0,0,1,0.0,0,0,0.0,0,1,1,0,0,0,0,2,-7,2,4,0.5,0,1,0.0,3,3,1.0,1,2,3,2,0,0,0,0,7
0022500106,2025-10-26,2025-26,regular_season,False,1610612765,DET,Detroit Pistons,1610612738,BOS,Boston Celtics,12,4,W,5,12,0.417,0,3,0.0,2,2,1.0,5,2,7,2,0,0,0,0,8,1,3,0.333,0,2,0.0,2,2,1.0,0,2,2,0,0,0,0,1,-8
0022500105,2025-10-26,2025-26,regular_season,False,1610612759,SAS,San Antonio Spurs,1610612751,BKN,Brooklyn Nets,10,7,W,3,4,0.75,0,1,0.0,4,6,0.667,0,3,3,1,0,0,0,0,3,3,7,0.429,1,4,0.25,0,0,0.0,1,1,2,1,0,0,0,3,-3
0022500107,2025-10-26,2025-26,regular_season,False,1610612739,CLE,Cleveland Cavaliers,1610612749,MIL,Milwaukee Bucks,15,7,W,4,9,0.444,1,2,0.5,6,6,1.0,1,1,2,2,1,0,2,2,8,3,5,0.6,1,2,0.5,1,2,0.5,1,3,4,1,1,2,3,6,-8
0022500114,2025-10-27,2025-26,regular_season,False,1610612755,PHI,Philadelphia 76ers,1610612753,ORL,Orlando Magic,10,2,W,3,4,0.75,0,0,0.0,4,4,1.0,1,1,2,2,0,0,0,1,8,1,3,0.333,0,1,0.0,0,0,0.0,0,0,0,0,0,0,0,1,-8
0022500115,2025-10-27,2025-26,regular_season,False,1610612741,CHI,Chicago Bulls,1610612737,ATL,Atlanta Hawks,17,8,W,5,10,0.5,3,6,0.5,4,4,1.0,3,4,7,4,1,1,2,1,9,4,9,0.444,0,2,0.0,0,0,0.0,1,1,2,3,0,0,1,2,-9
0022500119,2025-10-27,2025-26,regular_season,False,1610612742,DAL,Dallas Mavericks,1610612760,OKC,Oklahoma City Thunder,3,7,L,1,3,0.333,0,2,0.0,1,1,1.0,0,1,1,1,0,0,0,2,-4,2,4,0.5,0,0,0.0,3,3,1.0,1,2,3,1,0,0,0,1,4
0022500120,2025-10-27,2025-26,regular_season,False,1610612762,UTA,Utah Jazz,1610612756,PHX,Phoenix Suns,23,17,W,5,12,0.417,2,4,0.5,11,11,1.0,5,4,9,2,1,2,3,5,6,5,15,0.333,1,7,0.143,6,10,0.6,5,2,7,3,3,0,1,7,-6
0022500123,2025-10-28,2025-26,regular_season,False,1610612764,WAS,Washington Wizards,1610612755,PHI,Philadelphia 76ers,8,18,L,3,13,0.231,2,6,0.333,0,0,0.0,1,5,6,2,0,1,6,9,-10,5,12,0.417,1,5,0.2,7,8,0.875,2,5,7,1,3,3,1,2,10
0022500125,2025-10-28,2025-26,regular_season,False,1610612749,MIL,Milwaukee Bucks,1610612752,NYK,New York Knicks,6,0,W,1,2,0.5,0,1,0.0,4,4,1.0,0,0,0,0,0,0,0,0,6,0,1,0.0,0,1,0.0,0,0,0.0,0,1,1,0,0,0,1,3,-6
0022500126,2025-10-28,2025-26,regular_season,False,1610612760,OKC,Oklahoma City Thunder,1610612758,SAC,Sacramento Kings,13,4,W,5,11,0.455,3,8,0.375,0,1,0.0,2,4,6,3,1,1,0,2,9,1,6,0.167,0,2,0.0,2,2,1.0,0,5,5,1,0,0,1,3,-9
0022500135,2025-10-29,2025-26,regular_season,False,1610612762,UTA,Utah Jazz,1610612757,POR,Portland Trail Blazers,7,4,W,1,1,1.0,0,0,0.0,5,6,0.833,0,1,1,1,1,1,0,2,3,0,1,0.0,0,0,0.0,4,4,1.0,0,1,1,0,0,0,1,3,-3
0022500130,2025-10-29,2025-26,regular_season,False,1610612751,BKN,Brooklyn Nets,1610612737,ATL,Atlanta Hawks,2,2,L,0,5,0.0,0,2,0.0,2,2,1.0,2,2,4,0,0,0,0,2,0,0,2,0.0,0,0,0.0,2,2,1.0,0,2,2,0,0,1,1,1,0
0022500136,2025-10-29,2025-26,regular_season,False,1610612750,MIN,Minnesota Timberwolves,1610612747,LAL,Los Angeles Lakers,4,2,W,2,2,1.0,0,0,0.0,0,0,0.0,0,1,1,1,0,0,0,1,2,1,3,0.333,0,1,0.0,0,0,0.0,1,0,1,0,0,0,1,0,-2
0022500137,2025-10-29,2025-26,regular_season,False,1610612756,PHX,Phoenix Suns,1610612763,MEM,Memphis Grizzlies,10,8,W,3,6,0.5,1,4,0.25,3,3,1.0,0,3,3,2,2,0,2,1,2,3,8,0.375,1,3,0.333,1,2,0.5,1,3,4,3,2,0,3,1,-2
0022500133,2025-10-29,2025-26,regular_season,False,1610612742,DAL,Dallas Mavericks,1610612754,IND,Indiana Pacers,5,2,W,0,3,0.0,0,2,0.0,5,5,1.0,0,0,0,0,0,0,0,1,3,0,3,0.0,0,3,0.0,2,4,0.5,1,3,4,0,0,0,0,3,-3
0022500139,2025-10-30,2025-26,regular_season,False,1610612749,MIL,Milwaukee Bucks,1610612744,GSW,Golden State Warriors,6,3,W,2,3,0.667,2,3,0.667,0,0,0.0,0,0,0,1,0,0,0,0,3,1,3,0.333,1,1,1.0,0,0,0.0,1,1,2,1,0,0,0,0,-3
0022500141,2025-10-30,2025-26,regular_season,False,1610612759,SAS,San Antonio Spurs,1610612748,MIA,Miami Heat,6,2,W,1,3,0.333,1,2,0.5,3,4,0.75,2,0,2,1,0,0,0,1,4,0,0,0.0,0,0,0.0,2,2,1.0,0,0,0,0,0,0,0,2,-4
0022500027,2025-10-31,2025-26,regular_season,False,1610612746,LAC,LA Clippers,1610612740,NOP,New Orleans Pelicans,16,8,W,5,7,0.714,2,3,0.667,4,4,1.0,0,3,3,3,0,1,2,3,8,1,4,0.25,0,1,0.0,6,6,1.0,0,2,2,0,1,0,0,3,-8
0022500024,2025-10-31,2025-26,regular_season,False,1610612763,MEM,Memphis Grizzlies,1610612747,LAL,Los Angeles Lakers,0,1,L,0,0,0.0,0,0,0.0,0,0,0.0,0,0,0,0,0,0,0,1,-1,0,0,0.0,0,0,0.0,1,1,1.0,0,0,0,0,0,0,0,0,1
0022500026,2025-10-31,2025-26,regular_season,False,1610612757,POR,Portland Trail Blazers,1610612743,DEN,Denver Nuggets,18,11,W,5,9,0.556,2,2,1.0,6,7,0.857,1,1,2,4,2,2,0,3,7,4,8,0.5,0,1,0.0,3,3,1.0,0,2,2,1,0,2,3,4,-7
0022500022,2025-10-31,2025-26,regular_season,False,1610612739,CLE,Cleveland Cavaliers,1610612761,TOR,Toronto Raptors,1,9,L,0,4,0.0,0,1,0.0,1,1,1.0,1,3,4,0,0,0,1,1,-8,3,5,0.6,1,1,1.0,2,2,1.0,0,2,2,2,0,1,0,0,8
0022500021,2025-10-31,2025-26,regular_season,False,1610612755,PHI,Philadelphia 76ers,1610612738,BOS,Boston Celtics,5,1,W,2,3,0.667,1,1,1.0,0,0,0.0,0,2,2,1,0,0,0,2,4,0,1,0.0,0,0,0.0,1,4,0.25,0,1,1,0,0,0,1,1,-4
0022500023,2025-10-31,2025-26,regular_season,False,1610612741,CHI,Chicago Bulls,1610612752,NYK,New York Knicks,5,0,W,2,4,0.5,0,2,0.0,1,2,0.5,0,4,4,2,0,0,1,1,5,0,3,0.0,0,1,0.0,0,0,0.0,0,1,1,0,0,0,0,1,-5
0022500142,2025-11-01,2025-26,regular_season,False,1610612749,MIL,Milwaukee Bucks,1610612758,SAC,Sacramento Kings,10,7,W,3,4,0.75,1,2,0.5,3,4,0.75,2,2,4,2,1,0,2,4,3,0,2,0.0,0,0,0.0,7,8,0.875,1,0,1,0,2,0,2,3,-3
0022500144,2025-11-01,2025-26,regular_season,False,1610612754,IND,Indiana Pacers,1610612744,GSW,Golden State Warriors,15,5,W,4,7,0.571,3,4,0.75,4,4,1.0,1,7,8,3,1,0,0,3,10,2,9,0.222,0,6,0.0,1,3,0.333,1,2,3,0,0,1,1,2,-10
0022500147,2025-11-01,2025-26,regular_season,True,1610612765,DET,Detroit Pistons,1610612742,DAL,Dallas Mavericks,12,4,W,4,6,0.667,0,1,0.0,4,4,1.0,1,2,3,3,0,0,0,4,8,0,3,0.0,0,3,0.0,4,4,1.0,0,0,0,0,0,0,1,2,-8
0022500151,2025-11-02,2025-26,regular_season,False,1610612739,CLE,Cleveland Cavaliers,1610612737,ATL,Atlanta Hawks,7,3,W,3,3,1.0,1,1,1.0,0,0,0.0,0,0,0,3,1,0,0,0,4,1,1,1.0,0,0,0.0,1,1,1.0,0,0,0,0,1,0,1,0,-4
0022500163,2025-11-03,2025-26,regular_season,False,1610612757,POR,Portland Trail Blazers,1610612747,LAL,Los Angeles Lakers,0,4,L,0,2,0.0,0,1,0.0,0,0,0.0,0,1,1,0,0,0,0,0,-4,2,4,0.5,0,0,0.0,0,0,0.0,1,1,2,0,0,1,0,0,4
0022500164,2025-11-03,2025-26,regular_season,False,1610612746,LAC,LA Clippers,1610612748,MIA,Miami Heat,10,8,W,4,7,0.571,2,4,0.5,0,0,0.0,0,5,5,1,1,0,2,2,2,2,6,0.333,1,2,0.5,3,4,0.75,0,3,3,1,1,0,1,1,-2
0022500161,2025-11-03,2025-26,regular_season,False,1610612763,MEM,Memphis Grizzlies,1610612765,DET,Detroit Pistons,1,6,L,0,2,0.0,0,2,0.0,1,1,1.0,0,0,0,0,0,0,0,1,-5,2,2,1.0,0,0,0.0,2,2,1.0,0,2,2,1,0,0,1,1,5
0022500157,2025-11-03,2025-26,regular_season,False,1610612754,IND,Indiana Pacers,1610612749,MIL,Milwaukee Bucks,11,8,W,4,7,0.571,1,4,0.25,2,4,0.5,1,2,3,3,0,1,0,2,3,3,8,0.375,1,5,0.2,1,4,0.25,1,2,3,1,0,1,2,3,-3
0022500160,2025-11-03,2025-26,regular_season,False,1610612745,HOU,Houston Rockets,1610612742,DAL,Dallas Mavericks,9,6,W,2,5,0.4,0,0,0.0,5,6,0.833,0,4,4,0,2,0,2,4,3,1,6,0.167,0,4,0.0,4,5,0.8,1,2,3,1,1,2,2,4,-3
0022500158,2025-11-03,2025-26,regular_season,False,1610612738,BOS,Boston Celtics,1610612762,UTA,Utah Jazz,11,10,W,4,5,0.8,1,2,0.5,2,3,0.667,0,0,0,3,2,0,2,4,1,3,4,0.75,0,0,0.0,4,6,0.667,1,2,3,2,1,0,2,2,-1
0022500167,2025-11-04,2025-26,regular_season,False,1610612741,CHI,Chicago Bulls,1610612755,PHI,Philadelphia 76ers,7,1,W,3,7,0.429,1,1,1.0,0,0,0.0,0,7,7,2,1,0,1,1,6,0,8,0.0,0,3,0.0,1,1,1.0,0,4,4,0,1,2,1,0,-6
0022500168,2025-11-04,2025-26,regular_season,False,1610612740,NOP,New Orleans Pelicans,1610612766,CHA,Charlotte Hornets,10,4,W,3,7,0.429,1,3,0.333,3,4,0.75,1,4,5,2,2,0,2,1,6,2,8,0.25,0,5,0.0,0,0,0.0,1,4,5,0,1,1,4,4,-6
0022500173,2025-11-05,2025-26,regular_season,False,1610612754,IND,Indiana Pacers,1610612751,BKN,Brooklyn Nets,0,3,L,0,0,0.0,0,0,0.0,0,0,0.0,0,0,0,0,0,0,0,1,-3,1,1,1.0,0,0,0.0,1,2,0.5,0,0,0,1,0,0,0,0,3
0022500179,2025-11-05,2025-26,regular_season,False,1610612747,LAL,Los Angeles Lakers,1610612759,SAS,San Antonio Spurs,14,10,W,2,6,0.333,1,4,0.25,9,10,0.9,2,3,5,0,1,0,2,5,4,3,7,0.429,0,4,0.0,4,8,0.5,2,2,4,0,0,0,2,6,-4
0022500181,2025-11-05,2025-26,regular_season,False,1610612758,SAC,Sacramento Kings,1610612744,GSW,Golden State Warriors,6,0,W,1,3,0.333,1,1,1.0,3,3,1.0,1,2,3,1,0,0,0,1,6,0,1,0.0,0,0,0.0,0,0,0.0,0,1,1,0,0,0,1,3,-6
0022500180,2025-11-05,2025-26,regular_season,False,1610612757,POR,Portland Trail Blazers,1610612760,OKC,Oklahoma City Thunder,15,8,W,5,5,1.0,1,1,1.0,4,4,1.0,0,3,3,2,1,0,2,4,7,1,6,0.167,0,3,0.0,6,7,0.857,2,0,2,1,1,0,1,3,-7
0022500177,2025-11-05,2025-26,regular_season,False,1610612742,DAL,Dallas Mavericks,1610612740,NOP,New Orleans Pelicans,7,7,L,1,3,0.333,0,0,0.0,5,5,1.0,1,3,4,0,1,0,3,3,0,2,5,0.4,0,1,0.0,3,4,0.75,1,2,3,2,1,1,2,3,0
0022500032,2025-11-07,2025-26,regular_season,False,1610612759,SAS,San Antonio Spurs,1610612745,HOU,Houston Rockets,10,3,W,4,6,0.667,2,2,1.0,0,0,0.0,2,0,2,3,0,0,0,1,7,0,0,0.0,0,0,0.0,3,3,1.0,0,0,0,0,0,0,0,0,-7
0022500028,2025-11-07,2025-26,regular_season,False,1610612753,ORL,Orlando Magic,1610612738,BOS,Boston Celtics,4,0,W,1,2,0.5,1,2,0.5,1,1,1.0,0,2,2,0,0,0,0,0,4,0,1,0.0,0,0,0.0,0,0,0.0,0,1,1,0,0,0,0,1,-4
0022500030,2025-11-07,2025-26,regular_season,False,1610612737,ATL,Atlanta Hawks,1610612761,TOR,Toronto Raptors,0,3,L,0,1,0.0,0,0,0.0,0,0,0.0,0,0,0,0,0,0,0,1,-3,1,1,1.0,0,0,0.0,1,1,1.0,0,1,1,1,0,0,1,0,3
0022500188,2025-11-08,2025-26,regular_season,False,1610612759,SAS,San Antonio Spurs,1610612740,NOP,New Orleans Pelicans,10,2,W,4,5,0.8,1,2,0.5,1,1,1.0,0,2,2,1,0,0,0,0,8,1,3,0.333,0,2,0.0,0,0,0.0,0,1,1,1,0,0,0,2,-8
0022500187,2025-11-08,2025-26,regular_season,False,1610612748,MIA,Miami Heat,1610612757,POR,Portland Trail Blazers,15,10,W,4,9,0.444,1,3,0.333,6,6,1.0,0,3,3,4,2,1,1,1,5,4,8,0.5,1,4,0.25,1,2,0.5,2,3,5,3,1,1,3,6,-5
0022500190,2025-11-08,2025-26,regular_season,False,1610612746,LAC,LA Clippers,1610612756,PHX,Phoenix Suns,0,2,L,0,1,0.0,0,0,0.0,0,0,0.0,1,1,2,0,0,1,1,0,-2,1,3,0.333,0,1,0.0,0,0,0.0,0,0,0,1,1,0,0,0,2
0022500184,2025-11-08,2025-26,regular_season,False,1610612755,PHI,Philadelphia 76ers,1610612761,TOR,Toronto Raptors,8,0,W,4,7,0.571,0,0,0.0,0,0,0.0,2,2,4,1,0,0,0,0,8,0,2,0.0,0,1,0.0,0,0,0.0,0,1,1,0,0,0,0,0,-8
0022500183,2025-11-08,2025-26,regular_season,False,1610612764,WAS,Washington Wizards,1610612742,DAL,Dallas Mavericks,6,11,L,2,8,0.25,0,2,0.0,2,2,1.0,1,1,2,0,0,2,2,3,-5,3,10,0.3,0,1,0.0,5,6,0.833,3,4,7,3,2,1,0,1,5
0022500186,2025-11-08,2025-26,regular_season,False,1610612739,CLE,Cleveland Cavaliers,1610612741,CHI,Chicago Bulls,14,10,W,4,6,0.667,0,1,0.0,6,7,0.857,0,4,4,2,0,0,0,3,4,2,7,0.286,0,2,0.0,6,6,1.0,0,2,2,1,1,0,1,5,-4
0022500191,2025-11-09,2025-26,regular_season,False,1610612749,MIL,Milwaukee Bucks,1610612745,HOU,Houston Rockets,6,17,L,2,5,0.4,1,1,1.0,1,4,0.25,1,1,2,2,0,0,2,3,-11,6,7,0.857,1,2,0.5,4,4,1.0,0,4,4,2,1,1,0,2,11
0022500193,2025-11-09,2025-26,regular_season,False,1610612753,ORL,Orlando Magic,1610612738,BOS,Boston Celtics,13,15,L,3,9,0.333,0,5,0.0,7,7,1.0,1,2,3,2,2,0,0,2,-2,5,7,0.714,3,3,1.0,2,4,0.5,1,2,3,2,0,0,4,5,2
0022500194,2025-11-09,2025-26,regular_season,False,1610612763,MEM,Memphis Grizzlies,1610612760,OKC,Oklahoma City Thunder,0,3,L,0,0,0.0,0,0,0.0,0,0,0.0,0,0,0,0,0,0,0,0,-3,1,1,1.0,1,1,1.0,0,0,0.0,0,0,0,0,0,0,0,0,3
0022500195,2025-11-09,2025-26,regular_season,False,1610612755,PHI,Philadelphia 76ers,1610612765,DET,Detroit Pistons,10,11,L,3,7,0.429,2,5,0.4,2,2,1.0,0,3,3,2,1,2,2,2,-1,5,9,0.556,0,0,0.0,1,2,0.5,0,3,3,2,1,0,2,2,1
0022500206,2025-11-10,2025-26,regular_season,False,1610612746,LAC,LA Clippers,1610612737,ATL,Atlanta Hawks,4,13,L,1,5,0.2,0,2,0.0,2,2,1.0,0,3,3,0,1,1,3,3,-9,4,6,0.667,2,3,0.667,3,5,0.6,0,2,2,4,2,3,1,1,9
0022500202,2025-11-10,2025-26,regular_season,False,1610612741,CHI,Chicago Bulls,1610612759,SAS,San Antonio Spurs,8,16,L,3,9,0.333,1,3,0.333,1,2,0.5,1,2,3,3,0,1,1,4,-8,3,6,0.5,2,3,0.667,8,8,1.0,1,6,7,2,1,1,0,2,8
0022500203,2025-11-10,2025-26,regular_season,False,1610612742,DAL,Dallas Mavericks,1610612749,MIL,Milwaukee Bucks,11,8,W,3,8,0.375,1,5,0.2,4,6,0.667,1,5,6,2,0,1,1,3,3,3,11,0.273,0,2,0.0,2,2,1.0,2,5,7,0,1,0,0,2,-3
0022500200,2025-11-10,2025-26,regular_season,False,1610612753,ORL,Orlando Magic,1610612757,POR,Portland Trail Blazers,9,9,W,4,9,0.444,1,2,0.5,0,3,0.0,0,2,2,3,2,0,1,2,0,2,3,0.667,1,1,1.0,4,5,0.8,0,6,6,2,1,0,3,3,0
0022500199,2025-11-10,2025-26,regular_season,False,1610612765,DET,Detroit Pistons,1610612764,WAS,Washington Wizards,20,17,W,6,15,0.4,3,5,0.6,5,8,0.625,3,11,14,4,0,3,1,5,3,5,16,0.312,1,9,0.111,6,9,0.667,3,6,9,1,0,0,1,5,-3
0022500201,2025-11-10,2025-26,regular_season,False,1610612748,MIA,Miami Heat,1610612739,CLE,Cleveland Cavaliers,25,22,W,9,16,0.562,0,1,0.0,7,8,0.875,2,8,10,4,0,1,3,6,3,7,23,0.304,3,13,0.231,5,9,0.556,8,5,13,2,2,1,1,6,-3
0022500209,2025-11-11,2025-26,regular_season,False,1610612755,PHI,Philadelphia 76ers,1610612738,BOS,Boston Celtics,12,8,W,4,8,0.5,2,4,0.5,2,2,1.0,1,2,3,2,0,0,0,3,4,3,8,0.375,1,3,0.333,1,2,0.5,2,3,5,2,0,0,1,2,-4
0022500219,2025-11-12,2025-26,regular_season,False,1610612740,NOP,New Orleans Pelicans,1610612757,POR,Portland Trail Blazers,3,7,L,0,0,0.0,0,0,0.0,3,4,0.75,0,1,1,0,0,0,0,2,-4,3,4,0.75,0,1,0.0,1,1,1.0,0,0,0,2,0,0,0,2,4
0022500220,2025-11-12,2025-26,regular_season,False,1610612759,SAS,San Antonio Spurs,1610612744,GSW,Golden State Warriors,0,6,L,0,0,0.0,0,0,0.0,0,0,0.0,0,0,0,0,0,0,0,1,-6,2,2,1.0,1,1,1.0,1,1,1.0,0,0,0,2,0,0,0,0,6
0022500221,2025-11-12,2025-26,regular_season,False,1610612742,DAL,Dallas Mavericks,1610612756,PHX,Phoenix Suns,2,5,L,1,3,0.333,0,2,0.0,0,0,0.0,0,3,3,0,1,0,1,3,-3,1,4,0.25,0,1,0.0,3,4,0.75,1,2,3,0,0,1,1,0,3
0022500227,2025-11-13,2025-26,regular_season,False,1610612762,UTA,Utah Jazz,1610612737,ATL,Atlanta Hawks,0,3,L,0,0,0.0,0,0,0.0,0,0,0.0,0,0,0,0,0,0,1,1,-3,1,1,1.0,0,0,0.0,1,1,1.0,0,0,0,0,2,0,0,0,3
0022500041,2025-11-14,2025-26,regular_season,False,1610612765,DET,Detroit Pistons,1610612755,PHI,Philadelphia 76ers,6,0,W,2,2,1.0,2,2,1.0,0,0,0.0,0,0,0,0,0,0,0,0,6,0,0,0.0,0,0,0.0,0,0,0.0,0,0,0,0,0,0,0,0,-6
0022500046,2025-11-14,2025-26,regular_season,False,1610612742,DAL,Dallas Mavericks,1610612746,LAC,LA Clippers,23,23,L,9,17,0.529,0,3,0.0,5,6,0.833,2,9,11,1,1,1,4,7,0,6,17,0.353,2,10,0.2,9,10,0.9,2,6,8,2,2,0,3,3,0
0022500040,2025-11-14,2025-26,regular_season,False,1610612753,ORL,Orlando Magic,1610612751,BKN,Brooklyn Nets,14,6,W,5,9,0.556,3,5,0.6,1,3,0.333,1,5,6,4,0,1,1,1,8,3,10,0.3,0,3,0.0,0,0,0.0,1,2,3,0,1,1,0,2,-8
0022500043,2025-11-14,2025-26,regular_season,False,1610612749,MIL,Milwaukee Bucks,1610612766,CHA,Charlotte Hornets,21,14,W,9,14,0.643,3,4,0.75,0,0,0.0,0,6,6,6,1,0,1,2,7,5,12,0.417,3,4,0.75,1,2,0.5,1,5,6,2,1,0,2,2,-7
0022500047,2025-11-14,2025-26,regular_season,False,1610612759,SAS,San Antonio Spurs,1610612744,GSW,Golden State Warriors,8,14,L,4,11,0.364,0,2,0.0,0,0,0.0,2,4,6,1,1,1,3,4,-6,5,9,0.556,2,3,0.667,2,2,1.0,0,4,4,5,1,1,1,0,6
0022500228,2025-11-15,2025-26,regular_season,False,1610612739,CLE,Cleveland Cavaliers,1610612763,MEM,Memphis Grizzlies,3,0,W,1,2,0.5,1,2,0.5,0,0,0.0,0,2,2,1,0,0,0,0,3,0,1,0.0,0,0,0.0,0,0,0.0,0,1,1,0,0,0,0,0,-3
0022500233,2025-11-16,2025-26,regular_season,False,1610612738,BOS,Boston Celtics,1610612746,LAC,LA Clippers,9,10,L,2,3,0.667,0,1,0.0,5,5,1.0,0,1,1,2,0,0,0,1,-1,2,4,0.5,2,3,0.667,4,4,1.0,0,1,1,1,0,0,0,3,1
0022500236,2025-11-16,2025-26,regular_season,False,1610612745,HOU,Houston Rockets,1610612753,ORL,Orlando Magic,28,21,W,10,25,0.4,3,5,0.6,5,5,1.0,7,7,14,6,0,2,2,7,7,6,14,0.429,0,4,0.0,9,12,0.75,1,3,4,2,1,1,0,4,-7
0022500238,2025-11-16,2025-26,regular_season,False,1610612742,DAL,Dallas Mavericks,1610612757,POR,Portland Trail Blazers,33,25,W,11,15,0.733,2,3,0.667,9,15,0.6,1,9,10,5,0,1,1,6,8,7,17,0.412,2,9,0.222,9,11,0.818,1,3,4,2,0,1,0,11,-8
0022500239,2025-11-16,2025-26,regular_season,False,1610612756,PHX,Phoenix Suns,1610612737,ATL,Atlanta Hawks,15,18,L,6,9,0.667,0,0,0.0,3,3,1.0,0,3,3,2,0,0,1,7,-3,5,7,0.714,0,2,0.0,8,9,0.889,0,3,3,3,0,0,0,3,3
0022500240,2025-11-16,2025-26,regular_season,False,1610612762,UTA,Utah Jazz,1610612741,CHI,Chicago Bulls,35,28,W,11,24,0.458,4,9,0.444,9,11,0.818,2,9,11,5,3,3,3,5,7,8,21,0.381,3,8,0.375,9,10,0.9,3,10,13,6,3,1,5,8,-7
0022500243,2025-11-17,2025-26,regular_season,False,1610612755,PHI,Philadelphia 76ers,1610612746,LAC,LA Clippers,15,14,W,5,7,0.714,3,5,0.6,2,4,0.5,1,3,4,5,1,1,2,5,1,2,9,0.222,0,4,0.0,10,10,1.0,3,2,5,0,2,0,1,2,-1
0022500244,2025-11-17,2025-26,regular_season,False,1610612748,MIA,Miami Heat,1610612752,NYK,New York Knicks,5,5,W,2,4,0.5,0,0,0.0,1,2,0.5,0,3,3,1,0,1,0,1,0,1,8,0.125,1,4,0.25,2,2,1.0,3,3,6,1,0,0,0,1,0
0022500245,2025-11-17,2025-26,regular_season,False,1610612761,TOR,Toronto Raptors,1610612766,CHA,Charlotte Hornets,8,9,L,3,9,0.333,0,2,0.0,2,2,1.0,1,5,6,2,1,2,1,0,-1,3,11,0.273,2,5,0.4,1,1,1.0,2,5,7,3,1,2,1,1,1
0022500248,2025-11-17,2025-26,regular_season,False,1610612743,DEN,Denver Nuggets,1610612741,CHI,Chicago Bulls,14,14,L,5,9,0.556,2,5,0.4,2,3,0.667,0,3,3,2,0,1,1,4,0,4,10,0.4,2,5,0.4,4,4,1.0,2,4,6,2,1,0,1,2,0
0022500251,2025-11-18,2025-26,regular_season,False,1610612737,ATL,Atlanta Hawks,1610612765,DET,Detroit Pistons,3,8,L,0,1,0.0,0,0,0.0,3,3,1.0,0,0,0,0,0,2,0,2,-5,2,4,0.5,0,0,0.0,4,4,1.0,2,1,3,0,0,0,1,2,5
0022500252,2025-11-18,2025-26,regular_season,False,1610612759,SAS,San Antonio Spurs,1610612763,MEM,Memphis Grizzlies,9,6,W,4,7,0.571,1,3,0.333,0,0,0.0,1,4,5,2,0,0,1,0,3,2,9,0.222,2,3,0.667,0,0,0.0,3,2,5,2,0,0,0,0,-3
0022500263,2025-11-19,2025-26,regular_season,False,1610612757,POR,Portland Trail Blazers,1610612741,CHI,Chicago Bulls,14,11,W,5,11,0.455,1,3,0.333,3,5,0.6,3,4,7,4,2,1,0,3,3,3,7,0.429,2,3,0.667,3,5,0.6,0,4,4,3,0,1,3,3,-3
0022500262,2025-11-19,2025-26,regular_season,False,1610612742,DAL,Dallas Mavericks,1610612752,NYK,New York Knicks,7,10,L,1,7,0.143,0,4,0.0,5,8,0.625,1,6,7,1,1,1,4,6,-3,3,9,0.333,3,7,0.429,1,6,0.167,1,5,6,3,1,0,1,4,3
0022500255,2025-11-19,2025-26,regular_season,False,1610612739,CLE,Cleveland Cavaliers,1610612745,HOU,Houston Rockets,0,4,L,0,0,0.0,0,0,0.0,0,0,0.0,1,0,1,0,0,0,1,1,-4,1,2,0.5,1,1,1.0,1,1,1.0,1,0,1,1,1,0,0,0,4
0022500258,2025-11-19,2025-26,regular_season,False,1610612755,PHI,Philadelphia 76ers,1610612761,TOR,Toronto Raptors,2,8,L,1,3,0.333,0,1,0.0,0,0,0.0,0,2,2,1,0,1,1,1,-6,3,6,0.5,2,4,0.5,0,0,0.0,0,1,1,2,0,0,0,0,6
0022500259,2025-11-19,2025-26,regular_season,False,1610612750,MIN,Minnesota Timberwolves,1610612764,WAS,Washington Wizards,5,0,W,2,2,1.0,1,1,1.0,0,0,0.0,0,1,1,2,0,0,1,2,5,0,0,0.0,0,0,0.0,0,2,0.0,0,0,0,0,0,0,0,0,-5
0022500266,2025-11-20,2025-26,regular_season,False,1610612749,MIL,Milwaukee Bucks,1610612755,PHI,Philadelphia 76ers,16,22,L,6,15,0.4,2,9,0.222,2,2,1.0,1,5,6,3,2,0,2,6,-6,6,11,0.545,3,7,0.429,7,8,0.875,2,6,8,4,0,1,4,2,6
0022500053,2025-11-21,2025-26,regular_season,False,1610612756,PHX,Phoenix Suns,1610612750,MIN,Minnesota Timberwolves,11,10,W,5,5,1.0,0,0,0.0,1,3,0.333,0,2,2,1,3,0,2,5,1,2,7,0.286,1,5,0.2,5,7,0.714,2,1,3,2,1,0,4,3,-1
0022500052,2025-11-21,2025-26,regular_season,False,1610612742,DAL,Dallas Mavericks,1610612740,NOP,New Orleans Pelicans,15,12,W,4,4,1.0,1,1,1.0,6,7,0.857,0,5,5,2,1,3,3,3,3,4,13,0.308,0,5,0.0,4,4,1.0,1,2,3,1,3,0,1,4,-3
0022500056,2025-11-21,2025-26,regular_season,False,1610612744,GSW,Golden State Warriors,1610612757,POR,Portland Trail Blazers,12,16,L,4,11,0.364,2,5,0.4,2,2,1.0,3,1,4,1,0,0,1,2,-4,4,7,0.571,2,4,0.5,4,4,1.0,2,3,5,2,0,1,3,1,4
0022500054,2025-11-21,2025-26,regular_season,False,1610612745,HOU,Houston Rockets,1610612743,DEN,Denver Nuggets,10,15,L,4,11,0.364,1,4,0.25,1,3,0.333,4,3,7,3,0,1,3,5,-5,3,6,0.5,0,2,0.0,9,10,0.9,0,3,3,1,1,3,1,1,5
0022500049,2025-11-21,2025-26,regular_season,False,1610612738,BOS,Boston Celtics,1610612751,BKN,Brooklyn Nets,1,2,L,0,1,0.0,0,0,0.0,1,2,0.5,1,1,2,0,0,0,0,0,-1,1,2,0.5,0,0,0.0,0,0,0.0,0,2,2,1,0,1,0,1,1
0022500271,2025-11-22,2025-26,regular_season,False,1610612741,CHI,Chicago Bulls,1610612764,WAS,Washington Wizards,12,10,W,4,9,0.444,2,5,0.4,2,2,1.0,0,4,4,3,0,1,0,1,2,4,10,0.4,2,2,1.0,0,2,0.0,3,5,8,3,0,0,2,2,-2
0022500273,2025-11-22,2025-26,regular_season,False,1610612742,DAL,Dallas Mavericks,1610612763,MEM,Memphis Grizzlies,12,13,L,4,11,0.364,2,4,0.5,2,2,1.0,2,4,6,3,0,1,0,3,-1,4,8,0.5,1,2,0.5,4,6,0.667,1,5,6,2,0,1,0,0,1
0022500274,2025-11-22,2025-26,regular_season,False,1610612743,DEN,Denver Nuggets,1610612758,SAC,Sacramento Kings,2,12,L,0,2,0.0,0,1,0.0,2,2,1.0,0,1,1,0,0,0,0,2,-10,4,6,0.667,1,2,0.5,3,3,1.0,1,0,1,1,0,0,0,0,10
0022500276,2025-11-23,2025-26,regular_season,False,1610612737,ATL,Atlanta Hawks,1610612766,CHA,Charlotte Hornets,8,6,W,3,6,0.5,0,1,0.0,2,4,0.5,0,3,3,1,0,1,1,2,2,2,8,0.25,1,3,0.333,1,1,1.0,1,4,5,1,0,0,3,5,-2
0022500279,2025-11-23,2025-26,regular_season,False,1610612761,TOR,Toronto Raptors,1610612751,BKN,Brooklyn Nets,8,2,W,2,3,0.667,2,3,0.667,2,2,1.0,0,3,3,2,0,1,0,0,6,1,5,0.2,0,2,0.0,0,0,0.0,2,0,2,0,0,0,0,2,-6
0022500282,2025-11-23,2025-26,regular_season,False,1610612762,UTA,Utah Jazz,1610612747,LAL,Los Angeles Lakers,3,3,L,1,3,0.333,1,2,0.5,0,0,0.0,0,2,2,1,0,0,0,1,0,1,3,0.333,0,2,0.0,1,2,0.5,0,1,1,1,0,0,0,0,0
0022500286,2025-11-24,2025-26,regular_season,False,1610612748,MIA,Miami Heat,1610612742,DAL,Dallas Mavericks,11,8,W,4,7,0.571,0,0,0.0,3,4,0.75,0,4,4,3,1,1,2,1,3,3,12,0.25,0,3,0.0,2,2,1.0,4,3,7,0,1,1,3,2,-3
0022500283,2025-11-24,2025-26,regular_season,False,1610612754,IND,Indiana Pacers,1610612765,DET,Detroit Pistons,5,5,L,1,4,0.25,0,2,0.0,3,4,0.75,0,2,2,0,1,0,1,2,0,1,3,0.333,0,0,0.0,3,4,0.75,0,1,1,0,1,0,1,2,0
0022500292,2025-11-24,2025-26,regular_season,False,1610612758,SAC,Sacramento Kings,1610612750,MIN,Minnesota Timberwolves,23,11,W,6,14,0.429,1,5,0.2,10,10,1.0,2,7,9,4,5,0,2,3,12,4,13,0.308,0,6,0.0,3,3,1.0,1,5,6,1,1,1,5,9,-12
0022500287,2025-11-24,2025-26,regular_season,False,1610612763,MEM,Memphis Grizzlies,1610612743,DEN,Denver Nuggets,0,3,L,0,0,0.0,0,0,0.0,0,0,0.0,0,0,0,0,0,0,0,0,-3,1,1,1.0,1,1,1.0,0,0,0.0,0,0,0,1,0,0,0,0,3
0022500284,2025-11-24,2025-26,regular_season,False,1610612761,TOR,Toronto Raptors,1610612739,CLE,Cleveland Cavaliers,3,0,W,1,1,1.0,1,1,1.0,0,0,0.0,0,0,0,0,0,0,0,0,3,0,0,0.0,0,0,0.0,0,0,0.0,0,0,0,0,0,0,0,0,-3
0022500060,2025-11-26,2025-26,regular_season,False,1610612738,BOS,Boston Celtics,1610612765,DET,Detroit Pistons,17,15,W,4,7,0.571,2,3,0.667,7,7,1.0,1,3,4,2,1,1,2,5,2,3,12,0.25,1,5,0.2,8,9,0.889,5,2,7,1,2,0,2,4,-2
0022500063,2025-11-26,2025-26,regular_season,False,1610612761,TOR,Toronto Raptors,1610612754,IND,Indiana Pacers,10,5,W,3,9,0.333,0,1,0.0,4,4,1.0,2,3,5,1,0,1,0,1,5,2,7,0.286,0,2,0.0,1,2,0.5,0,4,4,1,0,1,2,3,-5
0022500062,2025-11-26,2025-26,regular_season,False,1610612748,MIA,Miami Heat,1610612749,MIL,Milwaukee Bucks,2,2,W,1,2,0.5,0,0,0.0,0,0,0.0,0,2,2,1,0,0,0,1,0,1,3,0.333,0,2,0.0,0,1,0.0,1,1,2,0,0,0,0,0,0
0022500066,2025-11-26,2025-26,regular_season,False,1610612744,GSW,Golden State Warriors,1610612745,HOU,Houston Rockets,6,15,L,2,5,0.4,1,3,0.333,1,3,0.333,0,4,4,2,1,0,4,6,-9,4,8,0.5,1,4,0.25,6,9,0.667,1,3,4,4,1,0,1,1,9
0022500065,2025-11-26,2025-26,regular_season,False,1610612740,NOP,New Orleans Pelicans,1610612763,MEM,Memphis Grizzlies,13,22,L,5,18,0.278,3,11,0.273,0,0,0.0,1,4,5,5,2,2,3,6,-9,8,13,0.615,1,4,0.25,5,7,0.714,1,10,11,5,3,3,3,5,9
0022500064,2025-11-26,2025-26,regular_season,False,1610612760,OKC,Oklahoma City Thunder,1610612750,MIN,Minnesota Timberwolves,13,8,W,3,10,0.3,1,6,0.167,8,9,0.889,3,3,6,2,3,0,0,3,5,3,7,0.429,2,3,0.667,0,2,0.0,0,3,3,2,0,0,4,5,-5
0022500069,2025-11-28,2025-26,regular_season,False,1610612737,ATL,Atlanta Hawks,1610612739,CLE,Cleveland Cavaliers,18,10,W,6,9,0.667,2,5,0.4,4,5,0.8,1,3,4,4,1,0,0,0,8,4,6,0.667,2,3,0.667,0,0,0.0,0,2,2,3,0,0,2,3,-8
0022500074,2025-11-28,2025-26,regular_season,False,1610612752,NYK,New York Knicks,1610612749,MIL,Milwaukee Bucks,9,5,W,2,4,0.5,1,1,1.0,4,5,0.8,1,1,2,1,1,0,0,2,4,2,4,0.5,1,3,0.333,0,2,0.0,1,2,3,1,0,0,1,3,-4
0022500075,2025-11-28,2025-26,regular_season,False,1610612760,OKC,Oklahoma City Thunder,1610612756,PHX,Phoenix Suns,14,10,W,3,6,0.5,1,3,0.333,7,8,0.875,0,4,4,1,1,0,1,0,4,4,9,0.444,2,5,0.4,0,0,0.0,1,3,4,3,1,0,1,5,-4
0022500072,2025-11-28,2025-26,regular_season,False,1610612765,DET,Detroit Pistons,1610612753,ORL,Orlando Magic,12,12,L,4,7,0.571,2,3,0.667,2,5,0.4,1,4,5,3,1,1,2,4,0,4,13,0.308,0,6,0.0,4,4,1.0,4,4,8,0,1,1,1,3,0
0022500071,2025-11-28,2025-26,regular_season,False,1610612766,CHA,Charlotte Hornets,1610612741,CHI,Chicago Bulls,7,0,W,3,4,0.75,0,0,0.0,1,1,1.0,0,1,1,2,0,1,0,0,7,0,1,0.0,0,0,0.0,0,0,0.0,0,1,1,0,0,0,0,1,-7
0022500079,2025-11-28,2025-26,regular_season,False,1610612746,LAC,LA Clippers,1610612763,MEM,Memphis Grizzlies,0,5,L,0,1,0.0,0,1,0.0,0,0,0.0,0,0,0,0,0,0,0,1,-5,1,1,1.0,1,1,1.0,2,2,1.0,0,1,1,1,0,0,0,0,5
0022500076,2025-11-28,2025-26,regular_season,False,1610612743,DEN,Denver Nuggets,1610612759,SAS,San Antonio Spurs,7,16,L,2,6,0.333,1,2,0.5,2,4,0.5,3,3,6,1,1,0,2,4,-9,4,8,0.5,2,4,0.5,6,6,1.0,1,1,2,4,0,0,1,2,9
0022500300,2025-11-29,2025-26,regular_season,False,1610612746,LAC,LA Clippers,1610612742,DAL,Dallas Mavericks,14,18,L,3,8,0.375,1,3,0.333,7,7,1.0,1,3,4,3,0,0,2,7,-4,3,5,0.6,2,4,0.5,10,12,0.833,0,4,4,2,2,0,0,3,4
0022500298,2025-11-29,2025-26,regular_season,False,1610612744,GSW,Golden State Warriors,1610612740,NOP,New Orleans Pelicans,7,1,W,3,4,0.75,1,1,1.0,0,0,0.0,0,1,1,2,1,0,0,1,6,0,2,0.0,0,1,0.0,1,2,0.5,1,2,3,0,0,0,2,1,-6
0022500296,2025-11-29,2025-26,regular_season,False,1610612748,MIA,Miami Heat,1610612765,DET,Detroit Pistons,9,7,W,2,4,0.5,0,0,0.0,5,5,1.0,1,0,1,0,0,0,0,2,2,2,2,1.0,0,0,0.0,3,4,0.75,0,0,0,1,0,0,1,2,-2
0022500295,2025-11-29,2025-26,regular_season,False,1610612754,IND,Indiana Pacers,1610612741,CHI,Chicago Bulls,11,4,W,5,8,0.625,0,3,0.0,1,2,0.5,0,4,4,0,1,3,0,3,7,1,8,0.125,0,3,0.0,2,4,0.5,1,2,3,0,0,0,1,2,-7
0022500294,2025-11-29,2025-26,regular_season,False,1610612766,CHA,Charlotte Hornets,1610612761,TOR,Toronto Raptors,22,8,W,8,12,0.667,3,4,0.75,3,5,0.6,2,5,7,3,1,0,0,4,14,3,14,0.214,0,3,0.0,2,2,1.0,3,3,6,0,0,0,1,6,-14
0022500293,2025-11-29,2025-26,regular_season,False,1610612750,MIN,Minnesota Timberwolves,1610612738,BOS,Boston Celtics,8,5,W,2,4,0.5,2,4,0.5,2,2,1.0,0,2,2,1,0,0,0,1,3,1,2,0.5,1,2,0.5,2,3,0.667,0,1,1,0,0,0,0,1,-3
0022500304,2025-11-30,2025-26,regular_season,False,1610612755,PHI,Philadelphia 76ers,1610612737,ATL,Atlanta Hawks,24,34,L,9,22,0.409,2,7,0.286,4,7,0.571,3,10,13,4,3,3,5,9,-10,10,29,0.345,4,10,0.4,10,14,0.714,7,10,17,8,1,1,4,8,10
0022500302,2025-11-30,2025-26,regular_season,False,1610612739,CLE,Cleveland Cavaliers,1610612738,BOS,Boston Celtics,6,5,W,2,2,1.0,2,2,1.0,0,0,0.0,0,1,1,0,0,0,0,2,1,1,1,1.0,0,0,0.0,3,4,0.75,0,0,0,0,0,0,0,0,-1
0022500307,2025-11-30,2025-26,regular_season,False,1610612758,SAC,Sacramento Kings,1610612763,MEM,Memphis Grizzlies,1,11,L,0,6,0.0,0,3,0.0,1,2,0.5,1,0,1,0,3,0,0,1,-10,5,6,0.833,0,0,0.0,1,1,1.0,1,4,5,2,0,1,4,3,10
0022500305,2025-11-30,2025-26,regular_season,False,1610612757,POR,Portland Trail Blazers,1610612760,OKC,Oklahoma City Thunder,3,12,L,1,2,0.5,1,2,0.5,0,0,0.0,0,2,2,1,0,1,1,1,-9,6,9,0.667,0,1,0.0,0,0,0.0,1,1,2,2,0,0,0,0,9
0022500312,2025-12-01,2025-26,regular_season,False,1610612751,BKN,Brooklyn Nets,1610612766,CHA,Charlotte Hornets,3,0,W,1,1,1.0,1,1,1.0,0,0,0.0,0,0,0,1,0,0,0,0,3,0,0,0.0,0,0,0.0,0,0,0.0,0,0,0,0,0,0,0,0,-3
0022500309,2025-12-01,2025-26,regular_season,False,1610612765,DET,Detroit Pistons,1610612737,ATL,Atlanta Hawks,13,6,W,5,8,0.625,0,2,0.0,3,7,0.429,1,5,6,1,2,1,0,1,7,2,6,0.333,2,5,0.4,0,0,0.0,0,4,4,2,0,0,2,4,-7
0022500311,2025-12-01,2025-26,regular_season,False,1610612764,WAS,Washington Wizards,1610612749,MIL,Milwaukee Bucks,17,9,W,7,13,0.538,3,5,0.6,0,1,0.0,2,3,5,5,1,1,0,3,8,3,6,0.5,0,0,0.0,3,5,0.6,1,1,2,1,0,2,1,2,-8
0022500315,2025-12-01,2025-26,regular_season,False,1610612743,DEN,Denver Nuggets,1610612742,DAL,Dallas Mavericks,0,4,L,0,5,0.0,0,3,0.0,0,0,0.0,1,3,4,0,0,0,0,0,-4,2,5,0.4,0,1,0.0,0,0,0.0,1,4,5,1,0,0,0,2,4
0022500316,2025-12-01,2025-26,regular_season,False,1610612762,UTA,Utah Jazz,1610612745,HOU,Houston Rockets,9,3,W,2,3,0.667,1,1,1.0,4,5,0.8,0,1,1,2,1,0,0,0,6,1,2,0.5,0,0,0.0,1,1,1.0,0,1,1,1,0,1,1,3,-6
0022500314,2025-12-01,2025-26,regular_season,False,1610612753,ORL,Orlando Magic,1610612741,CHI,Chicago Bulls,19,6,W,7,12,0.583,2,6,0.333,3,3,1.0,3,3,6,6,1,1,0,1,13,2,6,0.333,0,4,0.0,2,4,0.5,1,1,2,1,0,0,2,2,-13
0022500323,2025-12-02,2025-26,regular_season,False,1610612744,GSW,Golden State Warriors,1610612760,OKC,Oklahoma City Thunder,0,12,L,0,4,0.0,0,2,0.0,0,0,0.0,1,1,2,0,0,1,0,0,-12,5,6,0.833,2,2,1.0,0,0,0.0,0,3,3,1,0,0,0,1,12
0022500319,2025-12-02,2025-26,regular_season,False,1610612761,TOR,Toronto Raptors,1610612757,POR,Portland Trail Blazers,11,7,W,4,7,0.571,0,0,0.0,3,5,0.6,0,2,2,3,1,1,1,2,4,1,3,0.333,1,2,0.5,4,4,1.0,0,3,3,1,1,0,2,4,-4
0022500321,2025-12-02,2025-26,regular_season,False,1610612740,NOP,New Orleans Pelicans,1610612750,MIN,Minnesota Timberwolves,10,22,L,2,8,0.25,0,2,0.0,6,9,0.667,0,5,5,1,0,0,4,3,-12,9,16,0.562,1,5,0.2,3,4,0.75,2,3,5,1,3,1,1,7,12
0022500320,2025-12-02,2025-26,regular_season,False,1610612738,BOS,Boston Celtics,1610612752,NYK,New York Knicks,8,-1,W,3,3,1.0,0,0,0.0,2,2,1.0,0,2,2,3,0,0,1,0,9,0,2,0.0,0,1,0.0,0,0,0.0,0,0,0,0,0,0,0,2,-9
0022500322,2025-12-02,2025-26,regular_season,False,1610612759,SAS,San Antonio Spurs,1610612763,MEM,Memphis Grizzlies,14,5,W,4,8,0.5,2,4,0.5,4,4,1.0,2,4,6,2,0,2,0,0,9,2,7,0.286,1,3,0.333,0,0,0.0,1,2,3,2,0,0,0,3,-9
0022500324,2025-12-03,2025-26,regular_season,False,1610612739,CLE,Cleveland Cavaliers,1610612757,POR,Portland Trail Blazers,0,2,L,0,0,0.0,0,0,0.0,0,0,0.0,0,0,0,0,0,0,0,0,-2,1,1,1.0,0,0,0.0,0,0,0.0,0,0,0,0,0,0,0,0,2
0022500326,2025-12-03,2025-26,regular_season,False,1610612753,ORL,Orlando Magic,1610612759,SAS,San Antonio Spurs,6,10,L,1,4,0.25,1,1,1.0,3,3,1.0,0,2,2,0,1,0,0,3,-4,2,3,0.667,2,3,0.667,4,6,0.667,0,2,2,0,0,2,1,2,4
0022500331,2025-12-03,2025-26,regular_season,False,1610612749,MIL,Milwaukee Bucks,1610612765,DET,Detroit Pistons,12,9,W,3,9,0.333,1,6,0.167,5,5,1.0,1,4,5,2,1,1,1,2,3,3,11,0.273,2,7,0.286,1,2,0.5,1,4,5,2,0,1,2,3,-3
0022500332,2025-12-03,2025-26,regular_season,False,1610612742,DAL,Dallas Mavericks,1610612748,MIA,Miami Heat,2,0,W,1,1,1.0,0,0,0.0,0,0,0.0,0,0,0,0,0,0,0,0,2,0,0,0.0,0,0,0.0,0,0,0.0,0,0,0,0,0,0,0,0,-2
0022500333,2025-12-04,2025-26,regular_season,False,1610612755,PHI,Philadelphia 76ers,1610612744,GSW,Golden State Warriors,11,13,L,5,10,0.5,0,2,0.0,1,3,0.333,2,1,3,2,1,1,2,2,-2,5,10,0.5,3,6,0.5,0,0,0.0,0,3,3,4,2,1,2,3,2
0022500335,2025-12-04,2025-26,regular_season,False,1610612751,BKN,Brooklyn Nets,1610612762,UTA,Utah Jazz,0,5,L,0,0,0.0,0,0,0.0,0,0,0.0,0,0,0,0,0,0,1,0,-5,1,1,1.0,1,1,1.0,2,3,0.667,0,0,0,1,0,0,0,0,5
0022500336,2025-12-04,2025-26,regular_season,False,1610612761,TOR,Toronto Raptors,1610612747,LAL,Los Angeles Lakers,5,11,L,2,8,0.25,0,4,0.0,1,1,1.0,3,2,5,2,1,1,2,3,-6,4,7,0.571,1,2,0.5,2,2,1.0,0,3,3,2,0,0,1,1,6
0022500347,2025-12-05,2025-26,regular_season,False,1610612763,MEM,Memphis Grizzlies,1610612746,LAC,LA Clippers,9,2,W,4,6,0.667,1,1,1.0,0,0,0.0,1,2,3,2,0,1,0,1,7,0,2,0.0,0,1,0.0,2,2,1.0,0,2,2,0,0,0,2,1,-7
0022500342,2025-12-05,2025-26,regular_season,False,1610612765,DET,Detroit Pistons,1610612757,POR,Portland Trail Blazers,18,12,W,3,5,0.6,2,3,0.667,10,10,1.0,0,1,1,2,2,0,1,2,6,4,6,0.667,1,2,0.5,3,3,1.0,0,1,1,1,1,1,3,7,-6
0022500339,2025-12-05,2025-26,regular_season,False,1610612753,ORL,Orlando Magic,1610612748,MIA,Miami Heat,8,6,W,4,12,0.333,0,3,0.0,0,0,0.0,2,2,4,3,0,0,0,2,2,3,7,0.429,0,2,0.0,0,0,0.0,0,3,3,2,0,2,0,1,-2
0022500340,2025-12-05,2025-26,regular_season,False,1610612737,ATL,Atlanta Hawks,1610612743,DEN,Denver Nuggets,11,9,W,4,5,0.8,1,2,0.5,2,2,1.0,1,1,2,2,1,0,1,2,2,3,5,0.6,0,1,0.0,3,4,0.75,0,0,0,0,1,1,1,1,-2
0022500352,2025-12-06,2025-26,regular_season,False,1610612739,CLE,Cleveland Cavaliers,1610612744,GSW,Golden State Warriors,4,7,L,1,5,0.2,0,2,0.0,2,3,0.667,2,3,5,0,0,0,0,4,-3,2,4,0.5,0,1,0.0,3,4,0.75,0,2,2,0,0,0,0,2,3
0022500355,2025-12-06,2025-26,regular_season,False,1610612750,MIN,Minnesota Timberwolves,1610612746,LAC,LA Clippers,7,9,L,1,5,0.2,1,1,1.0,4,4,1.0,1,1,2,1,0,0,0,3,-2,3,5,0.6,0,2,0.0,3,3,1.0,0,2,2,2,0,0,0,2,2
0022500358,2025-12-07,2025-26,regular_season,False,1610612761,TOR,Toronto Raptors,1610612738,BOS,Boston Celtics,0,3,L,0,1,0.0,0,1,0.0,0,0,0.0,1,1,2,0,0,0,1,0,-3,1,2,0.5,1,1,1.0,0,0,0.0,0,1,1,1,1,0,0,0,3
0022500362,2025-12-07,2025-26,regular_season,False,1610612755,PHI,Philadelphia 76ers,1610612747,LAL,Los Angeles Lakers,12,12,L,4,10,0.4,2,5,0.4,2,2,1.0,2,3,5,4,1,0,3,2,0,4,7,0.571,2,3,0.667,2,2,1.0,0,5,5,3,2,2,3,1,0
0022500365,2025-12-08,2025-26,regular_season,False,1610612750,MIN,Minnesota Timberwolves,1610612756,PHX,Phoenix Suns,5,7,L,2,5,0.4,0,3,0.0,1,1,1.0,1,3,4,1,1,0,0,2,-2,2,5,0.4,1,2,0.5,2,2,1.0,0,1,1,1,0,0,1,0,2
0022500364,2025-12-08,2025-26,regular_season,False,1610612754,IND,Indiana Pacers,1610612758,SAC,Sacramento Kings,9,0,W,4,8,0.5,1,3,0.333,0,0,0.0,3,3,6,2,2,0,2,0,9,0,2,0.0,0,0,0.0,0,0,0.0,0,1,1,0,1,0,2,0,-9
0022500366,2025-12-08,2025-26,regular_season,False,1610612740,NOP,New Orleans Pelicans,1610612759,SAS,San Antonio Spurs,8,8,L,3,5,0.6,1,2,0.5,1,1,1.0,0,1,1,2,1,1,1,1,0,3,6,0.5,0,1,0.0,2,2,1.0,0,1,1,2,1,0,1,0,0
0022501205,2025-12-11,2025-26,regular_season,False,1610612745,HOU,Houston Rockets,1610612746,LAC,LA Clippers,14,10,W,5,15,0.333,0,4,0.0,4,6,0.667,5,4,9,2,0,0,2,5,4,2,7,0.286,1,5,0.2,5,7,0.714,1,3,4,2,1,1,2,6,-4
0022501212,2025-12-12,2025-26,regular_season,False,1610612764,WAS,Washington Wizards,1610612739,CLE,Cleveland Cavaliers,4,14,L,2,11,0.182,0,6,0.0,0,2,0.0,4,2,6,1,0,0,1,2,-10,4,7,0.571,2,3,0.667,4,4,1.0,0,6,6,3,1,0,0,1,10
0022501211,2025-12-12,2025-26,regular_season,False,1610612755,PHI,Philadelphia 76ers,1610612754,IND,Indiana Pacers,12,2,W,3,5,0.6,0,2,0.0,6,6,1.0,1,3,4,1,0,0,0,1,10,0,3,0.0,0,0,0.0,2,3,0.667,0,1,1,0,0,0,0,3,-10
0022501209,2025-12-12,2025-26,regular_season,False,1610612766,CHA,Charlotte Hornets,1610612741,CHI,Chicago Bulls,17,21,L,7,13,0.538,0,4,0.0,3,3,1.0,1,1,2,3,0,0,0,3,-4,8,11,0.727,0,0,0.0,5,6,0.833,2,3,5,4,0,0,0,2,4
0022501213,2025-12-12,2025-26,regular_season,False,1610612763,MEM,Memphis Grizzlies,1610612762,UTA,Utah Jazz,8,13,L,3,10,0.3,2,5,0.4,0,0,0.0,4,3,7,1,0,0,3,2,-5,5,9,0.556,1,5,0.2,2,2,1.0,0,2,2,3,2,1,1,3,5
0022501215,2025-12-12,2025-26,regular_season,False,1610612744,GSW,Golden State Warriors,1610612750,MIN,Minnesota Timberwolves,12,17,L,3,7,0.429,2,3,0.667,4,6,0.667,0,1,1,2,2,0,0,5,-5,6,7,0.857,2,2,1.0,3,4,0.75,1,3,4,4,0,0,3,2,5
0022501214,2025-12-12,2025-26,regular_season,False,1610612742,DAL,Dallas Mavericks,1610612751,BKN,Brooklyn Nets,9,8,W,3,8,0.375,1,4,0.25,2,2,1.0,1,2,3,2,1,0,0,1,1,2,4,0.5,1,1,1.0,3,4,0.75,0,4,4,2,0,0,2,1,-1
0022501230,2025-12-13,2025-26,nba_cup_semi,True,1610612760,OKC,Oklahoma City Thunder,1610612759,SAS,San Antonio Spurs,14,17,L,3,11,0.273,1,5,0.2,7,10,0.7,4,5,9,1,1,2,0,7,-3,3,8,0.375,1,2,0.5,10,14,0.714,1,5,6,2,0,0,1,5,3
0022501221,2025-12-14,2025-26,regular_season,False,1610612757,POR,Portland Trail Blazers,1610612744,GSW,Golden State Warriors,20,11,W,5,6,0.833,2,2,1.0,8,8,1.0,0,4,4,4,1,1,2,2,9,4,12,0.333,2,5,0.4,1,1,1.0,3,1,4,3,2,0,2,6,-9
0022501217,2025-12-14,2025-26,regular_season,False,1610612737,ATL,Atlanta Hawks,1610612755,PHI,Philadelphia 76ers,9,11,L,3,10,0.3,1,2,0.5,2,2,1.0,2,5,7,2,1,0,1,1,-2,4,11,0.364,3,8,0.375,0,0,0.0,2,5,7,2,1,1,1,2,2
0022501218,2025-12-14,2025-26,regular_season,False,1610612739,CLE,Cleveland Cavaliers,1610612766,CHA,Charlotte Hornets,10,13,L,3,17,0.176,0,5,0.0,4,4,1.0,2,7,9,3,1,1,2,4,-3,3,14,0.214,1,5,0.2,6,6,1.0,1,10,11,1,1,0,4,7,3
0022501223,2025-12-14,2025-26,regular_season,False,1610612741,CHI,Chicago Bulls,1610612740,NOP,New Orleans Pelicans,0,1,L,0,0,0.0,0,0,0.0,0,0,0.0,0,0,0,0,1,0,1,1,-1,0,0,0.0,0,0,0.0,1,1,1.0,0,0,0,0,1,0,0,0,1
0022501228,2025-12-14,2025-26,regular_season,False,1610612756,PHX,Phoenix Suns,1610612747,LAL,Los Angeles Lakers,8,5,W,2,4,0.5,2,3,0.667,2,2,1.0,1,3,4,2,0,1,0,2,3,1,3,0.333,0,1,0.0,3,6,0.5,0,1,1,1,0,1,0,1,-3
0022501224,2025-12-15,2025-26,regular_season,False,1610612762,UTA,Utah Jazz,1610612742,DAL,Dallas Mavericks,21,8,W,8,16,0.5,1,5,0.2,4,5,0.8,2,10,12,2,0,2,0,7,13,1,12,0.083,0,3,0.0,6,8,0.75,3,6,9,0,0,0,0,2,-13
0022501227,2025-12-15,2025-26,regular_season,False,1610612748,MIA,Miami Heat,1610612761,TOR,Toronto Raptors,1,2,L,0,0,0.0,0,0,0.0,1,1,1.0,0,0,0,0,0,0,0,0,-1,1,1,1.0,0,0,0.0,0,0,0.0,0,0,0,0,0,0,0,0,1
0022501222,2025-12-15,2025-26,regular_season,False,1610612738,BOS,Boston Celtics,1610612765,DET,Detroit Pistons,2,7,L,1,2,0.5,0,1,0.0,0,2,0.0,0,0,0,0,0,0,1,3,-5,2,3,0.667,0,1,0.0,3,3,1.0,0,1,1,0,1,1,1,2,5
0022501225,2025-12-15,2025-26,regular_season,False,1610612743,DEN,Denver Nuggets,1610612745,HOU,Houston Rockets,26,19,W,7,11,0.636,4,6,0.667,8,12,0.667,0,7,7,3,0,0,0,4,7,7,15,0.467,3,5,0.6,2,3,0.667,1,6,7,4,0,1,1,10,-7
0062500001,2025-12-16,2025-26,nba_cup_final,True,1610612759,SAS,San Antonio Spurs,1610612752,NYK,New York Knicks,2,8,L,0,4,0.0,0,1,0.0,2,2,1.0,1,1,2,0,0,0,0,0,-6,3,4,0.75,2,3,0.667,0,0,0.0,0,3,3,1,0,2,2,2,6
0022500368,2025-12-17,2025-26,regular_season,False,1610612750,MIN,Minnesota Timberwolves,1610612763,MEM,Memphis Grizzlies,5,10,L,1,7,0.143,0,3,0.0,3,4,0.75,1,4,5,1,1,0,1,2,-5,2,5,0.4,2,5,0.4,4,4,1.0,0,5,5,2,1,2,2,2,5
0022500374,2025-12-18,2025-26,regular_season,False,1610612749,MIL,Milwaukee Bucks,1610612761,TOR,Toronto Raptors,0,2,L,0,0,0.0,0,0,0.0,0,0,0.0,0,0,0,0,0,0,0,0,-2,1,2,0.5,0,1,0.0,0,0,0.0,1,0,1,0,0,0,0,0,2
0022500375,2025-12-18,2025-26,regular_season,False,1610612740,NOP,New Orleans Pelicans,1610612745,HOU,Houston Rockets,23,16,W,7,13,0.538,1,3,0.333,8,8,1.0,2,7,9,5,2,1,1,4,7,6,19,0.316,0,5,0.0,4,7,0.571,5,4,9,2,0,1,2,6,-7
0022500372,2025-12-18,2025-26,regular_season,False,1610612754,IND,Indiana Pacers,1610612752,NYK,New York Knicks,4,8,L,1,6,0.167,0,0,0.0,2,2,1.0,1,2,3,0,0,1,1,1,-4,3,7,0.429,2,3,0.667,0,0,0.0,2,3,5,1,1,1,1,2,4
0022500378,2025-12-18,2025-26,regular_season,False,1610612756,PHX,Phoenix Suns,1610612744,GSW,Golden State Warriors,13,14,L,4,9,0.444,0,4,0.0,5,6,0.833,2,2,4,1,2,0,0,2,-1,4,6,0.667,2,3,0.667,4,4,1.0,0,3,3,4,0,0,2,4,1
0022500371,2025-12-18,2025-26,regular_season,False,1610612766,CHA,Charlotte Hornets,1610612737,ATL,Atlanta Hawks,11,7,W,4,7,0.571,2,3,0.667,1,1,1.0,1,2,3,1,2,1,2,0,4,3,5,0.6,1,2,0.5,0,0,0.0,0,2,2,1,1,1,2,2,-4
0022500376,2025-12-18,2025-26,regular_season,False,1610612742,DAL,Dallas Mavericks,1610612765,DET,Detroit Pistons,19,13,W,8,20,0.4,0,3,0.0,3,4,0.75,4,10,14,2,1,3,2,4,6,5,20,0.25,0,6,0.0,3,4,0.75,5,8,13,2,1,2,4,5,-6
0022500380,2025-12-18,2025-26,regular_season,False,1610612757,POR,Portland Trail Blazers,1610612758,SAC,Sacramento Kings,21,20,W,6,8,0.75,1,3,0.333,8,15,0.533,1,2,3,2,0,1,3,6,1,5,8,0.625,1,2,0.5,9,9,1.0,1,3,4,0,2,0,1,9,-1
0022500379,2025-12-18,2025-26,regular_season,False,1610612762,UTA,Utah Jazz,1610612747,LAL,Los Angeles Lakers,0,8,L,0,0,0.0,0,0,0.0,0,1,0.0,0,0,0,0,0,0,0,2,-8,2,2,1.0,1,1,1.0,1,1,1.0,0,1,1,2,0,0,0,0,8
0022500385,2025-12-19,2025-26,regular_season,False,1610612750,MIN,Minnesota Timberwolves,1610612760,OKC,Oklahoma City Thunder,12,10,W,2,5,0.4,1,2,0.5,7,8,0.875,1,3,4,1,1,1,3,4,2,2,11,0.182,1,6,0.167,5,6,0.833,4,1,5,1,2,0,1,4,-2
0022500382,2025-12-19,2025-26,regular_season,False,1610612752,NYK,New York Knicks,1610612755,PHI,Philadelphia 76ers,2,8,L,1,3,0.333,0,1,0.0,0,0,0.0,0,2,2,1,0,0,0,1,-6,3,5,0.6,1,2,0.5,1,1,1.0,0,2,2,3,0,0,0,0,6
0022500384,2025-12-19,2025-26,regular_season,False,1610612739,CLE,Cleveland Cavaliers,1610612741,CHI,Chicago Bulls,5,9,L,2,7,0.286,0,1,0.0,1,2,0.5,3,1,4,0,0,0,0,3,-4,3,5,0.6,1,1,1.0,2,2,1.0,1,2,3,1,0,0,1,3,4
0022500392,2025-12-20,2025-26,regular_season,False,1610612744,GSW,Golden State Warriors,1610612756,PHX,Phoenix Suns,14,10,W,5,8,0.625,1,4,0.25,3,3,1.0,0,1,1,4,0,1,0,2,4,3,6,0.5,2,5,0.4,2,2,1.0,0,3,3,2,0,0,0,2,-4
0022500391,2025-12-20,2025-26,regular_season,False,1610612763,MEM,Memphis Grizzlies,1610612764,WAS,Washington Wizards,10,16,L,3,9,0.333,1,5,0.2,3,6,0.5,4,4,8,3,0,0,2,4,-6,4,8,0.5,3,5,0.6,5,5,1.0,0,4,4,3,0,1,0,3,6
0022500387,2025-12-20,2025-26,regular_season,False,1610612755,PHI,Philadelphia 76ers,1610612742,DAL,Dallas Mavericks,3,0,W,1,1,1.0,0,0,0.0,1,1,1.0,0,0,0,0,0,0,0,0,3,0,0,0.0,0,0,0.0,0,0,0.0,0,0,0,0,0,0,0,2,-3
0022500394,2025-12-20,2025-26,regular_season,False,1610612758,SAC,Sacramento Kings,1610612757,POR,Portland Trail Blazers,6,10,L,1,10,0.1,1,7,0.143,3,4,0.75,3,3,6,0,5,1,1,4,-4,4,10,0.4,0,3,0.0,2,5,0.4,4,6,10,1,0,0,4,3,4
0022500393,2025-12-20,2025-26,regular_season,False,1610612762,UTA,Utah Jazz,1610612753,ORL,Orlando Magic,19,17,W,5,14,0.357,2,7,0.286,7,8,0.875,2,5,7,3,0,0,1,6,2,6,16,0.375,0,4,0.0,5,8,0.625,5,7,12,3,1,1,2,7,-2
0022500400,2025-12-21,2025-26,regular_season,False,1610612750,MIN,Minnesota Timberwolves,1610612749,MIL,Milwaukee Bucks,7,2,W,3,6,0.5,1,2,0.5,0,0,0.0,0,2,2,2,1,0,0,1,5,1,3,0.333,0,0,0.0,0,0,0.0,0,3,3,1,0,1,1,1,-5
0022500401,2025-12-21,2025-26,regular_season,False,1610612758,SAC,Sacramento Kings,1610612745,HOU,Houston Rockets,22,19,W,7,16,0.438,2,7,0.286,6,6,1.0,2,9,11,3,2,0,3,6,3,6,15,0.4,1,7,0.143,6,8,0.75,2,6,8,4,2,0,3,3,-3
0022500398,2025-12-21,2025-26,regular_season,False,1610612752,NYK,New York Knicks,1610612748,MIA,Miami Heat,5,2,W,2,2,1.0,1,1,1.0,0,0,0.0,0,1,1,2,0,0,1,1,3,0,1,0.0,0,0,0.0,2,2,1.0,0,0,0,0,1,0,0,0,-3
0022500396,2025-12-21,2025-26,regular_season,False,1610612737,ATL,Atlanta Hawks,1610612741,CHI,Chicago Bulls,11,18,L,4,5,0.8,1,1,1.0,2,2,1.0,0,2,2,3,0,0,1,4,-7,6,9,0.667,3,4,0.75,3,6,0.5,1,0,1,4,1,0,1,1,7
0022500404,2025-12-22,2025-26,regular_season,False,1610612740,NOP,New Orleans Pelicans,1610612742,DAL,Dallas Mavericks,8,1,W,2,3,0.667,0,0,0.0,4,4,1.0,1,3,4,2,0,0,0,0,7,0,3,0.0,0,0,0.0,1,2,0.5,1,0,1,0,0,0,0,2,-7
0022500408,2025-12-22,2025-26,regular_season,False,1610612757,POR,Portland Trail Blazers,1610612765,DET,Detroit Pistons,6,10,L,2,3,0.667,1,1,1.0,1,4,0.25,1,2,3,1,0,1,2,1,-4,4,12,0.333,0,4,0.0,2,2,1.0,5,1,6,0,1,0,0,2,4
0022500403,2025-12-22,2025-26,regular_season,False,1610612738,BOS,Boston Celtics,1610612754,IND,Indiana Pacers,9,3,W,2,5,0.4,1,2,0.5,3,3,1.0,1,3,4,2,0,0,1,1,6,1,4,0.25,0,2,0.0,1,1,1.0,0,1,1,0,1,0,2,2,-6
0022500420,2025-12-23,2025-26,regular_season,False,1610612757,POR,Portland Trail Blazers,1610612753,ORL,Orlando Magic,6,8,L,2,9,0.222,0,2,0.0,2,3,0.667,2,6,8,1,1,1,1,4,-2,2,7,0.286,1,1,1.0,3,4,0.75,0,6,6,2,0,2,1,3,2
0022500411,2025-12-23,2025-26,regular_season,False,1610612737,ATL,Atlanta Hawks,1610612741,CHI,Chicago Bulls,6,13,L,3,7,0.429,0,3,0.0,0,0,0.0,0,2,2,2,1,0,1,4,-7,3,5,0.6,1,2,0.5,6,7,0.857,1,3,4,0,0,0,1,1,7
0022500415,2025-12-23,2025-26,regular_season,False,1610612742,DAL,Dallas Mavericks,1610612743,DEN,Denver Nuggets,12,9,W,5,9,0.556,2,2,1.0,0,0,0.0,1,3,4,2,0,1,1,1,3,4,8,0.5,1,5,0.2,0,0,0.0,1,1,2,3,0,0,0,1,-3
0022500009,2025-12-25,2025-26,regular_season,False,1610612752,NYK,New York Knicks,1610612739,CLE,Cleveland Cavaliers,20,13,W,8,12,0.667,3,4,0.75,1,4,0.25,2,6,8,4,0,1,2,1,7,5,14,0.357,1,5,0.2,2,2,1.0,2,3,5,1,2,0,0,3,-7
0022500013,2025-12-25,2025-26,regular_season,False,1610612743,DEN,Denver Nuggets,1610612750,MIN,Minnesota Timberwolves,33,28,W,6,12,0.5,3,8,0.375,15,17,0.882,2,3,5,3,0,0,1,5,5,8,12,0.667,2,4,0.5,10,12,0.833,1,4,5,4,1,1,3,11,-5
0022500427,2025-12-26,2025-26,regular_season,False,1610612741,CHI,Chicago Bulls,1610612755,PHI,Philadelphia 76ers,12,4,W,5,10,0.5,1,4,0.25,1,2,0.5,4,5,9,2,0,1,0,0,8,2,7,0.286,0,2,0.0,0,0,0.0,0,3,3,2,0,1,0,1,-8
0022500429,2025-12-26,2025-26,regular_season,False,1610612740,NOP,New Orleans Pelicans,1610612756,PHX,Phoenix Suns,7,18,L,3,10,0.3,0,3,0.0,1,2,0.5,2,2,4,1,0,0,2,5,-11,5,7,0.714,0,1,0.0,8,10,0.8,0,6,6,3,2,1,0,0,11
0022500430,2025-12-26,2025-26,regular_season,False,1610612762,UTA,Utah Jazz,1610612765,DET,Detroit Pistons,6,7,L,3,7,0.429,0,0,0.0,0,0,0.0,1,5,6,1,1,1,6,5,-1,1,8,0.125,0,2,0.0,5,6,0.833,0,3,3,0,3,1,2,1,1
0022500433,2025-12-27,2025-26,regular_season,False,1610612753,ORL,Orlando Magic,1610612743,DEN,Denver Nuggets,13,15,L,4,10,0.4,0,2,0.0,5,6,0.833,0,1,1,3,1,0,0,5,-2,3,7,0.429,1,1,1.0,8,9,0.889,2,4,6,2,0,1,1,4,2
0022500435,2025-12-27,2025-26,regular_season,False,1610612737,ATL,Atlanta Hawks,1610612752,NYK,New York Knicks,14,14,L,4,7,0.571,2,3,0.667,4,4,1.0,0,1,1,3,2,0,1,3,0,4,8,0.5,1,3,0.333,5,5,1.0,2,3,5,1,1,0,3,2,0
0022500434,2025-12-27,2025-26,regular_season,False,1610612740,NOP,New Orleans Pelicans,1610612756,PHX,Phoenix Suns,2,6,L,0,0,0.0,0,0,0.0,2,2,1.0,0,0,0,0,0,0,1,1,-4,2,2,1.0,1,1,1.0,1,2,0.5,0,0,0,0,1,0,0,1,4
0022500440,2025-12-27,2025-26,regular_season,False,1610612759,SAS,San Antonio Spurs,1610612762,UTA,Utah Jazz,0,5,L,0,2,0.0,0,1,0.0,0,0,0.0,0,1,1,0,1,0,0,0,-5,2,4,0.5,1,3,0.333,0,0,0.0,1,2,3,1,0,0,1,0,5
0022500437,2025-12-27,2025-26,regular_season,False,1610612741,CHI,Chicago Bulls,1610612749,MIL,Milwaukee Bucks,2,11,L,1,4,0.25,0,2,0.0,0,0,0.0,0,0,0,1,0,0,0,3,-9,3,5,0.6,1,2,0.5,4,5,0.8,3,3,6,0,0,0,2,1,9
0022500432,2025-12-27,2025-26,regular_season,False,1610612758,SAC,Sacramento Kings,1610612742,DAL,Dallas Mavericks,4,1,W,1,2,0.5,0,0,0.0,2,2,1.0,0,1,1,1,0,0,1,1,3,0,2,0.0,0,0,0.0,1,2,0.5,1,1,2,0,1,0,1,3,-3
0022500443,2025-12-28,2025-26,regular_season,False,1610612764,WAS,Washington Wizards,1610612763,MEM,Memphis Grizzlies,12,10,W,4,6,0.667,0,1,0.0,4,4,1.0,0,3,3,1,1,3,3,4,2,3,11,0.273,2,5,0.4,2,4,0.5,2,1,3,2,2,0,2,3,-2
0022500444,2025-12-28,2025-26,regular_season,False,1610612757,POR,Portland Trail Blazers,1610612738,BOS,Boston Celtics,14,10,W,4,8,0.5,2,6,0.333,4,7,0.571,1,2,3,2,4,0,2,2,4,4,6,0.667,2,4,0.5,0,0,0.0,0,3,3,2,2,0,5,4,-4
0022500441,2025-12-28,2025-26,regular_season,False,1610612761,TOR,Toronto Raptors,1610612744,GSW,Golden State Warriors,19,10,W,8,16,0.5,3,10,0.3,0,0,0.0,5,1,6,5,3,0,0,1,9,4,10,0.4,1,4,0.25,1,1,1.0,3,1,4,1,0,0,5,3,-9
0022500455,2025-12-29,2025-26,regular_season,False,1610612760,OKC,Oklahoma City Thunder,1610612737,ATL,Atlanta Hawks,6,0,W,2,4,0.5,2,2,1.0,0,0,0.0,0,0,0,2,0,0,0,0,6,0,0,0.0,0,0,0.0,0,0,0.0,0,1,1,0,0,2,1,0,-6
0022500454,2025-12-29,2025-26,regular_season,False,1610612740,NOP,New Orleans Pelicans,1610612752,NYK,New York Knicks,11,18,L,4,9,0.444,1,5,0.2,2,2,1.0,0,1,1,2,0,0,0,3,-7,6,8,0.75,2,4,0.5,4,4,1.0,1,3,4,4,0,0,0,2,7
0022500457,2025-12-29,2025-26,regular_season,False,1610612757,POR,Portland Trail Blazers,1610612742,DAL,Dallas Mavericks,16,12,W,4,7,0.571,2,3,0.667,6,8,0.75,0,4,4,3,0,1,1,2,4,4,11,0.364,2,6,0.333,2,2,1.0,1,5,6,3,0,0,1,4,-4
0022500449,2025-12-29,2025-26,regular_season,False,1610612751,BKN,Brooklyn Nets,1610612744,GSW,Golden State Warriors,1,4,L,0,0,0.0,0,0,0.0,1,1,1.0,0,0,0,0,0,0,0,1,-3,1,1,1.0,0,0,0.0,2,2,1.0,0,0,0,0,0,0,0,0,3
0022500451,2025-12-29,2025-26,regular_season,False,1610612761,TOR,Toronto Raptors,1610612753,ORL,Orlando Magic,7,4,W,2,6,0.333,0,2,0.0,3,6,0.5,1,6,7,1,0,2,1,0,3,2,10,0.2,0,4,0.0,0,0,0.0,2,3,5,2,0,0,0,3,-3
0022500447,2025-12-29,2025-26,regular_season,False,1610612766,CHA,Charlotte Hornets,1610612749,MIL,Milwaukee Bucks,0,2,L,0,0,0.0,0,0,0.0,0,0,0.0,0,0,0,0,0,0,0,0,-2,1,1,1.0,0,0,0.0,0,0,0.0,0,0,0,1,0,0,0,0,2
0022500458,2025-12-30,2025-26,regular_season,False,1610612763,MEM,Memphis Grizzlies,1610612755,PHI,Philadelphia 76ers,15,20,L,6,14,0.429,0,6,0.0,3,4,0.75,1,9,10,2,1,2,2,1,-5,8,20,0.4,3,6,0.5,1,2,0.5,4,6,10,6,1,0,2,5,5
0022500469,2025-12-31,2025-26,regular_season,False,1610612749,MIL,Milwaukee Bucks,1610612764,WAS,Washington Wizards,6,5,W,1,10,0.1,1,3,0.333,3,4,0.75,3,8,11,1,0,1,2,1,1,2,10,0.2,0,2,0.0,1,2,0.5,1,5,6,1,1,2,0,4,-1
0022500464,2025-12-31,2025-26,regular_season,False,1610612754,IND,Indiana Pacers,1610612753,ORL,Orlando Magic,6,8,L,2,7,0.286,0,2,0.0,2,2,1.0,0,5,5,2,0,1,1,2,-2,4,9,0.444,0,1,0.0,0,1,0.0,0,4,4,1,0,1,1,3,2
0022500468,2025-12-31,2025-26,regular_season,False,1610612761,TOR,Toronto Raptors,1610612743,DEN,Denver Nuggets,8,8,L,2,12,0.167,1,8,0.125,3,4,0.75,4,4,8,1,0,2,1,4,0,2,8,0.25,0,2,0.0,4,8,0.5,1,6,7,1,1,2,1,3,0
0022500462,2025-12-31,2025-26,regular_season,False,1610612766,CHA,Charlotte Hornets,1610612744,GSW,Golden State Warriors,0,11,L,0,0,0.0,0,0,0.0,0,0,0.0,0,1,1,0,0,0,1,2,-11,4,6,0.667,2,4,0.5,1,1,1.0,1,0,1,3,1,0,0,0,11
0022500467,2025-12-31,2025-26,regular_season,False,1610612759,SAS,San Antonio Spurs,1610612752,NYK,New York Knicks,21,15,W,5,9,0.556,1,3,0.333,10,11,0.909,3,4,7,2,1,0,2,0,6,5,13,0.385,3,9,0.333,2,2,1.0,2,1,3,1,2,1,0,6,-6
0022500472,2026-01-01,2025-26,regular_season,False,1610612765,DET,Detroit Pistons,1610612748,MIA,Miami Heat,3,4,L,1,1,1.0,1,1,1.0,0,0,0.0,0,1,1,1,0,0,1,1,-1,1,2,0.5,0,0,0.0,2,2,1.0,0,0,0,0,1,0,0,0,1
0022500481,2026-01-02,2025-26,regular_season,False,1610612749,MIL,Milwaukee Bucks,1610612766,CHA,Charlotte Hornets,17,15,W,7,10,0.7,2,5,0.4,1,1,1.0,1,3,4,6,0,0,1,4,2,4,8,0.5,1,4,0.25,6,7,0.857,1,3,4,2,1,0,1,3,-2
0022500478,2026-01-02,2025-26,regular_season,False,1610612739,CLE,Cleveland Cavaliers,1610612743,DEN,Denver Nuggets,12,2,W,3,8,0.375,1,5,0.2,5,6,0.833,3,6,9,3,1,0,1,2,10,1,8,0.125,0,7,0.0,0,0,0.0,0,3,3,1,0,0,1,4,-10
0022500485,2026-01-02,2025-26,regular_season,False,1610612747,LAL,Los Angeles Lakers,1610612763,MEM,Memphis Grizzlies,8,0,W,3,5,0.6,2,3,0.667,0,0,0.0,1,1,2,2,1,0,0,0,8,0,3,0.0,0,1,0.0,0,0,0.0,1,1,2,0,0,0,1,0,-8
0022500480,2026-01-02,2025-26,regular_season,False,1610612741,CHI,Chicago Bulls,1610612753,ORL,Orlando Magic,12,6,W,4,6,0.667,0,2,0.0,4,4,1.0,0,4,4,3,0,0,1,2,6,2,7,0.286,0,5,0.0,2,2,1.0,0,2,2,1,1,0,0,2,-6
0022500490,2026-01-03,2025-26,regular_season,False,1610612759,SAS,San Antonio Spurs,1610612757,POR,Portland Trail Blazers,7,11,L,3,9,0.333,0,2,0.0,1,1,1.0,2,2,4,2,2,2,0,3,-4,3,7,0.429,3,5,0.6,2,6,0.333,3,3,6,2,0,0,2,1,4
0022500491,2026-01-03,2025-26,regular_season,False,1610612742,DAL,Dallas Mavericks,1610612745,HOU,Houston Rockets,2,0,W,1,1,1.0,0,0,0.0,0,0,0.0,0,0,0,0,0,0,0,0,2,0,0,0.0,0,0,0.0,0,0,0.0,0,0,0,0,0,0,0,0,-2
0022500499,2026-01-04,2025-26,regular_season,False,1610612756,PHX,Phoenix Suns,1610612760,OKC,Oklahoma City Thunder,17,11,W,6,7,0.857,2,2,1.0,3,3,1.0,0,4,4,2,0,0,1,2,6,3,9,0.333,1,5,0.2,4,5,0.8,1,1,2,1,0,0,0,0,-6
0022500501,2026-01-04,2025-26,regular_season,False,1610612747,LAL,Los Angeles Lakers,1610612763,MEM,Memphis Grizzlies,13,4,W,3,4,0.75,1,2,0.5,6,7,0.857,0,3,3,3,0,1,0,0,9,2,4,0.5,0,0,0.0,0,0,0.0,0,1,1,1,0,0,0,5,-9
0022500494,2026-01-04,2025-26,regular_season,False,1610612739,CLE,Cleveland Cavaliers,1610612765,DET,Detroit Pistons,8,8,L,2,4,0.5,1,2,0.5,3,4,0.75,1,2,3,1,0,0,1,3,0,2,6,0.333,0,1,0.0,4,4,1.0,1,1,2,1,1,0,1,2,0
0022500495,2026-01-04,2025-26,regular_season,False,1610612753,ORL,Orlando Magic,1610612754,IND,Indiana Pacers,7,4,W,2,3,0.667,1,1,1.0,2,2,1.0,1,0,1,1,1,0,1,0,3,2,2,1.0,0,0,0.0,0,0,0.0,0,0,0,2,1,0,1,1,-3
0022500508,2026-01-05,2025-26,regular_season,False,1610612746,LAC,LA Clippers,1610612744,GSW,Golden State Warriors,9,6,W,3,6,0.5,1,3,0.333,2,2,1.0,1,0,1,3,0,0,0,0,3,2,3,0.667,1,1,1.0,1,1,1.0,0,1,1,2,0,0,0,1,-3
0022500505,2026-01-05,2025-26,regular_season,False,1610612745,HOU,Houston Rockets,1610612756,PHX,Phoenix Suns,6,8,L,2,8,0.25,1,2,0.5,1,1,1.0,2,1,3,1,0,0,2,3,-2,2,7,0.286,1,5,0.2,3,4,0.75,2,4,6,1,1,0,3,1,2
0022500507,2026-01-05,2025-26,regular_season,False,1610612755,PHI,Philadelphia 76ers,1610612743,DEN,Denver Nuggets,17,14,W,6,17,0.353,3,8,0.375,2,2,1.0,2,5,7,4,2,2,4,2,3,5,13,0.385,2,4,0.5,2,3,0.667,2,7,9,2,2,4,8,3,-3
0022500515,2026-01-06,2025-26,regular_season,False,1610612758,SAC,Sacramento Kings,1610612742,DAL,Dallas Mavericks,11,14,L,5,11,0.455,1,4,0.25,0,0,0.0,1,2,3,2,2,0,1,1,-3,6,8,0.75,2,4,0.5,0,2,0.0,2,3,5,2,1,1,2,1,3
0022500510,2026-01-06,2025-26,regular_season,False,1610612754,IND,Indiana Pacers,1610612739,CLE,Cleveland Cavaliers,6,15,L,1,3,0.333,0,0,0.0,4,6,0.667,0,1,1,1,0,0,2,3,-9,6,7,0.857,0,1,0.0,3,4,0.75,1,4,5,3,1,0,2,3,9
0022500511,2026-01-06,2025-26,regular_season,False,1610612764,WAS,Washington Wizards,1610612753,ORL,Orlando Magic,2,0,W,1,1,1.0,0,0,0.0,0,0,0.0,0,0,0,1,0,2,0,0,2,0,2,0.0,0,0,0.0,0,0,0.0,1,0,1,0,0,0,0,0,-2
0022500512,2026-01-06,2025-26,regular_season,False,1610612763,MEM,Memphis Grizzlies,1610612759,SAS,San Antonio Spurs,9,12,L,3,8,0.375,1,3,0.333,2,4,0.5,1,4,5,2,2,1,2,0,-3,5,10,0.5,2,4,0.5,0,0,0.0,1,4,5,4,1,1,2,2,3
0022500514,2026-01-06,2025-26,regular_season,False,1610612740,NOP,New Orleans Pelicans,1610612747,LAL,Los Angeles Lakers,1,7,L,0,0,0.0,0,0,0.0,1,1,1.0,0,0,0,0,0,0,0,0,-6,3,3,1.0,1,1,1.0,0,0,0.0,1,0,1,0,0,0,0,0,6
0022500527,2026-01-07,2025-26,regular_season,False,1610612757,POR,Portland Trail Blazers,1610612745,HOU,Houston Rockets,11,11,W,4,7,0.571,0,2,0.0,3,4,0.75,1,0,1,2,0,1,2,3,0,3,8,0.375,1,4,0.25,4,5,0.8,3,3,6,2,0,1,1,3,0
0022500520,2026-01-07,2025-26,regular_season,False,1610612738,BOS,Boston Celtics,1610612743,DEN,Denver Nuggets,2,1,W,0,0,0.0,0,0,0.0,2,2,1.0,0,0,0,0,0,0,0,1,1,0,1,0.0,0,0,0.0,1,2,0.5,1,0,1,0,0,0,0,0,-1
0022500521,2026-01-07,2025-26,regular_season,False,1610612751,BKN,Brooklyn Nets,1610612753,ORL,Orlando Magic,15,13,W,5,11,0.455,4,8,0.5,1,2,0.5,1,3,4,2,2,0,2,3,2,6,13,0.462,1,6,0.167,0,0,0.0,1,5,6,4,1,1,3,3,-2
0022500516,2026-01-07,2025-26,regular_season,False,1610612766,CHA,Charlotte Hornets,1610612761,TOR,Toronto Raptors,13,11,W,4,7,0.571,1,3,0.333,4,5,0.8,1,3,4,3,0,0,0,1,2,4,9,0.444,2,5,0.4,1,1,1.0,1,3,4,2,0,0,0,3,-2
0022500525,2026-01-07,2025-26,regular_season,False,1610612760,OKC,Oklahoma City Thunder,1610612762,UTA,Utah Jazz,26,18,W,9,19,0.474,0,7,0.0,8,11,0.727,4,10,14,4,2,1,1,3,8,7,21,0.333,3,8,0.375,1,1,1.0,4,6,10,4,1,0,2,8,-8
0022500531,2026-01-08,2025-26,regular_season,False,1610612762,UTA,Utah Jazz,1610612742,DAL,Dallas Mavericks,13,4,W,6,7,0.857,1,1,1.0,0,2,0.0,0,4,4,3,2,0,0,1,9,1,5,0.2,1,4,0.25,1,2,0.5,1,2,3,1,0,0,3,2,-9
0022500528,2026-01-08,2025-26,regular_season,False,1610612766,CHA,Charlotte Hornets,1610612754,IND,Indiana Pacers,8,8,L,1,7,0.143,0,4,0.0,6,7,0.857,0,2,2,1,0,0,2,3,0,3,8,0.375,0,2,0.0,2,3,0.667,2,3,5,0,2,1,3,4,0
0022500530,2026-01-08,2025-26,regular_season,False,1610612750,MIN,Minnesota Timberwolves,1610612739,CLE,Cleveland Cavaliers,4,0,W,2,2,1.0,0,0,0.0,0,0,0.0,0,0,0,0,0,0,0,0,4,0,0,0.0,0,0,0.0,0,0,0.0,0,0,0,0,0,0,0,0,-4
0022500538,2026-01-09,2025-26,regular_season,False,1610612756,PHX,Phoenix Suns,1610612752,NYK,New York Knicks,11,10,W,2,5,0.4,1,3,0.333,6,8,0.75,1,1,2,1,0,0,2,2,1,3,5,0.6,1,2,0.5,3,5,0.6,0,3,3,2,1,0,3,5,-1
0022500536,2026-01-09,2025-26,regular_season,False,1610612763,MEM,Memphis Grizzlies,1610612760,OKC,Oklahoma City Thunder,2,8,L,1,6,0.167,0,2,0.0,0,0,0.0,1,1,2,0,1,1,1,1,-6,2,4,0.5,2,2,1.0,2,2,1.0,0,3,3,2,1,1,1,0,6
0022500541,2026-01-09,2025-26,regular_season,False,1610612747,LAL,Los Angeles Lakers,1610612749,MIL,Milwaukee Bucks,7,13,L,2,10,0.2,1,4,0.25,2,2,1.0,2,3,5,1,0,0,1,4,-6,2,5,0.4,1,2,0.5,8,9,0.889,1,4,5,2,1,1,1,2,6
0022500540,2026-01-09,2025-26,regular_season,False,1610612757,POR,Portland Trail Blazers,1610612745,HOU,Houston Rockets,18,6,W,3,7,0.429,1,3,0.333,11,11,1.0,3,3,6,2,2,0,2,1,12,2,10,0.2,0,8,0.0,2,2,1.0,3,1,4,2,1,0,2,5,-12
0022500544,2026-01-10,2025-26,regular_season,False,1610612765,DET,Detroit Pistons,1610612746,LAC,LA Clippers,5,13,L,2,6,0.333,0,3,0.0,1,4,0.25,3,3,6,0,0,1,4,6,-8,2,5,0.4,0,1,0.0,9,12,0.75,0,3,3,1,3,1,0,2,8
0022500545,2026-01-10,2025-26,regular_season,False,1610612738,BOS,Boston Celtics,1610612759,SAS,San Antonio Spurs,6,16,L,2,9,0.222,0,6,0.0,2,2,1.0,1,2,3,0,0,1,1,3,-10,6,11,0.545,1,3,0.333,3,5,0.6,3,6,9,1,1,1,0,2,10
0022500548,2026-01-11,2025-26,regular_season,False,1610612753,ORL,Orlando Magic,1610612740,NOP,New Orleans Pelicans,10,5,W,4,7,0.571,0,0,0.0,2,2,1.0,1,3,4,1,1,0,1,0,5,2,5,0.4,1,1,1.0,0,0,0.0,0,2,2,1,1,1,2,2,-5
0022500550,2026-01-11,2025-26,regular_season,False,1610612761,TOR,Toronto Raptors,1610612755,PHI,Philadelphia 76ers,24,18,W,7,18,0.389,1,5,0.2,9,12,0.75,5,4,9,6,6,1,3,6,6,7,14,0.5,2,7,0.286,2,3,0.667,2,5,7,0,2,1,6,7,-6
0022500557,2026-01-11,2025-26,regular_season,False,1610612758,SAC,Sacramento Kings,1610612745,HOU,Houston Rockets,6,0,W,2,3,0.667,2,2,1.0,0,0,0.0,0,0,0,2,2,0,0,1,6,0,0,0.0,0,0,0.0,0,2,0.0,0,1,1,0,0,1,2,0,-6
0022500549,2026-01-11,2025-26,regular_season,False,1610612763,MEM,Memphis Grizzlies,1610612751,BKN,Brooklyn Nets,10,6,W,3,9,0.333,2,5,0.4,2,2,1.0,3,6,9,3,1,2,0,1,4,2,8,0.25,2,6,0.333,0,0,0.0,1,3,4,2,0,2,1,1,-4
0022500552,2026-01-11,2025-26,regular_season,False,1610612750,MIN,Minnesota Timberwolves,1610612759,SAS,San Antonio Spurs,13,8,W,6,10,0.6,0,2,0.0,1,1,1.0,2,3,5,1,1,1,0,1,5,3,10,0.3,1,4,0.25,1,1,1.0,2,2,4,2,0,1,1,1,-5
0022500554,2026-01-11,2025-26,regular_season,False,1610612743,DEN,Denver Nuggets,1610612749,MIL,Milwaukee Bucks,11,4,W,3,7,0.429,1,2,0.5,4,6,0.667,0,3,3,2,1,1,1,0,7,2,9,0.222,0,4,0.0,0,0,0.0,3,4,7,1,1,1,1,4,-7
0022500551,2026-01-11,2025-26,regular_season,False,1610612757,POR,Portland Trail Blazers,1610612752,NYK,New York Knicks,0,11,L,0,2,0.0,0,0,0.0,0,0,0.0,0,0,0,0,1,0,2,0,-11,4,4,1.0,3,3,1.0,0,0,0.0,0,2,2,3,2,1,1,0,11
0022500559,2026-01-12,2025-26,regular_season,False,1610612754,IND,Indiana Pacers,1610612738,BOS,Boston Celtics,7,6,W,3,8,0.375,1,4,0.25,0,0,0.0,1,5,6,0,1,1,2,2,1,2,7,0.286,1,4,0.25,1,2,0.5,0,4,4,1,1,0,1,0,-1
0022500561,2026-01-12,2025-26,regular_season,False,1610612742,DAL,Dallas Mavericks,1610612751,BKN,Brooklyn Nets,4,0,W,2,2,1.0,0,0,0.0,0,0,0.0,0,0,0,1,0,0,0,0,4,0,0,0.0,0,0,0.0,0,0,0.0,0,0,0,0,0,0,0,0,-4
0022500565,2026-01-13,2025-26,regular_season,False,1610612745,HOU,Houston Rockets,1610612741,CHI,Chicago Bulls,16,6,W,5,8,0.625,2,3,0.667,4,4,1.0,2,3,5,4,1,0,1,0,10,3,6,0.5,0,1,0.0,0,0,0.0,0,1,1,1,1,0,1,1,-10
0022500567,2026-01-13,2025-26,regular_season,False,1610612740,NOP,New Orleans Pelicans,1610612743,DEN,Denver Nuggets,9,18,L,3,6,0.5,1,1,1.0,2,2,1.0,1,2,3,3,1,0,4,3,-9,5,7,0.714,2,4,0.5,6,6,1.0,0,2,2,3,2,0,1,1,9
0022500564,2026-01-13,2025-26,regular_season,False,1610612748,MIA,Miami Heat,1610612756,PHX,Phoenix Suns,17,7,W,4,8,0.5,3,6,0.5,6,7,0.857,1,2,3,4,0,0,0,2,10,2,7,0.286,0,3,0.0,3,3,1.0,3,2,5,1,0,0,3,4,-10
0022500573,2026-01-14,2025-26,regular_season,False,1610612741,CHI,Chicago Bulls,1610612762,UTA,Utah Jazz,4,7,L,1,4,0.25,0,3,0.0,2,2,1.0,1,2,3,1,0,1,1,2,-3,1,3,0.333,0,1,0.0,5,5,1.0,0,1,1,1,0,0,0,1,3
0022500574,2026-01-14,2025-26,regular_season,False,1610612740,NOP,New Orleans Pelicans,1610612751,BKN,Brooklyn Nets,13,12,W,4,11,0.364,1,4,0.25,4,4,1.0,4,3,7,1,0,0,0,3,1,3,7,0.429,2,6,0.333,4,5,0.8,0,2,2,1,0,1,1,2,-1
0022500571,2026-01-14,2025-26,regular_season,False,1610612754,IND,Indiana Pacers,1610612761,TOR,Toronto Raptors,0,6,L,0,1,0.0,0,1,0.0,0,0,0.0,0,0,0,0,0,0,1,0,-6,2,2,1.0,2,2,1.0,0,0,0.0,0,0,0,2,0,0,0,0,6
0022500578,2026-01-15,2025-26,regular_season,True,1610612753,ORL,Orlando Magic,1610612763,MEM,Memphis Grizzlies,14,9,W,4,7,0.571,1,2,0.5,5,6,0.833,1,5,6,3,1,0,2,1,5,3,9,0.333,1,4,0.25,2,3,0.667,1,2,3,3,2,0,2,4,-5
0022500579,2026-01-15,2025-26,regular_season,False,1610612765,DET,Detroit Pistons,1610612756,PHX,Phoenix Suns,8,7,W,2,4,0.5,0,2,0.0,4,12,0.333,0,8,8,1,0,2,2,1,1,3,12,0.25,1,7,0.143,0,0,0.0,1,5,6,2,2,0,0,6,-1
0022500580,2026-01-15,2025-26,regular_season,False,1610612748,MIA,Miami Heat,1610612738,BOS,Boston Celtics,7,15,L,3,8,0.375,1,3,0.333,0,0,0.0,1,3,4,1,0,1,1,6,-8,3,11,0.273,1,4,0.25,8,8,1.0,4,4,8,1,0,1,0,0,8
0022500590,2026-01-16,2025-26,regular_season,False,1610612761,TOR,Toronto Raptors,1610612746,LAC,LA Clippers,10,16,L,3,13,0.231,0,7,0.0,4,5,0.8,2,3,5,1,0,0,2,5,-6,4,10,0.4,1,5,0.2,7,8,0.875,0,6,6,1,2,1,1,4,6
0022500589,2026-01-16,2025-26,regular_season,False,1610612755,PHI,Philadelphia 76ers,1610612739,CLE,Cleveland Cavaliers,8,10,L,3,7,0.429,0,1,0.0,2,2,1.0,0,1,1,2,0,1,0,1,-2,4,6,0.667,1,1,1.0,1,2,0.5,0,4,4,4,0,1,1,1,2
0022500587,2026-01-16,2025-26,regular_season,False,1610612751,BKN,Brooklyn Nets,1610612741,CHI,Chicago Bulls,14,11,W,4,7,0.571,2,3,0.667,4,4,1.0,0,1,1,4,1,1,2,0,3,5,8,0.625,0,2,0.0,1,1,1.0,0,3,3,3,1,2,1,3,-3
0022500591,2026-01-16,2025-26,regular_season,False,1610612745,HOU,Houston Rockets,1610612750,MIN,Minnesota Timberwolves,9,3,W,2,4,0.5,0,0,0.0,5,6,0.833,0,0,0,1,2,0,1,2,6,1,1,1.0,0,0,0.0,1,2,0.5,0,2,2,1,0,0,2,3,-6
0022500597,2026-01-17,2025-26,regular_season,False,1610612748,MIA,Miami Heat,1610612760,OKC,Oklahoma City Thunder,14,9,W,4,10,0.4,2,5,0.4,4,5,0.8,2,3,5,3,2,0,0,2,5,3,7,0.429,1,3,0.333,2,3,0.667,0,5,5,1,0,0,3,4,-5
0022500596,2026-01-17,2025-26,regular_season,False,1610612752,NYK,New York Knicks,1610612756,PHX,Phoenix Suns,0,3,L,0,1,0.0,0,0,0.0,0,0,0.0,0,1,1,0,0,0,0,1,-3,1,2,0.5,0,1,0.0,1,1,1.0,0,1,1,0,0,0,0,0,3
0022500600,2026-01-17,2025-26,regular_season,False,1610612743,DEN,Denver Nuggets,1610612764,WAS,Washington Wizards,13,8,W,5,5,1.0,2,2,1.0,1,1,1.0,0,3,3,3,0,0,2,2,5,2,6,0.333,1,2,0.5,3,5,0.6,1,0,1,1,2,0,0,2,-5
0022500598,2026-01-17,2025-26,regular_season,False,1610612759,SAS,San Antonio Spurs,1610612750,MIN,Minnesota Timberwolves,20,20,W,6,10,0.6,2,2,1.0,6,11,0.545,3,3,6,6,1,2,0,2,0,6,9,0.667,5,7,0.714,3,4,0.75,1,1,2,3,0,0,2,5,0
0022500606,2026-01-18,2025-26,regular_season,False,1610612758,SAC,Sacramento Kings,1610612757,POR,Portland Trail Blazers,1,3,L,0,1,0.0,0,1,0.0,1,2,0.5,0,2,2,0,0,0,0,2,-2,0,2,0.0,0,0,0.0,3,3,1.0,0,1,1,0,0,0,0,1,2
0022500017,2026-01-19,2025-26,regular_season,False,1610612765,DET,Detroit Pistons,1610612738,BOS,Boston Celtics,8,10,L,3,9,0.333,2,5,0.4,0,0,0.0,1,1,2,2,0,0,1,3,-2,3,6,0.5,0,2,0.0,4,7,0.571,0,3,3,1,1,1,0,2,2
0022500014,2026-01-19,2025-26,regular_season,False,1610612737,ATL,Atlanta Hawks,1610612749,MIL,Milwaukee Bucks,14,15,L,4,6,0.667,3,3,1.0,3,5,0.6,0,3,3,4,0,0,1,2,-1,5,8,0.625,2,3,0.667,3,4,0.75,0,2,2,4,1,2,0,2,1
0022500608,2026-01-19,2025-26,regular_season,False,1610612764,WAS,Washington Wizards,1610612746,LAC,LA Clippers,12,11,W,2,7,0.286,1,4,0.25,7,7,1.0,1,3,4,2,1,0,2,4,1,3,7,0.429,0,2,0.0,5,8,0.625,2,4,6,2,1,1,1,4,-1
0022500610,2026-01-19,2025-26,regular_season,False,1610612751,BKN,Brooklyn Nets,1610612756,PHX,Phoenix Suns,1,3,L,0,0,0.0,0,0,0.0,1,1,1.0,0,0,0,0,0,0,0,0,-2,1,1,1.0,1,1,1.0,0,0,0.0,0,0,0,1,0,0,0,1,2
0022500615,2026-01-20,2025-26,regular_season,False,1610612745,HOU,Houston Rockets,1610612759,SAS,San Antonio Spurs,11,6,W,4,7,0.571,1,2,0.5,2,3,0.667,0,5,5,2,0,0,0,1,5,3,11,0.273,0,4,0.0,0,0,0.0,3,2,5,1,0,0,0,4,-5
0022500616,2026-01-20,2025-26,regular_season,False,1610612762,UTA,Utah Jazz,1610612750,MIN,Minnesota Timberwolves,12,7,W,4,9,0.444,1,4,0.25,3,6,0.5,2,5,7,3,0,0,1,1,5,3,10,0.3,0,3,0.0,1,1,1.0,2,5,7,2,0,1,0,4,-5
0022500620,2026-01-21,2025-26,regular_season,False,1610612766,CHA,Charlotte Hornets,1610612739,CLE,Cleveland Cavaliers,0,2,L,0,1,0.0,0,1,0.0,0,0,0.0,0,0,0,0,0,0,0,2,-2,0,0,0.0,0,0,0.0,2,3,0.667,0,1,1,0,0,0,0,0,2
0022500623,2026-01-21,2025-26,regular_season,False,1610612763,MEM,Memphis Grizzlies,1610612737,ATL,Atlanta Hawks,10,13,L,3,7,0.429,1,3,0.333,3,6,0.5,0,2,2,2,2,1,2,1,-3,4,8,0.5,3,4,0.75,2,2,1.0,1,3,4,3,2,1,3,5,3
0022500624,2026-01-21,2025-26,regular_season,False,1610612740,NOP,New Orleans Pelicans,1610612765,DET,Detroit Pistons,0,2,L,0,1,0.0,0,0,0.0,0,0,0.0,1,0,1,0,1,0,1,0,-2,1,1,1.0,0,0,0.0,0,0,0.0,0,0,0,1,1,1,1,0,2
0022500631,2026-01-22,2025-26,regular_season,False,1610612750,MIN,Minnesota Timberwolves,1610612741,CHI,Chicago Bulls,5,15,L,2,8,0.25,1,5,0.2,0,0,0.0,0,2,2,2,0,1,3,4,-10,5,8,0.625,1,2,0.5,4,4,1.0,1,5,6,4,1,0,1,0,10
0022500633,2026-01-22,2025-26,regular_season,False,1610612746,LAC,LA Clippers,1610612747,LAL,Los Angeles Lakers,7,1,W,2,3,0.667,1,2,0.5,2,2,1.0,0,1,1,2,0,0,0,1,6,0,1,0.0,0,1,0.0,1,1,1.0,0,0,0,0,0,0,0,1,-6
0022500628,2026-01-22,2025-26,regular_season,False,1610612755,PHI,Philadelphia 76ers,1610612745,HOU,Houston Rockets,23,15,W,9,13,0.692,2,3,0.667,3,3,1.0,1,4,5,6,5,1,2,3,8,6,15,0.4,3,7,0.429,0,0,0.0,4,2,6,3,1,1,6,4,-8
0022500636,2026-01-23,2025-26,regular_season,False,1610612737,ATL,Atlanta Hawks,1610612756,PHX,Phoenix Suns,7,4,W,2,5,0.4,0,2,0.0,3,5,0.6,0,7,7,0,0,0,1,1,3,2,10,0.2,0,5,0.0,0,0,0.0,1,4,5,1,1,0,0,3,-3
0022500640,2026-01-23,2025-26,regular_season,False,1610612749,MIL,Milwaukee Bucks,1610612743,DEN,Denver Nuggets,6,4,W,2,3,0.667,2,2,1.0,0,0,0.0,0,2,2,1,0,1,0,3,2,0,3,0.0,0,1,0.0,4,5,0.8,1,0,1,0,0,1,0,0,-2
0022500642,2026-01-23,2025-26,regular_season,False,1610612757,POR,Portland Trail Blazers,1610612761,TOR,Toronto Raptors,0,2,L,0,0,0.0,0,0,0.0,0,0,0.0,0,0,0,0,0,0,0,0,-2,1,1,1.0,0,0,0.0,0,0,0.0,0,0,0,0,0,0,0,0,2
0022500641,2026-01-23,2025-26,regular_season,False,1610612760,OKC,Oklahoma City Thunder,1610612754,IND,Indiana Pacers,5,7,L,1,2,0.5,0,1,0.0,3,3,1.0,0,2,2,0,0,0,0,3,-2,1,3,0.333,1,3,0.333,4,6,0.667,1,1,2,1,0,0,0,2,2
0022500639,2026-01-23,2025-26,regular_season,False,1610612763,MEM,Memphis Grizzlies,1610612740,NOP,New Orleans Pelicans,11,19,L,4,11,0.364,2,4,0.5,1,1,1.0,4,3,7,4,0,1,3,3,-8,6,9,0.667,1,1,1.0,6,6,1.0,0,4,4,4,3,0,0,2,8
0022500637,2026-01-23,2025-26,regular_season,False,1610612751,BKN,Brooklyn Nets,1610612738,BOS,Boston Celtics,28,30,L,8,26,0.308,1,14,0.071,11,12,0.917,6,11,17,3,1,1,2,8,-2,10,26,0.385,5,13,0.385,5,7,0.714,3,10,13,8,1,1,2,11,2
0022500638,2026-01-23,2025-26,regular_season,False,1610612739,CLE,Cleveland Cavaliers,1610612758,SAC,Sacramento Kings,9,6,W,3,6,0.5,1,2,0.5,2,2,1.0,0,5,5,1,0,1,3,1,3,2,9,0.222,0,3,0.0,2,2,1.0,1,2,3,1,3,0,1,2,-3
0022500647,2026-01-24,2025-26,regular_season,False,1610612741,CHI,Chicago Bulls,1610612738,BOS,Boston Celtics,5,6,L,2,11,0.182,1,7,0.143,0,0,0.0,2,5,7,2,0,0,2,2,-1,3,10,0.3,0,4,0.0,0,1,0.0,1,6,7,0,1,0,1,1,1
0022500643,2026-01-24,2025-26,regular_season,False,1610612755,PHI,Philadelphia 76ers,1610612752,NYK,New York Knicks,9,13,L,3,6,0.5,1,2,0.5,2,2,1.0,1,3,4,1,1,0,1,3,-4,4,8,0.5,3,5,0.6,2,5,0.4,2,1,3,3,1,0,1,1,4
0022500645,2026-01-24,2025-26,regular_season,False,1610612766,CHA,Charlotte Hornets,1610612764,WAS,Washington Wizards,10,5,W,3,7,0.429,0,3,0.0,4,5,0.8,1,2,3,0,0,0,0,0,5,2,6,0.333,1,3,0.333,0,0,0.0,1,2,3,0,0,1,0,3,-5
0022500648,2026-01-24,2025-26,regular_season,False,1610612742,DAL,Dallas Mavericks,1610612747,LAL,Los Angeles Lakers,5,16,L,0,4,0.0,0,3,0.0,5,6,0.833,0,0,0,0,0,0,0,2,-11,6,9,0.667,2,3,0.667,2,2,1.0,2,4,6,3,0,0,0,3,11
0022500653,2026-01-25,2025-26,regular_season,False,1610612760,OKC,Oklahoma City Thunder,1610612761,TOR,Toronto Raptors,7,12,L,3,8,0.375,0,4,0.0,1,2,0.5,1,3,4,1,0,0,1,3,-5,4,8,0.5,2,3,0.667,2,4,0.5,1,5,6,4,1,1,0,2,5
0022500654,2026-01-25,2025-26,regular_season,False,1610612759,SAS,San Antonio Spurs,1610612740,NOP,New Orleans Pelicans,1,11,L,0,2,0.0,0,1,0.0,1,6,0.167,0,0,0,0,0,1,2,2,-10,4,5,0.8,1,1,1.0,2,2,1.0,1,2,3,4,1,2,1,3,10
0022500660,2026-01-26,2025-26,regular_season,False,1610612738,BOS,Boston Celtics,1610612757,POR,Portland Trail Blazers,3,0,W,1,1,1.0,1,1,1.0,0,0,0.0,0,0,0,1,0,0,0,0,3,0,0,0.0,0,0,0.0,0,0,0.0,0,0,0,0,0,0,0,0,-3
0022500669,2026-01-27,2025-26,regular_season,False,1610612756,PHX,Phoenix Suns,1610612751,BKN,Brooklyn Nets,13,11,W,5,8,0.625,0,0,0.0,3,4,0.75,2,4,6,2,2,0,2,2,2,3,7,0.429,2,4,0.5,3,3,1.0,0,1,1,3,1,0,3,4,-2
0022500667,2026-01-27,2025-26,regular_season,False,1610612760,OKC,Oklahoma City Thunder,1610612740,NOP,New Orleans Pelicans,3,0,W,1,2,0.5,1,2,0.5,0,0,0.0,1,1,2,1,0,0,0,0,3,0,1,0.0,0,0,0.0,0,0,0.0,0,1,1,0,0,0,0,0,-3
0022500668,2026-01-27,2025-26,regular_season,False,1610612743,DEN,Denver Nuggets,1610612765,DET,Detroit Pistons,11,14,L,3,4,0.75,1,1,1.0,4,7,0.571,0,2,2,3,0,1,0,2,-3,6,9,0.667,0,1,0.0,2,2,1.0,1,1,2,4,0,0,0,3,3
0022500665,2026-01-27,2025-26,regular_season,False,1610612752,NYK,New York Knicks,1610612758,SAC,Sacramento Kings,6,0,W,2,2,1.0,2,2,1.0,0,0,0.0,0,0,0,2,0,0,0,0,6,0,0,0.0,0,0,0.0,0,0,0.0,0,0,0,0,0,0,0,0,-6
0022500664,2026-01-27,2025-26,regular_season,False,1610612764,WAS,Washington Wizards,1610612757,POR,Portland Trail Blazers,17,9,W,4,8,0.5,1,2,0.5,8,9,0.889,1,5,6,2,1,2,1,2,8,3,12,0.25,1,3,0.333,2,2,1.0,3,2,5,2,0,1,1,6,-8
0022500672,2026-01-28,2025-26,regular_season,False,1610612754,IND,Indiana Pacers,1610612741,CHI,Chicago Bulls,12,7,W,4,5,0.8,1,2,0.5,3,3,1.0,1,2,3,1,2,1,0,1,5,3,5,0.6,1,1,1.0,0,0,0.0,0,0,0,3,0,0,2,1,-5
0022500679,2026-01-28,2025-26,regular_season,False,1610612745,HOU,Houston Rockets,1610612759,SAS,San Antonio Spurs,0,2,L,0,0,0.0,0,0,0.0,0,0,0.0,0,0,0,0,0,0,0,0,-2,1,1,1.0,0,0,0.0,0,0,0.0,0,0,0,1,0,0,0,0,2
0022500529,2026-01-29,2025-26,regular_season,False,1610612741,CHI,Chicago Bulls,1610612748,MIA,Miami Heat,8,6,W,2,5,0.4,0,2,0.0,4,4,1.0,0,3,3,2,0,0,1,1,2,2,6,0.333,0,1,0.0,2,2,1.0,1,3,4,1,1,0,2,3,-2
0022500684,2026-01-29,2025-26,regular_season,False,1610612743,DEN,Denver Nuggets,1610612751,BKN,Brooklyn Nets,17,8,W,5,8,0.625,0,1,0.0,7,8,0.875,0,3,3,1,0,0,0,1,9,2,9,0.222,0,4,0.0,4,4,1.0,2,3,5,2,0,0,0,5,-9
0022500683,2026-01-29,2025-26,regular_season,False,1610612742,DAL,Dallas Mavericks,1610612766,CHA,Charlotte Hornets,13,16,L,5,10,0.5,2,4,0.5,1,2,0.5,1,3,4,1,0,0,1,2,-3,5,9,0.556,2,3,0.667,4,4,1.0,1,4,5,3,1,1,1,1,3
0022500681,2026-01-29,2025-26,regular_season,False,1610612764,WAS,Washington Wizards,1610612749,MIL,Milwaukee Bucks,6,5,W,2,5,0.4,0,2,0.0,2,2,1.0,1,1,2,1,0,1,0,0,1,2,4,0.5,1,1,1.0,0,0,0.0,0,2,2,1,0,0,0,2,-1
0022500680,2026-01-29,2025-26,regular_season,False,1610612755,PHI,Philadelphia 76ers,1610612758,SAC,Sacramento Kings,12,6,W,4,6,0.667,0,0,0.0,4,5,0.8,0,3,3,3,0,0,0,0,6,2,7,0.286,2,5,0.4,0,0,0.0,0,4,4,2,0,1,2,3,-6
0022500696,2026-01-30,2025-26,regular_season,False,1610612744,GSW,Golden State Warriors,1610612765,DET,Detroit Pistons,2,12,L,0,2,0.0,0,2,0.0,2,4,0.5,0,3,3,0,0,0,0,6,-10,2,3,0.667,0,1,0.0,6,9,0.667,0,2,2,0,0,0,0,1,10
0022500691,2026-01-30,2025-26,regular_season,False,1610612740,NOP,New Orleans Pelicans,1610612763,MEM,Memphis Grizzlies,5,0,W,2,3,0.667,0,1,0.0,1,1,1.0,0,1,1,1,1,1,1,0,5,0,2,0.0,0,0,0.0,0,0,0.0,1,1,2,0,0,0,1,1,-5
0022500687,2026-01-30,2025-26,regular_season,False,1610612753,ORL,Orlando Magic,1610612761,TOR,Toronto Raptors,3,2,W,1,1,1.0,1,1,1.0,0,0,0.0,0,0,0,1,0,0,1,1,1,0,0,0.0,0,0,0.0,2,2,1.0,0,0,0,0,1,0,1,1,-1
0022500692,2026-01-31,2025-26,regular_season,False,1610612748,MIA,Miami Heat,1610612741,CHI,Chicago Bulls,15,16,L,5,9,0.556,3,6,0.5,2,4,0.5,1,4,5,4,0,1,1,2,-1,6,9,0.667,3,4,0.75,1,2,0.5,0,4,4,4,1,0,0,4,1
0022500699,2026-01-31,2025-26,regular_season,False,1610612755,PHI,Philadelphia 76ers,1610612740,NOP,New Orleans Pelicans,11,2,W,4,7,0.571,2,4,0.5,1,2,0.5,0,4,4,3,0,0,0,0,9,1,5,0.2,0,2,0.0,0,0,0.0,0,3,3,1,0,1,0,2,-9
0022500698,2026-01-31,2025-26,regular_season,False,1610612754,IND,Indiana Pacers,1610612737,ATL,Atlanta Hawks,14,7,W,5,6,0.833,1,2,0.5,3,3,1.0,0,4,4,3,2,0,4,4,7,2,8,0.25,0,3,0.0,3,5,0.6,1,1,2,1,2,0,2,3,-7
0022500701,2026-01-31,2025-26,regular_season,False,1610612745,HOU,Houston Rockets,1610612742,DAL,Dallas Mavericks,6,7,L,3,6,0.5,0,1,0.0,0,0,0.0,1,2,3,2,0,0,0,0,-1,3,6,0.5,0,1,0.0,1,1,1.0,1,2,3,1,0,1,0,0,1
0022500697,2026-01-31,2025-26,regular_season,False,1610612766,CHA,Charlotte Hornets,1610612759,SAS,San Antonio Spurs,11,8,W,3,7,0.429,0,2,0.0,5,5,1.0,1,5,6,2,0,0,0,4,3,2,8,0.25,0,5,0.0,4,4,1.0,1,3,4,2,0,0,0,3,-3
0022500706,2026-02-01,2025-26,regular_season,False,1610612761,TOR,Toronto Raptors,1610612762,UTA,Utah Jazz,6,0,W,3,5,0.6,0,1,0.0,0,0,0.0,0,1,1,2,0,0,1,0,6,0,1,0.0,0,1,0.0,0,0,0.0,0,1,1,0,0,1,1,0,-6
0022500707,2026-02-01,2025-26,regular_season,False,1610612764,WAS,Washington Wizards,1610612758,SAC,Sacramento Kings,16,11,W,6,8,0.75,3,4,0.75,1,2,0.5,1,3,4,5,0,0,1,2,5,3,7,0.429,0,2,0.0,5,6,0.833,1,1,2,2,1,0,0,2,-5
0022500713,2026-02-02,2025-26,regular_season,False,1610612754,IND,Indiana Pacers,1610612745,HOU,Houston Rockets,8,8,L,3,8,0.375,0,3,0.0,2,2,1.0,2,2,4,2,2,1,1,5,0,2,6,0.333,0,2,0.0,4,8,0.5,2,3,5,0,1,1,2,1,0
0022500716,2026-02-03,2025-26,regular_season,False,1610612765,DET,Detroit Pistons,1610612743,DEN,Denver Nuggets,12,9,W,2,4,0.5,1,1,1.0,7,8,0.875,1,2,3,1,0,0,0,2,3,2,3,0.667,1,2,0.5,4,5,0.8,0,1,1,1,0,2,0,4,-3
0022500725,2026-02-03,2025-26,regular_season,False,1610612757,POR,Portland Trail Blazers,1610612756,PHX,Phoenix Suns,0,6,L,0,1,0.0,0,1,0.0,0,0,0.0,0,1,1,0,0,0,0,1,-6,2,2,1.0,1,1,1.0,1,2,0.5,0,1,1,1,0,0,1,0,6
0022500729,2026-02-04,2025-26,regular_season,False,1610612749,MIL,Milwaukee Bucks,1610612740,NOP,New Orleans Pelicans,20,16,W,7,12,0.583,3,7,0.429,3,4,0.75,1,6,7,4,1,0,6,3,4,4,12,0.333,2,5,0.4,6,6,1.0,0,5,5,3,3,1,4,6,-4
0022500730,2026-02-04,2025-26,regular_season,False,1610612759,SAS,San Antonio Spurs,1610612760,OKC,Oklahoma City Thunder,2,0,W,1,1,1.0,0,0,0.0,0,0,0.0,0,0,0,0,0,0,0,0,2,0,0,0.0,0,0,0.0,0,0,0.0,0,0,0,0,0,0,0,0,-2
0022500731,2026-02-04,2025-26,regular_season,False,1610612758,SAC,Sacramento Kings,1610612763,MEM,Memphis Grizzlies,12,15,L,4,8,0.5,1,5,0.2,3,4,0.75,1,2,3,3,1,0,2,0,-3,6,8,0.75,3,4,0.75,0,0,0.0,0,5,5,3,1,0,4,2,3
0022500726,2026-02-04,2025-26,regular_season,False,1610612752,NYK,New York Knicks,1610612743,DEN,Denver Nuggets,31,20,W,12,26,0.462,3,13,0.231,4,5,0.8,4,11,15,4,0,1,1,7,11,7,28,0.25,2,17,0.118,4,4,1.0,4,7,11,3,1,0,2,6,-11
0022500727,2026-02-04,2025-26,regular_season,False,1610612761,TOR,Toronto Raptors,1610612750,MIN,Minnesota Timberwolves,13,16,L,5,11,0.455,1,4,0.25,2,2,1.0,2,2,4,2,1,1,5,5,-3,5,10,0.5,0,4,0.0,6,10,0.6,2,5,7,2,4,1,2,1,3
0022500735,2026-02-05,2025-26,regular_season,False,1610612737,ATL,Atlanta Hawks,1610612762,UTA,Utah Jazz,11,7,W,4,7,0.571,1,3,0.333,2,2,1.0,1,2,3,2,1,2,1,0,4,3,12,0.25,1,3,0.333,0,0,0.0,5,2,7,1,1,0,3,1,-4
0022500733,2026-02-05,2025-26,regular_season,False,1610612765,DET,Detroit Pistons,1610612764,WAS,Washington Wizards,0,5,L,0,0,0.0,0,0,0.0,0,0,0.0,0,0,0,0,0,0,0,0,-5,2,2,1.0,1,1,1.0,0,0,0.0,0,0,0,1,0,0,0,0,5
0022500740,2026-02-05,2025-26,regular_season,False,1610612747,LAL,Los Angeles Lakers,1610612755,PHI,Philadelphia 76ers,3,2,W,1,1,1.0,0,0,0.0,1,2,0.5,0,1,1,1,0,0,0,0,1,1,2,0.5,0,1,0.0,0,0,0.0,0,0,0,0,0,0,0,1,-1
0022500738,2026-02-05,2025-26,regular_season,False,1610612742,DAL,Dallas Mavericks,1610612759,SAS,San Antonio Spurs,4,10,L,2,5,0.4,0,2,0.0,0,0,0.0,0,4,4,1,0,0,0,3,-6,2,6,0.333,2,5,0.4,4,4,1.0,0,2,2,2,0,1,0,1,6
0022500739,2026-02-05,2025-26,regular_season,False,1610612756,PHX,Phoenix Suns,1610612744,GSW,Golden State Warriors,2,9,L,1,6,0.167,0,2,0.0,0,0,0.0,0,0,0,1,1,0,0,0,-7,4,4,1.0,0,0,0.0,1,1,1.0,0,5,5,1,0,1,1,1,7
0022500741,2026-02-06,2025-26,regular_season,False,1610612738,BOS,Boston Celtics,1610612748,MIA,Miami Heat,10,7,W,3,6,0.5,1,4,0.25,3,3,1.0,0,4,4,1,1,1,3,2,3,2,7,0.286,1,3,0.333,2,2,1.0,0,2,2,1,1,0,1,0,-3
0022500744,2026-02-06,2025-26,regular_season,False,1610612750,MIN,Minnesota Timberwolves,1610612740,NOP,New Orleans Pelicans,12,14,L,4,11,0.364,1,5,0.2,3,3,1.0,4,1,5,3,1,1,0,3,-2,4,5,0.8,1,2,0.5,5,5,1.0,0,3,3,2,0,0,1,1,2
0022500746,2026-02-06,2025-26,regular_season,False,1610612758,SAC,Sacramento Kings,1610612746,LAC,LA Clippers,2,2,L,1,1,1.0,0,0,0.0,0,0,0.0,0,1,1,1,0,0,0,2,0,0,0,0.0,0,0,0.0,2,3,0.667,0,0,0,0,0,0,0,0,0
0022500743,2026-02-06,2025-26,regular_season,False,1610612749,MIL,Milwaukee Bucks,1610612754,IND,Indiana Pacers,6,0,W,3,3,1.0,0,0,0.0,0,0,0.0,0,1,1,1,0,0,1,0,6,0,1,0.0,0,1,0.0,0,0,0.0,0,1,1,0,1,0,1,0,-6
0022500754,2026-02-07,2025-26,regular_season,False,1610612756,PHX,Phoenix Suns,1610612755,PHI,Philadelphia 76ers,3,7,L,0,0,0.0,0,0,0.0,3,3,1.0,0,0,0,0,0,0,0,2,-4,1,1,1.0,1,1,1.0,4,4,1.0,0,0,0,0,0,0,0,0,4
0022500750,2026-02-07,2025-26,regular_season,False,1610612753,ORL,Orlando Magic,1610612762,UTA,Utah Jazz,15,10,W,3,5,0.6,1,1,1.0,8,10,0.8,0,3,3,3,3,2,1,2,5,4,9,0.444,0,2,0.0,2,3,0.667,1,2,3,1,0,0,3,5,-5
0022500755,2026-02-07,2025-26,regular_season,False,1610612757,POR,Portland Trail Blazers,1610612763,MEM,Memphis Grizzlies,10,3,W,4,6,0.667,2,4,0.5,0,0,0.0,0,4,4,3,0,0,1,1,7,1,6,0.167,1,4,0.25,0,0,0.0,0,2,2,1,0,0,0,1,-7
0022500748,2026-02-07,2025-26,regular_season,False,1610612760,OKC,Oklahoma City Thunder,1610612745,HOU,Houston Rockets,3,13,L,0,1,0.0,0,0,0.0,3,5,0.6,1,1,2,0,0,0,4,5,-10,3,7,0.429,0,2,0.0,7,9,0.778,2,0,2,1,3,0,0,3,10
0022500751,2026-02-07,2025-26,regular_season,False,1610612737,ATL,Atlanta Hawks,1610612766,CHA,Charlotte Hornets,9,10,L,3,9,0.333,0,4,0.0,3,3,1.0,1,5,6,1,1,1,1,5,-1,1,6,0.167,1,5,0.2,7,7,1.0,0,6,6,1,0,0,2,2,1
0022500756,2026-02-07,2025-26,regular_season,False,1610612758,SAC,Sacramento Kings,1610612739,CLE,Cleveland Cavaliers,12,16,L,5,12,0.417,2,7,0.286,0,0,0.0,3,2,5,3,1,0,2,4,-4,3,7,0.429,2,4,0.5,8,8,1.0,2,4,6,2,1,0,1,0,4
0022500763,2026-02-09,2025-26,regular_season,False,1610612748,MIA,Miami Heat,1610612762,UTA,Utah Jazz,10,16,L,4,11,0.364,1,4,0.25,1,5,0.2,3,2,5,2,1,0,1,3,-6,5,7,0.714,2,3,0.667,4,4,1.0,0,6,6,3,0,0,1,2,6
0022500768,2026-02-09,2025-26,regular_season,False,1610612744,GSW,Golden State Warriors,1610612763,MEM,Memphis Grizzlies,6,0,W,3,8,0.375,0,2,0.0,0,0,0.0,2,3,5,1,2,1,0,0,6,0,6,0.0,0,3,0.0,0,0,0.0,2,2,4,0,0,0,3,0,-6
0022500761,2026-02-09,2025-26,regular_season,False,1610612766,CHA,Charlotte Hornets,1610612765,DET,Detroit Pistons,1,4,L,0,2,0.0,0,2,0.0,1,1,1.0,1,0,1,0,0,0,0,1,-3,1,2,0.5,0,0,0.0,2,2,1.0,0,1,1,0,0,0,0,0,3
0022500767,2026-02-09,2025-26,regular_season,False,1610612743,DEN,Denver Nuggets,1610612739,CLE,Cleveland Cavaliers,10,12,L,3,8,0.375,1,3,0.333,3,3,1.0,1,4,5,2,0,0,1,3,-2,4,7,0.571,1,2,0.5,3,4,0.75,0,3,3,2,1,0,0,2,2
0022500762,2026-02-09,2025-26,regular_season,False,1610612751,BKN,Brooklyn Nets,1610612741,CHI,Chicago Bulls,4,0,W,2,2,1.0,0,0,0.0,0,0,0.0,0,0,0,1,0,0,0,0,4,0,0,0.0,0,0,0.0,0,0,0.0,0,0,0,0,0,0,0,0,-4
0022500769,2026-02-09,2025-26,regular_season,False,1610612747,LAL,Los Angeles Lakers,1610612760,OKC,Oklahoma City Thunder,8,14,L,4,5,0.8,0,1,0.0,0,0,0.0,0,1,1,4,0,0,1,2,-6,6,8,0.75,1,1,1.0,1,1,1.0,1,2,3,2,0,0,0,0,6
0022500771,2026-02-10,2025-26,regular_season,False,1610612752,NYK,New York Knicks,1610612754,IND,Indiana Pacers,17,23,L,5,15,0.333,1,7,0.143,6,10,0.6,0,5,5,3,0,1,1,6,-6,9,16,0.562,1,4,0.25,4,8,0.5,1,9,10,5,0,1,0,7,6
0022500784,2026-02-11,2025-26,regular_season,False,1610612740,NOP,New Orleans Pelicans,1610612748,MIA,Miami Heat,0,3,L,0,0,0.0,0,0,0.0,0,0,0.0,0,0,0,0,0,0,0,0,-3,1,1,1.0,1,1,1.0,0,0,0.0,0,0,0,1,0,0,0,0,3
0022500775,2026-02-11,2025-26,regular_season,False,1610612766,CHA,Charlotte Hornets,1610612737,ATL,Atlanta Hawks,2,4,L,0,3,0.0,0,2,0.0,2,2,1.0,1,0,1,0,0,1,0,0,-2,1,2,0.5,0,1,0.0,2,2,1.0,1,2,3,0,0,1,1,2,2
0022500779,2026-02-11,2025-26,regular_season,False,1610612751,BKN,Brooklyn Nets,1610612754,IND,Indiana Pacers,9,12,L,4,9,0.444,1,4,0.25,0,0,0.0,0,3,3,1,1,0,2,3,-3,3,7,0.429,1,4,0.25,5,6,0.833,1,5,6,2,1,1,2,0,3
0022500782,2026-02-11,2025-26,regular_season,False,1610612745,HOU,Houston Rockets,1610612746,LAC,LA Clippers,11,14,L,4,9,0.444,1,2,0.5,2,4,0.5,2,4,6,4,0,0,3,5,-3,3,6,0.5,0,2,0.0,8,9,0.889,0,3,3,1,1,1,0,2,3
0022500777,2026-02-11,2025-26,regular_season,False,1610612753,ORL,Orlando Magic,1610612749,MIL,Milwaukee Bucks,9,14,L,2,7,0.286,1,3,0.333,4,4,1.0,1,1,2,1,1,0,1,2,-5,4,5,0.8,2,3,0.667,4,4,1.0,0,4,4,2,0,0,3,3,5
0022500787,2026-02-11,2025-26,regular_season,False,1610612743,DEN,Denver Nuggets,1610612763,MEM,Memphis Grizzlies,13,11,W,3,7,0.429,1,2,0.5,6,6,1.0,2,3,5,1,0,0,3,1,2,5,9,0.556,0,2,0.0,1,2,0.5,1,1,2,3,2,0,1,4,-2
0022500801,2026-02-19,2025-26,regular_season,False,1610612746,LAC,LA Clippers,1610612743,DEN,Denver Nuggets,20,17,W,5,8,0.625,1,2,0.5,9,10,0.9,0,5,5,5,1,1,1,3,3,5,9,0.556,1,3,0.333,6,9,0.667,0,3,3,3,0,0,1,6,-3
0022500795,2026-02-19,2025-26,regular_season,False,1610612764,WAS,Washington Wizards,1610612754,IND,Indiana Pacers,6,0,W,2,5,0.4,1,4,0.25,1,1,1.0,1,0,1,1,2,0,0,1,6,0,1,0.0,0,1,0.0,0,0,0.0,1,1,2,0,0,0,3,4,-6
0022500794,2026-02-19,2025-26,regular_season,False,1610612755,PHI,Philadelphia 76ers,1610612737,ATL,Atlanta Hawks,2,4,L,0,0,0.0,0,0,0.0,2,2,1.0,0,0,0,0,0,1,0,0,-2,2,3,0.667,0,0,0.0,0,0,0.0,1,0,1,2,0,0,0,0,2
0022500797,2026-02-19,2025-26,regular_season,False,1610612741,CHI,Chicago Bulls,1610612761,TOR,Toronto Raptors,3,5,L,1,4,0.25,1,2,0.5,0,0,0.0,2,1,3,1,0,1,1,1,-2,2,4,0.5,0,1,0.0,1,1,1.0,0,1,1,1,0,0,0,0,2
0022500792,2026-02-19,2025-26,regular_season,False,1610612766,CHA,Charlotte Hornets,1610612745,HOU,Houston Rockets,5,8,L,1,4,0.25,1,4,0.25,2,2,1.0,2,1,3,1,0,1,1,2,-3,3,4,0.75,0,0,0.0,2,2,1.0,0,0,0,1,1,0,0,0,3
0022500802,2026-02-20,2025-26,regular_season,False,1610612766,CHA,Charlotte Hornets,1610612739,CLE,Cleveland Cavaliers,1,6,L,0,1,0.0,0,1,0.0,1,1,1.0,0,0,0,0,0,0,0,3,-5,1,1,1.0,0,0,0.0,4,4,1.0,0,1,1,0,0,0,0,1,5
0022500804,2026-02-20,2025-26,regular_season,False,1610612763,MEM,Memphis Grizzlies,1610612762,UTA,Utah Jazz,1,0,W,0,0,0.0,0,0,0.0,1,1,1.0,0,0,0,0,0,0,0,0,1,0,0,0.0,0,0,0.0,0,0,0.0,0,0,0,0,0,0,0,1,-1
0022500809,2026-02-20,2025-26,regular_season,False,1610612747,LAL,Los Angeles Lakers,1610612746,LAC,LA Clippers,13,10,W,3,5,0.6,1,1,1.0,6,8,0.75,0,5,5,1,0,1,2,3,3,3,8,0.375,0,2,0.0,4,5,0.8,1,3,4,0,1,0,1,6,-3
0022500806,2026-02-20,2025-26,regular_season,False,1610612750,MIN,Minnesota Timberwolves,1610612742,DAL,Dallas Mavericks,2,0,W,1,3,0.333,0,2,0.0,0,0,0.0,0,2,2,0,0,0,0,1,2,0,2,0.0,0,1,0.0,0,0,0.0,0,2,2,0,0,0,0,0,-2
0022500803,2026-02-20,2025-26,regular_season,False,1610612764,WAS,Washington Wizards,1610612754,IND,Indiana Pacers,4,0,W,2,3,0.667,0,1,0.0,0,0,0.0,0,1,1,2,0,0,0,1,4,0,0,0.0,0,0,0.0,0,2,0.0,0,1,1,0,0,0,0,0,-4
0022500816,2026-02-21,2025-26,regular_season,False,1610612752,NYK,New York Knicks,1610612745,HOU,Houston Rockets,13,7,W,5,8,0.625,0,2,0.0,3,4,0.75,0,1,1,0,3,0,1,0,6,3,7,0.429,1,3,0.333,0,0,0.0,2,3,5,0,1,1,6,6,-6
0022500811,2026-02-21,2025-26,regular_season,False,1610612756,PHX,Phoenix Suns,1610612753,ORL,Orlando Magic,22,21,W,7,31,0.226,4,21,0.19,4,8,0.5,9,8,17,4,4,2,2,5,1,9,25,0.36,1,6,0.167,2,4,0.5,7,11,18,2,1,4,5,5,-1
0022500817,2026-02-22,2025-26,regular_season,False,1610612760,OKC,Oklahoma City Thunder,1610612739,CLE,Cleveland Cavaliers,1,0,W,0,1,0.0,0,0,0.0,1,1,1.0,0,2,2,0,0,0,1,1,1,0,2,0.0,0,1,0.0,0,0,0.0,0,1,1,0,0,0,0,2,-1
0022500820,2026-02-22,2025-26,regular_season,False,1610612744,GSW,Golden State Warriors,1610612743,DEN,Denver Nuggets,2,0,W,1,1,1.0,0,0,0.0,0,0,0.0,0,0,0,0,1,0,0,0,2,0,0,0.0,0,0,0.0,0,0,0.0,0,0,0,0,0,0,1,0,-2
0022500818,2026-02-22,2025-26,regular_season,False,1610612737,ATL,Atlanta Hawks,1610612751,BKN,Brooklyn Nets,10,0,W,4,6,0.667,1,2,0.5,1,1,1.0,0,5,5,2,1,0,1,1,10,0,5,0.0,0,3,0.0,0,0,0.0,0,2,2,0,0,0,2,2,-10
0022500827,2026-02-22,2025-26,regular_season,False,1610612746,LAC,LA Clippers,1610612753,ORL,Orlando Magic,6,10,L,2,10,0.2,0,4,0.0,2,2,1.0,1,3,4,1,0,2,0,0,-4,5,9,0.556,0,1,0.0,0,0,0.0,1,6,7,1,0,0,1,0,4
0022500825,2026-02-22,2025-26,regular_season,False,1610612741,CHI,Chicago Bulls,1610612752,NYK,New York Knicks,5,11,L,2,6,0.333,1,4,0.25,0,1,0.0,0,3,3,2,1,0,2,2,-6,3,7,0.429,2,4,0.5,3,4,0.75,1,6,7,3,1,2,2,2,6
0022500821,2026-02-22,2025-26,regular_season,False,1610612754,IND,Indiana Pacers,1610612742,DAL,Dallas Mavericks,1,5,L,0,1,0.0,0,1,0.0,1,1,1.0,0,1,1,0,0,0,0,1,-4,2,2,1.0,1,1,1.0,0,2,0.0,0,1,1,1,0,0,0,0,4
0022500834,2026-02-24,2025-26,regular_season,False,1610612761,TOR,Toronto Raptors,1610612760,OKC,Oklahoma City Thunder,3,7,L,1,1,1.0,1,1,1.0,0,0,0.0,0,0,0,1,0,0,2,1,-4,3,4,0.75,1,2,0.5,0,0,0.0,0,1,1,2,2,0,1,0,4
0022500833,2026-02-24,2025-26,regular_season,False,1610612751,BKN,Brooklyn Nets,1610612742,DAL,Dallas Mavericks,1,4,L,0,0,0.0,0,0,0.0,1,1,1.0,1,0,1,0,0,0,1,1,-3,2,2,1.0,0,0,0.0,0,0,0.0,0,0,0,1,0,1,0,0,3
0022500837,2026-02-24,2025-26,regular_season,False,1610612749,MIL,Milwaukee Bucks,1610612748,MIA,Miami Heat,10,5,W,4,7,0.571,1,3,0.333,1,1,1.0,0,5,5,1,0,0,0,3,5,0,3,0.0,0,3,0.0,5,8,0.625,0,3,3,0,0,0,0,1,-5
0022500838,2026-02-24,2025-26,regular_season,False,1610612740,NOP,New Orleans Pelicans,1610612744,GSW,Golden State Warriors,7,4,W,2,6,0.333,0,1,0.0,3,3,1.0,1,1,2,0,0,0,0,1,3,1,3,0.333,0,1,0.0,2,3,0.667,0,3,3,0,0,0,0,3,-3
0022500841,2026-02-24,2025-26,regular_season,False,1610612757,POR,Portland Trail Blazers,1610612750,MIN,Minnesota Timberwolves,3,10,L,1,2,0.5,0,0,0.0,1,2,0.5,0,1,1,0,0,0,1,2,-7,3,7,0.429,1,4,0.25,3,3,1.0,3,0,3,2,2,0,1,1,7
0022500840,2026-02-24,2025-26,regular_season,False,1610612747,LAL,Los Angeles Lakers,1610612753,ORL,Orlando Magic,11,12,L,4,9,0.444,2,7,0.286,1,2,0.5,1,3,4,3,1,0,0,3,-1,5,8,0.625,2,3,0.667,0,2,0.0,1,3,4,3,0,0,1,1,1
0022500846,2026-02-25,2025-26,regular_season,False,1610612749,MIL,Milwaukee Bucks,1610612739,CLE,Cleveland Cavaliers,12,10,W,6,9,0.667,0,2,0.0,0,0,0.0,2,3,5,2,0,0,1,3,2,2,6,0.333,1,3,0.333,5,6,0.833,2,1,3,1,1,0,1,0,-2
0022500842,2026-02-25,2025-26,regular_season,False,1610612765,DET,Detroit Pistons,1610612760,OKC,Oklahoma City Thunder,10,2,W,4,7,0.571,1,2,0.5,1,1,1.0,3,1,4,2,0,0,0,0,8,0,1,0.0,0,1,0.0,2,2,1.0,0,1,1,0,0,0,0,1,-8
0022500843,2026-02-25,2025-26,regular_season,False,1610612761,TOR,Toronto Raptors,1610612759,SAS,San Antonio Spurs,5,9,L,2,8,0.25,0,3,0.0,1,2,0.5,2,2,4,1,2,0,0,5,-4,2,3,0.667,1,2,0.5,4,8,0.5,1,4,5,1,0,1,2,1,4
0022500855,2026-02-26,2025-26,regular_season,False,1610612756,PHX,Phoenix Suns,1610612747,LAL,Los Angeles Lakers,10,12,L,3,6,0.5,2,5,0.4,2,2,1.0,2,0,2,2,0,0,1,1,-2,4,7,0.571,2,3,0.667,2,2,1.0,2,1,3,1,1,0,0,2,2
0022500849,2026-02-26,2025-26,regular_season,False,1610612755,PHI,Philadelphia 76ers,1610612748,MIA,Miami Heat,12,7,W,4,5,0.8,2,2,1.0,2,2,1.0,0,5,5,3,0,1,3,1,5,2,7,0.286,1,3,0.333,2,2,1.0,0,2,2,1,0,0,0,1,-5
0022500853,2026-02-26,2025-26,regular_season,False,1610612741,CHI,Chicago Bulls,1610612757,POR,Portland Trail Blazers,2,3,L,1,3,0.333,0,0,0.0,0,0,0.0,0,3,3,1,0,0,0,0,-1,1,5,0.2,1,3,0.333,0,0,0.0,1,2,3,1,0,0,0,0,1
0022500852,2026-02-26,2025-26,regular_season,False,1610612753,ORL,Orlando Magic,1610612745,HOU,Houston Rockets,2,14,L,0,6,0.0,0,3,0.0,2,3,0.667,1,3,4,0,0,0,2,3,-12,4,8,0.5,2,3,0.667,4,4,1.0,1,3,4,3,0,0,0,1,12
0022500854,2026-02-26,2025-26,regular_season,False,1610612742,DAL,Dallas Mavericks,1610612758,SAC,Sacramento Kings,5,12,L,1,1,1.0,0,0,0.0,3,4,0.75,0,1,1,0,0,0,2,1,-7,5,8,0.625,1,1,1.0,1,2,0.5,3,1,4,3,2,0,0,3,7
0022500857,2026-02-26,2025-26,regular_season,False,1610612746,LAC,LA Clippers,1610612750,MIN,Minnesota Timberwolves,9,11,L,4,6,0.667,0,1,0.0,1,2,0.5,0,3,3,2,1,1,2,3,-2,3,10,0.3,1,2,0.5,4,4,1.0,1,3,4,2,0,0,1,1,2
0022500858,2026-02-27,2025-26,regular_season,False,1610612765,DET,Detroit Pistons,1610612739,CLE,Cleveland Cavaliers,18,9,W,5,11,0.455,0,3,0.0,8,8,1.0,2,6,8,1,3,3,4,6,9,2,11,0.182,0,4,0.0,5,7,0.714,1,2,3,0,4,0,3,4,-9
0022500862,2026-02-27,2025-26,regular_season,False,1610612760,OKC,Oklahoma City Thunder,1610612743,DEN,Denver Nuggets,24,12,W,7,18,0.389,4,8,0.5,6,6,1.0,3,9,12,5,4,1,1,0,12,5,13,0.385,1,9,0.111,1,1,1.0,0,6,6,3,1,3,4,7,-12
0022500864,2026-02-28,2025-26,regular_season,False,1610612748,MIA,Miami Heat,1610612745,HOU,Houston Rockets,10,6,W,4,6,0.667,1,1,1.0,1,2,0.5,1,1,2,1,0,0,0,0,4,3,5,0.6,0,1,0.0,0,0,0.0,1,2,3,1,0,0,0,1,-4
0022500869,2026-03-01,2025-26,regular_season,False,1610612751,BKN,Brooklyn Nets,1610612739,CLE,Cleveland Cavaliers,5,12,L,1,2,0.5,0,0,0.0,3,4,0.75,0,0,0,0,0,0,0,6,-7,2,3,0.667,1,2,0.5,7,10,0.7,2,1,3,2,0,1,1,2,7
0022500879,2026-03-02,2025-26,regular_season,False,1610612764,WAS,Washington Wizards,1610612745,HOU,Houston Rockets,0,0,L,0,0,0.0,0,0,0.0,0,0,0.0,0,0,0,0,0,0,0,0,0,0,0,0.0,0,0,0.0,0,0,0.0,0,0,0,0,0,0,0,0,0
0022500881,2026-03-02,2025-26,regular_season,False,1610612762,UTA,Utah Jazz,1610612743,DEN,Denver Nuggets,15,16,L,6,10,0.6,2,5,0.4,1,1,1.0,1,1,2,3,2,0,1,7,-1,2,2,1.0,0,0,0.0,12,13,0.923,0,0,0,0,0,1,2,1,1
0022500884,2026-03-03,2025-26,regular_season,False,1610612739,CLE,Cleveland Cavaliers,1610612765,DET,Detroit Pistons,12,8,W,4,7,0.571,2,4,0.5,2,4,0.5,0,1,1,1,1,0,1,1,4,3,4,0.75,0,1,0.0,2,2,1.0,0,4,4,3,1,0,3,4,-4
0022500891,2026-03-03,2025-26,regular_season,False,1610612747,LAL,Los Angeles Lakers,1610612740,NOP,New Orleans Pelicans,9,2,W,3,6,0.5,1,3,0.333,2,2,1.0,0,4,4,2,1,2,0,0,7,1,4,0.25,0,1,0.0,0,0,0.0,0,3,3,1,0,0,1,1,-7
0022500887,2026-03-03,2025-26,regular_season,False,1610612761,TOR,Toronto Raptors,1610612752,NYK,New York Knicks,0,5,L,0,2,0.0,0,0,0.0,0,0,0.0,0,1,1,0,0,0,0,0,-5,2,3,0.667,1,1,1.0,0,0,0.0,0,3,3,1,0,0,0,0,5
0022500890,2026-03-03,2025-26,regular_season,False,1610612750,MIN,Minnesota Timberwolves,1610612763,MEM,Memphis Grizzlies,2,1,W,0,0,0.0,0,0,0.0,2,2,1.0,0,0,0,0,0,0,0,0,1,0,0,0.0,0,0,0.0,1,1,1.0,0,0,0,0,0,0,0,1,-1
0022500893,2026-03-04,2025-26,regular_season,False,1610612752,NYK,New York Knicks,1610612760,OKC,Oklahoma City Thunder,6,7,L,2,6,0.333,0,2,0.0,2,3,0.667,2,2,4,1,0,0,0,1,-1,2,4,0.5,1,2,0.5,2,2,1.0,0,0,0,1,0,0,2,2,1
0022500895,2026-03-04,2025-26,regular_season,False,1610612755,PHI,Philadelphia 76ers,1610612762,UTA,Utah Jazz,10,2,W,3,4,0.75,0,1,0.0,4,4,1.0,1,5,6,0,0,2,2,0,8,1,8,0.125,0,5,0.0,0,0,0.0,0,0,0,1,2,0,0,3,-8
0022500905,2026-03-05,2025-26,regular_season,False,1610612756,PHX,Phoenix Suns,1610612741,CHI,Chicago Bulls,4,7,L,1,4,0.25,1,1,1.0,1,2,0.5,0,2,2,0,1,1,0,2,-3,2,4,0.5,1,1,1.0,2,4,0.5,1,3,4,1,0,0,2,1,3
0022500906,2026-03-05,2025-26,regular_season,False,1610612743,DEN,Denver Nuggets,1610612747,LAL,Los Angeles Lakers,10,3,W,3,7,0.429,0,3,0.0,4,4,1.0,1,4,5,0,0,0,1,2,7,1,6,0.167,0,3,0.0,1,2,0.5,1,3,4,1,1,0,0,3,-7
0022500899,2026-03-05,2025-26,regular_season,False,1610612753,ORL,Orlando Magic,1610612742,DAL,Dallas Mavericks,12,15,L,5,11,0.455,2,5,0.4,0,0,0.0,1,4,5,4,0,0,0,3,-3,5,9,0.556,1,2,0.5,4,5,0.8,1,5,6,3,0,2,0,3,3
0022500902,2026-03-05,2025-26,regular_season,False,1610612745,HOU,Houston Rockets,1610612744,GSW,Golden State Warriors,22,25,L,7,17,0.412,2,4,0.5,6,10,0.6,2,2,4,3,3,1,1,3,-3,9,15,0.6,4,7,0.571,3,3,1.0,4,7,11,7,1,1,6,9,3
0022500910,2026-03-06,2025-26,regular_season,False,1610612745,HOU,Houston Rockets,1610612757,POR,Portland Trail Blazers,5,0,W,2,2,1.0,0,0,0.0,1,1,1.0,0,1,1,1,1,1,1,0,5,0,0,0.0,0,0,0.0,0,0,0.0,0,0,0,0,1,0,1,1,-5
0022500909,2026-03-06,2025-26,regular_season,False,1610612766,CHA,Charlotte Hornets,1610612748,MIA,Miami Heat,0,6,L,0,4,0.0,0,4,0.0,0,0,0.0,1,2,3,0,0,0,0,2,-6,2,6,0.333,0,1,0.0,2,2,1.0,2,3,5,0,0,0,0,1,6
0022500913,2026-03-06,2025-26,regular_season,False,1610612759,SAS,San Antonio Spurs,1610612746,LAC,LA Clippers,15,11,W,6,13,0.462,2,4,0.5,1,4,0.25,3,3,6,3,0,0,1,4,4,4,10,0.4,0,3,0.0,3,3,1.0,1,5,6,2,2,1,2,3,-4
0022500912,2026-03-06,2025-26,regular_season,False,1610612756,PHX,Phoenix Suns,1610612740,NOP,New Orleans Pelicans,4,5,L,0,1,0.0,0,0,0.0,4,4,1.0,0,1,1,0,0,0,1,2,-1,1,2,0.5,0,0,0.0,3,4,0.75,0,1,1,1,1,0,0,3,1
0022500918,2026-03-07,2025-26,regular_season,False,1610612763,MEM,Memphis Grizzlies,1610612746,LAC,LA Clippers,11,11,L,5,11,0.455,1,4,0.25,0,0,0.0,3,1,4,4,0,1,1,3,0,2,5,0.4,1,3,0.333,6,6,1.0,1,1,2,1,1,2,2,1,0
0022500919,2026-03-07,2025-26,regular_season,False,1610612749,MIL,Milwaukee Bucks,1610612762,UTA,Utah Jazz,6,4,W,2,2,1.0,1,1,1.0,1,1,1.0,0,0,0,2,0,0,0,1,2,0,0,0.0,0,0,0.0,4,4,1.0,0,0,0,0,0,0,0,1,-2
0022500920,2026-03-07,2025-26,regular_season,False,1610612760,OKC,Oklahoma City Thunder,1610612744,GSW,Golden State Warriors,4,2,W,1,5,0.2,1,4,0.25,1,1,1.0,1,6,7,0,1,0,3,1,2,1,6,0.167,0,3,0.0,0,1,0.0,0,3,3,1,3,0,1,2,-2
0022500917,2026-03-07,2025-26,regular_season,False,1610612737,ATL,Atlanta Hawks,1610612755,PHI,Philadelphia 76ers,2,0,W,1,4,0.25,0,2,0.0,0,0,0.0,1,1,2,0,1,0,0,0,2,0,1,0.0,0,0,0.0,0,0,0.0,0,2,2,0,0,0,2,4,-2
0022500916,2026-03-07,2025-26,regular_season,False,1610612765,DET,Detroit Pistons,1610612751,BKN,Brooklyn Nets,2,8,L,0,5,0.0,0,2,0.0,2,2,1.0,2,0,2,0,0,0,2,2,-6,2,3,0.667,2,3,0.667,2,2,1.0,1,2,3,2,0,1,2,1,6
0022500934,2026-03-09,2025-26,regular_season,False,1610612762,UTA,Utah Jazz,1610612744,GSW,Golden State Warriors,13,14,L,3,4,0.75,2,3,0.667,5,6,0.833,0,7,7,3,0,0,5,5,-1,4,12,0.333,1,5,0.2,5,9,0.556,3,3,6,3,3,0,0,4,1
0022500935,2026-03-09,2025-26,regular_season,False,1610612746,LAC,LA Clippers,1610612752,NYK,New York Knicks,6,0,W,2,3,0.667,1,1,1.0,1,1,1.0,0,1,1,2,0,1,0,0,6,0,1,0.0,0,0,0.0,0,0,0.0,0,0,0,0,0,0,0,1,-6
0022500933,2026-03-09,2025-26,regular_season,False,1610612760,OKC,Oklahoma City Thunder,1610612743,DEN,Denver Nuggets,17,8,W,6,9,0.667,4,7,0.571,1,1,1.0,0,4,4,5,0,0,0,2,9,2,6,0.333,1,2,0.5,3,3,1.0,0,3,3,1,0,0,0,1,-9
0022500942,2026-03-10,2025-26,regular_season,False,1610612759,SAS,San Antonio Spurs,1610612738,BOS,Boston Celtics,3,0,W,1,1,1.0,1,1,1.0,0,0,0.0,0,0,0,1,0,0,0,0,3,0,0,0.0,0,0,0.0,0,0,0.0,0,0,0,0,0,0,0,0,-3
0022500943,2026-03-10,2025-26,regular_season,False,1610612744,GSW,Golden State Warriors,1610612741,CHI,Chicago Bulls,17,20,L,6,18,0.333,2,9,0.222,3,4,0.75,2,6,8,5,3,2,1,6,-3,5,12,0.417,1,6,0.167,9,10,0.9,0,10,10,2,1,0,3,3,3
0022500944,2026-03-10,2025-26,regular_season,False,1610612757,POR,Portland Trail Blazers,1610612766,CHA,Charlotte Hornets,12,11,W,5,11,0.455,2,3,0.667,0,0,0.0,2,4,6,4,0,1,3,4,1,2,6,0.333,1,4,0.25,6,6,1.0,0,3,3,0,1,2,1,1,-1
0022500945,2026-03-10,2025-26,regular_season,False,1610612758,SAC,Sacramento Kings,1610612754,IND,Indiana Pacers,18,9,W,5,5,1.0,3,3,1.0,5,5,1.0,0,4,4,3,0,0,2,0,9,4,11,0.364,1,7,0.143,0,0,0.0,2,0,2,2,0,0,1,4,-9
0022500947,2026-03-11,2025-26,regular_season,False,1610612753,ORL,Orlando Magic,1610612739,CLE,Cleveland Cavaliers,9,5,W,2,3,0.667,2,2,1.0,3,3,1.0,0,1,1,2,0,0,0,0,4,2,4,0.5,1,3,0.333,0,0,0.0,1,1,2,1,0,0,0,2,-4
0022500955,2026-03-12,2025-26,regular_season,False,1610612753,ORL,Orlando Magic,1610612764,WAS,Washington Wizards,25,21,W,6,13,0.462,2,4,0.5,11,12,0.917,2,4,6,2,2,1,2,4,4,7,11,0.636,3,5,0.6,4,4,1.0,0,3,3,4,0,2,2,7,-4
0022500957,2026-03-12,2025-26,regular_season,False,1610612748,MIA,Miami Heat,1610612749,MIL,Milwaukee Bucks,11,6,W,2,7,0.286,1,3,0.333,6,7,0.857,1,2,3,1,1,0,0,2,5,2,3,0.667,0,1,0.0,2,4,0.5,0,3,3,0,0,0,1,3,-5
0022500958,2026-03-12,2025-26,regular_season,False,1610612759,SAS,San Antonio Spurs,1610612743,DEN,Denver Nuggets,6,13,L,2,6,0.333,0,3,0.0,2,2,1.0,1,2,3,1,0,0,0,3,-7,4,6,0.667,1,2,0.5,4,4,1.0,0,4,4,1,0,1,0,1,7
0022500959,2026-03-12,2025-26,regular_season,False,1610612760,OKC,Oklahoma City Thunder,1610612738,BOS,Boston Celtics,11,11,W,4,10,0.4,1,5,0.2,2,2,1.0,3,2,5,1,0,0,0,2,0,2,6,0.333,0,1,0.0,7,7,1.0,1,3,4,0,0,0,1,3,0
0022500956,2026-03-12,2025-26,regular_season,False,1610612737,ATL,Atlanta Hawks,1610612751,BKN,Brooklyn Nets,3,0,W,1,2,0.5,1,2,0.5,0,0,0.0,0,1,1,1,0,0,0,0,3,0,1,0.0,0,1,0.0,0,0,0.0,0,1,1,0,0,0,0,0,-3
0022500963,2026-03-13,2025-26,regular_season,False,1610612761,TOR,Toronto Raptors,1610612756,PHX,Phoenix Suns,16,3,W,7,9,0.778,1,1,1.0,1,1,1.0,0,5,5,3,1,1,1,2,13,1,7,0.143,1,5,0.2,0,0,0.0,0,2,2,1,0,0,2,2,-13
0022500962,2026-03-13,2025-26,regular_season,False,1610612754,IND,Indiana Pacers,1610612752,NYK,New York Knicks,5,7,L,1,4,0.25,1,2,0.5,2,2,1.0,0,3,3,1,0,2,0,3,-2,1,5,0.2,1,2,0.5,4,4,1.0,2,3,5,1,0,0,0,2,2
0022500967,2026-03-13,2025-26,regular_season,False,1610612757,POR,Portland Trail Blazers,1610612762,UTA,Utah Jazz,3,0,W,1,3,0.333,1,3,0.333,0,0,0.0,1,0,1,1,1,0,0,0,3,0,0,0.0,0,0,0.0,0,0,0.0,0,1,1,0,0,0,1,1,-3
0022500964,2026-03-13,2025-26,regular_season,False,1610612745,HOU,Houston Rockets,1610612740,NOP,New Orleans Pelicans,11,10,W,3,6,0.5,1,2,0.5,4,6,0.667,0,2,2,3,0,0,2,4,1,3,6,0.5,0,1,0.0,4,6,0.667,1,4,5,0,1,0,2,3,-1
0022500975,2026-03-14,2025-26,regular_season,False,1610612746,LAC,LA Clippers,1610612758,SAC,Sacramento Kings,2,8,L,1,1,1.0,0,0,0.0,0,0,0.0,0,0,0,0,0,0,0,0,-6,3,3,1.0,2,2,1.0,0,0,0.0,0,0,0,2,1,0,0,0,6
0022500974,2026-03-14,2025-26,regular_season,False,1610612747,LAL,Los Angeles Lakers,1610612743,DEN,Denver Nuggets,22,19,W,7,13,0.538,1,4,0.25,7,8,0.875,2,8,10,2,2,2,4,4,3,5,14,0.357,4,9,0.444,5,6,0.833,0,4,4,3,3,2,2,4,-3
0022500972,2026-03-14,2025-26,regular_season,False,1610612748,MIA,Miami Heat,1610612753,ORL,Orlando Magic,5,4,W,1,2,0.5,0,1,0.0,3,3,1.0,0,1,1,1,0,0,1,4,1,0,0,0.0,0,0,0.0,4,6,0.667,0,1,1,0,0,0,1,1,-1
0022500969,2026-03-14,2025-26,regular_season,False,1610612755,PHI,Philadelphia 76ers,1610612751,BKN,Brooklyn Nets,16,11,W,2,5,0.4,0,0,0.0,12,13,0.923,1,3,4,0,0,0,0,2,5,4,8,0.5,2,2,1.0,1,3,0.333,2,2,4,3,0,1,0,8,-5
0022500980,2026-03-15,2025-26,regular_season,False,1610612755,PHI,Philadelphia 76ers,1610612757,POR,Portland Trail Blazers,8,1,W,3,4,0.75,0,0,0.0,2,2,1.0,0,2,2,0,1,0,1,2,7,0,0,0.0,0,0,0.0,1,4,0.25,0,1,1,0,0,1,1,1,-7
0022500978,2026-03-15,2025-26,regular_season,False,1610612761,TOR,Toronto Raptors,1610612765,DET,Detroit Pistons,7,0,W,3,3,1.0,1,1,1.0,0,0,0.0,0,0,0,1,0,0,1,1,7,0,0,0.0,0,0,0.0,0,0,0.0,0,0,0,0,0,0,1,1,-7
0022500982,2026-03-15,2025-26,regular_season,False,1610612758,SAC,Sacramento Kings,1610612762,UTA,Utah Jazz,6,4,W,1,4,0.25,0,2,0.0,4,6,0.667,1,3,4,1,1,0,1,1,2,1,4,0.25,0,3,0.0,2,2,1.0,0,3,3,0,1,0,1,3,-2
0022500981,2026-03-15,2025-26,regular_season,False,1610612752,NYK,New York Knicks,1610612744,GSW,Golden State Warriors,13,14,L,2,8,0.25,1,2,0.5,8,8,1.0,2,1,3,0,1,1,0,2,-1,6,8,0.75,0,2,0.0,2,2,1.0,2,3,5,2,0,1,2,5,1
0022500986,2026-03-16,2025-26,regular_season,False,1610612738,BOS,Boston Celtics,1610612756,PHX,Phoenix Suns,14,5,W,3,7,0.429,0,2,0.0,8,8,1.0,1,3,4,1,1,0,1,2,9,1,6,0.167,1,3,0.333,2,4,0.5,0,2,2,1,0,0,3,4,-9
0022500984,2026-03-16,2025-26,regular_season,False,1610612764,WAS,Washington Wizards,1610612744,GSW,Golden State Warriors,0,2,L,0,0,0.0,0,0,0.0,0,0,0.0,0,0,0,0,0,0,0,0,-2,1,1,1.0,0,0,0.0,0,0,0.0,0,0,0,1,0,0,0,0,2
0022500989,2026-03-16,2025-26,regular_season,False,1610612745,HOU,Houston Rockets,1610612747,LAL,Los Angeles Lakers,2,9,L,0,4,0.0,0,3,0.0,2,2,1.0,0,2,2,0,0,1,3,2,-7,4,11,0.364,1,5,0.2,0,0,0.0,4,2,6,1,1,0,0,1,7
0022500990,2026-03-16,2025-26,regular_season,False,1610612746,LAC,LA Clippers,1610612759,SAS,San Antonio Spurs,0,4,L,0,0,0.0,0,0,0.0,0,0,0.0,0,1,1,0,0,0,0,4,-4,0,0,0.0,0,0,0.0,4,6,0.667,0,0,0,0,0,0,0,0,4
0022500992,2026-03-17,2025-26,regular_season,False,1610612753,ORL,Orlando Magic,1610612760,OKC,Oklahoma City Thunder,3,5,L,1,3,0.333,0,1,0.0,1,2,0.5,1,2,3,1,0,1,0,1,-2,1,3,0.333,1,1,1.0,2,2,1.0,0,2,2,0,1,0,0,2,2
0022500995,2026-03-17,2025-26,regular_season,False,1610612749,MIL,Milwaukee Bucks,1610612739,CLE,Cleveland Cavaliers,0,4,L,0,0,0.0,0,0,0.0,0,0,0.0,0,0,0,0,0,0,0,1,-4,1,1,1.0,1,1,1.0,1,2,0.5,0,0,0,1,0,0,0,0,4
0022501007,2026-03-18,2025-26,regular_season,False,1610612745,HOU,Houston Rockets,1610612747,LAL,Los Angeles Lakers,4,10,L,2,5,0.4,0,1,0.0,0,0,0.0,1,2,3,1,0,0,1,0,-6,4,6,0.667,2,4,0.5,0,0,0.0,0,2,2,3,0,1,0,1,6
0022500651,2026-03-18,2025-26,regular_season,False,1610612763,MEM,Memphis Grizzlies,1610612743,DEN,Denver Nuggets,3,0,W,1,1,1.0,0,0,0.0,1,1,1.0,1,0,1,1,0,0,0,0,3,0,0,0.0,0,0,0.0,0,0,0.0,0,0,0,0,0,0,0,1,-3
0022501001,2026-03-18,2025-26,regular_season,False,1610612754,IND,Indiana Pacers,1610612757,POR,Portland Trail Blazers,0,3,L,0,1,0.0,0,0,0.0,0,0,0.0,0,0,0,0,0,0,0,0,-3,1,1,1.0,1,1,1.0,0,0,0.0,0,1,1,1,0,0,1,1,3
0022501011,2026-03-19,2025-26,regular_season,False,1610612741,CHI,Chicago Bulls,1610612739,CLE,Cleveland Cavaliers,8,12,L,2,9,0.222,0,5,0.0,4,6,0.667,2,3,5,0,1,0,0,3,-4,4,6,0.667,1,2,0.5,3,6,0.5,0,5,5,2,0,0,1,3,4
0022501013,2026-03-19,2025-26,regular_season,False,1610612759,SAS,San Antonio Spurs,1610612756,PHX,Phoenix Suns,10,5,W,3,6,0.5,0,2,0.0,4,4,1.0,1,3,4,0,0,1,0,2,5,2,7,0.286,1,3,0.333,0,2,0.0,2,0,2,2,0,0,0,2,-5
0022501012,2026-03-19,2025-26,regular_season,False,1610612740,NOP,New Orleans Pelicans,1610612746,LAC,LA Clippers,7,2,W,2,3,0.667,1,1,1.0,2,3,0.667,0,2,2,2,0,0,1,1,5,1,3,0.333,0,1,0.0,0,2,0.0,0,1,1,0,1,0,0,2,-5
0022501010,2026-03-19,2025-26,regular_season,False,1610612748,MIA,Miami Heat,1610612747,LAL,Los Angeles Lakers,1,15,L,0,0,0.0,0,0,0.0,1,1,1.0,0,0,0,0,0,0,1,3,-14,5,6,0.833,2,2,1.0,3,4,0.75,2,0,2,2,1,0,0,1,14
0022501016,2026-03-20,2025-26,regular_season,False,1610612751,BKN,Brooklyn Nets,1610612752,NYK,New York Knicks,7,9,L,2,8,0.25,1,4,0.25,2,2,1.0,0,5,5,2,0,0,0,4,-2,3,7,0.429,0,4,0.0,3,6,0.5,0,7,7,1,0,0,0,1,2
0022501020,2026-03-20,2025-26,regular_season,False,1610612750,MIN,Minnesota Timberwolves,1610612757,POR,Portland Trail Blazers,8,14,L,2,10,0.2,0,2,0.0,4,5,0.8,3,1,4,1,0,0,2,3,-6,3,9,0.333,2,5,0.4,6,6,1.0,3,3,6,3,1,1,1,4,6
0022501021,2026-03-20,2025-26,regular_season,False,1610612743,DEN,Denver Nuggets,1610612761,TOR,Toronto Raptors,14,12,W,4,7,0.571,0,0,0.0,6,8,0.75,1,3,4,3,0,1,0,2,2,5,11,0.455,1,2,0.5,1,3,0.333,4,3,7,4,0,0,0,6,-2
0022501019,2026-03-20,2025-26,regular_season,False,1610612763,MEM,Memphis Grizzlies,1610612738,BOS,Boston Celtics,0,7,L,0,2,0.0,0,2,0.0,0,0,0.0,0,0,0,0,0,0,0,3,-7,3,3,1.0,0,0,0.0,1,2,0.5,0,3,3,0,0,0,0,0,7
0022501029,2026-03-21,2025-26,regular_season,False,1610612742,DAL,Dallas Mavericks,1610612746,LAC,LA Clippers,11,15,L,3,9,0.333,0,3,0.0,5,6,0.833,3,3,6,2,2,1,2,0,-4,6,10,0.6,3,5,0.6,0,0,0.0,1,3,4,3,2,0,3,3,4
0022501027,2026-03-21,2025-26,regular_season,False,1610612745,HOU,Houston Rockets,1610612748,MIA,Miami Heat,12,6,W,5,7,0.714,2,3,0.667,0,0,0.0,1,0,1,4,1,0,3,2,6,2,3,0.667,0,1,0.0,2,2,1.0,1,1,2,2,1,0,3,1,-6
0022501031,2026-03-21,2025-26,regular_season,False,1610612756,PHX,Phoenix Suns,1610612749,MIL,Milwaukee Bucks,10,16,L,3,10,0.3,2,6,0.333,2,3,0.667,1,2,3,2,1,1,2,3,-6,6,8,0.75,2,2,1.0,2,5,0.4,0,7,7,3,1,0,2,4,6
0022501030,2026-03-21,2025-26,regular_season,False,1610612762,UTA,Utah Jazz,1610612755,PHI,Philadelphia 76ers,0,6,L,0,3,0.0,0,1,0.0,0,0,0.0,0,1,1,0,0,0,0,2,-6,1,2,0.5,0,0,0.0,4,4,1.0,0,3,3,0,0,1,0,1,6
0022501025,2026-03-21,2025-26,regular_season,False,1610612740,NOP,New Orleans Pelicans,1610612739,CLE,Cleveland Cavaliers,3,15,L,1,7,0.143,0,2,0.0,1,2,0.5,0,2,2,0,0,1,1,3,-12,6,11,0.545,0,1,0.0,3,3,1.0,3,7,10,4,0,2,0,1,12
0022501024,2026-03-21,2025-26,regular_season,False,1610612753,ORL,Orlando Magic,1610612747,LAL,Los Angeles Lakers,10,10,L,3,5,0.6,0,1,0.0,4,4,1.0,0,4,4,2,1,1,3,1,0,4,14,0.286,1,7,0.143,1,2,0.5,4,2,6,2,1,0,1,3,0
0022501033,2026-03-22,2025-26,regular_season,False,1610612758,SAC,Sacramento Kings,1610612751,BKN,Brooklyn Nets,12,6,W,2,3,0.667,1,1,1.0,7,8,0.875,0,1,1,2,0,0,1,1,6,2,4,0.5,0,1,0.0,2,2,1.0,0,1,1,1,1,0,1,4,-6
0022501039,2026-03-23,2025-26,regular_season,False,1610612753,ORL,Orlando Magic,1610612754,IND,Indiana Pacers,3,3,L,0,2,0.0,0,0,0.0,3,3,1.0,1,1,2,0,1,0,0,1,0,1,4,0.25,1,2,0.5,0,0,0.0,1,1,2,0,0,1,1,2,0
0022501042,2026-03-23,2025-26,regular_season,False,1610612741,CHI,Chicago Bulls,1610612745,HOU,Houston Rockets,22,6,W,7,8,0.875,3,4,0.75,5,6,0.833,1,4,5,5,1,0,1,2,16,2,5,0.4,0,3,0.0,2,3,0.667,0,1,1,1,0,0,3,4,-16
0022501038,2026-03-23,2025-26,regular_season,False,1610612765,DET,Detroit Pistons,1610612747,LAL,Los Angeles Lakers,10,10,W,3,8,0.375,0,1,0.0,4,4,1.0,0,2,2,0,0,0,2,3,0,2,6,0.333,0,3,0.0,6,7,0.857,1,3,4,1,0,1,1,3,0
0022501044,2026-03-23,2025-26,regular_season,False,1610612742,DAL,Dallas Mavericks,1610612744,GSW,Golden State Warriors,9,14,L,3,8,0.375,1,4,0.25,2,2,1.0,0,2,2,2,3,0,3,6,-5,3,10,0.3,1,4,0.25,7,11,0.636,5,4,9,2,2,0,4,2,5
0022501049,2026-03-24,2025-26,regular_season,False,1610612739,CLE,Cleveland Cavaliers,1610612753,ORL,Orlando Magic,5,2,W,1,2,0.5,0,0,0.0,3,3,1.0,0,1,1,0,1,0,0,1,3,0,1,0.0,0,1,0.0,2,2,1.0,0,1,1,0,0,0,1,2,-3
0022501048,2026-03-24,2025-26,regular_season,False,1610612752,NYK,New York Knicks,1610612740,NOP,New Orleans Pelicans,11,6,W,3,4,0.75,0,1,0.0,5,6,0.833,0,4,4,1,0,0,2,2,5,2,5,0.4,0,2,0.0,2,3,0.667,0,2,2,0,1,0,0,3,-5
0022501050,2026-03-24,2025-26,regular_season,False,1610612756,PHX,Phoenix Suns,1610612743,DEN,Denver Nuggets,10,12,L,2,4,0.5,0,1,0.0,6,8,0.75,1,5,6,1,0,0,0,1,-2,5,8,0.625,1,3,0.333,1,2,0.5,0,2,2,4,0,0,0,4,2
0022501051,2026-03-25,2025-26,regular_season,False,1610612765,DET,Detroit Pistons,1610612737,ATL,Atlanta Hawks,20,18,W,8,23,0.348,1,8,0.125,3,4,0.75,7,7,14,4,2,1,1,4,2,6,18,0.333,2,10,0.2,4,4,1.0,2,8,10,4,1,0,3,4,-2
0022501058,2026-03-25,2025-26,regular_season,False,1610612750,MIN,Minnesota Timberwolves,1610612745,HOU,Houston Rockets,9,13,L,4,8,0.5,1,2,0.5,0,0,0.0,0,2,2,2,3,1,4,3,-4,5,9,0.556,1,1,1.0,2,4,0.5,2,2,4,3,1,2,3,0,4
0022501059,2026-03-25,2025-26,regular_season,False,1610612743,DEN,Denver Nuggets,1610612742,DAL,Dallas Mavericks,9,3,W,3,4,0.75,2,2,1.0,1,2,0.5,0,1,1,2,0,0,0,1,6,1,1,1.0,1,1,1.0,0,2,0.0,0,1,1,1,0,0,1,1,-6
0022501060,2026-03-25,2025-26,regular_season,False,1610612744,GSW,Golden State Warriors,1610612751,BKN,Brooklyn Nets,12,9,W,3,7,0.429,1,1,1.0,5,6,0.833,1,4,5,1,1,0,0,1,3,4,8,0.5,1,3,0.333,0,0,0.0,1,2,3,2,0,0,1,3,-3
0022501065,2026-03-26,2025-26,regular_season,False,1610612753,ORL,Orlando Magic,1610612758,SAC,Sacramento Kings,5,5,W,1,3,0.333,1,3,0.333,2,2,1.0,1,1,2,1,0,0,0,0,0,2,3,0.667,1,2,0.5,0,0,0.0,0,1,1,1,0,0,0,1,0
0022501067,2026-03-27,2025-26,regular_season,False,1610612738,BOS,Boston Celtics,1610612737,ATL,Atlanta Hawks,5,1,W,0,4,0.0,0,3,0.0,5,6,0.833,3,2,5,0,0,0,1,0,4,0,2,0.0,0,1,0.0,1,1,1.0,0,1,1,0,1,0,0,4,-4
0022501073,2026-03-27,2025-26,regular_season,False,1610612744,GSW,Golden State Warriors,1610612764,WAS,Washington Wizards,11,2,W,2,3,0.667,0,0,0.0,7,7,1.0,1,3,4,0,1,0,0,1,9,2,3,0.667,0,0,0.0,0,0,0.0,0,0,0,0,0,0,1,4,-9
0022501072,2026-03-27,2025-26,regular_season,False,1610612743,DEN,Denver Nuggets,1610612762,UTA,Utah Jazz,16,5,W,5,11,0.455,4,8,0.5,2,4,0.5,2,4,6,4,1,0,0,1,11,2,7,0.286,1,4,0.25,0,0,0.0,1,3,4,1,0,0,3,3,-11
0022501066,2026-03-27,2025-26,regular_season,False,1610612754,IND,Indiana Pacers,1610612746,LAC,LA Clippers,12,10,W,5,9,0.556,2,3,0.667,0,2,0.0,1,7,8,3,0,1,4,4,2,3,8,0.375,1,3,0.333,3,6,0.5,0,2,2,2,1,0,0,1,-2
0022501074,2026-03-27,2025-26,regular_season,False,1610612757,POR,Portland Trail Blazers,1610612742,DAL,Dallas Mavericks,5,7,L,2,5,0.4,1,3,0.333,0,0,0.0,0,2,2,2,0,0,1,3,-2,2,5,0.4,0,2,0.0,3,5,0.6,1,2,3,2,1,0,1,1,2
0022501077,2026-03-28,2025-26,regular_season,False,1610612766,CHA,Charlotte Hornets,1610612755,PHI,Philadelphia 76ers,9,12,L,3,10,0.3,3,9,0.333,0,0,0.0,0,4,4,1,0,0,1,5,-3,2,6,0.333,1,3,0.333,7,10,0.7,0,6,6,2,1,2,0,0,3
0022501079,2026-03-28,2025-26,regular_season,False,1610612763,MEM,Memphis Grizzlies,1610612741,CHI,Chicago Bulls,14,13,W,4,7,0.571,2,3,0.667,4,4,1.0,0,3,3,3,2,0,3,4,1,4,8,0.5,0,2,0.0,5,6,0.833,0,3,3,2,2,0,2,3,-1
0022501089,2026-03-29,2025-26,regular_season,False,1610612760,OKC,Oklahoma City Thunder,1610612752,NYK,New York Knicks,4,0,W,2,2,1.0,0,0,0.0,0,0,0.0,0,0,0,1,1,0,0,0,4,0,0,0.0,0,0,0.0,0,0,0.0,0,0,0,0,0,0,1,0,-4
0022501097,2026-03-30,2025-26,regular_season,False,1610612760,OKC,Oklahoma City Thunder,1610612765,DET,Detroit Pistons,23,17,W,6,10,0.6,2,3,0.667,9,11,0.818,0,7,7,3,2,2,2,7,6,5,20,0.25,2,12,0.167,5,6,0.833,4,3,7,3,1,1,3,6,-6
0022501091,2026-03-30,2025-26,regular_season,False,1610612748,MIA,Miami Heat,1610612755,PHI,Philadelphia 76ers,12,3,W,5,7,0.714,2,4,0.5,0,0,0.0,1,6,7,2,0,1,2,0,9,1,6,0.167,1,2,0.5,0,0,0.0,0,1,1,1,1,0,1,1,-9
0022501096,2026-03-30,2025-26,regular_season,False,1610612762,UTA,Utah Jazz,1610612739,CLE,Cleveland Cavaliers,1,7,L,0,1,0.0,0,0,0.0,1,2,0.5,0,0,0,0,0,0,0,3,-6,2,2,1.0,0,0,0.0,3,3,1.0,0,1,1,2,0,0,0,1,6
0022501099,2026-03-31,2025-26,regular_season,False,1610612753,ORL,Orlando Magic,1610612756,PHX,Phoenix Suns,8,4,W,2,8,0.25,0,3,0.0,4,4,1.0,0,7,7,1,1,0,2,1,4,1,9,0.111,1,5,0.2,1,2,0.5,1,4,5,1,0,1,2,4,-4
0022501108,2026-04-01,2025-26,regular_season,False,1610612761,TOR,Toronto Raptors,1610612758,SAC,Sacramento Kings,7,10,L,1,2,0.5,0,0,0.0,5,6,0.833,1,1,2,0,1,0,1,3,-3,3,5,0.6,1,2,0.5,3,3,1.0,1,1,2,1,0,0,1,3,3
0022501110,2026-04-01,2025-26,regular_season,False,1610612745,HOU,Houston Rockets,1610612749,MIL,Milwaukee Bucks,7,1,W,1,2,0.5,0,0,0.0,5,6,0.833,0,2,2,1,0,0,1,0,6,0,1,0.0,0,1,0.0,1,2,0.5,0,0,0,0,1,0,1,3,-6
0022501115,2026-04-02,2025-26,regular_season,False,1610612765,DET,Detroit Pistons,1610612750,MIN,Minnesota Timberwolves,5,1,W,0,0,0.0,0,0,0.0,5,7,0.714,0,2,2,0,0,0,1,1,4,0,3,0.0,0,3,0.0,1,1,1.0,0,1,1,0,1,0,0,4,-4
0022501117,2026-04-02,2025-26,regular_season,False,1610612744,GSW,Golden State Warriors,1610612739,CLE,Cleveland Cavaliers,7,18,L,3,8,0.375,1,4,0.25,0,0,0.0,0,3,3,2,1,0,0,5,-11,5,6,0.833,3,4,0.75,5,7,0.714,0,4,4,2,0,0,0,0,11
0022501118,2026-04-02,2025-26,regular_season,False,1610612757,POR,Portland Trail Blazers,1610612740,NOP,New Orleans Pelicans,5,2,W,2,5,0.4,0,1,0.0,1,2,0.5,1,1,2,2,1,0,2,1,3,0,1,0.0,0,0,0.0,2,2,1.0,0,2,2,0,1,1,2,2,-3
0022501128,2026-04-03,2025-26,regular_season,False,1610612758,SAC,Sacramento Kings,1610612740,NOP,New Orleans Pelicans,14,6,W,4,7,0.571,0,1,0.0,6,9,0.667,1,6,7,2,0,4,2,1,8,3,12,0.25,0,3,0.0,0,0,0.0,2,3,5,1,2,2,2,6,-8
0022501130,2026-04-04,2025-26,regular_season,False,1610612743,DEN,Denver Nuggets,1610612759,SAS,San Antonio Spurs,24,21,W,9,17,0.529,2,6,0.333,4,5,0.8,1,7,8,6,2,0,1,5,3,7,19,0.368,2,9,0.222,5,5,1.0,2,5,7,6,1,0,2,4,-3
0022501142,2026-04-05,2025-26,regular_season,False,1610612744,GSW,Golden State Warriors,1610612745,HOU,Houston Rockets,12,8,W,5,7,0.714,2,3,0.667,0,0,0.0,0,2,2,5,1,0,0,1,4,3,5,0.6,1,2,0.5,1,1,1.0,0,1,1,3,0,0,2,0,-4
0022501138,2026-04-05,2025-26,regular_season,False,1610612740,NOP,New Orleans Pelicans,1610612753,ORL,Orlando Magic,6,14,L,0,4,0.0,0,1,0.0,6,7,0.857,1,3,4,0,1,0,3,6,-8,3,5,0.6,1,1,1.0,7,12,0.583,1,4,5,1,1,0,1,4,8
0022501140,2026-04-05,2025-26,regular_season,False,1610612742,DAL,Dallas Mavericks,1610612747,LAL,Los Angeles Lakers,3,0,W,1,1,1.0,1,1,1.0,0,0,0.0,0,0,0,1,0,0,0,0,3,0,0,0.0,0,0,0.0,0,0,0.0,0,0,0,0,0,0,0,0,-3
0022501133,2026-04-05,2025-26,regular_season,False,1610612751,BKN,Brooklyn Nets,1610612764,WAS,Washington Wizards,16,9,W,6,9,0.667,3,5,0.6,1,2,0.5,2,3,5,4,1,0,0,0,7,3,5,0.6,2,3,0.667,1,2,0.5,0,1,1,3,0,1,2,2,-7
0022501136,2026-04-05,2025-26,regular_season,False,1610612739,CLE,Cleveland Cavaliers,1610612754,IND,Indiana Pacers,2,0,W,1,1,1.0,0,0,0.0,0,0,0.0,0,0,0,1,0,0,0,0,2,0,0,0.0,0,0,0.0,0,0,0.0,0,0,0,0,0,0,0,0,-2
0022501134,2026-04-05,2025-26,regular_season,False,1610612741,CHI,Chicago Bulls,1610612756,PHX,Phoenix Suns,4,7,L,2,3,0.667,0,1,0.0,0,0,0.0,0,1,1,1,1,0,1,4,-3,3,6,0.5,1,2,0.5,0,0,0.0,2,1,3,1,0,0,1,0,3
0022501144,2026-04-06,2025-26,regular_season,False,1610612753,ORL,Orlando Magic,1610612765,DET,Detroit Pistons,2,0,W,0,0,0.0,0,0,0.0,2,2,1.0,0,0,0,0,0,0,0,0,2,0,0,0.0,0,0,0.0,0,0,0.0,0,0,0,0,0,0,0,1,-2
0022501147,2026-04-06,2025-26,regular_season,False,1610612743,DEN,Denver Nuggets,1610612757,POR,Portland Trail Blazers,18,6,W,5,10,0.5,2,3,0.667,6,6,1.0,1,4,5,5,0,0,0,4,12,1,4,0.25,0,3,0.0,4,6,0.667,0,2,2,0,0,0,2,4,-12
0022501143,2026-04-06,2025-26,regular_season,False,1610612737,ATL,Atlanta Hawks,1610612752,NYK,New York Knicks,13,18,L,5,8,0.625,3,4,0.75,0,0,0.0,0,1,1,4,1,0,2,5,-5,5,8,0.625,1,2,0.5,7,7,1.0,3,2,5,3,1,0,1,0,5
0022501150,2026-04-07,2025-26,regular_season,False,1610612751,BKN,Brooklyn Nets,1610612749,MIL,Milwaukee Bucks,11,10,W,3,7,0.429,0,2,0.0,5,6,0.833,0,4,4,2,0,1,0,0,1,4,11,0.364,2,6,0.333,0,0,0.0,1,4,5,2,0,0,1,4,-1
0022501154,2026-04-07,2025-26,regular_season,False,1610612744,GSW,Golden State Warriors,1610612758,SAC,Sacramento Kings,12,6,W,3,7,0.429,2,4,0.5,4,6,0.667,1,3,4,3,1,0,0,2,6,2,8,0.25,1,5,0.2,1,2,0.5,0,4,4,2,0,1,1,4,-6
0022501158,2026-04-08,2025-26,regular_season,False,1610612739,CLE,Cleveland Cavaliers,1610612737,ATL,Atlanta Hawks,10,4,W,0,3,0.0,0,2,0.0,10,11,0.909,0,5,5,0,1,0,1,0,6,2,6,0.333,0,1,0.0,0,0,0.0,0,2,2,2,1,0,1,5,-6
0022501164,2026-04-08,2025-26,regular_season,False,1610612756,PHX,Phoenix Suns,1610612742,DAL,Dallas Mavericks,12,4,W,4,5,0.8,2,3,0.667,2,2,1.0,0,1,1,2,1,1,1,1,8,2,7,0.286,0,0,0.0,0,0,0.0,4,2,6,0,0,1,2,1,-8
0022501168,2026-04-09,2025-26,regular_season,False,1610612752,NYK,New York Knicks,1610612738,BOS,Boston Celtics,16,8,W,5,6,0.833,3,3,1.0,3,4,0.75,0,2,2,4,1,0,0,0,8,3,6,0.5,2,4,0.5,0,0,0.0,1,1,2,2,0,0,2,2,-8
0022501169,2026-04-09,2025-26,regular_season,False,1610612745,HOU,Houston Rockets,1610612755,PHI,Philadelphia 76ers,3,0,W,1,1,1.0,1,1,1.0,0,0,0.0,0,0,0,1,0,0,0,0,3,0,0,0.0,0,0,0.0,0,0,0.0,0,0,0,0,0,0,0,0,-3
0022501184,2026-04-10,2025-26,regular_season,False,1610612758,SAC,Sacramento Kings,1610612744,GSW,Golden State Warriors,18,12,W,6,10,0.6,1,3,0.333,5,5,1.0,3,3,6,4,0,0,2,3,6,3,7,0.429,0,1,0.0,6,6,1.0,1,1,2,2,2,0,0,3,-6
0022501178,2026-04-10,2025-26,regular_season,False,1610612745,HOU,Houston Rockets,1610612750,MIN,Minnesota Timberwolves,1,6,L,0,1,0.0,0,1,0.0,1,2,0.5,0,1,1,0,0,1,0,1,-5,2,4,0.5,1,1,1.0,1,1,1.0,0,1,1,2,0,0,1,2,5
0022501186,2026-04-12,2025-26,regular_season,False,1610612738,BOS,Boston Celtics,1610612753,ORL,Orlando Magic,7,4,W,2,3,0.667,1,2,0.5,2,2,1.0,0,4,4,2,0,1,3,1,3,1,7,0.143,1,5,0.2,1,2,0.5,2,1,3,1,2,0,1,2,-3
0022501195,2026-04-12,2025-26,regular_season,False,1610612750,MIN,Minnesota Timberwolves,1610612740,NOP,New Orleans Pelicans,3,0,W,1,1,1.0,0,0,0.0,1,1,1.0,0,0,0,0,0,0,0,0,3,0,0,0.0,0,0,0.0,0,0,0.0,0,0,0,0,0,0,0,1,-3
0022501199,2026-04-12,2025-26,regular_season,False,1610612746,LAC,LA Clippers,1610612744,GSW,Golden State Warriors,0,0,W,0,0,0.0,0,0,0.0,0,0,0.0,0,0,0,0,0,0,0,0,0,0,0,0.0,0,0,0.0,0,0,0.0,0,0,0,0,0,0,0,0,0
0052500111,2026-04-14,2025-26,play_in,False,1610612766,CHA,Charlotte Hornets,1610612748,MIA,Miami Heat,21,24,L,9,15,0.6,3,7,0.429,0,0,0.0,1,6,7,7,0,1,2,4,-3,7,15,0.467,4,9,0.444,6,7,0.857,1,4,5,6,1,0,0,1,3
0052500121,2026-04-14,2025-26,play_in,False,1610612756,PHX,Phoenix Suns,1610612757,POR,Portland Trail Blazers,10,12,L,2,6,0.333,1,2,0.5,5,7,0.714,1,1,2,2,2,1,1,2,-2,4,5,0.8,1,1,1.0,3,3,1.0,0,4,4,2,1,1,2,4,2
0052500101,2026-04-15,2025-26,play_in,False,1610612755,PHI,Philadelphia 76ers,1610612753,ORL,Orlando Magic,6,1,W,2,4,0.5,0,0,0.0,2,3,0.667,0,2,2,1,0,0,0,3,5,0,2,0.0,0,2,0.0,1,2,0.5,0,2,2,0,0,1,0,3,-5
0052500131,2026-04-15,2025-26,play_in,False,1610612746,LAC,LA Clippers,1610612744,GSW,Golden State Warriors,7,17,L,2,4,0.5,1,2,0.5,2,2,1.0,0,1,1,1,0,0,2,2,-10,6,7,0.857,3,4,0.75,2,2,1.0,0,2,2,5,2,0,0,1,10
0042500161,2026-04-18,2025-26,playoffs,False,1610612743,DEN,Denver Nuggets,1610612750,MIN,Minnesota Timberwolves,2,0,W,1,3,0.333,0,2,0.0,0,0,0.0,1,1,2,1,0,0,0,1,2,0,1,0.0,0,1,0.0,0,0,0.0,0,1,1,0,0,0,0,0,-2
0042500122,2026-04-20,2025-26,playoffs,False,1610612752,NYK,New York Knicks,1610612737,ATL,Atlanta Hawks,6,10,L,2,7,0.286,2,3,0.667,0,2,0.0,0,1,1,1,2,0,1,3,-4,5,5,1.0,0,0,0.0,0,2,0.0,0,4,4,2,0,2,2,1,4
0042500162,2026-04-20,2025-26,playoffs,False,1610612743,DEN,Denver Nuggets,1610612750,MIN,Minnesota Timberwolves,7,13,L,2,9,0.222,1,4,0.25,2,4,0.5,1,2,3,1,1,0,0,1,-6,5,8,0.625,1,2,0.5,2,2,1.0,1,8,9,3,0,0,3,3,6
0042500152,2026-04-21,2025-26,playoffs,False,1610612759,SAS,San Antonio Spurs,1610612757,POR,Portland Trail Blazers,4,9,L,1,8,0.125,0,4,0.0,2,2,1.0,2,2,4,0,1,0,2,4,-5,3,5,0.6,1,2,0.5,2,3,0.667,1,4,5,1,1,1,1,1,5
0042500172,2026-04-21,2025-26,playoffs,False,1610612747,LAL,Los Angeles Lakers,1610612745,HOU,Houston Rockets,9,1,W,3,5,0.6,1,2,0.5,2,2,1.0,0,0,0,3,2,0,1,2,8,0,0,0.0,0,0,0.0,1,1,1.0,0,1,1,0,0,0,2,2,-8
0042500123,2026-04-23,2025-26,playoffs,False,1610612737,ATL,Atlanta Hawks,1610612752,NYK,New York Knicks,10,12,L,5,8,0.625,0,1,0.0,0,2,0.0,1,2,3,3,1,2,1,1,-2,4,10,0.4,3,5,0.6,1,1,1.0,2,3,5,2,1,1,2,2,2
0042500173,2026-04-24,2025-26,playoffs,False,1610612745,HOU,Houston Rockets,1610612747,LAL,Los Angeles Lakers,13,20,L,6,16,0.375,0,4,0.0,1,3,0.333,1,6,7,3,3,1,2,5,-7,5,14,0.357,2,7,0.286,8,10,0.8,3,9,12,4,2,3,4,3,7
0042500113,2026-04-24,2025-26,playoffs,False,1610612755,PHI,Philadelphia 76ers,1610612738,BOS,Boston Celtics,12,14,L,5,6,0.833,0,1,0.0,2,2,1.0,1,1,2,3,0,0,0,1,-2,5,8,0.625,3,5,0.6,1,2,0.5,2,0,2,3,0,0,0,1,2
0042500103,2026-04-25,2025-26,playoffs,False,1610612753,ORL,Orlando Magic,1610612765,DET,Detroit Pistons,14,5,W,4,6,0.667,3,3,1.0,3,4,0.75,1,3,4,2,1,0,1,2,9,1,3,0.333,1,2,0.5,2,3,0.667,0,1,1,0,1,1,1,2,-9
0042500134,2026-04-26,2025-26,playoffs,False,1610612761,TOR,Toronto Raptors,1610612739,CLE,Cleveland Cavaliers,14,5,W,2,4,0.5,1,1,1.0,9,11,0.818,2,4,6,1,0,0,0,0,9,2,9,0.222,1,5,0.2,0,0,0.0,2,0,2,2,0,0,1,5,-9
0042500104,2026-04-27,2025-26,playoffs,False,1610612753,ORL,Orlando Magic,1610612765,DET,Detroit Pistons,7,1,W,2,8,0.25,1,4,0.25,2,4,0.5,5,4,9,0,0,0,2,1,6,0,4,0.0,0,3,0.0,1,2,0.5,0,3,3,0,1,2,2,5,-6
