game_id,game_date,season,game_type,neutral_site,team_id_home,team_abbreviation_home,team_name_home,team_id_road,team_abbreviation_road,team_name_road,pts_home,pts_road,wl_home,fgm_home,fga_home,fg_pct_home,fg3m_home,fg3a_home,fg3_pct_home,ftm_home,fta_home,ft_pct_home,oreb_home,dreb_home,reb_home,ast_home,stl_home,blk_home,tov_home,pf_home,plus_minus_home,fgm_road,fga_road,fg_pct_road,fg3m_road,fg3a_road,fg3_pct_road,ftm_road,fta_road,ft_pct_road,oreb_road,dreb_road,reb_road,ast_road,stl_road,blk_road,tov_road,pf_road,plus_minus_road
0022200001,2022-10-18,2022-23,regular_season,False,1610612738,BOS,Boston Celtics,1610612755,PHI,Philadelphia 76ers,63,54,W,23,40,0.575,8,20,0.4,9,12,0.75,2,17,19,12,5,1,6,11,9,20,40,0.5,4,14,0.286,10,11,0.909,0,16,16,8,4,0,7,12,-9
0022200002,2022-10-18,2022-23,regular_season,False,1610612744,GSW,Golden State Warriors,1610612747,LAL,Los Angeles Lakers,64,57,W,24,49,0.49,11,25,0.44,5,5,1.0,7,17,24,18,5,3,10,9,7,20,44,0.455,7,19,0.368,10,12,0.833,4,17,21,13,8,2,11,6,-7
0022200014,2022-10-19,2022-23,regular_season,False,1610612758,SAC,Sacramento Kings,1610612757,POR,Portland Trail Blazers,53,64,L,22,46,0.478,7,21,0.333,2,3,0.667,3,16,19,12,4,3,8,12,-11,23,47,0.489,6,17,0.353,12,13,0.923,7,15,22,10,3,2,5,6,11
0022200013,2022-10-19,2022-23,regular_season,False,1610612756,PHX,Phoenix Suns,1610612742,DAL,Dallas Mavericks,62,43,W,22,41,0.537,6,12,0.5,12,13,0.923,5,16,21,15,2,0,5,14,19,14,33,0.424,6,18,0.333,9,14,0.643,2,13,15,7,2,2,9,13,-19
0022200012,2022-10-19,2022-23,regular_season,False,1610612762,UTA,Utah Jazz,1610612743,DEN,Denver Nuggets,48,49,L,14,35,0.4,5,16,0.312,15,18,0.833,2,14,16,7,3,1,8,8,-1,18,40,0.45,3,14,0.214,10,10,1.0,7,17,24,10,3,2,11,14,1
0022200010,2022-10-19,2022-23,regular_season,False,1610612750,MIN,Minnesota Timberwolves,1610612760,OKC,Oklahoma City Thunder,50,56,L,14,42,0.333,4,18,0.222,18,23,0.783,7,22,29,8,3,1,10,14,-6,19,47,0.404,6,21,0.286,12,13,0.923,5,23,28,11,5,1,6,15,6
0022200009,2022-10-19,2022-23,regular_season,False,1610612763,MEM,Memphis Grizzlies,1610612752,NYK,New York Knicks,54,66,L,20,57,0.351,6,25,0.24,8,15,0.533,13,18,31,11,4,2,10,11,-12,25,52,0.481,4,16,0.25,12,13,0.923,6,20,26,16,6,3,8,17,12
0022200011,2022-10-19,2022-23,regular_season,False,1610612759,SAS,San Antonio Spurs,1610612766,CHA,Charlotte Hornets,55,61,L,21,52,0.404,5,18,0.278,8,10,0.8,7,12,19,12,5,4,4,10,-6,21,39,0.538,8,17,0.471,11,12,0.917,5,19,24,12,1,6,11,10,6
0022200007,2022-10-19,2022-23,regular_season,False,1610612748,MIA,Miami Heat,1610612741,CHI,Chicago Bulls,49,57,L,17,36,0.472,3,11,0.273,12,16,0.75,4,17,21,10,3,1,13,13,-8,22,47,0.468,3,12,0.25,10,14,0.714,9,17,26,10,8,2,9,18,8
0022200006,2022-10-19,2022-23,regular_season,False,1610612751,BKN,Brooklyn Nets,1610612740,NOP,New Orleans Pelicans,58,72,L,21,47,0.447,6,18,0.333,10,13,0.769,4,15,19,13,3,4,5,18,-14,25,47,0.532,7,14,0.5,15,21,0.714,9,22,31,18,2,0,4,11,14
0022200005,2022-10-19,2022-23,regular_season,False,1610612737,ATL,Atlanta Hawks,1610612745,HOU,Houston Rockets,58,57,W,20,41,0.488,5,13,0.385,13,15,0.867,2,18,20,14,5,2,7,9,1,22,52,0.423,5,21,0.238,8,8,1.0,8,19,27,15,4,0,6,12,-1
0022200004,2022-10-19,2022-23,regular_season,False,1610612754,IND,Indiana Pacers,1610612764,WAS,Washington Wizards,55,54,W,20,48,0.417,7,20,0.35,8,15,0.533,6,13,19,14,3,1,5,10,1,20,43,0.465,5,14,0.357,9,9,1.0,7,21,28,10,2,7,10,13,-1
0022200003,2022-10-19,2022-23,regular_season,False,1610612765,DET,Detroit Pistons,1610612753,ORL,Orlando Magic,56,54,W,20,52,0.385,9,21,0.429,7,11,0.636,9,13,22,14,6,2,7,10,2,21,43,0.488,6,14,0.429,6,7,0.857,4,21,25,10,3,2,8,9,-2
0022200008,2022-10-19,2022-23,regular_season,False,1610612761,TOR,Toronto Raptors,1610612739,CLE,Cleveland Cavaliers,57,48,W,20,45,0.444,7,14,0.5,10,13,0.769,8,12,20,13,6,2,3,11,9,16,34,0.471,3,13,0.231,13,16,0.812,2,17,19,10,1,1,8,11,-9
0022200015,2022-10-20,2022-23,regular_season,False,1610612755,PHI,Philadelphia 76ers,1610612749,MIL,Milwaukee Bucks,43,43,L,17,40,0.425,1,13,0.077,8,8,1.0,1,19,20,8,3,4,5,9,0,16,45,0.356,4,20,0.2,7,11,0.636,6,21,27,10,3,2,7,8,0
0022200016,2022-10-20,2022-23,regular_season,False,1610612747,LAL,Los Angeles Lakers,1610612746,LAC,LA Clippers,41,47,L,13,43,0.302,2,21,0.095,13,16,0.812,3,12,15,7,9,3,7,15,-6,16,35,0.457,4,11,0.364,11,18,0.611,5,24,29,8,4,5,15,13,6
0022200024,2022-10-21,2022-23,regular_season,False,1610612745,HOU,Houston Rockets,1610612763,MEM,Memphis Grizzlies,52,67,L,20,47,0.426,7,17,0.412,5,12,0.417,6,13,19,10,2,4,8,11,-15,24,47,0.511,10,22,0.455,9,13,0.692,10,17,27,13,5,7,7,11,15
0022200027,2022-10-21,2022-23,regular_season,False,1610612757,POR,Portland Trail Blazers,1610612756,PHX,Phoenix Suns,66,58,W,22,48,0.458,5,13,0.385,17,20,0.85,6,20,26,9,2,2,7,10,8,23,51,0.451,4,12,0.333,8,14,0.571,4,20,24,17,5,1,8,15,-8
0022200026,2022-10-21,2022-23,regular_season,False,1610612744,GSW,Golden State Warriors,1610612743,DEN,Denver Nuggets,71,58,W,23,48,0.479,10,22,0.455,15,17,0.882,6,17,23,18,6,2,8,10,13,21,44,0.477,7,20,0.35,9,11,0.818,6,14,20,13,3,2,10,12,-13
0022200025,2022-10-21,2022-23,regular_season,False,1610612750,MIN,Minnesota Timberwolves,1610612762,UTA,Utah Jazz,62,77,L,25,59,0.424,5,18,0.278,7,12,0.583,12,17,29,10,3,4,9,11,-15,27,59,0.458,13,29,0.448,10,14,0.714,13,21,34,25,7,5,6,14,15
0022200023,2022-10-21,2022-23,regular_season,False,1610612752,NYK,New York Knicks,1610612765,DET,Detroit Pistons,58,54,W,23,49,0.469,5,21,0.238,7,14,0.5,7,21,28,14,1,2,5,14,4,17,43,0.395,5,21,0.238,15,17,0.882,4,23,27,12,3,0,7,13,-4
0022200020,2022-10-21,2022-23,regular_season,False,1610612737,ATL,Atlanta Hawks,1610612753,ORL,Orlando Magic,58,44,W,21,43,0.488,9,13,0.692,7,7,1.0,1,17,18,14,7,1,7,13,14,13,38,0.342,3,17,0.176,15,20,0.75,8,16,24,6,3,3,10,7,-14
0022200021,2022-10-21,2022-23,regular_season,False,1610612751,BKN,Brooklyn Nets,1610612761,TOR,Toronto Raptors,60,53,W,21,42,0.5,9,22,0.409,9,13,0.692,9,16,25,16,2,9,7,8,7,21,41,0.512,8,14,0.571,3,7,0.429,3,14,17,14,4,3,9,10,-7
0022200019,2022-10-21,2022-23,regular_season,False,1610612764,WAS,Washington Wizards,1610612741,CHI,Chicago Bulls,46,50,L,18,39,0.462,5,13,0.385,5,5,1.0,0,16,16,12,4,3,7,15,-4,13,37,0.351,3,13,0.231,21,25,0.84,5,18,23,7,3,0,6,8,4
0022200018,2022-10-21,2022-23,regular_season,False,1610612754,IND,Indiana Pacers,1610612759,SAS,San Antonio Spurs,79,67,W,31,60,0.517,6,19,0.316,11,11,1.0,7,13,20,18,4,3,6,26,12,16,30,0.533,5,11,0.455,30,41,0.732,2,16,18,12,3,2,12,13,-12
0022200017,2022-10-21,2022-23,regular_season,False,1610612766,CHA,Charlotte Hornets,1610612740,NOP,New Orleans Pelicans,61,63,L,23,50,0.46,7,16,0.438,8,11,0.727,6,10,16,16,7,2,5,18,-2,18,39,0.462,3,7,0.429,24,27,0.889,9,17,26,8,3,3,11,7,2
0022200022,2022-10-21,2022-23,regular_season,False,1610612748,MIA,Miami Heat,1610612738,BOS,Boston Celtics,53,52,W,20,43,0.465,4,11,0.364,9,11,0.818,6,12,18,12,5,2,6,9,1,20,39,0.513,5,12,0.417,7,7,1.0,7,14,21,8,3,4,12,15,-1
0022200036,2022-10-22,2022-23,regular_season,False,1610612758,SAC,Sacramento Kings,1610612746,LAC,LA Clippers,54,59,L,20,40,0.5,5,16,0.312,9,15,0.6,6,13,19,10,2,3,8,11,-5,23,41,0.561,2,7,0.286,11,12,0.917,4,14,18,17,5,0,5,11,5
0022200035,2022-10-22,2022-23,regular_season,False,1610612743,DEN,Denver Nuggets,1610612760,OKC,Oklahoma City Thunder,67,62,W,20,38,0.526,13,20,0.65,14,24,0.583,5,16,21,15,2,4,9,12,5,23,44,0.523,7,17,0.412,9,12,0.75,3,17,20,15,3,0,6,18,-5
0022200034,2022-10-22,2022-23,regular_season,False,1610612742,DAL,Dallas Mavericks,1610612763,MEM,Memphis Grizzlies,73,60,W,22,48,0.458,8,22,0.364,21,26,0.808,9,19,28,13,6,3,7,13,13,22,42,0.524,5,16,0.312,11,13,0.846,2,15,17,13,2,4,8,17,-13
0022200033,2022-10-22,2022-23,regular_season,False,1610612749,MIL,Milwaukee Bucks,1610612745,HOU,Houston Rockets,58,57,W,23,42,0.548,6,14,0.429,6,8,0.75,6,17,23,15,3,3,8,13,1,20,44,0.455,9,17,0.529,8,12,0.667,8,13,21,13,4,2,8,9,-1
0022200031,2022-10-22,2022-23,regular_season,False,1610612748,MIA,Miami Heat,1610612761,TOR,Toronto Raptors,41,59,L,15,34,0.441,2,10,0.2,9,10,0.9,2,15,17,11,0,2,10,15,-18,20,42,0.476,7,21,0.333,12,15,0.8,4,16,20,14,4,3,2,10,18
0022200030,2022-10-22,2022-23,regular_season,False,1610612753,ORL,Orlando Magic,1610612738,BOS,Boston Celtics,52,58,L,19,43,0.442,6,15,0.4,8,14,0.571,7,18,25,12,2,2,5,14,-6,19,39,0.487,5,20,0.25,15,17,0.882,3,15,18,7,2,3,4,12,6
0022200029,2022-10-22,2022-23,regular_season,False,1610612754,IND,Indiana Pacers,1610612765,DET,Detroit Pistons,72,59,W,26,48,0.542,11,21,0.524,9,13,0.692,9,17,26,16,6,4,6,10,13,19,45,0.422,9,22,0.409,12,16,0.75,10,15,25,13,4,2,9,9,-13
0022200028,2022-10-22,2022-23,regular_season,False,1610612755,PHI,Philadelphia 76ers,1610612759,SAS,San Antonio Spurs,54,60,L,21,41,0.512,4,14,0.286,8,11,0.727,7,9,16,16,3,1,6,9,-6,22,43,0.512,8,20,0.4,8,9,0.889,9,12,21,14,1,3,6,8,6
0022200032,2022-10-22,2022-23,regular_season,False,1610612741,CHI,Chicago Bulls,1610612739,CLE,Cleveland Cavaliers,42,58,L,14,41,0.341,4,16,0.25,10,12,0.833,5,14,19,9,7,3,6,12,-16,21,42,0.5,6,13,0.462,10,12,0.833,6,21,27,14,2,5,10,8,16
0022200041,2022-10-23,2022-23,regular_season,False,1610612760,OKC,Oklahoma City Thunder,1610612750,MIN,Minnesota Timberwolves,62,63,L,24,50,0.48,4,18,0.222,10,12,0.833,9,18,27,13,4,2,5,7,-1,25,47,0.532,8,21,0.381,5,10,0.5,5,19,24,12,4,2,5,7,1
0022200043,2022-10-23,2022-23,regular_season,False,1610612746,LAC,LA Clippers,1610612756,PHX,Phoenix Suns,54,51,W,21,43,0.488,8,20,0.4,4,6,0.667,3,21,24,10,3,0,6,11,3,19,45,0.422,6,19,0.316,7,7,1.0,3,16,19,14,2,2,4,7,-3
0022200040,2022-10-23,2022-23,regular_season,False,1610612740,NOP,New Orleans Pelicans,1610612762,UTA,Utah Jazz,68,59,W,26,51,0.51,5,14,0.357,11,14,0.786,5,19,24,18,3,2,9,9,9,22,49,0.449,7,20,0.35,8,11,0.727,5,14,19,14,6,2,10,13,-9
0022200042,2022-10-23,2022-23,regular_season,False,1610612744,GSW,Golden State Warriors,1610612758,SAC,Sacramento Kings,41,54,L,14,41,0.341,4,15,0.267,9,16,0.562,3,19,22,8,3,1,8,9,-13,21,50,0.42,5,23,0.217,7,9,0.778,6,26,32,16,5,2,7,12,13
0022200038,2022-10-23,2022-23,regular_season,False,1610612737,ATL,Atlanta Hawks,1610612766,CHA,Charlotte Hornets,54,67,L,22,53,0.415,4,18,0.222,6,8,0.75,8,12,20,13,3,3,4,13,-13,23,43,0.535,6,12,0.5,15,19,0.789,7,21,28,14,3,5,8,8,13
0022200037,2022-10-23,2022-23,regular_season,False,1610612747,LAL,Los Angeles Lakers,1610612757,POR,Portland Trail Blazers,56,51,W,24,44,0.545,5,17,0.294,3,4,0.75,3,16,19,14,2,5,6,12,5,20,44,0.455,4,12,0.333,7,10,0.7,6,17,23,9,2,2,7,6,-5
0022200039,2022-10-23,2022-23,regular_season,False,1610612739,CLE,Cleveland Cavaliers,1610612764,WAS,Washington Wizards,60,56,W,20,54,0.37,7,18,0.389,13,14,0.929,11,15,26,7,7,1,9,14,4,22,39,0.564,6,13,0.462,6,11,0.545,0,16,16,13,6,2,14,15,-4
0022200051,2022-10-24,2022-23,regular_season,False,1610612757,POR,Portland Trail Blazers,1610612743,DEN,Denver Nuggets,80,49,W,27,41,0.659,11,20,0.55,15,20,0.75,6,18,24,15,2,3,3,6,31,20,46,0.435,5,15,0.333,4,5,0.8,6,11,17,11,1,0,4,18,-31
0022200049,2022-10-24,2022-23,regular_season,False,1610612763,MEM,Memphis Grizzlies,1610612751,BKN,Brooklyn Nets,70,55,W,24,47,0.511,10,17,0.588,12,13,0.923,6,14,20,9,1,1,3,9,15,20,40,0.5,5,17,0.294,10,11,0.909,3,11,14,8,0,4,3,14,-15
0022200048,2022-10-24,2022-23,regular_season,False,1610612745,HOU,Houston Rockets,1610612762,UTA,Utah Jazz,63,63,W,19,40,0.475,7,18,0.389,18,20,0.9,7,11,18,8,2,5,5,9,0,26,52,0.5,7,14,0.5,4,8,0.5,16,13,29,13,3,2,8,13,0
0022200050,2022-10-24,2022-23,regular_season,False,1610612750,MIN,Minnesota Timberwolves,1610612759,SAS,San Antonio Spurs,49,48,W,16,39,0.41,4,17,0.235,13,14,0.929,4,20,24,12,5,3,9,8,1,19,50,0.38,7,19,0.368,3,4,0.75,7,17,24,16,5,0,9,10,-1
0022200046,2022-10-24,2022-23,regular_season,False,1610612752,NYK,New York Knicks,1610612753,ORL,Orlando Magic,50,43,W,20,43,0.465,6,19,0.316,4,6,0.667,7,15,22,11,3,0,7,11,7,15,39,0.385,3,15,0.2,10,12,0.833,6,14,20,7,2,2,6,9,-7
0022200045,2022-10-24,2022-23,regular_season,False,1610612748,MIA,Miami Heat,1610612761,TOR,Toronto Raptors,47,50,L,14,40,0.35,4,16,0.25,15,15,1.0,4,20,24,8,3,2,6,8,-3,16,41,0.39,10,19,0.526,8,9,0.889,2,18,20,14,3,3,6,10,3
0022200044,2022-10-24,2022-23,regular_season,False,1610612755,PHI,Philadelphia 76ers,1610612754,IND,Indiana Pacers,56,60,L,17,34,0.5,10,17,0.588,12,14,0.857,1,13,14,10,2,3,4,9,-4,22,44,0.5,8,24,0.333,8,10,0.8,6,17,23,15,2,1,5,12,4
0022200047,2022-10-24,2022-23,regular_season,False,1610612741,CHI,Chicago Bulls,1610612738,BOS,Boston Celtics,55,48,W,20,43,0.465,5,13,0.385,10,10,1.0,6,23,29,11,3,2,9,12,7,17,51,0.333,7,21,0.333,7,9,0.778,10,17,27,11,2,3,5,9,-7
0022200052,2022-10-25,2022-23,regular_season,False,1610612764,WAS,Washington Wizards,1610612765,DET,Detroit Pistons,64,50,W,23,43,0.535,5,16,0.312,13,16,0.812,6,23,29,14,2,4,9,15,14,17,43,0.395,0,7,0.0,16,20,0.8,3,11,14,3,5,1,3,15,-14
0022200053,2022-10-25,2022-23,regular_season,False,1610612740,NOP,New Orleans Pelicans,1610612742,DAL,Dallas Mavericks,47,47,W,16,31,0.516,6,12,0.5,9,13,0.692,2,8,10,9,5,1,9,11,0,16,39,0.41,7,24,0.292,8,12,0.667,8,13,21,5,5,1,9,10,0
0022200054,2022-10-25,2022-23,regular_season,False,1610612760,OKC,Oklahoma City Thunder,1610612746,LAC,LA Clippers,59,51,W,21,53,0.396,2,14,0.143,15,18,0.833,12,17,29,14,6,6,3,7,8,18,38,0.474,4,13,0.308,11,12,0.917,2,16,18,9,2,9,9,10,-8
0022200055,2022-10-25,2022-23,regular_season,False,1610612756,PHX,Phoenix Suns,1610612744,GSW,Golden State Warriors,62,39,W,22,42,0.524,3,14,0.214,15,18,0.833,3,17,20,15,5,2,6,13,23,15,40,0.375,1,15,0.067,8,10,0.8,4,15,19,11,1,2,11,17,-23
0022200065,2022-10-26,2022-23,regular_season,False,1610612757,POR,Portland Trail Blazers,1610612748,MIA,Miami Heat,42,58,L,15,38,0.395,7,18,0.389,5,7,0.714,4,15,19,9,3,2,10,8,-16,22,44,0.5,8,22,0.364,6,6,1.0,6,17,23,18,8,2,7,5,16
0022200064,2022-10-26,2022-23,regular_season,False,1610612743,DEN,Denver Nuggets,1610612747,LAL,Los Angeles Lakers,56,45,W,22,46,0.478,4,13,0.308,8,10,0.8,5,21,26,19,7,4,4,11,11,16,40,0.4,4,14,0.286,9,11,0.818,5,19,24,8,2,3,8,8,-11
0022200063,2022-10-26,2022-23,regular_season,False,1610612762,UTA,Utah Jazz,1610612745,HOU,Houston Rockets,48,52,L,14,44,0.318,6,26,0.231,14,19,0.737,3,24,27,12,4,4,6,17,-4,16,48,0.333,4,21,0.19,16,20,0.8,8,23,31,9,3,1,7,18,4
0022200061,2022-10-26,2022-23,regular_season,False,1610612741,CHI,Chicago Bulls,1610612754,IND,Indiana Pacers,48,52,L,17,43,0.395,7,14,0.5,7,8,0.875,4,16,20,15,7,3,13,15,-4,17,39,0.436,8,20,0.4,10,15,0.667,2,20,22,15,3,7,14,9,4
0022200062,2022-10-26,2022-23,regular_season,False,1610612750,MIN,Minnesota Timberwolves,1610612759,SAS,San Antonio Spurs,66,69,L,27,39,0.692,7,13,0.538,5,6,0.833,0,14,14,15,3,3,9,11,-3,24,47,0.511,8,19,0.421,13,15,0.867,7,11,18,19,3,1,5,8,3
0022200059,2022-10-26,2022-23,regular_season,False,1610612761,TOR,Toronto Raptors,1610612755,PHI,Philadelphia 76ers,56,56,W,21,36,0.583,7,15,0.467,7,9,0.778,3,15,18,17,6,2,8,8,0,21,40,0.525,10,23,0.435,4,6,0.667,2,12,14,18,6,1,6,7,0
0022200058,2022-10-26,2022-23,regular_season,False,1610612752,NYK,New York Knicks,1610612766,CHA,Charlotte Hornets,65,69,L,25,51,0.49,5,15,0.333,10,11,0.909,7,19,26,13,2,7,8,13,-4,26,56,0.464,6,16,0.375,11,17,0.647,8,19,27,17,6,2,6,13,4
0022200057,2022-10-26,2022-23,regular_season,False,1610612765,DET,Detroit Pistons,1610612737,ATL,Atlanta Hawks,52,56,L,19,45,0.422,6,15,0.4,8,12,0.667,5,15,20,11,3,4,7,14,-4,21,45,0.467,4,12,0.333,10,15,0.667,7,21,28,12,4,9,8,12,4
0022200056,2022-10-26,2022-23,regular_season,False,1610612739,CLE,Cleveland Cavaliers,1610612753,ORL,Orlando Magic,49,42,W,16,42,0.381,2,14,0.143,15,19,0.789,5,17,22,9,2,1,5,10,7,14,39,0.359,4,16,0.25,10,12,0.833,5,17,22,8,2,3,8,18,-7
0022200060,2022-10-26,2022-23,regular_season,False,1610612749,MIL,Milwaukee Bucks,1610612751,BKN,Brooklyn Nets,67,44,W,22,39,0.564,6,14,0.429,17,22,0.773,6,24,30,10,3,3,11,14,23,14,40,0.35,1,16,0.062,15,20,0.75,0,10,10,10,4,3,5,15,-23
0022200066,2022-10-27,2022-23,regular_season,False,1610612751,BKN,Brooklyn Nets,1610612742,DAL,Dallas Mavericks,66,68,L,23,55,0.418,6,21,0.286,14,14,1.0,9,14,23,9,6,2,6,17,-2,22,39,0.564,10,21,0.476,14,16,0.875,2,18,20,12,2,3,14,12,2
0022200067,2022-10-27,2022-23,regular_season,False,1610612760,OKC,Oklahoma City Thunder,1610612746,LAC,LA Clippers,65,50,W,25,50,0.5,8,18,0.444,7,8,0.875,9,13,22,12,3,1,4,8,15,22,44,0.5,3,13,0.231,3,5,0.6,5,15,20,11,2,4,8,10,-15
0022200068,2022-10-27,2022-23,regular_season,False,1610612744,GSW,Golden State Warriors,1610612748,MIA,Miami Heat,60,51,W,23,46,0.5,11,24,0.458,3,4,0.75,8,16,24,14,3,1,13,5,9,19,40,0.475,6,19,0.316,7,10,0.7,2,10,12,10,10,3,8,8,-9
0022200069,2022-10-27,2022-23,regular_season,False,1610612758,SAC,Sacramento Kings,1610612763,MEM,Memphis Grizzlies,54,62,L,20,40,0.5,6,18,0.333,8,11,0.727,3,11,14,13,3,0,6,10,-8,25,42,0.595,7,16,0.438,5,8,0.625,6,17,23,13,2,3,10,11,8
0022200080,2022-10-28,2022-23,regular_season,False,1610612757,POR,Portland Trail Blazers,1610612745,HOU,Houston Rockets,56,53,W,21,43,0.488,4,15,0.267,10,13,0.769,5,22,27,13,3,5,11,13,3,18,48,0.375,3,16,0.188,14,18,0.778,8,12,20,6,7,4,5,12,-3
0022200079,2022-10-28,2022-23,regular_season,False,1610612756,PHX,Phoenix Suns,1610612740,NOP,New Orleans Pelicans,67,59,W,28,49,0.571,6,17,0.353,5,6,0.833,7,14,21,21,4,3,4,11,8,20,42,0.476,7,17,0.412,12,13,0.923,6,11,17,12,4,0,8,10,-8
0022200078,2022-10-28,2022-23,regular_season,False,1610612743,DEN,Denver Nuggets,1610612762,UTA,Utah Jazz,54,51,W,18,43,0.419,8,21,0.381,10,14,0.714,9,19,28,8,1,1,7,12,3,20,47,0.426,4,18,0.222,7,11,0.636,7,13,20,12,5,4,4,14,-3
0022200077,2022-10-28,2022-23,regular_season,False,1610612759,SAS,San Antonio Spurs,1610612741,CHI,Chicago Bulls,67,64,W,22,41,0.537,7,19,0.368,16,20,0.8,5,16,21,17,4,1,11,9,3,25,49,0.51,4,11,0.364,10,15,0.667,8,14,22,8,7,1,8,13,-3
0022200076,2022-10-28,2022-23,regular_season,False,1610612750,MIN,Minnesota Timberwolves,1610612747,LAL,Los Angeles Lakers,59,50,W,20,48,0.417,6,20,0.3,13,20,0.65,5,19,24,9,6,3,4,12,9,18,42,0.429,4,16,0.25,10,16,0.625,4,24,28,9,3,1,11,16,-9
0022200072,2022-10-28,2022-23,regular_season,False,1610612738,BOS,Boston Celtics,1610612739,CLE,Cleveland Cavaliers,48,70,L,17,44,0.386,4,17,0.235,10,12,0.833,3,15,18,11,6,1,11,12,-22,24,44,0.545,11,21,0.524,11,14,0.786,4,22,26,11,4,2,10,13,22
0022200074,2022-10-28,2022-23,regular_season,False,1610612764,WAS,Washington Wizards,1610612754,IND,Indiana Pacers,57,52,W,19,43,0.442,8,19,0.421,11,13,0.846,6,15,21,12,3,3,5,10,5,19,35,0.543,5,9,0.556,9,11,0.818,1,17,18,13,2,2,9,8,-5
0022200073,2022-10-28,2022-23,regular_season,False,1610612761,TOR,Toronto Raptors,1610612755,PHI,Philadelphia 76ers,42,47,L,17,50,0.34,2,21,0.095,6,10,0.6,9,16,25,9,8,2,7,9,-5,18,38,0.474,4,15,0.267,7,8,0.875,3,22,25,9,6,4,10,10,5
0022200071,2022-10-28,2022-23,regular_season,False,1610612753,ORL,Orlando Magic,1610612766,CHA,Charlotte Hornets,62,63,L,24,44,0.545,7,19,0.368,7,9,0.778,2,18,20,18,1,2,6,14,-1,22,45,0.489,7,20,0.35,12,17,0.706,5,17,22,15,1,3,4,7,1
0022200070,2022-10-28,2022-23,regular_season,False,1610612765,DET,Detroit Pistons,1610612737,ATL,Atlanta Hawks,45,67,L,16,41,0.39,4,16,0.25,9,13,0.692,7,12,19,8,1,2,8,10,-22,27,48,0.562,7,15,0.467,6,6,1.0,6,18,24,17,4,4,3,10,22
0022200075,2022-10-28,2022-23,regular_season,False,1610612749,MIL,Milwaukee Bucks,1610612752,NYK,New York Knicks,60,55,W,23,60,0.383,8,26,0.308,6,6,1.0,10,17,27,11,3,3,1,12,5,19,45,0.422,7,16,0.438,10,15,0.667,8,21,29,11,0,3,7,6,-5
0022200086,2022-10-29,2022-23,regular_season,False,1610612742,DAL,Dallas Mavericks,1610612760,OKC,Oklahoma City Thunder,60,71,L,21,51,0.412,4,21,0.19,14,20,0.7,5,18,23,6,5,3,7,15,-11,26,50,0.52,5,18,0.278,14,19,0.737,7,24,31,15,5,3,7,17,11
0022200087,2022-10-29,2022-23,regular_season,False,1610612762,UTA,Utah Jazz,1610612763,MEM,Memphis Grizzlies,62,69,L,22,45,0.489,10,23,0.435,8,11,0.727,5,7,12,17,5,3,8,8,-7,26,43,0.605,8,16,0.5,9,10,0.9,6,17,23,13,2,3,10,12,7
0022200085,2022-10-29,2022-23,regular_season,False,1610612749,MIL,Milwaukee Bucks,1610612737,ATL,Atlanta Hawks,64,64,W,22,43,0.512,5,19,0.263,15,22,0.682,7,19,26,9,3,2,9,13,0,26,53,0.491,7,17,0.412,5,6,0.833,6,14,20,12,3,0,7,19,0
0022200082,2022-10-29,2022-23,regular_season,False,1610612766,CHA,Charlotte Hornets,1610612744,GSW,Golden State Warriors,58,63,L,21,51,0.412,5,15,0.333,11,18,0.611,4,18,22,15,1,0,6,8,-5,25,52,0.481,8,24,0.333,5,8,0.625,5,23,28,18,6,5,7,17,5
0022200083,2022-10-29,2022-23,regular_season,False,1610612751,BKN,Brooklyn Nets,1610612754,IND,Indiana Pacers,54,62,L,17,38,0.447,6,16,0.375,14,17,0.824,4,10,14,10,3,6,3,10,-8,21,49,0.429,12,25,0.48,8,11,0.727,12,18,30,17,1,1,7,16,8
0022200081,2022-10-29,2022-23,regular_season,False,1610612758,SAC,Sacramento Kings,1610612748,MIA,Miami Heat,48,64,L,14,32,0.438,5,11,0.455,15,21,0.714,2,17,19,10,1,4,14,16,-16,22,46,0.478,5,17,0.294,15,17,0.882,4,14,18,11,5,2,3,15,16
0022200084,2022-10-29,2022-23,regular_season,False,1610612741,CHI,Chicago Bulls,1610612755,PHI,Philadelphia 76ers,53,50,W,19,40,0.475,6,18,0.333,9,10,0.9,2,16,18,11,4,2,10,15,3,15,34,0.441,4,9,0.444,16,20,0.8,3,18,21,11,4,3,12,10,-3
0022200088,2022-10-30,2022-23,regular_season,False,1610612746,LAC,LA Clippers,1610612740,NOP,New Orleans Pelicans,39,60,L,15,43,0.349,5,21,0.238,4,8,0.5,4,13,17,8,0,3,6,9,-21,25,46,0.543,8,21,0.381,2,3,0.667,5,22,27,17,3,0,5,9,21
0022200089,2022-10-30,2022-23,regular_season,False,1610612738,BOS,Boston Celtics,1610612764,WAS,Washington Wizards,54,47,W,17,36,0.472,11,22,0.5,9,10,0.9,1,22,23,14,1,1,7,8,7,19,46,0.413,5,19,0.263,4,5,0.8,4,17,21,9,1,4,4,10,-7
0022200090,2022-10-30,2022-23,regular_season,False,1610612739,CLE,Cleveland Cavaliers,1610612752,NYK,New York Knicks,59,49,W,19,44,0.432,11,28,0.393,10,12,0.833,7,14,21,14,2,2,8,12,10,22,43,0.512,3,12,0.25,2,6,0.333,5,14,19,12,5,0,9,13,-10
0022200091,2022-10-30,2022-23,regular_season,False,1610612765,DET,Detroit Pistons,1610612744,GSW,Golden State Warriors,65,59,W,21,43,0.488,8,16,0.5,15,18,0.833,6,17,23,15,3,2,7,12,6,20,43,0.465,8,18,0.444,11,12,0.917,4,18,22,13,2,2,8,12,-6
0022200092,2022-10-30,2022-23,regular_season,False,1610612759,SAS,San Antonio Spurs,1610612750,MIN,Minnesota Timberwolves,50,51,L,17,46,0.37,9,20,0.45,7,7,1.0,10,19,29,13,3,1,10,10,-1,22,50,0.44,3,15,0.2,4,8,0.5,8,17,25,12,5,5,5,10,1
0022200093,2022-10-30,2022-23,regular_season,False,1610612742,DAL,Dallas Mavericks,1610612753,ORL,Orlando Magic,54,45,W,19,40,0.475,5,18,0.278,11,13,0.846,3,15,18,6,5,1,2,11,9,17,42,0.405,3,17,0.176,8,9,0.889,7,18,25,8,1,3,7,11,-9
0022200095,2022-10-30,2022-23,regular_season,False,1610612747,LAL,Los Angeles Lakers,1610612743,DEN,Denver Nuggets,66,59,W,24,45,0.533,8,16,0.5,10,12,0.833,7,17,24,10,1,1,3,9,7,22,46,0.478,10,23,0.435,5,7,0.714,6,14,20,11,0,2,2,7,-7
0022200094,2022-10-30,2022-23,regular_season,False,1610612756,PHX,Phoenix Suns,1610612745,HOU,Houston Rockets,59,53,W,19,41,0.463,8,25,0.32,13,19,0.684,3,13,16,12,3,4,3,9,6,19,44,0.432,3,18,0.167,12,12,1.0,8,20,28,9,2,0,5,13,-6
0022200102,2022-10-31,2022-23,regular_season,False,1610612746,LAC,LA Clippers,1610612745,HOU,Houston Rockets,44,41,W,16,41,0.39,5,18,0.278,7,9,0.778,4,20,24,11,3,3,7,10,3,15,40,0.375,2,10,0.2,9,12,0.75,2,18,20,8,4,4,7,9,-3
0022200096,2022-10-31,2022-23,regular_season,False,1610612766,CHA,Charlotte Hornets,1610612758,SAC,Sacramento Kings,41,63,L,17,41,0.415,6,14,0.429,1,2,0.5,5,13,18,9,5,4,12,15,-22,21,45,0.467,10,23,0.435,11,12,0.917,7,16,23,16,4,3,8,9,22
0022200097,2022-10-31,2022-23,regular_season,False,1610612764,WAS,Washington Wizards,1610612755,PHI,Philadelphia 76ers,59,66,L,18,41,0.439,7,17,0.412,16,16,1.0,5,12,17,12,4,1,6,11,-7,26,40,0.65,7,15,0.467,7,11,0.636,2,18,20,17,6,2,7,12,7
0022200098,2022-10-31,2022-23,regular_season,False,1610612751,BKN,Brooklyn Nets,1610612754,IND,Indiana Pacers,55,55,W,20,36,0.556,4,16,0.25,11,12,0.917,3,16,19,12,4,5,10,12,0,20,42,0.476,5,15,0.333,10,15,0.667,4,13,17,11,4,2,10,13,0
0022200099,2022-10-31,2022-23,regular_season,False,1610612761,TOR,Toronto Raptors,1610612737,ATL,Atlanta Hawks,75,56,W,23,45,0.511,6,16,0.375,23,26,0.885,5,16,21,13,4,4,2,12,19,18,42,0.429,7,18,0.389,13,13,1.0,2,14,16,12,0,1,8,19,-19
0022200100,2022-10-31,2022-23,regular_season,False,1610612749,MIL,Milwaukee Bucks,1610612765,DET,Detroit Pistons,50,56,L,17,45,0.378,3,19,0.158,13,17,0.765,12,18,30,6,2,3,8,13,-6,19,44,0.432,3,13,0.231,15,16,0.938,6,14,20,10,5,2,4,12,6
0022200101,2022-10-31,2022-23,regular_season,False,1610612762,UTA,Utah Jazz,1610612763,MEM,Memphis Grizzlies,60,61,L,20,46,0.435,10,27,0.37,10,13,0.769,7,19,26,15,3,3,7,19,-1,21,50,0.42,2,11,0.182,17,29,0.586,13,19,32,10,3,1,7,12,1
0022200106,2022-11-01,2022-23,regular_season,False,1610612756,PHX,Phoenix Suns,1610612750,MIN,Minnesota Timberwolves,62,60,W,23,39,0.59,11,18,0.611,5,6,0.833,2,10,12,18,4,6,9,9,2,21,44,0.477,10,23,0.435,8,9,0.889,4,10,14,13,4,2,9,9,-2
0022200105,2022-11-01,2022-23,regular_season,False,1610612760,OKC,Oklahoma City Thunder,1610612753,ORL,Orlando Magic,53,42,W,19,42,0.452,4,15,0.267,11,13,0.846,3,19,22,12,6,5,9,7,11,15,43,0.349,3,14,0.214,9,9,1.0,6,18,24,7,4,4,10,7,-11
0022200103,2022-11-01,2022-23,regular_season,False,1610612751,BKN,Brooklyn Nets,1610612741,CHI,Chicago Bulls,41,56,L,17,37,0.459,3,13,0.231,4,6,0.667,2,19,21,15,1,6,9,11,-15,19,44,0.432,7,13,0.538,11,12,0.917,3,18,21,10,4,2,3,3,15
0022200104,2022-11-01,2022-23,regular_season,False,1610612748,MIA,Miami Heat,1610612744,GSW,Golden State Warriors,58,53,W,20,44,0.455,8,26,0.308,10,10,1.0,5,15,20,16,5,1,7,7,5,20,43,0.465,9,28,0.321,4,5,0.8,4,14,18,16,4,1,10,11,-5
0022200117,2022-11-02,2022-23,regular_season,False,1610612747,LAL,Los Angeles Lakers,1610612740,NOP,New Orleans Pelicans,64,73,L,23,51,0.451,4,15,0.267,14,16,0.875,7,23,30,12,3,3,10,13,-9,29,55,0.527,5,11,0.455,10,16,0.625,4,20,24,22,5,4,3,10,9
0022200116,2022-11-02,2022-23,regular_season,False,1610612757,POR,Portland Trail Blazers,1610612763,MEM,Memphis Grizzlies,61,59,W,19,43,0.442,9,21,0.429,14,17,0.824,10,13,23,13,1,3,10,12,2,18,40,0.45,7,14,0.5,16,19,0.842,6,15,21,14,3,3,7,10,-2
0022200114,2022-11-02,2022-23,regular_season,False,1610612759,SAS,San Antonio Spurs,1610612761,TOR,Toronto Raptors,51,79,L,17,44,0.386,9,25,0.36,8,10,0.8,6,17,23,14,0,5,12,11,-28,30,57,0.526,8,19,0.421,11,12,0.917,6,19,25,17,9,2,2,8,28
0022200113,2022-11-02,2022-23,regular_season,False,1610612749,MIL,Milwaukee Bucks,1610612765,DET,Detroit Pistons,60,44,W,22,42,0.524,8,17,0.471,8,10,0.8,4,19,23,14,5,2,6,7,16,17,40,0.425,4,14,0.286,6,6,1.0,1,16,17,10,2,1,8,9,-16
0022200112,2022-11-02,2022-23,regular_season,False,1610612745,HOU,Houston Rockets,1610612746,LAC,LA Clippers,48,53,L,16,43,0.372,6,22,0.273,10,10,1.0,9,17,26,7,2,3,10,13,-5,20,41,0.488,5,13,0.385,8,11,0.727,6,15,21,12,5,5,6,10,5
0022200115,2022-11-02,2022-23,regular_season,False,1610612742,DAL,Dallas Mavericks,1610612762,UTA,Utah Jazz,56,50,W,23,41,0.561,5,15,0.333,5,7,0.714,3,16,19,9,3,3,6,9,6,20,43,0.465,4,12,0.333,6,8,0.75,6,11,17,15,3,0,8,7,-6
0022200110,2022-11-02,2022-23,regular_season,False,1610612752,NYK,New York Knicks,1610612737,ATL,Atlanta Hawks,34,55,L,13,43,0.302,2,19,0.105,6,7,0.857,7,17,24,7,1,6,11,9,-21,22,51,0.431,6,17,0.353,5,6,0.833,7,18,25,15,6,4,3,8,21
0022200109,2022-11-02,2022-23,regular_season,False,1610612748,MIA,Miami Heat,1610612758,SAC,Sacramento Kings,57,56,W,24,48,0.5,4,19,0.211,5,6,0.833,6,15,21,16,2,5,4,11,1,20,42,0.476,6,17,0.353,10,10,1.0,3,17,20,12,1,1,6,11,-1
0022200108,2022-11-02,2022-23,regular_season,False,1610612755,PHI,Philadelphia 76ers,1610612764,WAS,Washington Wizards,60,64,L,21,41,0.512,13,21,0.619,5,7,0.714,3,8,11,14,1,0,2,12,-4,24,35,0.686,2,8,0.25,14,17,0.824,3,16,19,13,1,4,4,7,4
0022200107,2022-11-02,2022-23,regular_season,False,1610612739,CLE,Cleveland Cavaliers,1610612738,BOS,Boston Celtics,64,57,W,24,49,0.49,4,19,0.211,12,17,0.706,6,23,29,15,1,4,6,12,7,20,51,0.392,5,19,0.263,12,12,1.0,4,15,19,11,2,4,6,16,-7
0022200111,2022-11-02,2022-23,regular_season,False,1610612741,CHI,Chicago Bulls,1610612766,CHA,Charlotte Hornets,45,36,W,17,43,0.395,5,15,0.333,6,7,0.857,7,19,26,11,4,3,14,11,9,14,42,0.333,3,16,0.188,5,8,0.625,6,14,20,9,8,7,11,6,-9
0022200118,2022-11-03,2022-23,regular_season,False,1610612753,ORL,Orlando Magic,1610612744,GSW,Golden State Warriors,77,64,W,24,43,0.558,6,14,0.429,23,28,0.821,8,19,27,10,5,3,8,12,13,24,46,0.522,10,21,0.476,6,7,0.857,0,10,10,15,1,2,8,18,-13
0022200119,2022-11-03,2022-23,regular_season,False,1610612760,OKC,Oklahoma City Thunder,1610612743,DEN,Denver Nuggets,53,51,W,22,45,0.489,3,16,0.188,6,7,0.857,7,12,19,11,4,3,6,10,2,20,38,0.526,5,11,0.455,6,7,0.857,4,16,20,15,3,0,12,8,-2
0022200131,2022-11-04,2022-23,regular_season,False,1610612747,LAL,Los Angeles Lakers,1610612762,UTA,Utah Jazz,54,55,L,16,39,0.41,4,10,0.4,18,20,0.9,3,19,22,10,3,2,3,10,-1,21,52,0.404,8,23,0.348,5,5,1.0,9,21,30,15,3,1,5,15,1
0022200130,2022-11-04,2022-23,regular_season,False,1610612756,PHX,Phoenix Suns,1610612757,POR,Portland Trail Blazers,57,49,W,20,42,0.476,8,19,0.421,9,10,0.9,8,12,20,14,4,3,6,11,8,19,41,0.463,4,10,0.4,7,10,0.7,6,13,19,13,2,0,9,11,-8
0022200129,2022-11-04,2022-23,regular_season,False,1610612750,MIN,Minnesota Timberwolves,1610612749,MIL,Milwaukee Bucks,48,54,L,17,48,0.354,5,22,0.227,9,11,0.818,7,21,28,11,0,3,9,15,-6,21,42,0.5,6,15,0.4,6,16,0.375,2,23,25,14,4,1,7,14,6
0022200128,2022-11-04,2022-23,regular_season,False,1610612740,NOP,New Orleans Pelicans,1610612744,GSW,Golden State Warriors,53,51,W,18,42,0.429,6,15,0.4,11,16,0.688,7,12,19,9,6,1,10,10,2,18,35,0.514,6,14,0.429,9,10,0.9,1,15,16,10,5,1,14,16,-2
0022200127,2022-11-04,2022-23,regular_season,False,1610612742,DAL,Dallas Mavericks,1610612761,TOR,Toronto Raptors,49,53,L,18,34,0.529,5,15,0.333,8,10,0.8,3,9,12,10,8,2,9,14,-4,18,39,0.462,6,14,0.429,11,14,0.786,10,13,23,10,4,1,12,12,4
0022200126,2022-11-04,2022-23,regular_season,False,1610612759,SAS,San Antonio Spurs,1610612746,LAC,LA Clippers,48,59,L,18,43,0.419,4,13,0.308,8,14,0.571,4,11,15,10,4,1,6,11,-11,21,37,0.568,7,14,0.5,10,13,0.769,1,22,23,12,4,1,8,16,11
0022200124,2022-11-04,2022-23,regular_season,False,1610612738,BOS,Boston Celtics,1610612741,CHI,Chicago Bulls,60,62,L,18,42,0.429,4,18,0.222,20,26,0.769,5,15,20,9,4,5,9,14,-2,20,38,0.526,5,14,0.357,17,19,0.895,1,19,20,9,5,2,12,19,2
0022200123,2022-11-04,2022-23,regular_season,False,1610612764,WAS,Washington Wizards,1610612751,BKN,Brooklyn Nets,29,59,L,11,41,0.268,0,14,0.0,7,8,0.875,3,15,18,6,2,1,7,6,-30,24,43,0.558,5,12,0.417,6,6,1.0,4,25,29,14,5,4,7,9,30
0022200122,2022-11-04,2022-23,regular_season,False,1610612755,PHI,Philadelphia 76ers,1610612752,NYK,New York Knicks,51,48,W,18,48,0.375,8,27,0.296,7,9,0.778,7,17,24,11,4,4,7,14,3,16,39,0.41,3,14,0.214,13,15,0.867,4,19,23,10,3,3,8,9,-3
0022200121,2022-11-04,2022-23,regular_season,False,1610612754,IND,Indiana Pacers,1610612748,MIA,Miami Heat,39,49,L,16,38,0.421,5,20,0.25,2,4,0.5,3,16,19,12,5,3,12,8,-10,16,38,0.421,6,15,0.4,11,11,1.0,3,16,19,8,7,1,9,6,10
0022200120,2022-11-04,2022-23,regular_season,False,1610612765,DET,Detroit Pistons,1610612739,CLE,Cleveland Cavaliers,49,55,L,17,41,0.415,8,19,0.421,7,9,0.778,3,11,14,12,5,2,10,12,-6,21,35,0.6,7,12,0.583,6,7,0.857,3,16,19,12,3,8,13,9,6
0022200125,2022-11-04,2022-23,regular_season,False,1610612763,MEM,Memphis Grizzlies,1610612766,CHA,Charlotte Hornets,59,52,W,23,47,0.489,9,21,0.429,4,5,0.8,6,21,27,19,3,4,10,13,7,17,45,0.378,3,14,0.214,15,19,0.789,8,16,24,12,4,5,7,6,-7
0022200139,2022-11-05,2022-23,regular_season,False,1610612756,PHX,Phoenix Suns,1610612757,POR,Portland Trail Blazers,41,42,L,15,42,0.357,3,14,0.214,8,13,0.615,6,16,22,8,4,6,8,13,-1,14,33,0.424,3,7,0.429,11,19,0.579,2,19,21,9,3,4,10,13,1
0022200137,2022-11-05,2022-23,regular_season,False,1610612750,MIN,Minnesota Timberwolves,1610612745,HOU,Houston Rockets,61,68,L,23,38,0.605,7,16,0.438,8,11,0.727,6,13,19,18,5,3,14,12,-7,25,48,0.521,8,19,0.421,10,14,0.714,10,10,20,17,7,0,8,8,7
0022200136,2022-11-05,2022-23,regular_season,False,1610612749,MIL,Milwaukee Bucks,1610612760,OKC,Oklahoma City Thunder,41,41,W,15,39,0.385,6,18,0.333,5,5,1.0,6,17,23,9,5,3,13,9,0,16,39,0.41,5,18,0.278,4,5,0.8,5,15,20,10,5,1,11,7,0
0022200138,2022-11-05,2022-23,regular_season,False,1610612743,DEN,Denver Nuggets,1610612759,SAS,San Antonio Spurs,56,50,W,23,42,0.548,10,19,0.526,0,4,0.0,6,18,24,19,6,0,13,7,6,19,39,0.487,5,13,0.385,7,11,0.636,2,14,16,12,6,1,8,6,-6
0022200134,2022-11-05,2022-23,regular_season,False,1610612737,ATL,Atlanta Hawks,1610612740,NOP,New Orleans Pelicans,64,69,L,21,56,0.375,4,19,0.211,18,20,0.9,6,21,27,12,6,3,5,16,-5,26,59,0.441,4,14,0.286,13,19,0.684,10,24,34,15,5,4,9,16,5
0022200133,2022-11-05,2022-23,regular_season,False,1610612766,CHA,Charlotte Hornets,1610612751,BKN,Brooklyn Nets,50,46,W,17,46,0.37,6,27,0.222,10,13,0.769,8,19,27,11,3,3,6,11,4,14,39,0.359,5,18,0.278,13,15,0.867,5,17,22,10,4,4,6,10,-4
0022200132,2022-11-05,2022-23,regular_season,False,1610612753,ORL,Orlando Magic,1610612758,SAC,Sacramento Kings,58,79,L,24,49,0.49,1,12,0.083,9,10,0.9,3,18,21,14,5,3,11,17,-21,27,47,0.574,10,22,0.455,15,20,0.75,3,19,22,15,2,2,8,11,21
0022200135,2022-11-05,2022-23,regular_season,False,1610612752,NYK,New York Knicks,1610612738,BOS,Boston Celtics,52,66,L,22,44,0.5,2,10,0.2,6,6,1.0,5,16,21,8,3,1,6,9,-14,22,42,0.524,14,24,0.583,8,8,1.0,3,15,18,13,2,2,5,7,14
0022200140,2022-11-06,2022-23,regular_season,False,1610612747,LAL,Los Angeles Lakers,1610612739,CLE,Cleveland Cavaliers,36,56,L,15,41,0.366,4,13,0.308,2,4,0.5,2,14,16,11,1,1,9,12,-20,21,42,0.5,3,14,0.214,11,13,0.846,5,24,29,12,3,4,9,7,20
0022200141,2022-11-06,2022-23,regular_season,False,1610612761,TOR,Toronto Raptors,1610612741,CHI,Chicago Bulls,58,55,W,23,55,0.418,3,17,0.176,9,10,0.9,15,13,28,12,5,4,6,8,3,21,47,0.447,7,21,0.333,6,6,1.0,8,15,23,14,4,5,8,9,-3
0022200142,2022-11-06,2022-23,regular_season,False,1610612763,MEM,Memphis Grizzlies,1610612764,WAS,Washington Wizards,46,54,L,17,42,0.405,2,9,0.222,10,13,0.769,7,16,23,8,2,0,8,12,-8,22,48,0.458,3,20,0.15,7,9,0.778,8,17,25,12,4,4,4,12,8
0022200143,2022-11-06,2022-23,regular_season,False,1610612746,LAC,LA Clippers,1610612762,UTA,Utah Jazz,46,47,L,19,42,0.452,2,18,0.111,6,9,0.667,1,17,18,8,5,0,5,14,-1,14,39,0.359,5,19,0.263,14,14,1.0,4,22,26,7,1,2,10,9,1
0022200153,2022-11-07,2022-23,regular_season,False,1610612750,MIN,Minnesota Timberwolves,1610612752,NYK,New York Knicks,55,44,W,21,40,0.525,4,16,0.25,9,12,0.75,3,14,17,13,6,5,6,9,11,13,38,0.342,6,19,0.316,12,13,0.923,4,15,19,8,5,1,14,10,-11
0022200157,2022-11-07,2022-23,regular_season,False,1610612762,UTA,Utah Jazz,1610612747,LAL,Los Angeles Lakers,63,45,W,26,49,0.531,6,19,0.316,5,7,0.714,7,19,26,16,8,6,8,13,18,15,42,0.357,2,12,0.167,13,16,0.812,5,14,19,5,3,2,10,9,-18
0022200158,2022-11-07,2022-23,regular_season,False,1610612746,LAC,LA Clippers,1610612739,CLE,Cleveland Cavaliers,55,53,W,15,37,0.405,6,19,0.316,19,24,0.792,1,17,18,7,3,2,3,11,2,18,41,0.439,7,18,0.389,10,14,0.714,5,25,30,12,2,2,8,16,-2
0022200156,2022-11-07,2022-23,regular_season,False,1610612744,GSW,Golden State Warriors,1610612758,SAC,Sacramento Kings,61,46,W,23,43,0.535,9,22,0.409,6,10,0.6,6,22,28,13,3,1,9,8,15,18,47,0.383,4,18,0.222,6,8,0.75,4,13,17,9,6,0,6,9,-15
0022200155,2022-11-07,2022-23,regular_season,False,1610612742,DAL,Dallas Mavericks,1610612751,BKN,Brooklyn Nets,43,44,L,12,34,0.353,5,14,0.357,14,15,0.933,7,11,18,6,3,1,14,14,-1,17,36,0.472,3,12,0.25,7,10,0.7,8,7,15,10,8,4,9,17,1
0022200154,2022-11-07,2022-23,regular_season,False,1610612759,SAS,San Antonio Spurs,1610612743,DEN,Denver Nuggets,47,50,L,20,39,0.513,6,17,0.353,1,1,1.0,6,10,16,12,10,3,15,5,-3,23,44,0.523,2,13,0.154,2,3,0.667,6,13,19,15,10,5,13,3,3
0022200152,2022-11-07,2022-23,regular_season,False,1610612763,MEM,Memphis Grizzlies,1610612738,BOS,Boston Celtics,52,44,W,21,41,0.512,6,19,0.316,4,7,0.571,1,21,22,15,2,1,6,14,8,14,36,0.389,3,12,0.25,13,18,0.722,3,17,20,9,3,2,10,11,-8
0022200145,2022-11-07,2022-23,regular_season,False,1610612753,ORL,Orlando Magic,1610612745,HOU,Houston Rockets,62,63,L,20,44,0.455,8,18,0.444,14,18,0.778,6,15,21,15,4,1,10,13,-1,22,40,0.55,10,18,0.556,9,15,0.6,5,16,21,14,5,4,11,12,1
0022200150,2022-11-07,2022-23,regular_season,False,1610612748,MIA,Miami Heat,1610612757,POR,Portland Trail Blazers,47,57,L,16,40,0.4,4,17,0.235,11,11,1.0,1,12,13,13,4,1,4,11,-10,20,35,0.571,6,13,0.462,11,14,0.786,2,15,17,12,0,1,6,10,10
0022200149,2022-11-07,2022-23,regular_season,False,1610612737,ATL,Atlanta Hawks,1610612749,MIL,Milwaukee Bucks,65,40,W,22,46,0.478,8,15,0.533,13,15,0.867,7,18,25,11,8,2,8,12,25,15,42,0.357,2,17,0.118,8,10,0.8,2,16,18,7,2,6,11,11,-25
0022200148,2022-11-07,2022-23,regular_season,False,1610612755,PHI,Philadelphia 76ers,1610612756,PHX,Phoenix Suns,44,41,W,14,39,0.359,7,18,0.389,9,12,0.75,8,17,25,11,1,2,10,8,3,15,34,0.441,3,8,0.375,8,12,0.667,2,15,17,11,4,4,7,11,-3
0022200147,2022-11-07,2022-23,regular_season,False,1610612754,IND,Indiana Pacers,1610612740,NOP,New Orleans Pelicans,71,67,W,23,44,0.523,12,22,0.545,13,15,0.867,6,15,21,15,4,4,8,12,4,26,50,0.52,4,15,0.267,11,15,0.733,9,13,22,17,5,2,5,13,-4
0022200146,2022-11-07,2022-23,regular_season,False,1610612765,DET,Detroit Pistons,1610612760,OKC,Oklahoma City Thunder,64,40,W,22,45,0.489,6,14,0.429,14,18,0.778,8,24,32,12,2,5,4,7,24,17,50,0.34,4,17,0.235,2,4,0.5,8,13,21,14,3,5,5,12,-24
0022200144,2022-11-07,2022-23,regular_season,False,1610612766,CHA,Charlotte Hornets,1610612764,WAS,Washington Wizards,52,62,L,22,55,0.4,4,19,0.211,4,6,0.667,10,12,22,14,3,3,4,13,-10,25,40,0.625,2,6,0.333,10,14,0.714,4,20,24,11,0,4,7,6,10
0022200151,2022-11-07,2022-23,regular_season,False,1610612741,CHI,Chicago Bulls,1610612761,TOR,Toronto Raptors,53,44,W,19,35,0.543,5,12,0.417,10,14,0.714,5,20,25,12,3,2,12,11,9,16,39,0.41,4,10,0.4,8,12,0.667,3,10,13,10,4,4,8,13,-9
0022200167,2022-11-09,2022-23,regular_season,False,1610612750,MIN,Minnesota Timberwolves,1610612756,PHX,Phoenix Suns,66,60,W,21,37,0.568,5,12,0.417,19,23,0.826,6,16,22,14,1,5,9,10,6,21,49,0.429,7,13,0.538,11,11,1.0,4,9,13,11,6,1,3,13,-6
0022200171,2022-11-09,2022-23,regular_season,False,1610612758,SAC,Sacramento Kings,1610612739,CLE,Cleveland Cavaliers,58,62,L,17,36,0.472,6,16,0.375,18,20,0.9,2,9,11,13,7,1,6,10,-4,23,36,0.639,6,12,0.5,10,12,0.833,3,15,18,13,3,1,11,14,4
0022200170,2022-11-09,2022-23,regular_season,False,1610612746,LAC,LA Clippers,1610612747,LAL,Los Angeles Lakers,60,49,W,23,42,0.548,6,15,0.4,8,10,0.8,2,18,20,15,4,6,7,10,11,20,46,0.435,4,19,0.211,5,9,0.556,5,16,21,13,3,0,7,10,-11
0022200169,2022-11-09,2022-23,regular_season,False,1610612759,SAS,San Antonio Spurs,1610612763,MEM,Memphis Grizzlies,63,58,W,22,53,0.415,5,22,0.227,14,19,0.737,8,17,25,13,4,0,5,12,5,23,49,0.469,5,17,0.294,7,8,0.875,6,21,27,14,2,2,10,15,-5
0022200168,2022-11-09,2022-23,regular_season,False,1610612760,OKC,Oklahoma City Thunder,1610612749,MIL,Milwaukee Bucks,77,81,L,30,64,0.469,9,25,0.36,8,10,0.8,10,23,33,11,7,1,9,17,-4,30,61,0.492,9,19,0.474,12,14,0.857,8,23,31,17,5,1,10,11,4
0022200166,2022-11-09,2022-23,regular_season,False,1610612741,CHI,Chicago Bulls,1610612740,NOP,New Orleans Pelicans,61,63,L,24,46,0.522,3,10,0.3,10,11,0.909,5,14,19,9,2,3,8,14,-2,22,42,0.524,1,5,0.2,18,22,0.818,8,16,24,6,5,3,9,14,2
0022200165,2022-11-09,2022-23,regular_season,False,1610612761,TOR,Toronto Raptors,1610612745,HOU,Houston Rockets,59,55,W,20,45,0.444,6,18,0.333,13,15,0.867,9,15,24,10,9,4,7,13,4,19,43,0.442,5,17,0.294,12,15,0.8,9,17,26,14,6,1,10,11,-4
0022200164,2022-11-09,2022-23,regular_season,False,1610612751,BKN,Brooklyn Nets,1610612752,NYK,New York Knicks,43,41,W,16,40,0.4,4,16,0.25,7,10,0.7,5,24,29,10,5,3,11,10,2,13,45,0.289,5,22,0.227,10,13,0.769,7,19,26,9,4,3,7,9,-2
0022200163,2022-11-09,2022-23,regular_season,False,1610612738,BOS,Boston Celtics,1610612765,DET,Detroit Pistons,65,63,W,24,47,0.511,11,25,0.44,6,7,0.857,5,11,16,15,5,1,6,14,2,20,37,0.541,2,10,0.2,21,24,0.875,6,18,24,6,1,2,7,8,-2
0022200162,2022-11-09,2022-23,regular_season,False,1610612737,ATL,Atlanta Hawks,1610612762,UTA,Utah Jazz,65,62,W,27,53,0.509,5,15,0.333,6,6,1.0,7,19,26,9,2,3,4,8,3,24,49,0.49,8,19,0.421,6,8,0.75,6,14,20,16,0,3,5,10,-3
0022200161,2022-11-09,2022-23,regular_season,False,1610612753,ORL,Orlando Magic,1610612742,DAL,Dallas Mavericks,44,33,W,14,33,0.424,4,10,0.4,12,19,0.632,2,25,27,8,1,2,7,8,11,12,39,0.308,3,19,0.158,6,10,0.6,2,14,16,5,5,1,4,15,-11
0022200160,2022-11-09,2022-23,regular_season,False,1610612754,IND,Indiana Pacers,1610612743,DEN,Denver Nuggets,49,66,L,19,46,0.413,5,21,0.238,6,7,0.857,5,13,18,13,6,2,9,13,-17,20,42,0.476,8,13,0.615,18,18,1.0,8,19,27,14,5,3,13,5,17
0022200159,2022-11-09,2022-23,regular_season,False,1610612766,CHA,Charlotte Hornets,1610612757,POR,Portland Trail Blazers,42,47,L,14,43,0.326,4,19,0.211,10,12,0.833,9,13,22,7,5,2,7,13,-5,17,34,0.5,4,15,0.267,9,15,0.6,2,19,21,12,3,3,10,11,5
0022200172,2022-11-10,2022-23,regular_season,False,1610612764,WAS,Washington Wizards,1610612742,DAL,Dallas Mavericks,55,44,W,21,43,0.488,8,20,0.4,5,5,1.0,4,25,29,13,1,2,8,11,11,14,39,0.359,7,19,0.368,9,12,0.75,1,17,18,7,3,1,5,4,-11
0022200173,2022-11-10,2022-23,regular_season,False,1610612737,ATL,Atlanta Hawks,1610612755,PHI,Philadelphia 76ers,58,53,W,23,48,0.479,5,15,0.333,7,8,0.875,8,22,30,12,5,2,12,15,5,16,41,0.39,4,16,0.25,17,21,0.81,5,17,22,8,9,2,10,10,-5
0022200174,2022-11-10,2022-23,regular_season,False,1610612748,MIA,Miami Heat,1610612766,CHA,Charlotte Hornets,59,62,L,18,46,0.391,3,15,0.2,20,24,0.833,7,14,21,8,3,0,8,15,-3,25,48,0.521,7,24,0.292,5,10,0.5,4,23,27,16,2,0,10,19,3
0022200175,2022-11-10,2022-23,regular_season,False,1610612740,NOP,New Orleans Pelicans,1610612757,POR,Portland Trail Blazers,38,55,L,13,38,0.342,4,15,0.267,8,10,0.8,7,14,21,6,1,1,12,12,-17,19,36,0.528,6,14,0.429,11,15,0.733,2,15,17,13,5,1,5,7,17
0022200183,2022-11-11,2022-23,regular_season,False,1610612747,LAL,Los Angeles Lakers,1610612758,SAC,Sacramento Kings,54,64,L,19,42,0.452,4,12,0.333,12,14,0.857,9,9,18,10,2,3,5,12,-10,24,39,0.615,5,13,0.385,11,12,0.917,3,13,16,13,3,2,5,10,10
0022200182,2022-11-11,2022-23,regular_season,False,1610612744,GSW,Golden State Warriors,1610612739,CLE,Cleveland Cavaliers,58,49,W,21,40,0.525,10,17,0.588,6,9,0.667,3,16,19,13,2,1,6,14,9,17,44,0.386,3,16,0.188,12,16,0.75,7,16,23,9,2,2,7,10,-9
0022200181,2022-11-11,2022-23,regular_season,False,1610612763,MEM,Memphis Grizzlies,1610612750,MIN,Minnesota Timberwolves,42,40,W,16,38,0.421,3,19,0.158,7,10,0.7,6,15,21,10,5,0,9,6,2,17,38,0.447,3,12,0.25,3,3,1.0,3,15,18,14,6,1,9,10,-2
0022200180,2022-11-11,2022-23,regular_season,False,1610612759,SAS,San Antonio Spurs,1610612749,MIL,Milwaukee Bucks,57,47,W,21,42,0.5,7,18,0.389,8,8,1.0,4,22,26,11,1,4,9,10,10,18,54,0.333,5,23,0.217,6,9,0.667,13,12,25,10,2,3,7,8,-10
0022200176,2022-11-11,2022-23,regular_season,False,1610612738,BOS,Boston Celtics,1610612743,DEN,Denver Nuggets,65,55,W,23,42,0.548,7,18,0.389,12,17,0.706,3,20,23,14,2,3,4,11,10,19,44,0.432,6,15,0.4,11,15,0.733,5,15,20,12,2,0,3,10,-10
0022200178,2022-11-11,2022-23,regular_season,False,1610612752,NYK,New York Knicks,1610612765,DET,Detroit Pistons,53,54,L,19,42,0.452,3,14,0.214,12,12,1.0,5,14,19,10,2,1,6,12,-1,20,40,0.5,4,16,0.25,10,15,0.667,7,15,22,15,3,3,8,9,1
0022200177,2022-11-11,2022-23,regular_season,False,1610612753,ORL,Orlando Magic,1610612756,PHX,Phoenix Suns,56,45,W,19,41,0.463,7,17,0.412,11,13,0.846,8,24,32,12,1,0,7,6,11,17,46,0.37,6,19,0.316,5,6,0.833,3,13,16,9,4,1,3,9,-11
0022200179,2022-11-11,2022-23,regular_season,False,1610612760,OKC,Oklahoma City Thunder,1610612761,TOR,Toronto Raptors,62,57,W,24,50,0.48,9,23,0.391,5,8,0.625,10,13,23,15,4,2,8,16,5,19,41,0.463,5,15,0.333,14,20,0.7,6,16,22,11,5,3,7,7,-5
0022200189,2022-11-12,2022-23,regular_season,False,1610612748,MIA,Miami Heat,1610612766,CHA,Charlotte Hornets,75,56,W,27,43,0.628,10,20,0.5,11,12,0.917,4,20,24,19,3,2,6,8,19,23,47,0.489,2,14,0.143,8,10,0.8,3,13,16,10,4,1,4,10,-19
0022200191,2022-11-12,2022-23,regular_season,False,1610612740,NOP,New Orleans Pelicans,1610612745,HOU,Houston Rockets,56,56,W,20,43,0.465,3,13,0.231,13,15,0.867,7,13,20,12,9,0,8,11,0,22,38,0.579,6,19,0.316,6,7,0.857,4,16,20,15,5,2,15,10,0
0022200190,2022-11-12,2022-23,regular_season,False,1610612742,DAL,Dallas Mavericks,1610612757,POR,Portland Trail Blazers,58,55,W,19,39,0.487,7,22,0.318,13,15,0.867,3,17,20,14,4,0,6,14,3,18,40,0.45,5,15,0.333,14,20,0.7,7,14,21,9,2,2,5,12,-3
0022200188,2022-11-12,2022-23,regular_season,False,1610612755,PHI,Philadelphia 76ers,1610612737,ATL,Atlanta Hawks,54,58,L,19,37,0.514,4,11,0.364,12,16,0.75,1,14,15,10,5,3,7,12,-4,22,47,0.468,4,12,0.333,10,12,0.833,6,17,23,14,2,2,9,10,4
0022200186,2022-11-12,2022-23,regular_season,False,1610612765,DET,Detroit Pistons,1610612738,BOS,Boston Celtics,51,62,L,19,42,0.452,7,19,0.368,6,6,1.0,2,16,18,14,1,2,7,10,-11,20,45,0.444,11,25,0.44,11,12,0.917,6,17,23,13,2,1,4,7,11
0022200185,2022-11-12,2022-23,regular_season,False,1610612764,WAS,Washington Wizards,1610612762,UTA,Utah Jazz,60,57,W,20,41,0.488,8,19,0.421,12,13,0.923,3,23,26,15,2,5,6,11,3,22,50,0.44,4,18,0.222,9,10,0.9,4,16,20,15,3,1,3,8,-3
0022200184,2022-11-12,2022-23,regular_season,False,1610612746,LAC,LA Clippers,1610612751,BKN,Brooklyn Nets,45,56,L,16,40,0.4,4,15,0.267,9,10,0.9,5,14,19,10,4,1,8,7,-11,22,37,0.595,8,14,0.571,4,8,0.5,3,15,18,15,5,2,8,7,11
0022200187,2022-11-12,2022-23,regular_season,False,1610612754,IND,Indiana Pacers,1610612761,TOR,Toronto Raptors,66,39,W,23,38,0.605,11,22,0.5,9,12,0.75,6,24,30,20,2,4,9,8,27,15,50,0.3,3,23,0.13,6,8,0.75,10,9,19,6,6,1,5,7,-27
0022200198,2022-11-13,2022-23,regular_season,False,1610612747,LAL,Los Angeles Lakers,1610612751,BKN,Brooklyn Nets,61,57,W,24,43,0.558,5,12,0.417,8,9,0.889,5,14,19,14,2,0,4,13,4,18,38,0.474,5,11,0.455,16,18,0.889,3,14,17,10,3,1,8,9,-4
0022200196,2022-11-13,2022-23,regular_season,False,1610612741,CHI,Chicago Bulls,1610612743,DEN,Denver Nuggets,56,64,L,21,40,0.525,4,10,0.4,10,11,0.909,6,14,20,13,3,2,9,10,-8,25,42,0.595,7,13,0.538,7,8,0.875,3,12,15,12,6,2,7,9,8
0022200195,2022-11-13,2022-23,regular_season,False,1610612755,PHI,Philadelphia 76ers,1610612762,UTA,Utah Jazz,54,41,W,19,38,0.5,2,12,0.167,14,18,0.778,4,15,19,10,7,8,5,11,13,15,45,0.333,3,15,0.2,8,10,0.8,8,15,23,9,1,0,8,13,-13
0022200197,2022-11-13,2022-23,regular_season,False,1610612758,SAC,Sacramento Kings,1610612744,GSW,Golden State Warriors,58,53,W,24,41,0.585,7,15,0.467,3,7,0.429,4,21,25,14,1,2,10,10,5,19,46,0.413,8,26,0.308,7,7,1.0,3,14,17,12,3,3,5,9,-5
0022200193,2022-11-13,2022-23,regular_season,False,1610612739,CLE,Cleveland Cavaliers,1610612750,MIN,Minnesota Timberwolves,74,62,W,23,43,0.535,9,17,0.529,19,25,0.76,11,11,22,11,4,0,6,14,12,21,40,0.525,3,7,0.429,17,25,0.68,9,12,21,15,3,2,7,17,-12
0022200192,2022-11-13,2022-23,regular_season,False,1610612752,NYK,New York Knicks,1610612760,OKC,Oklahoma City Thunder,62,66,L,22,46,0.478,5,17,0.294,13,15,0.867,3,9,12,12,7,2,6,11,-4,24,42,0.571,5,11,0.455,13,15,0.867,4,19,23,12,4,2,10,14,4
0022200194,2022-11-13,2022-23,regular_season,False,1610612764,WAS,Washington Wizards,1610612763,MEM,Memphis Grizzlies,47,41,W,17,43,0.395,8,20,0.4,5,9,0.556,6,20,26,13,6,4,10,9,6,16,45,0.356,3,13,0.231,6,8,0.75,6,17,23,8,4,3,9,13,-6
0022200204,2022-11-14,2022-23,regular_season,False,1610612749,MIL,Milwaukee Bucks,1610612737,ATL,Atlanta Hawks,56,58,L,19,44,0.432,3,15,0.2,15,17,0.882,7,19,26,12,1,2,9,16,-2,17,44,0.386,4,11,0.364,20,24,0.833,9,15,24,11,1,2,3,11,2
0022200199,2022-11-14,2022-23,regular_season,False,1610612765,DET,Detroit Pistons,1610612761,TOR,Toronto Raptors,60,57,W,19,40,0.475,3,14,0.214,19,24,0.792,4,11,15,14,7,1,6,13,3,17,37,0.459,4,12,0.333,19,19,1.0,9,14,23,11,3,7,11,14,-3
0022200200,2022-11-14,2022-23,regular_season,False,1610612753,ORL,Orlando Magic,1610612766,CHA,Charlotte Hornets,60,54,W,18,50,0.36,11,26,0.423,13,13,1.0,14,15,29,13,1,3,9,10,6,19,42,0.452,4,18,0.222,12,14,0.857,6,12,18,9,7,6,7,11,-6
0022200201,2022-11-14,2022-23,regular_season,False,1610612738,BOS,Boston Celtics,1610612760,OKC,Oklahoma City Thunder,64,53,W,25,50,0.5,5,17,0.294,9,14,0.643,6,17,23,11,10,4,6,10,11,21,43,0.488,4,12,0.333,7,10,0.7,2,21,23,6,1,4,14,12,-11
0022200202,2022-11-14,2022-23,regular_season,False,1610612748,MIA,Miami Heat,1610612756,PHX,Phoenix Suns,55,55,W,18,42,0.429,6,15,0.4,13,14,0.929,10,10,20,9,4,3,7,9,0,24,52,0.462,5,17,0.294,2,3,0.667,14,11,25,11,3,3,8,13,0
0022200203,2022-11-14,2022-23,regular_season,False,1610612745,HOU,Houston Rockets,1610612746,LAC,LA Clippers,60,64,L,22,46,0.478,6,17,0.353,10,16,0.625,6,12,18,10,6,2,3,14,-4,21,41,0.512,6,16,0.375,16,21,0.762,7,16,23,14,0,3,9,11,4
0022200205,2022-11-14,2022-23,regular_season,False,1610612744,GSW,Golden State Warriors,1610612759,SAS,San Antonio Spurs,71,50,W,25,46,0.543,12,22,0.545,9,10,0.9,3,15,18,20,6,1,6,9,21,18,48,0.375,6,20,0.3,8,12,0.667,11,16,27,10,3,2,11,8,-21
0022200210,2022-11-15,2022-23,regular_season,False,1610612758,SAC,Sacramento Kings,1610612751,BKN,Brooklyn Nets,80,67,W,30,48,0.625,12,20,0.6,8,9,0.889,5,17,22,24,3,0,10,13,13,22,41,0.537,7,15,0.467,16,19,0.842,2,11,13,15,3,2,7,7,-13
0022200209,2022-11-15,2022-23,regular_season,False,1610612757,POR,Portland Trail Blazers,1610612759,SAS,San Antonio Spurs,55,54,W,18,35,0.514,7,15,0.467,12,15,0.8,2,18,20,11,3,1,11,10,1,21,44,0.477,2,14,0.143,10,11,0.909,4,15,19,13,4,3,7,14,-1
0022200208,2022-11-15,2022-23,regular_season,False,1610612762,UTA,Utah Jazz,1610612752,NYK,New York Knicks,53,57,L,17,43,0.395,8,26,0.308,11,12,0.917,7,18,25,15,1,3,9,11,-4,20,43,0.465,5,16,0.312,12,18,0.667,6,16,22,12,6,1,4,12,4
0022200207,2022-11-15,2022-23,regular_season,False,1610612742,DAL,Dallas Mavericks,1610612746,LAC,LA Clippers,49,69,L,16,40,0.4,8,21,0.381,9,15,0.6,3,9,12,9,6,0,5,12,-20,23,32,0.719,7,13,0.538,16,20,0.8,2,23,25,16,3,2,9,16,20
0022200206,2022-11-15,2022-23,regular_season,False,1610612740,NOP,New Orleans Pelicans,1610612763,MEM,Memphis Grizzlies,54,42,W,21,43,0.488,9,18,0.5,3,4,0.75,3,18,21,16,2,8,5,11,12,16,50,0.32,2,18,0.111,8,11,0.727,12,17,29,3,1,3,6,7,-12
0022200220,2022-11-16,2022-23,regular_season,False,1610612756,PHX,Phoenix Suns,1610612744,GSW,Golden State Warriors,58,54,W,19,40,0.475,11,21,0.524,9,9,1.0,1,22,23,16,2,5,10,10,4,19,49,0.388,10,24,0.417,6,6,1.0,4,19,23,14,4,2,10,12,-4
0022200219,2022-11-16,2022-23,regular_season,False,1610612743,DEN,Denver Nuggets,1610612752,NYK,New York Knicks,49,51,L,15,38,0.395,6,20,0.3,13,16,0.812,6,19,25,9,1,1,9,14,-2,17,40,0.425,3,16,0.188,14,19,0.737,3,16,19,9,6,3,3,12,2
0022200217,2022-11-16,2022-23,regular_season,False,1610612740,NOP,New Orleans Pelicans,1610612741,CHI,Chicago Bulls,66,57,W,22,39,0.564,7,14,0.5,15,18,0.833,6,19,25,14,1,4,6,11,9,21,44,0.477,7,16,0.438,8,11,0.727,4,12,16,12,0,1,2,11,-9
0022200216,2022-11-16,2022-23,regular_season,False,1610612749,MIL,Milwaukee Bucks,1610612739,CLE,Cleveland Cavaliers,52,38,W,21,45,0.467,7,16,0.438,3,7,0.429,6,22,28,12,3,4,6,9,14,13,40,0.325,5,14,0.357,7,9,0.778,4,18,22,7,2,5,5,6,-14
0022200218,2022-11-16,2022-23,regular_season,False,1610612742,DAL,Dallas Mavericks,1610612745,HOU,Houston Rockets,41,44,L,14,51,0.275,2,26,0.077,11,11,1.0,6,14,20,7,3,2,2,9,-3,14,34,0.412,6,13,0.462,10,11,0.909,1,26,27,12,0,12,12,11,3
0022200214,2022-11-16,2022-23,regular_season,False,1610612737,ATL,Atlanta Hawks,1610612738,BOS,Boston Celtics,48,64,L,21,55,0.382,5,19,0.263,1,2,0.5,10,13,23,10,1,2,5,5,-16,23,38,0.605,10,18,0.556,8,8,1.0,2,23,25,13,3,5,10,9,16
0022200213,2022-11-16,2022-23,regular_season,False,1610612764,WAS,Washington Wizards,1610612760,OKC,Oklahoma City Thunder,53,67,L,19,41,0.463,3,14,0.214,12,14,0.857,7,13,20,9,5,2,11,12,-14,24,39,0.615,9,15,0.6,10,15,0.667,4,14,18,12,1,2,9,15,14
0022200212,2022-11-16,2022-23,regular_season,False,1610612753,ORL,Orlando Magic,1610612750,MIN,Minnesota Timberwolves,59,52,W,22,45,0.489,6,18,0.333,9,10,0.9,6,21,27,13,3,3,7,12,7,20,43,0.465,4,16,0.25,8,12,0.667,3,15,18,10,6,3,5,10,-7
0022200211,2022-11-16,2022-23,regular_season,False,1610612766,CHA,Charlotte Hornets,1610612754,IND,Indiana Pacers,50,65,L,19,42,0.452,6,15,0.4,6,7,0.857,6,10,16,11,5,1,9,12,-15,21,36,0.583,6,15,0.4,17,18,0.944,5,13,18,12,7,5,8,9,15
0022200215,2022-11-16,2022-23,regular_season,False,1610612761,TOR,Toronto Raptors,1610612748,MIA,Miami Heat,58,44,W,21,42,0.5,4,16,0.25,12,15,0.8,9,14,23,11,0,0,4,10,14,16,32,0.5,6,18,0.333,6,7,0.857,1,10,11,8,1,2,11,14,-14
0022200221,2022-11-17,2022-23,regular_season,False,1610612757,POR,Portland Trail Blazers,1610612751,BKN,Brooklyn Nets,46,52,L,14,48,0.292,4,17,0.235,14,17,0.824,5,14,19,6,6,2,4,15,-6,17,35,0.486,6,15,0.4,12,16,0.75,3,23,26,13,2,3,11,15,6
0022200222,2022-11-17,2022-23,regular_season,False,1610612758,SAC,Sacramento Kings,1610612759,SAS,San Antonio Spurs,67,56,W,25,38,0.658,4,9,0.444,13,15,0.867,2,14,16,16,2,1,6,8,11,22,37,0.595,5,11,0.455,7,9,0.778,1,8,9,13,4,2,9,13,-11
0022200223,2022-11-17,2022-23,regular_season,False,1610612746,LAC,LA Clippers,1610612765,DET,Detroit Pistons,54,41,W,18,38,0.474,7,16,0.438,11,13,0.846,5,21,26,10,1,1,9,12,13,16,45,0.356,2,14,0.143,7,9,0.778,5,13,18,7,3,3,7,14,-13
0022200231,2022-11-18,2022-23,regular_season,False,1610612740,NOP,New Orleans Pelicans,1610612738,BOS,Boston Celtics,52,50,W,18,42,0.429,8,20,0.4,8,10,0.8,4,10,14,12,11,2,5,12,2,17,37,0.459,6,19,0.316,10,12,0.833,8,19,27,11,1,1,14,8,-2
0022200234,2022-11-18,2022-23,regular_season,False,1610612747,LAL,Los Angeles Lakers,1610612765,DET,Detroit Pistons,60,57,W,19,38,0.5,2,10,0.2,20,20,1.0,5,19,24,9,1,3,8,14,3,18,41,0.439,5,16,0.312,16,21,0.762,3,13,16,11,3,1,5,15,-3
0022200233,2022-11-18,2022-23,regular_season,False,1610612744,GSW,Golden State Warriors,1610612752,NYK,New York Knicks,50,51,L,20,43,0.465,7,24,0.292,3,9,0.333,8,17,25,15,4,2,10,14,-1,16,45,0.356,3,16,0.188,16,17,0.941,9,12,21,7,6,2,7,9,1
0022200232,2022-11-18,2022-23,regular_season,False,1610612762,UTA,Utah Jazz,1610612756,PHX,Phoenix Suns,60,67,L,24,43,0.558,6,12,0.5,6,8,0.75,6,13,19,14,2,3,10,13,-7,26,51,0.51,6,16,0.375,9,10,0.9,8,13,21,15,4,5,4,10,7
0022200229,2022-11-18,2022-23,regular_season,False,1610612763,MEM,Memphis Grizzlies,1610612760,OKC,Oklahoma City Thunder,58,51,W,18,45,0.4,7,19,0.368,15,19,0.789,7,19,26,12,2,2,6,5,7,22,45,0.489,3,13,0.231,4,5,0.8,4,18,22,14,4,4,6,13,-7
0022200230,2022-11-18,2022-23,regular_season,False,1610612742,DAL,Dallas Mavericks,1610612743,DEN,Denver Nuggets,54,44,W,20,34,0.588,6,15,0.4,8,12,0.667,1,20,21,12,2,2,6,14,10,15,41,0.366,4,16,0.25,10,13,0.769,5,12,17,8,1,0,5,8,-10
0022200227,2022-11-18,2022-23,regular_season,False,1610612741,CHI,Chicago Bulls,1610612753,ORL,Orlando Magic,55,42,W,21,41,0.512,3,8,0.375,10,14,0.714,4,17,21,12,4,3,5,7,13,15,33,0.455,6,12,0.5,6,7,0.857,1,16,17,8,2,7,12,14,-13
0022200226,2022-11-18,2022-23,regular_season,False,1610612755,PHI,Philadelphia 76ers,1610612749,MIL,Milwaukee Bucks,55,40,W,19,38,0.5,4,12,0.333,13,18,0.722,4,20,24,12,3,2,7,10,15,16,42,0.381,4,19,0.211,4,12,0.333,2,17,19,7,4,5,6,14,-15
0022200225,2022-11-18,2022-23,regular_season,False,1610612739,CLE,Cleveland Cavaliers,1610612766,CHA,Charlotte Hornets,74,76,L,26,54,0.481,6,17,0.353,16,21,0.762,4,25,29,16,5,4,14,12,-2,29,72,0.403,10,29,0.345,8,8,1.0,13,25,38,15,8,4,11,22,2
0022200224,2022-11-18,2022-23,regular_season,False,1610612764,WAS,Washington Wizards,1610612748,MIA,Miami Heat,50,37,W,19,49,0.388,6,22,0.273,6,7,0.857,5,28,33,16,3,3,10,13,13,13,51,0.255,2,23,0.087,9,13,0.692,5,22,27,6,2,3,6,7,-13
0022200228,2022-11-18,2022-23,regular_season,False,1610612745,HOU,Houston Rockets,1610612754,IND,Indiana Pacers,41,54,L,11,41,0.268,2,17,0.118,17,19,0.895,8,18,26,6,4,3,8,11,-13,18,43,0.419,6,21,0.286,12,14,0.857,7,19,26,12,4,5,5,15,13
0022200239,2022-11-19,2022-23,regular_season,False,1610612746,LAC,LA Clippers,1610612759,SAS,San Antonio Spurs,55,49,W,21,38,0.553,7,15,0.467,6,10,0.6,3,13,16,13,3,0,8,13,6,15,42,0.357,3,15,0.2,16,19,0.842,8,12,20,9,2,0,6,7,-6
0022200235,2022-11-19,2022-23,regular_season,False,1610612737,ATL,Atlanta Hawks,1610612761,TOR,Toronto Raptors,69,60,W,25,49,0.51,5,17,0.294,14,21,0.667,6,20,26,12,0,2,5,12,9,23,58,0.397,3,18,0.167,11,14,0.786,11,20,31,13,3,4,6,18,-9
0022200236,2022-11-19,2022-23,regular_season,False,1610612754,IND,Indiana Pacers,1610612753,ORL,Orlando Magic,63,58,W,23,45,0.511,10,24,0.417,7,7,1.0,4,11,15,15,2,3,4,12,5,16,39,0.41,10,25,0.4,16,19,0.842,4,14,18,4,2,1,4,8,-5
0022200237,2022-11-19,2022-23,regular_season,False,1610612755,PHI,Philadelphia 76ers,1610612750,MIN,Minnesota Timberwolves,58,49,W,17,35,0.486,7,16,0.438,17,20,0.85,4,17,21,11,8,1,12,16,9,14,35,0.4,6,19,0.316,15,18,0.833,4,14,18,11,5,1,14,14,-9
0022200238,2022-11-19,2022-23,regular_season,False,1610612757,POR,Portland Trail Blazers,1610612762,UTA,Utah Jazz,62,60,W,23,45,0.511,7,19,0.368,9,12,0.75,8,16,24,12,7,4,10,15,2,22,44,0.5,7,16,0.438,9,11,0.818,5,13,18,12,4,3,8,10,-2
0022200246,2022-11-20,2022-23,regular_season,False,1610612742,DAL,Dallas Mavericks,1610612743,DEN,Denver Nuggets,41,43,L,16,40,0.4,5,21,0.238,4,8,0.5,4,15,19,11,4,0,4,9,-2,15,36,0.417,6,15,0.4,7,9,0.778,2,21,23,9,4,3,11,10,2
0022200245,2022-11-20,2022-23,regular_season,False,1610612745,HOU,Houston Rockets,1610612744,GSW,Golden State Warriors,55,66,L,19,48,0.396,7,25,0.28,10,12,0.833,10,16,26,9,7,0,8,8,-11,23,38,0.605,13,22,0.591,7,11,0.636,2,15,17,19,3,4,7,12,11
0022200244,2022-11-20,2022-23,regular_season,False,1610612739,CLE,Cleveland Cavaliers,1610612748,MIA,Miami Heat,54,45,W,23,38,0.605,7,18,0.389,1,1,1.0,3,17,20,14,3,0,11,12,9,16,38,0.421,4,16,0.25,9,12,0.75,4,7,11,9,4,0,5,5,-9
0022200240,2022-11-20,2022-23,regular_season,False,1610612756,PHX,Phoenix Suns,1610612752,NYK,New York Knicks,61,42,W,24,52,0.462,11,21,0.524,2,3,0.667,11,21,32,18,2,3,7,14,19,14,41,0.341,2,12,0.167,12,16,0.75,4,12,16,9,1,3,5,5,-19
0022200242,2022-11-20,2022-23,regular_season,False,1610612758,SAC,Sacramento Kings,1610612765,DET,Detroit Pistons,69,59,W,22,44,0.5,7,18,0.389,18,18,1.0,5,17,22,15,4,0,4,10,10,19,43,0.442,6,15,0.4,15,17,0.882,7,12,19,9,2,3,6,11,-10
0022200241,2022-11-20,2022-23,regular_season,False,1610612764,WAS,Washington Wizards,1610612766,CHA,Charlotte Hornets,47,47,W,17,50,0.34,4,19,0.211,9,13,0.692,10,20,30,6,2,7,6,11,0,16,48,0.333,2,14,0.143,13,18,0.722,6,22,28,8,3,4,6,13,0
0022200247,2022-11-20,2022-23,regular_season,False,1610612747,LAL,Los Angeles Lakers,1610612759,SAS,San Antonio Spurs,57,44,W,20,39,0.513,7,18,0.389,10,11,0.909,2,25,27,14,3,1,9,7,13,19,53,0.358,3,19,0.158,3,9,0.333,8,17,25,12,5,1,5,7,-13
0022200243,2022-11-20,2022-23,regular_season,False,1610612751,BKN,Brooklyn Nets,1610612763,MEM,Memphis Grizzlies,70,53,W,27,40,0.675,8,15,0.533,8,9,0.889,2,24,26,19,2,4,11,15,17,19,51,0.373,5,20,0.25,10,19,0.526,9,12,21,10,5,0,5,7,-17
0022200254,2022-11-21,2022-23,regular_season,False,1610612760,OKC,Oklahoma City Thunder,1610612752,NYK,New York Knicks,61,60,W,23,47,0.489,4,13,0.308,11,16,0.688,6,14,20,13,3,2,5,13,1,22,45,0.489,5,16,0.312,11,13,0.846,7,18,25,8,2,1,9,15,-1
0022200253,2022-11-21,2022-23,regular_season,False,1610612740,NOP,New Orleans Pelicans,1610612744,GSW,Golden State Warriors,63,42,W,24,45,0.533,8,24,0.333,7,9,0.778,6,22,28,14,7,1,7,5,21,14,38,0.368,7,25,0.28,7,8,0.875,2,14,16,12,6,3,11,8,-21
0022200255,2022-11-21,2022-23,regular_season,False,1610612746,LAC,LA Clippers,1610612762,UTA,Utah Jazz,55,58,L,21,43,0.488,2,10,0.2,11,11,1.0,5,11,16,9,3,5,7,12,-3,19,45,0.422,7,21,0.333,13,14,0.929,11,15,26,10,3,3,9,10,3
0022200252,2022-11-21,2022-23,regular_season,False,1610612750,MIN,Minnesota Timberwolves,1610612748,MIA,Miami Heat,58,41,W,19,39,0.487,11,22,0.5,9,12,0.75,2,17,19,15,5,4,10,15,17,15,42,0.357,3,17,0.176,8,16,0.5,7,13,20,10,4,2,10,11,-17
0022200248,2022-11-21,2022-23,regular_season,False,1610612739,CLE,Cleveland Cavaliers,1610612737,ATL,Atlanta Hawks,50,43,W,18,32,0.562,4,10,0.4,10,11,0.909,2,17,19,13,4,2,13,6,7,17,44,0.386,5,18,0.278,4,4,1.0,6,12,18,12,5,1,10,12,-7
0022200250,2022-11-21,2022-23,regular_season,False,1610612741,CHI,Chicago Bulls,1610612738,BOS,Boston Celtics,58,57,W,22,40,0.55,7,13,0.538,7,9,0.778,2,19,21,10,5,1,9,11,1,21,42,0.5,11,24,0.458,4,7,0.571,1,15,16,17,2,2,7,9,-1
0022200249,2022-11-21,2022-23,regular_season,False,1610612754,IND,Indiana Pacers,1610612753,ORL,Orlando Magic,69,57,W,22,43,0.512,9,25,0.36,16,19,0.842,5,15,20,17,5,3,9,11,12,20,43,0.465,6,18,0.333,11,14,0.786,8,12,20,14,4,1,9,15,-12
0022200251,2022-11-21,2022-23,regular_season,False,1610612749,MIL,Milwaukee Bucks,1610612757,POR,Portland Trail Blazers,56,50,W,22,38,0.579,1,7,0.143,11,18,0.611,5,17,22,12,6,5,8,8,6,19,48,0.396,4,14,0.286,8,10,0.8,8,11,19,11,3,2,8,12,-6
0022200256,2022-11-22,2022-23,regular_season,False,1610612755,PHI,Philadelphia 76ers,1610612751,BKN,Brooklyn Nets,52,49,W,20,48,0.417,6,13,0.462,6,7,0.857,7,16,23,6,5,3,3,7,3,21,41,0.512,5,16,0.312,2,5,0.4,2,19,21,15,1,7,7,7,-3
0022200257,2022-11-22,2022-23,regular_season,False,1610612763,MEM,Memphis Grizzlies,1610612758,SAC,Sacramento Kings,50,49,W,18,46,0.391,3,15,0.2,11,20,0.55,7,21,28,7,7,6,10,13,1,15,43,0.349,7,24,0.292,12,15,0.8,5,21,26,10,4,2,12,16,-1
0022200258,2022-11-22,2022-23,regular_season,False,1610612743,DEN,Denver Nuggets,1610612765,DET,Detroit Pistons,51,52,L,19,37,0.514,3,9,0.333,10,13,0.769,5,13,18,12,4,5,11,14,-1,20,41,0.488,3,11,0.273,9,10,0.9,5,14,19,14,5,2,9,10,1
0022200259,2022-11-22,2022-23,regular_season,False,1610612756,PHX,Phoenix Suns,1610612747,LAL,Los Angeles Lakers,62,50,W,27,54,0.5,8,17,0.471,0,2,0.0,5,22,27,13,3,2,6,13,12,16,40,0.4,2,12,0.167,16,21,0.762,2,17,19,9,3,3,8,8,-12
0022200271,2022-11-23,2022-23,regular_season,False,1610612744,GSW,Golden State Warriors,1610612746,LAC,LA Clippers,58,60,L,22,51,0.431,13,34,0.382,1,3,0.333,9,16,25,16,6,4,8,14,-2,23,49,0.469,6,16,0.375,8,13,0.615,7,19,26,15,2,1,7,5,2
0022200270,2022-11-23,2022-23,regular_season,False,1610612762,UTA,Utah Jazz,1610612765,DET,Detroit Pistons,62,59,W,19,41,0.463,9,24,0.375,15,18,0.833,5,15,20,15,2,2,7,13,3,18,37,0.486,5,10,0.5,18,19,0.947,2,14,16,11,5,2,4,13,-3
0022200269,2022-11-23,2022-23,regular_season,False,1610612759,SAS,San Antonio Spurs,1610612740,NOP,New Orleans Pelicans,63,63,L,24,44,0.545,7,18,0.389,8,14,0.571,3,16,19,18,6,1,9,15,0,21,39,0.538,5,14,0.357,16,22,0.727,3,18,21,14,5,1,12,13,0
0022200268,2022-11-23,2022-23,regular_season,False,1610612760,OKC,Oklahoma City Thunder,1610612743,DEN,Denver Nuggets,63,62,W,21,51,0.412,10,20,0.5,11,14,0.786,6,16,22,14,4,3,6,13,1,21,47,0.447,6,22,0.273,14,19,0.737,9,21,30,16,2,4,11,13,-1
0022200267,2022-11-23,2022-23,regular_season,False,1610612749,MIL,Milwaukee Bucks,1610612741,CHI,Chicago Bulls,51,57,L,20,39,0.513,2,11,0.182,9,15,0.6,4,18,22,9,3,3,12,12,-6,21,44,0.477,6,19,0.316,9,13,0.692,4,14,18,11,5,6,7,11,6
0022200266,2022-11-23,2022-23,regular_season,False,1610612761,TOR,Toronto Raptors,1610612751,BKN,Brooklyn Nets,47,60,L,18,50,0.36,3,7,0.429,8,10,0.8,12,15,27,9,1,1,5,6,-13,24,43,0.558,10,21,0.476,2,2,1.0,4,14,18,16,5,7,7,12,13
0022200265,2022-11-23,2022-23,regular_season,False,1610612748,MIA,Miami Heat,1610612764,WAS,Washington Wizards,53,62,L,19,41,0.463,10,20,0.5,5,6,0.833,4,14,18,8,2,2,7,9,-9,25,45,0.556,7,18,0.389,5,8,0.625,5,17,22,18,4,4,5,8,9
0022200264,2022-11-23,2022-23,regular_season,False,1610612738,BOS,Boston Celtics,1610612742,DAL,Dallas Mavericks,55,63,L,21,40,0.525,6,13,0.462,7,8,0.875,3,11,14,11,0,2,6,12,-8,24,42,0.571,7,14,0.5,8,12,0.667,4,16,20,15,1,2,6,13,8
0022200263,2022-11-23,2022-23,regular_season,False,1610612737,ATL,Atlanta Hawks,1610612758,SAC,Sacramento Kings,43,49,L,11,39,0.282,7,16,0.438,14,14,1.0,5,18,23,7,5,4,10,10,-6,20,45,0.444,4,15,0.267,5,10,0.5,6,21,27,11,4,1,11,14,6
0022200262,2022-11-23,2022-23,regular_season,False,1610612754,IND,Indiana Pacers,1610612750,MIN,Minnesota Timberwolves,53,62,L,20,50,0.4,8,24,0.333,5,7,0.714,8,7,15,14,8,1,6,7,-9,25,37,0.676,5,12,0.417,7,9,0.778,4,20,24,17,3,5,12,8,9
0022200261,2022-11-23,2022-23,regular_season,False,1610612739,CLE,Cleveland Cavaliers,1610612757,POR,Portland Trail Blazers,57,48,W,19,35,0.543,3,12,0.25,16,17,0.941,7,19,26,9,0,3,9,8,9,18,46,0.391,6,17,0.353,6,6,1.0,8,7,15,12,3,1,4,16,-9
0022200260,2022-11-23,2022-23,regular_season,False,1610612766,CHA,Charlotte Hornets,1610612755,PHI,Philadelphia 76ers,54,47,W,23,47,0.489,2,9,0.222,6,9,0.667,6,17,23,12,5,1,6,6,7,18,42,0.429,6,24,0.25,5,7,0.714,4,17,21,11,2,1,10,11,-7
0022200285,2022-11-25,2022-23,regular_season,False,1610612746,LAC,LA Clippers,1610612743,DEN,Denver Nuggets,52,50,W,17,36,0.472,8,16,0.5,10,21,0.476,3,15,18,11,1,1,3,11,2,19,42,0.452,3,16,0.188,9,13,0.692,4,18,22,9,2,3,2,14,-2
0022200284,2022-11-25,2022-23,regular_season,False,1610612744,GSW,Golden State Warriors,1610612762,UTA,Utah Jazz,70,67,W,27,52,0.519,13,26,0.5,3,3,1.0,9,14,23,13,2,2,8,10,3,26,48,0.542,7,19,0.368,8,10,0.8,6,13,19,17,3,3,2,7,-3
0022200283,2022-11-25,2022-23,regular_season,False,1610612756,PHX,Phoenix Suns,1610612765,DET,Detroit Pistons,55,48,W,22,40,0.55,4,12,0.333,7,11,0.636,5,16,21,15,5,5,9,10,7,17,46,0.37,3,14,0.214,11,12,0.917,13,12,25,11,5,2,11,8,-7
0022200282,2022-11-25,2022-23,regular_season,False,1610612759,SAS,San Antonio Spurs,1610612747,LAL,Los Angeles Lakers,53,46,W,22,56,0.393,4,18,0.222,5,7,0.714,14,18,32,12,4,0,6,12,7,16,38,0.421,2,10,0.2,12,14,0.857,5,19,24,11,5,3,10,9,-7
0022200281,2022-11-25,2022-23,regular_season,False,1610612760,OKC,Oklahoma City Thunder,1610612741,CHI,Chicago Bulls,64,60,W,22,52,0.423,2,14,0.143,18,20,0.9,8,27,35,9,5,3,11,12,4,22,60,0.367,6,23,0.261,10,11,0.909,8,18,26,9,5,4,8,14,-4
0022200280,2022-11-25,2022-23,regular_season,False,1610612749,MIL,Milwaukee Bucks,1610612739,CLE,Cleveland Cavaliers,65,39,W,25,46,0.543,11,20,0.55,4,5,0.8,4,19,23,15,4,3,5,9,26,12,38,0.316,5,14,0.357,10,11,0.909,4,15,19,5,2,0,7,6,-26
0022200279,2022-11-25,2022-23,regular_season,False,1610612763,MEM,Memphis Grizzlies,1610612740,NOP,New Orleans Pelicans,64,63,W,21,39,0.538,5,13,0.385,17,22,0.773,4,17,21,12,2,3,9,9,1,22,48,0.458,7,17,0.412,12,14,0.857,7,14,21,16,5,1,7,14,-1
0022200273,2022-11-25,2022-23,regular_season,False,1610612753,ORL,Orlando Magic,1610612755,PHI,Philadelphia 76ers,43,55,L,13,38,0.342,4,19,0.211,13,16,0.812,4,11,15,8,4,2,8,7,-12,20,43,0.465,7,18,0.389,8,10,0.8,8,18,26,14,4,0,8,11,12
0022200277,2022-11-25,2022-23,regular_season,False,1610612748,MIA,Miami Heat,1610612764,WAS,Washington Wizards,54,48,W,19,41,0.463,4,14,0.286,12,13,0.923,5,20,25,11,2,2,6,13,6,16,42,0.381,5,19,0.263,11,14,0.786,6,14,20,10,4,2,6,10,-6
0022200276,2022-11-25,2022-23,regular_season,False,1610612754,IND,Indiana Pacers,1610612751,BKN,Brooklyn Nets,71,52,W,21,40,0.525,8,18,0.444,21,26,0.808,1,21,22,13,7,3,7,6,19,20,44,0.455,6,20,0.3,6,7,0.857,2,16,18,8,1,6,11,18,-19
0022200275,2022-11-25,2022-23,regular_season,False,1610612738,BOS,Boston Celtics,1610612758,SAC,Sacramento Kings,58,42,W,18,35,0.514,7,16,0.438,15,16,0.938,3,20,23,10,3,5,4,11,16,13,42,0.31,5,18,0.278,11,13,0.846,7,12,19,6,0,1,6,13,-16
0022200274,2022-11-25,2022-23,regular_season,False,1610612752,NYK,New York Knicks,1610612757,POR,Portland Trail Blazers,68,70,L,25,58,0.431,5,20,0.25,13,17,0.765,8,16,24,12,6,3,5,18,-2,24,47,0.511,5,15,0.333,17,23,0.739,9,20,29,13,1,1,11,15,2
0022200272,2022-11-25,2022-23,regular_season,False,1610612766,CHA,Charlotte Hornets,1610612750,MIN,Minnesota Timberwolves,58,46,W,19,42,0.452,5,13,0.385,15,19,0.789,12,22,34,10,4,2,12,7,12,19,50,0.38,4,24,0.167,4,5,0.8,7,11,18,11,5,3,8,15,-12
0022200278,2022-11-25,2022-23,regular_season,False,1610612745,HOU,Houston Rockets,1610612737,ATL,Atlanta Hawks,59,50,W,18,39,0.462,6,16,0.375,17,21,0.81,10,21,31,12,6,2,11,17,9,15,39,0.385,5,18,0.278,15,22,0.682,5,11,16,5,2,2,7,13,-9
0022200286,2022-11-26,2022-23,regular_season,False,1610612761,TOR,Toronto Raptors,1610612742,DAL,Dallas Mavericks,51,48,W,18,42,0.429,3,10,0.3,12,17,0.706,5,17,22,10,4,2,4,13,3,16,35,0.457,5,18,0.278,11,15,0.733,1,19,20,12,1,4,8,17,-3
0022200287,2022-11-26,2022-23,regular_season,False,1610612745,HOU,Houston Rockets,1610612760,OKC,Oklahoma City Thunder,53,61,L,20,47,0.426,7,17,0.412,6,10,0.6,8,21,29,11,4,2,14,14,-8,19,51,0.373,6,25,0.24,17,20,0.85,9,15,24,12,7,2,8,10,8
0022200288,2022-11-26,2022-23,regular_season,False,1610612759,SAS,San Antonio Spurs,1610612747,LAL,Los Angeles Lakers,70,73,L,24,50,0.48,10,22,0.455,12,17,0.706,8,11,19,15,5,2,4,21,-3,23,36,0.639,7,14,0.5,20,24,0.833,2,20,22,13,1,3,12,14,3
0022200289,2022-11-26,2022-23,regular_season,False,1610612756,PHX,Phoenix Suns,1610612762,UTA,Utah Jazz,62,58,W,22,49,0.449,4,12,0.333,14,18,0.778,14,15,29,10,4,4,3,10,4,19,37,0.514,6,13,0.462,14,17,0.824,5,13,18,9,3,2,5,11,-4
0022200296,2022-11-27,2022-23,regular_season,False,1610612752,NYK,New York Knicks,1610612763,MEM,Memphis Grizzlies,71,73,L,25,43,0.581,7,14,0.5,14,15,0.933,8,10,18,16,1,3,4,16,-2,27,52,0.519,5,17,0.294,14,17,0.824,12,10,22,14,2,1,3,13,2
0022200297,2022-11-27,2022-23,regular_season,False,1610612753,ORL,Orlando Magic,1610612755,PHI,Philadelphia 76ers,58,66,L,20,41,0.488,7,18,0.389,11,14,0.786,4,7,11,10,5,1,6,11,-8,23,36,0.639,5,13,0.385,15,18,0.833,5,17,22,16,5,6,10,12,8
0022200298,2022-11-27,2022-23,regular_season,False,1610612749,MIL,Milwaukee Bucks,1610612742,DAL,Dallas Mavericks,51,53,L,19,37,0.514,6,16,0.375,7,10,0.7,2,18,20,12,2,1,8,17,-2,16,37,0.432,6,19,0.316,15,21,0.714,3,14,17,7,4,0,4,9,2
0022200295,2022-11-27,2022-23,regular_season,False,1610612765,DET,Detroit Pistons,1610612739,CLE,Cleveland Cavaliers,38,51,L,15,40,0.375,3,17,0.176,5,11,0.455,3,18,21,5,3,5,9,14,-13,14,35,0.4,5,14,0.357,18,23,0.783,4,19,23,6,1,1,6,10,13
0022200291,2022-11-27,2022-23,regular_season,False,1610612750,MIN,Minnesota Timberwolves,1610612744,GSW,Golden State Warriors,58,61,L,18,38,0.474,7,16,0.438,15,20,0.75,2,14,16,11,4,1,7,6,-3,22,40,0.55,12,25,0.48,5,6,0.833,3,18,21,18,3,4,8,14,3
0022200293,2022-11-27,2022-23,regular_season,False,1610612737,ATL,Atlanta Hawks,1610612748,MIA,Miami Heat,38,55,L,13,42,0.31,3,19,0.158,9,10,0.9,5,15,20,9,1,0,7,6,-17,21,39,0.538,4,17,0.235,9,10,0.9,2,23,25,16,5,1,7,9,17
0022200292,2022-11-27,2022-23,regular_season,False,1610612746,LAC,LA Clippers,1610612754,IND,Indiana Pacers,55,43,W,19,43,0.442,4,16,0.25,13,18,0.722,8,23,31,16,3,0,12,13,12,14,45,0.311,2,24,0.083,13,16,0.812,5,12,17,7,8,0,7,15,-12
0022200290,2022-11-27,2022-23,regular_season,False,1610612751,BKN,Brooklyn Nets,1610612757,POR,Portland Trail Blazers,53,40,W,19,36,0.528,8,19,0.421,7,10,0.7,0,19,19,14,3,2,4,13,13,14,38,0.368,4,15,0.267,8,14,0.571,7,17,24,9,1,1,7,9,-13
0022200294,2022-11-27,2022-23,regular_season,False,1610612738,BOS,Boston Celtics,1610612764,WAS,Washington Wizards,58,66,L,18,34,0.529,5,11,0.455,17,17,1.0,3,11,14,8,2,3,10,15,-8,23,41,0.561,2,10,0.2,18,22,0.818,5,12,17,10,6,1,3,13,8
0022200308,2022-11-28,2022-23,regular_season,False,1610612747,LAL,Los Angeles Lakers,1610612754,IND,Indiana Pacers,53,60,L,19,44,0.432,7,15,0.467,8,10,0.8,6,20,26,11,1,4,7,7,-7,23,54,0.426,10,25,0.4,4,6,0.667,6,19,25,15,3,4,3,11,7
0022200307,2022-11-28,2022-23,regular_season,False,1610612758,SAC,Sacramento Kings,1610612756,PHX,Phoenix Suns,53,59,L,18,43,0.419,6,17,0.353,11,13,0.846,6,17,23,10,3,5,8,9,-6,21,43,0.488,6,17,0.353,11,12,0.917,3,21,24,12,5,3,7,13,6
0022200305,2022-11-28,2022-23,regular_season,False,1610612743,DEN,Denver Nuggets,1610612745,HOU,Houston Rockets,59,45,W,24,44,0.545,7,16,0.438,4,7,0.571,5,17,22,17,4,3,6,12,14,13,38,0.342,4,17,0.235,15,18,0.833,6,15,21,6,2,1,10,9,-14
0022200304,2022-11-28,2022-23,regular_season,False,1610612740,NOP,New Orleans Pelicans,1610612760,OKC,Oklahoma City Thunder,49,51,L,17,38,0.447,3,14,0.214,12,13,0.923,5,14,19,8,6,5,12,9,-2,16,41,0.39,6,17,0.353,13,14,0.929,7,12,19,7,6,3,10,13,2
0022200306,2022-11-28,2022-23,regular_season,False,1610612762,UTA,Utah Jazz,1610612741,CHI,Chicago Bulls,47,61,L,17,40,0.425,8,25,0.32,5,13,0.385,6,18,24,13,2,1,9,13,-14,22,45,0.489,3,12,0.25,14,17,0.824,6,20,26,7,4,1,5,12,14
0022200302,2022-11-28,2022-23,regular_season,False,1610612751,BKN,Brooklyn Nets,1610612753,ORL,Orlando Magic,57,51,W,22,38,0.579,6,15,0.4,7,8,0.875,4,13,17,10,5,6,8,8,6,20,35,0.571,6,11,0.545,5,10,0.5,3,9,12,8,2,0,9,10,-6
0022200301,2022-11-28,2022-23,regular_season,False,1610612738,BOS,Boston Celtics,1610612766,CHA,Charlotte Hornets,62,50,W,25,48,0.521,10,27,0.37,2,3,0.667,6,13,19,18,5,5,6,8,12,20,42,0.476,5,14,0.357,5,7,0.714,8,14,22,12,2,0,10,5,-12
0022200300,2022-11-28,2022-23,regular_season,False,1610612764,WAS,Washington Wizards,1610612750,MIN,Minnesota Timberwolves,65,69,L,26,50,0.52,7,17,0.412,6,8,0.75,6,12,18,17,5,1,4,16,-4,21,42,0.5,3,12,0.25,24,27,0.889,8,19,27,9,3,2,7,10,4
0022200299,2022-11-28,2022-23,regular_season,False,1610612755,PHI,Philadelphia 76ers,1610612737,ATL,Atlanta Hawks,53,46,W,19,38,0.5,6,15,0.4,9,11,0.818,2,14,16,10,5,2,6,6,7,18,37,0.486,7,13,0.538,3,6,0.5,3,16,19,13,3,2,11,12,-7
0022200303,2022-11-28,2022-23,regular_season,False,1610612761,TOR,Toronto Raptors,1610612739,CLE,Cleveland Cavaliers,48,45,W,18,41,0.439,6,15,0.4,6,9,0.667,2,21,23,13,3,3,8,11,3,18,46,0.391,1,17,0.059,8,9,0.889,6,18,24,10,5,1,5,11,-3
0022200309,2022-11-29,2022-23,regular_season,False,1610612765,DET,Detroit Pistons,1610612752,NYK,New York Knicks,54,70,L,22,44,0.5,6,20,0.3,4,9,0.444,3,11,14,14,6,4,9,11,-16,28,48,0.583,5,14,0.357,9,12,0.75,8,19,27,15,6,0,10,8,16
0022200310,2022-11-29,2022-23,regular_season,False,1610612742,DAL,Dallas Mavericks,1610612744,GSW,Golden State Warriors,61,59,W,25,44,0.568,7,19,0.368,4,8,0.5,3,13,16,12,5,2,8,16,2,21,41,0.512,5,17,0.294,12,17,0.706,6,16,22,14,2,2,11,10,-2
0022200311,2022-11-29,2022-23,regular_season,False,1610612757,POR,Portland Trail Blazers,1610612746,LAC,LA Clippers,51,65,L,20,48,0.417,9,20,0.45,2,2,1.0,5,15,20,12,1,3,4,12,-14,23,44,0.523,5,17,0.294,14,17,0.824,7,19,26,14,2,5,3,8,14
0022200320,2022-11-30,2022-23,regular_season,False,1610612743,DEN,Denver Nuggets,1610612745,HOU,Houston Rockets,46,53,L,16,36,0.444,6,13,0.462,8,12,0.667,4,15,19,11,2,1,7,10,-7,21,41,0.512,7,20,0.35,4,5,0.8,3,16,19,10,2,4,6,10,7
0022200324,2022-11-30,2022-23,regular_season,False,1610612747,LAL,Los Angeles Lakers,1610612757,POR,Portland Trail Blazers,62,47,W,23,47,0.489,9,23,0.391,7,11,0.636,6,15,21,13,2,2,4,9,15,18,39,0.462,2,9,0.222,9,10,0.9,4,18,22,13,3,2,7,15,-15
0022200323,2022-11-30,2022-23,regular_season,False,1610612758,SAC,Sacramento Kings,1610612754,IND,Indiana Pacers,75,66,W,26,44,0.591,6,15,0.4,17,19,0.895,5,18,23,14,5,3,11,15,9,24,50,0.48,7,16,0.438,11,17,0.647,7,13,20,18,6,1,9,13,-9
0022200322,2022-11-30,2022-23,regular_season,False,1610612762,UTA,Utah Jazz,1610612746,LAC,LA Clippers,67,52,W,26,47,0.553,4,12,0.333,11,16,0.688,9,19,28,13,3,4,8,13,15,17,52,0.327,5,19,0.263,13,19,0.684,12,14,26,9,4,3,8,13,-15
0022200321,2022-11-30,2022-23,regular_season,False,1610612756,PHX,Phoenix Suns,1610612741,CHI,Chicago Bulls,68,70,L,23,48,0.479,9,19,0.474,13,13,1.0,8,15,23,8,2,4,8,16,-2,24,42,0.571,3,11,0.273,19,21,0.905,1,15,16,10,3,2,5,13,2
0022200319,2022-11-30,2022-23,regular_season,False,1610612760,OKC,Oklahoma City Thunder,1610612759,SAS,San Antonio Spurs,59,34,W,24,43,0.558,4,11,0.364,7,11,0.636,6,26,32,8,2,2,7,9,25,14,50,0.28,2,19,0.105,4,8,0.5,10,13,23,7,2,0,7,11,-25
0022200312,2022-11-30,2022-23,regular_season,False,1610612739,CLE,Cleveland Cavaliers,1610612755,PHI,Philadelphia 76ers,44,37,W,18,37,0.486,7,17,0.412,1,2,0.5,5,17,22,10,5,0,11,7,7,14,36,0.389,3,12,0.25,6,7,0.857,4,15,19,8,5,1,9,4,-7
0022200317,2022-11-30,2022-23,regular_season,False,1610612750,MIN,Minnesota Timberwolves,1610612763,MEM,Memphis Grizzlies,65,53,W,25,47,0.532,6,17,0.353,9,10,0.9,4,13,17,17,4,6,3,14,12,20,48,0.417,6,17,0.353,7,12,0.583,13,15,28,11,1,1,12,12,-12
0022200316,2022-11-30,2022-23,regular_season,False,1610612752,NYK,New York Knicks,1610612749,MIL,Milwaukee Bucks,58,62,L,24,53,0.453,2,13,0.154,8,14,0.571,12,13,25,11,2,2,1,14,-4,20,39,0.513,6,13,0.462,16,20,0.8,6,17,23,12,1,2,3,10,4
0022200315,2022-11-30,2022-23,regular_season,False,1610612751,BKN,Brooklyn Nets,1610612764,WAS,Washington Wizards,56,54,W,16,38,0.421,5,11,0.455,19,20,0.95,3,14,17,7,6,3,5,14,2,19,46,0.413,2,13,0.154,14,20,0.7,11,18,29,11,3,1,7,14,-2
0022200314,2022-11-30,2022-23,regular_season,False,1610612738,BOS,Boston Celtics,1610612748,MIA,Miami Heat,66,61,W,22,38,0.579,10,17,0.588,12,15,0.8,4,14,18,15,4,0,9,11,5,21,43,0.488,10,20,0.5,9,9,1.0,6,12,18,10,4,1,8,13,-5
0022200313,2022-11-30,2022-23,regular_season,False,1610612753,ORL,Orlando Magic,1610612737,ATL,Atlanta Hawks,58,55,W,20,36,0.556,5,12,0.417,13,15,0.867,2,14,16,14,3,2,10,9,3,23,46,0.5,4,19,0.211,5,6,0.833,7,15,22,11,5,0,7,8,-3
0022200318,2022-11-30,2022-23,regular_season,False,1610612740,NOP,New Orleans Pelicans,1610612761,TOR,Toronto Raptors,52,61,L,17,42,0.405,5,15,0.333,13,15,0.867,7,18,25,9,3,4,12,9,-9,24,46,0.522,5,17,0.294,8,11,0.727,1,16,17,16,8,5,6,10,9
0022200325,2022-12-01,2022-23,regular_season,False,1610612765,DET,Detroit Pistons,1610612742,DAL,Dallas Mavericks,70,65,W,28,53,0.528,9,23,0.391,5,10,0.5,8,20,28,16,6,0,6,13,5,25,46,0.543,10,23,0.435,5,12,0.417,2,16,18,13,4,4,9,12,-5
0022200333,2022-12-02,2022-23,regular_season,False,1610612759,SAS,San Antonio Spurs,1610612740,NOP,New Orleans Pelicans,47,68,L,18,47,0.383,5,15,0.333,6,7,0.857,4,16,20,13,2,4,8,12,-21,25,50,0.5,7,20,0.35,11,11,1.0,5,21,26,13,6,4,3,9,21
0022200336,2022-12-02,2022-23,regular_season,False,1610612744,GSW,Golden State Warriors,1610612741,CHI,Chicago Bulls,56,59,L,19,45,0.422,9,25,0.36,9,13,0.692,6,22,28,15,1,5,8,9,-3,24,51,0.471,3,12,0.25,8,10,0.8,3,21,24,15,3,1,4,13,3
0022200335,2022-12-02,2022-23,regular_season,False,1610612762,UTA,Utah Jazz,1610612754,IND,Indiana Pacers,64,60,W,20,42,0.476,6,17,0.353,18,22,0.818,5,20,25,13,3,1,16,15,4,20,46,0.435,7,17,0.412,13,16,0.812,2,14,16,15,6,4,10,19,-4
0022200334,2022-12-02,2022-23,regular_season,False,1610612756,PHX,Phoenix Suns,1610612745,HOU,Houston Rockets,57,65,L,21,41,0.512,7,17,0.412,8,13,0.615,5,10,15,14,5,3,9,11,-8,22,35,0.629,5,9,0.556,16,18,0.889,3,13,16,10,6,1,9,14,8
0022200332,2022-12-02,2022-23,regular_season,False,1610612763,MEM,Memphis Grizzlies,1610612755,PHI,Philadelphia 76ers,53,55,L,17,44,0.386,5,17,0.294,14,16,0.875,8,20,28,9,4,8,9,10,-2,20,44,0.455,8,15,0.533,7,7,1.0,3,15,18,10,4,4,6,11,2
0022200330,2022-12-02,2022-23,regular_season,False,1610612739,CLE,Cleveland Cavaliers,1610612753,ORL,Orlando Magic,53,49,W,20,38,0.526,7,18,0.389,6,6,1.0,1,14,15,12,2,4,6,5,4,21,46,0.457,5,11,0.455,2,3,0.667,8,15,23,12,3,1,7,6,-4
0022200331,2022-12-02,2022-23,regular_season,False,1610612749,MIL,Milwaukee Bucks,1610612747,LAL,Los Angeles Lakers,71,67,W,27,49,0.551,8,20,0.4,9,11,0.818,5,16,21,17,0,3,2,11,4,25,48,0.521,7,14,0.5,10,14,0.714,7,16,23,15,2,3,1,10,-4
0022200329,2022-12-02,2022-23,regular_season,False,1610612751,BKN,Brooklyn Nets,1610612761,TOR,Toronto Raptors,42,56,L,16,34,0.471,3,15,0.2,7,11,0.636,2,15,17,8,2,1,11,13,-14,22,44,0.5,3,11,0.273,9,12,0.75,5,18,23,10,4,0,6,9,14
0022200328,2022-12-02,2022-23,regular_season,False,1610612738,BOS,Boston Celtics,1610612748,MIA,Miami Heat,54,61,L,21,51,0.412,6,26,0.231,6,9,0.667,2,22,24,13,3,2,6,7,-7,25,51,0.49,3,13,0.231,8,9,0.889,5,24,29,11,6,2,8,10,7
0022200327,2022-12-02,2022-23,regular_season,False,1610612737,ATL,Atlanta Hawks,1610612743,DEN,Denver Nuggets,57,63,L,22,45,0.489,5,15,0.333,8,12,0.667,9,14,23,8,3,2,7,7,-6,25,45,0.556,9,21,0.429,4,7,0.571,6,13,19,18,5,0,9,7,6
0022200326,2022-12-02,2022-23,regular_season,False,1610612766,CHA,Charlotte Hornets,1610612764,WAS,Washington Wizards,43,57,L,13,44,0.295,5,15,0.333,12,15,0.8,6,14,20,9,3,2,1,13,-14,17,46,0.37,4,16,0.25,19,22,0.864,12,26,38,9,1,6,6,10,14
0022200337,2022-12-03,2022-23,regular_season,False,1610612752,NYK,New York Knicks,1610612742,DAL,Dallas Mavericks,41,69,L,14,39,0.359,5,17,0.294,8,12,0.667,5,17,22,9,1,0,11,5,-28,27,52,0.519,15,31,0.484,0,1,0.0,6,22,28,17,5,2,5,9,28
0022200338,2022-12-03,2022-23,regular_season,False,1610612746,LAC,LA Clippers,1610612758,SAC,Sacramento Kings,58,63,L,19,44,0.432,7,18,0.389,13,14,0.929,6,19,25,11,1,2,9,13,-5,22,45,0.489,6,19,0.316,13,17,0.765,3,15,18,13,5,2,3,12,5
0022200339,2022-12-03,2022-23,regular_season,False,1610612766,CHA,Charlotte Hornets,1610612749,MIL,Milwaukee Bucks,51,49,W,18,39,0.462,2,9,0.222,13,15,0.867,3,21,24,10,4,0,9,12,2,16,40,0.4,6,18,0.333,11,13,0.846,4,16,20,9,4,3,9,9,-2
0022200340,2022-12-03,2022-23,regular_season,False,1610612761,TOR,Toronto Raptors,1610612753,ORL,Orlando Magic,57,60,L,23,43,0.535,4,14,0.286,7,11,0.636,7,14,21,14,6,1,8,12,-3,19,35,0.543,8,14,0.571,14,15,0.933,1,13,14,13,4,0,7,10,3
0022200341,2022-12-03,2022-23,regular_season,False,1610612750,MIN,Minnesota Timberwolves,1610612760,OKC,Oklahoma City Thunder,71,72,L,26,44,0.591,7,17,0.412,12,12,1.0,5,15,20,14,8,4,11,11,-1,25,44,0.568,7,15,0.467,15,18,0.833,5,13,18,13,5,3,10,7,1
0022200342,2022-12-03,2022-23,regular_season,False,1610612744,GSW,Golden State Warriors,1610612745,HOU,Houston Rockets,52,49,W,19,42,0.452,13,28,0.464,1,3,0.333,4,12,16,14,3,2,8,14,3,18,37,0.486,1,13,0.077,12,13,0.923,2,19,21,9,2,2,7,8,-3
0022200343,2022-12-03,2022-23,regular_season,False,1610612762,UTA,Utah Jazz,1610612757,POR,Portland Trail Blazers,51,47,W,20,46,0.435,7,22,0.318,4,5,0.8,8,14,22,7,7,2,7,15,4,15,39,0.385,1,5,0.2,16,21,0.762,11,17,28,6,2,5,10,6,-4
0022200351,2022-12-04,2022-23,regular_season,False,1610612757,POR,Portland Trail Blazers,1610612754,IND,Indiana Pacers,62,51,W,21,40,0.525,9,18,0.5,11,16,0.688,5,18,23,17,2,1,6,8,11,22,49,0.449,4,14,0.286,3,5,0.6,7,15,22,8,4,2,4,14,-11
0022200350,2022-12-04,2022-23,regular_season,False,1610612758,SAC,Sacramento Kings,1610612741,CHI,Chicago Bulls,48,54,L,17,42,0.405,3,13,0.231,11,11,1.0,0,20,20,12,1,2,6,11,-6,18,43,0.419,4,14,0.286,14,15,0.933,4,18,22,7,3,4,4,10,6
0022200348,2022-12-04,2022-23,regular_season,False,1610612752,NYK,New York Knicks,1610612739,CLE,Cleveland Cavaliers,46,38,W,16,41,0.39,3,13,0.231,11,12,0.917,7,15,22,10,4,2,9,10,8,11,34,0.324,3,14,0.214,13,17,0.765,6,17,23,8,4,3,15,8,-8
0022200349,2022-12-04,2022-23,regular_season,False,1610612764,WAS,Washington Wizards,1610612747,LAL,Los Angeles Lakers,69,62,W,29,56,0.518,5,15,0.333,6,8,0.75,7,16,23,12,6,4,5,11,7,25,46,0.543,4,13,0.308,8,12,0.667,6,18,24,17,3,3,10,7,-7
0022200346,2022-12-04,2022-23,regular_season,False,1610612751,BKN,Brooklyn Nets,1610612738,BOS,Boston Celtics,42,41,W,15,39,0.385,3,11,0.273,9,14,0.643,7,20,27,8,2,5,10,9,1,13,38,0.342,4,16,0.25,11,12,0.917,4,19,23,8,8,4,11,13,-1
0022200345,2022-12-04,2022-23,regular_season,False,1610612759,SAS,San Antonio Spurs,1610612756,PHX,Phoenix Suns,54,62,L,20,47,0.426,5,19,0.263,9,13,0.692,8,15,23,12,4,2,8,8,-8,24,44,0.545,11,22,0.5,3,4,0.75,5,15,20,19,3,0,8,13,8
0022200344,2022-12-04,2022-23,regular_season,False,1610612740,NOP,New Orleans Pelicans,1610612743,DEN,Denver Nuggets,62,46,W,18,38,0.474,4,10,0.4,22,25,0.88,2,17,19,14,7,2,3,11,16,19,37,0.514,3,12,0.25,5,10,0.5,2,16,18,13,0,4,10,14,-16
0022200347,2022-12-04,2022-23,regular_season,False,1610612765,DET,Detroit Pistons,1610612763,MEM,Memphis Grizzlies,55,53,W,20,43,0.465,6,17,0.353,9,11,0.818,3,17,20,13,2,3,7,13,2,19,47,0.404,4,12,0.333,11,18,0.611,8,17,25,9,4,2,6,10,-2
0022200359,2022-12-05,2022-23,regular_season,False,1610612744,GSW,Golden State Warriors,1610612754,IND,Indiana Pacers,54,53,W,20,47,0.426,7,21,0.333,7,9,0.778,5,18,23,14,3,3,4,10,1,19,43,0.442,9,22,0.409,6,10,0.6,4,22,26,12,1,3,8,9,-1
0022200358,2022-12-05,2022-23,regular_season,False,1610612742,DAL,Dallas Mavericks,1610612756,PHX,Phoenix Suns,63,70,L,21,43,0.488,10,19,0.526,11,13,0.846,4,11,15,12,2,2,5,14,-7,24,45,0.533,8,21,0.381,14,20,0.7,6,16,22,17,1,4,5,8,7
0022200356,2022-12-05,2022-23,regular_season,False,1610612745,HOU,Houston Rockets,1610612755,PHI,Philadelphia 76ers,76,68,W,27,61,0.443,7,22,0.318,15,22,0.682,14,17,31,10,6,2,12,17,8,20,46,0.435,9,20,0.45,19,25,0.76,8,17,25,10,6,6,14,19,-8
0022200357,2022-12-05,2022-23,regular_season,False,1610612763,MEM,Memphis Grizzlies,1610612748,MIA,Miami Heat,43,42,W,18,41,0.439,3,14,0.214,4,4,1.0,2,17,19,10,4,2,9,7,1,15,36,0.417,3,16,0.188,9,11,0.818,3,17,20,9,5,2,10,3,-1
0022200354,2022-12-05,2022-23,regular_season,False,1610612737,ATL,Atlanta Hawks,1610612760,OKC,Oklahoma City Thunder,55,67,L,20,53,0.377,5,18,0.278,10,12,0.833,11,17,28,10,4,2,10,20,-12,19,44,0.432,7,18,0.389,22,22,1.0,8,20,28,10,3,3,9,11,12
0022200353,2022-12-05,2022-23,regular_season,False,1610612753,ORL,Orlando Magic,1610612749,MIL,Milwaukee Bucks,57,53,W,18,51,0.353,5,17,0.294,16,19,0.842,11,21,32,7,3,1,3,14,4,17,41,0.415,4,18,0.222,15,20,0.75,4,18,22,13,1,3,6,11,-4
0022200352,2022-12-05,2022-23,regular_season,False,1610612766,CHA,Charlotte Hornets,1610612746,LAC,LA Clippers,63,56,W,26,55,0.473,6,19,0.316,5,6,0.833,10,19,29,12,4,3,4,7,7,21,47,0.447,6,16,0.375,8,11,0.727,7,17,24,11,1,0,6,9,-7
0022200355,2022-12-05,2022-23,regular_season,False,1610612761,TOR,Toronto Raptors,1610612738,BOS,Boston Celtics,48,60,L,18,43,0.419,4,12,0.333,8,10,0.8,7,15,22,10,2,3,6,12,-12,22,44,0.5,7,16,0.438,9,12,0.75,7,18,25,13,3,2,2,10,12
0022200360,2022-12-06,2022-23,regular_season,False,1610612739,CLE,Cleveland Cavaliers,1610612747,LAL,Los Angeles Lakers,59,53,W,22,44,0.5,4,12,0.333,11,13,0.846,8,11,19,5,7,3,5,10,6,19,44,0.432,3,16,0.188,12,13,0.923,11,13,24,6,1,5,10,9,-6
0022200361,2022-12-06,2022-23,regular_season,False,1610612748,MIA,Miami Heat,1610612765,DET,Detroit Pistons,46,69,L,15,39,0.385,4,15,0.267,12,13,0.923,4,14,18,8,1,2,6,10,-23,27,46,0.587,10,20,0.5,5,8,0.625,6,16,22,14,4,0,4,10,23
0022200362,2022-12-06,2022-23,regular_season,False,1610612743,DEN,Denver Nuggets,1610612742,DAL,Dallas Mavericks,57,52,W,19,40,0.475,7,18,0.389,12,16,0.75,5,17,22,15,5,1,6,14,5,16,35,0.457,8,18,0.444,12,14,0.857,2,17,19,14,2,3,9,17,-5
0022200369,2022-12-07,2022-23,regular_season,False,1610612749,MIL,Milwaukee Bucks,1610612758,SAC,Sacramento Kings,58,52,W,22,47,0.468,7,16,0.438,7,8,0.875,7,17,24,17,1,1,3,10,6,19,42,0.452,3,17,0.176,11,11,1.0,3,17,20,8,2,3,4,7,-6
0022200373,2022-12-07,2022-23,regular_season,False,1610612756,PHX,Phoenix Suns,1610612738,BOS,Boston Celtics,56,56,L,20,45,0.444,7,16,0.438,9,11,0.818,6,19,25,9,3,3,9,8,0,21,46,0.457,9,24,0.375,5,6,0.833,5,19,24,14,7,2,9,14,0
0022200372,2022-12-07,2022-23,regular_season,False,1610612762,UTA,Utah Jazz,1610612744,GSW,Golden State Warriors,58,54,W,22,42,0.524,10,22,0.455,4,6,0.667,5,15,20,15,3,2,9,8,4,20,47,0.426,7,24,0.292,7,9,0.778,5,13,18,12,6,4,6,9,-4
0022200370,2022-12-07,2022-23,regular_season,False,1610612750,MIN,Minnesota Timberwolves,1610612754,IND,Indiana Pacers,58,54,W,22,43,0.512,4,8,0.5,10,10,1.0,8,19,27,12,6,1,12,5,4,22,47,0.468,10,25,0.4,0,0,0.0,4,11,15,12,6,1,7,6,-4
0022200368,2022-12-07,2022-23,regular_season,False,1610612763,MEM,Memphis Grizzlies,1610612760,OKC,Oklahoma City Thunder,66,50,W,25,44,0.568,9,20,0.45,7,7,1.0,5,17,22,18,6,2,9,9,16,17,43,0.395,6,21,0.286,10,11,0.909,4,13,17,13,4,2,9,6,-16
0022200371,2022-12-07,2022-23,regular_season,False,1610612740,NOP,New Orleans Pelicans,1610612765,DET,Detroit Pistons,48,55,L,17,38,0.447,4,13,0.308,10,12,0.833,6,15,21,11,2,5,10,10,-7,20,44,0.455,10,22,0.455,5,6,0.833,4,14,18,9,4,0,5,10,7
0022200366,2022-12-07,2022-23,regular_season,False,1610612761,TOR,Toronto Raptors,1610612747,LAL,Los Angeles Lakers,56,66,L,21,47,0.447,6,20,0.3,8,10,0.8,6,13,19,10,5,0,9,13,-10,23,43,0.535,3,15,0.2,17,19,0.895,5,17,22,11,5,1,7,8,10
0022200365,2022-12-07,2022-23,regular_season,False,1610612752,NYK,New York Knicks,1610612737,ATL,Atlanta Hawks,60,48,W,19,41,0.463,9,18,0.5,13,15,0.867,9,22,31,14,3,0,10,14,12,15,40,0.375,4,18,0.222,14,18,0.778,4,12,16,9,4,0,5,9,-12
0022200364,2022-12-07,2022-23,regular_season,False,1610612751,BKN,Brooklyn Nets,1610612766,CHA,Charlotte Hornets,49,61,L,20,38,0.526,4,15,0.267,5,8,0.625,1,13,14,13,3,4,8,13,-12,23,42,0.548,6,13,0.462,9,15,0.6,7,16,23,10,3,2,9,11,12
0022200363,2022-12-07,2022-23,regular_season,False,1610612753,ORL,Orlando Magic,1610612746,LAC,LA Clippers,76,62,W,27,53,0.509,4,12,0.333,18,20,0.9,7,21,28,12,3,0,4,10,14,22,54,0.407,7,22,0.318,11,17,0.647,10,20,30,12,0,3,9,11,-14
0022200367,2022-12-07,2022-23,regular_season,False,1610612741,CHI,Chicago Bulls,1610612764,WAS,Washington Wizards,63,62,W,23,44,0.523,6,11,0.545,11,12,0.917,3,13,16,11,4,3,7,10,1,22,40,0.55,7,16,0.438,11,16,0.688,3,14,17,13,6,4,7,10,-1
0022200374,2022-12-08,2022-23,regular_season,False,1610612748,MIA,Miami Heat,1610612746,LAC,LA Clippers,59,56,W,23,43,0.535,7,20,0.35,6,9,0.667,2,18,20,11,5,0,5,13,3,17,38,0.447,8,18,0.444,14,16,0.875,4,18,22,9,3,0,10,10,-3
0022200375,2022-12-08,2022-23,regular_season,False,1610612759,SAS,San Antonio Spurs,1610612745,HOU,Houston Rockets,67,55,W,23,42,0.548,10,22,0.455,11,12,0.917,3,18,21,15,3,4,7,11,12,22,49,0.449,4,15,0.267,7,8,0.875,8,14,22,9,1,3,7,12,-12
0022200376,2022-12-08,2022-23,regular_season,False,1610612757,POR,Portland Trail Blazers,1610612743,DEN,Denver Nuggets,56,58,L,20,39,0.513,9,20,0.45,7,7,1.0,4,14,18,11,4,2,9,10,-2,22,48,0.458,7,17,0.412,7,10,0.7,10,15,25,12,4,2,7,9,2
0022200386,2022-12-09,2022-23,regular_season,False,1610612742,DAL,Dallas Mavericks,1610612749,MIL,Milwaukee Bucks,57,54,W,22,45,0.489,5,19,0.263,8,19,0.421,8,11,19,9,4,3,2,13,3,19,38,0.5,4,13,0.308,12,14,0.857,3,16,19,16,2,2,9,15,-3
0022200385,2022-12-09,2022-23,regular_season,False,1610612762,UTA,Utah Jazz,1610612750,MIN,Minnesota Timberwolves,62,57,W,22,46,0.478,6,20,0.3,12,15,0.8,7,16,23,11,7,0,6,5,5,21,39,0.538,11,21,0.524,4,6,0.667,2,16,18,18,5,1,12,12,-5
0022200384,2022-12-09,2022-23,regular_season,False,1610612740,NOP,New Orleans Pelicans,1610612756,PHX,Phoenix Suns,73,65,W,24,44,0.545,4,12,0.333,21,27,0.778,8,14,22,12,7,1,3,7,8,24,46,0.522,15,28,0.536,2,4,0.5,6,13,19,16,2,3,7,18,-8
0022200383,2022-12-09,2022-23,regular_season,False,1610612763,MEM,Memphis Grizzlies,1610612765,DET,Detroit Pistons,53,50,W,20,46,0.435,4,18,0.222,9,17,0.529,6,18,24,15,6,5,6,10,3,16,42,0.381,6,14,0.429,12,15,0.8,6,21,27,11,2,4,10,16,-3
0022200382,2022-12-09,2022-23,regular_season,False,1610612755,PHI,Philadelphia 76ers,1610612747,LAL,Los Angeles Lakers,72,63,W,24,45,0.533,9,19,0.474,15,17,0.882,0,22,22,14,9,2,15,19,9,22,48,0.458,3,15,0.2,16,21,0.762,3,16,19,13,8,2,13,15,-9
0022200379,2022-12-09,2022-23,regular_season,False,1610612753,ORL,Orlando Magic,1610612761,TOR,Toronto Raptors,46,46,W,18,35,0.514,2,9,0.222,8,10,0.8,2,23,25,9,1,1,10,13,0,14,44,0.318,5,21,0.238,13,15,0.867,6,15,21,8,5,4,4,9,0
0022200380,2022-12-09,2022-23,regular_season,False,1610612751,BKN,Brooklyn Nets,1610612737,ATL,Atlanta Hawks,52,52,W,18,42,0.429,10,23,0.435,6,8,0.75,7,15,22,13,5,4,9,7,0,21,47,0.447,4,15,0.267,6,7,0.857,9,16,25,10,6,1,8,8,0
0022200378,2022-12-09,2022-23,regular_season,False,1610612754,IND,Indiana Pacers,1610612764,WAS,Washington Wizards,52,46,W,17,45,0.378,8,24,0.333,10,12,0.833,10,15,25,10,4,0,8,13,6,14,35,0.4,2,13,0.154,16,20,0.8,8,16,24,9,5,1,9,11,-6
0022200377,2022-12-09,2022-23,regular_season,False,1610612766,CHA,Charlotte Hornets,1610612752,NYK,New York Knicks,53,66,L,18,38,0.474,4,14,0.286,13,17,0.765,4,15,19,10,5,3,6,12,-13,21,43,0.488,8,14,0.571,16,18,0.889,6,16,22,16,4,2,7,10,13
0022200381,2022-12-09,2022-23,regular_season,False,1610612739,CLE,Cleveland Cavaliers,1610612758,SAC,Sacramento Kings,46,57,L,16,35,0.457,4,12,0.333,10,10,1.0,4,12,16,12,4,1,13,12,-11,20,31,0.645,9,17,0.529,8,15,0.533,1,13,14,12,6,2,8,11,11
0022200394,2022-12-10,2022-23,regular_season,False,1610612757,POR,Portland Trail Blazers,1610612750,MIN,Minnesota Timberwolves,59,52,W,22,38,0.579,6,13,0.462,9,9,1.0,2,15,17,11,2,2,8,14,7,18,34,0.529,5,9,0.556,11,15,0.733,2,10,12,7,5,2,9,9,-7
0022200393,2022-12-10,2022-23,regular_season,False,1610612743,DEN,Denver Nuggets,1610612762,UTA,Utah Jazz,54,58,L,20,42,0.476,3,13,0.231,11,14,0.786,2,14,16,12,3,3,3,11,-4,20,42,0.476,6,18,0.333,12,15,0.8,6,21,27,10,3,4,7,14,4
0022200392,2022-12-10,2022-23,regular_season,False,1610612744,GSW,Golden State Warriors,1610612738,BOS,Boston Celtics,55,44,W,23,44,0.523,5,16,0.312,4,5,0.8,6,21,27,13,2,3,10,10,11,14,38,0.368,6,19,0.316,10,15,0.667,3,14,17,8,3,5,8,5,-11
0022200391,2022-12-10,2022-23,regular_season,False,1610612741,CHI,Chicago Bulls,1610612742,DAL,Dallas Mavericks,62,62,W,25,41,0.61,9,17,0.529,3,6,0.5,3,17,20,13,3,4,6,10,0,22,46,0.478,4,20,0.2,14,15,0.933,7,15,22,14,2,1,3,6,0
0022200389,2022-12-10,2022-23,regular_season,False,1610612764,WAS,Washington Wizards,1610612746,LAC,LA Clippers,44,54,L,15,40,0.375,6,13,0.462,8,9,0.889,2,23,25,12,3,2,10,9,-10,17,46,0.37,9,24,0.375,11,11,1.0,5,19,24,11,5,3,4,8,10
0022200388,2022-12-10,2022-23,regular_season,False,1610612754,IND,Indiana Pacers,1610612751,BKN,Brooklyn Nets,57,67,L,19,37,0.514,9,21,0.429,10,16,0.625,3,9,12,13,6,2,12,16,-10,25,48,0.521,5,13,0.385,12,17,0.706,16,16,32,10,2,2,9,12,10
0022200387,2022-12-10,2022-23,regular_season,False,1610612748,MIA,Miami Heat,1610612759,SAS,San Antonio Spurs,54,56,L,20,44,0.455,8,20,0.4,6,8,0.75,4,11,15,12,1,0,2,13,-2,17,35,0.486,3,10,0.3,19,21,0.905,5,18,23,8,1,1,9,10,2
0022200390,2022-12-10,2022-23,regular_season,False,1610612739,CLE,Cleveland Cavaliers,1610612760,OKC,Oklahoma City Thunder,51,56,L,17,40,0.425,4,15,0.267,13,16,0.812,8,16,24,9,5,1,9,6,-5,21,41,0.512,8,17,0.471,6,7,0.857,2,14,16,15,6,3,7,14,5
0022200400,2022-12-11,2022-23,regular_season,False,1610612737,ATL,Atlanta Hawks,1610612741,CHI,Chicago Bulls,65,72,L,25,56,0.446,8,23,0.348,7,9,0.778,5,18,23,13,2,3,8,14,-7,28,55,0.509,4,16,0.25,12,15,0.8,9,24,33,15,5,3,10,11,7
0022200399,2022-12-11,2022-23,regular_season,False,1610612755,PHI,Philadelphia 76ers,1610612766,CHA,Charlotte Hornets,70,59,W,25,40,0.625,11,18,0.611,9,12,0.75,4,15,19,20,3,2,9,16,11,16,44,0.364,6,16,0.375,21,25,0.84,11,11,22,11,6,1,9,10,-11
0022200398,2022-12-11,2022-23,regular_season,False,1610612753,ORL,Orlando Magic,1610612761,TOR,Toronto Raptors,64,60,W,21,38,0.553,10,18,0.556,12,15,0.8,3,15,18,15,1,6,6,16,4,16,37,0.432,4,13,0.308,24,27,0.889,3,9,12,11,3,2,3,11,-4
0022200401,2022-12-11,2022-23,regular_season,False,1610612745,HOU,Houston Rockets,1610612749,MIL,Milwaukee Bucks,47,44,W,16,45,0.356,4,15,0.267,11,12,0.917,7,19,26,8,7,3,6,10,3,15,41,0.366,5,19,0.263,9,11,0.818,5,21,26,8,2,3,10,9,-3
0022200396,2022-12-11,2022-23,regular_season,False,1610612765,DET,Detroit Pistons,1610612747,LAL,Los Angeles Lakers,68,63,W,25,54,0.463,11,26,0.423,7,8,0.875,7,13,20,17,5,0,2,13,5,23,38,0.605,5,12,0.417,12,17,0.706,2,20,22,14,1,3,7,8,-5
0022200395,2022-12-11,2022-23,regular_season,False,1610612740,NOP,New Orleans Pelicans,1610612756,PHX,Phoenix Suns,72,66,W,30,48,0.625,2,10,0.2,10,15,0.667,4,17,21,18,8,2,7,13,6,25,52,0.481,8,22,0.364,8,11,0.727,9,12,21,20,2,4,10,14,-6
0022200397,2022-12-11,2022-23,regular_season,False,1610612752,NYK,New York Knicks,1610612758,SAC,Sacramento Kings,46,49,L,16,40,0.4,2,15,0.133,12,15,0.8,7,19,26,10,3,4,8,10,-3,18,47,0.383,4,18,0.222,9,15,0.6,10,14,24,10,3,0,6,11,3
0022200402,2022-12-12,2022-23,regular_season,False,1610612754,IND,Indiana Pacers,1610612748,MIA,Miami Heat,40,40,L,13,40,0.325,4,19,0.211,10,11,0.909,6,20,26,7,4,6,9,12,0,14,39,0.359,4,16,0.25,8,11,0.727,3,18,21,8,3,1,7,8,0
0022200403,2022-12-12,2022-23,regular_season,False,1610612764,WAS,Washington Wizards,1610612751,BKN,Brooklyn Nets,45,50,L,17,39,0.436,5,16,0.312,6,10,0.6,5,19,24,9,1,0,10,8,-5,20,41,0.488,2,12,0.167,8,9,0.889,3,16,19,14,4,6,4,8,5
0022200404,2022-12-12,2022-23,regular_season,False,1610612763,MEM,Memphis Grizzlies,1610612737,ATL,Atlanta Hawks,66,52,W,27,43,0.628,4,14,0.286,8,10,0.8,2,24,26,19,4,6,10,9,14,17,50,0.34,6,21,0.286,12,15,0.8,9,8,17,8,5,1,6,12,-14
0022200405,2022-12-12,2022-23,regular_season,False,1610612742,DAL,Dallas Mavericks,1610612760,OKC,Oklahoma City Thunder,55,62,L,19,43,0.442,9,23,0.391,8,10,0.8,6,15,21,11,2,2,10,11,-7,23,45,0.511,3,12,0.25,13,14,0.929,5,16,21,11,4,1,6,13,7
0022200406,2022-12-12,2022-23,regular_season,False,1610612759,SAS,San Antonio Spurs,1610612739,CLE,Cleveland Cavaliers,47,62,L,18,45,0.4,5,14,0.357,6,8,0.75,9,8,17,13,3,1,9,13,-15,24,42,0.571,2,8,0.25,12,13,0.923,8,16,24,14,5,4,10,6,15
0022200407,2022-12-12,2022-23,regular_season,False,1610612757,POR,Portland Trail Blazers,1610612750,MIN,Minnesota Timberwolves,63,53,W,23,44,0.523,10,24,0.417,7,8,0.875,8,25,33,16,3,1,14,11,10,20,46,0.435,6,17,0.353,7,11,0.636,3,14,17,11,9,1,5,7,-10
0022200408,2022-12-12,2022-23,regular_season,False,1610612746,LAC,LA Clippers,1610612738,BOS,Boston Celtics,57,46,W,23,47,0.489,6,12,0.5,5,6,0.833,5,14,19,9,2,1,4,14,11,16,36,0.444,3,18,0.167,11,17,0.647,3,13,16,14,3,4,6,9,-11
0022200412,2022-12-13,2022-23,regular_season,False,1610612762,UTA,Utah Jazz,1610612740,NOP,New Orleans Pelicans,69,55,W,28,57,0.491,9,27,0.333,4,6,0.667,12,18,30,15,4,8,6,13,14,19,47,0.404,3,15,0.2,14,21,0.667,9,14,23,14,2,2,8,5,-14
0022200411,2022-12-13,2022-23,regular_season,False,1610612745,HOU,Houston Rockets,1610612756,PHX,Phoenix Suns,57,62,L,16,37,0.432,5,17,0.294,20,22,0.909,6,22,28,7,2,5,12,12,-5,22,53,0.415,9,27,0.333,9,10,0.9,9,13,22,14,6,4,4,15,5
0022200413,2022-12-13,2022-23,regular_season,False,1610612747,LAL,Los Angeles Lakers,1610612738,BOS,Boston Celtics,68,57,W,25,49,0.51,5,18,0.278,13,17,0.765,2,25,27,12,4,5,7,11,11,21,50,0.42,9,25,0.36,6,11,0.545,3,20,23,9,4,1,10,12,-11
0022200409,2022-12-13,2022-23,regular_season,False,1610612755,PHI,Philadelphia 76ers,1610612758,SAC,Sacramento Kings,43,48,L,17,40,0.425,6,16,0.375,3,3,1.0,1,21,22,13,3,3,8,8,-5,19,46,0.413,6,18,0.333,4,5,0.8,4,21,25,12,3,3,5,7,5
0022200410,2022-12-13,2022-23,regular_season,False,1610612749,MIL,Milwaukee Bucks,1610612744,GSW,Golden State Warriors,64,59,W,20,38,0.526,9,18,0.5,15,19,0.789,5,20,25,14,6,1,14,12,5,18,43,0.419,9,24,0.375,14,17,0.824,5,13,18,11,5,1,11,14,-5
0022200423,2022-12-14,2022-23,regular_season,False,1610612746,LAC,LA Clippers,1610612750,MIN,Minnesota Timberwolves,61,45,W,21,41,0.512,9,21,0.429,10,13,0.769,3,18,21,16,4,0,6,10,16,17,39,0.436,2,9,0.222,9,12,0.75,6,15,21,7,3,2,9,11,-16
0022200422,2022-12-14,2022-23,regular_season,False,1610612743,DEN,Denver Nuggets,1610612764,WAS,Washington Wizards,69,61,W,26,38,0.684,3,7,0.429,14,18,0.778,3,21,24,14,3,4,11,9,8,22,45,0.489,8,20,0.4,9,15,0.6,3,7,10,16,6,3,5,14,-8
0022200420,2022-12-14,2022-23,regular_season,False,1610612759,SAS,San Antonio Spurs,1610612757,POR,Portland Trail Blazers,55,55,L,21,45,0.467,6,15,0.4,7,9,0.778,5,14,19,12,5,1,7,5,0,22,40,0.55,8,19,0.421,3,3,1.0,2,16,18,10,4,2,10,10,0
0022200419,2022-12-14,2022-23,regular_season,False,1610612760,OKC,Oklahoma City Thunder,1610612748,MIA,Miami Heat,56,46,W,21,42,0.5,4,10,0.4,10,14,0.714,3,24,27,15,4,2,5,10,10,16,44,0.364,8,27,0.296,6,9,0.667,3,18,21,10,3,1,6,13,-10
0022200421,2022-12-14,2022-23,regular_season,False,1610612742,DAL,Dallas Mavericks,1610612739,CLE,Cleveland Cavaliers,49,45,W,15,34,0.441,7,19,0.368,12,15,0.8,3,15,18,9,1,0,6,8,4,17,38,0.447,2,11,0.182,9,9,1.0,4,14,18,11,3,1,4,11,-4
0022200417,2022-12-14,2022-23,regular_season,False,1610612761,TOR,Toronto Raptors,1610612758,SAC,Sacramento Kings,61,65,L,22,43,0.512,3,8,0.375,14,17,0.824,6,11,17,12,4,3,7,10,-4,24,45,0.533,9,21,0.429,8,10,0.8,7,16,23,18,3,2,7,10,4
0022200416,2022-12-14,2022-23,regular_season,False,1610612753,ORL,Orlando Magic,1610612737,ATL,Atlanta Hawks,59,62,L,21,45,0.467,8,18,0.444,9,11,0.818,7,15,22,11,5,3,8,10,-3,23,43,0.535,6,17,0.353,10,12,0.833,6,13,19,15,0,3,5,8,3
0022200415,2022-12-14,2022-23,regular_season,False,1610612754,IND,Indiana Pacers,1610612744,GSW,Golden State Warriors,51,65,L,17,40,0.425,5,17,0.294,12,14,0.857,2,12,14,13,4,5,10,16,-14,20,42,0.476,8,16,0.5,17,20,0.85,7,18,25,13,2,4,10,10,14
0022200414,2022-12-14,2022-23,regular_season,False,1610612766,CHA,Charlotte Hornets,1610612765,DET,Detroit Pistons,65,68,L,23,61,0.377,10,31,0.323,9,9,1.0,10,17,27,11,2,2,5,16,-3,24,46,0.522,9,21,0.429,11,15,0.733,5,22,27,14,0,7,9,14,3
0022200418,2022-12-14,2022-23,regular_season,False,1610612741,CHI,Chicago Bulls,1610612752,NYK,New York Knicks,65,64,W,25,43,0.581,3,13,0.231,12,14,0.857,2,13,15,12,5,5,5,6,1,23,47,0.489,10,17,0.588,8,10,0.8,8,16,24,11,3,2,11,15,-1
0022200424,2022-12-15,2022-23,regular_season,False,1610612745,HOU,Houston Rockets,1610612748,MIA,Miami Heat,56,45,W,22,47,0.468,4,14,0.286,8,13,0.615,12,17,29,12,6,2,7,9,11,16,38,0.421,7,22,0.318,6,10,0.6,4,9,13,9,5,2,7,12,-11
0022200425,2022-12-15,2022-23,regular_season,False,1610612763,MEM,Memphis Grizzlies,1610612749,MIL,Milwaukee Bucks,72,60,W,27,45,0.6,6,17,0.353,12,14,0.857,4,18,22,17,3,3,7,9,12,21,49,0.429,9,28,0.321,9,13,0.692,7,14,21,14,4,1,5,10,-12
0022200426,2022-12-15,2022-23,regular_season,False,1610612762,UTA,Utah Jazz,1610612740,NOP,New Orleans Pelicans,74,67,W,22,50,0.44,8,24,0.333,22,26,0.846,6,21,27,13,4,5,6,14,7,24,53,0.453,7,16,0.438,12,16,0.75,10,15,25,15,3,4,9,20,-7
0022200427,2022-12-15,2022-23,regular_season,False,1610612746,LAC,LA Clippers,1610612756,PHX,Phoenix Suns,58,47,W,21,46,0.457,5,13,0.385,11,14,0.786,10,16,26,13,3,1,7,9,11,18,47,0.383,3,16,0.188,8,9,0.889,10,16,26,10,3,4,6,10,-11
0022200435,2022-12-16,2022-23,regular_season,False,1610612760,OKC,Oklahoma City Thunder,1610612750,MIN,Minnesota Timberwolves,60,49,W,19,40,0.475,6,18,0.333,16,18,0.889,3,19,22,14,4,1,10,10,11,20,41,0.488,6,12,0.5,3,9,0.333,2,16,18,9,7,2,10,13,-11
0022200437,2022-12-16,2022-23,regular_season,False,1610612747,LAL,Los Angeles Lakers,1610612743,DEN,Denver Nuggets,62,43,W,25,46,0.543,6,18,0.333,6,8,0.75,9,18,27,15,5,2,6,10,19,16,39,0.41,4,12,0.333,7,10,0.7,5,13,18,10,4,0,8,7,-19
0022200436,2022-12-16,2022-23,regular_season,False,1610612742,DAL,Dallas Mavericks,1610612757,POR,Portland Trail Blazers,58,47,W,22,39,0.564,8,20,0.4,6,7,0.857,1,23,24,12,0,3,11,8,11,17,48,0.354,7,21,0.333,6,10,0.6,7,16,23,11,4,1,4,7,-11
0022200434,2022-12-16,2022-23,regular_season,False,1610612741,CHI,Chicago Bulls,1610612752,NYK,New York Knicks,38,56,L,15,41,0.366,6,17,0.353,2,2,1.0,2,19,21,12,2,1,10,13,-18,17,41,0.415,7,21,0.333,15,20,0.75,5,22,27,10,7,1,5,7,18
0022200433,2022-12-16,2022-23,regular_season,False,1610612761,TOR,Toronto Raptors,1610612751,BKN,Brooklyn Nets,54,67,L,20,37,0.541,1,8,0.125,13,15,0.867,3,9,12,5,1,0,7,10,-13,25,36,0.694,5,13,0.385,12,15,0.8,2,14,16,13,3,2,7,11,13
0022200431,2022-12-16,2022-23,regular_season,False,1610612739,CLE,Cleveland Cavaliers,1610612754,IND,Indiana Pacers,64,51,W,21,38,0.553,9,15,0.6,13,17,0.765,3,16,19,13,1,2,3,4,13,21,42,0.5,5,20,0.25,4,4,1.0,3,12,15,17,2,2,3,12,-13
0022200430,2022-12-16,2022-23,regular_season,False,1610612738,BOS,Boston Celtics,1610612753,ORL,Orlando Magic,55,55,L,17,43,0.395,4,21,0.19,17,22,0.773,8,11,19,6,7,6,7,8,0,20,41,0.488,3,13,0.231,12,13,0.923,5,17,22,9,1,0,11,18,0
0022200429,2022-12-16,2022-23,regular_season,False,1610612765,DET,Detroit Pistons,1610612758,SAC,Sacramento Kings,50,67,L,18,44,0.409,4,14,0.286,10,11,0.909,6,15,21,9,1,0,7,14,-17,23,41,0.561,8,16,0.5,13,15,0.867,1,17,18,17,4,0,5,11,17
0022200428,2022-12-16,2022-23,regular_season,False,1610612766,CHA,Charlotte Hornets,1610612737,ATL,Atlanta Hawks,47,50,L,18,48,0.375,6,21,0.286,5,7,0.714,6,16,22,13,4,2,6,12,-3,16,35,0.457,6,11,0.545,12,17,0.706,3,18,21,10,1,2,9,9,3
0022200432,2022-12-16,2022-23,regular_season,False,1610612755,PHI,Philadelphia 76ers,1610612744,GSW,Golden State Warriors,63,49,W,21,42,0.5,7,18,0.389,14,16,0.875,4,21,25,16,6,2,7,8,14,18,52,0.346,6,23,0.261,7,7,1.0,10,15,25,13,4,2,8,10,-14
0022200444,2022-12-17,2022-23,regular_season,False,1610612756,PHX,Phoenix Suns,1610612740,NOP,New Orleans Pelicans,72,51,W,23,39,0.59,9,18,0.5,17,23,0.739,5,10,15,13,3,0,4,7,21,19,31,0.613,7,15,0.467,6,9,0.667,2,10,12,15,0,2,11,16,-21
0022200443,2022-12-17,2022-23,regular_season,False,1610612760,OKC,Oklahoma City Thunder,1610612763,MEM,Memphis Grizzlies,51,66,L,17,43,0.395,8,25,0.32,9,16,0.562,4,17,21,12,3,0,5,13,-15,22,46,0.478,8,24,0.333,14,17,0.824,7,20,27,10,3,1,4,13,15
0022200441,2022-12-17,2022-23,regular_season,False,1610612745,HOU,Houston Rockets,1610612757,POR,Portland Trail Blazers,44,50,L,15,38,0.395,2,12,0.167,12,18,0.667,7,16,23,7,4,2,9,6,-6,19,41,0.463,8,21,0.381,4,7,0.571,4,13,17,9,4,2,7,12,6
0022200442,2022-12-17,2022-23,regular_season,False,1610612749,MIL,Milwaukee Bucks,1610612762,UTA,Utah Jazz,67,50,W,25,41,0.61,12,18,0.667,5,7,0.714,6,16,22,16,2,0,8,9,17,21,41,0.512,6,22,0.273,2,5,0.4,4,9,13,13,3,1,8,9,-17
0022200439,2022-12-17,2022-23,regular_season,False,1610612759,SAS,San Antonio Spurs,1610612748,MIA,Miami Heat,46,59,L,15,34,0.441,2,11,0.182,14,18,0.778,2,13,15,12,3,0,10,10,-13,22,40,0.55,6,14,0.429,9,13,0.692,4,17,21,12,7,0,7,12,13
0022200438,2022-12-17,2022-23,regular_season,False,1610612746,LAC,LA Clippers,1610612764,WAS,Washington Wizards,52,36,W,19,39,0.487,4,13,0.308,10,18,0.556,8,22,30,8,3,3,7,12,16,12,42,0.286,3,11,0.273,9,9,1.0,5,13,18,5,4,0,6,13,-16
0022200440,2022-12-17,2022-23,regular_season,False,1610612739,CLE,Cleveland Cavaliers,1610612742,DAL,Dallas Mavericks,53,50,W,20,46,0.435,3,17,0.176,10,17,0.588,4,20,24,12,1,1,7,13,3,18,45,0.4,8,28,0.286,6,10,0.6,2,20,22,10,1,3,6,14,-3
0022200451,2022-12-18,2022-23,regular_season,False,1610612747,LAL,Los Angeles Lakers,1610612764,WAS,Washington Wizards,53,65,L,19,43,0.442,5,16,0.312,10,15,0.667,1,17,18,13,2,1,5,12,-12,24,47,0.511,6,17,0.353,11,13,0.846,6,24,30,13,3,4,7,14,12
0022200445,2022-12-18,2022-23,regular_season,False,1610612738,BOS,Boston Celtics,1610612753,ORL,Orlando Magic,51,45,W,19,46,0.413,7,23,0.304,6,7,0.857,7,18,25,13,5,3,9,10,6,15,38,0.395,6,15,0.4,9,10,0.9,3,18,21,10,3,1,10,7,-6
0022200446,2022-12-18,2022-23,regular_season,False,1610612754,IND,Indiana Pacers,1610612752,NYK,New York Knicks,53,55,L,19,43,0.442,8,25,0.32,7,12,0.583,6,14,20,12,2,3,7,17,-2,17,37,0.459,4,10,0.4,17,19,0.895,5,19,24,4,4,2,8,10,2
0022200447,2022-12-18,2022-23,regular_season,False,1610612765,DET,Detroit Pistons,1610612751,BKN,Brooklyn Nets,50,70,L,15,42,0.357,4,16,0.25,16,18,0.889,5,13,18,7,3,1,6,12,-20,22,37,0.595,10,15,0.667,16,17,0.941,1,20,21,12,3,4,6,12,20
0022200448,2022-12-18,2022-23,regular_season,False,1610612761,TOR,Toronto Raptors,1610612744,GSW,Golden State Warriors,56,58,L,21,47,0.447,7,19,0.368,7,9,0.778,6,11,17,12,3,0,5,11,-2,20,39,0.513,7,17,0.412,11,14,0.786,9,17,26,13,1,1,11,12,2
0022200449,2022-12-18,2022-23,regular_season,False,1610612750,MIN,Minnesota Timberwolves,1610612741,CHI,Chicago Bulls,79,61,W,31,47,0.66,11,22,0.5,6,6,1.0,2,20,22,22,2,4,3,12,18,21,44,0.477,8,19,0.421,11,15,0.733,2,13,15,17,1,0,3,6,-18
0022200450,2022-12-18,2022-23,regular_season,False,1610612743,DEN,Denver Nuggets,1610612766,CHA,Charlotte Hornets,64,63,W,22,46,0.478,8,19,0.421,12,18,0.667,8,14,22,20,5,2,7,11,1,22,46,0.478,5,17,0.294,14,15,0.933,8,17,25,14,5,1,7,14,-1
0022200460,2022-12-19,2022-23,regular_season,False,1610612758,SAC,Sacramento Kings,1610612766,CHA,Charlotte Hornets,56,59,L,22,48,0.458,5,16,0.312,7,14,0.5,3,12,15,9,5,1,1,12,-3,21,41,0.512,7,19,0.368,10,12,0.833,4,26,30,12,1,5,10,12,3
0022200458,2022-12-19,2022-23,regular_season,False,1610612760,OKC,Oklahoma City Thunder,1610612757,POR,Portland Trail Blazers,62,63,L,21,44,0.477,4,14,0.286,16,19,0.842,5,13,18,7,4,1,5,12,-1,22,40,0.55,9,21,0.429,10,12,0.833,5,16,21,11,3,2,11,17,1
0022200459,2022-12-19,2022-23,regular_season,False,1610612756,PHX,Phoenix Suns,1610612747,LAL,Los Angeles Lakers,62,60,W,23,47,0.489,12,21,0.571,4,5,0.8,5,16,21,11,3,3,5,10,2,21,43,0.488,7,13,0.538,11,13,0.846,6,16,22,6,2,3,6,5,-2
0022200457,2022-12-19,2022-23,regular_season,False,1610612740,NOP,New Orleans Pelicans,1610612749,MIL,Milwaukee Bucks,58,62,L,20,53,0.377,7,22,0.318,11,18,0.611,13,17,30,12,3,0,6,13,-4,19,36,0.528,6,19,0.316,18,24,0.75,2,20,22,11,3,5,7,12,4
0022200453,2022-12-19,2022-23,regular_season,False,1610612755,PHI,Philadelphia 76ers,1610612761,TOR,Toronto Raptors,47,55,L,14,39,0.359,6,20,0.3,13,15,0.867,1,20,21,8,4,0,10,13,-8,20,44,0.455,8,23,0.348,7,8,0.875,1,22,23,14,4,2,8,10,8
0022200455,2022-12-19,2022-23,regular_season,False,1610612745,HOU,Houston Rockets,1610612759,SAS,San Antonio Spurs,43,64,L,16,42,0.381,3,13,0.231,8,11,0.727,5,13,18,9,6,3,7,7,-21,24,39,0.615,8,15,0.533,8,10,0.8,3,18,21,17,3,4,6,9,21
0022200454,2022-12-19,2022-23,regular_season,False,1610612737,ATL,Atlanta Hawks,1610612753,ORL,Orlando Magic,58,60,L,22,44,0.5,6,11,0.545,8,8,1.0,2,18,20,11,4,3,6,12,-2,19,47,0.404,4,17,0.235,18,18,1.0,7,18,25,11,5,3,4,7,2
0022200452,2022-12-19,2022-23,regular_season,False,1610612739,CLE,Cleveland Cavaliers,1610612762,UTA,Utah Jazz,60,55,W,19,34,0.559,8,12,0.667,14,19,0.737,3,20,23,11,2,2,11,12,5,21,51,0.412,5,14,0.357,8,11,0.727,9,10,19,10,4,1,4,11,-5
0022200456,2022-12-19,2022-23,regular_season,False,1610612750,MIN,Minnesota Timberwolves,1610612742,DAL,Dallas Mavericks,59,62,L,20,45,0.444,7,18,0.389,12,13,0.923,5,20,25,9,0,1,8,12,-3,18,42,0.429,12,27,0.444,14,18,0.778,5,15,20,15,4,2,6,12,3
0022200461,2022-12-20,2022-23,regular_season,False,1610612765,DET,Detroit Pistons,1610612762,UTA,Utah Jazz,51,65,L,17,39,0.436,3,12,0.25,14,20,0.7,6,15,21,8,5,0,8,11,-14,26,49,0.531,9,22,0.409,4,8,0.5,8,18,26,14,5,2,7,12,14
0022200462,2022-12-20,2022-23,regular_season,False,1610612748,MIA,Miami Heat,1610612741,CHI,Chicago Bulls,46,61,L,16,37,0.432,7,21,0.333,7,10,0.7,3,13,16,11,2,0,7,10,-15,23,39,0.59,7,15,0.467,8,11,0.727,3,17,20,13,5,0,6,11,15
0022200463,2022-12-20,2022-23,regular_season,False,1610612752,NYK,New York Knicks,1610612744,GSW,Golden State Warriors,63,38,W,21,41,0.512,6,16,0.375,15,19,0.789,6,19,25,12,5,1,6,6,25,14,35,0.4,4,14,0.286,6,6,1.0,1,14,15,11,1,1,12,13,-25
0022200464,2022-12-20,2022-23,regular_season,False,1610612756,PHX,Phoenix Suns,1610612764,WAS,Washington Wizards,62,60,W,21,43,0.488,7,17,0.412,13,15,0.867,7,16,23,14,1,1,7,18,2,17,38,0.447,5,13,0.385,21,29,0.724,5,14,19,8,4,3,5,10,-2
0022200465,2022-12-20,2022-23,regular_season,False,1610612743,DEN,Denver Nuggets,1610612763,MEM,Memphis Grizzlies,50,51,L,21,48,0.438,5,14,0.357,3,5,0.6,6,15,21,16,6,2,7,11,-1,18,38,0.474,2,11,0.182,13,18,0.722,3,20,23,12,6,3,6,7,1
0022200475,2022-12-21,2022-23,regular_season,False,1610612758,SAC,Sacramento Kings,1610612747,LAL,Los Angeles Lakers,68,62,W,27,52,0.519,9,23,0.391,5,10,0.5,6,17,23,15,4,2,4,11,6,20,42,0.476,7,12,0.583,15,19,0.789,4,18,22,15,2,3,7,9,-6
0022200474,2022-12-21,2022-23,regular_season,False,1610612760,OKC,Oklahoma City Thunder,1610612757,POR,Portland Trail Blazers,52,44,W,19,45,0.422,6,15,0.4,8,9,0.889,6,15,21,11,5,1,9,9,8,18,37,0.486,7,18,0.389,1,2,0.5,3,16,19,12,4,4,13,11,-8
0022200473,2022-12-21,2022-23,regular_season,False,1610612750,MIN,Minnesota Timberwolves,1610612742,DAL,Dallas Mavericks,47,53,L,20,40,0.5,3,17,0.176,4,5,0.8,0,16,16,13,3,3,5,13,-6,16,37,0.432,8,20,0.4,13,14,0.929,2,18,20,9,2,2,6,7,6
0022200472,2022-12-21,2022-23,regular_season,False,1610612745,HOU,Houston Rockets,1610612753,ORL,Orlando Magic,46,62,L,17,42,0.405,8,20,0.4,4,7,0.571,4,22,26,11,1,1,12,14,-16,22,45,0.489,6,17,0.353,12,21,0.571,6,19,25,10,8,3,4,9,16
0022200471,2022-12-21,2022-23,regular_season,False,1610612752,NYK,New York Knicks,1610612761,TOR,Toronto Raptors,53,50,W,22,38,0.579,6,14,0.429,3,5,0.6,2,15,17,14,1,1,6,15,3,15,44,0.341,4,20,0.2,16,17,0.941,9,12,21,4,2,3,2,6,-3
0022200476,2022-12-21,2022-23,regular_season,False,1610612746,LAC,LA Clippers,1610612766,CHA,Charlotte Hornets,55,65,L,17,35,0.486,11,24,0.458,10,11,0.909,1,15,16,14,0,3,14,8,-10,25,47,0.532,7,15,0.467,8,12,0.667,7,14,21,16,8,1,5,11,10
0022200469,2022-12-21,2022-23,regular_season,False,1610612738,BOS,Boston Celtics,1610612754,IND,Indiana Pacers,69,46,W,23,54,0.426,10,26,0.385,13,15,0.867,15,18,33,18,10,2,5,4,23,17,41,0.415,8,18,0.444,4,5,0.8,5,15,20,8,4,2,11,11,-23
0022200468,2022-12-21,2022-23,regular_season,False,1610612737,ATL,Atlanta Hawks,1610612741,CHI,Chicago Bulls,57,49,W,23,47,0.489,6,16,0.375,5,5,1.0,4,21,25,14,3,3,5,8,8,20,46,0.435,1,10,0.1,8,10,0.8,6,17,23,9,3,2,3,7,-8
0022200467,2022-12-21,2022-23,regular_season,False,1610612755,PHI,Philadelphia 76ers,1610612765,DET,Detroit Pistons,50,42,W,17,44,0.386,4,16,0.25,12,13,0.923,6,25,31,12,2,6,7,11,8,14,47,0.298,4,16,0.25,10,14,0.714,7,18,25,10,5,0,7,7,-8
0022200466,2022-12-21,2022-23,regular_season,False,1610612739,CLE,Cleveland Cavaliers,1610612749,MIL,Milwaukee Bucks,52,64,L,17,34,0.5,3,12,0.25,17,22,0.773,1,14,15,9,3,2,6,10,-12,24,45,0.533,9,19,0.474,7,9,0.778,5,16,21,15,3,3,5,12,12
0022200470,2022-12-21,2022-23,regular_season,False,1610612751,BKN,Brooklyn Nets,1610612744,GSW,Golden State Warriors,52,62,L,19,35,0.543,8,14,0.571,6,6,1.0,1,16,17,17,4,2,13,13,-10,21,43,0.488,8,18,0.444,12,15,0.8,4,15,19,16,6,0,8,6,10
0022200477,2022-12-22,2022-23,regular_season,False,1610612740,NOP,New Orleans Pelicans,1610612759,SAS,San Antonio Spurs,61,71,L,21,43,0.488,5,16,0.312,14,15,0.933,9,11,20,9,2,4,8,14,-10,28,45,0.622,5,14,0.357,10,12,0.833,5,12,17,14,5,2,5,12,10
0022200478,2022-12-22,2022-23,regular_season,False,1610612762,UTA,Utah Jazz,1610612764,WAS,Washington Wizards,60,46,W,22,45,0.489,8,19,0.421,8,8,1.0,5,15,20,7,3,2,3,6,14,19,36,0.528,2,11,0.182,6,9,0.667,1,16,17,9,3,2,6,5,-14
0022200492,2022-12-23,2022-23,regular_season,False,1610612747,LAL,Los Angeles Lakers,1610612766,CHA,Charlotte Hornets,63,67,L,24,46,0.522,9,23,0.391,6,7,0.857,6,15,21,15,4,1,9,9,-4,26,48,0.542,10,23,0.435,5,7,0.714,7,14,21,15,5,2,9,8,4
0022200491,2022-12-23,2022-23,regular_season,False,1610612758,SAC,Sacramento Kings,1610612764,WAS,Washington Wizards,61,57,W,19,41,0.463,5,18,0.278,18,24,0.75,9,14,23,10,4,2,6,10,4,22,41,0.537,4,15,0.267,9,11,0.818,3,15,18,12,3,2,9,16,-4
0022200490,2022-12-23,2022-23,regular_season,False,1610612756,PHX,Phoenix Suns,1610612763,MEM,Memphis Grizzlies,62,66,L,22,45,0.489,5,17,0.294,13,21,0.619,8,11,19,12,3,1,5,15,-4,21,37,0.568,5,9,0.556,19,25,0.76,5,13,18,17,5,3,7,14,4
0022200489,2022-12-23,2022-23,regular_season,False,1610612743,DEN,Denver Nuggets,1610612757,POR,Portland Trail Blazers,62,43,W,22,36,0.611,6,10,0.6,12,19,0.632,1,20,21,15,4,1,4,7,19,15,44,0.341,5,21,0.238,8,9,0.889,8,17,25,9,2,1,9,13,-19
0022200488,2022-12-23,2022-23,regular_season,False,1610612760,OKC,Oklahoma City Thunder,1610612740,NOP,New Orleans Pelicans,79,64,W,28,57,0.491,11,20,0.55,12,14,0.857,6,19,25,19,6,2,6,17,15,19,44,0.432,5,16,0.312,21,26,0.808,7,20,27,12,1,4,12,12,-15
0022200487,2022-12-23,2022-23,regular_season,False,1610612745,HOU,Houston Rockets,1610612742,DAL,Dallas Mavericks,56,51,W,20,44,0.455,6,18,0.333,10,10,1.0,7,21,28,14,2,1,7,8,5,16,38,0.421,8,24,0.333,11,13,0.846,0,16,16,9,3,3,5,9,-5
0022200486,2022-12-23,2022-23,regular_season,False,1610612748,MIA,Miami Heat,1610612754,IND,Indiana Pacers,50,55,L,18,48,0.375,7,17,0.412,7,7,1.0,6,13,19,12,2,2,4,8,-5,20,43,0.465,10,25,0.4,5,7,0.714,6,18,24,12,1,5,5,11,5
0022200483,2022-12-23,2022-23,regular_season,False,1610612751,BKN,Brooklyn Nets,1610612749,MIL,Milwaukee Bucks,58,53,W,22,45,0.489,6,16,0.375,8,9,0.889,7,16,23,14,6,1,7,8,5,19,41,0.463,6,22,0.273,9,11,0.818,7,16,23,9,4,1,9,6,-5
0022200484,2022-12-23,2022-23,regular_season,False,1610612739,CLE,Cleveland Cavaliers,1610612761,TOR,Toronto Raptors,54,49,W,19,35,0.543,5,14,0.357,11,17,0.647,2,16,18,11,3,3,4,6,5,18,43,0.419,7,16,0.438,6,6,1.0,8,17,25,6,2,2,9,10,-5
0022200482,2022-12-23,2022-23,regular_season,False,1610612738,BOS,Boston Celtics,1610612750,MIN,Minnesota Timberwolves,67,53,W,24,52,0.462,7,25,0.28,12,14,0.857,11,17,28,15,4,1,4,7,14,22,42,0.524,5,17,0.294,4,6,0.667,3,16,19,9,2,3,8,10,-14
0022200481,2022-12-23,2022-23,regular_season,False,1610612737,ATL,Atlanta Hawks,1610612765,DET,Detroit Pistons,70,42,W,25,42,0.595,9,20,0.45,11,12,0.917,3,23,26,15,5,5,5,12,28,13,43,0.302,4,17,0.235,12,16,0.75,6,13,19,5,5,2,7,10,-28
0022200480,2022-12-23,2022-23,regular_season,False,1610612755,PHI,Philadelphia 76ers,1610612746,LAC,LA Clippers,68,51,W,25,40,0.625,8,15,0.533,10,11,0.909,2,21,23,17,2,2,6,14,17,16,40,0.4,4,19,0.211,15,18,0.833,2,9,11,9,3,3,4,10,-17
0022200479,2022-12-23,2022-23,regular_season,False,1610612753,ORL,Orlando Magic,1610612759,SAS,San Antonio Spurs,72,52,W,25,45,0.556,12,21,0.571,10,13,0.769,4,17,21,17,4,1,8,8,20,19,43,0.442,5,18,0.278,9,11,0.818,4,10,14,10,4,5,6,12,-20
0022200485,2022-12-23,2022-23,regular_season,False,1610612752,NYK,New York Knicks,1610612741,CHI,Chicago Bulls,57,60,L,20,43,0.465,6,18,0.333,11,18,0.611,8,15,23,11,1,1,4,12,-3,21,47,0.447,5,15,0.333,13,14,0.929,8,15,23,10,2,2,2,14,3
0022200496,2022-12-25,2022-23,regular_season,False,1610612744,GSW,Golden State Warriors,1610612763,MEM,Memphis Grizzlies,64,55,W,24,48,0.5,7,23,0.304,9,11,0.818,2,18,20,18,5,4,4,10,9,18,47,0.383,6,24,0.25,13,14,0.929,6,19,25,13,0,2,10,11,-9
0022200497,2022-12-25,2022-23,regular_season,False,1610612743,DEN,Denver Nuggets,1610612756,PHX,Phoenix Suns,77,68,W,28,52,0.538,6,16,0.375,15,21,0.714,6,23,29,18,6,3,8,15,9,25,53,0.472,9,18,0.5,9,17,0.529,7,16,23,18,6,6,8,19,-9
0022200495,2022-12-25,2022-23,regular_season,False,1610612738,BOS,Boston Celtics,1610612749,MIL,Milwaukee Bucks,77,57,W,28,41,0.683,11,21,0.524,10,11,0.909,3,17,20,16,3,0,6,9,20,19,44,0.432,9,22,0.409,10,14,0.714,4,10,14,11,4,0,5,6,-20
0022200494,2022-12-25,2022-23,regular_season,False,1610612742,DAL,Dallas Mavericks,1610612747,LAL,Los Angeles Lakers,81,61,W,29,46,0.63,13,22,0.591,10,11,0.909,9,14,23,22,5,1,6,20,20,15,35,0.429,4,13,0.308,27,30,0.9,5,6,11,9,3,2,5,12,-20
0022200493,2022-12-25,2022-23,regular_season,False,1610612752,NYK,New York Knicks,1610612755,PHI,Philadelphia 76ers,49,59,L,20,41,0.488,4,13,0.308,5,6,0.833,4,17,21,13,1,5,6,6,-10,21,42,0.5,9,22,0.409,8,9,0.889,3,13,16,10,4,2,4,7,10
0022200498,2022-12-26,2022-23,regular_season,False,1610612739,CLE,Cleveland Cavaliers,1610612751,BKN,Brooklyn Nets,68,60,W,21,40,0.525,8,20,0.4,18,22,0.818,5,11,16,10,5,2,3,9,8,21,38,0.553,8,15,0.533,10,13,0.769,4,15,19,12,2,2,9,16,-8
0022200499,2022-12-26,2022-23,regular_season,False,1610612765,DET,Detroit Pistons,1610612746,LAC,LA Clippers,70,76,L,22,53,0.415,5,16,0.312,21,26,0.808,10,15,25,13,6,4,11,16,-6,25,49,0.51,7,19,0.368,19,22,0.864,6,21,27,14,8,3,11,17,6
0022200500,2022-12-26,2022-23,regular_season,False,1610612748,MIA,Miami Heat,1610612750,MIN,Minnesota Timberwolves,54,54,W,22,51,0.431,7,23,0.304,3,4,0.75,6,11,17,13,5,2,3,6,0,22,38,0.579,7,15,0.467,3,5,0.6,6,17,23,15,1,2,13,7,0
0022200501,2022-12-26,2022-23,regular_season,False,1610612741,CHI,Chicago Bulls,1610612745,HOU,Houston Rockets,53,69,L,20,41,0.488,5,17,0.294,8,12,0.667,2,14,16,12,2,1,6,9,-16,25,48,0.521,10,23,0.435,9,10,0.9,5,18,23,14,5,3,5,7,16
0022200502,2022-12-26,2022-23,regular_season,False,1610612740,NOP,New Orleans Pelicans,1610612754,IND,Indiana Pacers,56,55,W,22,44,0.5,8,22,0.364,4,6,0.667,6,16,22,17,4,3,9,8,1,21,43,0.488,4,17,0.235,9,12,0.75,5,15,20,13,5,2,5,7,-1
0022200503,2022-12-26,2022-23,regular_season,False,1610612759,SAS,San Antonio Spurs,1610612762,UTA,Utah Jazz,63,66,L,25,46,0.543,3,9,0.333,10,15,0.667,4,16,20,14,4,2,4,14,-3,20,46,0.435,6,19,0.316,20,24,0.833,8,13,21,13,3,3,4,9,3
0022200504,2022-12-26,2022-23,regular_season,False,1610612757,POR,Portland Trail Blazers,1610612766,CHA,Charlotte Hornets,63,46,W,23,45,0.511,9,21,0.429,8,12,0.667,7,24,31,18,3,5,5,9,17,15,51,0.294,5,22,0.227,11,14,0.786,9,13,22,7,3,2,6,10,-17
0022200513,2022-12-27,2022-23,regular_season,False,1610612744,GSW,Golden State Warriors,1610612766,CHA,Charlotte Hornets,45,53,L,18,41,0.439,2,15,0.133,7,9,0.778,3,16,19,14,2,2,8,12,-8,19,42,0.452,6,15,0.4,9,12,0.75,4,18,22,13,4,1,9,9,8
0022200512,2022-12-27,2022-23,regular_season,False,1610612742,DAL,Dallas Mavericks,1610612752,NYK,New York Knicks,71,58,W,25,47,0.532,6,21,0.286,15,20,0.75,5,22,27,10,2,5,7,16,13,21,57,0.368,5,24,0.208,11,19,0.579,13,18,31,12,4,0,5,13,-13
0022200511,2022-12-27,2022-23,regular_season,False,1610612760,OKC,Oklahoma City Thunder,1610612759,SAS,San Antonio Spurs,60,54,W,23,43,0.535,4,10,0.4,10,13,0.769,7,13,20,9,6,6,5,11,6,20,44,0.455,5,11,0.455,9,10,0.9,8,12,20,9,2,2,9,11,-6
0022200510,2022-12-27,2022-23,regular_season,False,1610612763,MEM,Memphis Grizzlies,1610612756,PHX,Phoenix Suns,59,60,L,21,46,0.457,5,17,0.294,12,16,0.75,6,14,20,8,3,4,5,12,-1,21,47,0.447,7,12,0.583,11,14,0.786,12,18,30,13,4,4,12,11,1
0022200514,2022-12-27,2022-23,regular_season,False,1610612758,SAC,Sacramento Kings,1610612743,DEN,Denver Nuggets,50,66,L,17,38,0.447,5,16,0.312,11,12,0.917,5,8,13,6,3,2,8,9,-16,24,41,0.585,8,16,0.5,10,13,0.769,7,13,20,18,5,2,6,12,16
0022200508,2022-12-27,2022-23,regular_season,False,1610612754,IND,Indiana Pacers,1610612737,ATL,Atlanta Hawks,65,60,W,21,40,0.525,7,18,0.389,16,19,0.842,2,15,17,13,1,1,5,8,5,21,42,0.5,6,13,0.462,12,14,0.857,6,15,21,14,2,0,5,13,-5
0022200507,2022-12-27,2022-23,regular_season,False,1610612738,BOS,Boston Celtics,1610612745,HOU,Houston Rockets,70,53,W,25,46,0.543,12,27,0.444,8,11,0.727,4,19,23,21,3,4,4,5,17,20,48,0.417,8,25,0.32,5,6,0.833,7,16,23,14,3,2,6,8,-17
0022200506,2022-12-27,2022-23,regular_season,False,1610612764,WAS,Washington Wizards,1610612755,PHI,Philadelphia 76ers,49,55,L,15,42,0.357,6,23,0.261,13,16,0.812,7,10,17,9,4,4,6,11,-6,20,44,0.455,4,18,0.222,11,12,0.917,7,19,26,10,2,6,9,13,6
0022200505,2022-12-27,2022-23,regular_season,False,1610612753,ORL,Orlando Magic,1610612747,LAL,Los Angeles Lakers,55,64,L,21,37,0.568,6,14,0.429,7,10,0.7,2,13,15,15,4,4,7,6,-9,25,45,0.556,8,18,0.444,6,6,1.0,5,16,21,14,4,2,6,7,9
0022200509,2022-12-27,2022-23,regular_season,False,1610612761,TOR,Toronto Raptors,1610612746,LAC,LA Clippers,57,64,L,22,41,0.537,1,9,0.111,12,14,0.857,5,12,17,8,2,1,6,11,-7,23,45,0.511,6,15,0.4,12,15,0.8,8,13,21,14,5,0,4,9,7
0022200522,2022-12-28,2022-23,regular_season,False,1610612758,SAC,Sacramento Kings,1610612743,DEN,Denver Nuggets,65,51,W,25,38,0.658,7,12,0.583,8,12,0.667,3,13,16,17,7,2,7,7,14,19,38,0.5,5,14,0.357,8,9,0.889,2,11,13,14,3,3,9,10,-14
0022200520,2022-12-28,2022-23,regular_season,False,1610612740,NOP,New Orleans Pelicans,1610612750,MIN,Minnesota Timberwolves,70,63,W,22,41,0.537,6,13,0.462,20,30,0.667,6,16,22,10,2,3,6,14,7,20,38,0.526,5,13,0.385,18,23,0.783,0,14,14,11,2,4,5,18,-7
0022200519,2022-12-28,2022-23,regular_season,False,1610612741,CHI,Chicago Bulls,1610612749,MIL,Milwaukee Bucks,62,58,W,20,49,0.408,5,14,0.357,17,21,0.81,4,26,30,11,3,4,8,14,4,20,59,0.339,5,27,0.185,13,20,0.65,12,23,35,8,3,2,9,17,-4
0022200521,2022-12-28,2022-23,regular_season,False,1610612744,GSW,Golden State Warriors,1610612762,UTA,Utah Jazz,58,48,W,19,43,0.442,9,23,0.391,11,13,0.846,7,20,27,11,5,2,6,14,10,16,43,0.372,6,21,0.286,10,15,0.667,6,17,23,12,2,4,6,10,-10
0022200517,2022-12-28,2022-23,regular_season,False,1610612737,ATL,Atlanta Hawks,1610612751,BKN,Brooklyn Nets,44,52,L,16,47,0.34,2,11,0.182,10,17,0.588,8,19,27,7,2,4,3,6,-8,21,44,0.477,4,14,0.286,6,6,1.0,3,24,27,11,0,6,4,13,8
0022200516,2022-12-28,2022-23,regular_season,False,1610612764,WAS,Washington Wizards,1610612756,PHX,Phoenix Suns,63,47,W,21,36,0.583,4,11,0.364,17,19,0.895,4,18,22,12,5,4,9,10,16,17,42,0.405,7,17,0.412,6,10,0.6,7,9,16,10,6,3,7,10,-16
0022200515,2022-12-28,2022-23,regular_season,False,1610612765,DET,Detroit Pistons,1610612753,ORL,Orlando Magic,55,54,W,15,34,0.441,8,18,0.444,17,22,0.773,2,17,19,10,3,4,8,12,1,20,47,0.426,3,12,0.25,11,14,0.786,10,16,26,12,4,3,6,14,-1
0022200518,2022-12-28,2022-23,regular_season,False,1610612748,MIA,Miami Heat,1610612747,LAL,Los Angeles Lakers,51,46,W,20,41,0.488,7,19,0.368,4,6,0.667,3,13,16,12,8,3,4,8,5,18,38,0.474,6,17,0.353,4,8,0.5,4,19,23,11,1,1,14,6,-5
0022200523,2022-12-29,2022-23,regular_season,False,1610612766,CHA,Charlotte Hornets,1610612760,OKC,Oklahoma City Thunder,64,53,W,24,42,0.571,7,15,0.467,9,13,0.692,5,23,28,18,4,5,9,6,11,22,53,0.415,4,19,0.211,5,6,0.833,6,16,22,10,5,1,5,11,-11
0022200524,2022-12-29,2022-23,regular_season,False,1610612754,IND,Indiana Pacers,1610612739,CLE,Cleveland Cavaliers,71,58,W,24,40,0.6,10,16,0.625,13,13,1.0,2,13,15,15,2,4,3,11,13,22,46,0.478,5,15,0.333,9,15,0.6,10,10,20,13,2,2,4,11,-13
0022200525,2022-12-29,2022-23,regular_season,False,1610612738,BOS,Boston Celtics,1610612746,LAC,LA Clippers,56,61,L,20,42,0.476,6,19,0.316,10,14,0.714,5,17,22,9,3,2,10,9,-5,24,41,0.585,8,18,0.444,5,7,0.714,1,15,16,14,4,3,8,13,5
0022200526,2022-12-29,2022-23,regular_season,False,1610612761,TOR,Toronto Raptors,1610612763,MEM,Memphis Grizzlies,63,62,W,25,49,0.51,3,9,0.333,10,15,0.667,14,13,27,12,6,1,3,11,1,25,40,0.625,6,13,0.462,6,9,0.667,3,11,14,19,2,2,8,9,-1
0022200527,2022-12-29,2022-23,regular_season,False,1610612759,SAS,San Antonio Spurs,1610612752,NYK,New York Knicks,58,62,L,20,42,0.476,6,15,0.4,12,16,0.75,9,14,23,10,3,5,9,11,-4,22,48,0.458,10,21,0.476,8,13,0.615,10,12,22,10,5,2,9,11,4
0022200528,2022-12-29,2022-23,regular_season,False,1610612742,DAL,Dallas Mavericks,1610612745,HOU,Houston Rockets,64,63,W,25,49,0.51,11,25,0.44,3,5,0.6,2,16,18,16,2,3,2,14,1,20,43,0.465,8,19,0.421,15,20,0.75,7,21,28,8,1,0,5,10,-1
0022200534,2022-12-30,2022-23,regular_season,False,1610612740,NOP,New Orleans Pelicans,1610612755,PHI,Philadelphia 76ers,60,56,W,19,37,0.514,5,14,0.357,17,23,0.739,4,15,19,6,4,1,5,13,4,19,33,0.576,6,11,0.545,12,16,0.75,1,12,13,13,1,5,6,11,-4
0022200536,2022-12-30,2022-23,regular_season,False,1610612744,GSW,Golden State Warriors,1610612757,POR,Portland Trail Blazers,58,56,W,20,47,0.426,8,20,0.4,10,13,0.769,9,11,20,16,7,1,4,9,2,22,46,0.478,6,21,0.286,6,7,0.857,8,17,25,11,0,3,8,10,-2
0022200535,2022-12-30,2022-23,regular_season,False,1610612743,DEN,Denver Nuggets,1610612748,MIA,Miami Heat,64,62,W,21,38,0.553,9,13,0.692,13,16,0.812,4,14,18,17,5,0,11,13,2,20,38,0.526,6,15,0.4,16,17,0.941,2,14,16,9,6,2,11,15,-2
0022200533,2022-12-30,2022-23,regular_season,False,1610612749,MIL,Milwaukee Bucks,1610612750,MIN,Minnesota Timberwolves,73,53,W,25,41,0.61,11,17,0.647,12,15,0.8,6,23,29,15,4,5,11,10,20,19,47,0.404,3,15,0.2,12,14,0.857,3,9,12,8,8,2,4,13,-20
0022200537,2022-12-30,2022-23,regular_season,False,1610612758,SAC,Sacramento Kings,1610612762,UTA,Utah Jazz,66,68,L,25,42,0.595,6,14,0.429,10,13,0.769,3,13,16,16,1,2,7,12,-2,26,44,0.591,5,17,0.294,11,13,0.846,2,14,16,19,3,1,4,11,2
0022200531,2022-12-30,2022-23,regular_season,False,1610612761,TOR,Toronto Raptors,1610612756,PHX,Phoenix Suns,60,53,W,22,38,0.579,4,12,0.333,12,16,0.75,4,13,17,8,7,1,8,12,7,16,38,0.421,7,16,0.438,14,15,0.933,7,13,20,12,5,1,12,11,-7
0022200529,2022-12-30,2022-23,regular_season,False,1610612753,ORL,Orlando Magic,1610612764,WAS,Washington Wizards,53,63,L,21,47,0.447,2,16,0.125,9,12,0.75,5,10,15,13,3,2,6,5,-10,24,39,0.615,9,19,0.474,6,7,0.857,3,22,25,19,3,6,16,12,10
0022200532,2022-12-30,2022-23,regular_season,False,1610612741,CHI,Chicago Bulls,1610612765,DET,Detroit Pistons,72,60,W,29,46,0.63,6,13,0.462,8,8,1.0,6,13,19,11,5,3,9,13,12,19,43,0.442,7,20,0.35,15,20,0.75,6,10,16,13,4,0,7,7,-12
0022200530,2022-12-30,2022-23,regular_season,False,1610612737,ATL,Atlanta Hawks,1610612747,LAL,Los Angeles Lakers,54,68,L,21,46,0.457,5,18,0.278,7,9,0.778,5,11,16,10,2,3,6,10,-14,28,47,0.596,5,17,0.294,7,9,0.778,8,19,27,16,4,2,7,8,14
0022200545,2022-12-31,2022-23,regular_season,False,1610612760,OKC,Oklahoma City Thunder,1610612755,PHI,Philadelphia 76ers,53,46,W,19,48,0.396,8,20,0.4,7,10,0.7,10,23,33,11,4,3,9,9,7,19,50,0.38,5,19,0.263,3,5,0.6,7,17,24,11,3,7,6,11,-7
0022200546,2022-12-31,2022-23,regular_season,False,1610612762,UTA,Utah Jazz,1610612748,MIA,Miami Heat,60,57,W,16,43,0.372,8,21,0.381,20,25,0.8,11,19,30,8,3,1,9,11,3,19,42,0.452,6,18,0.333,13,15,0.867,2,15,17,11,7,1,6,17,-3
0022200543,2022-12-31,2022-23,regular_season,False,1610612763,MEM,Memphis Grizzlies,1610612740,NOP,New Orleans Pelicans,63,51,W,24,43,0.558,1,11,0.091,14,19,0.737,7,17,24,15,6,4,9,15,12,16,42,0.381,2,13,0.154,17,20,0.85,5,13,18,8,3,2,9,15,-12
0022200542,2022-12-31,2022-23,regular_season,False,1610612759,SAS,San Antonio Spurs,1610612742,DAL,Dallas Mavericks,61,58,W,20,42,0.476,2,7,0.286,19,23,0.826,10,17,27,10,1,0,8,12,3,23,39,0.59,5,14,0.357,7,12,0.583,1,9,10,10,3,1,3,17,-3
0022200544,2022-12-31,2022-23,regular_season,False,1610612750,MIN,Minnesota Timberwolves,1610612765,DET,Detroit Pistons,40,66,L,11,38,0.289,4,14,0.286,14,18,0.778,4,16,20,8,3,1,7,12,-26,24,47,0.511,6,15,0.4,12,17,0.706,9,23,32,12,3,3,4,14,26
0022200540,2022-12-31,2022-23,regular_season,False,1610612741,CHI,Chicago Bulls,1610612739,CLE,Cleveland Cavaliers,47,43,W,17,37,0.459,6,12,0.5,7,9,0.778,4,11,15,5,11,2,10,9,4,15,37,0.405,4,15,0.267,9,11,0.818,9,17,26,6,5,3,14,8,-4
0022200539,2022-12-31,2022-23,regular_season,False,1610612766,CHA,Charlotte Hornets,1610612751,BKN,Brooklyn Nets,57,62,L,21,49,0.429,9,23,0.391,6,7,0.857,9,13,22,15,3,2,5,8,-5,23,38,0.605,10,20,0.5,6,9,0.667,2,17,19,14,4,3,6,4,5
0022200538,2022-12-31,2022-23,regular_season,False,1610612754,IND,Indiana Pacers,1610612746,LAC,LA Clippers,69,75,L,22,42,0.524,6,17,0.353,19,22,0.864,2,13,15,13,5,3,7,12,-6,24,43,0.558,9,17,0.529,18,18,1.0,5,15,20,13,4,5,8,16,6
0022200541,2022-12-31,2022-23,regular_season,False,1610612745,HOU,Houston Rockets,1610612752,NYK,New York Knicks,39,55,L,12,37,0.324,5,22,0.227,10,15,0.667,9,17,26,10,3,3,13,11,-16,20,47,0.426,9,26,0.346,6,11,0.545,11,13,24,10,6,2,6,12,16
0022200547,2023-01-01,2022-23,regular_season,False,1610612763,MEM,Memphis Grizzlies,1610612758,SAC,Sacramento Kings,59,50,W,26,53,0.491,3,18,0.167,4,7,0.571,11,16,27,11,4,1,3,9,9,18,38,0.474,9,19,0.474,5,5,1.0,2,16,18,12,0,2,8,9,-9
0022200548,2023-01-01,2022-23,regular_season,False,1610612749,MIL,Milwaukee Bucks,1610612764,WAS,Washington Wizards,45,50,L,16,44,0.364,6,20,0.3,7,7,1.0,3,16,19,10,5,2,8,6,-5,23,47,0.489,1,11,0.091,3,5,0.6,7,22,29,13,5,3,10,5,5
0022200549,2023-01-01,2022-23,regular_season,False,1610612743,DEN,Denver Nuggets,1610612738,BOS,Boston Celtics,61,57,W,21,36,0.583,11,18,0.611,8,9,0.889,0,15,15,14,2,2,9,7,4,21,41,0.512,6,14,0.429,9,12,0.75,3,13,16,16,4,0,5,8,-4
0022200556,2023-01-02,2022-23,regular_season,False,1610612745,HOU,Houston Rockets,1610612742,DAL,Dallas Mavericks,51,67,L,18,41,0.439,4,15,0.267,11,14,0.786,4,15,19,12,2,1,4,16,-16,19,38,0.5,7,21,0.333,22,24,0.917,4,17,21,10,3,4,2,11,16
0022200559,2023-01-02,2022-23,regular_season,False,1610612757,POR,Portland Trail Blazers,1610612765,DET,Detroit Pistons,74,54,W,25,43,0.581,8,17,0.471,16,24,0.667,5,17,22,11,11,3,10,18,20,15,35,0.429,3,8,0.375,21,29,0.724,3,18,21,6,4,2,14,18,-20
0022200558,2023-01-02,2022-23,regular_season,False,1610612744,GSW,Golden State Warriors,1610612737,ATL,Atlanta Hawks,73,88,L,27,71,0.38,9,37,0.243,10,14,0.714,20,22,42,14,6,5,12,13,-15,33,62,0.532,9,19,0.474,13,13,1.0,5,22,27,20,7,6,7,9,15
0022200557,2023-01-02,2022-23,regular_season,False,1610612750,MIN,Minnesota Timberwolves,1610612743,DEN,Denver Nuggets,65,58,W,24,42,0.571,9,20,0.45,8,11,0.727,4,14,18,14,3,1,4,9,7,24,47,0.511,6,14,0.429,4,6,0.667,9,12,21,15,2,1,5,10,-7
0022200560,2023-01-02,2022-23,regular_season,False,1610612746,LAC,LA Clippers,1610612748,MIA,Miami Heat,51,43,W,14,31,0.452,6,17,0.353,17,18,0.944,0,19,19,9,4,0,7,12,8,14,41,0.341,3,14,0.214,12,15,0.8,6,18,24,7,3,1,6,13,-8
0022200555,2023-01-02,2022-23,regular_season,False,1610612751,BKN,Brooklyn Nets,1610612759,SAS,San Antonio Spurs,65,56,W,28,43,0.651,3,5,0.6,6,9,0.667,3,15,18,12,4,2,6,9,9,24,51,0.471,2,12,0.167,6,11,0.545,11,14,25,13,3,3,7,7,-9
0022200553,2023-01-02,2022-23,regular_season,False,1610612754,IND,Indiana Pacers,1610612761,TOR,Toronto Raptors,56,57,L,18,42,0.429,6,11,0.545,14,18,0.778,5,17,22,11,2,1,7,10,-1,22,49,0.449,4,21,0.19,9,11,0.818,7,14,21,12,3,9,5,16,1
0022200552,2023-01-02,2022-23,regular_season,False,1610612739,CLE,Cleveland Cavaliers,1610612741,CHI,Chicago Bulls,98,69,W,32,56,0.571,10,26,0.385,24,31,0.774,11,21,32,17,0,3,2,17,29,24,54,0.444,4,21,0.19,17,18,0.944,4,16,20,9,2,0,5,21,-29
0022200551,2023-01-02,2022-23,regular_season,False,1610612766,CHA,Charlotte Hornets,1610612747,LAL,Los Angeles Lakers,70,61,W,25,43,0.581,5,15,0.333,15,20,0.75,3,20,23,15,4,3,7,13,9,21,45,0.467,5,16,0.312,14,19,0.737,4,16,20,12,4,1,6,14,-9
0022200550,2023-01-02,2022-23,regular_season,False,1610612752,NYK,New York Knicks,1610612756,PHX,Phoenix Suns,48,52,L,17,34,0.5,5,16,0.312,9,14,0.643,0,17,17,13,1,1,3,9,-4,20,45,0.444,7,20,0.35,5,5,1.0,3,19,22,12,2,0,3,8,4
0022200554,2023-01-02,2022-23,regular_season,False,1610612755,PHI,Philadelphia 76ers,1610612740,NOP,New Orleans Pelicans,63,59,W,22,44,0.5,7,17,0.412,12,16,0.75,3,12,15,15,4,2,1,9,4,23,41,0.561,4,15,0.267,9,10,0.9,4,21,25,16,0,3,6,12,-4
0022200561,2023-01-03,2022-23,regular_season,False,1610612749,MIL,Milwaukee Bucks,1610612764,WAS,Washington Wizards,62,64,L,24,50,0.48,4,16,0.25,10,11,0.909,8,15,23,12,3,4,5,7,-2,24,51,0.471,4,15,0.267,12,13,0.923,8,17,25,14,4,1,4,9,2
0022200562,2023-01-03,2022-23,regular_season,False,1610612760,OKC,Oklahoma City Thunder,1610612738,BOS,Boston Celtics,76,63,W,29,47,0.617,13,20,0.65,5,10,0.5,3,18,21,15,7,2,10,10,13,22,47,0.468,8,23,0.348,11,13,0.846,7,13,20,19,4,4,8,7,-13
0022200563,2023-01-03,2022-23,regular_season,False,1610612762,UTA,Utah Jazz,1610612758,SAC,Sacramento Kings,64,57,W,20,44,0.455,7,23,0.304,17,18,0.944,6,13,19,9,8,0,6,12,7,23,40,0.575,2,13,0.154,9,10,0.9,3,16,19,10,3,3,11,17,-7
0022200575,2023-01-04,2022-23,regular_season,False,1610612758,SAC,Sacramento Kings,1610612737,ATL,Atlanta Hawks,59,59,L,19,39,0.487,6,13,0.462,15,17,0.882,3,14,17,14,3,1,4,9,0,22,41,0.537,6,16,0.375,9,10,0.9,4,17,21,11,4,2,8,15,0
0022200574,2023-01-04,2022-23,regular_season,False,1610612747,LAL,Los Angeles Lakers,1610612748,MIA,Miami Heat,60,61,L,21,41,0.512,3,12,0.25,15,19,0.789,5,13,18,9,5,3,5,13,-1,22,45,0.489,4,13,0.308,13,16,0.812,8,14,22,12,2,1,6,12,1
0022200573,2023-01-04,2022-23,regular_season,False,1610612744,GSW,Golden State Warriors,1610612765,DET,Detroit Pistons,63,62,W,24,44,0.545,6,19,0.316,9,10,0.9,6,16,22,13,1,3,5,11,1,24,50,0.48,8,21,0.381,6,9,0.667,6,13,19,13,3,1,4,7,-1
0022200572,2023-01-04,2022-23,regular_season,False,1610612740,NOP,New Orleans Pelicans,1610612745,HOU,Houston Rockets,44,56,L,15,43,0.349,3,16,0.188,11,11,1.0,8,20,28,8,2,2,10,9,-12,20,46,0.435,8,23,0.348,8,12,0.667,6,17,23,13,6,2,4,10,12
0022200571,2023-01-04,2022-23,regular_season,False,1610612750,MIN,Minnesota Timberwolves,1610612757,POR,Portland Trail Blazers,53,53,W,18,36,0.5,3,13,0.231,14,21,0.667,4,13,17,12,1,3,7,16,0,16,41,0.39,4,15,0.267,17,23,0.739,9,14,23,7,1,5,6,20,0
0022200570,2023-01-04,2022-23,regular_season,False,1610612741,CHI,Chicago Bulls,1610612751,BKN,Brooklyn Nets,52,53,L,17,36,0.472,3,6,0.5,15,15,1.0,4,20,24,7,4,3,13,10,-1,19,45,0.422,6,18,0.333,9,9,1.0,2,13,15,12,7,3,6,13,1
0022200566,2023-01-04,2022-23,regular_season,False,1610612753,ORL,Orlando Magic,1610612760,OKC,Oklahoma City Thunder,56,62,L,16,35,0.457,7,17,0.412,17,23,0.739,6,12,18,9,2,2,9,12,-6,19,40,0.475,7,16,0.438,17,19,0.895,5,12,17,11,5,1,4,14,6
0022200568,2023-01-04,2022-23,regular_season,False,1610612752,NYK,New York Knicks,1610612759,SAS,San Antonio Spurs,55,59,L,23,42,0.548,4,12,0.333,5,10,0.5,6,11,17,8,2,4,8,12,-4,21,35,0.6,5,10,0.5,12,15,0.8,3,10,13,12,4,1,8,10,4
0022200567,2023-01-04,2022-23,regular_season,False,1610612755,PHI,Philadelphia 76ers,1610612754,IND,Indiana Pacers,63,65,L,24,52,0.462,8,19,0.421,7,10,0.7,8,17,25,12,4,3,7,10,-2,24,52,0.462,6,18,0.333,11,13,0.846,9,20,29,13,5,5,8,10,2
0022200565,2023-01-04,2022-23,regular_season,False,1610612739,CLE,Cleveland Cavaliers,1610612756,PHX,Phoenix Suns,57,45,W,19,39,0.487,8,17,0.471,11,12,0.917,2,21,23,10,4,2,5,7,12,16,44,0.364,5,13,0.385,8,10,0.8,6,19,25,12,2,3,6,11,-12
0022200564,2023-01-04,2022-23,regular_season,False,1610612766,CHA,Charlotte Hornets,1610612763,MEM,Memphis Grizzlies,60,55,W,22,44,0.5,3,15,0.2,13,16,0.812,4,15,19,13,8,6,4,7,5,22,47,0.468,3,11,0.273,8,9,0.889,6,19,25,14,4,3,10,11,-5
0022200569,2023-01-04,2022-23,regular_season,False,1610612761,TOR,Toronto Raptors,1610612749,MIL,Milwaukee Bucks,63,65,L,25,66,0.379,7,29,0.241,6,8,0.75,9,18,27,16,4,0,7,18,-2,21,45,0.467,5,17,0.294,18,25,0.72,5,31,36,15,3,1,14,11,2
0022200579,2023-01-05,2022-23,regular_season,False,1610612743,DEN,Denver Nuggets,1610612746,LAC,LA Clippers,56,59,L,21,44,0.477,3,16,0.188,11,12,0.917,5,22,27,13,3,4,9,10,-3,23,50,0.46,3,16,0.188,10,17,0.588,6,17,23,16,6,1,3,9,3
0022200578,2023-01-05,2022-23,regular_season,False,1610612745,HOU,Houston Rockets,1610612762,UTA,Utah Jazz,58,67,L,19,46,0.413,10,23,0.435,10,11,0.909,5,17,22,12,2,2,6,11,-9,23,43,0.535,8,22,0.364,13,14,0.929,3,16,19,17,3,3,3,10,9
0022200576,2023-01-05,2022-23,regular_season,False,1610612753,ORL,Orlando Magic,1610612763,MEM,Memphis Grizzlies,72,58,W,24,41,0.585,8,16,0.5,16,19,0.842,4,14,18,17,4,2,4,12,14,22,41,0.537,4,15,0.267,10,14,0.714,3,16,19,7,1,0,9,14,-14
0022200577,2023-01-05,2022-23,regular_season,False,1610612742,DAL,Dallas Mavericks,1610612738,BOS,Boston Celtics,49,60,L,19,47,0.404,5,16,0.312,6,7,0.857,7,16,23,11,3,1,8,9,-11,19,36,0.528,6,20,0.3,16,19,0.842,1,21,22,12,5,5,6,7,11
0022200589,2023-01-06,2022-23,regular_season,False,1610612756,PHX,Phoenix Suns,1610612748,MIA,Miami Heat,50,53,L,17,39,0.436,3,10,0.3,13,16,0.812,4,16,20,13,1,1,8,13,-3,16,37,0.432,5,17,0.294,16,20,0.8,3,15,18,8,6,1,7,10,3
0022200580,2023-01-06,2022-23,regular_season,False,1610612754,IND,Indiana Pacers,1610612757,POR,Portland Trail Blazers,54,44,W,17,42,0.405,6,15,0.4,14,15,0.933,3,20,23,8,4,4,7,11,10,18,49,0.367,3,13,0.231,5,6,0.833,6,20,26,13,2,0,7,11,-10
0022200581,2023-01-06,2022-23,regular_season,False,1610612755,PHI,Philadelphia 76ers,1610612741,CHI,Chicago Bulls,57,67,L,19,43,0.442,9,19,0.474,10,12,0.833,5,12,17,14,1,1,2,7,-10,24,45,0.533,14,24,0.583,5,6,0.833,5,18,23,20,0,1,4,9,10
0022200582,2023-01-06,2022-23,regular_season,False,1610612761,TOR,Toronto Raptors,1610612752,NYK,New York Knicks,61,55,W,18,41,0.439,7,17,0.412,18,22,0.818,8,19,27,11,3,2,3,15,6,17,41,0.415,6,17,0.353,15,19,0.789,7,17,24,8,1,2,5,13,-6
0022200583,2023-01-06,2022-23,regular_season,False,1610612749,MIL,Milwaukee Bucks,1610612766,CHA,Charlotte Hornets,49,54,L,17,41,0.415,7,23,0.304,8,11,0.727,5,21,26,10,3,3,9,10,-5,20,46,0.435,6,18,0.333,8,13,0.615,5,17,22,11,6,1,3,8,5
0022200584,2023-01-06,2022-23,regular_season,False,1610612760,OKC,Oklahoma City Thunder,1610612764,WAS,Washington Wizards,59,68,L,23,48,0.479,7,17,0.412,6,8,0.75,8,11,19,12,3,3,8,15,-9,22,39,0.564,5,14,0.357,19,26,0.731,8,17,25,11,5,0,9,10,9
0022200585,2023-01-06,2022-23,regular_season,False,1610612759,SAS,San Antonio Spurs,1610612765,DET,Detroit Pistons,70,61,W,23,36,0.639,7,10,0.7,17,21,0.81,3,17,20,14,3,2,9,10,9,24,46,0.522,5,13,0.385,8,15,0.533,9,9,18,12,7,0,7,13,-9
0022200586,2023-01-06,2022-23,regular_season,False,1610612740,NOP,New Orleans Pelicans,1610612751,BKN,Brooklyn Nets,38,55,L,16,44,0.364,2,12,0.167,4,8,0.5,10,16,26,5,2,3,8,10,-17,20,45,0.444,9,18,0.5,6,6,1.0,7,16,23,16,4,6,6,11,17
0022200587,2023-01-06,2022-23,regular_season,False,1610612750,MIN,Minnesota Timberwolves,1610612746,LAC,LA Clippers,60,61,L,20,41,0.488,7,19,0.368,13,14,0.929,5,19,24,14,1,5,9,15,-1,21,47,0.447,6,13,0.462,13,19,0.684,8,14,22,13,5,1,5,10,1
0022200588,2023-01-06,2022-23,regular_season,False,1610612743,DEN,Denver Nuggets,1610612739,CLE,Cleveland Cavaliers,59,50,W,22,41,0.537,9,21,0.429,6,7,0.857,5,19,24,14,2,3,6,13,9,16,39,0.41,5,12,0.417,13,21,0.619,7,12,19,12,4,2,3,7,-9
0022200590,2023-01-06,2022-23,regular_season,False,1610612747,LAL,Los Angeles Lakers,1610612737,ATL,Atlanta Hawks,60,65,L,22,42,0.524,10,20,0.5,6,6,1.0,4,17,21,14,3,3,11,7,-5,28,47,0.596,7,16,0.438,2,5,0.4,4,14,18,16,5,2,6,7,5
0022200595,2023-01-07,2022-23,regular_season,False,1610612758,SAC,Sacramento Kings,1610612747,LAL,Los Angeles Lakers,61,63,L,22,39,0.564,4,10,0.4,13,17,0.765,4,12,16,10,1,3,6,14,-2,23,39,0.59,0,8,0.0,17,21,0.81,6,13,19,10,2,3,7,13,2
0022200593,2023-01-07,2022-23,regular_season,False,1610612742,DAL,Dallas Mavericks,1610612740,NOP,New Orleans Pelicans,64,71,L,22,39,0.564,5,13,0.385,15,17,0.882,3,12,15,12,3,4,9,11,-7,27,49,0.551,3,13,0.231,14,17,0.824,8,13,21,13,9,3,7,11,7
0022200594,2023-01-07,2022-23,regular_season,False,1610612744,GSW,Golden State Warriors,1610612753,ORL,Orlando Magic,42,53,L,12,39,0.308,6,25,0.24,12,14,0.857,5,18,23,7,3,1,9,10,-11,19,40,0.475,6,16,0.375,9,15,0.6,3,18,21,12,7,1,6,7,11
0022200591,2023-01-07,2022-23,regular_season,False,1610612759,SAS,San Antonio Spurs,1610612738,BOS,Boston Celtics,59,53,W,26,50,0.52,3,11,0.273,4,5,0.8,6,22,28,13,3,1,5,11,6,20,46,0.435,6,17,0.353,7,9,0.778,4,17,21,13,2,5,7,8,-6
0022200592,2023-01-07,2022-23,regular_season,False,1610612741,CHI,Chicago Bulls,1610612762,UTA,Utah Jazz,73,69,W,26,44,0.591,8,15,0.533,13,16,0.812,4,13,17,14,3,1,3,13,4,27,43,0.628,5,18,0.278,10,12,0.833,2,13,15,22,2,1,5,13,-4
0022200604,2023-01-08,2022-23,regular_season,False,1610612746,LAC,LA Clippers,1610612737,ATL,Atlanta Hawks,56,46,W,18,44,0.409,6,16,0.375,14,19,0.737,9,21,30,12,4,2,5,12,10,16,40,0.4,1,9,0.111,13,14,0.929,1,17,18,9,3,3,5,12,-10
0022200602,2023-01-08,2022-23,regular_season,False,1610612760,OKC,Oklahoma City Thunder,1610612742,DAL,Dallas Mavericks,51,54,L,21,49,0.429,3,13,0.231,6,7,0.857,6,16,22,9,3,4,6,14,-3,16,36,0.444,4,19,0.211,18,21,0.857,3,17,20,9,3,1,7,10,3
0022200603,2023-01-08,2022-23,regular_season,False,1610612756,PHX,Phoenix Suns,1610612739,CLE,Cleveland Cavaliers,44,55,L,18,43,0.419,6,14,0.429,2,2,1.0,4,14,18,11,4,1,10,8,-11,21,38,0.553,6,14,0.429,7,8,0.875,2,17,19,12,6,2,7,5,11
0022200601,2023-01-08,2022-23,regular_season,False,1610612745,HOU,Houston Rockets,1610612750,MIN,Minnesota Timberwolves,34,46,L,13,40,0.325,5,21,0.238,3,5,0.6,6,14,20,9,5,2,13,13,-12,16,36,0.444,4,11,0.364,10,13,0.769,5,18,23,11,4,3,11,9,12
0022200596,2023-01-08,2022-23,regular_season,False,1610612765,DET,Detroit Pistons,1610612755,PHI,Philadelphia 76ers,57,52,W,24,43,0.558,5,12,0.417,4,5,0.8,5,16,21,12,5,2,11,10,5,18,40,0.45,3,17,0.176,13,13,1.0,5,13,18,9,9,2,9,7,-5
0022200599,2023-01-08,2022-23,regular_season,False,1610612748,MIA,Miami Heat,1610612751,BKN,Brooklyn Nets,37,36,W,12,44,0.273,6,19,0.316,7,8,0.875,10,12,22,8,5,2,7,7,1,16,37,0.432,3,17,0.176,1,1,1.0,4,19,23,9,6,5,13,11,-1
0022200598,2023-01-08,2022-23,regular_season,False,1610612754,IND,Indiana Pacers,1610612766,CHA,Charlotte Hornets,69,66,W,21,43,0.488,9,21,0.429,18,21,0.857,6,16,22,16,5,4,9,11,3,21,45,0.467,9,22,0.409,15,16,0.938,5,12,17,14,4,2,7,15,-3
0022200597,2023-01-08,2022-23,regular_season,False,1610612761,TOR,Toronto Raptors,1610612757,POR,Portland Trail Blazers,59,52,W,16,41,0.39,7,14,0.5,20,23,0.87,5,14,19,14,8,4,6,16,7,16,37,0.432,4,14,0.286,16,22,0.727,5,18,23,6,1,4,15,16,-7
0022200600,2023-01-08,2022-23,regular_season,False,1610612763,MEM,Memphis Grizzlies,1610612762,UTA,Utah Jazz,57,66,L,19,44,0.432,7,21,0.333,12,18,0.667,3,14,17,11,7,3,7,13,-9,24,47,0.511,6,19,0.316,12,15,0.8,5,21,26,13,5,3,9,12,9
0022200609,2023-01-09,2022-23,regular_season,False,1610612743,DEN,Denver Nuggets,1610612747,LAL,Los Angeles Lakers,60,61,L,22,52,0.423,6,17,0.353,10,12,0.833,10,21,31,13,2,8,9,11,-1,23,50,0.46,3,13,0.231,12,15,0.8,6,17,23,9,6,2,5,8,1
0022200605,2023-01-09,2022-23,regular_season,False,1610612764,WAS,Washington Wizards,1610612740,NOP,New Orleans Pelicans,56,64,L,19,42,0.452,8,21,0.381,10,14,0.714,4,16,20,15,2,1,10,11,-8,24,45,0.533,5,13,0.385,11,14,0.786,4,19,23,10,5,4,6,14,8
0022200606,2023-01-09,2022-23,regular_season,False,1610612738,BOS,Boston Celtics,1610612741,CHI,Chicago Bulls,48,49,L,16,41,0.39,7,23,0.304,9,9,1.0,7,18,25,9,0,5,6,6,-1,19,42,0.452,7,20,0.35,4,8,0.5,5,14,19,8,3,1,2,9,1
0022200607,2023-01-09,2022-23,regular_season,False,1610612752,NYK,New York Knicks,1610612749,MIL,Milwaukee Bucks,56,65,L,20,47,0.426,7,15,0.467,9,10,0.9,9,14,23,12,1,1,5,9,-9,22,48,0.458,12,27,0.444,9,10,0.9,6,14,20,14,2,2,4,9,9
0022200608,2023-01-09,2022-23,regular_season,False,1610612763,MEM,Memphis Grizzlies,1610612759,SAS,San Antonio Spurs,49,52,L,16,43,0.372,4,13,0.308,13,22,0.591,9,19,28,8,4,2,9,10,-3,19,46,0.413,6,20,0.3,8,9,0.889,7,16,23,9,6,1,7,14,3
0022200610,2023-01-09,2022-23,regular_season,False,1610612758,SAC,Sacramento Kings,1610612753,ORL,Orlando Magic,64,59,W,23,45,0.511,11,20,0.55,7,10,0.7,3,19,22,19,3,1,5,7,5,21,46,0.457,10,24,0.417,7,9,0.778,4,19,23,15,2,5,7,9,-5
0022200617,2023-01-10,2022-23,regular_season,False,1610612746,LAC,LA Clippers,1610612742,DAL,Dallas Mavericks,44,54,L,13,37,0.351,6,18,0.333,12,14,0.857,3,17,20,8,4,2,8,10,-10,16,34,0.471,7,20,0.35,15,16,0.938,0,18,18,9,3,0,5,8,10
0022200616,2023-01-10,2022-23,regular_season,False,1610612757,POR,Portland Trail Blazers,1610612753,ORL,Orlando Magic,56,59,L,24,44,0.545,3,17,0.176,5,5,1.0,6,14,20,14,4,4,6,13,-3,20,37,0.541,5,11,0.455,14,18,0.778,4,13,17,8,3,0,4,7,3
0022200615,2023-01-10,2022-23,regular_season,False,1610612744,GSW,Golden State Warriors,1610612756,PHX,Phoenix Suns,68,66,W,20,47,0.426,10,26,0.385,18,23,0.783,5,10,15,15,10,1,6,15,2,21,39,0.538,6,13,0.462,18,19,0.947,8,18,26,14,0,3,16,17,-2
0022200614,2023-01-10,2022-23,regular_season,False,1610612762,UTA,Utah Jazz,1610612739,CLE,Cleveland Cavaliers,61,59,W,18,45,0.4,5,19,0.263,20,24,0.833,12,18,30,7,1,2,9,7,2,23,44,0.523,5,17,0.294,8,11,0.727,2,12,14,9,4,5,2,15,-2
0022200613,2023-01-10,2022-23,regular_season,False,1610612761,TOR,Toronto Raptors,1610612766,CHA,Charlotte Hornets,60,54,W,18,42,0.429,10,24,0.417,14,19,0.737,11,14,25,12,2,1,4,10,6,20,39,0.513,5,14,0.357,9,11,0.818,3,14,17,11,2,3,4,11,-6
0022200612,2023-01-10,2022-23,regular_season,False,1610612755,PHI,Philadelphia 76ers,1610612765,DET,Detroit Pistons,82,73,W,28,45,0.622,4,13,0.308,22,23,0.957,7,16,23,16,4,3,7,17,9,21,42,0.5,8,19,0.421,23,27,0.852,3,9,12,11,4,2,5,14,-9
0022200611,2023-01-10,2022-23,regular_season,False,1610612748,MIA,Miami Heat,1610612760,OKC,Oklahoma City Thunder,49,55,L,13,39,0.333,5,17,0.294,18,18,1.0,6,13,19,9,6,1,10,10,-6,23,48,0.479,6,20,0.3,3,6,0.5,10,17,27,12,3,2,11,12,6
0022200624,2023-01-11,2022-23,regular_season,False,1610612743,DEN,Denver Nuggets,1610612756,PHX,Phoenix Suns,56,43,W,21,38,0.553,4,13,0.308,10,13,0.769,2,18,20,15,6,4,9,9,13,17,47,0.362,2,16,0.125,7,9,0.778,11,16,27,10,4,2,11,9,-13
0022200623,2023-01-11,2022-23,regular_season,False,1610612763,MEM,Memphis Grizzlies,1610612759,SAS,San Antonio Spurs,59,67,L,22,48,0.458,7,11,0.636,8,12,0.667,10,19,29,5,1,3,5,6,-8,28,57,0.491,7,20,0.35,4,8,0.5,12,17,29,16,4,2,4,8,8
0022200622,2023-01-11,2022-23,regular_season,False,1610612752,NYK,New York Knicks,1610612754,IND,Indiana Pacers,57,72,L,17,39,0.436,6,19,0.316,17,20,0.85,7,14,21,11,3,3,9,11,-15,26,47,0.553,8,20,0.4,12,15,0.8,6,15,21,17,5,3,4,14,15
0022200625,2023-01-11,2022-23,regular_season,False,1610612758,SAC,Sacramento Kings,1610612745,HOU,Houston Rockets,68,53,W,22,43,0.512,9,23,0.391,15,16,0.938,4,16,20,15,2,3,5,7,15,20,45,0.444,9,18,0.5,4,6,0.667,3,17,20,14,4,1,8,11,-15
0022200620,2023-01-11,2022-23,regular_season,False,1610612737,ATL,Atlanta Hawks,1610612749,MIL,Milwaukee Bucks,59,47,W,20,42,0.476,6,17,0.353,13,14,0.929,4,17,21,11,4,2,6,6,12,18,45,0.4,6,24,0.25,5,6,0.833,7,18,25,12,2,1,9,11,-12
0022200619,2023-01-11,2022-23,regular_season,False,1610612764,WAS,Washington Wizards,1610612741,CHI,Chicago Bulls,54,38,W,22,42,0.524,6,14,0.429,4,5,0.8,5,24,29,13,3,3,9,8,16,16,43,0.372,3,14,0.214,3,5,0.6,4,13,17,7,4,3,7,7,-16
0022200618,2023-01-11,2022-23,regular_season,False,1610612765,DET,Detroit Pistons,1610612750,MIN,Minnesota Timberwolves,70,54,W,26,39,0.667,7,14,0.5,11,14,0.786,2,18,20,17,7,5,10,12,16,18,41,0.439,8,18,0.444,10,11,0.909,5,8,13,10,4,2,11,10,-16
0022200621,2023-01-11,2022-23,regular_season,False,1610612738,BOS,Boston Celtics,1610612740,NOP,New Orleans Pelicans,61,56,W,21,45,0.467,7,19,0.368,12,14,0.857,5,18,23,12,4,2,4,8,5,23,44,0.523,2,15,0.133,8,8,1.0,2,16,18,11,3,3,4,7,-5
0022200626,2023-01-12,2022-23,regular_season,False,1610612755,PHI,Philadelphia 76ers,1610612760,OKC,Oklahoma City Thunder,57,66,L,19,42,0.452,6,19,0.316,13,14,0.929,3,11,14,14,2,2,6,16,-9,21,42,0.5,6,16,0.375,18,19,0.947,4,18,22,13,1,3,6,10,9
0022200627,2023-01-12,2022-23,regular_season,False,1610612751,BKN,Brooklyn Nets,1610612738,BOS,Boston Celtics,41,49,L,16,41,0.39,6,18,0.333,3,4,0.75,2,14,16,11,6,4,8,12,-8,17,38,0.447,5,17,0.294,10,10,1.0,3,18,21,8,3,3,10,8,8
0022200628,2023-01-12,2022-23,regular_season,False,1610612748,MIA,Miami Heat,1610612749,MIL,Milwaukee Bucks,63,57,W,25,47,0.532,5,17,0.294,8,9,0.889,8,21,29,16,3,0,5,5,6,19,45,0.422,12,30,0.4,7,10,0.7,5,13,18,12,4,1,4,8,-6
0022200629,2023-01-12,2022-23,regular_season,False,1610612761,TOR,Toronto Raptors,1610612766,CHA,Charlotte Hornets,55,59,L,18,41,0.439,2,11,0.182,17,21,0.81,6,7,13,11,8,1,4,13,-4,20,36,0.556,6,16,0.375,13,17,0.765,7,17,24,14,4,3,12,20,4
0022200630,2023-01-12,2022-23,regular_season,False,1610612747,LAL,Los Angeles Lakers,1610612742,DAL,Dallas Mavericks,67,60,W,25,66,0.379,6,26,0.231,11,18,0.611,9,25,34,17,4,3,2,10,7,25,54,0.463,6,21,0.286,4,10,0.4,2,29,31,13,0,5,10,17,-7
0022200631,2023-01-12,2022-23,regular_season,False,1610612757,POR,Portland Trail Blazers,1610612739,CLE,Cleveland Cavaliers,55,68,L,17,36,0.472,6,19,0.316,15,17,0.882,2,10,12,6,2,0,8,16,-13,22,37,0.595,6,13,0.462,18,22,0.818,4,16,20,13,4,1,5,12,13
0022200638,2023-01-13,2022-23,regular_season,False,1610612762,UTA,Utah Jazz,1610612753,ORL,Orlando Magic,51,52,L,14,34,0.412,4,14,0.286,19,26,0.731,8,20,28,3,5,5,15,9,-1,21,48,0.438,4,14,0.286,6,8,0.75,4,12,16,8,8,1,9,14,1
0022200640,2023-01-13,2022-23,regular_season,False,1610612758,SAC,Sacramento Kings,1610612745,HOU,Houston Rockets,70,48,W,24,42,0.571,13,23,0.565,9,11,0.818,3,17,20,20,7,6,4,10,22,19,45,0.422,4,17,0.235,6,11,0.545,5,15,20,10,4,1,10,10,-22
0022200639,2023-01-13,2022-23,regular_season,False,1610612746,LAC,LA Clippers,1610612743,DEN,Denver Nuggets,45,58,L,18,38,0.474,5,13,0.385,4,6,0.667,5,18,23,9,3,2,11,12,-13,18,41,0.439,7,16,0.438,15,20,0.75,7,15,22,8,7,2,5,5,13
0022200637,2023-01-13,2022-23,regular_season,False,1610612750,MIN,Minnesota Timberwolves,1610612756,PHX,Phoenix Suns,57,67,L,20,43,0.465,4,13,0.308,13,14,0.929,1,15,16,10,8,1,10,15,-10,21,40,0.525,6,10,0.6,19,23,0.826,3,19,22,13,6,2,9,10,10
0022200632,2023-01-13,2022-23,regular_season,False,1610612765,DET,Detroit Pistons,1610612740,NOP,New Orleans Pelicans,60,57,W,24,45,0.533,5,17,0.294,7,9,0.778,2,16,18,12,4,2,6,13,3,20,41,0.488,5,14,0.357,12,17,0.706,3,20,23,14,3,2,9,10,-3
0022200635,2023-01-13,2022-23,regular_season,False,1610612759,SAS,San Antonio Spurs,1610612744,GSW,Golden State Warriors,53,70,L,18,44,0.409,6,15,0.4,11,14,0.786,4,15,19,10,4,2,10,8,-17,26,51,0.51,9,25,0.36,9,11,0.818,7,24,31,14,7,2,8,12,17
0022200634,2023-01-13,2022-23,regular_season,False,1610612764,WAS,Washington Wizards,1610612752,NYK,New York Knicks,55,62,L,18,45,0.4,7,20,0.35,12,15,0.8,5,16,21,11,1,3,3,16,-7,21,41,0.512,3,12,0.25,17,22,0.773,5,21,26,8,0,1,3,14,7
0022200633,2023-01-13,2022-23,regular_season,False,1610612754,IND,Indiana Pacers,1610612737,ATL,Atlanta Hawks,53,58,L,17,49,0.347,4,17,0.235,15,19,0.789,13,15,28,8,4,4,6,13,-5,19,43,0.442,10,18,0.556,10,11,0.909,5,17,22,11,3,3,7,12,5
0022200636,2023-01-13,2022-23,regular_season,False,1610612741,CHI,Chicago Bulls,1610612760,OKC,Oklahoma City Thunder,52,52,L,19,42,0.452,5,15,0.333,9,10,0.9,6,16,22,14,4,1,8,6,0,22,45,0.489,3,16,0.188,5,5,1.0,6,16,22,10,6,3,7,9,0
0022200641,2023-01-14,2022-23,regular_season,False,1610612748,MIA,Miami Heat,1610612749,MIL,Milwaukee Bucks,58,50,W,24,45,0.533,4,7,0.571,6,6,1.0,6,16,22,8,5,2,2,10,8,17,41,0.415,11,24,0.458,5,6,0.833,3,12,15,12,0,0,6,6,-8
0022200642,2023-01-14,2022-23,regular_season,False,1610612766,CHA,Charlotte Hornets,1610612738,BOS,Boston Celtics,40,60,L,15,44,0.341,2,12,0.167,8,10,0.8,8,17,25,7,1,1,7,4,-20,25,48,0.521,7,22,0.318,3,3,1.0,6,17,23,17,5,3,3,8,20
0022200643,2023-01-14,2022-23,regular_season,False,1610612754,IND,Indiana Pacers,1610612763,MEM,Memphis Grizzlies,60,62,L,22,54,0.407,6,26,0.231,10,10,1.0,9,15,24,14,1,5,9,11,-2,22,38,0.579,8,18,0.444,10,14,0.714,2,19,21,17,4,4,9,9,2
0022200644,2023-01-14,2022-23,regular_season,False,1610612761,TOR,Toronto Raptors,1610612737,ATL,Atlanta Hawks,46,45,W,16,42,0.381,4,16,0.25,10,13,0.769,5,21,26,9,3,2,7,11,1,17,40,0.425,6,16,0.375,5,5,1.0,1,18,19,6,3,3,5,10,-1
0022200645,2023-01-14,2022-23,regular_season,False,1610612750,MIN,Minnesota Timberwolves,1610612739,CLE,Cleveland Cavaliers,61,48,W,26,42,0.619,5,18,0.278,4,6,0.667,2,13,15,14,5,2,3,10,13,17,37,0.459,3,15,0.2,11,12,0.917,6,14,20,10,0,0,9,9,-13
0022200646,2023-01-14,2022-23,regular_season,False,1610612762,UTA,Utah Jazz,1610612755,PHI,Philadelphia 76ers,61,52,W,22,43,0.512,7,18,0.389,10,13,0.769,6,21,27,11,2,3,6,12,9,16,43,0.372,8,20,0.4,12,15,0.8,5,14,19,6,2,3,4,11,-9
0022200647,2023-01-14,2022-23,regular_season,False,1610612757,POR,Portland Trail Blazers,1610612742,DAL,Dallas Mavericks,65,63,W,24,43,0.558,11,22,0.5,6,6,1.0,6,17,23,18,2,1,6,8,2,23,41,0.561,12,24,0.5,5,8,0.625,2,8,10,15,3,3,3,7,-2
0022200653,2023-01-15,2022-23,regular_season,False,1610612743,DEN,Denver Nuggets,1610612753,ORL,Orlando Magic,50,62,L,20,44,0.455,5,19,0.263,5,10,0.5,8,14,22,11,4,2,8,11,-12,25,44,0.568,2,13,0.154,10,15,0.667,5,16,21,15,3,2,4,7,12
0022200654,2023-01-15,2022-23,regular_season,False,1610612757,POR,Portland Trail Blazers,1610612742,DAL,Dallas Mavericks,79,69,W,23,39,0.59,9,20,0.45,24,27,0.889,2,16,18,16,2,1,4,15,10,23,43,0.535,7,21,0.333,16,21,0.762,4,12,16,17,1,2,4,16,-10
0022200652,2023-01-15,2022-23,regular_season,False,1610612759,SAS,San Antonio Spurs,1610612758,SAC,Sacramento Kings,55,69,L,20,49,0.408,8,18,0.444,7,11,0.636,8,12,20,10,1,0,5,10,-14,26,42,0.619,8,15,0.533,9,12,0.75,4,16,20,13,3,2,5,11,14
0022200655,2023-01-15,2022-23,regular_season,False,1610612747,LAL,Los Angeles Lakers,1610612755,PHI,Philadelphia 76ers,54,56,L,22,42,0.524,5,12,0.417,5,7,0.714,3,14,17,10,1,4,6,10,-2,23,40,0.575,5,13,0.385,5,9,0.556,3,16,19,16,1,3,5,11,2
0022200650,2023-01-15,2022-23,regular_season,False,1610612741,CHI,Chicago Bulls,1610612744,GSW,Golden State Warriors,73,56,W,25,44,0.568,8,20,0.4,15,18,0.833,3,13,16,14,5,0,3,7,17,20,40,0.5,9,23,0.391,7,9,0.778,3,13,16,15,1,1,12,14,-17
0022200649,2023-01-15,2022-23,regular_season,False,1610612746,LAC,LA Clippers,1610612745,HOU,Houston Rockets,59,37,W,20,38,0.526,5,12,0.417,14,17,0.824,5,18,23,8,9,4,9,8,22,13,39,0.333,4,19,0.211,7,9,0.778,7,13,20,9,6,3,13,13,-22
0022200648,2023-01-15,2022-23,regular_season,False,1610612765,DET,Detroit Pistons,1610612752,NYK,New York Knicks,49,55,L,18,40,0.45,8,21,0.381,5,5,1.0,5,13,18,9,1,2,5,12,-6,17,37,0.459,5,12,0.417,16,20,0.8,7,16,23,8,1,2,5,5,6
0022200651,2023-01-15,2022-23,regular_season,False,1610612751,BKN,Brooklyn Nets,1610612760,OKC,Oklahoma City Thunder,52,64,L,20,46,0.435,6,24,0.25,6,9,0.667,8,14,22,11,1,2,7,14,-12,20,41,0.488,6,15,0.4,18,24,0.75,6,20,26,11,1,2,4,8,12
0022200663,2023-01-16,2022-23,regular_season,False,1610612763,MEM,Memphis Grizzlies,1610612756,PHX,Phoenix Suns,68,41,W,27,50,0.54,7,17,0.412,7,11,0.636,6,22,28,16,5,5,4,8,27,15,46,0.326,3,15,0.2,8,9,0.889,8,14,22,13,2,4,8,12,-27
0022200662,2023-01-16,2022-23,regular_season,False,1610612750,MIN,Minnesota Timberwolves,1610612762,UTA,Utah Jazz,67,74,L,25,52,0.481,8,20,0.4,9,10,0.9,10,10,20,13,3,3,4,12,-7,26,40,0.65,7,11,0.636,15,20,0.75,6,15,21,15,0,2,8,7,7
0022200664,2023-01-16,2022-23,regular_season,False,1610612747,LAL,Los Angeles Lakers,1610612745,HOU,Houston Rockets,67,71,L,23,43,0.535,4,15,0.267,17,19,0.895,3,11,14,12,2,2,0,10,-4,27,50,0.54,8,18,0.444,9,14,0.643,8,16,24,18,0,3,5,13,4
0022200661,2023-01-16,2022-23,regular_season,False,1610612737,ATL,Atlanta Hawks,1610612748,MIA,Miami Heat,51,63,L,19,37,0.514,5,15,0.333,8,10,0.8,2,11,13,10,2,2,8,11,-12,23,41,0.561,4,15,0.267,13,14,0.929,5,15,20,14,5,2,7,12,12
0022200660,2023-01-16,2022-23,regular_season,False,1610612764,WAS,Washington Wizards,1610612744,GSW,Golden State Warriors,54,58,L,20,41,0.488,7,19,0.368,7,8,0.875,2,16,18,16,4,2,8,13,-4,21,44,0.477,8,19,0.421,8,9,0.889,4,17,21,17,4,1,7,10,4
0022200659,2023-01-16,2022-23,regular_season,False,1610612752,NYK,New York Knicks,1610612761,TOR,Toronto Raptors,62,67,L,19,50,0.38,5,15,0.333,19,24,0.792,11,18,29,7,2,3,8,16,-5,22,54,0.407,7,25,0.28,16,19,0.842,10,12,22,16,5,7,4,18,5
0022200658,2023-01-16,2022-23,regular_season,False,1610612739,CLE,Cleveland Cavaliers,1610612740,NOP,New Orleans Pelicans,66,53,W,21,41,0.512,5,14,0.357,19,21,0.905,9,14,23,11,3,1,5,10,13,18,34,0.529,6,15,0.4,11,15,0.733,1,10,11,12,2,0,10,14,-13
0022200657,2023-01-16,2022-23,regular_season,False,1610612749,MIL,Milwaukee Bucks,1610612754,IND,Indiana Pacers,67,43,W,25,41,0.61,10,17,0.588,7,8,0.875,3,18,21,17,5,1,5,5,24,15,38,0.395,7,18,0.389,6,6,1.0,1,12,13,11,2,2,6,8,-24
0022200656,2023-01-16,2022-23,regular_season,False,1610612766,CHA,Charlotte Hornets,1610612738,BOS,Boston Celtics,63,64,L,23,43,0.535,5,13,0.385,12,14,0.857,6,11,17,14,4,2,4,11,-1,20,42,0.476,10,20,0.5,14,15,0.933,9,12,21,13,0,0,6,9,1
0022200665,2023-01-17,2022-23,regular_season,False,1610612749,MIL,Milwaukee Bucks,1610612761,TOR,Toronto Raptors,63,48,W,21,41,0.512,9,22,0.409,12,12,1.0,2,20,22,11,2,3,4,11,15,17,49,0.347,5,16,0.312,9,17,0.529,12,16,28,8,3,3,4,9,-15
0022200666,2023-01-17,2022-23,regular_season,False,1610612759,SAS,San Antonio Spurs,1610612751,BKN,Brooklyn Nets,55,47,W,19,47,0.404,3,18,0.167,14,14,1.0,7,19,26,10,6,3,8,8,8,18,44,0.409,2,14,0.143,9,10,0.9,7,15,22,14,6,6,10,14,-8
0022200667,2023-01-17,2022-23,regular_season,False,1610612743,DEN,Denver Nuggets,1610612757,POR,Portland Trail Blazers,49,46,W,17,41,0.415,5,14,0.357,10,13,0.769,6,15,21,12,5,2,7,8,3,16,37,0.432,2,15,0.133,12,12,1.0,2,19,21,6,1,1,9,12,-3
0022200668,2023-01-17,2022-23,regular_season,False,1610612746,LAC,LA Clippers,1610612755,PHI,Philadelphia 76ers,58,57,W,21,40,0.525,7,17,0.412,9,11,0.818,5,11,16,10,0,0,9,14,1,16,34,0.471,8,18,0.444,17,19,0.895,5,10,15,12,3,2,8,9,-1
0022200677,2023-01-18,2022-23,regular_season,False,1610612747,LAL,Los Angeles Lakers,1610612758,SAC,Sacramento Kings,51,55,L,19,45,0.422,7,21,0.333,6,9,0.667,4,16,20,13,3,0,4,12,-4,19,38,0.5,4,12,0.333,13,17,0.765,4,18,22,11,2,3,4,6,4
0022200676,2023-01-18,2022-23,regular_season,False,1610612743,DEN,Denver Nuggets,1610612750,MIN,Minnesota Timberwolves,67,58,W,23,36,0.639,6,10,0.6,15,20,0.75,3,14,17,13,2,1,5,9,9,21,42,0.5,9,19,0.474,7,11,0.636,6,11,17,15,2,2,8,15,-9
0022200675,2023-01-18,2022-23,regular_season,False,1610612762,UTA,Utah Jazz,1610612746,LAC,LA Clippers,58,47,W,19,39,0.487,8,15,0.533,12,16,0.75,2,20,22,13,3,3,5,9,11,16,43,0.372,6,18,0.333,9,15,0.6,6,19,25,10,1,3,5,10,-11
0022200674,2023-01-18,2022-23,regular_season,False,1610612760,OKC,Oklahoma City Thunder,1610612754,IND,Indiana Pacers,68,62,W,27,47,0.574,7,16,0.438,7,9,0.778,8,13,21,22,6,6,11,17,6,23,53,0.434,7,16,0.438,9,14,0.643,14,11,25,15,6,4,9,6,-6
0022200670,2023-01-18,2022-23,regular_season,False,1610612742,DAL,Dallas Mavericks,1610612737,ATL,Atlanta Hawks,60,65,L,21,43,0.488,9,25,0.36,9,11,0.818,7,9,16,13,2,1,6,8,-5,23,40,0.575,9,15,0.6,10,10,1.0,5,14,19,12,4,1,6,12,5
0022200672,2023-01-18,2022-23,regular_season,False,1610612763,MEM,Memphis Grizzlies,1610612739,CLE,Cleveland Cavaliers,47,53,L,18,47,0.383,5,16,0.312,6,10,0.6,9,11,20,8,5,4,4,8,-6,21,37,0.568,6,12,0.5,5,9,0.556,4,21,25,15,2,5,10,9,6
0022200671,2023-01-18,2022-23,regular_season,False,1610612745,HOU,Houston Rockets,1610612766,CHA,Charlotte Hornets,57,69,L,20,45,0.444,7,22,0.318,10,12,0.833,5,20,25,10,2,1,11,17,-12,26,45,0.578,4,14,0.286,13,21,0.619,3,15,18,16,8,4,4,12,12
0022200669,2023-01-18,2022-23,regular_season,False,1610612752,NYK,New York Knicks,1610612764,WAS,Washington Wizards,57,60,L,21,47,0.447,4,10,0.4,11,15,0.733,8,14,22,7,4,1,4,12,-3,21,51,0.412,6,18,0.333,12,15,0.8,16,18,34,13,1,4,7,15,3
0022200673,2023-01-18,2022-23,regular_season,False,1610612740,NOP,New Orleans Pelicans,1610612748,MIA,Miami Heat,47,54,L,19,41,0.463,4,15,0.267,5,9,0.556,7,13,20,11,4,2,11,8,-7,21,45,0.467,6,18,0.333,6,7,0.857,6,13,19,16,5,2,8,8,7
0022200682,2023-01-19,2022-23,regular_season,False,1610612757,POR,Portland Trail Blazers,1610612755,PHI,Philadelphia 76ers,61,48,W,19,43,0.442,8,23,0.348,15,19,0.789,8,14,22,10,3,1,4,8,13,18,33,0.545,4,11,0.364,8,11,0.727,1,18,19,12,3,3,10,14,-13
0022200680,2023-01-19,2022-23,regular_season,False,1610612750,MIN,Minnesota Timberwolves,1610612761,TOR,Toronto Raptors,62,50,W,18,34,0.529,12,22,0.545,14,14,1.0,1,19,20,16,5,4,9,8,12,19,44,0.432,5,14,0.357,7,10,0.7,4,12,16,9,4,0,6,10,-12
0022200681,2023-01-19,2022-23,regular_season,False,1610612756,PHX,Phoenix Suns,1610612751,BKN,Brooklyn Nets,52,61,L,15,44,0.341,3,10,0.3,19,28,0.679,7,17,24,11,4,2,6,11,-9,24,43,0.558,5,13,0.385,8,12,0.667,0,23,23,13,3,6,7,18,9
0022200678,2023-01-19,2022-23,regular_season,False,1610612765,DET,Detroit Pistons,1610612741,CHI,Chicago Bulls,52,61,L,17,45,0.378,5,17,0.294,13,15,0.867,10,17,27,9,4,2,11,8,-9,23,42,0.548,4,9,0.444,11,13,0.846,4,18,22,9,6,3,8,9,9
0022200679,2023-01-19,2022-23,regular_season,False,1610612738,BOS,Boston Celtics,1610612744,GSW,Golden State Warriors,67,63,W,23,60,0.383,9,24,0.375,12,17,0.706,9,25,34,11,3,4,8,13,4,20,48,0.417,8,25,0.32,15,18,0.833,1,21,22,14,4,5,7,16,-4
0022200691,2023-01-20,2022-23,regular_season,False,1610612758,SAC,Sacramento Kings,1610612760,OKC,Oklahoma City Thunder,59,47,W,18,41,0.439,8,19,0.421,15,19,0.789,8,21,29,13,0,2,8,11,12,20,46,0.435,4,19,0.211,3,6,0.5,6,14,20,8,2,1,4,12,-12
0022200690,2023-01-20,2022-23,regular_season,False,1610612747,LAL,Los Angeles Lakers,1610612763,MEM,Memphis Grizzlies,73,68,W,21,48,0.438,7,20,0.35,24,29,0.828,10,17,27,15,4,1,6,17,5,22,51,0.431,5,15,0.333,19,30,0.633,15,16,31,9,5,3,8,21,-5
0022200688,2023-01-20,2022-23,regular_season,False,1610612743,DEN,Denver Nuggets,1610612754,IND,Indiana Pacers,73,58,W,27,41,0.659,8,14,0.571,11,17,0.647,6,10,16,18,7,2,7,17,15,18,40,0.45,6,19,0.316,16,23,0.696,10,11,21,11,2,0,11,11,-15
0022200687,2023-01-20,2022-23,regular_season,False,1610612759,SAS,San Antonio Spurs,1610612746,LAC,LA Clippers,54,66,L,20,42,0.476,9,16,0.562,5,6,0.833,6,10,16,14,1,0,4,10,-12,24,36,0.667,8,14,0.571,10,14,0.714,4,11,15,17,2,2,3,7,12
0022200689,2023-01-20,2022-23,regular_season,False,1610612762,UTA,Utah Jazz,1610612751,BKN,Brooklyn Nets,51,66,L,18,46,0.391,10,20,0.5,5,6,0.833,5,16,21,12,2,1,5,10,-15,22,36,0.611,11,20,0.55,11,16,0.688,3,21,24,13,4,5,5,7,15
0022200685,2023-01-20,2022-23,regular_season,False,1610612739,CLE,Cleveland Cavaliers,1610612744,GSW,Golden State Warriors,55,56,L,20,43,0.465,8,20,0.4,7,9,0.778,7,13,20,11,4,4,10,8,-1,20,39,0.513,9,20,0.45,7,9,0.778,4,16,20,12,6,4,13,9,1
0022200684,2023-01-20,2022-23,regular_season,False,1610612737,ATL,Atlanta Hawks,1610612752,NYK,New York Knicks,71,53,W,28,48,0.583,8,19,0.421,7,8,0.875,6,17,23,11,4,4,4,12,18,19,41,0.463,7,20,0.35,8,12,0.667,6,12,18,12,3,1,5,7,-18
0022200683,2023-01-20,2022-23,regular_season,False,1610612753,ORL,Orlando Magic,1610612740,NOP,New Orleans Pelicans,67,50,W,20,35,0.571,8,14,0.571,19,22,0.864,3,18,21,12,1,3,7,9,17,19,44,0.432,4,19,0.211,8,11,0.727,5,13,18,12,5,1,6,13,-17
0022200686,2023-01-20,2022-23,regular_season,False,1610612742,DAL,Dallas Mavericks,1610612748,MIA,Miami Heat,55,39,W,18,38,0.474,7,17,0.412,12,14,0.857,5,17,22,11,4,1,7,12,16,15,33,0.455,2,12,0.167,7,13,0.538,1,16,17,8,1,1,9,13,-16
0022200697,2023-01-21,2022-23,regular_season,False,1610612756,PHX,Phoenix Suns,1610612754,IND,Indiana Pacers,53,50,W,14,47,0.298,6,20,0.3,19,26,0.731,9,23,32,10,5,4,7,9,3,16,47,0.34,5,20,0.25,13,14,0.929,4,21,25,10,5,2,10,18,-3
0022200692,2023-01-21,2022-23,regular_season,False,1610612761,TOR,Toronto Raptors,1610612738,BOS,Boston Celtics,47,56,L,21,41,0.512,3,8,0.375,2,3,0.667,3,15,18,11,4,5,9,6,-9,19,43,0.442,10,17,0.588,8,8,1.0,8,17,25,12,6,4,9,10,9
0022200693,2023-01-21,2022-23,regular_season,False,1610612764,WAS,Washington Wizards,1610612753,ORL,Orlando Magic,68,61,W,27,48,0.562,8,14,0.571,6,12,0.5,4,19,23,18,1,2,4,13,7,20,42,0.476,5,15,0.333,16,19,0.842,4,16,20,11,1,5,3,10,-7
0022200694,2023-01-21,2022-23,regular_season,False,1610612737,ATL,Atlanta Hawks,1610612766,CHA,Charlotte Hornets,53,73,L,20,42,0.476,6,13,0.462,7,7,1.0,2,16,18,11,2,1,9,11,-20,24,46,0.522,10,23,0.435,15,17,0.882,4,19,23,15,5,2,4,8,20
0022200695,2023-01-21,2022-23,regular_season,False,1610612739,CLE,Cleveland Cavaliers,1610612749,MIL,Milwaukee Bucks,64,55,W,26,39,0.667,4,9,0.444,8,13,0.615,3,12,15,19,5,2,5,10,9,20,42,0.476,6,17,0.353,9,10,0.9,4,13,17,9,2,3,10,13,-9
0022200696,2023-01-21,2022-23,regular_season,False,1610612750,MIN,Minnesota Timberwolves,1610612745,HOU,Houston Rockets,63,52,W,22,38,0.579,12,19,0.632,7,8,0.875,1,13,14,13,7,5,8,16,11,15,34,0.441,5,12,0.417,17,25,0.68,7,14,21,12,2,3,11,8,-11
0022200698,2023-01-21,2022-23,regular_season,False,1610612758,SAC,Sacramento Kings,1610612755,PHI,Philadelphia 76ers,53,65,L,20,41,0.488,4,14,0.286,9,15,0.6,2,14,16,11,1,4,4,11,-12,23,48,0.479,8,15,0.533,11,13,0.846,9,18,27,12,3,1,4,12,12
0022200704,2023-01-22,2022-23,regular_season,False,1610612744,GSW,Golden State Warriors,1610612751,BKN,Brooklyn Nets,44,60,L,15,46,0.326,4,15,0.267,10,12,0.833,7,18,25,10,4,0,8,15,-16,20,37,0.541,7,12,0.583,13,18,0.722,3,17,20,14,3,7,7,10,16
0022200705,2023-01-22,2022-23,regular_season,False,1610612757,POR,Portland Trail Blazers,1610612747,LAL,Los Angeles Lakers,41,75,L,12,39,0.308,5,22,0.227,12,15,0.8,7,10,17,5,0,4,8,17,-34,26,46,0.565,6,15,0.4,17,21,0.81,5,23,28,14,4,2,0,10,34
0022200702,2023-01-22,2022-23,regular_season,False,1610612743,DEN,Denver Nuggets,1610612760,OKC,Oklahoma City Thunder,52,49,W,19,43,0.442,7,15,0.467,7,19,0.368,7,16,23,13,4,3,2,10,3,16,40,0.4,5,14,0.357,12,13,0.923,7,17,24,10,1,3,4,15,-3
0022200703,2023-01-22,2022-23,regular_season,False,1610612756,PHX,Phoenix Suns,1610612763,MEM,Memphis Grizzlies,50,73,L,15,37,0.405,6,18,0.333,14,15,0.933,3,10,13,11,4,1,9,16,-23,25,42,0.595,9,18,0.5,14,17,0.824,5,16,21,17,5,0,8,11,23
0022200701,2023-01-22,2022-23,regular_season,False,1610612742,DAL,Dallas Mavericks,1610612746,LAC,LA Clippers,44,63,L,16,37,0.432,4,15,0.267,8,16,0.5,4,10,14,5,1,1,5,13,-19,19,34,0.559,3,8,0.375,22,22,1.0,2,20,22,10,3,1,5,13,19
0022200700,2023-01-22,2022-23,regular_season,False,1610612761,TOR,Toronto Raptors,1610612752,NYK,New York Knicks,63,63,W,19,47,0.404,7,18,0.389,18,23,0.783,12,16,28,10,4,3,2,10,0,22,42,0.524,10,20,0.5,9,12,0.75,4,18,22,14,1,1,4,14,0
0022200699,2023-01-22,2022-23,regular_season,False,1610612748,MIA,Miami Heat,1610612740,NOP,New Orleans Pelicans,59,49,W,20,41,0.488,6,20,0.3,13,18,0.722,7,13,20,10,7,0,8,8,10,18,38,0.474,4,12,0.333,9,11,0.818,7,16,23,13,8,0,13,15,-10
0022200706,2023-01-23,2022-23,regular_season,False,1610612765,DET,Detroit Pistons,1610612749,MIL,Milwaukee Bucks,75,67,W,24,44,0.545,8,18,0.444,19,24,0.792,8,18,26,12,5,2,10,14,8,23,49,0.469,10,28,0.357,11,16,0.688,8,15,23,14,3,2,10,16,-8
0022200707,2023-01-23,2022-23,regular_season,False,1610612753,ORL,Orlando Magic,1610612738,BOS,Boston Celtics,58,44,W,20,36,0.556,7,17,0.412,11,16,0.688,1,13,14,11,7,1,4,5,14,16,39,0.41,10,25,0.4,2,2,1.0,4,13,17,12,2,1,12,15,-14
0022200708,2023-01-23,2022-23,regular_season,False,1610612741,CHI,Chicago Bulls,1610612737,ATL,Atlanta Hawks,54,52,W,21,45,0.467,6,18,0.333,6,9,0.667,9,16,25,14,3,0,7,14,2,18,38,0.474,6,17,0.353,10,15,0.667,3,13,16,10,3,2,6,8,-2
0022200709,2023-01-23,2022-23,regular_season,False,1610612745,HOU,Houston Rockets,1610612750,MIN,Minnesota Timberwolves,63,58,W,22,43,0.512,5,14,0.357,14,20,0.7,6,17,23,12,10,2,14,10,5,19,44,0.432,8,21,0.381,12,15,0.8,7,14,21,8,5,3,15,15,-5
0022200710,2023-01-23,2022-23,regular_season,False,1610612762,UTA,Utah Jazz,1610612766,CHA,Charlotte Hornets,62,57,W,24,44,0.545,5,11,0.455,9,12,0.75,4,18,22,13,1,2,8,17,5,18,43,0.419,2,9,0.222,19,24,0.792,6,14,20,12,4,6,7,13,-5
0022200711,2023-01-23,2022-23,regular_season,False,1610612757,POR,Portland Trail Blazers,1610612759,SAS,San Antonio Spurs,73,53,W,28,43,0.651,11,15,0.733,6,8,0.75,4,14,18,16,7,1,7,10,20,18,41,0.439,5,14,0.357,12,16,0.75,8,11,19,10,4,1,9,7,-20
0022200712,2023-01-23,2022-23,regular_season,False,1610612758,SAC,Sacramento Kings,1610612763,MEM,Memphis Grizzlies,67,39,W,25,46,0.543,9,18,0.5,8,9,0.889,6,21,27,19,10,4,12,6,28,15,44,0.341,3,15,0.2,6,6,1.0,5,9,14,9,8,1,12,10,-28
0022200719,2023-01-24,2022-23,regular_season,False,1610612747,LAL,Los Angeles Lakers,1610612746,LAC,LA Clippers,61,56,W,23,45,0.511,9,19,0.474,6,8,0.75,3,10,13,13,4,2,4,6,5,24,42,0.571,4,16,0.25,4,5,0.8,5,16,21,12,2,5,9,9,-5
0022200718,2023-01-24,2022-23,regular_season,False,1610612756,PHX,Phoenix Suns,1610612766,CHA,Charlotte Hornets,70,50,W,24,45,0.533,11,20,0.55,11,12,0.917,7,20,27,17,2,1,9,11,20,20,50,0.4,2,14,0.143,8,10,0.8,7,14,21,7,4,3,8,14,-20
0022200717,2023-01-24,2022-23,regular_season,False,1610612742,DAL,Dallas Mavericks,1610612764,WAS,Washington Wizards,66,62,W,23,44,0.523,5,15,0.333,15,16,0.938,4,18,22,13,1,2,4,13,4,19,43,0.442,7,17,0.412,17,22,0.773,3,16,19,13,4,3,4,15,-4
0022200713,2023-01-24,2022-23,regular_season,False,1610612754,IND,Indiana Pacers,1610612741,CHI,Chicago Bulls,70,48,W,25,47,0.532,5,17,0.294,15,19,0.789,8,16,24,14,6,7,4,11,22,21,48,0.438,0,10,0.0,6,10,0.6,8,10,18,9,2,2,9,14,-22
0022200715,2023-01-24,2022-23,regular_season,False,1610612752,NYK,New York Knicks,1610612739,CLE,Cleveland Cavaliers,52,52,W,19,39,0.487,8,18,0.444,6,8,0.75,6,17,23,14,2,3,10,11,0,20,46,0.435,6,16,0.375,6,9,0.667,8,14,22,14,4,2,6,7,0
0022200714,2023-01-24,2022-23,regular_season,False,1610612748,MIA,Miami Heat,1610612738,BOS,Boston Celtics,48,37,W,18,45,0.4,6,15,0.4,6,8,0.75,8,18,26,13,4,0,5,8,11,12,35,0.343,3,14,0.214,10,12,0.833,3,18,21,9,3,0,11,9,-11
0022200716,2023-01-24,2022-23,regular_season,False,1610612740,NOP,New Orleans Pelicans,1610612743,DEN,Denver Nuggets,51,36,W,21,41,0.512,1,9,0.111,8,9,0.889,4,20,24,11,2,3,8,7,15,15,39,0.385,3,17,0.176,3,5,0.6,3,13,16,9,3,3,7,10,-15
0022200726,2023-01-25,2022-23,regular_season,False,1610612744,GSW,Golden State Warriors,1610612763,MEM,Memphis Grizzlies,69,66,W,23,46,0.5,8,18,0.444,15,19,0.789,10,11,21,18,4,3,8,16,3,22,40,0.55,6,15,0.4,16,22,0.727,5,13,18,13,3,1,9,16,-3
0022200729,2023-01-25,2022-23,regular_season,False,1610612747,LAL,Los Angeles Lakers,1610612759,SAS,San Antonio Spurs,60,50,W,21,46,0.457,6,19,0.316,12,16,0.75,9,22,31,11,6,4,11,8,10,18,52,0.346,4,17,0.235,10,10,1.0,10,15,25,9,4,0,6,10,-10
0022200728,2023-01-25,2022-23,regular_season,False,1610612758,SAC,Sacramento Kings,1610612761,TOR,Toronto Raptors,45,55,L,18,37,0.486,4,12,0.333,5,6,0.833,3,14,17,14,3,1,11,5,-10,24,47,0.511,4,16,0.25,3,3,1.0,6,13,19,12,8,4,6,8,10
0022200727,2023-01-25,2022-23,regular_season,False,1610612757,POR,Portland Trail Blazers,1610612762,UTA,Utah Jazz,68,60,W,26,41,0.634,5,13,0.385,11,14,0.786,3,19,22,10,2,2,6,11,8,24,50,0.48,7,20,0.35,5,10,0.5,7,11,18,16,2,4,4,12,-8
0022200724,2023-01-25,2022-23,regular_season,False,1610612740,NOP,New Orleans Pelicans,1610612750,MIN,Minnesota Timberwolves,50,65,L,16,37,0.432,6,19,0.316,12,14,0.857,4,15,19,11,2,3,8,14,-15,22,43,0.512,7,17,0.412,14,19,0.737,4,15,19,13,5,1,2,11,15
0022200722,2023-01-25,2022-23,regular_season,False,1610612745,HOU,Houston Rockets,1610612764,WAS,Washington Wizards,45,65,L,20,53,0.377,1,17,0.059,4,7,0.571,12,16,28,13,2,3,9,10,-20,22,48,0.458,8,18,0.444,13,16,0.812,7,19,26,14,8,4,3,7,20
0022200723,2023-01-25,2022-23,regular_season,False,1610612749,MIL,Milwaukee Bucks,1610612743,DEN,Denver Nuggets,49,46,W,14,31,0.452,6,14,0.429,15,23,0.652,2,22,24,8,6,5,11,6,3,19,52,0.365,7,20,0.35,1,3,0.333,8,20,28,12,4,1,10,14,-3
0022200721,2023-01-25,2022-23,regular_season,False,1610612755,PHI,Philadelphia 76ers,1610612751,BKN,Brooklyn Nets,62,68,L,18,39,0.462,7,19,0.368,19,19,1.0,4,13,17,10,6,2,6,12,-6,27,39,0.692,5,10,0.5,9,12,0.75,1,16,17,16,2,2,7,15,6
0022200720,2023-01-25,2022-23,regular_season,False,1610612753,ORL,Orlando Magic,1610612754,IND,Indiana Pacers,53,52,W,18,36,0.5,7,15,0.467,10,15,0.667,5,11,16,14,4,4,9,12,1,17,43,0.395,7,20,0.35,11,13,0.846,8,13,21,8,9,0,9,12,-1
0022200725,2023-01-25,2022-23,regular_season,False,1610612760,OKC,Oklahoma City Thunder,1610612737,ATL,Atlanta Hawks,55,60,L,24,51,0.471,4,14,0.286,3,7,0.429,5,14,19,14,7,0,4,10,-5,22,36,0.611,6,12,0.5,10,13,0.769,2,22,24,13,1,3,11,6,5
0022200730,2023-01-26,2022-23,regular_season,False,1610612738,BOS,Boston Celtics,1610612752,NYK,New York Knicks,57,62,L,19,51,0.373,6,23,0.261,13,16,0.812,7,21,28,12,3,2,7,15,-5,20,48,0.417,6,20,0.3,16,19,0.842,7,23,30,8,2,4,7,14,5
0022200731,2023-01-26,2022-23,regular_season,False,1610612751,BKN,Brooklyn Nets,1610612765,DET,Detroit Pistons,63,72,L,23,49,0.469,6,19,0.316,11,14,0.786,8,12,20,14,1,4,7,16,-9,27,52,0.519,5,11,0.455,13,15,0.867,9,16,25,15,4,3,3,11,9
0022200732,2023-01-26,2022-23,regular_season,False,1610612766,CHA,Charlotte Hornets,1610612741,CHI,Chicago Bulls,64,41,W,22,41,0.537,2,9,0.222,18,20,0.9,3,24,27,11,5,3,5,12,23,14,43,0.326,0,10,0.0,13,15,0.867,3,16,19,5,2,0,7,11,-23
0022200733,2023-01-26,2022-23,regular_season,False,1610612745,HOU,Houston Rockets,1610612739,CLE,Cleveland Cavaliers,47,39,W,20,36,0.556,3,10,0.3,4,7,0.571,3,23,26,11,2,1,11,6,8,14,42,0.333,8,24,0.333,3,4,0.75,4,12,16,12,6,1,7,7,-8
0022200734,2023-01-26,2022-23,regular_season,False,1610612756,PHX,Phoenix Suns,1610612742,DAL,Dallas Mavericks,47,45,W,17,39,0.436,7,13,0.538,6,8,0.75,6,15,21,12,2,3,3,9,2,14,33,0.424,8,16,0.5,9,13,0.692,4,14,18,10,1,2,6,4,-2
0022200735,2023-01-26,2022-23,regular_season,False,1610612746,LAC,LA Clippers,1610612759,SAS,San Antonio Spurs,60,43,W,23,45,0.511,9,19,0.474,5,5,1.0,3,16,19,14,4,6,2,11,17,16,41,0.39,4,14,0.286,7,12,0.583,5,18,23,11,1,0,7,5,-17
0022200740,2023-01-27,2022-23,regular_season,False,1610612744,GSW,Golden State Warriors,1610612761,TOR,Toronto Raptors,66,55,W,24,41,0.585,12,21,0.571,6,8,0.75,3,15,18,19,1,1,10,8,11,22,46,0.478,4,15,0.267,7,9,0.778,7,12,19,13,3,3,6,8,-11
0022200736,2023-01-27,2022-23,regular_season,False,1610612754,IND,Indiana Pacers,1610612749,MIL,Milwaukee Bucks,75,56,W,30,45,0.667,6,16,0.375,9,13,0.692,3,22,25,12,6,2,7,16,19,19,46,0.413,5,19,0.263,13,23,0.565,8,14,22,13,7,3,9,12,-19
0022200737,2023-01-27,2022-23,regular_season,False,1610612750,MIN,Minnesota Timberwolves,1610612763,MEM,Memphis Grizzlies,49,47,W,19,40,0.475,6,15,0.4,5,8,0.625,4,21,25,12,6,4,13,11,2,17,48,0.354,2,14,0.143,11,12,0.917,9,16,25,9,10,2,10,6,-2
0022200738,2023-01-27,2022-23,regular_season,False,1610612748,MIA,Miami Heat,1610612753,ORL,Orlando Magic,60,46,W,20,36,0.556,7,15,0.467,13,15,0.867,1,16,17,12,5,2,6,10,14,14,32,0.438,5,18,0.278,13,15,0.867,1,14,15,10,1,0,12,16,-14
0022200739,2023-01-27,2022-23,regular_season,False,1610612760,OKC,Oklahoma City Thunder,1610612739,CLE,Cleveland Cavaliers,65,46,W,23,39,0.59,7,11,0.636,12,13,0.923,3,19,22,11,3,2,5,10,19,16,41,0.39,5,13,0.385,9,12,0.75,5,12,17,7,1,1,7,12,-19
0022200749,2023-01-28,2022-23,regular_season,False,1610612738,BOS,Boston Celtics,1610612747,LAL,Los Angeles Lakers,77,67,W,24,47,0.511,9,21,0.429,20,22,0.909,4,21,25,11,6,5,6,13,10,26,56,0.464,8,21,0.381,7,10,0.7,6,18,24,15,2,0,7,14,-10
0022200748,2023-01-28,2022-23,regular_season,False,1610612759,SAS,San Antonio Spurs,1610612756,PHX,Phoenix Suns,70,73,L,29,59,0.492,7,17,0.412,5,9,0.556,7,18,25,19,2,2,4,12,-3,28,55,0.509,4,14,0.286,13,16,0.812,8,20,28,14,2,4,4,11,3
0022200751,2023-01-28,2022-23,regular_season,False,1610612757,POR,Portland Trail Blazers,1610612761,TOR,Toronto Raptors,61,60,W,22,36,0.611,4,13,0.308,13,16,0.812,1,14,15,8,2,2,6,10,1,21,43,0.488,5,16,0.312,13,13,1.0,6,12,18,10,3,1,6,9,-1
0022200750,2023-01-28,2022-23,regular_season,False,1610612762,UTA,Utah Jazz,1610612742,DAL,Dallas Mavericks,42,52,L,14,39,0.359,6,19,0.316,8,10,0.8,7,16,23,8,2,1,9,13,-10,16,37,0.432,11,28,0.393,9,10,0.9,4,13,17,11,3,3,5,10,10
0022200747,2023-01-28,2022-23,regular_season,False,1610612740,NOP,New Orleans Pelicans,1610612764,WAS,Washington Wizards,53,54,L,19,50,0.38,3,17,0.176,12,12,1.0,7,16,23,11,6,2,2,13,-1,17,36,0.472,5,17,0.294,15,17,0.882,4,20,24,5,2,5,10,10,1
0022200742,2023-01-28,2022-23,regular_season,False,1610612751,BKN,Brooklyn Nets,1610612752,NYK,New York Knicks,60,66,L,23,43,0.535,11,19,0.579,3,6,0.5,4,11,15,16,2,0,4,11,-6,27,46,0.587,3,14,0.214,9,11,0.818,7,17,24,9,1,1,4,4,6
0022200745,2023-01-28,2022-23,regular_season,False,1610612737,ATL,Atlanta Hawks,1610612746,LAC,LA Clippers,60,62,L,22,48,0.458,3,15,0.2,13,16,0.812,8,13,21,11,7,0,1,10,-2,20,36,0.556,9,19,0.474,13,14,0.929,4,16,20,11,1,2,8,10,2
0022200744,2023-01-28,2022-23,regular_season,False,1610612753,ORL,Orlando Magic,1610612741,CHI,Chicago Bulls,62,68,L,22,37,0.595,8,16,0.5,10,15,0.667,2,14,16,16,2,0,5,10,-6,24,39,0.615,11,19,0.579,9,11,0.818,1,13,14,18,2,2,4,13,6
0022200743,2023-01-28,2022-23,regular_season,False,1610612765,DET,Detroit Pistons,1610612745,HOU,Houston Rockets,57,58,L,19,41,0.463,6,19,0.316,13,19,0.684,2,13,15,12,6,2,6,14,-1,20,41,0.488,5,11,0.455,13,17,0.765,5,17,22,12,4,4,10,11,1
0022200746,2023-01-28,2022-23,regular_season,False,1610612750,MIN,Minnesota Timberwolves,1610612758,SAC,Sacramento Kings,60,51,W,21,40,0.525,7,18,0.389,11,14,0.786,5,19,24,10,2,1,9,14,9,18,41,0.439,4,18,0.222,11,17,0.647,4,12,16,9,1,0,4,12,-9
0022200741,2023-01-28,2022-23,regular_season,False,1610612755,PHI,Philadelphia 76ers,1610612743,DEN,Denver Nuggets,68,46,W,24,39,0.615,8,15,0.533,12,14,0.857,3,17,20,16,6,2,5,9,22,15,37,0.405,4,17,0.235,12,14,0.857,3,11,14,10,2,2,8,8,-22
0022200752,2023-01-29,2022-23,regular_season,False,1610612766,CHA,Charlotte Hornets,1610612748,MIA,Miami Heat,64,55,W,24,42,0.571,9,18,0.5,7,10,0.7,4,21,25,14,3,2,8,4,9,21,50,0.42,6,21,0.286,7,8,0.875,6,15,21,14,4,0,5,8,-9
0022200753,2023-01-29,2022-23,regular_season,False,1610612763,MEM,Memphis Grizzlies,1610612754,IND,Indiana Pacers,62,38,W,24,43,0.558,5,16,0.312,9,14,0.643,8,13,21,18,6,5,5,11,24,14,36,0.389,3,15,0.2,7,9,0.778,5,8,13,9,1,5,13,12,-24
0022200754,2023-01-29,2022-23,regular_season,False,1610612739,CLE,Cleveland Cavaliers,1610612746,LAC,LA Clippers,58,65,L,21,38,0.553,12,18,0.667,4,6,0.667,2,12,14,18,3,4,9,14,-7,24,49,0.49,1,6,0.167,16,17,0.941,10,14,24,11,4,0,4,8,7
0022200755,2023-01-29,2022-23,regular_season,False,1610612749,MIL,Milwaukee Bucks,1610612740,NOP,New Orleans Pelicans,73,66,W,26,45,0.578,12,20,0.6,9,14,0.643,5,18,23,14,6,2,7,10,7,23,46,0.5,9,17,0.529,11,14,0.786,5,14,19,13,3,1,7,11,-7
0022200763,2023-01-30,2022-23,regular_season,False,1610612757,POR,Portland Trail Blazers,1610612737,ATL,Atlanta Hawks,65,65,W,19,36,0.528,10,19,0.526,17,20,0.85,2,15,17,12,1,3,7,13,0,22,46,0.478,5,14,0.357,16,19,0.842,7,12,19,12,5,0,2,12,0
0022200762,2023-01-30,2022-23,regular_season,False,1610612756,PHX,Phoenix Suns,1610612761,TOR,Toronto Raptors,52,53,L,20,42,0.476,3,12,0.25,9,11,0.818,6,17,23,12,2,1,6,5,-1,23,52,0.442,5,20,0.25,2,3,0.667,8,15,23,11,4,2,3,11,1
0022200761,2023-01-30,2022-23,regular_season,False,1610612742,DAL,Dallas Mavericks,1610612765,DET,Detroit Pistons,58,48,W,20,39,0.513,4,14,0.286,14,18,0.778,7,13,20,10,3,1,5,9,10,16,35,0.457,6,18,0.333,10,13,0.769,5,11,16,7,4,3,9,18,-10
0022200760,2023-01-30,2022-23,regular_season,False,1610612759,SAS,San Antonio Spurs,1610612764,WAS,Washington Wizards,51,64,L,20,53,0.377,3,14,0.214,8,13,0.615,11,9,20,11,3,2,4,9,-13,24,36,0.667,8,14,0.571,8,9,0.889,1,21,22,16,3,7,9,12,13
0022200756,2023-01-30,2022-23,regular_season,False,1610612755,PHI,Philadelphia 76ers,1610612753,ORL,Orlando Magic,47,67,L,18,43,0.419,6,17,0.353,5,7,0.714,5,15,20,12,3,2,9,16,-20,22,46,0.478,7,15,0.467,16,19,0.842,7,18,25,10,5,4,3,6,20
0022200758,2023-01-30,2022-23,regular_season,False,1610612750,MIN,Minnesota Timberwolves,1610612758,SAC,Sacramento Kings,58,67,L,21,45,0.467,7,24,0.292,9,15,0.6,4,18,22,12,4,1,10,10,-9,25,51,0.49,8,16,0.5,9,13,0.692,8,19,27,11,9,2,7,13,9
0022200757,2023-01-30,2022-23,regular_season,False,1610612751,BKN,Brooklyn Nets,1610612747,LAL,Los Angeles Lakers,63,58,W,25,46,0.543,8,20,0.4,5,7,0.714,5,14,19,10,6,3,5,14,5,19,44,0.432,7,16,0.438,13,23,0.565,12,16,28,14,1,0,7,6,-5
0022200759,2023-01-30,2022-23,regular_season,False,1610612760,OKC,Oklahoma City Thunder,1610612744,GSW,Golden State Warriors,72,65,W,27,47,0.574,7,12,0.583,11,12,0.917,6,17,23,13,6,4,10,10,7,23,44,0.523,8,22,0.364,11,14,0.786,4,12,16,16,7,3,7,12,-7
0022200768,2023-01-31,2022-23,regular_season,False,1610612743,DEN,Denver Nuggets,1610612740,NOP,New Orleans Pelicans,65,53,W,23,44,0.523,8,17,0.471,11,14,0.786,3,16,19,19,5,1,6,13,12,18,42,0.429,1,12,0.083,16,20,0.8,8,14,22,10,5,2,8,14,-12
0022200766,2023-01-31,2022-23,regular_season,False,1610612741,CHI,Chicago Bulls,1610612746,LAC,LA Clippers,45,54,L,17,36,0.472,4,9,0.444,7,13,0.538,4,27,31,11,2,2,13,12,-9,18,48,0.375,6,22,0.273,12,15,0.8,6,16,22,12,10,3,2,10,9
0022200767,2023-01-31,2022-23,regular_season,False,1610612749,MIL,Milwaukee Bucks,1610612766,CHA,Charlotte Hornets,60,51,W,16,46,0.348,8,21,0.381,20,24,0.833,6,28,34,4,6,3,6,12,9,18,52,0.346,4,21,0.19,11,16,0.688,7,25,32,10,3,2,7,17,-9
0022200764,2023-01-31,2022-23,regular_season,False,1610612739,CLE,Cleveland Cavaliers,1610612748,MIA,Miami Heat,45,45,L,18,36,0.5,6,18,0.333,3,7,0.429,2,19,21,16,5,4,11,12,0,16,40,0.4,7,15,0.467,6,10,0.6,7,15,22,9,6,1,8,10,0
0022200765,2023-01-31,2022-23,regular_season,False,1610612752,NYK,New York Knicks,1610612747,LAL,Los Angeles Lakers,70,77,L,24,46,0.522,2,18,0.111,20,22,0.909,6,14,20,17,1,2,5,17,-7,27,52,0.519,8,16,0.5,15,20,0.75,10,13,23,19,3,1,7,16,7
0022200776,2023-02-01,2022-23,regular_season,False,1610612762,UTA,Utah Jazz,1610612761,TOR,Toronto Raptors,66,68,L,20,40,0.5,8,24,0.333,18,22,0.818,10,12,22,13,2,1,5,6,-2,25,47,0.532,8,11,0.727,10,12,0.833,10,12,22,13,1,2,6,15,2
0022200770,2023-02-01,2022-23,regular_season,False,1610612755,PHI,Philadelphia 76ers,1610612753,ORL,Orlando Magic,49,41,W,17,36,0.472,8,16,0.5,7,10,0.7,2,21,23,13,4,3,11,10,8,15,44,0.341,2,18,0.111,9,9,1.0,7,17,24,5,5,2,7,9,-8
0022200771,2023-02-01,2022-23,regular_season,False,1610612763,MEM,Memphis Grizzlies,1610612757,POR,Portland Trail Blazers,55,70,L,20,42,0.476,5,18,0.278,10,12,0.833,3,12,15,14,4,6,5,9,-15,25,42,0.595,8,14,0.571,12,13,0.923,3,15,18,13,1,3,6,9,15
0022200772,2023-02-01,2022-23,regular_season,False,1610612738,BOS,Boston Celtics,1610612751,BKN,Brooklyn Nets,60,51,W,21,42,0.5,13,32,0.406,5,6,0.833,5,21,26,14,3,1,9,9,9,18,43,0.419,3,17,0.176,12,13,0.923,3,15,18,9,6,0,4,6,-9
0022200773,2023-02-01,2022-23,regular_season,False,1610612745,HOU,Houston Rockets,1610612760,OKC,Oklahoma City Thunder,45,48,L,17,45,0.378,4,10,0.4,7,13,0.538,12,21,33,9,3,7,13,11,-3,18,49,0.367,4,19,0.211,8,11,0.727,10,17,27,10,9,3,6,10,3
0022200774,2023-02-01,2022-23,regular_season,False,1610612750,MIN,Minnesota Timberwolves,1610612744,GSW,Golden State Warriors,57,43,W,22,59,0.373,8,30,0.267,5,12,0.417,7,25,32,12,2,4,6,12,14,16,49,0.327,2,17,0.118,9,14,0.643,7,28,35,8,4,3,12,13,-14
0022200775,2023-02-01,2022-23,regular_season,False,1610612759,SAS,San Antonio Spurs,1610612758,SAC,Sacramento Kings,55,58,L,23,43,0.535,5,13,0.385,4,6,0.667,6,17,23,13,4,0,11,11,-3,22,44,0.5,6,14,0.429,8,12,0.667,4,11,15,12,5,1,6,8,3
0022200777,2023-02-01,2022-23,regular_season,False,1610612756,PHX,Phoenix Suns,1610612737,ATL,Atlanta Hawks,53,66,L,17,39,0.436,2,12,0.167,17,21,0.81,8,15,23,12,4,1,10,8,-13,25,43,0.581,9,16,0.562,7,9,0.778,4,16,20,14,4,1,6,15,13
0022200783,2023-02-02,2022-23,regular_season,False,1610612743,DEN,Denver Nuggets,1610612744,GSW,Golden State Warriors,64,48,W,24,44,0.545,10,22,0.455,6,8,0.75,3,14,17,18,7,1,8,10,16,18,40,0.45,6,17,0.353,6,8,0.75,5,16,21,9,1,1,12,10,-16
0022200782,2023-02-02,2022-23,regular_season,False,1610612742,DAL,Dallas Mavericks,1610612740,NOP,New Orleans Pelicans,41,63,L,13,43,0.302,6,24,0.25,9,13,0.692,4,14,18,7,1,2,3,16,-22,24,43,0.558,4,11,0.364,11,14,0.786,5,23,28,12,2,3,4,13,22
0022200781,2023-02-02,2022-23,regular_season,False,1610612741,CHI,Chicago Bulls,1610612766,CHA,Charlotte Hornets,61,49,W,21,40,0.525,7,17,0.412,12,13,0.923,2,18,20,12,3,3,6,13,12,19,52,0.365,1,17,0.059,10,10,1.0,12,17,29,6,2,1,6,6,-12
0022200778,2023-02-02,2022-23,regular_season,False,1610612754,IND,Indiana Pacers,1610612747,LAL,Los Angeles Lakers,44,58,L,18,47,0.383,4,19,0.211,4,4,1.0,5,19,24,11,5,4,8,13,-14,21,46,0.457,4,14,0.286,12,20,0.6,8,23,31,18,3,2,7,5,14
0022200779,2023-02-02,2022-23,regular_season,False,1610612739,CLE,Cleveland Cavaliers,1610612763,MEM,Memphis Grizzlies,61,59,W,22,41,0.537,8,16,0.5,9,12,0.75,4,16,20,16,3,3,8,7,2,24,45,0.533,4,10,0.4,7,7,1.0,5,16,21,13,3,3,5,11,-2
0022200784,2023-02-02,2022-23,regular_season,False,1610612749,MIL,Milwaukee Bucks,1610612746,LAC,LA Clippers,57,49,W,20,46,0.435,6,21,0.286,11,16,0.688,4,24,28,9,2,0,7,9,8,19,48,0.396,5,14,0.357,6,11,0.545,4,18,22,9,5,3,4,13,-8
0022200780,2023-02-02,2022-23,regular_season,False,1610612752,NYK,New York Knicks,1610612748,MIA,Miami Heat,55,56,L,22,39,0.564,5,14,0.357,6,8,0.75,3,14,17,12,3,0,9,5,-1,21,46,0.457,8,21,0.381,6,6,1.0,4,11,15,15,5,1,5,6,1
0022200792,2023-02-03,2022-23,regular_season,False,1610612762,UTA,Utah Jazz,1610612737,ATL,Atlanta Hawks,58,53,W,22,45,0.489,8,23,0.348,6,7,0.857,7,17,24,13,0,1,7,8,5,20,41,0.488,7,18,0.389,6,10,0.6,5,14,19,15,4,3,4,10,-5
0022200790,2023-02-03,2022-23,regular_season,False,1610612750,MIN,Minnesota Timberwolves,1610612753,ORL,Orlando Magic,63,63,L,21,45,0.467,10,28,0.357,11,14,0.786,8,14,22,12,3,2,9,15,0,22,39,0.564,5,11,0.455,14,21,0.667,5,14,19,13,3,2,9,12,0
0022200791,2023-02-03,2022-23,regular_season,False,1610612759,SAS,San Antonio Spurs,1610612755,PHI,Philadelphia 76ers,64,64,L,27,43,0.628,4,11,0.364,6,6,1.0,4,16,20,17,3,0,9,12,0,21,44,0.477,6,16,0.375,16,23,0.696,8,11,19,12,7,1,5,5,0
0022200789,2023-02-03,2022-23,regular_season,False,1610612745,HOU,Houston Rockets,1610612761,TOR,Toronto Raptors,63,62,W,19,39,0.487,4,12,0.333,21,25,0.84,4,19,23,12,2,2,6,16,1,20,41,0.488,8,19,0.421,14,20,0.7,3,13,16,11,5,4,3,15,-1
0022200786,2023-02-03,2022-23,regular_season,False,1610612754,IND,Indiana Pacers,1610612758,SAC,Sacramento Kings,47,56,L,19,44,0.432,7,21,0.333,2,4,0.5,4,16,20,13,6,4,10,10,-9,19,40,0.475,7,15,0.467,11,13,0.846,5,21,26,12,4,3,11,7,9
0022200787,2023-02-03,2022-23,regular_season,False,1610612764,WAS,Washington Wizards,1610612757,POR,Portland Trail Blazers,47,73,L,17,38,0.447,4,13,0.308,9,11,0.818,5,11,16,9,3,2,9,10,-26,26,42,0.619,13,23,0.565,8,9,0.889,5,12,17,15,4,1,4,9,26
0022200785,2023-02-03,2022-23,regular_season,False,1610612765,DET,Detroit Pistons,1610612766,CHA,Charlotte Hornets,49,44,W,17,39,0.436,6,16,0.375,9,15,0.6,6,21,27,10,4,0,11,11,5,16,42,0.381,4,18,0.222,8,14,0.571,4,16,20,9,7,1,9,11,-5
0022200788,2023-02-03,2022-23,regular_season,False,1610612738,BOS,Boston Celtics,1610612756,PHX,Phoenix Suns,50,49,W,14,35,0.4,4,17,0.235,18,23,0.783,2,20,22,9,2,2,7,13,1,18,45,0.4,5,14,0.357,8,9,0.889,5,21,26,11,3,4,5,15,-1
0022200793,2023-02-04,2022-23,regular_season,False,1610612751,BKN,Brooklyn Nets,1610612764,WAS,Washington Wizards,70,50,W,26,45,0.578,9,18,0.5,9,10,0.9,4,16,20,13,2,7,5,15,20,14,38,0.368,5,14,0.357,17,22,0.773,4,16,20,11,4,2,10,10,-20
0022200794,2023-02-04,2022-23,regular_season,False,1610612765,DET,Detroit Pistons,1610612756,PHX,Phoenix Suns,51,58,L,16,38,0.421,10,23,0.435,9,10,0.9,3,12,15,14,5,2,10,13,-7,22,43,0.512,6,13,0.462,8,13,0.615,7,16,23,18,4,1,8,11,7
0022200795,2023-02-04,2022-23,regular_season,False,1610612752,NYK,New York Knicks,1610612746,LAC,LA Clippers,72,71,W,25,51,0.49,10,23,0.435,12,17,0.706,6,20,26,16,4,2,7,20,1,21,47,0.447,4,16,0.25,25,29,0.862,4,18,22,8,6,3,7,12,-1
0022200796,2023-02-04,2022-23,regular_season,False,1610612741,CHI,Chicago Bulls,1610612757,POR,Portland Trail Blazers,70,51,W,22,38,0.579,7,13,0.538,19,23,0.826,5,22,27,13,3,3,4,5,19,20,48,0.417,7,27,0.259,4,5,0.8,5,13,18,12,1,2,4,13,-19
0022200797,2023-02-04,2022-23,regular_season,False,1610612749,MIL,Milwaukee Bucks,1610612748,MIA,Miami Heat,61,53,W,25,43,0.581,7,16,0.438,4,8,0.5,2,18,20,14,5,1,5,9,8,20,44,0.455,3,11,0.273,10,14,0.714,3,16,19,9,3,1,6,9,-8
0022200798,2023-02-04,2022-23,regular_season,False,1610612740,NOP,New Orleans Pelicans,1610612747,LAL,Los Angeles Lakers,70,54,W,27,51,0.529,7,17,0.412,9,11,0.818,8,17,25,14,5,0,3,11,16,18,45,0.4,5,17,0.294,13,17,0.765,8,15,23,14,1,1,7,11,-16
0022200799,2023-02-04,2022-23,regular_season,False,1610612760,OKC,Oklahoma City Thunder,1610612745,HOU,Houston Rockets,74,68,W,27,44,0.614,12,25,0.48,8,9,0.889,3,15,18,21,4,4,6,11,6,23,45,0.511,7,16,0.438,15,21,0.714,7,12,19,16,2,0,7,6,-6
0022200800,2023-02-04,2022-23,regular_season,False,1610612744,GSW,Golden State Warriors,1610612742,DAL,Dallas Mavericks,46,55,L,15,36,0.417,4,15,0.267,12,16,0.75,2,21,23,13,2,1,9,14,-9,19,43,0.442,6,20,0.3,11,16,0.688,4,19,23,13,6,1,5,12,9
0022200801,2023-02-04,2022-23,regular_season,False,1610612743,DEN,Denver Nuggets,1610612737,ATL,Atlanta Hawks,58,56,W,20,41,0.488,7,16,0.438,11,11,1.0,3,19,22,13,7,4,11,10,2,23,49,0.469,3,12,0.25,7,9,0.778,7,17,24,11,6,6,8,9,-2
0022200806,2023-02-05,2022-23,regular_season,False,1610612750,MIN,Minnesota Timberwolves,1610612743,DEN,Denver Nuggets,65,55,W,23,42,0.548,5,10,0.5,14,18,0.778,4,12,16,15,1,1,7,13,10,19,33,0.576,4,12,0.333,13,19,0.684,0,15,15,10,4,4,8,14,-10
0022200805,2023-02-05,2022-23,regular_season,False,1610612763,MEM,Memphis Grizzlies,1610612761,TOR,Toronto Raptors,41,47,L,15,38,0.395,2,8,0.25,9,11,0.818,4,19,23,8,5,5,12,9,-6,19,48,0.396,3,12,0.25,6,9,0.667,6,17,23,10,8,3,6,9,6
0022200807,2023-02-05,2022-23,regular_season,False,1610612740,NOP,New Orleans Pelicans,1610612758,SAC,Sacramento Kings,66,52,W,21,36,0.583,8,12,0.667,16,20,0.8,5,21,26,12,5,1,8,14,14,16,41,0.39,6,24,0.25,14,17,0.824,5,12,17,14,4,2,6,12,-14
0022200803,2023-02-05,2022-23,regular_season,False,1610612754,IND,Indiana Pacers,1610612739,CLE,Cleveland Cavaliers,57,60,L,23,48,0.479,5,19,0.263,6,7,0.857,7,13,20,17,0,4,6,11,-3,22,43,0.512,7,16,0.438,9,10,0.9,6,14,20,13,3,2,6,10,3
0022200802,2023-02-05,2022-23,regular_season,False,1610612766,CHA,Charlotte Hornets,1610612753,ORL,Orlando Magic,55,57,L,23,42,0.548,6,17,0.353,3,12,0.25,6,18,24,15,2,3,7,14,-2,17,40,0.425,3,9,0.333,20,22,0.909,6,17,23,11,4,0,4,9,2
0022200804,2023-02-05,2022-23,regular_season,False,1610612752,NYK,New York Knicks,1610612755,PHI,Philadelphia 76ers,57,44,W,18,37,0.486,8,18,0.444,13,22,0.591,7,15,22,13,5,1,7,15,13,13,34,0.382,3,11,0.273,15,18,0.833,5,17,22,9,1,3,10,12,-13
0022200814,2023-02-06,2022-23,regular_season,False,1610612744,GSW,Golden State Warriors,1610612760,OKC,Oklahoma City Thunder,81,61,W,32,50,0.64,15,25,0.6,2,5,0.4,9,14,23,27,3,2,9,8,20,24,42,0.571,5,13,0.385,8,14,0.571,3,11,14,9,6,1,5,5,-20
0022200813,2023-02-06,2022-23,regular_season,False,1610612762,UTA,Utah Jazz,1610612742,DAL,Dallas Mavericks,49,64,L,18,40,0.45,2,15,0.133,11,14,0.786,5,11,16,7,3,2,9,14,-15,19,40,0.475,6,19,0.316,20,22,0.909,7,16,23,11,5,0,6,12,15
0022200812,2023-02-06,2022-23,regular_season,False,1610612745,HOU,Houston Rockets,1610612758,SAC,Sacramento Kings,72,75,L,28,50,0.56,11,20,0.55,5,7,0.714,8,10,18,17,1,1,5,5,-3,28,41,0.683,14,21,0.667,5,6,0.833,0,11,11,22,3,3,5,10,3
0022200815,2023-02-06,2022-23,regular_season,False,1610612757,POR,Portland Trail Blazers,1610612749,MIL,Milwaukee Bucks,60,69,L,17,45,0.378,3,15,0.2,23,27,0.852,1,14,15,11,1,0,1,11,-9,25,42,0.595,9,17,0.529,10,13,0.769,3,26,29,13,0,2,6,18,9
0022200810,2023-02-06,2022-23,regular_season,False,1610612751,BKN,Brooklyn Nets,1610612746,LAC,LA Clippers,63,69,L,22,42,0.524,4,10,0.4,15,19,0.789,5,18,23,12,4,3,10,17,-6,22,44,0.5,7,13,0.538,18,23,0.783,4,17,21,10,6,3,7,12,6
0022200809,2023-02-06,2022-23,regular_season,False,1610612764,WAS,Washington Wizards,1610612739,CLE,Cleveland Cavaliers,45,48,L,17,43,0.395,5,14,0.357,6,10,0.6,5,13,18,11,5,3,5,7,-3,17,35,0.486,7,16,0.438,7,9,0.778,5,19,24,10,4,5,11,9,3
0022200808,2023-02-06,2022-23,regular_season,False,1610612765,DET,Detroit Pistons,1610612738,BOS,Boston Celtics,46,51,L,17,41,0.415,6,17,0.353,6,10,0.6,5,16,21,10,5,5,5,11,-5,19,38,0.5,6,16,0.375,7,11,0.636,5,22,27,10,1,2,7,11,5
0022200811,2023-02-06,2022-23,regular_season,False,1610612741,CHI,Chicago Bulls,1610612759,SAS,San Antonio Spurs,66,45,W,25,41,0.61,3,8,0.375,13,16,0.812,2,20,22,14,7,6,8,8,21,15,40,0.375,4,11,0.364,11,11,1.0,3,15,18,12,4,2,14,17,-21
0022200816,2023-02-07,2022-23,regular_season,False,1610612753,ORL,Orlando Magic,1610612752,NYK,New York Knicks,50,62,L,19,39,0.487,2,12,0.167,10,12,0.833,8,13,21,11,0,1,9,11,-12,21,41,0.512,10,24,0.417,10,13,0.769,7,12,19,13,5,0,3,11,12
0022200817,2023-02-07,2022-23,regular_season,False,1610612751,BKN,Brooklyn Nets,1610612756,PHX,Phoenix Suns,61,59,W,20,37,0.541,4,14,0.286,17,19,0.895,2,15,17,14,6,1,9,14,2,21,47,0.447,3,13,0.231,14,17,0.824,10,13,23,16,8,3,8,14,-2
0022200818,2023-02-07,2022-23,regular_season,False,1610612740,NOP,New Orleans Pelicans,1610612737,ATL,Atlanta Hawks,54,48,W,20,43,0.465,5,16,0.312,9,13,0.692,7,20,27,14,6,1,8,11,6,16,40,0.4,7,23,0.304,9,13,0.692,5,15,20,14,3,5,9,13,-6
0022200819,2023-02-07,2022-23,regular_season,False,1610612763,MEM,Memphis Grizzlies,1610612741,CHI,Chicago Bulls,55,50,W,20,40,0.5,9,20,0.45,6,10,0.6,3,14,17,12,3,1,6,11,5,20,46,0.435,4,19,0.211,6,10,0.6,7,19,26,13,3,2,7,9,-5
0022200820,2023-02-07,2022-23,regular_season,False,1610612743,DEN,Denver Nuggets,1610612750,MIN,Minnesota Timberwolves,67,64,W,27,46,0.587,7,16,0.438,6,9,0.667,3,12,15,19,4,2,4,12,3,22,37,0.595,7,16,0.438,13,16,0.812,4,16,20,14,2,3,8,7,-3
0022200821,2023-02-07,2022-23,regular_season,False,1610612747,LAL,Los Angeles Lakers,1610612760,OKC,Oklahoma City Thunder,64,57,W,26,39,0.667,6,12,0.5,6,8,0.75,3,19,22,14,3,1,15,10,7,23,50,0.46,5,15,0.333,6,6,1.0,4,10,14,15,10,1,6,6,-7
0022200828,2023-02-08,2022-23,regular_season,False,1610612762,UTA,Utah Jazz,1610612750,MIN,Minnesota Timberwolves,51,66,L,20,53,0.377,1,13,0.077,10,13,0.769,14,13,27,11,1,3,3,5,-15,25,46,0.543,12,22,0.545,4,4,1.0,5,20,25,14,3,2,7,10,15
0022200830,2023-02-08,2022-23,regular_season,False,1610612757,POR,Portland Trail Blazers,1610612744,GSW,Golden State Warriors,62,55,W,22,37,0.595,5,13,0.385,13,13,1.0,4,17,21,15,3,1,11,6,7,22,50,0.44,9,24,0.375,2,2,1.0,6,11,17,15,6,2,6,13,-7
0022200829,2023-02-08,2022-23,regular_season,False,1610612746,LAC,LA Clippers,1610612742,DAL,Dallas Mavericks,52,50,W,18,39,0.462,4,14,0.286,12,16,0.75,4,15,19,7,6,4,5,7,2,19,37,0.514,6,14,0.429,6,8,0.75,3,17,20,14,4,4,10,10,-2
0022200827,2023-02-08,2022-23,regular_season,False,1610612745,HOU,Houston Rockets,1610612758,SAC,Sacramento Kings,66,72,L,24,36,0.667,6,13,0.462,12,14,0.857,4,14,18,13,2,2,13,13,-6,26,46,0.565,6,13,0.462,14,16,0.875,4,6,10,17,8,0,4,8,6
0022200825,2023-02-08,2022-23,regular_season,False,1610612748,MIA,Miami Heat,1610612754,IND,Indiana Pacers,56,48,W,16,39,0.41,2,10,0.2,22,25,0.88,9,17,26,6,5,2,8,11,8,14,38,0.368,8,21,0.381,12,16,0.75,5,15,20,8,2,2,9,17,-8
0022200826,2023-02-08,2022-23,regular_season,False,1610612761,TOR,Toronto Raptors,1610612759,SAS,San Antonio Spurs,55,44,W,19,41,0.463,6,14,0.429,11,13,0.846,5,20,25,8,6,3,9,12,11,14,39,0.359,4,16,0.25,12,15,0.8,3,14,17,9,4,0,9,11,-11
0022200824,2023-02-08,2022-23,regular_season,False,1610612738,BOS,Boston Celtics,1610612755,PHI,Philadelphia 76ers,47,44,W,18,35,0.514,9,14,0.643,2,5,0.4,1,23,24,11,1,2,8,12,3,14,40,0.35,5,16,0.312,11,16,0.688,6,16,22,9,4,3,1,9,-3
0022200823,2023-02-08,2022-23,regular_season,False,1610612764,WAS,Washington Wizards,1610612766,CHA,Charlotte Hornets,57,43,W,22,42,0.524,7,16,0.438,6,7,0.857,8,22,30,12,2,7,10,10,14,15,44,0.341,4,15,0.267,9,10,0.9,6,11,17,8,5,1,4,8,-14
0022200822,2023-02-08,2022-23,regular_season,False,1610612739,CLE,Cleveland Cavaliers,1610612765,DET,Detroit Pistons,62,45,W,20,39,0.513,4,15,0.267,18,18,1.0,3,20,23,15,3,2,6,11,17,14,41,0.341,5,18,0.278,12,13,0.923,6,11,17,10,2,2,6,14,-17
0022200831,2023-02-09,2022-23,regular_season,False,1610612753,ORL,Orlando Magic,1610612743,DEN,Denver Nuggets,50,49,W,20,49,0.408,5,12,0.417,5,7,0.714,8,20,28,9,3,4,7,8,1,18,43,0.419,5,21,0.238,8,11,0.727,2,16,18,10,5,3,4,5,-1
0022200832,2023-02-09,2022-23,regular_season,False,1610612737,ATL,Atlanta Hawks,1610612756,PHX,Phoenix Suns,60,60,W,23,49,0.469,5,17,0.294,9,12,0.75,12,18,30,10,3,4,11,12,0,21,44,0.477,4,13,0.308,14,18,0.778,5,11,16,13,9,4,4,9,0
0022200833,2023-02-09,2022-23,regular_season,False,1610612751,BKN,Brooklyn Nets,1610612741,CHI,Chicago Bulls,63,55,W,18,40,0.45,7,21,0.333,20,23,0.87,3,20,23,11,4,1,5,11,8,21,47,0.447,5,19,0.263,8,13,0.615,6,18,24,7,1,0,7,13,-8
0022200834,2023-02-09,2022-23,regular_season,False,1610612747,LAL,Los Angeles Lakers,1610612749,MIL,Milwaukee Bucks,48,65,L,19,41,0.463,3,9,0.333,7,10,0.7,3,14,17,10,1,0,5,12,-17,26,52,0.5,7,19,0.368,6,8,0.75,11,18,29,15,1,5,5,8,17
0022200845,2023-02-10,2022-23,regular_season,False,1610612746,LAC,LA Clippers,1610612749,MIL,Milwaukee Bucks,55,65,L,21,41,0.512,6,16,0.375,7,9,0.778,2,13,15,3,1,5,4,8,-10,24,43,0.558,9,21,0.429,8,10,0.8,4,18,22,17,3,1,3,8,10
0022200843,2023-02-10,2022-23,regular_season,False,1610612757,POR,Portland Trail Blazers,1610612760,OKC,Oklahoma City Thunder,61,66,L,21,36,0.583,8,20,0.4,11,11,1.0,2,14,16,15,1,3,14,15,-5,22,39,0.564,6,13,0.462,16,18,0.889,4,8,12,11,6,1,8,12,5
0022200842,2023-02-10,2022-23,regular_season,False,1610612740,NOP,New Orleans Pelicans,1610612739,CLE,Cleveland Cavaliers,51,45,W,19,42,0.452,2,7,0.286,11,12,0.917,8,12,20,11,4,3,5,8,6,19,38,0.5,5,14,0.357,2,4,0.5,5,11,16,11,2,3,9,10,-6
0022200841,2023-02-10,2022-23,regular_season,False,1610612763,MEM,Memphis Grizzlies,1610612750,MIN,Minnesota Timberwolves,59,49,W,23,39,0.59,4,7,0.571,9,14,0.643,4,20,24,15,4,2,11,8,10,20,43,0.465,7,19,0.368,2,4,0.5,2,14,16,13,5,2,8,10,-10
0022200840,2023-02-10,2022-23,regular_season,False,1610612748,MIA,Miami Heat,1610612745,HOU,Houston Rockets,39,39,W,13,37,0.351,4,18,0.222,9,9,1.0,3,17,20,7,7,3,10,10,0,15,41,0.366,2,15,0.133,7,8,0.875,4,20,24,7,6,3,11,10,0
0022200844,2023-02-10,2022-23,regular_season,False,1610612758,SAC,Sacramento Kings,1610612742,DAL,Dallas Mavericks,58,48,W,21,35,0.6,6,15,0.4,10,14,0.714,3,16,19,9,1,2,7,11,10,15,35,0.429,6,18,0.333,12,12,1.0,3,12,15,11,1,0,9,8,-10
0022200838,2023-02-10,2022-23,regular_season,False,1610612738,BOS,Boston Celtics,1610612766,CHA,Charlotte Hornets,56,63,L,20,43,0.465,9,24,0.375,7,7,1.0,2,19,21,16,3,3,10,13,-7,24,46,0.522,4,12,0.333,11,16,0.688,4,18,22,13,5,3,5,8,7
0022200837,2023-02-10,2022-23,regular_season,False,1610612755,PHI,Philadelphia 76ers,1610612752,NYK,New York Knicks,60,43,W,24,43,0.558,9,19,0.474,3,5,0.6,4,17,21,15,4,2,6,5,17,16,36,0.444,6,15,0.4,5,6,0.833,1,11,12,9,1,1,7,7,-17
0022200836,2023-02-10,2022-23,regular_season,False,1610612754,IND,Indiana Pacers,1610612756,PHX,Phoenix Suns,57,57,L,20,39,0.513,5,15,0.333,12,19,0.632,7,15,22,12,5,2,10,11,0,20,45,0.444,3,15,0.2,14,16,0.875,10,14,24,10,9,0,8,14,0
0022200835,2023-02-10,2022-23,regular_season,False,1610612765,DET,Detroit Pistons,1610612759,SAS,San Antonio Spurs,85,77,W,28,61,0.459,1,18,0.056,28,34,0.824,14,24,38,16,5,3,10,20,8,23,55,0.418,8,22,0.364,23,29,0.793,5,18,23,9,4,3,13,19,-8
0022200839,2023-02-10,2022-23,regular_season,False,1610612761,TOR,Toronto Raptors,1610612762,UTA,Utah Jazz,55,64,L,21,47,0.447,3,15,0.2,10,14,0.714,5,13,18,10,7,1,5,17,-9,23,39,0.59,3,11,0.273,15,18,0.833,3,18,21,16,2,3,9,8,9
0022200854,2023-02-11,2022-23,regular_season,False,1610612758,SAC,Sacramento Kings,1610612742,DAL,Dallas Mavericks,71,64,W,24,50,0.48,5,18,0.278,18,18,1.0,7,22,29,9,5,0,7,9,7,25,52,0.481,9,28,0.321,5,8,0.625,6,17,23,13,4,2,9,12,-7
0022200853,2023-02-11,2022-23,regular_season,False,1610612744,GSW,Golden State Warriors,1610612747,LAL,Los Angeles Lakers,50,58,L,20,53,0.377,6,23,0.261,4,4,1.0,4,13,17,16,6,4,6,13,-8,21,43,0.488,3,9,0.333,13,16,0.812,6,21,27,8,1,3,9,6,8
0022200852,2023-02-11,2022-23,regular_season,False,1610612739,CLE,Cleveland Cavaliers,1610612741,CHI,Chicago Bulls,57,40,W,20,42,0.476,4,17,0.235,13,14,0.929,7,17,24,12,6,2,7,10,17,14,34,0.412,3,14,0.214,9,11,0.818,3,14,17,8,3,1,12,15,-17
0022200850,2023-02-11,2022-23,regular_season,False,1610612737,ATL,Atlanta Hawks,1610612759,SAS,San Antonio Spurs,64,46,W,25,50,0.5,6,15,0.4,8,8,1.0,7,18,25,14,4,2,5,6,18,16,45,0.356,5,19,0.263,9,10,0.9,7,14,21,9,4,2,9,7,-18
0022200851,2023-02-11,2022-23,regular_season,False,1610612752,NYK,New York Knicks,1610612762,UTA,Utah Jazz,64,64,W,19,48,0.396,7,22,0.318,19,24,0.792,15,15,30,7,3,0,3,15,0,22,40,0.55,4,15,0.267,16,22,0.727,6,12,18,11,1,5,4,14,0
0022200848,2023-02-11,2022-23,regular_season,False,1610612753,ORL,Orlando Magic,1610612748,MIA,Miami Heat,49,61,L,18,47,0.383,3,13,0.231,10,14,0.714,8,17,25,7,6,1,11,12,-12,23,45,0.511,7,19,0.368,8,9,0.889,3,19,22,16,5,3,10,14,12
0022200847,2023-02-11,2022-23,regular_season,False,1610612766,CHA,Charlotte Hornets,1610612743,DEN,Denver Nuggets,45,62,L,14,39,0.359,2,14,0.143,15,18,0.833,2,13,15,7,4,2,7,5,-17,29,48,0.604,3,9,0.333,1,1,1.0,4,20,24,20,4,3,6,12,17
0022200846,2023-02-11,2022-23,regular_season,False,1610612751,BKN,Brooklyn Nets,1610612755,PHI,Philadelphia 76ers,38,49,L,14,40,0.35,3,15,0.2,7,9,0.778,4,15,19,9,3,3,5,10,-11,16,37,0.432,1,9,0.111,16,16,1.0,4,17,21,11,3,2,5,8,11
0022200849,2023-02-11,2022-23,regular_season,False,1610612764,WAS,Washington Wizards,1610612754,IND,Indiana Pacers,47,56,L,18,34,0.529,3,9,0.333,8,9,0.889,4,13,17,9,2,2,11,12,-9,19,43,0.442,9,22,0.409,9,12,0.75,9,10,19,12,4,3,4,8,9
0022200855,2023-02-12,2022-23,regular_season,False,1610612738,BOS,Boston Celtics,1610612763,MEM,Memphis Grizzlies,58,61,L,18,48,0.375,9,27,0.333,13,17,0.765,12,17,29,12,4,0,3,9,-3,23,38,0.605,8,15,0.533,7,12,0.583,1,18,19,12,0,4,5,13,3
0022200856,2023-02-12,2022-23,regular_season,False,1610612761,TOR,Toronto Raptors,1610612765,DET,Detroit Pistons,66,66,W,22,43,0.512,6,17,0.353,16,21,0.762,5,14,19,10,2,3,4,15,0,22,41,0.537,5,14,0.357,17,21,0.81,2,11,13,14,2,3,6,16,0
0022200863,2023-02-13,2022-23,regular_season,False,1610612741,CHI,Chicago Bulls,1610612753,ORL,Orlando Magic,47,51,L,18,46,0.391,3,10,0.3,8,8,1.0,7,17,24,8,4,2,7,13,-4,17,40,0.425,6,15,0.4,11,13,0.846,4,17,21,9,3,4,8,9,4
0022200867,2023-02-13,2022-23,regular_season,False,1610612757,POR,Portland Trail Blazers,1610612747,LAL,Los Angeles Lakers,62,69,L,23,48,0.479,6,18,0.333,10,11,0.909,4,16,20,13,6,2,5,8,-7,23,42,0.548,9,19,0.474,14,16,0.875,4,20,24,15,5,2,8,10,7
0022200865,2023-02-13,2022-23,regular_season,False,1610612742,DAL,Dallas Mavericks,1610612750,MIN,Minnesota Timberwolves,67,59,W,24,41,0.585,8,21,0.381,11,16,0.688,6,14,20,10,1,1,5,12,8,21,38,0.553,5,12,0.417,12,17,0.706,4,13,17,13,4,0,4,13,-8
0022200864,2023-02-13,2022-23,regular_season,False,1610612760,OKC,Oklahoma City Thunder,1610612740,NOP,New Orleans Pelicans,49,43,W,19,45,0.422,2,15,0.133,9,11,0.818,8,16,24,10,5,1,9,8,6,17,33,0.515,1,11,0.091,8,9,0.889,1,13,14,5,6,3,11,11,-6
0022200862,2023-02-13,2022-23,regular_season,False,1610612752,NYK,New York Knicks,1610612751,BKN,Brooklyn Nets,66,45,W,22,35,0.629,7,16,0.438,15,21,0.714,1,18,19,12,3,2,6,15,21,15,37,0.405,3,13,0.231,12,18,0.667,5,11,16,8,2,2,7,15,-21
0022200866,2023-02-13,2022-23,regular_season,False,1610612744,GSW,Golden State Warriors,1610612764,WAS,Washington Wizards,64,60,W,24,42,0.571,10,20,0.5,6,8,0.75,5,12,17,23,6,0,9,9,4,23,42,0.548,5,14,0.357,9,10,0.9,6,12,18,11,7,2,9,9,-4
0022200860,2023-02-13,2022-23,regular_season,False,1610612755,PHI,Philadelphia 76ers,1610612745,HOU,Houston Rockets,68,56,W,28,44,0.636,11,21,0.524,1,1,1.0,3,17,20,19,5,3,9,13,12,18,40,0.45,6,15,0.4,14,17,0.824,4,11,15,11,6,1,6,5,-12
0022200857,2023-02-13,2022-23,regular_season,False,1610612766,CHA,Charlotte Hornets,1610612737,ATL,Atlanta Hawks,70,70,W,25,42,0.595,12,21,0.571,8,12,0.667,1,14,15,18,4,4,7,7,0,27,51,0.529,7,13,0.538,9,9,1.0,6,17,23,16,4,2,8,8,0
0022200861,2023-02-13,2022-23,regular_season,False,1610612748,MIA,Miami Heat,1610612743,DEN,Denver Nuggets,46,47,L,17,41,0.415,2,14,0.143,10,12,0.833,2,18,20,12,4,2,7,7,-1,19,38,0.5,3,14,0.214,6,8,0.75,2,18,20,14,3,2,7,11,1
0022200859,2023-02-13,2022-23,regular_season,False,1610612754,IND,Indiana Pacers,1610612762,UTA,Utah Jazz,66,70,L,25,45,0.556,6,18,0.333,10,13,0.769,3,10,13,13,4,1,3,14,-4,21,37,0.568,11,18,0.611,17,20,0.85,5,15,20,13,2,0,10,10,4
0022200858,2023-02-13,2022-23,regular_season,False,1610612739,CLE,Cleveland Cavaliers,1610612759,SAS,San Antonio Spurs,52,60,L,22,37,0.595,2,12,0.167,6,8,0.75,4,13,17,7,2,4,9,10,-8,23,45,0.511,5,12,0.417,9,12,0.75,5,11,16,13,7,0,7,10,8
0022200868,2023-02-14,2022-23,regular_season,False,1610612761,TOR,Toronto Raptors,1610612753,ORL,Orlando Magic,58,43,W,21,42,0.5,3,13,0.231,13,16,0.812,10,13,23,11,5,10,9,7,15,17,41,0.415,5,14,0.357,4,7,0.571,8,11,19,7,1,2,14,13,-15
0022200869,2023-02-14,2022-23,regular_season,False,1610612749,MIL,Milwaukee Bucks,1610612738,BOS,Boston Celtics,67,62,W,19,48,0.396,8,20,0.4,21,25,0.84,5,20,25,12,6,1,8,13,5,23,50,0.46,8,24,0.333,8,10,0.8,6,22,28,11,3,1,11,19,-5
0022200870,2023-02-14,2022-23,regular_season,False,1610612756,PHX,Phoenix Suns,1610612758,SAC,Sacramento Kings,58,51,W,24,43,0.558,4,11,0.364,6,6,1.0,5,10,15,14,11,0,10,7,7,20,38,0.526,5,16,0.312,6,8,0.75,4,11,15,12,6,2,12,9,-7
0022200871,2023-02-14,2022-23,regular_season,False,1610612746,LAC,LA Clippers,1610612744,GSW,Golden State Warriors,73,59,W,25,44,0.568,9,18,0.5,14,15,0.933,7,14,21,15,3,4,5,10,14,24,44,0.545,7,16,0.438,4,8,0.5,2,12,14,14,0,1,6,13,-14
0022200872,2023-02-14,2022-23,regular_season,False,1610612757,POR,Portland Trail Blazers,1610612764,WAS,Washington Wizards,49,67,L,16,41,0.39,5,21,0.238,12,15,0.8,5,15,20,9,2,3,4,13,-18,22,41,0.537,9,18,0.5,14,16,0.875,2,20,22,13,2,0,5,9,18
0022200874,2023-02-15,2022-23,regular_season,False,1610612754,IND,Indiana Pacers,1610612741,CHI,Chicago Bulls,75,55,W,26,42,0.619,11,22,0.5,12,12,1.0,3,19,22,17,2,3,5,10,20,18,41,0.439,9,20,0.45,10,13,0.769,4,12,16,10,3,3,4,9,-20
0022200881,2023-02-15,2022-23,regular_season,False,1610612743,DEN,Denver Nuggets,1610612742,DAL,Dallas Mavericks,57,65,L,23,42,0.548,5,17,0.294,6,7,0.857,2,18,20,16,5,2,6,5,-8,23,43,0.535,12,26,0.462,7,8,0.875,3,12,15,17,4,2,5,6,8
0022200880,2023-02-15,2022-23,regular_season,False,1610612760,OKC,Oklahoma City Thunder,1610612745,HOU,Houston Rockets,57,42,W,17,39,0.436,5,20,0.25,18,22,0.818,3,21,24,11,5,1,9,8,15,15,47,0.319,4,22,0.182,8,11,0.727,8,16,24,10,3,3,9,15,-15
0022200879,2023-02-15,2022-23,regular_season,False,1610612763,MEM,Memphis Grizzlies,1610612762,UTA,Utah Jazz,54,64,L,18,50,0.36,4,17,0.235,14,20,0.7,8,14,22,8,5,4,1,12,-10,23,46,0.5,9,17,0.529,9,13,0.692,8,23,31,16,1,6,9,13,10
0022200878,2023-02-15,2022-23,regular_season,False,1610612751,BKN,Brooklyn Nets,1610612748,MIA,Miami Heat,64,49,W,24,39,0.615,11,18,0.611,5,8,0.625,2,14,16,16,2,2,4,14,15,18,38,0.474,3,12,0.25,10,14,0.714,5,12,17,7,2,1,5,9,-15
0022200873,2023-02-15,2022-23,regular_season,False,1610612766,CHA,Charlotte Hornets,1610612759,SAS,San Antonio Spurs,60,53,W,20,44,0.455,7,19,0.368,13,18,0.722,8,19,27,13,6,7,8,11,7,20,53,0.377,4,16,0.25,9,13,0.692,13,19,32,10,4,2,8,13,-7
0022200876,2023-02-15,2022-23,regular_season,False,1610612737,ATL,Atlanta Hawks,1610612752,NYK,New York Knicks,57,56,W,21,45,0.467,4,11,0.364,11,13,0.846,3,16,19,15,4,3,3,11,1,18,43,0.419,5,17,0.294,15,17,0.882,5,20,25,5,1,2,8,10,-1
0022200875,2023-02-15,2022-23,regular_season,False,1610612755,PHI,Philadelphia 76ers,1610612739,CLE,Cleveland Cavaliers,55,74,L,17,32,0.531,5,12,0.417,16,17,0.941,3,12,15,10,1,1,9,15,-19,27,43,0.628,6,13,0.462,14,15,0.933,4,10,14,17,6,3,1,11,19
0022200882,2023-02-15,2022-23,regular_season,False,1610612747,LAL,Los Angeles Lakers,1610612740,NOP,New Orleans Pelicans,65,51,W,23,44,0.523,5,20,0.25,14,22,0.636,6,17,23,14,3,6,5,11,14,19,44,0.432,3,9,0.333,10,14,0.714,6,16,22,13,2,1,7,17,-14
0022200877,2023-02-15,2022-23,regular_season,False,1610612738,BOS,Boston Celtics,1610612765,DET,Detroit Pistons,61,58,W,25,48,0.521,9,21,0.429,2,2,1.0,6,14,20,15,3,2,3,12,3,22,38,0.579,6,13,0.462,8,11,0.727,2,12,14,13,2,4,5,7,-3
0022200885,2023-02-16,2022-23,regular_season,False,1610612756,PHX,Phoenix Suns,1610612746,LAC,LA Clippers,55,62,L,21,40,0.525,6,16,0.375,7,10,0.7,3,14,17,13,4,1,9,14,-7,22,40,0.55,2,10,0.2,16,16,1.0,3,16,19,17,5,0,5,11,7
0022200884,2023-02-16,2022-23,regular_season,False,1610612750,MIN,Minnesota Timberwolves,1610612764,WAS,Washington Wizards,47,63,L,17,54,0.315,2,15,0.133,11,13,0.846,15,13,28,9,5,3,9,8,-16,24,43,0.558,8,18,0.444,7,8,0.875,6,21,27,13,6,5,10,8,16
0022200883,2023-02-16,2022-23,regular_season,False,1610612741,CHI,Chicago Bulls,1610612749,MIL,Milwaukee Bucks,51,51,L,19,48,0.396,4,15,0.267,9,12,0.75,11,20,31,10,2,2,4,10,0,18,44,0.409,7,21,0.333,8,10,0.8,5,18,23,11,3,4,3,8,0
0022200893,2023-02-23,2022-23,regular_season,False,1610612747,LAL,Los Angeles Lakers,1610612744,GSW,Golden State Warriors,65,55,W,22,43,0.512,9,16,0.562,12,16,0.75,5,25,30,17,3,1,6,12,10,20,54,0.37,6,25,0.24,9,13,0.692,11,16,27,14,2,2,3,11,-10
0022200886,2023-02-23,2022-23,regular_season,False,1610612739,CLE,Cleveland Cavaliers,1610612743,DEN,Denver Nuggets,52,59,L,18,42,0.429,3,10,0.3,13,13,1.0,8,11,19,8,4,0,6,8,-7,22,40,0.55,10,18,0.556,5,6,0.833,7,12,19,18,4,3,8,12,7
0022200887,2023-02-23,2022-23,regular_season,False,1610612754,IND,Indiana Pacers,1610612738,BOS,Boston Celtics,80,74,W,27,53,0.509,14,30,0.467,12,15,0.8,8,16,24,19,4,3,6,16,6,25,49,0.51,9,18,0.5,15,18,0.833,9,15,24,17,3,2,6,9,-6
0022200888,2023-02-23,2022-23,regular_season,False,1610612753,ORL,Orlando Magic,1610612765,DET,Detroit Pistons,61,60,W,22,45,0.489,6,16,0.375,11,12,0.917,4,16,20,11,4,3,9,10,1,22,44,0.5,9,17,0.529,7,10,0.7,4,14,18,14,3,3,9,13,-1
0022200889,2023-02-23,2022-23,regular_season,False,1610612755,PHI,Philadelphia 76ers,1610612763,MEM,Memphis Grizzlies,63,46,W,19,38,0.5,7,17,0.412,18,20,0.9,1,19,20,14,2,7,6,13,17,17,50,0.34,1,15,0.067,11,13,0.846,10,15,25,12,2,3,4,15,-17
0022200890,2023-02-23,2022-23,regular_season,False,1610612761,TOR,Toronto Raptors,1610612740,NOP,New Orleans Pelicans,61,65,L,22,46,0.478,3,11,0.273,14,17,0.824,8,15,23,7,4,4,5,9,-4,25,47,0.532,7,14,0.5,8,10,0.8,5,17,22,14,3,0,4,11,4
0022200891,2023-02-23,2022-23,regular_season,False,1610612742,DAL,Dallas Mavericks,1610612759,SAS,San Antonio Spurs,68,53,W,22,40,0.55,14,25,0.56,10,16,0.625,1,14,15,13,6,4,3,11,15,21,40,0.525,3,11,0.273,8,13,0.615,7,20,27,13,2,0,11,12,-15
0022200892,2023-02-23,2022-23,regular_season,False,1610612762,UTA,Utah Jazz,1610612760,OKC,Oklahoma City Thunder,74,64,W,26,53,0.491,8,27,0.296,14,17,0.824,11,21,32,17,5,7,13,17,10,25,61,0.41,5,19,0.263,9,13,0.692,12,13,25,10,5,1,7,14,-10
0022200894,2023-02-23,2022-23,regular_season,False,1610612758,SAC,Sacramento Kings,1610612757,POR,Portland Trail Blazers,67,59,W,22,41,0.537,7,16,0.438,16,19,0.842,5,19,24,12,3,1,8,7,8,22,46,0.478,9,21,0.429,6,8,0.75,3,11,14,11,7,3,7,14,-8
0022200900,2023-02-24,2022-23,regular_season,False,1610612741,CHI,Chicago Bulls,1610612751,BKN,Brooklyn Nets,68,58,W,25,39,0.641,7,14,0.5,11,16,0.688,4,17,21,16,1,2,6,10,10,20,40,0.5,9,22,0.409,9,12,0.75,2,9,11,12,4,2,5,13,-10
0022200899,2023-02-24,2022-23,regular_season,False,1610612756,PHX,Phoenix Suns,1610612760,OKC,Oklahoma City Thunder,59,55,W,21,45,0.467,8,22,0.364,9,12,0.75,5,20,25,11,3,2,4,13,4,18,43,0.419,8,20,0.4,11,14,0.786,5,17,22,10,2,2,6,8,-4
0022200898,2023-02-24,2022-23,regular_season,False,1610612750,MIN,Minnesota Timberwolves,1610612766,CHA,Charlotte Hornets,49,49,L,21,48,0.438,7,22,0.318,0,1,0.0,3,20,23,13,3,8,7,9,0,19,49,0.388,4,14,0.286,7,8,0.875,9,22,31,9,3,4,6,6,0
0022200895,2023-02-24,2022-23,regular_season,False,1610612764,WAS,Washington Wizards,1610612752,NYK,New York Knicks,45,55,L,16,36,0.444,7,23,0.304,6,6,1.0,3,16,19,10,2,5,10,10,-10,20,46,0.435,6,17,0.353,9,11,0.818,7,15,22,12,5,0,4,10,10
0022200896,2023-02-24,2022-23,regular_season,False,1610612737,ATL,Atlanta Hawks,1610612739,CLE,Cleveland Cavaliers,55,62,L,20,38,0.526,8,16,0.5,7,9,0.778,1,18,19,12,1,4,9,12,-7,21,44,0.477,7,17,0.412,13,15,0.867,5,16,21,11,5,2,3,11,7
0022200901,2023-02-24,2022-23,regular_season,False,1610612744,GSW,Golden State Warriors,1610612745,HOU,Houston Rockets,50,52,L,17,39,0.436,12,27,0.444,4,4,1.0,5,16,21,12,1,2,11,8,-2,19,42,0.452,7,18,0.389,7,9,0.778,4,14,18,11,7,3,3,8,2
0022200897,2023-02-24,2022-23,regular_season,False,1610612749,MIL,Milwaukee Bucks,1610612748,MIA,Miami Heat,55,43,W,20,49,0.408,9,25,0.36,6,9,0.667,7,24,31,14,4,0,7,9,12,15,43,0.349,6,26,0.231,7,9,0.778,3,18,21,12,2,4,6,9,-12
0022200902,2023-02-24,2022-23,regular_season,False,1610612746,LAC,LA Clippers,1610612758,SAC,Sacramento Kings,95,100,L,34,55,0.618,14,24,0.583,13,16,0.812,3,22,25,19,5,3,18,18,-5,36,65,0.554,11,26,0.423,17,23,0.739,9,15,24,17,12,2,9,14,5
0022200908,2023-02-25,2022-23,regular_season,False,1610612755,PHI,Philadelphia 76ers,1610612738,BOS,Boston Celtics,51,60,L,16,38,0.421,4,12,0.333,15,18,0.833,3,15,18,8,2,1,4,7,-9,24,44,0.545,9,21,0.429,3,5,0.6,5,17,22,12,4,1,5,11,9
0022200909,2023-02-25,2022-23,regular_season,False,1610612762,UTA,Utah Jazz,1610612759,SAS,San Antonio Spurs,63,37,W,22,42,0.524,7,15,0.467,12,15,0.8,8,25,33,15,2,8,9,6,26,14,48,0.292,1,16,0.062,8,11,0.727,5,13,18,5,4,1,4,12,-26
0022200907,2023-02-25,2022-23,regular_season,False,1610612763,MEM,Memphis Grizzlies,1610612743,DEN,Denver Nuggets,46,52,L,17,45,0.378,6,23,0.261,6,6,1.0,6,20,26,10,4,1,9,7,-6,20,47,0.426,8,21,0.381,4,6,0.667,5,21,26,15,3,2,5,6,6
0022200906,2023-02-25,2022-23,regular_season,False,1610612752,NYK,New York Knicks,1610612740,NOP,New Orleans Pelicans,55,54,W,20,42,0.476,6,22,0.273,9,11,0.818,6,25,31,10,1,3,14,13,1,20,53,0.377,6,19,0.316,8,11,0.727,5,15,20,14,8,0,2,8,-1
0022200905,2023-02-25,2022-23,regular_season,False,1610612753,ORL,Orlando Magic,1610612754,IND,Indiana Pacers,56,70,L,17,44,0.386,3,15,0.2,19,23,0.826,9,16,25,7,3,2,8,7,-14,29,49,0.592,9,19,0.474,3,4,0.75,5,18,23,20,6,1,5,14,14
0022200904,2023-02-25,2022-23,regular_season,False,1610612766,CHA,Charlotte Hornets,1610612748,MIA,Miami Heat,54,52,W,21,41,0.512,6,16,0.375,6,9,0.667,5,15,20,9,6,0,10,12,2,17,37,0.459,6,20,0.3,12,17,0.706,5,14,19,12,4,1,12,12,-2
0022200903,2023-02-25,2022-23,regular_season,False,1610612765,DET,Detroit Pistons,1610612761,TOR,Toronto Raptors,47,51,L,19,40,0.475,3,9,0.333,6,8,0.75,4,20,24,16,2,3,9,14,-4,18,47,0.383,5,13,0.385,10,14,0.714,6,15,21,12,7,2,4,10,4
0022200918,2023-02-26,2022-23,regular_season,False,1610612743,DEN,Denver Nuggets,1610612746,LAC,LA Clippers,68,66,W,23,51,0.451,6,18,0.333,16,22,0.727,7,19,26,17,5,1,8,15,2,21,44,0.477,4,17,0.235,20,24,0.833,4,20,24,10,5,4,8,17,-2
0022200917,2023-02-26,2022-23,regular_season,False,1610612757,POR,Portland Trail Blazers,1610612745,HOU,Houston Rockets,58,56,W,18,37,0.486,10,21,0.476,12,15,0.8,2,11,13,10,6,5,7,11,2,22,47,0.468,5,13,0.385,7,10,0.7,8,18,26,13,3,1,10,13,-2
0022200915,2023-02-26,2022-23,regular_season,False,1610612760,OKC,Oklahoma City Thunder,1610612758,SAC,Sacramento Kings,65,66,L,21,40,0.525,12,21,0.571,11,14,0.786,1,11,12,14,4,0,5,10,-1,23,38,0.605,10,19,0.526,10,14,0.714,6,16,22,14,3,1,12,12,1
0022200914,2023-02-26,2022-23,regular_season,False,1610612739,CLE,Cleveland Cavaliers,1610612761,TOR,Toronto Raptors,54,41,W,20,39,0.513,9,18,0.5,5,7,0.714,5,23,28,15,3,2,11,8,13,15,47,0.319,5,14,0.357,6,8,0.75,5,13,18,8,3,2,6,9,-13
0022200916,2023-02-26,2022-23,regular_season,False,1610612744,GSW,Golden State Warriors,1610612750,MIN,Minnesota Timberwolves,50,47,W,19,42,0.452,9,22,0.409,3,4,0.75,7,22,29,12,5,2,10,8,3,17,45,0.378,9,24,0.375,4,8,0.5,5,14,19,12,7,2,5,4,-3
0022200912,2023-02-26,2022-23,regular_season,False,1610612741,CHI,Chicago Bulls,1610612764,WAS,Washington Wizards,55,37,W,22,43,0.512,7,19,0.368,4,7,0.571,6,16,22,14,3,2,3,12,18,13,35,0.371,1,9,0.111,10,18,0.556,5,17,22,8,1,1,8,8,-18
0022200911,2023-02-26,2022-23,regular_season,False,1610612737,ATL,Atlanta Hawks,1610612751,BKN,Brooklyn Nets,65,70,L,23,45,0.511,6,13,0.462,13,13,1.0,7,14,21,9,5,0,9,11,-5,22,41,0.537,10,20,0.5,16,17,0.941,2,13,15,10,6,4,7,9,5
0022200910,2023-02-26,2022-23,regular_season,False,1610612749,MIL,Milwaukee Bucks,1610612756,PHX,Phoenix Suns,51,55,L,20,40,0.5,7,19,0.368,4,9,0.444,4,15,19,8,1,2,8,10,-4,23,44,0.523,3,9,0.333,6,11,0.545,5,18,23,10,3,1,5,12,4
0022200913,2023-02-26,2022-23,regular_season,False,1610612742,DAL,Dallas Mavericks,1610612747,LAL,Los Angeles Lakers,47,64,L,17,47,0.362,8,26,0.308,5,7,0.714,7,10,17,8,2,1,7,10,-17,26,47,0.553,3,13,0.231,9,12,0.75,9,21,30,15,5,3,6,9,17
0022200919,2023-02-27,2022-23,regular_season,False,1610612766,CHA,Charlotte Hornets,1610612765,DET,Detroit Pistons,52,60,L,20,42,0.476,4,11,0.364,8,9,0.889,5,15,20,11,3,0,10,13,-8,25,43,0.581,1,8,0.125,9,17,0.529,6,15,21,11,5,2,4,9,8
0022200920,2023-02-27,2022-23,regular_season,False,1610612755,PHI,Philadelphia 76ers,1610612748,MIA,Miami Heat,49,43,W,18,43,0.419,4,14,0.286,9,10,0.9,7,16,23,12,4,2,9,11,6,13,33,0.394,6,15,0.4,11,14,0.786,2,13,15,7,4,2,9,9,-6
0022200921,2023-02-27,2022-23,regular_season,False,1610612752,NYK,New York Knicks,1610612738,BOS,Boston Celtics,49,48,W,15,37,0.405,6,17,0.353,13,18,0.722,4,19,23,9,5,2,9,6,1,19,43,0.442,7,23,0.304,3,4,0.75,4,13,17,13,2,3,6,10,-1
0022200922,2023-02-27,2022-23,regular_season,False,1610612740,NOP,New Orleans Pelicans,1610612753,ORL,Orlando Magic,44,51,L,16,37,0.432,4,16,0.25,8,10,0.8,4,12,16,12,5,1,7,16,-7,18,37,0.486,3,17,0.176,12,14,0.857,4,17,21,8,4,0,8,10,7
0022200930,2023-02-28,2022-23,regular_season,False,1610612762,UTA,Utah Jazz,1610612759,SAS,San Antonio Spurs,46,52,L,14,48,0.292,4,19,0.211,14,17,0.824,8,20,28,4,4,3,9,10,-6,18,41,0.439,4,14,0.286,12,17,0.706,2,20,22,10,4,3,6,11,6
0022200932,2023-02-28,2022-23,regular_season,False,1610612746,LAC,LA Clippers,1610612750,MIN,Minnesota Timberwolves,45,50,L,16,40,0.4,6,14,0.429,7,8,0.875,4,15,19,8,6,2,13,9,-5,20,40,0.5,4,10,0.4,6,12,0.5,3,19,22,8,7,2,12,9,5
0022200931,2023-02-28,2022-23,regular_season,False,1610612744,GSW,Golden State Warriors,1610612757,POR,Portland Trail Blazers,75,40,W,31,46,0.674,7,14,0.5,6,8,0.75,6,20,26,23,4,2,7,6,35,15,42,0.357,4,20,0.2,6,7,0.857,4,8,12,10,3,1,8,8,-35
0022200929,2023-02-28,2022-23,regular_season,False,1610612742,DAL,Dallas Mavericks,1610612754,IND,Indiana Pacers,63,55,W,23,46,0.5,9,23,0.391,8,8,1.0,5,15,20,12,2,1,5,15,8,20,37,0.541,5,11,0.455,10,14,0.714,1,14,15,12,3,6,5,8,-8
0022200928,2023-02-28,2022-23,regular_season,False,1610612760,OKC,Oklahoma City Thunder,1610612758,SAC,Sacramento Kings,51,52,L,18,43,0.419,4,16,0.25,11,14,0.786,4,15,19,12,5,0,6,11,-1,20,42,0.476,7,23,0.304,5,9,0.556,7,22,29,15,1,2,14,11,1
0022200926,2023-02-28,2022-23,regular_season,False,1610612745,HOU,Houston Rockets,1610612743,DEN,Denver Nuggets,58,59,L,25,48,0.521,6,18,0.333,2,2,1.0,4,16,20,14,1,3,4,7,-1,23,44,0.523,6,17,0.353,7,10,0.7,6,17,23,16,2,2,4,3,1
0022200925,2023-02-28,2022-23,regular_season,False,1610612761,TOR,Toronto Raptors,1610612741,CHI,Chicago Bulls,60,52,W,21,46,0.457,10,21,0.476,8,13,0.615,11,13,24,14,5,4,5,9,8,18,35,0.514,6,13,0.462,10,13,0.769,5,14,19,12,4,3,10,11,-8
0022200924,2023-02-28,2022-23,regular_season,False,1610612751,BKN,Brooklyn Nets,1610612749,MIL,Milwaukee Bucks,42,66,L,16,45,0.356,4,19,0.211,6,9,0.667,2,16,18,9,3,3,5,9,-24,28,54,0.519,8,21,0.381,2,6,0.333,7,28,35,16,4,2,5,9,24
0022200923,2023-02-28,2022-23,regular_season,False,1610612737,ATL,Atlanta Hawks,1610612764,WAS,Washington Wizards,60,67,L,20,43,0.465,8,16,0.5,12,13,0.923,6,13,19,10,0,4,6,11,-7,28,49,0.571,4,9,0.444,7,9,0.778,5,15,20,11,3,4,2,11,7
0022200927,2023-02-28,2022-23,regular_season,False,1610612763,MEM,Memphis Grizzlies,1610612747,LAL,Los Angeles Lakers,75,60,W,31,52,0.596,3,12,0.25,10,13,0.769,7,15,22,14,9,4,3,8,15,21,42,0.5,7,17,0.412,11,12,0.917,5,15,20,13,1,4,11,11,-15
0022200939,2023-03-01,2022-23,regular_season,False,1610612749,MIL,Milwaukee Bucks,1610612753,ORL,Orlando Magic,63,51,W,22,44,0.5,11,30,0.367,8,11,0.727,4,21,25,12,2,1,5,12,12,18,47,0.383,3,21,0.143,12,15,0.8,7,19,26,7,2,1,6,11,-12
0022200941,2023-03-01,2022-23,regular_season,False,1610612757,POR,Portland Trail Blazers,1610612740,NOP,New Orleans Pelicans,54,68,L,16,35,0.457,4,16,0.25,18,19,0.947,4,12,16,9,0,2,6,7,-14,27,46,0.587,7,13,0.538,7,9,0.778,7,14,21,18,4,1,0,13,14
0022200940,2023-03-01,2022-23,regular_season,False,1610612760,OKC,Oklahoma City Thunder,1610612747,LAL,Los Angeles Lakers,57,66,L,22,45,0.489,2,16,0.125,11,14,0.786,5,14,19,13,2,3,6,19,-9,19,36,0.528,6,15,0.4,22,27,0.815,4,14,18,9,2,6,6,12,9
0022200938,2023-03-01,2022-23,regular_season,False,1610612745,HOU,Houston Rockets,1610612763,MEM,Memphis Grizzlies,55,66,L,20,42,0.476,6,15,0.4,9,14,0.643,7,16,23,8,1,2,8,8,-11,25,45,0.556,10,22,0.455,6,7,0.857,3,15,18,16,2,4,2,10,11
0022200937,2023-03-01,2022-23,regular_season,False,1610612752,NYK,New York Knicks,1610612751,BKN,Brooklyn Nets,61,61,W,22,42,0.524,6,15,0.4,11,17,0.647,4,19,23,12,3,1,8,7,0,24,47,0.511,7,18,0.389,6,6,1.0,3,15,18,14,3,5,8,13,0
0022200936,2023-03-01,2022-23,regular_season,False,1610612748,MIA,Miami Heat,1610612755,PHI,Philadelphia 76ers,43,48,L,15,37,0.405,3,14,0.214,10,11,0.909,1,15,16,8,0,0,5,8,-5,18,39,0.462,4,18,0.222,8,8,1.0,3,18,21,10,1,2,6,10,5
0022200935,2023-03-01,2022-23,regular_season,False,1610612738,BOS,Boston Celtics,1610612739,CLE,Cleveland Cavaliers,62,61,W,19,38,0.5,9,15,0.6,15,18,0.833,4,16,20,13,2,1,7,7,1,25,47,0.532,5,19,0.263,6,8,0.75,5,13,18,9,5,1,3,12,-1
0022200934,2023-03-01,2022-23,regular_season,False,1610612765,DET,Detroit Pistons,1610612741,CHI,Chicago Bulls,61,48,W,20,40,0.5,7,18,0.389,14,17,0.824,4,17,21,11,7,2,8,15,13,13,35,0.371,4,10,0.4,18,23,0.783,4,15,19,7,3,2,11,13,-13
0022200933,2023-03-01,2022-23,regular_season,False,1610612766,CHA,Charlotte Hornets,1610612756,PHX,Phoenix Suns,50,48,W,16,43,0.372,5,13,0.385,13,22,0.591,8,19,27,10,1,6,7,12,2,16,41,0.39,4,13,0.308,12,15,0.8,2,20,22,11,4,5,8,14,-2
0022200942,2023-03-02,2022-23,regular_season,False,1610612764,WAS,Washington Wizards,1610612761,TOR,Toronto Raptors,60,58,W,19,40,0.475,6,13,0.462,16,18,0.889,4,14,18,15,2,1,6,7,2,22,46,0.478,5,18,0.278,9,9,1.0,8,14,22,16,4,3,7,14,-2
0022200943,2023-03-02,2022-23,regular_season,False,1610612742,DAL,Dallas Mavericks,1610612755,PHI,Philadelphia 76ers,62,59,W,20,37,0.541,13,23,0.565,9,13,0.692,3,14,17,13,4,0,10,9,3,22,41,0.537,6,14,0.429,9,12,0.75,3,14,17,12,7,1,6,13,-3
0022200944,2023-03-02,2022-23,regular_season,False,1610612759,SAS,San Antonio Spurs,1610612754,IND,Indiana Pacers,58,45,W,22,45,0.489,8,17,0.471,6,7,0.857,7,19,26,16,3,3,12,8,13,19,44,0.432,4,12,0.333,3,5,0.6,3,12,15,10,7,5,8,10,-13
0022200945,2023-03-02,2022-23,regular_season,False,1610612744,GSW,Golden State Warriors,1610612746,LAC,LA Clippers,70,35,W,23,45,0.511,11,23,0.478,13,15,0.867,8,24,32,17,7,4,7,13,35,10,45,0.222,3,22,0.136,12,14,0.857,8,15,23,6,2,3,11,13,-35
0022200953,2023-03-03,2022-23,regular_season,False,1610612744,GSW,Golden State Warriors,1610612740,NOP,New Orleans Pelicans,54,42,W,19,36,0.528,6,16,0.375,10,12,0.833,3,19,22,13,4,3,9,11,12,14,38,0.368,3,15,0.2,11,17,0.647,6,10,16,5,5,3,7,10,-12
0022200952,2023-03-03,2022-23,regular_season,False,1610612743,DEN,Denver Nuggets,1610612763,MEM,Memphis Grizzlies,63,39,W,23,47,0.489,6,18,0.333,11,13,0.846,11,19,30,13,3,3,5,10,24,13,37,0.351,4,10,0.4,9,15,0.6,5,11,16,9,2,2,6,13,-24
0022200955,2023-03-03,2022-23,regular_season,False,1610612747,LAL,Los Angeles Lakers,1610612750,MIN,Minnesota Timberwolves,47,54,L,16,39,0.41,4,13,0.308,11,14,0.786,5,16,21,9,4,1,8,9,-7,22,43,0.512,7,17,0.412,3,4,0.75,4,15,19,15,6,3,7,11,7
0022200954,2023-03-03,2022-23,regular_season,False,1610612758,SAC,Sacramento Kings,1610612746,LAC,LA Clippers,60,64,L,22,43,0.512,4,14,0.286,12,12,1.0,5,18,23,13,2,1,7,12,-4,22,40,0.55,8,23,0.348,12,18,0.667,3,14,17,14,5,3,4,11,4
0022200951,2023-03-03,2022-23,regular_season,False,1610612760,OKC,Oklahoma City Thunder,1610612762,UTA,Utah Jazz,63,51,W,27,53,0.509,4,18,0.222,5,8,0.625,8,17,25,17,6,4,2,12,12,18,40,0.45,4,12,0.333,11,16,0.688,7,18,25,12,1,5,9,8,-12
0022200946,2023-03-03,2022-23,regular_season,False,1610612766,CHA,Charlotte Hornets,1610612753,ORL,Orlando Magic,58,53,W,19,34,0.559,6,12,0.5,14,17,0.824,3,14,17,14,3,0,10,9,5,21,40,0.525,5,13,0.385,6,7,0.857,4,11,15,7,3,0,7,15,-5
0022200949,2023-03-03,2022-23,regular_season,False,1610612748,MIA,Miami Heat,1610612752,NYK,New York Knicks,64,51,W,21,36,0.583,7,11,0.636,15,16,0.938,4,17,21,13,2,2,6,8,13,21,40,0.525,7,19,0.368,2,3,0.667,2,11,13,7,4,1,6,10,-13
0022200948,2023-03-03,2022-23,regular_season,False,1610612738,BOS,Boston Celtics,1610612751,BKN,Brooklyn Nets,41,60,L,16,37,0.432,2,12,0.167,7,10,0.7,6,16,22,10,4,6,12,12,-19,19,47,0.404,8,23,0.348,14,16,0.875,10,15,25,9,7,3,6,10,19
0022200947,2023-03-03,2022-23,regular_season,False,1610612737,ATL,Atlanta Hawks,1610612757,POR,Portland Trail Blazers,70,62,W,28,45,0.622,7,14,0.5,7,8,0.875,4,14,18,14,7,0,8,6,8,25,46,0.543,8,24,0.333,4,5,0.8,5,11,16,15,4,5,9,9,-8
0022200950,2023-03-03,2022-23,regular_season,False,1610612741,CHI,Chicago Bulls,1610612756,PHX,Phoenix Suns,40,65,L,17,45,0.378,2,11,0.182,4,7,0.571,7,9,16,10,3,1,3,6,-25,22,43,0.512,12,25,0.48,9,9,1.0,9,14,23,14,1,5,5,9,25
0022200956,2023-03-04,2022-23,regular_season,False,1610612764,WAS,Washington Wizards,1610612761,TOR,Toronto Raptors,56,63,L,19,43,0.442,10,16,0.625,8,9,0.889,6,16,22,14,4,1,11,8,-7,25,45,0.556,7,18,0.389,6,7,0.857,3,14,17,18,6,3,7,9,7
0022200957,2023-03-04,2022-23,regular_season,False,1610612739,CLE,Cleveland Cavaliers,1610612765,DET,Detroit Pistons,60,45,W,23,40,0.575,7,20,0.35,7,13,0.538,3,16,19,14,9,3,4,9,15,16,42,0.381,4,17,0.235,9,11,0.818,6,17,23,9,1,3,10,8,-15
0022200958,2023-03-04,2022-23,regular_season,False,1610612748,MIA,Miami Heat,1610612737,ATL,Atlanta Hawks,51,60,L,19,41,0.463,6,18,0.333,7,8,0.875,6,13,19,13,1,2,10,12,-9,18,38,0.474,4,16,0.25,20,21,0.952,6,15,21,8,6,0,7,9,9
0022200959,2023-03-04,2022-23,regular_season,False,1610612759,SAS,San Antonio Spurs,1610612745,HOU,Houston Rockets,42,52,L,16,46,0.348,4,17,0.235,6,6,1.0,7,16,23,10,2,0,5,8,-10,21,41,0.512,4,11,0.364,6,9,0.667,7,18,25,11,3,2,8,13,10
0022200960,2023-03-04,2022-23,regular_season,False,1610612749,MIL,Milwaukee Bucks,1610612755,PHI,Philadelphia 76ers,71,80,L,21,42,0.5,12,19,0.632,17,18,0.944,8,13,21,17,1,0,7,14,-9,24,41,0.585,12,21,0.571,20,24,0.833,4,10,14,15,3,1,2,14,9
0022200961,2023-03-04,2022-23,regular_season,False,1610612758,SAC,Sacramento Kings,1610612750,MIN,Minnesota Timberwolves,70,64,W,25,43,0.581,10,16,0.625,10,15,0.667,5,14,19,15,3,1,2,9,6,22,40,0.55,9,20,0.45,11,14,0.786,4,16,20,12,1,3,5,10,-6
0022200973,2023-03-05,2022-23,regular_season,False,1610612764,WAS,Washington Wizards,1610612749,MIL,Milwaukee Bucks,63,58,W,25,52,0.481,5,14,0.357,8,9,0.889,11,16,27,12,4,1,6,10,5,18,37,0.486,10,20,0.5,12,14,0.857,3,13,16,15,3,2,7,12,-5
0022200970,2023-03-05,2022-23,regular_season,False,1610612746,LAC,LA Clippers,1610612763,MEM,Memphis Grizzlies,68,68,W,23,40,0.575,5,14,0.357,17,18,0.944,5,19,24,13,3,0,9,9,0,26,46,0.565,11,19,0.579,5,7,0.714,2,10,12,15,7,2,5,14,0
0022200969,2023-03-05,2022-23,regular_season,False,1610612738,BOS,Boston Celtics,1610612752,NYK,New York Knicks,68,77,L,22,61,0.361,12,34,0.353,12,14,0.857,6,22,28,14,3,4,6,18,-9,26,50,0.52,10,21,0.476,15,23,0.652,5,27,32,11,3,3,10,15,9
0022200967,2023-03-05,2022-23,regular_season,False,1610612745,HOU,Houston Rockets,1610612759,SAS,San Antonio Spurs,69,47,W,24,38,0.632,7,16,0.438,14,16,0.875,2,20,22,14,6,2,8,9,22,19,46,0.413,4,18,0.222,5,10,0.5,8,11,19,10,3,2,10,11,-22
0022200968,2023-03-05,2022-23,regular_season,False,1610612760,OKC,Oklahoma City Thunder,1610612762,UTA,Utah Jazz,59,68,L,21,41,0.512,6,19,0.316,11,13,0.846,4,8,12,12,6,2,6,9,-9,27,46,0.587,6,16,0.375,8,11,0.727,10,13,23,18,4,3,8,11,9
0022200965,2023-03-05,2022-23,regular_season,False,1610612751,BKN,Brooklyn Nets,1610612766,CHA,Charlotte Hornets,32,45,L,11,44,0.25,2,17,0.118,8,9,0.889,6,21,27,5,2,5,7,5,-13,18,45,0.4,5,17,0.294,4,6,0.667,4,24,28,7,2,3,3,6,13
0022200964,2023-03-05,2022-23,regular_season,False,1610612747,LAL,Los Angeles Lakers,1610612744,GSW,Golden State Warriors,58,51,W,20,45,0.444,7,17,0.412,11,12,0.917,4,19,23,13,2,1,4,7,7,18,46,0.391,7,28,0.25,8,9,0.889,5,17,22,14,2,3,6,9,-7
0022200963,2023-03-05,2022-23,regular_season,False,1610612741,CHI,Chicago Bulls,1610612754,IND,Indiana Pacers,62,58,W,22,38,0.579,6,14,0.429,12,13,0.923,4,16,20,11,1,3,6,10,4,23,48,0.479,6,24,0.25,6,8,0.75,6,10,16,13,1,3,2,9,-4
0022200962,2023-03-05,2022-23,regular_season,False,1610612742,DAL,Dallas Mavericks,1610612756,PHX,Phoenix Suns,64,71,L,19,38,0.5,5,16,0.312,21,23,0.913,1,12,13,4,3,0,4,14,-7,24,43,0.558,8,18,0.444,15,18,0.833,5,17,22,14,2,1,5,18,7
0022200966,2023-03-05,2022-23,regular_season,False,1610612753,ORL,Orlando Magic,1610612757,POR,Portland Trail Blazers,63,64,L,19,40,0.475,6,16,0.375,19,23,0.826,3,19,22,10,4,2,4,12,-1,20,44,0.455,10,28,0.357,14,16,0.875,4,17,21,15,4,4,5,15,1
0022200977,2023-03-06,2022-23,regular_season,False,1610612765,DET,Detroit Pistons,1610612757,POR,Portland Trail Blazers,53,51,W,20,45,0.444,5,15,0.333,8,10,0.8,10,20,30,15,5,3,8,10,2,17,40,0.425,9,20,0.45,8,9,0.889,3,16,19,15,3,4,7,9,-2
0022200975,2023-03-06,2022-23,regular_season,False,1610612743,DEN,Denver Nuggets,1610612761,TOR,Toronto Raptors,60,52,W,21,39,0.538,5,14,0.357,13,16,0.812,6,15,21,14,6,1,8,6,8,19,40,0.475,6,13,0.462,8,10,0.8,4,13,17,14,4,1,8,13,-8
0022200976,2023-03-06,2022-23,regular_season,False,1610612758,SAC,Sacramento Kings,1610612740,NOP,New Orleans Pelicans,64,49,W,24,42,0.571,6,19,0.316,10,15,0.667,1,18,19,19,3,1,3,8,15,20,42,0.476,2,13,0.154,7,9,0.778,4,18,22,11,2,2,7,11,-15
0022200972,2023-03-06,2022-23,regular_season,False,1610612754,IND,Indiana Pacers,1610612755,PHI,Philadelphia 76ers,64,69,L,20,36,0.556,8,17,0.471,16,22,0.727,2,15,17,11,1,3,7,12,-5,23,42,0.548,6,18,0.333,17,18,0.944,1,15,16,19,4,2,2,16,5
0022200971,2023-03-06,2022-23,regular_season,False,1610612739,CLE,Cleveland Cavaliers,1610612738,BOS,Boston Celtics,62,46,W,23,55,0.418,4,17,0.235,12,13,0.923,13,24,37,13,3,6,6,12,16,17,53,0.321,3,23,0.13,9,14,0.643,12,19,31,7,2,3,8,12,-16
0022200974,2023-03-06,2022-23,regular_season,False,1610612748,MIA,Miami Heat,1610612737,ATL,Atlanta Hawks,67,60,W,21,40,0.525,9,17,0.529,16,18,0.889,4,14,18,11,5,1,5,10,7,22,46,0.478,4,17,0.235,12,13,0.923,6,14,20,11,2,0,7,13,-7
0022200983,2023-03-07,2022-23,regular_season,False,1610612742,DAL,Dallas Mavericks,1610612762,UTA,Utah Jazz,61,57,W,20,42,0.476,10,20,0.5,11,12,0.917,2,18,20,12,3,2,10,13,4,19,43,0.442,7,21,0.333,12,16,0.75,2,15,17,11,6,1,6,13,-4
0022200769,2023-03-07,2022-23,regular_season,False,1610612765,DET,Detroit Pistons,1610612764,WAS,Washington Wizards,59,66,L,20,42,0.476,6,14,0.429,13,15,0.867,6,8,14,11,1,2,6,9,-7,28,44,0.636,4,11,0.364,6,9,0.667,5,12,17,11,4,3,6,12,7
0022200978,2023-03-07,2022-23,regular_season,False,1610612753,ORL,Orlando Magic,1610612749,MIL,Milwaukee Bucks,63,64,L,25,53,0.472,5,15,0.333,8,10,0.8,5,15,20,15,4,0,5,12,-1,22,37,0.595,4,12,0.333,16,18,0.889,1,17,18,14,3,4,9,8,1
0022200979,2023-03-07,2022-23,regular_season,False,1610612752,NYK,New York Knicks,1610612766,CHA,Charlotte Hornets,39,62,L,14,47,0.298,2,18,0.111,9,12,0.75,6,12,18,5,1,2,5,11,-23,22,44,0.5,7,18,0.389,11,14,0.786,8,18,26,15,1,4,7,11,23
0022200980,2023-03-07,2022-23,regular_season,False,1610612750,MIN,Minnesota Timberwolves,1610612755,PHI,Philadelphia 76ers,49,59,L,17,41,0.415,5,18,0.278,10,15,0.667,2,12,14,8,5,5,4,10,-10,17,36,0.472,8,9,0.889,17,17,1.0,4,22,26,10,3,3,10,11,10
0022200981,2023-03-07,2022-23,regular_season,False,1610612745,HOU,Houston Rockets,1610612751,BKN,Brooklyn Nets,42,59,L,13,43,0.302,4,17,0.235,12,19,0.632,10,17,27,7,4,1,8,13,-17,19,37,0.514,6,17,0.353,15,18,0.833,1,20,21,13,7,5,7,12,17
0022200982,2023-03-07,2022-23,regular_season,False,1610612760,OKC,Oklahoma City Thunder,1610612744,GSW,Golden State Warriors,69,64,W,23,39,0.59,4,12,0.333,19,22,0.864,4,14,18,11,4,1,9,9,5,22,39,0.564,10,23,0.435,10,11,0.909,3,9,12,18,3,0,11,18,-5
0022200984,2023-03-07,2022-23,regular_season,False,1610612747,LAL,Los Angeles Lakers,1610612763,MEM,Memphis Grizzlies,56,46,W,19,41,0.463,3,9,0.333,15,20,0.75,5,25,30,10,1,1,8,9,10,16,45,0.356,3,18,0.167,11,15,0.733,3,17,20,8,2,4,3,15,-10
0022200989,2023-03-08,2022-23,regular_season,False,1610612743,DEN,Denver Nuggets,1610612741,CHI,Chicago Bulls,44,66,L,16,45,0.356,7,22,0.318,5,11,0.455,7,15,22,12,3,1,7,7,-22,25,44,0.568,6,10,0.6,10,11,0.909,4,24,28,13,6,2,5,9,22
0022200991,2023-03-08,2022-23,regular_season,False,1610612746,LAC,LA Clippers,1610612761,TOR,Toronto Raptors,59,51,W,21,39,0.538,3,10,0.3,14,16,0.875,7,18,25,13,5,1,7,12,8,18,48,0.375,6,18,0.333,9,10,0.9,8,12,20,9,4,1,6,12,-8
0022200988,2023-03-08,2022-23,regular_season,False,1610612740,NOP,New Orleans Pelicans,1610612742,DAL,Dallas Mavericks,54,63,L,18,36,0.5,8,14,0.571,10,12,0.833,4,18,22,15,2,2,9,8,-9,21,42,0.5,13,28,0.464,8,9,0.889,1,12,13,13,2,0,3,10,9
0022200990,2023-03-08,2022-23,regular_season,False,1610612756,PHX,Phoenix Suns,1610612760,OKC,Oklahoma City Thunder,72,49,W,27,53,0.509,12,24,0.5,6,7,0.857,10,22,32,15,4,2,6,10,23,16,40,0.4,5,20,0.25,12,13,0.923,0,17,17,9,3,1,8,7,-23
0022200986,2023-03-08,2022-23,regular_season,False,1610612738,BOS,Boston Celtics,1610612757,POR,Portland Trail Blazers,55,48,W,21,43,0.488,9,22,0.409,4,10,0.4,2,22,24,11,3,1,4,9,7,16,42,0.381,6,19,0.316,10,11,0.909,3,22,25,9,3,2,7,9,-7
0022200985,2023-03-08,2022-23,regular_season,False,1610612764,WAS,Washington Wizards,1610612737,ATL,Atlanta Hawks,59,64,L,21,41,0.512,9,17,0.529,8,9,0.889,5,17,22,15,4,0,8,11,-5,22,42,0.524,8,16,0.5,12,16,0.75,5,15,20,12,3,3,4,8,5
0022200987,2023-03-08,2022-23,regular_season,False,1610612748,MIA,Miami Heat,1610612739,CLE,Cleveland Cavaliers,47,47,L,16,35,0.457,3,14,0.214,12,16,0.75,5,11,16,10,5,1,11,11,0,18,37,0.486,4,13,0.308,7,9,0.778,5,13,18,12,6,1,12,12,0
0022200992,2023-03-09,2022-23,regular_season,False,1610612765,DET,Detroit Pistons,1610612766,CHA,Charlotte Hornets,53,54,L,21,45,0.467,5,10,0.5,6,6,1.0,7,14,21,9,3,4,7,10,-1,18,37,0.486,5,11,0.455,13,21,0.619,7,16,23,10,4,2,8,9,1
0022200993,2023-03-09,2022-23,regular_season,False,1610612754,IND,Indiana Pacers,1610612745,HOU,Houston Rockets,70,67,W,24,53,0.453,10,23,0.435,12,13,0.923,3,22,25,15,5,7,6,14,3,24,55,0.436,4,10,0.4,15,20,0.75,8,25,33,10,3,4,8,15,-3
0022200994,2023-03-09,2022-23,regular_season,False,1610612753,ORL,Orlando Magic,1610612762,UTA,Utah Jazz,68,67,W,23,47,0.489,10,21,0.476,12,21,0.571,9,10,19,11,6,2,5,7,1,26,43,0.605,6,13,0.462,9,9,1.0,6,11,17,12,5,4,8,15,-1
0022200995,2023-03-09,2022-23,regular_season,False,1610612749,MIL,Milwaukee Bucks,1610612751,BKN,Brooklyn Nets,54,66,L,21,47,0.447,5,18,0.278,7,10,0.7,10,17,27,15,3,6,9,8,-12,24,51,0.471,9,18,0.5,9,9,1.0,7,14,21,14,5,2,5,10,12
0022200996,2023-03-09,2022-23,regular_season,False,1610612763,MEM,Memphis Grizzlies,1610612744,GSW,Golden State Warriors,54,51,W,22,43,0.512,9,19,0.474,1,2,0.5,3,18,21,15,2,2,7,11,3,16,37,0.432,8,23,0.348,11,12,0.917,3,14,17,12,4,1,8,6,-3
0022200997,2023-03-09,2022-23,regular_season,False,1610612758,SAC,Sacramento Kings,1610612752,NYK,New York Knicks,53,64,L,17,41,0.415,3,16,0.188,16,21,0.762,3,14,17,10,5,2,5,9,-11,24,50,0.48,7,26,0.269,9,14,0.643,11,24,35,15,4,1,8,15,11
0022200998,2023-03-10,2022-23,regular_season,False,1610612755,PHI,Philadelphia 76ers,1610612757,POR,Portland Trail Blazers,64,48,W,23,39,0.59,6,12,0.5,12,13,0.923,5,17,22,11,3,4,6,14,16,16,38,0.421,4,17,0.235,12,19,0.632,3,11,14,8,4,2,4,8,-16
0022200999,2023-03-10,2022-23,regular_season,False,1610612764,WAS,Washington Wizards,1610612737,ATL,Atlanta Hawks,57,58,L,20,42,0.476,5,16,0.312,12,14,0.857,3,14,17,14,5,5,5,10,-1,20,45,0.444,8,16,0.5,10,12,0.833,7,17,24,11,3,1,9,12,1
0022201000,2023-03-10,2022-23,regular_season,False,1610612748,MIA,Miami Heat,1610612739,CLE,Cleveland Cavaliers,69,56,W,25,41,0.61,11,19,0.579,8,8,1.0,1,18,19,14,5,3,6,12,13,20,47,0.426,8,24,0.333,8,11,0.727,5,14,19,13,1,3,5,8,-13
0022201001,2023-03-10,2022-23,regular_season,False,1610612750,MIN,Minnesota Timberwolves,1610612751,BKN,Brooklyn Nets,55,64,L,21,51,0.412,2,17,0.118,11,19,0.579,7,20,27,14,3,4,7,10,-9,21,48,0.438,8,17,0.471,14,17,0.824,5,22,27,9,6,2,8,17,9
0022201002,2023-03-10,2022-23,regular_season,False,1610612759,SAS,San Antonio Spurs,1610612743,DEN,Denver Nuggets,60,53,W,24,47,0.511,7,14,0.5,5,7,0.714,7,18,25,14,5,0,9,11,7,18,37,0.486,7,19,0.368,10,10,1.0,0,12,12,14,6,4,9,5,-7
0022201003,2023-03-10,2022-23,regular_season,False,1610612747,LAL,Los Angeles Lakers,1610612761,TOR,Toronto Raptors,52,50,W,18,36,0.5,6,13,0.462,10,10,1.0,2,14,16,12,7,4,11,6,2,20,40,0.5,3,10,0.3,7,9,0.778,4,14,18,10,8,1,8,8,-2
0022201013,2023-03-11,2022-23,regular_season,False,1610612756,PHX,Phoenix Suns,1610612758,SAC,Sacramento Kings,60,61,L,23,46,0.5,9,26,0.346,5,7,0.714,5,16,21,16,6,2,8,10,-1,22,43,0.512,7,14,0.5,10,11,0.909,3,13,16,9,5,2,8,7,1
0022201012,2023-03-11,2022-23,regular_season,False,1610612744,GSW,Golden State Warriors,1610612749,MIL,Milwaukee Bucks,75,67,W,28,61,0.459,13,31,0.419,6,7,0.857,11,22,33,17,6,1,7,6,8,26,51,0.51,12,26,0.462,3,5,0.6,2,17,19,19,3,3,10,8,-8
0022201011,2023-03-11,2022-23,regular_season,False,1610612740,NOP,New Orleans Pelicans,1610612760,OKC,Oklahoma City Thunder,52,47,W,18,39,0.462,8,19,0.421,8,10,0.8,4,20,24,15,1,4,10,11,5,18,43,0.419,4,14,0.286,7,8,0.875,2,15,17,8,5,0,5,8,-5
0022201009,2023-03-11,2022-23,regular_season,False,1610612745,HOU,Houston Rockets,1610612741,CHI,Chicago Bulls,56,65,L,20,44,0.455,7,18,0.389,9,12,0.75,2,11,13,10,6,2,6,13,-9,22,41,0.537,7,14,0.5,14,16,0.875,6,20,26,14,3,5,7,9,9
0022201010,2023-03-11,2022-23,regular_season,False,1610612763,MEM,Memphis Grizzlies,1610612742,DAL,Dallas Mavericks,56,58,L,17,42,0.405,6,18,0.333,16,20,0.8,6,18,24,11,2,4,4,7,-2,22,43,0.512,8,20,0.4,6,11,0.545,4,19,23,13,1,3,4,12,2
0022201007,2023-03-11,2022-23,regular_season,False,1610612753,ORL,Orlando Magic,1610612748,MIA,Miami Heat,68,59,W,27,56,0.482,8,20,0.4,6,7,0.857,10,20,30,18,6,6,10,12,9,21,50,0.42,7,19,0.368,10,10,1.0,3,16,19,7,3,2,9,8,-9
0022201008,2023-03-11,2022-23,regular_season,False,1610612737,ATL,Atlanta Hawks,1610612738,BOS,Boston Celtics,64,63,W,25,53,0.472,5,18,0.278,9,10,0.9,11,17,28,8,1,2,6,9,1,24,44,0.545,8,18,0.444,7,8,0.875,2,16,18,17,4,4,5,13,-1
0022201006,2023-03-11,2022-23,regular_season,False,1610612765,DET,Detroit Pistons,1610612754,IND,Indiana Pacers,58,52,W,22,46,0.478,5,18,0.278,9,12,0.75,4,21,25,13,4,6,5,10,6,18,47,0.383,4,18,0.222,12,15,0.8,7,21,28,9,4,3,6,9,-6
0022201005,2023-03-11,2022-23,regular_season,False,1610612766,CHA,Charlotte Hornets,1610612762,UTA,Utah Jazz,62,61,W,22,49,0.449,12,20,0.6,6,7,0.857,5,13,18,16,3,5,4,10,1,24,50,0.48,2,11,0.182,11,13,0.846,9,19,28,12,2,2,5,8,-1
0022201004,2023-03-11,2022-23,regular_season,False,1610612746,LAC,LA Clippers,1610612752,NYK,New York Knicks,59,46,W,21,42,0.5,6,16,0.375,11,11,1.0,4,16,20,10,0,2,3,11,13,15,46,0.326,4,20,0.2,12,13,0.923,13,15,28,7,0,1,4,11,-13
0022201018,2023-03-12,2022-23,regular_season,False,1610612759,SAS,San Antonio Spurs,1610612760,OKC,Oklahoma City Thunder,43,50,L,15,46,0.326,6,19,0.316,7,8,0.875,7,17,24,9,2,2,7,9,-7,19,44,0.432,6,19,0.316,6,8,0.75,5,23,28,13,3,2,6,9,7
0022201017,2023-03-12,2022-23,regular_season,False,1610612740,NOP,New Orleans Pelicans,1610612757,POR,Portland Trail Blazers,53,56,L,18,42,0.429,7,21,0.333,10,14,0.714,4,20,24,15,6,4,10,11,-3,21,49,0.429,6,20,0.3,8,11,0.727,7,21,28,12,6,2,9,10,3
0022201019,2023-03-12,2022-23,regular_season,False,1610612747,LAL,Los Angeles Lakers,1610612752,NYK,New York Knicks,49,50,L,18,43,0.419,5,19,0.263,8,13,0.615,6,15,21,10,3,1,7,8,-1,19,43,0.442,6,21,0.286,6,7,0.857,4,18,22,12,4,1,5,11,1
0022201015,2023-03-12,2022-23,regular_season,False,1610612766,CHA,Charlotte Hornets,1610612739,CLE,Cleveland Cavaliers,49,62,L,18,39,0.462,5,13,0.385,8,11,0.727,2,15,17,8,2,0,6,14,-13,21,36,0.583,3,10,0.3,17,22,0.773,2,15,17,11,4,1,2,9,13
0022201014,2023-03-12,2022-23,regular_season,False,1610612743,DEN,Denver Nuggets,1610612751,BKN,Brooklyn Nets,51,61,L,16,41,0.39,5,17,0.294,14,19,0.737,7,17,24,10,2,7,6,8,-10,21,45,0.467,9,24,0.375,10,11,0.909,3,17,20,16,5,2,4,14,10
0022201016,2023-03-12,2022-23,regular_season,False,1610612755,PHI,Philadelphia 76ers,1610612764,WAS,Washington Wizards,57,43,W,21,41,0.512,8,19,0.421,7,10,0.7,5,18,23,17,3,7,4,12,14,14,42,0.333,3,18,0.167,12,14,0.857,3,15,18,8,1,4,4,9,-14
0022201020,2023-03-13,2022-23,regular_season,False,1610612765,DET,Detroit Pistons,1610612754,IND,Indiana Pacers,50,48,W,21,48,0.438,6,17,0.353,2,4,0.5,9,16,25,11,6,2,9,9,2,18,42,0.429,5,15,0.333,7,10,0.7,7,18,25,12,5,4,10,7,-2
0022201021,2023-03-13,2022-23,regular_season,False,1610612737,ATL,Atlanta Hawks,1610612750,MIN,Minnesota Timberwolves,63,60,W,23,46,0.5,3,10,0.3,14,18,0.778,8,17,25,10,2,2,5,7,3,24,44,0.545,6,13,0.462,6,7,0.857,1,14,15,15,3,6,6,13,-3
0022201022,2023-03-13,2022-23,regular_season,False,1610612748,MIA,Miami Heat,1610612762,UTA,Utah Jazz,63,58,W,19,39,0.487,8,15,0.533,17,20,0.85,4,15,19,8,3,4,6,5,5,23,47,0.489,9,19,0.474,3,4,0.75,6,17,23,15,3,4,7,15,-5
0022201023,2023-03-13,2022-23,regular_season,False,1610612742,DAL,Dallas Mavericks,1610612763,MEM,Memphis Grizzlies,38,55,L,15,44,0.341,5,25,0.2,3,4,0.75,2,14,16,8,2,3,4,9,-17,19,43,0.442,8,23,0.348,9,11,0.818,7,24,31,11,4,2,9,8,17
0022201024,2023-03-13,2022-23,regular_season,False,1610612745,HOU,Houston Rockets,1610612738,BOS,Boston Celtics,49,54,L,19,47,0.404,4,15,0.267,7,9,0.778,8,18,26,14,4,1,6,15,-5,18,41,0.439,4,17,0.235,14,16,0.875,6,14,20,8,3,4,6,9,5
0022201025,2023-03-13,2022-23,regular_season,False,1610612744,GSW,Golden State Warriors,1610612756,PHX,Phoenix Suns,48,54,L,17,40,0.425,5,18,0.278,9,17,0.529,7,17,24,8,4,3,10,10,-6,23,48,0.479,1,10,0.1,7,8,0.875,8,18,26,10,4,1,7,15,6
0022201026,2023-03-13,2022-23,regular_season,False,1610612758,SAC,Sacramento Kings,1610612749,MIL,Milwaukee Bucks,62,80,L,23,55,0.418,10,26,0.385,6,9,0.667,12,13,25,13,2,1,5,14,-18,27,43,0.628,10,16,0.625,16,20,0.8,4,18,22,14,2,3,4,10,18
0022201033,2023-03-14,2022-23,regular_season,False,1610612756,PHX,Phoenix Suns,1610612749,MIL,Milwaukee Bucks,56,59,L,21,44,0.477,5,12,0.417,9,11,0.818,5,16,21,8,2,1,7,16,-3,19,40,0.475,6,18,0.333,15,23,0.652,7,12,19,11,4,3,6,9,3
0022201034,2023-03-14,2022-23,regular_season,False,1610612757,POR,Portland Trail Blazers,1610612752,NYK,New York Knicks,52,74,L,19,50,0.38,8,25,0.32,6,9,0.667,6,11,17,8,3,0,6,10,-22,27,39,0.692,10,18,0.556,10,17,0.588,1,22,23,15,4,3,5,5,22
0022201031,2023-03-14,2022-23,regular_season,False,1610612760,OKC,Oklahoma City Thunder,1610612751,BKN,Brooklyn Nets,69,45,W,26,52,0.5,9,20,0.45,8,9,0.889,6,18,24,14,5,0,4,15,24,13,34,0.382,2,15,0.133,17,24,0.708,3,16,19,6,0,2,10,11,-24
0022201032,2023-03-14,2022-23,regular_season,False,1610612759,SAS,San Antonio Spurs,1610612753,ORL,Orlando Magic,65,53,W,24,41,0.585,12,23,0.522,5,8,0.625,4,22,26,20,1,3,7,12,12,19,49,0.388,4,14,0.286,11,15,0.733,8,13,21,11,3,2,2,9,-12
0022201029,2023-03-14,2022-23,regular_season,False,1610612761,TOR,Toronto Raptors,1610612743,DEN,Denver Nuggets,53,54,L,21,44,0.477,6,13,0.462,5,7,0.714,6,15,21,14,4,1,6,9,-1,20,38,0.526,4,13,0.308,10,12,0.833,3,16,19,15,6,2,7,10,1
0022201028,2023-03-14,2022-23,regular_season,False,1610612764,WAS,Washington Wizards,1610612765,DET,Detroit Pistons,56,52,W,18,44,0.409,5,21,0.238,15,15,1.0,9,17,26,7,2,5,6,6,4,21,47,0.447,5,16,0.312,5,6,0.833,8,14,22,11,3,1,4,11,-4
0022201027,2023-03-14,2022-23,regular_season,False,1610612766,CHA,Charlotte Hornets,1610612739,CLE,Cleveland Cavaliers,56,57,L,22,38,0.579,4,12,0.333,8,9,0.889,2,14,16,17,3,2,7,5,-1,23,39,0.59,7,14,0.5,4,5,0.8,3,11,14,15,4,3,8,11,1
0022201030,2023-03-14,2022-23,regular_season,False,1610612740,NOP,New Orleans Pelicans,1610612747,LAL,Los Angeles Lakers,68,48,W,28,49,0.571,6,16,0.375,6,9,0.667,8,11,19,15,6,2,5,13,20,14,36,0.389,3,12,0.25,17,18,0.944,9,12,21,5,4,2,12,7,-20
0022201041,2023-03-15,2022-23,regular_season,False,1610612746,LAC,LA Clippers,1610612744,GSW,Golden State Warriors,73,68,W,22,45,0.489,10,19,0.526,19,23,0.826,11,12,23,14,3,1,4,13,5,28,47,0.596,8,17,0.471,4,7,0.571,6,9,15,13,1,0,4,17,-5
0022201039,2023-03-15,2022-23,regular_season,False,1610612750,MIN,Minnesota Timberwolves,1610612738,BOS,Boston Celtics,59,60,L,21,40,0.525,5,13,0.385,12,16,0.75,3,15,18,17,3,2,7,13,-1,19,38,0.5,7,18,0.389,15,19,0.789,3,13,16,11,3,4,7,16,1
0022201038,2023-03-15,2022-23,regular_season,False,1610612745,HOU,Houston Rockets,1610612747,LAL,Los Angeles Lakers,52,62,L,20,39,0.513,5,14,0.357,7,12,0.583,7,16,23,9,2,1,13,15,-10,20,48,0.417,7,25,0.28,15,18,0.833,5,14,19,15,4,2,3,10,10
0022201040,2023-03-15,2022-23,regular_season,False,1610612759,SAS,San Antonio Spurs,1610612742,DAL,Dallas Mavericks,66,77,L,25,56,0.446,9,20,0.45,7,15,0.467,9,17,26,16,2,1,5,17,-11,23,42,0.548,11,17,0.647,20,24,0.833,3,24,27,11,1,1,8,15,11
0022201036,2023-03-15,2022-23,regular_season,False,1610612748,MIA,Miami Heat,1610612763,MEM,Memphis Grizzlies,75,68,W,29,42,0.69,7,14,0.5,10,14,0.714,4,16,20,21,6,3,9,10,7,25,43,0.581,11,21,0.524,7,11,0.636,4,10,14,18,4,1,8,11,-7
0022201035,2023-03-15,2022-23,regular_season,False,1610612739,CLE,Cleveland Cavaliers,1610612755,PHI,Philadelphia 76ers,49,63,L,19,39,0.487,6,20,0.3,5,9,0.556,6,9,15,5,3,2,6,8,-14,21,39,0.538,11,21,0.524,10,12,0.833,8,15,23,14,4,2,10,10,14
0022201037,2023-03-15,2022-23,regular_season,False,1610612741,CHI,Chicago Bulls,1610612758,SAC,Sacramento Kings,56,69,L,18,50,0.36,9,22,0.409,11,13,0.846,9,14,23,13,7,2,8,16,-13,20,38,0.526,12,23,0.522,17,20,0.85,3,22,25,13,2,2,10,10,13
0022201042,2023-03-16,2022-23,regular_season,False,1610612765,DET,Detroit Pistons,1610612743,DEN,Denver Nuggets,36,61,L,13,35,0.371,4,12,0.333,6,11,0.545,4,13,17,9,5,0,12,15,-25,22,42,0.524,5,14,0.357,12,18,0.667,7,20,27,14,5,0,6,7,25
0022201043,2023-03-16,2022-23,regular_season,False,1610612751,BKN,Brooklyn Nets,1610612758,SAC,Sacramento Kings,55,47,W,18,36,0.5,6,17,0.353,13,18,0.722,2,17,19,11,7,1,3,12,8,14,34,0.412,7,18,0.389,12,18,0.667,8,17,25,10,1,1,10,11,-8
0022201044,2023-03-16,2022-23,regular_season,False,1610612761,TOR,Toronto Raptors,1610612760,OKC,Oklahoma City Thunder,64,52,W,22,51,0.431,6,17,0.353,14,16,0.875,13,18,31,15,4,3,2,11,12,15,44,0.341,7,16,0.438,15,15,1.0,7,15,22,10,1,3,6,11,-12
0022201045,2023-03-16,2022-23,regular_season,False,1610612749,MIL,Milwaukee Bucks,1610612754,IND,Indiana Pacers,59,84,L,20,41,0.488,5,13,0.385,14,18,0.778,4,13,17,13,3,1,6,9,-25,33,48,0.688,13,20,0.65,5,10,0.5,4,20,24,23,3,2,4,14,25
0022201046,2023-03-16,2022-23,regular_season,False,1610612756,PHX,Phoenix Suns,1610612753,ORL,Orlando Magic,53,55,L,20,44,0.455,7,19,0.368,6,6,1.0,3,10,13,11,5,3,6,11,-2,20,41,0.488,4,14,0.286,11,12,0.917,6,21,27,11,3,2,12,9,2
0022201054,2023-03-17,2022-23,regular_season,False,1610612747,LAL,Los Angeles Lakers,1610612742,DAL,Dallas Mavericks,56,49,W,21,42,0.5,2,9,0.222,12,18,0.667,7,16,23,10,4,2,6,10,7,16,37,0.432,7,19,0.368,10,11,0.909,3,15,18,9,3,3,9,15,-7
0022201053,2023-03-17,2022-23,regular_season,False,1610612757,POR,Portland Trail Blazers,1610612738,BOS,Boston Celtics,64,63,W,20,36,0.556,10,20,0.5,14,20,0.7,4,12,16,12,5,1,9,15,1,19,40,0.475,7,21,0.333,18,22,0.818,10,12,22,13,6,2,9,12,-1
0022201051,2023-03-17,2022-23,regular_season,False,1610612745,HOU,Houston Rockets,1610612740,NOP,New Orleans Pelicans,65,58,W,24,45,0.533,7,16,0.438,10,15,0.667,9,16,25,13,5,2,5,11,7,19,37,0.514,6,15,0.4,14,16,0.875,3,12,15,12,4,4,5,9,-7
0022201052,2023-03-17,2022-23,regular_season,False,1610612759,SAS,San Antonio Spurs,1610612763,MEM,Memphis Grizzlies,51,80,L,17,52,0.327,8,28,0.286,9,16,0.562,11,18,29,13,7,0,15,10,-29,31,54,0.574,12,22,0.545,6,11,0.545,9,21,30,20,10,4,11,14,29
0022201049,2023-03-17,2022-23,regular_season,False,1610612739,CLE,Cleveland Cavaliers,1610612764,WAS,Washington Wizards,56,50,W,23,39,0.59,2,10,0.2,8,12,0.667,2,15,17,14,3,4,7,12,6,16,33,0.485,4,8,0.5,14,17,0.824,1,16,17,12,4,1,7,10,-6
0022201048,2023-03-17,2022-23,regular_season,False,1610612737,ATL,Atlanta Hawks,1610612744,GSW,Golden State Warriors,56,53,W,19,47,0.404,7,18,0.389,11,16,0.688,8,15,23,10,3,5,6,10,3,18,44,0.409,6,21,0.286,11,17,0.647,8,19,27,11,2,6,8,13,-3
0022201047,2023-03-17,2022-23,regular_season,False,1610612766,CHA,Charlotte Hornets,1610612755,PHI,Philadelphia 76ers,28,55,L,10,40,0.25,1,18,0.056,7,11,0.636,3,13,16,7,5,3,10,9,-27,21,43,0.488,3,15,0.2,10,15,0.667,8,25,33,10,6,4,9,10,27
0022201050,2023-03-17,2022-23,regular_season,False,1610612741,CHI,Chicago Bulls,1610612750,MIN,Minnesota Timberwolves,85,72,W,30,51,0.588,7,14,0.5,18,22,0.818,3,25,28,11,6,3,7,16,13,24,54,0.444,8,21,0.381,16,23,0.696,7,19,26,18,2,4,9,15,-13
0022201061,2023-03-18,2022-23,regular_season,False,1610612763,MEM,Memphis Grizzlies,1610612744,GSW,Golden State Warriors,62,60,W,25,49,0.51,6,19,0.316,6,11,0.545,8,15,23,18,3,4,4,17,2,17,42,0.405,6,16,0.375,20,24,0.833,6,14,20,12,2,6,7,12,-2
0022201060,2023-03-18,2022-23,regular_season,False,1610612741,CHI,Chicago Bulls,1610612748,MIA,Miami Heat,43,54,L,16,33,0.485,8,17,0.471,3,3,1.0,2,11,13,13,4,4,12,9,-11,19,42,0.452,5,17,0.294,11,12,0.917,9,13,22,10,3,1,6,5,11
0022201059,2023-03-18,2022-23,regular_season,False,1610612764,WAS,Washington Wizards,1610612758,SAC,Sacramento Kings,58,61,L,17,42,0.405,5,18,0.278,19,21,0.905,6,19,25,10,4,3,6,12,-3,20,41,0.488,10,19,0.526,11,14,0.786,3,17,20,14,3,5,6,13,3
0022201062,2023-03-18,2022-23,regular_season,False,1610612762,UTA,Utah Jazz,1610612738,BOS,Boston Celtics,61,53,W,23,48,0.479,9,20,0.45,6,8,0.75,6,19,25,16,1,4,2,7,8,21,42,0.5,9,21,0.429,2,5,0.4,1,17,18,16,0,1,5,6,-8
0022201057,2023-03-18,2022-23,regular_season,False,1610612754,IND,Indiana Pacers,1610612755,PHI,Philadelphia 76ers,60,69,L,23,40,0.575,5,11,0.455,9,9,1.0,5,11,16,12,1,5,9,9,-9,26,44,0.591,7,17,0.412,10,11,0.909,5,7,12,19,6,4,3,9,9
0022201056,2023-03-18,2022-23,regular_season,False,1610612746,LAC,LA Clippers,1610612753,ORL,Orlando Magic,53,56,L,21,45,0.467,2,12,0.167,9,12,0.75,5,15,20,11,4,2,4,12,-3,22,45,0.489,5,18,0.278,7,10,0.7,6,18,24,10,3,2,6,9,3
0022201055,2023-03-18,2022-23,regular_season,False,1610612752,NYK,New York Knicks,1610612743,DEN,Denver Nuggets,54,43,W,19,36,0.528,4,11,0.364,12,14,0.857,6,13,19,9,6,3,5,7,11,17,37,0.459,7,19,0.368,2,3,0.667,2,12,14,12,1,2,9,12,-11
0022201058,2023-03-18,2022-23,regular_season,False,1610612761,TOR,Toronto Raptors,1610612750,MIN,Minnesota Timberwolves,56,49,W,22,43,0.512,3,14,0.214,9,12,0.75,4,21,25,9,6,1,9,16,7,15,42,0.357,2,15,0.133,17,19,0.895,5,17,22,9,3,1,7,14,-7
0022201063,2023-03-19,2022-23,regular_season,False,1610612751,BKN,Brooklyn Nets,1610612743,DEN,Denver Nuggets,54,45,W,20,42,0.476,8,19,0.421,6,8,0.75,4,15,19,14,6,3,6,10,9,17,40,0.425,5,10,0.5,6,7,0.857,2,19,21,13,3,2,11,8,-9
0022201064,2023-03-19,2022-23,regular_season,False,1610612760,OKC,Oklahoma City Thunder,1610612756,PHX,Phoenix Suns,67,51,W,21,37,0.568,6,13,0.462,19,22,0.864,3,20,23,11,6,2,8,11,16,20,46,0.435,5,15,0.333,6,7,0.857,5,14,19,14,3,3,9,19,-16
0022201065,2023-03-19,2022-23,regular_season,False,1610612759,SAS,San Antonio Spurs,1610612737,ATL,Atlanta Hawks,65,35,W,25,43,0.581,9,16,0.562,6,9,0.667,5,21,26,12,6,4,6,7,30,16,48,0.333,0,10,0.0,3,6,0.5,11,13,24,4,2,1,7,9,-30
0022201066,2023-03-19,2022-23,regular_season,False,1610612765,DET,Detroit Pistons,1610612748,MIA,Miami Heat,53,60,L,20,43,0.465,7,17,0.412,6,7,0.857,3,13,16,14,3,0,3,12,-7,19,36,0.528,6,16,0.375,16,17,0.941,4,19,23,16,0,3,5,8,7
0022201067,2023-03-19,2022-23,regular_season,False,1610612745,HOU,Houston Rockets,1610612740,NOP,New Orleans Pelicans,63,53,W,16,34,0.471,6,14,0.429,25,27,0.926,2,13,15,10,3,1,5,13,10,18,38,0.474,3,11,0.273,14,16,0.875,3,13,16,13,3,4,6,17,-10
0022201068,2023-03-19,2022-23,regular_season,False,1610612749,MIL,Milwaukee Bucks,1610612761,TOR,Toronto Raptors,60,55,W,20,36,0.556,6,19,0.316,14,17,0.824,3,17,20,16,3,5,7,9,5,20,50,0.4,8,17,0.471,7,8,0.875,5,14,19,14,3,1,6,11,-5
0022201069,2023-03-19,2022-23,regular_season,False,1610612757,POR,Portland Trail Blazers,1610612746,LAC,LA Clippers,47,58,L,15,36,0.417,2,12,0.167,15,17,0.882,6,14,20,9,1,7,10,9,-11,20,46,0.435,6,15,0.4,12,16,0.75,10,14,24,10,8,3,4,12,11
0022201070,2023-03-19,2022-23,regular_season,False,1610612747,LAL,Los Angeles Lakers,1610612753,ORL,Orlando Magic,52,56,L,16,38,0.421,3,13,0.231,17,21,0.81,3,21,24,10,1,6,6,11,-4,20,52,0.385,7,25,0.28,9,11,0.818,9,17,26,14,3,0,4,18,4
0022201075,2023-03-20,2022-23,regular_season,False,1610612763,MEM,Memphis Grizzlies,1610612742,DAL,Dallas Mavericks,55,48,W,20,44,0.455,6,16,0.375,9,9,1.0,9,18,27,12,1,1,7,9,7,16,42,0.381,4,18,0.222,12,12,1.0,6,12,18,7,4,2,6,8,-7
0022201076,2023-03-20,2022-23,regular_season,False,1610612762,UTA,Utah Jazz,1610612758,SAC,Sacramento Kings,60,68,L,20,42,0.476,6,15,0.4,14,16,0.875,5,19,24,13,2,3,7,11,-8,24,51,0.471,11,28,0.393,9,12,0.75,6,17,23,13,4,3,2,12,8
0022201074,2023-03-20,2022-23,regular_season,False,1610612745,HOU,Houston Rockets,1610612744,GSW,Golden State Warriors,58,66,L,20,48,0.417,6,19,0.316,12,15,0.8,8,11,19,5,5,0,7,7,-8,23,41,0.561,10,25,0.4,10,11,0.909,6,13,19,15,3,5,6,8,8
0022201072,2023-03-20,2022-23,regular_season,False,1610612755,PHI,Philadelphia 76ers,1610612741,CHI,Chicago Bulls,65,65,L,24,58,0.414,6,24,0.25,11,12,0.917,7,25,32,17,4,5,9,16,0,23,54,0.426,3,17,0.176,16,19,0.842,2,23,25,11,6,6,5,13,0
0022201071,2023-03-20,2022-23,regular_season,False,1610612766,CHA,Charlotte Hornets,1610612754,IND,Indiana Pacers,57,43,W,20,40,0.5,8,18,0.444,9,15,0.6,5,16,21,13,5,2,4,8,14,16,44,0.364,4,18,0.222,7,8,0.875,8,17,25,11,2,1,10,12,-14
0022201073,2023-03-20,2022-23,regular_season,False,1610612752,NYK,New York Knicks,1610612750,MIN,Minnesota Timberwolves,64,61,W,24,44,0.545,9,15,0.6,7,8,0.875,4,16,20,12,3,2,8,14,3,19,38,0.5,4,11,0.364,19,23,0.826,5,14,19,13,4,3,7,8,-3
0022201077,2023-03-21,2022-23,regular_season,False,1610612753,ORL,Orlando Magic,1610612764,WAS,Washington Wizards,62,56,W,20,37,0.541,5,10,0.5,17,18,0.944,5,20,25,13,3,3,11,12,6,21,43,0.488,5,17,0.294,9,12,0.75,2,11,13,14,5,2,6,15,-6
0022201078,2023-03-21,2022-23,regular_season,False,1610612737,ATL,Atlanta Hawks,1610612765,DET,Detroit Pistons,63,48,W,23,46,0.5,7,18,0.389,10,14,0.714,9,21,30,15,2,5,5,10,15,17,47,0.362,6,18,0.333,8,11,0.727,5,12,17,11,3,0,5,12,-15
0022201079,2023-03-21,2022-23,regular_season,False,1610612751,BKN,Brooklyn Nets,1610612739,CLE,Cleveland Cavaliers,54,54,L,19,48,0.396,5,19,0.263,11,16,0.688,12,15,27,9,2,3,10,11,0,19,40,0.475,6,12,0.5,10,13,0.769,5,11,16,11,4,3,7,12,0
0022201080,2023-03-21,2022-23,regular_season,False,1610612740,NOP,New Orleans Pelicans,1610612759,SAS,San Antonio Spurs,55,45,W,23,42,0.548,4,11,0.364,5,7,0.714,3,19,22,15,3,1,9,8,10,16,42,0.381,8,23,0.348,5,7,0.714,4,14,18,12,5,2,10,6,-10
0022201081,2023-03-21,2022-23,regular_season,False,1610612758,SAC,Sacramento Kings,1610612738,BOS,Boston Celtics,55,72,L,20,42,0.476,8,20,0.4,7,11,0.636,5,11,16,12,3,3,7,9,-17,27,43,0.628,9,18,0.5,9,13,0.692,3,17,20,18,5,2,5,10,17
0022201082,2023-03-21,2022-23,regular_season,False,1610612746,LAC,LA Clippers,1610612760,OKC,Oklahoma City Thunder,49,45,W,20,44,0.455,4,16,0.25,5,6,0.833,6,18,24,11,3,1,6,13,4,18,48,0.375,3,14,0.214,6,6,1.0,6,17,23,7,1,3,5,8,-4
0022201091,2023-03-22,2022-23,regular_season,False,1610612762,UTA,Utah Jazz,1610612757,POR,Portland Trail Blazers,59,59,L,19,36,0.528,4,16,0.25,17,22,0.773,1,19,20,10,3,1,9,9,0,20,43,0.465,8,25,0.32,11,13,0.846,2,18,20,9,5,2,6,15,0
0022201090,2023-03-22,2022-23,regular_season,False,1610612750,MIN,Minnesota Timberwolves,1610612737,ATL,Atlanta Hawks,58,62,L,21,44,0.477,2,10,0.2,14,17,0.824,5,16,21,12,4,0,6,11,-4,21,43,0.488,6,14,0.429,14,16,0.875,5,17,22,14,3,5,9,16,4
0022201089,2023-03-22,2022-23,regular_season,False,1610612749,MIL,Milwaukee Bucks,1610612759,SAS,San Antonio Spurs,64,43,W,26,46,0.565,8,21,0.381,4,8,0.5,4,28,32,12,3,2,7,9,21,16,48,0.333,3,18,0.167,8,14,0.571,6,15,21,12,2,2,4,5,-21
0022201088,2023-03-22,2022-23,regular_season,False,1610612763,MEM,Memphis Grizzlies,1610612745,HOU,Houston Rockets,55,61,L,16,33,0.485,2,12,0.167,21,25,0.84,4,10,14,9,4,2,7,12,-6,23,44,0.523,6,15,0.4,9,12,0.75,10,10,20,10,2,2,7,16,6
0022201084,2023-03-22,2022-23,regular_season,False,1610612748,MIA,Miami Heat,1610612752,NYK,New York Knicks,63,59,W,22,37,0.595,7,11,0.636,12,16,0.75,1,12,13,12,4,1,5,11,4,20,36,0.556,8,17,0.471,11,15,0.733,3,16,19,15,3,2,10,15,-4
0022201086,2023-03-22,2022-23,regular_season,False,1610612742,DAL,Dallas Mavericks,1610612744,GSW,Golden State Warriors,62,62,L,22,45,0.489,11,21,0.524,7,11,0.636,6,12,18,15,5,2,6,8,0,24,44,0.545,5,16,0.312,9,9,1.0,6,14,20,15,3,2,7,8,0
0022201085,2023-03-22,2022-23,regular_season,False,1610612761,TOR,Toronto Raptors,1610612754,IND,Indiana Pacers,62,60,W,17,39,0.436,4,20,0.2,24,33,0.727,9,13,22,11,5,6,5,14,2,19,38,0.5,6,9,0.667,16,18,0.889,5,11,16,11,1,0,6,21,-2
0022201092,2023-03-22,2022-23,regular_season,False,1610612747,LAL,Los Angeles Lakers,1610612756,PHX,Phoenix Suns,63,59,W,22,33,0.667,3,6,0.5,16,19,0.842,2,12,14,15,2,0,9,10,4,23,45,0.511,5,15,0.333,8,10,0.8,6,10,16,12,5,3,8,13,-4
0022201083,2023-03-22,2022-23,regular_season,False,1610612764,WAS,Washington Wizards,1610612743,DEN,Denver Nuggets,47,63,L,20,39,0.513,1,12,0.083,6,6,1.0,4,12,16,9,3,0,6,7,-16,23,39,0.59,8,14,0.571,9,9,1.0,3,15,18,18,6,0,5,8,16
0022201087,2023-03-22,2022-23,regular_season,False,1610612741,CHI,Chicago Bulls,1610612755,PHI,Philadelphia 76ers,43,40,W,17,40,0.425,2,12,0.167,7,10,0.7,8,18,26,10,4,4,11,7,3,13,40,0.325,4,15,0.267,10,11,0.909,6,14,20,7,6,3,10,10,-3
0022201096,2023-03-23,2022-23,regular_season,False,1610612746,LAC,LA Clippers,1610612760,OKC,Oklahoma City Thunder,73,51,W,27,42,0.643,12,23,0.522,7,9,0.778,5,16,21,20,5,2,6,5,22,20,41,0.488,5,19,0.263,6,7,0.857,5,10,15,10,1,0,7,11,-22
0022201095,2023-03-23,2022-23,regular_season,False,1610612740,NOP,New Orleans Pelicans,1610612766,CHA,Charlotte Hornets,53,39,W,21,49,0.429,6,19,0.316,5,6,0.833,8,20,28,12,6,0,5,7,14,14,38,0.368,4,20,0.2,7,9,0.778,3,14,17,8,2,1,8,10,-14
0022201093,2023-03-23,2022-23,regular_season,False,1610612753,ORL,Orlando Magic,1610612752,NYK,New York Knicks,58,61,L,22,44,0.5,8,14,0.571,6,8,0.75,4,14,18,14,4,1,6,10,-3,22,41,0.537,7,17,0.412,10,11,0.909,4,15,19,15,1,7,5,6,3
0022201094,2023-03-23,2022-23,regular_season,False,1610612751,BKN,Brooklyn Nets,1610612739,CLE,Cleveland Cavaliers,53,56,L,15,38,0.395,8,18,0.444,15,16,0.938,4,12,16,10,4,4,8,10,-3,21,48,0.438,3,13,0.231,11,14,0.786,12,14,26,12,5,5,6,9,3
0022201105,2023-03-24,2022-23,regular_season,False,1610612758,SAC,Sacramento Kings,1610612756,PHX,Phoenix Suns,79,60,W,24,45,0.533,7,18,0.389,24,28,0.857,3,17,20,15,4,1,0,15,19,20,40,0.5,7,15,0.467,13,19,0.684,5,15,20,12,0,5,8,19,-19
0022201106,2023-03-24,2022-23,regular_season,False,1610612747,LAL,Los Angeles Lakers,1610612760,OKC,Oklahoma City Thunder,42,45,L,16,43,0.372,3,11,0.273,7,12,0.583,10,18,28,9,5,1,6,5,-3,18,45,0.4,6,22,0.273,3,5,0.6,8,16,24,12,3,3,6,7,3
0022201103,2023-03-24,2022-23,regular_season,False,1610612744,GSW,Golden State Warriors,1610612755,PHI,Philadelphia 76ers,65,59,W,22,43,0.512,9,23,0.391,12,14,0.857,4,19,23,12,1,0,3,13,6,18,37,0.486,4,15,0.267,19,23,0.826,2,15,17,10,2,1,3,11,-6
0022201102,2023-03-24,2022-23,regular_season,False,1610612762,UTA,Utah Jazz,1610612749,MIL,Milwaukee Bucks,58,72,L,17,48,0.354,6,23,0.261,18,26,0.692,9,11,20,13,3,3,3,8,-14,28,46,0.609,8,20,0.4,8,10,0.8,3,23,26,21,2,5,7,14,14
0022201104,2023-03-24,2022-23,regular_season,False,1610612757,POR,Portland Trail Blazers,1610612741,CHI,Chicago Bulls,51,63,L,19,41,0.463,3,15,0.2,10,10,1.0,3,11,14,10,5,2,7,9,-12,24,41,0.585,9,19,0.474,6,8,0.75,5,15,20,16,4,2,8,9,12
0022201100,2023-03-24,2022-23,regular_season,False,1610612763,MEM,Memphis Grizzlies,1610612745,HOU,Houston Rockets,68,62,W,27,43,0.628,11,17,0.647,3,4,0.75,1,8,9,20,7,2,7,9,6,26,41,0.634,5,11,0.455,5,8,0.625,6,12,18,13,5,2,11,5,-6
0022201099,2023-03-24,2022-23,regular_season,False,1610612761,TOR,Toronto Raptors,1610612765,DET,Detroit Pistons,46,45,W,17,47,0.362,5,18,0.278,7,8,0.875,9,15,24,10,5,6,6,11,1,16,34,0.471,4,12,0.333,9,13,0.692,2,17,19,10,5,3,10,6,-1
0022201098,2023-03-24,2022-23,regular_season,False,1610612764,WAS,Washington Wizards,1610612759,SAS,San Antonio Spurs,70,62,W,25,39,0.641,9,16,0.562,11,13,0.846,1,19,20,16,1,4,4,10,8,24,49,0.49,9,21,0.429,5,9,0.556,6,14,20,16,0,2,3,10,-8
0022201097,2023-03-24,2022-23,regular_season,False,1610612738,BOS,Boston Celtics,1610612754,IND,Indiana Pacers,60,40,W,21,44,0.477,11,25,0.44,7,8,0.875,6,21,27,12,7,4,9,12,20,13,38,0.342,2,14,0.143,12,18,0.667,5,15,20,8,6,2,9,6,-20
0022201101,2023-03-24,2022-23,regular_season,False,1610612742,DAL,Dallas Mavericks,1610612766,CHA,Charlotte Hornets,54,48,W,20,39,0.513,6,20,0.3,8,10,0.8,2,21,23,13,2,4,6,10,6,18,44,0.409,4,12,0.333,8,12,0.667,2,16,18,13,5,1,4,7,-6
0022201112,2023-03-25,2022-23,regular_season,False,1610612746,LAC,LA Clippers,1610612740,NOP,New Orleans Pelicans,54,63,L,20,36,0.556,8,15,0.533,6,9,0.667,0,11,11,15,4,2,10,9,-9,24,43,0.558,7,12,0.583,8,9,0.889,5,15,20,17,6,2,9,11,9
0022201107,2023-03-25,2022-23,regular_season,False,1610612737,ATL,Atlanta Hawks,1610612754,IND,Indiana Pacers,71,56,W,23,43,0.535,8,13,0.615,17,20,0.85,8,16,24,15,4,5,6,6,15,21,44,0.477,7,16,0.438,7,7,1.0,4,9,13,11,2,3,8,13,-15
0022201108,2023-03-25,2022-23,regular_season,False,1610612748,MIA,Miami Heat,1610612751,BKN,Brooklyn Nets,31,64,L,11,39,0.282,3,15,0.2,6,6,1.0,5,11,16,5,2,2,9,8,-33,23,45,0.511,10,19,0.526,8,8,1.0,9,19,28,14,4,4,5,10,33
0022201109,2023-03-25,2022-23,regular_season,False,1610612743,DEN,Denver Nuggets,1610612749,MIL,Milwaukee Bucks,66,40,W,23,42,0.548,8,19,0.421,12,19,0.632,3,24,27,15,2,2,8,10,26,13,42,0.31,3,17,0.176,11,12,0.917,4,18,22,8,4,0,8,12,-26
0022201110,2023-03-25,2022-23,regular_season,False,1610612756,PHX,Phoenix Suns,1610612755,PHI,Philadelphia 76ers,67,52,W,26,48,0.542,7,14,0.5,8,10,0.8,5,17,22,18,3,3,5,12,15,16,35,0.457,5,14,0.357,15,18,0.833,2,13,15,8,3,3,7,9,-15
0022201111,2023-03-25,2022-23,regular_season,False,1610612758,SAC,Sacramento Kings,1610612762,UTA,Utah Jazz,66,52,W,24,46,0.522,8,18,0.444,10,11,0.909,5,10,15,15,8,0,2,5,14,22,41,0.537,4,15,0.267,4,6,0.667,5,15,20,16,1,4,11,7,-14
0022201121,2023-03-26,2022-23,regular_season,False,1610612744,GSW,Golden State Warriors,1610612750,MIN,Minnesota Timberwolves,41,46,L,15,38,0.395,6,21,0.286,5,7,0.714,2,17,19,10,4,2,11,12,-5,16,37,0.432,7,17,0.412,7,11,0.636,2,21,23,12,6,0,10,11,5
0022201119,2023-03-26,2022-23,regular_season,False,1610612761,TOR,Toronto Raptors,1610612764,WAS,Washington Wizards,51,58,L,19,46,0.413,3,14,0.214,10,11,0.909,10,15,25,9,4,3,8,9,-7,21,40,0.525,11,22,0.5,5,9,0.556,4,15,19,15,2,1,9,8,7
0022201120,2023-03-26,2022-23,regular_season,False,1610612757,POR,Portland Trail Blazers,1610612760,OKC,Oklahoma City Thunder,50,50,L,18,41,0.439,6,14,0.429,8,11,0.727,2,16,18,7,3,5,7,10,0,17,45,0.378,3,12,0.25,13,14,0.929,7,19,26,10,6,0,7,9,0
0022201118,2023-03-26,2022-23,regular_season,False,1610612753,ORL,Orlando Magic,1610612751,BKN,Brooklyn Nets,59,55,W,23,44,0.523,2,10,0.2,11,13,0.846,7,20,27,14,3,1,7,12,4,17,43,0.395,4,18,0.222,17,21,0.81,6,13,19,10,4,5,8,10,-4
0022201114,2023-03-26,2022-23,regular_season,False,1610612747,LAL,Los Angeles Lakers,1610612741,CHI,Chicago Bulls,53,55,L,18,38,0.474,7,19,0.368,10,16,0.625,3,18,21,12,3,2,8,12,-2,20,42,0.476,7,16,0.438,8,11,0.727,5,21,26,13,4,1,6,13,2
0022201116,2023-03-26,2022-23,regular_season,False,1610612738,BOS,Boston Celtics,1610612759,SAS,San Antonio Spurs,69,35,W,27,44,0.614,12,22,0.545,3,6,0.5,5,31,36,15,0,6,9,11,34,14,48,0.292,0,16,0.0,7,10,0.7,2,15,17,6,4,0,4,5,-34
0022201115,2023-03-26,2022-23,regular_season,False,1610612737,ATL,Atlanta Hawks,1610612763,MEM,Memphis Grizzlies,63,62,W,24,46,0.522,5,15,0.333,10,12,0.833,5,15,20,19,2,4,5,10,1,23,41,0.561,4,10,0.4,12,14,0.857,2,13,15,13,3,2,5,13,-1
0022201113,2023-03-26,2022-23,regular_season,False,1610612766,CHA,Charlotte Hornets,1610612742,DAL,Dallas Mavericks,55,56,L,19,41,0.463,7,13,0.538,10,12,0.833,5,21,26,14,4,0,9,7,-1,18,43,0.419,12,26,0.462,8,8,1.0,2,16,18,8,5,6,5,12,1
0022201117,2023-03-26,2022-23,regular_season,False,1610612739,CLE,Cleveland Cavaliers,1610612745,HOU,Houston Rockets,48,48,W,16,43,0.372,3,17,0.176,13,14,0.929,8,13,21,8,4,3,4,11,0,17,38,0.447,4,13,0.308,10,13,0.769,8,13,21,11,0,1,11,10,0
0022201122,2023-03-27,2022-23,regular_season,False,1610612765,DET,Detroit Pistons,1610612749,MIL,Milwaukee Bucks,66,69,L,23,42,0.548,4,12,0.333,16,17,0.941,6,12,18,12,2,0,4,8,-3,25,50,0.5,8,25,0.32,11,12,0.917,11,12,23,16,2,1,4,10,3
0022201123,2023-03-27,2022-23,regular_season,False,1610612754,IND,Indiana Pacers,1610612742,DAL,Dallas Mavericks,57,68,L,19,47,0.404,6,15,0.4,13,14,0.929,8,8,16,11,6,2,7,9,-11,25,37,0.676,11,17,0.647,7,7,1.0,2,15,17,19,3,5,12,12,11
0022201124,2023-03-27,2022-23,regular_season,False,1610612752,NYK,New York Knicks,1610612745,HOU,Houston Rockets,71,54,W,24,42,0.571,11,20,0.55,12,17,0.706,2,15,17,20,5,6,5,8,17,20,46,0.435,3,14,0.214,11,13,0.846,10,15,25,12,4,4,8,10,-17
0022201125,2023-03-27,2022-23,regular_season,False,1610612762,UTA,Utah Jazz,1610612756,PHX,Phoenix Suns,51,60,L,19,42,0.452,6,17,0.353,7,15,0.467,6,16,22,12,2,4,7,7,-9,24,49,0.49,4,12,0.333,8,8,1.0,9,16,25,18,4,3,4,11,9
0022201126,2023-03-27,2022-23,regular_season,False,1610612743,DEN,Denver Nuggets,1610612755,PHI,Philadelphia 76ers,55,54,W,20,40,0.5,4,14,0.286,11,13,0.846,4,16,20,14,5,4,7,8,1,21,44,0.477,2,13,0.154,10,13,0.769,7,13,20,11,7,2,6,10,-1
0022201127,2023-03-27,2022-23,regular_season,False,1610612757,POR,Portland Trail Blazers,1610612740,NOP,New Orleans Pelicans,55,66,L,19,44,0.432,6,16,0.375,11,12,0.917,2,11,13,7,3,1,4,8,-11,26,44,0.591,5,12,0.417,9,10,0.9,4,21,25,18,3,1,7,10,11
0022201128,2023-03-27,2022-23,regular_season,False,1610612758,SAC,Sacramento Kings,1610612750,MIN,Minnesota Timberwolves,57,62,L,17,44,0.386,3,17,0.176,20,25,0.8,8,12,20,8,3,3,2,14,-5,22,39,0.564,5,12,0.417,13,18,0.722,4,17,21,18,1,1,5,16,5
0022201129,2023-03-27,2022-23,regular_season,False,1610612746,LAC,LA Clippers,1610612741,CHI,Chicago Bulls,62,57,W,24,39,0.615,9,19,0.474,5,10,0.5,4,14,18,20,4,3,10,9,5,23,41,0.561,2,11,0.182,9,13,0.692,5,12,17,14,6,0,8,7,-5
0022201134,2023-03-28,2022-23,regular_season,False,1610612760,OKC,Oklahoma City Thunder,1610612766,CHA,Charlotte Hornets,66,80,L,24,47,0.511,6,13,0.462,12,17,0.706,3,12,15,11,4,3,4,12,-14,31,51,0.608,8,16,0.5,10,13,0.769,9,19,28,20,1,4,7,11,14
0022201133,2023-03-28,2022-23,regular_season,False,1610612763,MEM,Memphis Grizzlies,1610612753,ORL,Orlando Magic,54,64,L,18,36,0.5,5,11,0.455,13,17,0.765,1,19,20,11,2,4,12,10,-10,26,59,0.441,6,26,0.231,6,6,1.0,6,17,23,13,7,4,4,12,10
0022201135,2023-03-28,2022-23,regular_season,False,1610612744,GSW,Golden State Warriors,1610612740,NOP,New Orleans Pelicans,74,46,W,26,45,0.578,12,26,0.462,10,16,0.625,8,16,24,21,4,1,5,8,28,18,42,0.429,3,13,0.231,7,7,1.0,3,13,16,13,1,0,9,11,-28
0022201131,2023-03-28,2022-23,regular_season,False,1610612737,ATL,Atlanta Hawks,1610612739,CLE,Cleveland Cavaliers,61,67,L,20,48,0.417,7,14,0.5,14,21,0.667,11,14,25,10,3,3,7,9,-6,24,46,0.522,6,16,0.375,13,15,0.867,6,17,23,8,1,5,4,15,6
0022201130,2023-03-28,2022-23,regular_season,False,1610612764,WAS,Washington Wizards,1610612738,BOS,Boston Celtics,66,60,W,26,47,0.553,7,20,0.35,7,10,0.7,3,15,18,16,4,1,6,11,6,23,41,0.561,4,19,0.211,10,11,0.909,3,15,18,15,2,3,8,9,-6
0022201132,2023-03-28,2022-23,regular_season,False,1610612761,TOR,Toronto Raptors,1610612748,MIA,Miami Heat,53,45,W,22,42,0.524,7,20,0.35,2,2,1.0,5,15,20,17,4,1,7,8,8,16,39,0.41,3,15,0.2,10,11,0.909,6,12,18,9,4,1,8,3,-8
0022201145,2023-03-29,2022-23,regular_season,False,1610612757,POR,Portland Trail Blazers,1610612758,SAC,Sacramento Kings,34,70,L,12,46,0.261,6,24,0.25,4,5,0.8,4,19,23,7,2,2,9,8,-36,23,43,0.535,13,24,0.542,11,14,0.786,2,28,30,15,5,2,5,5,36
0022201144,2023-03-29,2022-23,regular_season,False,1610612756,PHX,Phoenix Suns,1610612750,MIN,Minnesota Timberwolves,59,49,W,19,42,0.452,4,11,0.364,17,20,0.85,8,15,23,11,4,4,7,11,10,20,44,0.455,5,18,0.278,4,7,0.571,8,13,21,11,3,2,11,18,-10
0022201142,2023-03-29,2022-23,regular_season,False,1610612760,OKC,Oklahoma City Thunder,1610612765,DET,Detroit Pistons,53,50,W,19,38,0.5,5,13,0.385,10,12,0.833,4,13,17,9,2,3,9,11,3,18,34,0.529,10,18,0.556,4,7,0.571,2,11,13,13,0,0,11,13,-3
0022201141,2023-03-29,2022-23,regular_season,False,1610612763,MEM,Memphis Grizzlies,1610612746,LAC,LA Clippers,68,71,L,24,44,0.545,6,15,0.4,14,17,0.824,6,14,20,11,3,1,8,12,-3,23,36,0.639,11,17,0.647,14,19,0.737,2,15,17,12,5,3,10,12,3
0022201143,2023-03-29,2022-23,regular_season,False,1610612759,SAS,San Antonio Spurs,1610612762,UTA,Utah Jazz,55,64,L,24,48,0.5,3,12,0.25,4,5,0.8,5,13,18,18,4,3,7,7,-9,23,43,0.535,7,15,0.467,11,11,1.0,5,17,22,11,4,4,9,7,9
0022201139,2023-03-29,2022-23,regular_season,False,1610612755,PHI,Philadelphia 76ers,1610612742,DAL,Dallas Mavericks,59,46,W,20,40,0.5,8,15,0.533,11,13,0.846,5,14,19,14,5,2,4,10,13,16,37,0.432,9,23,0.391,5,6,0.833,5,14,19,10,1,2,10,11,-13
0022201138,2023-03-29,2022-23,regular_season,False,1610612752,NYK,New York Knicks,1610612748,MIA,Miami Heat,53,46,W,20,34,0.588,6,12,0.5,7,10,0.7,1,17,18,12,4,0,5,8,7,18,38,0.474,7,18,0.389,3,6,0.5,3,11,14,9,1,0,5,5,-7
0022201137,2023-03-29,2022-23,regular_season,False,1610612751,BKN,Brooklyn Nets,1610612745,HOU,Houston Rockets,69,59,W,24,36,0.667,11,18,0.611,10,13,0.769,1,16,17,17,1,4,5,11,10,23,50,0.46,5,17,0.294,8,13,0.615,12,12,24,9,4,1,3,10,-10
0022201136,2023-03-29,2022-23,regular_season,False,1610612754,IND,Indiana Pacers,1610612749,MIL,Milwaukee Bucks,67,76,L,25,46,0.543,5,11,0.455,12,17,0.706,4,6,10,15,5,3,6,16,-9,29,45,0.644,4,11,0.364,14,17,0.824,8,18,26,13,4,3,11,13,9
0022201140,2023-03-29,2022-23,regular_season,False,1610612741,CHI,Chicago Bulls,1610612747,LAL,Los Angeles Lakers,59,62,L,23,40,0.575,6,16,0.375,7,7,1.0,3,15,18,16,4,1,10,12,-3,23,43,0.535,4,9,0.444,12,14,0.857,5,12,17,11,7,2,6,9,3
0022201146,2023-03-30,2022-23,regular_season,False,1610612749,MIL,Milwaukee Bucks,1610612738,BOS,Boston Celtics,52,65,L,19,44,0.432,11,21,0.524,3,6,0.5,3,11,14,16,2,0,5,9,-13,24,39,0.615,10,20,0.5,7,10,0.7,2,19,21,12,2,3,6,9,13
0022201147,2023-03-30,2022-23,regular_season,False,1610612743,DEN,Denver Nuggets,1610612740,NOP,New Orleans Pelicans,48,57,L,16,34,0.471,1,9,0.111,15,25,0.6,4,13,17,11,2,3,8,14,-9,18,37,0.486,8,14,0.571,13,16,0.812,3,17,20,11,4,0,6,19,9
0022201155,2023-03-31,2022-23,regular_season,False,1610612745,HOU,Houston Rockets,1610612765,DET,Detroit Pistons,63,54,W,15,37,0.405,6,15,0.4,27,36,0.75,8,18,26,4,5,3,5,13,9,20,42,0.476,5,19,0.263,9,15,0.6,6,12,18,12,2,5,6,20,-9
0022201159,2023-03-31,2022-23,regular_season,False,1610612757,POR,Portland Trail Blazers,1610612758,SAC,Sacramento Kings,55,67,L,19,40,0.475,11,20,0.55,6,7,0.857,4,10,14,13,5,1,12,7,-12,26,37,0.703,10,19,0.526,5,7,0.714,1,14,15,19,7,4,8,8,12
0022201158,2023-03-31,2022-23,regular_season,False,1610612744,GSW,Golden State Warriors,1610612759,SAS,San Antonio Spurs,76,64,W,26,47,0.553,15,25,0.6,9,11,0.818,7,12,19,24,2,4,7,11,12,22,42,0.524,10,19,0.526,10,13,0.769,4,12,16,15,4,2,8,11,-12
0022201157,2023-03-31,2022-23,regular_season,False,1610612750,MIN,Minnesota Timberwolves,1610612747,LAL,Los Angeles Lakers,46,68,L,15,47,0.319,7,26,0.269,9,9,1.0,5,10,15,10,6,0,10,17,-22,23,40,0.575,3,9,0.333,19,23,0.826,7,23,30,15,6,3,10,9,22
0022201156,2023-03-31,2022-23,regular_season,False,1610612763,MEM,Memphis Grizzlies,1610612746,LAC,LA Clippers,53,43,W,21,49,0.429,4,15,0.267,7,8,0.875,7,19,26,14,4,4,6,5,10,16,45,0.356,6,17,0.353,5,6,0.833,6,19,25,13,2,4,8,8,-10
0022201160,2023-03-31,2022-23,regular_season,False,1610612756,PHX,Phoenix Suns,1610612743,DEN,Denver Nuggets,40,53,L,15,44,0.341,5,16,0.312,5,7,0.714,6,15,21,13,6,2,9,6,-13,21,49,0.429,5,15,0.333,6,7,0.857,8,21,29,11,5,2,7,6,13
0022201154,2023-03-31,2022-23,regular_season,False,1610612739,CLE,Cleveland Cavaliers,1610612752,NYK,New York Knicks,44,51,L,17,40,0.425,6,19,0.316,4,5,0.8,1,19,20,14,2,5,6,11,-7,19,45,0.422,5,16,0.312,8,13,0.615,8,21,29,10,4,3,6,6,7
0022201152,2023-03-31,2022-23,regular_season,False,1610612738,BOS,Boston Celtics,1610612762,UTA,Utah Jazz,65,63,W,23,49,0.469,11,29,0.379,8,9,0.889,4,14,18,15,3,2,6,10,2,23,44,0.523,4,11,0.364,13,14,0.929,4,17,21,10,2,4,8,7,-2
0022201151,2023-03-31,2022-23,regular_season,False,1610612764,WAS,Washington Wizards,1610612753,ORL,Orlando Magic,46,56,L,18,50,0.36,6,23,0.261,4,6,0.667,6,17,23,10,3,3,8,14,-10,19,36,0.528,4,11,0.364,14,17,0.824,1,22,23,13,1,9,7,11,10
0022201150,2023-03-31,2022-23,regular_season,False,1610612755,PHI,Philadelphia 76ers,1610612761,TOR,Toronto Raptors,40,53,L,11,34,0.324,3,17,0.176,15,16,0.938,6,12,18,9,5,5,12,13,-13,18,39,0.462,6,12,0.5,11,13,0.846,7,15,22,10,4,1,10,12,13
0022201149,2023-03-31,2022-23,regular_season,False,1610612754,IND,Indiana Pacers,1610612760,OKC,Oklahoma City Thunder,56,56,W,20,48,0.417,6,19,0.316,10,14,0.714,8,22,30,15,2,3,8,12,0,16,43,0.372,4,17,0.235,20,23,0.87,6,20,26,10,3,3,6,13,0
0022201148,2023-03-31,2022-23,regular_season,False,1610612766,CHA,Charlotte Hornets,1610612741,CHI,Chicago Bulls,45,59,L,16,37,0.432,7,18,0.389,6,7,0.857,2,16,18,14,1,3,10,10,-14,24,45,0.533,5,12,0.417,6,9,0.667,5,14,19,15,6,1,2,9,14
0022201153,2023-03-31,2022-23,regular_season,False,1610612751,BKN,Brooklyn Nets,1610612737,ATL,Atlanta Hawks,65,52,W,24,42,0.571,6,14,0.429,11,11,1.0,4,14,18,17,4,1,5,10,13,19,39,0.487,4,15,0.267,10,10,1.0,4,13,17,13,2,3,5,11,-13
0022201161,2023-04-01,2022-23,regular_season,False,1610612748,MIA,Miami Heat,1610612742,DAL,Dallas Mavericks,53,58,L,19,41,0.463,7,20,0.35,8,10,0.8,6,14,20,13,1,0,7,8,-5,22,37,0.595,7,17,0.412,7,8,0.875,0,16,16,16,1,1,4,9,5
0022201162,2023-04-01,2022-23,regular_season,False,1610612740,NOP,New Orleans Pelicans,1610612746,LAC,LA Clippers,67,58,W,24,41,0.585,3,6,0.5,16,16,1.0,4,12,16,11,5,3,2,7,9,21,40,0.525,7,13,0.538,9,10,0.9,4,10,14,14,2,1,8,13,-9
0022201175,2023-04-02,2022-23,regular_season,False,1610612743,DEN,Denver Nuggets,1610612744,GSW,Golden State Warriors,54,49,W,20,47,0.426,5,15,0.333,9,12,0.75,7,15,22,11,5,5,6,9,5,17,53,0.321,5,25,0.2,10,10,1.0,12,18,30,11,4,2,9,12,-5
0022201174,2023-04-02,2022-23,regular_season,False,1610612749,MIL,Milwaukee Bucks,1610612755,PHI,Philadelphia 76ers,48,51,L,17,37,0.459,4,16,0.25,10,13,0.769,3,20,23,11,3,2,8,10,-3,19,44,0.432,6,19,0.316,7,8,0.875,5,15,20,8,1,0,4,9,3
0022201172,2023-04-02,2022-23,regular_season,False,1610612760,OKC,Oklahoma City Thunder,1610612756,PHX,Phoenix Suns,63,59,W,18,44,0.409,5,14,0.357,22,26,0.846,7,14,21,10,6,0,3,13,4,20,38,0.526,7,21,0.333,12,16,0.75,4,16,20,15,2,4,8,17,-4
0022201171,2023-04-02,2022-23,regular_season,False,1610612745,HOU,Houston Rockets,1610612747,LAL,Los Angeles Lakers,49,64,L,20,49,0.408,5,16,0.312,4,5,0.8,7,14,21,12,3,1,4,9,-15,23,44,0.523,5,19,0.263,13,17,0.765,6,22,28,16,2,4,4,5,15
0022201170,2023-04-02,2022-23,regular_season,False,1610612758,SAC,Sacramento Kings,1610612759,SAS,San Antonio Spurs,76,79,L,28,55,0.509,6,22,0.273,14,19,0.737,7,15,22,12,2,3,4,11,-3,30,52,0.577,5,18,0.278,14,15,0.933,5,20,25,13,2,1,6,13,3
0022201169,2023-04-02,2022-23,regular_season,False,1610612753,ORL,Orlando Magic,1610612765,DET,Detroit Pistons,65,58,W,20,34,0.588,8,17,0.471,17,23,0.739,3,14,17,13,3,3,7,13,7,19,38,0.5,7,16,0.438,13,14,0.929,3,12,15,15,1,1,6,16,-7
0022201173,2023-04-02,2022-23,regular_season,False,1610612739,CLE,Cleveland Cavaliers,1610612754,IND,Indiana Pacers,56,44,W,20,43,0.465,5,12,0.417,11,15,0.733,7,12,19,10,3,5,6,11,12,15,38,0.395,3,10,0.3,11,12,0.917,5,15,20,7,1,2,9,16,-12
0022201167,2023-04-02,2022-23,regular_season,False,1610612737,ATL,Atlanta Hawks,1610612742,DAL,Dallas Mavericks,62,64,L,25,59,0.424,4,21,0.19,8,10,0.8,10,20,30,18,4,3,5,12,-2,24,50,0.48,5,18,0.278,11,17,0.647,7,20,27,15,1,3,7,8,2
0022201166,2023-04-02,2022-23,regular_season,False,1610612750,MIN,Minnesota Timberwolves,1610612757,POR,Portland Trail Blazers,43,51,L,15,38,0.395,4,13,0.308,9,10,0.9,3,21,24,12,2,3,10,11,-8,20,44,0.455,4,14,0.286,7,12,0.583,4,18,22,13,5,2,4,11,8
0022201165,2023-04-02,2022-23,regular_season,False,1610612741,CHI,Chicago Bulls,1610612763,MEM,Memphis Grizzlies,75,39,W,30,49,0.612,4,15,0.267,11,13,0.846,3,16,19,19,9,4,2,7,36,14,37,0.378,6,18,0.333,5,7,0.714,4,16,20,10,0,1,16,13,-36
0022201164,2023-04-02,2022-23,regular_season,False,1610612751,BKN,Brooklyn Nets,1610612762,UTA,Utah Jazz,58,68,L,18,42,0.429,3,13,0.231,19,25,0.76,6,17,23,8,2,2,5,17,-10,22,50,0.44,6,18,0.333,18,22,0.818,7,19,26,14,2,1,2,14,10
0022201163,2023-04-02,2022-23,regular_season,False,1610612766,CHA,Charlotte Hornets,1610612761,TOR,Toronto Raptors,56,61,L,21,37,0.568,8,16,0.5,6,9,0.667,0,14,14,16,1,2,9,5,-5,27,57,0.474,1,15,0.067,6,6,1.0,13,16,29,18,6,2,3,8,5
0022201168,2023-04-02,2022-23,regular_season,False,1610612752,NYK,New York Knicks,1610612764,WAS,Washington Wizards,65,48,W,25,43,0.581,8,17,0.471,7,10,0.7,2,20,22,18,5,2,6,10,17,17,39,0.436,6,17,0.353,8,11,0.727,3,16,19,12,4,2,9,10,-17
0022201188,2023-04-04,2022-23,regular_season,False,1610612756,PHX,Phoenix Suns,1610612759,SAS,San Antonio Spurs,46,43,W,16,41,0.39,4,16,0.25,10,15,0.667,6,21,27,7,4,4,8,4,3,16,41,0.39,6,18,0.333,5,6,0.833,0,19,19,11,4,2,7,10,-3
0022201187,2023-04-04,2022-23,regular_season,False,1610612744,GSW,Golden State Warriors,1610612760,OKC,Oklahoma City Thunder,67,46,W,22,45,0.489,9,25,0.36,14,20,0.7,11,22,33,11,5,2,10,9,21,16,46,0.348,3,18,0.167,11,14,0.786,7,9,16,8,2,1,8,12,-21
0022201186,2023-04-04,2022-23,regular_season,False,1610612762,UTA,Utah Jazz,1610612747,LAL,Los Angeles Lakers,76,67,W,25,44,0.568,8,16,0.5,18,23,0.783,3,20,23,15,3,2,9,18,9,22,49,0.449,7,18,0.389,16,21,0.762,6,15,21,14,3,4,8,14,-9
0022201185,2023-04-04,2022-23,regular_season,False,1610612740,NOP,New Orleans Pelicans,1610612758,SAC,Sacramento Kings,49,56,L,16,41,0.39,4,10,0.4,13,17,0.765,5,14,19,7,6,0,6,7,-7,20,41,0.488,10,20,0.5,6,7,0.857,5,17,22,16,3,2,9,16,7
0022201184,2023-04-04,2022-23,regular_season,False,1610612763,MEM,Memphis Grizzlies,1610612757,POR,Portland Trail Blazers,53,47,W,18,40,0.45,8,24,0.333,9,14,0.643,4,19,23,13,3,2,5,2,6,19,42,0.452,8,20,0.4,1,2,0.5,3,20,23,11,2,3,7,12,-6
0022201183,2023-04-04,2022-23,regular_season,False,1610612745,HOU,Houston Rockets,1610612743,DEN,Denver Nuggets,68,44,W,26,55,0.473,7,18,0.389,9,12,0.75,11,17,28,15,8,2,4,10,24,15,36,0.417,5,17,0.294,9,15,0.6,6,17,23,11,3,6,15,9,-24
0022201180,2023-04-04,2022-23,regular_season,False,1610612751,BKN,Brooklyn Nets,1610612750,MIN,Minnesota Timberwolves,48,56,L,21,47,0.447,5,19,0.263,1,3,0.333,3,17,20,9,2,5,3,10,-8,20,39,0.513,5,11,0.455,11,14,0.786,2,20,22,9,3,4,4,5,8
0022201181,2023-04-04,2022-23,regular_season,False,1610612755,PHI,Philadelphia 76ers,1610612738,BOS,Boston Celtics,50,55,L,19,34,0.559,6,14,0.429,6,7,0.857,0,15,15,12,0,5,9,14,-5,20,47,0.426,10,26,0.385,5,10,0.5,8,14,22,16,3,3,3,9,5
0022201179,2023-04-04,2022-23,regular_season,False,1610612764,WAS,Washington Wizards,1610612749,MIL,Milwaukee Bucks,66,65,W,26,51,0.51,7,16,0.438,7,9,0.778,5,18,23,15,3,2,4,7,1,25,46,0.543,9,20,0.45,6,11,0.545,5,20,25,15,4,5,8,8,-1
0022201178,2023-04-04,2022-23,regular_season,False,1610612753,ORL,Orlando Magic,1610612739,CLE,Cleveland Cavaliers,54,59,L,22,45,0.489,6,12,0.5,4,5,0.8,6,16,22,12,3,1,7,9,-5,22,42,0.524,9,15,0.6,6,7,0.857,3,15,18,11,1,3,6,8,5
0022201177,2023-04-04,2022-23,regular_season,False,1610612765,DET,Detroit Pistons,1610612748,MIA,Miami Heat,53,59,L,19,37,0.514,6,14,0.429,9,12,0.75,5,10,15,12,3,0,5,13,-6,20,35,0.571,3,13,0.231,16,18,0.889,3,14,17,11,4,1,4,8,6
0022201176,2023-04-04,2022-23,regular_season,False,1610612766,CHA,Charlotte Hornets,1610612761,TOR,Toronto Raptors,51,59,L,18,43,0.419,6,18,0.333,9,10,0.9,4,15,19,13,3,1,7,12,-8,19,40,0.475,8,16,0.5,13,15,0.867,6,17,23,11,5,5,6,10,8
0022201182,2023-04-04,2022-23,regular_season,False,1610612741,CHI,Chicago Bulls,1610612737,ATL,Atlanta Hawks,52,58,L,20,46,0.435,2,14,0.143,10,12,0.833,4,14,18,6,5,2,5,10,-6,23,41,0.561,4,13,0.308,8,10,0.8,3,21,24,13,3,5,11,12,6
0022201194,2023-04-05,2022-23,regular_season,False,1610612740,NOP,New Orleans Pelicans,1610612763,MEM,Memphis Grizzlies,86,62,W,25,44,0.568,15,20,0.75,21,28,0.75,2,20,22,20,6,6,8,14,24,23,57,0.404,4,17,0.235,12,16,0.75,13,18,31,15,6,3,11,17,-24
0022201195,2023-04-05,2022-23,regular_season,False,1610612742,DAL,Dallas Mavericks,1610612758,SAC,Sacramento Kings,63,48,W,21,43,0.488,13,22,0.591,8,9,0.889,2,16,18,11,4,4,3,9,15,16,47,0.34,6,19,0.316,10,13,0.769,12,18,30,13,3,1,7,11,-15
0022201193,2023-04-05,2022-23,regular_season,False,1610612749,MIL,Milwaukee Bucks,1610612741,CHI,Chicago Bulls,56,41,W,21,45,0.467,7,18,0.389,7,9,0.778,8,19,27,13,2,3,6,8,15,16,41,0.39,4,15,0.267,5,6,0.833,3,13,16,10,4,0,8,9,-15
0022201196,2023-04-05,2022-23,regular_season,False,1610612746,LAC,LA Clippers,1610612747,LAL,Los Angeles Lakers,54,66,L,15,36,0.417,5,16,0.312,19,23,0.826,4,14,18,9,2,1,5,7,-12,26,47,0.553,5,14,0.357,9,12,0.75,5,18,23,14,2,3,3,13,12
0022201191,2023-04-05,2022-23,regular_season,False,1610612737,ATL,Atlanta Hawks,1610612764,WAS,Washington Wizards,67,56,W,20,40,0.5,6,14,0.429,21,23,0.913,8,15,23,14,6,2,9,13,11,21,45,0.467,1,13,0.077,13,15,0.867,6,12,18,12,7,5,8,15,-11
0022201190,2023-04-05,2022-23,regular_season,False,1610612754,IND,Indiana Pacers,1610612752,NYK,New York Knicks,62,68,L,22,41,0.537,7,14,0.5,11,14,0.786,6,10,16,16,5,4,12,10,-6,25,48,0.521,8,20,0.4,10,16,0.625,13,13,26,15,8,4,10,10,6
0022201189,2023-04-05,2022-23,regular_season,False,1610612765,DET,Detroit Pistons,1610612751,BKN,Brooklyn Nets,51,49,W,18,40,0.45,6,14,0.429,9,10,0.9,4,12,16,11,3,3,5,6,2,18,41,0.439,6,18,0.333,7,8,0.875,5,15,20,14,3,4,8,8,-2
0022201192,2023-04-05,2022-23,regular_season,False,1610612738,BOS,Boston Celtics,1610612761,TOR,Toronto Raptors,41,49,L,15,42,0.357,4,18,0.222,7,14,0.5,5,17,22,7,2,3,8,11,-8,17,41,0.415,4,15,0.267,11,13,0.846,5,22,27,9,5,3,7,12,8
0022201197,2023-04-06,2022-23,regular_season,False,1610612753,ORL,Orlando Magic,1610612739,CLE,Cleveland Cavaliers,37,51,L,11,41,0.268,6,23,0.261,9,13,0.692,4,14,18,6,4,7,9,5,-14,19,41,0.463,9,18,0.5,4,4,1.0,7,18,25,13,8,5,11,14,14
0022201198,2023-04-06,2022-23,regular_season,False,1610612755,PHI,Philadelphia 76ers,1610612748,MIA,Miami Heat,55,62,L,21,36,0.583,6,19,0.316,7,7,1.0,1,12,13,14,6,1,9,11,-7,25,43,0.581,7,16,0.438,5,6,0.833,7,12,19,18,2,0,9,6,7
0022201199,2023-04-06,2022-23,regular_season,False,1610612759,SAS,San Antonio Spurs,1610612757,POR,Portland Trail Blazers,60,66,L,23,48,0.479,5,15,0.333,9,11,0.818,6,17,23,15,2,3,6,7,-6,26,49,0.531,5,14,0.357,9,12,0.75,4,15,19,20,5,5,5,10,6
0022201200,2023-04-06,2022-23,regular_season,False,1610612762,UTA,Utah Jazz,1610612760,OKC,Oklahoma City Thunder,46,59,L,20,39,0.513,2,14,0.143,4,8,0.5,3,16,19,12,3,0,10,8,-13,21,46,0.457,5,18,0.278,12,14,0.857,8,16,24,15,9,1,6,7,13
0022201201,2023-04-06,2022-23,regular_season,False,1610612756,PHX,Phoenix Suns,1610612743,DEN,Denver Nuggets,63,60,W,21,35,0.6,9,18,0.5,12,15,0.8,3,12,15,15,0,5,5,8,3,22,41,0.537,5,12,0.417,11,13,0.846,5,12,17,11,2,1,5,12,-3
0022201211,2023-04-07,2022-23,regular_season,False,1610612758,SAC,Sacramento Kings,1610612744,GSW,Golden State Warriors,49,66,L,19,42,0.452,2,14,0.143,9,17,0.529,7,9,16,9,5,0,9,10,-17,23,38,0.605,9,18,0.5,11,14,0.786,2,14,16,21,4,2,12,17,17
0022201210,2023-04-07,2022-23,regular_season,False,1610612742,DAL,Dallas Mavericks,1610612741,CHI,Chicago Bulls,45,61,L,17,46,0.37,6,27,0.222,5,6,0.833,4,16,20,9,4,2,5,9,-16,25,42,0.595,5,13,0.385,6,12,0.5,4,23,27,12,3,3,5,7,16
0022201209,2023-04-07,2022-23,regular_season,False,1610612740,NOP,New Orleans Pelicans,1610612752,NYK,New York Knicks,53,45,W,19,39,0.487,6,14,0.429,9,9,1.0,3,23,26,14,1,3,7,9,8,17,43,0.395,6,18,0.333,5,8,0.625,1,15,16,7,5,1,5,8,-8
0022201208,2023-04-07,2022-23,regular_season,False,1610612749,MIL,Milwaukee Bucks,1610612763,MEM,Memphis Grizzlies,42,66,L,17,40,0.425,6,19,0.316,2,4,0.5,2,13,15,14,2,2,11,6,-24,25,50,0.5,13,27,0.481,3,4,0.75,9,18,27,18,5,3,5,12,24
0022201207,2023-04-07,2022-23,regular_season,False,1610612751,BKN,Brooklyn Nets,1610612753,ORL,Orlando Magic,43,45,L,16,43,0.372,3,17,0.176,8,9,0.889,7,15,22,11,5,3,5,7,-2,16,47,0.34,4,18,0.222,9,10,0.9,11,19,30,6,3,4,7,6,2
0022201203,2023-04-07,2022-23,regular_season,False,1610612754,IND,Indiana Pacers,1610612765,DET,Detroit Pistons,58,49,W,22,42,0.524,6,17,0.353,8,11,0.727,5,22,27,17,2,3,6,12,9,15,42,0.357,6,14,0.429,13,17,0.765,4,14,18,10,5,2,3,10,-9
0022201205,2023-04-07,2022-23,regular_season,False,1610612737,ATL,Atlanta Hawks,1610612755,PHI,Philadelphia 76ers,68,83,L,26,45,0.578,6,14,0.429,10,16,0.625,1,12,13,16,6,0,15,12,-15,30,51,0.588,6,9,0.667,17,20,0.85,7,20,27,17,7,1,14,14,15
0022201204,2023-04-07,2022-23,regular_season,False,1610612764,WAS,Washington Wizards,1610612748,MIA,Miami Heat,61,57,W,20,43,0.465,5,15,0.333,16,22,0.727,6,18,24,12,3,1,10,10,4,22,49,0.449,9,25,0.36,4,6,0.667,7,18,25,11,5,2,11,16,-4
0022201212,2023-04-07,2022-23,regular_season,False,1610612747,LAL,Los Angeles Lakers,1610612756,PHX,Phoenix Suns,60,45,W,22,44,0.5,8,18,0.444,8,10,0.8,8,23,31,10,3,1,10,6,15,19,47,0.404,3,18,0.167,4,6,0.667,5,11,16,10,3,4,5,7,-15
0022201202,2023-04-07,2022-23,regular_season,False,1610612766,CHA,Charlotte Hornets,1610612745,HOU,Houston Rockets,60,57,W,20,44,0.455,8,23,0.348,12,15,0.8,4,15,19,12,5,4,5,13,3,21,39,0.538,5,12,0.417,10,15,0.667,6,16,22,12,3,6,10,13,-3
0022201206,2023-04-07,2022-23,regular_season,False,1610612738,BOS,Boston Celtics,1610612761,TOR,Toronto Raptors,53,62,L,21,41,0.512,6,19,0.316,5,8,0.625,6,13,19,17,2,0,8,7,-9,25,43,0.581,6,17,0.353,6,8,0.75,4,15,19,12,3,1,4,6,9
0022201214,2023-04-08,2022-23,regular_season,False,1610612759,SAS,San Antonio Spurs,1610612750,MIN,Minnesota Timberwolves,63,71,L,24,49,0.49,4,14,0.286,11,13,0.846,7,17,24,13,3,3,4,5,-8,26,52,0.5,15,25,0.6,4,6,0.667,8,18,26,21,1,4,3,11,8
0022201215,2023-04-08,2022-23,regular_season,False,1610612746,LAC,LA Clippers,1610612757,POR,Portland Trail Blazers,72,55,W,25,44,0.568,8,21,0.381,14,16,0.875,5,21,26,12,4,3,6,7,17,22,45,0.489,7,15,0.467,4,8,0.5,3,13,16,17,4,1,6,11,-17
0022201213,2023-04-08,2022-23,regular_season,False,1610612762,UTA,Utah Jazz,1610612743,DEN,Denver Nuggets,60,59,W,23,54,0.426,5,18,0.278,9,10,0.9,11,19,30,16,4,2,4,9,1,21,43,0.488,8,22,0.364,9,13,0.692,2,19,21,18,1,6,6,10,-1
0022201226,2023-04-09,2022-23,regular_season,False,1610612760,OKC,Oklahoma City Thunder,1610612763,MEM,Memphis Grizzlies,68,51,W,26,46,0.565,7,16,0.438,9,11,0.818,3,19,22,19,3,1,4,8,17,22,44,0.5,0,13,0.0,7,10,0.7,5,16,21,13,1,1,6,9,-17
0022201230,2023-04-09,2022-23,regular_season,False,1610612757,POR,Portland Trail Blazers,1610612744,GSW,Golden State Warriors,48,73,L,17,43,0.395,4,15,0.267,10,16,0.625,2,11,13,14,4,3,8,5,-25,27,44,0.614,12,20,0.6,7,9,0.778,4,25,29,22,8,5,11,12,25
0022201229,2023-04-09,2022-23,regular_season,False,1610612756,PHX,Phoenix Suns,1610612746,LAC,LA Clippers,61,71,L,24,49,0.49,7,17,0.412,6,11,0.545,4,12,16,15,2,1,4,9,-10,30,53,0.566,1,7,0.143,10,12,0.833,10,19,29,14,2,2,6,10,10
0022201228,2023-04-09,2022-23,regular_season,False,1610612747,LAL,Los Angeles Lakers,1610612762,UTA,Utah Jazz,63,61,W,23,47,0.489,9,23,0.391,8,11,0.727,4,18,22,14,1,3,4,6,2,26,50,0.52,4,17,0.235,5,6,0.833,5,19,24,13,1,2,3,9,-2
0022201227,2023-04-09,2022-23,regular_season,False,1610612743,DEN,Denver Nuggets,1610612758,SAC,Sacramento Kings,50,28,W,21,42,0.5,4,17,0.235,4,8,0.5,8,26,34,13,5,0,13,9,22,10,37,0.27,2,22,0.091,6,10,0.6,2,11,13,7,5,1,7,7,-22
0022201224,2023-04-09,2022-23,regular_season,False,1610612742,DAL,Dallas Mavericks,1610612759,SAS,San Antonio Spurs,58,67,L,22,50,0.44,9,30,0.3,5,10,0.5,3,15,18,16,2,0,2,10,-9,25,48,0.521,6,16,0.375,11,16,0.688,7,27,34,16,1,0,8,9,9
0022201223,2023-04-09,2022-23,regular_season,False,1610612741,CHI,Chicago Bulls,1610612765,DET,Detroit Pistons,54,35,W,20,49,0.408,4,19,0.211,10,15,0.667,7,18,25,8,9,5,3,8,19,14,42,0.333,2,16,0.125,5,6,0.833,8,23,31,9,1,2,16,10,-19
0022201225,2023-04-09,2022-23,regular_season,False,1610612750,MIN,Minnesota Timberwolves,1610612740,NOP,New Orleans Pelicans,66,53,W,22,40,0.55,8,16,0.5,14,20,0.7,5,19,24,12,3,6,9,15,13,17,41,0.415,1,10,0.1,18,22,0.818,4,17,21,7,7,1,6,15,-13
0022201221,2023-04-09,2022-23,regular_season,False,1610612761,TOR,Toronto Raptors,1610612749,MIL,Milwaukee Bucks,54,50,W,22,48,0.458,6,22,0.273,4,5,0.8,4,20,24,15,3,1,7,14,4,17,38,0.447,5,16,0.312,11,15,0.733,3,14,17,13,3,1,7,4,-4
0022201220,2023-04-09,2022-23,regular_season,False,1610612752,NYK,New York Knicks,1610612754,IND,Indiana Pacers,65,68,L,23,55,0.418,11,26,0.423,8,11,0.727,11,16,27,14,5,6,6,11,-3,23,45,0.511,9,15,0.6,13,16,0.812,3,22,25,17,4,7,8,13,3
0022201219,2023-04-09,2022-23,regular_season,False,1610612748,MIA,Miami Heat,1610612753,ORL,Orlando Magic,71,60,W,23,38,0.605,13,24,0.542,12,14,0.857,4,17,21,14,5,2,11,11,11,20,43,0.465,10,20,0.5,10,15,0.667,5,11,16,18,8,1,7,9,-11
0022201218,2023-04-09,2022-23,regular_season,False,1610612739,CLE,Cleveland Cavaliers,1610612766,CHA,Charlotte Hornets,41,57,L,14,42,0.333,4,20,0.2,9,9,1.0,3,13,16,11,5,1,6,10,-16,20,35,0.571,6,13,0.462,11,14,0.786,3,22,25,14,5,4,12,7,16
0022201217,2023-04-09,2022-23,regular_season,False,1610612751,BKN,Brooklyn Nets,1610612755,PHI,Philadelphia 76ers,52,73,L,17,42,0.405,4,17,0.235,14,17,0.824,7,15,22,8,2,3,10,13,-21,28,48,0.583,10,18,0.556,7,10,0.7,5,16,21,14,5,2,7,14,21
0022201216,2023-04-09,2022-23,regular_season,False,1610612738,BOS,Boston Celtics,1610612737,ATL,Atlanta Hawks,59,50,W,22,44,0.5,12,24,0.5,3,4,0.75,6,19,25,17,3,2,7,5,9,19,48,0.396,6,24,0.25,6,9,0.667,10,15,25,12,5,3,4,4,-9
0022201222,2023-04-09,2022-23,regular_season,False,1610612764,WAS,Washington Wizards,1610612745,HOU,Houston Rockets,42,59,L,15,44,0.341,4,19,0.211,8,12,0.667,5,17,22,13,6,3,10,13,-17,23,45,0.511,1,6,0.167,12,19,0.632,8,23,31,12,6,3,8,8,17
0052200101,2023-04-11,2022-23,play_in,False,1610612748,MIA,Miami Heat,1610612737,ATL,Atlanta Hawks,55,51,W,22,46,0.478,7,18,0.389,4,5,0.8,4,13,17,16,2,0,2,8,4,22,46,0.478,2,16,0.125,5,11,0.455,14,15,29,8,1,5,5,10,-4
0052200121,2023-04-11,2022-23,play_in,False,1610612747,LAL,Los Angeles Lakers,1610612750,MIN,Minnesota Timberwolves,59,42,W,18,43,0.419,7,18,0.389,16,17,0.941,5,24,29,15,4,5,12,7,17,16,49,0.327,7,24,0.292,3,3,1.0,2,18,20,15,6,4,14,17,-17
0052200111,2023-04-12,2022-23,play_in,False,1610612761,TOR,Toronto Raptors,1610612741,CHI,Chicago Bulls,47,62,L,17,42,0.405,3,12,0.25,10,22,0.455,10,15,25,10,4,2,10,13,-15,21,42,0.5,5,15,0.333,15,17,0.882,4,14,18,9,6,4,5,15,15
0052200131,2023-04-12,2022-23,play_in,False,1610612740,NOP,New Orleans Pelicans,1610612760,OKC,Oklahoma City Thunder,55,66,L,20,38,0.526,5,14,0.357,10,14,0.714,4,13,17,11,3,3,7,15,-11,22,44,0.5,3,14,0.214,19,22,0.864,7,12,19,12,4,0,4,10,11
0052200201,2023-04-14,2022-23,play_in,False,1610612748,MIA,Miami Heat,1610612741,CHI,Chicago Bulls,53,47,W,16,42,0.381,3,14,0.214,18,22,0.818,6,21,27,7,5,2,5,10,6,19,43,0.442,3,12,0.25,6,10,0.6,4,18,22,10,3,3,6,16,-6
0052200211,2023-04-14,2022-23,play_in,False,1610612750,MIN,Minnesota Timberwolves,1610612760,OKC,Oklahoma City Thunder,63,48,W,21,38,0.553,8,17,0.471,13,16,0.812,5,19,24,17,8,6,11,7,15,16,44,0.364,6,21,0.286,10,10,1.0,5,11,16,11,5,2,9,10,-15
0042200161,2023-04-15,2022-23,playoffs,False,1610612758,SAC,Sacramento Kings,1610612744,GSW,Golden State Warriors,71,62,W,24,47,0.511,8,16,0.5,15,20,0.75,10,17,27,10,4,0,5,15,9,20,41,0.488,9,28,0.321,13,17,0.765,4,12,16,15,2,1,5,13,-9
0042200131,2023-04-15,2022-23,playoffs,False,1610612739,CLE,Cleveland Cavaliers,1610612752,NYK,New York Knicks,52,51,W,19,39,0.487,6,13,0.462,8,11,0.727,4,11,15,12,3,2,6,7,1,20,45,0.444,5,13,0.385,6,8,0.75,11,16,27,9,5,1,8,11,-1
0042200111,2023-04-15,2022-23,playoffs,False,1610612738,BOS,Boston Celtics,1610612737,ATL,Atlanta Hawks,38,55,L,15,43,0.349,4,17,0.235,4,5,0.8,6,20,26,8,2,4,9,7,-17,22,50,0.44,4,13,0.308,7,8,0.875,6,21,27,13,6,1,4,7,17
0042200121,2023-04-15,2022-23,playoffs,False,1610612755,PHI,Philadelphia 76ers,1610612751,BKN,Brooklyn Nets,54,43,W,19,40,0.475,8,22,0.364,8,8,1.0,6,13,19,14,8,1,7,7,11,15,32,0.469,7,17,0.412,6,8,0.75,3,14,17,11,2,0,12,8,-11
0042200101,2023-04-16,2022-23,playoffs,False,1610612749,MIL,Milwaukee Bucks,1610612748,MIA,Miami Heat,62,62,L,24,45,0.533,7,24,0.292,7,10,0.7,2,16,18,20,1,2,3,13,0,22,37,0.595,7,11,0.636,11,15,0.733,0,16,16,16,2,0,7,10,0
0042200141,2023-04-16,2022-23,playoffs,False,1610612743,DEN,Denver Nuggets,1610612750,MIN,Minnesota Timberwolves,54,36,W,19,44,0.432,10,23,0.435,6,9,0.667,6,20,26,12,5,1,7,9,18,12,35,0.343,7,22,0.318,5,8,0.625,1,17,18,9,4,3,10,7,-18
0042200151,2023-04-16,2022-23,playoffs,False,1610612763,MEM,Memphis Grizzlies,1610612747,LAL,Los Angeles Lakers,47,69,L,18,42,0.429,7,21,0.333,4,4,1.0,2,7,9,14,4,0,5,10,-22,27,40,0.675,11,19,0.579,4,5,0.8,2,17,19,14,1,6,8,7,22
0042200171,2023-04-16,2022-23,playoffs,False,1610612756,PHX,Phoenix Suns,1610612746,LAC,LA Clippers,56,56,L,21,42,0.5,3,11,0.273,11,15,0.733,4,18,22,17,3,7,5,14,0,19,50,0.38,4,16,0.25,14,17,0.824,11,16,27,10,2,2,6,11,0
0042200122,2023-04-17,2022-23,playoffs,False,1610612755,PHI,Philadelphia 76ers,1610612751,BKN,Brooklyn Nets,52,35,W,19,40,0.475,7,19,0.368,7,9,0.778,8,22,30,10,4,4,7,8,17,13,37,0.351,5,20,0.25,4,6,0.667,2,12,14,10,4,0,5,11,-17
0042200162,2023-04-17,2022-23,playoffs,False,1610612758,SAC,Sacramento Kings,1610612744,GSW,Golden State Warriors,56,54,W,21,47,0.447,3,14,0.214,11,17,0.647,3,18,21,10,3,1,2,11,2,21,44,0.477,6,21,0.286,6,8,0.75,4,20,24,10,1,0,9,13,-2
0042200112,2023-04-18,2022-23,playoffs,False,1610612738,BOS,Boston Celtics,1610612737,ATL,Atlanta Hawks,58,57,W,23,40,0.575,9,16,0.562,3,4,0.75,3,17,20,14,4,7,11,5,1,23,53,0.434,7,24,0.292,4,5,0.8,12,10,22,9,6,1,6,6,-1
0042200132,2023-04-18,2022-23,playoffs,False,1610612739,CLE,Cleveland Cavaliers,1610612752,NYK,New York Knicks,48,51,L,19,35,0.543,6,16,0.375,4,6,0.667,5,17,22,12,2,6,11,13,-3,15,41,0.366,3,13,0.231,18,21,0.857,8,8,16,10,7,1,4,6,3
0042200172,2023-04-18,2022-23,playoffs,False,1610612756,PHX,Phoenix Suns,1610612746,LAC,LA Clippers,64,50,W,26,43,0.605,5,14,0.357,7,8,0.875,5,12,17,15,3,3,3,14,14,15,34,0.441,3,10,0.3,17,19,0.895,4,7,11,7,3,2,9,9,-14
0042200152,2023-04-19,2022-23,playoffs,False,1610612763,MEM,Memphis Grizzlies,1610612747,LAL,Los Angeles Lakers,44,49,L,12,37,0.324,6,18,0.333,14,16,0.875,6,14,20,8,2,2,5,10,-5,20,43,0.465,3,13,0.231,6,6,1.0,7,17,24,12,3,0,6,13,5
0042200102,2023-04-19,2022-23,playoffs,False,1610612749,MIL,Milwaukee Bucks,1610612748,MIA,Miami Heat,57,67,L,20,44,0.455,13,28,0.464,4,4,1.0,3,14,17,16,7,0,8,8,-10,24,40,0.6,11,19,0.579,8,13,0.615,4,21,25,18,8,1,11,2,10
0042200142,2023-04-19,2022-23,playoffs,False,1610612743,DEN,Denver Nuggets,1610612750,MIN,Minnesota Timberwolves,58,64,L,19,40,0.475,6,13,0.462,14,16,0.875,5,11,16,10,3,0,7,14,-6,24,38,0.632,8,15,0.533,8,9,0.889,2,11,13,14,3,2,6,15,6
0042200123,2023-04-20,2022-23,playoffs,False,1610612751,BKN,Brooklyn Nets,1610612755,PHI,Philadelphia 76ers,50,44,W,18,42,0.429,6,19,0.316,8,10,0.8,5,12,17,13,4,3,5,3,6,18,40,0.45,6,12,0.5,2,3,0.667,7,18,25,6,4,2,13,8,-6
0042200163,2023-04-20,2022-23,playoffs,False,1610612744,GSW,Golden State Warriors,1610612758,SAC,Sacramento Kings,61,56,W,23,51,0.451,7,23,0.304,8,8,1.0,8,19,27,16,5,2,6,11,5,19,43,0.442,6,23,0.261,12,15,0.8,5,16,21,14,4,3,5,11,-5
0042200173,2023-04-20,2022-23,playoffs,False,1610612746,LAC,LA Clippers,1610612756,PHX,Phoenix Suns,73,75,L,27,45,0.6,8,17,0.471,11,13,0.846,2,13,15,13,5,1,6,21,-2,21,40,0.525,5,15,0.333,28,37,0.757,9,14,23,12,4,3,5,10,2
0042200113,2023-04-21,2022-23,playoffs,False,1610612737,ATL,Atlanta Hawks,1610612738,BOS,Boston Celtics,56,55,W,21,45,0.467,7,18,0.389,7,8,0.875,6,20,26,7,3,3,11,7,1,22,47,0.468,6,23,0.261,5,7,0.714,3,13,16,15,8,0,6,10,-1
0042200133,2023-04-21,2022-23,playoffs,False,1610612752,NYK,New York Knicks,1610612739,CLE,Cleveland Cavaliers,54,47,W,20,38,0.526,6,14,0.429,8,12,0.667,7,14,21,12,5,2,7,10,7,18,38,0.474,5,14,0.357,6,9,0.667,6,10,16,10,5,1,9,11,-7
0042200143,2023-04-21,2022-23,playoffs,False,1610612750,MIN,Minnesota Timberwolves,1610612743,DEN,Denver Nuggets,56,59,L,16,33,0.485,4,10,0.4,20,24,0.833,3,13,16,11,3,0,8,12,-3,23,40,0.575,6,16,0.375,7,9,0.778,2,13,15,18,5,2,6,16,3
0042200174,2023-04-22,2022-23,playoffs,False,1610612746,LAC,LA Clippers,1610612756,PHX,Phoenix Suns,53,64,L,22,47,0.468,7,19,0.368,2,4,0.5,3,8,11,10,6,2,3,12,-11,24,39,0.615,7,13,0.538,9,12,0.75,5,17,22,13,1,6,10,5,11
0042200153,2023-04-22,2022-23,playoffs,False,1610612747,LAL,Los Angeles Lakers,1610612763,MEM,Memphis Grizzlies,58,64,L,19,42,0.452,4,14,0.286,16,19,0.842,6,13,19,9,6,3,8,9,-6,22,43,0.512,8,18,0.444,12,13,0.923,6,15,21,14,5,1,7,11,6
0042200124,2023-04-22,2022-23,playoffs,False,1610612751,BKN,Brooklyn Nets,1610612755,PHI,Philadelphia 76ers,40,56,L,16,40,0.4,4,18,0.222,4,7,0.571,1,12,13,9,3,1,4,9,-16,20,44,0.455,7,13,0.538,9,10,0.9,8,20,28,13,3,2,6,9,16
0042200103,2023-04-22,2022-23,playoffs,False,1610612748,MIA,Miami Heat,1610612749,MIL,Milwaukee Bucks,55,46,W,23,40,0.575,4,14,0.286,5,5,1.0,3,16,19,11,10,2,9,11,9,18,44,0.409,5,21,0.238,5,8,0.625,7,13,20,12,5,2,11,5,-9
0042200114,2023-04-23,2022-23,playoffs,False,1610612737,ATL,Atlanta Hawks,1610612738,BOS,Boston Celtics,68,64,W,25,49,0.51,6,15,0.4,12,13,0.923,7,15,22,14,4,0,7,16,4,22,41,0.537,7,17,0.412,13,17,0.765,4,13,17,10,3,4,8,13,-4
0042200134,2023-04-23,2022-23,playoffs,False,1610612752,NYK,New York Knicks,1610612739,CLE,Cleveland Cavaliers,48,48,W,18,35,0.514,3,12,0.25,9,14,0.643,6,14,20,5,2,3,8,8,0,20,42,0.476,3,14,0.214,5,6,0.833,4,10,14,12,1,1,4,10,0
0042200144,2023-04-23,2022-23,playoffs,False,1610612750,MIN,Minnesota Timberwolves,1610612743,DEN,Denver Nuggets,66,56,W,26,49,0.531,8,21,0.381,6,7,0.857,5,22,27,10,2,6,5,13,10,20,49,0.408,8,19,0.421,8,13,0.615,4,16,20,11,3,4,5,11,-10
0042200164,2023-04-23,2022-23,playoffs,False,1610612744,GSW,Golden State Warriors,1610612758,SAC,Sacramento Kings,61,56,W,21,45,0.467,6,17,0.353,13,15,0.867,7,19,26,14,5,4,7,12,5,18,44,0.409,5,15,0.333,15,17,0.882,5,15,20,9,3,2,7,13,-5
0042200104,2023-04-24,2022-23,playoffs,False,1610612748,MIA,Miami Heat,1610612749,MIL,Milwaukee Bucks,69,57,W,25,44,0.568,3,9,0.333,16,17,0.941,5,18,23,12,6,3,7,10,12,21,50,0.42,5,18,0.278,10,12,0.833,9,13,22,13,5,1,8,13,-12
0042200154,2023-04-24,2022-23,playoffs,False,1610612747,LAL,Los Angeles Lakers,1610612763,MEM,Memphis Grizzlies,63,59,W,21,50,0.42,5,20,0.25,16,21,0.762,10,18,28,11,3,3,8,9,4,23,51,0.451,4,19,0.211,9,11,0.818,6,18,24,14,3,5,8,17,-4
0042200145,2023-04-25,2022-23,playoffs,False,1610612743,DEN,Denver Nuggets,1610612750,MIN,Minnesota Timberwolves,64,62,W,20,44,0.455,7,14,0.5,17,19,0.895,10,14,24,11,3,2,5,15,2,21,39,0.538,5,17,0.294,15,21,0.714,4,13,17,14,4,2,5,16,-2
0042200175,2023-04-25,2022-23,playoffs,False,1610612756,PHX,Phoenix Suns,1610612746,LAC,LA Clippers,75,60,W,26,49,0.531,10,19,0.526,13,16,0.812,9,18,27,14,4,1,5,15,15,17,43,0.395,7,18,0.389,19,23,0.826,7,13,20,11,2,0,6,12,-15
0042200115,2023-04-25,2022-23,playoffs,False,1610612738,BOS,Boston Celtics,1610612737,ATL,Atlanta Hawks,51,61,L,22,43,0.512,5,19,0.263,2,6,0.333,6,15,21,16,0,4,7,12,-10,23,46,0.5,10,20,0.5,5,5,1.0,1,15,16,13,4,2,3,8,10
0042200105,2023-04-26,2022-23,playoffs,False,1610612749,MIL,Milwaukee Bucks,1610612748,MIA,Miami Heat,57,65,L,18,48,0.375,8,18,0.444,13,21,0.619,4,24,28,9,4,1,9,12,-8,25,60,0.417,8,24,0.333,7,9,0.778,7,24,31,13,2,3,9,17,8
0042200135,2023-04-26,2022-23,playoffs,False,1610612739,CLE,Cleveland Cavaliers,1610612752,NYK,New York Knicks,44,45,L,16,37,0.432,5,16,0.312,7,7,1.0,1,15,16,12,4,1,6,13,-1,14,41,0.341,3,14,0.214,14,18,0.778,9,17,26,8,3,2,8,8,1
0042200155,2023-04-26,2022-23,playoffs,False,1610612763,MEM,Memphis Grizzlies,1610612747,LAL,Los Angeles Lakers,55,47,W,22,45,0.489,6,16,0.375,5,8,0.625,7,21,28,12,1,2,7,10,8,16,48,0.333,7,26,0.269,8,10,0.8,9,17,26,11,5,0,3,9,-8
0042200165,2023-04-26,2022-23,playoffs,False,1610612758,SAC,Sacramento Kings,1610612744,GSW,Golden State Warriors,60,63,L,20,41,0.488,2,13,0.154,18,20,0.9,6,14,20,8,5,2,10,9,-3,26,50,0.52,3,15,0.2,8,13,0.615,8,14,22,17,8,3,6,14,3
0042200116,2023-04-27,2022-23,playoffs,False,1610612737,ATL,Atlanta Hawks,1610612738,BOS,Boston Celtics,53,60,L,19,44,0.432,6,12,0.5,9,14,0.643,5,16,21,12,2,5,5,10,-7,22,42,0.524,8,21,0.381,8,9,0.889,3,20,23,10,3,7,2,9,7
0042200156,2023-04-28,2022-23,playoffs,False,1610612747,LAL,Los Angeles Lakers,1610612763,MEM,Memphis Grizzlies,66,43,W,24,49,0.49,12,29,0.414,6,7,0.857,6,21,27,15,2,7,7,8,23,13,47,0.277,5,20,0.25,12,14,0.857,7,17,24,9,2,2,6,6,-23
0042200166,2023-04-28,2022-23,playoffs,False,1610612744,GSW,Golden State Warriors,1610612758,SAC,Sacramento Kings,48,60,L,16,41,0.39,5,14,0.357,11,16,0.688,6,16,22,12,5,2,9,11,-12,18,44,0.409,10,24,0.417,14,16,0.875,7,14,21,13,6,5,8,13,12
0042200221,2023-04-29,2022-23,playoffs,False,1610612743,DEN,Denver Nuggets,1610612756,PHX,Phoenix Suns,57,56,W,22,46,0.478,7,20,0.35,6,8,0.75,4,18,22,10,6,1,5,10,1,21,44,0.477,5,18,0.278,9,12,0.75,5,18,23,11,2,1,7,9,-1
0042200201,2023-04-30,2022-23,playoffs,False,1610612752,NYK,New York Knicks,1610612748,MIA,Miami Heat,46,58,L,17,43,0.395,4,18,0.222,8,14,0.571,8,17,25,9,3,1,8,14,-12,18,38,0.474,6,16,0.375,16,20,0.8,3,16,19,13,6,4,4,9,12
0042200167,2023-04-30,2022-23,playoffs,False,1610612758,SAC,Sacramento Kings,1610612744,GSW,Golden State Warriors,42,64,L,15,46,0.326,3,22,0.136,9,15,0.6,7,14,21,7,0,1,4,14,-22,24,55,0.436,7,24,0.292,9,18,0.5,16,17,33,11,3,2,2,14,22
0042200211,2023-05-01,2022-23,playoffs,False,1610612738,BOS,Boston Celtics,1610612755,PHI,Philadelphia 76ers,49,56,L,16,36,0.444,2,12,0.167,15,16,0.938,5,16,21,9,1,1,9,8,-7,19,42,0.452,6,19,0.316,12,12,1.0,3,14,17,5,7,2,6,13,7
0042200222,2023-05-01,2022-23,playoffs,False,1610612743,DEN,Denver Nuggets,1610612756,PHX,Phoenix Suns,57,45,W,20,38,0.526,4,14,0.286,13,15,0.867,5,16,21,10,2,3,5,7,12,19,42,0.452,2,14,0.143,5,5,1.0,2,12,14,10,1,1,5,15,-12
0042200202,2023-05-02,2022-23,playoffs,False,1610612752,NYK,New York Knicks,1610612748,MIA,Miami Heat,60,51,W,21,42,0.5,9,20,0.45,9,13,0.692,6,19,25,12,1,0,5,9,9,20,41,0.488,7,23,0.304,4,7,0.571,3,12,15,9,0,1,3,13,-9
0042200231,2023-05-02,2022-23,playoffs,False,1610612744,GSW,Golden State Warriors,1610612747,LAL,Los Angeles Lakers,48,52,L,19,49,0.388,8,23,0.348,2,3,0.667,6,20,26,11,1,2,3,11,-4,19,48,0.396,5,17,0.294,9,12,0.75,8,19,27,12,1,6,2,5,4
0042200212,2023-05-03,2022-23,playoffs,False,1610612738,BOS,Boston Celtics,1610612755,PHI,Philadelphia 76ers,64,38,W,24,47,0.511,12,29,0.414,4,5,0.8,5,20,25,16,5,2,4,6,26,14,37,0.378,5,17,0.294,5,7,0.714,3,15,18,8,1,2,10,6,-26
0042200232,2023-05-04,2022-23,playoffs,False,1610612744,GSW,Golden State Warriors,1610612747,LAL,Los Angeles Lakers,60,44,W,21,42,0.5,11,19,0.579,7,11,0.636,5,24,29,18,0,1,11,13,16,18,44,0.409,2,17,0.118,6,13,0.462,2,15,17,14,7,2,2,9,-16
0042200213,2023-05-05,2022-23,playoffs,False,1610612755,PHI,Philadelphia 76ers,1610612738,BOS,Boston Celtics,52,57,L,17,39,0.436,9,21,0.429,9,12,0.75,3,12,15,12,3,2,3,11,-5,18,38,0.474,8,21,0.381,13,14,0.929,5,18,23,11,2,2,6,12,5
0042200223,2023-05-05,2022-23,playoffs,False,1610612756,PHX,Phoenix Suns,1610612743,DEN,Denver Nuggets,54,62,L,22,46,0.478,5,14,0.357,5,6,0.833,2,16,18,13,1,4,4,14,-8,21,50,0.42,6,15,0.4,14,16,0.875,12,19,31,14,2,2,5,10,8
0042200233,2023-05-06,2022-23,playoffs,False,1610612747,LAL,Los Angeles Lakers,1610612744,GSW,Golden State Warriors,68,49,W,24,40,0.6,7,12,0.583,13,16,0.812,5,18,23,11,3,2,7,12,19,18,47,0.383,5,20,0.25,8,11,0.727,7,7,14,12,3,3,7,9,-19
0042200203,2023-05-06,2022-23,playoffs,False,1610612748,MIA,Miami Heat,1610612752,NYK,New York Knicks,47,42,W,14,37,0.378,3,13,0.231,16,16,1.0,4,18,22,8,1,0,11,14,5,15,44,0.341,6,24,0.25,6,10,0.6,6,12,18,10,3,1,4,10,-5
0042200214,2023-05-07,2022-23,playoffs,False,1610612755,PHI,Philadelphia 76ers,1610612738,BOS,Boston Celtics,57,65,L,19,43,0.442,7,16,0.438,12,13,0.923,5,10,15,9,4,0,5,15,-8,23,40,0.575,8,19,0.421,11,14,0.786,4,15,19,15,1,7,4,14,8
0042200224,2023-05-07,2022-23,playoffs,False,1610612756,PHX,Phoenix Suns,1610612743,DEN,Denver Nuggets,66,63,W,23,35,0.657,10,18,0.556,10,11,0.909,2,13,15,15,2,1,8,11,3,26,45,0.578,3,11,0.273,8,10,0.8,3,9,12,14,4,1,3,8,-3
0042200204,2023-05-08,2022-23,playoffs,False,1610612748,MIA,Miami Heat,1610612752,NYK,New York Knicks,53,53,W,18,43,0.419,5,21,0.238,12,17,0.706,8,14,22,14,3,1,4,11,0,19,35,0.543,3,13,0.231,12,13,0.923,1,13,14,12,1,0,7,15,0
0042200234,2023-05-08,2022-23,playoffs,False,1610612747,LAL,Los Angeles Lakers,1610612744,GSW,Golden State Warriors,55,49,W,20,40,0.5,4,14,0.286,11,11,1.0,5,15,20,9,5,1,8,10,6,18,41,0.439,7,22,0.318,6,9,0.667,6,12,18,13,6,2,10,14,-6
0042200215,2023-05-09,2022-23,playoffs,False,1610612738,BOS,Boston Celtics,1610612755,PHI,Philadelphia 76ers,54,57,L,19,45,0.422,7,19,0.368,9,14,0.643,6,9,15,10,3,0,3,7,-3,20,35,0.571,5,12,0.417,12,14,0.857,4,18,22,12,3,3,9,12,3
0042200225,2023-05-09,2022-23,playoffs,False,1610612743,DEN,Denver Nuggets,1610612756,PHX,Phoenix Suns,66,53,W,24,36,0.667,5,9,0.556,13,16,0.812,1,19,20,18,3,3,5,8,13,21,46,0.457,6,16,0.375,5,10,0.5,4,12,16,12,2,2,5,13,-13
0042200235,2023-05-10,2022-23,playoffs,False,1610612744,GSW,Golden State Warriors,1610612747,LAL,Los Angeles Lakers,51,47,W,21,44,0.477,2,14,0.143,7,8,0.875,6,24,30,12,4,3,10,9,4,19,47,0.404,5,17,0.294,4,5,0.8,5,16,21,12,2,3,6,6,-4
0042200205,2023-05-10,2022-23,playoffs,False,1610612752,NYK,New York Knicks,1610612748,MIA,Miami Heat,62,56,W,18,29,0.621,6,13,0.462,20,28,0.714,8,17,25,12,5,2,11,8,6,20,42,0.476,10,24,0.417,6,8,0.75,3,7,10,14,7,1,6,18,-6
0042200226,2023-05-11,2022-23,playoffs,False,1610612756,PHX,Phoenix Suns,1610612743,DEN,Denver Nuggets,49,44,W,20,34,0.588,4,14,0.286,5,9,0.556,0,16,16,10,3,2,6,8,5,15,35,0.429,4,12,0.333,10,10,1.0,3,14,17,12,3,0,9,12,-5
0042200216,2023-05-11,2022-23,playoffs,False,1610612755,PHI,Philadelphia 76ers,1610612738,BOS,Boston Celtics,43,45,L,15,39,0.385,3,15,0.2,10,11,0.909,3,13,16,9,8,5,5,9,-2,14,35,0.4,6,16,0.375,11,13,0.846,4,21,25,10,5,2,9,7,2
0042200206,2023-05-12,2022-23,playoffs,False,1610612748,MIA,Miami Heat,1610612752,NYK,New York Knicks,45,42,W,14,41,0.341,5,15,0.333,12,13,0.923,5,18,23,10,5,0,5,15,3,11,34,0.324,3,16,0.188,17,21,0.81,5,16,21,4,2,5,6,10,-3
0042200236,2023-05-12,2022-23,playoffs,False,1610612747,LAL,Los Angeles Lakers,1610612744,GSW,Golden State Warriors,66,55,W,22,38,0.579,7,15,0.467,15,21,0.714,4,19,23,13,3,3,3,8,11,22,52,0.423,8,25,0.32,3,5,0.6,8,15,23,13,1,0,4,16,-11
0042200217,2023-05-14,2022-23,playoffs,False,1610612738,BOS,Boston Celtics,1610612755,PHI,Philadelphia 76ers,57,36,W,20,40,0.5,10,20,0.5,7,8,0.875,4,20,24,8,2,5,3,6,21,13,42,0.31,3,21,0.143,7,7,1.0,4,16,20,5,2,0,8,7,-21
0042200311,2023-05-16,2022-23,playoffs,False,1610612743,DEN,Denver Nuggets,1610612747,LAL,Los Angeles Lakers,60,72,L,22,36,0.611,9,17,0.529,7,12,0.583,2,9,11,13,2,1,6,14,-12,24,36,0.667,6,12,0.5,18,20,0.9,3,14,17,15,3,0,4,11,12
0042200301,2023-05-17,2022-23,playoffs,False,1610612738,BOS,Boston Celtics,1610612748,MIA,Miami Heat,50,66,L,17,35,0.486,5,16,0.312,11,16,0.688,3,12,15,7,1,3,10,9,-16,24,44,0.545,9,16,0.562,9,12,0.75,5,13,18,11,8,1,4,13,16
0042200312,2023-05-18,2022-23,playoffs,False,1610612743,DEN,Denver Nuggets,1610612747,LAL,Los Angeles Lakers,60,50,W,20,42,0.476,10,22,0.455,10,11,0.909,5,21,26,12,4,2,10,7,10,19,41,0.463,4,17,0.235,8,10,0.8,1,16,17,12,7,3,6,11,-10
0042200302,2023-05-19,2022-23,playoffs,False,1610612738,BOS,Boston Celtics,1610612748,MIA,Miami Heat,55,57,L,18,36,0.5,4,15,0.267,15,17,0.882,2,12,14,11,0,4,8,12,-2,22,44,0.5,3,12,0.25,10,11,0.909,5,14,19,12,5,3,5,11,2
0042200313,2023-05-20,2022-23,playoffs,False,1610612747,LAL,Los Angeles Lakers,1610612743,DEN,Denver Nuggets,53,61,L,19,45,0.422,6,20,0.3,9,13,0.692,6,15,21,13,3,1,4,10,-8,22,44,0.5,10,23,0.435,7,11,0.636,5,19,24,18,2,1,5,9,8
0042200303,2023-05-21,2022-23,playoffs,False,1610612748,MIA,Miami Heat,1610612738,BOS,Boston Celtics,67,56,W,23,41,0.561,10,15,0.667,11,13,0.846,1,17,18,10,2,3,5,9,11,19,49,0.388,6,26,0.231,12,14,0.857,11,17,28,11,0,1,7,14,-11
0042200314,2023-05-22,2022-23,playoffs,False,1610612747,LAL,Los Angeles Lakers,1610612743,DEN,Denver Nuggets,38,55,L,15,41,0.366,1,9,0.111,7,9,0.778,4,16,20,6,0,3,4,10,-17,19,41,0.463,4,11,0.364,13,16,0.812,6,18,24,11,1,4,5,9,17
0042200304,2023-05-23,2022-23,playoffs,False,1610612748,MIA,Miami Heat,1610612738,BOS,Boston Celtics,43,66,L,14,40,0.35,3,16,0.188,12,15,0.8,9,16,25,6,0,1,9,11,-23,25,44,0.568,9,20,0.45,7,9,0.778,2,18,20,15,5,6,2,11,23
0042200305,2023-05-25,2022-23,playoffs,False,1610612738,BOS,Boston Celtics,1610612748,MIA,Miami Heat,49,53,L,17,34,0.5,5,14,0.357,10,13,0.769,4,11,15,11,5,2,5,3,-4,23,40,0.575,5,12,0.417,2,2,1.0,5,13,18,13,2,1,6,8,4
0042200306,2023-05-27,2022-23,playoffs,False,1610612748,MIA,Miami Heat,1610612738,BOS,Boston Celtics,50,47,W,15,46,0.326,5,15,0.333,15,19,0.789,8,17,25,10,3,3,1,15,3,14,39,0.359,4,20,0.2,15,18,0.833,7,19,26,10,0,4,6,15,-3
0042200307,2023-05-29,2022-23,playoffs,False,1610612738,BOS,Boston Celtics,1610612748,MIA,Miami Heat,43,51,L,15,38,0.395,5,21,0.238,8,9,0.889,3,14,17,8,4,0,8,7,-8,21,41,0.512,6,12,0.5,3,4,0.75,4,18,22,14,3,0,9,7,8
0042200401,2023-06-01,2022-23,playoffs,False,1610612743,DEN,Denver Nuggets,1610612748,MIA,Miami Heat,45,51,L,15,37,0.405,3,16,0.188,12,16,0.75,3,19,22,11,3,2,6,4,-6,21,48,0.438,9,22,0.409,0,0,0.0,4,19,23,14,2,2,4,11,6
0042200402,2023-06-04,2022-23,playoffs,False,1610612743,DEN,Denver Nuggets,1610612748,MIA,Miami Heat,51,60,L,18,33,0.545,4,12,0.333,11,14,0.786,5,12,17,9,3,0,8,14,-9,19,35,0.543,9,18,0.5,13,14,0.929,2,9,11,16,3,2,5,11,9
0042200403,2023-06-07,2022-23,playoffs,False,1610612748,MIA,Miami Heat,1610612743,DEN,Denver Nuggets,46,56,L,16,46,0.348,6,21,0.286,8,10,0.8,6,6,12,11,5,1,3,11,-10,20,36,0.556,1,5,0.2,15,17,0.882,9,21,30,12,2,4,9,9,10
0042200404,2023-06-09,2022-23,playoffs,False,1610612748,MIA,Miami Heat,1610612743,DEN,Denver Nuggets,44,53,L,15,40,0.375,4,13,0.308,10,10,1.0,6,13,19,10,2,2,9,8,-9,21,40,0.525,7,14,0.5,4,5,0.8,2,16,18,14,6,4,5,9,9
0042200405,2023-06-12,2022-23,playoffs,False,1610612743,DEN,Denver Nuggets,1610612748,MIA,Miami Heat,50,38,W,18,40,0.45,4,13,0.308,10,15,0.667,6,24,30,8,4,4,5,3,12,14,47,0.298,5,20,0.25,5,5,1.0,5,17,22,9,3,2,4,11,-12
