game_id,game_date,season,game_type,neutral_site,team_id_home,team_abbreviation_home,team_name_home,team_id_road,team_abbreviation_road,team_name_road,pts_home,pts_road,wl_home,fgm_home,fga_home,fg_pct_home,fg3m_home,fg3a_home,fg3_pct_home,ftm_home,fta_home,ft_pct_home,oreb_home,dreb_home,reb_home,ast_home,stl_home,blk_home,tov_home,pf_home,plus_minus_home,fgm_road,fga_road,fg_pct_road,fg3m_road,fg3a_road,fg3_pct_road,ftm_road,fta_road,ft_pct_road,oreb_road,dreb_road,reb_road,ast_road,stl_road,blk_road,tov_road,pf_road,plus_minus_road
0020100001,2001-10-30,2001-02,regular_season,False,1610612739,CLE,Cleveland Cavaliers,1610612738,BOS,Boston Celtics,30,16,W,14,27,0.519,0,6,0.0,2,2,1.0,5,8,13,10,1,1,0,2,14,6,15,0.4,2,3,0.667,2,2,1.0,0,7,7,5,0,0,7,2,-14
0020100012,2001-10-30,2001-02,regular_season,False,1610612747,LAL,Los Angeles Lakers,1610612757,POR,Portland Trail Blazers,19,19,W,6,16,0.375,1,3,0.333,6,12,0.5,2,7,9,3,2,0,4,4,0,8,18,0.444,0,4,0.0,3,5,0.6,2,12,14,4,4,1,5,12,0
0020100010,2001-10-30,2001-02,regular_season,False,1610612756,PHX,Phoenix Suns,1610612743,DEN,Denver Nuggets,33,22,W,14,18,0.778,3,5,0.6,2,2,1.0,1,9,10,11,1,1,5,7,11,8,22,0.364,1,4,0.25,5,7,0.714,5,3,8,1,2,0,3,4,-11
0020100009,2001-10-30,2001-02,regular_season,False,1610612762,UTA,Utah Jazz,1610612749,MIL,Milwaukee Bucks,18,27,L,6,14,0.429,1,2,0.5,5,7,0.714,2,7,9,4,0,0,7,6,-9,10,17,0.588,0,3,0.0,7,9,0.778,1,4,5,3,4,1,0,8,9
0020100008,2001-10-30,2001-02,regular_season,False,1610612759,SAS,San Antonio Spurs,1610612746,LAC,Los Angeles Clippers,29,28,W,11,20,0.55,3,5,0.6,4,6,0.667,4,8,12,5,1,3,4,6,1,13,22,0.591,0,1,0.0,2,5,0.4,2,4,6,4,3,2,2,5,-1
0020100007,2001-10-30,2001-02,regular_season,False,1610612745,HOU,Houston Rockets,1610612737,ATL,Atlanta Hawks,13,18,L,3,16,0.188,0,4,0.0,7,10,0.7,3,5,8,2,3,3,5,2,-5,8,18,0.444,0,1,0.0,2,5,0.4,1,9,10,5,2,2,5,8,5
0020100011,2001-10-30,2001-02,regular_season,False,1610612758,SAC,Sacramento Kings,1610612760,SEA,Seattle SuperSonics,20,23,L,6,15,0.4,1,3,0.333,7,9,0.778,0,9,9,3,3,1,5,6,-3,10,21,0.476,1,2,0.5,2,4,0.5,2,11,13,6,4,1,3,8,3
0020100005,2001-10-30,2001-02,regular_season,False,1610612750,MIN,Minnesota Timberwolves,1610612755,PHI,Philadelphia 76ers,19,18,W,6,19,0.316,2,4,0.5,5,6,0.833,4,5,9,2,3,3,3,8,1,6,15,0.4,1,2,0.5,5,7,0.714,2,7,9,4,1,3,6,7,-1
0020100004,2001-10-30,2001-02,regular_season,False,1610612753,ORL,Orlando Magic,1610612761,TOR,Toronto Raptors,28,23,W,11,17,0.647,1,2,0.5,5,6,0.833,3,7,10,3,3,0,5,9,5,8,19,0.421,2,4,0.5,5,14,0.357,7,2,9,6,3,0,4,7,-5
0020100003,2001-10-30,2001-02,regular_season,False,1610612751,NJN,New Jersey Nets,1610612754,IND,Indiana Pacers,35,18,W,11,21,0.524,3,4,0.75,10,12,0.833,4,10,14,8,3,1,3,5,17,7,19,0.368,1,5,0.2,3,4,0.75,2,5,7,4,3,3,5,9,-17
0020100002,2001-10-30,2001-02,regular_season,False,1610612752,NYK,New York Knicks,1610612764,WAS,Washington Wizards,26,30,L,8,14,0.571,2,5,0.4,8,12,0.667,2,6,8,5,4,0,5,4,-4,13,22,0.591,3,6,0.5,1,3,0.333,3,6,9,8,4,0,5,8,4
0020100006,2001-10-30,2001-02,regular_season,False,1610612742,DAL,Dallas Mavericks,1610612765,DET,Detroit Pistons,25,23,W,7,15,0.467,2,4,0.5,9,9,1.0,0,6,6,5,1,1,3,6,2,8,23,0.348,1,4,0.25,6,7,0.857,7,8,15,6,2,1,4,8,-2
0020100013,2001-10-31,2001-02,regular_season,False,1610612738,BOS,Boston Celtics,1610612751,NJN,New Jersey Nets,27,20,W,9,21,0.429,5,8,0.625,4,12,0.333,5,9,14,5,3,1,3,7,7,4,15,0.267,1,4,0.25,11,12,0.917,3,8,11,2,1,1,5,8,-7
0020100014,2001-10-31,2001-02,regular_season,False,1610612766,CHH,Charlotte Hornets,1610612739,CLE,Cleveland Cavaliers,32,23,W,11,18,0.611,3,6,0.5,7,11,0.636,1,6,7,5,3,1,2,8,9,6,19,0.316,0,0,0.0,11,12,0.917,4,8,12,3,1,0,4,6,-9
0020100015,2001-10-31,2001-02,regular_season,False,1610612748,MIA,Miami Heat,1610612761,TOR,Toronto Raptors,26,26,W,8,19,0.421,2,2,1.0,8,14,0.571,7,7,14,4,2,4,5,9,0,9,23,0.391,4,6,0.667,4,8,0.5,7,6,13,3,2,1,5,9,0
0020100016,2001-10-31,2001-02,regular_season,False,1610612741,CHI,Chicago Bulls,1610612754,IND,Indiana Pacers,9,28,L,4,24,0.167,0,3,0.0,1,4,0.25,5,7,12,3,1,1,2,7,-19,10,17,0.588,0,1,0.0,8,9,0.889,1,13,14,8,2,2,2,6,19
0020100017,2001-10-31,2001-02,regular_season,False,1610612757,POR,Portland Trail Blazers,1610612744,GSW,Golden State Warriors,17,17,W,6,17,0.353,3,3,1.0,2,4,0.5,3,4,7,4,0,2,4,5,0,8,19,0.421,0,0,0.0,1,1,1.0,4,8,12,3,1,1,4,6,0
0020100023,2001-11-01,2001-02,regular_season,False,1610612762,UTA,Utah Jazz,1610612747,LAL,Los Angeles Lakers,30,28,W,9,20,0.45,1,4,0.25,11,14,0.786,2,10,12,5,2,6,4,12,2,5,17,0.294,2,6,0.333,16,20,0.8,3,7,10,3,0,2,4,12,-2
0020100025,2001-11-01,2001-02,regular_season,False,1610612744,GSW,Golden State Warriors,1610612756,PHX,Phoenix Suns,34,26,W,13,20,0.65,1,2,0.5,7,13,0.538,4,9,13,9,1,1,3,5,8,9,24,0.375,1,3,0.333,7,9,0.778,7,4,11,4,2,0,2,7,-8
0020100024,2001-11-01,2001-02,regular_season,False,1610612760,SEA,Seattle SuperSonics,1610612759,SAS,San Antonio Spurs,33,34,L,11,18,0.611,4,7,0.571,7,10,0.7,1,6,7,8,0,3,2,10,-1,10,19,0.526,2,4,0.5,12,17,0.706,2,5,7,6,1,0,1,6,1
0020100022,2001-11-01,2001-02,regular_season,False,1610612743,DEN,Denver Nuggets,1610612749,MIL,Milwaukee Bucks,16,25,L,6,18,0.333,1,4,0.25,3,5,0.6,2,5,7,3,1,1,5,5,-9,8,14,0.571,3,4,0.75,6,7,0.857,0,7,7,6,4,2,3,6,9
0020100019,2001-11-01,2001-02,regular_season,False,1610612755,PHI,Philadelphia 76ers,1610612742,DAL,Dallas Mavericks,26,21,W,11,19,0.579,1,2,0.5,3,5,0.6,1,7,8,7,2,1,5,7,5,6,15,0.4,2,6,0.333,7,13,0.538,2,8,10,4,3,0,4,3,-5
0020100020,2001-11-01,2001-02,regular_season,False,1610612763,MEM,Memphis Grizzlies,1610612765,DET,Detroit Pistons,20,29,L,7,17,0.412,0,3,0.0,6,6,1.0,3,9,12,4,2,2,6,5,-9,10,20,0.5,3,8,0.375,6,6,1.0,1,6,7,7,4,2,2,4,9
0020100018,2001-11-01,2001-02,regular_season,False,1610612737,ATL,Atlanta Hawks,1610612764,WAS,Washington Wizards,16,24,L,6,19,0.316,1,4,0.25,3,8,0.375,5,6,11,1,2,1,2,8,-8,8,20,0.4,1,3,0.333,7,10,0.7,6,10,16,6,1,1,4,6,8
0020100021,2001-11-01,2001-02,regular_season,False,1610612745,HOU,Houston Rockets,1610612746,LAC,Los Angeles Clippers,16,22,L,6,20,0.3,1,5,0.2,3,3,1.0,2,7,9,4,2,0,2,9,-6,7,14,0.5,0,2,0.0,8,10,0.8,0,8,8,1,1,1,2,5,6
0020100026,2001-11-02,2001-02,regular_season,False,1610612761,TOR,Toronto Raptors,1610612742,DAL,Dallas Mavericks,20,19,W,9,20,0.45,1,5,0.2,1,2,0.5,3,8,11,8,3,1,4,5,1,7,17,0.412,1,2,0.5,4,4,1.0,0,8,8,6,2,0,5,3,-1
0020100027,2001-11-02,2001-02,regular_season,False,1610612754,IND,Indiana Pacers,1610612753,ORL,Orlando Magic,31,30,W,11,18,0.611,2,5,0.4,7,8,0.875,2,5,7,8,3,2,6,10,1,10,20,0.5,1,4,0.25,9,12,0.75,5,6,11,6,3,0,3,6,-1
0020100028,2001-11-02,2001-02,regular_season,False,1610612738,BOS,Boston Celtics,1610612741,CHI,Chicago Bulls,29,26,W,10,20,0.5,5,8,0.625,4,6,0.667,1,7,8,7,3,1,1,6,3,10,20,0.5,1,4,0.25,5,5,1.0,3,6,9,6,0,2,3,4,-3
0020100029,2001-11-02,2001-02,regular_season,False,1610612748,MIA,Miami Heat,1610612739,CLE,Cleveland Cavaliers,20,15,W,7,19,0.368,1,4,0.25,5,6,0.833,2,8,10,6,3,3,1,8,5,5,17,0.294,0,1,0.0,5,7,0.714,4,9,13,1,0,0,4,6,-5
0020100030,2001-11-02,2001-02,regular_season,False,1610612766,CHH,Charlotte Hornets,1610612752,NYK,New York Knicks,23,25,L,6,15,0.4,1,2,0.5,10,12,0.833,2,10,12,4,0,1,4,6,-2,8,21,0.381,2,8,0.25,7,9,0.778,4,6,10,5,2,0,2,9,2
0020100031,2001-11-02,2001-02,regular_season,False,1610612765,DET,Detroit Pistons,1610612751,NJN,New Jersey Nets,22,24,L,6,13,0.462,2,4,0.5,8,10,0.8,0,5,5,6,5,2,7,7,-2,9,21,0.429,0,1,0.0,6,8,0.75,5,8,13,5,4,1,5,7,2
0020100032,2001-11-02,2001-02,regular_season,False,1610612750,MIN,Minnesota Timberwolves,1610612763,MEM,Memphis Grizzlies,26,30,L,11,21,0.524,0,1,0.0,4,4,1.0,3,6,9,7,2,1,4,7,-4,10,22,0.455,2,7,0.286,8,9,0.889,6,6,12,5,1,0,4,4,4
0020100033,2001-11-02,2001-02,regular_season,False,1610612747,LAL,Los Angeles Lakers,1610612756,PHX,Phoenix Suns,38,29,W,11,21,0.524,1,3,0.333,15,17,0.882,6,4,10,4,6,3,2,9,9,9,18,0.5,1,4,0.25,10,13,0.769,4,5,9,7,1,0,6,9,-9
0020100041,2001-11-03,2001-02,regular_season,False,1610612745,HOU,Houston Rockets,1610612750,MIN,Minnesota Timberwolves,19,16,W,8,23,0.348,0,2,0.0,3,4,0.75,5,9,14,5,1,0,5,1,3,7,21,0.333,0,1,0.0,2,2,1.0,3,6,9,2,2,1,3,2,-3
0020100044,2001-11-03,2001-02,regular_season,False,1610612746,LAC,Los Angeles Clippers,1610612744,GSW,Golden State Warriors,17,22,L,7,21,0.333,0,4,0.0,3,6,0.5,8,6,14,0,0,1,4,6,-5,10,25,0.4,1,5,0.2,1,2,0.5,5,4,9,7,2,4,2,7,5
0020100043,2001-11-03,2001-02,regular_season,False,1610612757,POR,Portland Trail Blazers,1610612759,SAS,San Antonio Spurs,15,25,L,6,15,0.4,1,3,0.333,2,4,0.5,1,8,9,4,0,0,5,8,-10,8,20,0.4,5,9,0.556,4,7,0.571,4,8,12,5,2,0,2,4,10
0020100042,2001-11-03,2001-02,regular_season,False,1610612743,DEN,Denver Nuggets,1610612758,SAC,Sacramento Kings,24,19,W,7,16,0.438,1,6,0.167,9,10,0.9,4,7,11,3,0,2,4,6,5,7,19,0.368,1,3,0.333,4,6,0.667,3,4,7,4,4,2,2,7,-5
0020100039,2001-11-03,2001-02,regular_season,False,1610612741,CHI,Chicago Bulls,1610612752,NYK,New York Knicks,25,16,W,8,16,0.5,2,5,0.4,7,9,0.778,1,10,11,6,3,2,4,5,9,6,20,0.3,1,5,0.2,3,5,0.6,2,6,8,5,2,1,3,6,-9
0020100040,2001-11-03,2001-02,regular_season,False,1610612749,MIL,Milwaukee Bucks,1610612738,BOS,Boston Celtics,25,23,W,4,17,0.235,0,3,0.0,17,19,0.895,2,12,14,2,2,2,3,3,2,10,30,0.333,4,13,0.308,1,3,0.333,7,6,13,8,1,0,2,11,-2
0020100037,2001-11-03,2001-02,regular_season,False,1610612751,NJN,New Jersey Nets,1610612766,CHH,Charlotte Hornets,18,21,L,5,21,0.238,1,3,0.333,7,9,0.778,2,7,9,3,2,1,1,5,-3,9,24,0.375,1,8,0.125,2,2,1.0,3,12,15,5,0,3,4,4,3
0020100036,2001-11-03,2001-02,regular_season,False,1610612739,CLE,Cleveland Cavaliers,1610612753,ORL,Orlando Magic,18,25,L,8,26,0.308,0,4,0.0,2,5,0.4,5,8,13,6,1,1,2,8,-7,8,17,0.471,1,2,0.5,8,13,0.615,3,14,17,4,2,3,4,5,7
0020100035,2001-11-03,2001-02,regular_season,False,1610612737,ATL,Atlanta Hawks,1610612748,MIA,Miami Heat,25,27,L,6,14,0.429,1,1,1.0,12,14,0.857,2,7,9,6,1,1,5,5,-2,12,24,0.5,1,2,0.5,2,2,1.0,2,6,8,7,1,2,4,9,2
0020100034,2001-11-03,2001-02,regular_season,False,1610612764,WAS,Washington Wizards,1610612755,PHI,Philadelphia 76ers,26,20,W,7,16,0.438,0,1,0.0,12,15,0.8,3,6,9,3,3,1,0,5,6,8,18,0.444,1,4,0.25,3,5,0.6,5,7,12,2,0,2,6,9,-6
0020100038,2001-11-03,2001-02,regular_season,False,1610612760,SEA,Seattle SuperSonics,1610612762,UTA,Utah Jazz,15,20,L,5,14,0.357,2,4,0.5,3,6,0.5,1,3,4,5,2,1,3,7,-5,9,17,0.529,0,2,0.0,2,7,0.286,4,8,12,7,1,2,5,7,5
0020100048,2001-11-04,2001-02,regular_season,False,1610612756,PHX,Phoenix Suns,1610612745,HOU,Houston Rockets,21,32,L,8,19,0.421,0,1,0.0,5,8,0.625,4,6,10,3,2,2,3,5,-11,13,19,0.684,4,4,1.0,2,5,0.4,1,8,9,8,2,2,2,4,11
0020100045,2001-11-04,2001-02,regular_season,False,1610612763,MEM,Memphis Grizzlies,1610612742,DAL,Dallas Mavericks,19,22,L,5,14,0.357,0,3,0.0,9,12,0.75,2,10,12,3,3,1,6,6,-3,8,18,0.444,1,6,0.167,5,7,0.714,0,8,8,6,3,1,4,6,3
0020100046,2001-11-04,2001-02,regular_season,False,1610612761,TOR,Toronto Raptors,1610612754,IND,Indiana Pacers,28,21,W,10,18,0.556,2,5,0.4,6,6,1.0,2,7,9,7,4,3,6,10,7,6,22,0.273,0,4,0.0,9,11,0.818,3,6,9,3,4,1,5,7,-7
0020100047,2001-11-04,2001-02,regular_season,False,1610612765,DET,Detroit Pistons,1610612764,WAS,Washington Wizards,12,24,L,5,21,0.238,0,7,0.0,2,2,1.0,1,7,8,3,2,0,2,6,-12,10,19,0.526,1,3,0.333,3,3,1.0,2,11,13,5,1,2,4,5,12
0020100049,2001-11-04,2001-02,regular_season,False,1610612744,GSW,Golden State Warriors,1610612757,POR,Portland Trail Blazers,17,24,L,6,27,0.222,0,1,0.0,5,6,0.833,9,6,15,5,1,1,5,3,-7,11,19,0.579,0,5,0.0,2,3,0.667,1,8,9,8,3,5,3,5,7
0020100050,2001-11-04,2001-02,regular_season,False,1610612758,SAC,Sacramento Kings,1610612759,SAS,San Antonio Spurs,25,23,W,10,28,0.357,2,5,0.4,3,5,0.6,9,8,17,5,3,1,5,8,2,9,21,0.429,0,3,0.0,5,7,0.714,3,9,12,4,5,2,5,5,-2
0020100051,2001-11-04,2001-02,regular_season,False,1610612747,LAL,Los Angeles Lakers,1610612762,UTA,Utah Jazz,30,18,W,11,14,0.786,1,2,0.5,7,13,0.538,0,6,6,5,5,0,6,10,12,6,17,0.353,0,3,0.0,6,10,0.6,3,6,9,2,2,0,8,11,-12
0020100052,2001-11-05,2001-02,regular_season,False,1610612753,ORL,Orlando Magic,1610612760,SEA,Seattle SuperSonics,29,21,W,11,17,0.647,3,5,0.6,4,4,1.0,1,7,8,7,1,3,3,4,8,8,22,0.364,2,5,0.4,3,4,0.75,4,4,8,6,2,1,3,5,-8
0020100053,2001-11-05,2001-02,regular_season,False,1610612746,LAC,Los Angeles Clippers,1610612737,ATL,Atlanta Hawks,31,26,W,9,19,0.474,2,2,1.0,11,14,0.786,5,9,14,6,1,6,5,8,5,9,27,0.333,0,2,0.0,8,10,0.8,8,4,12,4,2,3,3,7,-5
0020100061,2001-11-06,2001-02,regular_season,False,1610612756,PHX,Phoenix Suns,1610612763,MEM,Memphis Grizzlies,32,16,W,9,17,0.529,1,4,0.25,13,15,0.867,2,17,19,7,0,1,2,6,16,5,22,0.227,2,7,0.286,4,8,0.5,1,6,7,5,0,1,0,7,-16
0020100060,2001-11-06,2001-02,regular_season,False,1610612745,HOU,Houston Rockets,1610612743,DEN,Denver Nuggets,22,23,L,8,18,0.444,1,6,0.167,5,7,0.714,4,4,8,2,2,1,6,2,-1,10,20,0.5,0,4,0.0,3,3,1.0,5,5,10,4,2,1,6,10,1
0020100062,2001-11-06,2001-02,regular_season,False,1610612757,POR,Portland Trail Blazers,1610612762,UTA,Utah Jazz,32,26,W,12,19,0.632,3,6,0.5,5,5,1.0,2,8,10,10,0,1,3,6,6,9,17,0.529,1,5,0.2,7,10,0.7,0,3,3,7,3,1,0,6,-6
0020100059,2001-11-06,2001-02,regular_season,False,1610612742,DAL,Dallas Mavericks,1610612766,CHH,Charlotte Hornets,30,23,W,10,19,0.526,1,5,0.2,9,10,0.9,1,9,10,3,2,1,1,1,7,11,20,0.55,1,3,0.333,0,0,0.0,0,7,7,3,0,0,2,5,-7
0020100058,2001-11-06,2001-02,regular_season,False,1610612759,SAS,San Antonio Spurs,1610612753,ORL,Orlando Magic,25,21,W,10,18,0.556,1,5,0.2,4,9,0.444,3,6,9,7,3,0,6,5,4,7,20,0.35,1,2,0.5,6,9,0.667,5,6,11,5,2,1,5,7,-4
0020100057,2001-11-06,2001-02,regular_season,False,1610612750,MIN,Minnesota Timberwolves,1610612752,NYK,New York Knicks,18,24,L,8,22,0.364,2,2,1.0,0,0,0.0,4,7,11,6,1,2,1,6,-6,8,19,0.421,1,4,0.25,7,8,0.875,4,10,14,5,0,0,1,3,6
0020100056,2001-11-06,2001-02,regular_season,False,1610612748,MIA,Miami Heat,1610612760,SEA,Seattle SuperSonics,13,19,L,6,19,0.316,1,4,0.25,0,2,0.0,3,11,14,4,1,1,7,3,-6,8,21,0.381,0,6,0.0,3,4,0.75,3,8,11,4,3,2,2,2,6
0020100055,2001-11-06,2001-02,regular_season,False,1610612739,CLE,Cleveland Cavaliers,1610612758,SAC,Sacramento Kings,22,29,L,7,14,0.5,0,1,0.0,8,15,0.533,3,6,9,5,2,3,4,5,-7,10,23,0.435,3,5,0.6,6,8,0.75,7,7,14,5,4,1,2,10,7
0020100054,2001-11-06,2001-02,regular_season,False,1610612755,PHI,Philadelphia 76ers,1610612754,IND,Indiana Pacers,13,18,L,5,18,0.278,0,8,0.0,3,6,0.5,4,3,7,5,0,2,4,4,-5,8,17,0.471,0,3,0.0,2,2,1.0,3,7,10,4,2,0,4,8,5
0020100069,2001-11-07,2001-02,regular_season,False,1610612746,LAC,Los Angeles Clippers,1610612763,MEM,Memphis Grizzlies,34,24,W,10,20,0.5,0,1,0.0,14,15,0.933,5,7,12,3,1,0,1,5,10,7,15,0.467,3,6,0.5,7,9,0.778,1,4,5,4,1,1,4,12,-10
0020100067,2001-11-07,2001-02,regular_season,False,1610612741,CHI,Chicago Bulls,1610612765,DET,Detroit Pistons,14,27,L,2,15,0.133,0,1,0.0,10,14,0.714,1,7,8,0,5,1,6,6,-13,11,20,0.55,2,5,0.4,3,4,0.75,1,13,14,7,3,1,6,11,13
0020100066,2001-11-07,2001-02,regular_season,False,1610612754,IND,Indiana Pacers,1610612758,SAC,Sacramento Kings,30,17,W,12,20,0.6,1,4,0.25,5,6,0.833,3,7,10,7,4,2,2,7,13,6,16,0.375,0,0,0.0,5,8,0.625,4,6,10,3,1,0,6,8,-13
0020100068,2001-11-07,2001-02,regular_season,False,1610612762,UTA,Utah Jazz,1610612737,ATL,Atlanta Hawks,26,20,W,8,20,0.4,1,3,0.333,9,10,0.9,3,6,9,7,2,3,1,7,6,6,18,0.333,0,1,0.0,8,11,0.727,6,7,13,2,1,1,5,7,-6
0020100064,2001-11-07,2001-02,regular_season,False,1610612761,TOR,Toronto Raptors,1610612744,GSW,Golden State Warriors,22,21,W,9,25,0.36,1,5,0.2,3,3,1.0,6,12,18,7,2,7,4,11,1,4,17,0.235,0,2,0.0,13,18,0.722,3,9,12,1,2,0,3,4,-1
0020100063,2001-11-07,2001-02,regular_season,False,1610612738,BOS,Boston Celtics,1610612764,WAS,Washington Wizards,29,27,W,9,17,0.529,1,2,0.5,10,10,1.0,3,6,9,4,2,3,5,7,2,10,20,0.5,1,3,0.333,6,7,0.857,4,3,7,5,2,0,3,8,-2
0020100065,2001-11-07,2001-02,regular_season,False,1610612752,NYK,New York Knicks,1610612739,CLE,Cleveland Cavaliers,21,17,W,8,17,0.471,2,6,0.333,3,3,1.0,1,10,11,5,1,0,4,4,4,6,20,0.3,2,7,0.286,3,4,0.75,3,7,10,5,2,2,2,3,-4
0020100076,2001-11-08,2001-02,regular_season,False,1610612756,PHX,Phoenix Suns,1610612737,ATL,Atlanta Hawks,29,20,W,12,22,0.545,3,6,0.5,2,4,0.5,2,10,12,7,1,2,1,5,9,9,21,0.429,0,1,0.0,2,3,0.667,1,9,10,4,0,0,1,3,-9
0020100070,2001-11-08,2001-02,regular_season,False,1610612766,CHH,Charlotte Hornets,1610612759,SAS,San Antonio Spurs,15,27,L,5,19,0.263,1,5,0.2,4,6,0.667,2,7,9,2,1,2,1,5,-12,10,20,0.5,2,3,0.667,5,5,1.0,0,13,13,7,0,4,1,5,12
0020100071,2001-11-08,2001-02,regular_season,False,1610612751,NJN,New Jersey Nets,1610612760,SEA,Seattle SuperSonics,31,19,W,10,19,0.526,1,1,1.0,10,10,1.0,4,11,15,5,2,2,4,4,12,8,26,0.308,1,8,0.125,2,2,1.0,6,4,10,3,2,1,3,9,-12
0020100072,2001-11-08,2001-02,regular_season,False,1610612749,MIL,Milwaukee Bucks,1610612748,MIA,Miami Heat,19,16,W,6,15,0.4,1,6,0.167,6,9,0.667,1,11,12,4,2,1,5,8,3,4,22,0.182,0,1,0.0,8,10,0.8,6,7,13,4,3,3,3,6,-3
0020100073,2001-11-08,2001-02,regular_season,False,1610612750,MIN,Minnesota Timberwolves,1610612741,CHI,Chicago Bulls,26,28,L,9,21,0.429,2,5,0.4,6,7,0.857,3,5,8,5,0,2,2,9,-2,11,19,0.579,0,0,0.0,6,9,0.667,3,10,13,5,1,3,4,4,2
0020100074,2001-11-08,2001-02,regular_season,False,1610612742,DAL,Dallas Mavericks,1610612743,DEN,Denver Nuggets,24,17,W,10,25,0.4,0,3,0.0,4,7,0.571,8,9,17,4,1,3,0,3,7,7,20,0.35,1,3,0.333,2,2,1.0,4,8,12,3,0,3,2,7,-7
0020100075,2001-11-08,2001-02,regular_season,False,1610612745,HOU,Houston Rockets,1610612755,PHI,Philadelphia 76ers,13,17,L,3,20,0.15,0,7,0.0,7,8,0.875,6,8,14,1,2,0,2,4,-4,7,15,0.467,1,3,0.333,2,4,0.5,1,11,12,5,1,0,4,8,4
0020100077,2001-11-08,2001-02,regular_season,False,1610612757,POR,Portland Trail Blazers,1610612746,LAC,Los Angeles Clippers,37,17,W,13,20,0.65,4,5,0.8,7,8,0.875,1,6,7,11,4,2,1,5,20,7,17,0.412,0,0,0.0,3,4,0.75,2,7,9,4,0,2,6,7,-20
0020100082,2001-11-09,2001-02,regular_season,False,1610612743,DEN,Denver Nuggets,1610612745,HOU,Houston Rockets,21,19,W,9,22,0.409,1,3,0.333,2,3,0.667,6,9,15,5,2,2,6,6,2,7,21,0.333,2,6,0.333,3,7,0.429,4,7,11,6,2,4,3,4,-2
0020100083,2001-11-09,2001-02,regular_season,False,1610612747,LAL,Los Angeles Lakers,1610612763,MEM,Memphis Grizzlies,23,26,L,10,20,0.5,0,1,0.0,3,3,1.0,3,9,12,6,1,3,7,6,-3,11,26,0.423,1,5,0.2,3,4,0.75,4,7,11,5,7,1,2,2,3
0020100081,2001-11-09,2001-02,regular_season,False,1610612753,ORL,Orlando Magic,1610612758,SAC,Sacramento Kings,27,24,W,6,19,0.316,0,2,0.0,15,18,0.833,4,9,13,5,4,4,5,5,3,9,22,0.409,2,4,0.5,4,6,0.667,3,8,11,4,3,2,5,10,-3
0020100079,2001-11-09,2001-02,regular_season,False,1610612754,IND,Indiana Pacers,1610612752,NYK,New York Knicks,32,19,W,9,14,0.643,2,2,1.0,12,13,0.923,0,12,12,6,1,3,1,4,13,8,25,0.32,1,5,0.2,2,4,0.5,5,5,10,7,1,0,2,8,-13
0020100080,2001-11-09,2001-02,regular_season,False,1610612738,BOS,Boston Celtics,1610612760,SEA,Seattle SuperSonics,32,21,W,11,17,0.647,4,7,0.571,6,11,0.545,2,8,10,8,2,2,3,4,11,9,23,0.391,2,6,0.333,1,1,1.0,3,6,9,6,1,0,5,10,-11
0020100078,2001-11-09,2001-02,regular_season,False,1610612764,WAS,Washington Wizards,1610612744,GSW,Golden State Warriors,28,22,W,7,18,0.389,1,4,0.25,13,16,0.812,4,6,10,4,2,0,1,5,6,8,19,0.421,0,2,0.0,6,6,1.0,2,7,9,5,1,0,4,14,-6
0020100093,2001-11-10,2001-02,regular_season,False,1610612762,UTA,Utah Jazz,1610612761,TOR,Toronto Raptors,25,29,L,10,19,0.526,1,3,0.333,4,4,1.0,3,6,9,5,2,1,6,8,-4,8,16,0.5,2,3,0.667,11,15,0.733,3,3,6,4,3,3,5,5,4
0020100092,2001-11-10,2001-02,regular_season,False,1610612759,SAS,San Antonio Spurs,1610612737,ATL,Atlanta Hawks,32,22,W,13,17,0.765,3,5,0.6,3,3,1.0,1,5,6,8,1,0,6,10,10,6,14,0.429,0,3,0.0,10,10,1.0,0,3,3,3,2,0,5,3,-10
0020100091,2001-11-10,2001-02,regular_season,False,1610612742,DAL,Dallas Mavericks,1610612755,PHI,Philadelphia 76ers,23,27,L,7,16,0.438,1,5,0.2,8,9,0.889,3,8,11,3,0,3,4,3,-4,12,27,0.444,2,5,0.4,1,1,1.0,6,6,12,6,2,0,0,4,4
0020100089,2001-11-10,2001-02,regular_season,False,1610612741,CHI,Chicago Bulls,1610612766,CHH,Charlotte Hornets,20,26,L,7,19,0.368,0,1,0.0,6,7,0.857,1,5,6,5,2,0,3,6,-6,9,18,0.5,2,5,0.4,6,8,0.75,3,7,10,6,0,2,3,5,6
0020100090,2001-11-10,2001-02,regular_season,False,1610612749,MIL,Milwaukee Bucks,1610612750,MIN,Minnesota Timberwolves,24,24,L,10,23,0.435,3,8,0.375,1,2,0.5,5,6,11,4,2,0,2,6,0,8,16,0.5,2,6,0.333,6,8,0.75,2,7,9,3,1,0,4,3,0
0020100087,2001-11-10,2001-02,regular_season,False,1610612748,MIA,Miami Heat,1610612758,SAC,Sacramento Kings,21,27,L,9,18,0.5,0,2,0.0,3,6,0.5,1,5,6,2,2,0,2,5,-6,10,20,0.5,3,5,0.6,4,4,1.0,3,8,11,7,2,1,3,4,6
0020100086,2001-11-10,2001-02,regular_season,False,1610612752,NYK,New York Knicks,1610612744,GSW,Golden State Warriors,14,22,L,4,19,0.211,0,3,0.0,6,6,1.0,1,6,7,2,2,1,2,6,-8,6,12,0.5,2,3,0.667,8,11,0.727,0,14,14,2,2,0,6,4,8
0020100085,2001-11-10,2001-02,regular_season,False,1610612746,LAC,Los Angeles Clippers,1610612756,PHX,Phoenix Suns,22,26,L,6,13,0.462,1,2,0.5,9,14,0.643,2,10,12,4,2,1,8,7,-4,8,21,0.381,4,8,0.5,6,6,1.0,2,6,8,7,2,1,3,10,4
0020100084,2001-11-10,2001-02,regular_season,False,1610612751,NJN,New Jersey Nets,1610612739,CLE,Cleveland Cavaliers,16,20,L,6,23,0.261,1,1,1.0,3,3,1.0,3,8,11,4,0,5,0,4,-4,7,18,0.389,1,3,0.333,5,7,0.714,3,11,14,3,0,2,2,6,4
0020100088,2001-11-10,2001-02,regular_season,False,1610612754,IND,Indiana Pacers,1610612757,POR,Portland Trail Blazers,29,20,W,9,15,0.6,2,4,0.5,9,12,0.75,0,9,9,4,1,1,3,4,9,8,17,0.471,1,6,0.167,3,6,0.5,1,6,7,4,2,0,4,8,-9
0020100097,2001-11-11,2001-02,regular_season,False,1610612747,LAL,Los Angeles Lakers,1610612753,ORL,Orlando Magic,27,18,W,8,14,0.571,0,2,0.0,11,19,0.579,2,8,10,6,3,4,5,8,9,6,23,0.261,1,6,0.167,5,9,0.556,6,6,12,3,0,0,6,14,-9
0020100094,2001-11-11,2001-02,regular_season,False,1610612764,WAS,Washington Wizards,1610612760,SEA,Seattle SuperSonics,29,23,W,11,22,0.5,1,2,0.5,6,7,0.857,3,11,14,5,1,2,1,4,6,8,21,0.381,3,7,0.429,4,5,0.8,2,7,9,5,1,2,2,5,-6
0020100095,2001-11-11,2001-02,regular_season,False,1610612765,DET,Detroit Pistons,1610612757,POR,Portland Trail Blazers,25,28,L,11,20,0.55,2,6,0.333,1,1,1.0,1,5,6,5,1,2,4,6,-3,9,18,0.5,3,3,1.0,7,8,0.875,4,7,11,5,1,2,4,5,3
0020100096,2001-11-11,2001-02,regular_season,False,1610612743,DEN,Denver Nuggets,1610612761,TOR,Toronto Raptors,28,20,W,9,20,0.45,2,5,0.4,8,9,0.889,1,11,12,5,2,2,4,7,8,5,21,0.238,2,8,0.25,8,11,0.727,5,6,11,5,3,3,3,7,-8
0020100099,2001-11-12,2001-02,regular_season,False,1610612762,UTA,Utah Jazz,1610612753,ORL,Orlando Magic,34,31,W,9,15,0.6,1,2,0.5,15,20,0.75,3,10,13,5,1,4,4,3,3,12,24,0.5,3,5,0.6,4,5,0.8,1,7,8,7,4,2,2,13,-3
0020100098,2001-11-12,2001-02,regular_season,False,1610612763,MEM,Memphis Grizzlies,1610612744,GSW,Golden State Warriors,19,23,L,5,17,0.294,0,3,0.0,9,14,0.643,5,3,8,3,4,0,5,9,-4,8,15,0.533,1,4,0.25,6,10,0.6,5,8,13,4,3,0,8,11,4
0020100100,2001-11-13,2001-02,regular_season,False,1610612754,IND,Indiana Pacers,1610612751,NJN,New Jersey Nets,20,23,L,7,22,0.318,0,1,0.0,6,7,0.857,3,9,12,4,0,1,4,10,-3,7,13,0.538,0,0,0.0,9,18,0.5,1,11,12,7,1,4,5,5,3
0020100101,2001-11-13,2001-02,regular_season,False,1610612752,NYK,New York Knicks,1610612757,POR,Portland Trail Blazers,27,16,W,9,15,0.6,1,3,0.333,8,12,0.667,1,12,13,3,0,1,1,9,11,4,24,0.167,0,8,0.0,8,11,0.727,7,6,13,2,1,0,1,9,-11
0020100102,2001-11-13,2001-02,regular_season,False,1610612748,MIA,Miami Heat,1610612755,PHI,Philadelphia 76ers,18,16,W,6,18,0.333,0,5,0.0,6,8,0.75,3,9,12,4,4,0,6,7,2,5,16,0.312,1,1,1.0,5,10,0.5,4,7,11,4,3,1,7,6,-2
0020100103,2001-11-13,2001-02,regular_season,False,1610612750,MIN,Minnesota Timberwolves,1610612739,CLE,Cleveland Cavaliers,30,34,L,11,20,0.55,1,3,0.333,7,11,0.636,1,4,5,9,1,3,2,9,-4,11,22,0.5,1,3,0.333,11,11,1.0,5,8,13,4,1,0,3,9,4
0020100104,2001-11-13,2001-02,regular_season,False,1610612758,SAC,Sacramento Kings,1610612761,TOR,Toronto Raptors,21,20,W,7,18,0.389,0,3,0.0,7,8,0.875,5,8,13,2,3,3,7,3,1,7,21,0.333,1,3,0.333,5,6,0.833,5,4,9,4,2,1,4,4,-1
0020100105,2001-11-13,2001-02,regular_season,False,1610612759,SAS,San Antonio Spurs,1610612745,HOU,Houston Rockets,20,35,L,6,19,0.316,3,7,0.429,5,6,0.833,2,5,7,2,2,2,2,4,-15,14,23,0.609,4,6,0.667,3,5,0.6,2,10,12,7,1,2,2,6,15
0020100106,2001-11-13,2001-02,regular_season,False,1610612743,DEN,Denver Nuggets,1610612741,CHI,Chicago Bulls,23,15,W,9,21,0.429,0,2,0.0,5,7,0.714,5,9,14,4,2,3,2,5,8,5,16,0.312,0,3,0.0,5,7,0.714,2,8,10,3,2,1,6,7,-8
0020100107,2001-11-13,2001-02,regular_season,False,1610612760,SEA,Seattle SuperSonics,1610612756,PHX,Phoenix Suns,17,22,L,6,17,0.353,1,3,0.333,4,4,1.0,3,9,12,3,1,2,6,4,-5,9,21,0.429,1,6,0.167,3,3,1.0,2,8,10,6,5,0,2,4,5
0020100108,2001-11-14,2001-02,regular_season,False,1610612738,BOS,Boston Celtics,1610612754,IND,Indiana Pacers,23,17,W,9,22,0.409,1,6,0.167,4,4,1.0,4,9,13,5,0,0,1,4,6,7,19,0.368,2,2,1.0,1,4,0.25,4,9,13,2,1,2,4,4,-6
0020100109,2001-11-14,2001-02,regular_season,False,1610612755,PHI,Philadelphia 76ers,1610612766,CHH,Charlotte Hornets,25,20,W,9,17,0.529,0,3,0.0,7,10,0.7,3,8,11,4,3,2,5,9,5,4,16,0.25,0,1,0.0,12,14,0.857,3,5,8,0,3,0,3,7,-5
0020100110,2001-11-14,2001-02,regular_season,False,1610612764,WAS,Washington Wizards,1610612749,MIL,Milwaukee Bucks,20,23,L,6,15,0.4,0,1,0.0,8,10,0.8,1,5,6,5,1,0,4,10,-3,5,15,0.333,0,2,0.0,13,13,1.0,2,8,10,3,3,1,4,9,3
0020100111,2001-11-14,2001-02,regular_season,False,1610612739,CLE,Cleveland Cavaliers,1610612742,DAL,Dallas Mavericks,24,23,W,8,17,0.471,1,3,0.333,7,8,0.875,1,4,5,7,3,0,1,2,1,10,18,0.556,2,3,0.667,1,2,0.5,2,7,9,7,0,0,6,6,-1
0020100112,2001-11-14,2001-02,regular_season,False,1610612737,ATL,Atlanta Hawks,1610612762,UTA,Utah Jazz,29,25,W,12,18,0.667,3,4,0.75,2,2,1.0,2,11,13,7,2,0,9,5,4,8,19,0.421,3,7,0.429,6,6,1.0,0,4,4,5,8,1,5,4,-4
0020100113,2001-11-14,2001-02,regular_season,False,1610612756,PHX,Phoenix Suns,1610612753,ORL,Orlando Magic,16,18,L,6,21,0.286,3,6,0.5,1,4,0.25,4,6,10,4,2,0,2,4,-2,7,17,0.412,0,3,0.0,4,4,1.0,3,9,12,4,0,2,4,3,2
0020100114,2001-11-14,2001-02,regular_season,False,1610612746,LAC,Los Angeles Clippers,1610612741,CHI,Chicago Bulls,22,29,L,7,18,0.389,1,1,1.0,7,8,0.875,2,5,7,3,1,1,5,4,-7,13,21,0.619,1,2,0.5,2,2,1.0,1,7,8,7,3,1,5,5,7
0020100115,2001-11-14,2001-02,regular_season,False,1610612744,GSW,Golden State Warriors,1610612761,TOR,Toronto Raptors,16,24,L,7,20,0.35,0,5,0.0,2,2,1.0,2,10,12,4,1,2,5,11,-8,4,14,0.286,2,6,0.333,14,19,0.737,1,10,11,2,3,2,1,3,8
0020100120,2001-11-15,2001-02,regular_season,False,1610612743,DEN,Denver Nuggets,1610612753,ORL,Orlando Magic,18,25,L,6,24,0.25,2,5,0.4,4,5,0.8,4,5,9,3,3,0,1,4,-7,12,20,0.6,1,3,0.333,0,0,0.0,2,9,11,7,0,2,3,6,7
0020100119,2001-11-15,2001-02,regular_season,False,1610612745,HOU,Houston Rockets,1610612747,LAL,Los Angeles Lakers,21,18,W,6,23,0.261,2,5,0.4,7,7,1.0,5,8,13,2,2,2,1,6,3,6,19,0.316,0,3,0.0,6,9,0.667,4,8,12,2,1,1,3,6,-3
0020100118,2001-11-15,2001-02,regular_season,False,1610612763,MEM,Memphis Grizzlies,1610612757,POR,Portland Trail Blazers,18,34,L,6,19,0.316,2,4,0.5,4,7,0.571,9,3,12,4,2,2,5,7,-16,9,20,0.45,4,6,0.667,12,13,0.923,8,5,13,6,1,0,2,7,16
0020100117,2001-11-15,2001-02,regular_season,False,1610612765,DET,Detroit Pistons,1610612742,DAL,Dallas Mavericks,34,22,W,14,25,0.56,3,10,0.3,3,3,1.0,3,10,13,10,2,2,1,2,12,8,20,0.4,2,6,0.333,4,4,1.0,2,5,7,3,0,0,2,5,-12
0020100116,2001-11-15,2001-02,regular_season,False,1610612752,NYK,New York Knicks,1610612748,MIA,Miami Heat,20,8,W,7,15,0.467,0,3,0.0,6,8,0.75,4,12,16,4,1,1,4,4,12,3,18,0.167,1,4,0.25,1,1,1.0,2,4,6,1,0,0,3,4,-12
0020100121,2001-11-16,2001-02,regular_season,False,1610612755,PHI,Philadelphia 76ers,1610612737,ATL,Atlanta Hawks,27,17,W,12,24,0.5,1,4,0.25,2,2,1.0,2,4,6,8,4,0,4,4,10,7,14,0.5,0,3,0.0,3,6,0.5,1,7,8,2,1,1,8,4,-10
0020100122,2001-11-16,2001-02,regular_season,False,1610612764,WAS,Washington Wizards,1610612762,UTA,Utah Jazz,25,24,W,8,19,0.421,2,4,0.5,7,8,0.875,1,8,9,3,4,1,2,6,1,10,19,0.526,1,1,1.0,3,3,1.0,1,9,10,9,2,3,4,6,-1
0020100123,2001-11-16,2001-02,regular_season,False,1610612754,IND,Indiana Pacers,1610612750,MIN,Minnesota Timberwolves,22,26,L,9,19,0.474,1,4,0.25,3,4,0.75,3,5,8,6,3,3,3,5,-4,11,19,0.579,1,1,1.0,3,5,0.6,2,5,7,7,2,1,4,5,4
0020100124,2001-11-16,2001-02,regular_season,False,1610612751,NJN,New Jersey Nets,1610612752,NYK,New York Knicks,29,12,W,10,21,0.476,1,4,0.25,8,10,0.8,2,10,12,7,2,0,3,3,17,5,15,0.333,1,5,0.2,1,4,0.25,1,5,6,4,1,1,6,7,-17
0020100125,2001-11-16,2001-02,regular_season,False,1610612748,MIA,Miami Heat,1610612766,CHH,Charlotte Hornets,14,23,L,6,18,0.333,0,4,0.0,2,2,1.0,1,9,10,1,1,1,2,6,-9,8,18,0.444,2,5,0.4,5,8,0.625,1,10,11,2,2,1,1,4,9
0020100126,2001-11-16,2001-02,regular_season,False,1610612759,SAS,San Antonio Spurs,1610612739,CLE,Cleveland Cavaliers,31,22,W,12,18,0.667,4,4,1.0,3,5,0.6,1,6,7,8,3,1,4,3,9,9,18,0.5,2,2,1.0,2,3,0.667,0,6,6,7,2,0,5,6,-9
0020100127,2001-11-16,2001-02,regular_season,False,1610612756,PHX,Phoenix Suns,1610612747,LAL,Los Angeles Lakers,21,18,W,8,19,0.421,1,4,0.25,4,4,1.0,3,10,13,6,1,1,6,11,3,5,18,0.278,0,6,0.0,8,13,0.615,5,5,10,5,3,2,4,8,-3
0020100128,2001-11-16,2001-02,regular_season,False,1610612758,SAC,Sacramento Kings,1610612741,CHI,Chicago Bulls,25,19,W,10,22,0.455,2,4,0.5,3,6,0.5,3,8,11,7,6,0,4,6,6,7,14,0.5,0,1,0.0,5,9,0.556,2,9,11,6,1,1,9,6,-6
0020100129,2001-11-16,2001-02,regular_season,False,1610612760,SEA,Seattle SuperSonics,1610612744,GSW,Golden State Warriors,20,17,W,8,17,0.471,0,3,0.0,4,7,0.571,2,7,9,4,2,0,5,6,3,5,15,0.333,2,6,0.333,5,6,0.833,2,7,9,3,3,2,6,6,-3
0020100130,2001-11-16,2001-02,regular_season,False,1610612746,LAC,Los Angeles Clippers,1610612761,TOR,Toronto Raptors,16,25,L,7,18,0.389,1,4,0.25,1,2,0.5,3,5,8,5,1,0,5,10,-9,7,15,0.467,2,6,0.333,9,11,0.818,2,5,7,4,4,3,2,8,9
0020100140,2001-11-17,2001-02,regular_season,False,1610612760,SEA,Seattle SuperSonics,1610612743,DEN,Denver Nuggets,23,22,W,7,17,0.412,3,7,0.429,6,6,1.0,4,7,11,6,2,1,6,6,1,7,17,0.412,2,6,0.333,6,8,0.75,3,6,9,5,3,1,5,6,-1
0020100139,2001-11-17,2001-02,regular_season,False,1610612744,GSW,Golden State Warriors,1610612741,CHI,Chicago Bulls,18,17,W,5,19,0.263,0,2,0.0,8,11,0.727,7,6,13,5,2,2,4,5,1,7,16,0.438,0,1,0.0,3,4,0.75,2,7,9,5,1,0,5,7,-1
0020100138,2001-11-17,2001-02,regular_season,False,1610612745,HOU,Houston Rockets,1610612742,DAL,Dallas Mavericks,27,17,W,9,18,0.5,0,3,0.0,9,13,0.692,4,13,17,6,1,2,3,1,10,8,25,0.32,0,3,0.0,1,2,0.5,3,6,9,2,3,2,2,9,-10
0020100137,2001-11-17,2001-02,regular_season,False,1610612749,MIL,Milwaukee Bucks,1610612762,UTA,Utah Jazz,29,21,W,10,19,0.526,2,4,0.5,7,7,1.0,2,9,11,7,3,2,3,3,8,9,21,0.429,0,3,0.0,3,4,0.75,3,7,10,5,2,0,4,6,-8
0020100136,2001-11-17,2001-02,regular_season,False,1610612763,MEM,Memphis Grizzlies,1610612739,CLE,Cleveland Cavaliers,26,19,W,11,17,0.647,0,2,0.0,4,8,0.5,3,7,10,8,2,3,1,6,7,8,19,0.421,1,3,0.333,2,6,0.333,5,5,10,5,0,1,4,5,-7
0020100134,2001-11-17,2001-02,regular_season,False,1610612751,NJN,New Jersey Nets,1610612755,PHI,Philadelphia 76ers,22,21,W,9,25,0.36,0,3,0.0,4,5,0.8,6,9,15,5,1,5,2,8,1,7,21,0.333,0,3,0.0,7,8,0.875,4,8,12,2,2,1,2,4,-1
0020100133,2001-11-17,2001-02,regular_season,False,1610612765,DET,Detroit Pistons,1610612754,IND,Indiana Pacers,32,31,W,9,16,0.562,3,6,0.5,11,16,0.688,1,7,8,6,1,2,5,7,1,12,25,0.48,1,3,0.333,6,9,0.667,6,8,14,3,2,0,4,10,-1
0020100132,2001-11-17,2001-02,regular_season,False,1610612766,CHH,Charlotte Hornets,1610612757,POR,Portland Trail Blazers,30,27,W,10,14,0.714,4,4,1.0,6,6,1.0,1,4,5,7,1,1,3,4,3,10,19,0.526,2,5,0.4,5,6,0.833,2,3,5,7,2,1,3,7,-3
0020100131,2001-11-17,2001-02,regular_season,False,1610612737,ATL,Atlanta Hawks,1610612738,BOS,Boston Celtics,26,21,W,6,15,0.4,2,4,0.5,12,16,0.75,4,10,14,4,0,2,5,6,5,6,20,0.3,1,8,0.125,8,10,0.8,4,8,12,2,3,1,2,10,-5
0020100135,2001-11-17,2001-02,regular_season,False,1610612750,MIN,Minnesota Timberwolves,1610612753,ORL,Orlando Magic,28,34,L,11,19,0.579,3,5,0.6,3,3,1.0,2,7,9,7,3,0,6,8,-6,11,19,0.579,4,6,0.667,8,10,0.8,1,6,7,8,2,0,3,4,6
0020100141,2001-11-18,2001-02,regular_season,False,1610612746,LAC,Los Angeles Clippers,1610612752,NYK,New York Knicks,30,21,W,8,13,0.615,1,2,0.5,13,15,0.867,1,6,7,4,2,2,2,3,9,9,20,0.45,1,6,0.167,2,2,1.0,3,6,9,5,0,0,5,9,-9
0020100142,2001-11-18,2001-02,regular_season,False,1610612756,PHX,Phoenix Suns,1610612761,TOR,Toronto Raptors,21,16,W,10,25,0.4,0,3,0.0,1,3,0.333,5,12,17,5,1,2,5,7,5,4,18,0.222,2,6,0.333,6,10,0.6,4,10,14,3,4,3,6,8,-5
0020100143,2001-11-18,2001-02,regular_season,False,1610612747,LAL,Los Angeles Lakers,1610612758,SAC,Sacramento Kings,29,17,W,9,20,0.45,0,1,0.0,11,14,0.786,7,13,20,6,2,2,4,5,12,6,24,0.25,1,6,0.167,4,7,0.571,5,6,11,4,2,1,4,11,-12
0020100145,2001-11-19,2001-02,regular_season,False,1610612758,SAC,Sacramento Kings,1610612745,HOU,Houston Rockets,31,13,W,12,21,0.571,3,5,0.6,4,5,0.8,2,13,15,8,3,1,4,5,18,5,20,0.25,0,6,0.0,3,4,0.75,2,5,7,4,1,0,5,4,-18
0020100144,2001-11-19,2001-02,regular_season,False,1610612743,DEN,Denver Nuggets,1610612751,NJN,New Jersey Nets,20,29,L,6,18,0.333,2,3,0.667,6,10,0.6,4,1,5,4,1,0,2,6,-9,11,20,0.55,1,4,0.25,6,7,0.857,5,8,13,6,2,3,2,7,9
0020100152,2001-11-20,2001-02,regular_season,False,1610612746,LAC,Los Angeles Clippers,1610612747,LAL,Los Angeles Lakers,29,21,W,11,24,0.458,1,5,0.2,6,8,0.75,5,10,15,5,1,2,5,13,8,5,20,0.25,0,2,0.0,11,19,0.579,3,6,9,5,3,2,4,8,-8
0020100151,2001-11-20,2001-02,regular_season,False,1610612757,POR,Portland Trail Blazers,1610612745,HOU,Houston Rockets,22,20,W,6,17,0.353,0,4,0.0,10,10,1.0,1,12,13,3,2,4,3,3,2,7,19,0.368,1,6,0.167,5,7,0.714,1,9,10,4,1,1,3,6,-2
0020100150,2001-11-20,2001-02,regular_season,False,1610612742,DAL,Dallas Mavericks,1610612760,SEA,Seattle SuperSonics,26,17,W,11,30,0.367,3,13,0.231,1,2,0.5,10,11,21,7,2,0,0,8,9,5,15,0.333,0,2,0.0,7,10,0.7,2,8,10,2,0,1,3,3,-9
0020100153,2001-11-20,2001-02,regular_season,False,1610612744,GSW,Golden State Warriors,1610612752,NYK,New York Knicks,24,10,W,7,17,0.412,1,3,0.333,9,13,0.692,2,8,10,6,2,1,3,5,14,4,14,0.286,0,2,0.0,2,4,0.5,2,9,11,2,2,0,9,9,-14
0020100148,2001-11-20,2001-02,regular_season,False,1610612754,IND,Indiana Pacers,1610612737,ATL,Atlanta Hawks,30,14,W,10,20,0.5,3,5,0.6,7,10,0.7,1,11,12,7,1,1,0,4,16,5,23,0.217,2,10,0.2,2,3,0.667,4,10,14,2,0,2,3,9,-16
0020100147,2001-11-20,2001-02,regular_season,False,1610612761,TOR,Toronto Raptors,1610612765,DET,Detroit Pistons,19,27,L,7,19,0.368,2,5,0.4,3,4,0.75,2,4,6,6,1,1,3,6,-8,10,17,0.588,3,4,0.75,4,4,1.0,2,8,10,5,1,0,3,6,8
0020100146,2001-11-20,2001-02,regular_season,False,1610612764,WAS,Washington Wizards,1610612766,CHH,Charlotte Hornets,29,29,L,11,21,0.524,4,7,0.571,3,4,0.75,2,7,9,8,0,1,4,7,0,10,23,0.435,1,3,0.333,8,9,0.889,6,4,10,3,3,2,2,5,0
0020100149,2001-11-20,2001-02,regular_season,False,1610612748,MIA,Miami Heat,1610612750,MIN,Minnesota Timberwolves,25,20,W,9,18,0.5,2,4,0.5,5,11,0.455,4,6,10,6,0,2,2,5,5,8,22,0.364,1,2,0.5,3,3,1.0,3,6,9,5,1,2,1,8,-5
0020100162,2001-11-21,2001-02,regular_season,False,1610612762,UTA,Utah Jazz,1610612751,NJN,New Jersey Nets,17,16,W,6,22,0.273,0,0,0.0,5,9,0.556,5,7,12,5,5,4,4,3,1,7,22,0.318,2,5,0.4,0,0,0.0,5,11,16,2,1,4,9,7,-1
0020100161,2001-11-21,2001-02,regular_season,False,1610612743,DEN,Denver Nuggets,1610612747,LAL,Los Angeles Lakers,13,23,L,6,23,0.261,1,2,0.5,0,0,0.0,5,4,9,3,2,1,2,5,-10,9,16,0.562,3,5,0.6,2,4,0.5,3,12,15,8,1,3,5,1,10
0020100164,2001-11-21,2001-02,regular_season,False,1610612758,SAC,Sacramento Kings,1610612757,POR,Portland Trail Blazers,30,20,W,10,17,0.588,3,4,0.75,7,11,0.636,2,8,10,6,1,0,4,4,10,7,19,0.368,1,3,0.333,5,5,1.0,4,5,9,5,1,1,7,7,-10
0020100163,2001-11-21,2001-02,regular_season,False,1610612756,PHX,Phoenix Suns,1610612752,NYK,New York Knicks,19,11,W,8,16,0.5,1,5,0.2,2,4,0.5,2,9,11,5,3,4,2,3,8,5,18,0.278,0,4,0.0,1,2,0.5,3,6,9,2,2,0,5,4,-8
0020100160,2001-11-21,2001-02,regular_season,False,1610612759,SAS,San Antonio Spurs,1610612760,SEA,Seattle SuperSonics,23,28,L,9,20,0.45,3,7,0.429,2,6,0.333,4,7,11,6,1,2,4,7,-5,12,26,0.462,0,2,0.0,4,6,0.667,5,8,13,2,2,0,1,5,5
0020100158,2001-11-21,2001-02,regular_season,False,1610612753,ORL,Orlando Magic,1610612750,MIN,Minnesota Timberwolves,24,22,W,7,18,0.389,2,2,1.0,8,8,1.0,5,7,12,3,1,0,4,6,2,7,20,0.35,2,4,0.5,6,6,1.0,4,6,10,5,2,2,4,7,-2
0020100159,2001-11-21,2001-02,regular_season,False,1610612749,MIL,Milwaukee Bucks,1610612741,CHI,Chicago Bulls,23,27,L,9,17,0.529,2,4,0.5,3,5,0.6,3,7,10,7,1,2,7,7,-4,11,24,0.458,2,6,0.333,3,6,0.5,5,6,11,7,2,1,3,5,4
0020100157,2001-11-21,2001-02,regular_season,False,1610612739,CLE,Cleveland Cavaliers,1610612763,MEM,Memphis Grizzlies,19,27,L,4,17,0.235,2,3,0.667,9,10,0.9,5,5,10,3,3,2,7,12,-8,7,17,0.412,1,2,0.5,12,14,0.857,2,7,9,2,3,4,5,5,8
0020100156,2001-11-21,2001-02,regular_season,False,1610612766,CHH,Charlotte Hornets,1610612742,DAL,Dallas Mavericks,18,16,W,4,15,0.267,1,1,1.0,9,10,0.9,2,11,13,3,2,3,3,3,2,6,21,0.286,1,5,0.2,3,4,0.75,4,8,12,4,1,2,2,8,-2
0020100155,2001-11-21,2001-02,regular_season,False,1610612755,PHI,Philadelphia 76ers,1610612765,DET,Detroit Pistons,29,21,W,7,17,0.412,1,2,0.5,14,16,0.875,4,8,12,5,1,0,1,7,8,7,16,0.438,0,4,0.0,7,11,0.636,0,3,3,6,1,0,1,10,-8
0020100154,2001-11-21,2001-02,regular_season,False,1610612738,BOS,Boston Celtics,1610612737,ATL,Atlanta Hawks,23,20,W,10,27,0.37,1,10,0.1,2,2,1.0,9,10,19,3,1,0,2,6,3,7,19,0.368,1,4,0.25,5,7,0.714,3,7,10,3,0,3,1,3,-3
0020100165,2001-11-22,2001-02,regular_season,False,1610612754,IND,Indiana Pacers,1610612764,WAS,Washington Wizards,29,28,W,9,18,0.5,0,1,0.0,11,14,0.786,3,7,10,8,3,2,2,4,1,12,26,0.462,3,7,0.429,1,1,1.0,6,7,13,7,2,0,4,10,-1
0020100166,2001-11-22,2001-02,regular_season,False,1610612761,TOR,Toronto Raptors,1610612749,MIL,Milwaukee Bucks,18,14,W,7,19,0.368,1,3,0.333,3,4,0.75,1,7,8,7,2,3,3,4,4,4,15,0.267,0,4,0.0,6,6,1.0,1,9,10,2,3,1,6,5,-4
0020100167,2001-11-22,2001-02,regular_season,False,1610612746,LAC,Los Angeles Clippers,1610612751,NJN,New Jersey Nets,24,24,L,10,22,0.455,1,7,0.143,3,5,0.6,2,8,10,3,2,1,5,11,0,6,15,0.4,0,2,0.0,12,19,0.632,4,7,11,4,2,0,4,6,0
0020100178,2001-11-23,2001-02,regular_season,False,1610612747,LAL,Los Angeles Lakers,1610612744,GSW,Golden State Warriors,21,28,L,7,18,0.389,0,3,0.0,7,7,1.0,2,8,10,4,1,1,5,7,-7,10,21,0.476,1,4,0.25,7,12,0.583,3,7,10,8,2,0,3,6,7
0020100177,2001-11-23,2001-02,regular_season,False,1610612760,SEA,Seattle SuperSonics,1610612745,HOU,Houston Rockets,22,16,W,9,21,0.429,2,4,0.5,2,2,1.0,5,7,12,6,3,1,2,4,6,6,19,0.316,1,3,0.333,3,4,0.75,5,7,12,2,2,0,5,2,-6
0020100176,2001-11-23,2001-02,regular_season,False,1610612757,POR,Portland Trail Blazers,1610612743,DEN,Denver Nuggets,27,22,W,7,16,0.438,2,2,1.0,11,15,0.733,1,9,10,7,0,0,1,2,5,10,23,0.435,2,7,0.286,0,0,0.0,3,9,12,7,1,4,1,8,-5
0020100175,2001-11-23,2001-02,regular_season,False,1610612762,UTA,Utah Jazz,1610612746,LAC,Los Angeles Clippers,28,15,W,9,17,0.529,1,1,1.0,9,13,0.692,4,11,15,6,1,3,5,5,13,5,15,0.333,1,3,0.333,4,5,0.8,0,3,3,2,3,1,5,9,-13
0020100174,2001-11-23,2001-02,regular_season,False,1610612763,MEM,Memphis Grizzlies,1610612756,PHX,Phoenix Suns,21,18,W,9,23,0.391,0,4,0.0,3,6,0.5,4,7,11,6,4,3,2,4,3,7,16,0.438,0,1,0.0,4,4,1.0,2,12,14,3,2,3,6,7,-3
0020100171,2001-11-23,2001-02,regular_season,False,1610612766,CHH,Charlotte Hornets,1610612753,ORL,Orlando Magic,25,18,W,10,22,0.455,1,7,0.143,4,5,0.8,5,5,10,6,7,2,5,6,7,7,13,0.538,1,1,1.0,3,5,0.6,2,6,8,3,2,0,9,4,-7
0020100172,2001-11-23,2001-02,regular_season,False,1610612737,ATL,Atlanta Hawks,1610612765,DET,Detroit Pistons,34,17,W,11,18,0.611,3,5,0.6,9,9,1.0,1,10,11,6,2,1,2,4,17,8,19,0.421,1,2,0.5,0,2,0.0,2,5,7,6,0,2,4,6,-17
0020100170,2001-11-23,2001-02,regular_season,False,1610612748,MIA,Miami Heat,1610612742,DAL,Dallas Mavericks,27,26,W,10,17,0.588,1,1,1.0,6,12,0.5,3,3,6,5,4,1,3,3,1,10,17,0.588,2,2,1.0,4,4,1.0,4,5,9,6,2,1,6,8,-1
0020100169,2001-11-23,2001-02,regular_season,False,1610612738,BOS,Boston Celtics,1610612761,TOR,Toronto Raptors,16,23,L,6,21,0.286,2,8,0.25,2,4,0.5,3,10,13,1,1,1,4,6,-7,9,22,0.409,0,3,0.0,5,10,0.5,4,11,15,4,2,2,1,4,7
0020100168,2001-11-23,2001-02,regular_season,False,1610612755,PHI,Philadelphia 76ers,1610612739,CLE,Cleveland Cavaliers,19,22,L,7,18,0.389,1,4,0.25,4,4,1.0,2,6,8,4,7,1,7,8,-3,8,20,0.4,1,7,0.143,5,7,0.714,3,9,12,7,5,1,8,4,3
0020100173,2001-11-23,2001-02,regular_season,False,1610612754,IND,Indiana Pacers,1610612759,SAS,San Antonio Spurs,16,24,L,7,17,0.412,0,3,0.0,2,5,0.4,0,8,8,6,0,0,3,6,-8,8,21,0.381,1,5,0.2,7,7,1.0,5,12,17,4,1,0,3,6,8
0020100185,2001-11-24,2001-02,regular_season,False,1610612742,DAL,Dallas Mavericks,1610612756,PHX,Phoenix Suns,38,31,W,8,14,0.571,1,2,0.5,21,23,0.913,1,7,8,4,2,2,1,7,7,13,25,0.52,1,4,0.25,4,7,0.571,5,6,11,1,1,3,3,15,-7
0020100187,2001-11-24,2001-02,regular_season,False,1610612758,SAC,Sacramento Kings,1610612751,NJN,New Jersey Nets,23,25,L,5,19,0.263,1,4,0.25,12,19,0.632,2,11,13,3,2,1,3,4,-2,11,25,0.44,2,4,0.5,1,4,0.25,3,12,15,6,3,0,4,13,2
0020100186,2001-11-24,2001-02,regular_season,False,1610612749,MIL,Milwaukee Bucks,1610612737,ATL,Atlanta Hawks,26,24,W,7,22,0.318,4,8,0.5,8,10,0.8,5,10,15,6,4,1,4,9,2,7,16,0.438,2,9,0.222,8,11,0.727,1,10,11,4,3,1,6,8,-2
0020100184,2001-11-24,2001-02,regular_season,False,1610612750,MIN,Minnesota Timberwolves,1610612759,SAS,San Antonio Spurs,25,28,L,10,19,0.526,0,1,0.0,5,5,1.0,1,5,6,6,3,1,2,6,-3,11,19,0.579,1,2,0.5,5,8,0.625,3,8,11,7,1,2,6,7,3
0020100180,2001-11-24,2001-02,regular_season,False,1610612764,WAS,Washington Wizards,1610612738,BOS,Boston Celtics,13,26,L,6,21,0.286,0,2,0.0,1,1,1.0,4,8,12,5,0,0,4,5,-13,10,21,0.476,4,10,0.4,2,2,1.0,2,8,10,4,1,4,0,3,13
0020100182,2001-11-24,2001-02,regular_season,False,1610612739,CLE,Cleveland Cavaliers,1610612748,MIA,Miami Heat,19,25,L,5,16,0.312,1,1,1.0,8,9,0.889,0,6,6,4,0,1,0,6,-6,8,16,0.5,2,4,0.5,7,8,0.875,2,9,11,5,0,1,2,5,6
0020100181,2001-11-24,2001-02,regular_season,False,1610612753,ORL,Orlando Magic,1610612766,CHH,Charlotte Hornets,23,27,L,9,23,0.391,3,6,0.5,2,3,0.667,4,8,12,3,1,1,5,2,-4,11,24,0.458,2,6,0.333,3,4,0.75,3,8,11,5,5,0,2,3,4
0020100183,2001-11-24,2001-02,regular_season,False,1610612765,DET,Detroit Pistons,1610612763,MEM,Memphis Grizzlies,25,13,W,8,16,0.5,1,3,0.333,8,13,0.615,2,8,10,5,1,2,3,3,12,6,15,0.4,1,5,0.2,0,2,0.0,2,10,12,4,0,1,7,11,-12
0020100179,2001-11-24,2001-02,regular_season,False,1610612752,NYK,New York Knicks,1610612741,CHI,Chicago Bulls,21,20,W,8,15,0.533,0,2,0.0,5,6,0.833,1,10,11,5,2,0,5,10,1,5,14,0.357,1,6,0.167,9,17,0.529,3,5,8,1,0,0,4,5,-1
0020100191,2001-11-25,2001-02,regular_season,False,1610612744,GSW,Golden State Warriors,1610612751,NJN,New Jersey Nets,26,22,W,9,18,0.5,1,4,0.25,7,10,0.7,4,8,12,7,3,2,2,7,4,7,18,0.389,0,2,0.0,8,10,0.8,3,7,10,3,2,0,3,7,-4
0020100190,2001-11-25,2001-02,regular_season,False,1610612760,SEA,Seattle SuperSonics,1610612754,IND,Indiana Pacers,24,18,W,9,21,0.429,0,2,0.0,6,6,1.0,2,7,9,4,4,1,2,8,6,4,12,0.333,3,5,0.6,7,10,0.7,2,8,10,3,1,3,9,8,-6
0020100192,2001-11-25,2001-02,regular_season,False,1610612747,LAL,Los Angeles Lakers,1610612743,DEN,Denver Nuggets,27,18,W,8,16,0.5,4,7,0.571,7,9,0.778,3,6,9,6,1,4,3,3,9,8,23,0.348,2,5,0.4,0,0,0.0,5,5,10,4,2,0,4,9,-9
0020100188,2001-11-25,2001-02,regular_season,False,1610612761,TOR,Toronto Raptors,1610612755,PHI,Philadelphia 76ers,29,24,W,13,26,0.5,3,8,0.375,0,0,0.0,4,9,13,8,2,1,2,7,5,9,20,0.45,2,6,0.333,4,5,0.8,0,8,8,5,1,0,3,2,-5
0020100189,2001-11-25,2001-02,regular_season,False,1610612746,LAC,Los Angeles Clippers,1610612745,HOU,Houston Rockets,18,20,L,8,18,0.444,0,1,0.0,2,2,1.0,2,7,9,5,3,2,2,1,-2,8,16,0.5,3,8,0.375,1,2,0.5,0,8,8,4,1,0,4,5,2
0020100193,2001-11-26,2001-02,regular_season,False,1610612752,NYK,New York Knicks,1610612737,ATL,Atlanta Hawks,24,14,W,10,19,0.526,0,3,0.0,4,6,0.667,5,7,12,6,1,0,2,5,10,4,14,0.286,1,6,0.167,5,5,1.0,1,3,4,3,0,0,3,5,-10
0020100194,2001-11-26,2001-02,regular_season,False,1610612753,ORL,Orlando Magic,1610612765,DET,Detroit Pistons,31,39,L,9,23,0.391,2,6,0.333,11,12,0.917,3,2,5,5,3,1,4,11,-8,12,15,0.8,3,4,0.75,12,16,0.75,2,7,9,8,3,2,5,9,8
0020100195,2001-11-26,2001-02,regular_season,False,1610612763,MEM,Memphis Grizzlies,1610612758,SAC,Sacramento Kings,24,17,W,10,19,0.526,0,0,0.0,4,6,0.667,1,9,10,7,1,1,2,6,7,5,19,0.263,1,2,0.5,6,10,0.6,5,8,13,3,1,2,4,8,-7
0020100196,2001-11-26,2001-02,regular_season,False,1610612762,UTA,Utah Jazz,1610612756,PHX,Phoenix Suns,20,17,W,8,18,0.444,2,2,1.0,2,2,1.0,0,10,10,6,2,0,5,8,3,4,16,0.25,1,7,0.143,8,10,0.8,1,9,10,2,3,1,3,3,-3
0020100202,2001-11-27,2001-02,regular_season,False,1610612757,POR,Portland Trail Blazers,1610612754,IND,Indiana Pacers,30,17,W,9,17,0.529,0,0,0.0,12,13,0.923,2,9,11,4,4,2,3,3,13,8,22,0.364,1,5,0.2,0,0,0.0,4,6,10,6,1,2,6,8,-13
0020100204,2001-11-27,2001-02,regular_season,False,1610612747,LAL,Los Angeles Lakers,1610612749,MIL,Milwaukee Bucks,30,14,W,9,21,0.429,4,7,0.571,8,12,0.667,8,9,17,5,3,0,3,5,16,6,16,0.375,0,6,0.0,2,2,1.0,0,6,6,4,2,0,5,8,-16
0020100203,2001-11-27,2001-02,regular_season,False,1610612760,SEA,Seattle SuperSonics,1610612750,MIN,Minnesota Timberwolves,30,29,W,11,21,0.524,1,6,0.167,7,8,0.875,3,4,7,6,0,1,1,2,1,13,21,0.619,3,6,0.5,0,2,0.0,3,7,10,7,1,1,3,8,-1
0020100201,2001-11-27,2001-02,regular_season,False,1610612742,DAL,Dallas Mavericks,1610612744,GSW,Golden State Warriors,34,27,W,11,17,0.647,1,3,0.333,11,15,0.733,3,7,10,6,1,0,1,6,7,10,23,0.435,1,4,0.25,6,6,1.0,6,4,10,5,1,0,3,11,-7
0020100199,2001-11-27,2001-02,regular_season,False,1610612748,MIA,Miami Heat,1610612738,BOS,Boston Celtics,16,13,W,4,19,0.211,1,5,0.2,7,9,0.778,5,9,14,1,2,2,2,5,3,5,20,0.25,2,8,0.25,1,2,0.5,3,12,15,1,1,2,3,5,-3
0020100198,2001-11-27,2001-02,regular_season,False,1610612751,NJN,New Jersey Nets,1610612741,CHI,Chicago Bulls,24,20,W,11,19,0.579,0,2,0.0,2,4,0.5,2,5,7,6,4,0,3,5,4,8,15,0.533,0,2,0.0,4,5,0.8,2,8,10,5,1,2,8,5,-4
0020100197,2001-11-27,2001-02,regular_season,False,1610612739,CLE,Cleveland Cavaliers,1610612764,WAS,Washington Wizards,28,17,W,12,18,0.667,0,1,0.0,4,5,0.8,1,11,12,8,1,2,3,6,11,6,22,0.273,0,2,0.0,5,7,0.714,2,3,5,2,1,0,1,6,-11
0020100200,2001-11-27,2001-02,regular_season,False,1610612745,HOU,Houston Rockets,1610612758,SAC,Sacramento Kings,17,21,L,6,19,0.316,1,4,0.25,4,4,1.0,3,8,11,4,2,1,4,8,-4,6,16,0.375,0,4,0.0,9,11,0.818,1,9,10,2,3,0,3,5,4
0020100211,2001-11-28,2001-02,regular_season,False,1610612756,PHX,Phoenix Suns,1610612749,MIL,Milwaukee Bucks,18,25,L,7,21,0.333,3,8,0.375,1,2,0.5,4,8,12,4,1,1,3,3,-7,9,23,0.391,4,8,0.5,3,4,0.75,4,9,13,5,1,1,2,3,7
0020100205,2001-11-28,2001-02,regular_season,False,1610612737,ATL,Atlanta Hawks,1610612752,NYK,New York Knicks,34,25,W,11,21,0.524,4,6,0.667,8,11,0.727,4,5,9,6,7,1,4,7,9,8,14,0.571,0,2,0.0,9,13,0.692,1,7,8,4,3,2,7,7,-9
0020100206,2001-11-28,2001-02,regular_season,False,1610612765,DET,Detroit Pistons,1610612766,CHH,Charlotte Hornets,35,31,W,12,21,0.571,5,9,0.556,6,7,0.857,2,3,5,6,2,3,1,11,4,7,14,0.5,1,2,0.5,16,18,0.889,3,8,11,3,0,1,5,7,-4
0020100207,2001-11-28,2001-02,regular_season,False,1610612755,PHI,Philadelphia 76ers,1610612764,WAS,Washington Wizards,21,22,L,9,19,0.474,1,2,0.5,2,2,1.0,6,9,15,4,1,0,7,8,-1,7,19,0.368,2,4,0.5,6,7,0.857,3,4,7,5,3,1,2,5,1
0020100208,2001-11-28,2001-02,regular_season,False,1610612759,SAS,San Antonio Spurs,1610612744,GSW,Golden State Warriors,22,22,W,8,14,0.571,0,1,0.0,6,9,0.667,3,9,12,4,2,2,7,7,0,7,19,0.368,1,2,0.5,7,10,0.7,2,3,5,4,4,0,2,7,0
0020100209,2001-11-28,2001-02,regular_season,False,1610612743,DEN,Denver Nuggets,1610612754,IND,Indiana Pacers,19,28,L,6,31,0.194,1,12,0.083,6,6,1.0,12,6,18,4,3,2,5,8,-9,8,13,0.615,1,2,0.5,11,13,0.846,0,11,11,7,5,5,7,5,9
0020100210,2001-11-28,2001-02,regular_season,False,1610612762,UTA,Utah Jazz,1610612760,SEA,Seattle SuperSonics,27,22,W,10,22,0.455,2,7,0.286,5,6,0.833,5,9,14,7,1,6,2,5,5,8,23,0.348,1,4,0.25,5,7,0.714,5,8,13,3,1,1,1,4,-5
0020100212,2001-11-28,2001-02,regular_season,False,1610612746,LAC,Los Angeles Clippers,1610612750,MIN,Minnesota Timberwolves,27,21,W,9,15,0.6,6,6,1.0,3,4,0.75,3,7,10,8,0,0,7,3,6,9,21,0.429,3,13,0.231,0,0,0.0,3,2,5,8,3,0,3,7,-6
0020100217,2001-11-29,2001-02,regular_season,False,1610612742,DAL,Dallas Mavericks,1610612758,SAC,Sacramento Kings,27,30,L,12,22,0.545,3,8,0.375,0,0,0.0,1,4,5,8,2,0,2,10,-3,9,16,0.562,0,0,0.0,12,16,0.75,3,7,10,2,0,0,2,2,3
0020100215,2001-11-29,2001-02,regular_season,False,1610612753,ORL,Orlando Magic,1610612738,BOS,Boston Celtics,18,20,L,8,19,0.421,1,7,0.143,1,3,0.333,3,6,9,5,1,1,4,1,-2,9,19,0.474,2,7,0.286,0,0,0.0,4,9,13,2,2,1,6,7,2
0020100216,2001-11-29,2001-02,regular_season,False,1610612741,CHI,Chicago Bulls,1610612748,MIA,Miami Heat,21,17,W,8,17,0.471,0,1,0.0,5,11,0.455,3,5,8,7,3,1,2,3,4,7,17,0.412,0,2,0.0,3,3,1.0,2,8,10,4,0,2,6,10,-4
0020100213,2001-11-29,2001-02,regular_season,False,1610612761,TOR,Toronto Raptors,1610612763,MEM,Memphis Grizzlies,13,23,L,5,19,0.263,0,2,0.0,3,4,0.75,5,5,10,2,7,1,8,5,-10,8,17,0.471,2,6,0.333,5,8,0.625,4,9,13,5,6,0,9,5,10
0020100214,2001-11-29,2001-02,regular_season,False,1610612739,CLE,Cleveland Cavaliers,1610612737,ATL,Atlanta Hawks,20,27,L,7,15,0.467,0,2,0.0,6,11,0.545,2,7,9,4,1,3,5,6,-7,9,21,0.429,1,4,0.25,8,9,0.889,5,9,14,7,3,4,2,6,7
0020100225,2001-11-30,2001-02,regular_season,False,1610612760,SEA,Seattle SuperSonics,1610612747,LAL,Los Angeles Lakers,26,26,L,6,10,0.6,1,3,0.333,13,14,0.929,1,8,9,4,0,1,7,5,0,9,20,0.45,2,2,1.0,6,6,1.0,2,2,4,8,4,1,2,9,0
0020100224,2001-11-30,2001-02,regular_season,False,1610612757,POR,Portland Trail Blazers,1610612749,MIL,Milwaukee Bucks,18,22,L,6,20,0.3,0,3,0.0,6,7,0.857,4,6,10,3,3,0,4,6,-4,7,20,0.35,1,5,0.2,7,8,0.875,7,9,16,2,2,0,6,8,4
0020100223,2001-11-30,2001-02,regular_season,False,1610612756,PHX,Phoenix Suns,1610612762,UTA,Utah Jazz,19,15,W,7,19,0.368,0,5,0.0,5,7,0.714,5,6,11,6,4,5,5,7,4,5,18,0.278,0,3,0.0,5,6,0.833,3,9,12,4,3,2,5,7,-4
0020100222,2001-11-30,2001-02,regular_season,False,1610612743,DEN,Denver Nuggets,1610612746,LAC,Los Angeles Clippers,30,27,W,9,24,0.375,2,4,0.5,10,11,0.909,6,2,8,4,6,1,3,6,3,10,21,0.476,2,4,0.5,5,6,0.833,6,8,14,7,3,2,8,9,-3
0020100220,2001-11-30,2001-02,regular_season,False,1610612763,MEM,Memphis Grizzlies,1610612745,HOU,Houston Rockets,27,27,W,10,19,0.526,5,7,0.714,2,2,1.0,1,5,6,6,2,3,4,8,0,8,17,0.471,1,2,0.5,10,13,0.769,5,8,13,4,1,0,5,7,0
0020100219,2001-11-30,2001-02,regular_season,False,1610612766,CHH,Charlotte Hornets,1610612765,DET,Detroit Pistons,31,29,W,10,22,0.455,4,7,0.571,7,7,1.0,4,3,7,5,1,1,3,8,2,9,16,0.562,3,4,0.75,8,10,0.8,1,3,4,4,2,3,1,7,-2
0020100218,2001-11-30,2001-02,regular_season,False,1610612748,MIA,Miami Heat,1610612764,WAS,Washington Wizards,9,18,L,3,21,0.143,1,4,0.25,2,2,1.0,4,7,11,0,2,0,2,3,-9,8,15,0.533,0,1,0.0,2,3,0.667,1,13,14,2,1,1,3,4,9
0020100221,2001-11-30,2001-02,regular_season,False,1610612759,SAS,San Antonio Spurs,1610612758,SAC,Sacramento Kings,16,22,L,7,24,0.292,1,5,0.2,1,1,1.0,2,9,11,3,0,1,0,8,-6,6,14,0.429,0,1,0.0,10,13,0.769,0,14,14,4,0,0,2,1,6
0020100232,2001-12-01,2001-02,regular_season,False,1610612745,HOU,Houston Rockets,1610612759,SAS,San Antonio Spurs,22,28,L,9,26,0.346,2,8,0.25,2,3,0.667,7,5,12,1,4,0,5,9,-6,7,14,0.5,4,5,0.8,10,14,0.714,1,8,9,6,3,0,4,3,6
0020100235,2001-12-01,2001-02,regular_season,False,1610612747,LAL,Los Angeles Lakers,1610612750,MIN,Minnesota Timberwolves,25,14,W,9,22,0.409,1,4,0.25,6,6,1.0,3,10,13,2,3,5,5,4,11,5,18,0.278,0,1,0.0,4,4,1.0,0,8,8,4,2,1,6,6,-11
0020100234,2001-12-01,2001-02,regular_season,False,1610612757,POR,Portland Trail Blazers,1610612756,PHX,Phoenix Suns,15,27,L,6,16,0.375,1,3,0.333,2,4,0.5,6,4,10,3,2,1,10,5,-12,10,15,0.667,0,2,0.0,7,8,0.875,2,3,5,8,9,2,4,3,12
0020100233,2001-12-01,2001-02,regular_season,False,1610612762,UTA,Utah Jazz,1610612754,IND,Indiana Pacers,23,27,L,7,17,0.412,2,7,0.286,7,8,0.875,4,4,8,4,2,1,6,8,-4,9,16,0.562,2,4,0.5,7,12,0.583,4,5,9,3,6,2,4,8,4
0020100231,2001-12-01,2001-02,regular_season,False,1610612741,CHI,Chicago Bulls,1610612755,PHI,Philadelphia 76ers,28,21,W,10,20,0.5,5,10,0.5,3,4,0.75,2,4,6,8,4,2,4,3,7,9,19,0.474,1,1,1.0,2,2,1.0,4,6,10,6,3,1,8,7,-7
0020100236,2001-12-01,2001-02,regular_season,False,1610612744,GSW,Golden State Warriors,1610612742,DAL,Dallas Mavericks,24,24,L,8,22,0.364,0,1,0.0,8,13,0.615,8,8,16,5,2,0,5,5,0,12,25,0.48,0,2,0.0,0,2,0.0,4,7,11,10,3,1,3,11,0
0020100229,2001-12-01,2001-02,regular_season,False,1610612752,NYK,New York Knicks,1610612765,DET,Detroit Pistons,22,34,L,7,23,0.304,1,4,0.25,7,8,0.875,5,5,10,2,1,0,3,11,-12,10,17,0.588,3,4,0.75,11,14,0.786,2,9,11,8,1,1,3,8,12
0020100228,2001-12-01,2001-02,regular_season,False,1610612764,WAS,Washington Wizards,1610612753,ORL,Orlando Magic,26,24,W,7,20,0.35,0,2,0.0,12,15,0.8,5,9,14,3,2,2,2,7,2,6,21,0.286,3,6,0.5,9,12,0.75,5,9,14,4,1,3,3,11,-2
0020100227,2001-12-01,2001-02,regular_season,False,1610612737,ATL,Atlanta Hawks,1610612761,TOR,Toronto Raptors,31,24,W,9,16,0.562,3,4,0.75,10,13,0.769,2,6,8,7,1,0,2,3,7,10,22,0.455,1,4,0.25,3,3,1.0,4,6,10,6,2,0,2,9,-7
0020100226,2001-12-01,2001-02,regular_season,False,1610612751,NJN,New Jersey Nets,1610612738,BOS,Boston Celtics,26,27,L,10,23,0.435,1,3,0.333,5,8,0.625,6,4,10,7,1,5,2,7,-1,8,20,0.4,2,3,0.667,9,10,0.9,4,6,10,2,1,1,3,8,1
0020100230,2001-12-01,2001-02,regular_season,False,1610612739,CLE,Cleveland Cavaliers,1610612766,CHH,Charlotte Hornets,20,19,W,7,18,0.389,0,1,0.0,6,6,1.0,3,7,10,4,4,0,4,4,1,7,16,0.438,0,4,0.0,5,6,0.833,3,6,9,3,2,0,5,7,-1
0020100241,2001-12-02,2001-02,regular_season,False,1610612760,SEA,Seattle SuperSonics,1610612749,MIL,Milwaukee Bucks,18,23,L,6,21,0.286,2,6,0.333,4,6,0.667,5,7,12,6,1,0,6,3,-5,8,16,0.5,4,9,0.444,3,5,0.6,2,10,12,5,5,1,8,6,5
0020100240,2001-12-02,2001-02,regular_season,False,1610612758,SAC,Sacramento Kings,1610612742,DAL,Dallas Mavericks,25,22,W,9,17,0.529,0,1,0.0,7,9,0.778,3,8,11,5,0,1,1,5,3,7,20,0.35,4,9,0.444,4,5,0.8,4,5,9,5,1,1,1,6,-3
0020100238,2001-12-02,2001-02,regular_season,False,1610612755,PHI,Philadelphia 76ers,1610612763,MEM,Memphis Grizzlies,20,26,L,7,20,0.35,0,5,0.0,6,7,0.857,4,4,8,5,3,4,1,7,-6,7,18,0.389,3,3,1.0,9,9,1.0,6,10,16,7,1,4,4,7,6
0020100237,2001-12-02,2001-02,regular_season,False,1610612761,TOR,Toronto Raptors,1610612738,BOS,Boston Celtics,9,12,L,3,22,0.136,2,7,0.286,1,3,0.333,7,10,17,2,1,1,5,7,-3,3,16,0.188,0,7,0.0,6,6,1.0,3,11,14,1,3,5,3,5,3
0020100239,2001-12-02,2001-02,regular_season,False,1610612746,LAC,Los Angeles Clippers,1610612754,IND,Indiana Pacers,19,18,W,5,17,0.294,2,6,0.333,7,8,0.875,3,9,12,4,2,5,8,3,1,8,23,0.348,1,2,0.5,1,3,0.333,5,6,11,5,4,2,7,8,-1
0020100242,2001-12-03,2001-02,regular_season,False,1610612752,NYK,New York Knicks,1610612745,HOU,Houston Rockets,29,16,W,11,18,0.611,2,4,0.5,5,8,0.625,2,11,13,8,0,2,1,5,13,6,18,0.333,1,5,0.2,3,4,0.75,0,4,4,3,1,0,1,7,-13
0020100243,2001-12-03,2001-02,regular_season,False,1610612753,ORL,Orlando Magic,1610612763,MEM,Memphis Grizzlies,22,11,W,10,17,0.588,2,4,0.5,0,0,0.0,2,11,13,6,1,0,7,5,11,4,18,0.222,0,4,0.0,3,7,0.429,5,4,9,1,3,0,5,4,-11
0020100244,2001-12-03,2001-02,regular_season,False,1610612756,PHX,Phoenix Suns,1610612744,GSW,Golden State Warriors,23,28,L,9,21,0.429,3,7,0.429,2,2,1.0,5,7,12,8,2,1,6,6,-5,10,21,0.476,1,1,1.0,7,7,1.0,4,6,10,5,5,0,5,7,5
0020100253,2001-12-04,2001-02,regular_season,False,1610612746,LAC,Los Angeles Clippers,1610612748,MIA,Miami Heat,20,13,W,8,19,0.421,1,4,0.25,3,3,1.0,4,11,15,6,0,1,5,8,7,3,19,0.158,0,3,0.0,7,12,0.583,5,5,10,2,1,1,2,7,-7
0020100252,2001-12-04,2001-02,regular_season,False,1610612762,UTA,Utah Jazz,1610612766,CHH,Charlotte Hornets,28,14,W,11,18,0.611,1,1,1.0,5,6,0.833,2,8,10,6,2,3,1,3,14,6,20,0.3,1,3,0.333,1,3,0.333,4,4,8,3,1,1,4,6,-14
0020100251,2001-12-04,2001-02,regular_season,False,1610612759,SAS,San Antonio Spurs,1610612764,WAS,Washington Wizards,18,26,L,7,23,0.304,1,5,0.2,3,4,0.75,1,6,7,5,3,1,0,5,-8,9,19,0.474,1,1,1.0,7,8,0.875,3,13,16,3,0,3,3,2,8
0020100250,2001-12-04,2001-02,regular_season,False,1610612741,CHI,Chicago Bulls,1610612745,HOU,Houston Rockets,29,19,W,12,20,0.6,2,4,0.5,3,6,0.5,2,7,9,12,4,1,4,3,10,8,20,0.4,1,5,0.2,2,2,1.0,3,7,10,4,3,1,9,4,-10
0020100248,2001-12-04,2001-02,regular_season,False,1610612750,MIN,Minnesota Timberwolves,1610612760,SEA,Seattle SuperSonics,26,15,W,10,20,0.5,1,3,0.333,5,6,0.833,3,7,10,7,4,3,1,4,11,7,19,0.368,0,1,0.0,1,3,0.333,2,6,8,4,1,1,4,5,-11
0020100247,2001-12-04,2001-02,regular_season,False,1610612749,MIL,Milwaukee Bucks,1610612752,NYK,New York Knicks,9,19,L,4,19,0.211,0,9,0.0,1,2,0.5,4,10,14,1,0,2,5,11,-10,5,15,0.333,0,4,0.0,9,16,0.562,2,12,14,3,3,0,1,4,10
0020100246,2001-12-04,2001-02,regular_season,False,1610612754,IND,Indiana Pacers,1610612743,DEN,Denver Nuggets,19,26,L,8,18,0.444,0,2,0.0,3,8,0.375,4,9,13,6,2,1,6,8,-7,9,19,0.474,2,4,0.5,6,8,0.75,2,8,10,4,3,0,3,7,7
0020100245,2001-12-04,2001-02,regular_season,False,1610612739,CLE,Cleveland Cavaliers,1610612765,DET,Detroit Pistons,23,18,W,7,14,0.5,1,3,0.333,8,10,0.8,4,9,13,3,4,3,7,5,5,7,18,0.389,2,4,0.5,2,4,0.5,2,3,5,5,2,0,4,7,-5
0020100249,2001-12-04,2001-02,regular_season,False,1610612758,SAC,Sacramento Kings,1610612755,PHI,Philadelphia 76ers,20,18,W,9,20,0.45,0,2,0.0,2,5,0.4,3,6,9,4,3,2,4,7,2,5,15,0.333,1,4,0.25,7,10,0.7,4,9,13,4,1,1,5,6,-2
0020100258,2001-12-05,2001-02,regular_season,False,1610612751,NJN,New Jersey Nets,1610612756,PHX,Phoenix Suns,24,26,L,9,24,0.375,3,5,0.6,3,6,0.5,4,9,13,7,1,2,2,6,-2,9,21,0.429,3,9,0.333,5,8,0.625,4,12,16,6,1,2,4,5,2
0020100260,2001-12-05,2001-02,regular_season,False,1610612744,GSW,Golden State Warriors,1610612755,PHI,Philadelphia 76ers,27,19,W,9,15,0.6,1,1,1.0,8,14,0.571,2,5,7,7,3,3,1,6,8,6,16,0.375,1,7,0.143,6,6,1.0,4,4,8,4,1,0,7,10,-8
0020100257,2001-12-05,2001-02,regular_season,False,1610612765,DET,Detroit Pistons,1610612760,SEA,Seattle SuperSonics,20,18,W,6,16,0.375,1,5,0.2,7,9,0.778,1,11,12,3,2,1,3,6,2,7,19,0.368,1,4,0.25,3,9,0.333,3,10,13,2,2,2,3,7,-2
0020100259,2001-12-05,2001-02,regular_season,False,1610612747,LAL,Los Angeles Lakers,1610612742,DAL,Dallas Mavericks,23,15,W,7,23,0.304,0,6,0.0,9,14,0.643,7,12,19,5,3,2,3,6,8,4,19,0.211,2,8,0.25,5,6,0.833,3,9,12,3,1,1,5,10,-8
0020100255,2001-12-05,2001-02,regular_season,False,1610612753,ORL,Orlando Magic,1610612741,CHI,Chicago Bulls,16,16,W,6,21,0.286,1,4,0.25,3,4,0.75,2,6,8,4,8,2,6,4,0,7,17,0.412,0,1,0.0,2,6,0.333,2,10,12,4,2,0,9,3,0
0020100254,2001-12-05,2001-02,regular_season,False,1610612738,BOS,Boston Celtics,1610612743,DEN,Denver Nuggets,13,20,L,5,22,0.227,1,7,0.143,2,4,0.5,5,8,13,4,2,1,3,4,-7,9,23,0.391,1,4,0.25,1,3,0.333,5,12,17,6,3,1,4,5,7
0020100256,2001-12-05,2001-02,regular_season,False,1610612737,ATL,Atlanta Hawks,1610612759,SAS,San Antonio Spurs,28,23,W,9,22,0.409,1,3,0.333,9,11,0.818,4,9,13,3,4,0,3,12,5,5,12,0.417,2,5,0.4,11,17,0.647,1,8,9,2,0,3,6,7,-5
0020100261,2001-12-06,2001-02,regular_season,False,1610612763,MEM,Memphis Grizzlies,1610612750,MIN,Minnesota Timberwolves,15,18,L,7,22,0.318,1,2,0.5,0,0,0.0,7,11,18,5,1,0,8,1,-3,9,27,0.333,0,3,0.0,0,0,0.0,6,8,14,6,6,2,3,2,3
0020100262,2001-12-06,2001-02,regular_season,False,1610612745,HOU,Houston Rockets,1610612764,WAS,Washington Wizards,24,25,L,7,18,0.389,0,7,0.0,10,13,0.769,5,6,11,3,3,0,3,6,-1,11,19,0.579,0,0,0.0,3,4,0.75,3,4,7,5,0,1,3,8,1
0020100263,2001-12-06,2001-02,regular_season,False,1610612749,MIL,Milwaukee Bucks,1610612761,TOR,Toronto Raptors,21,29,L,6,16,0.375,0,2,0.0,9,9,1.0,3,7,10,4,2,0,6,5,-8,12,18,0.667,3,5,0.6,2,3,0.667,0,6,6,9,4,1,5,5,8
0020100264,2001-12-06,2001-02,regular_season,False,1610612757,POR,Portland Trail Blazers,1610612766,CHH,Charlotte Hornets,33,22,W,12,21,0.571,3,6,0.5,6,8,0.75,4,6,10,8,3,0,2,8,11,6,16,0.375,0,3,0.0,10,13,0.769,5,5,10,6,0,1,5,6,-11
0020100274,2001-12-07,2001-02,regular_season,False,1610612744,GSW,Golden State Warriors,1610612766,CHH,Charlotte Hornets,23,33,L,9,21,0.429,1,4,0.25,4,8,0.5,6,5,11,7,2,1,2,8,-10,12,16,0.75,4,5,0.8,5,8,0.625,2,7,9,7,1,0,4,7,10
0020100273,2001-12-07,2001-02,regular_season,False,1610612746,LAC,Los Angeles Clippers,1610612762,UTA,Utah Jazz,19,33,L,4,18,0.222,0,3,0.0,11,17,0.647,5,4,9,2,1,2,3,10,-14,10,20,0.5,1,5,0.2,12,16,0.75,5,12,17,9,0,3,2,11,14
0020100272,2001-12-07,2001-02,regular_season,False,1610612760,SEA,Seattle SuperSonics,1610612748,MIA,Miami Heat,19,20,L,6,17,0.353,2,5,0.4,5,6,0.833,2,7,9,5,1,3,3,5,-1,8,18,0.444,0,0,0.0,4,8,0.5,2,10,12,5,1,3,5,6,1
0020100271,2001-12-07,2001-02,regular_season,False,1610612758,SAC,Sacramento Kings,1610612747,LAL,Los Angeles Lakers,31,35,L,7,14,0.5,4,5,0.8,13,16,0.812,1,6,7,6,1,1,4,10,-4,13,27,0.481,4,12,0.333,5,10,0.5,7,9,16,6,1,0,1,12,4
0020100270,2001-12-07,2001-02,regular_season,False,1610612759,SAS,San Antonio Spurs,1610612755,PHI,Philadelphia 76ers,27,20,W,10,14,0.714,4,5,0.8,3,4,0.75,0,12,12,5,0,4,6,7,7,7,24,0.292,1,2,0.5,5,8,0.625,6,5,11,3,4,1,2,5,-7
0020100268,2001-12-07,2001-02,regular_season,False,1610612751,NJN,New Jersey Nets,1610612739,CLE,Cleveland Cavaliers,25,21,W,9,16,0.562,0,2,0.0,7,12,0.583,1,5,6,8,2,0,1,4,4,8,17,0.471,1,5,0.2,4,6,0.667,4,7,11,4,1,1,5,8,-4
0020100267,2001-12-07,2001-02,regular_season,False,1610612738,BOS,Boston Celtics,1610612756,PHX,Phoenix Suns,20,23,L,7,19,0.368,1,5,0.2,5,6,0.833,2,6,8,3,0,1,2,1,-3,10,18,0.556,1,3,0.333,2,2,1.0,1,10,11,5,2,1,3,7,3
0020100266,2001-12-07,2001-02,regular_season,False,1610612754,IND,Indiana Pacers,1610612741,CHI,Chicago Bulls,26,23,W,11,22,0.5,2,3,0.667,2,2,1.0,5,4,9,7,3,1,3,6,3,7,14,0.5,1,4,0.25,8,10,0.8,1,6,7,4,1,1,3,4,-3
0020100265,2001-12-07,2001-02,regular_season,False,1610612761,TOR,Toronto Raptors,1610612743,DEN,Denver Nuggets,22,26,L,5,19,0.263,1,3,0.333,11,15,0.733,3,8,11,2,2,2,3,6,-4,8,20,0.4,4,8,0.5,6,6,1.0,2,7,9,3,2,3,3,10,4
0020100269,2001-12-07,2001-02,regular_season,False,1610612753,ORL,Orlando Magic,1610612737,ATL,Atlanta Hawks,31,22,W,12,20,0.6,2,4,0.5,5,6,0.833,3,7,10,5,3,1,6,10,9,6,17,0.353,1,5,0.2,9,11,0.818,4,6,10,2,2,0,7,6,-9
0020100281,2001-12-08,2001-02,regular_season,False,1610612749,MIL,Milwaukee Bucks,1610612751,NJN,New Jersey Nets,15,18,L,7,13,0.538,1,2,0.5,0,4,0.0,0,10,10,2,2,3,8,5,-3,6,21,0.286,2,2,1.0,4,7,0.571,4,7,11,6,4,0,2,2,3
0020100283,2001-12-08,2001-02,regular_season,False,1610612762,UTA,Utah Jazz,1610612744,GSW,Golden State Warriors,27,23,W,9,17,0.529,1,1,1.0,8,8,1.0,2,4,6,6,1,1,2,6,4,8,17,0.471,2,6,0.333,5,8,0.625,5,5,10,3,0,2,5,7,-4
0020100284,2001-12-08,2001-02,regular_season,False,1610612757,POR,Portland Trail Blazers,1610612760,SEA,Seattle SuperSonics,29,22,W,10,19,0.526,2,3,0.667,7,9,0.778,3,6,9,7,4,1,2,5,7,8,18,0.444,2,4,0.5,4,5,0.8,1,6,7,4,0,0,5,6,-7
0020100282,2001-12-08,2001-02,regular_season,False,1610612742,DAL,Dallas Mavericks,1610612764,WAS,Washington Wizards,31,34,L,13,23,0.565,3,7,0.429,2,5,0.4,4,3,7,7,1,0,1,13,-3,9,14,0.643,0,2,0.0,16,19,0.842,1,7,8,4,0,1,2,6,3
0020100280,2001-12-08,2001-02,regular_season,False,1610612741,CHI,Chicago Bulls,1610612738,BOS,Boston Celtics,17,14,W,5,17,0.294,0,3,0.0,7,8,0.875,3,13,16,4,1,1,5,5,3,6,26,0.231,0,4,0.0,2,3,0.667,6,9,15,4,2,2,2,5,-3
0020100276,2001-12-08,2001-02,regular_season,False,1610612752,NYK,New York Knicks,1610612754,IND,Indiana Pacers,28,33,L,8,18,0.444,2,5,0.4,10,13,0.769,5,8,13,5,0,2,5,8,-5,12,25,0.48,3,5,0.6,6,8,0.75,4,4,8,5,1,0,1,9,5
0020100278,2001-12-08,2001-02,regular_season,False,1610612750,MIN,Minnesota Timberwolves,1610612745,HOU,Houston Rockets,22,22,W,8,20,0.4,0,2,0.0,6,8,0.75,4,10,14,4,0,2,0,6,0,7,25,0.28,1,5,0.2,7,7,1.0,6,7,13,2,0,1,0,5,0
0020100277,2001-12-08,2001-02,regular_season,False,1610612739,CLE,Cleveland Cavaliers,1610612743,DEN,Denver Nuggets,19,28,L,6,17,0.353,1,5,0.2,6,8,0.75,2,8,10,6,2,1,5,11,-9,6,20,0.3,2,8,0.25,14,17,0.824,5,9,14,5,2,2,3,9,9
0020100275,2001-12-08,2001-02,regular_season,False,1610612737,ATL,Atlanta Hawks,1610612753,ORL,Orlando Magic,28,23,W,11,17,0.647,0,2,0.0,6,9,0.667,1,8,9,3,3,1,2,8,5,8,16,0.5,1,5,0.2,6,9,0.667,2,7,9,3,1,0,5,5,-5
0020100279,2001-12-08,2001-02,regular_season,False,1610612763,MEM,Memphis Grizzlies,1610612755,PHI,Philadelphia 76ers,20,22,L,7,19,0.368,2,6,0.333,4,6,0.667,1,7,8,5,2,2,4,5,-2,10,19,0.526,0,0,0.0,2,3,0.667,3,10,13,5,2,0,4,5,2
0020100285,2001-12-09,2001-02,regular_season,False,1610612761,TOR,Toronto Raptors,1610612756,PHX,Phoenix Suns,28,23,W,12,18,0.667,2,4,0.5,2,2,1.0,3,6,9,7,2,2,6,2,5,10,18,0.556,1,4,0.25,2,3,0.667,0,1,1,4,4,0,3,4,-5
0020100286,2001-12-09,2001-02,regular_season,False,1610612765,DET,Detroit Pistons,1610612745,HOU,Houston Rockets,29,27,W,14,18,0.778,1,3,0.333,0,1,0.0,2,8,10,7,4,5,7,5,2,9,23,0.391,3,5,0.6,6,7,0.857,6,3,9,4,6,0,4,1,-2
0020100287,2001-12-09,2001-02,regular_season,False,1610612746,LAC,Los Angeles Clippers,1610612766,CHH,Charlotte Hornets,24,20,W,9,19,0.474,0,1,0.0,6,7,0.857,3,6,9,6,1,3,3,6,4,7,15,0.467,2,4,0.5,4,6,0.667,0,7,7,5,1,2,4,7,-4
0020100288,2001-12-09,2001-02,regular_season,False,1610612758,SAC,Sacramento Kings,1610612748,MIA,Miami Heat,19,18,W,6,14,0.429,1,3,0.333,6,6,1.0,1,7,8,4,4,0,5,7,1,5,15,0.333,1,1,1.0,7,8,0.875,4,6,10,4,2,1,6,3,-1
0020100289,2001-12-10,2001-02,regular_season,False,1610612762,UTA,Utah Jazz,1610612742,DAL,Dallas Mavericks,26,20,W,9,21,0.429,0,3,0.0,8,9,0.889,4,8,12,6,3,3,1,5,6,7,21,0.333,3,10,0.3,3,4,0.75,4,6,10,6,1,0,4,8,-6
0020100290,2001-12-10,2001-02,regular_season,False,1610612746,LAC,Los Angeles Clippers,1610612753,ORL,Orlando Magic,25,16,W,7,17,0.412,3,7,0.429,8,9,0.889,2,11,13,5,1,3,3,6,9,5,22,0.227,1,5,0.2,5,8,0.625,5,7,12,2,2,0,2,6,-9
0020100301,2001-12-11,2001-02,regular_season,False,1610612747,LAL,Los Angeles Lakers,1610612760,SEA,Seattle SuperSonics,16,19,L,6,25,0.24,2,10,0.2,2,4,0.5,7,6,13,5,2,3,2,8,-3,7,19,0.368,1,2,0.5,4,10,0.4,5,6,11,1,2,1,3,6,3
0020100300,2001-12-11,2001-02,regular_season,False,1610612758,SAC,Sacramento Kings,1610612753,ORL,Orlando Magic,27,26,W,10,18,0.556,2,5,0.4,5,7,0.714,3,6,9,7,3,1,5,7,1,11,21,0.524,1,7,0.143,3,4,0.75,3,5,8,6,1,1,3,6,-1
0020100299,2001-12-11,2001-02,regular_season,False,1610612743,DEN,Denver Nuggets,1610612766,CHH,Charlotte Hornets,28,21,W,11,23,0.478,3,7,0.429,3,4,0.75,2,7,9,7,0,3,1,4,7,9,18,0.5,0,1,0.0,3,4,0.75,1,7,8,6,1,2,3,5,-7
0020100298,2001-12-11,2001-02,regular_season,False,1610612745,HOU,Houston Rockets,1610612739,CLE,Cleveland Cavaliers,28,26,W,8,16,0.5,5,8,0.625,7,9,0.778,2,2,4,6,3,0,4,7,2,9,16,0.562,0,2,0.0,8,9,0.889,2,6,8,3,3,2,5,6,-2
0020100296,2001-12-11,2001-02,regular_season,False,1610612741,CHI,Chicago Bulls,1610612751,NJN,New Jersey Nets,19,22,L,5,16,0.312,1,3,0.333,8,8,1.0,2,10,12,3,3,2,4,4,-3,9,18,0.5,3,3,1.0,1,4,0.25,1,8,9,7,1,0,3,6,3
0020100297,2001-12-11,2001-02,regular_season,False,1610612742,DAL,Dallas Mavericks,1610612757,POR,Portland Trail Blazers,36,37,L,8,16,0.5,3,4,0.75,17,20,0.85,3,5,8,4,3,3,3,7,-1,13,23,0.565,5,10,0.5,6,9,0.667,5,6,11,5,2,2,4,12,1
0020100294,2001-12-11,2001-02,regular_season,False,1610612750,MIN,Minnesota Timberwolves,1610612744,GSW,Golden State Warriors,28,20,W,12,24,0.5,3,8,0.375,1,1,1.0,5,9,14,9,0,2,3,6,8,6,18,0.333,1,2,0.5,7,10,0.7,4,7,11,6,1,0,5,4,-8
0020100293,2001-12-11,2001-02,regular_season,False,1610612737,ATL,Atlanta Hawks,1610612755,PHI,Philadelphia 76ers,24,17,W,10,19,0.526,2,7,0.286,2,2,1.0,2,9,11,4,3,3,4,4,7,7,24,0.292,0,1,0.0,3,4,0.75,8,6,14,2,3,1,3,4,-7
0020100292,2001-12-11,2001-02,regular_season,False,1610612748,MIA,Miami Heat,1610612749,MIL,Milwaukee Bucks,20,23,L,6,17,0.353,1,2,0.5,7,10,0.7,2,7,9,3,1,1,2,8,-3,6,17,0.353,1,7,0.143,10,13,0.769,3,11,14,3,2,1,3,7,3
0020100291,2001-12-11,2001-02,regular_season,False,1610612752,NYK,New York Knicks,1610612738,BOS,Boston Celtics,16,19,L,5,19,0.263,1,7,0.143,5,8,0.625,3,15,18,4,0,1,3,5,-3,8,28,0.286,2,8,0.25,1,1,1.0,3,8,11,5,2,2,0,5,3
0020100295,2001-12-11,2001-02,regular_season,False,1610612763,MEM,Memphis Grizzlies,1610612764,WAS,Washington Wizards,24,15,W,11,24,0.458,1,2,0.5,1,3,0.333,4,9,13,7,2,1,1,4,9,6,16,0.375,0,0,0.0,3,6,0.5,1,9,10,4,1,0,3,5,-9
0020100306,2001-12-12,2001-02,regular_season,False,1610612746,LAC,Los Angeles Clippers,1610612760,SEA,Seattle SuperSonics,22,27,L,10,20,0.5,2,6,0.333,0,0,0.0,1,6,7,6,3,1,6,5,-5,10,21,0.476,1,6,0.167,6,6,1.0,4,6,10,5,5,0,5,0,5
0020100304,2001-12-12,2001-02,regular_season,False,1610612762,UTA,Utah Jazz,1610612750,MIN,Minnesota Timberwolves,22,16,W,8,15,0.533,1,2,0.5,5,6,0.833,1,6,7,5,3,0,5,6,6,6,13,0.462,1,3,0.333,3,6,0.5,2,6,8,2,5,0,7,5,-6
0020100305,2001-12-12,2001-02,regular_season,False,1610612756,PHX,Phoenix Suns,1610612758,SAC,Sacramento Kings,29,23,W,11,22,0.5,1,3,0.333,6,7,0.857,4,11,15,4,1,1,1,4,6,10,24,0.417,1,4,0.25,2,6,0.333,6,6,12,3,1,1,2,7,-6
0020100302,2001-12-12,2001-02,regular_season,False,1610612764,WAS,Washington Wizards,1610612748,MIA,Miami Heat,11,17,L,4,16,0.25,0,1,0.0,3,6,0.5,4,9,13,1,2,3,4,5,-6,7,24,0.292,1,5,0.2,2,4,0.5,5,7,12,4,1,2,2,5,6
0020100303,2001-12-12,2001-02,regular_season,False,1610612759,SAS,San Antonio Spurs,1610612761,TOR,Toronto Raptors,22,27,L,9,16,0.562,1,3,0.333,3,5,0.6,0,7,7,6,2,0,6,3,-5,12,19,0.632,2,4,0.5,1,2,0.5,0,6,6,7,5,0,3,4,5
0020100312,2001-12-13,2001-02,regular_season,False,1610612744,GSW,Golden State Warriors,1610612753,ORL,Orlando Magic,28,25,W,11,24,0.458,2,4,0.5,4,6,0.667,6,10,16,7,0,1,3,8,3,7,18,0.389,2,5,0.4,9,13,0.692,4,6,10,6,1,1,3,4,-3
0020100307,2001-12-13,2001-02,regular_season,False,1610612766,CHH,Charlotte Hornets,1610612761,TOR,Toronto Raptors,19,23,L,8,20,0.4,1,3,0.333,2,2,1.0,4,8,12,5,2,3,3,4,-4,9,24,0.375,3,6,0.5,2,3,0.667,7,6,13,5,2,1,3,1,4
0020100308,2001-12-13,2001-02,regular_season,False,1610612754,IND,Indiana Pacers,1610612745,HOU,Houston Rockets,26,18,W,7,21,0.333,1,3,0.333,11,12,0.917,3,10,13,6,0,2,1,7,8,5,20,0.25,2,5,0.4,6,10,0.6,5,7,12,1,0,4,1,8,-8
0020100309,2001-12-13,2001-02,regular_season,False,1610612765,DET,Detroit Pistons,1610612752,NYK,New York Knicks,24,24,W,7,18,0.389,3,9,0.333,7,8,0.875,4,7,11,5,1,2,5,4,0,10,19,0.526,0,0,0.0,4,4,1.0,2,6,8,4,0,0,2,6,0
0020100310,2001-12-13,2001-02,regular_season,False,1610612742,DAL,Dallas Mavericks,1610612739,CLE,Cleveland Cavaliers,25,18,W,10,21,0.476,0,5,0.0,5,8,0.625,2,12,14,7,2,1,2,5,7,7,20,0.35,2,5,0.4,2,6,0.333,1,9,10,6,0,3,4,5,-7
0020100311,2001-12-13,2001-02,regular_season,False,1610612743,DEN,Denver Nuggets,1610612763,MEM,Memphis Grizzlies,23,19,W,9,21,0.429,2,6,0.333,3,6,0.5,3,7,10,6,5,1,4,8,4,5,15,0.333,0,3,0.0,9,9,1.0,2,9,11,4,2,2,6,5,-4
0020100319,2001-12-14,2001-02,regular_season,False,1610612756,PHX,Phoenix Suns,1610612759,SAS,San Antonio Spurs,21,28,L,9,23,0.391,2,8,0.25,1,2,0.5,2,8,10,4,1,3,3,11,-7,7,16,0.438,1,4,0.25,13,20,0.65,4,9,13,5,1,1,3,5,7
0020100318,2001-12-14,2001-02,regular_season,False,1610612762,UTA,Utah Jazz,1610612757,POR,Portland Trail Blazers,25,30,L,10,17,0.588,1,2,0.5,4,5,0.8,3,5,8,8,2,1,5,5,-5,13,22,0.591,0,0,0.0,4,4,1.0,4,5,9,6,1,2,3,8,5
0020100320,2001-12-14,2001-02,regular_season,False,1610612747,LAL,Los Angeles Lakers,1610612746,LAC,Los Angeles Clippers,38,15,W,14,23,0.609,0,1,0.0,10,12,0.833,4,15,19,7,1,1,1,7,23,6,23,0.261,0,4,0.0,3,9,0.333,3,5,8,2,1,0,4,7,-23
0020100317,2001-12-14,2001-02,regular_season,False,1610612750,MIN,Minnesota Timberwolves,1610612758,SAC,Sacramento Kings,28,22,W,11,18,0.611,1,4,0.25,5,7,0.714,2,10,12,9,2,3,6,7,6,7,21,0.333,1,2,0.5,7,11,0.636,4,5,9,2,4,1,5,8,-6
0020100315,2001-12-14,2001-02,regular_season,False,1610612738,BOS,Boston Celtics,1610612741,CHI,Chicago Bulls,31,20,W,7,18,0.389,2,6,0.333,15,17,0.882,5,5,10,5,2,0,0,6,11,6,18,0.333,3,6,0.5,5,6,0.833,3,7,10,4,0,0,6,14,-11
0020100314,2001-12-14,2001-02,regular_season,False,1610612764,WAS,Washington Wizards,1610612752,NYK,New York Knicks,17,16,W,6,18,0.333,1,4,0.25,4,5,0.8,3,12,15,5,0,2,4,9,1,5,22,0.227,0,8,0.0,6,10,0.6,3,8,11,4,2,1,0,5,-1
0020100313,2001-12-14,2001-02,regular_season,False,1610612755,PHI,Philadelphia 76ers,1610612749,MIL,Milwaukee Bucks,18,28,L,8,21,0.381,1,4,0.25,1,2,0.5,2,9,11,7,1,0,5,7,-10,11,21,0.524,2,4,0.5,4,11,0.364,5,9,14,8,4,1,1,4,10
0020100316,2001-12-14,2001-02,regular_season,False,1610612748,MIA,Miami Heat,1610612751,NJN,New Jersey Nets,16,16,L,8,16,0.5,0,1,0.0,0,0,0.0,2,9,11,2,1,1,7,4,0,8,22,0.364,0,4,0.0,0,2,0.0,4,5,9,4,3,2,2,1,0
0020100321,2001-12-15,2001-02,regular_season,False,1610612766,CHH,Charlotte Hornets,1610612738,BOS,Boston Celtics,23,22,W,6,16,0.375,2,8,0.25,9,11,0.818,1,10,11,5,2,4,3,9,1,6,19,0.316,2,4,0.5,8,12,0.667,4,8,12,3,0,0,2,6,-1
0020100322,2001-12-15,2001-02,regular_season,False,1610612739,CLE,Cleveland Cavaliers,1610612755,PHI,Philadelphia 76ers,26,24,W,13,27,0.481,0,3,0.0,0,5,0.0,8,3,11,5,6,2,4,4,2,10,14,0.714,0,0,0.0,4,5,0.8,1,6,7,8,3,2,8,4,-2
0020100323,2001-12-15,2001-02,regular_season,False,1610612741,CHI,Chicago Bulls,1610612737,ATL,Atlanta Hawks,20,17,W,7,22,0.318,4,7,0.571,2,2,1.0,4,9,13,5,0,1,3,6,3,7,17,0.412,1,4,0.25,2,6,0.333,3,7,10,4,1,0,2,3,-3
0020100324,2001-12-15,2001-02,regular_season,False,1610612749,MIL,Milwaukee Bucks,1610612754,IND,Indiana Pacers,28,20,W,11,22,0.5,1,6,0.167,5,6,0.833,4,14,18,8,0,3,6,8,8,7,25,0.28,1,2,0.5,5,6,0.833,4,5,9,2,3,0,2,5,-8
0020100325,2001-12-15,2001-02,regular_season,False,1610612742,DAL,Dallas Mavericks,1610612750,MIN,Minnesota Timberwolves,35,35,W,11,18,0.611,3,5,0.6,10,14,0.714,2,7,9,7,0,0,0,7,0,13,20,0.65,1,3,0.333,8,11,0.727,3,8,11,9,0,0,1,10,0
0020100326,2001-12-15,2001-02,regular_season,False,1610612745,HOU,Houston Rockets,1610612748,MIA,Miami Heat,20,21,L,8,19,0.421,0,2,0.0,4,6,0.667,2,6,8,4,1,2,1,3,-1,10,17,0.588,1,2,0.5,0,0,0.0,1,6,7,4,0,1,4,5,1
0020100327,2001-12-15,2001-02,regular_season,False,1610612759,SAS,San Antonio Spurs,1610612762,UTA,Utah Jazz,20,20,W,6,20,0.3,1,4,0.25,7,12,0.583,6,7,13,0,4,4,2,7,0,7,18,0.389,0,4,0.0,6,8,0.75,4,8,12,4,1,1,4,7,0
0020100328,2001-12-15,2001-02,regular_season,False,1610612743,DEN,Denver Nuggets,1610612756,PHX,Phoenix Suns,30,15,W,11,21,0.524,4,7,0.571,4,8,0.5,5,7,12,5,2,1,3,5,15,7,19,0.368,0,4,0.0,1,1,1.0,3,7,10,4,0,0,7,11,-15
0020100329,2001-12-15,2001-02,regular_season,False,1610612757,POR,Portland Trail Blazers,1610612753,ORL,Orlando Magic,35,30,W,12,20,0.6,2,2,1.0,9,10,0.9,4,6,10,8,3,3,5,13,5,7,17,0.412,1,1,1.0,15,18,0.833,5,4,9,5,2,2,4,6,-5
0020100330,2001-12-15,2001-02,regular_season,False,1610612744,GSW,Golden State Warriors,1610612763,MEM,Memphis Grizzlies,15,23,L,4,13,0.308,0,1,0.0,7,10,0.7,4,8,12,1,2,1,8,6,-8,9,20,0.45,4,9,0.444,1,1,1.0,1,5,6,5,1,2,2,8,8
0020100334,2001-12-16,2001-02,regular_season,False,1610612758,SAC,Sacramento Kings,1610612763,MEM,Memphis Grizzlies,27,28,L,12,25,0.48,1,3,0.333,2,2,1.0,5,10,15,7,2,2,4,6,-1,11,25,0.44,1,4,0.25,5,10,0.5,6,7,13,2,2,2,3,4,1
0020100336,2001-12-16,2001-02,regular_season,False,1610612747,LAL,Los Angeles Lakers,1610612744,GSW,Golden State Warriors,23,20,W,7,15,0.467,2,7,0.286,7,10,0.7,1,8,9,7,2,0,4,10,3,6,15,0.4,0,1,0.0,8,13,0.615,2,4,6,2,3,0,5,8,-3
0020100335,2001-12-16,2001-02,regular_season,False,1610612760,SEA,Seattle SuperSonics,1610612753,ORL,Orlando Magic,31,19,W,11,23,0.478,3,5,0.6,6,8,0.75,6,10,16,7,2,0,1,7,12,7,17,0.412,0,2,0.0,5,9,0.556,1,6,7,5,0,1,3,6,-12
0020100332,2001-12-16,2001-02,regular_season,False,1610612746,LAC,Los Angeles Clippers,1610612765,DET,Detroit Pistons,26,11,W,7,15,0.467,3,5,0.6,9,12,0.75,3,11,14,6,0,2,4,4,15,5,21,0.238,1,6,0.167,0,0,0.0,4,3,7,4,3,2,4,9,-15
0020100331,2001-12-16,2001-02,regular_season,False,1610612761,TOR,Toronto Raptors,1610612764,WAS,Washington Wizards,20,20,L,9,20,0.45,1,3,0.333,1,1,1.0,1,8,9,2,3,3,4,6,0,6,20,0.3,3,5,0.6,5,5,1.0,4,8,12,6,2,1,6,3,0
0020100333,2001-12-16,2001-02,regular_season,False,1610612752,NYK,New York Knicks,1610612751,NJN,New Jersey Nets,18,32,L,4,13,0.308,0,1,0.0,10,14,0.714,1,6,7,4,0,3,6,12,-14,7,17,0.412,2,4,0.5,16,20,0.8,3,8,11,4,4,0,3,10,14
0020100337,2001-12-17,2001-02,regular_season,False,1610612755,PHI,Philadelphia 76ers,1610612738,BOS,Boston Celtics,21,26,L,6,14,0.429,1,3,0.333,8,12,0.667,4,7,11,5,2,1,7,8,-5,11,21,0.524,3,9,0.333,1,4,0.25,4,7,11,7,4,1,5,7,5
0020100346,2001-12-18,2001-02,regular_season,False,1610612743,DEN,Denver Nuggets,1610612759,SAS,San Antonio Spurs,21,31,L,10,24,0.417,1,7,0.143,0,0,0.0,4,3,7,6,1,2,3,9,-10,7,14,0.5,3,5,0.6,14,16,0.875,0,9,9,7,1,5,1,4,10
0020100338,2001-12-18,2001-02,regular_season,False,1610612766,CHH,Charlotte Hornets,1610612752,NYK,New York Knicks,31,26,W,10,18,0.556,1,7,0.143,10,12,0.833,1,6,7,6,1,0,1,6,5,9,19,0.474,1,2,0.5,7,7,1.0,2,8,10,5,1,0,3,9,-5
0020100339,2001-12-18,2001-02,regular_season,False,1610612739,CLE,Cleveland Cavaliers,1610612741,CHI,Chicago Bulls,25,15,W,8,19,0.421,0,2,0.0,9,10,0.9,6,7,13,6,4,3,3,3,10,5,21,0.238,3,7,0.429,2,3,0.667,5,5,10,5,0,1,6,5,-10
0020100340,2001-12-18,2001-02,regular_season,False,1610612748,MIA,Miami Heat,1610612762,UTA,Utah Jazz,15,25,L,6,20,0.3,0,0,0.0,3,5,0.6,3,4,7,4,2,0,3,3,-10,8,15,0.533,4,6,0.667,5,5,1.0,3,12,15,8,1,3,7,5,10
0020100341,2001-12-18,2001-02,regular_season,False,1610612737,ATL,Atlanta Hawks,1610612754,IND,Indiana Pacers,19,28,L,6,21,0.286,2,5,0.4,5,5,1.0,4,5,9,3,2,0,3,10,-9,7,16,0.438,3,7,0.429,11,13,0.846,1,10,11,5,2,2,4,6,9
0020100342,2001-12-18,2001-02,regular_season,False,1610612750,MIN,Minnesota Timberwolves,1610612742,DAL,Dallas Mavericks,17,34,L,7,22,0.318,0,4,0.0,3,5,0.6,3,3,6,7,2,0,4,9,-17,9,18,0.5,2,5,0.4,14,15,0.933,3,11,14,5,2,2,3,5,17
0020100343,2001-12-18,2001-02,regular_season,False,1610612763,MEM,Memphis Grizzlies,1610612749,MIL,Milwaukee Bucks,20,31,L,8,24,0.333,3,10,0.3,1,3,0.333,3,5,8,6,0,1,2,7,-11,12,19,0.632,2,5,0.4,5,8,0.625,1,10,11,7,1,3,0,4,11
0020100344,2001-12-18,2001-02,regular_season,False,1610612756,PHX,Phoenix Suns,1610612746,LAC,Los Angeles Clippers,9,21,L,4,17,0.235,1,5,0.2,0,0,0.0,1,4,5,2,6,0,5,6,-12,8,23,0.348,3,6,0.5,2,6,0.333,10,12,22,6,3,0,7,1,12
0020100345,2001-12-18,2001-02,regular_season,False,1610612745,HOU,Houston Rockets,1610612757,POR,Portland Trail Blazers,19,21,L,7,20,0.35,3,9,0.333,2,2,1.0,3,8,11,6,1,1,5,7,-2,6,18,0.333,2,5,0.4,7,10,0.7,3,8,11,2,3,0,2,5,2
0020100347,2001-12-18,2001-02,regular_season,False,1610612758,SAC,Sacramento Kings,1610612765,DET,Detroit Pistons,25,25,W,8,19,0.421,1,1,1.0,8,12,0.667,3,10,13,1,3,1,7,5,0,10,22,0.455,0,3,0.0,5,7,0.714,1,9,10,2,4,4,4,8,0
0020100355,2001-12-19,2001-02,regular_season,False,1610612760,SEA,Seattle SuperSonics,1610612758,SAC,Sacramento Kings,22,24,L,9,20,0.45,2,3,0.667,2,3,0.667,2,7,9,7,3,0,4,4,-2,10,20,0.5,2,3,0.667,2,2,1.0,2,9,11,2,3,3,4,4,2
0020100354,2001-12-19,2001-02,regular_season,False,1610612759,SAS,San Antonio Spurs,1610612757,POR,Portland Trail Blazers,25,20,W,10,23,0.435,1,6,0.167,4,4,1.0,4,5,9,6,6,0,3,6,5,7,16,0.438,0,1,0.0,6,8,0.75,4,8,12,4,2,1,9,4,-5
0020100356,2001-12-19,2001-02,regular_season,False,1610612744,GSW,Golden State Warriors,1610612765,DET,Detroit Pistons,33,25,W,12,21,0.571,1,1,1.0,8,8,1.0,5,7,12,7,5,1,4,6,8,8,19,0.421,2,4,0.5,7,7,1.0,4,4,8,4,1,2,6,7,-8
0020100352,2001-12-19,2001-02,regular_season,False,1610612753,ORL,Orlando Magic,1610612762,UTA,Utah Jazz,39,29,W,12,20,0.6,4,6,0.667,11,12,0.917,2,8,10,7,0,2,1,10,10,7,22,0.318,0,2,0.0,15,16,0.938,5,5,10,3,0,1,1,9,-10
0020100353,2001-12-19,2001-02,regular_season,False,1610612754,IND,Indiana Pacers,1610612761,TOR,Toronto Raptors,14,28,L,7,20,0.35,0,3,0.0,0,1,0.0,2,6,8,5,1,0,3,6,-14,10,21,0.476,0,3,0.0,8,8,1.0,4,11,15,5,1,4,3,3,14
0020100350,2001-12-19,2001-02,regular_season,False,1610612764,WAS,Washington Wizards,1610612737,ATL,Atlanta Hawks,27,21,W,12,18,0.667,0,1,0.0,3,6,0.5,3,8,11,9,3,6,4,7,6,7,25,0.28,0,3,0.0,7,8,0.875,10,5,15,5,3,2,3,4,-6
0020100349,2001-12-19,2001-02,regular_season,False,1610612755,PHI,Philadelphia 76ers,1610612766,CHH,Charlotte Hornets,17,17,L,6,14,0.429,1,6,0.167,4,8,0.5,0,10,10,4,1,3,4,6,0,6,15,0.4,0,1,0.0,5,7,0.714,0,10,10,2,4,2,4,7,0
0020100348,2001-12-19,2001-02,regular_season,False,1610612738,BOS,Boston Celtics,1610612739,CLE,Cleveland Cavaliers,23,34,L,6,15,0.4,1,2,0.5,10,12,0.833,1,5,6,5,4,1,5,9,-11,10,23,0.435,2,10,0.2,12,12,1.0,5,9,14,3,3,1,4,6,11
0020100351,2001-12-19,2001-02,regular_season,False,1610612751,NJN,New Jersey Nets,1610612750,MIN,Minnesota Timberwolves,19,32,L,6,19,0.316,1,8,0.125,6,12,0.5,1,8,9,5,2,3,2,5,-13,12,22,0.545,3,7,0.429,5,6,0.833,2,13,15,4,0,1,2,7,13
0020100357,2001-12-20,2001-02,regular_season,False,1610612761,TOR,Toronto Raptors,1610612741,CHI,Chicago Bulls,31,20,W,11,23,0.478,0,2,0.0,9,13,0.692,8,7,15,1,3,2,3,10,11,4,13,0.308,0,0,0.0,12,14,0.857,1,6,7,1,3,0,4,9,-11
0020100358,2001-12-20,2001-02,regular_season,False,1610612752,NYK,New York Knicks,1610612763,MEM,Memphis Grizzlies,23,16,W,9,23,0.391,2,2,1.0,3,4,0.75,5,7,12,5,3,1,2,3,7,5,14,0.357,2,3,0.667,4,4,1.0,1,7,8,4,0,2,6,4,-7
0020100359,2001-12-20,2001-02,regular_season,False,1610612742,DAL,Dallas Mavericks,1610612749,MIL,Milwaukee Bucks,26,26,W,12,22,0.545,1,6,0.167,1,1,1.0,1,7,8,6,4,0,2,6,0,10,20,0.5,4,8,0.5,2,4,0.5,5,8,13,4,1,2,4,2,0
0020100360,2001-12-20,2001-02,regular_season,False,1610612745,HOU,Houston Rockets,1610612747,LAL,Los Angeles Lakers,33,25,W,11,23,0.478,1,5,0.2,10,14,0.714,2,7,9,2,5,0,1,9,8,7,17,0.412,2,4,0.5,9,12,0.75,3,8,11,3,1,5,6,8,-8
0020100370,2001-12-21,2001-02,regular_season,False,1610612744,GSW,Golden State Warriors,1610612760,SEA,Seattle SuperSonics,26,9,W,8,18,0.444,2,3,0.667,8,14,0.571,6,9,15,5,4,2,4,5,17,3,21,0.143,1,6,0.167,2,4,0.5,7,3,10,2,3,0,5,11,-17
0020100368,2001-12-21,2001-02,regular_season,False,1610612759,SAS,San Antonio Spurs,1610612743,DEN,Denver Nuggets,24,19,W,10,19,0.526,0,2,0.0,4,7,0.571,4,8,12,5,4,3,6,6,5,7,20,0.35,2,4,0.5,3,5,0.6,1,3,4,4,2,0,4,5,-5
0020100367,2001-12-21,2001-02,regular_season,False,1610612763,MEM,Memphis Grizzlies,1610612747,LAL,Los Angeles Lakers,34,26,W,9,15,0.6,2,4,0.5,14,18,0.778,0,5,5,2,4,1,0,6,8,10,21,0.476,3,10,0.3,3,6,0.5,4,5,9,9,0,1,5,13,-8
0020100366,2001-12-21,2001-02,regular_season,False,1610612750,MIN,Minnesota Timberwolves,1610612766,CHH,Charlotte Hornets,18,27,L,5,21,0.238,0,2,0.0,8,10,0.8,5,7,12,2,1,1,2,3,-9,12,23,0.522,1,8,0.125,2,2,1.0,3,9,12,8,1,3,1,8,9
0020100369,2001-12-21,2001-02,regular_season,False,1610612757,POR,Portland Trail Blazers,1610612765,DET,Detroit Pistons,19,24,L,6,17,0.353,1,3,0.333,6,9,0.667,5,8,13,3,1,0,6,7,-5,7,16,0.438,4,12,0.333,6,8,0.75,0,7,7,5,4,2,3,8,5
0020100364,2001-12-21,2001-02,regular_season,False,1610612753,ORL,Orlando Magic,1610612764,WAS,Washington Wizards,15,29,L,7,26,0.269,0,8,0.0,1,2,0.5,8,2,10,2,2,0,0,3,-14,12,18,0.667,5,9,0.556,0,0,0.0,3,8,11,11,0,1,3,2,14
0020100363,2001-12-21,2001-02,regular_season,False,1610612738,BOS,Boston Celtics,1610612762,UTA,Utah Jazz,28,24,W,6,13,0.462,1,4,0.25,15,17,0.882,1,10,11,3,4,3,6,6,4,7,19,0.368,2,6,0.333,8,8,1.0,1,5,6,7,5,0,4,9,-4
0020100362,2001-12-21,2001-02,regular_season,False,1610612754,IND,Indiana Pacers,1610612751,NJN,New Jersey Nets,23,32,L,6,16,0.375,1,5,0.2,10,16,0.625,3,5,8,4,3,2,3,11,-9,11,24,0.458,2,6,0.333,8,11,0.727,6,9,15,7,0,1,3,11,9
0020100361,2001-12-21,2001-02,regular_season,False,1610612755,PHI,Philadelphia 76ers,1610612737,ATL,Atlanta Hawks,16,23,L,3,13,0.231,0,1,0.0,10,12,0.833,2,8,10,3,2,2,6,7,-7,8,23,0.348,2,8,0.25,5,5,1.0,4,7,11,4,2,1,3,8,7
0020100365,2001-12-21,2001-02,regular_season,False,1610612748,MIA,Miami Heat,1610612739,CLE,Cleveland Cavaliers,19,19,L,8,23,0.348,1,1,1.0,2,2,1.0,6,6,12,5,2,2,2,5,0,4,13,0.308,2,6,0.333,9,10,0.9,1,9,10,2,2,2,4,4,0
0020100381,2001-12-22,2001-02,regular_season,False,1610612746,LAC,Los Angeles Clippers,1610612758,SAC,Sacramento Kings,30,20,W,12,21,0.571,3,5,0.6,3,4,0.75,1,7,8,11,3,2,1,3,10,7,20,0.35,2,8,0.25,4,4,1.0,5,9,14,5,0,1,5,4,-10
0020100380,2001-12-22,2001-02,regular_season,False,1610612760,SEA,Seattle SuperSonics,1610612765,DET,Detroit Pistons,31,28,W,13,20,0.65,5,6,0.833,0,2,0.0,2,6,8,9,1,4,3,6,3,12,22,0.545,0,2,0.0,4,4,1.0,2,5,7,7,2,1,1,3,-3
0020100379,2001-12-22,2001-02,regular_season,False,1610612756,PHX,Phoenix Suns,1610612757,POR,Portland Trail Blazers,42,24,W,15,21,0.714,6,7,0.857,6,8,0.75,2,10,12,9,3,0,1,4,18,8,19,0.421,4,8,0.5,4,5,0.8,2,5,7,4,1,0,4,6,-18
0020100378,2001-12-22,2001-02,regular_season,False,1610612743,DEN,Denver Nuggets,1610612744,GSW,Golden State Warriors,30,29,W,10,29,0.345,6,12,0.5,4,4,1.0,6,8,14,8,4,3,4,12,1,6,15,0.4,0,1,0.0,17,21,0.81,3,10,13,4,1,0,7,4,-1
0020100377,2001-12-22,2001-02,regular_season,False,1610612745,HOU,Houston Rockets,1610612749,MIL,Milwaukee Bucks,36,35,W,9,20,0.45,6,12,0.5,12,16,0.75,4,3,7,7,0,0,0,5,1,14,23,0.609,2,5,0.4,5,8,0.625,5,6,11,5,0,0,1,10,-1
0020100375,2001-12-22,2001-02,regular_season,False,1610612741,CHI,Chicago Bulls,1610612750,MIN,Minnesota Timberwolves,22,30,L,7,22,0.318,1,2,0.5,7,13,0.538,7,5,12,6,2,3,2,3,-8,13,22,0.591,4,6,0.667,0,0,0.0,4,9,13,12,1,0,5,8,8
0020100374,2001-12-22,2001-02,regular_season,False,1610612751,NJN,New Jersey Nets,1610612762,UTA,Utah Jazz,20,27,L,6,13,0.462,0,3,0.0,8,10,0.8,2,5,7,1,2,2,5,7,-7,9,21,0.429,1,4,0.25,8,9,0.889,5,5,10,5,3,1,3,7,7
0020100373,2001-12-22,2001-02,regular_season,False,1610612739,CLE,Cleveland Cavaliers,1610612754,IND,Indiana Pacers,25,25,L,9,21,0.429,2,4,0.5,5,7,0.714,4,4,8,8,3,0,2,8,0,7,11,0.636,1,2,0.5,10,13,0.769,0,9,9,5,1,1,5,7,0
0020100372,2001-12-22,2001-02,regular_season,False,1610612752,NYK,New York Knicks,1610612764,WAS,Washington Wizards,24,24,L,8,18,0.444,4,7,0.571,4,5,0.8,1,9,10,7,3,1,7,8,0,7,16,0.438,0,1,0.0,10,13,0.769,0,10,10,2,4,0,3,4,0
0020100371,2001-12-22,2001-02,regular_season,False,1610612737,ATL,Atlanta Hawks,1610612766,CHH,Charlotte Hornets,26,17,W,10,25,0.4,0,2,0.0,6,8,0.75,3,14,17,4,3,2,0,3,9,7,25,0.28,3,7,0.429,0,1,0.0,3,9,12,5,0,0,4,6,-9
0020100376,2001-12-22,2001-02,regular_season,False,1610612742,DAL,Dallas Mavericks,1610612753,ORL,Orlando Magic,24,22,W,7,18,0.389,4,9,0.444,6,8,0.75,2,6,8,5,1,2,1,2,2,10,24,0.417,0,2,0.0,2,3,0.667,5,9,14,6,1,1,4,5,-2
0020100384,2001-12-23,2001-02,regular_season,False,1610612759,SAS,San Antonio Spurs,1610612749,MIL,Milwaukee Bucks,18,31,L,5,15,0.333,1,6,0.167,7,11,0.636,1,4,5,2,1,2,3,4,-13,13,19,0.684,3,5,0.6,2,2,1.0,1,11,12,4,3,1,2,6,13
0020100382,2001-12-23,2001-02,regular_season,False,1610612761,TOR,Toronto Raptors,1610612748,MIA,Miami Heat,18,25,L,7,19,0.368,1,3,0.333,3,4,0.75,2,4,6,4,4,0,3,9,-7,8,16,0.5,1,5,0.2,8,10,0.8,4,11,15,4,1,1,7,5,7
0020100383,2001-12-23,2001-02,regular_season,False,1610612738,BOS,Boston Celtics,1610612763,MEM,Memphis Grizzlies,19,21,L,5,20,0.25,1,4,0.25,8,10,0.8,7,8,15,4,3,1,5,5,-2,6,19,0.316,0,3,0.0,9,9,1.0,4,9,13,3,5,2,5,6,2
0020100385,2001-12-23,2001-02,regular_season,False,1610612758,SAC,Sacramento Kings,1610612756,PHX,Phoenix Suns,45,40,W,17,25,0.68,2,9,0.222,9,14,0.643,4,5,9,11,4,0,2,9,5,12,23,0.522,4,6,0.667,12,15,0.8,5,5,10,3,1,0,5,11,-5
0020100387,2001-12-25,2001-02,regular_season,False,1610612747,LAL,Los Angeles Lakers,1610612755,PHI,Philadelphia 76ers,28,16,W,10,19,0.526,3,5,0.6,5,8,0.625,1,9,10,4,4,1,2,4,12,6,17,0.353,2,4,0.5,2,2,1.0,1,7,8,4,1,2,7,8,-12
0020100386,2001-12-25,2001-02,regular_season,False,1610612752,NYK,New York Knicks,1610612761,TOR,Toronto Raptors,30,30,W,8,15,0.533,1,3,0.333,13,15,0.867,3,4,7,6,2,0,2,8,0,11,25,0.44,3,7,0.429,5,9,0.556,7,3,10,4,1,0,4,11,0
0020100397,2001-12-26,2001-02,regular_season,False,1610612758,SAC,Sacramento Kings,1610612757,POR,Portland Trail Blazers,25,27,L,7,14,0.5,3,5,0.6,8,9,0.889,0,6,6,5,2,0,4,9,-2,10,20,0.5,1,4,0.25,6,11,0.545,5,7,12,6,4,0,3,6,2
0020100396,2001-12-26,2001-02,regular_season,False,1610612762,UTA,Utah Jazz,1610612738,BOS,Boston Celtics,27,23,W,11,18,0.611,1,2,0.5,4,5,0.8,1,11,12,9,0,6,3,5,4,9,24,0.375,4,8,0.5,1,2,0.5,3,5,8,5,2,1,1,5,-4
0020100399,2001-12-26,2001-02,regular_season,False,1610612744,GSW,Golden State Warriors,1610612747,LAL,Los Angeles Lakers,25,24,W,6,13,0.462,0,1,0.0,13,16,0.812,1,13,14,2,3,2,10,8,1,10,26,0.385,3,10,0.3,1,2,0.5,4,4,8,5,1,1,6,11,-1
0020100395,2001-12-26,2001-02,regular_season,False,1610612743,DEN,Denver Nuggets,1610612750,MIN,Minnesota Timberwolves,27,21,W,8,17,0.471,1,6,0.167,10,11,0.909,3,9,12,6,1,1,2,3,6,8,21,0.381,3,7,0.429,2,2,1.0,2,6,8,7,1,0,1,7,-6
0020100398,2001-12-26,2001-02,regular_season,False,1610612746,LAC,Los Angeles Clippers,1610612755,PHI,Philadelphia 76ers,20,26,L,8,20,0.4,1,5,0.2,3,5,0.6,2,5,7,3,2,4,4,5,-6,11,22,0.5,0,0,0.0,4,6,0.667,7,10,17,4,3,1,4,6,6
0020100394,2001-12-26,2001-02,regular_season,False,1610612745,HOU,Houston Rockets,1610612756,PHX,Phoenix Suns,24,26,L,7,21,0.333,3,11,0.273,7,8,0.875,3,8,11,4,2,2,2,8,-2,9,23,0.391,2,5,0.4,6,8,0.75,7,8,15,3,2,0,4,8,2
0020100393,2001-12-26,2001-02,regular_season,False,1610612763,MEM,Memphis Grizzlies,1610612741,CHI,Chicago Bulls,24,17,W,8,18,0.444,1,3,0.333,7,10,0.7,3,13,16,5,0,3,4,4,7,7,22,0.318,0,1,0.0,3,8,0.375,3,8,11,3,4,2,2,7,-7
0020100392,2001-12-26,2001-02,regular_season,False,1610612759,SAS,San Antonio Spurs,1610612742,DAL,Dallas Mavericks,34,30,W,12,17,0.706,1,2,0.5,9,11,0.818,2,5,7,4,1,1,4,10,4,9,19,0.474,2,7,0.286,10,11,0.909,2,3,5,3,1,1,3,8,-4
0020100391,2001-12-26,2001-02,regular_season,False,1610612749,MIL,Milwaukee Bucks,1610612737,ATL,Atlanta Hawks,25,22,W,10,18,0.556,0,1,0.0,5,6,0.833,1,11,12,8,3,1,5,6,3,7,20,0.35,1,6,0.167,7,8,0.875,3,6,9,5,1,0,3,6,-3
0020100390,2001-12-26,2001-02,regular_season,False,1610612753,ORL,Orlando Magic,1610612754,IND,Indiana Pacers,20,25,L,7,16,0.438,2,5,0.4,4,5,0.8,1,5,6,3,1,1,2,5,-5,9,18,0.5,0,1,0.0,7,8,0.875,4,8,12,5,2,1,2,5,5
0020100389,2001-12-26,2001-02,regular_season,False,1610612739,CLE,Cleveland Cavaliers,1610612751,NJN,New Jersey Nets,28,19,W,12,28,0.429,2,6,0.333,2,2,1.0,7,6,13,8,5,4,2,5,9,8,19,0.421,1,2,0.5,2,2,1.0,3,7,10,6,2,2,8,2,-9
0020100388,2001-12-26,2001-02,regular_season,False,1610612766,CHH,Charlotte Hornets,1610612764,WAS,Washington Wizards,26,21,W,10,17,0.588,0,0,0.0,6,10,0.6,3,9,12,6,2,0,6,7,5,8,21,0.381,1,5,0.2,4,4,1.0,1,3,4,6,2,0,3,9,-5
0020100400,2001-12-27,2001-02,regular_season,False,1610612754,IND,Indiana Pacers,1610612764,WAS,Washington Wizards,26,26,W,11,21,0.524,0,3,0.0,4,5,0.8,1,8,9,6,1,1,2,6,0,10,20,0.5,1,2,0.5,5,8,0.625,3,10,13,5,1,2,4,3,0
0020100401,2001-12-27,2001-02,regular_season,False,1610612737,ATL,Atlanta Hawks,1610612748,MIA,Miami Heat,31,16,W,8,15,0.533,3,5,0.6,12,14,0.857,2,7,9,6,3,2,1,4,15,7,19,0.368,0,4,0.0,2,2,1.0,3,6,9,3,1,2,4,10,-15
0020100402,2001-12-27,2001-02,regular_season,False,1610612765,DET,Detroit Pistons,1610612751,NJN,New Jersey Nets,18,14,W,9,21,0.429,0,4,0.0,0,0,0.0,2,9,11,3,1,1,4,5,4,5,18,0.278,0,2,0.0,4,5,0.8,1,9,10,4,1,1,5,6,-4
0020100403,2001-12-27,2001-02,regular_season,False,1610612742,DAL,Dallas Mavericks,1610612741,CHI,Chicago Bulls,26,18,W,11,20,0.55,1,4,0.25,3,5,0.6,1,9,10,6,3,1,3,8,8,5,17,0.294,1,1,1.0,7,8,0.875,4,9,13,3,3,0,8,9,-8
0020100404,2001-12-27,2001-02,regular_season,False,1610612756,PHX,Phoenix Suns,1610612738,BOS,Boston Celtics,23,19,W,9,19,0.474,2,6,0.333,3,4,0.75,3,7,10,5,2,1,3,7,4,5,16,0.312,1,4,0.25,8,9,0.889,3,4,7,3,2,1,2,5,-4
0020100405,2001-12-27,2001-02,regular_season,False,1610612757,POR,Portland Trail Blazers,1610612762,UTA,Utah Jazz,24,28,L,6,16,0.375,1,7,0.143,11,14,0.786,4,4,8,5,1,0,4,5,-4,11,19,0.579,1,2,0.5,5,5,1.0,4,7,11,11,3,1,6,11,4
0020100406,2001-12-27,2001-02,regular_season,False,1610612760,SEA,Seattle SuperSonics,1610612746,LAC,Los Angeles Clippers,34,25,W,13,21,0.619,3,6,0.5,5,6,0.833,8,6,14,4,1,0,3,6,9,8,21,0.381,1,4,0.25,8,8,1.0,7,0,7,3,0,1,1,4,-9
0020100414,2001-12-28,2001-02,regular_season,False,1610612744,GSW,Golden State Warriors,1610612745,HOU,Houston Rockets,24,26,L,8,26,0.308,0,3,0.0,8,12,0.667,9,7,16,3,3,0,2,9,-2,8,19,0.421,0,3,0.0,10,16,0.625,5,9,14,1,1,4,3,8,2
0020100413,2001-12-28,2001-02,regular_season,False,1610612747,LAL,Los Angeles Lakers,1610612761,TOR,Toronto Raptors,24,22,W,8,18,0.444,3,6,0.5,5,8,0.625,4,11,15,6,1,1,4,8,2,6,20,0.3,1,2,0.5,9,11,0.818,3,8,11,3,3,1,1,6,-2
0020100411,2001-12-28,2001-02,regular_season,False,1610612743,DEN,Denver Nuggets,1610612755,PHI,Philadelphia 76ers,16,23,L,6,20,0.3,0,4,0.0,4,6,0.667,5,8,13,2,1,2,4,7,-7,8,19,0.421,1,3,0.333,6,7,0.857,2,5,7,4,2,2,1,6,7
0020100412,2001-12-28,2001-02,regular_season,False,1610612758,SAC,Sacramento Kings,1610612750,MIN,Minnesota Timberwolves,31,26,W,12,16,0.75,1,3,0.333,6,10,0.6,2,11,13,6,0,1,5,6,5,9,24,0.375,0,2,0.0,8,10,0.8,4,4,8,4,4,0,0,7,-5
0020100409,2001-12-28,2001-02,regular_season,False,1610612766,CHH,Charlotte Hornets,1610612749,MIL,Milwaukee Bucks,20,20,L,7,18,0.389,0,1,0.0,6,8,0.75,5,10,15,6,4,2,3,4,0,7,20,0.35,4,9,0.444,2,4,0.5,3,4,7,5,3,0,4,4,0
0020100408,2001-12-28,2001-02,regular_season,False,1610612748,MIA,Miami Heat,1610612763,MEM,Memphis Grizzlies,23,19,W,10,23,0.435,2,8,0.25,1,4,0.25,5,7,12,4,3,0,4,4,4,8,15,0.533,0,1,0.0,3,4,0.75,0,8,8,6,1,1,5,4,-4
0020100407,2001-12-28,2001-02,regular_season,False,1610612753,ORL,Orlando Magic,1610612765,DET,Detroit Pistons,25,21,W,10,20,0.5,3,6,0.5,2,4,0.5,3,10,13,7,0,0,5,8,4,7,18,0.389,2,4,0.5,5,6,0.833,2,5,7,5,1,2,2,6,-4
0020100410,2001-12-28,2001-02,regular_season,False,1610612739,CLE,Cleveland Cavaliers,1610612752,NYK,New York Knicks,31,24,W,11,19,0.579,2,4,0.5,7,7,1.0,3,6,9,8,3,0,2,3,7,10,16,0.625,2,3,0.667,2,4,0.5,1,5,6,4,0,0,4,6,-7
0020100423,2001-12-29,2001-02,regular_season,False,1610612760,SEA,Seattle SuperSonics,1610612761,TOR,Toronto Raptors,22,19,W,9,21,0.429,1,5,0.2,3,4,0.75,3,9,12,6,2,1,0,5,3,7,17,0.412,2,5,0.4,3,6,0.5,3,8,11,5,0,0,4,3,-3
0020100422,2001-12-29,2001-02,regular_season,False,1610612756,PHX,Phoenix Suns,1610612743,DEN,Denver Nuggets,27,21,W,10,22,0.455,2,6,0.333,5,6,0.833,4,9,13,8,2,2,1,6,6,9,21,0.429,1,5,0.2,2,4,0.5,4,8,12,5,1,2,3,5,-6
0020100421,2001-12-29,2001-02,regular_season,False,1610612762,UTA,Utah Jazz,1610612755,PHI,Philadelphia 76ers,22,22,W,6,21,0.286,1,5,0.2,9,10,0.9,4,10,14,5,1,4,3,6,0,9,23,0.391,2,5,0.4,2,6,0.333,4,11,15,4,2,3,2,8,0
0020100419,2001-12-29,2001-02,regular_season,False,1610612749,MIL,Milwaukee Bucks,1610612759,SAS,San Antonio Spurs,14,27,L,5,19,0.263,0,3,0.0,4,8,0.5,1,10,11,3,2,1,1,7,-13,8,19,0.421,2,7,0.286,9,11,0.818,1,14,15,4,0,3,2,4,13
0020100420,2001-12-29,2001-02,regular_season,False,1610612742,DAL,Dallas Mavericks,1610612737,ATL,Atlanta Hawks,25,17,W,9,22,0.409,2,8,0.25,5,9,0.556,4,14,18,6,0,3,3,5,8,7,22,0.318,0,0,0.0,3,7,0.429,2,9,11,2,2,2,3,7,-8
0020100417,2001-12-29,2001-02,regular_season,False,1610612751,NJN,New Jersey Nets,1610612754,IND,Indiana Pacers,15,19,L,6,21,0.286,2,5,0.4,1,2,0.5,4,10,14,4,1,1,4,4,-4,8,22,0.364,0,1,0.0,3,4,0.75,4,10,14,5,2,2,3,3,4
0020100416,2001-12-29,2001-02,regular_season,False,1610612764,WAS,Washington Wizards,1610612766,CHH,Charlotte Hornets,23,23,W,8,20,0.4,0,3,0.0,7,8,0.875,3,9,12,4,3,0,2,7,0,9,18,0.5,0,1,0.0,5,7,0.714,1,8,9,7,0,1,3,5,0
0020100415,2001-12-29,2001-02,regular_season,False,1610612746,LAC,Los Angeles Clippers,1610612738,BOS,Boston Celtics,16,27,L,6,21,0.286,1,3,0.333,3,7,0.429,5,9,14,1,0,0,5,8,-11,7,20,0.35,3,8,0.375,10,12,0.833,3,10,13,3,2,1,1,6,11
0020100418,2001-12-29,2001-02,regular_season,False,1610612741,CHI,Chicago Bulls,1610612739,CLE,Cleveland Cavaliers,23,23,W,9,14,0.643,0,1,0.0,5,8,0.625,0,8,8,9,2,2,6,5,0,10,22,0.455,1,2,0.5,2,3,0.667,3,7,10,5,4,0,4,8,0
0020100429,2001-12-30,2001-02,regular_season,False,1610612757,POR,Portland Trail Blazers,1610612750,MIN,Minnesota Timberwolves,22,23,L,10,19,0.526,0,0,0.0,2,4,0.5,0,1,1,8,1,1,2,5,-1,7,11,0.636,1,1,1.0,8,9,0.889,1,9,10,4,2,2,7,5,1
0020100424,2001-12-30,2001-02,regular_season,False,1610612765,DET,Detroit Pistons,1610612748,MIA,Miami Heat,22,25,L,4,14,0.286,1,5,0.2,13,16,0.812,3,6,9,4,1,3,4,6,-3,8,17,0.471,3,7,0.429,6,8,0.75,1,8,9,5,2,0,6,13,3
0020100425,2001-12-30,2001-02,regular_season,False,1610612752,NYK,New York Knicks,1610612753,ORL,Orlando Magic,15,31,L,5,21,0.238,3,7,0.429,2,2,1.0,5,6,11,3,2,0,6,12,-16,7,14,0.5,3,7,0.429,14,16,0.875,2,10,12,3,4,1,3,4,16
0020100426,2001-12-30,2001-02,regular_season,False,1610612763,MEM,Memphis Grizzlies,1610612759,SAS,San Antonio Spurs,24,23,W,9,20,0.45,1,3,0.333,5,8,0.625,6,7,13,3,2,1,5,4,1,10,21,0.476,0,0,0.0,3,4,0.75,4,4,8,7,2,3,2,6,-1
0020100427,2001-12-30,2001-02,regular_season,False,1610612758,SAC,Sacramento Kings,1610612738,BOS,Boston Celtics,21,29,L,7,21,0.333,2,6,0.333,5,6,0.833,3,9,12,4,2,0,5,5,-8,9,20,0.45,3,8,0.375,8,9,0.889,1,9,10,3,2,1,2,5,8
0020100428,2001-12-30,2001-02,regular_season,False,1610612747,LAL,Los Angeles Lakers,1610612745,HOU,Houston Rockets,30,20,W,12,24,0.5,3,8,0.375,3,5,0.6,5,7,12,6,0,1,2,7,10,6,16,0.375,0,1,0.0,8,13,0.615,2,7,9,4,2,0,2,5,-10
0020100432,2001-12-31,2001-02,regular_season,False,1610612764,WAS,Washington Wizards,1610612751,NJN,New Jersey Nets,24,14,W,7,24,0.292,3,5,0.6,7,7,1.0,9,12,21,3,0,1,2,4,10,6,20,0.3,0,2,0.0,2,5,0.4,4,7,11,5,1,1,2,5,-10
0020100431,2001-12-31,2001-02,regular_season,False,1610612754,IND,Indiana Pacers,1610612748,MIA,Miami Heat,23,27,L,9,23,0.391,3,5,0.6,2,4,0.5,1,4,5,5,3,0,1,8,-4,9,17,0.529,0,1,0.0,9,14,0.643,3,12,15,6,0,2,4,4,4
0020100430,2001-12-31,2001-02,regular_season,False,1610612741,CHI,Chicago Bulls,1610612749,MIL,Milwaukee Bucks,22,17,W,6,17,0.353,0,3,0.0,10,14,0.714,3,8,11,4,2,1,4,6,5,7,20,0.35,0,7,0.0,3,5,0.6,2,8,10,5,3,2,4,10,-5
0020100433,2002-01-01,2001-02,regular_season,False,1610612746,LAC,Los Angeles Clippers,1610612757,POR,Portland Trail Blazers,24,18,W,11,21,0.524,0,3,0.0,2,4,0.5,3,6,9,8,2,2,1,1,6,7,15,0.467,3,5,0.6,1,2,0.5,1,5,6,4,0,2,4,5,-6
0020100443,2002-01-02,2001-02,regular_season,False,1610612757,POR,Portland Trail Blazers,1610612761,TOR,Toronto Raptors,26,22,W,9,17,0.529,1,3,0.333,7,8,0.875,4,6,10,7,0,1,4,8,4,7,16,0.438,2,6,0.333,6,9,0.667,3,3,6,3,3,2,3,6,-4
0020100442,2002-01-02,2001-02,regular_season,False,1610612758,SAC,Sacramento Kings,1610612746,LAC,Los Angeles Clippers,27,24,W,11,25,0.44,2,6,0.333,3,4,0.75,4,4,8,9,6,2,2,4,3,9,18,0.5,2,4,0.5,4,6,0.667,3,9,12,4,0,3,8,4,-3
0020100440,2002-01-02,2001-02,regular_season,False,1610612743,DEN,Denver Nuggets,1610612747,LAL,Los Angeles Lakers,15,14,W,7,19,0.368,0,5,0.0,1,2,0.5,3,8,11,1,1,3,3,5,1,5,20,0.25,1,1,1.0,3,4,0.75,6,7,13,3,1,3,3,2,-1
0020100439,2002-01-02,2001-02,regular_season,False,1610612759,SAS,San Antonio Spurs,1610612765,DET,Detroit Pistons,25,19,W,11,23,0.478,1,3,0.333,2,2,1.0,2,6,8,7,3,1,1,7,6,7,13,0.538,0,4,0.0,5,8,0.625,1,8,9,3,0,2,7,5,-6
0020100441,2002-01-02,2001-02,regular_season,False,1610612756,PHX,Phoenix Suns,1610612755,PHI,Philadelphia 76ers,21,14,W,8,21,0.381,3,6,0.5,2,3,0.667,1,7,8,5,4,1,2,7,7,4,18,0.222,1,1,1.0,5,6,0.833,5,10,15,3,1,2,6,7,-7
0020100437,2002-01-02,2001-02,regular_season,False,1610612750,MIN,Minnesota Timberwolves,1610612749,MIL,Milwaukee Bucks,17,14,W,7,22,0.318,3,7,0.429,0,0,0.0,3,10,13,4,0,3,4,8,3,4,18,0.222,0,3,0.0,6,10,0.6,3,10,13,3,2,3,2,5,-3
0020100436,2002-01-02,2001-02,regular_season,False,1610612751,NJN,New Jersey Nets,1610612763,MEM,Memphis Grizzlies,15,18,L,5,22,0.227,0,1,0.0,5,7,0.714,6,9,15,4,5,4,5,3,-3,8,26,0.308,1,6,0.167,1,1,1.0,5,8,13,5,4,5,5,7,3
0020100435,2002-01-02,2001-02,regular_season,False,1610612739,CLE,Cleveland Cavaliers,1610612744,GSW,Golden State Warriors,25,20,W,9,17,0.529,2,4,0.5,5,6,0.833,1,8,9,9,2,1,6,9,5,5,20,0.25,1,2,0.5,9,12,0.75,5,7,12,2,1,0,5,5,-5
0020100434,2002-01-02,2001-02,regular_season,False,1610612738,BOS,Boston Celtics,1610612753,ORL,Orlando Magic,27,32,L,9,17,0.529,4,6,0.667,5,6,0.833,1,6,7,6,2,1,4,3,-5,13,25,0.52,5,7,0.714,1,1,1.0,4,8,12,10,3,1,3,4,5
0020100438,2002-01-02,2001-02,regular_season,False,1610612741,CHI,Chicago Bulls,1610612742,DAL,Dallas Mavericks,29,36,L,10,18,0.556,2,4,0.5,7,8,0.875,1,5,6,7,0,0,2,8,-7,12,21,0.571,3,3,1.0,9,9,1.0,3,4,7,8,1,0,0,7,7
0020100444,2002-01-03,2001-02,regular_season,False,1610612766,CHH,Charlotte Hornets,1610612744,GSW,Golden State Warriors,24,25,L,7,15,0.467,0,2,0.0,10,16,0.625,3,10,13,2,3,0,3,6,-1,10,24,0.417,0,1,0.0,5,8,0.625,4,5,9,2,2,0,3,10,1
0020100445,2002-01-03,2001-02,regular_season,False,1610612752,NYK,New York Knicks,1610612742,DAL,Dallas Mavericks,13,17,L,4,14,0.286,0,1,0.0,5,6,0.833,3,8,11,3,2,2,8,6,-4,8,24,0.333,0,4,0.0,1,1,1.0,4,8,12,6,4,0,5,7,4
0020100446,2002-01-03,2001-02,regular_season,False,1610612745,HOU,Houston Rockets,1610612765,DET,Detroit Pistons,25,19,W,10,21,0.476,2,6,0.333,3,3,1.0,3,8,11,3,1,1,5,5,6,9,18,0.5,1,7,0.143,0,1,0.0,1,2,3,8,2,1,3,4,-6
0020100453,2002-01-04,2001-02,regular_season,False,1610612759,SAS,San Antonio Spurs,1610612754,IND,Indiana Pacers,19,28,L,7,22,0.318,1,10,0.1,4,4,1.0,3,5,8,1,2,5,4,11,-9,8,17,0.471,1,2,0.5,11,17,0.647,5,11,16,3,4,1,5,6,9
0020100456,2002-01-04,2001-02,regular_season,False,1610612747,LAL,Los Angeles Lakers,1610612756,PHX,Phoenix Suns,33,18,W,13,24,0.542,3,7,0.429,4,4,1.0,2,8,10,9,4,1,0,2,15,8,22,0.364,1,4,0.25,1,2,0.5,2,9,11,5,0,2,4,4,-15
0020100455,2002-01-04,2001-02,regular_season,False,1610612760,SEA,Seattle SuperSonics,1610612755,PHI,Philadelphia 76ers,23,17,W,9,18,0.5,2,8,0.25,3,4,0.75,3,7,10,3,2,0,5,2,6,8,19,0.421,1,3,0.333,0,0,0.0,4,5,9,4,5,0,5,6,-6
0020100454,2002-01-04,2001-02,regular_season,False,1610612743,DEN,Denver Nuggets,1610612746,LAC,Los Angeles Clippers,17,15,W,7,21,0.333,1,4,0.25,2,3,0.667,3,10,13,6,0,4,3,5,2,6,18,0.333,1,6,0.167,2,5,0.4,2,9,11,3,1,2,4,7,-2
0020100452,2002-01-04,2001-02,regular_season,False,1610612763,MEM,Memphis Grizzlies,1610612737,ATL,Atlanta Hawks,25,28,L,7,19,0.368,0,5,0.0,11,14,0.786,3,6,9,3,3,2,1,9,-3,6,15,0.4,2,3,0.667,14,16,0.875,0,10,10,4,0,1,3,11,3
0020100450,2002-01-04,2001-02,regular_season,False,1610612751,NJN,New Jersey Nets,1610612753,ORL,Orlando Magic,24,27,L,8,20,0.4,3,7,0.429,5,7,0.714,6,6,12,3,1,3,4,6,-3,9,18,0.5,3,4,0.75,6,7,0.857,2,7,9,6,3,1,3,5,3
0020100449,2002-01-04,2001-02,regular_season,False,1610612738,BOS,Boston Celtics,1610612748,MIA,Miami Heat,16,27,L,5,19,0.263,1,5,0.2,5,8,0.625,1,7,8,4,0,0,1,8,-11,9,18,0.5,1,4,0.25,8,9,0.889,2,12,14,7,1,2,3,7,11
0020100448,2002-01-04,2001-02,regular_season,False,1610612761,TOR,Toronto Raptors,1610612739,CLE,Cleveland Cavaliers,23,28,L,11,21,0.524,0,1,0.0,1,1,1.0,2,8,10,7,4,0,5,8,-5,11,21,0.524,2,5,0.4,4,9,0.444,5,6,11,11,4,3,5,0,5
0020100447,2002-01-04,2001-02,regular_season,False,1610612764,WAS,Washington Wizards,1610612741,CHI,Chicago Bulls,12,24,L,4,18,0.222,0,3,0.0,4,7,0.571,2,12,14,2,0,2,4,6,-12,9,24,0.375,1,3,0.333,5,8,0.625,4,12,16,4,3,3,1,7,12
0020100451,2002-01-04,2001-02,regular_season,False,1610612750,MIN,Minnesota Timberwolves,1610612762,UTA,Utah Jazz,31,19,W,9,16,0.562,1,4,0.25,12,13,0.923,3,10,13,3,2,1,2,8,12,7,17,0.412,2,4,0.5,3,8,0.375,3,3,6,5,1,0,3,9,-12
0020100467,2002-01-05,2001-02,regular_season,False,1610612746,LAC,Los Angeles Clippers,1610612749,MIL,Milwaukee Bucks,22,26,L,8,21,0.381,2,4,0.5,4,6,0.667,2,6,8,6,2,1,3,1,-4,11,21,0.524,3,5,0.6,1,1,1.0,1,10,11,6,1,0,5,8,4
0020100457,2002-01-05,2001-02,regular_season,False,1610612737,ATL,Atlanta Hawks,1610612750,MIN,Minnesota Timberwolves,19,25,L,7,18,0.389,1,5,0.2,4,6,0.667,1,7,8,4,0,2,2,10,-6,7,14,0.5,2,3,0.667,9,13,0.692,2,11,13,6,1,2,3,4,6
0020100458,2002-01-05,2001-02,regular_season,False,1610612752,NYK,New York Knicks,1610612738,BOS,Boston Celtics,12,29,L,2,18,0.111,0,6,0.0,8,11,0.727,2,3,5,1,1,0,2,8,-17,9,13,0.692,2,3,0.667,9,12,0.75,1,15,16,3,2,2,5,8,17
0020100459,2002-01-05,2001-02,regular_season,False,1610612753,ORL,Orlando Magic,1610612744,GSW,Golden State Warriors,30,25,W,8,15,0.533,6,7,0.857,8,9,0.889,4,7,11,5,1,0,4,8,5,10,17,0.588,1,2,0.5,4,7,0.571,1,3,4,8,1,0,2,6,-5
0020100460,2002-01-05,2001-02,regular_season,False,1610612766,CHH,Charlotte Hornets,1610612751,NJN,New Jersey Nets,24,22,W,6,16,0.375,4,10,0.4,8,10,0.8,2,6,8,5,2,1,2,6,2,9,18,0.5,0,3,0.0,4,4,1.0,1,8,9,6,0,0,3,6,-2
0020100461,2002-01-05,2001-02,regular_season,False,1610612765,DET,Detroit Pistons,1610612739,CLE,Cleveland Cavaliers,26,26,W,8,17,0.471,1,1,1.0,9,12,0.75,2,8,10,4,2,2,4,9,0,9,17,0.529,1,3,0.333,7,10,0.7,0,7,7,3,3,3,2,8,0
0020100462,2002-01-05,2001-02,regular_season,False,1610612741,CHI,Chicago Bulls,1610612762,UTA,Utah Jazz,21,15,W,9,19,0.474,0,3,0.0,3,6,0.5,2,8,10,6,6,1,4,2,6,6,17,0.353,1,4,0.25,2,4,0.5,3,8,11,4,2,0,8,6,-6
0020100463,2002-01-05,2001-02,regular_season,False,1610612742,DAL,Dallas Mavericks,1610612759,SAS,San Antonio Spurs,31,21,W,9,22,0.409,1,4,0.25,12,14,0.857,6,9,15,5,1,3,2,8,10,6,20,0.3,2,5,0.4,7,10,0.7,7,8,15,4,1,0,6,11,-10
0020100464,2002-01-05,2001-02,regular_season,False,1610612745,HOU,Houston Rockets,1610612754,IND,Indiana Pacers,14,20,L,5,19,0.263,0,3,0.0,4,5,0.8,1,7,8,0,2,2,3,6,-6,7,14,0.5,2,3,0.667,4,6,0.667,0,11,11,6,1,2,4,5,6
0020100465,2002-01-05,2001-02,regular_season,False,1610612756,PHX,Phoenix Suns,1610612758,SAC,Sacramento Kings,34,33,W,13,25,0.52,3,6,0.5,5,6,0.833,4,7,11,9,3,1,2,9,1,10,19,0.526,2,5,0.4,11,13,0.846,3,9,12,6,1,1,4,4,-1
0020100466,2002-01-05,2001-02,regular_season,False,1610612757,POR,Portland Trail Blazers,1610612755,PHI,Philadelphia 76ers,27,23,W,11,17,0.647,1,5,0.2,4,6,0.667,1,7,8,8,2,3,1,3,4,9,22,0.409,2,3,0.667,3,3,1.0,2,5,7,5,1,0,2,5,-4
0020100470,2002-01-06,2001-02,regular_season,False,1610612748,MIA,Miami Heat,1610612744,GSW,Golden State Warriors,18,17,W,5,19,0.263,0,3,0.0,8,14,0.571,5,10,15,2,1,1,3,5,1,7,21,0.333,0,6,0.0,3,4,0.75,4,9,13,2,2,0,3,11,-1
0020100471,2002-01-06,2001-02,regular_season,False,1610612758,SAC,Sacramento Kings,1610612749,MIL,Milwaukee Bucks,31,32,L,13,21,0.619,3,8,0.375,2,4,0.5,1,7,8,10,1,1,3,6,-1,12,25,0.48,3,8,0.375,5,5,1.0,3,7,10,5,1,0,2,5,1
0020100468,2002-01-06,2001-02,regular_season,False,1610612761,TOR,Toronto Raptors,1610612747,LAL,Los Angeles Lakers,17,25,L,7,18,0.389,1,3,0.333,2,2,1.0,1,8,9,5,1,0,4,3,-8,9,19,0.474,2,4,0.5,5,6,0.833,3,10,13,4,2,1,2,3,8
0020100469,2002-01-06,2001-02,regular_season,False,1610612763,MEM,Memphis Grizzlies,1610612760,SEA,Seattle SuperSonics,19,22,L,9,20,0.45,0,2,0.0,1,2,0.5,3,7,10,7,4,2,5,2,-3,9,21,0.429,2,4,0.5,2,2,1.0,4,7,11,7,3,1,5,3,3
0020100478,2002-01-07,2001-02,regular_season,False,1610612759,SAS,San Antonio Spurs,1610612752,NYK,New York Knicks,24,22,W,6,17,0.353,2,7,0.286,10,10,1.0,1,7,8,3,1,3,3,4,2,9,20,0.45,2,5,0.4,2,2,1.0,2,8,10,3,3,2,4,8,-2
0020100477,2002-01-07,2001-02,regular_season,False,1610612741,CHI,Chicago Bulls,1610612760,SEA,Seattle SuperSonics,25,28,L,10,19,0.526,3,7,0.429,2,2,1.0,0,8,8,9,2,1,5,3,-3,12,22,0.545,4,6,0.667,0,0,0.0,1,7,8,10,2,0,3,2,3
0020100476,2002-01-07,2001-02,regular_season,False,1610612750,MIN,Minnesota Timberwolves,1610612765,DET,Detroit Pistons,22,20,W,9,16,0.562,3,5,0.6,1,2,0.5,0,10,10,5,1,2,4,4,2,8,22,0.364,3,6,0.5,1,2,0.5,5,4,9,5,1,0,1,5,-2
0020100473,2002-01-07,2001-02,regular_season,False,1610612766,CHH,Charlotte Hornets,1610612743,DEN,Denver Nuggets,22,20,W,8,15,0.533,1,2,0.5,5,6,0.833,3,7,10,5,1,0,4,5,2,9,21,0.429,2,5,0.4,0,0,0.0,3,4,7,4,0,1,1,5,-2
0020100474,2002-01-07,2001-02,regular_season,False,1610612739,CLE,Cleveland Cavaliers,1610612757,POR,Portland Trail Blazers,22,22,L,9,23,0.391,2,6,0.333,2,2,1.0,4,6,10,8,1,1,4,2,0,10,18,0.556,0,2,0.0,2,4,0.5,2,7,9,6,3,2,5,2,0
0020100472,2002-01-07,2001-02,regular_season,False,1610612755,PHI,Philadelphia 76ers,1610612746,LAC,Los Angeles Clippers,33,28,W,13,24,0.542,1,2,0.5,6,7,0.857,4,9,13,7,2,1,3,9,5,7,27,0.259,2,9,0.222,12,16,0.75,11,7,18,2,1,3,3,4,-5
0020100475,2002-01-07,2001-02,regular_season,False,1610612753,ORL,Orlando Magic,1610612738,BOS,Boston Celtics,24,20,W,6,11,0.545,2,4,0.5,10,11,0.909,2,7,9,6,2,3,6,4,4,6,22,0.273,1,9,0.111,7,8,0.875,7,3,10,4,2,0,2,7,-4
0020100487,2002-01-08,2001-02,regular_season,False,1610612744,GSW,Golden State Warriors,1610612749,MIL,Milwaukee Bucks,25,26,L,10,22,0.455,1,6,0.167,4,7,0.571,6,9,15,6,2,2,7,9,-1,7,15,0.467,1,2,0.5,11,13,0.846,1,5,6,4,3,1,3,6,1
0020100485,2002-01-08,2001-02,regular_season,False,1610612745,HOU,Houston Rockets,1610612752,NYK,New York Knicks,20,22,L,7,19,0.368,3,5,0.6,3,4,0.75,2,9,11,6,0,2,2,5,-2,8,22,0.364,3,6,0.5,3,4,0.75,3,10,13,5,0,1,1,3,2
0020100484,2002-01-08,2001-02,regular_season,False,1610612742,DAL,Dallas Mavericks,1610612743,DEN,Denver Nuggets,23,30,L,6,17,0.353,1,6,0.167,10,13,0.769,2,4,6,4,2,0,2,4,-7,13,22,0.591,2,5,0.4,2,2,1.0,4,9,13,5,1,0,3,7,7
0020100483,2002-01-08,2001-02,regular_season,False,1610612763,MEM,Memphis Grizzlies,1610612761,TOR,Toronto Raptors,16,17,L,8,19,0.421,0,2,0.0,0,1,0.0,3,8,11,5,3,3,6,8,-1,7,18,0.389,0,2,0.0,3,5,0.6,3,7,10,5,1,1,5,5,1
0020100486,2002-01-08,2001-02,regular_season,False,1610612762,UTA,Utah Jazz,1610612756,PHX,Phoenix Suns,23,21,W,6,16,0.375,2,3,0.667,9,12,0.75,5,12,17,5,1,3,6,5,2,7,21,0.333,3,7,0.429,4,4,1.0,1,4,5,4,4,1,1,9,-2
0020100481,2002-01-08,2001-02,regular_season,False,1610612737,ATL,Atlanta Hawks,1610612757,POR,Portland Trail Blazers,21,20,W,5,15,0.333,1,4,0.25,10,11,0.909,1,11,12,4,2,1,4,4,1,8,22,0.364,1,6,0.167,3,5,0.6,4,9,13,4,3,0,3,7,-1
0020100480,2002-01-08,2001-02,regular_season,False,1610612751,NJN,New Jersey Nets,1610612748,MIA,Miami Heat,24,21,W,7,15,0.467,2,4,0.5,8,11,0.727,2,4,6,5,2,2,2,4,3,10,21,0.476,1,3,0.333,0,0,0.0,4,6,10,5,1,1,3,7,-3
0020100479,2002-01-08,2001-02,regular_season,False,1610612764,WAS,Washington Wizards,1610612746,LAC,Los Angeles Clippers,26,30,L,8,20,0.4,1,3,0.333,9,11,0.818,3,8,11,6,0,1,4,7,-4,10,24,0.417,1,3,0.333,9,9,1.0,5,6,11,3,0,1,3,8,4
0020100482,2002-01-08,2001-02,regular_season,False,1610612765,DET,Detroit Pistons,1610612747,LAL,Los Angeles Lakers,23,22,W,6,17,0.353,3,9,0.333,8,10,0.8,3,7,10,3,1,3,3,3,1,8,22,0.364,3,5,0.6,3,3,1.0,3,8,11,6,0,0,2,8,-1
0020100488,2002-01-09,2001-02,regular_season,False,1610612738,BOS,Boston Celtics,1610612759,SAS,San Antonio Spurs,23,23,L,10,22,0.455,1,9,0.111,2,4,0.5,4,10,14,7,2,1,2,5,0,9,17,0.529,3,6,0.5,2,4,0.5,0,8,8,4,2,1,2,4,0
0020100489,2002-01-09,2001-02,regular_season,False,1610612766,CHH,Charlotte Hornets,1610612737,ATL,Atlanta Hawks,25,20,W,8,21,0.381,1,2,0.5,8,10,0.8,6,17,23,6,1,1,8,4,5,6,25,0.24,3,7,0.429,5,6,0.833,3,6,9,5,5,2,2,7,-5
0020100490,2002-01-09,2001-02,regular_season,False,1610612754,IND,Indiana Pacers,1610612747,LAL,Los Angeles Lakers,26,28,L,11,27,0.407,2,5,0.4,2,3,0.667,7,7,14,6,1,0,2,4,-2,11,21,0.524,1,1,1.0,5,7,0.714,3,10,13,7,2,1,2,3,2
0020100491,2002-01-09,2001-02,regular_season,False,1610612755,PHI,Philadelphia 76ers,1610612753,ORL,Orlando Magic,24,29,L,8,18,0.444,1,3,0.333,7,8,0.875,3,6,9,6,2,0,2,4,-5,12,18,0.667,2,4,0.5,3,3,1.0,0,6,6,7,1,0,2,5,5
0020100492,2002-01-09,2001-02,regular_season,False,1610612750,MIN,Minnesota Timberwolves,1610612760,SEA,Seattle SuperSonics,34,37,L,12,17,0.706,2,4,0.5,8,10,0.8,3,5,8,7,0,1,4,6,-3,13,21,0.619,4,7,0.571,7,8,0.875,3,4,7,8,2,1,0,7,3
0020100493,2002-01-09,2001-02,regular_season,False,1610612741,CHI,Chicago Bulls,1610612761,TOR,Toronto Raptors,22,27,L,8,17,0.471,1,9,0.111,5,9,0.556,2,6,8,5,1,0,3,6,-5,11,18,0.611,1,2,0.5,4,5,0.8,1,8,9,7,2,0,2,7,5
0020100498,2002-01-10,2001-02,regular_season,False,1610612762,UTA,Utah Jazz,1610612745,HOU,Houston Rockets,17,21,L,3,15,0.2,0,3,0.0,11,14,0.786,4,10,14,2,2,1,4,7,-4,8,18,0.444,4,9,0.444,1,4,0.25,1,9,10,4,2,2,4,10,4
0020100499,2002-01-10,2001-02,regular_season,False,1610612756,PHX,Phoenix Suns,1610612763,MEM,Memphis Grizzlies,20,24,L,8,25,0.32,1,5,0.2,3,4,0.75,3,4,7,6,1,0,1,6,-4,9,16,0.562,0,1,0.0,6,8,0.75,2,15,17,3,0,2,6,3,4
0020100497,2002-01-10,2001-02,regular_season,False,1610612743,DEN,Denver Nuggets,1610612739,CLE,Cleveland Cavaliers,24,18,W,9,18,0.5,3,6,0.5,3,5,0.6,5,8,13,8,2,2,2,2,6,8,18,0.444,1,2,0.5,1,2,0.5,3,6,9,7,1,1,2,5,-6
0020100494,2002-01-10,2001-02,regular_season,False,1610612751,NJN,New Jersey Nets,1610612746,LAC,Los Angeles Clippers,23,17,W,8,23,0.348,1,4,0.25,6,6,1.0,5,12,17,4,1,4,2,5,6,6,18,0.333,2,4,0.5,3,4,0.75,1,8,9,3,2,1,2,5,-6
0020100495,2002-01-10,2001-02,regular_season,False,1610612748,MIA,Miami Heat,1610612757,POR,Portland Trail Blazers,14,27,L,4,18,0.222,0,4,0.0,6,6,1.0,5,5,10,0,1,2,5,9,-13,7,20,0.35,3,7,0.429,10,13,0.769,8,8,16,4,3,0,2,7,13
0020100496,2002-01-10,2001-02,regular_season,False,1610612742,DAL,Dallas Mavericks,1610612752,NYK,New York Knicks,24,22,W,10,21,0.476,2,7,0.286,2,2,1.0,4,8,12,7,4,1,5,6,2,8,21,0.381,2,7,0.286,4,4,1.0,4,6,10,5,2,0,5,6,-2
0020100500,2002-01-11,2001-02,regular_season,False,1610612755,PHI,Philadelphia 76ers,1610612759,SAS,San Antonio Spurs,29,21,W,10,20,0.5,1,1,1.0,8,9,0.889,3,9,12,5,0,1,3,6,8,6,17,0.353,0,4,0.0,9,9,1.0,2,5,7,1,2,5,3,7,-8
0020100501,2002-01-11,2001-02,regular_season,False,1610612761,TOR,Toronto Raptors,1610612737,ATL,Atlanta Hawks,13,22,L,5,18,0.278,1,3,0.333,2,3,0.667,4,4,8,4,2,1,5,9,-9,7,15,0.467,0,2,0.0,8,9,0.889,3,8,11,5,4,3,4,4,9
0020100502,2002-01-11,2001-02,regular_season,False,1610612754,IND,Indiana Pacers,1610612741,CHI,Chicago Bulls,23,25,L,8,20,0.4,1,5,0.2,6,6,1.0,5,7,12,7,2,1,4,6,-2,9,20,0.45,1,2,0.5,6,7,0.857,4,6,10,6,2,1,2,6,2
0020100503,2002-01-11,2001-02,regular_season,False,1610612738,BOS,Boston Celtics,1610612765,DET,Detroit Pistons,20,33,L,8,17,0.471,1,3,0.333,3,3,1.0,1,4,5,5,1,0,4,2,-13,14,24,0.583,3,6,0.5,2,2,1.0,5,8,13,10,2,2,2,3,13
0020100504,2002-01-11,2001-02,regular_season,False,1610612753,ORL,Orlando Magic,1610612757,POR,Portland Trail Blazers,20,21,L,7,17,0.412,1,4,0.25,5,7,0.714,2,7,9,1,3,0,8,5,-1,10,20,0.5,0,3,0.0,1,3,0.333,3,9,12,7,5,3,5,6,1
0020100505,2002-01-11,2001-02,regular_season,False,1610612766,CHH,Charlotte Hornets,1610612746,LAC,Los Angeles Clippers,31,20,W,13,26,0.5,5,10,0.5,0,0,0.0,9,7,16,12,1,2,2,7,11,6,16,0.375,1,2,0.5,7,10,0.7,4,4,8,1,0,3,2,2,-11
0020100506,2002-01-11,2001-02,regular_season,False,1610612750,MIN,Minnesota Timberwolves,1610612747,LAL,Los Angeles Lakers,32,22,W,9,15,0.6,4,7,0.571,10,12,0.833,1,14,15,7,1,0,3,9,10,7,26,0.269,1,7,0.143,7,13,0.538,7,6,13,4,1,0,1,9,-10
0020100507,2002-01-11,2001-02,regular_season,False,1610612749,MIL,Milwaukee Bucks,1610612764,WAS,Washington Wizards,25,29,L,10,16,0.625,4,5,0.8,1,1,1.0,1,6,7,7,1,1,5,5,-4,11,24,0.458,4,5,0.8,3,4,0.75,7,5,12,9,2,0,2,3,4
0020100508,2002-01-11,2001-02,regular_season,False,1610612760,SEA,Seattle SuperSonics,1610612739,CLE,Cleveland Cavaliers,20,24,L,8,18,0.444,1,4,0.25,3,6,0.5,3,7,10,3,2,4,1,4,-4,9,22,0.409,6,10,0.6,0,0,0.0,5,6,11,7,1,1,2,5,4
0020100516,2002-01-12,2001-02,regular_season,False,1610612745,HOU,Houston Rockets,1610612743,DEN,Denver Nuggets,23,23,W,8,15,0.533,1,1,1.0,6,9,0.667,0,7,7,4,2,2,3,3,0,10,20,0.5,0,4,0.0,3,3,1.0,3,5,8,3,3,1,3,7,0
0020100518,2002-01-12,2001-02,regular_season,False,1610612756,PHX,Phoenix Suns,1610612748,MIA,Miami Heat,29,23,W,13,19,0.684,2,4,0.5,1,2,0.5,1,9,10,8,2,1,3,5,6,8,23,0.348,3,4,0.75,4,6,0.667,4,5,9,4,3,2,4,1,-6
0020100517,2002-01-12,2001-02,regular_season,False,1610612762,UTA,Utah Jazz,1610612763,MEM,Memphis Grizzlies,21,20,W,8,16,0.5,0,2,0.0,5,6,0.833,3,5,8,4,2,2,6,5,1,8,18,0.444,1,4,0.25,3,6,0.5,4,4,8,5,2,2,5,6,-1
0020100515,2002-01-12,2001-02,regular_season,False,1610612742,DAL,Dallas Mavericks,1610612754,IND,Indiana Pacers,39,23,W,10,16,0.625,3,5,0.6,16,19,0.842,1,11,12,8,1,0,2,5,16,9,24,0.375,1,6,0.167,4,5,0.8,2,7,9,6,2,0,3,13,-16
0020100514,2002-01-12,2001-02,regular_season,False,1610612741,CHI,Chicago Bulls,1610612747,LAL,Los Angeles Lakers,24,26,L,8,17,0.471,1,2,0.5,7,12,0.583,2,3,5,7,2,1,1,5,-2,9,18,0.5,4,4,1.0,4,6,0.667,3,9,12,8,0,0,3,7,2
0020100512,2002-01-12,2001-02,regular_season,False,1610612753,ORL,Orlando Magic,1610612751,NJN,New Jersey Nets,21,22,L,8,22,0.364,3,7,0.429,2,4,0.5,2,13,15,4,0,5,3,6,-1,6,24,0.25,2,8,0.25,8,9,0.889,3,12,15,4,2,2,1,4,1
0020100511,2002-01-12,2001-02,regular_season,False,1610612752,NYK,New York Knicks,1610612749,MIL,Milwaukee Bucks,33,28,W,11,23,0.478,6,9,0.667,5,9,0.556,2,5,7,8,2,1,2,12,5,7,14,0.5,2,6,0.333,12,17,0.706,2,6,8,1,2,0,4,7,-5
0020100510,2002-01-12,2001-02,regular_season,False,1610612737,ATL,Atlanta Hawks,1610612738,BOS,Boston Celtics,25,34,L,10,21,0.476,2,4,0.5,3,3,1.0,4,7,11,4,2,0,5,3,-9,13,23,0.565,5,9,0.556,3,4,0.75,4,6,10,6,1,3,2,5,9
0020100509,2002-01-12,2001-02,regular_season,False,1610612764,WAS,Washington Wizards,1610612750,MIN,Minnesota Timberwolves,26,29,L,10,24,0.417,2,3,0.667,4,4,1.0,7,4,11,6,2,0,2,4,-3,12,23,0.522,2,4,0.5,3,3,1.0,6,7,13,4,1,1,2,3,3
0020100513,2002-01-12,2001-02,regular_season,False,1610612765,DET,Detroit Pistons,1610612766,CHH,Charlotte Hornets,31,16,W,12,20,0.6,2,4,0.5,5,6,0.833,2,9,11,9,4,1,1,5,15,6,18,0.333,2,6,0.333,2,4,0.5,3,6,9,3,1,1,4,5,-15
0020100519,2002-01-13,2001-02,regular_season,False,1610612761,TOR,Toronto Raptors,1610612746,LAC,Los Angeles Clippers,11,12,L,4,22,0.182,1,6,0.167,2,2,1.0,6,7,13,1,1,1,3,5,-1,4,15,0.267,0,4,0.0,4,8,0.5,2,10,12,2,1,3,4,6,1
0020100520,2002-01-13,2001-02,regular_season,False,1610612758,SAC,Sacramento Kings,1610612756,PHX,Phoenix Suns,25,32,L,4,13,0.308,2,3,0.667,15,18,0.833,1,6,7,4,2,2,5,3,-7,13,24,0.542,4,5,0.8,2,4,0.5,4,9,13,9,3,1,3,10,7
0020100521,2002-01-13,2001-02,regular_season,False,1610612757,POR,Portland Trail Blazers,1610612739,CLE,Cleveland Cavaliers,23,17,W,7,22,0.318,0,0,0.0,9,11,0.818,5,12,17,5,4,1,4,6,6,5,16,0.312,0,0,0.0,7,9,0.778,0,8,8,3,2,4,5,7,-6
0020100522,2002-01-14,2001-02,regular_season,False,1610612751,NJN,New Jersey Nets,1610612759,SAS,San Antonio Spurs,23,27,L,7,15,0.467,0,3,0.0,9,12,0.75,1,6,7,3,2,3,3,6,-4,9,19,0.474,2,5,0.4,7,8,0.875,3,7,10,4,3,0,3,6,4
0020100523,2002-01-14,2001-02,regular_season,False,1610612753,ORL,Orlando Magic,1610612742,DAL,Dallas Mavericks,19,24,L,8,23,0.348,1,4,0.25,2,4,0.5,6,9,15,5,2,1,6,5,-5,10,20,0.5,1,3,0.333,3,4,0.75,2,6,8,3,3,3,2,4,5
0020100524,2002-01-14,2001-02,regular_season,False,1610612762,UTA,Utah Jazz,1610612743,DEN,Denver Nuggets,28,27,W,10,16,0.625,3,5,0.6,5,6,0.833,2,8,10,8,1,1,5,11,1,8,18,0.444,1,3,0.333,10,13,0.769,2,5,7,3,2,1,1,6,-1
0020100525,2002-01-14,2001-02,regular_season,False,1610612747,LAL,Los Angeles Lakers,1610612763,MEM,Memphis Grizzlies,22,22,W,10,23,0.435,1,3,0.333,1,1,1.0,4,4,8,7,3,2,3,3,0,9,21,0.429,0,1,0.0,4,4,1.0,7,8,15,2,2,1,7,5,0
0020100526,2002-01-14,2001-02,regular_season,False,1610612744,GSW,Golden State Warriors,1610612748,MIA,Miami Heat,23,31,L,9,19,0.474,1,3,0.333,4,5,0.8,5,4,9,4,4,1,8,9,-8,10,13,0.769,3,3,1.0,8,10,0.8,0,6,6,6,3,2,5,4,8
0020100533,2002-01-15,2001-02,regular_season,False,1610612741,CHI,Chicago Bulls,1610612766,CHH,Charlotte Hornets,17,21,L,4,19,0.211,3,7,0.429,6,10,0.6,3,10,13,3,0,1,4,9,-4,5,18,0.278,1,4,0.25,10,12,0.833,2,13,15,2,1,2,5,8,4
0020100534,2002-01-15,2001-02,regular_season,False,1610612758,SAC,Sacramento Kings,1610612739,CLE,Cleveland Cavaliers,35,27,W,13,19,0.684,2,4,0.5,7,8,0.875,2,5,7,5,4,1,3,9,8,8,22,0.364,1,3,0.333,10,13,0.769,9,5,14,2,2,0,4,6,-8
0020100532,2002-01-15,2001-02,regular_season,False,1610612750,MIN,Minnesota Timberwolves,1610612746,LAC,Los Angeles Clippers,19,21,L,7,22,0.318,0,3,0.0,5,9,0.556,6,7,13,2,3,0,6,6,-2,8,20,0.4,0,5,0.0,5,6,0.833,5,7,12,4,4,2,5,9,2
0020100531,2002-01-15,2001-02,regular_season,False,1610612755,PHI,Philadelphia 76ers,1610612745,HOU,Houston Rockets,24,16,W,8,18,0.444,1,3,0.333,7,7,1.0,4,9,13,3,1,1,3,7,8,5,22,0.227,2,6,0.333,4,5,0.8,6,5,11,4,0,0,2,7,-8
0020100529,2002-01-15,2001-02,regular_season,False,1610612737,ATL,Atlanta Hawks,1610612742,DAL,Dallas Mavericks,24,22,W,9,21,0.429,0,3,0.0,6,8,0.75,7,8,15,3,3,1,4,2,2,9,20,0.45,4,12,0.333,0,0,0.0,2,6,8,8,4,0,4,6,-2
0020100528,2002-01-15,2001-02,regular_season,False,1610612754,IND,Indiana Pacers,1610612749,MIL,Milwaukee Bucks,27,21,W,8,24,0.333,3,12,0.25,8,10,0.8,5,9,14,6,2,0,3,11,6,5,15,0.333,2,5,0.4,9,12,0.75,1,7,8,2,1,3,6,7,-6
0020100527,2002-01-15,2001-02,regular_season,False,1610612764,WAS,Washington Wizards,1610612759,SAS,San Antonio Spurs,30,24,W,7,13,0.538,2,5,0.4,14,19,0.737,4,6,10,5,1,0,4,9,6,7,12,0.583,1,3,0.333,9,15,0.6,0,5,5,4,3,0,4,11,-6
0020100530,2002-01-15,2001-02,regular_season,False,1610612765,DET,Detroit Pistons,1610612761,TOR,Toronto Raptors,13,17,L,6,20,0.3,1,7,0.143,0,2,0.0,4,9,13,3,1,0,4,4,-4,7,21,0.333,0,3,0.0,3,5,0.6,4,10,14,3,2,0,2,4,4
0020100540,2002-01-16,2001-02,regular_season,False,1610612762,UTA,Utah Jazz,1610612760,SEA,Seattle SuperSonics,25,20,W,10,19,0.526,1,6,0.167,4,6,0.667,3,5,8,7,4,0,0,7,5,6,14,0.429,0,3,0.0,8,12,0.667,5,6,11,1,0,1,5,6,-5
0020100535,2002-01-16,2001-02,regular_season,False,1610612738,BOS,Boston Celtics,1610612752,NYK,New York Knicks,30,29,W,7,17,0.412,3,8,0.375,13,16,0.812,1,4,5,6,5,0,3,8,1,8,13,0.615,3,5,0.6,10,12,0.833,1,8,9,7,1,2,7,10,-1
0020100536,2002-01-16,2001-02,regular_season,False,1610612761,TOR,Toronto Raptors,1610612745,HOU,Houston Rockets,29,35,L,10,19,0.526,0,0,0.0,9,12,0.75,1,5,6,5,4,2,3,9,-6,12,19,0.632,6,8,0.75,5,6,0.833,1,7,8,7,1,0,5,9,6
0020100537,2002-01-16,2001-02,regular_season,False,1610612751,NJN,New Jersey Nets,1610612764,WAS,Washington Wizards,23,18,W,7,23,0.304,0,3,0.0,9,12,0.75,5,8,13,1,5,2,1,5,5,7,24,0.292,1,2,0.5,3,4,0.75,6,8,14,1,0,3,6,7,-5
0020100538,2002-01-16,2001-02,regular_season,False,1610612749,MIL,Milwaukee Bucks,1610612754,IND,Indiana Pacers,26,25,W,6,20,0.3,4,5,0.8,10,13,0.769,4,6,10,4,0,1,1,5,1,8,20,0.4,4,10,0.4,5,7,0.714,3,7,10,5,1,2,2,10,-1
0020100539,2002-01-16,2001-02,regular_season,False,1610612743,DEN,Denver Nuggets,1610612758,SAC,Sacramento Kings,21,29,L,10,21,0.476,1,4,0.25,0,0,0.0,2,5,7,6,2,1,4,7,-8,10,16,0.625,3,3,1.0,6,10,0.6,2,9,11,7,4,0,4,3,8
0020100541,2002-01-16,2001-02,regular_season,False,1610612756,PHX,Phoenix Suns,1610612757,POR,Portland Trail Blazers,31,33,L,11,24,0.458,2,7,0.286,7,7,1.0,4,6,10,5,2,1,3,9,-2,11,20,0.55,2,7,0.286,9,13,0.692,4,8,12,7,2,2,4,6,2
0020100542,2002-01-16,2001-02,regular_season,False,1610612747,LAL,Los Angeles Lakers,1610612748,MIA,Miami Heat,18,22,L,8,24,0.333,2,9,0.222,0,0,0.0,5,8,13,3,1,2,2,9,-4,7,16,0.438,0,1,0.0,8,8,1.0,1,8,9,3,0,2,2,2,4
0020100543,2002-01-16,2001-02,regular_season,False,1610612744,GSW,Golden State Warriors,1610612739,CLE,Cleveland Cavaliers,31,22,W,13,22,0.591,2,3,0.667,3,6,0.5,5,4,9,10,7,1,2,6,9,7,12,0.583,0,0,0.0,8,10,0.8,2,4,6,5,1,1,7,5,-9
0020100547,2002-01-17,2001-02,regular_season,False,1610612759,SAS,San Antonio Spurs,1610612762,UTA,Utah Jazz,29,25,W,8,18,0.444,3,5,0.6,10,11,0.909,3,5,8,2,2,1,0,6,4,8,19,0.421,0,5,0.0,9,11,0.818,4,8,12,4,0,0,3,7,-4
0020100546,2002-01-17,2001-02,regular_season,False,1610612763,MEM,Memphis Grizzlies,1610612742,DAL,Dallas Mavericks,29,26,W,12,19,0.632,3,6,0.5,2,2,1.0,1,8,9,5,2,1,2,4,3,11,22,0.5,2,5,0.4,2,3,0.667,3,5,8,7,1,1,2,4,-3
0020100548,2002-01-17,2001-02,regular_season,False,1610612757,POR,Portland Trail Blazers,1610612748,MIA,Miami Heat,21,28,L,8,20,0.4,4,10,0.4,1,2,0.5,4,5,9,3,1,0,4,5,-7,10,17,0.588,4,4,1.0,4,6,0.667,3,7,10,6,3,1,3,4,7
0020100544,2002-01-17,2001-02,regular_season,False,1610612766,CHH,Charlotte Hornets,1610612755,PHI,Philadelphia 76ers,17,19,L,7,20,0.35,1,5,0.2,2,2,1.0,2,9,11,2,4,2,4,5,-2,7,21,0.333,0,3,0.0,5,6,0.833,5,9,14,4,3,2,4,2,2
0020100545,2002-01-17,2001-02,regular_season,False,1610612737,ATL,Atlanta Hawks,1610612741,CHI,Chicago Bulls,26,26,L,9,16,0.562,4,7,0.571,4,4,1.0,0,6,6,7,2,2,5,6,0,10,20,0.5,0,3,0.0,6,9,0.667,5,5,10,7,4,1,4,5,0
0020100556,2002-01-18,2001-02,regular_season,False,1610612746,LAC,Los Angeles Clippers,1610612739,CLE,Cleveland Cavaliers,36,34,W,12,20,0.6,1,3,0.333,11,13,0.846,2,7,9,8,2,2,3,9,2,12,19,0.632,1,4,0.25,9,13,0.692,1,6,7,6,3,2,2,8,-2
0020100554,2002-01-18,2001-02,regular_season,False,1610612756,PHX,Phoenix Suns,1610612750,MIN,Minnesota Timberwolves,18,25,L,7,22,0.318,1,6,0.167,3,4,0.75,4,3,7,4,1,3,3,6,-7,8,19,0.421,1,4,0.25,8,8,1.0,2,8,10,3,0,1,2,5,7
0020100555,2002-01-18,2001-02,regular_season,False,1610612758,SAC,Sacramento Kings,1610612744,GSW,Golden State Warriors,28,15,W,9,19,0.474,2,4,0.5,8,13,0.615,4,10,14,7,4,2,3,6,13,4,18,0.222,1,2,0.5,6,9,0.667,3,9,12,2,1,2,6,10,-13
0020100553,2002-01-18,2001-02,regular_season,False,1610612743,DEN,Denver Nuggets,1610612760,SEA,Seattle SuperSonics,27,29,L,7,18,0.389,2,3,0.667,11,14,0.786,5,5,10,3,3,1,4,7,-2,12,21,0.571,2,7,0.286,3,4,0.75,4,5,9,7,1,0,5,9,2
0020100550,2002-01-18,2001-02,regular_season,False,1610612754,IND,Indiana Pacers,1610612765,DET,Detroit Pistons,27,25,W,10,18,0.556,1,4,0.25,6,7,0.857,0,9,9,3,2,0,4,9,2,7,17,0.412,2,3,0.667,9,11,0.818,2,7,9,4,2,2,4,7,-2
0020100551,2002-01-18,2001-02,regular_season,False,1610612738,BOS,Boston Celtics,1610612745,HOU,Houston Rockets,31,25,W,9,20,0.45,3,8,0.375,10,14,0.714,5,7,12,6,3,1,2,7,6,8,20,0.4,2,7,0.286,7,9,0.778,3,7,10,3,1,1,3,8,-6
0020100549,2002-01-18,2001-02,regular_season,False,1610612761,TOR,Toronto Raptors,1610612751,NJN,New Jersey Nets,23,16,W,9,23,0.391,2,7,0.286,3,4,0.75,4,8,12,5,1,0,1,4,7,6,20,0.3,1,5,0.2,3,5,0.6,3,8,11,0,1,1,3,7,-7
0020100552,2002-01-18,2001-02,regular_season,False,1610612749,MIL,Milwaukee Bucks,1610612753,ORL,Orlando Magic,42,27,W,13,20,0.65,3,3,1.0,13,13,1.0,4,8,12,9,1,1,1,5,15,10,23,0.435,3,7,0.429,4,4,1.0,4,3,7,6,0,3,1,7,-15
0020100568,2002-01-19,2001-02,regular_season,False,1610612760,SEA,Seattle SuperSonics,1610612743,DEN,Denver Nuggets,20,20,W,10,18,0.556,0,2,0.0,0,1,0.0,2,6,8,6,5,2,5,8,0,4,16,0.25,1,5,0.2,11,12,0.917,5,5,10,3,1,2,5,1,0
0020100567,2002-01-19,2001-02,regular_season,False,1610612757,POR,Portland Trail Blazers,1610612746,LAC,Los Angeles Clippers,21,26,L,9,20,0.45,1,4,0.25,2,3,0.667,2,10,12,9,1,2,3,6,-5,9,25,0.36,2,5,0.4,6,8,0.75,6,8,14,6,2,0,1,3,5
0020100566,2002-01-19,2001-02,regular_season,False,1610612763,MEM,Memphis Grizzlies,1610612753,ORL,Orlando Magic,24,23,W,8,22,0.364,0,4,0.0,8,8,1.0,5,6,11,5,1,2,2,4,1,10,19,0.526,2,2,1.0,1,4,0.25,3,8,11,6,1,3,3,6,-1
0020100565,2002-01-19,2001-02,regular_season,False,1610612742,DAL,Dallas Mavericks,1610612762,UTA,Utah Jazz,25,36,L,8,22,0.364,1,4,0.25,8,9,0.889,5,6,11,4,0,0,3,6,-11,14,22,0.636,2,4,0.5,6,7,0.857,2,8,10,11,2,4,1,7,11
0020100564,2002-01-19,2001-02,regular_season,False,1610612741,CHI,Chicago Bulls,1610612764,WAS,Washington Wizards,31,22,W,12,28,0.429,4,7,0.571,3,5,0.6,9,5,14,9,5,0,4,11,9,4,13,0.308,2,4,0.5,12,12,1.0,3,5,8,4,4,0,7,5,-9
0020100563,2002-01-19,2001-02,regular_season,False,1610612748,MIA,Miami Heat,1610612754,IND,Indiana Pacers,18,19,L,6,15,0.4,1,2,0.5,5,6,0.833,3,9,12,4,1,0,6,1,-1,8,20,0.4,3,8,0.375,0,0,0.0,0,6,6,4,2,1,2,6,1
0020100569,2002-01-19,2001-02,regular_season,False,1610612744,GSW,Golden State Warriors,1610612750,MIN,Minnesota Timberwolves,27,28,L,12,20,0.6,2,4,0.5,1,1,1.0,2,7,9,9,2,2,6,10,-1,8,19,0.421,1,2,0.5,11,13,0.846,2,6,8,6,5,0,4,5,1
0020100561,2002-01-19,2001-02,regular_season,False,1610612765,DET,Detroit Pistons,1610612738,BOS,Boston Celtics,27,9,W,9,27,0.333,4,11,0.364,9,11,0.818,3,13,16,7,3,6,5,6,18,9,26,0.346,1,7,0.143,3,4,0.75,2,14,16,4,3,1,7,7,-18
0020100560,2002-01-19,2001-02,regular_season,False,1610612766,CHH,Charlotte Hornets,1610612761,TOR,Toronto Raptors,17,15,W,5,17,0.294,1,3,0.333,6,8,0.75,6,8,14,4,2,3,5,6,2,5,17,0.294,1,3,0.333,4,6,0.667,3,7,10,3,3,1,4,6,-2
0020100559,2002-01-19,2001-02,regular_season,False,1610612737,ATL,Atlanta Hawks,1610612749,MIL,Milwaukee Bucks,26,34,L,9,24,0.375,3,6,0.5,5,6,0.833,6,4,10,3,1,1,3,9,-8,10,16,0.625,2,3,0.667,12,16,0.75,4,8,12,5,3,1,3,4,8
0020100558,2002-01-19,2001-02,regular_season,False,1610612759,SAS,San Antonio Spurs,1610612747,LAL,Los Angeles Lakers,18,29,L,8,18,0.444,0,1,0.0,2,2,1.0,0,4,4,3,2,1,4,1,-11,12,21,0.571,3,5,0.6,2,2,1.0,2,10,12,5,4,1,3,6,11
0020100557,2002-01-19,2001-02,regular_season,False,1610612755,PHI,Philadelphia 76ers,1610612752,NYK,New York Knicks,25,29,L,7,21,0.333,1,4,0.25,10,13,0.769,6,9,15,4,1,1,2,7,-4,10,21,0.476,3,7,0.429,6,8,0.75,2,9,11,3,0,0,2,8,4
0020100562,2002-01-19,2001-02,regular_season,False,1610612751,NJN,New Jersey Nets,1610612745,HOU,Houston Rockets,22,18,W,10,22,0.455,0,0,0.0,2,2,1.0,4,5,9,6,1,2,0,1,4,8,18,0.444,0,4,0.0,2,2,1.0,2,8,10,0,0,2,4,4,-4
0020100581,2002-01-21,2001-02,regular_season,False,1610612746,LAC,Los Angeles Clippers,1610612743,DEN,Denver Nuggets,27,18,W,9,20,0.45,1,4,0.25,8,12,0.667,5,7,12,6,2,5,0,5,9,8,22,0.364,0,3,0.0,2,4,0.5,5,5,10,4,0,2,3,8,-9
0020100580,2002-01-21,2001-02,regular_season,False,1610612758,SAC,Sacramento Kings,1610612763,MEM,Memphis Grizzlies,21,24,L,10,26,0.385,1,6,0.167,0,0,0.0,5,8,13,3,4,0,3,7,-3,8,17,0.471,2,4,0.5,6,9,0.667,3,9,12,7,3,0,6,0,3
0020100579,2002-01-21,2001-02,regular_season,False,1610612738,BOS,Boston Celtics,1610612761,TOR,Toronto Raptors,31,26,W,12,18,0.667,4,6,0.667,3,3,1.0,2,6,8,8,0,1,4,6,5,8,19,0.421,4,6,0.667,6,6,1.0,3,3,6,7,1,0,2,3,-5
0020100578,2002-01-21,2001-02,regular_season,False,1610612739,CLE,Cleveland Cavaliers,1610612748,MIA,Miami Heat,23,19,W,7,16,0.438,0,3,0.0,9,11,0.818,3,9,12,5,1,2,6,8,4,8,19,0.421,1,3,0.333,2,4,0.5,0,7,7,7,1,1,3,9,-4
0020100577,2002-01-21,2001-02,regular_season,False,1610612750,MIN,Minnesota Timberwolves,1610612764,WAS,Washington Wizards,22,22,W,7,18,0.389,1,4,0.25,7,8,0.875,2,10,12,6,0,2,2,5,0,7,26,0.269,3,9,0.333,5,6,0.833,7,8,15,6,2,0,1,6,0
0020100576,2002-01-21,2001-02,regular_season,False,1610612744,GSW,Golden State Warriors,1610612762,UTA,Utah Jazz,31,30,W,10,20,0.5,3,3,1.0,8,10,0.8,4,5,9,4,3,0,2,12,1,8,17,0.471,0,0,0.0,14,19,0.737,5,6,11,6,1,1,3,7,-1
0020100574,2002-01-21,2001-02,regular_season,False,1610612742,DAL,Dallas Mavericks,1610612751,NJN,New Jersey Nets,33,24,W,8,17,0.471,0,4,0.0,17,19,0.895,4,13,17,4,3,2,4,3,9,10,28,0.357,3,9,0.333,1,2,0.5,5,5,10,9,4,1,3,11,-9
0020100573,2002-01-21,2001-02,regular_season,False,1610612765,DET,Detroit Pistons,1610612749,MIL,Milwaukee Bucks,19,28,L,8,18,0.444,3,6,0.5,0,4,0.0,0,6,6,3,1,0,2,4,-9,10,23,0.435,2,4,0.5,7,10,0.7,7,11,18,5,1,3,3,4,9
0020100572,2002-01-21,2001-02,regular_season,False,1610612737,ATL,Atlanta Hawks,1610612745,HOU,Houston Rockets,28,26,W,8,16,0.5,2,3,0.667,10,13,0.769,2,9,11,6,1,2,5,6,2,10,24,0.417,1,10,0.1,5,8,0.625,6,5,11,2,3,1,4,8,-2
0020100571,2002-01-21,2001-02,regular_season,False,1610612755,PHI,Philadelphia 76ers,1610612760,SEA,Seattle SuperSonics,33,24,W,9,20,0.45,4,7,0.571,11,15,0.733,3,5,8,7,4,0,4,9,9,6,12,0.5,1,3,0.333,11,12,0.917,2,9,11,4,1,0,10,10,-9
0020100570,2002-01-21,2001-02,regular_season,False,1610612752,NYK,New York Knicks,1610612766,CHH,Charlotte Hornets,17,19,L,7,21,0.333,0,4,0.0,3,4,0.75,4,7,11,4,1,1,3,2,-2,8,19,0.421,0,1,0.0,3,3,1.0,3,9,12,7,3,0,5,6,2
0020100575,2002-01-21,2001-02,regular_season,False,1610612741,CHI,Chicago Bulls,1610612754,IND,Indiana Pacers,20,24,L,9,19,0.474,1,3,0.333,1,1,1.0,1,6,7,8,4,0,8,5,-4,11,19,0.579,1,4,0.25,1,1,1.0,1,9,10,7,4,1,7,3,4
0020100587,2002-01-22,2001-02,regular_season,False,1610612759,SAS,San Antonio Spurs,1610612751,NJN,New Jersey Nets,22,21,W,6,19,0.316,2,9,0.222,8,12,0.667,5,6,11,2,2,2,3,8,1,7,17,0.412,0,1,0.0,7,8,0.875,4,7,11,3,0,0,4,10,-1
0020100588,2002-01-22,2001-02,regular_season,False,1610612747,LAL,Los Angeles Lakers,1610612743,DEN,Denver Nuggets,18,30,L,6,19,0.316,1,7,0.143,5,8,0.625,3,8,11,4,2,0,5,9,-12,8,16,0.5,5,6,0.833,9,11,0.818,0,10,10,6,2,1,2,7,12
0020100586,2002-01-22,2001-02,regular_season,False,1610612745,HOU,Houston Rockets,1610612742,DAL,Dallas Mavericks,30,29,W,11,26,0.423,2,10,0.2,6,7,0.857,4,7,11,6,2,1,2,8,1,8,21,0.381,3,7,0.429,10,10,1.0,3,9,12,4,0,3,3,7,-1
0020100589,2002-01-22,2001-02,regular_season,False,1610612757,POR,Portland Trail Blazers,1610612758,SAC,Sacramento Kings,20,22,L,7,20,0.35,0,2,0.0,6,8,0.75,5,8,13,3,0,1,4,5,-2,9,21,0.429,0,2,0.0,4,5,0.8,2,8,10,5,2,3,2,6,2
0020100584,2002-01-22,2001-02,regular_season,False,1610612748,MIA,Miami Heat,1610612741,CHI,Chicago Bulls,29,17,W,7,15,0.467,2,6,0.333,13,13,1.0,1,10,11,5,2,0,4,4,12,6,19,0.316,3,7,0.429,2,6,0.333,1,7,8,3,4,1,4,11,-12
0020100583,2002-01-22,2001-02,regular_season,False,1610612753,ORL,Orlando Magic,1610612737,ATL,Atlanta Hawks,25,25,W,9,15,0.6,0,1,0.0,7,9,0.778,0,8,8,8,2,1,3,6,0,9,18,0.5,1,2,0.5,6,8,0.75,1,7,8,4,2,1,3,5,0
0020100582,2002-01-22,2001-02,regular_season,False,1610612764,WAS,Washington Wizards,1610612755,PHI,Philadelphia 76ers,22,20,W,8,18,0.444,0,5,0.0,6,8,0.75,4,5,9,6,5,0,5,8,2,7,13,0.538,1,4,0.25,5,7,0.714,2,6,8,5,3,3,6,7,-2
0020100585,2002-01-22,2001-02,regular_season,False,1610612749,MIL,Milwaukee Bucks,1610612756,PHX,Phoenix Suns,25,23,W,7,22,0.318,0,6,0.0,11,13,0.846,4,11,15,4,2,2,1,5,2,9,24,0.375,1,4,0.25,4,5,0.8,4,11,15,6,0,3,2,8,-2
0020100595,2002-01-23,2001-02,regular_season,False,1610612746,LAC,Los Angeles Clippers,1610612747,LAL,Los Angeles Lakers,25,20,W,9,22,0.409,1,1,1.0,6,8,0.75,5,8,13,4,2,2,3,7,5,5,15,0.333,2,6,0.333,8,12,0.667,2,8,10,4,1,0,4,7,-5
0020100594,2002-01-23,2001-02,regular_season,False,1610612762,UTA,Utah Jazz,1610612759,SAS,San Antonio Spurs,26,18,W,11,22,0.5,1,5,0.2,3,3,1.0,3,7,10,8,4,0,3,8,8,4,12,0.333,0,1,0.0,10,10,1.0,0,6,6,2,2,2,7,3,-8
0020100593,2002-01-23,2001-02,regular_season,False,1610612761,TOR,Toronto Raptors,1610612752,NYK,New York Knicks,22,21,W,8,21,0.381,0,4,0.0,6,8,0.75,5,9,14,3,3,2,4,6,1,7,19,0.368,2,4,0.5,5,7,0.714,3,6,9,1,2,0,3,5,-1
0020100596,2002-01-23,2001-02,regular_season,False,1610612744,GSW,Golden State Warriors,1610612763,MEM,Memphis Grizzlies,30,20,W,12,21,0.571,1,4,0.25,5,6,0.833,4,8,12,7,0,2,2,10,10,5,11,0.455,0,1,0.0,10,14,0.714,1,5,6,2,0,0,3,5,-10
0020100591,2002-01-23,2001-02,regular_season,False,1610612766,CHH,Charlotte Hornets,1610612760,SEA,Seattle SuperSonics,26,30,L,7,15,0.467,2,4,0.5,10,14,0.714,1,5,6,7,0,1,2,2,-4,13,24,0.542,3,8,0.375,1,2,0.5,4,8,12,4,2,2,2,8,4
0020100590,2002-01-23,2001-02,regular_season,False,1610612738,BOS,Boston Celtics,1610612754,IND,Indiana Pacers,20,20,W,8,20,0.4,1,6,0.167,3,4,0.75,2,11,13,6,2,1,3,6,0,8,22,0.364,2,10,0.2,2,6,0.333,4,10,14,5,1,1,3,5,0
0020100592,2002-01-23,2001-02,regular_season,False,1610612765,DET,Detroit Pistons,1610612750,MIN,Minnesota Timberwolves,23,26,L,10,25,0.4,2,4,0.5,1,4,0.25,7,8,15,5,3,0,5,7,-3,10,23,0.435,1,8,0.125,5,6,0.833,4,8,12,4,4,0,5,6,3
0020100597,2002-01-24,2001-02,regular_season,False,1610612764,WAS,Washington Wizards,1610612739,CLE,Cleveland Cavaliers,17,18,L,6,20,0.3,0,2,0.0,5,6,0.833,5,9,14,4,0,1,1,6,-1,5,18,0.278,0,0,0.0,8,10,0.8,4,8,12,4,1,1,0,6,1
0020100598,2002-01-24,2001-02,regular_season,False,1610612752,NYK,New York Knicks,1610612756,PHX,Phoenix Suns,24,13,W,8,23,0.348,1,2,0.5,7,7,1.0,6,9,15,5,1,3,2,7,11,3,14,0.214,0,2,0.0,7,11,0.636,2,6,8,1,1,1,4,7,-11
0020100599,2002-01-24,2001-02,regular_season,False,1610612753,ORL,Orlando Magic,1610612748,MIA,Miami Heat,24,19,W,7,17,0.412,2,8,0.25,8,13,0.615,3,9,12,5,1,1,2,10,5,6,18,0.333,0,1,0.0,8,10,0.8,3,10,13,3,1,1,4,8,-5
0020100600,2002-01-24,2001-02,regular_season,False,1610612749,MIL,Milwaukee Bucks,1610612760,SEA,Seattle SuperSonics,14,22,L,5,20,0.25,2,7,0.286,2,4,0.5,7,4,11,4,1,0,3,3,-8,9,18,0.5,2,5,0.4,2,2,1.0,3,9,12,6,1,0,4,4,8
0020100601,2002-01-24,2001-02,regular_season,False,1610612745,HOU,Houston Rockets,1610612751,NJN,New Jersey Nets,26,20,W,5,20,0.25,1,5,0.2,15,16,0.938,5,8,13,2,3,3,2,8,6,6,20,0.3,0,1,0.0,8,13,0.615,8,10,18,2,0,1,5,9,-6
0020100602,2002-01-24,2001-02,regular_season,False,1610612743,DEN,Denver Nuggets,1610612742,DAL,Dallas Mavericks,29,29,L,11,26,0.423,2,7,0.286,5,6,0.833,2,6,8,7,1,1,0,9,0,7,16,0.438,4,5,0.8,11,14,0.786,2,11,13,5,0,2,6,7,0
0020100603,2002-01-24,2001-02,regular_season,False,1610612758,SAC,Sacramento Kings,1610612762,UTA,Utah Jazz,27,21,W,11,23,0.478,2,3,0.667,3,8,0.375,7,9,16,4,0,0,2,7,6,8,21,0.381,0,3,0.0,5,8,0.625,3,7,10,4,1,0,0,5,-6
0020100604,2002-01-24,2001-02,regular_season,False,1610612757,POR,Portland Trail Blazers,1610612763,MEM,Memphis Grizzlies,25,32,L,11,25,0.44,1,1,1.0,2,3,0.667,6,6,12,8,1,2,4,3,-7,15,26,0.577,2,4,0.5,0,2,0.0,3,8,11,10,4,2,2,3,7
0020100609,2002-01-25,2001-02,regular_season,False,1610612747,LAL,Los Angeles Lakers,1610612759,SAS,San Antonio Spurs,21,26,L,6,15,0.4,0,2,0.0,9,11,0.818,2,5,7,2,2,1,1,5,-5,11,20,0.55,2,3,0.667,2,2,1.0,3,6,9,4,0,0,4,6,5
0020100608,2002-01-25,2001-02,regular_season,False,1610612737,ATL,Atlanta Hawks,1610612765,DET,Detroit Pistons,30,26,W,11,21,0.524,2,4,0.5,6,8,0.75,3,6,9,8,4,1,4,9,4,7,13,0.538,1,3,0.333,11,14,0.786,1,7,8,4,4,2,6,7,-4
0020100605,2002-01-25,2001-02,regular_season,False,1610612761,TOR,Toronto Raptors,1610612750,MIN,Minnesota Timberwolves,20,33,L,5,15,0.333,1,4,0.25,9,17,0.529,2,8,10,4,2,2,5,8,-13,11,25,0.44,1,8,0.125,10,11,0.909,6,11,17,5,3,3,3,13,13
0020100606,2002-01-25,2001-02,regular_season,False,1610612754,IND,Indiana Pacers,1610612766,CHH,Charlotte Hornets,22,22,W,5,12,0.417,2,2,1.0,10,13,0.769,2,9,11,4,1,2,6,2,0,10,28,0.357,1,7,0.143,1,2,0.5,8,6,14,5,3,0,2,9,0
0020100607,2002-01-25,2001-02,regular_season,False,1610612738,BOS,Boston Celtics,1610612755,PHI,Philadelphia 76ers,17,23,L,6,16,0.375,0,6,0.0,5,7,0.714,3,6,9,3,3,1,5,5,-6,8,23,0.348,1,2,0.5,6,6,1.0,9,7,16,4,3,1,4,4,6
0020100620,2002-01-26,2001-02,regular_season,False,1610612744,GSW,Golden State Warriors,1610612759,SAS,San Antonio Spurs,27,22,W,9,23,0.391,1,6,0.167,8,10,0.8,5,9,14,5,1,2,2,6,5,7,17,0.412,2,4,0.5,6,9,0.667,1,8,9,5,0,1,4,7,-5
0020100619,2002-01-26,2001-02,regular_season,False,1610612746,LAC,Los Angeles Clippers,1610612742,DAL,Dallas Mavericks,17,36,L,7,26,0.269,2,10,0.2,1,3,0.333,4,6,10,6,1,2,5,8,-19,11,19,0.579,4,6,0.667,10,12,0.833,0,10,10,8,3,2,1,5,19
0020100618,2002-01-26,2001-02,regular_season,False,1610612741,CHI,Chicago Bulls,1610612763,MEM,Memphis Grizzlies,26,13,W,10,17,0.588,4,4,1.0,2,2,1.0,3,6,9,6,3,1,5,6,13,4,13,0.308,1,3,0.333,4,6,0.667,2,4,6,0,4,1,7,6,-13
0020100617,2002-01-26,2001-02,regular_season,False,1610612750,MIN,Minnesota Timberwolves,1610612737,ATL,Atlanta Hawks,22,22,W,8,23,0.348,0,1,0.0,6,10,0.6,4,8,12,5,4,0,4,8,0,6,17,0.353,0,2,0.0,10,14,0.714,4,9,13,4,3,2,7,6,0
0020100615,2002-01-26,2001-02,regular_season,False,1610612739,CLE,Cleveland Cavaliers,1610612738,BOS,Boston Celtics,22,30,L,6,18,0.333,3,10,0.3,7,12,0.583,5,6,11,4,0,2,3,6,-8,12,22,0.545,3,8,0.375,3,6,0.5,3,6,9,6,1,0,1,6,8
0020100616,2002-01-26,2001-02,regular_season,False,1610612754,IND,Indiana Pacers,1610612760,SEA,Seattle SuperSonics,15,27,L,5,16,0.312,0,7,0.0,5,9,0.556,3,7,10,3,0,1,4,8,-12,8,20,0.4,2,6,0.333,9,10,0.9,5,8,13,4,2,0,2,8,12
0020100613,2002-01-26,2001-02,regular_season,False,1610612766,CHH,Charlotte Hornets,1610612745,HOU,Houston Rockets,19,19,L,8,16,0.5,1,3,0.333,2,3,0.667,1,9,10,5,0,3,4,5,0,8,22,0.364,0,1,0.0,3,4,0.75,5,5,10,2,2,2,1,3,0
0020100612,2002-01-26,2001-02,regular_season,False,1610612762,UTA,Utah Jazz,1610612758,SAC,Sacramento Kings,22,26,L,9,21,0.429,0,3,0.0,4,4,1.0,4,6,10,5,2,0,4,3,-4,10,22,0.455,4,7,0.571,2,2,1.0,5,8,13,7,4,0,6,6,4
0020100611,2002-01-26,2001-02,regular_season,False,1610612749,MIL,Milwaukee Bucks,1610612752,NYK,New York Knicks,32,29,W,11,18,0.611,6,6,1.0,4,7,0.571,2,8,10,8,2,1,4,8,3,9,17,0.529,5,7,0.714,6,8,0.75,0,6,6,7,1,0,2,6,-3
0020100610,2002-01-26,2001-02,regular_season,False,1610612748,MIA,Miami Heat,1610612751,NJN,New Jersey Nets,20,20,W,7,16,0.438,0,1,0.0,6,9,0.667,5,10,15,1,0,0,4,3,0,8,19,0.421,2,4,0.5,2,4,0.5,2,5,7,6,3,1,0,6,0
0020100614,2002-01-26,2001-02,regular_season,False,1610612764,WAS,Washington Wizards,1610612756,PHX,Phoenix Suns,37,43,L,9,15,0.6,0,0,0.0,19,21,0.905,3,6,9,5,1,0,4,7,-6,15,28,0.536,5,13,0.385,8,8,1.0,6,4,10,6,1,1,2,12,6
0020100621,2002-01-27,2001-02,regular_season,False,1610612761,TOR,Toronto Raptors,1610612753,ORL,Orlando Magic,25,30,L,12,23,0.522,1,2,0.5,0,1,0.0,5,6,11,6,0,0,3,3,-5,10,19,0.526,4,10,0.4,6,6,1.0,2,7,9,5,3,1,3,4,5
0020100622,2002-01-27,2001-02,regular_season,False,1610612755,PHI,Philadelphia 76ers,1610612747,LAL,Los Angeles Lakers,30,20,W,9,19,0.474,0,0,0.0,12,12,1.0,4,8,12,5,2,1,2,8,10,6,16,0.375,1,7,0.143,7,9,0.778,2,6,8,3,0,1,4,7,-10
0020100624,2002-01-28,2001-02,regular_season,False,1610612762,UTA,Utah Jazz,1610612748,MIA,Miami Heat,23,20,W,6,12,0.5,1,1,1.0,10,13,0.769,1,6,7,6,1,1,2,3,3,8,21,0.381,0,4,0.0,4,5,0.8,6,5,11,3,1,1,3,9,-3
0020100623,2002-01-28,2001-02,regular_season,False,1610612763,MEM,Memphis Grizzlies,1610612746,LAC,Los Angeles Clippers,24,25,L,8,19,0.421,0,1,0.0,8,10,0.8,5,6,11,5,1,1,2,9,-1,10,22,0.455,0,1,0.0,5,6,0.833,5,4,9,5,1,1,2,9,1
0020100633,2002-01-29,2001-02,regular_season,False,1610612743,DEN,Denver Nuggets,1610612748,MIA,Miami Heat,21,24,L,7,18,0.389,2,4,0.5,5,6,0.833,3,4,7,3,2,1,2,3,-3,11,17,0.647,1,2,0.5,1,1,1.0,1,4,5,6,2,2,3,6,3
0020100632,2002-01-29,2001-02,regular_season,False,1610612759,SAS,San Antonio Spurs,1610612766,CHH,Charlotte Hornets,10,13,L,3,22,0.136,1,10,0.1,3,4,0.75,4,9,13,1,3,2,3,4,-3,3,18,0.167,1,2,0.5,6,6,1.0,3,16,19,1,1,3,5,6,3
0020100635,2002-01-29,2001-02,regular_season,False,1610612760,SEA,Seattle SuperSonics,1610612757,POR,Portland Trail Blazers,17,24,L,8,20,0.4,1,3,0.333,0,0,0.0,2,7,9,4,0,0,5,8,-7,9,17,0.529,2,3,0.667,4,6,0.667,1,9,10,5,2,3,3,5,7
0020100634,2002-01-29,2001-02,regular_season,False,1610612756,PHX,Phoenix Suns,1610612741,CHI,Chicago Bulls,15,22,L,7,17,0.412,0,2,0.0,1,1,1.0,1,5,6,5,0,1,5,6,-7,7,16,0.438,1,4,0.25,7,8,0.875,1,6,7,4,2,1,3,4,7
0020100631,2002-01-29,2001-02,regular_season,False,1610612745,HOU,Houston Rockets,1610612744,GSW,Golden State Warriors,26,19,W,9,19,0.474,1,4,0.25,7,7,1.0,6,5,11,4,2,0,3,6,7,8,19,0.421,0,3,0.0,3,3,1.0,4,3,7,3,0,2,6,4,-7
0020100630,2002-01-29,2001-02,regular_season,False,1610612742,DAL,Dallas Mavericks,1610612746,LAC,Los Angeles Clippers,19,35,L,8,24,0.333,0,7,0.0,3,3,1.0,4,6,10,4,1,2,2,5,-16,13,23,0.565,4,6,0.667,5,5,1.0,4,10,14,9,2,3,2,4,16
0020100629,2002-01-29,2001-02,regular_season,False,1610612749,MIL,Milwaukee Bucks,1610612738,BOS,Boston Celtics,23,24,L,7,14,0.5,2,5,0.4,7,9,0.778,1,9,10,5,1,0,7,7,-1,7,20,0.35,2,5,0.4,8,8,1.0,4,5,9,4,4,1,3,7,1
0020100628,2002-01-29,2001-02,regular_season,False,1610612737,ATL,Atlanta Hawks,1610612747,LAL,Los Angeles Lakers,24,25,L,10,24,0.417,1,2,0.5,3,4,0.75,5,9,14,5,4,1,5,3,-1,10,24,0.417,2,7,0.286,3,4,0.75,5,9,14,5,4,1,5,3,1
0020100627,2002-01-29,2001-02,regular_season,False,1610612752,NYK,New York Knicks,1610612755,PHI,Philadelphia 76ers,19,14,W,7,17,0.412,1,5,0.2,4,5,0.8,3,11,14,4,3,4,6,5,5,6,22,0.273,0,2,0.0,2,6,0.333,5,7,12,5,5,0,5,8,-5
0020100626,2002-01-29,2001-02,regular_season,False,1610612739,CLE,Cleveland Cavaliers,1610612750,MIN,Minnesota Timberwolves,29,23,W,10,19,0.526,2,3,0.667,7,7,1.0,2,8,10,5,4,5,5,5,6,8,25,0.32,4,12,0.333,3,4,0.75,6,6,12,7,1,1,7,6,-6
0020100625,2002-01-29,2001-02,regular_season,False,1610612764,WAS,Washington Wizards,1610612765,DET,Detroit Pistons,18,13,W,8,21,0.381,0,1,0.0,2,2,1.0,4,11,15,2,2,1,3,5,5,5,17,0.294,1,6,0.167,2,4,0.5,1,7,8,2,0,0,3,5,-5
0020100636,2002-01-30,2001-02,regular_season,False,1610612755,PHI,Philadelphia 76ers,1610612750,MIN,Minnesota Timberwolves,27,21,W,10,17,0.588,0,1,0.0,7,8,0.875,2,7,9,7,2,0,4,2,6,9,24,0.375,2,6,0.333,1,2,0.5,5,3,8,7,2,2,4,7,-6
0020100637,2002-01-30,2001-02,regular_season,False,1610612754,IND,Indiana Pacers,1610612763,MEM,Memphis Grizzlies,29,16,W,12,22,0.545,4,6,0.667,1,2,0.5,2,10,12,10,1,5,1,2,13,7,19,0.368,1,1,1.0,1,2,0.5,2,8,10,4,0,1,4,1,-13
0020100638,2002-01-30,2001-02,regular_season,False,1610612765,DET,Detroit Pistons,1610612737,ATL,Atlanta Hawks,28,19,W,9,18,0.5,5,8,0.625,5,6,0.833,3,5,8,7,2,3,4,5,9,7,18,0.389,2,5,0.4,3,6,0.5,3,7,10,4,2,1,4,8,-9
0020100639,2002-01-30,2001-02,regular_season,False,1610612753,ORL,Orlando Magic,1610612747,LAL,Los Angeles Lakers,16,36,L,7,24,0.292,2,8,0.25,0,0,0.0,2,7,9,6,0,1,5,9,-20,12,22,0.545,1,2,0.5,11,14,0.786,4,11,15,8,1,2,0,1,20
0020100640,2002-01-30,2001-02,regular_season,False,1610612762,UTA,Utah Jazz,1610612741,CHI,Chicago Bulls,21,21,W,6,12,0.5,2,2,1.0,7,9,0.778,2,5,7,4,1,2,6,7,0,6,17,0.353,1,7,0.143,8,10,0.8,6,3,9,4,5,0,3,7,0
0020100647,2002-01-31,2001-02,regular_season,False,1610612760,SEA,Seattle SuperSonics,1610612758,SAC,Sacramento Kings,19,23,L,8,23,0.348,3,6,0.5,0,0,0.0,2,7,9,7,1,0,1,8,-4,6,18,0.333,4,8,0.5,7,10,0.7,4,10,14,3,1,1,1,3,4
0020100646,2002-01-31,2001-02,regular_season,False,1610612757,POR,Portland Trail Blazers,1610612756,PHX,Phoenix Suns,24,30,L,4,19,0.211,0,1,0.0,16,18,0.889,6,10,16,2,2,2,4,4,-6,11,25,0.44,1,7,0.143,7,8,0.875,3,7,10,7,2,1,2,10,6
0020100645,2002-01-31,2001-02,regular_season,False,1610612742,DAL,Dallas Mavericks,1610612745,HOU,Houston Rockets,32,28,W,13,21,0.619,1,2,0.5,5,10,0.5,4,7,11,4,3,1,2,5,4,11,22,0.5,2,5,0.4,4,6,0.667,4,7,11,7,2,1,3,7,-4
0020100641,2002-01-31,2001-02,regular_season,False,1610612761,TOR,Toronto Raptors,1610612738,BOS,Boston Celtics,34,17,W,10,18,0.556,1,3,0.333,13,16,0.812,3,10,13,6,6,3,4,6,17,4,17,0.235,2,8,0.25,7,8,0.875,0,2,2,3,2,0,8,9,-17
0020100643,2002-01-31,2001-02,regular_season,False,1610612751,NJN,New Jersey Nets,1610612749,MIL,Milwaukee Bucks,32,14,W,12,19,0.632,3,5,0.6,5,5,1.0,2,11,13,8,3,0,4,6,18,5,20,0.25,2,5,0.4,2,5,0.4,2,4,6,3,3,0,5,6,-18
0020100642,2002-01-31,2001-02,regular_season,False,1610612739,CLE,Cleveland Cavaliers,1610612764,WAS,Washington Wizards,18,22,L,7,16,0.438,2,4,0.5,2,2,1.0,1,6,7,4,2,0,4,8,-4,6,19,0.316,2,3,0.667,8,10,0.8,5,8,13,5,1,0,3,4,4
0020100644,2002-01-31,2001-02,regular_season,False,1610612759,SAS,San Antonio Spurs,1610612746,LAC,Los Angeles Clippers,22,22,L,6,19,0.316,0,1,0.0,10,10,1.0,4,9,13,4,1,4,3,5,0,7,18,0.389,1,3,0.333,7,8,0.875,1,8,9,4,1,2,1,7,0
0020100654,2002-02-01,2001-02,regular_season,False,1610612745,HOU,Houston Rockets,1610612766,CHH,Charlotte Hornets,22,15,W,7,16,0.438,3,7,0.429,5,5,1.0,1,9,10,5,2,1,3,5,7,6,19,0.316,0,2,0.0,3,6,0.5,3,5,8,4,1,0,2,5,-7
0020100656,2002-02-01,2001-02,regular_season,False,1610612758,SAC,Sacramento Kings,1610612743,DEN,Denver Nuggets,29,23,W,10,23,0.435,1,4,0.25,8,10,0.8,9,10,19,2,2,1,5,8,6,9,24,0.375,0,1,0.0,5,10,0.5,7,5,12,4,1,1,2,6,-6
0020100655,2002-02-01,2001-02,regular_season,False,1610612756,PHX,Phoenix Suns,1610612744,GSW,Golden State Warriors,27,33,L,5,18,0.278,0,3,0.0,17,23,0.739,7,3,10,3,2,3,1,4,-6,13,24,0.542,2,7,0.286,5,5,1.0,5,7,12,7,1,1,3,13,6
0020100653,2002-02-01,2001-02,regular_season,False,1610612763,MEM,Memphis Grizzlies,1610612747,LAL,Los Angeles Lakers,16,32,L,7,18,0.389,0,4,0.0,2,2,1.0,2,3,5,5,1,2,4,5,-16,14,20,0.7,4,5,0.8,0,0,0.0,2,8,10,10,3,1,2,5,16
0020100648,2002-02-01,2001-02,regular_season,False,1610612764,WAS,Washington Wizards,1610612737,ATL,Atlanta Hawks,21,25,L,5,19,0.263,0,3,0.0,11,14,0.786,4,5,9,2,5,0,1,3,-4,9,14,0.643,4,6,0.667,3,4,0.75,1,11,12,4,1,3,8,9,4
0020100651,2002-02-01,2001-02,regular_season,False,1610612748,MIA,Miami Heat,1610612759,SAS,San Antonio Spurs,23,14,W,8,17,0.471,3,5,0.6,4,6,0.667,1,8,9,7,0,0,2,6,9,6,15,0.4,0,2,0.0,2,4,0.5,0,8,8,2,1,0,5,8,-9
0020100650,2002-02-01,2001-02,regular_season,False,1610612738,BOS,Boston Celtics,1610612750,MIN,Minnesota Timberwolves,19,24,L,8,19,0.421,0,4,0.0,3,4,0.75,2,8,10,5,1,1,3,9,-5,7,20,0.35,1,5,0.2,9,10,0.9,3,9,12,5,2,2,1,5,5
0020100649,2002-02-01,2001-02,regular_season,False,1610612754,IND,Indiana Pacers,1610612752,NYK,New York Knicks,20,17,W,7,14,0.5,0,2,0.0,6,8,0.75,2,9,11,5,0,4,5,6,3,8,20,0.4,1,4,0.25,0,4,0.0,1,5,6,2,4,1,2,6,-3
0020100652,2002-02-01,2001-02,regular_season,False,1610612765,DET,Detroit Pistons,1610612753,ORL,Orlando Magic,20,20,L,7,17,0.412,1,4,0.25,5,9,0.556,5,6,11,3,6,2,6,6,0,8,18,0.444,0,1,0.0,4,5,0.8,3,5,8,2,4,2,6,7,0
0020100657,2002-02-02,2001-02,regular_season,False,1610612751,NJN,New Jersey Nets,1610612761,TOR,Toronto Raptors,22,23,L,5,15,0.333,1,4,0.25,11,12,0.917,1,6,7,3,3,0,2,4,-1,10,21,0.476,0,3,0.0,3,3,1.0,3,8,11,5,2,1,4,8,1
0020100658,2002-02-02,2001-02,regular_season,False,1610612762,UTA,Utah Jazz,1610612757,POR,Portland Trail Blazers,24,28,L,8,16,0.5,3,6,0.5,5,6,0.833,3,7,10,7,4,0,5,6,-4,9,17,0.529,5,8,0.625,5,6,0.833,2,4,6,6,3,1,4,3,4
0020100659,2002-02-02,2001-02,regular_season,False,1610612749,MIL,Milwaukee Bucks,1610612755,PHI,Philadelphia 76ers,16,29,L,7,20,0.35,1,6,0.167,1,1,1.0,3,4,7,5,2,2,6,10,-13,8,14,0.571,1,4,0.25,12,14,0.857,3,9,12,3,3,2,4,4,13
0020100660,2002-02-02,2001-02,regular_season,False,1610612737,ATL,Atlanta Hawks,1610612746,LAC,Los Angeles Clippers,28,25,W,9,18,0.5,3,4,0.75,7,12,0.583,1,9,10,6,0,0,1,9,3,8,21,0.381,2,8,0.25,7,11,0.636,6,10,16,4,1,0,2,6,-3
0020100661,2002-02-02,2001-02,regular_season,False,1610612739,CLE,Cleveland Cavaliers,1610612765,DET,Detroit Pistons,30,32,L,10,25,0.4,4,6,0.667,6,8,0.75,6,5,11,5,2,1,2,11,-2,6,15,0.4,1,1,1.0,19,23,0.826,4,8,12,6,2,1,2,6,2
0020100662,2002-02-02,2001-02,regular_season,False,1610612760,SEA,Seattle SuperSonics,1610612741,CHI,Chicago Bulls,22,41,L,8,17,0.471,3,4,0.75,3,5,0.6,5,3,8,6,0,1,8,10,-19,13,20,0.65,6,8,0.75,9,12,0.75,3,4,7,9,4,0,1,3,19
0020100669,2002-02-03,2001-02,regular_season,False,1610612738,BOS,Boston Celtics,1610612746,LAC,Los Angeles Clippers,23,13,W,8,20,0.4,3,5,0.6,4,6,0.667,3,11,14,5,4,1,3,7,10,3,17,0.176,0,4,0.0,7,11,0.636,1,8,9,1,3,1,5,5,-10
0020100672,2002-02-03,2001-02,regular_season,False,1610612757,POR,Portland Trail Blazers,1610612741,CHI,Chicago Bulls,19,25,L,6,18,0.333,1,3,0.333,6,8,0.75,4,10,14,4,2,1,4,3,-6,9,22,0.409,4,9,0.444,3,4,0.75,4,7,11,7,3,2,3,5,6
0020100671,2002-02-03,2001-02,regular_season,False,1610612744,GSW,Golden State Warriors,1610612756,PHX,Phoenix Suns,18,21,L,7,21,0.333,0,1,0.0,4,4,1.0,2,8,10,4,0,1,3,5,-3,10,23,0.435,1,3,0.333,0,0,0.0,5,8,13,6,0,2,2,3,3
0020100668,2002-02-03,2001-02,regular_season,False,1610612742,DAL,Dallas Mavericks,1610612747,LAL,Los Angeles Lakers,22,25,L,7,20,0.35,1,8,0.125,7,11,0.636,1,11,12,4,0,1,2,10,-3,7,21,0.333,1,8,0.125,10,14,0.714,4,11,15,6,1,1,2,7,3
0020100666,2002-02-03,2001-02,regular_season,False,1610612750,MIN,Minnesota Timberwolves,1610612758,SAC,Sacramento Kings,32,27,W,11,22,0.5,1,3,0.333,9,9,1.0,4,10,14,6,1,3,3,9,5,9,24,0.375,1,4,0.25,8,9,0.889,3,5,8,5,1,1,1,8,-5
0020100665,2002-02-03,2001-02,regular_season,False,1610612753,ORL,Orlando Magic,1610612759,SAS,San Antonio Spurs,23,24,L,7,24,0.292,0,0,0.0,9,12,0.75,6,7,13,4,2,1,1,6,-1,8,15,0.533,1,2,0.5,7,8,0.875,1,10,11,7,0,6,4,8,1
0020100664,2002-02-03,2001-02,regular_season,False,1610612764,WAS,Washington Wizards,1610612754,IND,Indiana Pacers,28,22,W,10,15,0.667,2,2,1.0,6,8,0.75,1,5,6,6,0,2,3,7,6,8,19,0.421,2,4,0.5,4,4,1.0,3,5,8,6,2,0,3,7,-6
0020100663,2002-02-03,2001-02,regular_season,False,1610612752,NYK,New York Knicks,1610612748,MIA,Miami Heat,20,25,L,8,19,0.421,0,3,0.0,4,5,0.8,1,8,9,5,2,0,3,11,-5,7,16,0.438,1,4,0.25,10,12,0.833,2,8,10,3,0,0,3,5,5
0020100667,2002-02-03,2001-02,regular_season,False,1610612763,MEM,Memphis Grizzlies,1610612766,CHH,Charlotte Hornets,14,22,L,5,17,0.294,0,4,0.0,4,6,0.667,1,8,9,4,1,0,2,4,-8,9,19,0.474,0,2,0.0,4,4,1.0,1,10,11,8,2,0,1,4,8
0020100670,2002-02-04,2001-02,regular_season,False,1610612755,PHI,Philadelphia 76ers,1610612761,TOR,Toronto Raptors,22,16,W,4,14,0.286,0,4,0.0,14,16,0.875,3,5,8,2,3,1,4,8,6,3,10,0.3,1,3,0.333,9,10,0.9,2,4,6,3,1,2,9,11,-6
0020100673,2002-02-04,2001-02,regular_season,False,1610612751,NJN,New Jersey Nets,1610612758,SAC,Sacramento Kings,30,13,W,10,20,0.5,3,3,1.0,7,9,0.778,2,11,13,8,2,0,3,6,17,3,23,0.13,0,4,0.0,7,8,0.875,6,6,12,0,2,0,4,5,-17
0020100674,2002-02-04,2001-02,regular_season,False,1610612745,HOU,Houston Rockets,1610612762,UTA,Utah Jazz,27,24,W,8,11,0.727,1,2,0.5,10,14,0.714,0,8,8,5,2,1,4,5,3,10,24,0.417,1,7,0.143,3,4,0.75,5,5,10,6,3,0,2,10,-3
0020100675,2002-02-04,2001-02,regular_season,False,1610612759,SAS,San Antonio Spurs,1610612750,MIN,Minnesota Timberwolves,36,25,W,13,22,0.591,3,3,1.0,7,12,0.583,2,8,10,9,4,1,1,8,11,10,19,0.526,1,4,0.25,4,7,0.571,3,9,12,6,0,1,7,8,-11
0020100685,2002-02-05,2001-02,regular_season,False,1610612744,GSW,Golden State Warriors,1610612760,SEA,Seattle SuperSonics,22,22,L,9,19,0.474,1,2,0.5,3,4,0.75,2,4,6,5,3,1,3,3,0,10,19,0.526,2,5,0.4,0,0,0.0,3,7,10,5,2,0,5,4,0
0020100684,2002-02-05,2001-02,regular_season,False,1610612743,DEN,Denver Nuggets,1610612757,POR,Portland Trail Blazers,19,17,W,9,17,0.529,0,2,0.0,1,1,1.0,1,9,10,9,1,2,7,4,2,7,21,0.333,1,6,0.167,2,3,0.667,3,4,7,5,5,2,2,4,-2
0020100682,2002-02-05,2001-02,regular_season,False,1610612754,IND,Indiana Pacers,1610612742,DAL,Dallas Mavericks,31,35,L,10,18,0.556,5,8,0.625,6,7,0.857,0,6,6,8,1,1,4,6,-4,12,20,0.6,4,6,0.667,7,7,1.0,1,6,7,7,3,1,3,3,4
0020100681,2002-02-05,2001-02,regular_season,False,1610612765,DET,Detroit Pistons,1610612755,PHI,Philadelphia 76ers,22,20,W,7,20,0.35,1,6,0.167,7,8,0.875,4,7,11,7,4,1,5,6,2,7,20,0.35,0,3,0.0,6,8,0.75,6,7,13,2,3,1,5,7,-2
0020100683,2002-02-05,2001-02,regular_season,False,1610612763,MEM,Memphis Grizzlies,1610612762,UTA,Utah Jazz,14,29,L,4,14,0.286,0,3,0.0,6,9,0.667,3,8,11,3,0,2,7,10,-15,8,19,0.421,3,5,0.6,10,16,0.625,6,8,14,4,3,0,1,7,15
0020100679,2002-02-05,2001-02,regular_season,False,1610612753,ORL,Orlando Magic,1610612739,CLE,Cleveland Cavaliers,28,28,W,10,16,0.625,1,1,1.0,7,8,0.875,1,8,9,4,5,1,10,2,0,13,27,0.481,0,1,0.0,2,3,0.667,5,5,10,9,5,0,6,5,0
0020100678,2002-02-05,2001-02,regular_season,False,1610612752,NYK,New York Knicks,1610612746,LAC,Los Angeles Clippers,28,36,L,8,25,0.32,4,8,0.5,8,9,0.889,5,4,9,4,3,0,5,13,-8,7,15,0.467,2,3,0.667,20,24,0.833,3,9,12,3,3,6,3,6,8
0020100677,2002-02-05,2001-02,regular_season,False,1610612766,CHH,Charlotte Hornets,1610612738,BOS,Boston Celtics,17,20,L,7,25,0.28,3,10,0.3,0,0,0.0,6,9,15,5,1,3,2,8,-3,5,16,0.312,2,7,0.286,8,11,0.727,2,10,12,4,1,1,3,2,3
0020100676,2002-02-05,2001-02,regular_season,False,1610612764,WAS,Washington Wizards,1610612761,TOR,Toronto Raptors,24,19,W,9,16,0.562,0,0,0.0,6,6,1.0,3,9,12,4,0,1,2,4,5,8,19,0.421,1,4,0.25,2,2,1.0,1,4,5,4,1,0,0,7,-5
0020100680,2002-02-05,2001-02,regular_season,False,1610612748,MIA,Miami Heat,1610612737,ATL,Atlanta Hawks,21,23,L,10,22,0.455,0,5,0.0,1,4,0.25,4,5,9,2,0,1,2,7,-2,7,14,0.5,1,3,0.333,8,9,0.889,2,8,10,4,1,0,4,7,2
0020100691,2002-02-06,2001-02,regular_season,False,1610612747,LAL,Los Angeles Lakers,1610612741,CHI,Chicago Bulls,25,31,L,10,21,0.476,1,7,0.143,4,5,0.8,3,2,5,5,1,1,5,13,-6,6,15,0.4,0,3,0.0,19,21,0.905,5,7,12,4,3,3,5,7,6
0020100690,2002-02-06,2001-02,regular_season,False,1610612760,SEA,Seattle SuperSonics,1610612756,PHX,Phoenix Suns,27,14,W,7,12,0.583,2,2,1.0,11,12,0.917,0,9,9,5,3,4,6,4,13,6,22,0.273,0,4,0.0,2,2,1.0,4,5,9,3,2,0,5,9,-13
0020100689,2002-02-06,2001-02,regular_season,False,1610612750,MIN,Minnesota Timberwolves,1610612757,POR,Portland Trail Blazers,28,29,L,8,13,0.615,1,2,0.5,11,16,0.688,1,8,9,6,2,0,2,6,-1,10,23,0.435,3,9,0.333,6,7,0.857,4,6,10,4,1,0,2,9,1
0020100687,2002-02-06,2001-02,regular_season,False,1610612739,CLE,Cleveland Cavaliers,1610612745,HOU,Houston Rockets,31,35,L,9,21,0.429,0,0,0.0,13,17,0.765,5,8,13,6,0,2,0,7,-4,12,23,0.522,3,6,0.5,8,10,0.8,4,7,11,5,0,3,1,9,4
0020100686,2002-02-06,2001-02,regular_season,False,1610612738,BOS,Boston Celtics,1610612758,SAC,Sacramento Kings,20,12,W,9,23,0.391,0,3,0.0,2,4,0.5,2,9,11,6,5,0,2,4,8,4,14,0.286,0,4,0.0,4,5,0.8,1,13,14,4,1,1,9,5,-8
0020100688,2002-02-06,2001-02,regular_season,False,1610612751,NJN,New Jersey Nets,1610612742,DAL,Dallas Mavericks,14,28,L,5,20,0.25,1,8,0.125,3,4,0.75,4,5,9,4,1,1,3,7,-14,10,20,0.5,2,8,0.25,6,6,1.0,2,9,11,8,1,0,1,3,14
0020100697,2002-02-07,2001-02,regular_season,False,1610612749,MIL,Milwaukee Bucks,1610612763,MEM,Memphis Grizzlies,25,29,L,8,16,0.5,0,4,0.0,9,11,0.818,1,4,5,7,5,0,5,7,-4,9,16,0.562,1,3,0.333,10,11,0.909,2,7,9,6,3,1,6,9,4
0020100692,2002-02-07,2001-02,regular_season,False,1610612764,WAS,Washington Wizards,1610612758,SAC,Sacramento Kings,19,29,L,8,22,0.364,0,3,0.0,3,4,0.75,4,7,11,5,1,1,3,6,-10,12,20,0.6,0,2,0.0,5,5,1.0,1,8,9,7,3,0,1,3,10
0020100693,2002-02-07,2001-02,regular_season,False,1610612766,CHH,Charlotte Hornets,1610612755,PHI,Philadelphia 76ers,18,25,L,5,14,0.357,0,5,0.0,8,12,0.667,1,7,8,1,4,4,5,7,-7,8,18,0.444,1,3,0.333,8,10,0.8,4,8,12,4,4,0,4,8,7
0020100694,2002-02-07,2001-02,regular_season,False,1610612752,NYK,New York Knicks,1610612737,ATL,Atlanta Hawks,21,21,W,5,14,0.357,3,6,0.5,8,8,1.0,2,5,7,5,4,0,4,6,0,8,15,0.533,1,3,0.333,4,7,0.571,2,7,9,3,4,1,5,4,0
0020100695,2002-02-07,2001-02,regular_season,False,1610612765,DET,Detroit Pistons,1610612746,LAC,Los Angeles Clippers,34,20,W,12,19,0.632,4,7,0.571,6,11,0.545,2,9,11,8,2,2,0,4,14,8,25,0.32,2,8,0.25,2,4,0.5,7,8,15,3,0,0,4,9,-14
0020100696,2002-02-07,2001-02,regular_season,False,1610612761,TOR,Toronto Raptors,1610612759,SAS,San Antonio Spurs,17,19,L,7,17,0.412,1,3,0.333,2,2,1.0,2,6,8,4,2,3,2,7,-2,7,21,0.333,1,6,0.167,4,7,0.571,6,8,14,4,2,0,3,4,2
0020100705,2002-02-12,2001-02,regular_season,False,1610612743,DEN,Denver Nuggets,1610612738,BOS,Boston Celtics,24,33,L,10,24,0.417,1,5,0.2,3,4,0.75,1,6,7,6,2,0,0,6,-9,11,18,0.611,6,8,0.75,5,9,0.556,2,11,13,9,0,1,4,5,9
0020100704,2002-02-12,2001-02,regular_season,False,1610612745,HOU,Houston Rockets,1610612763,MEM,Memphis Grizzlies,26,17,W,9,20,0.45,0,1,0.0,8,9,0.889,5,8,13,2,4,0,5,7,9,8,21,0.381,0,3,0.0,1,2,0.5,3,5,8,4,3,0,5,6,-9
0020100708,2002-02-12,2001-02,regular_season,False,1610612758,SAC,Sacramento Kings,1610612759,SAS,San Antonio Spurs,24,28,L,11,23,0.478,2,5,0.4,0,1,0.0,4,5,9,6,3,1,7,5,-4,12,24,0.5,0,1,0.0,4,5,0.8,6,6,12,6,4,1,5,4,4
0020100706,2002-02-12,2001-02,regular_season,False,1610612760,SEA,Seattle SuperSonics,1610612742,DAL,Dallas Mavericks,22,26,L,10,21,0.476,2,6,0.333,0,0,0.0,1,9,10,3,0,1,4,6,-4,8,22,0.364,2,10,0.2,8,11,0.727,4,8,12,5,2,1,0,4,4
0020100703,2002-02-12,2001-02,regular_season,False,1610612741,CHI,Chicago Bulls,1610612749,MIL,Milwaukee Bucks,26,13,W,8,20,0.4,3,5,0.6,7,12,0.583,1,10,11,7,3,1,2,7,13,3,19,0.158,1,7,0.143,6,8,0.75,3,13,16,2,1,4,7,10,-13
0020100707,2002-02-12,2001-02,regular_season,False,1610612747,LAL,Los Angeles Lakers,1610612764,WAS,Washington Wizards,26,20,W,12,20,0.6,2,4,0.5,0,1,0.0,2,7,9,7,1,1,2,5,6,6,18,0.333,3,8,0.375,5,7,0.714,3,6,9,1,0,0,3,5,-6
0020100701,2002-02-12,2001-02,regular_season,False,1610612765,DET,Detroit Pistons,1610612756,PHX,Phoenix Suns,19,25,L,7,19,0.368,2,4,0.5,3,3,1.0,0,6,6,5,2,0,5,6,-6,8,19,0.421,3,7,0.429,6,6,1.0,4,9,13,3,4,1,4,7,6
0020100700,2002-02-12,2001-02,regular_season,False,1610612737,ATL,Atlanta Hawks,1610612751,NJN,New Jersey Nets,27,21,W,9,19,0.474,1,4,0.25,8,10,0.8,2,8,10,3,1,0,1,4,6,8,19,0.421,0,4,0.0,5,5,1.0,1,8,9,4,1,1,3,7,-6
0020100699,2002-02-12,2001-02,regular_season,False,1610612754,IND,Indiana Pacers,1610612762,UTA,Utah Jazz,22,26,L,9,20,0.45,1,4,0.25,3,3,1.0,1,6,7,4,2,0,2,7,-4,9,16,0.562,1,4,0.25,7,9,0.778,1,9,10,8,1,1,3,3,4
0020100702,2002-02-12,2001-02,regular_season,False,1610612753,ORL,Orlando Magic,1610612752,NYK,New York Knicks,24,29,L,6,14,0.429,1,4,0.25,11,13,0.846,3,8,11,5,3,0,7,4,-5,12,22,0.545,2,8,0.25,3,6,0.5,5,4,9,5,6,1,5,8,5
0020100698,2002-02-12,2001-02,regular_season,False,1610612739,CLE,Cleveland Cavaliers,1610612761,TOR,Toronto Raptors,21,20,W,9,18,0.5,1,3,0.333,2,3,0.667,1,9,10,7,2,1,5,6,1,8,22,0.364,3,6,0.5,1,1,1.0,3,6,9,7,2,1,4,2,-1
0020100709,2002-02-13,2001-02,regular_season,False,1610612766,CHH,Charlotte Hornets,1610612741,CHI,Chicago Bulls,20,31,L,7,17,0.412,0,0,0.0,6,9,0.667,1,6,7,4,2,1,3,8,-11,11,20,0.55,1,4,0.25,8,11,0.727,3,10,13,6,1,3,2,5,11
0020100710,2002-02-13,2001-02,regular_season,False,1610612752,NYK,New York Knicks,1610612761,TOR,Toronto Raptors,18,27,L,8,13,0.615,0,0,0.0,2,4,0.5,1,7,8,7,1,2,8,4,-9,11,20,0.55,2,2,1.0,3,4,0.75,1,4,5,9,4,0,1,4,9
0020100711,2002-02-13,2001-02,regular_season,False,1610612748,MIA,Miami Heat,1610612753,ORL,Orlando Magic,32,23,W,14,21,0.667,3,4,0.75,1,1,1.0,4,6,10,7,0,1,3,5,9,9,18,0.5,1,3,0.333,4,7,0.571,2,2,4,1,1,1,1,3,-9
0020100712,2002-02-13,2001-02,regular_season,False,1610612749,MIL,Milwaukee Bucks,1610612739,CLE,Cleveland Cavaliers,32,29,W,11,23,0.478,1,6,0.167,9,9,1.0,4,7,11,5,1,1,0,9,3,8,16,0.5,1,4,0.25,12,15,0.8,2,6,8,6,0,1,2,6,-3
0020100713,2002-02-13,2001-02,regular_season,False,1610612750,MIN,Minnesota Timberwolves,1610612756,PHX,Phoenix Suns,33,25,W,13,20,0.65,0,1,0.0,7,7,1.0,2,7,9,8,1,1,4,5,8,9,19,0.474,3,8,0.375,4,6,0.667,1,5,6,7,1,0,5,7,-8
0020100714,2002-02-13,2001-02,regular_season,False,1610612757,POR,Portland Trail Blazers,1610612742,DAL,Dallas Mavericks,27,21,W,10,22,0.455,2,2,1.0,5,6,0.833,5,11,16,5,2,0,2,4,6,8,19,0.421,1,6,0.167,4,5,0.8,0,7,7,4,1,0,2,5,-6
0020100715,2002-02-13,2001-02,regular_season,False,1610612744,GSW,Golden State Warriors,1610612738,BOS,Boston Celtics,21,11,W,9,26,0.346,0,5,0.0,3,3,1.0,8,11,19,5,3,4,5,7,10,2,19,0.105,0,6,0.0,7,9,0.778,4,8,12,1,3,0,4,6,-10
0020100720,2002-02-14,2001-02,regular_season,False,1610612760,SEA,Seattle SuperSonics,1610612747,LAL,Los Angeles Lakers,21,33,L,8,18,0.444,1,5,0.2,4,6,0.667,1,6,7,7,0,0,3,5,-12,12,20,0.6,5,6,0.833,4,4,1.0,2,8,10,7,2,1,0,5,12
0020100719,2002-02-14,2001-02,regular_season,False,1610612758,SAC,Sacramento Kings,1610612764,WAS,Washington Wizards,26,34,L,10,22,0.455,3,4,0.75,3,5,0.6,4,6,10,5,1,0,3,6,-8,14,20,0.7,2,3,0.667,4,6,0.667,1,7,8,8,2,0,2,4,8
0020100721,2002-02-14,2001-02,regular_season,False,1610612746,LAC,Los Angeles Clippers,1610612759,SAS,San Antonio Spurs,19,20,L,7,18,0.389,1,4,0.25,4,5,0.8,4,4,8,4,4,1,6,3,-1,8,18,0.444,3,8,0.375,1,1,1.0,5,5,10,8,4,3,8,4,1
0020100717,2002-02-14,2001-02,regular_season,False,1610612755,PHI,Philadelphia 76ers,1610612762,UTA,Utah Jazz,29,24,W,11,21,0.524,0,2,0.0,7,9,0.778,2,3,5,4,3,3,2,7,5,8,17,0.471,0,3,0.0,8,9,0.889,4,10,14,4,1,1,9,9,-5
0020100716,2002-02-14,2001-02,regular_season,False,1610612751,NJN,New Jersey Nets,1610612765,DET,Detroit Pistons,17,24,L,5,20,0.25,1,5,0.2,6,9,0.667,6,9,15,2,3,0,9,9,-7,6,16,0.375,3,5,0.6,9,10,0.9,1,10,11,4,3,1,7,8,7
0020100718,2002-02-14,2001-02,regular_season,False,1610612763,MEM,Memphis Grizzlies,1610612743,DEN,Denver Nuggets,15,29,L,6,16,0.375,0,2,0.0,3,8,0.375,4,7,11,4,1,2,6,3,-14,11,21,0.524,3,4,0.75,4,4,1.0,2,7,9,7,4,2,1,7,14
0020100731,2002-02-15,2001-02,regular_season,False,1610612744,GSW,Golden State Warriors,1610612759,SAS,San Antonio Spurs,17,31,L,5,22,0.227,1,7,0.143,6,6,1.0,5,5,10,1,0,1,6,12,-14,8,15,0.533,1,2,0.5,14,16,0.875,1,10,11,7,3,2,3,9,14
0020100730,2002-02-15,2001-02,regular_season,False,1610612747,LAL,Los Angeles Lakers,1610612737,ATL,Atlanta Hawks,35,23,W,13,24,0.542,4,9,0.444,5,9,0.556,5,4,9,9,2,0,1,8,12,6,12,0.5,0,3,0.0,11,11,1.0,1,6,7,3,1,2,5,8,-12
0020100728,2002-02-15,2001-02,regular_season,False,1610612756,PHX,Phoenix Suns,1610612764,WAS,Washington Wizards,28,25,W,12,22,0.545,1,2,0.5,3,5,0.6,2,5,7,4,2,1,3,5,3,10,18,0.556,0,1,0.0,5,6,0.833,2,5,7,3,0,3,4,6,-3
0020100727,2002-02-15,2001-02,regular_season,False,1610612749,MIL,Milwaukee Bucks,1610612748,MIA,Miami Heat,20,16,W,5,15,0.333,1,3,0.333,9,10,0.9,4,9,13,4,3,0,5,7,4,4,16,0.25,2,4,0.5,6,7,0.857,3,6,9,3,4,1,5,7,-4
0020100729,2002-02-15,2001-02,regular_season,False,1610612757,POR,Portland Trail Blazers,1610612738,BOS,Boston Celtics,35,40,L,10,19,0.526,6,11,0.545,9,9,1.0,2,5,7,6,1,0,5,11,-5,12,18,0.667,2,3,0.667,14,15,0.933,1,7,8,6,5,0,3,5,5
0020100725,2002-02-15,2001-02,regular_season,False,1610612750,MIN,Minnesota Timberwolves,1610612743,DEN,Denver Nuggets,17,21,L,6,21,0.286,0,5,0.0,5,8,0.625,2,11,13,3,0,1,0,4,-4,9,19,0.474,1,3,0.333,2,4,0.5,1,11,12,8,0,1,1,6,4
0020100724,2002-02-15,2001-02,regular_season,False,1610612766,CHH,Charlotte Hornets,1610612754,IND,Indiana Pacers,30,28,W,7,13,0.538,1,1,1.0,15,19,0.789,0,9,9,5,0,3,1,7,2,10,24,0.417,2,5,0.4,6,7,0.857,4,8,12,4,1,1,1,11,-2
0020100723,2002-02-15,2001-02,regular_season,False,1610612752,NYK,New York Knicks,1610612765,DET,Detroit Pistons,22,24,L,9,20,0.45,1,1,1.0,3,5,0.6,2,8,10,3,2,0,5,9,-2,7,16,0.438,2,4,0.5,8,12,0.667,2,8,10,3,3,3,6,4,2
0020100722,2002-02-15,2001-02,regular_season,False,1610612761,TOR,Toronto Raptors,1610612762,UTA,Utah Jazz,25,30,L,9,18,0.5,2,2,1.0,5,8,0.625,4,3,7,6,4,0,6,9,-5,11,17,0.647,3,3,1.0,5,9,0.556,1,5,6,8,3,0,4,6,5
0020100726,2002-02-15,2001-02,regular_season,False,1610612741,CHI,Chicago Bulls,1610612751,NJN,New Jersey Nets,23,30,L,8,19,0.421,1,5,0.2,6,12,0.5,5,2,7,3,4,1,4,6,-7,12,17,0.706,1,3,0.333,5,7,0.714,2,9,11,10,2,0,6,9,7
0020100732,2002-02-16,2001-02,regular_season,False,1610612741,CHI,Chicago Bulls,1610612739,CLE,Cleveland Cavaliers,25,37,L,9,22,0.409,1,6,0.167,6,8,0.75,4,2,6,5,1,2,1,9,-12,13,20,0.65,2,3,0.667,9,11,0.818,5,8,13,7,1,0,3,7,12
0020100733,2002-02-16,2001-02,regular_season,False,1610612745,HOU,Houston Rockets,1610612753,ORL,Orlando Magic,23,21,W,8,22,0.364,5,11,0.455,2,4,0.5,3,8,11,5,1,0,4,9,2,6,15,0.4,0,1,0.0,9,14,0.643,1,8,9,1,3,3,3,4,-2
0020100734,2002-02-16,2001-02,regular_season,False,1610612760,SEA,Seattle SuperSonics,1610612738,BOS,Boston Celtics,27,15,W,10,19,0.526,2,3,0.667,5,6,0.833,4,11,15,7,4,0,2,2,12,5,19,0.263,4,12,0.333,1,1,1.0,2,6,8,5,2,0,4,5,-12
0020100735,2002-02-16,2001-02,regular_season,False,1610612746,LAC,Los Angeles Clippers,1610612742,DAL,Dallas Mavericks,27,29,L,7,16,0.438,4,5,0.8,9,12,0.75,2,9,11,5,0,2,4,5,-2,12,24,0.5,2,6,0.333,3,5,0.6,4,6,10,8,2,2,0,5,2
0020100742,2002-02-17,2001-02,regular_season,False,1610612752,NYK,New York Knicks,1610612762,UTA,Utah Jazz,16,26,L,4,20,0.2,0,4,0.0,8,10,0.8,4,6,10,1,2,0,5,8,-10,9,21,0.429,0,2,0.0,8,9,0.889,4,10,14,4,3,0,3,6,10
0020100745,2002-02-17,2001-02,regular_season,False,1610612758,SAC,Sacramento Kings,1610612760,SEA,Seattle SuperSonics,34,28,W,8,19,0.421,0,6,0.0,18,20,0.9,2,6,8,4,5,1,0,9,6,9,19,0.474,1,4,0.25,9,11,0.818,5,9,14,3,0,1,6,12,-6
0020100743,2002-02-17,2001-02,regular_season,False,1610612756,PHX,Phoenix Suns,1610612742,DAL,Dallas Mavericks,26,26,L,10,19,0.526,2,6,0.333,4,4,1.0,1,7,8,8,2,0,3,2,0,10,19,0.526,3,5,0.6,3,4,0.75,1,7,8,4,2,0,2,4,0
0020100741,2002-02-17,2001-02,regular_season,False,1610612757,POR,Portland Trail Blazers,1610612747,LAL,Los Angeles Lakers,31,27,W,9,18,0.5,1,3,0.333,12,16,0.75,1,7,8,6,2,1,2,4,4,10,19,0.526,2,5,0.4,5,6,0.833,0,8,8,5,0,1,3,13,-4
0020100744,2002-02-17,2001-02,regular_season,False,1610612744,GSW,Golden State Warriors,1610612737,ATL,Atlanta Hawks,41,24,W,11,20,0.55,2,7,0.286,17,24,0.708,3,10,13,6,3,7,2,9,17,7,21,0.333,1,2,0.5,9,12,0.75,4,8,12,3,1,0,6,14,-17
0020100739,2002-02-17,2001-02,regular_season,False,1610612754,IND,Indiana Pacers,1610612755,PHI,Philadelphia 76ers,22,14,W,7,16,0.438,1,4,0.25,7,8,0.875,2,12,14,4,2,3,4,6,8,5,24,0.208,0,3,0.0,4,4,1.0,6,8,14,5,2,1,3,6,-8
0020100736,2002-02-17,2001-02,regular_season,False,1610612751,NJN,New Jersey Nets,1610612743,DEN,Denver Nuggets,20,20,W,7,16,0.438,0,0,0.0,6,7,0.857,4,4,8,4,5,2,8,6,0,6,14,0.429,2,5,0.4,6,7,0.857,1,6,7,5,4,4,6,5,0
0020100740,2002-02-17,2001-02,regular_season,False,1610612750,MIN,Minnesota Timberwolves,1610612748,MIA,Miami Heat,21,27,L,10,18,0.556,0,3,0.0,1,1,1.0,1,3,4,8,1,0,3,3,-6,11,21,0.524,3,5,0.6,2,3,0.667,4,6,10,9,2,1,4,3,6
0020100738,2002-02-17,2001-02,regular_season,False,1610612761,TOR,Toronto Raptors,1610612749,MIL,Milwaukee Bucks,17,29,L,5,21,0.238,0,2,0.0,7,13,0.538,5,8,13,3,1,0,2,7,-12,8,17,0.471,4,9,0.444,9,10,0.9,0,10,10,6,2,3,1,8,12
0020100737,2002-02-17,2001-02,regular_season,False,1610612766,CHH,Charlotte Hornets,1610612763,MEM,Memphis Grizzlies,13,32,L,4,15,0.267,0,5,0.0,5,7,0.714,3,2,5,4,0,0,3,7,-19,12,22,0.545,3,7,0.429,5,7,0.714,7,7,14,11,1,2,0,4,19
0020100752,2002-02-18,2001-02,regular_season,False,1610612746,LAC,Los Angeles Clippers,1610612757,POR,Portland Trail Blazers,30,18,W,12,19,0.632,1,1,1.0,5,8,0.625,2,6,8,7,2,1,2,7,12,6,15,0.4,0,2,0.0,6,12,0.5,4,6,10,3,2,2,3,5,-12
0020100750,2002-02-18,2001-02,regular_season,False,1610612765,DET,Detroit Pistons,1610612761,TOR,Toronto Raptors,17,20,L,7,18,0.389,0,3,0.0,3,4,0.75,4,5,9,3,2,1,2,4,-3,9,17,0.529,1,3,0.333,1,4,0.25,4,6,10,5,0,2,3,6,3
0020100749,2002-02-18,2001-02,regular_season,False,1610612748,MIA,Miami Heat,1610612741,CHI,Chicago Bulls,34,25,W,16,23,0.696,1,1,1.0,1,2,0.5,2,7,9,10,4,0,2,10,9,7,13,0.538,0,2,0.0,11,15,0.733,1,5,6,4,1,0,5,4,-9
0020100751,2002-02-18,2001-02,regular_season,False,1610612749,MIL,Milwaukee Bucks,1610612766,CHH,Charlotte Hornets,22,27,L,7,18,0.389,1,9,0.111,7,9,0.778,3,4,7,2,3,2,3,9,-5,7,11,0.636,0,0,0.0,13,17,0.765,0,8,8,5,3,1,3,6,5
0020100747,2002-02-18,2001-02,regular_season,False,1610612755,PHI,Philadelphia 76ers,1610612743,DEN,Denver Nuggets,24,29,L,10,19,0.526,1,4,0.25,3,6,0.5,2,11,13,9,1,1,6,8,-5,10,21,0.476,1,3,0.333,8,11,0.727,2,8,10,4,3,0,1,6,5
0020100746,2002-02-18,2001-02,regular_season,False,1610612764,WAS,Washington Wizards,1610612745,HOU,Houston Rockets,19,24,L,5,19,0.263,1,7,0.143,8,10,0.8,4,4,8,2,2,1,1,5,-5,9,15,0.6,0,1,0.0,6,6,1.0,1,11,12,4,1,2,5,7,5
0020100748,2002-02-18,2001-02,regular_season,False,1610612739,CLE,Cleveland Cavaliers,1610612762,UTA,Utah Jazz,21,28,L,4,15,0.267,0,0,0.0,13,15,0.867,4,5,9,2,2,0,6,11,-7,8,15,0.533,0,0,0.0,12,16,0.75,3,7,10,7,4,1,3,9,7
0020100754,2002-02-19,2001-02,regular_season,False,1610612742,DAL,Dallas Mavericks,1610612750,MIN,Minnesota Timberwolves,24,35,L,7,27,0.259,3,10,0.3,7,8,0.875,5,8,13,6,3,0,3,8,-11,12,22,0.545,2,8,0.25,9,11,0.818,2,14,16,6,2,1,4,6,11
0020100755,2002-02-19,2001-02,regular_season,False,1610612759,SAS,San Antonio Spurs,1610612763,MEM,Memphis Grizzlies,16,16,W,4,14,0.286,2,3,0.667,6,6,1.0,2,10,12,4,1,3,7,3,0,7,21,0.333,0,1,0.0,2,2,1.0,3,8,11,5,4,0,4,5,0
0020100756,2002-02-19,2001-02,regular_season,False,1610612756,PHX,Phoenix Suns,1610612760,SEA,Seattle SuperSonics,17,25,L,8,24,0.333,1,3,0.333,0,2,0.0,5,7,12,6,1,0,3,6,-8,9,18,0.5,1,5,0.2,6,6,1.0,0,10,10,4,3,2,3,5,8
0020100757,2002-02-19,2001-02,regular_season,False,1610612758,SAC,Sacramento Kings,1610612737,ATL,Atlanta Hawks,30,13,W,11,16,0.688,4,6,0.667,4,4,1.0,0,8,8,9,5,2,4,6,17,4,20,0.2,1,3,0.333,4,6,0.667,5,5,10,3,2,0,7,3,-17
0020100758,2002-02-19,2001-02,regular_season,False,1610612747,LAL,Los Angeles Lakers,1610612738,BOS,Boston Celtics,19,32,L,7,23,0.304,2,5,0.4,3,5,0.6,4,8,12,4,3,0,4,8,-13,9,18,0.5,3,4,0.75,11,14,0.786,2,11,13,6,4,2,3,6,13
0020100753,2002-02-19,2001-02,regular_season,False,1610612751,NJN,New Jersey Nets,1610612744,GSW,Golden State Warriors,26,30,L,7,16,0.438,2,4,0.5,10,14,0.714,3,10,13,6,1,3,8,5,-4,12,29,0.414,0,4,0.0,6,6,1.0,6,6,12,6,5,3,1,9,4
0020100763,2002-02-20,2001-02,regular_season,False,1610612749,MIL,Milwaukee Bucks,1610612745,HOU,Houston Rockets,35,19,W,13,19,0.684,8,13,0.615,1,1,1.0,2,4,6,12,2,1,3,6,16,9,24,0.375,0,2,0.0,1,1,1.0,7,2,9,4,1,0,4,2,-16
0020100766,2002-02-20,2001-02,regular_season,False,1610612760,SEA,Seattle SuperSonics,1610612757,POR,Portland Trail Blazers,19,26,L,7,20,0.35,1,7,0.143,4,7,0.571,4,7,11,5,1,0,2,8,-7,8,14,0.571,2,4,0.5,8,13,0.615,1,9,10,3,0,2,3,4,7
0020100765,2002-02-20,2001-02,regular_season,False,1610612743,DEN,Denver Nuggets,1610612762,UTA,Utah Jazz,34,30,W,13,22,0.591,4,5,0.8,4,6,0.667,1,4,5,6,2,2,1,7,4,10,18,0.556,2,3,0.667,8,10,0.8,1,7,8,9,1,1,4,7,-4
0020100764,2002-02-20,2001-02,regular_season,False,1610612741,CHI,Chicago Bulls,1610612752,NYK,New York Knicks,38,26,W,10,15,0.667,2,3,0.667,16,18,0.889,3,6,9,5,1,3,2,4,12,8,20,0.4,6,10,0.6,4,6,0.667,4,2,6,7,1,0,4,10,-12
0020100762,2002-02-20,2001-02,regular_season,False,1610612761,TOR,Toronto Raptors,1610612766,CHH,Charlotte Hornets,20,16,W,9,20,0.45,1,3,0.333,1,2,0.5,2,4,6,5,3,0,2,5,4,6,13,0.462,0,0,0.0,4,4,1.0,0,7,7,4,1,1,5,6,-4
0020100760,2002-02-20,2001-02,regular_season,False,1610612748,MIA,Miami Heat,1610612746,LAC,Los Angeles Clippers,9,13,L,4,20,0.2,0,7,0.0,1,2,0.5,3,8,11,2,2,2,2,6,-4,5,16,0.312,0,3,0.0,3,6,0.5,2,12,14,1,1,0,3,1,4
0020100759,2002-02-20,2001-02,regular_season,False,1610612755,PHI,Philadelphia 76ers,1610612744,GSW,Golden State Warriors,28,28,W,8,26,0.308,0,3,0.0,12,15,0.8,6,10,16,5,5,1,1,12,0,6,20,0.3,1,5,0.2,15,21,0.714,8,11,19,1,1,6,8,11,0
0020100761,2002-02-20,2001-02,regular_season,False,1610612765,DET,Detroit Pistons,1610612764,WAS,Washington Wizards,31,24,W,9,21,0.429,3,8,0.375,10,12,0.833,6,7,13,4,1,2,1,7,7,7,17,0.412,3,6,0.5,7,8,0.875,1,4,5,6,0,2,2,10,-7
0020100773,2002-02-21,2001-02,regular_season,False,1610612759,SAS,San Antonio Spurs,1610612758,SAC,Sacramento Kings,17,30,L,7,23,0.304,1,3,0.333,2,2,1.0,4,6,10,3,0,0,5,5,-13,12,23,0.522,1,4,0.25,5,6,0.833,3,9,12,8,4,5,1,3,13
0020100772,2002-02-21,2001-02,regular_season,False,1610612745,HOU,Houston Rockets,1610612750,MIN,Minnesota Timberwolves,24,25,L,10,18,0.556,0,3,0.0,4,7,0.571,0,11,11,3,1,2,4,3,-1,10,23,0.435,2,6,0.333,3,6,0.5,3,9,12,6,1,1,3,4,1
0020100771,2002-02-21,2001-02,regular_season,False,1610612742,DAL,Dallas Mavericks,1610612738,BOS,Boston Celtics,27,14,W,10,23,0.435,3,10,0.3,4,4,1.0,4,11,15,8,2,2,2,3,13,6,21,0.286,1,7,0.143,1,2,0.5,2,9,11,1,0,0,4,7,-13
0020100774,2002-02-21,2001-02,regular_season,False,1610612757,POR,Portland Trail Blazers,1610612737,ATL,Atlanta Hawks,17,21,L,7,22,0.318,0,5,0.0,3,5,0.6,8,11,19,6,1,2,5,7,-4,6,19,0.316,2,4,0.5,7,9,0.778,1,6,7,5,2,1,1,6,4
0020100769,2002-02-21,2001-02,regular_season,False,1610612753,ORL,Orlando Magic,1610612746,LAC,Los Angeles Clippers,29,33,L,11,20,0.55,1,4,0.25,6,6,1.0,5,4,9,6,2,2,6,8,-4,13,22,0.591,2,5,0.4,5,10,0.5,7,2,9,7,2,1,4,6,4
0020100768,2002-02-21,2001-02,regular_season,False,1610612739,CLE,Cleveland Cavaliers,1610612747,LAL,Los Angeles Lakers,19,21,L,8,19,0.421,0,0,0.0,3,4,0.75,1,9,10,4,0,0,5,6,-2,8,17,0.471,0,3,0.0,5,8,0.625,2,7,9,2,3,3,2,4,2
0020100767,2002-02-21,2001-02,regular_season,False,1610612764,WAS,Washington Wizards,1610612751,NJN,New Jersey Nets,19,24,L,8,17,0.471,2,2,1.0,1,2,0.5,5,7,12,5,2,1,7,6,-5,10,21,0.476,2,5,0.4,2,2,1.0,2,5,7,4,3,0,2,3,5
0020100770,2002-02-21,2001-02,regular_season,False,1610612763,MEM,Memphis Grizzlies,1610612756,PHX,Phoenix Suns,6,17,L,2,16,0.125,0,3,0.0,2,3,0.667,2,3,5,0,4,1,8,6,-11,6,12,0.5,0,2,0.0,5,7,0.714,2,11,13,2,8,3,8,2,11
0020100775,2002-02-22,2001-02,regular_season,False,1610612761,TOR,Toronto Raptors,1610612765,DET,Detroit Pistons,18,23,L,5,13,0.385,3,4,0.75,5,6,0.833,3,5,8,3,3,1,9,4,-5,11,19,0.579,1,2,0.5,0,0,0.0,2,6,8,5,6,0,6,4,5
0020100776,2002-02-22,2001-02,regular_season,False,1610612754,IND,Indiana Pacers,1610612739,CLE,Cleveland Cavaliers,21,24,L,9,25,0.36,0,1,0.0,3,7,0.429,4,5,9,4,3,3,1,9,-3,6,16,0.375,0,2,0.0,12,16,0.75,3,13,16,2,1,2,4,6,3
0020100777,2002-02-22,2001-02,regular_season,False,1610612751,NJN,New Jersey Nets,1610612752,NYK,New York Knicks,25,21,W,8,20,0.4,2,4,0.5,7,8,0.875,2,5,7,4,3,1,2,6,4,9,17,0.529,0,3,0.0,3,3,1.0,2,9,11,5,1,1,5,6,-4
0020100778,2002-02-22,2001-02,regular_season,False,1610612766,CHH,Charlotte Hornets,1610612747,LAL,Los Angeles Lakers,25,29,L,10,19,0.526,1,4,0.25,4,6,0.667,3,5,8,4,2,3,2,6,-4,9,18,0.5,3,7,0.429,8,10,0.8,3,6,9,6,2,0,4,6,4
0020100779,2002-02-22,2001-02,regular_season,False,1610612741,CHI,Chicago Bulls,1610612756,PHX,Phoenix Suns,26,24,W,9,17,0.529,0,1,0.0,8,9,0.889,1,6,7,6,0,0,4,6,2,10,20,0.5,0,3,0.0,4,5,0.8,4,4,8,4,1,0,6,10,-2
0020100780,2002-02-22,2001-02,regular_season,False,1610612749,MIL,Milwaukee Bucks,1610612744,GSW,Golden State Warriors,31,21,W,8,18,0.444,3,6,0.5,12,12,1.0,3,4,7,7,2,2,2,6,10,8,19,0.421,0,2,0.0,5,6,0.833,2,4,6,3,0,3,6,9,-10
0020100781,2002-02-22,2001-02,regular_season,False,1610612760,SEA,Seattle SuperSonics,1610612737,ATL,Atlanta Hawks,23,16,W,9,21,0.429,3,11,0.273,2,2,1.0,5,8,13,3,3,0,4,7,7,5,18,0.278,1,7,0.143,5,9,0.556,5,7,12,3,3,0,5,3,-7
0020100787,2002-02-23,2001-02,regular_season,False,1610612745,HOU,Houston Rockets,1610612738,BOS,Boston Celtics,28,25,W,8,20,0.4,1,5,0.2,11,12,0.917,6,6,12,4,0,1,1,4,3,10,21,0.476,3,8,0.375,2,2,1.0,2,6,8,6,0,0,2,8,-3
0020100789,2002-02-23,2001-02,regular_season,False,1610612757,POR,Portland Trail Blazers,1610612743,DEN,Denver Nuggets,21,27,L,7,15,0.467,1,4,0.25,6,6,1.0,1,11,12,5,0,1,6,11,-6,6,22,0.273,3,10,0.3,12,18,0.667,7,5,12,4,3,0,0,6,6
0020100786,2002-02-23,2001-02,regular_season,False,1610612741,CHI,Chicago Bulls,1610612744,GSW,Golden State Warriors,24,24,W,10,25,0.4,0,2,0.0,4,5,0.8,6,8,14,6,3,1,2,2,0,11,23,0.478,1,3,0.333,1,1,1.0,4,9,13,6,1,5,5,4,0
0020100788,2002-02-23,2001-02,regular_season,False,1610612759,SAS,San Antonio Spurs,1610612750,MIN,Minnesota Timberwolves,17,38,L,6,17,0.353,1,2,0.5,4,4,1.0,2,4,6,3,0,1,7,7,-21,14,24,0.583,1,4,0.25,9,9,1.0,6,5,11,6,3,2,2,4,21
0020100784,2002-02-23,2001-02,regular_season,False,1610612764,WAS,Washington Wizards,1610612748,MIA,Miami Heat,23,28,L,10,18,0.556,1,4,0.25,2,2,1.0,0,4,4,3,2,3,2,4,-5,12,20,0.6,0,2,0.0,4,4,1.0,3,5,8,8,1,2,3,4,5
0020100783,2002-02-23,2001-02,regular_season,False,1610612742,DAL,Dallas Mavericks,1610612758,SAC,Sacramento Kings,34,30,W,12,20,0.6,3,6,0.5,7,11,0.636,1,11,12,6,2,0,2,4,4,12,23,0.522,3,7,0.429,3,5,0.6,1,8,9,9,2,0,4,6,-4
0020100782,2002-02-23,2001-02,regular_season,False,1610612753,ORL,Orlando Magic,1610612755,PHI,Philadelphia 76ers,23,27,L,8,18,0.444,2,4,0.5,5,9,0.556,4,7,11,5,3,2,7,5,-4,10,23,0.435,1,2,0.5,6,7,0.857,4,6,10,4,6,2,5,6,4
0020100785,2002-02-23,2001-02,regular_season,False,1610612754,IND,Indiana Pacers,1610612746,LAC,Los Angeles Clippers,19,16,W,7,19,0.368,0,2,0.0,5,10,0.5,6,8,14,3,1,0,2,6,3,7,24,0.292,1,5,0.2,1,5,0.2,9,9,18,1,1,0,3,8,-3
0020100797,2002-02-24,2001-02,regular_season,False,1610612743,DEN,Denver Nuggets,1610612737,ATL,Atlanta Hawks,18,23,L,6,19,0.316,1,5,0.2,5,8,0.625,5,7,12,4,2,1,3,6,-5,7,16,0.438,3,6,0.5,6,8,0.75,3,7,10,4,1,0,3,4,5
0020100796,2002-02-24,2001-02,regular_season,False,1610612756,PHX,Phoenix Suns,1610612759,SAS,San Antonio Spurs,23,26,L,8,18,0.444,0,2,0.0,7,8,0.875,1,8,9,4,0,0,2,3,-3,11,20,0.55,1,3,0.333,3,3,1.0,0,7,7,9,1,4,1,6,3
0020100794,2002-02-24,2001-02,regular_season,False,1610612739,CLE,Cleveland Cavaliers,1610612753,ORL,Orlando Magic,27,22,W,12,22,0.545,3,6,0.5,0,0,0.0,5,8,13,11,2,1,2,2,5,9,20,0.45,3,4,0.75,1,1,1.0,2,4,6,6,0,0,2,2,-5
0020100795,2002-02-24,2001-02,regular_season,False,1610612748,MIA,Miami Heat,1610612764,WAS,Washington Wizards,27,13,W,11,21,0.524,0,2,0.0,5,5,1.0,4,11,15,3,1,3,1,2,14,6,18,0.333,1,3,0.333,0,3,0.0,2,6,8,3,0,2,3,6,-14
0020100792,2002-02-24,2001-02,regular_season,False,1610612749,MIL,Milwaukee Bucks,1610612765,DET,Detroit Pistons,18,19,L,3,15,0.2,1,4,0.25,11,14,0.786,3,6,9,1,2,1,3,8,-1,5,19,0.263,2,8,0.25,7,7,1.0,5,9,14,4,0,2,5,11,1
0020100791,2002-02-24,2001-02,regular_season,False,1610612751,NJN,New Jersey Nets,1610612766,CHH,Charlotte Hornets,27,11,W,12,18,0.667,1,4,0.25,2,4,0.5,1,10,11,7,3,3,1,4,16,5,21,0.238,0,2,0.0,1,2,0.5,4,6,10,1,1,0,5,5,-16
0020100790,2002-02-24,2001-02,regular_season,False,1610612752,NYK,New York Knicks,1610612747,LAL,Los Angeles Lakers,21,25,L,9,22,0.409,1,6,0.167,2,2,1.0,5,4,9,4,3,1,3,6,-4,9,20,0.45,3,6,0.5,4,7,0.571,6,7,13,5,2,1,4,5,4
0020100793,2002-02-24,2001-02,regular_season,False,1610612761,TOR,Toronto Raptors,1610612760,SEA,Seattle SuperSonics,15,27,L,7,24,0.292,1,4,0.25,0,0,0.0,3,6,9,4,2,0,1,7,-12,8,17,0.471,2,3,0.667,9,11,0.818,3,11,14,7,1,1,2,4,12
0020100798,2002-02-25,2001-02,regular_season,False,1610612755,PHI,Philadelphia 76ers,1610612757,POR,Portland Trail Blazers,14,26,L,4,23,0.174,0,5,0.0,6,6,1.0,5,10,15,4,0,1,1,7,-12,9,20,0.45,4,10,0.4,4,9,0.444,4,13,17,5,0,1,2,7,12
0020100799,2002-02-25,2001-02,regular_season,False,1610612766,CHH,Charlotte Hornets,1610612750,MIN,Minnesota Timberwolves,23,29,L,7,19,0.368,0,1,0.0,9,12,0.75,1,5,6,3,2,0,1,3,-6,10,20,0.5,4,5,0.8,5,5,1.0,3,11,14,5,1,3,4,7,6
0020100800,2002-02-25,2001-02,regular_season,False,1610612763,MEM,Memphis Grizzlies,1610612746,LAC,Los Angeles Clippers,15,22,L,5,19,0.263,1,5,0.2,4,8,0.5,3,7,10,4,2,1,5,7,-7,7,17,0.412,0,1,0.0,8,10,0.8,2,11,13,5,2,2,5,8,7
0020100801,2002-02-25,2001-02,regular_season,False,1610612744,GSW,Golden State Warriors,1610612754,IND,Indiana Pacers,10,21,L,4,25,0.16,0,4,0.0,2,2,1.0,3,6,9,1,5,1,3,10,-11,3,8,0.375,0,3,0.0,15,18,0.833,1,12,13,1,2,5,6,3,11
0020100808,2002-02-26,2001-02,regular_season,False,1610612758,SAC,Sacramento Kings,1610612762,UTA,Utah Jazz,21,20,W,9,22,0.409,2,5,0.4,1,8,0.125,4,7,11,7,3,1,3,9,1,5,12,0.417,1,1,1.0,9,12,0.75,2,12,14,3,3,0,8,7,-1
0020100807,2002-02-26,2001-02,regular_season,False,1610612759,SAS,San Antonio Spurs,1610612756,PHX,Phoenix Suns,27,24,W,6,14,0.429,3,4,0.75,12,16,0.75,2,13,15,4,1,4,4,2,3,9,28,0.321,4,6,0.667,2,3,0.667,6,7,13,5,3,0,1,9,-3
0020100805,2002-02-26,2001-02,regular_season,False,1610612742,DAL,Dallas Mavericks,1610612763,MEM,Memphis Grizzlies,20,23,L,8,21,0.381,2,5,0.4,2,3,0.667,3,9,12,5,1,2,2,2,-3,9,25,0.36,4,11,0.364,1,2,0.5,6,10,16,7,1,1,3,3,3
0020100806,2002-02-26,2001-02,regular_season,False,1610612745,HOU,Houston Rockets,1610612746,LAC,Los Angeles Clippers,13,24,L,5,16,0.312,0,5,0.0,3,7,0.429,2,5,7,0,2,1,3,6,-11,10,21,0.476,0,3,0.0,4,4,1.0,5,9,14,3,1,0,2,5,11
0020100803,2002-02-26,2001-02,regular_season,False,1610612749,MIL,Milwaukee Bucks,1610612747,LAL,Los Angeles Lakers,21,25,L,5,14,0.357,1,2,0.5,10,10,1.0,2,7,9,4,3,0,3,7,-4,8,18,0.444,4,7,0.571,5,9,0.556,5,6,11,5,3,1,3,7,4
0020100802,2002-02-26,2001-02,regular_season,False,1610612739,CLE,Cleveland Cavaliers,1610612760,SEA,Seattle SuperSonics,16,23,L,5,19,0.263,0,4,0.0,6,6,1.0,5,8,13,4,1,1,7,3,-7,9,18,0.5,2,4,0.5,3,4,0.75,0,8,8,7,2,0,5,7,7
0020100804,2002-02-26,2001-02,regular_season,False,1610612741,CHI,Chicago Bulls,1610612753,ORL,Orlando Magic,29,22,W,10,22,0.455,3,6,0.5,6,13,0.462,6,12,18,5,1,0,0,6,7,7,19,0.368,1,4,0.25,7,10,0.7,1,11,12,4,0,0,1,7,-7
0020100817,2002-02-27,2001-02,regular_season,False,1610612744,GSW,Golden State Warriors,1610612743,DEN,Denver Nuggets,24,17,W,5,10,0.5,1,1,1.0,13,16,0.812,2,10,12,3,4,2,10,5,7,7,24,0.292,0,8,0.0,3,4,0.75,8,1,9,6,3,0,6,9,-7
0020100815,2002-02-27,2001-02,regular_season,False,1610612761,TOR,Toronto Raptors,1610612753,ORL,Orlando Magic,12,20,L,5,24,0.208,0,2,0.0,2,2,1.0,6,7,13,3,1,2,1,5,-8,7,17,0.412,1,2,0.5,5,6,0.833,1,11,12,5,1,0,2,4,8
0020100814,2002-02-27,2001-02,regular_season,False,1610612765,DET,Detroit Pistons,1610612741,CHI,Chicago Bulls,21,23,L,9,20,0.45,1,3,0.333,2,2,1.0,3,7,10,7,4,2,4,4,-2,8,19,0.421,3,7,0.429,4,4,1.0,2,7,9,5,4,1,5,2,2
0020100813,2002-02-27,2001-02,regular_season,False,1610612737,ATL,Atlanta Hawks,1610612760,SEA,Seattle SuperSonics,20,25,L,7,21,0.333,1,5,0.2,5,7,0.714,4,4,8,4,2,0,5,6,-5,11,16,0.688,0,5,0.0,3,5,0.6,0,7,7,7,3,1,4,5,5
0020100816,2002-02-27,2001-02,regular_season,False,1610612750,MIN,Minnesota Timberwolves,1610612747,LAL,Los Angeles Lakers,25,25,W,7,18,0.389,3,6,0.5,8,9,0.889,4,7,11,5,0,0,4,6,0,9,20,0.45,2,5,0.4,5,8,0.625,2,6,8,6,4,1,1,8,0
0020100811,2002-02-27,2001-02,regular_season,False,1610612764,WAS,Washington Wizards,1610612757,POR,Portland Trail Blazers,18,22,L,6,21,0.286,2,6,0.333,4,4,1.0,3,8,11,4,2,2,4,6,-4,5,17,0.294,3,5,0.6,9,10,0.9,3,10,13,3,4,0,4,6,4
0020100810,2002-02-27,2001-02,regular_season,False,1610612755,PHI,Philadelphia 76ers,1610612748,MIA,Miami Heat,19,19,W,3,11,0.273,0,1,0.0,13,18,0.722,3,7,10,1,1,2,2,3,0,8,28,0.286,3,9,0.333,0,0,0.0,10,6,16,5,1,1,2,8,0
0020100809,2002-02-27,2001-02,regular_season,False,1610612738,BOS,Boston Celtics,1610612749,MIL,Milwaukee Bucks,23,26,L,9,21,0.429,4,8,0.5,1,1,1.0,4,4,8,7,0,1,3,7,-3,9,15,0.6,1,5,0.2,7,8,0.875,2,8,10,6,2,1,3,5,3
0020100812,2002-02-27,2001-02,regular_season,False,1610612766,CHH,Charlotte Hornets,1610612751,NJN,New Jersey Nets,27,28,L,12,20,0.6,0,2,0.0,3,5,0.6,1,6,7,8,2,1,5,7,-1,10,16,0.625,3,4,0.75,5,9,0.556,2,7,9,6,4,0,7,5,1
0020100818,2002-02-28,2001-02,regular_season,False,1610612739,CLE,Cleveland Cavaliers,1610612759,SAS,San Antonio Spurs,24,25,L,8,16,0.5,1,2,0.5,7,10,0.7,2,5,7,4,1,3,4,8,-1,8,18,0.444,1,6,0.167,8,9,0.889,2,8,10,5,2,0,4,10,1
0020100819,2002-02-28,2001-02,regular_season,False,1610612748,MIA,Miami Heat,1610612752,NYK,New York Knicks,33,12,W,12,18,0.667,2,3,0.667,7,9,0.778,3,11,14,8,4,0,4,7,21,4,18,0.222,1,6,0.167,3,6,0.5,3,4,7,3,0,0,5,6,-21
0020100820,2002-02-28,2001-02,regular_season,False,1610612762,UTA,Utah Jazz,1610612763,MEM,Memphis Grizzlies,34,17,W,15,20,0.75,0,2,0.0,4,5,0.8,3,8,11,13,3,0,2,9,17,3,13,0.231,0,2,0.0,11,16,0.688,4,3,7,2,2,2,4,4,-17
0020100821,2002-02-28,2001-02,regular_season,False,1610612756,PHX,Phoenix Suns,1610612754,IND,Indiana Pacers,22,21,W,9,23,0.391,2,5,0.4,2,2,1.0,2,10,12,4,1,0,2,12,1,5,16,0.312,0,4,0.0,11,18,0.611,3,12,15,1,1,1,4,6,-1
0020100831,2002-03-01,2001-02,regular_season,False,1610612744,GSW,Golden State Warriors,1610612758,SAC,Sacramento Kings,33,27,W,10,19,0.526,0,2,0.0,13,17,0.765,3,5,8,3,6,2,6,1,6,12,21,0.571,1,3,0.333,2,2,1.0,3,9,12,11,6,1,10,13,-6
0020100830,2002-03-01,2001-02,regular_season,False,1610612747,LAL,Los Angeles Lakers,1610612754,IND,Indiana Pacers,27,17,W,7,15,0.467,3,6,0.5,10,14,0.714,0,14,14,7,1,3,5,9,10,3,19,0.158,0,6,0.0,11,16,0.688,2,9,11,1,2,0,3,11,-10
0020100829,2002-03-01,2001-02,regular_season,False,1610612743,DEN,Denver Nuggets,1610612763,MEM,Memphis Grizzlies,16,23,L,7,17,0.412,0,3,0.0,2,2,1.0,3,4,7,2,2,2,3,9,-7,6,13,0.462,0,2,0.0,11,14,0.786,2,5,7,4,1,0,3,5,7
0020100828,2002-03-01,2001-02,regular_season,False,1610612741,CHI,Chicago Bulls,1610612764,WAS,Washington Wizards,25,23,W,10,21,0.476,0,1,0.0,5,6,0.833,2,4,6,4,1,1,2,7,2,7,16,0.438,0,1,0.0,9,10,0.9,0,7,7,5,1,1,3,6,-2
0020100827,2002-03-01,2001-02,regular_season,False,1610612750,MIN,Minnesota Timberwolves,1610612759,SAS,San Antonio Spurs,17,20,L,7,23,0.304,1,8,0.125,2,2,1.0,7,5,12,2,0,1,2,5,-3,8,15,0.533,2,2,1.0,2,2,1.0,1,8,9,5,0,1,4,5,3
0020100825,2002-03-01,2001-02,regular_season,False,1610612752,NYK,New York Knicks,1610612760,SEA,Seattle SuperSonics,28,23,W,9,13,0.692,1,1,1.0,9,14,0.643,0,9,9,5,0,1,5,6,5,8,22,0.364,4,10,0.4,3,6,0.5,3,4,7,7,2,1,2,10,-5
0020100824,2002-03-01,2001-02,regular_season,False,1610612738,BOS,Boston Celtics,1610612766,CHH,Charlotte Hornets,26,16,W,9,21,0.429,2,5,0.4,6,8,0.75,4,9,13,5,3,0,3,7,10,3,15,0.2,0,2,0.0,10,12,0.833,3,6,9,3,2,1,4,8,-10
0020100823,2002-03-01,2001-02,regular_season,False,1610612761,TOR,Toronto Raptors,1610612757,POR,Portland Trail Blazers,15,20,L,7,16,0.438,1,2,0.5,0,0,0.0,2,6,8,5,2,1,5,4,-5,9,22,0.409,1,3,0.333,1,1,1.0,6,7,13,2,4,0,3,2,5
0020100822,2002-03-01,2001-02,regular_season,False,1610612755,PHI,Philadelphia 76ers,1610612751,NJN,New Jersey Nets,25,33,L,5,13,0.385,0,0,0.0,15,23,0.652,0,11,11,4,1,2,4,5,-8,12,26,0.462,6,14,0.429,3,4,0.75,3,10,13,7,4,1,3,12,8
0020100826,2002-03-01,2001-02,regular_season,False,1610612765,DET,Detroit Pistons,1610612753,ORL,Orlando Magic,34,29,W,10,15,0.667,3,4,0.75,11,17,0.647,1,7,8,7,4,2,4,6,5,10,20,0.5,2,5,0.4,7,9,0.778,0,5,5,2,3,0,4,10,-5
0020100832,2002-03-02,2001-02,regular_season,False,1610612737,ATL,Atlanta Hawks,1610612739,CLE,Cleveland Cavaliers,21,15,W,9,19,0.474,2,6,0.333,1,2,0.5,1,5,6,6,4,2,4,4,6,5,15,0.333,0,5,0.0,5,6,0.833,1,9,10,3,4,1,7,5,-6
0020100833,2002-03-02,2001-02,regular_season,False,1610612749,MIL,Milwaukee Bucks,1610612757,POR,Portland Trail Blazers,14,16,L,5,19,0.263,1,8,0.125,3,3,1.0,2,7,9,5,3,0,5,7,-2,5,16,0.312,0,6,0.0,6,9,0.667,2,9,11,3,1,1,4,5,2
0020100834,2002-03-02,2001-02,regular_season,False,1610612742,DAL,Dallas Mavericks,1610612748,MIA,Miami Heat,32,25,W,10,23,0.435,5,12,0.417,7,8,0.875,2,11,13,7,2,1,3,7,7,7,20,0.35,1,1,1.0,10,10,1.0,2,9,11,6,2,3,4,6,-7
0020100835,2002-03-02,2001-02,regular_season,False,1610612762,UTA,Utah Jazz,1610612750,MIN,Minnesota Timberwolves,26,36,L,6,17,0.353,1,5,0.2,13,15,0.867,2,6,8,5,0,0,4,13,-10,8,17,0.471,2,6,0.333,18,21,0.857,2,9,11,4,3,2,1,11,10
0020100836,2002-03-02,2001-02,regular_season,False,1610612756,PHX,Phoenix Suns,1610612745,HOU,Houston Rockets,22,29,L,9,21,0.429,0,2,0.0,4,5,0.8,2,7,9,4,1,1,2,6,-7,10,19,0.526,3,6,0.5,6,7,0.857,1,10,11,6,2,0,3,4,7
0020100837,2002-03-02,2001-02,regular_season,False,1610612746,LAC,Los Angeles Clippers,1610612744,GSW,Golden State Warriors,32,21,W,14,20,0.7,1,2,0.5,3,4,0.75,3,6,9,7,2,2,2,6,11,7,20,0.35,1,6,0.167,6,8,0.75,7,3,10,3,1,1,5,6,-11
0020100847,2002-03-03,2001-02,regular_season,False,1610612747,LAL,Los Angeles Lakers,1610612745,HOU,Houston Rockets,24,21,W,9,23,0.391,1,3,0.333,5,10,0.5,7,8,15,3,4,0,3,4,3,7,20,0.35,1,4,0.25,6,6,1.0,5,9,14,5,0,0,6,6,-3
0020100845,2002-03-03,2001-02,regular_season,False,1610612739,CLE,Cleveland Cavaliers,1610612749,MIL,Milwaukee Bucks,27,21,W,7,17,0.412,2,6,0.333,11,14,0.786,2,8,10,7,1,2,2,6,6,8,19,0.421,1,4,0.25,4,6,0.667,2,9,11,3,1,1,4,7,-6
0020100844,2002-03-03,2001-02,regular_season,False,1610612758,SAC,Sacramento Kings,1610612754,IND,Indiana Pacers,17,31,L,6,20,0.3,1,6,0.167,4,7,0.571,3,5,8,4,3,0,5,9,-14,10,17,0.588,1,2,0.5,10,10,1.0,1,12,13,7,1,2,5,5,14
0020100843,2002-03-03,2001-02,regular_season,False,1610612761,TOR,Toronto Raptors,1610612755,PHI,Philadelphia 76ers,19,23,L,3,11,0.273,0,2,0.0,13,17,0.765,1,4,5,3,3,0,5,9,-4,8,12,0.667,0,0,0.0,7,10,0.7,1,8,9,3,4,1,7,14,4
0020100846,2002-03-03,2001-02,regular_season,False,1610612743,DEN,Denver Nuggets,1610612742,DAL,Dallas Mavericks,24,19,W,8,19,0.421,3,6,0.5,5,6,0.833,3,7,10,6,1,1,4,6,5,7,17,0.412,0,3,0.0,5,10,0.5,2,4,6,5,2,2,2,5,-5
0020100841,2002-03-03,2001-02,regular_season,False,1610612766,CHH,Charlotte Hornets,1610612765,DET,Detroit Pistons,20,12,W,8,20,0.4,1,3,0.333,3,3,1.0,3,10,13,7,2,1,2,7,8,3,17,0.176,0,4,0.0,6,6,1.0,3,6,9,2,2,2,3,5,-8
0020100840,2002-03-03,2001-02,regular_season,False,1610612764,WAS,Washington Wizards,1610612753,ORL,Orlando Magic,21,22,L,7,17,0.412,1,4,0.25,6,8,0.75,1,6,7,3,1,1,2,4,-1,10,20,0.5,1,5,0.2,1,1,1.0,2,8,10,7,2,1,5,8,1
0020100839,2002-03-03,2001-02,regular_season,False,1610612751,NJN,New Jersey Nets,1610612741,CHI,Chicago Bulls,26,31,L,8,15,0.533,2,4,0.5,8,9,0.889,1,5,6,7,4,0,6,5,-5,14,22,0.636,1,3,0.333,2,2,1.0,3,5,8,6,5,0,4,6,5
0020100838,2002-03-03,2001-02,regular_season,False,1610612752,NYK,New York Knicks,1610612759,SAS,San Antonio Spurs,21,21,L,9,17,0.529,2,3,0.667,1,1,1.0,2,9,11,4,1,0,6,4,0,9,22,0.409,0,1,0.0,3,4,0.75,4,6,10,4,4,0,2,5,0
0020100842,2002-03-03,2001-02,regular_season,False,1610612763,MEM,Memphis Grizzlies,1610612760,SEA,Seattle SuperSonics,19,22,L,6,18,0.333,1,4,0.25,6,8,0.75,2,7,9,5,2,1,3,4,-3,9,18,0.5,0,1,0.0,4,6,0.667,3,11,14,8,3,0,4,8,3
0020100848,2002-03-04,2001-02,regular_season,False,1610612755,PHI,Philadelphia 76ers,1610612738,BOS,Boston Celtics,25,28,L,10,22,0.455,2,3,0.667,3,3,1.0,3,7,10,7,0,0,3,8,-3,9,21,0.429,3,7,0.429,7,9,0.778,5,6,11,6,2,3,0,4,3
0020100849,2002-03-04,2001-02,regular_season,False,1610612737,ATL,Atlanta Hawks,1610612763,MEM,Memphis Grizzlies,22,21,W,8,16,0.5,3,4,0.75,3,3,1.0,3,9,12,5,1,1,7,7,1,9,17,0.529,1,2,0.5,2,6,0.333,0,4,4,4,2,1,2,5,-1
0020100850,2002-03-04,2001-02,regular_season,False,1610612762,UTA,Utah Jazz,1610612743,DEN,Denver Nuggets,32,25,W,9,16,0.562,1,3,0.333,13,14,0.929,2,5,7,7,2,3,2,10,7,7,17,0.412,0,3,0.0,11,12,0.917,5,4,9,1,2,1,4,10,-7
0020100851,2002-03-04,2001-02,regular_season,False,1610612757,POR,Portland Trail Blazers,1610612758,SAC,Sacramento Kings,24,26,L,7,16,0.438,0,1,0.0,10,11,0.909,3,6,9,4,3,0,4,6,-2,9,15,0.6,1,4,0.25,7,8,0.875,1,5,6,4,0,2,5,7,2
0020100861,2002-03-05,2001-02,regular_season,False,1610612747,LAL,Los Angeles Lakers,1610612751,NJN,New Jersey Nets,31,29,W,5,12,0.417,3,6,0.5,18,28,0.643,4,9,13,4,0,2,2,8,2,9,22,0.409,2,7,0.286,9,11,0.818,4,5,9,6,2,0,1,15,-2
0020100860,2002-03-05,2001-02,regular_season,False,1610612760,SEA,Seattle SuperSonics,1610612750,MIN,Minnesota Timberwolves,28,15,W,9,19,0.474,3,5,0.6,7,10,0.7,6,11,17,4,3,1,5,6,13,6,20,0.3,2,5,0.4,1,4,0.25,3,3,6,3,1,0,3,6,-13
0020100859,2002-03-05,2001-02,regular_season,False,1610612759,SAS,San Antonio Spurs,1610612744,GSW,Golden State Warriors,26,25,W,12,20,0.6,2,4,0.5,0,2,0.0,2,9,11,9,2,0,4,5,1,10,23,0.435,3,4,0.75,2,5,0.4,4,5,9,5,2,0,2,1,-1
0020100858,2002-03-05,2001-02,regular_season,False,1610612745,HOU,Houston Rockets,1610612761,TOR,Toronto Raptors,30,26,W,11,23,0.478,4,7,0.571,4,5,0.8,4,7,11,6,2,4,2,5,4,10,23,0.435,1,3,0.333,5,7,0.714,4,9,13,1,1,0,2,6,-4
0020100857,2002-03-05,2001-02,regular_season,False,1610612742,DAL,Dallas Mavericks,1610612756,PHX,Phoenix Suns,18,19,L,6,16,0.375,0,2,0.0,6,9,0.667,0,13,13,4,0,2,4,6,-1,7,24,0.292,0,5,0.0,5,6,0.833,2,12,14,5,1,0,0,5,1
0020100853,2002-03-05,2001-02,regular_season,False,1610612739,CLE,Cleveland Cavaliers,1610612737,ATL,Atlanta Hawks,27,25,W,11,20,0.55,2,6,0.333,3,6,0.5,2,8,10,6,1,2,3,2,2,11,25,0.44,1,4,0.25,2,3,0.667,5,8,13,5,1,2,2,5,-2
0020100855,2002-03-05,2001-02,regular_season,False,1610612765,DET,Detroit Pistons,1610612748,MIA,Miami Heat,20,13,W,5,19,0.263,2,6,0.333,8,10,0.8,4,9,13,3,2,4,2,8,7,5,17,0.294,0,0,0.0,3,7,0.429,3,11,14,2,0,2,4,7,-7
0020100854,2002-03-05,2001-02,regular_season,False,1610612752,NYK,New York Knicks,1610612749,MIL,Milwaukee Bucks,20,17,W,6,17,0.353,1,3,0.333,7,9,0.778,3,5,8,3,3,0,4,5,3,8,17,0.471,0,5,0.0,1,2,0.5,4,7,11,3,3,1,6,6,-3
0020100852,2002-03-05,2001-02,regular_season,False,1610612764,WAS,Washington Wizards,1610612741,CHI,Chicago Bulls,30,21,W,11,17,0.647,1,1,1.0,7,8,0.875,2,10,12,5,0,0,2,3,9,9,21,0.429,0,2,0.0,3,3,1.0,0,4,4,4,2,1,1,6,-9
0020100856,2002-03-05,2001-02,regular_season,False,1610612754,IND,Indiana Pacers,1610612753,ORL,Orlando Magic,29,29,W,10,21,0.476,2,5,0.4,7,9,0.778,4,9,13,7,2,0,5,5,0,11,22,0.5,3,8,0.375,4,5,0.8,1,6,7,6,3,1,3,5,0
0020100868,2002-03-06,2001-02,regular_season,False,1610612757,POR,Portland Trail Blazers,1610612750,MIN,Minnesota Timberwolves,29,20,W,8,17,0.471,2,4,0.5,11,14,0.786,3,10,13,4,1,4,4,1,9,9,25,0.36,1,4,0.25,1,2,0.5,3,6,9,4,1,0,2,9,-9
0020100867,2002-03-06,2001-02,regular_season,False,1610612756,PHX,Phoenix Suns,1610612751,NJN,New Jersey Nets,20,11,W,4,21,0.19,0,3,0.0,12,15,0.8,6,10,16,1,3,1,3,2,9,5,22,0.227,0,1,0.0,1,4,0.25,7,7,14,2,2,5,4,10,-9
0020100865,2002-03-06,2001-02,regular_season,False,1610612762,UTA,Utah Jazz,1610612747,LAL,Los Angeles Lakers,22,22,W,5,12,0.417,2,3,0.667,10,12,0.833,0,7,7,4,2,0,5,10,0,8,22,0.364,2,8,0.25,4,8,0.5,5,9,14,4,0,1,4,8,0
0020100866,2002-03-06,2001-02,regular_season,False,1610612741,CHI,Chicago Bulls,1610612748,MIA,Miami Heat,31,25,W,13,19,0.684,0,1,0.0,5,5,1.0,2,7,9,7,1,0,1,7,6,7,16,0.438,1,2,0.5,10,12,0.833,2,4,6,6,1,1,2,5,-6
0020100863,2002-03-06,2001-02,regular_season,False,1610612755,PHI,Philadelphia 76ers,1610612739,CLE,Cleveland Cavaliers,30,25,W,10,19,0.526,0,1,0.0,10,13,0.769,2,5,7,5,5,1,1,4,5,11,19,0.579,3,4,0.75,0,0,0.0,3,6,9,8,0,0,7,6,-5
0020100862,2002-03-06,2001-02,regular_season,False,1610612738,BOS,Boston Celtics,1610612753,ORL,Orlando Magic,26,28,L,5,18,0.278,1,5,0.2,15,16,0.938,4,5,9,3,3,1,3,9,-2,7,13,0.538,0,1,0.0,14,16,0.875,1,8,9,4,2,1,5,9,2
0020100864,2002-03-06,2001-02,regular_season,False,1610612749,MIL,Milwaukee Bucks,1610612746,LAC,Los Angeles Clippers,26,17,W,9,19,0.474,2,2,1.0,6,8,0.75,2,5,7,6,2,0,2,7,9,6,15,0.4,0,3,0.0,5,8,0.625,4,8,12,2,1,1,7,6,-9
0020100869,2002-03-07,2001-02,regular_season,False,1610612764,WAS,Washington Wizards,1610612765,DET,Detroit Pistons,19,21,L,6,20,0.3,1,2,0.5,6,10,0.6,7,6,13,4,1,1,5,3,-2,9,16,0.562,3,5,0.6,0,0,0.0,1,6,7,7,1,3,5,9,2
0020100870,2002-03-07,2001-02,regular_season,False,1610612763,MEM,Memphis Grizzlies,1610612754,IND,Indiana Pacers,36,25,W,13,21,0.619,3,5,0.6,7,10,0.7,4,8,12,8,1,3,2,5,11,10,23,0.435,2,5,0.4,3,4,0.75,5,6,11,4,2,0,5,12,-11
0020100871,2002-03-07,2001-02,regular_season,False,1610612759,SAS,San Antonio Spurs,1610612745,HOU,Houston Rockets,25,29,L,7,24,0.292,2,4,0.5,9,12,0.75,11,5,16,3,1,1,3,4,-4,11,24,0.458,3,9,0.333,4,4,1.0,6,7,13,6,2,5,4,8,4
0020100872,2002-03-07,2001-02,regular_season,False,1610612742,DAL,Dallas Mavericks,1610612761,TOR,Toronto Raptors,34,26,W,12,15,0.8,1,2,0.5,9,10,0.9,0,6,6,9,2,0,3,7,8,8,22,0.364,2,4,0.5,8,9,0.889,8,4,12,3,2,0,4,7,-8
0020100873,2002-03-07,2001-02,regular_season,False,1610612743,DEN,Denver Nuggets,1610612752,NYK,New York Knicks,27,24,W,10,17,0.588,0,2,0.0,7,7,1.0,2,6,8,10,3,1,4,8,3,7,15,0.467,1,3,0.333,9,10,0.9,1,2,3,3,2,0,4,4,-3
0020100874,2002-03-07,2001-02,regular_season,False,1610612760,SEA,Seattle SuperSonics,1610612766,CHH,Charlotte Hornets,16,17,L,6,21,0.286,1,2,0.5,3,4,0.75,3,10,13,3,1,2,3,9,-1,5,17,0.294,0,4,0.0,7,12,0.583,3,11,14,1,3,1,4,7,1
0020100885,2002-03-08,2001-02,regular_season,False,1610612757,POR,Portland Trail Blazers,1610612751,NJN,New Jersey Nets,17,14,W,6,15,0.4,3,5,0.6,2,4,0.5,3,9,12,4,4,2,7,6,3,5,17,0.294,0,4,0.0,4,5,0.8,3,4,7,4,3,1,4,6,-3
0020100883,2002-03-08,2001-02,regular_season,False,1610612756,PHX,Phoenix Suns,1610612750,MIN,Minnesota Timberwolves,25,16,W,10,20,0.5,1,5,0.2,4,5,0.8,5,7,12,7,1,2,4,5,9,6,22,0.273,3,7,0.429,1,2,0.5,6,4,10,4,2,0,3,5,-9
0020100882,2002-03-08,2001-02,regular_season,False,1610612762,UTA,Utah Jazz,1610612752,NYK,New York Knicks,15,24,L,5,23,0.217,1,6,0.167,4,9,0.444,6,7,13,3,1,0,6,9,-9,5,14,0.357,0,2,0.0,14,14,1.0,1,11,12,2,4,2,6,10,9
0020100881,2002-03-08,2001-02,regular_season,False,1610612745,HOU,Houston Rockets,1610612744,GSW,Golden State Warriors,14,28,L,6,23,0.261,1,8,0.125,1,5,0.2,3,4,7,3,3,4,4,10,-14,8,16,0.5,0,2,0.0,12,16,0.75,4,13,17,5,3,2,4,6,14
0020100880,2002-03-08,2001-02,regular_season,False,1610612749,MIL,Milwaukee Bucks,1610612739,CLE,Cleveland Cavaliers,31,31,L,10,19,0.526,5,11,0.455,6,8,0.75,5,5,10,6,1,2,2,7,0,12,18,0.667,1,3,0.333,6,7,0.857,2,4,6,3,1,2,1,5,0
0020100884,2002-03-08,2001-02,regular_season,False,1610612758,SAC,Sacramento Kings,1610612766,CHH,Charlotte Hornets,29,23,W,9,18,0.5,1,2,0.5,10,10,1.0,1,10,11,4,3,0,2,7,6,7,18,0.389,1,4,0.25,8,14,0.571,3,8,11,2,1,0,3,6,-6
0020100878,2002-03-08,2001-02,regular_season,False,1610612748,MIA,Miami Heat,1610612761,TOR,Toronto Raptors,12,19,L,4,19,0.211,1,2,0.5,3,6,0.5,5,5,10,1,1,2,4,5,-7,6,15,0.4,1,3,0.333,6,7,0.857,1,10,11,6,2,1,4,8,7
0020100877,2002-03-08,2001-02,regular_season,False,1610612753,ORL,Orlando Magic,1610612764,WAS,Washington Wizards,21,23,L,9,17,0.529,0,2,0.0,3,6,0.5,0,10,10,2,0,1,2,6,-2,8,18,0.444,1,2,0.5,6,7,0.857,0,8,8,5,1,0,2,5,2
0020100876,2002-03-08,2001-02,regular_season,False,1610612738,BOS,Boston Celtics,1610612765,DET,Detroit Pistons,37,29,W,12,20,0.6,3,5,0.6,10,13,0.769,4,7,11,6,5,1,3,7,8,10,20,0.5,1,4,0.25,8,11,0.727,3,6,9,7,1,0,5,7,-8
0020100879,2002-03-08,2001-02,regular_season,False,1610612741,CHI,Chicago Bulls,1610612746,LAC,Los Angeles Clippers,22,26,L,10,22,0.455,1,5,0.2,1,2,0.5,4,9,13,8,2,0,6,13,-4,6,13,0.462,0,2,0.0,14,19,0.737,1,7,8,5,3,0,3,3,4
0020100875,2002-03-08,2001-02,regular_season,False,1610612755,PHI,Philadelphia 76ers,1610612754,IND,Indiana Pacers,35,30,W,9,18,0.5,1,2,0.5,16,16,1.0,2,12,14,7,2,2,1,9,5,9,23,0.391,1,4,0.25,11,14,0.786,5,6,11,3,1,0,2,10,-5
0020100890,2002-03-09,2001-02,regular_season,False,1610612743,DEN,Denver Nuggets,1610612757,POR,Portland Trail Blazers,29,21,W,10,19,0.526,4,5,0.8,5,9,0.556,0,4,4,8,6,2,3,7,8,7,16,0.438,0,3,0.0,7,10,0.7,4,9,13,4,1,2,9,8,-8
0020100889,2002-03-09,2001-02,regular_season,False,1610612742,DAL,Dallas Mavericks,1610612744,GSW,Golden State Warriors,22,27,L,7,22,0.318,2,5,0.4,6,8,0.75,3,8,11,3,1,4,0,5,-5,13,27,0.481,0,2,0.0,1,2,0.5,6,11,17,6,0,2,2,7,5
0020100891,2002-03-09,2001-02,regular_season,False,1610612760,SEA,Seattle SuperSonics,1610612751,NJN,New Jersey Nets,26,20,W,8,16,0.5,0,3,0.0,10,12,0.833,0,9,9,5,2,0,1,3,6,8,27,0.296,3,6,0.5,1,2,0.5,7,6,13,6,0,1,4,10,-6
0020100887,2002-03-09,2001-02,regular_season,False,1610612763,MEM,Memphis Grizzlies,1610612748,MIA,Miami Heat,27,22,W,8,29,0.276,4,9,0.444,7,9,0.778,7,7,14,3,3,0,1,8,5,6,16,0.375,0,1,0.0,10,12,0.833,1,10,11,5,1,4,4,6,-5
0020100886,2002-03-09,2001-02,regular_season,False,1610612737,ATL,Atlanta Hawks,1610612755,PHI,Philadelphia 76ers,20,31,L,7,17,0.412,1,5,0.2,5,7,0.714,1,6,7,5,2,1,5,6,-11,10,21,0.476,1,3,0.333,10,11,0.909,5,9,14,4,4,1,2,4,11
0020100888,2002-03-09,2001-02,regular_season,False,1610612741,CHI,Chicago Bulls,1610612759,SAS,San Antonio Spurs,21,24,L,7,16,0.438,0,3,0.0,7,13,0.538,0,12,12,5,1,0,4,1,-3,11,26,0.423,0,0,0.0,2,2,1.0,3,10,13,9,2,0,1,7,3
0020100892,2002-03-10,2001-02,regular_season,False,1610612753,ORL,Orlando Magic,1610612761,TOR,Toronto Raptors,15,14,W,5,16,0.312,1,6,0.167,4,6,0.667,2,7,9,2,1,3,4,6,1,4,20,0.2,0,4,0.0,6,6,1.0,4,9,13,3,1,1,6,8,-1
0020100893,2002-03-10,2001-02,regular_season,False,1610612738,BOS,Boston Celtics,1610612764,WAS,Washington Wizards,24,18,W,6,15,0.4,3,7,0.429,9,10,0.9,2,4,6,4,2,2,3,7,6,5,16,0.312,1,2,0.5,7,8,0.875,3,6,9,5,2,1,6,8,-6
0020100894,2002-03-10,2001-02,regular_season,False,1610612739,CLE,Cleveland Cavaliers,1610612746,LAC,Los Angeles Clippers,26,24,W,10,22,0.455,3,4,0.75,3,3,1.0,2,6,8,5,1,4,4,3,2,10,21,0.476,1,3,0.333,3,6,0.5,4,9,13,5,3,2,5,5,-2
0020100895,2002-03-10,2001-02,regular_season,False,1610612765,DET,Detroit Pistons,1610612754,IND,Indiana Pacers,20,21,L,8,26,0.308,0,7,0.0,4,9,0.444,9,6,15,3,3,2,5,8,-1,4,12,0.333,1,3,0.333,12,14,0.857,2,10,12,1,5,4,8,8,1
0020100896,2002-03-10,2001-02,regular_season,False,1610612749,MIL,Milwaukee Bucks,1610612758,SAC,Sacramento Kings,20,20,L,8,16,0.5,2,4,0.5,2,2,1.0,0,10,10,7,0,0,4,3,0,9,21,0.429,1,2,0.5,1,2,0.5,3,7,10,5,3,0,2,2,0
0020100897,2002-03-10,2001-02,regular_season,False,1610612745,HOU,Houston Rockets,1610612762,UTA,Utah Jazz,28,30,L,9,18,0.5,3,6,0.5,7,8,0.875,0,6,6,4,1,5,1,2,-2,13,24,0.542,2,3,0.667,2,2,1.0,3,8,11,8,0,0,1,5,2
0020100898,2002-03-10,2001-02,regular_season,False,1610612747,LAL,Los Angeles Lakers,1610612752,NYK,New York Knicks,29,23,W,8,13,0.615,2,6,0.333,11,17,0.647,0,8,8,4,4,1,3,7,6,8,20,0.4,2,4,0.5,5,6,0.833,4,8,12,0,2,0,4,11,-6
0020100899,2002-03-10,2001-02,regular_season,False,1610612756,PHX,Phoenix Suns,1610612766,CHH,Charlotte Hornets,24,17,W,9,20,0.45,1,1,1.0,5,7,0.714,6,10,16,6,1,1,5,8,7,6,18,0.333,0,2,0.0,5,7,0.714,2,5,7,5,3,1,3,7,-7
0020100904,2002-03-11,2001-02,regular_season,False,1610612741,CHI,Chicago Bulls,1610612758,SAC,Sacramento Kings,20,22,L,7,17,0.412,0,3,0.0,6,9,0.667,3,9,12,6,0,3,4,8,-2,7,25,0.28,1,4,0.25,7,10,0.7,8,8,16,3,4,1,2,8,2
0020100905,2002-03-11,2001-02,regular_season,False,1610612742,DAL,Dallas Mavericks,1610612760,SEA,Seattle SuperSonics,28,24,W,9,16,0.562,5,7,0.714,5,5,1.0,2,7,9,6,2,1,5,7,4,8,18,0.444,0,3,0.0,8,11,0.727,4,4,8,2,4,2,2,5,-4
0020100903,2002-03-11,2001-02,regular_season,False,1610612763,MEM,Memphis Grizzlies,1610612762,UTA,Utah Jazz,16,18,L,6,18,0.333,2,4,0.5,2,4,0.5,3,6,9,5,3,2,3,6,-2,6,18,0.333,1,3,0.333,5,10,0.5,7,10,17,6,3,2,4,3,2
0020100906,2002-03-11,2001-02,regular_season,False,1610612743,DEN,Denver Nuggets,1610612759,SAS,San Antonio Spurs,19,26,L,9,20,0.45,0,2,0.0,1,2,0.5,2,8,10,4,1,2,5,8,-7,10,20,0.5,2,5,0.4,4,6,0.667,3,8,11,8,2,1,1,3,7
0020100901,2002-03-11,2001-02,regular_season,False,1610612737,ATL,Atlanta Hawks,1610612744,GSW,Golden State Warriors,26,18,W,10,20,0.5,1,3,0.333,5,6,0.833,4,10,14,6,1,0,3,4,8,8,22,0.364,1,4,0.25,1,2,0.5,3,5,8,5,0,2,3,5,-8
0020100900,2002-03-11,2001-02,regular_season,False,1610612764,WAS,Washington Wizards,1610612738,BOS,Boston Celtics,29,30,L,11,20,0.55,2,4,0.5,5,10,0.5,4,6,10,6,2,0,3,8,-1,11,16,0.688,3,7,0.429,5,8,0.625,1,5,6,6,1,0,4,7,1
0020100902,2002-03-11,2001-02,regular_season,False,1610612750,MIN,Minnesota Timberwolves,1610612746,LAC,Los Angeles Clippers,24,33,L,6,15,0.4,3,5,0.6,9,10,0.9,3,2,5,3,0,1,5,8,-9,12,19,0.632,2,5,0.4,7,10,0.7,4,7,11,8,1,1,2,7,9
0020100914,2002-03-12,2001-02,regular_season,False,1610612747,LAL,Los Angeles Lakers,1610612766,CHH,Charlotte Hornets,33,12,W,13,26,0.5,0,2,0.0,7,9,0.778,3,12,15,8,2,2,0,5,21,5,20,0.25,1,4,0.25,1,2,0.5,1,7,8,4,0,2,5,8,-21
0020100912,2002-03-12,2001-02,regular_season,False,1610612745,HOU,Houston Rockets,1610612760,SEA,Seattle SuperSonics,25,22,W,9,19,0.474,4,5,0.8,3,6,0.5,1,7,8,4,1,1,1,2,3,10,22,0.455,0,2,0.0,2,2,1.0,1,11,12,7,0,0,1,6,-3
0020100911,2002-03-12,2001-02,regular_season,False,1610612749,MIL,Milwaukee Bucks,1610612741,CHI,Chicago Bulls,23,22,W,9,17,0.529,0,6,0.0,5,7,0.714,0,11,11,7,3,0,5,9,1,6,17,0.353,0,2,0.0,10,11,0.909,0,9,9,4,2,0,4,7,-1
0020100913,2002-03-12,2001-02,regular_season,False,1610612759,SAS,San Antonio Spurs,1610612763,MEM,Memphis Grizzlies,32,17,W,11,18,0.611,3,6,0.5,7,8,0.875,1,7,8,5,6,1,5,3,15,7,18,0.389,1,6,0.167,2,4,0.5,2,4,6,5,4,3,6,7,-15
0020100909,2002-03-12,2001-02,regular_season,False,1610612751,NJN,New Jersey Nets,1610612761,TOR,Toronto Raptors,22,17,W,6,18,0.333,1,2,0.5,9,9,1.0,4,7,11,1,3,2,4,7,5,5,18,0.278,0,2,0.0,7,11,0.636,5,7,12,3,2,0,5,7,-5
0020100908,2002-03-12,2001-02,regular_season,False,1610612752,NYK,New York Knicks,1610612755,PHI,Philadelphia 76ers,22,28,L,9,21,0.429,1,4,0.25,3,5,0.6,3,7,10,4,1,4,5,9,-6,8,17,0.471,0,2,0.0,12,15,0.8,1,7,8,4,4,0,2,4,6
0020100907,2002-03-12,2001-02,regular_season,False,1610612754,IND,Indiana Pacers,1610612744,GSW,Golden State Warriors,23,15,W,8,20,0.4,1,4,0.25,6,6,1.0,3,8,11,4,4,0,4,3,8,7,20,0.35,1,5,0.2,0,0,0.0,2,8,10,4,3,2,7,8,-8
0020100910,2002-03-12,2001-02,regular_season,False,1610612748,MIA,Miami Heat,1610612756,PHX,Phoenix Suns,27,22,W,9,20,0.45,3,5,0.6,6,8,0.75,3,10,13,4,2,0,2,3,5,8,19,0.421,2,8,0.25,4,6,0.667,2,9,11,5,1,0,2,6,-5
0020100915,2002-03-13,2001-02,regular_season,False,1610612738,BOS,Boston Celtics,1610612751,NJN,New Jersey Nets,23,20,W,8,19,0.421,3,7,0.429,4,8,0.5,3,7,10,8,4,2,2,8,3,7,19,0.368,1,4,0.25,5,6,0.833,2,8,10,4,2,2,5,5,-3
0020100916,2002-03-13,2001-02,regular_season,False,1610612753,ORL,Orlando Magic,1610612756,PHX,Phoenix Suns,23,27,L,9,21,0.429,1,5,0.2,4,4,1.0,3,3,6,4,3,1,2,1,-4,12,19,0.632,2,4,0.5,1,1,1.0,2,7,9,7,2,0,3,5,4
0020100917,2002-03-13,2001-02,regular_season,False,1610612737,ATL,Atlanta Hawks,1610612743,DEN,Denver Nuggets,20,26,L,4,14,0.286,0,4,0.0,12,14,0.857,2,6,8,3,1,0,2,6,-6,9,23,0.391,3,9,0.333,5,5,1.0,5,8,13,6,0,2,3,10,6
0020100918,2002-03-13,2001-02,regular_season,False,1610612765,DET,Detroit Pistons,1610612739,CLE,Cleveland Cavaliers,21,23,L,7,20,0.35,0,6,0.0,7,10,0.7,5,10,15,4,2,1,6,4,-2,9,20,0.45,0,3,0.0,5,8,0.625,1,7,8,2,5,0,4,8,2
0020100919,2002-03-13,2001-02,regular_season,False,1610612755,PHI,Philadelphia 76ers,1610612758,SAC,Sacramento Kings,19,28,L,6,16,0.375,0,2,0.0,7,10,0.7,2,6,8,1,2,0,4,8,-9,8,16,0.5,0,0,0.0,12,15,0.8,3,8,11,5,3,2,2,6,9
0020100920,2002-03-13,2001-02,regular_season,False,1610612750,MIN,Minnesota Timberwolves,1610612745,HOU,Houston Rockets,23,30,L,9,15,0.6,1,3,0.333,4,9,0.444,0,7,7,7,0,0,4,7,-7,12,20,0.6,3,7,0.429,3,4,0.75,1,8,9,7,1,3,1,7,7
0020100921,2002-03-13,2001-02,regular_season,False,1610612746,LAC,Los Angeles Clippers,1610612764,WAS,Washington Wizards,20,13,W,8,22,0.364,0,1,0.0,4,8,0.5,8,10,18,2,1,3,2,3,7,6,19,0.316,0,2,0.0,1,3,0.333,4,6,10,1,0,4,1,7,-7
0020100926,2002-03-14,2001-02,regular_season,False,1610612744,GSW,Golden State Warriors,1610612747,LAL,Los Angeles Lakers,29,36,L,10,20,0.5,3,6,0.5,6,9,0.667,4,7,11,4,2,1,8,14,-7,8,20,0.4,1,6,0.167,19,22,0.864,5,7,12,6,5,0,3,6,7
0020100924,2002-03-14,2001-02,regular_season,False,1610612759,SAS,San Antonio Spurs,1610612741,CHI,Chicago Bulls,23,21,W,3,12,0.25,2,5,0.4,15,25,0.6,3,11,14,3,2,1,3,4,2,8,24,0.333,1,3,0.333,4,4,1.0,4,8,12,2,2,1,2,16,-2
0020100925,2002-03-14,2001-02,regular_season,False,1610612757,POR,Portland Trail Blazers,1610612742,DAL,Dallas Mavericks,21,36,L,9,21,0.429,3,5,0.6,0,0,0.0,3,3,6,6,1,0,7,5,-15,16,23,0.696,0,1,0.0,4,4,1.0,3,7,10,14,3,3,3,4,15
0020100922,2002-03-14,2001-02,regular_season,False,1610612766,CHH,Charlotte Hornets,1610612762,UTA,Utah Jazz,24,26,L,8,24,0.333,3,3,1.0,5,6,0.833,6,5,11,8,6,1,5,3,-2,10,22,0.455,1,3,0.333,5,6,0.833,7,10,17,6,2,2,8,4,2
0020100923,2002-03-14,2001-02,regular_season,False,1610612752,NYK,New York Knicks,1610612758,SAC,Sacramento Kings,25,25,W,10,22,0.455,1,6,0.167,4,4,1.0,2,9,11,6,1,0,1,6,0,10,27,0.37,1,7,0.143,4,6,0.667,9,8,17,3,1,1,2,5,0
0020100927,2002-03-15,2001-02,regular_season,False,1610612751,NJN,New Jersey Nets,1610612748,MIA,Miami Heat,28,19,W,9,16,0.562,1,1,1.0,9,14,0.643,2,9,11,4,2,1,2,4,9,7,21,0.333,1,4,0.25,4,4,1.0,1,6,7,4,1,0,2,9,-9
0020100928,2002-03-15,2001-02,regular_season,False,1610612753,ORL,Orlando Magic,1610612743,DEN,Denver Nuggets,31,19,W,13,20,0.65,3,6,0.5,2,2,1.0,2,8,10,7,5,2,4,6,12,8,19,0.421,1,3,0.333,2,4,0.5,3,3,6,4,2,0,5,5,-12
0020100929,2002-03-15,2001-02,regular_season,False,1610612737,ATL,Atlanta Hawks,1610612756,PHX,Phoenix Suns,25,24,W,8,17,0.471,1,5,0.2,8,9,0.889,3,8,11,4,1,2,6,2,1,10,24,0.417,2,8,0.25,2,2,1.0,6,5,11,4,1,1,4,7,-1
0020100930,2002-03-15,2001-02,regular_season,False,1610612765,DET,Detroit Pistons,1610612762,UTA,Utah Jazz,27,25,W,7,17,0.412,3,9,0.333,10,13,0.769,2,7,9,6,0,3,3,6,2,10,22,0.455,2,4,0.5,3,5,0.6,4,7,11,5,2,3,3,10,-2
0020100931,2002-03-15,2001-02,regular_season,False,1610612750,MIN,Minnesota Timberwolves,1610612754,IND,Indiana Pacers,24,19,W,10,28,0.357,0,7,0.0,4,4,1.0,9,8,17,5,0,0,0,6,5,6,16,0.375,1,5,0.2,6,8,0.75,2,8,10,3,0,1,3,4,-5
0020100932,2002-03-15,2001-02,regular_season,False,1610612763,MEM,Memphis Grizzlies,1610612738,BOS,Boston Celtics,22,26,L,7,17,0.412,1,4,0.25,7,8,0.875,2,8,10,6,1,3,5,8,-4,7,22,0.318,2,9,0.222,10,10,1.0,4,8,12,1,5,1,3,7,4
0020100933,2002-03-15,2001-02,regular_season,False,1610612760,SEA,Seattle SuperSonics,1610612764,WAS,Washington Wizards,23,34,L,8,18,0.444,2,4,0.5,5,6,0.833,2,5,7,3,1,0,3,9,-11,11,23,0.478,3,6,0.5,9,11,0.818,7,5,12,3,1,0,1,6,11
0020100934,2002-03-15,2001-02,regular_season,False,1610612747,LAL,Los Angeles Lakers,1610612746,LAC,Los Angeles Clippers,32,21,W,9,17,0.529,3,4,0.75,11,15,0.733,3,8,11,6,4,1,0,5,11,7,25,0.28,3,8,0.375,4,4,1.0,8,7,15,4,0,1,4,11,-11
0020100943,2002-03-16,2001-02,regular_season,False,1610612744,GSW,Golden State Warriors,1610612742,DAL,Dallas Mavericks,24,25,L,7,15,0.467,3,5,0.6,7,8,0.875,1,6,7,3,3,2,5,5,-1,10,20,0.5,3,7,0.429,2,2,1.0,2,7,9,3,3,2,5,8,1
0020100942,2002-03-16,2001-02,regular_season,False,1610612746,LAC,Los Angeles Clippers,1610612760,SEA,Seattle SuperSonics,24,27,L,9,22,0.409,6,9,0.667,0,2,0.0,0,6,6,7,0,1,2,9,-3,7,20,0.35,0,3,0.0,13,14,0.929,6,12,18,5,2,1,4,2,3
0020100941,2002-03-16,2001-02,regular_season,False,1610612757,POR,Portland Trail Blazers,1610612764,WAS,Washington Wizards,18,18,W,7,16,0.438,2,3,0.667,2,3,0.667,1,5,6,3,3,1,5,8,0,4,14,0.286,1,2,0.5,9,11,0.818,3,6,9,1,3,0,5,5,0
0020100940,2002-03-16,2001-02,regular_season,False,1610612759,SAS,San Antonio Spurs,1610612738,BOS,Boston Celtics,31,25,W,10,16,0.625,3,5,0.6,8,10,0.8,2,7,9,6,1,2,2,5,6,9,21,0.429,2,10,0.2,5,5,1.0,3,4,7,3,2,0,2,7,-6
0020100935,2002-03-16,2001-02,regular_season,False,1610612752,NYK,New York Knicks,1610612739,CLE,Cleveland Cavaliers,34,24,W,9,16,0.562,3,4,0.75,13,15,0.867,1,7,8,8,1,1,2,5,10,9,19,0.474,0,4,0.0,6,7,0.857,3,4,7,2,2,0,2,7,-10
0020100938,2002-03-16,2001-02,regular_season,False,1610612749,MIL,Milwaukee Bucks,1610612765,DET,Detroit Pistons,20,28,L,7,25,0.28,1,8,0.125,5,7,0.714,8,3,11,5,1,0,2,6,-8,11,13,0.846,2,3,0.667,4,8,0.5,0,8,8,8,1,2,3,7,8
0020100937,2002-03-16,2001-02,regular_season,False,1610612766,CHH,Charlotte Hornets,1610612756,PHX,Phoenix Suns,24,13,W,9,18,0.5,2,5,0.4,4,4,1.0,2,10,12,7,1,2,2,4,11,6,21,0.286,0,1,0.0,1,2,0.5,2,4,6,4,1,2,4,5,-11
0020100936,2002-03-16,2001-02,regular_season,False,1610612748,MIA,Miami Heat,1610612743,DEN,Denver Nuggets,25,20,W,10,18,0.556,4,4,1.0,1,2,0.5,0,8,8,5,1,3,5,9,5,5,20,0.25,0,0,0.0,10,16,0.625,7,8,15,2,4,1,3,2,-5
0020100939,2002-03-16,2001-02,regular_season,False,1610612745,HOU,Houston Rockets,1610612741,CHI,Chicago Bulls,21,26,L,9,21,0.429,0,4,0.0,3,4,0.75,3,5,8,2,0,0,2,5,-5,9,21,0.429,3,6,0.5,5,6,0.833,5,8,13,5,2,2,1,6,5
0020100949,2002-03-17,2001-02,regular_season,False,1610612739,CLE,Cleveland Cavaliers,1610612752,NYK,New York Knicks,26,24,W,8,17,0.471,1,2,0.5,9,9,1.0,2,6,8,4,2,1,5,3,2,12,23,0.522,0,6,0.0,0,2,0.0,4,7,11,7,3,0,5,8,-2
0020100950,2002-03-17,2001-02,regular_season,False,1610612747,LAL,Los Angeles Lakers,1610612742,DAL,Dallas Mavericks,25,27,L,10,22,0.455,3,7,0.429,2,4,0.5,2,7,9,7,3,1,1,4,-2,10,21,0.476,4,12,0.333,3,3,1.0,2,10,12,5,0,3,3,4,2
0020100948,2002-03-17,2001-02,regular_season,False,1610612761,TOR,Toronto Raptors,1610612758,SAC,Sacramento Kings,23,29,L,9,21,0.429,1,4,0.25,4,6,0.667,5,8,13,3,3,0,5,11,-6,8,17,0.471,1,5,0.2,12,17,0.706,4,9,13,6,4,0,4,4,6
0020100945,2002-03-17,2001-02,regular_season,False,1610612754,IND,Indiana Pacers,1610612737,ATL,Atlanta Hawks,24,24,W,10,18,0.556,1,3,0.333,3,4,0.75,4,6,10,6,1,5,8,3,0,9,21,0.429,1,2,0.5,5,6,0.833,4,4,8,3,6,0,4,2,0
0020100946,2002-03-17,2001-02,regular_season,False,1610612763,MEM,Memphis Grizzlies,1610612751,NJN,New Jersey Nets,21,17,W,10,16,0.625,0,0,0.0,1,2,0.5,0,8,8,8,1,3,5,5,4,6,23,0.261,1,5,0.2,4,5,0.8,7,7,14,4,4,0,3,5,-4
0020100947,2002-03-17,2001-02,regular_season,False,1610612750,MIN,Minnesota Timberwolves,1610612762,UTA,Utah Jazz,31,32,L,7,17,0.412,1,6,0.167,16,18,0.889,5,5,10,5,1,1,6,13,-1,8,15,0.533,1,1,1.0,15,15,1.0,1,3,4,6,2,3,4,12,1
0020100944,2002-03-17,2001-02,regular_season,False,1610612755,PHI,Philadelphia 76ers,1610612753,ORL,Orlando Magic,26,24,W,10,19,0.526,2,2,1.0,4,4,1.0,3,7,10,8,0,0,1,2,2,10,19,0.526,3,5,0.6,1,1,1.0,1,6,7,5,0,0,0,4,-2
0020100951,2002-03-18,2001-02,regular_season,False,1610612738,BOS,Boston Celtics,1610612757,POR,Portland Trail Blazers,17,23,L,6,15,0.4,2,6,0.333,3,5,0.6,2,8,10,4,0,0,6,6,-6,7,19,0.368,4,11,0.364,5,6,0.833,2,6,8,5,3,0,3,4,6
0020100952,2002-03-18,2001-02,regular_season,False,1610612766,CHH,Charlotte Hornets,1610612749,MIL,Milwaukee Bucks,22,24,L,7,19,0.368,1,5,0.2,7,9,0.778,4,7,11,4,1,4,3,4,-2,9,21,0.429,2,7,0.286,4,4,1.0,2,8,10,4,2,1,1,6,2
0020100953,2002-03-18,2001-02,regular_season,False,1610612743,DEN,Denver Nuggets,1610612765,DET,Detroit Pistons,22,20,W,8,15,0.533,0,0,0.0,6,6,1.0,3,9,12,5,0,1,5,7,2,7,20,0.35,1,3,0.333,5,6,0.833,3,4,7,5,1,0,0,5,-2
0020100954,2002-03-18,2001-02,regular_season,False,1610612746,LAC,Los Angeles Clippers,1610612745,HOU,Houston Rockets,24,19,W,7,11,0.636,0,2,0.0,10,14,0.714,2,9,11,2,0,2,7,7,5,7,21,0.333,2,5,0.4,3,4,0.75,2,2,4,2,2,1,1,9,-5
0020100955,2002-03-18,2001-02,regular_season,False,1610612744,GSW,Golden State Warriors,1610612764,WAS,Washington Wizards,17,21,L,7,23,0.304,1,5,0.2,2,4,0.5,9,7,16,3,0,2,6,7,-4,6,17,0.353,1,4,0.25,8,10,0.8,3,6,9,4,2,0,1,7,4
0020100965,2002-03-19,2001-02,regular_season,False,1610612758,SAC,Sacramento Kings,1610612745,HOU,Houston Rockets,24,18,W,8,23,0.348,2,4,0.5,6,6,1.0,4,11,15,5,1,1,5,6,6,6,22,0.273,0,4,0.0,6,10,0.6,6,10,16,2,4,3,4,6,-6
0020100963,2002-03-19,2001-02,regular_season,False,1610612762,UTA,Utah Jazz,1610612765,DET,Detroit Pistons,26,30,L,6,16,0.375,0,3,0.0,14,21,0.667,6,6,12,2,3,0,5,11,-4,8,15,0.533,1,2,0.5,13,17,0.765,3,8,11,2,1,2,3,11,4
0020100962,2002-03-19,2001-02,regular_season,False,1610612742,DAL,Dallas Mavericks,1610612747,LAL,Los Angeles Lakers,32,30,W,9,20,0.45,3,6,0.5,11,14,0.786,5,8,13,5,1,1,1,10,2,10,19,0.526,3,6,0.5,7,13,0.538,4,7,11,6,0,0,2,9,-2
0020100961,2002-03-19,2001-02,regular_season,False,1610612741,CHI,Chicago Bulls,1610612737,ATL,Atlanta Hawks,31,31,L,10,24,0.417,2,8,0.25,9,9,1.0,2,7,9,7,5,2,1,8,0,9,15,0.6,1,1,1.0,12,14,0.857,1,11,12,8,1,1,5,8,0
0020100964,2002-03-19,2001-02,regular_season,False,1610612760,SEA,Seattle SuperSonics,1610612744,GSW,Golden State Warriors,16,19,L,7,19,0.368,0,2,0.0,2,2,1.0,4,5,9,6,3,0,6,5,-3,8,16,0.5,1,3,0.333,2,2,1.0,2,8,10,7,4,0,9,6,3
0020100959,2002-03-19,2001-02,regular_season,False,1610612750,MIN,Minnesota Timberwolves,1610612761,TOR,Toronto Raptors,33,20,W,13,21,0.619,1,1,1.0,6,8,0.75,2,9,11,6,1,1,2,4,13,7,17,0.412,1,4,0.25,5,6,0.833,0,4,4,6,1,2,2,8,-13
0020100958,2002-03-19,2001-02,regular_season,False,1610612753,ORL,Orlando Magic,1610612749,MIL,Milwaukee Bucks,21,25,L,9,23,0.391,3,7,0.429,0,0,0.0,4,6,10,7,3,1,1,5,-4,8,16,0.5,3,7,0.429,6,8,0.75,2,9,11,6,0,2,3,3,4
0020100957,2002-03-19,2001-02,regular_season,False,1610612748,MIA,Miami Heat,1610612755,PHI,Philadelphia 76ers,19,25,L,8,14,0.571,0,3,0.0,3,5,0.6,1,2,3,5,0,1,5,4,-6,10,21,0.476,4,7,0.571,1,2,0.5,4,7,11,4,2,0,2,5,6
0020100960,2002-03-19,2001-02,regular_season,False,1610612763,MEM,Memphis Grizzlies,1610612752,NYK,New York Knicks,16,33,L,6,16,0.375,2,4,0.5,2,4,0.5,2,8,10,6,1,0,6,6,-17,11,19,0.579,4,7,0.571,7,7,1.0,0,10,10,6,5,0,1,5,17
0020100956,2002-03-19,2001-02,regular_season,False,1610612739,CLE,Cleveland Cavaliers,1610612751,NJN,New Jersey Nets,28,22,W,9,16,0.562,2,4,0.5,8,9,0.889,2,10,12,5,0,2,4,4,6,9,22,0.409,2,3,0.667,2,2,1.0,2,3,5,6,3,2,0,7,-6
0020100970,2002-03-20,2001-02,regular_season,False,1610612759,SAS,San Antonio Spurs,1610612747,LAL,Los Angeles Lakers,21,34,L,8,21,0.381,0,2,0.0,5,10,0.5,4,10,14,6,3,1,10,6,-13,12,25,0.48,4,8,0.5,6,6,1.0,3,9,12,10,7,2,5,7,13
0020100969,2002-03-20,2001-02,regular_season,False,1610612751,NJN,New Jersey Nets,1610612757,POR,Portland Trail Blazers,28,18,W,11,18,0.611,0,3,0.0,6,7,0.857,1,5,6,7,1,0,0,2,10,8,19,0.421,2,4,0.5,0,0,0.0,3,4,7,2,0,0,5,7,-10
0020100971,2002-03-20,2001-02,regular_season,False,1610612743,DEN,Denver Nuggets,1610612764,WAS,Washington Wizards,19,15,W,6,19,0.316,0,0,0.0,7,11,0.636,3,10,13,5,2,0,4,3,4,5,18,0.278,1,3,0.333,4,4,1.0,1,9,10,5,2,2,5,6,-4
0020100967,2002-03-20,2001-02,regular_season,False,1610612755,PHI,Philadelphia 76ers,1610612748,MIA,Miami Heat,16,19,L,8,25,0.32,0,5,0.0,0,1,0.0,6,7,13,4,0,0,1,4,-3,8,18,0.444,1,4,0.25,2,2,1.0,3,9,12,3,1,3,3,3,3
0020100966,2002-03-20,2001-02,regular_season,False,1610612738,BOS,Boston Celtics,1610612739,CLE,Cleveland Cavaliers,31,17,W,9,18,0.5,4,6,0.667,9,13,0.692,3,10,13,6,4,2,4,4,14,8,20,0.4,0,4,0.0,1,2,0.5,1,7,8,3,3,2,5,7,-14
0020100968,2002-03-20,2001-02,regular_season,False,1610612766,CHH,Charlotte Hornets,1610612754,IND,Indiana Pacers,20,20,W,8,22,0.364,2,2,1.0,2,2,1.0,3,6,9,5,1,0,4,6,0,6,15,0.4,1,4,0.25,7,8,0.875,1,9,10,3,3,1,5,3,0
0020100972,2002-03-21,2001-02,regular_season,False,1610612737,ATL,Atlanta Hawks,1610612752,NYK,New York Knicks,25,23,W,12,22,0.545,0,3,0.0,1,2,0.5,3,8,11,9,3,0,2,5,2,9,20,0.45,1,7,0.143,4,4,1.0,3,5,8,3,1,0,4,2,-2
0020100973,2002-03-21,2001-02,regular_season,False,1610612763,MEM,Memphis Grizzlies,1610612750,MIN,Minnesota Timberwolves,22,21,W,8,17,0.471,1,4,0.25,5,5,1.0,1,9,10,6,0,2,4,6,1,8,20,0.4,0,2,0.0,5,8,0.625,2,6,8,5,2,0,2,7,-1
0020100974,2002-03-21,2001-02,regular_season,False,1610612742,DAL,Dallas Mavericks,1610612759,SAS,San Antonio Spurs,25,25,L,8,22,0.364,4,9,0.444,5,8,0.625,4,10,14,3,0,0,2,12,0,5,14,0.357,1,3,0.333,14,22,0.636,4,11,15,2,2,0,2,8,0
0020100975,2002-03-21,2001-02,regular_season,False,1610612762,UTA,Utah Jazz,1610612764,WAS,Washington Wizards,24,20,W,8,18,0.444,1,4,0.25,7,9,0.778,1,8,9,6,4,1,3,6,4,5,18,0.278,1,4,0.25,9,11,0.818,5,9,14,4,2,1,4,7,-4
0020100976,2002-03-21,2001-02,regular_season,False,1610612756,PHX,Phoenix Suns,1610612765,DET,Detroit Pistons,29,22,W,9,20,0.45,2,5,0.4,9,9,1.0,2,7,9,5,3,1,0,7,7,9,18,0.5,0,2,0.0,4,10,0.4,2,6,8,6,0,3,4,6,-7
0020100977,2002-03-21,2001-02,regular_season,False,1610612758,SAC,Sacramento Kings,1610612743,DEN,Denver Nuggets,24,16,W,10,19,0.526,2,3,0.667,2,3,0.667,1,11,12,6,1,5,5,4,8,6,23,0.261,0,1,0.0,4,4,1.0,3,8,11,2,1,4,3,4,-8
0020100978,2002-03-21,2001-02,regular_season,False,1610612744,GSW,Golden State Warriors,1610612746,LAC,Los Angeles Clippers,23,27,L,7,24,0.292,2,8,0.25,7,9,0.778,5,8,13,3,0,2,0,4,-4,12,21,0.571,1,3,0.333,2,2,1.0,1,11,12,7,0,1,0,7,4
0020100985,2002-03-22,2001-02,regular_season,False,1610612760,SEA,Seattle SuperSonics,1610612745,HOU,Houston Rockets,31,22,W,13,18,0.722,2,2,1.0,3,5,0.6,0,9,9,11,2,1,4,4,9,9,19,0.474,0,0,0.0,4,5,0.8,1,5,6,6,3,1,3,3,-9
0020100986,2002-03-22,2001-02,regular_season,False,1610612747,LAL,Los Angeles Lakers,1610612765,DET,Detroit Pistons,24,22,W,10,16,0.625,1,2,0.5,3,4,0.75,1,8,9,7,3,0,6,8,2,6,15,0.4,1,5,0.2,9,13,0.692,4,5,9,3,3,0,5,4,-2
0020100984,2002-03-22,2001-02,regular_season,False,1610612741,CHI,Chicago Bulls,1610612757,POR,Portland Trail Blazers,21,22,L,8,17,0.471,2,4,0.5,3,4,0.75,0,9,9,8,1,3,5,5,-1,8,24,0.333,3,3,1.0,3,6,0.5,7,9,16,6,3,1,3,5,1
0020100983,2002-03-22,2001-02,regular_season,False,1610612739,CLE,Cleveland Cavaliers,1610612761,TOR,Toronto Raptors,21,15,W,8,23,0.348,2,5,0.4,3,4,0.75,6,8,14,4,1,1,1,4,6,7,17,0.412,0,0,0.0,1,3,0.333,2,7,9,3,0,3,2,5,-6
0020100981,2002-03-22,2001-02,regular_season,False,1610612753,ORL,Orlando Magic,1610612766,CHH,Charlotte Hornets,20,23,L,8,21,0.381,0,1,0.0,4,5,0.8,2,6,8,2,2,0,2,7,-3,9,18,0.5,1,4,0.25,4,8,0.5,4,9,13,6,2,0,5,7,3
0020100980,2002-03-22,2001-02,regular_season,False,1610612751,NJN,New Jersey Nets,1610612749,MIL,Milwaukee Bucks,22,22,W,9,19,0.474,1,4,0.25,3,6,0.5,2,7,9,5,3,0,4,8,0,7,14,0.5,1,2,0.5,7,9,0.778,2,10,12,4,1,1,8,5,0
0020100979,2002-03-22,2001-02,regular_season,False,1610612738,BOS,Boston Celtics,1610612755,PHI,Philadelphia 76ers,14,20,L,3,19,0.158,1,10,0.1,7,10,0.7,3,9,12,2,4,2,3,5,-6,8,19,0.421,0,1,0.0,4,5,0.8,3,13,16,2,3,1,6,6,6
0020100982,2002-03-22,2001-02,regular_season,False,1610612748,MIA,Miami Heat,1610612754,IND,Indiana Pacers,26,28,L,11,20,0.55,2,5,0.4,2,2,1.0,1,6,7,3,2,0,1,7,-2,8,17,0.471,1,2,0.5,11,11,1.0,3,7,10,4,0,1,2,5,2
0020100987,2002-03-23,2001-02,regular_season,False,1610612737,ATL,Atlanta Hawks,1610612741,CHI,Chicago Bulls,26,20,W,9,14,0.643,2,2,1.0,6,8,0.75,0,10,10,7,1,1,5,5,6,7,18,0.389,3,7,0.429,3,6,0.5,2,6,8,3,2,0,3,7,-6
0020100988,2002-03-23,2001-02,regular_season,False,1610612750,MIN,Minnesota Timberwolves,1610612757,POR,Portland Trail Blazers,28,36,L,11,23,0.478,1,4,0.25,5,13,0.385,2,7,9,7,0,1,3,13,-8,9,20,0.45,2,3,0.667,16,18,0.889,3,10,13,5,2,1,0,11,8
0020100989,2002-03-23,2001-02,regular_season,False,1610612742,DAL,Dallas Mavericks,1610612763,MEM,Memphis Grizzlies,17,25,L,8,17,0.471,1,2,0.5,0,0,0.0,1,5,6,3,1,1,3,10,-8,8,17,0.471,0,0,0.0,9,10,0.9,3,7,10,4,1,2,1,1,8
0020100990,2002-03-23,2001-02,regular_season,False,1610612759,SAS,San Antonio Spurs,1610612748,MIA,Miami Heat,18,21,L,8,18,0.444,1,2,0.5,1,2,0.5,5,6,11,3,1,0,5,8,-3,6,16,0.375,0,2,0.0,9,10,0.9,3,6,9,4,1,0,3,5,3
0020100991,2002-03-23,2001-02,regular_season,False,1610612762,UTA,Utah Jazz,1610612744,GSW,Golden State Warriors,30,27,W,11,20,0.55,3,4,0.75,5,6,0.833,0,10,10,10,1,0,5,13,3,6,16,0.375,0,6,0.0,15,21,0.714,2,4,6,2,4,2,2,5,-3
0020100992,2002-03-23,2001-02,regular_season,False,1610612743,DEN,Denver Nuggets,1610612760,SEA,Seattle SuperSonics,13,15,L,6,20,0.3,0,4,0.0,1,5,0.2,3,13,16,5,1,0,5,7,-2,4,16,0.25,1,5,0.2,6,9,0.667,0,11,11,3,3,3,3,6,2
0020100993,2002-03-23,2001-02,regular_season,False,1610612746,LAC,Los Angeles Clippers,1610612756,PHX,Phoenix Suns,28,27,W,10,23,0.435,3,7,0.429,5,6,0.833,5,6,11,6,2,1,2,6,1,8,16,0.5,2,3,0.667,9,10,0.9,2,6,8,6,2,2,3,5,-1
0020101001,2002-03-24,2001-02,regular_season,False,1610612744,GSW,Golden State Warriors,1610612745,HOU,Houston Rockets,22,22,L,8,24,0.333,0,7,0.0,6,7,0.857,7,7,14,2,2,4,1,7,0,7,23,0.304,1,4,0.25,7,7,1.0,5,7,12,2,0,2,4,6,0
0020101000,2002-03-24,2001-02,regular_season,False,1610612758,SAC,Sacramento Kings,1610612747,LAL,Los Angeles Lakers,22,24,L,8,20,0.4,2,4,0.5,4,6,0.667,4,5,9,3,3,4,5,4,-2,11,20,0.55,1,2,0.5,1,1,1.0,2,6,8,5,3,0,5,5,2
0020100998,2002-03-24,2001-02,regular_season,False,1610612761,TOR,Toronto Raptors,1610612764,WAS,Washington Wizards,26,27,L,8,21,0.381,4,8,0.5,6,8,0.75,7,5,12,6,2,0,4,6,-1,8,19,0.421,2,2,1.0,9,10,0.9,4,6,10,3,1,1,3,4,1
0020100999,2002-03-24,2001-02,regular_season,False,1610612751,NJN,New Jersey Nets,1610612737,ATL,Atlanta Hawks,32,19,W,14,22,0.636,2,5,0.4,2,2,1.0,3,11,14,11,4,3,4,7,13,6,18,0.333,1,4,0.25,6,10,0.6,4,2,6,3,2,3,5,4,-13
0020100996,2002-03-24,2001-02,regular_season,False,1610612749,MIL,Milwaukee Bucks,1610612753,ORL,Orlando Magic,17,16,W,6,23,0.261,3,9,0.333,2,4,0.5,3,11,14,6,3,0,3,7,1,4,16,0.25,0,4,0.0,8,10,0.8,1,14,15,4,0,2,5,4,-1
0020100997,2002-03-24,2001-02,regular_season,False,1610612765,DET,Detroit Pistons,1610612738,BOS,Boston Celtics,27,31,L,5,15,0.333,0,3,0.0,17,21,0.81,4,5,9,3,2,2,3,3,-4,14,25,0.56,2,8,0.25,1,1,1.0,4,9,13,7,2,1,3,13,4
0020100995,2002-03-24,2001-02,regular_season,False,1610612754,IND,Indiana Pacers,1610612766,CHH,Charlotte Hornets,20,24,L,7,23,0.304,0,6,0.0,6,6,1.0,5,5,10,3,1,0,1,11,-4,5,11,0.455,1,2,0.5,13,17,0.765,2,10,12,3,0,2,5,7,4
0020100994,2002-03-24,2001-02,regular_season,False,1610612755,PHI,Philadelphia 76ers,1610612752,NYK,New York Knicks,28,27,W,9,17,0.529,1,2,0.5,9,9,1.0,1,7,8,6,1,0,2,5,1,9,22,0.409,4,6,0.667,5,6,0.833,6,5,11,5,2,1,2,8,-1
0020101006,2002-03-25,2001-02,regular_season,False,1610612760,SEA,Seattle SuperSonics,1610612762,UTA,Utah Jazz,30,23,W,12,20,0.6,0,2,0.0,6,9,0.667,4,7,11,6,1,1,3,7,7,7,22,0.318,2,7,0.286,7,10,0.7,7,7,14,4,1,1,2,7,-7
0020101005,2002-03-25,2001-02,regular_season,False,1610612757,POR,Portland Trail Blazers,1610612763,MEM,Memphis Grizzlies,17,39,L,5,21,0.238,0,2,0.0,7,10,0.7,5,3,8,2,1,0,4,9,-22,15,23,0.652,2,3,0.667,7,8,0.875,5,9,14,8,0,3,2,8,22
0020101007,2002-03-25,2001-02,regular_season,False,1610612746,LAC,Los Angeles Clippers,1610612759,SAS,San Antonio Spurs,13,24,L,6,23,0.261,1,7,0.143,0,2,0.0,4,5,9,3,0,0,3,10,-11,8,17,0.471,0,2,0.0,8,13,0.615,2,11,13,7,1,1,1,3,11
0020101003,2002-03-25,2001-02,regular_season,False,1610612748,MIA,Miami Heat,1610612738,BOS,Boston Celtics,22,27,L,7,17,0.412,2,5,0.4,6,6,1.0,2,8,10,3,1,2,5,7,-5,8,18,0.444,4,9,0.444,7,10,0.7,3,6,9,5,3,1,3,7,5
0020101002,2002-03-25,2001-02,regular_season,False,1610612752,NYK,New York Knicks,1610612743,DEN,Denver Nuggets,15,25,L,5,20,0.25,0,5,0.0,5,6,0.833,4,7,11,1,1,2,2,4,-10,10,20,0.5,4,5,0.8,1,1,1.0,3,7,10,6,0,1,2,6,10
0020101004,2002-03-25,2001-02,regular_season,False,1610612756,PHX,Phoenix Suns,1610612739,CLE,Cleveland Cavaliers,38,33,W,12,21,0.571,2,6,0.333,12,15,0.8,6,5,11,11,3,0,0,7,5,13,18,0.722,2,5,0.4,5,6,0.833,0,4,4,9,0,0,3,9,-5
0020101015,2002-03-26,2001-02,regular_season,False,1610612758,SAC,Sacramento Kings,1610612746,LAC,Los Angeles Clippers,28,18,W,11,27,0.407,0,3,0.0,6,6,1.0,9,9,18,6,2,1,2,4,10,7,17,0.412,2,2,1.0,2,4,0.5,1,6,7,4,1,2,5,5,-10
0020101008,2002-03-26,2001-02,regular_season,False,1610612764,WAS,Washington Wizards,1610612743,DEN,Denver Nuggets,18,29,L,9,22,0.409,0,1,0.0,0,1,0.0,3,7,10,3,1,2,4,8,-11,11,19,0.579,1,3,0.333,6,8,0.75,1,7,8,7,3,0,1,3,11
0020101009,2002-03-26,2001-02,regular_season,False,1610612754,IND,Indiana Pacers,1610612765,DET,Detroit Pistons,17,28,L,7,16,0.438,2,8,0.25,1,1,1.0,2,3,5,6,2,1,6,7,-11,10,15,0.667,1,2,0.5,7,8,0.875,2,5,7,5,5,0,4,2,11
0020101010,2002-03-26,2001-02,regular_season,False,1610612753,ORL,Orlando Magic,1610612741,CHI,Chicago Bulls,24,21,W,8,22,0.364,0,4,0.0,8,9,0.889,5,10,15,3,0,1,2,8,3,7,17,0.412,1,5,0.2,6,14,0.429,1,9,10,6,2,2,2,5,-3
0020101011,2002-03-26,2001-02,regular_season,False,1610612737,ATL,Atlanta Hawks,1610612751,NJN,New Jersey Nets,23,18,W,7,16,0.438,2,3,0.667,7,8,0.875,3,6,9,4,4,0,5,9,5,5,13,0.385,0,1,0.0,8,11,0.727,2,6,8,2,2,2,5,6,-5
0020101012,2002-03-26,2001-02,regular_season,False,1610612749,MIL,Milwaukee Bucks,1610612742,DAL,Dallas Mavericks,17,27,L,5,17,0.294,1,4,0.25,6,7,0.857,1,6,7,5,2,0,4,4,-10,9,20,0.45,5,12,0.417,4,4,1.0,3,8,11,6,2,0,2,4,10
0020101013,2002-03-26,2001-02,regular_season,False,1610612750,MIN,Minnesota Timberwolves,1610612744,GSW,Golden State Warriors,28,31,L,10,23,0.435,3,5,0.6,5,6,0.833,6,6,12,5,1,2,4,9,-3,9,19,0.474,1,3,0.333,12,13,0.923,1,8,9,7,2,3,2,4,3
0020101014,2002-03-26,2001-02,regular_season,False,1610612762,UTA,Utah Jazz,1610612745,HOU,Houston Rockets,33,22,W,9,17,0.529,0,3,0.0,15,19,0.789,5,10,15,6,0,0,2,6,11,7,20,0.35,3,8,0.375,5,7,0.714,2,6,8,4,1,1,2,13,-11
0020101016,2002-03-26,2001-02,regular_season,False,1610612747,LAL,Los Angeles Lakers,1610612739,CLE,Cleveland Cavaliers,30,42,L,9,17,0.529,2,5,0.4,10,12,0.833,1,2,3,6,0,0,4,9,-12,15,21,0.714,3,5,0.6,9,11,0.818,3,6,9,7,3,0,2,8,12
0020101022,2002-03-27,2001-02,regular_season,False,1610612756,PHX,Phoenix Suns,1610612747,LAL,Los Angeles Lakers,33,23,W,8,17,0.471,1,4,0.25,16,17,0.941,3,7,10,7,3,1,1,7,10,9,17,0.529,1,4,0.25,4,11,0.364,3,5,8,3,1,1,5,11,-10
0020101023,2002-03-27,2001-02,regular_season,False,1610612760,SEA,Seattle SuperSonics,1610612763,MEM,Memphis Grizzlies,26,17,W,9,21,0.429,1,1,1.0,7,8,0.875,6,10,16,5,1,1,2,6,9,7,19,0.368,0,2,0.0,3,8,0.375,3,6,9,3,2,1,2,5,-9
0020101021,2002-03-27,2001-02,regular_season,False,1610612761,TOR,Toronto Raptors,1610612748,MIA,Miami Heat,21,19,W,7,18,0.389,1,1,1.0,6,9,0.667,6,6,12,5,0,4,2,5,2,7,20,0.35,3,3,1.0,2,4,0.5,6,7,13,4,0,1,4,7,-2
0020101024,2002-03-27,2001-02,regular_season,False,1610612757,POR,Portland Trail Blazers,1610612759,SAS,San Antonio Spurs,26,19,W,9,18,0.5,2,3,0.667,6,10,0.6,2,3,5,4,6,3,2,6,7,6,16,0.375,1,4,0.25,6,8,0.75,6,7,13,3,1,3,9,10,-7
0020101019,2002-03-27,2001-02,regular_season,False,1610612766,CHH,Charlotte Hornets,1610612753,ORL,Orlando Magic,32,31,W,10,20,0.5,4,6,0.667,8,10,0.8,2,8,10,7,3,3,4,4,1,11,20,0.55,4,4,1.0,5,6,0.833,1,7,8,7,3,1,4,6,-1
0020101018,2002-03-27,2001-02,regular_season,False,1610612755,PHI,Philadelphia 76ers,1610612751,NJN,New Jersey Nets,24,22,W,8,19,0.421,1,4,0.25,7,7,1.0,3,9,12,5,1,0,5,9,2,5,17,0.294,1,2,0.5,11,14,0.786,3,6,9,4,5,0,4,5,-2
0020101017,2002-03-27,2001-02,regular_season,False,1610612738,BOS,Boston Celtics,1610612744,GSW,Golden State Warriors,29,32,L,9,19,0.474,2,5,0.4,9,9,1.0,2,7,9,5,5,2,7,7,-3,10,26,0.385,5,10,0.5,7,8,0.875,6,8,14,8,4,2,6,7,3
0020101020,2002-03-27,2001-02,regular_season,False,1610612765,DET,Detroit Pistons,1610612752,NYK,New York Knicks,19,18,W,8,22,0.364,1,5,0.2,2,2,1.0,6,9,15,4,0,6,4,4,1,5,18,0.278,2,4,0.5,6,6,1.0,3,8,11,4,2,1,3,5,-1
0020101025,2002-03-28,2001-02,regular_season,False,1610612737,ATL,Atlanta Hawks,1610612761,TOR,Toronto Raptors,13,21,L,3,15,0.2,0,3,0.0,7,8,0.875,1,8,9,2,2,1,7,6,-8,8,18,0.444,1,3,0.333,4,7,0.571,2,9,11,4,2,2,6,7,8
0020101026,2002-03-28,2001-02,regular_season,False,1610612749,MIL,Milwaukee Bucks,1610612743,DEN,Denver Nuggets,25,22,W,5,14,0.357,1,5,0.2,14,16,0.875,1,10,11,2,2,0,3,7,3,6,24,0.25,2,8,0.25,8,8,1.0,6,7,13,3,2,0,5,12,-3
0020101027,2002-03-28,2001-02,regular_season,False,1610612750,MIN,Minnesota Timberwolves,1610612742,DAL,Dallas Mavericks,18,26,L,5,16,0.312,0,2,0.0,8,12,0.667,1,6,7,4,1,0,1,6,-8,9,19,0.474,1,3,0.333,7,8,0.875,2,11,13,5,0,1,2,9,8
0020101028,2002-03-28,2001-02,regular_season,False,1610612741,CHI,Chicago Bulls,1610612755,PHI,Philadelphia 76ers,27,24,W,9,23,0.391,1,6,0.167,8,8,1.0,6,8,14,6,2,0,2,7,3,8,18,0.444,1,3,0.333,7,10,0.7,3,8,11,5,1,3,3,6,-3
0020101029,2002-03-28,2001-02,regular_season,False,1610612745,HOU,Houston Rockets,1610612758,SAC,Sacramento Kings,13,23,L,6,24,0.25,1,4,0.25,0,0,0.0,5,8,13,2,2,0,4,3,-10,11,25,0.44,1,1,1.0,0,0,0.0,5,10,15,6,3,3,3,0,10
0020101030,2002-03-28,2001-02,regular_season,False,1610612762,UTA,Utah Jazz,1610612739,CLE,Cleveland Cavaliers,24,27,L,7,19,0.368,3,4,0.75,7,8,0.875,3,6,9,5,2,1,2,9,-3,7,13,0.538,2,3,0.667,11,15,0.733,2,10,12,4,1,3,4,7,3
0020101040,2002-03-29,2001-02,regular_season,False,1610612747,LAL,Los Angeles Lakers,1610612757,POR,Portland Trail Blazers,20,11,W,8,20,0.4,0,2,0.0,4,6,0.667,4,12,16,5,1,1,2,5,9,4,20,0.2,1,7,0.143,2,2,1.0,3,9,12,1,0,3,3,5,-9
0020101039,2002-03-29,2001-02,regular_season,False,1610612760,SEA,Seattle SuperSonics,1610612759,SAS,San Antonio Spurs,22,15,W,9,20,0.45,1,4,0.25,3,6,0.5,4,6,10,2,3,2,2,5,7,6,14,0.429,1,2,0.5,2,2,1.0,1,6,7,4,1,3,5,5,-7
0020101038,2002-03-29,2001-02,regular_season,False,1610612756,PHX,Phoenix Suns,1610612746,LAC,Los Angeles Clippers,27,28,L,10,22,0.455,4,5,0.8,3,3,1.0,4,7,11,7,0,0,2,8,-1,10,19,0.526,1,3,0.333,7,10,0.7,4,7,11,7,0,2,4,4,1
0020101037,2002-03-29,2001-02,regular_season,False,1610612765,DET,Detroit Pistons,1610612744,GSW,Golden State Warriors,27,19,W,6,17,0.353,1,4,0.25,14,17,0.824,4,9,13,3,1,1,3,5,8,6,19,0.316,2,7,0.286,5,6,0.833,3,8,11,4,2,1,5,12,-8
0020101036,2002-03-29,2001-02,regular_season,False,1610612766,CHH,Charlotte Hornets,1610612758,SAC,Sacramento Kings,14,17,L,6,21,0.286,1,4,0.25,1,6,0.167,6,6,12,2,1,3,3,3,-3,7,18,0.389,1,2,0.5,2,2,1.0,2,11,13,3,3,1,4,7,3
0020101032,2002-03-29,2001-02,regular_season,False,1610612738,BOS,Boston Celtics,1610612742,DAL,Dallas Mavericks,31,19,W,10,23,0.435,3,9,0.333,8,10,0.8,4,10,14,6,4,1,2,5,12,6,20,0.3,1,3,0.333,6,8,0.75,4,8,12,5,0,3,5,7,-12
0020101034,2002-03-29,2001-02,regular_season,False,1610612753,ORL,Orlando Magic,1610612754,IND,Indiana Pacers,23,37,L,8,19,0.421,1,3,0.333,6,8,0.75,0,7,7,4,2,2,4,7,-14,12,22,0.545,1,5,0.2,12,13,0.923,2,12,14,7,4,0,4,7,14
0020101033,2002-03-29,2001-02,regular_season,False,1610612752,NYK,New York Knicks,1610612750,MIN,Minnesota Timberwolves,28,17,W,9,18,0.5,2,4,0.5,8,12,0.667,2,8,10,7,4,0,1,5,11,7,18,0.389,0,0,0.0,3,4,0.75,3,9,12,5,0,0,5,8,-11
0020101031,2002-03-29,2001-02,regular_season,False,1610612764,WAS,Washington Wizards,1610612749,MIL,Milwaukee Bucks,20,25,L,6,18,0.333,0,4,0.0,8,10,0.8,2,9,11,4,1,1,4,4,-5,11,26,0.423,3,9,0.333,0,0,0.0,4,6,10,3,3,0,3,7,5
0020101035,2002-03-29,2001-02,regular_season,False,1610612748,MIA,Miami Heat,1610612737,ATL,Atlanta Hawks,23,28,L,9,19,0.474,1,3,0.333,4,14,0.286,6,6,12,5,2,0,3,10,-5,9,20,0.45,2,5,0.4,8,12,0.667,5,7,12,1,1,0,3,8,5
0020101046,2002-03-30,2001-02,regular_season,False,1610612757,POR,Portland Trail Blazers,1610612760,SEA,Seattle SuperSonics,17,21,L,7,22,0.318,1,7,0.143,2,3,0.667,5,6,11,2,1,0,4,7,-4,7,15,0.467,0,2,0.0,7,8,0.875,2,8,10,2,2,2,4,5,4
0020101047,2002-03-30,2001-02,regular_season,False,1610612746,LAC,Los Angeles Clippers,1610612762,UTA,Utah Jazz,21,25,L,7,20,0.35,0,4,0.0,7,7,1.0,4,4,8,3,3,3,3,7,-4,8,16,0.5,2,2,1.0,7,7,1.0,3,8,11,4,2,1,6,7,4
0020101045,2002-03-30,2001-02,regular_season,False,1610612745,HOU,Houston Rockets,1610612756,PHX,Phoenix Suns,24,18,W,11,19,0.579,1,3,0.333,1,1,1.0,1,6,7,4,2,0,5,3,6,7,14,0.5,0,2,0.0,4,4,1.0,1,3,4,4,3,1,5,5,-6
0020101041,2002-03-30,2001-02,regular_season,False,1610612751,NJN,New Jersey Nets,1610612755,PHI,Philadelphia 76ers,27,26,W,9,16,0.562,3,6,0.5,6,6,1.0,1,8,9,7,0,3,3,6,1,9,24,0.375,3,5,0.6,5,6,0.833,7,5,12,6,2,0,1,6,-1
0020101043,2002-03-30,2001-02,regular_season,False,1610612763,MEM,Memphis Grizzlies,1610612744,GSW,Golden State Warriors,21,28,L,9,21,0.429,1,2,0.5,2,2,1.0,4,5,9,5,3,2,4,8,-7,9,18,0.5,0,0,0.0,10,13,0.769,4,6,10,5,2,1,4,6,7
0020101042,2002-03-30,2001-02,regular_season,False,1610612739,CLE,Cleveland Cavaliers,1610612766,CHH,Charlotte Hornets,15,29,L,4,15,0.267,0,4,0.0,7,10,0.7,1,6,7,3,2,0,3,8,-14,9,21,0.429,1,1,1.0,10,14,0.714,9,11,20,6,2,4,3,8,14
0020101044,2002-03-30,2001-02,regular_season,False,1610612741,CHI,Chicago Bulls,1610612743,DEN,Denver Nuggets,20,21,L,7,17,0.412,1,3,0.333,5,9,0.556,2,5,7,3,0,2,0,6,-1,8,14,0.571,2,2,1.0,3,8,0.375,2,10,12,7,0,0,5,9,1
0020101056,2002-03-31,2001-02,regular_season,False,1610612765,DET,Detroit Pistons,1610612743,DEN,Denver Nuggets,27,17,W,9,19,0.474,2,8,0.25,7,9,0.778,2,10,12,7,4,2,1,3,10,7,21,0.333,2,3,0.667,1,2,0.5,3,8,11,3,1,2,6,8,-10
0020101055,2002-03-31,2001-02,regular_season,False,1610612747,LAL,Los Angeles Lakers,1610612759,SAS,San Antonio Spurs,22,18,W,5,17,0.294,3,6,0.5,9,9,1.0,5,8,13,3,1,3,4,6,4,7,19,0.368,2,3,0.667,2,2,1.0,3,7,10,4,0,1,4,7,-4
0020101054,2002-03-31,2001-02,regular_season,False,1610612750,MIN,Minnesota Timberwolves,1610612751,NJN,New Jersey Nets,9,23,L,3,17,0.176,0,4,0.0,3,6,0.5,3,8,11,3,0,1,2,7,-14,7,18,0.389,1,3,0.333,8,8,1.0,2,12,14,5,1,0,0,5,14
0020101052,2002-03-31,2001-02,regular_season,False,1610612753,ORL,Orlando Magic,1610612752,NYK,New York Knicks,23,19,W,9,19,0.474,2,4,0.5,3,3,1.0,3,7,10,4,1,5,3,5,4,6,20,0.3,1,6,0.167,6,7,0.857,4,5,9,5,2,0,2,5,-4
0020101053,2002-03-31,2001-02,regular_season,False,1610612754,IND,Indiana Pacers,1610612748,MIA,Miami Heat,18,18,W,6,15,0.4,0,1,0.0,6,9,0.667,3,9,12,4,5,0,6,7,0,6,19,0.316,1,4,0.25,5,5,1.0,4,8,12,3,4,1,5,6,0
0020101050,2002-03-31,2001-02,regular_season,False,1610612738,BOS,Boston Celtics,1610612749,MIL,Milwaukee Bucks,28,17,W,10,22,0.455,6,10,0.6,2,4,0.5,3,10,13,8,6,1,4,4,11,7,18,0.389,3,6,0.5,0,0,0.0,0,9,9,5,0,1,7,2,-11
0020101049,2002-03-31,2001-02,regular_season,False,1610612737,ATL,Atlanta Hawks,1610612758,SAC,Sacramento Kings,18,22,L,6,18,0.333,2,4,0.5,4,5,0.8,5,8,13,4,0,1,7,4,-4,10,22,0.455,1,4,0.25,1,2,0.5,4,4,8,5,4,2,1,3,4
0020101048,2002-03-31,2001-02,regular_season,False,1610612755,PHI,Philadelphia 76ers,1610612761,TOR,Toronto Raptors,18,19,L,7,18,0.389,1,4,0.25,3,8,0.375,2,6,8,3,3,1,5,7,-1,7,19,0.368,3,5,0.6,2,4,0.5,5,6,11,5,1,3,5,8,1
0020101051,2002-03-31,2001-02,regular_season,False,1610612764,WAS,Washington Wizards,1610612742,DAL,Dallas Mavericks,29,31,L,14,28,0.5,1,4,0.25,0,0,0.0,5,7,12,8,1,1,1,10,-2,8,17,0.471,2,4,0.5,13,13,1.0,2,9,11,3,1,0,2,2,2
0020101066,2002-04-02,2001-02,regular_season,False,1610612744,GSW,Golden State Warriors,1610612757,POR,Portland Trail Blazers,30,13,W,13,19,0.684,2,4,0.5,2,2,1.0,1,7,8,9,4,2,2,8,17,3,16,0.188,0,4,0.0,7,12,0.583,5,4,9,2,2,0,5,3,-17
0020101065,2002-04-02,2001-02,regular_season,False,1610612743,DEN,Denver Nuggets,1610612762,UTA,Utah Jazz,31,29,W,10,17,0.588,2,4,0.5,9,9,1.0,4,6,10,7,3,1,8,8,2,8,15,0.533,1,2,0.5,12,14,0.857,2,3,5,5,4,1,6,7,-2
0020101064,2002-04-02,2001-02,regular_season,False,1610612745,HOU,Houston Rockets,1610612760,SEA,Seattle SuperSonics,30,20,W,7,19,0.368,1,4,0.25,15,17,0.882,7,10,17,3,0,1,5,6,10,9,23,0.391,0,5,0.0,2,6,0.333,5,5,10,5,4,3,6,11,-10
0020101063,2002-04-02,2001-02,regular_season,False,1610612763,MEM,Memphis Grizzlies,1610612758,SAC,Sacramento Kings,26,20,W,9,23,0.391,3,6,0.5,5,8,0.625,1,8,9,4,6,2,1,3,6,8,19,0.421,0,0,0.0,4,4,1.0,3,13,16,3,1,2,7,6,-6
0020101062,2002-04-02,2001-02,regular_season,False,1610612752,NYK,New York Knicks,1610612766,CHH,Charlotte Hornets,19,23,L,6,17,0.353,2,6,0.333,5,7,0.714,4,6,10,3,0,0,4,4,-4,8,20,0.4,3,7,0.429,4,4,1.0,4,6,10,5,3,0,1,4,4
0020101060,2002-04-02,2001-02,regular_season,False,1610612748,MIA,Miami Heat,1610612765,DET,Detroit Pistons,18,18,L,7,19,0.368,0,4,0.0,4,6,0.667,2,11,13,4,2,1,4,6,0,7,17,0.412,2,6,0.333,2,4,0.5,1,7,8,5,2,2,3,9,0
0020101059,2002-04-02,2001-02,regular_season,False,1610612754,IND,Indiana Pacers,1610612738,BOS,Boston Celtics,14,36,L,7,21,0.333,0,5,0.0,0,0,0.0,0,5,5,3,0,1,5,11,-22,8,15,0.533,3,6,0.5,17,18,0.944,1,10,11,6,3,4,0,4,22
0020101058,2002-04-02,2001-02,regular_season,False,1610612739,CLE,Cleveland Cavaliers,1610612756,PHX,Phoenix Suns,26,31,L,8,20,0.4,1,2,0.5,9,13,0.692,0,8,8,6,3,4,1,3,-5,14,24,0.583,2,4,0.5,1,4,0.25,3,12,15,10,1,1,5,11,5
0020101057,2002-04-02,2001-02,regular_season,False,1610612764,WAS,Washington Wizards,1610612747,LAL,Los Angeles Lakers,22,23,L,9,22,0.409,1,2,0.5,3,4,0.75,2,7,9,4,2,1,2,5,-1,8,18,0.444,2,5,0.4,5,7,0.714,2,9,11,4,0,2,5,4,1
0020101061,2002-04-02,2001-02,regular_season,False,1610612737,ATL,Atlanta Hawks,1610612749,MIL,Milwaukee Bucks,25,27,L,8,17,0.471,2,6,0.333,7,9,0.778,2,8,10,3,0,0,4,4,-2,11,24,0.458,2,11,0.182,3,5,0.6,3,7,10,6,2,1,1,7,2
0020101067,2002-04-03,2001-02,regular_season,False,1610612766,CHH,Charlotte Hornets,1610612748,MIA,Miami Heat,33,25,W,10,18,0.556,2,2,1.0,11,16,0.688,6,5,11,8,2,0,1,3,8,10,18,0.556,2,4,0.5,3,4,0.75,0,4,4,4,0,1,3,9,-8
0020101068,2002-04-03,2001-02,regular_season,False,1610612761,TOR,Toronto Raptors,1610612741,CHI,Chicago Bulls,17,25,L,8,19,0.421,0,1,0.0,1,2,0.5,3,9,12,4,1,1,5,5,-8,9,18,0.5,1,1,1.0,6,7,0.857,1,7,8,5,1,2,2,4,8
0020101069,2002-04-03,2001-02,regular_season,False,1610612751,NJN,New Jersey Nets,1610612747,LAL,Los Angeles Lakers,20,24,L,9,20,0.45,0,2,0.0,2,7,0.286,3,9,12,4,0,3,0,5,-4,9,22,0.409,4,10,0.4,2,3,0.667,3,8,11,5,0,2,1,6,4
0020101070,2002-04-03,2001-02,regular_season,False,1610612765,DET,Detroit Pistons,1610612758,SAC,Sacramento Kings,25,21,W,9,21,0.429,2,4,0.5,5,6,0.833,3,8,11,5,3,0,2,3,4,9,18,0.5,0,0,0.0,3,4,0.75,0,10,10,7,1,1,4,5,-4
0020101071,2002-04-03,2001-02,regular_season,False,1610612755,PHI,Philadelphia 76ers,1610612756,PHX,Phoenix Suns,18,15,W,5,16,0.312,0,4,0.0,8,10,0.8,3,5,8,2,3,0,3,5,3,5,16,0.312,1,4,0.25,4,6,0.667,3,8,11,4,2,0,5,6,-3
0020101072,2002-04-03,2001-02,regular_season,False,1610612749,MIL,Milwaukee Bucks,1610612764,WAS,Washington Wizards,26,22,W,12,19,0.632,1,3,0.333,1,2,0.5,0,6,6,8,1,1,2,5,4,9,20,0.45,0,0,0.0,4,4,1.0,3,6,9,5,2,0,5,4,-4
0020101073,2002-04-03,2001-02,regular_season,False,1610612750,MIN,Minnesota Timberwolves,1610612763,MEM,Memphis Grizzlies,22,24,L,9,25,0.36,1,2,0.5,3,4,0.75,3,9,12,6,1,3,1,8,-2,6,17,0.353,1,4,0.25,11,13,0.846,2,13,15,3,0,1,2,2,2
0020101074,2002-04-03,2001-02,regular_season,False,1610612759,SAS,San Antonio Spurs,1610612760,SEA,Seattle SuperSonics,14,19,L,6,16,0.375,1,4,0.25,1,2,0.5,1,9,10,6,1,3,4,4,-5,8,21,0.381,0,1,0.0,3,4,0.75,3,9,12,1,3,0,3,2,5
0020101075,2002-04-03,2001-02,regular_season,False,1610612762,UTA,Utah Jazz,1610612746,LAC,Los Angeles Clippers,26,32,L,9,15,0.6,3,3,1.0,5,5,1.0,2,8,10,9,1,1,10,10,-6,13,28,0.464,0,4,0.0,6,10,0.6,8,4,12,6,6,2,3,6,6
0020101080,2002-04-04,2001-02,regular_season,False,1610612743,DEN,Denver Nuggets,1610612750,MIN,Minnesota Timberwolves,25,23,W,6,14,0.429,1,7,0.143,12,17,0.706,2,9,11,6,2,0,5,5,2,8,19,0.421,3,5,0.6,4,4,1.0,2,6,8,6,4,1,3,9,-2
0020101079,2002-04-04,2001-02,regular_season,False,1610612745,HOU,Houston Rockets,1610612759,SAS,San Antonio Spurs,13,26,L,5,19,0.263,0,3,0.0,3,4,0.75,4,3,7,2,3,2,4,4,-13,11,20,0.55,1,2,0.5,3,5,0.6,6,8,14,5,0,1,5,2,13
0020101081,2002-04-04,2001-02,regular_season,False,1610612757,POR,Portland Trail Blazers,1610612752,NYK,New York Knicks,15,22,L,4,20,0.2,0,4,0.0,7,9,0.778,5,7,12,1,3,1,4,3,-7,8,18,0.444,1,3,0.333,5,6,0.833,3,10,13,6,3,1,5,7,7
0020101077,2002-04-04,2001-02,regular_season,False,1610612737,ATL,Atlanta Hawks,1610612754,IND,Indiana Pacers,24,26,L,7,13,0.538,3,5,0.6,7,10,0.7,0,7,7,6,0,1,5,8,-2,5,15,0.333,3,9,0.333,13,14,0.929,1,5,6,4,3,1,2,8,2
0020101076,2002-04-04,2001-02,regular_season,False,1610612753,ORL,Orlando Magic,1610612739,CLE,Cleveland Cavaliers,36,24,W,10,21,0.476,6,7,0.857,10,16,0.625,6,4,10,6,4,1,1,8,12,8,19,0.421,1,3,0.333,7,10,0.7,3,7,10,5,1,0,4,10,-12
0020101078,2002-04-04,2001-02,regular_season,False,1610612742,DAL,Dallas Mavericks,1610612746,LAC,Los Angeles Clippers,37,22,W,16,28,0.571,3,5,0.6,2,3,0.667,7,8,15,6,1,6,0,4,15,8,21,0.381,1,5,0.2,5,6,0.833,5,5,10,5,0,0,3,3,-15
0020101092,2002-04-05,2001-02,regular_season,False,1610612744,GSW,Golden State Warriors,1610612743,DEN,Denver Nuggets,21,28,L,5,18,0.278,0,2,0.0,11,16,0.688,4,8,12,2,1,3,4,7,-7,11,32,0.344,1,8,0.125,5,7,0.714,13,11,24,5,1,2,3,11,7
0020101091,2002-04-05,2001-02,regular_season,False,1610612760,SEA,Seattle SuperSonics,1610612752,NYK,New York Knicks,23,24,L,8,18,0.444,1,3,0.333,6,10,0.6,3,8,11,6,1,1,2,8,-1,7,17,0.412,2,5,0.4,8,10,0.8,3,8,11,4,0,1,2,8,1
0020101090,2002-04-05,2001-02,regular_season,False,1610612762,UTA,Utah Jazz,1610612758,SAC,Sacramento Kings,29,31,L,12,19,0.632,2,5,0.4,3,4,0.75,1,7,8,8,1,2,5,4,-2,11,20,0.55,2,5,0.4,7,8,0.875,0,5,5,8,4,1,2,5,2
0020101088,2002-04-05,2001-02,regular_season,False,1610612763,MEM,Memphis Grizzlies,1610612745,HOU,Houston Rockets,24,15,W,11,20,0.55,1,3,0.333,1,3,0.333,4,10,14,9,0,1,4,5,9,6,23,0.261,0,4,0.0,3,4,0.75,7,5,12,2,3,1,1,5,-9
0020101087,2002-04-05,2001-02,regular_season,False,1610612766,CHH,Charlotte Hornets,1610612764,WAS,Washington Wizards,18,29,L,5,14,0.357,0,1,0.0,8,10,0.8,3,5,8,4,3,2,7,11,-11,10,18,0.556,2,4,0.5,7,14,0.5,3,6,9,6,4,0,3,8,11
0020101089,2002-04-05,2001-02,regular_season,False,1610612741,CHI,Chicago Bulls,1610612761,TOR,Toronto Raptors,27,27,L,7,18,0.389,1,4,0.25,12,13,0.923,1,7,8,4,1,0,3,13,0,7,16,0.438,0,2,0.0,13,17,0.765,3,9,12,4,1,5,3,9,0
0020101085,2002-04-05,2001-02,regular_season,False,1610612751,NJN,New Jersey Nets,1610612753,ORL,Orlando Magic,29,25,W,11,23,0.478,2,3,0.667,5,8,0.625,3,5,8,7,5,1,2,6,4,8,18,0.444,1,3,0.333,8,9,0.889,4,10,14,4,2,1,5,6,-4
0020101084,2002-04-05,2001-02,regular_season,False,1610612738,BOS,Boston Celtics,1610612747,LAL,Los Angeles Lakers,33,23,W,14,23,0.609,5,9,0.556,0,0,0.0,3,8,11,12,1,0,2,5,10,8,20,0.4,1,5,0.2,6,7,0.857,2,6,8,4,0,0,1,2,-10
0020101083,2002-04-05,2001-02,regular_season,False,1610612754,IND,Indiana Pacers,1610612756,PHX,Phoenix Suns,18,20,L,6,19,0.316,1,2,0.5,5,7,0.714,4,7,11,4,2,1,2,5,-2,9,20,0.45,0,3,0.0,2,2,1.0,4,10,14,7,1,3,4,6,2
0020101082,2002-04-05,2001-02,regular_season,False,1610612755,PHI,Philadelphia 76ers,1610612765,DET,Detroit Pistons,22,20,W,8,18,0.444,0,0,0.0,6,6,1.0,6,7,13,3,1,0,4,6,2,5,15,0.333,3,4,0.75,7,8,0.875,1,3,4,3,1,3,2,6,-2
0020101086,2002-04-05,2001-02,regular_season,False,1610612748,MIA,Miami Heat,1610612749,MIL,Milwaukee Bucks,25,19,W,8,22,0.364,2,4,0.5,7,8,0.875,3,10,13,4,0,0,1,8,6,4,17,0.235,1,5,0.2,10,12,0.833,2,9,11,2,0,1,2,7,-6
0020101093,2002-04-06,2001-02,regular_season,False,1610612759,SAS,San Antonio Spurs,1610612742,DAL,Dallas Mavericks,22,24,L,7,18,0.389,3,5,0.6,5,11,0.455,5,9,14,6,3,2,4,6,-2,8,21,0.381,2,8,0.25,6,7,0.857,3,10,13,2,2,0,3,8,2
0020101094,2002-04-06,2001-02,regular_season,False,1610612764,WAS,Washington Wizards,1610612763,MEM,Memphis Grizzlies,23,24,L,10,23,0.435,0,1,0.0,3,4,0.75,3,7,10,8,4,0,1,6,-1,8,19,0.421,1,6,0.167,7,10,0.7,5,9,14,3,1,6,5,5,1
0020101095,2002-04-06,2001-02,regular_season,False,1610612737,ATL,Atlanta Hawks,1610612766,CHH,Charlotte Hornets,20,22,L,7,15,0.467,0,3,0.0,6,6,1.0,0,5,5,3,2,3,2,7,-2,7,18,0.389,2,3,0.667,6,6,1.0,3,8,11,3,2,1,5,5,2
0020101096,2002-04-06,2001-02,regular_season,False,1610612739,CLE,Cleveland Cavaliers,1610612741,CHI,Chicago Bulls,18,23,L,7,21,0.333,0,1,0.0,4,6,0.667,7,8,15,4,3,0,7,6,-5,10,20,0.5,1,3,0.333,2,2,1.0,2,7,9,10,2,3,4,6,5
0020101097,2002-04-06,2001-02,regular_season,False,1610612750,MIN,Minnesota Timberwolves,1610612756,PHX,Phoenix Suns,34,27,W,13,18,0.722,2,4,0.5,6,6,1.0,3,6,9,12,2,2,2,2,7,10,17,0.588,3,4,0.75,4,5,0.8,1,2,3,5,1,0,4,7,-7
0020101098,2002-04-06,2001-02,regular_season,False,1610612757,POR,Portland Trail Blazers,1610612744,GSW,Golden State Warriors,27,16,W,12,28,0.429,0,3,0.0,3,3,1.0,4,13,17,9,4,1,3,3,11,8,23,0.348,0,5,0.0,0,0,0.0,2,9,11,6,1,4,5,4,-11
0020101103,2002-04-07,2001-02,regular_season,False,1610612751,NJN,New Jersey Nets,1610612738,BOS,Boston Celtics,27,24,W,8,19,0.421,2,8,0.25,9,12,0.75,4,11,15,4,1,4,5,11,3,6,18,0.333,3,6,0.5,9,12,0.75,0,7,7,1,3,2,4,9,-3
0020101102,2002-04-07,2001-02,regular_season,False,1610612758,SAC,Sacramento Kings,1610612752,NYK,New York Knicks,24,29,L,10,23,0.435,2,2,1.0,2,5,0.4,4,5,9,0,0,0,1,7,-5,10,22,0.455,3,4,0.75,6,8,0.75,5,10,15,6,1,1,4,7,5
0020101104,2002-04-07,2001-02,regular_season,False,1610612746,LAC,Los Angeles Clippers,1610612743,DEN,Denver Nuggets,23,25,L,10,14,0.714,3,3,1.0,0,0,0.0,2,6,8,8,1,3,7,4,-2,12,25,0.48,0,3,0.0,1,4,0.25,9,1,10,5,2,0,1,2,2
0020101100,2002-04-07,2001-02,regular_season,False,1610612748,MIA,Miami Heat,1610612747,LAL,Los Angeles Lakers,21,23,L,9,22,0.409,0,4,0.0,3,6,0.5,5,7,12,5,2,0,1,10,-2,7,17,0.412,1,5,0.2,8,13,0.615,5,9,14,3,0,1,2,6,2
0020101101,2002-04-07,2001-02,regular_season,False,1610612761,TOR,Toronto Raptors,1610612754,IND,Indiana Pacers,27,18,W,8,15,0.533,2,3,0.667,9,10,0.9,4,8,12,4,2,0,4,6,9,5,16,0.312,3,5,0.6,5,8,0.625,2,2,4,5,3,1,4,6,-9
0020101099,2002-04-07,2001-02,regular_season,False,1610612755,PHI,Philadelphia 76ers,1610612749,MIL,Milwaukee Bucks,20,17,W,7,15,0.467,0,2,0.0,6,7,0.857,1,8,9,4,2,1,2,4,3,7,20,0.35,1,10,0.1,2,2,1.0,5,7,12,3,1,1,3,6,-3
0020101105,2002-04-08,2001-02,regular_season,False,1610612753,ORL,Orlando Magic,1610612745,HOU,Houston Rockets,26,23,W,11,18,0.611,2,3,0.667,2,2,1.0,1,6,7,3,0,0,1,5,3,10,21,0.476,0,5,0.0,3,4,0.75,6,6,12,2,0,0,3,6,-3
0020101106,2002-04-08,2001-02,regular_season,False,1610612765,DET,Detroit Pistons,1610612737,ATL,Atlanta Hawks,28,27,W,10,20,0.5,2,4,0.5,6,11,0.545,2,8,10,6,4,4,4,8,1,9,22,0.409,1,2,0.5,8,13,0.615,7,10,17,4,2,1,6,7,-1
0020101107,2002-04-08,2001-02,regular_season,False,1610612754,IND,Indiana Pacers,1610612739,CLE,Cleveland Cavaliers,24,38,L,3,13,0.231,1,5,0.2,17,20,0.85,1,7,8,2,0,1,4,12,-14,11,25,0.44,0,3,0.0,16,17,0.941,6,10,16,5,0,2,0,11,14
0020101108,2002-04-08,2001-02,regular_season,False,1610612741,CHI,Chicago Bulls,1610612738,BOS,Boston Celtics,30,26,W,12,17,0.706,3,6,0.5,3,5,0.6,0,5,5,9,1,0,0,7,4,7,14,0.5,4,8,0.5,8,9,0.889,1,5,6,6,0,0,2,5,-4
0020101109,2002-04-08,2001-02,regular_season,False,1610612759,SAS,San Antonio Spurs,1610612757,POR,Portland Trail Blazers,18,24,L,4,12,0.333,1,4,0.25,9,10,0.9,0,6,6,3,0,2,4,4,-6,9,23,0.391,6,14,0.429,0,0,0.0,2,7,9,7,2,1,0,7,6
0020101110,2002-04-08,2001-02,regular_season,False,1610612762,UTA,Utah Jazz,1610612742,DAL,Dallas Mavericks,21,28,L,7,20,0.35,3,11,0.273,4,4,1.0,5,6,11,5,1,1,4,5,-7,11,21,0.524,2,6,0.333,4,4,1.0,3,6,9,6,1,2,1,5,7
0020101111,2002-04-08,2001-02,regular_season,False,1610612760,SEA,Seattle SuperSonics,1610612746,LAC,Los Angeles Clippers,22,27,L,9,17,0.529,1,1,1.0,3,5,0.6,3,6,9,9,0,0,3,7,-5,12,19,0.632,1,3,0.333,2,5,0.4,2,3,5,6,1,3,1,6,5
0020101112,2002-04-08,2001-02,regular_season,False,1610612744,GSW,Golden State Warriors,1610612750,MIN,Minnesota Timberwolves,24,28,L,8,21,0.381,3,8,0.375,5,6,0.833,3,4,7,4,0,2,1,8,-4,10,19,0.526,0,2,0.0,8,9,0.889,3,9,12,4,0,1,1,5,4
0020101122,2002-04-09,2001-02,regular_season,False,1610612758,SAC,Sacramento Kings,1610612750,MIN,Minnesota Timberwolves,31,30,W,14,28,0.5,1,2,0.5,2,5,0.4,10,7,17,7,2,0,4,5,1,12,21,0.571,2,3,0.667,4,5,0.8,1,5,6,3,2,2,2,4,-1
0020101120,2002-04-09,2001-02,regular_season,False,1610612756,PHX,Phoenix Suns,1610612760,SEA,Seattle SuperSonics,24,24,W,9,21,0.429,2,5,0.4,4,6,0.667,5,6,11,6,1,3,2,7,0,7,16,0.438,1,3,0.333,9,10,0.9,2,6,8,3,1,0,3,4,0
0020101119,2002-04-09,2001-02,regular_season,False,1610612742,DAL,Dallas Mavericks,1610612757,POR,Portland Trail Blazers,29,23,W,9,26,0.346,3,10,0.3,13,14,0.929,3,13,16,5,1,0,3,6,6,14,30,0.467,1,6,0.167,2,4,0.5,3,10,13,5,2,1,2,9,-6
0020101118,2002-04-09,2001-02,regular_season,False,1610612763,MEM,Memphis Grizzlies,1610612743,DEN,Denver Nuggets,18,25,L,6,23,0.261,0,4,0.0,6,8,0.75,4,8,12,4,1,4,3,2,-7,11,26,0.423,0,3,0.0,3,3,1.0,7,13,20,5,1,6,3,6,7
0020101121,2002-04-09,2001-02,regular_season,False,1610612747,LAL,Los Angeles Lakers,1610612762,UTA,Utah Jazz,25,12,W,9,19,0.474,1,4,0.25,6,6,1.0,1,12,13,7,2,3,3,7,13,4,17,0.235,0,2,0.0,4,8,0.5,2,6,8,3,1,0,4,4,-13
0020101116,2002-04-09,2001-02,regular_season,False,1610612748,MIA,Miami Heat,1610612745,HOU,Houston Rockets,21,24,L,7,17,0.412,0,1,0.0,7,7,1.0,5,8,13,4,1,2,4,7,-3,7,21,0.333,2,4,0.5,8,9,0.889,3,5,8,3,3,0,1,4,3
0020101115,2002-04-09,2001-02,regular_season,False,1610612751,NJN,New Jersey Nets,1610612764,WAS,Washington Wizards,15,23,L,7,17,0.412,0,2,0.0,1,2,0.5,1,3,4,6,1,1,3,6,-8,9,16,0.562,1,1,1.0,4,4,1.0,2,7,9,4,1,1,5,4,8
0020101114,2002-04-09,2001-02,regular_season,False,1610612752,NYK,New York Knicks,1610612753,ORL,Orlando Magic,26,21,W,9,20,0.45,2,5,0.4,6,6,1.0,2,10,12,7,3,1,2,5,5,6,18,0.333,5,11,0.455,4,4,1.0,2,7,9,5,2,1,5,6,-5
0020101113,2002-04-09,2001-02,regular_season,False,1610612761,TOR,Toronto Raptors,1610612766,CHH,Charlotte Hornets,22,16,W,8,16,0.5,1,3,0.333,5,5,1.0,2,10,12,5,0,2,4,8,6,5,21,0.238,0,4,0.0,6,9,0.667,4,3,7,2,2,0,1,5,-6
0020101117,2002-04-09,2001-02,regular_season,False,1610612749,MIL,Milwaukee Bucks,1610612755,PHI,Philadelphia 76ers,20,24,L,5,17,0.294,1,7,0.143,9,11,0.818,4,5,9,2,0,0,2,9,-4,7,16,0.438,0,0,0.0,10,13,0.769,3,6,9,4,1,1,2,10,4
0020101130,2002-04-10,2001-02,regular_season,False,1610612744,GSW,Golden State Warriors,1610612758,SAC,Sacramento Kings,34,21,W,13,29,0.448,1,4,0.25,7,8,0.875,8,8,16,5,4,2,2,5,13,8,18,0.444,0,1,0.0,5,6,0.833,1,5,6,4,1,1,5,6,-13
0020101128,2002-04-10,2001-02,regular_season,False,1610612754,IND,Indiana Pacers,1610612761,TOR,Toronto Raptors,22,19,W,10,20,0.5,0,5,0.0,2,4,0.5,4,8,12,5,1,4,3,4,3,8,22,0.364,0,4,0.0,3,3,1.0,5,6,11,3,2,3,4,4,-3
0020101127,2002-04-10,2001-02,regular_season,False,1610612765,DET,Detroit Pistons,1610612741,CHI,Chicago Bulls,17,25,L,5,16,0.312,2,5,0.4,5,6,0.833,2,7,9,3,0,4,6,10,-8,7,22,0.318,0,0,0.0,11,13,0.846,5,10,15,3,1,0,2,4,8
0020101129,2002-04-10,2001-02,regular_season,False,1610612759,SAS,San Antonio Spurs,1610612743,DEN,Denver Nuggets,17,22,L,7,21,0.333,0,1,0.0,3,6,0.5,7,7,14,3,1,3,4,7,-5,7,18,0.389,1,3,0.333,7,10,0.7,5,6,11,3,2,4,3,7,5
0020101125,2002-04-10,2001-02,regular_season,False,1610612766,CHH,Charlotte Hornets,1610612737,ATL,Atlanta Hawks,24,24,L,11,24,0.458,2,5,0.4,0,0,0.0,4,5,9,5,1,0,3,7,0,6,13,0.462,1,2,0.5,11,12,0.917,2,6,8,4,0,0,3,3,0
0020101124,2002-04-10,2001-02,regular_season,False,1610612764,WAS,Washington Wizards,1610612755,PHI,Philadelphia 76ers,21,20,W,5,16,0.312,0,1,0.0,11,14,0.786,6,10,16,2,2,5,4,5,1,8,21,0.381,2,3,0.667,2,4,0.5,4,6,10,5,3,1,2,8,-1
0020101123,2002-04-10,2001-02,regular_season,False,1610612738,BOS,Boston Celtics,1610612748,MIA,Miami Heat,18,9,W,6,19,0.316,1,2,0.5,5,5,1.0,3,12,15,2,3,2,3,6,9,3,22,0.136,1,7,0.143,2,6,0.333,7,10,17,3,1,1,4,5,-9
0020101126,2002-04-10,2001-02,regular_season,False,1610612739,CLE,Cleveland Cavaliers,1610612749,MIL,Milwaukee Bucks,18,17,W,8,16,0.5,1,1,1.0,1,3,0.333,2,13,15,5,1,3,12,11,1,4,20,0.2,2,8,0.25,7,12,0.583,3,4,7,3,4,1,3,4,-1
0020101131,2002-04-11,2001-02,regular_season,False,1610612752,NYK,New York Knicks,1610612741,CHI,Chicago Bulls,14,13,W,6,16,0.375,0,3,0.0,2,2,1.0,1,13,14,5,0,0,7,5,1,5,19,0.263,0,3,0.0,3,5,0.6,0,9,9,2,6,1,3,4,-1
0020101132,2002-04-11,2001-02,regular_season,False,1610612753,ORL,Orlando Magic,1610612751,NJN,New Jersey Nets,19,25,L,7,19,0.368,1,6,0.167,4,5,0.8,3,5,8,2,2,0,3,6,-6,10,23,0.435,1,1,1.0,4,5,0.8,6,8,14,6,1,3,3,5,6
0020101133,2002-04-11,2001-02,regular_season,False,1610612742,DAL,Dallas Mavericks,1610612745,HOU,Houston Rockets,18,22,L,6,25,0.24,1,5,0.2,5,7,0.714,8,5,13,2,1,1,0,5,-4,9,17,0.529,0,3,0.0,4,5,0.8,2,11,13,3,0,3,4,8,4
0020101134,2002-04-11,2001-02,regular_season,False,1610612763,MEM,Memphis Grizzlies,1610612757,POR,Portland Trail Blazers,24,25,L,8,11,0.727,3,3,1.0,5,6,0.833,0,5,5,4,0,0,9,6,-1,10,19,0.526,1,6,0.167,4,5,0.8,3,2,5,4,6,0,4,8,1
0020101135,2002-04-11,2001-02,regular_season,False,1610612756,PHX,Phoenix Suns,1610612762,UTA,Utah Jazz,25,28,L,7,15,0.467,2,5,0.4,9,12,0.75,1,7,8,6,2,4,4,6,-3,12,23,0.522,0,1,0.0,4,6,0.667,5,5,10,6,2,0,2,7,3
0020101136,2002-04-11,2001-02,regular_season,False,1610612747,LAL,Los Angeles Lakers,1610612750,MIN,Minnesota Timberwolves,20,26,L,5,19,0.263,1,7,0.143,9,10,0.9,3,11,14,4,0,1,4,7,-6,6,20,0.3,3,8,0.375,11,15,0.733,3,9,12,3,1,0,0,8,6
0020101143,2002-04-12,2001-02,regular_season,False,1610612754,IND,Indiana Pacers,1610612749,MIL,Milwaukee Bucks,23,25,L,6,11,0.545,1,1,1.0,10,11,0.909,0,5,5,1,0,1,2,2,-2,11,18,0.611,3,5,0.6,0,0,0.0,1,6,7,8,2,1,1,9,2
0020101145,2002-04-12,2001-02,regular_season,False,1610612743,DEN,Denver Nuggets,1610612744,GSW,Golden State Warriors,29,17,W,10,19,0.526,0,3,0.0,9,13,0.692,3,6,9,7,7,0,4,7,12,6,16,0.375,2,7,0.286,3,5,0.6,3,6,9,4,0,0,9,10,-12
0020101144,2002-04-12,2001-02,regular_season,False,1610612745,HOU,Houston Rockets,1610612757,POR,Portland Trail Blazers,25,21,W,10,20,0.5,1,3,0.333,4,6,0.667,4,6,10,7,3,1,2,5,4,7,14,0.5,1,2,0.5,6,7,0.857,0,5,5,6,0,1,3,3,-4
0020101146,2002-04-12,2001-02,regular_season,False,1610612746,LAC,Los Angeles Clippers,1610612758,SAC,Sacramento Kings,33,36,L,11,17,0.647,0,0,0.0,11,15,0.733,3,3,6,5,2,0,5,6,-3,15,20,0.75,1,2,0.5,5,5,1.0,2,4,6,7,1,2,5,10,3
0020101142,2002-04-12,2001-02,regular_season,False,1610612765,DET,Detroit Pistons,1610612759,SAS,San Antonio Spurs,16,18,L,6,18,0.333,2,10,0.2,2,2,1.0,2,8,10,3,1,1,6,2,-2,8,18,0.444,0,2,0.0,2,2,1.0,2,8,10,3,4,0,5,3,2
0020101140,2002-04-12,2001-02,regular_season,False,1610612748,MIA,Miami Heat,1610612753,ORL,Orlando Magic,31,22,W,11,22,0.5,2,5,0.4,7,8,0.875,5,10,15,7,1,1,3,3,9,10,25,0.4,1,5,0.2,1,1,1.0,5,5,10,4,0,0,3,8,-9
0020101137,2002-04-12,2001-02,regular_season,False,1610612755,PHI,Philadelphia 76ers,1610612764,WAS,Washington Wizards,21,21,W,9,18,0.5,1,3,0.333,2,4,0.5,3,10,13,6,1,2,4,6,0,6,17,0.353,1,1,1.0,8,9,0.889,1,8,9,4,3,1,2,5,0
0020101141,2002-04-12,2001-02,regular_season,False,1610612766,CHH,Charlotte Hornets,1610612739,CLE,Cleveland Cavaliers,28,26,W,13,19,0.684,2,3,0.667,0,0,0.0,0,9,9,9,2,2,5,3,2,11,25,0.44,2,5,0.4,2,2,1.0,3,6,9,5,5,2,2,4,-2
0020101139,2002-04-12,2001-02,regular_season,False,1610612738,BOS,Boston Celtics,1610612752,NYK,New York Knicks,20,28,L,5,15,0.333,3,8,0.375,7,10,0.7,1,8,9,5,2,1,3,3,-8,11,23,0.478,2,5,0.4,4,6,0.667,6,10,16,7,3,0,3,5,8
0020101138,2002-04-12,2001-02,regular_season,False,1610612761,TOR,Toronto Raptors,1610612737,ATL,Atlanta Hawks,28,16,W,11,19,0.579,2,4,0.5,4,6,0.667,1,10,11,5,2,2,4,4,12,7,18,0.389,0,1,0.0,2,4,0.5,2,6,8,3,2,1,5,3,-12
0020101151,2002-04-13,2001-02,regular_season,False,1610612743,DEN,Denver Nuggets,1610612756,PHX,Phoenix Suns,20,34,L,6,15,0.4,1,3,0.333,7,10,0.7,2,5,7,4,4,1,4,7,-14,13,18,0.722,6,7,0.857,2,3,0.667,0,8,8,10,1,2,4,7,14
0020101150,2002-04-13,2001-02,regular_season,False,1610612741,CHI,Chicago Bulls,1610612765,DET,Detroit Pistons,27,34,L,11,19,0.579,0,3,0.0,5,5,1.0,1,10,11,6,0,2,5,8,-7,12,25,0.48,2,5,0.4,8,8,1.0,3,6,9,5,2,0,0,7,7
0020101153,2002-04-13,2001-02,regular_season,False,1610612744,GSW,Golden State Warriors,1610612762,UTA,Utah Jazz,31,33,L,12,26,0.462,3,5,0.6,4,7,0.571,7,6,13,9,2,0,5,15,-2,7,16,0.438,0,1,0.0,19,22,0.864,4,7,11,3,3,4,2,4,2
0020101148,2002-04-13,2001-02,regular_season,False,1610612763,MEM,Memphis Grizzlies,1610612759,SAS,San Antonio Spurs,24,22,W,8,17,0.471,2,6,0.333,6,6,1.0,2,5,7,7,0,3,2,4,2,9,20,0.45,0,1,0.0,4,6,0.667,5,7,12,8,2,0,2,6,-2
0020101147,2002-04-13,2001-02,regular_season,False,1610612737,ATL,Atlanta Hawks,1610612739,CLE,Cleveland Cavaliers,27,27,W,8,23,0.348,4,8,0.5,7,9,0.778,4,7,11,4,2,1,2,8,0,7,20,0.35,1,4,0.25,12,14,0.857,5,10,15,5,2,1,3,7,0
0020101149,2002-04-13,2001-02,regular_season,False,1610612760,SEA,Seattle SuperSonics,1610612742,DAL,Dallas Mavericks,33,20,W,11,17,0.647,2,4,0.5,9,10,0.9,1,9,10,8,3,0,3,3,13,8,19,0.421,2,6,0.333,2,3,0.667,1,3,4,3,2,1,3,6,-13
0020101152,2002-04-13,2001-02,regular_season,False,1610612746,LAC,Los Angeles Clippers,1610612750,MIN,Minnesota Timberwolves,20,22,L,7,15,0.467,1,2,0.5,5,6,0.833,2,4,6,5,1,2,5,6,-2,7,16,0.438,1,3,0.333,7,7,1.0,3,7,10,2,3,1,5,5,2
0020101161,2002-04-14,2001-02,regular_season,False,1610612758,SAC,Sacramento Kings,1610612742,DAL,Dallas Mavericks,27,28,L,10,22,0.455,0,4,0.0,7,13,0.538,4,6,10,5,0,1,1,3,-1,11,22,0.5,4,9,0.444,2,2,1.0,4,9,13,5,0,1,2,9,1
0020101154,2002-04-14,2001-02,regular_season,False,1610612753,ORL,Orlando Magic,1610612755,PHI,Philadelphia 76ers,20,24,L,8,20,0.4,2,5,0.4,2,3,0.667,3,4,7,4,0,0,3,4,-4,10,19,0.526,0,1,0.0,4,4,1.0,3,8,11,6,3,0,1,3,4
0020101155,2002-04-14,2001-02,regular_season,False,1610612764,WAS,Washington Wizards,1610612754,IND,Indiana Pacers,15,22,L,7,23,0.304,0,2,0.0,1,1,1.0,7,4,11,2,4,2,5,8,-7,8,14,0.571,1,1,1.0,5,8,0.625,2,8,10,7,3,2,5,3,7
0020101156,2002-04-14,2001-02,regular_season,False,1610612748,MIA,Miami Heat,1610612752,NYK,New York Knicks,8,21,L,3,20,0.15,1,3,0.333,1,2,0.5,5,7,12,0,1,0,7,2,-13,10,19,0.526,1,4,0.25,0,0,0.0,2,9,11,6,5,0,3,3,13
0020101157,2002-04-14,2001-02,regular_season,False,1610612749,MIL,Milwaukee Bucks,1610612766,CHH,Charlotte Hornets,27,29,L,9,18,0.5,3,5,0.6,6,6,1.0,3,6,9,4,1,0,3,10,-2,8,19,0.421,4,7,0.571,9,10,0.9,4,6,10,3,1,0,3,9,2
0020101158,2002-04-14,2001-02,regular_season,False,1610612761,TOR,Toronto Raptors,1610612751,NJN,New Jersey Nets,22,37,L,10,19,0.526,1,3,0.333,1,2,0.5,2,6,8,7,1,0,5,7,-15,14,20,0.7,1,1,1.0,8,11,0.727,2,7,9,5,3,0,1,3,15
0020101159,2002-04-14,2001-02,regular_season,False,1610612757,POR,Portland Trail Blazers,1610612747,LAL,Los Angeles Lakers,35,28,W,11,19,0.579,6,10,0.6,7,7,1.0,2,5,7,8,1,2,0,7,7,8,16,0.5,2,4,0.5,10,11,0.909,1,4,5,6,0,0,4,9,-7
0020101160,2002-04-14,2001-02,regular_season,False,1610612745,HOU,Houston Rockets,1610612763,MEM,Memphis Grizzlies,20,20,L,8,21,0.381,2,4,0.5,2,2,1.0,6,5,11,4,6,0,7,7,0,5,13,0.385,1,4,0.25,9,11,0.818,3,7,10,4,5,0,9,1,0
0020101164,2002-04-15,2001-02,regular_season,False,1610612747,LAL,Los Angeles Lakers,1610612760,SEA,Seattle SuperSonics,18,29,L,6,20,0.3,1,2,0.5,5,8,0.625,2,6,8,4,1,0,2,7,-11,11,19,0.579,1,3,0.333,6,9,0.667,2,10,12,6,1,2,2,8,11
0020101162,2002-04-15,2001-02,regular_season,False,1610612755,PHI,Philadelphia 76ers,1610612741,CHI,Chicago Bulls,13,22,L,3,19,0.158,0,3,0.0,7,10,0.7,3,6,9,2,1,1,2,10,-9,7,16,0.438,0,0,0.0,8,10,0.8,2,14,16,2,0,0,2,6,9
0020101163,2002-04-15,2001-02,regular_season,False,1610612750,MIN,Minnesota Timberwolves,1610612738,BOS,Boston Celtics,25,21,W,7,19,0.368,1,7,0.143,10,13,0.769,3,9,12,5,1,1,2,5,4,8,18,0.444,1,6,0.167,4,5,0.8,2,9,11,4,1,0,4,9,-4
0020101173,2002-04-16,2001-02,regular_season,False,1610612743,DEN,Denver Nuggets,1610612745,HOU,Houston Rockets,29,26,W,13,27,0.481,2,3,0.667,1,2,0.5,4,9,13,9,2,6,0,8,3,7,24,0.292,2,6,0.333,10,12,0.833,6,10,16,5,0,2,2,4,-3
0020101165,2002-04-16,2001-02,regular_season,False,1610612764,WAS,Washington Wizards,1610612752,NYK,New York Knicks,26,34,L,10,21,0.476,0,1,0.0,6,10,0.6,4,6,10,7,1,2,3,7,-8,12,22,0.545,2,2,1.0,8,8,1.0,4,8,12,8,2,2,2,8,8
0020101166,2002-04-16,2001-02,regular_season,False,1610612739,CLE,Cleveland Cavaliers,1610612754,IND,Indiana Pacers,29,26,W,11,20,0.55,2,4,0.5,5,7,0.714,2,6,8,8,2,3,4,9,3,7,16,0.438,0,1,0.0,12,17,0.706,3,6,9,5,4,3,2,5,-3
0020101167,2002-04-16,2001-02,regular_season,False,1610612751,NJN,New Jersey Nets,1610612765,DET,Detroit Pistons,29,34,L,10,17,0.588,3,4,0.75,6,6,1.0,2,5,7,5,1,2,5,7,-5,14,23,0.609,4,5,0.8,2,2,1.0,2,4,6,7,3,2,2,4,5
0020101168,2002-04-16,2001-02,regular_season,False,1610612748,MIA,Miami Heat,1610612766,CHH,Charlotte Hornets,10,28,L,4,22,0.182,0,5,0.0,2,2,1.0,5,6,11,1,3,1,6,11,-18,8,18,0.444,1,1,1.0,11,14,0.786,5,9,14,3,1,2,4,2,18
0020101169,2002-04-16,2001-02,regular_season,False,1610612737,ATL,Atlanta Hawks,1610612753,ORL,Orlando Magic,30,28,W,12,23,0.522,0,6,0.0,6,8,0.75,4,8,12,7,3,0,1,10,2,8,17,0.471,2,3,0.667,10,15,0.667,3,8,11,4,1,1,3,6,-2
0020101170,2002-04-16,2001-02,regular_season,False,1610612749,MIL,Milwaukee Bucks,1610612761,TOR,Toronto Raptors,26,15,W,10,17,0.588,2,2,1.0,4,6,0.667,3,9,12,7,3,1,3,3,11,7,20,0.35,1,5,0.2,0,0,0.0,2,5,7,4,1,0,5,7,-11
0020101171,2002-04-16,2001-02,regular_season,False,1610612742,DAL,Dallas Mavericks,1610612762,UTA,Utah Jazz,26,22,W,7,22,0.318,1,3,0.333,11,12,0.917,6,6,12,4,3,1,0,4,4,9,18,0.5,0,2,0.0,4,4,1.0,3,9,12,5,0,2,6,9,-4
0020101172,2002-04-16,2001-02,regular_season,False,1610612759,SAS,San Antonio Spurs,1610612756,PHX,Phoenix Suns,22,22,W,9,19,0.474,0,1,0.0,4,5,0.8,1,9,10,6,4,3,2,1,0,10,24,0.417,2,3,0.667,0,0,0.0,3,9,12,8,1,1,4,4,0
0020101174,2002-04-16,2001-02,regular_season,False,1610612758,SAC,Sacramento Kings,1610612744,GSW,Golden State Warriors,25,23,W,10,20,0.5,0,1,0.0,5,6,0.833,3,11,14,6,2,1,8,4,2,9,21,0.429,1,4,0.25,4,4,1.0,0,7,7,3,4,2,4,7,-2
0020101175,2002-04-16,2001-02,regular_season,False,1610612746,LAC,Los Angeles Clippers,1610612763,MEM,Memphis Grizzlies,19,19,W,7,19,0.368,2,7,0.286,3,6,0.5,3,7,10,3,2,1,2,3,0,7,17,0.412,1,6,0.167,4,4,1.0,1,9,10,3,0,1,3,4,0
0020101184,2002-04-17,2001-02,regular_season,False,1610612762,UTA,Utah Jazz,1610612759,SAS,San Antonio Spurs,22,19,W,8,17,0.471,1,2,0.5,5,7,0.714,0,11,11,5,0,4,3,6,3,5,18,0.278,1,4,0.25,8,11,0.727,2,7,9,3,3,2,1,5,-3
0020101185,2002-04-17,2001-02,regular_season,False,1610612756,PHX,Phoenix Suns,1610612742,DAL,Dallas Mavericks,14,15,L,6,19,0.316,1,8,0.125,1,1,1.0,3,8,11,5,2,1,2,6,-1,5,16,0.312,0,1,0.0,5,6,0.833,3,8,11,3,2,1,3,2,1
0020101189,2002-04-17,2001-02,regular_season,False,1610612744,GSW,Golden State Warriors,1610612746,LAC,Los Angeles Clippers,27,25,W,8,19,0.421,3,5,0.6,8,9,0.889,3,10,13,5,3,0,4,6,2,11,24,0.458,2,6,0.333,1,1,1.0,3,6,9,8,2,2,3,8,-2
0020101187,2002-04-17,2001-02,regular_season,False,1610612760,SEA,Seattle SuperSonics,1610612763,MEM,Memphis Grizzlies,10,24,L,3,15,0.2,0,1,0.0,4,4,1.0,3,5,8,2,2,0,6,7,-14,10,18,0.556,0,5,0.0,4,5,0.8,2,9,11,4,2,1,3,4,14
0020101188,2002-04-17,2001-02,regular_season,False,1610612747,LAL,Los Angeles Lakers,1610612758,SAC,Sacramento Kings,22,19,W,10,25,0.4,1,6,0.167,1,2,0.5,4,11,15,3,3,0,4,3,3,9,24,0.375,1,5,0.2,0,0,0.0,4,10,14,1,3,1,4,3,-3
0020101186,2002-04-17,2001-02,regular_season,False,1610612757,POR,Portland Trail Blazers,1610612745,HOU,Houston Rockets,28,26,W,9,22,0.409,2,2,1.0,8,10,0.8,6,6,12,4,2,1,2,2,2,12,22,0.545,2,6,0.333,0,0,0.0,3,6,9,5,1,3,3,7,-2
0020101183,2002-04-17,2001-02,regular_season,False,1610612750,MIN,Minnesota Timberwolves,1610612743,DEN,Denver Nuggets,28,29,L,10,15,0.667,1,1,1.0,7,7,1.0,1,8,9,8,1,1,5,5,-1,11,24,0.458,2,6,0.333,5,6,0.833,5,4,9,5,4,1,1,4,1
0020101181,2002-04-17,2001-02,regular_season,False,1610612765,DET,Detroit Pistons,1610612749,MIL,Milwaukee Bucks,27,27,W,9,18,0.5,5,7,0.714,4,4,1.0,1,9,10,8,1,2,6,10,0,9,23,0.391,0,6,0.0,9,11,0.818,4,7,11,6,3,0,1,7,0
0020101180,2002-04-17,2001-02,regular_season,False,1610612753,ORL,Orlando Magic,1610612748,MIA,Miami Heat,22,26,L,7,19,0.368,4,9,0.444,4,5,0.8,1,10,11,5,1,1,3,3,-4,12,22,0.545,1,1,1.0,1,2,0.5,1,10,11,8,3,0,3,4,4
0020101176,2002-04-17,2001-02,regular_season,False,1610612738,BOS,Boston Celtics,1610612737,ATL,Atlanta Hawks,18,15,W,7,18,0.389,2,5,0.4,2,2,1.0,2,10,12,5,2,3,6,2,3,7,21,0.333,0,3,0.0,1,2,0.5,2,9,11,6,1,2,2,2,-3
0020101177,2002-04-17,2001-02,regular_season,False,1610612766,CHH,Charlotte Hornets,1610612741,CHI,Chicago Bulls,36,31,W,9,16,0.562,1,5,0.2,17,22,0.773,3,4,7,7,4,0,2,5,5,11,18,0.611,4,4,1.0,5,6,0.833,3,3,6,8,1,1,5,14,-5
0020101182,2002-04-17,2001-02,regular_season,False,1610612754,IND,Indiana Pacers,1610612755,PHI,Philadelphia 76ers,30,23,W,6,13,0.462,1,2,0.5,17,19,0.895,2,10,12,3,4,0,6,10,7,7,20,0.35,0,0,0.0,9,14,0.643,2,6,8,4,4,2,4,12,-7
0020101179,2002-04-17,2001-02,regular_season,False,1610612752,NYK,New York Knicks,1610612751,NJN,New Jersey Nets,22,31,L,8,18,0.444,2,5,0.4,4,4,1.0,4,10,14,4,0,1,9,8,-9,10,19,0.526,2,5,0.4,9,12,0.75,1,6,7,8,5,0,1,3,9
0020101178,2002-04-17,2001-02,regular_season,False,1610612761,TOR,Toronto Raptors,1610612739,CLE,Cleveland Cavaliers,26,17,W,9,22,0.409,1,2,0.5,7,9,0.778,6,9,15,6,4,0,6,7,9,6,21,0.286,0,4,0.0,5,5,1.0,4,5,9,3,1,2,5,5,-9
0040100101,2002-04-20,2001-02,playoffs,False,1610612751,NJN,New Jersey Nets,1610612754,IND,Indiana Pacers,22,26,L,10,20,0.5,0,1,0.0,2,3,0.667,3,6,9,3,1,3,5,9,-4,9,20,0.45,1,3,0.333,7,10,0.7,3,8,11,4,4,0,3,4,4
0040100131,2002-04-20,2001-02,playoffs,False,1610612766,CHH,Charlotte Hornets,1610612753,ORL,Orlando Magic,23,11,W,7,18,0.389,1,1,1.0,8,11,0.727,3,9,12,3,3,1,2,6,12,3,11,0.273,0,2,0.0,5,10,0.5,0,8,8,2,2,1,4,7,-12
0040100141,2002-04-20,2001-02,playoffs,False,1610612758,SAC,Sacramento Kings,1610612762,UTA,Utah Jazz,18,22,L,7,17,0.412,2,6,0.333,2,4,0.5,1,10,11,6,1,2,4,8,-4,6,19,0.316,0,4,0.0,10,12,0.833,4,10,14,6,3,1,2,5,4
0040100151,2002-04-20,2001-02,playoffs,False,1610612759,SAS,San Antonio Spurs,1610612760,SEA,Seattle SuperSonics,20,24,L,8,18,0.444,2,3,0.667,2,4,0.5,3,3,6,5,3,2,3,5,-4,11,19,0.579,0,1,0.0,2,2,1.0,5,6,11,3,2,3,5,3,4
0040100111,2002-04-21,2001-02,playoffs,False,1610612765,DET,Detroit Pistons,1610612761,TOR,Toronto Raptors,20,18,W,7,22,0.318,1,6,0.167,5,5,1.0,4,9,13,3,4,1,4,4,2,7,19,0.368,0,1,0.0,4,8,0.5,3,10,13,3,4,3,5,6,-2
0040100121,2002-04-21,2001-02,playoffs,False,1610612738,BOS,Boston Celtics,1610612755,PHI,Philadelphia 76ers,19,23,L,7,18,0.389,2,5,0.4,3,5,0.6,3,6,9,5,3,1,4,6,-4,8,17,0.471,1,5,0.2,6,8,0.75,2,8,10,5,3,1,4,4,4
0040100161,2002-04-21,2001-02,playoffs,False,1610612747,LAL,Los Angeles Lakers,1610612757,POR,Portland Trail Blazers,27,25,W,10,18,0.556,2,5,0.4,5,9,0.556,1,8,9,5,1,2,1,8,2,7,21,0.333,2,6,0.333,9,10,0.9,1,9,10,5,0,0,1,7,-2
0040100171,2002-04-21,2001-02,playoffs,False,1610612742,DAL,Dallas Mavericks,1610612750,MIN,Minnesota Timberwolves,28,21,W,8,20,0.4,3,6,0.5,9,10,0.9,0,7,7,5,5,2,1,6,7,9,21,0.429,1,1,1.0,2,3,0.667,6,10,16,2,0,1,9,12,-7
0040100102,2002-04-22,2001-02,playoffs,False,1610612751,NJN,New Jersey Nets,1610612754,IND,Indiana Pacers,23,19,W,6,14,0.429,0,1,0.0,11,12,0.917,0,7,7,4,1,2,3,4,4,9,22,0.409,0,2,0.0,1,2,0.5,5,7,12,6,2,1,5,10,-4
0040100152,2002-04-22,2001-02,playoffs,False,1610612759,SAS,San Antonio Spurs,1610612760,SEA,Seattle SuperSonics,19,25,L,4,18,0.222,1,7,0.143,10,14,0.714,3,4,7,3,3,0,1,7,-6,9,15,0.6,1,1,1.0,6,9,0.667,3,10,13,3,0,1,6,9,6
0040100132,2002-04-23,2001-02,playoffs,False,1610612766,CHH,Charlotte Hornets,1610612753,ORL,Orlando Magic,24,22,W,10,18,0.556,1,2,0.5,3,3,1.0,3,6,9,6,0,1,3,8,2,6,17,0.353,1,5,0.2,9,10,0.9,4,4,8,4,1,1,1,4,-2
0040100142,2002-04-23,2001-02,playoffs,False,1610612758,SAC,Sacramento Kings,1610612762,UTA,Utah Jazz,34,29,W,11,24,0.458,2,8,0.25,10,12,0.833,6,5,11,5,5,1,2,9,5,10,18,0.556,2,2,1.0,7,11,0.636,4,6,10,5,1,2,7,10,-5
0040100172,2002-04-24,2001-02,playoffs,False,1610612742,DAL,Dallas Mavericks,1610612750,MIN,Minnesota Timberwolves,25,24,W,10,21,0.476,5,8,0.625,0,0,0.0,1,11,12,6,0,1,2,9,1,7,14,0.5,1,3,0.333,9,13,0.692,0,9,9,1,0,2,1,4,-1
0040100112,2002-04-24,2001-02,playoffs,False,1610612765,DET,Detroit Pistons,1610612761,TOR,Toronto Raptors,24,24,W,7,14,0.5,4,6,0.667,6,6,1.0,0,6,6,3,1,5,4,2,0,12,22,0.545,0,2,0.0,0,2,0.0,3,7,10,6,2,1,2,6,0
0040100162,2002-04-25,2001-02,playoffs,False,1610612747,LAL,Los Angeles Lakers,1610612757,POR,Portland Trail Blazers,26,33,L,7,17,0.412,1,4,0.25,11,12,0.917,3,7,10,3,0,3,6,6,-7,11,20,0.55,5,9,0.556,6,7,0.857,0,7,7,8,4,1,2,10,7
0040100122,2002-04-25,2001-02,playoffs,False,1610612738,BOS,Boston Celtics,1610612755,PHI,Philadelphia 76ers,24,24,W,6,17,0.353,1,3,0.333,11,12,0.917,0,12,12,5,2,0,4,6,0,8,22,0.364,1,5,0.2,7,8,0.875,3,10,13,5,2,4,5,10,0
0040100103,2002-04-26,2001-02,playoffs,False,1610612754,IND,Indiana Pacers,1610612751,NJN,New Jersey Nets,18,21,L,6,17,0.353,1,1,1.0,5,10,0.5,3,8,11,5,1,0,4,8,-3,7,20,0.35,1,5,0.2,6,11,0.545,5,9,14,4,2,1,2,7,3
0040100113,2002-04-27,2001-02,playoffs,False,1610612761,TOR,Toronto Raptors,1610612765,DET,Detroit Pistons,15,17,L,4,11,0.364,1,2,0.5,6,6,1.0,3,5,8,3,5,2,10,5,-2,6,13,0.462,3,7,0.429,2,4,0.5,2,4,6,4,4,0,8,6,2
0040100133,2002-04-27,2001-02,playoffs,False,1610612753,ORL,Orlando Magic,1610612766,CHH,Charlotte Hornets,23,26,L,8,18,0.444,2,4,0.5,5,6,0.833,1,4,5,5,1,0,4,5,-3,10,16,0.625,1,1,1.0,5,7,0.714,1,6,7,4,3,1,3,6,3
0040100143,2002-04-27,2001-02,playoffs,False,1610612762,UTA,Utah Jazz,1610612758,SAC,Sacramento Kings,21,21,L,6,19,0.316,1,7,0.143,8,9,0.889,3,5,8,4,3,1,3,10,0,5,13,0.385,1,2,0.5,10,13,0.769,3,10,13,2,1,2,6,8,0
0040100153,2002-04-27,2001-02,playoffs,False,1610612760,SEA,Seattle SuperSonics,1610612759,SAS,San Antonio Spurs,21,23,L,8,19,0.421,1,1,1.0,4,8,0.5,2,5,7,5,2,0,0,5,-2,9,14,0.643,3,3,1.0,2,4,0.5,0,7,7,6,0,0,2,8,2
0040100173,2002-04-28,2001-02,playoffs,False,1610612750,MIN,Minnesota Timberwolves,1610612742,DAL,Dallas Mavericks,23,18,W,7,18,0.389,3,5,0.6,6,10,0.6,5,9,14,3,4,0,6,8,5,6,18,0.333,2,5,0.4,4,4,1.0,2,7,9,5,5,0,7,7,-5
0040100163,2002-04-28,2001-02,playoffs,False,1610612757,POR,Portland Trail Blazers,1610612747,LAL,Los Angeles Lakers,24,25,L,6,16,0.375,1,3,0.333,11,13,0.846,1,10,11,4,3,1,7,5,-1,11,21,0.524,3,8,0.375,0,4,0.0,2,8,10,7,5,2,5,10,1
0040100123,2002-04-28,2001-02,playoffs,False,1610612755,PHI,Philadelphia 76ers,1610612738,BOS,Boston Celtics,25,22,W,6,17,0.353,1,3,0.333,12,14,0.857,2,7,9,3,2,1,1,3,3,9,20,0.45,2,8,0.25,2,2,1.0,2,9,11,4,1,0,5,10,-3
0040100114,2002-04-29,2001-02,playoffs,False,1610612761,TOR,Toronto Raptors,1610612765,DET,Detroit Pistons,23,22,W,8,15,0.533,0,2,0.0,7,9,0.778,1,6,7,4,0,2,4,6,1,8,21,0.381,3,5,0.6,3,4,0.75,4,5,9,5,1,0,3,8,-1
0040100144,2002-04-29,2001-02,playoffs,False,1610612762,UTA,Utah Jazz,1610612758,SAC,Sacramento Kings,24,24,L,11,28,0.393,1,4,0.25,1,3,0.333,11,5,16,7,4,2,5,7,0,7,16,0.438,2,4,0.5,8,13,0.615,4,6,10,3,5,2,4,2,0
0040100104,2002-04-30,2001-02,playoffs,False,1610612754,IND,Indiana Pacers,1610612751,NJN,New Jersey Nets,29,21,W,10,16,0.625,1,2,0.5,8,10,0.8,0,7,7,9,3,2,2,5,8,9,18,0.5,0,2,0.0,3,4,0.75,2,4,6,5,2,1,5,8,-8
0040100134,2002-04-30,2001-02,playoffs,False,1610612753,ORL,Orlando Magic,1610612766,CHH,Charlotte Hornets,16,27,L,4,18,0.222,0,6,0.0,8,10,0.8,4,6,10,0,2,3,4,8,-11,8,15,0.533,1,1,1.0,10,13,0.769,2,10,12,6,3,2,6,7,11
0040100124,2002-05-01,2001-02,playoffs,False,1610612755,PHI,Philadelphia 76ers,1610612738,BOS,Boston Celtics,27,20,W,10,17,0.588,0,3,0.0,7,10,0.7,3,6,9,5,5,0,1,5,7,8,19,0.421,2,8,0.25,2,3,0.667,3,4,7,3,0,0,5,7,-7
0040100154,2002-05-01,2001-02,playoffs,False,1610612760,SEA,Seattle SuperSonics,1610612759,SAS,San Antonio Spurs,15,20,L,5,14,0.357,0,2,0.0,5,5,1.0,0,9,9,4,3,2,6,7,-5,6,23,0.261,3,10,0.3,5,6,0.833,8,7,15,2,2,3,4,6,5
0040100105,2002-05-02,2001-02,playoffs,False,1610612751,NJN,New Jersey Nets,1610612754,IND,Indiana Pacers,17,17,W,5,18,0.278,0,4,0.0,7,12,0.583,3,7,10,0,3,1,0,5,0,5,16,0.312,2,4,0.5,5,7,0.714,4,13,17,2,0,0,7,9,0
0040100115,2002-05-02,2001-02,playoffs,False,1610612765,DET,Detroit Pistons,1610612761,TOR,Toronto Raptors,22,23,L,6,13,0.462,0,1,0.0,10,13,0.769,1,5,6,3,2,1,5,6,-1,8,16,0.5,2,3,0.667,5,6,0.833,1,7,8,4,3,0,6,10,1
0040100155,2002-05-03,2001-02,playoffs,False,1610612759,SAS,San Antonio Spurs,1610612760,SEA,Seattle SuperSonics,20,20,W,8,19,0.421,2,7,0.286,2,2,1.0,0,11,11,4,0,3,2,3,0,7,26,0.269,2,6,0.333,4,4,1.0,6,9,15,2,1,0,0,4,0
0040100125,2002-05-03,2001-02,playoffs,False,1610612738,BOS,Boston Celtics,1610612755,PHI,Philadelphia 76ers,43,20,W,15,21,0.714,9,10,0.9,4,5,0.8,4,6,10,9,4,3,2,4,23,8,19,0.421,2,4,0.5,2,3,0.667,4,3,7,4,0,0,6,4,-23
0040100221,2002-05-04,2001-02,playoffs,False,1610612758,SAC,Sacramento Kings,1610612742,DAL,Dallas Mavericks,26,17,W,10,20,0.5,2,7,0.286,4,6,0.667,5,8,13,6,3,1,4,9,9,5,19,0.263,0,5,0.0,7,11,0.636,5,3,8,2,1,0,3,7,-9
0040100201,2002-05-05,2001-02,playoffs,False,1610612751,NJN,New Jersey Nets,1610612766,CHH,Charlotte Hornets,22,20,W,7,12,0.583,0,1,0.0,8,10,0.8,2,7,9,2,3,1,6,7,2,8,18,0.444,0,2,0.0,4,5,0.8,3,4,7,1,3,2,5,6,-2
0040100211,2002-05-05,2001-02,playoffs,False,1610612765,DET,Detroit Pistons,1610612738,BOS,Boston Celtics,18,22,L,7,20,0.35,2,6,0.333,2,3,0.667,4,4,8,4,1,0,2,4,-4,9,20,0.45,1,7,0.143,3,3,1.0,4,9,13,2,2,0,3,5,4
0040100231,2002-05-05,2001-02,playoffs,False,1610612747,LAL,Los Angeles Lakers,1610612759,SAS,San Antonio Spurs,29,19,W,9,21,0.429,1,6,0.167,10,12,0.833,3,11,14,7,1,4,0,3,10,7,20,0.35,3,8,0.375,2,4,0.5,0,8,8,5,0,0,2,7,-10
0040100222,2002-05-06,2001-02,playoffs,False,1610612758,SAC,Sacramento Kings,1610612742,DAL,Dallas Mavericks,22,29,L,8,30,0.267,2,10,0.2,4,4,1.0,6,8,14,5,0,0,0,9,-7,9,20,0.45,2,7,0.286,9,12,0.75,4,12,16,3,0,3,2,5,7
0040100202,2002-05-07,2001-02,playoffs,False,1610612751,NJN,New Jersey Nets,1610612766,CHH,Charlotte Hornets,22,16,W,8,15,0.533,0,1,0.0,6,6,1.0,0,8,8,7,1,2,3,6,6,6,22,0.273,1,6,0.167,3,4,0.75,7,5,12,3,2,1,4,7,-6
0040100232,2002-05-07,2001-02,playoffs,False,1610612747,LAL,Los Angeles Lakers,1610612759,SAS,San Antonio Spurs,20,15,W,7,14,0.5,0,3,0.0,6,8,0.75,0,7,7,2,4,1,3,7,5,5,18,0.278,0,4,0.0,5,7,0.714,7,5,12,4,1,1,6,5,-5
0040100212,2002-05-08,2001-02,playoffs,False,1610612765,DET,Detroit Pistons,1610612738,BOS,Boston Celtics,18,18,L,6,20,0.3,4,8,0.5,2,4,0.5,3,6,9,5,2,1,1,5,0,5,15,0.333,2,6,0.333,6,6,1.0,3,9,12,3,0,1,5,4,0
0040100223,2002-05-09,2001-02,playoffs,False,1610612742,DAL,Dallas Mavericks,1610612758,SAC,Sacramento Kings,28,34,L,12,25,0.48,3,8,0.375,1,3,0.333,3,4,7,8,1,0,5,7,-6,11,18,0.611,3,5,0.6,9,10,0.9,2,9,11,8,1,3,5,5,6
0040100203,2002-05-09,2001-02,playoffs,False,1610612766,CHH,Charlotte Hornets,1610612751,NJN,New Jersey Nets,31,28,W,13,17,0.765,0,1,0.0,5,7,0.714,1,8,9,9,3,2,5,12,3,7,18,0.389,0,7,0.0,14,18,0.778,4,4,8,3,4,1,3,6,-3
0040100213,2002-05-10,2001-02,playoffs,False,1610612738,BOS,Boston Celtics,1610612765,DET,Detroit Pistons,18,16,W,7,19,0.368,0,6,0.0,4,5,0.8,2,8,10,4,1,1,1,4,2,6,18,0.333,0,5,0.0,4,5,0.8,2,8,10,3,1,0,2,6,-2
0040100233,2002-05-10,2001-02,playoffs,False,1610612759,SAS,San Antonio Spurs,1610612747,LAL,Los Angeles Lakers,18,25,L,8,22,0.364,1,7,0.143,1,3,0.333,4,5,9,3,2,3,4,10,-7,9,16,0.562,0,1,0.0,7,10,0.7,1,11,12,5,2,0,5,6,7
0040100224,2002-05-11,2001-02,playoffs,False,1610612742,DAL,Dallas Mavericks,1610612758,SAC,Sacramento Kings,20,27,L,8,17,0.471,1,4,0.25,3,4,0.75,4,2,6,4,2,1,6,3,-7,11,18,0.611,2,3,0.667,3,4,0.75,3,5,8,3,3,1,4,6,7
0040100204,2002-05-12,2001-02,playoffs,False,1610612766,CHH,Charlotte Hornets,1610612751,NJN,New Jersey Nets,15,25,L,3,14,0.214,1,6,0.167,8,14,0.571,1,6,7,3,2,5,2,10,-10,7,21,0.333,2,4,0.5,9,13,0.692,5,8,13,4,1,0,2,7,10
0040100214,2002-05-12,2001-02,playoffs,False,1610612738,BOS,Boston Celtics,1610612765,DET,Detroit Pistons,24,21,W,6,15,0.4,0,0,0.0,12,16,0.75,3,11,14,6,4,2,5,6,3,7,19,0.368,4,11,0.364,3,6,0.5,3,8,11,4,2,3,5,12,-3
0040100234,2002-05-12,2001-02,playoffs,False,1610612759,SAS,San Antonio Spurs,1610612747,LAL,Los Angeles Lakers,10,20,L,3,18,0.167,1,3,0.333,3,6,0.5,2,7,9,3,3,2,2,8,-10,5,15,0.333,3,7,0.429,7,12,0.583,4,12,16,2,1,1,4,4,10
0040100225,2002-05-13,2001-02,playoffs,False,1610612758,SAC,Sacramento Kings,1610612742,DAL,Dallas Mavericks,28,28,W,11,20,0.55,3,11,0.273,3,6,0.5,2,6,8,8,1,2,2,5,0,11,19,0.579,3,6,0.5,3,4,0.75,2,8,10,5,0,0,2,3,0
0040100235,2002-05-14,2001-02,playoffs,False,1610612747,LAL,Los Angeles Lakers,1610612759,SAS,San Antonio Spurs,31,26,W,12,21,0.571,2,4,0.5,5,6,0.833,3,8,11,7,0,3,0,7,5,9,20,0.45,0,3,0.0,8,9,0.889,2,6,8,3,0,2,1,5,-5
0040100215,2002-05-14,2001-02,playoffs,False,1610612765,DET,Detroit Pistons,1610612738,BOS,Boston Celtics,26,26,L,8,16,0.5,0,4,0.0,10,12,0.833,3,7,10,5,1,2,4,7,0,10,18,0.556,2,4,0.5,4,5,0.8,1,4,5,1,3,0,3,8,0
0040100205,2002-05-15,2001-02,playoffs,False,1610612751,NJN,New Jersey Nets,1610612766,CHH,Charlotte Hornets,28,23,W,8,19,0.421,2,5,0.4,10,13,0.769,2,8,10,5,2,2,0,11,5,5,17,0.294,2,4,0.5,11,17,0.647,5,6,11,2,0,1,4,12,-5
0040100311,2002-05-18,2001-02,playoffs,False,1610612758,SAC,Sacramento Kings,1610612747,LAL,Los Angeles Lakers,30,24,W,12,25,0.48,0,1,0.0,6,6,1.0,5,5,10,7,4,0,4,10,6,7,15,0.467,0,4,0.0,10,14,0.714,4,5,9,1,2,2,9,6,-6
0040100301,2002-05-19,2001-02,playoffs,False,1610612751,NJN,New Jersey Nets,1610612738,BOS,Boston Celtics,23,29,L,8,20,0.4,0,4,0.0,7,8,0.875,2,7,9,4,0,1,2,9,-6,8,16,0.5,2,6,0.333,11,17,0.647,1,9,10,4,2,2,1,7,6
0040100312,2002-05-20,2001-02,playoffs,False,1610612758,SAC,Sacramento Kings,1610612747,LAL,Los Angeles Lakers,20,23,L,7,18,0.389,1,3,0.333,5,10,0.5,2,11,13,2,2,3,4,13,-3,6,22,0.273,1,7,0.143,10,16,0.625,7,11,18,3,1,1,3,8,3
0040100302,2002-05-21,2001-02,playoffs,False,1610612751,NJN,New Jersey Nets,1610612738,BOS,Boston Celtics,25,18,W,8,25,0.32,2,11,0.182,7,8,0.875,3,13,16,5,4,0,3,6,7,5,21,0.238,3,7,0.429,5,8,0.625,3,12,15,3,2,1,5,5,-7
0040100313,2002-05-24,2001-02,playoffs,False,1610612747,LAL,Los Angeles Lakers,1610612758,SAC,Sacramento Kings,38,28,W,13,31,0.419,8,17,0.471,4,8,0.5,4,11,15,8,3,0,1,11,10,8,17,0.471,2,8,0.25,10,16,0.625,2,13,15,5,1,0,7,8,-10
0040100303,2002-05-25,2001-02,playoffs,False,1610612738,BOS,Boston Celtics,1610612751,NJN,New Jersey Nets,41,16,W,11,19,0.579,1,2,0.5,18,21,0.857,4,11,15,6,3,3,0,6,25,4,22,0.182,0,8,0.0,8,9,0.889,6,4,10,3,0,0,6,14,-25
0040100314,2002-05-26,2001-02,playoffs,False,1610612747,LAL,Los Angeles Lakers,1610612758,SAC,Sacramento Kings,27,19,W,8,21,0.381,3,7,0.429,8,8,1.0,7,7,14,4,1,2,3,3,8,9,18,0.5,0,4,0.0,1,2,0.5,1,6,7,6,1,1,3,6,-8
0040100304,2002-05-27,2001-02,playoffs,False,1610612738,BOS,Boston Celtics,1610612751,NJN,New Jersey Nets,23,21,W,7,19,0.368,1,6,0.167,8,13,0.615,3,7,10,5,4,1,4,10,2,6,16,0.375,1,2,0.5,8,12,0.667,2,7,9,1,0,3,6,8,-2
0040100315,2002-05-28,2001-02,playoffs,False,1610612758,SAC,Sacramento Kings,1610612747,LAL,Los Angeles Lakers,19,17,W,6,15,0.4,0,0,0.0,7,10,0.7,0,12,12,3,1,1,1,6,2,5,19,0.263,1,4,0.25,6,6,1.0,2,9,11,1,1,1,2,7,-2
0040100305,2002-05-29,2001-02,playoffs,False,1610612751,NJN,New Jersey Nets,1610612738,BOS,Boston Celtics,31,23,W,7,15,0.467,2,6,0.333,15,21,0.714,2,8,10,4,3,0,3,4,8,8,20,0.4,4,9,0.444,3,4,0.75,3,9,12,5,0,0,5,13,-8
0040100306,2002-05-31,2001-02,playoffs,False,1610612738,BOS,Boston Celtics,1610612751,NJN,New Jersey Nets,19,26,L,7,23,0.304,1,13,0.077,4,7,0.571,5,10,15,5,2,0,2,9,-7,8,18,0.444,1,4,0.25,9,13,0.692,1,10,11,7,1,2,2,6,7
0040100316,2002-05-31,2001-02,playoffs,False,1610612747,LAL,Los Angeles Lakers,1610612758,SAC,Sacramento Kings,31,27,W,5,13,0.385,0,2,0.0,21,27,0.778,1,11,12,3,0,1,2,8,4,10,22,0.455,0,1,0.0,7,9,0.778,2,7,9,4,0,2,3,16,-4
0040100317,2002-06-02,2001-02,playoffs,False,1610612758,SAC,Sacramento Kings,1610612747,LAL,Los Angeles Lakers,26,27,L,10,20,0.5,0,6,0.0,6,9,0.667,3,7,10,5,1,0,2,8,-1,8,21,0.381,2,6,0.333,9,11,0.818,5,8,13,6,2,0,2,7,1
0040100401,2002-06-05,2001-02,playoffs,False,1610612747,LAL,Los Angeles Lakers,1610612751,NJN,New Jersey Nets,27,31,L,6,14,0.429,0,1,0.0,15,25,0.6,6,7,13,5,1,0,4,7,-4,11,26,0.423,1,7,0.143,8,10,0.8,7,7,14,7,3,0,2,14,4
0040100402,2002-06-07,2001-02,playoffs,False,1610612747,LAL,Los Angeles Lakers,1610612751,NJN,New Jersey Nets,29,22,W,9,20,0.45,5,8,0.625,6,6,1.0,5,10,15,7,0,1,3,5,7,8,19,0.421,4,10,0.4,2,5,0.4,2,4,6,6,2,2,1,5,-7
0040100403,2002-06-09,2001-02,playoffs,False,1610612751,NJN,New Jersey Nets,1610612747,LAL,Los Angeles Lakers,25,28,L,11,23,0.478,1,4,0.25,2,3,0.667,2,5,7,6,2,0,2,8,-3,9,15,0.6,1,4,0.25,9,14,0.643,2,10,12,1,2,3,3,4,3
0040100404,2002-06-12,2001-02,playoffs,False,1610612751,NJN,New Jersey Nets,1610612747,LAL,Los Angeles Lakers,27,29,L,11,20,0.55,2,3,0.667,3,5,0.6,1,9,10,8,1,1,3,7,-2,10,18,0.556,2,3,0.667,7,10,0.7,0,9,9,5,2,0,2,4,2
