game_id,game_date,season,game_type,neutral_site,team_id_home,team_abbreviation_home,team_name_home,team_id_road,team_abbreviation_road,team_name_road,pts_home,pts_road,wl_home,fgm_home,fga_home,fg_pct_home,fg3m_home,fg3a_home,fg3_pct_home,ftm_home,fta_home,ft_pct_home,oreb_home,dreb_home,reb_home,ast_home,stl_home,blk_home,tov_home,pf_home,plus_minus_home,fgm_road,fga_road,fg_pct_road,fg3m_road,fg3a_road,fg3_pct_road,ftm_road,fta_road,ft_pct_road,oreb_road,dreb_road,reb_road,ast_road,stl_road,blk_road,tov_road,pf_road,plus_minus_road
0022200001,2022-10-18,2022-23,regular_season,False,1610612738,BOS,Boston Celtics,1610612755,PHI,Philadelphia 76ers,39,34,W,15,21,0.714,2,6,0.333,7,8,0.875,1,4,5,6,1,0,0,4,5,13,20,0.65,5,9,0.556,3,3,1.0,1,3,4,6,0,0,2,7,-5
0022200002,2022-10-18,2022-23,regular_season,False,1610612744,GSW,Golden State Warriors,1610612747,LAL,Los Angeles Lakers,34,30,W,14,26,0.538,2,9,0.222,4,6,0.667,1,8,9,9,2,0,2,8,4,12,27,0.444,2,11,0.182,4,6,0.667,4,10,14,6,1,0,4,5,-4
0022200014,2022-10-19,2022-23,regular_season,False,1610612758,SAC,Sacramento Kings,1610612757,POR,Portland Trail Blazers,32,19,W,10,21,0.476,7,13,0.538,5,6,0.833,1,13,14,9,4,2,4,4,13,7,21,0.333,2,6,0.333,3,6,0.5,1,8,9,3,4,0,5,5,-13
0022200013,2022-10-19,2022-23,regular_season,False,1610612756,PHX,Phoenix Suns,1610612742,DAL,Dallas Mavericks,21,30,L,7,20,0.35,2,5,0.4,5,6,0.833,0,9,9,6,0,4,4,10,-9,9,22,0.409,4,8,0.5,8,13,0.615,3,12,15,6,2,2,1,6,9
0022200012,2022-10-19,2022-23,regular_season,False,1610612762,UTA,Utah Jazz,1610612743,DEN,Denver Nuggets,38,23,W,13,22,0.591,5,9,0.556,7,11,0.636,6,8,14,11,6,0,6,6,15,10,21,0.476,1,2,0.5,2,2,1.0,3,3,6,5,2,1,7,7,-15
0022200010,2022-10-19,2022-23,regular_season,False,1610612750,MIN,Minnesota Timberwolves,1610612760,OKC,Oklahoma City Thunder,30,30,W,12,28,0.429,3,11,0.273,3,4,0.75,4,8,12,7,1,1,0,4,0,10,24,0.417,6,12,0.5,4,6,0.667,5,10,15,6,0,3,3,7,0
0022200009,2022-10-19,2022-23,regular_season,False,1610612763,MEM,Memphis Grizzlies,1610612752,NYK,New York Knicks,36,23,W,14,23,0.609,7,12,0.583,1,2,0.5,1,13,14,10,1,4,2,3,13,10,32,0.312,1,11,0.091,2,3,0.667,10,6,16,6,0,0,1,4,-13
0022200011,2022-10-19,2022-23,regular_season,False,1610612759,SAS,San Antonio Spurs,1610612766,CHA,Charlotte Hornets,25,30,L,10,24,0.417,0,5,0.0,5,7,0.714,3,9,12,7,2,4,4,4,-5,11,26,0.423,3,9,0.333,5,5,1.0,4,11,15,6,2,2,3,8,5
0022200007,2022-10-19,2022-23,regular_season,False,1610612748,MIA,Miami Heat,1610612741,CHI,Chicago Bulls,26,31,L,9,22,0.409,3,9,0.333,5,6,0.833,4,11,15,3,1,0,4,7,-5,9,24,0.375,7,14,0.5,6,8,0.75,1,7,8,7,3,2,2,3,5
0022200006,2022-10-19,2022-23,regular_season,False,1610612751,BKN,Brooklyn Nets,1610612740,NOP,New Orleans Pelicans,36,26,W,13,22,0.591,4,8,0.5,6,9,0.667,3,9,12,6,2,4,2,5,10,11,27,0.407,2,7,0.286,2,2,1.0,5,7,12,6,1,2,3,8,-10
0022200005,2022-10-19,2022-23,regular_season,False,1610612737,ATL,Atlanta Hawks,1610612745,HOU,Houston Rockets,33,30,W,14,24,0.583,2,6,0.333,3,3,1.0,0,6,6,11,2,0,0,4,3,12,25,0.48,3,8,0.375,3,4,0.75,5,10,15,6,0,0,3,3,-3
0022200004,2022-10-19,2022-23,regular_season,False,1610612754,IND,Indiana Pacers,1610612764,WAS,Washington Wizards,27,24,W,11,26,0.423,3,8,0.375,2,2,1.0,4,7,11,4,2,3,4,5,3,9,24,0.375,2,7,0.286,4,6,0.667,4,9,13,5,0,0,5,4,-3
0022200003,2022-10-19,2022-23,regular_season,False,1610612765,DET,Detroit Pistons,1610612753,ORL,Orlando Magic,40,27,W,13,20,0.65,5,9,0.556,9,10,0.9,1,9,10,11,2,1,2,5,13,10,24,0.417,3,8,0.375,4,5,0.8,4,7,11,7,1,1,5,9,-13
0022200008,2022-10-19,2022-23,regular_season,False,1610612761,TOR,Toronto Raptors,1610612739,CLE,Cleveland Cavaliers,23,35,L,8,22,0.364,2,7,0.286,5,7,0.714,2,6,8,3,3,1,5,7,-12,14,21,0.667,4,7,0.571,3,3,1.0,1,9,10,11,1,1,3,4,12
0022200015,2022-10-20,2022-23,regular_season,False,1610612755,PHI,Philadelphia 76ers,1610612749,MIL,Milwaukee Bucks,21,17,W,10,21,0.476,1,6,0.167,0,0,0.0,1,11,12,4,1,1,3,3,4,6,18,0.333,4,11,0.364,1,2,0.5,0,10,10,6,0,1,4,3,-4
0022200016,2022-10-20,2022-23,regular_season,False,1610612747,LAL,Los Angeles Lakers,1610612746,LAC,LA Clippers,33,21,W,12,25,0.48,4,11,0.364,5,5,1.0,4,8,12,9,3,1,1,3,12,9,21,0.429,2,10,0.2,1,3,0.333,3,8,11,4,1,2,5,6,-12
0022200024,2022-10-21,2022-23,regular_season,False,1610612745,HOU,Houston Rockets,1610612763,MEM,Memphis Grizzlies,38,36,W,11,22,0.5,5,10,0.5,11,15,0.733,5,7,12,4,0,0,1,9,2,11,27,0.407,5,8,0.625,9,12,0.75,5,8,13,7,1,0,2,8,-2
0022200027,2022-10-21,2022-23,regular_season,False,1610612757,POR,Portland Trail Blazers,1610612756,PHX,Phoenix Suns,22,25,L,6,15,0.4,2,7,0.286,8,9,0.889,4,8,12,0,4,2,10,7,-3,10,21,0.476,2,6,0.333,3,3,1.0,2,4,6,8,6,0,6,7,3
0022200026,2022-10-21,2022-23,regular_season,False,1610612744,GSW,Golden State Warriors,1610612743,DEN,Denver Nuggets,18,30,L,6,21,0.286,2,15,0.133,4,4,1.0,1,6,7,3,4,0,7,10,-12,8,16,0.5,3,7,0.429,11,12,0.917,2,9,11,6,3,0,7,5,12
0022200025,2022-10-21,2022-23,regular_season,False,1610612750,MIN,Minnesota Timberwolves,1610612762,UTA,Utah Jazz,23,29,L,10,22,0.455,1,6,0.167,2,2,1.0,5,7,12,4,2,1,7,4,-6,11,25,0.44,4,10,0.4,3,3,1.0,5,7,12,7,2,3,5,3,6
0022200023,2022-10-21,2022-23,regular_season,False,1610612752,NYK,New York Knicks,1610612765,DET,Detroit Pistons,42,32,W,15,23,0.652,6,9,0.667,6,6,1.0,2,6,8,8,1,2,3,7,10,13,23,0.565,2,6,0.333,4,11,0.364,6,4,10,8,1,1,5,5,-10
0022200020,2022-10-21,2022-23,regular_season,False,1610612737,ATL,Atlanta Hawks,1610612753,ORL,Orlando Magic,31,27,W,12,25,0.48,3,10,0.3,4,4,1.0,5,9,14,7,2,0,4,4,4,10,21,0.476,4,9,0.444,3,4,0.75,2,7,9,6,4,3,6,6,-4
0022200021,2022-10-21,2022-23,regular_season,False,1610612751,BKN,Brooklyn Nets,1610612761,TOR,Toronto Raptors,21,28,L,7,16,0.438,2,6,0.333,5,10,0.5,1,6,7,4,0,2,5,5,-7,10,22,0.455,2,8,0.25,6,6,1.0,2,10,12,6,4,0,3,7,7
0022200019,2022-10-21,2022-23,regular_season,False,1610612764,WAS,Washington Wizards,1610612741,CHI,Chicago Bulls,30,20,W,12,20,0.6,2,6,0.333,4,4,1.0,4,9,13,7,3,3,6,4,10,9,19,0.474,2,7,0.286,0,2,0.0,2,3,5,6,4,2,6,4,-10
0022200018,2022-10-21,2022-23,regular_season,False,1610612754,IND,Indiana Pacers,1610612759,SAS,San Antonio Spurs,29,34,L,10,22,0.455,4,9,0.444,5,6,0.833,3,6,9,7,2,1,4,5,-5,13,24,0.542,8,12,0.667,0,0,0.0,2,7,9,11,3,1,3,4,5
0022200017,2022-10-21,2022-23,regular_season,False,1610612766,CHA,Charlotte Hornets,1610612740,NOP,New Orleans Pelicans,27,26,W,11,22,0.5,2,8,0.25,3,3,1.0,1,10,11,9,0,1,3,1,1,12,29,0.414,1,6,0.167,1,1,1.0,5,10,15,6,2,1,2,3,-1
0022200022,2022-10-21,2022-23,regular_season,False,1610612748,MIA,Miami Heat,1610612738,BOS,Boston Celtics,29,29,L,12,25,0.48,2,8,0.25,3,4,0.75,2,6,8,3,2,1,1,2,0,11,19,0.579,5,9,0.556,2,2,1.0,2,7,9,5,0,2,5,5,0
0022200036,2022-10-22,2022-23,regular_season,False,1610612758,SAC,Sacramento Kings,1610612746,LAC,LA Clippers,29,23,W,11,23,0.478,4,8,0.5,3,7,0.429,2,8,10,8,1,0,1,7,6,6,17,0.353,3,8,0.375,8,8,1.0,0,10,10,2,1,3,4,7,-6
0022200035,2022-10-22,2022-23,regular_season,False,1610612743,DEN,Denver Nuggets,1610612760,OKC,Oklahoma City Thunder,27,26,W,11,23,0.478,2,7,0.286,3,6,0.5,2,10,12,8,1,1,4,7,1,8,23,0.348,3,8,0.375,7,9,0.778,5,9,14,6,3,2,5,6,-1
0022200034,2022-10-22,2022-23,regular_season,False,1610612742,DAL,Dallas Mavericks,1610612763,MEM,Memphis Grizzlies,25,19,W,9,18,0.5,5,9,0.556,2,2,1.0,2,6,8,5,1,2,6,9,6,5,14,0.357,2,6,0.333,7,8,0.875,2,4,6,3,1,1,7,5,-6
0022200033,2022-10-22,2022-23,regular_season,False,1610612749,MIL,Milwaukee Bucks,1610612745,HOU,Houston Rockets,26,25,W,10,20,0.5,3,7,0.429,3,6,0.5,0,13,13,4,1,3,5,5,1,8,26,0.308,4,9,0.444,5,6,0.833,4,11,15,3,3,2,2,7,-1
0022200031,2022-10-22,2022-23,regular_season,False,1610612748,MIA,Miami Heat,1610612761,TOR,Toronto Raptors,33,17,W,11,23,0.478,3,11,0.273,8,9,0.889,3,13,16,7,0,0,2,4,16,7,23,0.304,3,13,0.231,0,1,0.0,1,8,9,3,2,2,2,10,-16
0022200030,2022-10-22,2022-23,regular_season,False,1610612753,ORL,Orlando Magic,1610612738,BOS,Boston Celtics,35,32,W,12,21,0.571,4,7,0.571,7,9,0.778,1,9,10,3,1,4,2,7,3,10,24,0.417,6,12,0.5,6,8,0.75,3,7,10,6,1,1,2,7,-3
0022200029,2022-10-22,2022-23,regular_season,False,1610612754,IND,Indiana Pacers,1610612765,DET,Detroit Pistons,27,21,W,11,31,0.355,5,13,0.385,0,2,0.0,4,15,19,9,0,8,1,5,6,7,27,0.259,3,8,0.375,4,6,0.667,4,13,17,5,1,0,2,3,-6
0022200028,2022-10-22,2022-23,regular_season,False,1610612755,PHI,Philadelphia 76ers,1610612759,SAS,San Antonio Spurs,26,35,L,6,20,0.3,3,9,0.333,11,15,0.733,4,7,11,3,1,2,4,3,-9,14,24,0.583,5,9,0.556,2,2,1.0,0,8,8,9,3,3,3,9,9
0022200032,2022-10-22,2022-23,regular_season,False,1610612741,CHI,Chicago Bulls,1610612739,CLE,Cleveland Cavaliers,29,36,L,9,20,0.45,2,5,0.4,9,10,0.9,2,5,7,4,4,1,2,3,-7,14,22,0.636,5,8,0.625,3,3,1.0,1,10,11,13,2,0,5,7,7
0022200041,2022-10-23,2022-23,regular_season,False,1610612760,OKC,Oklahoma City Thunder,1610612750,MIN,Minnesota Timberwolves,26,22,W,10,25,0.4,2,14,0.143,4,4,1.0,2,8,10,6,3,1,3,7,4,6,18,0.333,1,7,0.143,9,12,0.75,5,10,15,4,3,0,7,5,-4
0022200043,2022-10-23,2022-23,regular_season,False,1610612746,LAC,LA Clippers,1610612756,PHX,Phoenix Suns,23,28,L,8,19,0.421,0,5,0.0,7,8,0.875,5,7,12,3,3,0,6,5,-5,10,25,0.4,5,13,0.385,3,3,1.0,6,7,13,9,2,0,4,6,5
0022200040,2022-10-23,2022-23,regular_season,False,1610612740,NOP,New Orleans Pelicans,1610612762,UTA,Utah Jazz,29,37,L,11,29,0.379,2,7,0.286,5,6,0.833,6,6,12,8,2,3,3,10,-8,11,24,0.458,3,8,0.375,12,14,0.857,5,9,14,10,3,1,3,5,8
0022200042,2022-10-23,2022-23,regular_season,False,1610612744,GSW,Golden State Warriors,1610612758,SAC,Sacramento Kings,50,35,W,18,24,0.75,7,11,0.636,7,9,0.778,1,4,5,9,3,3,2,7,15,11,21,0.524,3,8,0.375,10,12,0.833,2,6,8,8,2,0,7,9,-15
0022200038,2022-10-23,2022-23,regular_season,False,1610612737,ATL,Atlanta Hawks,1610612766,CHA,Charlotte Hornets,25,37,L,6,17,0.353,1,6,0.167,12,14,0.857,1,6,7,4,2,6,3,2,-12,16,28,0.571,4,9,0.444,1,2,0.5,5,11,16,8,2,0,2,10,12
0022200037,2022-10-23,2022-23,regular_season,False,1610612747,LAL,Los Angeles Lakers,1610612757,POR,Portland Trail Blazers,24,23,W,8,24,0.333,0,9,0.0,8,10,0.8,3,8,11,6,2,1,1,5,1,8,20,0.4,2,7,0.286,5,6,0.833,3,11,14,6,0,1,4,7,-1
0022200039,2022-10-23,2022-23,regular_season,False,1610612739,CLE,Cleveland Cavaliers,1610612764,WAS,Washington Wizards,27,20,W,10,21,0.476,2,8,0.25,5,7,0.714,2,11,13,3,1,2,1,3,7,8,22,0.364,2,8,0.25,2,3,0.667,0,9,9,5,1,1,2,3,-7
0022200051,2022-10-24,2022-23,regular_season,False,1610612757,POR,Portland Trail Blazers,1610612743,DEN,Denver Nuggets,32,30,W,12,21,0.571,3,6,0.5,5,5,1.0,3,10,13,4,0,1,5,7,2,12,22,0.545,3,9,0.333,3,7,0.429,2,5,7,7,3,1,1,6,-2
0022200049,2022-10-24,2022-23,regular_season,False,1610612763,MEM,Memphis Grizzlies,1610612751,BKN,Brooklyn Nets,25,35,L,8,25,0.32,2,8,0.25,7,11,0.636,4,5,9,5,4,1,3,5,-10,14,20,0.7,3,6,0.5,4,5,0.8,1,10,11,10,3,3,5,10,10
0022200048,2022-10-24,2022-23,regular_season,False,1610612745,HOU,Houston Rockets,1610612762,UTA,Utah Jazz,30,27,W,10,26,0.385,4,11,0.364,6,8,0.75,5,6,11,5,2,1,6,5,3,11,22,0.5,2,9,0.222,3,3,1.0,2,9,11,6,2,6,6,8,-3
0022200050,2022-10-24,2022-23,regular_season,False,1610612750,MIN,Minnesota Timberwolves,1610612759,SAS,San Antonio Spurs,29,28,W,11,23,0.478,1,8,0.125,6,7,0.857,3,13,16,5,1,1,4,3,1,12,28,0.429,2,10,0.2,2,4,0.5,4,9,13,8,3,0,2,7,-1
0022200046,2022-10-24,2022-23,regular_season,False,1610612752,NYK,New York Knicks,1610612753,ORL,Orlando Magic,31,31,W,13,25,0.52,3,8,0.375,2,3,0.667,5,8,13,7,1,1,4,6,0,12,26,0.462,3,11,0.273,4,5,0.8,5,7,12,4,2,2,2,5,0
0022200045,2022-10-24,2022-23,regular_season,False,1610612748,MIA,Miami Heat,1610612761,TOR,Toronto Raptors,20,21,L,6,24,0.25,2,9,0.222,6,6,1.0,4,11,15,6,2,0,3,4,-1,7,24,0.292,3,10,0.3,4,6,0.667,6,13,19,4,1,3,3,6,1
0022200044,2022-10-24,2022-23,regular_season,False,1610612755,PHI,Philadelphia 76ers,1610612754,IND,Indiana Pacers,31,23,W,12,22,0.545,3,10,0.3,4,4,1.0,1,8,9,8,3,2,2,5,8,9,24,0.375,2,12,0.167,3,3,1.0,4,7,11,7,1,1,4,6,-8
0022200047,2022-10-24,2022-23,regular_season,False,1610612741,CHI,Chicago Bulls,1610612738,BOS,Boston Celtics,35,15,W,11,22,0.5,2,4,0.5,11,13,0.846,4,15,19,9,0,2,1,3,20,6,26,0.231,3,16,0.188,0,0,0.0,4,6,10,4,1,3,4,10,-20
0022200052,2022-10-25,2022-23,regular_season,False,1610612764,WAS,Washington Wizards,1610612765,DET,Detroit Pistons,28,24,W,11,23,0.478,3,9,0.333,3,4,0.75,1,8,9,7,2,2,1,3,4,10,26,0.385,4,13,0.308,0,1,0.0,6,12,18,5,0,0,5,6,-4
0022200053,2022-10-25,2022-23,regular_season,False,1610612740,NOP,New Orleans Pelicans,1610612742,DAL,Dallas Mavericks,26,33,L,11,22,0.5,3,9,0.333,1,1,1.0,2,6,8,6,1,2,4,8,-7,11,19,0.579,3,7,0.429,8,11,0.727,2,8,10,5,2,1,1,2,7
0022200054,2022-10-25,2022-23,regular_season,False,1610612760,OKC,Oklahoma City Thunder,1610612746,LAC,LA Clippers,26,25,W,10,27,0.37,2,10,0.2,4,6,0.667,5,9,14,3,2,0,3,6,1,9,22,0.409,4,10,0.4,3,6,0.5,4,12,16,7,3,3,5,5,-1
0022200055,2022-10-25,2022-23,regular_season,False,1610612756,PHX,Phoenix Suns,1610612744,GSW,Golden State Warriors,35,37,L,14,26,0.538,4,6,0.667,3,4,0.75,6,7,13,9,1,2,5,3,-2,14,25,0.56,6,11,0.545,3,4,0.75,2,7,9,10,3,2,2,5,2
0022200065,2022-10-26,2022-23,regular_season,False,1610612757,POR,Portland Trail Blazers,1610612748,MIA,Miami Heat,25,33,L,8,18,0.444,3,11,0.273,6,10,0.6,3,5,8,4,2,1,5,3,-8,14,24,0.583,3,7,0.429,2,3,0.667,5,7,12,9,2,0,4,9,8
0022200064,2022-10-26,2022-23,regular_season,False,1610612743,DEN,Denver Nuggets,1610612747,LAL,Los Angeles Lakers,28,32,L,8,21,0.381,3,11,0.273,9,11,0.818,2,9,11,6,1,0,2,4,-4,14,25,0.56,2,7,0.286,2,4,0.5,1,10,11,9,2,1,2,8,4
0022200063,2022-10-26,2022-23,regular_season,False,1610612762,UTA,Utah Jazz,1610612745,HOU,Houston Rockets,39,28,W,14,24,0.583,6,10,0.6,5,9,0.556,5,6,11,12,5,0,4,7,11,12,22,0.545,4,11,0.364,0,1,0.0,3,5,8,8,0,0,7,8,-11
0022200061,2022-10-26,2022-23,regular_season,False,1610612741,CHI,Chicago Bulls,1610612754,IND,Indiana Pacers,38,30,W,12,20,0.6,4,7,0.571,10,11,0.909,2,10,12,10,1,1,4,6,8,12,25,0.48,3,8,0.375,3,3,1.0,1,6,7,8,1,3,3,6,-8
0022200062,2022-10-26,2022-23,regular_season,False,1610612750,MIN,Minnesota Timberwolves,1610612759,SAS,San Antonio Spurs,29,25,W,12,22,0.545,3,8,0.375,2,2,1.0,0,7,7,12,4,3,4,3,4,9,25,0.36,4,8,0.5,3,3,1.0,5,10,15,8,3,0,7,3,-4
0022200059,2022-10-26,2022-23,regular_season,False,1610612761,TOR,Toronto Raptors,1610612755,PHI,Philadelphia 76ers,28,26,W,12,24,0.5,2,10,0.2,2,2,1.0,2,9,11,7,1,1,1,7,2,9,20,0.45,2,6,0.333,6,7,0.857,1,8,9,5,0,0,3,3,-2
0022200058,2022-10-26,2022-23,regular_season,False,1610612752,NYK,New York Knicks,1610612766,CHA,Charlotte Hornets,37,32,W,14,23,0.609,4,10,0.4,5,7,0.714,2,5,7,8,2,0,3,7,5,11,20,0.55,3,7,0.429,7,11,0.636,1,8,9,6,1,1,5,6,-5
0022200057,2022-10-26,2022-23,regular_season,False,1610612765,DET,Detroit Pistons,1610612737,ATL,Atlanta Hawks,29,26,W,10,20,0.5,3,8,0.375,6,7,0.857,1,9,10,7,1,1,6,5,3,11,23,0.478,2,6,0.333,2,2,1.0,0,6,6,4,2,1,4,6,-3
0022200056,2022-10-26,2022-23,regular_season,False,1610612739,CLE,Cleveland Cavaliers,1610612753,ORL,Orlando Magic,24,26,L,10,24,0.417,3,11,0.273,1,2,0.5,4,5,9,8,1,1,5,6,-2,11,22,0.5,1,2,0.5,3,3,1.0,3,6,9,5,3,1,4,5,2
0022200060,2022-10-26,2022-23,regular_season,False,1610612749,MIL,Milwaukee Bucks,1610612751,BKN,Brooklyn Nets,18,35,L,8,20,0.4,1,9,0.111,1,2,0.5,2,5,7,6,1,6,5,4,-17,12,23,0.522,5,6,0.833,6,7,0.857,5,7,12,8,2,1,3,4,17
0022200066,2022-10-27,2022-23,regular_season,False,1610612751,BKN,Brooklyn Nets,1610612742,DAL,Dallas Mavericks,36,31,W,12,19,0.632,4,6,0.667,8,9,0.889,2,10,12,7,3,1,4,5,5,10,21,0.476,7,10,0.7,4,8,0.5,3,5,8,10,3,1,3,6,-5
0022200067,2022-10-27,2022-23,regular_season,False,1610612760,OKC,Oklahoma City Thunder,1610612746,LAC,LA Clippers,19,36,L,8,21,0.381,3,10,0.3,0,0,0.0,2,5,7,6,2,2,4,7,-17,14,23,0.609,3,9,0.333,5,6,0.833,4,11,15,7,2,1,3,3,17
0022200068,2022-10-27,2022-23,regular_season,False,1610612744,GSW,Golden State Warriors,1610612748,MIA,Miami Heat,32,29,W,11,24,0.458,4,12,0.333,6,7,0.857,3,8,11,8,0,0,1,5,3,9,24,0.375,4,13,0.308,7,8,0.875,4,8,12,7,0,2,1,4,-3
0022200069,2022-10-27,2022-23,regular_season,False,1610612758,SAC,Sacramento Kings,1610612763,MEM,Memphis Grizzlies,28,31,L,9,21,0.429,3,9,0.333,7,8,0.875,5,11,16,6,0,0,4,6,-3,11,24,0.458,5,11,0.455,4,6,0.667,3,5,8,7,2,0,1,5,3
0022200080,2022-10-28,2022-23,regular_season,False,1610612757,POR,Portland Trail Blazers,1610612745,HOU,Houston Rockets,37,35,W,14,23,0.609,6,12,0.5,3,3,1.0,2,4,6,8,3,0,4,3,2,13,22,0.591,8,13,0.615,1,1,1.0,1,6,7,11,3,0,6,4,-2
0022200079,2022-10-28,2022-23,regular_season,False,1610612756,PHX,Phoenix Suns,1610612740,NOP,New Orleans Pelicans,36,25,W,10,18,0.556,3,7,0.429,13,14,0.929,3,10,13,7,0,4,2,5,11,8,23,0.348,3,9,0.333,6,7,0.857,3,5,8,6,2,0,2,11,-11
0022200078,2022-10-28,2022-23,regular_season,False,1610612743,DEN,Denver Nuggets,1610612762,UTA,Utah Jazz,28,25,W,9,22,0.409,4,7,0.571,6,12,0.5,4,9,13,2,0,2,0,3,3,9,20,0.45,0,6,0.0,7,7,1.0,0,11,11,6,0,2,4,9,-3
0022200077,2022-10-28,2022-23,regular_season,False,1610612759,SAS,San Antonio Spurs,1610612741,CHI,Chicago Bulls,26,31,L,11,20,0.55,4,7,0.571,0,0,0.0,2,7,9,9,2,1,7,6,-5,11,27,0.407,2,9,0.222,7,7,1.0,6,5,11,5,5,1,3,2,5
0022200076,2022-10-28,2022-23,regular_season,False,1610612750,MIN,Minnesota Timberwolves,1610612747,LAL,Los Angeles Lakers,24,27,L,10,30,0.333,4,14,0.286,0,0,0.0,8,7,15,8,4,4,1,5,-3,10,22,0.455,2,5,0.4,5,7,0.714,4,11,15,6,1,1,5,2,3
0022200072,2022-10-28,2022-23,regular_season,False,1610612738,BOS,Boston Celtics,1610612739,CLE,Cleveland Cavaliers,41,29,W,14,20,0.7,6,9,0.667,7,8,0.875,1,6,7,9,1,0,3,5,12,10,24,0.417,2,9,0.222,7,8,0.875,4,4,8,4,1,0,2,5,-12
0022200074,2022-10-28,2022-23,regular_season,False,1610612764,WAS,Washington Wizards,1610612754,IND,Indiana Pacers,32,39,L,13,20,0.65,1,3,0.333,5,7,0.714,1,5,6,8,1,0,5,9,-7,11,22,0.5,2,6,0.333,15,16,0.938,3,6,9,8,1,1,2,6,7
0022200073,2022-10-28,2022-23,regular_season,False,1610612761,TOR,Toronto Raptors,1610612755,PHI,Philadelphia 76ers,22,37,L,6,16,0.375,3,7,0.429,7,11,0.636,1,6,7,5,0,1,5,3,-15,15,24,0.625,5,9,0.556,2,2,1.0,3,6,9,8,2,1,2,5,15
0022200071,2022-10-28,2022-23,regular_season,False,1610612753,ORL,Orlando Magic,1610612766,CHA,Charlotte Hornets,29,11,W,9,19,0.474,1,8,0.125,10,14,0.714,1,14,15,4,4,1,3,4,18,3,17,0.176,1,8,0.125,4,6,0.667,0,8,8,1,1,1,6,8,-18
0022200070,2022-10-28,2022-23,regular_season,False,1610612765,DET,Detroit Pistons,1610612737,ATL,Atlanta Hawks,38,34,W,11,21,0.524,3,9,0.333,13,14,0.929,4,9,13,5,0,1,2,8,4,14,26,0.538,2,8,0.25,4,6,0.667,2,5,7,8,1,2,1,10,-4
0022200075,2022-10-28,2022-23,regular_season,False,1610612749,MIL,Milwaukee Bucks,1610612752,NYK,New York Knicks,33,29,W,10,22,0.455,4,9,0.444,9,13,0.692,4,12,16,7,0,2,4,7,4,11,25,0.44,1,8,0.125,6,10,0.6,2,8,10,5,4,2,0,9,-4
0022200086,2022-10-29,2022-23,regular_season,False,1610612742,DAL,Dallas Mavericks,1610612760,OKC,Oklahoma City Thunder,26,19,W,9,24,0.375,2,10,0.2,6,7,0.857,5,11,16,6,2,1,4,7,7,6,17,0.353,0,3,0.0,7,9,0.778,1,6,7,2,3,2,4,7,-7
0022200087,2022-10-29,2022-23,regular_season,False,1610612762,UTA,Utah Jazz,1610612763,MEM,Memphis Grizzlies,38,24,W,15,21,0.714,6,11,0.545,2,2,1.0,1,8,9,10,3,1,5,6,14,11,20,0.55,1,4,0.25,1,3,0.333,2,5,7,7,3,1,7,6,-14
0022200085,2022-10-29,2022-23,regular_season,False,1610612749,MIL,Milwaukee Bucks,1610612737,ATL,Atlanta Hawks,27,21,W,10,20,0.5,5,9,0.556,2,4,0.5,3,7,10,5,3,2,2,2,6,8,19,0.421,1,3,0.333,4,4,1.0,4,6,10,4,1,1,4,2,-6
0022200082,2022-10-29,2022-23,regular_season,False,1610612766,CHA,Charlotte Hornets,1610612744,GSW,Golden State Warriors,28,27,W,9,21,0.429,1,6,0.167,9,9,1.0,5,11,16,5,1,2,3,5,1,8,23,0.348,4,13,0.308,7,8,0.875,3,7,10,7,2,1,2,8,-1
0022200083,2022-10-29,2022-23,regular_season,False,1610612751,BKN,Brooklyn Nets,1610612754,IND,Indiana Pacers,36,37,L,13,21,0.619,7,13,0.538,3,5,0.6,1,8,9,10,1,1,4,4,-1,11,23,0.478,8,12,0.667,7,7,1.0,2,8,10,9,4,0,2,3,1
0022200081,2022-10-29,2022-23,regular_season,False,1610612758,SAC,Sacramento Kings,1610612748,MIA,Miami Heat,39,26,W,15,22,0.682,6,11,0.545,3,3,1.0,0,10,10,12,0,1,2,4,13,9,22,0.409,4,7,0.571,4,4,1.0,2,6,8,3,1,0,3,3,-13
0022200084,2022-10-29,2022-23,regular_season,False,1610612741,CHI,Chicago Bulls,1610612755,PHI,Philadelphia 76ers,34,27,W,10,21,0.476,4,6,0.667,10,11,0.909,4,8,12,7,1,1,4,3,7,10,23,0.435,4,10,0.4,3,4,0.75,4,7,11,6,2,2,5,8,-7
0022200088,2022-10-30,2022-23,regular_season,False,1610612746,LAC,LA Clippers,1610612740,NOP,New Orleans Pelicans,27,34,L,11,21,0.524,3,10,0.3,2,3,0.667,3,8,11,9,2,2,6,2,-7,14,28,0.5,5,10,0.5,1,1,1.0,5,9,14,11,4,1,3,2,7
0022200089,2022-10-30,2022-23,regular_season,False,1610612738,BOS,Boston Celtics,1610612764,WAS,Washington Wizards,24,32,L,8,22,0.364,4,12,0.333,4,4,1.0,3,7,10,7,1,3,4,4,-8,13,29,0.448,1,7,0.143,5,6,0.833,8,10,18,9,3,2,3,4,8
0022200090,2022-10-30,2022-23,regular_season,False,1610612739,CLE,Cleveland Cavaliers,1610612752,NYK,New York Knicks,27,29,L,10,22,0.455,3,6,0.5,4,5,0.8,2,12,14,9,0,2,4,5,-2,11,26,0.423,2,7,0.286,5,8,0.625,4,10,14,7,3,2,1,6,2
0022200091,2022-10-30,2022-23,regular_season,False,1610612765,DET,Detroit Pistons,1610612744,GSW,Golden State Warriors,34,18,W,11,21,0.524,4,7,0.571,8,9,0.889,5,8,13,5,0,0,2,4,16,7,23,0.304,2,12,0.167,2,2,1.0,6,3,9,4,1,0,4,6,-16
0022200092,2022-10-30,2022-23,regular_season,False,1610612759,SAS,San Antonio Spurs,1610612750,MIN,Minnesota Timberwolves,31,24,W,9,17,0.529,4,9,0.444,9,14,0.643,0,10,10,8,2,3,7,8,7,8,27,0.296,0,7,0.0,8,10,0.8,8,5,13,4,5,1,4,8,-7
0022200093,2022-10-30,2022-23,regular_season,False,1610612742,DAL,Dallas Mavericks,1610612753,ORL,Orlando Magic,31,26,W,11,23,0.478,3,9,0.333,6,8,0.75,2,10,12,6,3,0,1,6,5,7,18,0.389,4,6,0.667,8,12,0.667,2,10,12,3,1,1,3,7,-5
0022200095,2022-10-30,2022-23,regular_season,False,1610612747,LAL,Los Angeles Lakers,1610612743,DEN,Denver Nuggets,29,20,W,12,26,0.462,3,9,0.333,2,2,1.0,4,10,14,9,3,2,4,5,9,7,24,0.292,1,5,0.2,5,6,0.833,5,8,13,4,3,4,5,5,-9
0022200094,2022-10-30,2022-23,regular_season,False,1610612756,PHX,Phoenix Suns,1610612745,HOU,Houston Rockets,36,32,W,14,21,0.667,1,6,0.167,7,9,0.778,4,5,9,7,3,1,4,10,4,9,22,0.409,5,10,0.5,9,12,0.75,7,5,12,5,2,0,5,8,-4
0022200102,2022-10-31,2022-23,regular_season,False,1610612746,LAC,LA Clippers,1610612745,HOU,Houston Rockets,21,29,L,9,25,0.36,2,12,0.167,1,2,0.5,3,9,12,7,1,3,6,5,-8,10,26,0.385,3,12,0.25,6,7,0.857,3,13,16,6,4,3,3,2,8
0022200096,2022-10-31,2022-23,regular_season,False,1610612766,CHA,Charlotte Hornets,1610612758,SAC,Sacramento Kings,33,28,W,14,21,0.667,3,6,0.5,2,7,0.286,1,8,9,12,2,0,2,6,5,9,18,0.5,4,10,0.4,6,7,0.857,1,8,9,5,1,0,4,6,-5
0022200097,2022-10-31,2022-23,regular_season,False,1610612764,WAS,Washington Wizards,1610612755,PHI,Philadelphia 76ers,24,22,W,10,18,0.556,2,4,0.5,2,2,1.0,3,8,11,5,2,2,7,3,2,9,21,0.429,1,7,0.143,3,3,1.0,1,5,6,3,5,1,4,3,-2
0022200098,2022-10-31,2022-23,regular_season,False,1610612751,BKN,Brooklyn Nets,1610612754,IND,Indiana Pacers,28,36,L,12,23,0.522,4,8,0.5,0,0,0.0,1,4,5,8,7,3,6,2,-8,13,22,0.591,6,12,0.5,4,5,0.8,3,8,11,7,4,1,9,5,8
0022200099,2022-10-31,2022-23,regular_season,False,1610612761,TOR,Toronto Raptors,1610612737,ATL,Atlanta Hawks,30,25,W,10,22,0.455,3,10,0.3,7,10,0.7,4,9,13,5,3,4,1,3,5,10,21,0.476,3,7,0.429,2,2,1.0,1,8,9,7,0,1,4,6,-5
0022200100,2022-10-31,2022-23,regular_season,False,1610612749,MIL,Milwaukee Bucks,1610612765,DET,Detroit Pistons,26,29,L,9,19,0.474,3,8,0.375,5,5,1.0,1,8,9,8,1,2,5,5,-3,13,26,0.5,3,8,0.375,0,1,0.0,4,9,13,7,1,0,4,4,3
0022200101,2022-10-31,2022-23,regular_season,False,1610612762,UTA,Utah Jazz,1610612763,MEM,Memphis Grizzlies,38,18,W,13,26,0.5,7,13,0.538,5,6,0.833,3,8,11,9,7,3,3,6,20,6,19,0.316,1,4,0.25,5,8,0.625,3,8,11,2,2,2,8,3,-20
0022200106,2022-11-01,2022-23,regular_season,False,1610612756,PHX,Phoenix Suns,1610612750,MIN,Minnesota Timberwolves,30,27,W,9,26,0.346,3,13,0.231,9,11,0.818,5,8,13,7,3,1,1,7,3,8,21,0.381,2,5,0.4,9,9,1.0,3,8,11,5,0,1,4,9,-3
0022200105,2022-11-01,2022-23,regular_season,False,1610612760,OKC,Oklahoma City Thunder,1610612753,ORL,Orlando Magic,30,34,L,12,29,0.414,3,11,0.273,3,4,0.75,3,5,8,6,5,2,3,4,-4,13,24,0.542,5,10,0.5,3,3,1.0,2,13,15,7,2,4,7,3,4
0022200103,2022-11-01,2022-23,regular_season,False,1610612751,BKN,Brooklyn Nets,1610612741,CHI,Chicago Bulls,31,27,W,10,21,0.476,4,9,0.444,7,7,1.0,2,6,8,8,2,1,4,7,4,9,20,0.45,3,9,0.333,6,7,0.857,4,7,11,3,1,2,4,6,-4
0022200104,2022-11-01,2022-23,regular_season,False,1610612748,MIA,Miami Heat,1610612744,GSW,Golden State Warriors,25,32,L,9,20,0.45,3,8,0.375,4,4,1.0,1,8,9,7,1,1,7,7,-7,10,22,0.455,4,14,0.286,8,10,0.8,3,9,12,8,3,1,4,5,7
0022200117,2022-11-02,2022-23,regular_season,False,1610612747,LAL,Los Angeles Lakers,1610612740,NOP,New Orleans Pelicans,33,17,W,13,21,0.619,3,9,0.333,4,4,1.0,1,15,16,11,2,4,6,2,16,7,26,0.269,0,5,0.0,3,3,1.0,4,6,10,6,5,0,5,5,-16
0022200116,2022-11-02,2022-23,regular_season,False,1610612757,POR,Portland Trail Blazers,1610612763,MEM,Memphis Grizzlies,22,22,L,8,22,0.364,2,7,0.286,4,5,0.8,4,10,14,6,2,0,6,3,0,8,19,0.421,2,5,0.4,4,5,0.8,1,9,10,5,1,0,3,5,0
0022200114,2022-11-02,2022-23,regular_season,False,1610612759,SAS,San Antonio Spurs,1610612761,TOR,Toronto Raptors,18,32,L,8,23,0.348,2,9,0.222,0,0,0.0,0,7,7,6,3,0,6,4,-14,14,25,0.56,2,5,0.4,2,2,1.0,3,14,17,5,3,2,6,4,14
0022200113,2022-11-02,2022-23,regular_season,False,1610612749,MIL,Milwaukee Bucks,1610612765,DET,Detroit Pistons,25,21,W,9,24,0.375,1,11,0.091,6,6,1.0,4,9,13,4,7,2,6,6,4,7,18,0.389,3,6,0.5,4,5,0.8,1,8,9,3,3,1,8,7,-4
0022200112,2022-11-02,2022-23,regular_season,False,1610612745,HOU,Houston Rockets,1610612746,LAC,LA Clippers,29,22,W,11,23,0.478,2,8,0.25,5,8,0.625,3,10,13,4,3,2,3,4,7,9,24,0.375,3,11,0.273,1,1,1.0,3,9,12,4,1,0,5,6,-7
0022200115,2022-11-02,2022-23,regular_season,False,1610612742,DAL,Dallas Mavericks,1610612762,UTA,Utah Jazz,24,15,W,10,24,0.417,2,12,0.167,2,6,0.333,4,8,12,4,4,1,3,3,9,7,17,0.412,0,7,0.0,1,1,1.0,1,8,9,5,1,1,7,8,-9
0022200110,2022-11-02,2022-23,regular_season,False,1610612752,NYK,New York Knicks,1610612737,ATL,Atlanta Hawks,33,36,L,12,21,0.571,4,8,0.5,5,8,0.625,2,9,11,8,0,2,4,4,-3,14,26,0.538,5,11,0.455,3,3,1.0,3,6,9,8,3,0,3,7,3
0022200109,2022-11-02,2022-23,regular_season,False,1610612748,MIA,Miami Heat,1610612758,SAC,Sacramento Kings,20,19,W,7,17,0.412,3,6,0.5,3,4,0.75,0,15,15,4,2,0,4,7,1,7,22,0.318,4,12,0.333,1,3,0.333,0,10,10,7,1,2,2,5,-1
0022200108,2022-11-02,2022-23,regular_season,False,1610612755,PHI,Philadelphia 76ers,1610612764,WAS,Washington Wizards,26,26,L,9,22,0.409,2,7,0.286,6,8,0.75,2,9,11,5,1,0,2,7,0,9,20,0.45,1,6,0.167,7,9,0.778,2,9,11,5,1,2,1,6,0
0022200107,2022-11-02,2022-23,regular_season,False,1610612739,CLE,Cleveland Cavaliers,1610612738,BOS,Boston Celtics,15,29,L,6,24,0.25,3,11,0.273,0,0,0.0,0,9,9,1,1,0,4,6,-14,10,22,0.455,3,14,0.214,6,7,0.857,3,17,20,9,2,3,4,2,14
0022200111,2022-11-02,2022-23,regular_season,False,1610612741,CHI,Chicago Bulls,1610612766,CHA,Charlotte Hornets,34,26,W,11,24,0.458,6,11,0.545,6,7,0.857,2,11,13,8,0,1,2,2,8,12,25,0.48,2,10,0.2,0,1,0.0,2,11,13,6,2,3,2,5,-8
0022200118,2022-11-03,2022-23,regular_season,False,1610612753,ORL,Orlando Magic,1610612744,GSW,Golden State Warriors,23,35,L,9,16,0.562,2,6,0.333,3,5,0.6,1,8,9,3,1,2,6,6,-12,14,27,0.519,4,9,0.444,3,6,0.5,6,6,12,8,1,0,1,6,12
0022200119,2022-11-03,2022-23,regular_season,False,1610612760,OKC,Oklahoma City Thunder,1610612743,DEN,Denver Nuggets,28,29,L,13,25,0.52,1,6,0.167,1,5,0.2,2,10,12,4,2,1,0,5,-1,10,23,0.435,3,7,0.429,6,7,0.857,4,12,16,5,0,0,3,3,1
0022200131,2022-11-04,2022-23,regular_season,False,1610612747,LAL,Los Angeles Lakers,1610612762,UTA,Utah Jazz,28,35,L,11,20,0.55,2,7,0.286,4,5,0.8,4,7,11,4,1,3,4,4,-7,14,25,0.56,5,9,0.556,2,3,0.667,4,5,9,5,1,0,1,4,7
0022200130,2022-11-04,2022-23,regular_season,False,1610612756,PHX,Phoenix Suns,1610612757,POR,Portland Trail Blazers,21,34,L,6,21,0.286,1,8,0.125,8,8,1.0,3,5,8,4,3,1,6,7,-13,13,20,0.65,3,6,0.5,5,5,1.0,2,10,12,10,1,2,6,8,13
0022200129,2022-11-04,2022-23,regular_season,False,1610612750,MIN,Minnesota Timberwolves,1610612749,MIL,Milwaukee Bucks,28,27,W,10,22,0.455,4,13,0.308,4,6,0.667,3,12,15,5,1,1,5,7,1,8,24,0.333,6,17,0.353,5,6,0.833,2,11,13,7,3,0,2,5,-1
0022200128,2022-11-04,2022-23,regular_season,False,1610612740,NOP,New Orleans Pelicans,1610612744,GSW,Golden State Warriors,35,27,W,14,18,0.778,4,7,0.571,3,4,0.75,0,7,7,8,4,0,3,4,8,10,19,0.526,4,10,0.4,3,3,1.0,1,3,4,8,1,0,4,4,-8
0022200127,2022-11-04,2022-23,regular_season,False,1610612742,DAL,Dallas Mavericks,1610612761,TOR,Toronto Raptors,31,28,W,12,21,0.571,3,9,0.333,4,6,0.667,2,7,9,9,1,1,7,4,3,9,19,0.474,3,6,0.5,7,8,0.875,1,2,3,6,3,1,3,5,-3
0022200126,2022-11-04,2022-23,regular_season,False,1610612759,SAS,San Antonio Spurs,1610612746,LAC,LA Clippers,40,26,W,16,22,0.727,7,10,0.7,1,1,1.0,0,11,11,11,1,1,4,5,14,9,22,0.409,4,12,0.333,4,6,0.667,2,4,6,7,1,1,4,4,-14
0022200124,2022-11-04,2022-23,regular_season,False,1610612738,BOS,Boston Celtics,1610612741,CHI,Chicago Bulls,37,26,W,13,21,0.619,3,8,0.375,8,8,1.0,1,7,8,7,1,0,1,4,11,11,21,0.524,2,6,0.333,2,2,1.0,3,6,9,4,1,0,4,5,-11
0022200123,2022-11-04,2022-23,regular_season,False,1610612764,WAS,Washington Wizards,1610612751,BKN,Brooklyn Nets,29,31,L,8,19,0.421,4,9,0.444,9,10,0.9,2,9,11,6,2,2,4,4,-2,12,22,0.545,5,8,0.625,2,2,1.0,1,7,8,10,3,1,2,7,2
0022200122,2022-11-04,2022-23,regular_season,False,1610612755,PHI,Philadelphia 76ers,1610612752,NYK,New York Knicks,31,37,L,10,24,0.417,3,9,0.333,8,10,0.8,2,5,7,9,5,3,5,5,-6,13,21,0.619,4,9,0.444,7,8,0.875,2,9,11,9,2,3,5,6,6
0022200121,2022-11-04,2022-23,regular_season,False,1610612754,IND,Indiana Pacers,1610612748,MIA,Miami Heat,34,21,W,11,21,0.524,6,11,0.545,6,11,0.545,1,13,14,9,0,2,2,6,13,7,23,0.304,2,12,0.167,5,5,1.0,2,8,10,3,1,1,4,10,-13
0022200120,2022-11-04,2022-23,regular_season,False,1610612765,DET,Detroit Pistons,1610612739,CLE,Cleveland Cavaliers,18,33,L,6,19,0.316,2,9,0.222,4,4,1.0,2,4,6,2,4,2,5,6,-15,14,22,0.636,3,6,0.5,2,2,1.0,3,11,14,14,1,2,4,3,15
0022200125,2022-11-04,2022-23,regular_season,False,1610612763,MEM,Memphis Grizzlies,1610612766,CHA,Charlotte Hornets,30,23,W,11,24,0.458,2,6,0.333,6,8,0.75,5,11,16,2,2,2,5,3,7,9,23,0.391,2,8,0.25,3,4,0.75,2,8,10,7,4,2,6,6,-7
0022200139,2022-11-05,2022-23,regular_season,False,1610612756,PHX,Phoenix Suns,1610612757,POR,Portland Trail Blazers,26,14,W,7,19,0.368,4,10,0.4,8,9,0.889,3,10,13,5,1,6,3,6,12,6,25,0.24,2,5,0.4,0,1,0.0,6,8,14,5,0,2,5,7,-12
0022200137,2022-11-05,2022-23,regular_season,False,1610612750,MIN,Minnesota Timberwolves,1610612745,HOU,Houston Rockets,28,15,W,10,17,0.588,5,10,0.5,3,3,1.0,0,10,10,9,4,2,8,8,13,4,20,0.2,1,8,0.125,6,8,0.75,1,4,5,1,3,0,8,4,-13
0022200136,2022-11-05,2022-23,regular_season,False,1610612749,MIL,Milwaukee Bucks,1610612760,OKC,Oklahoma City Thunder,33,19,W,10,23,0.435,3,9,0.333,10,12,0.833,5,12,17,6,1,0,3,4,14,7,21,0.333,2,7,0.286,3,7,0.429,1,7,8,3,1,1,4,9,-14
0022200138,2022-11-05,2022-23,regular_season,False,1610612743,DEN,Denver Nuggets,1610612759,SAS,San Antonio Spurs,30,24,W,14,24,0.583,0,3,0.0,2,3,0.667,4,9,13,8,3,0,3,6,6,9,21,0.429,3,9,0.333,3,6,0.5,4,5,9,6,1,1,4,3,-6
0022200134,2022-11-05,2022-23,regular_season,False,1610612737,ATL,Atlanta Hawks,1610612740,NOP,New Orleans Pelicans,31,24,W,13,23,0.565,3,10,0.3,2,3,0.667,3,11,14,9,5,2,6,3,7,10,21,0.476,1,5,0.2,3,3,1.0,0,7,7,4,2,1,6,5,-7
0022200133,2022-11-05,2022-23,regular_season,False,1610612766,CHA,Charlotte Hornets,1610612751,BKN,Brooklyn Nets,23,22,W,9,22,0.409,4,8,0.5,1,1,1.0,3,10,13,7,0,1,8,5,1,7,19,0.368,4,10,0.4,4,4,1.0,0,7,7,5,3,3,4,5,-1
0022200132,2022-11-05,2022-23,regular_season,False,1610612753,ORL,Orlando Magic,1610612758,SAC,Sacramento Kings,32,22,W,12,22,0.545,1,7,0.143,7,7,1.0,3,12,15,6,2,1,2,4,10,10,23,0.435,2,8,0.25,0,3,0.0,2,6,8,5,0,2,3,7,-10
0022200135,2022-11-05,2022-23,regular_season,False,1610612752,NYK,New York Knicks,1610612738,BOS,Boston Celtics,37,35,W,12,22,0.545,4,7,0.571,9,10,0.9,5,6,11,7,0,1,4,3,2,14,24,0.583,5,12,0.417,2,2,1.0,4,6,10,9,2,0,4,6,-2
0022200140,2022-11-06,2022-23,regular_season,False,1610612747,LAL,Los Angeles Lakers,1610612739,CLE,Cleveland Cavaliers,28,28,L,10,22,0.455,1,5,0.2,7,10,0.7,4,10,14,5,1,1,3,8,0,8,21,0.381,2,10,0.2,10,12,0.833,2,8,10,4,1,2,1,8,0
0022200141,2022-11-06,2022-23,regular_season,False,1610612761,TOR,Toronto Raptors,1610612741,CHI,Chicago Bulls,34,19,W,13,22,0.591,4,9,0.444,4,6,0.667,5,8,13,8,3,1,2,4,15,7,16,0.438,3,8,0.375,2,4,0.5,2,3,5,5,1,1,6,6,-15
0022200142,2022-11-06,2022-23,regular_season,False,1610612763,MEM,Memphis Grizzlies,1610612764,WAS,Washington Wizards,33,18,W,13,27,0.481,5,12,0.417,2,2,1.0,4,11,15,8,4,0,0,3,15,8,22,0.364,2,11,0.182,0,1,0.0,4,6,10,5,0,0,4,4,-15
0022200143,2022-11-06,2022-23,regular_season,False,1610612746,LAC,LA Clippers,1610612762,UTA,Utah Jazz,27,34,L,11,22,0.5,3,8,0.375,2,4,0.5,0,5,5,8,2,0,4,9,-7,11,20,0.55,4,11,0.364,8,8,1.0,2,8,10,5,0,2,3,5,7
0022200153,2022-11-07,2022-23,regular_season,False,1610612750,MIN,Minnesota Timberwolves,1610612752,NYK,New York Knicks,23,38,L,7,19,0.368,1,11,0.091,8,9,0.889,0,10,10,6,1,1,5,6,-15,13,23,0.565,3,10,0.3,9,10,0.9,1,10,11,7,4,0,3,8,15
0022200157,2022-11-07,2022-23,regular_season,False,1610612762,UTA,Utah Jazz,1610612747,LAL,Los Angeles Lakers,34,37,L,14,27,0.519,2,7,0.286,4,6,0.667,3,7,10,6,2,1,4,7,-3,11,20,0.55,3,6,0.5,12,12,1.0,1,7,8,7,3,2,2,5,3
0022200158,2022-11-07,2022-23,regular_season,False,1610612746,LAC,LA Clippers,1610612739,CLE,Cleveland Cavaliers,33,27,W,14,22,0.636,3,5,0.6,2,2,1.0,2,5,7,5,3,0,3,7,6,9,18,0.5,4,6,0.667,5,6,0.833,3,5,8,6,2,0,6,4,-6
0022200156,2022-11-07,2022-23,regular_season,False,1610612744,GSW,Golden State Warriors,1610612758,SAC,Sacramento Kings,26,36,L,9,21,0.429,2,9,0.222,6,8,0.75,0,8,8,5,1,2,2,9,-10,9,21,0.429,4,11,0.364,14,15,0.933,3,12,15,7,0,0,3,7,10
0022200155,2022-11-07,2022-23,regular_season,False,1610612742,DAL,Dallas Mavericks,1610612751,BKN,Brooklyn Nets,24,16,W,10,20,0.5,3,7,0.429,1,2,0.5,3,11,14,6,2,2,3,4,8,4,19,0.211,2,6,0.333,6,7,0.857,2,6,8,3,2,0,3,4,-8
0022200154,2022-11-07,2022-23,regular_season,False,1610612759,SAS,San Antonio Spurs,1610612743,DEN,Denver Nuggets,34,37,L,12,21,0.571,2,7,0.286,8,11,0.727,2,10,12,9,3,0,6,7,-3,13,21,0.619,4,6,0.667,7,13,0.538,1,8,9,9,4,0,5,7,3
0022200152,2022-11-07,2022-23,regular_season,False,1610612763,MEM,Memphis Grizzlies,1610612738,BOS,Boston Celtics,20,37,L,6,24,0.25,4,15,0.267,4,5,0.8,4,7,11,5,1,0,3,5,-17,13,22,0.591,6,13,0.462,5,7,0.714,3,14,17,11,1,1,2,4,17
0022200145,2022-11-07,2022-23,regular_season,False,1610612753,ORL,Orlando Magic,1610612745,HOU,Houston Rockets,35,38,L,11,16,0.688,2,2,1.0,11,13,0.846,3,5,8,5,1,0,5,8,-3,14,25,0.56,5,12,0.417,5,6,0.833,6,4,10,10,3,0,6,9,3
0022200150,2022-11-07,2022-23,regular_season,False,1610612748,MIA,Miami Heat,1610612757,POR,Portland Trail Blazers,32,25,W,14,22,0.636,4,10,0.4,0,2,0.0,2,5,7,9,6,0,4,2,7,9,17,0.529,5,12,0.417,2,2,1.0,2,8,10,8,4,0,9,5,-7
0022200149,2022-11-07,2022-23,regular_season,False,1610612737,ATL,Atlanta Hawks,1610612749,MIL,Milwaukee Bucks,27,22,W,12,27,0.444,2,8,0.25,1,1,1.0,3,11,14,5,1,0,2,5,5,7,20,0.35,3,12,0.25,5,6,0.833,0,9,9,5,2,1,4,4,-5
0022200148,2022-11-07,2022-23,regular_season,False,1610612755,PHI,Philadelphia 76ers,1610612756,PHX,Phoenix Suns,23,27,L,7,22,0.318,2,10,0.2,7,8,0.875,3,9,12,5,2,3,3,7,-4,9,20,0.45,2,6,0.333,7,7,1.0,1,12,13,4,1,0,2,6,4
0022200147,2022-11-07,2022-23,regular_season,False,1610612754,IND,Indiana Pacers,1610612740,NOP,New Orleans Pelicans,26,25,W,8,19,0.421,4,13,0.308,6,6,1.0,3,10,13,7,0,2,6,5,1,11,24,0.458,3,9,0.333,0,0,0.0,3,7,10,7,1,1,2,4,-1
0022200146,2022-11-07,2022-23,regular_season,False,1610612765,DET,Detroit Pistons,1610612760,OKC,Oklahoma City Thunder,20,30,L,7,22,0.318,2,9,0.222,4,4,1.0,2,11,13,3,1,3,6,7,-10,12,27,0.444,3,9,0.333,3,5,0.6,4,10,14,7,2,3,1,5,10
0022200144,2022-11-07,2022-23,regular_season,False,1610612766,CHA,Charlotte Hornets,1610612764,WAS,Washington Wizards,30,20,W,12,22,0.545,1,7,0.143,5,7,0.714,3,9,12,9,2,2,3,5,10,7,20,0.35,1,7,0.143,5,8,0.625,3,6,9,5,1,1,3,8,-10
0022200151,2022-11-07,2022-23,regular_season,False,1610612741,CHI,Chicago Bulls,1610612761,TOR,Toronto Raptors,28,26,W,11,23,0.478,2,7,0.286,4,4,1.0,1,9,10,9,1,5,4,4,2,11,24,0.458,2,8,0.25,2,2,1.0,1,9,10,9,2,3,3,4,-2
0022200167,2022-11-09,2022-23,regular_season,False,1610612750,MIN,Minnesota Timberwolves,1610612756,PHX,Phoenix Suns,26,30,L,10,20,0.5,1,8,0.125,5,6,0.833,0,7,7,6,3,0,5,3,-4,13,25,0.52,4,15,0.267,0,0,0.0,3,9,12,10,2,1,5,5,4
0022200171,2022-11-09,2022-23,regular_season,False,1610612758,SAC,Sacramento Kings,1610612739,CLE,Cleveland Cavaliers,35,29,W,12,21,0.571,7,12,0.583,4,7,0.571,0,6,6,9,3,2,1,5,6,12,26,0.462,1,6,0.167,4,4,1.0,5,7,12,5,1,0,3,5,-6
0022200170,2022-11-09,2022-23,regular_season,False,1610612746,LAC,LA Clippers,1610612747,LAL,Los Angeles Lakers,16,31,L,4,16,0.25,0,6,0.0,8,11,0.727,3,5,8,2,0,1,5,9,-15,12,20,0.6,3,7,0.429,4,6,0.667,2,11,13,6,2,1,2,7,15
0022200169,2022-11-09,2022-23,regular_season,False,1610612759,SAS,San Antonio Spurs,1610612763,MEM,Memphis Grizzlies,27,28,L,11,20,0.55,3,5,0.6,2,4,0.5,2,6,8,7,1,1,5,2,-1,12,24,0.5,4,6,0.667,0,0,0.0,5,6,11,6,1,0,5,5,1
0022200168,2022-11-09,2022-23,regular_season,False,1610612760,OKC,Oklahoma City Thunder,1610612749,MIL,Milwaukee Bucks,28,28,L,10,24,0.417,6,13,0.462,2,5,0.4,3,8,11,8,0,5,2,5,0,11,25,0.44,1,6,0.167,5,6,0.833,3,11,14,3,2,2,2,8,0
0022200166,2022-11-09,2022-23,regular_season,False,1610612741,CHI,Chicago Bulls,1610612740,NOP,New Orleans Pelicans,28,30,L,11,20,0.55,3,9,0.333,3,4,0.75,1,5,6,6,2,2,4,5,-2,10,19,0.526,2,6,0.333,8,9,0.889,2,9,11,9,2,1,3,2,2
0022200165,2022-11-09,2022-23,regular_season,False,1610612761,TOR,Toronto Raptors,1610612745,HOU,Houston Rockets,28,17,W,11,32,0.344,4,14,0.286,2,3,0.667,9,11,20,6,1,3,4,8,11,4,21,0.19,1,13,0.077,8,10,0.8,3,8,11,4,2,3,3,3,-11
0022200164,2022-11-09,2022-23,regular_season,False,1610612751,BKN,Brooklyn Nets,1610612752,NYK,New York Knicks,31,22,W,11,22,0.5,4,7,0.571,5,7,0.714,3,11,14,7,3,1,3,6,9,8,22,0.364,2,9,0.222,4,6,0.667,3,9,12,6,1,0,5,5,-9
0022200163,2022-11-09,2022-23,regular_season,False,1610612738,BOS,Boston Celtics,1610612765,DET,Detroit Pistons,34,28,W,14,20,0.7,4,8,0.5,2,5,0.4,1,9,10,9,0,0,2,5,6,10,22,0.455,3,11,0.273,5,7,0.714,2,6,8,6,2,0,1,3,-6
0022200162,2022-11-09,2022-23,regular_season,False,1610612737,ATL,Atlanta Hawks,1610612762,UTA,Utah Jazz,32,37,L,14,27,0.519,2,8,0.25,2,4,0.5,4,8,12,10,1,0,4,2,-5,14,24,0.583,7,12,0.583,2,3,0.667,3,8,11,8,3,2,4,5,5
0022200161,2022-11-09,2022-23,regular_season,False,1610612753,ORL,Orlando Magic,1610612742,DAL,Dallas Mavericks,26,26,W,11,22,0.5,4,9,0.444,0,0,0.0,2,8,10,6,0,1,4,6,0,10,19,0.526,3,9,0.333,3,6,0.5,0,7,7,7,3,0,2,1,0
0022200160,2022-11-09,2022-23,regular_season,False,1610612754,IND,Indiana Pacers,1610612743,DEN,Denver Nuggets,43,21,W,16,25,0.64,5,10,0.5,6,8,0.75,3,11,14,10,2,1,2,5,22,8,20,0.4,2,9,0.222,3,4,0.75,1,5,6,4,1,1,5,5,-22
0022200159,2022-11-09,2022-23,regular_season,False,1610612766,CHA,Charlotte Hornets,1610612757,POR,Portland Trail Blazers,23,33,L,7,25,0.28,2,10,0.2,7,12,0.583,7,5,12,5,3,1,2,5,-10,13,20,0.65,5,11,0.455,2,5,0.4,1,12,13,8,1,1,5,6,10
0022200172,2022-11-10,2022-23,regular_season,False,1610612764,WAS,Washington Wizards,1610612742,DAL,Dallas Mavericks,30,27,W,11,20,0.55,1,4,0.25,7,7,1.0,1,10,11,8,2,2,5,6,3,10,23,0.435,4,15,0.267,3,6,0.5,2,8,10,6,3,0,4,4,-3
0022200173,2022-11-10,2022-23,regular_season,False,1610612737,ATL,Atlanta Hawks,1610612755,PHI,Philadelphia 76ers,17,22,L,7,22,0.318,1,7,0.143,2,2,1.0,1,9,10,5,1,0,3,2,-5,9,22,0.409,1,6,0.167,3,3,1.0,3,13,16,5,1,3,4,4,5
0022200174,2022-11-10,2022-23,regular_season,False,1610612748,MIA,Miami Heat,1610612766,CHA,Charlotte Hornets,26,23,W,11,21,0.524,1,8,0.125,3,4,0.75,0,10,10,5,4,1,2,5,3,7,18,0.389,4,7,0.571,5,6,0.833,1,9,10,4,1,0,6,5,-3
0022200175,2022-11-10,2022-23,regular_season,False,1610612740,NOP,New Orleans Pelicans,1610612757,POR,Portland Trail Blazers,30,24,W,10,23,0.435,3,9,0.333,7,8,0.875,2,12,14,7,1,1,2,5,6,8,22,0.364,2,10,0.2,6,7,0.857,2,11,13,5,2,1,2,4,-6
0022200183,2022-11-11,2022-23,regular_season,False,1610612747,LAL,Los Angeles Lakers,1610612758,SAC,Sacramento Kings,37,33,W,13,21,0.619,4,7,0.571,7,10,0.7,3,9,12,6,5,0,5,5,4,12,22,0.545,5,10,0.5,4,5,0.8,1,6,7,7,4,0,6,5,-4
0022200182,2022-11-11,2022-23,regular_season,False,1610612744,GSW,Golden State Warriors,1610612739,CLE,Cleveland Cavaliers,23,27,L,9,21,0.429,3,11,0.273,2,2,1.0,2,11,13,7,1,1,3,8,-4,9,26,0.346,3,9,0.333,6,8,0.75,6,9,15,6,1,1,2,3,4
0022200181,2022-11-11,2022-23,regular_season,False,1610612763,MEM,Memphis Grizzlies,1610612750,MIN,Minnesota Timberwolves,39,33,W,15,25,0.6,4,7,0.571,5,10,0.5,6,7,13,9,2,0,3,5,6,11,19,0.579,6,12,0.5,5,6,0.833,0,4,4,8,2,2,2,8,-6
0022200180,2022-11-11,2022-23,regular_season,False,1610612759,SAS,San Antonio Spurs,1610612749,MIL,Milwaukee Bucks,23,19,W,9,16,0.562,2,5,0.4,3,5,0.6,1,13,14,6,0,4,7,6,4,5,24,0.208,3,14,0.214,6,8,0.75,5,7,12,5,3,0,4,4,-4
0022200176,2022-11-11,2022-23,regular_season,False,1610612738,BOS,Boston Celtics,1610612743,DEN,Denver Nuggets,33,32,W,13,25,0.52,6,12,0.5,1,1,1.0,7,7,14,8,1,1,3,6,1,12,25,0.48,3,8,0.375,5,5,1.0,5,5,10,8,1,0,1,2,-1
0022200178,2022-11-11,2022-23,regular_season,False,1610612752,NYK,New York Knicks,1610612765,DET,Detroit Pistons,38,32,W,12,27,0.444,6,16,0.375,8,8,1.0,5,9,14,9,2,2,1,12,6,9,23,0.391,1,7,0.143,13,16,0.812,4,7,11,5,1,1,2,5,-6
0022200177,2022-11-11,2022-23,regular_season,False,1610612753,ORL,Orlando Magic,1610612756,PHX,Phoenix Suns,28,29,L,12,20,0.6,4,10,0.4,0,0,0.0,0,9,9,5,0,2,3,3,-1,11,24,0.458,6,14,0.429,1,1,1.0,3,8,11,8,1,0,3,2,1
0022200179,2022-11-11,2022-23,regular_season,False,1610612760,OKC,Oklahoma City Thunder,1610612761,TOR,Toronto Raptors,41,32,W,17,27,0.63,2,7,0.286,5,5,1.0,5,7,12,10,3,1,3,8,9,9,22,0.409,4,8,0.5,10,12,0.833,4,4,8,5,3,1,3,6,-9
0022200189,2022-11-12,2022-23,regular_season,False,1610612748,MIA,Miami Heat,1610612766,CHA,Charlotte Hornets,23,26,L,8,24,0.333,1,10,0.1,6,7,0.857,1,10,11,2,2,2,2,7,-3,9,21,0.429,2,7,0.286,6,6,1.0,0,15,15,7,0,1,4,7,3
0022200191,2022-11-12,2022-23,regular_season,False,1610612740,NOP,New Orleans Pelicans,1610612745,HOU,Houston Rockets,29,24,W,10,23,0.435,2,8,0.25,7,9,0.778,4,7,11,6,1,0,3,9,5,8,20,0.4,2,8,0.25,6,9,0.667,3,10,13,4,1,1,4,7,-5
0022200190,2022-11-12,2022-23,regular_season,False,1610612742,DAL,Dallas Mavericks,1610612757,POR,Portland Trail Blazers,24,32,L,8,20,0.4,3,12,0.25,5,7,0.714,3,6,9,5,3,1,5,7,-8,10,18,0.556,4,6,0.667,8,10,0.8,2,10,12,6,4,0,5,6,8
0022200188,2022-11-12,2022-23,regular_season,False,1610612755,PHI,Philadelphia 76ers,1610612737,ATL,Atlanta Hawks,30,27,W,12,22,0.545,2,7,0.286,4,5,0.8,0,6,6,5,3,2,3,8,3,10,20,0.5,1,4,0.25,6,6,1.0,2,6,8,4,1,0,5,3,-3
0022200186,2022-11-12,2022-23,regular_season,False,1610612765,DET,Detroit Pistons,1610612738,BOS,Boston Celtics,28,25,W,8,24,0.333,5,11,0.455,7,10,0.7,6,11,17,5,2,1,4,5,3,11,26,0.423,3,13,0.231,0,1,0.0,3,7,10,8,3,1,2,7,-3
0022200185,2022-11-12,2022-23,regular_season,False,1610612764,WAS,Washington Wizards,1610612762,UTA,Utah Jazz,33,25,W,14,23,0.609,3,7,0.429,2,3,0.667,2,8,10,5,3,1,1,2,8,9,20,0.45,6,13,0.462,1,1,1.0,2,7,9,8,0,0,6,5,-8
0022200184,2022-11-12,2022-23,regular_season,False,1610612746,LAC,LA Clippers,1610612751,BKN,Brooklyn Nets,31,30,W,11,23,0.478,4,9,0.444,5,8,0.625,4,10,14,6,0,2,5,3,1,11,22,0.5,4,10,0.4,4,4,1.0,0,9,9,7,2,1,3,8,-1
0022200187,2022-11-12,2022-23,regular_season,False,1610612754,IND,Indiana Pacers,1610612761,TOR,Toronto Raptors,24,39,L,7,17,0.412,3,6,0.5,7,8,0.875,2,6,8,5,1,0,8,5,-15,16,24,0.667,3,3,1.0,4,5,0.8,2,6,8,6,3,3,2,7,15
0022200198,2022-11-13,2022-23,regular_season,False,1610612747,LAL,Los Angeles Lakers,1610612751,BKN,Brooklyn Nets,29,24,W,12,25,0.48,3,5,0.6,2,3,0.667,3,7,10,8,1,0,3,6,5,10,20,0.5,1,10,0.1,3,6,0.5,3,9,12,7,1,2,4,3,-5
0022200196,2022-11-13,2022-23,regular_season,False,1610612741,CHI,Chicago Bulls,1610612743,DEN,Denver Nuggets,27,30,L,11,22,0.5,0,6,0.0,5,5,1.0,1,7,8,7,2,1,3,6,-3,11,18,0.611,2,6,0.333,6,7,0.857,0,9,9,10,0,0,5,5,3
0022200195,2022-11-13,2022-23,regular_season,False,1610612755,PHI,Philadelphia 76ers,1610612762,UTA,Utah Jazz,25,27,L,11,24,0.458,1,5,0.2,2,2,1.0,3,10,13,5,3,4,3,7,-2,9,23,0.391,4,12,0.333,5,13,0.385,4,9,13,5,1,3,4,1,2
0022200197,2022-11-13,2022-23,regular_season,False,1610612758,SAC,Sacramento Kings,1610612744,GSW,Golden State Warriors,38,23,W,13,23,0.565,4,9,0.444,8,11,0.727,2,9,11,8,5,0,4,2,15,9,21,0.429,2,10,0.2,3,4,0.75,3,8,11,6,1,1,8,8,-15
0022200193,2022-11-13,2022-23,regular_season,False,1610612739,CLE,Cleveland Cavaliers,1610612750,MIN,Minnesota Timberwolves,30,27,W,10,21,0.476,5,7,0.714,5,9,0.556,1,6,7,7,2,1,3,4,3,11,19,0.579,2,5,0.4,3,4,0.75,1,10,11,6,1,1,5,8,-3
0022200192,2022-11-13,2022-23,regular_season,False,1610612752,NYK,New York Knicks,1610612760,OKC,Oklahoma City Thunder,25,43,L,6,20,0.3,1,7,0.143,12,12,1.0,4,6,10,1,3,0,6,5,-18,17,24,0.708,8,11,0.727,1,1,1.0,0,9,9,11,4,1,4,9,18
0022200194,2022-11-13,2022-23,regular_season,False,1610612764,WAS,Washington Wizards,1610612763,MEM,Memphis Grizzlies,32,32,W,11,22,0.5,8,11,0.727,2,4,0.5,1,8,9,9,1,1,3,6,0,13,27,0.481,5,9,0.556,1,2,0.5,4,10,14,10,2,2,5,4,0
0022200204,2022-11-14,2022-23,regular_season,False,1610612749,MIL,Milwaukee Bucks,1610612737,ATL,Atlanta Hawks,26,34,L,6,14,0.429,2,6,0.333,12,18,0.667,0,8,8,6,2,1,5,7,-8,13,24,0.542,2,3,0.667,6,6,1.0,2,7,9,6,2,2,4,9,8
0022200199,2022-11-14,2022-23,regular_season,False,1610612765,DET,Detroit Pistons,1610612761,TOR,Toronto Raptors,28,31,L,9,18,0.5,3,6,0.5,7,11,0.636,3,7,10,5,0,0,4,2,-3,13,25,0.52,3,11,0.273,2,2,1.0,3,9,12,11,0,1,2,8,3
0022200200,2022-11-14,2022-23,regular_season,False,1610612753,ORL,Orlando Magic,1610612766,CHA,Charlotte Hornets,22,27,L,9,19,0.474,1,4,0.25,3,6,0.5,5,6,11,4,1,2,7,6,-5,11,21,0.524,0,6,0.0,5,6,0.833,2,6,8,6,5,1,4,5,5
0022200201,2022-11-14,2022-23,regular_season,False,1610612738,BOS,Boston Celtics,1610612760,OKC,Oklahoma City Thunder,30,34,L,10,21,0.476,3,8,0.375,7,7,1.0,1,8,9,7,3,1,6,8,-4,12,27,0.444,3,9,0.333,7,8,0.875,6,9,15,10,3,1,4,4,4
0022200202,2022-11-14,2022-23,regular_season,False,1610612748,MIA,Miami Heat,1610612756,PHX,Phoenix Suns,23,26,L,9,21,0.429,2,8,0.25,3,5,0.6,3,8,11,6,0,1,4,0,-3,11,23,0.478,4,12,0.333,0,0,0.0,2,9,11,4,3,0,3,4,3
0022200203,2022-11-14,2022-23,regular_season,False,1610612745,HOU,Houston Rockets,1610612746,LAC,LA Clippers,23,27,L,7,19,0.368,0,3,0.0,9,15,0.6,4,9,13,3,3,1,7,5,-4,8,18,0.444,4,10,0.4,7,9,0.778,2,9,11,3,5,1,5,10,4
0022200205,2022-11-14,2022-23,regular_season,False,1610612744,GSW,Golden State Warriors,1610612759,SAS,San Antonio Spurs,28,19,W,11,22,0.5,4,12,0.333,2,2,1.0,0,11,11,8,2,0,3,6,9,7,23,0.304,2,8,0.25,3,5,0.6,5,8,13,4,2,1,5,5,-9
0022200210,2022-11-15,2022-23,regular_season,False,1610612758,SAC,Sacramento Kings,1610612751,BKN,Brooklyn Nets,37,24,W,13,22,0.591,4,9,0.444,7,9,0.778,1,9,10,9,5,3,4,6,13,7,19,0.368,2,4,0.5,8,8,1.0,1,9,10,4,1,1,8,6,-13
0022200209,2022-11-15,2022-23,regular_season,False,1610612757,POR,Portland Trail Blazers,1610612759,SAS,San Antonio Spurs,32,27,W,12,23,0.522,5,9,0.556,3,6,0.5,5,7,12,5,1,1,4,5,5,12,20,0.6,3,6,0.5,0,2,0.0,2,4,6,11,1,1,6,8,-5
0022200208,2022-11-15,2022-23,regular_season,False,1610612762,UTA,Utah Jazz,1610612752,NYK,New York Knicks,31,38,L,9,19,0.474,3,8,0.375,10,12,0.833,5,6,11,6,5,1,7,8,-7,15,26,0.577,3,6,0.5,5,5,1.0,4,5,9,10,2,1,5,8,7
0022200207,2022-11-15,2022-23,regular_season,False,1610612742,DAL,Dallas Mavericks,1610612746,LAC,LA Clippers,24,17,W,7,17,0.412,4,10,0.4,6,8,0.75,2,6,8,6,2,1,4,5,7,6,13,0.462,4,7,0.571,1,2,0.5,0,7,7,4,3,0,8,7,-7
0022200206,2022-11-15,2022-23,regular_season,False,1610612740,NOP,New Orleans Pelicans,1610612763,MEM,Memphis Grizzlies,27,25,W,11,25,0.44,4,10,0.4,1,2,0.5,1,9,10,7,0,0,1,3,2,10,19,0.526,3,8,0.375,2,3,0.667,1,12,13,6,1,2,4,5,-2
0022200220,2022-11-16,2022-23,regular_season,False,1610612756,PHX,Phoenix Suns,1610612744,GSW,Golden State Warriors,36,32,W,13,20,0.65,5,6,0.833,5,7,0.714,2,6,8,7,2,2,4,6,4,12,20,0.6,4,6,0.667,4,4,1.0,2,5,7,9,0,1,5,4,-4
0022200219,2022-11-16,2022-23,regular_season,False,1610612743,DEN,Denver Nuggets,1610612752,NYK,New York Knicks,27,25,W,10,23,0.435,5,12,0.417,2,2,1.0,1,7,8,4,2,2,3,9,2,8,20,0.4,1,8,0.125,8,10,0.8,2,9,11,6,3,1,3,4,-2
0022200217,2022-11-16,2022-23,regular_season,False,1610612740,NOP,New Orleans Pelicans,1610612741,CHI,Chicago Bulls,26,25,W,10,22,0.455,4,8,0.5,2,2,1.0,3,7,10,7,2,2,3,5,1,11,21,0.524,2,7,0.286,1,4,0.25,2,9,11,7,1,0,5,3,-1
0022200216,2022-11-16,2022-23,regular_season,False,1610612749,MIL,Milwaukee Bucks,1610612739,CLE,Cleveland Cavaliers,27,23,W,8,20,0.4,2,11,0.182,9,16,0.562,4,10,14,6,1,1,2,4,4,9,22,0.409,3,5,0.6,2,2,1.0,2,5,7,5,1,2,2,9,-4
0022200218,2022-11-16,2022-23,regular_season,False,1610612742,DAL,Dallas Mavericks,1610612745,HOU,Houston Rockets,23,26,L,9,25,0.36,5,13,0.385,0,0,0.0,4,4,8,6,3,0,2,4,-3,9,17,0.529,3,3,1.0,5,5,1.0,2,8,10,4,0,4,6,2,3
0022200214,2022-11-16,2022-23,regular_season,False,1610612737,ATL,Atlanta Hawks,1610612738,BOS,Boston Celtics,35,32,W,13,22,0.591,2,7,0.286,7,7,1.0,2,8,10,7,2,1,2,4,3,12,23,0.522,7,16,0.438,1,2,0.5,1,6,7,8,0,2,2,6,-3
0022200213,2022-11-16,2022-23,regular_season,False,1610612764,WAS,Washington Wizards,1610612760,OKC,Oklahoma City Thunder,30,25,W,11,23,0.478,7,10,0.7,1,1,1.0,2,7,9,11,2,1,2,5,5,8,18,0.444,4,8,0.5,5,8,0.625,3,9,12,6,1,3,4,3,-5
0022200212,2022-11-16,2022-23,regular_season,False,1610612753,ORL,Orlando Magic,1610612750,MIN,Minnesota Timberwolves,25,32,L,10,22,0.455,2,10,0.2,3,3,1.0,3,8,11,3,1,0,5,11,-7,10,20,0.5,3,10,0.3,9,11,0.818,2,7,9,7,5,1,3,3,7
0022200211,2022-11-16,2022-23,regular_season,False,1610612766,CHA,Charlotte Hornets,1610612754,IND,Indiana Pacers,36,33,W,13,24,0.542,6,9,0.667,4,5,0.8,4,10,14,10,1,1,6,8,3,12,23,0.522,3,7,0.429,6,9,0.667,1,5,6,10,3,2,2,6,-3
0022200215,2022-11-16,2022-23,regular_season,False,1610612761,TOR,Toronto Raptors,1610612748,MIA,Miami Heat,27,29,L,11,19,0.579,1,5,0.2,4,6,0.667,2,7,9,6,3,1,6,10,-2,8,14,0.571,3,7,0.429,10,12,0.833,0,4,4,4,4,1,7,5,2
0022200221,2022-11-17,2022-23,regular_season,False,1610612757,POR,Portland Trail Blazers,1610612751,BKN,Brooklyn Nets,33,29,W,10,19,0.526,6,10,0.6,7,8,0.875,1,5,6,8,2,1,4,3,4,13,21,0.619,1,6,0.167,2,2,1.0,2,7,9,11,2,2,5,5,-4
0022200222,2022-11-17,2022-23,regular_season,False,1610612758,SAC,Sacramento Kings,1610612759,SAS,San Antonio Spurs,26,28,L,10,19,0.526,2,8,0.25,4,4,1.0,2,9,11,5,1,0,4,6,-2,12,25,0.48,3,8,0.375,1,2,0.5,4,7,11,7,2,1,3,4,2
0022200223,2022-11-17,2022-23,regular_season,False,1610612746,LAC,LA Clippers,1610612765,DET,Detroit Pistons,27,27,W,9,22,0.409,4,11,0.364,5,5,1.0,3,10,13,5,0,0,5,3,0,9,24,0.375,4,13,0.308,5,6,0.833,2,7,9,7,3,1,2,5,0
0022200231,2022-11-18,2022-23,regular_season,False,1610612740,NOP,New Orleans Pelicans,1610612738,BOS,Boston Celtics,32,27,W,14,21,0.667,2,5,0.4,2,3,0.667,2,12,14,7,1,1,4,4,5,9,24,0.375,4,11,0.364,5,5,1.0,2,6,8,5,3,1,1,2,-5
0022200234,2022-11-18,2022-23,regular_season,False,1610612747,LAL,Los Angeles Lakers,1610612765,DET,Detroit Pistons,38,27,W,16,25,0.64,3,7,0.429,3,4,0.75,1,11,12,15,1,3,3,3,11,11,28,0.393,4,11,0.364,1,3,0.333,6,7,13,7,2,1,5,4,-11
0022200233,2022-11-18,2022-23,regular_season,False,1610612744,GSW,Golden State Warriors,1610612752,NYK,New York Knicks,26,31,L,8,23,0.348,4,13,0.308,6,8,0.75,2,11,13,5,3,0,4,6,-5,9,21,0.429,6,8,0.75,7,7,1.0,0,11,11,5,1,2,4,5,5
0022200232,2022-11-18,2022-23,regular_season,False,1610612762,UTA,Utah Jazz,1610612756,PHX,Phoenix Suns,32,31,W,12,22,0.545,3,7,0.429,5,8,0.625,1,4,5,6,4,0,5,9,1,8,16,0.5,1,6,0.167,14,15,0.933,3,8,11,6,2,0,9,8,-1
0022200229,2022-11-18,2022-23,regular_season,False,1610612763,MEM,Memphis Grizzlies,1610612760,OKC,Oklahoma City Thunder,30,31,L,9,22,0.409,3,9,0.333,9,12,0.75,4,9,13,6,0,1,2,4,-1,11,25,0.44,4,13,0.308,5,6,0.833,3,7,10,11,0,1,2,7,1
0022200230,2022-11-18,2022-23,regular_season,False,1610612742,DAL,Dallas Mavericks,1610612743,DEN,Denver Nuggets,44,28,W,16,22,0.727,3,6,0.5,9,9,1.0,2,10,12,10,1,1,1,4,16,11,27,0.407,3,7,0.429,3,4,0.75,5,4,9,7,1,1,3,7,-16
0022200227,2022-11-18,2022-23,regular_season,False,1610612741,CHI,Chicago Bulls,1610612753,ORL,Orlando Magic,28,29,L,10,24,0.417,1,6,0.167,7,7,1.0,5,7,12,6,1,1,2,6,-1,11,21,0.524,1,6,0.167,6,6,1.0,3,9,12,7,1,0,3,6,1
0022200226,2022-11-18,2022-23,regular_season,False,1610612755,PHI,Philadelphia 76ers,1610612749,MIL,Milwaukee Bucks,31,28,W,12,20,0.6,5,10,0.5,2,3,0.667,1,10,11,9,1,2,6,4,3,12,26,0.462,3,8,0.375,1,3,0.333,4,6,10,9,2,0,3,1,-3
0022200225,2022-11-18,2022-23,regular_season,False,1610612739,CLE,Cleveland Cavaliers,1610612766,CHA,Charlotte Hornets,30,32,L,11,20,0.55,1,7,0.143,7,8,0.875,2,5,7,4,1,2,2,9,-2,10,18,0.556,2,4,0.5,10,13,0.769,3,7,10,5,1,1,3,7,2
0022200224,2022-11-18,2022-23,regular_season,False,1610612764,WAS,Washington Wizards,1610612748,MIA,Miami Heat,24,38,L,9,26,0.346,4,14,0.286,2,3,0.667,3,6,9,7,1,0,1,8,-14,11,21,0.524,5,11,0.455,11,13,0.846,1,13,14,8,0,0,2,4,14
0022200228,2022-11-18,2022-23,regular_season,False,1610612745,HOU,Houston Rockets,1610612754,IND,Indiana Pacers,25,35,L,9,26,0.346,3,6,0.5,4,5,0.8,4,6,10,4,1,0,4,8,-10,11,21,0.524,6,13,0.462,7,9,0.778,2,9,11,11,2,3,3,4,10
0022200239,2022-11-19,2022-23,regular_season,False,1610612746,LAC,LA Clippers,1610612759,SAS,San Antonio Spurs,24,26,L,9,20,0.45,5,9,0.556,1,4,0.25,3,7,10,6,4,0,4,4,-2,12,25,0.48,2,7,0.286,0,0,0.0,5,9,14,6,1,1,4,2,2
0022200235,2022-11-19,2022-23,regular_season,False,1610612737,ATL,Atlanta Hawks,1610612761,TOR,Toronto Raptors,26,31,L,11,22,0.5,0,1,0.0,4,4,1.0,2,9,11,5,2,0,4,6,-5,13,24,0.542,1,7,0.143,4,5,0.8,2,8,10,6,2,1,4,3,5
0022200236,2022-11-19,2022-23,regular_season,False,1610612754,IND,Indiana Pacers,1610612753,ORL,Orlando Magic,29,27,W,10,25,0.4,4,10,0.4,5,8,0.625,7,10,17,7,1,2,6,3,2,12,29,0.414,2,7,0.286,1,3,0.333,5,7,12,5,4,3,3,5,-2
0022200237,2022-11-19,2022-23,regular_season,False,1610612755,PHI,Philadelphia 76ers,1610612750,MIN,Minnesota Timberwolves,28,30,L,9,18,0.5,2,7,0.286,8,9,0.889,0,7,7,3,1,0,4,2,-2,13,25,0.52,3,9,0.333,1,1,1.0,4,10,14,9,2,1,4,8,2
0022200238,2022-11-19,2022-23,regular_season,False,1610612757,POR,Portland Trail Blazers,1610612762,UTA,Utah Jazz,28,38,L,7,18,0.389,5,14,0.357,9,10,0.9,2,5,7,7,2,2,4,5,-10,13,21,0.619,5,9,0.556,7,8,0.875,1,9,10,8,1,0,2,7,10
0022200246,2022-11-20,2022-23,regular_season,False,1610612742,DAL,Dallas Mavericks,1610612743,DEN,Denver Nuggets,31,30,W,11,20,0.55,6,11,0.545,3,3,1.0,0,8,8,8,0,2,4,4,1,13,23,0.565,2,6,0.333,2,2,1.0,1,8,9,8,3,2,2,5,-1
0022200245,2022-11-20,2022-23,regular_season,False,1610612745,HOU,Houston Rockets,1610612744,GSW,Golden State Warriors,37,21,W,12,19,0.632,3,8,0.375,10,11,0.909,1,14,15,9,3,1,4,2,16,7,26,0.269,5,16,0.312,2,2,1.0,4,6,10,5,4,0,5,7,-16
0022200244,2022-11-20,2022-23,regular_season,False,1610612739,CLE,Cleveland Cavaliers,1610612748,MIA,Miami Heat,31,15,W,10,19,0.526,3,7,0.429,8,11,0.727,4,11,15,7,3,0,4,5,16,6,21,0.286,1,8,0.125,2,2,1.0,3,5,8,3,2,0,6,7,-16
0022200240,2022-11-20,2022-23,regular_season,False,1610612756,PHX,Phoenix Suns,1610612752,NYK,New York Knicks,27,31,L,10,25,0.4,2,7,0.286,5,7,0.714,7,5,12,10,0,2,3,4,-4,12,22,0.545,3,6,0.5,4,5,0.8,4,6,10,5,1,3,3,5,4
0022200242,2022-11-20,2022-23,regular_season,False,1610612758,SAC,Sacramento Kings,1610612765,DET,Detroit Pistons,30,37,L,11,20,0.55,2,9,0.222,6,8,0.75,1,8,9,7,0,0,5,4,-7,14,23,0.609,5,8,0.625,4,5,0.8,2,7,9,7,1,0,3,7,7
0022200241,2022-11-20,2022-23,regular_season,False,1610612764,WAS,Washington Wizards,1610612766,CHA,Charlotte Hornets,24,28,L,9,18,0.5,4,6,0.667,2,2,1.0,3,7,10,5,0,2,8,5,-4,12,28,0.429,2,10,0.2,2,2,1.0,6,5,11,5,1,0,2,2,4
0022200247,2022-11-20,2022-23,regular_season,False,1610612747,LAL,Los Angeles Lakers,1610612759,SAS,San Antonio Spurs,32,28,W,11,20,0.55,3,8,0.375,7,9,0.778,0,12,12,9,0,0,4,2,4,12,26,0.462,4,6,0.667,0,0,0.0,2,6,8,8,2,0,2,6,-4
0022200243,2022-11-20,2022-23,regular_season,False,1610612751,BKN,Brooklyn Nets,1610612763,MEM,Memphis Grizzlies,29,33,L,11,21,0.524,4,9,0.444,3,4,0.75,0,7,7,8,1,0,2,8,-4,11,21,0.524,6,10,0.6,5,10,0.5,1,11,12,11,2,0,2,2,4
0022200254,2022-11-21,2022-23,regular_season,False,1610612760,OKC,Oklahoma City Thunder,1610612752,NYK,New York Knicks,24,31,L,6,18,0.333,2,7,0.286,10,11,0.909,2,9,11,5,1,3,5,3,-7,14,29,0.483,1,5,0.2,2,3,0.667,5,11,16,6,5,1,1,6,7
0022200253,2022-11-21,2022-23,regular_season,False,1610612740,NOP,New Orleans Pelicans,1610612744,GSW,Golden State Warriors,30,25,W,12,20,0.6,3,10,0.3,3,5,0.6,1,7,8,6,6,2,7,6,5,8,20,0.4,2,10,0.2,7,7,1.0,2,8,10,4,3,0,9,5,-5
0022200255,2022-11-21,2022-23,regular_season,False,1610612746,LAC,LA Clippers,1610612762,UTA,Utah Jazz,32,32,W,12,24,0.5,5,9,0.556,3,4,0.75,3,9,12,9,1,0,3,4,0,12,22,0.545,4,9,0.444,4,5,0.8,2,9,11,5,3,2,2,4,0
0022200252,2022-11-21,2022-23,regular_season,False,1610612750,MIN,Minnesota Timberwolves,1610612748,MIA,Miami Heat,17,27,L,6,22,0.273,0,12,0.0,5,5,1.0,1,12,13,6,1,1,4,6,-10,8,23,0.348,6,15,0.4,5,6,0.833,0,12,12,7,3,2,2,5,10
0022200248,2022-11-21,2022-23,regular_season,False,1610612739,CLE,Cleveland Cavaliers,1610612737,ATL,Atlanta Hawks,26,33,L,9,17,0.529,2,4,0.5,6,8,0.75,1,6,7,4,3,0,6,6,-7,12,21,0.571,2,7,0.286,7,8,0.875,3,7,10,8,5,1,5,6,7
0022200250,2022-11-21,2022-23,regular_season,False,1610612741,CHI,Chicago Bulls,1610612738,BOS,Boston Celtics,35,27,W,13,22,0.591,4,7,0.571,5,5,1.0,1,11,12,9,1,0,3,3,8,11,23,0.478,3,9,0.333,2,3,0.667,1,7,8,6,1,1,2,4,-8
0022200249,2022-11-21,2022-23,regular_season,False,1610612754,IND,Indiana Pacers,1610612753,ORL,Orlando Magic,27,17,W,10,20,0.5,3,10,0.3,4,4,1.0,3,8,11,7,2,1,5,6,10,7,18,0.389,1,5,0.2,2,4,0.5,1,6,7,2,2,1,4,5,-10
0022200251,2022-11-21,2022-23,regular_season,False,1610612749,MIL,Milwaukee Bucks,1610612757,POR,Portland Trail Blazers,33,29,W,12,22,0.545,5,10,0.5,4,4,1.0,3,7,10,8,4,1,4,6,4,11,21,0.524,2,8,0.25,5,6,0.833,2,6,8,2,1,0,5,3,-4
0022200256,2022-11-22,2022-23,regular_season,False,1610612755,PHI,Philadelphia 76ers,1610612751,BKN,Brooklyn Nets,30,31,L,10,22,0.455,5,11,0.455,5,7,0.714,7,6,13,8,3,0,7,2,-1,13,22,0.591,4,9,0.444,1,2,0.5,2,5,7,8,4,3,5,6,1
0022200257,2022-11-22,2022-23,regular_season,False,1610612763,MEM,Memphis Grizzlies,1610612758,SAC,Sacramento Kings,28,36,L,11,19,0.579,0,4,0.0,6,7,0.857,3,4,7,8,3,1,6,6,-8,15,22,0.682,4,7,0.571,2,6,0.333,2,5,7,10,5,0,5,6,8
0022200258,2022-11-22,2022-23,regular_season,False,1610612743,DEN,Denver Nuggets,1610612765,DET,Detroit Pistons,28,30,L,10,22,0.455,1,5,0.2,7,13,0.538,5,6,11,7,0,2,4,5,-2,12,23,0.522,3,8,0.375,3,4,0.75,4,7,11,7,2,1,3,11,2
0022200259,2022-11-22,2022-23,regular_season,False,1610612756,PHX,Phoenix Suns,1610612747,LAL,Los Angeles Lakers,27,33,L,11,25,0.44,5,8,0.625,0,0,0.0,3,7,10,7,3,2,5,6,-6,10,20,0.5,2,5,0.4,11,11,1.0,2,10,12,5,3,2,4,1,6
0022200271,2022-11-23,2022-23,regular_season,False,1610612744,GSW,Golden State Warriors,1610612746,LAC,LA Clippers,34,18,W,14,23,0.609,3,9,0.333,3,4,0.75,1,11,12,10,2,1,2,8,16,5,17,0.294,1,6,0.167,7,10,0.7,1,7,8,1,0,0,5,3,-16
0022200270,2022-11-23,2022-23,regular_season,False,1610612762,UTA,Utah Jazz,1610612765,DET,Detroit Pistons,29,36,L,12,20,0.6,4,7,0.571,1,1,1.0,0,7,7,8,0,1,5,4,-7,15,25,0.6,3,6,0.5,3,3,1.0,2,7,9,7,2,0,1,4,7
0022200269,2022-11-23,2022-23,regular_season,False,1610612759,SAS,San Antonio Spurs,1610612740,NOP,New Orleans Pelicans,28,37,L,10,18,0.556,2,8,0.25,6,8,0.75,3,5,8,7,2,0,7,3,-9,15,23,0.652,5,9,0.556,2,3,0.667,3,4,7,10,2,1,4,6,9
0022200268,2022-11-23,2022-23,regular_season,False,1610612760,OKC,Oklahoma City Thunder,1610612743,DEN,Denver Nuggets,42,31,W,13,23,0.565,5,8,0.625,11,12,0.917,3,7,10,7,2,2,3,7,11,9,21,0.429,4,10,0.4,9,11,0.818,5,6,11,7,2,4,6,8,-11
0022200267,2022-11-23,2022-23,regular_season,False,1610612749,MIL,Milwaukee Bucks,1610612741,CHI,Chicago Bulls,29,29,L,10,25,0.4,5,15,0.333,4,4,1.0,3,9,12,7,1,0,4,2,0,10,20,0.5,6,10,0.6,3,3,1.0,0,9,9,8,3,0,3,5,0
0022200266,2022-11-23,2022-23,regular_season,False,1610612761,TOR,Toronto Raptors,1610612751,BKN,Brooklyn Nets,25,14,W,10,27,0.37,1,11,0.091,4,6,0.667,5,11,16,3,6,1,5,5,11,6,18,0.333,1,7,0.143,1,3,0.333,1,8,9,4,2,1,8,7,-11
0022200265,2022-11-23,2022-23,regular_season,False,1610612748,MIA,Miami Heat,1610612764,WAS,Washington Wizards,32,17,W,9,27,0.333,3,12,0.25,11,11,1.0,8,13,21,4,3,3,3,4,15,7,23,0.304,1,10,0.1,2,3,0.667,1,8,9,4,1,0,5,7,-15
0022200264,2022-11-23,2022-23,regular_season,False,1610612738,BOS,Boston Celtics,1610612742,DAL,Dallas Mavericks,36,26,W,11,21,0.524,7,12,0.583,7,8,0.875,1,12,13,10,1,2,4,6,10,11,21,0.524,2,8,0.25,2,4,0.5,0,6,6,3,1,0,3,6,-10
0022200263,2022-11-23,2022-23,regular_season,False,1610612737,ATL,Atlanta Hawks,1610612758,SAC,Sacramento Kings,37,31,W,15,27,0.556,3,10,0.3,4,5,0.8,3,8,11,11,3,2,1,5,6,11,21,0.524,2,6,0.333,7,8,0.875,3,8,11,9,1,0,4,5,-6
0022200262,2022-11-23,2022-23,regular_season,False,1610612754,IND,Indiana Pacers,1610612750,MIN,Minnesota Timberwolves,27,24,W,9,21,0.429,4,11,0.364,5,8,0.625,3,5,8,5,6,2,5,5,3,9,17,0.529,1,3,0.333,5,6,0.833,2,9,11,5,4,2,7,5,-3
0022200261,2022-11-23,2022-23,regular_season,False,1610612739,CLE,Cleveland Cavaliers,1610612757,POR,Portland Trail Blazers,29,27,W,11,19,0.579,6,8,0.75,1,1,1.0,2,3,5,5,4,1,6,3,2,9,17,0.529,4,8,0.5,5,5,1.0,2,6,8,9,4,2,7,3,-2
0022200260,2022-11-23,2022-23,regular_season,False,1610612766,CHA,Charlotte Hornets,1610612755,PHI,Philadelphia 76ers,32,21,W,12,22,0.545,3,7,0.429,5,7,0.714,3,10,13,8,1,0,7,6,11,8,24,0.333,0,6,0.0,5,5,1.0,4,7,11,5,5,2,4,7,-11
0022200285,2022-11-25,2022-23,regular_season,False,1610612746,LAC,LA Clippers,1610612743,DEN,Denver Nuggets,26,33,L,10,14,0.714,1,1,1.0,5,8,0.625,0,6,6,6,0,2,6,5,-7,12,24,0.5,4,7,0.571,5,5,1.0,4,4,8,9,4,1,3,6,7
0022200284,2022-11-25,2022-23,regular_season,False,1610612744,GSW,Golden State Warriors,1610612762,UTA,Utah Jazz,22,28,L,9,21,0.429,3,7,0.429,1,1,1.0,3,8,11,8,2,0,8,3,-6,11,24,0.458,2,11,0.182,4,4,1.0,5,6,11,6,4,2,5,4,6
0022200283,2022-11-25,2022-23,regular_season,False,1610612756,PHX,Phoenix Suns,1610612765,DET,Detroit Pistons,30,32,L,9,22,0.409,2,10,0.2,10,15,0.667,3,7,10,2,1,2,2,4,-2,12,24,0.5,4,7,0.571,4,4,1.0,4,9,13,7,0,1,5,10,2
0022200282,2022-11-25,2022-23,regular_season,False,1610612759,SAS,San Antonio Spurs,1610612747,LAL,Los Angeles Lakers,20,26,L,7,23,0.304,1,9,0.111,5,6,0.833,2,8,10,5,5,0,3,3,-6,11,21,0.524,2,8,0.25,2,2,1.0,1,11,12,8,2,1,6,3,6
0022200281,2022-11-25,2022-23,regular_season,False,1610612760,OKC,Oklahoma City Thunder,1610612741,CHI,Chicago Bulls,27,29,L,9,19,0.474,3,10,0.3,6,8,0.75,0,6,6,7,2,1,2,4,-2,10,18,0.556,5,7,0.714,4,6,0.667,3,9,12,8,0,0,6,5,2
0022200280,2022-11-25,2022-23,regular_season,False,1610612749,MIL,Milwaukee Bucks,1610612739,CLE,Cleveland Cavaliers,27,33,L,9,19,0.474,0,5,0.0,9,12,0.75,2,8,10,5,0,2,4,10,-6,10,23,0.435,3,11,0.273,10,12,0.833,2,8,10,4,4,2,1,6,6
0022200279,2022-11-25,2022-23,regular_season,False,1610612763,MEM,Memphis Grizzlies,1610612740,NOP,New Orleans Pelicans,24,23,W,9,25,0.36,5,12,0.417,1,2,0.5,4,6,10,5,1,0,1,5,1,8,17,0.471,1,4,0.25,6,8,0.75,2,11,13,4,0,2,3,4,-1
0022200273,2022-11-25,2022-23,regular_season,False,1610612753,ORL,Orlando Magic,1610612755,PHI,Philadelphia 76ers,27,28,L,10,20,0.5,3,10,0.3,4,5,0.8,3,6,9,5,2,2,4,5,-1,9,19,0.474,4,9,0.444,6,6,1.0,4,7,11,5,1,0,5,4,1
0022200277,2022-11-25,2022-23,regular_season,False,1610612748,MIA,Miami Heat,1610612764,WAS,Washington Wizards,28,21,W,11,23,0.478,2,5,0.4,4,4,1.0,2,11,13,4,2,2,4,2,7,8,27,0.296,3,13,0.231,2,2,1.0,5,9,14,7,2,2,4,5,-7
0022200276,2022-11-25,2022-23,regular_season,False,1610612754,IND,Indiana Pacers,1610612751,BKN,Brooklyn Nets,34,30,W,15,28,0.536,4,11,0.364,0,0,0.0,2,7,9,8,3,1,0,3,4,12,20,0.6,5,10,0.5,1,1,1.0,1,10,11,9,0,2,5,4,-4
0022200275,2022-11-25,2022-23,regular_season,False,1610612738,BOS,Boston Celtics,1610612758,SAC,Sacramento Kings,28,40,L,10,21,0.476,4,11,0.364,4,4,1.0,0,6,6,7,1,0,4,7,-12,16,25,0.64,2,8,0.25,6,6,1.0,1,10,11,9,2,1,2,4,12
0022200274,2022-11-25,2022-23,regular_season,False,1610612752,NYK,New York Knicks,1610612757,POR,Portland Trail Blazers,30,37,L,11,25,0.44,4,12,0.333,4,4,1.0,2,5,7,8,0,0,1,13,-7,8,15,0.533,3,6,0.5,18,24,0.75,2,8,10,5,0,1,0,4,7
0022200272,2022-11-25,2022-23,regular_season,False,1610612766,CHA,Charlotte Hornets,1610612750,MIN,Minnesota Timberwolves,23,28,L,9,23,0.391,1,6,0.167,4,5,0.8,3,11,14,5,1,0,5,6,-5,10,23,0.435,2,9,0.222,6,6,1.0,1,11,12,6,2,2,2,6,5
0022200278,2022-11-25,2022-23,regular_season,False,1610612745,HOU,Houston Rockets,1610612737,ATL,Atlanta Hawks,31,39,L,10,26,0.385,3,12,0.25,8,9,0.889,6,6,12,3,2,0,4,7,-8,12,19,0.632,6,11,0.545,9,9,1.0,1,8,9,3,3,2,4,6,8
0022200286,2022-11-26,2022-23,regular_season,False,1610612761,TOR,Toronto Raptors,1610612742,DAL,Dallas Mavericks,30,23,W,12,23,0.522,3,10,0.3,3,3,1.0,2,8,10,7,4,0,3,2,7,10,19,0.526,1,9,0.111,2,2,1.0,1,8,9,7,2,0,6,5,-7
0022200287,2022-11-26,2022-23,regular_season,False,1610612745,HOU,Houston Rockets,1610612760,OKC,Oklahoma City Thunder,42,22,W,16,20,0.8,7,11,0.636,3,3,1.0,1,10,11,9,4,0,3,2,20,9,23,0.391,3,11,0.273,1,1,1.0,4,3,7,5,2,0,5,1,-20
0022200288,2022-11-26,2022-23,regular_season,False,1610612759,SAS,San Antonio Spurs,1610612747,LAL,Los Angeles Lakers,34,37,L,14,25,0.56,6,11,0.545,0,0,0.0,4,9,13,8,0,2,3,8,-3,11,23,0.478,5,10,0.5,10,10,1.0,1,7,8,5,1,2,0,2,3
0022200289,2022-11-26,2022-23,regular_season,False,1610612756,PHX,Phoenix Suns,1610612762,UTA,Utah Jazz,29,22,W,11,18,0.611,2,4,0.5,5,6,0.833,1,9,10,7,2,0,3,6,7,8,21,0.381,3,10,0.3,3,4,0.75,2,7,9,3,2,0,4,5,-7
0022200296,2022-11-27,2022-23,regular_season,False,1610612752,NYK,New York Knicks,1610612763,MEM,Memphis Grizzlies,26,29,L,9,22,0.409,1,8,0.125,7,8,0.875,2,12,14,7,1,3,3,9,-3,8,22,0.364,4,7,0.571,9,14,0.643,3,12,15,7,1,0,3,5,3
0022200297,2022-11-27,2022-23,regular_season,False,1610612753,ORL,Orlando Magic,1610612755,PHI,Philadelphia 76ers,13,31,L,4,19,0.211,2,14,0.143,3,4,0.75,3,7,10,3,1,0,4,2,-18,13,20,0.65,3,7,0.429,2,3,0.667,1,12,13,10,3,1,1,3,18
0022200298,2022-11-27,2022-23,regular_season,False,1610612749,MIL,Milwaukee Bucks,1610612742,DAL,Dallas Mavericks,32,29,W,12,24,0.5,4,11,0.364,4,5,0.8,5,8,13,7,2,2,3,2,3,12,22,0.545,5,11,0.455,0,0,0.0,1,7,8,8,0,1,3,6,-3
0022200295,2022-11-27,2022-23,regular_season,False,1610612765,DET,Detroit Pistons,1610612739,CLE,Cleveland Cavaliers,30,31,L,11,18,0.611,4,7,0.571,4,7,0.571,1,6,7,5,2,0,6,8,-1,12,22,0.545,1,8,0.125,6,6,1.0,3,4,7,4,2,1,3,6,1
0022200291,2022-11-27,2022-23,regular_season,False,1610612750,MIN,Minnesota Timberwolves,1610612744,GSW,Golden State Warriors,29,29,L,9,24,0.375,4,8,0.5,7,9,0.778,2,8,10,5,2,0,4,10,0,9,22,0.409,2,12,0.167,9,11,0.818,3,10,13,7,3,0,4,10,0
0022200293,2022-11-27,2022-23,regular_season,False,1610612737,ATL,Atlanta Hawks,1610612748,MIA,Miami Heat,29,28,W,12,23,0.522,2,7,0.286,3,3,1.0,2,9,11,8,2,0,3,4,1,10,20,0.5,2,7,0.286,6,7,0.857,1,7,8,8,2,0,3,4,-1
0022200292,2022-11-27,2022-23,regular_season,False,1610612746,LAC,LA Clippers,1610612754,IND,Indiana Pacers,24,28,L,9,23,0.391,1,8,0.125,5,7,0.714,4,11,15,7,1,2,4,3,-4,10,26,0.385,3,9,0.333,5,6,0.833,4,10,14,4,4,4,2,7,4
0022200290,2022-11-27,2022-23,regular_season,False,1610612751,BKN,Brooklyn Nets,1610612757,POR,Portland Trail Blazers,27,33,L,9,19,0.474,4,8,0.5,5,5,1.0,1,5,6,6,2,0,2,7,-6,12,19,0.632,4,7,0.571,5,6,0.833,2,8,10,11,2,0,3,4,6
0022200294,2022-11-27,2022-23,regular_season,False,1610612738,BOS,Boston Celtics,1610612764,WAS,Washington Wizards,37,29,W,13,20,0.65,7,10,0.7,4,4,1.0,2,5,7,9,0,0,2,3,8,11,20,0.55,4,12,0.333,3,4,0.75,1,4,5,8,1,0,0,4,-8
0022200308,2022-11-28,2022-23,regular_season,False,1610612747,LAL,Los Angeles Lakers,1610612754,IND,Indiana Pacers,30,27,W,9,22,0.409,1,7,0.143,11,13,0.846,7,10,17,8,1,2,4,4,3,11,28,0.393,4,13,0.308,1,2,0.5,4,7,11,8,2,3,2,7,-3
0022200307,2022-11-28,2022-23,regular_season,False,1610612758,SAC,Sacramento Kings,1610612756,PHX,Phoenix Suns,38,32,W,16,21,0.762,2,4,0.5,4,4,1.0,1,5,6,13,2,1,6,3,6,15,27,0.556,1,5,0.2,1,2,0.5,5,2,7,7,4,2,5,5,-6
0022200305,2022-11-28,2022-23,regular_season,False,1610612743,DEN,Denver Nuggets,1610612745,HOU,Houston Rockets,28,29,L,10,19,0.526,1,5,0.2,7,7,1.0,4,8,12,4,2,0,5,6,-1,11,23,0.478,6,13,0.462,1,3,0.333,4,5,9,8,2,0,3,6,1
0022200304,2022-11-28,2022-23,regular_season,False,1610612740,NOP,New Orleans Pelicans,1610612760,OKC,Oklahoma City Thunder,22,24,L,8,20,0.4,2,10,0.2,4,4,1.0,0,10,10,6,3,1,4,3,-2,9,28,0.321,3,13,0.231,3,3,1.0,7,11,18,4,3,0,5,4,2
0022200306,2022-11-28,2022-23,regular_season,False,1610612762,UTA,Utah Jazz,1610612741,CHI,Chicago Bulls,33,26,W,13,23,0.565,6,12,0.5,1,2,0.5,1,11,12,10,1,2,1,3,7,9,24,0.375,2,5,0.4,6,6,1.0,3,9,12,7,1,1,1,2,-7
0022200302,2022-11-28,2022-23,regular_season,False,1610612751,BKN,Brooklyn Nets,1610612753,ORL,Orlando Magic,29,23,W,12,21,0.571,2,6,0.333,3,4,0.75,2,10,12,5,1,2,4,7,6,7,22,0.318,4,10,0.4,5,7,0.714,4,7,11,5,2,3,6,4,-6
0022200301,2022-11-28,2022-23,regular_season,False,1610612738,BOS,Boston Celtics,1610612766,CHA,Charlotte Hornets,33,36,L,13,22,0.591,4,10,0.4,3,3,1.0,1,6,7,9,2,0,4,5,-3,13,22,0.591,6,9,0.667,4,4,1.0,3,7,10,11,2,2,5,6,3
0022200300,2022-11-28,2022-23,regular_season,False,1610612764,WAS,Washington Wizards,1610612750,MIN,Minnesota Timberwolves,39,25,W,12,20,0.6,3,7,0.429,12,13,0.923,1,9,10,7,3,3,0,4,14,10,23,0.435,0,7,0.0,5,6,0.833,4,6,10,3,0,0,4,8,-14
0022200299,2022-11-28,2022-23,regular_season,False,1610612755,PHI,Philadelphia 76ers,1610612737,ATL,Atlanta Hawks,28,21,W,12,27,0.444,1,6,0.167,3,3,1.0,5,8,13,5,3,0,2,7,7,6,14,0.429,2,8,0.25,7,11,0.636,0,8,8,4,1,3,5,5,-7
0022200303,2022-11-28,2022-23,regular_season,False,1610612761,TOR,Toronto Raptors,1610612739,CLE,Cleveland Cavaliers,26,19,W,11,24,0.458,4,6,0.667,0,0,0.0,5,9,14,6,1,2,3,3,7,7,20,0.35,3,10,0.3,2,2,1.0,2,6,8,5,1,2,2,3,-7
0022200309,2022-11-29,2022-23,regular_season,False,1610612765,DET,Detroit Pistons,1610612752,NYK,New York Knicks,24,30,L,8,21,0.381,2,11,0.182,6,7,0.857,3,5,8,7,1,0,2,4,-6,11,20,0.55,3,5,0.6,5,7,0.714,4,10,14,5,0,1,3,8,6
0022200310,2022-11-29,2022-23,regular_season,False,1610612742,DAL,Dallas Mavericks,1610612744,GSW,Golden State Warriors,19,30,L,6,20,0.3,2,9,0.222,5,9,0.556,1,8,9,4,0,1,4,1,-11,13,26,0.5,4,15,0.267,0,0,0.0,2,13,15,9,2,1,1,6,11
0022200311,2022-11-29,2022-23,regular_season,False,1610612757,POR,Portland Trail Blazers,1610612746,LAC,LA Clippers,31,28,W,10,20,0.5,4,7,0.571,7,9,0.778,3,11,14,5,3,2,7,5,3,10,27,0.37,5,8,0.625,3,4,0.75,4,7,11,7,4,2,6,5,-3
0022200320,2022-11-30,2022-23,regular_season,False,1610612743,DEN,Denver Nuggets,1610612745,HOU,Houston Rockets,30,23,W,11,21,0.524,5,9,0.556,3,4,0.75,1,10,11,9,1,7,2,6,7,7,26,0.269,3,12,0.25,6,6,1.0,4,8,12,5,2,0,2,5,-7
0022200324,2022-11-30,2022-23,regular_season,False,1610612747,LAL,Los Angeles Lakers,1610612757,POR,Portland Trail Blazers,42,40,W,17,28,0.607,4,7,0.571,4,4,1.0,4,7,11,10,1,1,1,6,2,15,24,0.625,3,7,0.429,7,9,0.778,4,5,9,4,1,3,3,3,-2
0022200323,2022-11-30,2022-23,regular_season,False,1610612758,SAC,Sacramento Kings,1610612754,IND,Indiana Pacers,29,28,W,10,26,0.385,5,14,0.357,4,5,0.8,4,13,17,5,0,0,3,5,1,8,25,0.32,2,10,0.2,10,11,0.909,4,11,15,5,2,2,1,4,-1
0022200322,2022-11-30,2022-23,regular_season,False,1610612762,UTA,Utah Jazz,1610612746,LAC,LA Clippers,23,34,L,8,17,0.471,4,9,0.444,3,3,1.0,1,7,8,4,0,2,6,6,-11,12,23,0.522,4,7,0.571,6,8,0.75,3,6,9,5,3,1,0,4,11
0022200321,2022-11-30,2022-23,regular_season,False,1610612756,PHX,Phoenix Suns,1610612741,CHI,Chicago Bulls,32,18,W,12,21,0.571,4,10,0.4,4,6,0.667,0,14,14,6,0,1,2,7,14,7,22,0.318,0,7,0.0,4,6,0.667,2,9,11,5,1,1,3,4,-14
0022200319,2022-11-30,2022-23,regular_season,False,1610612760,OKC,Oklahoma City Thunder,1610612759,SAS,San Antonio Spurs,28,42,L,12,24,0.5,2,6,0.333,2,4,0.5,3,3,6,5,2,1,3,7,-14,13,19,0.684,4,8,0.5,12,13,0.923,1,10,11,9,2,1,3,4,14
0022200312,2022-11-30,2022-23,regular_season,False,1610612739,CLE,Cleveland Cavaliers,1610612755,PHI,Philadelphia 76ers,44,27,W,16,17,0.941,5,5,1.0,7,8,0.875,1,10,11,10,2,2,5,3,17,10,23,0.435,2,7,0.286,5,6,0.833,1,0,1,5,2,0,3,6,-17
0022200317,2022-11-30,2022-23,regular_season,False,1610612750,MIN,Minnesota Timberwolves,1610612763,MEM,Memphis Grizzlies,17,22,L,6,21,0.286,1,10,0.1,4,7,0.571,1,3,4,3,4,3,4,7,-5,6,16,0.375,1,4,0.25,9,13,0.692,4,14,18,3,1,3,10,6,5
0022200316,2022-11-30,2022-23,regular_season,False,1610612752,NYK,New York Knicks,1610612749,MIL,Milwaukee Bucks,25,25,L,10,22,0.455,2,7,0.286,3,4,0.75,4,11,15,4,0,1,5,3,0,10,25,0.4,3,12,0.25,2,2,1.0,3,8,11,5,2,1,2,3,0
0022200315,2022-11-30,2022-23,regular_season,False,1610612751,BKN,Brooklyn Nets,1610612764,WAS,Washington Wizards,28,25,W,12,23,0.522,3,9,0.333,1,1,1.0,1,10,11,8,1,2,3,4,3,9,22,0.409,4,8,0.5,3,4,0.75,2,7,9,4,2,1,3,3,-3
0022200314,2022-11-30,2022-23,regular_season,False,1610612738,BOS,Boston Celtics,1610612748,MIA,Miami Heat,30,25,W,10,24,0.417,3,13,0.231,7,7,1.0,6,8,14,7,3,0,4,5,5,11,22,0.5,3,8,0.375,0,0,0.0,1,5,6,6,2,2,5,5,-5
0022200313,2022-11-30,2022-23,regular_season,False,1610612753,ORL,Orlando Magic,1610612737,ATL,Atlanta Hawks,23,32,L,8,21,0.381,1,8,0.125,6,7,0.857,3,7,10,6,1,1,4,4,-9,12,23,0.522,4,7,0.571,4,4,1.0,4,11,15,5,2,2,4,6,9
0022200318,2022-11-30,2022-23,regular_season,False,1610612740,NOP,New Orleans Pelicans,1610612761,TOR,Toronto Raptors,34,18,W,12,22,0.545,5,11,0.455,5,5,1.0,4,12,16,8,3,0,4,4,16,6,21,0.286,2,11,0.182,4,5,0.8,1,6,7,4,1,2,4,4,-16
0022200325,2022-12-01,2022-23,regular_season,False,1610612765,DET,Detroit Pistons,1610612742,DAL,Dallas Mavericks,25,24,W,9,21,0.429,1,5,0.2,6,10,0.6,2,11,13,5,2,0,3,9,1,7,19,0.368,3,12,0.25,7,13,0.538,2,8,10,5,1,3,2,7,-1
0022200333,2022-12-02,2022-23,regular_season,False,1610612759,SAS,San Antonio Spurs,1610612740,NOP,New Orleans Pelicans,28,23,W,10,24,0.417,2,10,0.2,6,9,0.667,3,13,16,6,1,0,3,7,5,5,20,0.25,0,9,0.0,13,14,0.929,3,9,12,3,2,0,3,7,-5
0022200336,2022-12-02,2022-23,regular_season,False,1610612744,GSW,Golden State Warriors,1610612741,CHI,Chicago Bulls,28,19,W,10,19,0.526,4,10,0.4,4,7,0.571,1,13,14,9,0,0,7,2,9,9,26,0.346,1,8,0.125,0,2,0.0,3,8,11,5,2,0,3,9,-9
0022200335,2022-12-02,2022-23,regular_season,False,1610612762,UTA,Utah Jazz,1610612754,IND,Indiana Pacers,40,35,W,12,18,0.667,2,5,0.4,14,15,0.933,2,10,12,8,1,0,5,7,5,12,28,0.429,5,13,0.385,6,7,0.857,5,5,10,6,4,0,3,11,-5
0022200334,2022-12-02,2022-23,regular_season,False,1610612756,PHX,Phoenix Suns,1610612745,HOU,Houston Rockets,28,30,L,11,23,0.478,4,9,0.444,2,2,1.0,3,11,14,8,3,1,7,9,-2,10,24,0.417,2,8,0.25,8,12,0.667,4,9,13,8,4,0,4,5,2
0022200332,2022-12-02,2022-23,regular_season,False,1610612763,MEM,Memphis Grizzlies,1610612755,PHI,Philadelphia 76ers,35,24,W,13,29,0.448,2,5,0.4,7,10,0.7,8,10,18,7,3,2,1,5,11,8,23,0.348,3,9,0.333,5,6,0.833,3,9,12,7,1,1,4,7,-11
0022200330,2022-12-02,2022-23,regular_season,False,1610612739,CLE,Cleveland Cavaliers,1610612753,ORL,Orlando Magic,27,22,W,10,22,0.455,5,13,0.385,2,2,1.0,2,9,11,6,1,0,4,6,5,9,18,0.5,1,8,0.125,3,5,0.6,1,9,10,4,1,2,5,5,-5
0022200331,2022-12-02,2022-23,regular_season,False,1610612749,MIL,Milwaukee Bucks,1610612747,LAL,Los Angeles Lakers,27,33,L,11,21,0.524,5,12,0.417,0,0,0.0,1,7,8,5,1,1,5,4,-6,14,25,0.56,1,5,0.2,4,5,0.8,4,7,11,8,2,0,2,1,6
0022200329,2022-12-02,2022-23,regular_season,False,1610612751,BKN,Brooklyn Nets,1610612761,TOR,Toronto Raptors,31,32,L,13,28,0.464,2,10,0.2,3,3,1.0,4,8,12,8,1,2,2,10,-1,11,22,0.5,1,4,0.25,9,14,0.643,3,10,13,3,1,1,2,3,1
0022200328,2022-12-02,2022-23,regular_season,False,1610612738,BOS,Boston Celtics,1610612748,MIA,Miami Heat,35,32,W,10,16,0.625,7,11,0.636,8,11,0.727,3,8,11,8,1,0,9,5,3,13,25,0.52,5,10,0.5,1,2,0.5,3,4,7,4,3,0,6,9,-3
0022200327,2022-12-02,2022-23,regular_season,False,1610612737,ATL,Atlanta Hawks,1610612743,DEN,Denver Nuggets,32,21,W,14,22,0.636,4,8,0.5,0,0,0.0,3,7,10,8,3,1,2,3,11,9,20,0.45,2,5,0.4,1,2,0.5,3,4,7,7,1,0,4,3,-11
0022200326,2022-12-02,2022-23,regular_season,False,1610612766,CHA,Charlotte Hornets,1610612764,WAS,Washington Wizards,38,28,W,15,24,0.625,4,7,0.571,4,7,0.571,3,6,9,12,2,1,1,3,10,12,24,0.5,3,9,0.333,1,3,0.333,5,8,13,6,1,2,5,6,-10
0022200337,2022-12-03,2022-23,regular_season,False,1610612752,NYK,New York Knicks,1610612742,DAL,Dallas Mavericks,27,32,L,9,19,0.474,2,8,0.25,7,9,0.778,1,10,11,2,3,0,5,7,-5,10,26,0.385,5,15,0.333,7,9,0.778,5,8,13,5,2,2,3,6,5
0022200338,2022-12-03,2022-23,regular_season,False,1610612746,LAC,LA Clippers,1610612758,SAC,Sacramento Kings,14,22,L,4,23,0.174,1,9,0.111,5,9,0.556,5,7,12,2,2,1,3,5,-8,9,22,0.409,1,6,0.167,3,7,0.429,4,16,20,6,1,2,4,7,8
0022200339,2022-12-03,2022-23,regular_season,False,1610612766,CHA,Charlotte Hornets,1610612749,MIL,Milwaukee Bucks,21,26,L,7,24,0.292,1,9,0.111,6,7,0.857,3,8,11,2,3,1,3,5,-5,11,19,0.579,3,7,0.429,1,2,0.5,0,11,11,8,1,2,7,5,5
0022200340,2022-12-03,2022-23,regular_season,False,1610612761,TOR,Toronto Raptors,1610612753,ORL,Orlando Magic,28,26,W,9,20,0.45,4,10,0.4,6,7,0.857,2,7,9,8,2,2,5,8,2,10,24,0.417,3,10,0.3,3,5,0.6,3,7,10,5,3,2,5,5,-2
0022200341,2022-12-03,2022-23,regular_season,False,1610612750,MIN,Minnesota Timberwolves,1610612760,OKC,Oklahoma City Thunder,28,31,L,9,20,0.45,1,5,0.2,9,12,0.75,4,10,14,5,3,4,7,6,-3,13,29,0.448,3,6,0.5,2,5,0.4,4,8,12,7,3,1,5,5,3
0022200342,2022-12-03,2022-23,regular_season,False,1610612744,GSW,Golden State Warriors,1610612745,HOU,Houston Rockets,29,29,W,11,20,0.55,5,11,0.455,2,2,1.0,1,9,10,7,2,2,6,8,0,12,30,0.4,1,9,0.111,4,5,0.8,8,7,15,5,4,1,5,3,0
0022200343,2022-12-03,2022-23,regular_season,False,1610612762,UTA,Utah Jazz,1610612757,POR,Portland Trail Blazers,29,29,L,8,20,0.4,1,5,0.2,12,15,0.8,2,10,12,4,1,1,1,4,0,11,20,0.55,3,7,0.429,4,6,0.667,0,12,12,7,0,1,3,10,0
0022200351,2022-12-04,2022-23,regular_season,False,1610612757,POR,Portland Trail Blazers,1610612754,IND,Indiana Pacers,26,25,W,9,19,0.474,5,13,0.385,3,3,1.0,1,8,9,7,3,0,5,5,1,10,22,0.455,2,8,0.25,3,3,1.0,2,9,11,9,3,0,4,2,-1
0022200350,2022-12-04,2022-23,regular_season,False,1610612758,SAC,Sacramento Kings,1610612741,CHI,Chicago Bulls,33,20,W,12,21,0.571,6,15,0.4,3,5,0.6,2,6,8,10,8,0,7,3,13,9,16,0.562,1,1,1.0,1,2,0.5,1,6,7,3,4,1,11,4,-13
0022200348,2022-12-04,2022-23,regular_season,False,1610612752,NYK,New York Knicks,1610612739,CLE,Cleveland Cavaliers,23,27,L,9,21,0.429,1,6,0.167,4,6,0.667,1,14,15,3,1,0,6,3,-4,12,26,0.462,3,10,0.3,0,1,0.0,0,9,9,6,3,2,2,4,4
0022200349,2022-12-04,2022-23,regular_season,False,1610612764,WAS,Washington Wizards,1610612747,LAL,Los Angeles Lakers,23,35,L,9,22,0.409,2,9,0.222,3,4,0.75,2,7,9,6,1,3,2,7,-12,14,23,0.609,3,4,0.75,4,6,0.667,2,11,13,9,1,1,2,3,12
0022200346,2022-12-04,2022-23,regular_season,False,1610612751,BKN,Brooklyn Nets,1610612738,BOS,Boston Celtics,23,27,L,8,19,0.421,3,7,0.429,4,4,1.0,3,7,10,4,1,0,5,5,-4,10,22,0.455,3,10,0.3,4,4,1.0,4,7,11,3,3,2,2,3,4
0022200345,2022-12-04,2022-23,regular_season,False,1610612759,SAS,San Antonio Spurs,1610612756,PHX,Phoenix Suns,11,36,L,5,20,0.25,0,8,0.0,1,1,1.0,3,8,11,3,0,1,7,7,-25,13,27,0.481,6,9,0.667,4,6,0.667,6,11,17,12,2,0,1,0,25
0022200344,2022-12-04,2022-23,regular_season,False,1610612740,NOP,New Orleans Pelicans,1610612743,DEN,Denver Nuggets,32,29,W,12,22,0.545,5,9,0.556,3,6,0.5,3,6,9,7,2,2,4,6,3,10,23,0.435,2,11,0.182,7,8,0.875,5,8,13,6,3,1,4,4,-3
0022200347,2022-12-04,2022-23,regular_season,False,1610612765,DET,Detroit Pistons,1610612763,MEM,Memphis Grizzlies,31,29,W,9,22,0.409,5,11,0.455,8,9,0.889,3,6,9,6,4,2,4,5,2,10,20,0.5,6,12,0.5,3,3,1.0,2,8,10,9,3,3,6,5,-2
0022200359,2022-12-05,2022-23,regular_season,False,1610612744,GSW,Golden State Warriors,1610612754,IND,Indiana Pacers,29,25,W,10,22,0.455,4,14,0.286,5,6,0.833,4,9,13,8,2,3,4,6,4,9,24,0.375,3,9,0.333,4,5,0.8,1,6,7,6,1,3,5,5,-4
0022200358,2022-12-05,2022-23,regular_season,False,1610612742,DAL,Dallas Mavericks,1610612756,PHX,Phoenix Suns,34,26,W,11,18,0.611,6,11,0.545,6,7,0.857,1,8,9,5,2,3,5,6,8,10,24,0.417,3,9,0.333,3,4,0.75,4,6,10,6,2,1,4,4,-8
0022200356,2022-12-05,2022-23,regular_season,False,1610612745,HOU,Houston Rockets,1610612755,PHI,Philadelphia 76ers,29,25,W,9,18,0.5,5,10,0.5,6,7,0.857,0,13,13,5,2,1,4,4,4,10,26,0.385,5,11,0.455,0,1,0.0,3,6,9,6,3,0,3,5,-4
0022200357,2022-12-05,2022-23,regular_season,False,1610612763,MEM,Memphis Grizzlies,1610612748,MIA,Miami Heat,31,19,W,12,23,0.522,4,8,0.5,3,3,1.0,1,14,15,7,2,1,1,4,12,6,24,0.25,5,15,0.333,2,4,0.5,3,8,11,5,1,1,2,3,-12
0022200354,2022-12-05,2022-23,regular_season,False,1610612737,ATL,Atlanta Hawks,1610612760,OKC,Oklahoma City Thunder,30,27,W,13,28,0.464,2,10,0.2,2,3,0.667,6,10,16,6,3,2,4,2,3,12,28,0.429,3,9,0.333,0,0,0.0,5,6,11,8,3,0,5,5,-3
0022200353,2022-12-05,2022-23,regular_season,False,1610612753,ORL,Orlando Magic,1610612749,MIL,Milwaukee Bucks,24,26,L,8,21,0.381,2,7,0.286,6,6,1.0,2,9,11,6,4,1,4,0,-2,11,24,0.458,4,10,0.4,0,0,0.0,2,11,13,9,3,0,6,4,2
0022200352,2022-12-05,2022-23,regular_season,False,1610612766,CHA,Charlotte Hornets,1610612746,LAC,LA Clippers,28,35,L,12,21,0.571,2,6,0.333,2,5,0.4,2,6,8,9,1,1,3,5,-7,12,22,0.545,6,9,0.667,5,8,0.625,3,7,10,10,2,2,2,4,7
0022200355,2022-12-05,2022-23,regular_season,False,1610612761,TOR,Toronto Raptors,1610612738,BOS,Boston Celtics,37,29,W,11,18,0.611,2,6,0.333,13,16,0.812,3,8,11,5,2,1,4,5,8,11,23,0.478,2,9,0.222,5,5,1.0,3,6,9,7,3,0,5,8,-8
0022200360,2022-12-06,2022-23,regular_season,False,1610612739,CLE,Cleveland Cavaliers,1610612747,LAL,Los Angeles Lakers,30,23,W,13,26,0.5,2,8,0.25,2,4,0.5,1,10,11,8,3,0,1,5,7,10,23,0.435,0,6,0.0,3,3,1.0,2,9,11,3,1,1,5,3,-7
0022200361,2022-12-06,2022-23,regular_season,False,1610612748,MIA,Miami Heat,1610612765,DET,Detroit Pistons,25,27,L,9,20,0.45,3,8,0.375,4,7,0.571,1,8,9,8,3,0,4,5,-2,9,20,0.45,5,11,0.455,4,5,0.8,2,9,11,6,3,0,6,5,2
0022200362,2022-12-06,2022-23,regular_season,False,1610612743,DEN,Denver Nuggets,1610612742,DAL,Dallas Mavericks,29,28,W,11,19,0.579,2,7,0.286,5,5,1.0,1,5,6,7,2,1,5,7,1,9,18,0.5,3,9,0.333,7,9,0.778,1,7,8,4,4,0,5,6,-1
0022200369,2022-12-07,2022-23,regular_season,False,1610612749,MIL,Milwaukee Bucks,1610612758,SAC,Sacramento Kings,34,32,W,10,23,0.435,3,8,0.375,11,12,0.917,5,8,13,8,2,0,3,4,2,12,24,0.5,5,12,0.417,3,4,0.75,2,7,9,5,0,0,3,8,-2
0022200373,2022-12-07,2022-23,regular_season,False,1610612756,PHX,Phoenix Suns,1610612738,BOS,Boston Celtics,21,38,L,8,23,0.348,1,8,0.125,4,4,1.0,5,8,13,3,1,0,7,6,-17,15,29,0.517,3,10,0.3,5,5,1.0,4,9,13,10,5,0,2,2,17
0022200372,2022-12-07,2022-23,regular_season,False,1610612762,UTA,Utah Jazz,1610612744,GSW,Golden State Warriors,36,34,W,14,23,0.609,3,6,0.5,5,6,0.833,1,6,7,8,2,2,4,6,2,11,21,0.524,2,8,0.25,10,14,0.714,4,7,11,6,2,0,6,4,-2
0022200370,2022-12-07,2022-23,regular_season,False,1610612750,MIN,Minnesota Timberwolves,1610612754,IND,Indiana Pacers,28,44,L,8,23,0.348,2,9,0.222,10,11,0.909,3,6,9,5,3,0,6,8,-16,13,20,0.65,7,11,0.636,11,13,0.846,0,10,10,8,2,1,4,7,16
0022200368,2022-12-07,2022-23,regular_season,False,1610612763,MEM,Memphis Grizzlies,1610612760,OKC,Oklahoma City Thunder,30,27,W,12,25,0.48,4,11,0.364,2,3,0.667,3,10,13,8,4,4,3,3,3,11,26,0.423,4,9,0.444,1,2,0.5,5,9,14,7,2,1,5,4,-3
0022200371,2022-12-07,2022-23,regular_season,False,1610612740,NOP,New Orleans Pelicans,1610612765,DET,Detroit Pistons,29,15,W,11,22,0.5,3,9,0.333,4,5,0.8,3,13,16,6,4,2,6,7,14,5,19,0.263,2,8,0.25,3,5,0.6,1,6,7,2,0,1,6,6,-14
0022200366,2022-12-07,2022-23,regular_season,False,1610612761,TOR,Toronto Raptors,1610612747,LAL,Los Angeles Lakers,31,16,W,10,32,0.312,2,14,0.143,9,10,0.9,9,16,25,6,3,4,2,3,15,5,23,0.217,1,11,0.091,5,5,1.0,1,11,12,0,1,1,5,5,-15
0022200365,2022-12-07,2022-23,regular_season,False,1610612752,NYK,New York Knicks,1610612737,ATL,Atlanta Hawks,22,21,W,7,20,0.35,2,9,0.222,6,6,1.0,3,8,11,6,1,1,4,4,1,9,22,0.409,1,9,0.111,2,2,1.0,4,8,12,4,0,4,4,5,-1
0022200364,2022-12-07,2022-23,regular_season,False,1610612751,BKN,Brooklyn Nets,1610612766,CHA,Charlotte Hornets,35,27,W,13,21,0.619,4,7,0.571,5,6,0.833,0,11,11,10,0,3,2,5,8,11,23,0.478,3,7,0.429,2,6,0.333,2,7,9,8,0,0,1,4,-8
0022200363,2022-12-07,2022-23,regular_season,False,1610612753,ORL,Orlando Magic,1610612746,LAC,LA Clippers,26,17,W,9,24,0.375,2,9,0.222,6,7,0.857,6,8,14,4,4,2,2,4,9,7,18,0.389,2,9,0.222,1,1,1.0,2,8,10,6,2,3,7,5,-9
0022200367,2022-12-07,2022-23,regular_season,False,1610612741,CHI,Chicago Bulls,1610612764,WAS,Washington Wizards,23,27,L,10,19,0.526,1,5,0.2,2,3,0.667,0,10,10,9,3,1,9,6,-4,10,24,0.417,2,10,0.2,5,7,0.714,3,7,10,5,5,1,6,3,4
0022200374,2022-12-08,2022-23,regular_season,False,1610612748,MIA,Miami Heat,1610612746,LAC,LA Clippers,36,26,W,14,22,0.636,5,7,0.714,3,3,1.0,2,11,13,9,2,1,2,4,10,10,22,0.455,4,8,0.5,2,2,1.0,1,6,7,8,0,0,2,4,-10
0022200375,2022-12-08,2022-23,regular_season,False,1610612759,SAS,San Antonio Spurs,1610612745,HOU,Houston Rockets,27,25,W,11,19,0.579,3,7,0.429,2,2,1.0,1,6,7,5,1,1,5,5,2,10,23,0.435,3,7,0.429,2,3,0.667,3,6,9,6,0,0,6,5,-2
0022200376,2022-12-08,2022-23,regular_season,False,1610612757,POR,Portland Trail Blazers,1610612743,DEN,Denver Nuggets,28,33,L,11,27,0.407,3,9,0.333,3,3,1.0,6,4,10,10,1,0,2,3,-5,13,21,0.619,3,6,0.5,4,4,1.0,3,8,11,8,1,3,3,3,5
0022200386,2022-12-09,2022-23,regular_season,False,1610612742,DAL,Dallas Mavericks,1610612749,MIL,Milwaukee Bucks,15,20,L,6,21,0.286,2,8,0.25,1,3,0.333,3,12,15,4,2,2,7,7,-5,6,23,0.261,2,10,0.2,6,8,0.75,6,14,20,4,3,2,5,5,5
0022200385,2022-12-09,2022-23,regular_season,False,1610612762,UTA,Utah Jazz,1610612750,MIN,Minnesota Timberwolves,22,33,L,8,22,0.364,2,10,0.2,4,7,0.571,2,3,5,4,1,0,2,8,-11,11,18,0.611,2,6,0.333,9,12,0.75,2,12,14,6,1,0,3,5,11
0022200384,2022-12-09,2022-23,regular_season,False,1610612740,NOP,New Orleans Pelicans,1610612756,PHX,Phoenix Suns,29,25,W,12,22,0.545,2,6,0.333,3,3,1.0,2,7,9,9,2,0,3,6,4,8,17,0.471,2,6,0.333,7,9,0.778,1,5,6,8,2,0,5,2,-4
0022200383,2022-12-09,2022-23,regular_season,False,1610612763,MEM,Memphis Grizzlies,1610612765,DET,Detroit Pistons,27,26,W,10,19,0.526,1,6,0.167,6,9,0.667,1,10,11,7,3,2,6,4,1,10,27,0.37,3,12,0.25,3,5,0.6,6,6,12,7,4,1,6,7,-1
0022200382,2022-12-09,2022-23,regular_season,False,1610612755,PHI,Philadelphia 76ers,1610612747,LAL,Los Angeles Lakers,30,39,L,12,23,0.522,6,13,0.462,0,1,0.0,3,4,7,9,1,0,3,6,-9,14,18,0.778,4,7,0.571,7,9,0.778,1,8,9,10,2,0,2,3,9
0022200379,2022-12-09,2022-23,regular_season,False,1610612753,ORL,Orlando Magic,1610612761,TOR,Toronto Raptors,30,38,L,10,15,0.667,2,7,0.286,8,8,1.0,0,7,7,5,0,0,6,11,-8,10,18,0.556,4,9,0.444,14,18,0.778,1,5,6,8,2,0,0,6,8
0022200380,2022-12-09,2022-23,regular_season,False,1610612751,BKN,Brooklyn Nets,1610612737,ATL,Atlanta Hawks,32,34,L,11,19,0.579,2,5,0.4,8,10,0.8,1,5,6,7,2,1,5,5,-2,14,23,0.609,4,8,0.5,2,2,1.0,1,6,7,7,2,2,5,6,2
0022200378,2022-12-09,2022-23,regular_season,False,1610612754,IND,Indiana Pacers,1610612764,WAS,Washington Wizards,38,32,W,13,17,0.765,7,10,0.7,5,6,0.833,2,3,5,7,1,2,3,4,6,15,22,0.682,1,3,0.333,1,2,0.5,4,1,5,7,1,0,2,5,-6
0022200377,2022-12-09,2022-23,regular_season,False,1610612766,CHA,Charlotte Hornets,1610612752,NYK,New York Knicks,29,33,L,11,24,0.458,0,4,0.0,7,7,1.0,7,8,15,3,0,1,5,9,-4,11,26,0.423,2,8,0.25,9,11,0.818,6,5,11,4,1,2,1,6,4
0022200381,2022-12-09,2022-23,regular_season,False,1610612739,CLE,Cleveland Cavaliers,1610612758,SAC,Sacramento Kings,29,18,W,11,27,0.407,5,12,0.417,2,4,0.5,4,9,13,5,3,1,2,7,11,5,17,0.294,0,7,0.0,8,11,0.727,2,10,12,0,1,1,5,4,-11
0022200394,2022-12-10,2022-23,regular_season,False,1610612757,POR,Portland Trail Blazers,1610612750,MIN,Minnesota Timberwolves,33,39,L,11,23,0.478,5,11,0.455,6,8,0.75,4,9,13,4,2,1,5,6,-6,15,24,0.625,4,7,0.571,5,7,0.714,1,7,8,9,4,2,2,6,6
0022200393,2022-12-10,2022-23,regular_season,False,1610612743,DEN,Denver Nuggets,1610612762,UTA,Utah Jazz,33,26,W,14,23,0.609,3,7,0.429,2,2,1.0,2,9,11,10,1,1,2,4,7,10,21,0.476,2,10,0.2,4,5,0.8,2,6,8,4,1,1,3,3,-7
0022200392,2022-12-10,2022-23,regular_season,False,1610612744,GSW,Golden State Warriors,1610612738,BOS,Boston Celtics,35,38,L,12,20,0.6,5,10,0.5,6,8,0.75,1,6,7,8,0,0,5,7,-3,14,24,0.583,2,11,0.182,8,9,0.889,2,8,10,7,5,0,1,5,3
0022200391,2022-12-10,2022-23,regular_season,False,1610612741,CHI,Chicago Bulls,1610612742,DAL,Dallas Mavericks,42,23,W,15,21,0.714,3,5,0.6,9,12,0.75,1,14,15,10,1,0,3,5,19,7,23,0.304,3,16,0.188,6,8,0.75,1,7,8,5,2,1,1,8,-19
0022200389,2022-12-10,2022-23,regular_season,False,1610612764,WAS,Washington Wizards,1610612746,LAC,LA Clippers,34,32,W,12,24,0.5,4,8,0.5,6,6,1.0,4,8,12,4,5,0,4,2,2,12,23,0.522,6,12,0.5,2,2,1.0,2,6,8,7,3,2,6,4,-2
0022200388,2022-12-10,2022-23,regular_season,False,1610612754,IND,Indiana Pacers,1610612751,BKN,Brooklyn Nets,38,29,W,15,26,0.577,5,11,0.455,3,3,1.0,2,7,9,9,3,1,1,5,9,11,26,0.423,2,8,0.25,5,6,0.833,8,8,16,3,0,0,7,5,-9
0022200387,2022-12-10,2022-23,regular_season,False,1610612748,MIA,Miami Heat,1610612759,SAS,San Antonio Spurs,28,34,L,10,20,0.5,3,9,0.333,5,6,0.833,1,7,8,6,1,2,4,6,-6,14,21,0.667,2,4,0.5,4,7,0.571,1,10,11,8,3,1,4,4,6
0022200390,2022-12-10,2022-23,regular_season,False,1610612739,CLE,Cleveland Cavaliers,1610612760,OKC,Oklahoma City Thunder,31,24,W,13,26,0.5,5,10,0.5,0,1,0.0,3,10,13,9,1,1,2,3,7,9,20,0.45,1,6,0.167,5,6,0.833,1,10,11,5,2,2,3,5,-7
0022200400,2022-12-11,2022-23,regular_season,False,1610612737,ATL,Atlanta Hawks,1610612741,CHI,Chicago Bulls,36,23,W,13,23,0.565,3,10,0.3,7,8,0.875,2,11,13,8,1,2,3,4,13,7,20,0.35,2,6,0.333,7,8,0.875,2,7,9,5,2,2,5,7,-13
0022200399,2022-12-11,2022-23,regular_season,False,1610612755,PHI,Philadelphia 76ers,1610612766,CHA,Charlotte Hornets,41,33,W,13,21,0.619,1,3,0.333,14,17,0.824,1,6,7,7,1,2,2,5,8,12,23,0.522,4,7,0.571,5,5,1.0,3,8,11,4,1,1,4,11,-8
0022200398,2022-12-11,2022-23,regular_season,False,1610612753,ORL,Orlando Magic,1610612761,TOR,Toronto Raptors,29,20,W,9,21,0.429,4,8,0.5,7,10,0.7,4,9,13,7,1,0,7,8,9,7,19,0.368,1,6,0.167,5,7,0.714,3,5,8,2,1,4,4,7,-9
0022200401,2022-12-11,2022-23,regular_season,False,1610612745,HOU,Houston Rockets,1610612749,MIL,Milwaukee Bucks,31,23,W,15,25,0.6,1,4,0.25,0,0,0.0,2,10,12,9,3,4,3,5,8,8,24,0.333,4,14,0.286,3,5,0.6,4,7,11,5,1,2,4,2,-8
0022200396,2022-12-11,2022-23,regular_season,False,1610612765,DET,Detroit Pistons,1610612747,LAL,Los Angeles Lakers,23,29,L,9,19,0.474,2,9,0.222,3,3,1.0,0,8,8,5,2,3,6,4,-6,10,22,0.455,2,5,0.4,7,7,1.0,1,9,10,7,5,0,2,2,6
0022200395,2022-12-11,2022-23,regular_season,False,1610612740,NOP,New Orleans Pelicans,1610612756,PHX,Phoenix Suns,28,22,W,9,18,0.5,5,10,0.5,5,6,0.833,1,13,14,6,1,1,6,10,6,9,27,0.333,1,7,0.143,3,4,0.75,6,6,12,4,1,0,3,6,-6
0022200397,2022-12-11,2022-23,regular_season,False,1610612752,NYK,New York Knicks,1610612758,SAC,Sacramento Kings,30,28,W,12,26,0.462,4,10,0.4,2,2,1.0,4,9,13,5,3,0,5,7,2,7,16,0.438,4,11,0.364,10,13,0.769,0,9,9,5,2,0,5,3,-2
0022200402,2022-12-12,2022-23,regular_season,False,1610612754,IND,Indiana Pacers,1610612748,MIA,Miami Heat,23,21,W,7,19,0.368,4,8,0.5,5,9,0.556,0,9,9,4,1,3,2,3,2,8,25,0.32,2,12,0.167,3,3,1.0,6,12,18,7,0,1,3,7,-2
0022200403,2022-12-12,2022-23,regular_season,False,1610612764,WAS,Washington Wizards,1610612751,BKN,Brooklyn Nets,30,33,L,10,18,0.556,6,8,0.75,4,7,0.571,1,9,10,7,2,2,7,5,-3,13,25,0.52,2,8,0.25,5,5,1.0,2,8,10,6,4,0,4,6,3
0022200404,2022-12-12,2022-23,regular_season,False,1610612763,MEM,Memphis Grizzlies,1610612737,ATL,Atlanta Hawks,27,22,W,9,18,0.5,3,8,0.375,6,7,0.857,1,6,7,8,3,2,7,5,5,8,23,0.348,2,7,0.286,4,5,0.8,7,6,13,3,5,0,9,4,-5
0022200405,2022-12-12,2022-23,regular_season,False,1610612742,DAL,Dallas Mavericks,1610612760,OKC,Oklahoma City Thunder,43,24,W,14,24,0.583,10,16,0.625,5,6,0.833,5,10,15,10,1,1,3,5,19,9,22,0.409,3,11,0.273,3,3,1.0,3,4,7,4,0,0,3,4,-19
0022200406,2022-12-12,2022-23,regular_season,False,1610612759,SAS,San Antonio Spurs,1610612739,CLE,Cleveland Cavaliers,36,22,W,16,25,0.64,2,4,0.5,2,4,0.5,2,10,12,7,2,1,1,4,14,9,26,0.346,0,7,0.0,4,4,1.0,4,7,11,3,1,3,2,4,-14
0022200407,2022-12-12,2022-23,regular_season,False,1610612757,POR,Portland Trail Blazers,1610612750,MIN,Minnesota Timberwolves,37,32,W,15,25,0.6,6,14,0.429,1,1,1.0,1,9,10,9,1,2,2,6,5,14,22,0.636,1,5,0.2,3,6,0.5,1,9,10,5,0,0,4,4,-5
0022200408,2022-12-12,2022-23,regular_season,False,1610612746,LAC,LA Clippers,1610612738,BOS,Boston Celtics,27,22,W,10,23,0.435,1,6,0.167,6,7,0.857,3,10,13,4,5,0,2,4,5,8,19,0.421,3,9,0.333,3,4,0.75,1,9,10,7,1,2,5,4,-5
0022200412,2022-12-13,2022-23,regular_season,False,1610612762,UTA,Utah Jazz,1610612740,NOP,New Orleans Pelicans,23,15,W,9,20,0.45,2,9,0.222,3,5,0.6,4,14,18,8,0,1,10,6,8,6,22,0.273,0,6,0.0,3,5,0.6,2,6,8,4,5,1,4,6,-8
0022200411,2022-12-13,2022-23,regular_season,False,1610612745,HOU,Houston Rockets,1610612756,PHX,Phoenix Suns,27,15,W,8,23,0.348,2,9,0.222,9,10,0.9,7,15,22,3,0,1,5,8,12,3,25,0.12,1,14,0.071,8,8,1.0,6,6,12,3,3,1,2,7,-12
0022200413,2022-12-13,2022-23,regular_season,False,1610612747,LAL,Los Angeles Lakers,1610612738,BOS,Boston Celtics,26,28,L,11,26,0.423,1,5,0.2,3,5,0.6,4,10,14,5,2,3,1,3,-2,11,28,0.393,3,12,0.25,3,3,1.0,5,8,13,7,0,1,2,4,2
0022200409,2022-12-13,2022-23,regular_season,False,1610612755,PHI,Philadelphia 76ers,1610612758,SAC,Sacramento Kings,41,23,W,13,22,0.591,7,12,0.583,8,10,0.8,2,8,10,9,4,0,2,7,18,7,19,0.368,1,11,0.091,8,9,0.889,3,6,9,3,1,0,7,6,-18
0022200410,2022-12-13,2022-23,regular_season,False,1610612749,MIL,Milwaukee Bucks,1610612744,GSW,Golden State Warriors,26,25,W,11,23,0.478,1,4,0.25,3,4,0.75,4,14,18,5,2,4,6,4,1,9,27,0.333,6,14,0.429,1,2,0.5,2,8,10,7,1,0,4,4,-1
0022200423,2022-12-14,2022-23,regular_season,False,1610612746,LAC,LA Clippers,1610612750,MIN,Minnesota Timberwolves,19,22,L,7,23,0.304,2,12,0.167,3,4,0.75,6,9,15,2,4,1,6,6,-3,8,18,0.444,0,6,0.0,6,8,0.75,0,9,9,5,4,1,5,4,3
0022200422,2022-12-14,2022-23,regular_season,False,1610612743,DEN,Denver Nuggets,1610612764,WAS,Washington Wizards,34,36,L,11,22,0.5,1,7,0.143,11,12,0.917,3,7,10,6,3,1,3,4,-2,14,23,0.609,6,10,0.6,2,4,0.5,1,8,9,14,2,1,4,9,2
0022200420,2022-12-14,2022-23,regular_season,False,1610612759,SAS,San Antonio Spurs,1610612757,POR,Portland Trail Blazers,29,34,L,12,25,0.48,2,3,0.667,3,6,0.5,4,6,10,4,4,1,2,6,-5,12,18,0.667,6,11,0.545,4,7,0.571,1,10,11,7,0,1,5,5,5
0022200419,2022-12-14,2022-23,regular_season,False,1610612760,OKC,Oklahoma City Thunder,1610612748,MIA,Miami Heat,21,33,L,9,20,0.45,3,10,0.3,0,0,0.0,2,3,5,4,2,0,4,3,-12,10,19,0.526,9,16,0.562,4,4,1.0,3,8,11,7,4,0,5,3,12
0022200421,2022-12-14,2022-23,regular_season,False,1610612742,DAL,Dallas Mavericks,1610612739,CLE,Cleveland Cavaliers,22,34,L,6,18,0.333,4,10,0.4,6,10,0.6,3,6,9,4,0,2,4,5,-12,13,21,0.619,3,5,0.6,5,8,0.625,1,12,13,9,1,0,1,5,12
0022200417,2022-12-14,2022-23,regular_season,False,1610612761,TOR,Toronto Raptors,1610612758,SAC,Sacramento Kings,31,36,L,14,26,0.538,1,5,0.2,2,2,1.0,1,6,7,8,2,2,0,7,-5,12,26,0.462,3,11,0.273,9,10,0.9,5,10,15,5,0,1,3,1,5
0022200416,2022-12-14,2022-23,regular_season,False,1610612753,ORL,Orlando Magic,1610612737,ATL,Atlanta Hawks,26,40,L,10,23,0.435,2,8,0.25,4,6,0.667,3,8,11,5,1,2,1,5,-14,13,25,0.52,6,12,0.5,8,8,1.0,3,10,13,11,0,2,1,3,14
0022200415,2022-12-14,2022-23,regular_season,False,1610612754,IND,Indiana Pacers,1610612744,GSW,Golden State Warriors,47,28,W,16,23,0.696,9,13,0.692,6,7,0.857,2,10,12,11,4,2,6,6,19,10,23,0.435,3,9,0.333,5,6,0.833,3,4,7,6,1,0,7,5,-19
0022200414,2022-12-14,2022-23,regular_season,False,1610612766,CHA,Charlotte Hornets,1610612765,DET,Detroit Pistons,36,38,L,13,27,0.481,4,9,0.444,6,9,0.667,3,9,12,5,4,2,0,8,-2,11,20,0.55,5,9,0.556,11,14,0.786,2,8,10,5,0,1,4,7,2
0022200418,2022-12-14,2022-23,regular_season,False,1610612741,CHI,Chicago Bulls,1610612752,NYK,New York Knicks,27,35,L,11,20,0.55,2,5,0.4,3,3,1.0,0,4,4,5,1,1,4,5,-8,13,18,0.722,4,7,0.571,5,6,0.833,1,9,10,7,2,2,5,6,8
0022200424,2022-12-15,2022-23,regular_season,False,1610612745,HOU,Houston Rockets,1610612748,MIA,Miami Heat,23,37,L,9,21,0.429,3,9,0.333,2,3,0.667,2,8,10,6,1,0,5,4,-14,14,25,0.56,5,12,0.417,4,5,0.8,3,9,12,9,3,2,3,4,14
0022200425,2022-12-15,2022-23,regular_season,False,1610612763,MEM,Memphis Grizzlies,1610612749,MIL,Milwaukee Bucks,37,23,W,17,28,0.607,2,6,0.333,1,2,0.5,6,10,16,6,1,1,1,5,14,8,21,0.381,3,12,0.25,4,8,0.5,2,5,7,6,1,0,2,3,-14
0022200426,2022-12-15,2022-23,regular_season,False,1610612762,UTA,Utah Jazz,1610612740,NOP,New Orleans Pelicans,31,37,L,12,23,0.522,5,12,0.417,2,2,1.0,1,4,5,8,2,0,4,5,-6,13,24,0.542,4,9,0.444,7,7,1.0,5,9,14,4,2,1,6,3,6
0022200427,2022-12-15,2022-23,regular_season,False,1610612746,LAC,LA Clippers,1610612756,PHX,Phoenix Suns,19,35,L,7,24,0.292,4,12,0.333,1,2,0.5,8,6,14,4,0,2,6,5,-16,15,27,0.556,3,9,0.333,2,4,0.5,4,9,13,10,3,1,0,4,16
0022200435,2022-12-16,2022-23,regular_season,False,1610612760,OKC,Oklahoma City Thunder,1610612750,MIN,Minnesota Timberwolves,22,33,L,10,22,0.455,2,10,0.2,0,1,0.0,3,7,10,7,2,2,7,5,-11,13,25,0.52,3,7,0.429,4,5,0.8,4,9,13,7,5,0,3,1,11
0022200437,2022-12-16,2022-23,regular_season,False,1610612747,LAL,Los Angeles Lakers,1610612743,DEN,Denver Nuggets,31,33,L,10,21,0.476,4,9,0.444,7,7,1.0,0,9,9,5,2,1,5,5,-2,12,22,0.545,3,8,0.375,6,9,0.667,2,8,10,9,3,2,4,5,2
0022200436,2022-12-16,2022-23,regular_season,False,1610612742,DAL,Dallas Mavericks,1610612757,POR,Portland Trail Blazers,41,31,W,12,21,0.571,6,14,0.429,11,14,0.786,2,7,9,6,2,1,0,7,10,10,17,0.588,2,6,0.333,9,11,0.818,2,6,8,4,0,0,4,11,-10
0022200434,2022-12-16,2022-23,regular_season,False,1610612741,CHI,Chicago Bulls,1610612752,NYK,New York Knicks,21,29,L,9,18,0.5,2,5,0.4,1,2,0.5,0,9,9,6,0,0,7,8,-8,9,25,0.36,4,11,0.364,7,11,0.636,6,8,14,4,5,1,4,3,8
0022200433,2022-12-16,2022-23,regular_season,False,1610612761,TOR,Toronto Raptors,1610612751,BKN,Brooklyn Nets,33,33,L,11,25,0.44,5,10,0.5,6,8,0.75,3,5,8,7,3,1,1,6,0,13,21,0.619,3,5,0.6,4,4,1.0,1,11,12,5,1,1,6,9,0
0022200431,2022-12-16,2022-23,regular_season,False,1610612739,CLE,Cleveland Cavaliers,1610612754,IND,Indiana Pacers,25,30,L,6,18,0.333,2,7,0.286,11,11,1.0,2,5,7,3,3,0,4,8,-5,9,18,0.5,2,6,0.333,10,12,0.833,2,9,11,8,2,2,4,8,5
0022200430,2022-12-16,2022-23,regular_season,False,1610612738,BOS,Boston Celtics,1610612753,ORL,Orlando Magic,26,30,L,7,19,0.368,1,12,0.083,11,12,0.917,1,10,11,4,2,3,2,5,-4,12,27,0.444,3,10,0.3,3,4,0.75,4,12,16,6,2,0,3,6,4
0022200429,2022-12-16,2022-23,regular_season,False,1610612765,DET,Detroit Pistons,1610612758,SAC,Sacramento Kings,34,27,W,11,19,0.579,2,8,0.25,10,12,0.833,3,6,9,8,4,0,7,7,7,10,19,0.526,1,6,0.167,6,8,0.75,2,5,7,6,2,0,7,8,-7
0022200428,2022-12-16,2022-23,regular_season,False,1610612766,CHA,Charlotte Hornets,1610612737,ATL,Atlanta Hawks,35,37,L,13,26,0.5,7,13,0.538,2,3,0.667,4,6,10,8,2,2,2,7,-2,12,19,0.632,4,7,0.571,9,10,0.9,0,9,9,7,1,2,3,7,2
0022200432,2022-12-16,2022-23,regular_season,False,1610612755,PHI,Philadelphia 76ers,1610612744,GSW,Golden State Warriors,22,19,W,5,20,0.25,3,10,0.3,9,12,0.75,5,11,16,3,3,3,6,4,3,7,21,0.333,2,8,0.25,3,4,0.75,1,11,12,5,2,3,5,8,-3
0022200444,2022-12-17,2022-23,regular_season,False,1610612756,PHX,Phoenix Suns,1610612740,NOP,New Orleans Pelicans,19,29,L,6,20,0.3,2,11,0.182,5,8,0.625,3,9,12,3,1,3,4,4,-10,12,25,0.48,3,9,0.333,2,2,1.0,1,11,12,5,2,0,4,8,10
0022200443,2022-12-17,2022-23,regular_season,False,1610612760,OKC,Oklahoma City Thunder,1610612763,MEM,Memphis Grizzlies,39,22,W,13,24,0.542,6,9,0.667,7,11,0.636,4,13,17,10,1,0,3,7,17,6,20,0.3,2,9,0.222,8,11,0.727,1,8,9,3,2,2,2,4,-17
0022200441,2022-12-17,2022-23,regular_season,False,1610612745,HOU,Houston Rockets,1610612757,POR,Portland Trail Blazers,24,24,L,9,25,0.36,1,7,0.143,5,6,0.833,3,9,12,7,1,3,4,4,0,10,21,0.476,1,6,0.167,3,4,0.75,2,8,10,7,1,2,3,5,0
0022200442,2022-12-17,2022-23,regular_season,False,1610612749,MIL,Milwaukee Bucks,1610612762,UTA,Utah Jazz,29,25,W,11,23,0.478,5,12,0.417,2,2,1.0,2,9,11,6,3,0,2,4,4,10,22,0.455,4,11,0.364,1,1,1.0,2,7,9,5,0,0,4,2,-4
0022200439,2022-12-17,2022-23,regular_season,False,1610612759,SAS,San Antonio Spurs,1610612748,MIA,Miami Heat,27,27,L,9,22,0.409,3,7,0.429,6,8,0.75,1,10,11,9,1,2,2,5,0,12,25,0.48,0,5,0.0,3,6,0.5,4,9,13,7,2,3,2,6,0
0022200438,2022-12-17,2022-23,regular_season,False,1610612746,LAC,LA Clippers,1610612764,WAS,Washington Wizards,30,29,W,11,25,0.44,6,11,0.545,2,2,1.0,3,6,9,7,3,2,5,1,1,12,20,0.6,4,8,0.5,1,2,0.5,2,10,12,7,4,0,7,5,-1
0022200440,2022-12-17,2022-23,regular_season,False,1610612739,CLE,Cleveland Cavaliers,1610612742,DAL,Dallas Mavericks,20,20,W,9,23,0.391,1,7,0.143,1,3,0.333,4,12,16,6,2,3,3,6,0,9,23,0.391,1,10,0.1,1,2,0.5,3,9,12,3,2,1,2,3,0
0022200451,2022-12-18,2022-23,regular_season,False,1610612747,LAL,Los Angeles Lakers,1610612764,WAS,Washington Wizards,36,23,W,14,22,0.636,2,4,0.5,6,7,0.857,3,10,13,9,2,2,3,3,13,9,22,0.409,2,8,0.25,3,5,0.6,1,3,4,6,2,0,2,3,-13
0022200445,2022-12-18,2022-23,regular_season,False,1610612738,BOS,Boston Celtics,1610612753,ORL,Orlando Magic,18,24,L,4,22,0.182,3,13,0.231,7,8,0.875,1,12,13,4,2,2,3,4,-6,8,24,0.333,2,6,0.333,6,6,1.0,3,13,16,4,3,2,2,6,6
0022200446,2022-12-18,2022-23,regular_season,False,1610612754,IND,Indiana Pacers,1610612752,NYK,New York Knicks,25,25,L,9,23,0.391,1,4,0.25,6,7,0.857,4,10,14,5,1,0,7,5,0,11,26,0.423,1,9,0.111,2,2,1.0,5,8,13,5,2,4,4,7,0
0022200447,2022-12-18,2022-23,regular_season,False,1610612765,DET,Detroit Pistons,1610612751,BKN,Brooklyn Nets,36,33,W,16,23,0.696,0,3,0.0,4,5,0.8,3,6,9,6,4,0,2,4,3,13,21,0.619,5,10,0.5,2,3,0.667,1,5,6,8,2,2,4,5,-3
0022200448,2022-12-18,2022-23,regular_season,False,1610612761,TOR,Toronto Raptors,1610612744,GSW,Golden State Warriors,28,32,L,11,28,0.393,3,7,0.429,3,3,1.0,9,8,17,6,2,1,6,8,-4,10,21,0.476,3,8,0.375,9,10,0.9,3,4,7,7,3,1,3,3,4
0022200449,2022-12-18,2022-23,regular_season,False,1610612750,MIN,Minnesota Timberwolves,1610612741,CHI,Chicago Bulls,39,31,W,15,21,0.714,6,9,0.667,3,5,0.6,1,8,9,8,0,1,5,4,8,14,24,0.583,3,8,0.375,0,1,0.0,2,4,6,5,2,1,4,5,-8
0022200450,2022-12-18,2022-23,regular_season,False,1610612743,DEN,Denver Nuggets,1610612766,CHA,Charlotte Hornets,35,27,W,13,25,0.52,2,5,0.4,7,11,0.636,4,12,16,8,0,1,1,4,8,9,23,0.391,3,9,0.333,6,7,0.857,1,8,9,6,1,2,2,7,-8
0022200460,2022-12-19,2022-23,regular_season,False,1610612758,SAC,Sacramento Kings,1610612766,CHA,Charlotte Hornets,33,27,W,12,20,0.6,3,7,0.429,6,8,0.75,1,12,13,7,2,1,3,7,6,12,25,0.48,0,6,0.0,3,6,0.5,2,7,9,7,2,0,2,5,-6
0022200458,2022-12-19,2022-23,regular_season,False,1610612760,OKC,Oklahoma City Thunder,1610612757,POR,Portland Trail Blazers,33,30,W,10,21,0.476,4,8,0.5,9,11,0.818,2,10,12,6,1,3,3,5,3,11,29,0.379,4,8,0.5,4,5,0.8,8,7,15,5,0,0,1,5,-3
0022200459,2022-12-19,2022-23,regular_season,False,1610612756,PHX,Phoenix Suns,1610612747,LAL,Los Angeles Lakers,30,20,W,9,25,0.36,4,12,0.333,8,11,0.727,8,8,16,5,6,2,2,4,10,8,20,0.4,2,7,0.286,2,2,1.0,2,8,10,4,2,2,6,6,-10
0022200457,2022-12-19,2022-23,regular_season,False,1610612740,NOP,New Orleans Pelicans,1610612749,MIL,Milwaukee Bucks,34,36,L,12,23,0.522,6,11,0.545,4,4,1.0,3,1,4,9,3,0,5,3,-2,15,22,0.682,3,8,0.375,3,3,1.0,4,6,10,10,3,0,7,5,2
0022200453,2022-12-19,2022-23,regular_season,False,1610612755,PHI,Philadelphia 76ers,1610612761,TOR,Toronto Raptors,35,23,W,12,22,0.545,6,13,0.462,5,5,1.0,2,9,11,9,1,1,1,4,12,9,27,0.333,2,10,0.2,3,4,0.75,7,8,15,5,0,0,2,4,-12
0022200455,2022-12-19,2022-23,regular_season,False,1610612745,HOU,Houston Rockets,1610612759,SAS,San Antonio Spurs,34,25,W,14,24,0.583,1,5,0.2,5,11,0.455,3,7,10,11,5,0,2,4,9,10,18,0.556,4,7,0.571,1,1,1.0,0,9,9,5,2,1,9,6,-9
0022200454,2022-12-19,2022-23,regular_season,False,1610612737,ATL,Atlanta Hawks,1610612753,ORL,Orlando Magic,34,38,L,15,27,0.556,1,8,0.125,3,4,0.75,2,7,9,8,0,0,3,4,-4,15,28,0.536,5,14,0.357,3,3,1.0,2,7,9,8,2,4,0,5,4
0022200452,2022-12-19,2022-23,regular_season,False,1610612739,CLE,Cleveland Cavaliers,1610612762,UTA,Utah Jazz,33,23,W,13,18,0.722,3,7,0.429,4,4,1.0,1,10,11,7,2,2,8,5,10,7,22,0.318,2,9,0.222,7,7,1.0,3,3,6,2,5,0,6,7,-10
0022200456,2022-12-19,2022-23,regular_season,False,1610612750,MIN,Minnesota Timberwolves,1610612742,DAL,Dallas Mavericks,36,14,W,13,22,0.591,3,6,0.5,7,9,0.778,1,11,12,5,3,1,1,5,22,4,16,0.25,2,10,0.2,4,4,1.0,0,8,8,2,0,2,6,8,-22
0022200461,2022-12-20,2022-23,regular_season,False,1610612765,DET,Detroit Pistons,1610612762,UTA,Utah Jazz,36,30,W,15,22,0.682,4,7,0.571,2,2,1.0,2,7,9,7,0,0,3,4,6,10,19,0.526,5,13,0.385,5,7,0.714,2,4,6,8,1,1,4,5,-6
0022200462,2022-12-20,2022-23,regular_season,False,1610612748,MIA,Miami Heat,1610612741,CHI,Chicago Bulls,36,21,W,14,22,0.636,6,13,0.462,2,3,0.667,2,7,9,10,3,0,2,4,15,6,14,0.429,2,6,0.333,7,8,0.875,1,7,8,3,1,0,6,3,-15
0022200463,2022-12-20,2022-23,regular_season,False,1610612752,NYK,New York Knicks,1610612744,GSW,Golden State Warriors,36,31,W,13,21,0.619,5,10,0.5,5,7,0.714,3,5,8,7,2,0,3,7,5,11,18,0.611,6,11,0.545,3,4,0.75,1,3,4,6,0,0,3,5,-5
0022200464,2022-12-20,2022-23,regular_season,False,1610612756,PHX,Phoenix Suns,1610612764,WAS,Washington Wizards,18,26,L,7,22,0.318,3,9,0.333,1,2,0.5,2,5,7,5,1,0,3,3,-8,10,21,0.476,3,6,0.5,3,4,0.75,2,13,15,5,2,1,4,2,8
0022200465,2022-12-20,2022-23,regular_season,False,1610612743,DEN,Denver Nuggets,1610612763,MEM,Memphis Grizzlies,20,26,L,6,19,0.316,2,8,0.25,6,10,0.6,3,10,13,4,0,2,7,6,-6,11,24,0.458,3,9,0.333,1,3,0.333,2,10,12,8,3,2,3,7,6
0022200475,2022-12-21,2022-23,regular_season,False,1610612758,SAC,Sacramento Kings,1610612747,LAL,Los Angeles Lakers,41,32,W,14,23,0.609,5,10,0.5,8,9,0.889,1,9,10,9,0,0,2,4,9,13,22,0.591,2,5,0.4,4,5,0.8,0,7,7,5,2,1,2,7,-9
0022200474,2022-12-21,2022-23,regular_season,False,1610612760,OKC,Oklahoma City Thunder,1610612757,POR,Portland Trail Blazers,27,22,W,10,18,0.556,0,5,0.0,7,8,0.875,3,8,11,3,1,0,3,5,5,8,19,0.421,2,6,0.333,4,5,0.8,3,5,8,6,1,1,3,6,-5
0022200473,2022-12-21,2022-23,regular_season,False,1610612750,MIN,Minnesota Timberwolves,1610612742,DAL,Dallas Mavericks,21,22,L,8,20,0.4,2,7,0.286,3,4,0.75,4,8,12,3,3,1,5,2,-1,10,21,0.476,2,8,0.25,0,0,0.0,3,8,11,4,2,0,4,3,1
0022200472,2022-12-21,2022-23,regular_season,False,1610612745,HOU,Houston Rockets,1610612753,ORL,Orlando Magic,33,29,W,12,24,0.5,6,12,0.5,3,5,0.6,5,8,13,7,3,1,2,5,4,9,19,0.474,4,9,0.444,7,8,0.875,2,6,8,7,1,3,4,4,-4
0022200471,2022-12-21,2022-23,regular_season,False,1610612752,NYK,New York Knicks,1610612761,TOR,Toronto Raptors,26,35,L,9,18,0.5,4,8,0.5,4,7,0.571,4,6,10,6,0,1,7,2,-9,15,24,0.625,3,6,0.5,2,3,0.667,2,4,6,8,3,1,1,6,9
0022200476,2022-12-21,2022-23,regular_season,False,1610612746,LAC,LA Clippers,1610612766,CHA,Charlotte Hornets,34,21,W,12,24,0.5,8,17,0.471,2,2,1.0,2,14,16,8,4,1,5,7,13,7,23,0.304,1,7,0.143,6,8,0.75,2,9,11,5,2,1,4,2,-13
0022200469,2022-12-21,2022-23,regular_season,False,1610612738,BOS,Boston Celtics,1610612754,IND,Indiana Pacers,21,29,L,8,23,0.348,2,7,0.286,3,4,0.75,4,9,13,4,1,3,6,2,-8,13,31,0.419,2,10,0.2,1,1,1.0,6,10,16,7,4,1,2,4,8
0022200468,2022-12-21,2022-23,regular_season,False,1610612737,ATL,Atlanta Hawks,1610612741,CHI,Chicago Bulls,26,31,L,8,21,0.381,3,7,0.429,7,7,1.0,2,8,10,3,2,1,7,4,-5,12,20,0.6,2,6,0.333,5,6,0.833,1,11,12,7,5,1,6,4,5
0022200467,2022-12-21,2022-23,regular_season,False,1610612755,PHI,Philadelphia 76ers,1610612765,DET,Detroit Pistons,26,22,W,10,23,0.435,2,10,0.2,4,5,0.8,3,6,9,6,4,1,2,6,4,9,16,0.562,0,1,0.0,4,8,0.5,2,9,11,1,1,1,8,5,-4
0022200466,2022-12-21,2022-23,regular_season,False,1610612739,CLE,Cleveland Cavaliers,1610612749,MIL,Milwaukee Bucks,25,22,W,10,25,0.4,2,9,0.222,3,4,0.75,4,6,10,4,4,1,3,6,3,8,20,0.4,3,7,0.429,3,5,0.6,4,10,14,5,3,1,9,4,-3
0022200470,2022-12-21,2022-23,regular_season,False,1610612751,BKN,Brooklyn Nets,1610612744,GSW,Golden State Warriors,45,34,W,18,26,0.692,6,10,0.6,3,3,1.0,1,3,4,10,1,2,0,6,11,12,19,0.632,3,6,0.5,7,10,0.7,4,7,11,10,0,0,6,2,-11
0022200477,2022-12-22,2022-23,regular_season,False,1610612740,NOP,New Orleans Pelicans,1610612759,SAS,San Antonio Spurs,28,29,L,10,23,0.435,2,7,0.286,6,6,1.0,2,9,11,4,5,1,6,8,-1,8,18,0.444,2,4,0.5,11,13,0.846,3,10,13,4,2,0,6,6,1
0022200478,2022-12-22,2022-23,regular_season,False,1610612762,UTA,Utah Jazz,1610612764,WAS,Washington Wizards,30,39,L,9,18,0.5,3,6,0.5,9,9,1.0,1,7,8,4,1,0,5,3,-9,17,24,0.708,3,5,0.6,2,2,1.0,0,8,8,7,2,0,2,7,9
0022200492,2022-12-23,2022-23,regular_season,False,1610612747,LAL,Los Angeles Lakers,1610612766,CHA,Charlotte Hornets,36,40,L,13,23,0.565,7,12,0.583,3,5,0.6,1,5,6,5,0,0,4,5,-4,16,23,0.696,4,8,0.5,4,4,1.0,2,10,12,9,3,1,5,7,4
0022200491,2022-12-23,2022-23,regular_season,False,1610612758,SAC,Sacramento Kings,1610612764,WAS,Washington Wizards,23,40,L,8,19,0.421,2,5,0.4,5,7,0.714,1,9,10,3,1,0,5,6,-17,14,23,0.609,5,10,0.5,7,8,0.875,1,10,11,11,5,1,1,4,17
0022200490,2022-12-23,2022-23,regular_season,False,1610612756,PHX,Phoenix Suns,1610612763,MEM,Memphis Grizzlies,18,20,L,7,21,0.333,2,9,0.222,2,5,0.4,3,6,9,6,2,4,5,8,-2,8,23,0.348,0,5,0.0,4,8,0.5,7,10,17,5,1,1,4,6,2
0022200489,2022-12-23,2022-23,regular_season,False,1610612743,DEN,Denver Nuggets,1610612757,POR,Portland Trail Blazers,26,37,L,10,20,0.5,2,6,0.333,4,7,0.571,2,9,11,7,2,1,5,10,-11,13,23,0.565,3,6,0.5,8,13,0.615,3,8,11,10,3,2,2,6,11
0022200488,2022-12-23,2022-23,regular_season,False,1610612760,OKC,Oklahoma City Thunder,1610612740,NOP,New Orleans Pelicans,23,31,L,9,24,0.375,1,9,0.111,4,7,0.571,3,7,10,3,2,1,4,4,-8,11,26,0.423,4,10,0.4,5,6,0.833,5,12,17,8,2,0,5,5,8
0022200487,2022-12-23,2022-23,regular_season,False,1610612745,HOU,Houston Rockets,1610612742,DAL,Dallas Mavericks,26,31,L,6,16,0.375,1,4,0.25,13,14,0.929,2,4,6,5,4,2,3,4,-5,11,21,0.524,5,7,0.714,4,4,1.0,4,5,9,7,3,3,5,9,5
0022200486,2022-12-23,2022-23,regular_season,False,1610612748,MIA,Miami Heat,1610612754,IND,Indiana Pacers,30,25,W,12,24,0.5,4,6,0.667,2,2,1.0,4,7,11,8,3,1,3,3,5,9,21,0.429,5,11,0.455,2,3,0.667,3,7,10,8,3,0,7,6,-5
0022200483,2022-12-23,2022-23,regular_season,False,1610612751,BKN,Brooklyn Nets,1610612749,MIL,Milwaukee Bucks,24,18,W,10,23,0.435,2,9,0.222,2,2,1.0,3,6,9,6,5,0,3,5,6,6,18,0.333,1,7,0.143,5,5,1.0,4,8,12,3,1,0,7,5,-6
0022200484,2022-12-23,2022-23,regular_season,False,1610612739,CLE,Cleveland Cavaliers,1610612761,TOR,Toronto Raptors,22,30,L,8,21,0.381,2,10,0.2,4,8,0.5,3,7,10,5,3,0,5,7,-8,10,20,0.5,6,11,0.545,4,6,0.667,3,10,13,8,3,0,5,6,8
0022200482,2022-12-23,2022-23,regular_season,False,1610612738,BOS,Boston Celtics,1610612750,MIN,Minnesota Timberwolves,32,27,W,11,23,0.478,5,12,0.417,5,8,0.625,3,8,11,8,2,3,3,3,5,12,28,0.429,3,10,0.3,0,1,0.0,7,8,15,8,1,1,4,6,-5
0022200481,2022-12-23,2022-23,regular_season,False,1610612737,ATL,Atlanta Hawks,1610612765,DET,Detroit Pistons,28,29,L,12,24,0.5,0,7,0.0,4,6,0.667,1,9,10,6,4,2,2,6,-1,11,23,0.478,0,5,0.0,7,9,0.778,1,12,13,4,1,0,5,3,1
0022200480,2022-12-23,2022-23,regular_season,False,1610612755,PHI,Philadelphia 76ers,1610612746,LAC,LA Clippers,27,30,L,11,24,0.458,2,6,0.333,3,3,1.0,3,7,10,5,3,0,2,3,-3,12,20,0.6,5,10,0.5,1,3,0.333,2,8,10,10,2,3,4,4,3
0022200479,2022-12-23,2022-23,regular_season,False,1610612753,ORL,Orlando Magic,1610612759,SAS,San Antonio Spurs,27,33,L,12,24,0.5,1,5,0.2,2,3,0.667,3,8,11,5,2,0,5,4,-6,13,27,0.481,4,12,0.333,3,4,0.75,5,10,15,10,1,1,4,4,6
0022200485,2022-12-23,2022-23,regular_season,False,1610612752,NYK,New York Knicks,1610612741,CHI,Chicago Bulls,38,29,W,14,22,0.636,6,9,0.667,4,5,0.8,2,10,12,7,1,1,2,3,9,12,22,0.545,4,6,0.667,1,4,0.25,2,5,7,7,1,2,1,4,-9
0022200496,2022-12-25,2022-23,regular_season,False,1610612744,GSW,Golden State Warriors,1610612763,MEM,Memphis Grizzlies,26,25,W,9,21,0.429,5,10,0.5,3,5,0.6,3,11,14,8,1,0,5,2,1,10,22,0.455,1,7,0.143,4,6,0.667,1,10,11,3,4,3,3,6,-1
0022200497,2022-12-25,2022-23,regular_season,False,1610612743,DEN,Denver Nuggets,1610612756,PHX,Phoenix Suns,23,33,L,7,19,0.368,3,9,0.333,6,9,0.667,2,6,8,5,0,1,2,7,-10,10,20,0.5,5,9,0.556,8,8,1.0,2,10,12,9,0,1,2,8,10
0022200495,2022-12-25,2022-23,regular_season,False,1610612738,BOS,Boston Celtics,1610612749,MIL,Milwaukee Bucks,26,33,L,8,18,0.444,0,5,0.0,10,14,0.714,0,5,5,5,4,1,5,7,-7,12,19,0.632,2,6,0.333,7,9,0.778,2,11,13,3,4,1,6,9,7
0022200494,2022-12-25,2022-23,regular_season,False,1610612742,DAL,Dallas Mavericks,1610612747,LAL,Los Angeles Lakers,22,26,L,9,21,0.429,2,11,0.182,2,6,0.333,1,6,7,5,1,2,2,2,-4,11,23,0.478,4,9,0.444,0,0,0.0,1,12,13,5,0,0,3,5,4
0022200493,2022-12-25,2022-23,regular_season,False,1610612752,NYK,New York Knicks,1610612755,PHI,Philadelphia 76ers,26,35,L,10,23,0.435,3,7,0.429,3,3,1.0,6,5,11,6,0,0,2,9,-9,10,16,0.625,6,8,0.75,9,11,0.818,1,6,7,7,1,0,1,6,9
0022200498,2022-12-26,2022-23,regular_season,False,1610612739,CLE,Cleveland Cavaliers,1610612751,BKN,Brooklyn Nets,27,31,L,10,20,0.5,2,6,0.333,5,5,1.0,2,6,8,6,2,0,4,2,-4,13,21,0.619,5,6,0.833,0,1,0.0,1,7,8,6,2,0,5,4,4
0022200499,2022-12-26,2022-23,regular_season,False,1610612765,DET,Detroit Pistons,1610612746,LAC,LA Clippers,25,35,L,8,21,0.381,4,7,0.571,5,7,0.714,1,7,8,7,3,0,3,4,-10,13,23,0.565,8,16,0.5,1,1,1.0,3,11,14,7,2,0,5,5,10
0022200500,2022-12-26,2022-23,regular_season,False,1610612748,MIA,Miami Heat,1610612750,MIN,Minnesota Timberwolves,26,25,W,11,25,0.44,4,16,0.25,0,0,0.0,5,7,12,5,2,1,5,7,1,9,19,0.474,3,8,0.375,4,5,0.8,1,8,9,6,2,0,4,1,-1
0022200501,2022-12-26,2022-23,regular_season,False,1610612741,CHI,Chicago Bulls,1610612745,HOU,Houston Rockets,39,28,W,15,26,0.577,6,12,0.5,3,4,0.75,3,6,9,9,2,0,0,4,11,11,21,0.524,5,12,0.417,1,2,0.5,2,6,8,6,0,0,4,4,-11
0022200502,2022-12-26,2022-23,regular_season,False,1610612740,NOP,New Orleans Pelicans,1610612754,IND,Indiana Pacers,33,20,W,10,22,0.455,3,7,0.429,10,13,0.769,4,12,16,8,2,2,1,6,13,8,22,0.364,2,10,0.2,2,4,0.5,1,8,9,5,1,3,3,7,-13
0022200503,2022-12-26,2022-23,regular_season,False,1610612759,SAS,San Antonio Spurs,1610612762,UTA,Utah Jazz,32,30,W,12,19,0.632,1,4,0.25,7,10,0.7,1,9,10,3,4,3,5,8,2,8,24,0.333,5,14,0.357,9,10,0.9,5,7,12,4,4,0,4,6,-2
0022200504,2022-12-26,2022-23,regular_season,False,1610612757,POR,Portland Trail Blazers,1610612766,CHA,Charlotte Hornets,31,33,L,8,21,0.381,0,8,0.0,15,15,1.0,2,11,13,2,1,3,2,6,-2,14,30,0.467,3,6,0.5,2,5,0.4,4,8,12,8,2,1,1,9,2
0022200513,2022-12-27,2022-23,regular_season,False,1610612744,GSW,Golden State Warriors,1610612766,CHA,Charlotte Hornets,28,26,W,10,30,0.333,0,11,0.0,8,9,0.889,5,11,16,6,1,0,4,6,2,10,24,0.417,1,8,0.125,5,7,0.714,2,11,13,4,1,3,4,7,-2
0022200512,2022-12-27,2022-23,regular_season,False,1610612742,DAL,Dallas Mavericks,1610612752,NYK,New York Knicks,27,33,L,9,24,0.375,5,18,0.278,4,4,1.0,2,8,10,6,1,0,0,4,-6,12,22,0.545,6,13,0.462,3,3,1.0,2,10,12,7,0,0,1,4,6
0022200511,2022-12-27,2022-23,regular_season,False,1610612760,OKC,Oklahoma City Thunder,1610612759,SAS,San Antonio Spurs,32,27,W,11,25,0.44,4,8,0.5,6,7,0.857,6,10,16,6,3,2,5,5,5,12,27,0.444,1,8,0.125,2,2,1.0,3,8,11,3,4,0,4,4,-5
0022200510,2022-12-27,2022-23,regular_season,False,1610612763,MEM,Memphis Grizzlies,1610612756,PHX,Phoenix Suns,27,42,L,8,26,0.308,2,7,0.286,9,9,1.0,8,2,10,5,3,1,5,7,-15,13,19,0.684,7,10,0.7,9,9,1.0,2,5,7,6,3,3,5,6,15
0022200514,2022-12-27,2022-23,regular_season,False,1610612758,SAC,Sacramento Kings,1610612743,DEN,Denver Nuggets,24,27,L,10,20,0.5,2,8,0.25,2,2,1.0,1,10,11,6,0,0,5,6,-3,8,21,0.381,3,9,0.333,8,8,1.0,2,7,9,8,4,1,2,2,3
0022200508,2022-12-27,2022-23,regular_season,False,1610612754,IND,Indiana Pacers,1610612737,ATL,Atlanta Hawks,34,27,W,13,26,0.5,3,9,0.333,5,6,0.833,3,13,16,9,1,0,4,7,7,9,22,0.409,1,5,0.2,8,13,0.615,2,9,11,5,2,2,2,4,-7
0022200507,2022-12-27,2022-23,regular_season,False,1610612738,BOS,Boston Celtics,1610612745,HOU,Houston Rockets,34,28,W,9,20,0.45,4,13,0.308,12,12,1.0,2,11,13,5,1,0,5,6,6,10,24,0.417,1,6,0.167,7,8,0.875,3,8,11,4,1,0,4,7,-6
0022200506,2022-12-27,2022-23,regular_season,False,1610612764,WAS,Washington Wizards,1610612755,PHI,Philadelphia 76ers,35,26,W,13,23,0.565,3,7,0.429,6,7,0.857,4,7,11,4,2,0,3,4,9,9,19,0.474,1,7,0.143,7,7,1.0,1,5,6,5,1,1,3,4,-9
0022200505,2022-12-27,2022-23,regular_season,False,1610612753,ORL,Orlando Magic,1610612747,LAL,Los Angeles Lakers,28,32,L,12,23,0.522,2,7,0.286,2,4,0.5,0,8,8,6,1,0,1,7,-4,10,19,0.526,5,13,0.385,7,9,0.778,1,11,12,8,0,0,4,4,4
0022200509,2022-12-27,2022-23,regular_season,False,1610612761,TOR,Toronto Raptors,1610612746,LAC,LA Clippers,27,33,L,8,19,0.421,3,10,0.3,8,10,0.8,2,8,10,6,2,2,4,3,-6,13,22,0.591,4,8,0.5,3,4,0.75,1,10,11,7,2,1,3,5,6
0022200522,2022-12-28,2022-23,regular_season,False,1610612758,SAC,Sacramento Kings,1610612743,DEN,Denver Nuggets,38,35,W,14,25,0.56,4,9,0.444,6,7,0.857,2,5,7,9,3,4,2,5,3,15,26,0.577,1,3,0.333,4,5,0.8,5,7,12,7,2,1,5,9,-3
0022200520,2022-12-28,2022-23,regular_season,False,1610612740,NOP,New Orleans Pelicans,1610612750,MIN,Minnesota Timberwolves,25,27,L,10,20,0.5,2,4,0.5,3,4,0.75,1,9,10,6,3,1,5,4,-2,11,23,0.478,3,10,0.3,2,3,0.667,2,9,11,3,2,2,4,4,2
0022200519,2022-12-28,2022-23,regular_season,False,1610612741,CHI,Chicago Bulls,1610612749,MIL,Milwaukee Bucks,29,23,W,11,21,0.524,2,4,0.5,5,5,1.0,1,10,11,3,0,3,2,5,6,8,23,0.348,0,7,0.0,7,8,0.875,3,8,11,4,1,1,2,2,-6
0022200521,2022-12-28,2022-23,regular_season,False,1610612744,GSW,Golden State Warriors,1610612762,UTA,Utah Jazz,27,22,W,8,20,0.4,4,10,0.4,7,10,0.7,1,12,13,5,0,1,4,7,5,9,23,0.391,2,11,0.182,2,5,0.4,2,11,13,7,1,1,4,9,-5
0022200517,2022-12-28,2022-23,regular_season,False,1610612737,ATL,Atlanta Hawks,1610612751,BKN,Brooklyn Nets,33,25,W,14,24,0.583,2,5,0.4,3,3,1.0,0,7,7,8,2,2,0,6,8,7,15,0.467,3,6,0.5,8,9,0.889,1,7,8,5,0,3,6,4,-8
0022200516,2022-12-28,2022-23,regular_season,False,1610612764,WAS,Washington Wizards,1610612756,PHX,Phoenix Suns,28,34,L,11,22,0.5,2,9,0.222,4,4,1.0,5,7,12,5,0,2,3,4,-6,13,25,0.52,4,8,0.5,4,4,1.0,2,6,8,10,1,1,0,5,6
0022200515,2022-12-28,2022-23,regular_season,False,1610612765,DET,Detroit Pistons,1610612753,ORL,Orlando Magic,39,24,W,12,23,0.522,6,12,0.5,9,12,0.75,4,12,16,9,2,0,2,8,15,6,16,0.375,1,5,0.2,11,15,0.733,1,8,9,6,0,1,3,8,-15
0022200518,2022-12-28,2022-23,regular_season,False,1610612748,MIA,Miami Heat,1610612747,LAL,Los Angeles Lakers,28,27,W,11,24,0.458,2,8,0.25,4,4,1.0,1,6,7,3,2,1,1,3,1,10,20,0.5,4,10,0.4,3,3,1.0,2,10,12,8,1,2,6,5,-1
0022200523,2022-12-29,2022-23,regular_season,False,1610612766,CHA,Charlotte Hornets,1610612760,OKC,Oklahoma City Thunder,21,30,L,6,20,0.3,1,9,0.111,8,14,0.571,6,8,14,4,2,3,4,7,-9,9,21,0.429,3,10,0.3,9,11,0.818,3,9,12,2,1,0,4,11,9
0022200524,2022-12-29,2022-23,regular_season,False,1610612754,IND,Indiana Pacers,1610612739,CLE,Cleveland Cavaliers,35,34,W,13,22,0.591,6,10,0.6,3,3,1.0,1,7,8,7,2,2,2,4,1,14,24,0.583,5,8,0.625,1,1,1.0,3,7,10,7,2,0,3,3,-1
0022200525,2022-12-29,2022-23,regular_season,False,1610612738,BOS,Boston Celtics,1610612746,LAC,LA Clippers,33,23,W,13,24,0.542,2,8,0.25,5,5,1.0,3,12,15,6,0,4,1,6,10,9,25,0.36,2,10,0.2,3,6,0.5,3,7,10,6,0,0,0,4,-10
0022200526,2022-12-29,2022-23,regular_season,False,1610612761,TOR,Toronto Raptors,1610612763,MEM,Memphis Grizzlies,23,27,L,6,20,0.3,3,9,0.333,8,9,0.889,1,9,10,5,2,4,3,4,-4,11,28,0.393,2,8,0.25,3,3,1.0,8,10,18,9,2,1,4,8,4
0022200527,2022-12-29,2022-23,regular_season,False,1610612759,SAS,San Antonio Spurs,1610612752,NYK,New York Knicks,26,24,W,9,21,0.429,2,8,0.25,6,7,0.857,1,11,12,6,0,1,2,7,2,6,21,0.286,1,10,0.1,11,12,0.917,1,8,9,4,1,0,0,6,-2
0022200528,2022-12-29,2022-23,regular_season,False,1610612742,DAL,Dallas Mavericks,1610612745,HOU,Houston Rockets,29,21,W,11,23,0.478,3,12,0.25,4,5,0.8,1,14,15,8,3,2,5,8,8,7,20,0.35,1,7,0.143,6,11,0.545,3,7,10,4,3,0,5,6,-8
0022200534,2022-12-30,2022-23,regular_season,False,1610612740,NOP,New Orleans Pelicans,1610612755,PHI,Philadelphia 76ers,36,33,W,14,23,0.609,6,8,0.75,2,5,0.4,3,7,10,7,5,1,5,4,3,13,21,0.619,6,12,0.5,1,1,1.0,0,6,6,8,3,2,6,4,-3
0022200536,2022-12-30,2022-23,regular_season,False,1610612744,GSW,Golden State Warriors,1610612757,POR,Portland Trail Blazers,19,31,L,5,18,0.278,2,9,0.222,7,8,0.875,6,8,14,3,0,1,7,7,-12,11,24,0.458,3,9,0.333,6,8,0.75,5,8,13,5,2,0,4,8,12
0022200535,2022-12-30,2022-23,regular_season,False,1610612743,DEN,Denver Nuggets,1610612748,MIA,Miami Heat,37,38,L,15,20,0.75,5,6,0.833,2,4,0.5,1,5,6,9,1,0,3,4,-1,13,20,0.65,5,9,0.556,7,9,0.778,1,2,3,9,3,1,1,3,1
0022200533,2022-12-30,2022-23,regular_season,False,1610612749,MIL,Milwaukee Bucks,1610612750,MIN,Minnesota Timberwolves,17,27,L,5,26,0.192,1,14,0.071,6,12,0.5,10,14,24,3,1,2,8,10,-10,7,21,0.333,2,7,0.286,11,13,0.846,2,11,13,4,2,1,3,10,10
0022200537,2022-12-30,2022-23,regular_season,False,1610612758,SAC,Sacramento Kings,1610612762,UTA,Utah Jazz,30,30,W,13,26,0.5,3,9,0.333,1,1,1.0,4,7,11,7,2,0,5,4,0,11,20,0.55,2,8,0.25,6,6,1.0,2,8,10,6,4,1,6,4,0
0022200531,2022-12-30,2022-23,regular_season,False,1610612761,TOR,Toronto Raptors,1610612756,PHX,Phoenix Suns,20,27,L,8,21,0.381,2,9,0.222,2,2,1.0,1,6,7,5,2,1,3,9,-7,9,18,0.5,4,9,0.444,5,6,0.833,1,12,13,5,1,0,6,1,7
0022200529,2022-12-30,2022-23,regular_season,False,1610612753,ORL,Orlando Magic,1610612764,WAS,Washington Wizards,27,29,L,12,28,0.429,2,7,0.286,1,2,0.5,1,9,10,5,2,0,2,9,-2,8,16,0.5,3,8,0.375,10,14,0.714,0,13,13,6,1,0,4,2,2
0022200532,2022-12-30,2022-23,regular_season,False,1610612741,CHI,Chicago Bulls,1610612765,DET,Detroit Pistons,27,33,L,11,23,0.478,4,7,0.571,1,2,0.5,4,4,8,5,2,0,4,4,-6,12,20,0.6,6,10,0.6,3,3,1.0,3,5,8,8,3,1,4,4,6
0022200530,2022-12-30,2022-23,regular_season,False,1610612737,ATL,Atlanta Hawks,1610612747,LAL,Los Angeles Lakers,34,39,L,14,28,0.5,2,10,0.2,4,7,0.571,3,7,10,6,3,1,0,5,-5,15,26,0.577,4,7,0.571,5,5,1.0,3,13,16,12,0,1,4,4,5
0022200545,2022-12-31,2022-23,regular_season,False,1610612760,OKC,Oklahoma City Thunder,1610612755,PHI,Philadelphia 76ers,23,31,L,8,24,0.333,3,9,0.333,4,5,0.8,4,6,10,3,2,3,3,6,-8,11,23,0.478,2,6,0.333,7,8,0.875,3,11,14,8,2,2,3,5,8
0022200546,2022-12-31,2022-23,regular_season,False,1610612762,UTA,Utah Jazz,1610612748,MIA,Miami Heat,33,38,L,8,15,0.533,5,9,0.556,12,14,0.857,1,6,7,8,1,0,3,6,-5,14,25,0.56,5,12,0.417,5,7,0.714,5,5,10,11,1,0,2,9,5
0022200543,2022-12-31,2022-23,regular_season,False,1610612763,MEM,Memphis Grizzlies,1610612740,NOP,New Orleans Pelicans,22,25,L,10,26,0.385,2,8,0.25,0,0,0.0,4,13,17,5,2,5,5,7,-3,8,25,0.32,3,8,0.375,6,9,0.667,4,10,14,4,1,1,4,2,3
0022200542,2022-12-31,2022-23,regular_season,False,1610612759,SAS,San Antonio Spurs,1610612742,DAL,Dallas Mavericks,34,36,L,15,24,0.625,3,7,0.429,1,3,0.333,4,5,9,12,0,0,1,3,-2,15,22,0.682,5,8,0.625,1,2,0.5,2,6,8,7,0,0,1,3,2
0022200544,2022-12-31,2022-23,regular_season,False,1610612750,MIN,Minnesota Timberwolves,1610612765,DET,Detroit Pistons,25,22,W,9,22,0.409,3,12,0.25,4,4,1.0,4,7,11,3,3,3,5,2,3,10,22,0.455,1,5,0.2,1,1,1.0,4,8,12,6,3,2,8,4,-3
0022200540,2022-12-31,2022-23,regular_season,False,1610612741,CHI,Chicago Bulls,1610612739,CLE,Cleveland Cavaliers,25,32,L,8,21,0.381,0,6,0.0,9,13,0.692,2,10,12,2,2,2,1,1,-7,13,26,0.5,6,15,0.4,0,2,0.0,3,12,15,7,0,2,4,7,7
0022200539,2022-12-31,2022-23,regular_season,False,1610612766,CHA,Charlotte Hornets,1610612751,BKN,Brooklyn Nets,27,29,L,9,24,0.375,1,7,0.143,8,9,0.889,5,10,15,7,1,0,5,7,-2,10,19,0.526,2,8,0.25,7,9,0.778,0,9,9,5,3,1,4,7,2
0022200538,2022-12-31,2022-23,regular_season,False,1610612754,IND,Indiana Pacers,1610612746,LAC,LA Clippers,30,33,L,11,23,0.478,3,8,0.375,5,6,0.833,3,8,11,5,1,0,2,5,-3,11,19,0.579,5,8,0.625,6,7,0.857,0,9,9,8,1,0,1,3,3
0022200541,2022-12-31,2022-23,regular_season,False,1610612745,HOU,Houston Rockets,1610612752,NYK,New York Knicks,14,26,L,6,22,0.273,1,12,0.083,1,3,0.333,3,11,14,3,1,2,8,7,-12,7,22,0.318,3,13,0.231,9,10,0.9,3,11,14,4,2,3,4,6,12
0022200547,2023-01-01,2022-23,regular_season,False,1610612763,MEM,Memphis Grizzlies,1610612758,SAC,Sacramento Kings,32,32,W,13,28,0.464,5,9,0.556,1,3,0.333,6,6,12,9,5,2,3,5,0,12,26,0.462,2,9,0.222,6,6,1.0,6,8,14,8,2,1,5,2,0
0022200548,2023-01-01,2022-23,regular_season,False,1610612749,MIL,Milwaukee Bucks,1610612764,WAS,Washington Wizards,33,34,L,12,29,0.414,4,15,0.267,5,6,0.833,6,7,13,8,4,0,1,3,-1,14,21,0.667,4,6,0.667,2,4,0.5,1,12,13,6,1,1,6,4,1
0022200549,2023-01-01,2022-23,regular_season,False,1610612743,DEN,Denver Nuggets,1610612738,BOS,Boston Celtics,25,26,L,10,22,0.455,3,8,0.375,2,2,1.0,1,9,10,8,3,2,7,7,-1,9,22,0.409,0,5,0.0,8,9,0.889,4,10,14,7,3,2,7,3,1
0022200556,2023-01-02,2022-23,regular_season,False,1610612745,HOU,Houston Rockets,1610612742,DAL,Dallas Mavericks,29,26,W,9,16,0.562,4,7,0.571,8,12,0.667,1,11,12,3,1,3,5,8,3,8,23,0.348,3,10,0.3,7,8,0.875,3,5,8,4,4,1,2,6,-3
0022200559,2023-01-02,2022-23,regular_season,False,1610612757,POR,Portland Trail Blazers,1610612765,DET,Detroit Pistons,39,25,W,15,21,0.714,4,6,0.667,5,7,0.714,1,11,12,12,2,2,3,6,14,8,24,0.333,1,5,0.2,8,8,1.0,4,7,11,3,1,2,3,4,-14
0022200558,2023-01-02,2022-23,regular_season,False,1610612744,GSW,Golden State Warriors,1610612737,ATL,Atlanta Hawks,32,27,W,12,23,0.522,3,8,0.375,5,8,0.625,2,12,14,10,1,1,5,9,5,9,23,0.391,0,5,0.0,9,14,0.643,4,9,13,5,2,2,3,6,-5
0022200557,2023-01-02,2022-23,regular_season,False,1610612750,MIN,Minnesota Timberwolves,1610612743,DEN,Denver Nuggets,36,30,W,11,23,0.478,3,8,0.375,11,12,0.917,4,10,14,7,0,1,2,5,6,11,26,0.423,4,7,0.571,4,6,0.667,6,7,13,7,2,0,3,8,-6
0022200560,2023-01-02,2022-23,regular_season,False,1610612746,LAC,LA Clippers,1610612748,MIA,Miami Heat,21,33,L,6,18,0.333,3,6,0.5,6,7,0.857,1,6,7,3,2,0,4,4,-12,11,20,0.55,5,10,0.5,6,7,0.857,2,11,13,4,1,0,2,5,12
0022200555,2023-01-02,2022-23,regular_season,False,1610612751,BKN,Brooklyn Nets,1610612759,SAS,San Antonio Spurs,37,22,W,14,25,0.56,4,9,0.444,5,5,1.0,3,13,16,10,5,2,3,4,15,7,23,0.304,4,14,0.286,4,6,0.667,3,7,10,5,1,0,6,5,-15
0022200553,2023-01-02,2022-23,regular_season,False,1610612754,IND,Indiana Pacers,1610612761,TOR,Toronto Raptors,37,24,W,14,25,0.56,3,8,0.375,6,6,1.0,5,10,15,6,0,1,2,4,13,8,21,0.381,4,11,0.364,4,6,0.667,2,3,5,7,2,2,2,6,-13
0022200552,2023-01-02,2022-23,regular_season,False,1610612739,CLE,Cleveland Cavaliers,1610612741,CHI,Chicago Bulls,20,31,L,8,19,0.421,2,10,0.2,2,3,0.667,1,8,9,5,0,0,5,7,-11,10,20,0.5,2,6,0.333,9,12,0.75,2,10,12,5,3,1,1,5,11
0022200551,2023-01-02,2022-23,regular_season,False,1610612766,CHA,Charlotte Hornets,1610612747,LAL,Los Angeles Lakers,24,38,L,9,23,0.391,3,5,0.6,3,7,0.429,1,7,8,5,2,3,3,7,-14,14,24,0.583,3,6,0.5,7,11,0.636,3,16,19,8,1,3,4,6,14
0022200550,2023-01-02,2022-23,regular_season,False,1610612752,NYK,New York Knicks,1610612756,PHX,Phoenix Suns,31,20,W,11,19,0.579,5,8,0.625,4,7,0.571,3,8,11,7,0,1,3,4,11,9,20,0.45,2,7,0.286,0,2,0.0,1,5,6,7,1,0,4,6,-11
0022200554,2023-01-02,2022-23,regular_season,False,1610612755,PHI,Philadelphia 76ers,1610612740,NOP,New Orleans Pelicans,24,27,L,8,24,0.333,4,11,0.364,4,5,0.8,3,9,12,6,1,3,4,9,-3,10,23,0.435,3,7,0.429,4,6,0.667,3,13,16,5,1,1,4,5,3
0022200561,2023-01-03,2022-23,regular_season,False,1610612749,MIL,Milwaukee Bucks,1610612764,WAS,Washington Wizards,29,21,W,11,23,0.478,3,10,0.3,4,4,1.0,5,10,15,5,2,1,3,2,8,8,23,0.348,3,6,0.5,2,2,1.0,3,6,9,6,2,2,2,6,-8
0022200562,2023-01-03,2022-23,regular_season,False,1610612760,OKC,Oklahoma City Thunder,1610612738,BOS,Boston Celtics,40,21,W,16,25,0.64,4,10,0.4,4,5,0.8,2,8,10,10,4,1,1,9,19,5,16,0.312,1,7,0.143,10,13,0.769,1,6,7,4,0,1,6,4,-19
0022200563,2023-01-03,2022-23,regular_season,False,1610612762,UTA,Utah Jazz,1610612758,SAC,Sacramento Kings,28,25,W,11,24,0.458,3,10,0.3,3,5,0.6,6,8,14,6,0,2,5,2,3,11,22,0.5,2,6,0.333,1,1,1.0,2,5,7,6,1,1,5,5,-3
0022200575,2023-01-04,2022-23,regular_season,False,1610612758,SAC,Sacramento Kings,1610612737,ATL,Atlanta Hawks,28,31,L,9,21,0.429,2,6,0.333,8,8,1.0,1,9,10,5,1,1,2,4,-3,12,23,0.522,4,10,0.4,3,3,1.0,2,11,13,6,2,1,2,4,3
0022200574,2023-01-04,2022-23,regular_season,False,1610612747,LAL,Los Angeles Lakers,1610612748,MIA,Miami Heat,20,25,L,6,16,0.375,2,7,0.286,6,8,0.75,1,14,15,4,2,1,8,3,-5,11,30,0.367,2,11,0.182,1,3,0.333,4,8,12,6,5,1,3,4,5
0022200573,2023-01-04,2022-23,regular_season,False,1610612744,GSW,Golden State Warriors,1610612765,DET,Detroit Pistons,30,26,W,11,21,0.524,4,12,0.333,4,4,1.0,2,11,13,9,2,1,7,4,4,9,24,0.375,4,10,0.4,4,6,0.667,3,7,10,8,4,0,4,3,-4
0022200572,2023-01-04,2022-23,regular_season,False,1610612740,NOP,New Orleans Pelicans,1610612745,HOU,Houston Rockets,30,30,W,10,21,0.476,6,14,0.429,4,6,0.667,3,9,12,7,2,1,4,7,0,11,23,0.478,2,10,0.2,6,9,0.667,4,8,12,7,3,1,4,5,0
0022200571,2023-01-04,2022-23,regular_season,False,1610612750,MIN,Minnesota Timberwolves,1610612757,POR,Portland Trail Blazers,31,29,W,12,22,0.545,3,6,0.5,4,4,1.0,3,4,7,9,4,2,4,7,2,9,16,0.562,3,6,0.5,8,10,0.8,2,5,7,5,4,1,6,5,-2
0022200570,2023-01-04,2022-23,regular_season,False,1610612741,CHI,Chicago Bulls,1610612751,BKN,Brooklyn Nets,29,26,W,9,22,0.409,1,7,0.143,10,12,0.833,1,12,13,5,0,2,1,5,3,10,24,0.417,1,8,0.125,5,10,0.5,2,12,14,3,0,3,1,6,-3
0022200566,2023-01-04,2022-23,regular_season,False,1610612753,ORL,Orlando Magic,1610612760,OKC,Oklahoma City Thunder,39,25,W,14,22,0.636,3,7,0.429,8,9,0.889,2,13,15,9,3,2,3,3,14,8,27,0.296,5,13,0.385,4,5,0.8,4,6,10,8,1,0,3,6,-14
0022200568,2023-01-04,2022-23,regular_season,False,1610612752,NYK,New York Knicks,1610612759,SAS,San Antonio Spurs,23,26,L,8,25,0.32,2,10,0.2,5,6,0.833,3,12,15,3,1,1,3,4,-3,10,24,0.417,4,10,0.4,2,2,1.0,2,13,15,6,0,1,5,7,3
0022200567,2023-01-04,2022-23,regular_season,False,1610612755,PHI,Philadelphia 76ers,1610612754,IND,Indiana Pacers,39,33,W,14,24,0.583,5,10,0.5,6,6,1.0,2,5,7,8,0,1,1,7,6,9,15,0.6,3,8,0.375,12,13,0.923,0,7,7,9,1,0,4,5,-6
0022200565,2023-01-04,2022-23,regular_season,False,1610612739,CLE,Cleveland Cavaliers,1610612756,PHX,Phoenix Suns,18,29,L,7,22,0.318,3,12,0.25,1,2,0.5,3,8,11,3,2,1,4,7,-11,10,20,0.5,3,8,0.375,6,8,0.75,2,12,14,6,3,0,3,2,11
0022200564,2023-01-04,2022-23,regular_season,False,1610612766,CHA,Charlotte Hornets,1610612763,MEM,Memphis Grizzlies,21,36,L,9,29,0.31,3,12,0.25,0,1,0.0,5,10,15,6,0,1,3,8,-15,11,23,0.478,2,10,0.2,12,16,0.75,3,16,19,5,2,2,1,1,15
0022200569,2023-01-04,2022-23,regular_season,False,1610612761,TOR,Toronto Raptors,1610612749,MIL,Milwaukee Bucks,26,26,L,11,27,0.407,2,9,0.222,2,2,1.0,2,5,7,6,1,1,0,3,0,9,19,0.474,5,13,0.385,3,5,0.6,4,11,15,8,0,3,6,5,0
0022200579,2023-01-05,2022-23,regular_season,False,1610612743,DEN,Denver Nuggets,1610612746,LAC,LA Clippers,34,17,W,12,20,0.6,6,9,0.667,4,5,0.8,3,10,13,7,2,1,2,3,17,7,20,0.35,1,10,0.1,2,2,1.0,1,6,7,5,0,0,3,3,-17
0022200578,2023-01-05,2022-23,regular_season,False,1610612745,HOU,Houston Rockets,1610612762,UTA,Utah Jazz,33,33,L,10,22,0.455,2,10,0.2,11,13,0.846,3,12,15,3,1,1,3,7,0,10,27,0.37,6,14,0.429,7,7,1.0,4,9,13,5,2,0,1,8,0
0022200576,2023-01-05,2022-23,regular_season,False,1610612753,ORL,Orlando Magic,1610612763,MEM,Memphis Grizzlies,23,43,L,7,19,0.368,1,9,0.111,8,8,1.0,1,5,6,2,0,0,3,7,-20,17,25,0.68,4,11,0.364,5,7,0.714,2,10,12,12,2,0,1,5,20
0022200577,2023-01-05,2022-23,regular_season,False,1610612742,DAL,Dallas Mavericks,1610612738,BOS,Boston Celtics,26,35,L,10,24,0.417,1,7,0.143,5,6,0.833,2,9,11,2,0,1,1,7,-9,10,24,0.417,5,11,0.455,10,12,0.833,5,10,15,8,0,3,1,6,9
0022200589,2023-01-06,2022-23,regular_season,False,1610612756,PHX,Phoenix Suns,1610612748,MIA,Miami Heat,23,21,W,8,20,0.4,0,5,0.0,7,7,1.0,3,10,13,3,3,1,3,5,2,6,20,0.3,2,12,0.167,7,8,0.875,2,7,9,5,2,1,4,3,-2
0022200580,2023-01-06,2022-23,regular_season,False,1610612754,IND,Indiana Pacers,1610612757,POR,Portland Trail Blazers,28,26,W,9,20,0.45,0,2,0.0,10,11,0.909,1,8,9,7,4,1,3,6,2,10,23,0.435,4,12,0.333,2,3,0.667,3,9,12,10,1,1,6,6,-2
0022200581,2023-01-06,2022-23,regular_season,False,1610612755,PHI,Philadelphia 76ers,1610612741,CHI,Chicago Bulls,25,34,L,11,25,0.44,3,11,0.273,0,0,0.0,3,5,8,6,2,1,4,5,-9,13,17,0.765,3,4,0.75,5,8,0.625,0,10,10,7,2,0,5,2,9
0022200582,2023-01-06,2022-23,regular_season,False,1610612761,TOR,Toronto Raptors,1610612752,NYK,New York Knicks,21,27,L,7,20,0.35,0,5,0.0,7,8,0.875,3,8,11,5,2,0,2,5,-6,11,22,0.5,4,9,0.444,1,5,0.2,5,10,15,6,2,2,2,7,6
0022200583,2023-01-06,2022-23,regular_season,False,1610612749,MIL,Milwaukee Bucks,1610612766,CHA,Charlotte Hornets,32,33,L,10,22,0.455,6,13,0.462,6,11,0.545,5,9,14,5,2,0,3,4,-1,13,27,0.481,7,16,0.438,0,2,0.0,3,10,13,7,1,1,2,7,1
0022200584,2023-01-06,2022-23,regular_season,False,1610612760,OKC,Oklahoma City Thunder,1610612764,WAS,Washington Wizards,33,25,W,14,26,0.538,5,11,0.455,0,2,0.0,3,9,12,9,3,1,2,7,8,9,18,0.5,1,5,0.2,6,8,0.75,1,9,10,6,1,1,5,3,-8
0022200585,2023-01-06,2022-23,regular_season,False,1610612759,SAS,San Antonio Spurs,1610612765,DET,Detroit Pistons,20,20,W,8,20,0.4,2,11,0.182,2,2,1.0,0,10,10,6,4,0,6,4,0,9,23,0.391,2,7,0.286,0,0,0.0,4,7,11,4,2,0,6,5,0
0022200586,2023-01-06,2022-23,regular_season,False,1610612740,NOP,New Orleans Pelicans,1610612751,BKN,Brooklyn Nets,36,26,W,9,22,0.409,4,9,0.444,14,14,1.0,2,13,15,4,3,1,4,7,10,8,21,0.381,1,6,0.167,9,10,0.9,1,9,10,5,3,3,3,9,-10
0022200587,2023-01-06,2022-23,regular_season,False,1610612750,MIN,Minnesota Timberwolves,1610612746,LAC,LA Clippers,31,21,W,12,19,0.632,4,9,0.444,3,5,0.6,3,11,14,9,2,1,8,5,10,8,27,0.296,0,8,0.0,5,8,0.625,8,4,12,4,5,1,3,3,-10
0022200588,2023-01-06,2022-23,regular_season,False,1610612743,DEN,Denver Nuggets,1610612739,CLE,Cleveland Cavaliers,36,30,W,11,17,0.647,6,7,0.857,8,11,0.727,2,7,9,7,2,1,4,6,6,12,22,0.545,2,5,0.4,4,7,0.571,5,5,10,10,1,0,3,7,-6
0022200590,2023-01-06,2022-23,regular_season,False,1610612747,LAL,Los Angeles Lakers,1610612737,ATL,Atlanta Hawks,33,21,W,14,25,0.56,3,8,0.375,2,3,0.667,1,17,18,11,2,0,5,7,12,7,27,0.259,0,10,0.0,7,9,0.778,2,8,10,5,1,1,2,3,-12
0022200595,2023-01-07,2022-23,regular_season,False,1610612758,SAC,Sacramento Kings,1610612747,LAL,Los Angeles Lakers,35,36,L,11,23,0.478,3,9,0.333,10,12,0.833,5,4,9,6,1,0,5,9,-1,13,21,0.619,3,4,0.75,7,7,1.0,3,6,9,7,2,0,5,6,1
0022200593,2023-01-07,2022-23,regular_season,False,1610612742,DAL,Dallas Mavericks,1610612740,NOP,New Orleans Pelicans,29,31,L,10,18,0.556,3,8,0.375,6,9,0.667,0,6,6,7,2,0,3,6,-2,12,19,0.632,2,5,0.4,5,10,0.5,2,10,12,9,2,1,4,6,2
0022200594,2023-01-07,2022-23,regular_season,False,1610612744,GSW,Golden State Warriors,1610612753,ORL,Orlando Magic,30,34,L,11,27,0.407,4,15,0.267,4,5,0.8,4,8,12,9,2,0,3,6,-4,13,22,0.591,4,7,0.571,4,7,0.571,2,9,11,7,3,1,3,6,4
0022200591,2023-01-07,2022-23,regular_season,False,1610612759,SAS,San Antonio Spurs,1610612738,BOS,Boston Celtics,27,35,L,12,22,0.545,1,7,0.143,2,4,0.5,3,6,9,5,2,0,6,6,-8,14,21,0.667,4,7,0.571,3,6,0.5,2,5,7,8,3,3,4,3,8
0022200592,2023-01-07,2022-23,regular_season,False,1610612741,CHI,Chicago Bulls,1610612762,UTA,Utah Jazz,25,25,W,8,21,0.381,2,9,0.222,7,9,0.778,2,14,16,4,0,3,3,4,0,9,26,0.346,4,11,0.364,3,5,0.6,3,11,14,7,1,1,2,5,0
0022200604,2023-01-08,2022-23,regular_season,False,1610612746,LAC,LA Clippers,1610612737,ATL,Atlanta Hawks,26,41,L,9,24,0.375,3,6,0.5,5,6,0.833,5,5,10,5,1,0,4,4,-15,17,24,0.708,6,12,0.5,1,2,0.5,2,9,11,7,2,2,3,3,15
0022200602,2023-01-08,2022-23,regular_season,False,1610612760,OKC,Oklahoma City Thunder,1610612742,DAL,Dallas Mavericks,36,21,W,13,23,0.565,6,10,0.6,4,5,0.8,4,11,15,10,1,2,1,4,15,6,20,0.3,4,10,0.4,5,8,0.625,3,5,8,6,0,0,2,2,-15
0022200603,2023-01-08,2022-23,regular_season,False,1610612756,PHX,Phoenix Suns,1610612739,CLE,Cleveland Cavaliers,28,22,W,10,20,0.5,5,6,0.833,3,3,1.0,1,10,11,6,1,0,4,1,6,10,21,0.476,2,9,0.222,0,0,0.0,1,8,9,6,0,3,4,3,-6
0022200601,2023-01-08,2022-23,regular_season,False,1610612745,HOU,Houston Rockets,1610612750,MIN,Minnesota Timberwolves,29,34,L,10,23,0.435,3,8,0.375,6,9,0.667,3,7,10,8,1,3,4,5,-5,13,25,0.52,2,6,0.333,6,7,0.857,3,10,13,8,2,1,1,7,5
0022200596,2023-01-08,2022-23,regular_season,False,1610612765,DET,Detroit Pistons,1610612755,PHI,Philadelphia 76ers,27,36,L,10,21,0.476,2,4,0.5,5,6,0.833,3,11,14,6,1,0,7,6,-9,14,28,0.5,5,14,0.357,3,6,0.5,4,7,11,8,2,1,1,4,9
0022200599,2023-01-08,2022-23,regular_season,False,1610612748,MIA,Miami Heat,1610612751,BKN,Brooklyn Nets,34,35,L,14,22,0.636,3,6,0.5,3,7,0.429,2,8,10,10,1,1,3,7,-1,11,18,0.611,4,8,0.5,9,11,0.818,0,7,7,5,1,1,2,7,1
0022200598,2023-01-08,2022-23,regular_season,False,1610612754,IND,Indiana Pacers,1610612766,CHA,Charlotte Hornets,32,18,W,10,21,0.476,4,7,0.571,8,11,0.727,1,8,9,8,5,2,2,6,14,6,22,0.273,1,5,0.2,5,6,0.833,7,10,17,4,0,0,7,8,-14
0022200597,2023-01-08,2022-23,regular_season,False,1610612761,TOR,Toronto Raptors,1610612757,POR,Portland Trail Blazers,24,26,L,10,26,0.385,2,11,0.182,2,2,1.0,5,6,11,4,1,3,3,8,-2,9,20,0.45,1,8,0.125,7,8,0.875,2,8,10,5,3,0,4,4,2
0022200600,2023-01-08,2022-23,regular_season,False,1610612763,MEM,Memphis Grizzlies,1610612762,UTA,Utah Jazz,43,28,W,18,30,0.6,7,10,0.7,0,0,0.0,6,7,13,12,6,2,1,2,15,11,20,0.55,3,7,0.429,3,3,1.0,0,6,6,10,1,1,7,2,-15
0022200609,2023-01-09,2022-23,regular_season,False,1610612743,DEN,Denver Nuggets,1610612747,LAL,Los Angeles Lakers,33,25,W,13,26,0.5,5,14,0.357,2,2,1.0,3,11,14,8,2,3,4,4,8,9,22,0.409,2,7,0.286,5,8,0.625,2,7,9,5,4,0,3,2,-8
0022200605,2023-01-09,2022-23,regular_season,False,1610612764,WAS,Washington Wizards,1610612740,NOP,New Orleans Pelicans,19,33,L,8,17,0.471,1,4,0.25,2,2,1.0,2,8,10,3,0,0,6,7,-14,12,26,0.462,2,5,0.4,7,10,0.7,6,7,13,7,2,0,0,4,14
0022200606,2023-01-09,2022-23,regular_season,False,1610612738,BOS,Boston Celtics,1610612741,CHI,Chicago Bulls,31,25,W,10,21,0.476,2,9,0.222,9,9,1.0,0,12,12,8,2,1,2,1,6,11,25,0.44,3,10,0.3,0,0,0.0,1,10,11,6,2,0,3,6,-6
0022200607,2023-01-09,2022-23,regular_season,False,1610612752,NYK,New York Knicks,1610612749,MIL,Milwaukee Bucks,29,24,W,11,24,0.458,2,9,0.222,5,6,0.833,6,3,9,4,3,0,1,3,5,9,17,0.529,3,8,0.375,3,4,0.75,3,7,10,7,0,2,4,4,-5
0022200608,2023-01-09,2022-23,regular_season,False,1610612763,MEM,Memphis Grizzlies,1610612759,SAS,San Antonio Spurs,37,36,W,14,20,0.7,4,7,0.571,5,10,0.5,1,8,9,8,4,2,4,5,1,14,24,0.583,2,7,0.286,6,7,0.857,2,6,8,10,2,0,4,6,-1
0022200610,2023-01-09,2022-23,regular_season,False,1610612758,SAC,Sacramento Kings,1610612753,ORL,Orlando Magic,31,21,W,12,28,0.429,5,15,0.333,2,2,1.0,7,11,18,7,0,0,5,5,10,7,20,0.35,2,13,0.154,5,6,0.833,1,7,8,3,4,1,3,5,-10
0022200617,2023-01-10,2022-23,regular_season,False,1610612746,LAC,LA Clippers,1610612742,DAL,Dallas Mavericks,38,22,W,14,25,0.56,4,7,0.571,6,11,0.545,5,10,15,7,2,1,1,7,16,6,16,0.375,3,9,0.333,7,11,0.636,1,5,6,3,1,4,5,7,-16
0022200616,2023-01-10,2022-23,regular_season,False,1610612757,POR,Portland Trail Blazers,1610612753,ORL,Orlando Magic,30,17,W,11,21,0.524,2,8,0.25,6,7,0.857,3,8,11,7,3,2,4,5,13,7,17,0.412,1,4,0.25,2,3,0.667,0,6,6,2,3,0,8,7,-13
0022200615,2023-01-10,2022-23,regular_season,False,1610612744,GSW,Golden State Warriors,1610612756,PHX,Phoenix Suns,19,28,L,7,25,0.28,2,9,0.222,3,4,0.75,7,12,19,3,1,0,7,8,-9,7,25,0.28,4,11,0.364,10,11,0.909,5,10,15,3,4,2,2,3,9
0022200614,2023-01-10,2022-23,regular_season,False,1610612762,UTA,Utah Jazz,1610612739,CLE,Cleveland Cavaliers,24,31,L,9,21,0.429,2,8,0.25,4,4,1.0,1,10,11,7,1,1,5,5,-7,11,23,0.478,2,10,0.2,7,8,0.875,1,10,11,5,3,1,1,5,7
0022200613,2023-01-10,2022-23,regular_season,False,1610612761,TOR,Toronto Raptors,1610612766,CHA,Charlotte Hornets,37,32,W,14,26,0.538,4,11,0.364,5,5,1.0,3,12,15,10,1,1,1,3,5,13,26,0.5,5,13,0.385,1,2,0.5,2,8,10,12,1,1,1,4,-5
0022200612,2023-01-10,2022-23,regular_season,False,1610612755,PHI,Philadelphia 76ers,1610612765,DET,Detroit Pistons,38,23,W,14,22,0.636,4,8,0.5,6,7,0.857,3,14,17,12,2,1,5,4,15,10,25,0.4,3,10,0.3,0,0,0.0,0,5,5,7,3,1,4,6,-15
0022200611,2023-01-10,2022-23,regular_season,False,1610612748,MIA,Miami Heat,1610612760,OKC,Oklahoma City Thunder,32,30,W,7,18,0.389,4,9,0.444,14,14,1.0,3,7,10,3,2,1,7,5,2,12,23,0.522,1,8,0.125,5,7,0.714,2,6,8,7,4,1,4,9,-2
0022200624,2023-01-11,2022-23,regular_season,False,1610612743,DEN,Denver Nuggets,1610612756,PHX,Phoenix Suns,36,26,W,13,23,0.565,7,13,0.538,3,5,0.6,3,6,9,6,0,0,1,7,10,10,20,0.5,3,6,0.5,3,5,0.6,1,6,7,8,0,0,4,4,-10
0022200623,2023-01-11,2022-23,regular_season,False,1610612763,MEM,Memphis Grizzlies,1610612759,SAS,San Antonio Spurs,44,25,W,17,28,0.607,6,9,0.667,4,5,0.8,3,13,16,11,4,3,3,3,19,9,26,0.346,2,7,0.286,5,5,1.0,2,7,9,8,2,4,5,5,-19
0022200622,2023-01-11,2022-23,regular_season,False,1610612752,NYK,New York Knicks,1610612754,IND,Indiana Pacers,25,20,W,8,21,0.381,4,13,0.308,5,6,0.833,2,11,13,5,4,1,3,3,5,8,20,0.4,2,9,0.222,2,4,0.5,2,10,12,4,0,1,6,6,-5
0022200625,2023-01-11,2022-23,regular_season,False,1610612758,SAC,Sacramento Kings,1610612745,HOU,Houston Rockets,36,35,W,13,25,0.52,6,12,0.5,4,7,0.571,2,9,11,8,1,0,2,8,1,13,23,0.565,4,11,0.364,5,7,0.714,1,11,12,8,2,1,3,6,-1
0022200620,2023-01-11,2022-23,regular_season,False,1610612737,ATL,Atlanta Hawks,1610612749,MIL,Milwaukee Bucks,27,28,L,10,23,0.435,5,10,0.5,2,2,1.0,2,8,10,9,1,1,2,3,-1,12,25,0.48,3,10,0.3,1,4,0.25,4,11,15,5,2,2,1,3,1
0022200619,2023-01-11,2022-23,regular_season,False,1610612764,WAS,Washington Wizards,1610612741,CHI,Chicago Bulls,21,30,L,6,16,0.375,0,5,0.0,9,10,0.9,2,10,12,4,1,0,7,7,-9,12,24,0.5,3,8,0.375,3,4,0.75,2,9,11,4,2,0,3,7,9
0022200618,2023-01-11,2022-23,regular_season,False,1610612765,DET,Detroit Pistons,1610612750,MIN,Minnesota Timberwolves,34,30,W,12,22,0.545,7,12,0.583,3,5,0.6,3,7,10,7,2,2,4,1,4,12,24,0.5,5,9,0.556,1,2,0.5,3,8,11,5,1,0,5,5,-4
0022200621,2023-01-11,2022-23,regular_season,False,1610612738,BOS,Boston Celtics,1610612740,NOP,New Orleans Pelicans,29,26,W,9,20,0.45,1,8,0.125,10,11,0.909,3,12,15,3,1,3,3,4,3,10,23,0.435,4,9,0.444,2,4,0.5,2,7,9,4,2,0,2,7,-3
0022200626,2023-01-12,2022-23,regular_season,False,1610612755,PHI,Philadelphia 76ers,1610612760,OKC,Oklahoma City Thunder,22,32,L,8,24,0.333,2,8,0.25,4,5,0.8,4,8,12,6,2,1,7,6,-10,11,20,0.55,4,9,0.444,6,7,0.857,0,9,9,8,4,2,4,6,10
0022200627,2023-01-12,2022-23,regular_season,False,1610612751,BKN,Brooklyn Nets,1610612738,BOS,Boston Celtics,26,31,L,9,19,0.474,3,6,0.5,5,6,0.833,0,6,6,6,2,3,3,5,-5,11,24,0.458,4,9,0.444,5,7,0.714,6,9,15,7,1,1,2,3,5
0022200628,2023-01-12,2022-23,regular_season,False,1610612748,MIA,Miami Heat,1610612749,MIL,Milwaukee Bucks,31,22,W,11,26,0.423,4,10,0.4,5,5,1.0,5,12,17,4,3,0,3,2,9,7,21,0.333,6,17,0.353,2,2,1.0,2,9,11,4,3,1,4,3,-9
0022200629,2023-01-12,2022-23,regular_season,False,1610612761,TOR,Toronto Raptors,1610612766,CHA,Charlotte Hornets,31,26,W,10,21,0.476,3,9,0.333,8,11,0.727,2,6,8,7,5,0,3,5,5,10,18,0.556,3,7,0.429,3,5,0.6,2,9,11,7,1,2,8,7,-5
0022200630,2023-01-12,2022-23,regular_season,False,1610612747,LAL,Los Angeles Lakers,1610612742,DAL,Dallas Mavericks,26,23,W,10,22,0.455,2,6,0.333,4,7,0.571,3,9,12,4,2,1,4,3,3,10,21,0.476,2,9,0.222,1,2,0.5,1,11,12,4,2,1,6,5,-3
0022200631,2023-01-12,2022-23,regular_season,False,1610612757,POR,Portland Trail Blazers,1610612739,CLE,Cleveland Cavaliers,26,24,W,11,23,0.478,1,7,0.143,3,6,0.5,2,10,12,4,3,2,2,5,2,11,25,0.44,0,1,0.0,2,3,0.667,4,10,14,7,0,0,4,4,-2
0022200638,2023-01-13,2022-23,regular_season,False,1610612762,UTA,Utah Jazz,1610612753,ORL,Orlando Magic,25,29,L,9,25,0.36,0,10,0.0,7,11,0.636,6,11,17,4,2,1,3,6,-4,11,22,0.5,5,11,0.455,2,4,0.5,2,10,12,6,2,1,2,7,4
0022200640,2023-01-13,2022-23,regular_season,False,1610612758,SAC,Sacramento Kings,1610612745,HOU,Houston Rockets,33,34,L,10,21,0.476,2,8,0.25,11,12,0.917,4,7,11,7,2,1,6,2,-1,13,24,0.542,7,16,0.438,1,1,1.0,3,4,7,8,3,1,4,11,1
0022200639,2023-01-13,2022-23,regular_season,False,1610612746,LAC,LA Clippers,1610612743,DEN,Denver Nuggets,24,25,L,10,25,0.4,2,9,0.222,2,2,1.0,4,7,11,4,1,1,0,5,-1,9,20,0.45,3,9,0.333,4,5,0.8,3,10,13,6,0,1,3,2,1
0022200637,2023-01-13,2022-23,regular_season,False,1610612750,MIN,Minnesota Timberwolves,1610612756,PHX,Phoenix Suns,29,24,W,12,22,0.545,4,9,0.444,1,2,0.5,1,10,11,7,2,1,3,4,5,9,26,0.346,5,7,0.714,1,1,1.0,5,9,14,6,3,0,5,5,-5
0022200632,2023-01-13,2022-23,regular_season,False,1610612765,DET,Detroit Pistons,1610612740,NOP,New Orleans Pelicans,22,27,L,8,23,0.348,0,9,0.0,6,9,0.667,4,9,13,2,2,0,4,4,-5,10,20,0.5,3,6,0.5,4,5,0.8,1,10,11,6,2,1,5,6,5
0022200635,2023-01-13,2022-23,regular_season,False,1610612759,SAS,San Antonio Spurs,1610612744,GSW,Golden State Warriors,32,41,L,13,24,0.542,1,4,0.25,5,7,0.714,2,6,8,10,2,0,4,6,-9,16,24,0.667,4,10,0.4,5,6,0.833,3,7,10,8,1,3,3,6,9
0022200634,2023-01-13,2022-23,regular_season,False,1610612764,WAS,Washington Wizards,1610612752,NYK,New York Knicks,32,31,W,10,19,0.526,4,9,0.444,8,8,1.0,1,8,9,4,0,1,3,4,1,12,24,0.5,3,8,0.375,4,5,0.8,3,7,10,3,1,2,1,7,-1
0022200633,2023-01-13,2022-23,regular_season,False,1610612754,IND,Indiana Pacers,1610612737,ATL,Atlanta Hawks,31,19,W,12,26,0.462,2,6,0.333,5,5,1.0,2,10,12,9,2,2,2,3,12,8,26,0.308,0,6,0.0,3,4,0.75,4,10,14,4,1,3,4,5,-12
0022200636,2023-01-13,2022-23,regular_season,False,1610612741,CHI,Chicago Bulls,1610612760,OKC,Oklahoma City Thunder,27,39,L,10,22,0.455,3,11,0.273,4,4,1.0,1,7,8,8,1,2,3,7,-12,12,21,0.571,4,6,0.667,11,13,0.846,2,11,13,7,2,0,1,3,12
0022200641,2023-01-14,2022-23,regular_season,False,1610612748,MIA,Miami Heat,1610612749,MIL,Milwaukee Bucks,25,25,W,10,21,0.476,2,6,0.333,3,3,1.0,4,11,15,4,1,0,5,2,0,10,23,0.435,5,11,0.455,0,2,0.0,2,5,7,9,3,0,1,4,0
0022200642,2023-01-14,2022-23,regular_season,False,1610612766,CHA,Charlotte Hornets,1610612738,BOS,Boston Celtics,32,31,W,13,24,0.542,2,7,0.286,4,5,0.8,2,9,11,6,2,1,2,5,1,11,28,0.393,6,17,0.353,3,4,0.75,6,8,14,9,2,0,2,3,-1
0022200643,2023-01-14,2022-23,regular_season,False,1610612754,IND,Indiana Pacers,1610612763,MEM,Memphis Grizzlies,24,32,L,7,25,0.28,3,13,0.231,7,9,0.778,3,10,13,6,1,1,5,3,-8,14,27,0.519,2,8,0.25,2,4,0.5,3,9,12,8,4,3,2,6,8
0022200644,2023-01-14,2022-23,regular_season,False,1610612761,TOR,Toronto Raptors,1610612737,ATL,Atlanta Hawks,32,35,L,10,19,0.526,0,3,0.0,12,14,0.857,4,5,9,3,4,0,5,3,-3,13,23,0.565,2,6,0.333,7,7,1.0,3,4,7,8,3,0,4,9,3
0022200645,2023-01-14,2022-23,regular_season,False,1610612750,MIN,Minnesota Timberwolves,1610612739,CLE,Cleveland Cavaliers,22,29,L,7,14,0.5,1,2,0.5,7,9,0.778,0,7,7,3,1,1,9,7,-7,12,21,0.571,2,5,0.4,3,4,0.75,1,9,10,7,5,1,4,7,7
0022200646,2023-01-14,2022-23,regular_season,False,1610612762,UTA,Utah Jazz,1610612755,PHI,Philadelphia 76ers,32,25,W,12,23,0.522,2,8,0.25,6,7,0.857,2,10,12,5,2,1,3,6,7,9,23,0.391,3,8,0.375,4,4,1.0,3,3,6,6,2,1,3,4,-7
0022200647,2023-01-14,2022-23,regular_season,False,1610612757,POR,Portland Trail Blazers,1610612742,DAL,Dallas Mavericks,40,26,W,13,23,0.565,4,11,0.364,10,10,1.0,2,11,13,11,2,1,1,7,14,9,20,0.45,2,9,0.222,6,8,0.75,0,7,7,5,0,0,2,7,-14
0022200653,2023-01-15,2022-23,regular_season,False,1610612743,DEN,Denver Nuggets,1610612753,ORL,Orlando Magic,38,29,W,15,22,0.682,4,10,0.4,4,7,0.571,2,4,6,12,4,2,4,5,9,9,20,0.45,2,5,0.4,9,10,0.9,4,4,8,5,2,0,6,5,-9
0022200654,2023-01-15,2022-23,regular_season,False,1610612757,POR,Portland Trail Blazers,1610612742,DAL,Dallas Mavericks,28,23,W,8,22,0.364,4,13,0.308,8,9,0.889,3,10,13,5,0,2,3,8,5,7,20,0.35,4,11,0.364,5,6,0.833,2,9,11,7,1,0,4,8,-5
0022200652,2023-01-15,2022-23,regular_season,False,1610612759,SAS,San Antonio Spurs,1610612758,SAC,Sacramento Kings,32,30,W,13,22,0.591,1,5,0.2,5,7,0.714,3,7,10,5,0,1,1,5,2,12,23,0.522,2,7,0.286,4,5,0.8,1,8,9,6,1,0,1,4,-2
0022200655,2023-01-15,2022-23,regular_season,False,1610612747,LAL,Los Angeles Lakers,1610612755,PHI,Philadelphia 76ers,26,24,W,10,20,0.5,1,5,0.2,5,5,1.0,1,11,12,8,3,1,4,3,2,9,22,0.409,4,10,0.4,2,2,1.0,0,8,8,7,2,1,4,4,-2
0022200650,2023-01-15,2022-23,regular_season,False,1610612741,CHI,Chicago Bulls,1610612744,GSW,Golden State Warriors,24,42,L,9,25,0.36,1,6,0.167,5,5,1.0,2,7,9,4,1,1,4,6,-18,13,25,0.52,8,16,0.5,8,11,0.727,4,12,16,12,3,3,4,6,18
0022200649,2023-01-15,2022-23,regular_season,False,1610612746,LAC,LA Clippers,1610612745,HOU,Houston Rockets,31,33,L,12,23,0.522,6,12,0.5,1,4,0.25,4,8,12,7,3,2,6,3,-2,14,26,0.538,2,6,0.333,3,4,0.75,2,7,9,8,1,2,4,3,2
0022200648,2023-01-15,2022-23,regular_season,False,1610612765,DET,Detroit Pistons,1610612752,NYK,New York Knicks,33,23,W,12,22,0.545,7,13,0.538,2,4,0.5,2,9,11,9,2,2,4,2,10,9,24,0.375,3,8,0.375,2,2,1.0,4,7,11,3,1,1,2,4,-10
0022200651,2023-01-15,2022-23,regular_season,False,1610612751,BKN,Brooklyn Nets,1610612760,OKC,Oklahoma City Thunder,26,20,W,10,25,0.4,5,11,0.455,1,4,0.25,6,11,17,7,3,4,5,1,6,9,25,0.36,2,8,0.25,0,0,0.0,4,8,12,6,4,3,4,3,-6
0022200663,2023-01-16,2022-23,regular_season,False,1610612763,MEM,Memphis Grizzlies,1610612756,PHX,Phoenix Suns,39,29,W,14,26,0.538,5,9,0.556,6,6,1.0,5,11,16,6,2,1,2,4,10,11,24,0.458,4,13,0.308,3,3,1.0,0,6,6,10,0,0,3,5,-10
0022200662,2023-01-16,2022-23,regular_season,False,1610612750,MIN,Minnesota Timberwolves,1610612762,UTA,Utah Jazz,31,25,W,12,23,0.522,5,9,0.556,2,4,0.5,0,9,9,9,3,2,0,4,6,9,24,0.375,1,11,0.091,6,6,1.0,5,11,16,4,0,2,5,3,-6
0022200664,2023-01-16,2022-23,regular_season,False,1610612747,LAL,Los Angeles Lakers,1610612745,HOU,Houston Rockets,36,26,W,13,25,0.52,3,7,0.429,7,10,0.7,4,11,15,3,2,1,1,2,10,10,24,0.417,3,9,0.333,3,4,0.75,3,9,12,7,0,4,3,7,-10
0022200661,2023-01-16,2022-23,regular_season,False,1610612737,ATL,Atlanta Hawks,1610612748,MIA,Miami Heat,32,24,W,14,20,0.7,4,5,0.8,0,0,0.0,0,10,10,9,1,3,6,4,8,9,25,0.36,4,11,0.364,2,2,1.0,3,5,8,8,3,1,2,3,-8
0022200660,2023-01-16,2022-23,regular_season,False,1610612764,WAS,Washington Wizards,1610612744,GSW,Golden State Warriors,31,34,L,9,23,0.391,4,10,0.4,9,11,0.818,3,8,11,6,2,0,4,4,-3,13,23,0.565,4,11,0.364,4,5,0.8,0,9,9,6,3,0,4,8,3
0022200659,2023-01-16,2022-23,regular_season,False,1610612752,NYK,New York Knicks,1610612761,TOR,Toronto Raptors,34,27,W,13,28,0.464,2,9,0.222,6,8,0.75,7,8,15,5,1,1,1,9,7,6,18,0.333,3,7,0.429,12,16,0.75,2,7,9,3,1,2,2,5,-7
0022200658,2023-01-16,2022-23,regular_season,False,1610612739,CLE,Cleveland Cavaliers,1610612740,NOP,New Orleans Pelicans,23,25,L,8,20,0.4,3,8,0.375,4,7,0.571,3,8,11,5,2,1,6,4,-2,11,20,0.55,3,8,0.375,0,0,0.0,0,8,8,9,5,1,5,4,2
0022200657,2023-01-16,2022-23,regular_season,False,1610612749,MIL,Milwaukee Bucks,1610612754,IND,Indiana Pacers,33,38,L,11,25,0.44,7,17,0.412,4,4,1.0,3,6,9,7,4,0,4,1,-5,15,23,0.652,7,13,0.538,1,1,1.0,1,11,12,9,2,1,7,4,5
0022200656,2023-01-16,2022-23,regular_season,False,1610612766,CHA,Charlotte Hornets,1610612738,BOS,Boston Celtics,33,31,W,10,19,0.526,5,8,0.625,8,10,0.8,0,6,6,7,2,0,1,5,2,10,21,0.476,4,10,0.4,7,7,1.0,3,8,11,9,1,1,4,8,-2
0022200665,2023-01-17,2022-23,regular_season,False,1610612749,MIL,Milwaukee Bucks,1610612761,TOR,Toronto Raptors,23,40,L,9,21,0.429,2,7,0.286,3,5,0.6,3,9,12,4,2,2,6,3,-17,16,28,0.571,6,11,0.545,2,4,0.5,4,9,13,8,3,1,2,2,17
0022200666,2023-01-17,2022-23,regular_season,False,1610612759,SAS,San Antonio Spurs,1610612751,BKN,Brooklyn Nets,24,36,L,6,20,0.3,3,9,0.333,9,10,0.9,2,10,12,5,2,0,7,10,-12,13,23,0.565,1,5,0.2,9,10,0.9,1,10,11,7,3,0,4,8,12
0022200667,2023-01-17,2022-23,regular_season,False,1610612743,DEN,Denver Nuggets,1610612757,POR,Portland Trail Blazers,39,36,W,13,20,0.65,3,7,0.429,10,12,0.833,2,8,10,11,1,1,3,4,3,11,23,0.478,6,14,0.429,8,8,1.0,2,5,7,7,2,1,2,8,-3
0022200668,2023-01-17,2022-23,regular_season,False,1610612746,LAC,LA Clippers,1610612755,PHI,Philadelphia 76ers,25,29,L,10,20,0.5,3,7,0.429,2,3,0.667,1,9,10,5,3,2,8,4,-4,11,20,0.55,2,8,0.25,5,7,0.714,1,5,6,7,7,2,3,3,4
0022200677,2023-01-18,2022-23,regular_season,False,1610612747,LAL,Los Angeles Lakers,1610612758,SAC,Sacramento Kings,21,33,L,7,18,0.389,1,7,0.143,6,7,0.857,0,6,6,4,2,2,2,5,-12,12,22,0.545,3,9,0.333,6,8,0.75,4,10,14,6,1,1,3,5,12
0022200676,2023-01-18,2022-23,regular_season,False,1610612743,DEN,Denver Nuggets,1610612750,MIN,Minnesota Timberwolves,25,33,L,9,21,0.429,1,6,0.167,6,9,0.667,2,5,7,5,3,0,5,7,-8,12,21,0.571,0,4,0.0,9,11,0.818,4,9,13,5,2,2,3,8,8
0022200675,2023-01-18,2022-23,regular_season,False,1610612762,UTA,Utah Jazz,1610612746,LAC,LA Clippers,32,30,W,12,21,0.571,5,7,0.714,3,4,0.75,1,6,7,6,0,1,2,6,2,11,23,0.478,5,9,0.556,3,3,1.0,4,8,12,6,0,0,5,7,-2
0022200674,2023-01-18,2022-23,regular_season,False,1610612760,OKC,Oklahoma City Thunder,1610612754,IND,Indiana Pacers,22,24,L,8,26,0.308,4,11,0.364,2,3,0.667,2,7,9,8,2,1,3,2,-2,9,19,0.474,4,9,0.444,2,2,1.0,2,11,13,4,1,5,9,6,2
0022200670,2023-01-18,2022-23,regular_season,False,1610612742,DAL,Dallas Mavericks,1610612737,ATL,Atlanta Hawks,25,25,L,11,22,0.5,1,6,0.167,2,6,0.333,3,5,8,7,3,2,3,4,0,10,19,0.526,1,4,0.25,4,4,1.0,0,9,9,7,0,2,6,7,0
0022200672,2023-01-18,2022-23,regular_season,False,1610612763,MEM,Memphis Grizzlies,1610612739,CLE,Cleveland Cavaliers,37,31,W,13,25,0.52,5,11,0.455,6,6,1.0,2,9,11,9,4,2,2,6,6,9,19,0.474,6,14,0.429,7,10,0.7,2,7,9,8,2,2,6,4,-6
0022200671,2023-01-18,2022-23,regular_season,False,1610612745,HOU,Houston Rockets,1610612766,CHA,Charlotte Hornets,29,17,W,12,24,0.5,2,6,0.333,3,6,0.5,5,9,14,4,1,3,5,3,12,7,26,0.269,0,10,0.0,3,3,1.0,5,5,10,4,2,6,3,6,-12
0022200669,2023-01-18,2022-23,regular_season,False,1610612752,NYK,New York Knicks,1610612764,WAS,Washington Wizards,26,21,W,11,27,0.407,1,7,0.143,3,4,0.75,8,10,18,5,2,1,3,5,5,7,19,0.368,3,12,0.25,4,4,1.0,0,5,5,6,3,3,3,3,-5
0022200673,2023-01-18,2022-23,regular_season,False,1610612740,NOP,New Orleans Pelicans,1610612748,MIA,Miami Heat,28,34,L,10,19,0.526,7,10,0.7,1,4,0.25,0,6,6,9,0,0,2,5,-6,13,23,0.565,3,9,0.333,5,5,1.0,2,11,13,10,2,0,2,4,6
0022200682,2023-01-19,2022-23,regular_season,False,1610612757,POR,Portland Trail Blazers,1610612755,PHI,Philadelphia 76ers,20,31,L,7,20,0.35,1,8,0.125,5,8,0.625,4,7,11,6,1,2,7,4,-11,13,23,0.565,2,5,0.4,3,4,0.75,3,7,10,6,3,3,3,5,11
0022200680,2023-01-19,2022-23,regular_season,False,1610612750,MIN,Minnesota Timberwolves,1610612761,TOR,Toronto Raptors,35,39,L,14,27,0.519,3,11,0.273,4,5,0.8,3,2,5,9,6,1,1,6,-4,14,20,0.7,5,7,0.714,6,6,1.0,1,9,10,9,1,2,7,3,4
0022200681,2023-01-19,2022-23,regular_season,False,1610612756,PHX,Phoenix Suns,1610612751,BKN,Brooklyn Nets,30,22,W,10,16,0.625,3,7,0.429,7,11,0.636,2,8,10,8,0,0,5,5,8,9,20,0.45,3,8,0.375,1,2,0.5,1,5,6,6,3,0,4,10,-8
0022200678,2023-01-19,2022-23,regular_season,False,1610612765,DET,Detroit Pistons,1610612741,CHI,Chicago Bulls,32,34,L,12,26,0.462,1,6,0.167,7,10,0.7,5,9,14,8,1,1,4,4,-2,16,31,0.516,2,10,0.2,4,4,1.0,6,7,13,7,3,5,2,6,2
0022200679,2023-01-19,2022-23,regular_season,False,1610612738,BOS,Boston Celtics,1610612744,GSW,Golden State Warriors,29,29,W,9,21,0.429,3,10,0.3,8,11,0.727,5,9,14,5,4,0,6,5,0,10,23,0.435,4,12,0.333,5,5,1.0,3,7,10,7,4,0,5,8,0
0022200691,2023-01-20,2022-23,regular_season,False,1610612758,SAC,Sacramento Kings,1610612760,OKC,Oklahoma City Thunder,26,34,L,11,26,0.423,1,11,0.091,3,3,1.0,3,9,12,5,0,0,3,2,-8,12,23,0.522,8,14,0.571,2,2,1.0,1,9,10,7,0,0,4,5,8
0022200690,2023-01-20,2022-23,regular_season,False,1610612747,LAL,Los Angeles Lakers,1610612763,MEM,Memphis Grizzlies,23,30,L,7,22,0.318,1,9,0.111,8,10,0.8,0,6,6,2,2,1,2,5,-7,11,22,0.5,2,7,0.286,6,6,1.0,4,11,15,7,1,3,4,7,7
0022200688,2023-01-20,2022-23,regular_season,False,1610612743,DEN,Denver Nuggets,1610612754,IND,Indiana Pacers,24,25,L,9,21,0.429,3,9,0.333,3,5,0.6,5,7,12,9,4,2,7,5,-1,11,22,0.5,1,3,0.333,2,3,0.667,2,8,10,6,2,1,5,4,1
0022200687,2023-01-20,2022-23,regular_season,False,1610612759,SAS,San Antonio Spurs,1610612746,LAC,LA Clippers,36,24,W,15,25,0.6,2,5,0.4,4,6,0.667,4,8,12,9,2,1,1,1,12,11,22,0.5,2,7,0.286,0,0,0.0,3,7,10,6,1,0,6,3,-12
0022200689,2023-01-20,2022-23,regular_season,False,1610612762,UTA,Utah Jazz,1610612751,BKN,Brooklyn Nets,33,23,W,12,21,0.571,4,8,0.5,5,5,1.0,3,10,13,9,1,0,2,6,10,9,21,0.429,3,10,0.3,2,4,0.5,2,6,8,6,0,0,2,4,-10
0022200685,2023-01-20,2022-23,regular_season,False,1610612739,CLE,Cleveland Cavaliers,1610612744,GSW,Golden State Warriors,31,31,L,10,19,0.526,4,8,0.5,7,8,0.875,1,5,6,5,2,1,3,5,0,10,24,0.417,7,14,0.5,4,6,0.667,6,8,14,6,1,0,4,7,0
0022200684,2023-01-20,2022-23,regular_season,False,1610612737,ATL,Atlanta Hawks,1610612752,NYK,New York Knicks,33,33,W,13,20,0.65,3,7,0.429,4,5,0.8,2,5,7,4,0,0,2,2,0,14,22,0.636,3,4,0.75,2,2,1.0,2,4,6,9,1,0,2,4,0
0022200683,2023-01-20,2022-23,regular_season,False,1610612753,ORL,Orlando Magic,1610612740,NOP,New Orleans Pelicans,33,30,W,10,19,0.526,5,10,0.5,8,9,0.889,1,10,11,7,0,2,3,4,3,11,25,0.44,4,9,0.444,4,5,0.8,4,5,9,8,2,3,2,5,-3
0022200686,2023-01-20,2022-23,regular_season,False,1610612742,DAL,Dallas Mavericks,1610612748,MIA,Miami Heat,29,32,L,8,18,0.444,5,9,0.556,8,10,0.8,2,3,5,3,2,0,3,5,-3,12,19,0.632,2,5,0.4,6,6,1.0,2,8,10,4,2,0,4,6,3
0022200697,2023-01-21,2022-23,regular_season,False,1610612756,PHX,Phoenix Suns,1610612754,IND,Indiana Pacers,30,30,W,11,22,0.5,3,5,0.6,5,8,0.625,3,8,11,7,3,2,3,8,0,9,23,0.391,5,10,0.5,7,10,0.7,5,9,14,6,2,2,4,7,0
0022200692,2023-01-21,2022-23,regular_season,False,1610612761,TOR,Toronto Raptors,1610612738,BOS,Boston Celtics,30,24,W,13,22,0.591,2,4,0.5,2,2,1.0,2,11,13,7,1,3,2,2,6,10,22,0.455,3,8,0.375,1,2,0.5,2,7,9,7,1,2,2,4,-6
0022200693,2023-01-21,2022-23,regular_season,False,1610612764,WAS,Washington Wizards,1610612753,ORL,Orlando Magic,33,31,W,12,25,0.48,6,11,0.545,3,4,0.75,4,7,11,8,1,1,2,3,2,12,25,0.48,5,9,0.556,2,3,0.667,4,7,11,7,1,4,4,2,-2
0022200694,2023-01-21,2022-23,regular_season,False,1610612737,ATL,Atlanta Hawks,1610612766,CHA,Charlotte Hornets,34,24,W,13,22,0.591,3,7,0.429,5,6,0.833,2,7,9,7,1,2,3,4,10,11,20,0.55,0,2,0.0,2,3,0.667,2,5,7,8,1,0,4,5,-10
0022200695,2023-01-21,2022-23,regular_season,False,1610612739,CLE,Cleveland Cavaliers,1610612749,MIL,Milwaukee Bucks,27,21,W,13,23,0.565,1,7,0.143,0,0,0.0,2,11,13,7,0,0,2,2,6,9,21,0.429,3,10,0.3,0,0,0.0,1,7,8,6,0,1,2,1,-6
0022200696,2023-01-21,2022-23,regular_season,False,1610612750,MIN,Minnesota Timberwolves,1610612745,HOU,Houston Rockets,24,26,L,7,19,0.368,1,10,0.1,9,10,0.9,0,8,8,4,2,3,2,3,-2,12,27,0.444,2,6,0.333,0,2,0.0,7,13,20,6,2,1,4,6,2
0022200698,2023-01-21,2022-23,regular_season,False,1610612758,SAC,Sacramento Kings,1610612755,PHI,Philadelphia 76ers,39,37,W,14,23,0.609,6,12,0.5,5,6,0.833,2,6,8,10,3,0,4,5,2,16,25,0.64,2,6,0.333,3,5,0.6,4,5,9,8,1,0,5,7,-2
0022200704,2023-01-22,2022-23,regular_season,False,1610612744,GSW,Golden State Warriors,1610612751,BKN,Brooklyn Nets,39,32,W,12,21,0.571,5,9,0.556,10,12,0.833,2,6,8,9,3,1,3,7,7,13,22,0.591,3,7,0.429,3,9,0.333,4,7,11,9,1,0,5,9,-7
0022200705,2023-01-22,2022-23,regular_season,False,1610612757,POR,Portland Trail Blazers,1610612747,LAL,Los Angeles Lakers,45,13,W,14,23,0.609,9,12,0.75,8,9,0.889,2,11,13,12,4,3,2,2,32,6,21,0.286,0,7,0.0,1,2,0.5,4,7,11,3,1,3,8,6,-32
0022200702,2023-01-22,2022-23,regular_season,False,1610612743,DEN,Denver Nuggets,1610612760,OKC,Oklahoma City Thunder,29,25,W,10,17,0.588,2,5,0.4,7,10,0.7,0,7,7,6,2,2,3,4,4,12,26,0.462,1,6,0.167,0,0,0.0,6,8,14,5,0,1,3,7,-4
0022200703,2023-01-22,2022-23,regular_season,False,1610612756,PHX,Phoenix Suns,1610612763,MEM,Memphis Grizzlies,30,19,W,11,23,0.478,3,8,0.375,5,8,0.625,1,12,13,9,3,2,4,8,11,7,22,0.318,1,7,0.143,4,9,0.444,5,10,15,5,2,3,5,6,-11
0022200701,2023-01-22,2022-23,regular_season,False,1610612742,DAL,Dallas Mavericks,1610612746,LAC,LA Clippers,34,27,W,12,22,0.545,7,11,0.636,3,6,0.5,3,8,11,6,1,0,2,5,7,8,19,0.421,6,10,0.6,5,6,0.833,1,8,9,6,1,0,3,4,-7
0022200700,2023-01-22,2022-23,regular_season,False,1610612761,TOR,Toronto Raptors,1610612752,NYK,New York Knicks,25,31,L,8,20,0.4,1,5,0.2,8,10,0.8,3,5,8,3,4,0,4,4,-6,11,19,0.579,6,12,0.5,3,7,0.429,4,9,13,11,2,3,6,6,6
0022200699,2023-01-22,2022-23,regular_season,False,1610612748,MIA,Miami Heat,1610612740,NOP,New Orleans Pelicans,18,15,W,8,24,0.333,1,9,0.111,1,1,1.0,4,11,15,4,5,1,6,0,3,7,21,0.333,1,11,0.091,0,0,0.0,0,10,10,3,3,2,7,3,-3
0022200706,2023-01-23,2022-23,regular_season,False,1610612765,DET,Detroit Pistons,1610612749,MIL,Milwaukee Bucks,31,34,L,10,23,0.435,4,7,0.571,7,9,0.778,1,7,8,9,3,1,2,2,-3,14,25,0.56,6,12,0.5,0,0,0.0,3,11,14,12,1,4,5,6,3
0022200707,2023-01-23,2022-23,regular_season,False,1610612753,ORL,Orlando Magic,1610612738,BOS,Boston Celtics,25,31,L,10,18,0.556,3,5,0.6,2,4,0.5,0,8,8,7,2,1,5,5,-6,12,22,0.545,3,10,0.3,4,6,0.667,2,7,9,6,2,1,3,4,6
0022200708,2023-01-23,2022-23,regular_season,False,1610612741,CHI,Chicago Bulls,1610612737,ATL,Atlanta Hawks,40,27,W,17,25,0.68,4,7,0.571,2,3,0.667,3,5,8,11,5,2,1,2,13,12,26,0.462,3,8,0.375,0,0,0.0,5,5,10,8,1,0,6,3,-13
0022200709,2023-01-23,2022-23,regular_season,False,1610612745,HOU,Houston Rockets,1610612750,MIN,Minnesota Timberwolves,25,30,L,9,24,0.375,5,10,0.5,2,3,0.667,2,6,8,5,1,1,4,2,-5,12,24,0.5,4,12,0.333,2,4,0.5,5,11,16,6,1,3,3,2,5
0022200710,2023-01-23,2022-23,regular_season,False,1610612762,UTA,Utah Jazz,1610612766,CHA,Charlotte Hornets,37,21,W,9,20,0.45,6,14,0.429,13,14,0.929,2,13,15,7,4,1,2,7,16,8,19,0.421,0,4,0.0,5,8,0.625,1,8,9,4,1,0,4,10,-16
0022200711,2023-01-23,2022-23,regular_season,False,1610612757,POR,Portland Trail Blazers,1610612759,SAS,San Antonio Spurs,34,36,L,12,25,0.48,3,8,0.375,7,8,0.875,1,8,9,8,2,2,1,3,-2,14,25,0.56,4,8,0.5,4,4,1.0,2,8,10,9,1,2,4,5,2
0022200712,2023-01-23,2022-23,regular_season,False,1610612758,SAC,Sacramento Kings,1610612763,MEM,Memphis Grizzlies,19,28,L,7,19,0.368,1,9,0.111,4,4,1.0,3,11,14,4,0,1,9,3,-9,12,30,0.4,4,12,0.333,0,0,0.0,4,7,11,10,3,0,1,7,9
0022200719,2023-01-24,2022-23,regular_season,False,1610612747,LAL,Los Angeles Lakers,1610612746,LAC,LA Clippers,24,40,L,8,27,0.296,4,14,0.286,4,6,0.667,2,5,7,5,3,2,1,5,-16,14,18,0.778,8,10,0.8,4,6,0.667,1,13,14,7,1,3,5,5,16
0022200718,2023-01-24,2022-23,regular_season,False,1610612756,PHX,Phoenix Suns,1610612766,CHA,Charlotte Hornets,22,32,L,8,24,0.333,5,10,0.5,1,1,1.0,4,8,12,8,0,3,5,6,-10,13,23,0.565,3,7,0.429,3,4,0.75,1,11,12,9,2,1,2,4,10
0022200717,2023-01-24,2022-23,regular_season,False,1610612742,DAL,Dallas Mavericks,1610612764,WAS,Washington Wizards,32,33,L,12,21,0.571,4,8,0.5,4,6,0.667,2,6,8,8,3,0,4,8,-1,11,19,0.579,1,3,0.333,10,13,0.769,1,9,10,6,2,0,5,3,1
0022200713,2023-01-24,2022-23,regular_season,False,1610612754,IND,Indiana Pacers,1610612741,CHI,Chicago Bulls,25,29,L,8,26,0.308,4,12,0.333,5,5,1.0,3,8,11,6,1,3,4,3,-4,12,24,0.5,2,9,0.222,3,4,0.75,3,10,13,5,3,3,3,7,4
0022200715,2023-01-24,2022-23,regular_season,False,1610612752,NYK,New York Knicks,1610612739,CLE,Cleveland Cavaliers,19,24,L,6,15,0.4,1,3,0.333,6,9,0.667,1,6,7,2,2,0,4,5,-5,9,16,0.562,1,6,0.167,5,7,0.714,1,10,11,9,2,2,5,7,5
0022200714,2023-01-24,2022-23,regular_season,False,1610612748,MIA,Miami Heat,1610612738,BOS,Boston Celtics,18,28,L,6,24,0.25,1,9,0.111,5,6,0.833,4,9,13,3,3,2,3,2,-10,11,20,0.55,4,9,0.444,2,3,0.667,0,13,13,7,2,4,5,5,10
0022200716,2023-01-24,2022-23,regular_season,False,1610612740,NOP,New Orleans Pelicans,1610612743,DEN,Denver Nuggets,23,35,L,7,21,0.333,1,6,0.167,8,9,0.889,7,3,10,4,0,0,4,3,-12,13,21,0.619,5,9,0.556,4,4,1.0,1,6,7,10,3,1,1,6,12
0022200726,2023-01-25,2022-23,regular_season,False,1610612744,GSW,Golden State Warriors,1610612763,MEM,Memphis Grizzlies,29,32,L,11,19,0.579,3,6,0.5,4,5,0.8,3,9,12,6,0,1,9,3,-3,13,26,0.5,3,8,0.375,3,4,0.75,2,3,5,8,4,1,2,6,3
0022200729,2023-01-25,2022-23,regular_season,False,1610612747,LAL,Los Angeles Lakers,1610612759,SAS,San Antonio Spurs,28,24,W,13,26,0.5,2,9,0.222,0,0,0.0,1,12,13,11,3,1,3,3,4,10,27,0.37,2,9,0.222,2,4,0.5,4,7,11,7,2,1,4,1,-4
0022200728,2023-01-25,2022-23,regular_season,False,1610612758,SAC,Sacramento Kings,1610612761,TOR,Toronto Raptors,27,34,L,8,17,0.471,5,11,0.455,6,6,1.0,0,6,6,8,3,1,4,3,-7,14,27,0.519,4,11,0.364,2,4,0.5,4,9,13,9,1,1,3,5,7
0022200727,2023-01-25,2022-23,regular_season,False,1610612757,POR,Portland Trail Blazers,1610612762,UTA,Utah Jazz,47,33,W,16,22,0.727,11,14,0.786,4,4,1.0,2,7,9,13,4,1,3,1,14,12,19,0.632,7,12,0.583,2,2,1.0,0,4,4,10,2,0,6,3,-14
0022200724,2023-01-25,2022-23,regular_season,False,1610612740,NOP,New Orleans Pelicans,1610612750,MIN,Minnesota Timberwolves,18,20,L,8,25,0.32,1,8,0.125,1,1,1.0,2,11,13,2,1,2,4,3,-2,9,21,0.429,1,4,0.25,1,4,0.25,0,12,12,3,2,2,4,2,2
0022200722,2023-01-25,2022-23,regular_season,False,1610612745,HOU,Houston Rockets,1610612764,WAS,Washington Wizards,28,18,W,9,23,0.391,3,8,0.375,7,9,0.778,4,14,18,7,1,6,3,3,10,7,26,0.269,1,9,0.111,3,3,1.0,5,8,13,4,3,3,3,6,-10
0022200723,2023-01-25,2022-23,regular_season,False,1610612749,MIL,Milwaukee Bucks,1610612743,DEN,Denver Nuggets,32,26,W,13,26,0.5,5,9,0.556,1,1,1.0,3,8,11,6,2,0,3,7,6,7,18,0.389,2,7,0.286,10,12,0.833,4,10,14,3,1,3,6,4,-6
0022200721,2023-01-25,2022-23,regular_season,False,1610612755,PHI,Philadelphia 76ers,1610612751,BKN,Brooklyn Nets,34,24,W,13,23,0.565,5,10,0.5,3,4,0.75,4,7,11,9,2,1,3,1,10,9,19,0.474,3,8,0.375,3,3,1.0,3,4,7,5,0,0,5,4,-10
0022200720,2023-01-25,2022-23,regular_season,False,1610612753,ORL,Orlando Magic,1610612754,IND,Indiana Pacers,27,39,L,12,21,0.571,2,4,0.5,1,2,0.5,2,7,9,8,1,1,7,5,-12,14,22,0.636,6,7,0.857,5,8,0.625,0,6,6,9,3,2,2,4,12
0022200725,2023-01-25,2022-23,regular_season,False,1610612760,OKC,Oklahoma City Thunder,1610612737,ATL,Atlanta Hawks,34,38,L,11,25,0.44,5,10,0.5,7,8,0.875,6,5,11,7,2,1,5,9,-4,12,20,0.6,2,7,0.286,12,13,0.923,2,8,10,4,1,2,2,5,4
0022200730,2023-01-26,2022-23,regular_season,False,1610612738,BOS,Boston Celtics,1610612752,NYK,New York Knicks,26,32,L,10,22,0.455,4,11,0.364,2,3,0.667,5,8,13,6,0,1,4,2,-6,13,25,0.52,3,8,0.375,3,3,1.0,3,7,10,5,2,0,0,2,6
0022200731,2023-01-26,2022-23,regular_season,False,1610612751,BKN,Brooklyn Nets,1610612765,DET,Detroit Pistons,32,28,W,11,26,0.423,3,12,0.25,7,8,0.875,6,6,12,4,4,1,4,3,4,10,23,0.435,3,11,0.273,5,6,0.833,5,8,13,6,4,2,6,7,-4
0022200732,2023-01-26,2022-23,regular_season,False,1610612766,CHA,Charlotte Hornets,1610612741,CHI,Chicago Bulls,15,19,L,6,22,0.273,0,10,0.0,3,4,0.75,2,15,17,5,2,0,7,3,-4,8,25,0.32,1,10,0.1,2,3,0.667,3,12,15,4,4,1,4,5,4
0022200733,2023-01-26,2022-23,regular_season,False,1610612745,HOU,Houston Rockets,1610612739,CLE,Cleveland Cavaliers,23,37,L,9,23,0.391,2,9,0.222,3,3,1.0,5,7,12,7,0,0,5,7,-14,12,21,0.571,5,9,0.556,8,10,0.8,3,7,10,9,5,1,0,3,14
0022200734,2023-01-26,2022-23,regular_season,False,1610612756,PHX,Phoenix Suns,1610612742,DAL,Dallas Mavericks,16,22,L,6,25,0.24,2,11,0.182,2,4,0.5,3,12,15,2,1,2,0,7,-6,8,19,0.421,1,5,0.2,5,9,0.556,0,17,17,4,0,1,2,3,6
0022200735,2023-01-26,2022-23,regular_season,False,1610612746,LAC,LA Clippers,1610612759,SAS,San Antonio Spurs,37,32,W,13,20,0.65,5,9,0.556,6,10,0.6,1,7,8,5,1,2,2,6,5,12,22,0.545,2,5,0.4,6,8,0.75,3,7,10,9,1,1,3,7,-5
0022200740,2023-01-27,2022-23,regular_season,False,1610612744,GSW,Golden State Warriors,1610612761,TOR,Toronto Raptors,29,26,W,11,22,0.5,3,11,0.273,4,6,0.667,2,12,14,8,1,0,2,5,3,10,27,0.37,3,11,0.273,3,7,0.429,4,8,12,4,1,1,1,6,-3
0022200736,2023-01-27,2022-23,regular_season,False,1610612754,IND,Indiana Pacers,1610612749,MIL,Milwaukee Bucks,26,40,L,8,20,0.4,2,6,0.333,8,11,0.727,0,5,5,3,3,1,4,5,-14,17,25,0.68,4,8,0.5,2,3,0.667,2,11,13,8,3,0,5,5,14
0022200737,2023-01-27,2022-23,regular_season,False,1610612750,MIN,Minnesota Timberwolves,1610612763,MEM,Memphis Grizzlies,24,22,W,10,20,0.5,2,10,0.2,2,2,1.0,3,7,10,7,3,1,6,4,2,9,24,0.375,2,10,0.2,2,3,0.667,5,7,12,5,3,0,6,3,-2
0022200738,2023-01-27,2022-23,regular_season,False,1610612748,MIA,Miami Heat,1610612753,ORL,Orlando Magic,24,28,L,9,25,0.36,2,11,0.182,4,6,0.667,3,10,13,6,0,1,3,6,-4,7,19,0.368,4,11,0.364,10,12,0.833,0,12,12,6,3,1,2,4,4
0022200739,2023-01-27,2022-23,regular_season,False,1610612760,OKC,Oklahoma City Thunder,1610612739,CLE,Cleveland Cavaliers,20,29,L,8,18,0.444,2,5,0.4,2,3,0.667,1,9,10,4,1,0,5,5,-9,12,23,0.522,3,8,0.375,2,3,0.667,3,10,13,10,3,0,1,2,9
0022200749,2023-01-28,2022-23,regular_season,False,1610612738,BOS,Boston Celtics,1610612747,LAL,Los Angeles Lakers,20,27,L,5,17,0.294,1,8,0.125,9,9,1.0,1,8,9,1,0,1,4,5,-7,10,24,0.417,2,11,0.182,5,7,0.714,4,10,14,8,1,0,2,5,7
0022200748,2023-01-28,2022-23,regular_season,False,1610612759,SAS,San Antonio Spurs,1610612756,PHX,Phoenix Suns,22,22,L,9,26,0.346,1,4,0.25,3,3,1.0,6,12,18,5,2,2,5,4,0,10,25,0.4,1,4,0.25,1,4,0.25,4,8,12,9,4,2,3,3,0
0022200751,2023-01-28,2022-23,regular_season,False,1610612757,POR,Portland Trail Blazers,1610612761,TOR,Toronto Raptors,30,26,W,12,18,0.667,3,6,0.5,3,4,0.75,1,5,6,7,1,4,4,4,4,11,26,0.423,1,7,0.143,3,3,1.0,7,6,13,5,3,1,2,5,-4
0022200750,2023-01-28,2022-23,regular_season,False,1610612762,UTA,Utah Jazz,1610612742,DAL,Dallas Mavericks,32,25,W,13,25,0.52,4,11,0.364,2,6,0.333,6,10,16,10,5,3,5,4,7,10,22,0.455,5,10,0.5,0,2,0.0,2,5,7,8,3,0,6,4,-7
0022200747,2023-01-28,2022-23,regular_season,False,1610612740,NOP,New Orleans Pelicans,1610612764,WAS,Washington Wizards,20,27,L,8,20,0.4,2,4,0.5,2,3,0.667,1,8,9,4,2,3,6,8,-7,10,23,0.435,2,7,0.286,5,9,0.556,3,10,13,7,2,2,6,5,7
0022200742,2023-01-28,2022-23,regular_season,False,1610612751,BKN,Brooklyn Nets,1610612752,NYK,New York Knicks,34,27,W,11,20,0.55,7,12,0.583,5,8,0.625,1,9,10,8,0,3,3,3,7,10,26,0.385,3,5,0.6,4,4,1.0,6,8,14,6,2,0,3,6,-7
0022200745,2023-01-28,2022-23,regular_season,False,1610612737,ATL,Atlanta Hawks,1610612746,LAC,LA Clippers,25,36,L,11,23,0.478,2,5,0.4,1,2,0.5,5,7,12,5,2,1,7,6,-11,13,21,0.619,6,10,0.6,4,4,1.0,1,6,7,10,4,3,3,2,11
0022200744,2023-01-28,2022-23,regular_season,False,1610612753,ORL,Orlando Magic,1610612741,CHI,Chicago Bulls,28,35,L,11,21,0.524,2,5,0.4,4,4,1.0,0,7,7,9,0,0,4,4,-7,15,22,0.682,3,9,0.333,2,3,0.667,1,8,9,7,2,2,3,5,7
0022200743,2023-01-28,2022-23,regular_season,False,1610612765,DET,Detroit Pistons,1610612745,HOU,Houston Rockets,20,32,L,8,25,0.32,4,14,0.286,0,0,0.0,5,7,12,6,2,2,5,7,-12,12,24,0.5,2,8,0.25,6,7,0.857,4,10,14,3,1,0,3,2,12
0022200746,2023-01-28,2022-23,regular_season,False,1610612750,MIN,Minnesota Timberwolves,1610612758,SAC,Sacramento Kings,28,38,L,10,18,0.556,3,6,0.5,5,7,0.714,1,5,6,8,2,0,6,4,-10,13,19,0.684,4,7,0.571,8,9,0.889,1,6,7,10,3,0,3,6,10
0022200741,2023-01-28,2022-23,regular_season,False,1610612755,PHI,Philadelphia 76ers,1610612743,DEN,Denver Nuggets,29,35,L,10,27,0.37,6,12,0.5,3,5,0.6,6,3,9,7,2,0,2,2,-6,15,20,0.75,5,6,0.833,0,0,0.0,2,9,11,7,2,1,4,3,6
0022200752,2023-01-29,2022-23,regular_season,False,1610612766,CHA,Charlotte Hornets,1610612748,MIA,Miami Heat,32,34,L,11,19,0.579,3,10,0.3,7,7,1.0,3,7,10,5,1,1,7,8,-2,12,20,0.6,3,6,0.5,7,10,0.7,2,4,6,7,4,0,3,5,2
0022200753,2023-01-29,2022-23,regular_season,False,1610612763,MEM,Memphis Grizzlies,1610612754,IND,Indiana Pacers,27,30,L,10,20,0.5,2,8,0.25,5,5,1.0,4,7,11,5,0,3,3,5,-3,12,27,0.444,3,10,0.3,3,3,1.0,6,6,12,6,2,1,1,6,3
0022200754,2023-01-29,2022-23,regular_season,False,1610612739,CLE,Cleveland Cavaliers,1610612746,LAC,LA Clippers,33,19,W,12,20,0.6,4,7,0.571,5,7,0.714,1,7,8,9,4,1,2,4,14,8,17,0.471,1,4,0.25,2,4,0.5,2,8,10,4,1,0,8,5,-14
0022200755,2023-01-29,2022-23,regular_season,False,1610612749,MIL,Milwaukee Bucks,1610612740,NOP,New Orleans Pelicans,25,25,W,12,27,0.444,1,12,0.083,2,4,0.5,4,13,17,6,0,1,2,4,0,11,25,0.44,2,9,0.222,1,3,0.333,2,11,13,8,1,1,2,6,0
0022200763,2023-01-30,2022-23,regular_season,False,1610612757,POR,Portland Trail Blazers,1610612737,ATL,Atlanta Hawks,33,37,L,12,21,0.571,4,11,0.364,5,5,1.0,0,5,5,4,1,2,0,5,-4,13,27,0.481,5,9,0.556,6,8,0.75,9,8,17,8,0,0,2,4,4
0022200762,2023-01-30,2022-23,regular_season,False,1610612756,PHX,Phoenix Suns,1610612761,TOR,Toronto Raptors,31,25,W,11,22,0.5,4,8,0.5,5,7,0.714,6,5,11,7,2,2,2,5,6,8,18,0.444,1,7,0.143,8,9,0.889,5,5,10,3,2,1,5,6,-6
0022200761,2023-01-30,2022-23,regular_season,False,1610612742,DAL,Dallas Mavericks,1610612765,DET,Detroit Pistons,23,30,L,9,22,0.409,2,9,0.222,3,7,0.429,2,8,10,5,2,0,3,1,-7,12,23,0.522,6,11,0.545,0,1,0.0,2,11,13,7,3,2,4,6,7
0022200760,2023-01-30,2022-23,regular_season,False,1610612759,SAS,San Antonio Spurs,1610612764,WAS,Washington Wizards,19,33,L,7,18,0.389,2,6,0.333,3,5,0.6,0,8,8,5,0,2,5,4,-14,13,24,0.542,4,8,0.5,3,3,1.0,1,10,11,8,4,0,1,4,14
0022200756,2023-01-30,2022-23,regular_season,False,1610612755,PHI,Philadelphia 76ers,1610612753,ORL,Orlando Magic,32,35,L,11,19,0.579,4,9,0.444,6,8,0.75,2,7,9,7,4,0,6,7,-3,13,26,0.5,3,6,0.5,6,9,0.667,5,7,12,8,3,0,4,5,3
0022200758,2023-01-30,2022-23,regular_season,False,1610612750,MIN,Minnesota Timberwolves,1610612758,SAC,Sacramento Kings,36,27,W,14,23,0.609,4,9,0.444,4,6,0.667,3,10,13,10,1,1,4,4,9,11,23,0.478,1,7,0.143,4,7,0.571,1,6,7,4,4,0,3,6,-9
0022200757,2023-01-30,2022-23,regular_season,False,1610612751,BKN,Brooklyn Nets,1610612747,LAL,Los Angeles Lakers,29,30,L,10,27,0.37,3,11,0.273,6,8,0.75,5,12,17,7,0,4,3,7,-1,10,23,0.435,2,7,0.286,8,11,0.727,1,11,12,6,0,3,2,6,1
0022200759,2023-01-30,2022-23,regular_season,False,1610612760,OKC,Oklahoma City Thunder,1610612744,GSW,Golden State Warriors,28,25,W,11,22,0.5,2,7,0.286,4,6,0.667,1,12,13,6,2,0,4,7,3,8,22,0.364,4,11,0.364,5,6,0.833,1,11,12,7,2,0,4,3,-3
0022200768,2023-01-31,2022-23,regular_season,False,1610612743,DEN,Denver Nuggets,1610612740,NOP,New Orleans Pelicans,26,25,W,9,24,0.375,3,10,0.3,5,5,1.0,5,10,15,6,2,0,7,7,1,9,19,0.474,2,6,0.333,5,5,1.0,0,8,8,5,5,0,6,6,-1
0022200766,2023-01-31,2022-23,regular_season,False,1610612741,CHI,Chicago Bulls,1610612746,LAC,LA Clippers,26,34,L,9,19,0.474,2,5,0.4,6,6,1.0,1,9,10,7,3,2,4,6,-8,11,23,0.478,3,10,0.3,9,10,0.9,3,9,12,6,4,2,3,3,8
0022200767,2023-01-31,2022-23,regular_season,False,1610612749,MIL,Milwaukee Bucks,1610612766,CHA,Charlotte Hornets,30,37,L,12,24,0.5,3,8,0.375,3,3,1.0,2,9,11,6,0,2,5,6,-7,13,30,0.433,4,9,0.444,7,8,0.875,7,9,16,8,3,2,2,6,7
0022200764,2023-01-31,2022-23,regular_season,False,1610612739,CLE,Cleveland Cavaliers,1610612748,MIA,Miami Heat,26,31,L,11,24,0.458,1,9,0.111,3,5,0.6,3,8,11,6,1,1,1,4,-5,10,20,0.5,4,5,0.8,7,8,0.875,0,10,10,7,1,1,2,5,5
0022200765,2023-01-31,2022-23,regular_season,False,1610612752,NYK,New York Knicks,1610612747,LAL,Los Angeles Lakers,29,23,W,10,27,0.37,2,8,0.25,7,9,0.778,5,12,17,6,2,1,2,2,6,9,23,0.391,2,12,0.167,3,5,0.6,1,8,9,3,2,0,3,5,-6
0022200776,2023-02-01,2022-23,regular_season,False,1610612762,UTA,Utah Jazz,1610612761,TOR,Toronto Raptors,34,35,L,12,20,0.6,6,14,0.429,4,4,1.0,0,11,11,8,1,3,5,7,-1,15,28,0.536,1,7,0.143,4,10,0.4,5,7,12,8,5,0,1,4,1
0022200770,2023-02-01,2022-23,regular_season,False,1610612755,PHI,Philadelphia 76ers,1610612753,ORL,Orlando Magic,19,30,L,6,19,0.316,3,9,0.333,4,4,1.0,3,8,11,5,1,1,6,8,-11,10,22,0.455,1,10,0.1,9,11,0.818,3,9,12,1,3,0,3,4,11
0022200771,2023-02-01,2022-23,regular_season,False,1610612763,MEM,Memphis Grizzlies,1610612757,POR,Portland Trail Blazers,25,26,L,9,24,0.375,2,13,0.154,5,9,0.556,4,10,14,7,1,1,3,8,-1,6,24,0.25,3,14,0.214,11,11,1.0,6,13,19,4,1,2,4,9,1
0022200772,2023-02-01,2022-23,regular_season,False,1610612738,BOS,Boston Celtics,1610612751,BKN,Brooklyn Nets,33,29,W,14,21,0.667,5,11,0.455,0,2,0.0,1,10,11,6,0,2,2,1,4,12,24,0.5,4,10,0.4,1,1,1.0,1,7,8,6,1,0,1,4,-4
0022200773,2023-02-01,2022-23,regular_season,False,1610612745,HOU,Houston Rockets,1610612760,OKC,Oklahoma City Thunder,33,33,W,11,25,0.44,2,6,0.333,9,11,0.818,7,9,16,6,1,5,2,4,0,12,31,0.387,5,14,0.357,4,4,1.0,10,7,17,8,1,3,2,7,0
0022200774,2023-02-01,2022-23,regular_season,False,1610612750,MIN,Minnesota Timberwolves,1610612744,GSW,Golden State Warriors,30,37,L,12,21,0.571,1,4,0.25,5,8,0.625,0,9,9,6,0,1,3,7,-7,12,22,0.545,3,6,0.5,10,12,0.833,2,11,13,6,1,0,1,7,7
0022200775,2023-02-01,2022-23,regular_season,False,1610612759,SAS,San Antonio Spurs,1610612758,SAC,Sacramento Kings,23,31,L,11,21,0.524,1,5,0.2,0,0,0.0,1,7,8,7,0,1,4,2,-8,14,22,0.636,0,2,0.0,3,3,1.0,0,8,8,6,4,0,2,2,8
0022200777,2023-02-01,2022-23,regular_season,False,1610612756,PHX,Phoenix Suns,1610612737,ATL,Atlanta Hawks,24,40,L,9,23,0.391,1,10,0.1,5,6,0.833,2,5,7,6,1,2,3,3,-16,17,25,0.68,5,7,0.714,1,1,1.0,2,10,12,9,0,2,2,6,16
0022200783,2023-02-02,2022-23,regular_season,False,1610612743,DEN,Denver Nuggets,1610612744,GSW,Golden State Warriors,36,34,W,13,25,0.52,2,5,0.4,8,8,1.0,3,8,11,8,1,0,2,4,2,12,22,0.545,6,11,0.545,4,5,0.8,1,8,9,7,2,3,2,8,-2
0022200782,2023-02-02,2022-23,regular_season,False,1610612742,DAL,Dallas Mavericks,1610612740,NOP,New Orleans Pelicans,30,21,W,11,23,0.478,3,9,0.333,5,6,0.833,2,6,8,3,6,1,3,5,9,8,19,0.421,1,5,0.2,4,5,0.8,5,9,14,7,2,2,8,6,-9
0022200781,2023-02-02,2022-23,regular_season,False,1610612741,CHI,Chicago Bulls,1610612766,CHA,Charlotte Hornets,22,20,W,9,21,0.429,1,4,0.25,3,6,0.5,4,8,12,5,3,0,3,2,2,9,21,0.429,1,9,0.111,1,2,0.5,3,9,12,5,1,2,5,3,-2
0022200778,2023-02-02,2022-23,regular_season,False,1610612754,IND,Indiana Pacers,1610612747,LAL,Los Angeles Lakers,32,24,W,13,20,0.65,5,8,0.625,1,1,1.0,0,10,10,12,3,1,6,2,8,11,24,0.458,0,3,0.0,2,2,1.0,3,7,10,4,4,2,5,4,-8
0022200779,2023-02-02,2022-23,regular_season,False,1610612739,CLE,Cleveland Cavaliers,1610612763,MEM,Memphis Grizzlies,37,28,W,15,24,0.625,4,7,0.571,3,3,1.0,1,8,9,9,4,3,3,4,9,8,22,0.364,5,9,0.556,7,7,1.0,4,6,10,4,2,1,7,5,-9
0022200784,2023-02-02,2022-23,regular_season,False,1610612749,MIL,Milwaukee Bucks,1610612746,LAC,LA Clippers,34,32,W,13,23,0.565,3,8,0.375,5,5,1.0,1,9,10,5,0,0,0,6,2,10,21,0.476,6,13,0.462,6,7,0.857,2,9,11,3,0,1,2,5,-2
0022200780,2023-02-02,2022-23,regular_season,False,1610612752,NYK,New York Knicks,1610612748,MIA,Miami Heat,23,26,L,8,22,0.364,2,9,0.222,5,6,0.833,5,8,13,5,1,0,5,6,-3,10,22,0.455,3,10,0.3,3,4,0.75,3,5,8,5,1,1,1,5,3
0022200792,2023-02-03,2022-23,regular_season,False,1610612762,UTA,Utah Jazz,1610612737,ATL,Atlanta Hawks,28,30,L,10,20,0.5,4,9,0.444,4,7,0.571,1,10,11,6,3,1,4,7,-2,11,28,0.393,2,11,0.182,6,6,1.0,5,12,17,6,1,1,3,5,2
0022200790,2023-02-03,2022-23,regular_season,False,1610612750,MIN,Minnesota Timberwolves,1610612753,ORL,Orlando Magic,23,37,L,7,19,0.368,2,6,0.333,7,7,1.0,1,6,7,3,2,2,5,7,-14,14,24,0.583,3,6,0.5,6,11,0.545,5,8,13,4,4,1,2,6,14
0022200791,2023-02-03,2022-23,regular_season,False,1610612759,SAS,San Antonio Spurs,1610612755,PHI,Philadelphia 76ers,35,47,L,14,21,0.667,1,4,0.25,6,6,1.0,1,2,3,8,1,0,5,7,-12,17,21,0.81,3,4,0.75,10,11,0.909,2,4,6,10,3,1,1,4,12
0022200789,2023-02-03,2022-23,regular_season,False,1610612745,HOU,Houston Rockets,1610612761,TOR,Toronto Raptors,27,35,L,12,19,0.632,2,4,0.5,1,3,0.333,0,4,4,8,1,1,2,5,-8,14,25,0.56,4,7,0.571,3,4,0.75,7,7,14,5,0,0,3,5,8
0022200786,2023-02-03,2022-23,regular_season,False,1610612754,IND,Indiana Pacers,1610612758,SAC,Sacramento Kings,32,21,W,12,22,0.545,6,9,0.667,2,2,1.0,3,11,14,8,3,0,5,4,11,8,22,0.364,2,11,0.182,3,3,1.0,3,6,9,5,2,0,5,4,-11
0022200787,2023-02-03,2022-23,regular_season,False,1610612764,WAS,Washington Wizards,1610612757,POR,Portland Trail Blazers,33,32,W,13,26,0.5,4,11,0.364,3,3,1.0,2,9,11,9,0,1,0,8,1,9,24,0.375,2,10,0.2,12,12,1.0,4,10,14,6,0,1,1,3,-1
0022200785,2023-02-03,2022-23,regular_season,False,1610612765,DET,Detroit Pistons,1610612766,CHA,Charlotte Hornets,40,38,W,16,21,0.762,4,6,0.667,4,4,1.0,0,5,5,10,2,1,6,8,2,13,21,0.619,2,6,0.333,10,10,1.0,2,5,7,7,6,0,4,6,-2
0022200788,2023-02-03,2022-23,regular_season,False,1610612738,BOS,Boston Celtics,1610612756,PHX,Phoenix Suns,24,33,L,7,17,0.412,4,9,0.444,6,6,1.0,0,9,9,6,1,0,5,6,-9,12,25,0.48,5,11,0.455,4,5,0.8,3,9,12,8,2,2,1,3,9
0022200793,2023-02-04,2022-23,regular_season,False,1610612751,BKN,Brooklyn Nets,1610612764,WAS,Washington Wizards,30,29,W,8,19,0.421,3,9,0.333,11,12,0.917,2,8,10,4,1,2,4,4,1,12,22,0.545,1,4,0.25,4,6,0.667,2,10,12,4,2,0,4,8,-1
0022200794,2023-02-04,2022-23,regular_season,False,1610612765,DET,Detroit Pistons,1610612756,PHX,Phoenix Suns,22,28,L,8,20,0.4,3,9,0.333,3,6,0.5,1,5,6,5,2,0,2,8,-6,10,15,0.667,2,5,0.4,6,10,0.6,1,11,12,8,2,1,5,6,6
0022200795,2023-02-04,2022-23,regular_season,False,1610612752,NYK,New York Knicks,1610612746,LAC,LA Clippers,28,27,W,10,23,0.435,4,8,0.5,4,5,0.8,3,7,10,8,2,1,2,7,1,9,22,0.409,5,11,0.455,4,4,1.0,4,10,14,9,1,0,6,5,-1
0022200796,2023-02-04,2022-23,regular_season,False,1610612741,CHI,Chicago Bulls,1610612757,POR,Portland Trail Blazers,25,43,L,12,20,0.6,1,6,0.167,0,0,0.0,0,4,4,7,2,0,5,7,-18,14,20,0.7,6,10,0.6,9,9,1.0,2,7,9,6,1,1,3,2,18
0022200797,2023-02-04,2022-23,regular_season,False,1610612749,MIL,Milwaukee Bucks,1610612748,MIA,Miami Heat,28,36,L,9,23,0.391,4,14,0.286,6,13,0.462,5,10,15,4,0,0,2,2,-8,15,30,0.5,4,10,0.4,2,2,1.0,5,9,14,7,2,0,0,8,8
0022200798,2023-02-04,2022-23,regular_season,False,1610612740,NOP,New Orleans Pelicans,1610612747,LAL,Los Angeles Lakers,31,40,L,13,23,0.565,1,7,0.143,4,4,1.0,2,7,9,7,0,0,3,4,-9,15,24,0.625,5,8,0.625,5,5,1.0,2,7,9,10,1,1,0,4,9
0022200799,2023-02-04,2022-23,regular_season,False,1610612760,OKC,Oklahoma City Thunder,1610612745,HOU,Houston Rockets,41,34,W,15,27,0.556,5,9,0.556,6,7,0.857,3,7,10,11,3,2,2,5,7,13,22,0.591,3,7,0.429,5,5,1.0,1,6,7,6,1,6,5,7,-7
0022200800,2023-02-04,2022-23,regular_season,False,1610612744,GSW,Golden State Warriors,1610612742,DAL,Dallas Mavericks,33,35,L,13,21,0.619,5,11,0.455,2,2,1.0,0,6,6,9,1,3,1,5,-2,11,23,0.478,6,12,0.5,7,7,1.0,3,6,9,6,1,0,2,3,2
0022200801,2023-02-04,2022-23,regular_season,False,1610612743,DEN,Denver Nuggets,1610612737,ATL,Atlanta Hawks,35,22,W,13,25,0.52,4,9,0.444,5,7,0.714,4,9,13,8,5,1,1,3,13,8,22,0.364,2,4,0.5,4,4,1.0,3,8,11,6,0,0,5,6,-13
0022200806,2023-02-05,2022-23,regular_season,False,1610612750,MIN,Minnesota Timberwolves,1610612743,DEN,Denver Nuggets,31,22,W,13,22,0.591,1,8,0.125,4,5,0.8,0,9,9,9,4,1,4,8,9,6,18,0.333,1,7,0.143,9,10,0.9,2,8,10,3,2,1,7,4,-9
0022200805,2023-02-05,2022-23,regular_season,False,1610612763,MEM,Memphis Grizzlies,1610612761,TOR,Toronto Raptors,31,31,L,12,21,0.571,5,9,0.556,2,4,0.5,2,7,9,10,3,1,4,3,0,14,24,0.583,3,9,0.333,0,1,0.0,2,8,10,7,1,0,3,2,0
0022200807,2023-02-05,2022-23,regular_season,False,1610612740,NOP,New Orleans Pelicans,1610612758,SAC,Sacramento Kings,36,26,W,14,27,0.519,5,8,0.625,3,4,0.75,5,7,12,10,2,0,2,6,10,8,19,0.421,2,9,0.222,8,9,0.889,3,8,11,5,1,3,4,4,-10
0022200803,2023-02-05,2022-23,regular_season,False,1610612754,IND,Indiana Pacers,1610612739,CLE,Cleveland Cavaliers,21,35,L,8,22,0.364,2,8,0.25,3,5,0.6,3,8,11,5,0,1,3,6,-14,13,23,0.565,5,12,0.417,4,4,1.0,1,12,13,12,2,1,2,3,14
0022200802,2023-02-05,2022-23,regular_season,False,1610612766,CHA,Charlotte Hornets,1610612753,ORL,Orlando Magic,21,34,L,8,20,0.4,2,9,0.222,3,4,0.75,1,7,8,3,4,1,6,4,-13,13,24,0.542,4,8,0.5,4,4,1.0,4,11,15,9,0,0,6,5,13
0022200804,2023-02-05,2022-23,regular_season,False,1610612752,NYK,New York Knicks,1610612755,PHI,Philadelphia 76ers,27,18,W,8,20,0.4,3,9,0.333,8,10,0.8,2,15,17,4,0,0,3,7,9,5,21,0.238,0,7,0.0,8,11,0.727,1,10,11,4,2,1,0,5,-9
0022200814,2023-02-06,2022-23,regular_season,False,1610612744,GSW,Golden State Warriors,1610612760,OKC,Oklahoma City Thunder,29,16,W,11,23,0.478,7,16,0.438,0,0,0.0,2,11,13,5,2,1,4,4,13,6,24,0.25,2,10,0.2,2,2,1.0,3,8,11,3,1,0,5,1,-13
0022200813,2023-02-06,2022-23,regular_season,False,1610612762,UTA,Utah Jazz,1610612742,DAL,Dallas Mavericks,25,35,L,8,23,0.348,1,9,0.111,8,8,1.0,3,7,10,6,1,2,3,4,-10,13,26,0.5,7,11,0.636,2,2,1.0,5,9,14,10,0,3,4,9,10
0022200812,2023-02-06,2022-23,regular_season,False,1610612745,HOU,Houston Rockets,1610612758,SAC,Sacramento Kings,24,34,L,9,22,0.409,2,7,0.286,4,5,0.8,2,8,10,6,2,0,4,4,-10,12,21,0.571,4,9,0.444,6,7,0.857,2,10,12,8,3,1,2,5,10
0022200815,2023-02-06,2022-23,regular_season,False,1610612757,POR,Portland Trail Blazers,1610612749,MIL,Milwaukee Bucks,26,28,L,11,25,0.44,2,12,0.167,2,2,1.0,0,6,6,6,3,1,2,1,-2,12,24,0.5,4,14,0.286,0,0,0.0,1,11,12,9,1,0,5,5,2
0022200810,2023-02-06,2022-23,regular_season,False,1610612751,BKN,Brooklyn Nets,1610612746,LAC,LA Clippers,26,26,L,10,20,0.5,4,9,0.444,2,2,1.0,0,10,10,4,0,2,3,4,0,10,25,0.4,3,12,0.25,3,4,0.75,4,9,13,4,3,0,1,5,0
0022200809,2023-02-06,2022-23,regular_season,False,1610612764,WAS,Washington Wizards,1610612739,CLE,Cleveland Cavaliers,21,29,L,8,20,0.4,0,7,0.0,5,5,1.0,1,8,9,2,3,1,3,4,-8,12,20,0.6,2,5,0.4,3,5,0.6,2,10,12,7,2,0,5,3,8
0022200808,2023-02-06,2022-23,regular_season,False,1610612765,DET,Detroit Pistons,1610612738,BOS,Boston Celtics,28,34,L,10,22,0.455,2,7,0.286,6,7,0.857,2,6,8,7,3,1,3,5,-6,11,21,0.524,5,9,0.556,7,7,1.0,4,8,12,7,1,3,4,5,6
0022200811,2023-02-06,2022-23,regular_season,False,1610612741,CHI,Chicago Bulls,1610612759,SAS,San Antonio Spurs,23,31,L,10,24,0.417,0,5,0.0,3,3,1.0,1,10,11,6,2,0,3,1,-8,14,27,0.519,2,9,0.222,1,1,1.0,2,13,15,8,2,1,3,3,8
0022200816,2023-02-07,2022-23,regular_season,False,1610612753,ORL,Orlando Magic,1610612752,NYK,New York Knicks,22,18,W,9,21,0.429,2,8,0.25,2,4,0.5,1,9,10,4,2,1,1,5,4,7,19,0.368,2,11,0.182,2,4,0.5,3,11,14,2,0,0,5,7,-4
0022200817,2023-02-07,2022-23,regular_season,False,1610612751,BKN,Brooklyn Nets,1610612756,PHX,Phoenix Suns,26,33,L,10,21,0.476,1,6,0.167,5,6,0.833,3,8,11,6,0,1,4,3,-7,13,26,0.5,3,9,0.333,4,5,0.8,4,8,12,7,0,0,0,6,7
0022200818,2023-02-07,2022-23,regular_season,False,1610612740,NOP,New Orleans Pelicans,1610612737,ATL,Atlanta Hawks,29,24,W,12,25,0.48,5,11,0.455,0,0,0.0,3,6,9,8,2,1,0,5,5,9,21,0.429,1,5,0.2,5,7,0.714,4,9,13,5,0,1,3,2,-5
0022200819,2023-02-07,2022-23,regular_season,False,1610612763,MEM,Memphis Grizzlies,1610612741,CHI,Chicago Bulls,23,25,L,8,19,0.421,1,6,0.167,6,6,1.0,1,11,12,5,2,2,5,7,-2,7,19,0.368,3,9,0.333,8,11,0.727,1,9,10,7,4,1,5,4,2
0022200820,2023-02-07,2022-23,regular_season,False,1610612743,DEN,Denver Nuggets,1610612750,MIN,Minnesota Timberwolves,30,29,W,12,23,0.522,2,6,0.333,4,4,1.0,1,13,14,9,2,1,5,4,1,12,26,0.462,0,11,0.0,5,6,0.833,2,9,11,7,4,2,3,3,-1
0022200821,2023-02-07,2022-23,regular_season,False,1610612747,LAL,Los Angeles Lakers,1610612760,OKC,Oklahoma City Thunder,32,40,L,10,21,0.476,3,10,0.3,9,12,0.75,1,8,9,4,1,0,2,3,-8,15,25,0.6,5,8,0.625,5,6,0.833,2,10,12,8,0,0,1,7,8
0022200828,2023-02-08,2022-23,regular_season,False,1610612762,UTA,Utah Jazz,1610612750,MIN,Minnesota Timberwolves,36,44,L,13,26,0.5,6,10,0.6,4,4,1.0,3,7,10,8,1,2,3,4,-8,17,27,0.63,7,12,0.583,3,3,1.0,3,9,12,14,2,3,3,3,8
0022200830,2023-02-08,2022-23,regular_season,False,1610612757,POR,Portland Trail Blazers,1610612744,GSW,Golden State Warriors,29,40,L,9,17,0.529,2,7,0.286,9,9,1.0,3,7,10,3,0,1,7,8,-11,14,23,0.609,6,10,0.6,6,6,1.0,1,4,5,8,2,0,1,5,11
0022200829,2023-02-08,2022-23,regular_season,False,1610612746,LAC,LA Clippers,1610612742,DAL,Dallas Mavericks,27,19,W,11,26,0.423,4,11,0.364,1,1,1.0,2,9,11,8,4,0,2,6,8,7,16,0.438,2,8,0.25,3,5,0.6,1,11,12,4,2,2,8,7,-8
0022200827,2023-02-08,2022-23,regular_season,False,1610612745,HOU,Houston Rockets,1610612758,SAC,Sacramento Kings,25,28,L,8,24,0.333,1,5,0.2,8,9,0.889,6,6,12,4,0,3,3,4,-3,10,24,0.417,1,8,0.125,7,7,1.0,4,10,14,5,1,3,3,5,3
0022200825,2023-02-08,2022-23,regular_season,False,1610612748,MIA,Miami Heat,1610612754,IND,Indiana Pacers,21,33,L,8,21,0.381,0,3,0.0,5,5,1.0,4,7,11,5,0,1,3,6,-12,12,20,0.6,2,3,0.667,7,9,0.778,0,8,8,7,1,2,0,4,12
0022200826,2023-02-08,2022-23,regular_season,False,1610612761,TOR,Toronto Raptors,1610612759,SAS,San Antonio Spurs,23,30,L,11,23,0.478,0,4,0.0,1,2,0.5,1,10,11,6,2,1,3,4,-7,12,24,0.5,3,7,0.429,3,6,0.5,2,9,11,10,3,2,2,3,7
0022200824,2023-02-08,2022-23,regular_season,False,1610612738,BOS,Boston Celtics,1610612755,PHI,Philadelphia 76ers,29,28,W,11,22,0.5,4,11,0.364,3,3,1.0,3,8,11,7,1,3,2,5,1,12,22,0.545,3,7,0.429,1,1,1.0,1,8,9,7,2,0,2,4,-1
0022200823,2023-02-08,2022-23,regular_season,False,1610612764,WAS,Washington Wizards,1610612766,CHA,Charlotte Hornets,29,30,L,10,23,0.435,5,12,0.417,4,5,0.8,2,9,11,8,1,3,5,2,-1,13,26,0.5,2,6,0.333,2,2,1.0,2,9,11,10,5,3,2,5,1
0022200822,2023-02-08,2022-23,regular_season,False,1610612739,CLE,Cleveland Cavaliers,1610612765,DET,Detroit Pistons,19,26,L,9,25,0.36,1,7,0.143,0,0,0.0,3,7,10,4,2,0,5,4,-7,10,20,0.5,3,7,0.429,3,3,1.0,1,7,8,7,5,3,4,2,7
0022200831,2023-02-09,2022-23,regular_season,False,1610612753,ORL,Orlando Magic,1610612743,DEN,Denver Nuggets,36,29,W,16,26,0.615,2,8,0.25,2,4,0.5,4,5,9,10,4,1,1,4,7,13,20,0.65,2,6,0.333,1,3,0.333,2,7,9,10,0,0,5,5,-7
0022200832,2023-02-09,2022-23,regular_season,False,1610612737,ATL,Atlanta Hawks,1610612756,PHX,Phoenix Suns,20,25,L,7,24,0.292,2,8,0.25,4,6,0.667,4,10,14,6,1,0,5,7,-5,10,20,0.5,2,9,0.222,3,6,0.5,1,10,11,7,3,6,3,4,5
0022200833,2023-02-09,2022-23,regular_season,False,1610612751,BKN,Brooklyn Nets,1610612741,CHI,Chicago Bulls,34,24,W,13,23,0.565,8,12,0.667,0,0,0.0,5,10,15,11,1,0,5,6,10,10,24,0.417,0,4,0.0,4,4,1.0,2,3,5,3,3,1,1,2,-10
0022200834,2023-02-09,2022-23,regular_season,False,1610612747,LAL,Los Angeles Lakers,1610612749,MIL,Milwaukee Bucks,27,24,W,9,21,0.429,1,2,0.5,8,9,0.889,4,7,11,3,0,1,5,5,3,9,24,0.375,1,13,0.077,5,6,0.833,3,9,12,4,3,1,4,8,-3
0022200845,2023-02-10,2022-23,regular_season,False,1610612746,LAC,LA Clippers,1610612749,MIL,Milwaukee Bucks,24,32,L,11,22,0.5,1,6,0.167,1,2,0.5,0,8,8,7,1,1,1,1,-8,13,26,0.5,5,11,0.455,1,2,0.5,3,11,14,8,1,2,1,2,8
0022200843,2023-02-10,2022-23,regular_season,False,1610612757,POR,Portland Trail Blazers,1610612760,OKC,Oklahoma City Thunder,33,39,L,9,20,0.45,4,10,0.4,11,13,0.846,5,4,9,7,1,2,4,9,-6,13,22,0.591,3,4,0.75,10,11,0.909,3,5,8,10,2,1,2,9,6
0022200842,2023-02-10,2022-23,regular_season,False,1610612740,NOP,New Orleans Pelicans,1610612739,CLE,Cleveland Cavaliers,28,35,L,10,21,0.476,5,10,0.5,3,5,0.6,3,4,7,7,2,0,5,4,-7,15,21,0.714,2,7,0.286,3,3,1.0,1,8,9,10,5,2,3,6,7
0022200841,2023-02-10,2022-23,regular_season,False,1610612763,MEM,Memphis Grizzlies,1610612750,MIN,Minnesota Timberwolves,38,26,W,16,24,0.667,2,6,0.333,4,5,0.8,4,11,15,5,2,2,4,5,12,10,24,0.417,2,8,0.25,4,4,1.0,2,5,7,4,1,1,3,3,-12
0022200840,2023-02-10,2022-23,regular_season,False,1610612748,MIA,Miami Heat,1610612745,HOU,Houston Rockets,30,27,W,9,18,0.5,5,10,0.5,7,7,1.0,0,7,7,7,2,1,4,9,3,9,20,0.45,0,5,0.0,9,13,0.692,4,8,12,6,3,0,4,6,-3
0022200844,2023-02-10,2022-23,regular_season,False,1610612758,SAC,Sacramento Kings,1610612742,DAL,Dallas Mavericks,31,29,W,10,18,0.556,2,5,0.4,9,9,1.0,1,10,11,7,1,2,3,4,2,10,25,0.4,5,12,0.417,4,5,0.8,5,5,10,8,1,0,2,5,-2
0022200838,2023-02-10,2022-23,regular_season,False,1610612738,BOS,Boston Celtics,1610612766,CHA,Charlotte Hornets,39,29,W,13,22,0.591,11,19,0.579,2,3,0.667,1,8,9,10,2,1,3,5,10,12,25,0.48,2,6,0.333,3,5,0.6,5,9,14,8,2,1,4,4,-10
0022200837,2023-02-10,2022-23,regular_season,False,1610612755,PHI,Philadelphia 76ers,1610612752,NYK,New York Knicks,31,29,W,8,19,0.421,4,12,0.333,11,13,0.846,1,9,10,5,3,0,0,4,2,12,20,0.6,2,8,0.25,3,4,0.75,0,10,10,8,0,2,3,8,-2
0022200836,2023-02-10,2022-23,regular_season,False,1610612754,IND,Indiana Pacers,1610612756,PHX,Phoenix Suns,23,30,L,7,25,0.28,4,15,0.267,5,5,1.0,3,5,8,4,2,0,0,2,-7,11,22,0.5,4,9,0.444,4,4,1.0,4,11,15,7,0,2,3,5,7
0022200835,2023-02-10,2022-23,regular_season,False,1610612765,DET,Detroit Pistons,1610612759,SAS,San Antonio Spurs,34,26,W,11,22,0.5,5,11,0.455,7,9,0.778,4,10,14,7,0,0,3,6,8,11,24,0.458,1,8,0.125,3,4,0.75,1,7,8,7,2,0,2,8,-8
0022200839,2023-02-10,2022-23,regular_season,False,1610612761,TOR,Toronto Raptors,1610612762,UTA,Utah Jazz,27,30,L,8,22,0.364,3,9,0.333,8,10,0.8,3,9,12,6,2,1,4,9,-3,12,24,0.5,1,4,0.25,5,9,0.556,5,10,15,5,2,2,3,6,3
0022200854,2023-02-11,2022-23,regular_season,False,1610612758,SAC,Sacramento Kings,1610612742,DAL,Dallas Mavericks,28,32,L,11,25,0.44,1,8,0.125,5,5,1.0,3,10,13,4,2,0,0,4,-4,11,20,0.55,8,14,0.571,2,4,0.5,0,10,10,8,0,1,3,3,4
0022200853,2023-02-11,2022-23,regular_season,False,1610612744,GSW,Golden State Warriors,1610612747,LAL,Los Angeles Lakers,31,30,W,12,22,0.545,3,10,0.3,4,4,1.0,0,10,10,9,2,1,2,3,1,11,23,0.478,4,10,0.4,4,4,1.0,2,10,12,6,1,1,3,2,-1
0022200852,2023-02-11,2022-23,regular_season,False,1610612739,CLE,Cleveland Cavaliers,1610612741,CHI,Chicago Bulls,14,20,L,6,22,0.273,1,9,0.111,1,3,0.333,1,6,7,5,2,1,2,3,-6,10,18,0.556,0,2,0.0,0,1,0.0,0,16,16,8,2,0,8,5,6
0022200850,2023-02-11,2022-23,regular_season,False,1610612737,ATL,Atlanta Hawks,1610612759,SAS,San Antonio Spurs,29,29,W,12,24,0.5,1,3,0.333,4,6,0.667,3,9,12,6,3,2,3,3,0,11,27,0.407,3,10,0.3,4,5,0.8,6,7,13,8,3,1,4,4,0
0022200851,2023-02-11,2022-23,regular_season,False,1610612752,NYK,New York Knicks,1610612762,UTA,Utah Jazz,29,28,W,11,22,0.5,2,6,0.333,5,8,0.625,3,6,9,5,3,2,1,7,1,11,21,0.524,2,6,0.333,4,5,0.8,3,7,10,6,0,1,5,5,-1
0022200848,2023-02-11,2022-23,regular_season,False,1610612753,ORL,Orlando Magic,1610612748,MIA,Miami Heat,25,27,L,8,17,0.471,3,7,0.429,6,6,1.0,1,5,6,6,2,2,4,9,-2,7,21,0.333,3,13,0.231,10,10,1.0,7,7,14,5,1,2,4,6,2
0022200847,2023-02-11,2022-23,regular_season,False,1610612766,CHA,Charlotte Hornets,1610612743,DEN,Denver Nuggets,26,30,L,11,21,0.524,4,10,0.4,0,5,0.0,2,9,11,8,2,4,6,8,-4,11,26,0.423,1,8,0.125,7,7,1.0,3,8,11,8,2,0,3,5,4
0022200846,2023-02-11,2022-23,regular_season,False,1610612751,BKN,Brooklyn Nets,1610612755,PHI,Philadelphia 76ers,32,26,W,11,21,0.524,6,12,0.5,4,4,1.0,1,4,5,9,3,0,2,3,6,10,19,0.526,3,8,0.375,3,3,1.0,3,6,9,3,0,1,5,3,-6
0022200849,2023-02-11,2022-23,regular_season,False,1610612764,WAS,Washington Wizards,1610612754,IND,Indiana Pacers,43,28,W,15,21,0.714,6,10,0.6,7,9,0.778,4,10,14,13,2,1,3,4,15,11,25,0.44,2,8,0.25,4,5,0.8,5,2,7,5,0,0,2,7,-15
0022200855,2023-02-12,2022-23,regular_season,False,1610612738,BOS,Boston Celtics,1610612763,MEM,Memphis Grizzlies,35,20,W,11,20,0.55,6,11,0.545,7,7,1.0,1,13,14,9,0,1,2,1,15,8,23,0.348,2,10,0.2,2,2,1.0,1,5,6,6,0,1,2,6,-15
0022200856,2023-02-12,2022-23,regular_season,False,1610612761,TOR,Toronto Raptors,1610612765,DET,Detroit Pistons,22,23,L,7,17,0.412,2,6,0.333,6,10,0.6,1,7,8,4,2,2,2,6,-1,7,18,0.389,2,7,0.286,7,8,0.875,2,9,11,4,1,0,6,6,1
0022200863,2023-02-13,2022-23,regular_season,False,1610612741,CHI,Chicago Bulls,1610612753,ORL,Orlando Magic,23,24,L,9,22,0.409,0,5,0.0,5,5,1.0,1,7,8,4,3,0,3,5,-1,10,18,0.556,0,6,0.0,4,4,1.0,1,11,12,5,1,1,7,5,1
0022200867,2023-02-13,2022-23,regular_season,False,1610612757,POR,Portland Trail Blazers,1610612747,LAL,Los Angeles Lakers,31,27,W,11,25,0.44,7,15,0.467,2,2,1.0,2,11,13,6,0,4,2,3,4,11,30,0.367,2,8,0.25,3,3,1.0,7,12,19,5,1,2,2,4,-4
0022200865,2023-02-13,2022-23,regular_season,False,1610612742,DAL,Dallas Mavericks,1610612750,MIN,Minnesota Timberwolves,31,32,L,9,22,0.409,4,12,0.333,9,10,0.9,3,5,8,7,2,0,3,3,-1,14,23,0.609,3,10,0.3,1,2,0.5,2,8,10,9,2,1,5,8,1
0022200864,2023-02-13,2022-23,regular_season,False,1610612760,OKC,Oklahoma City Thunder,1610612740,NOP,New Orleans Pelicans,26,27,L,9,20,0.45,4,10,0.4,4,4,1.0,2,9,11,7,2,2,6,5,-1,9,21,0.429,3,10,0.3,6,7,0.857,2,6,8,6,6,0,3,5,1
0022200862,2023-02-13,2022-23,regular_season,False,1610612752,NYK,New York Knicks,1610612751,BKN,Brooklyn Nets,26,35,L,10,23,0.435,3,10,0.3,3,4,0.75,2,7,9,1,0,1,0,6,-9,10,22,0.455,6,10,0.6,9,12,0.75,4,11,15,4,0,0,1,2,9
0022200866,2023-02-13,2022-23,regular_season,False,1610612744,GSW,Golden State Warriors,1610612764,WAS,Washington Wizards,42,27,W,17,24,0.708,5,10,0.5,3,5,0.6,4,7,11,9,3,0,5,5,15,10,18,0.556,3,7,0.429,4,5,0.8,2,4,6,6,2,1,6,3,-15
0022200860,2023-02-13,2022-23,regular_season,False,1610612755,PHI,Philadelphia 76ers,1610612745,HOU,Houston Rockets,23,19,W,6,17,0.353,0,3,0.0,11,11,1.0,3,8,11,1,4,3,4,6,4,7,24,0.292,0,4,0.0,5,5,1.0,8,7,15,2,2,0,7,6,-4
0022200857,2023-02-13,2022-23,regular_season,False,1610612766,CHA,Charlotte Hornets,1610612737,ATL,Atlanta Hawks,38,41,L,14,20,0.7,6,10,0.6,4,4,1.0,0,5,5,8,0,1,5,6,-3,17,28,0.607,4,8,0.5,3,3,1.0,4,3,7,8,2,2,2,4,3
0022200861,2023-02-13,2022-23,regular_season,False,1610612748,MIA,Miami Heat,1610612743,DEN,Denver Nuggets,26,38,L,8,22,0.364,5,10,0.5,5,5,1.0,4,2,6,4,3,0,2,5,-12,14,18,0.778,5,7,0.714,5,5,1.0,2,9,11,13,0,1,3,3,12
0022200859,2023-02-13,2022-23,regular_season,False,1610612754,IND,Indiana Pacers,1610612762,UTA,Utah Jazz,18,26,L,8,19,0.421,0,5,0.0,2,4,0.5,1,5,6,8,5,2,6,5,-8,11,24,0.458,2,8,0.25,2,2,1.0,4,10,14,3,2,1,5,4,8
0022200858,2023-02-13,2022-23,regular_season,False,1610612739,CLE,Cleveland Cavaliers,1610612759,SAS,San Antonio Spurs,31,30,W,9,19,0.474,4,9,0.444,9,10,0.9,2,4,6,5,3,2,2,3,1,13,22,0.591,1,3,0.333,3,4,0.75,4,8,12,9,2,1,5,6,-1
0022200868,2023-02-14,2022-23,regular_season,False,1610612761,TOR,Toronto Raptors,1610612753,ORL,Orlando Magic,30,43,L,13,20,0.65,3,6,0.5,1,3,0.333,2,5,7,8,2,1,8,8,-13,14,21,0.667,5,9,0.556,10,11,0.909,0,5,5,10,4,0,3,3,13
0022200869,2023-02-14,2022-23,regular_season,False,1610612749,MIL,Milwaukee Bucks,1610612738,BOS,Boston Celtics,37,28,W,13,20,0.65,8,13,0.615,3,6,0.5,4,12,16,11,0,1,7,5,9,10,24,0.417,4,12,0.333,4,5,0.8,0,5,5,7,4,0,1,4,-9
0022200870,2023-02-14,2022-23,regular_season,False,1610612756,PHX,Phoenix Suns,1610612758,SAC,Sacramento Kings,35,29,W,14,20,0.7,2,4,0.5,5,8,0.625,1,11,12,10,1,3,3,5,6,8,25,0.32,4,13,0.308,9,10,0.9,6,6,12,5,1,1,2,7,-6
0022200871,2023-02-14,2022-23,regular_season,False,1610612746,LAC,LA Clippers,1610612744,GSW,Golden State Warriors,30,42,L,11,22,0.5,3,4,0.75,5,6,0.833,2,4,6,8,0,0,1,8,-12,13,21,0.619,6,11,0.545,10,13,0.769,5,8,13,9,1,0,1,4,12
0022200872,2023-02-14,2022-23,regular_season,False,1610612757,POR,Portland Trail Blazers,1610612764,WAS,Washington Wizards,25,28,L,11,22,0.5,3,10,0.3,0,0,0.0,2,5,7,7,2,0,4,2,-3,12,19,0.632,3,7,0.429,1,2,0.5,1,8,9,8,1,0,5,2,3
0022200874,2023-02-15,2022-23,regular_season,False,1610612754,IND,Indiana Pacers,1610612741,CHI,Chicago Bulls,27,19,W,8,22,0.364,4,11,0.364,7,7,1.0,3,11,14,6,1,1,7,3,8,8,19,0.421,2,5,0.4,1,3,0.333,1,8,9,3,3,3,6,7,-8
0022200881,2023-02-15,2022-23,regular_season,False,1610612743,DEN,Denver Nuggets,1610612742,DAL,Dallas Mavericks,35,19,W,16,23,0.696,2,6,0.333,1,2,0.5,2,11,13,9,1,1,2,3,16,8,23,0.348,1,7,0.143,2,3,0.667,2,4,6,4,1,0,2,3,-16
0022200880,2023-02-15,2022-23,regular_season,False,1610612760,OKC,Oklahoma City Thunder,1610612745,HOU,Houston Rockets,38,33,W,12,24,0.5,3,8,0.375,11,12,0.917,5,7,12,7,2,2,1,6,5,10,20,0.5,5,8,0.625,8,10,0.8,2,7,9,8,1,4,4,7,-5
0022200879,2023-02-15,2022-23,regular_season,False,1610612763,MEM,Memphis Grizzlies,1610612762,UTA,Utah Jazz,25,23,W,11,28,0.393,3,12,0.25,0,2,0.0,4,8,12,7,4,3,1,8,2,8,21,0.381,1,10,0.1,6,6,1.0,3,13,16,3,0,1,8,3,-2
0022200878,2023-02-15,2022-23,regular_season,False,1610612751,BKN,Brooklyn Nets,1610612748,MIA,Miami Heat,26,31,L,7,17,0.412,3,11,0.273,9,9,1.0,1,7,8,3,1,1,3,7,-5,12,22,0.545,2,5,0.4,5,7,0.714,3,9,12,7,0,0,1,7,5
0022200873,2023-02-15,2022-23,regular_season,False,1610612766,CHA,Charlotte Hornets,1610612759,SAS,San Antonio Spurs,28,25,W,13,35,0.371,2,7,0.286,0,1,0.0,7,12,19,7,1,4,3,2,3,10,27,0.37,5,11,0.455,0,0,0.0,3,12,15,7,2,4,6,6,-3
0022200876,2023-02-15,2022-23,regular_season,False,1610612737,ATL,Atlanta Hawks,1610612752,NYK,New York Knicks,23,29,L,11,24,0.458,1,7,0.143,0,1,0.0,2,7,9,5,0,1,1,4,-6,13,26,0.5,3,12,0.25,0,1,0.0,3,11,14,6,0,1,0,4,6
0022200875,2023-02-15,2022-23,regular_season,False,1610612755,PHI,Philadelphia 76ers,1610612739,CLE,Cleveland Cavaliers,25,14,W,9,23,0.391,1,7,0.143,6,7,0.857,3,11,14,3,2,3,2,5,11,4,19,0.211,2,10,0.2,4,8,0.5,3,10,13,3,1,0,2,3,-11
0022200882,2023-02-15,2022-23,regular_season,False,1610612747,LAL,Los Angeles Lakers,1610612740,NOP,New Orleans Pelicans,17,26,L,7,18,0.389,0,7,0.0,3,7,0.429,0,11,11,5,0,1,5,7,-9,11,25,0.44,2,10,0.2,2,4,0.5,4,12,16,6,3,2,3,5,9
0022200877,2023-02-15,2022-23,regular_season,False,1610612738,BOS,Boston Celtics,1610612765,DET,Detroit Pistons,35,25,W,13,23,0.565,8,15,0.533,1,2,0.5,1,12,13,7,4,0,4,5,10,9,22,0.409,3,10,0.3,4,5,0.8,1,9,10,5,3,0,5,5,-10
0022200885,2023-02-16,2022-23,regular_season,False,1610612756,PHX,Phoenix Suns,1610612746,LAC,LA Clippers,29,26,W,13,24,0.542,3,7,0.429,0,1,0.0,2,8,10,9,3,0,3,4,3,9,22,0.409,6,18,0.333,2,2,1.0,3,8,11,8,1,0,5,3,-3
0022200884,2023-02-16,2022-23,regular_season,False,1610612750,MIN,Minnesota Timberwolves,1610612764,WAS,Washington Wizards,23,30,L,10,21,0.476,1,4,0.25,2,2,1.0,1,8,9,4,2,1,4,3,-7,12,28,0.429,4,10,0.4,2,3,0.667,5,8,13,7,3,1,4,1,7
0022200883,2023-02-16,2022-23,regular_season,False,1610612741,CHI,Chicago Bulls,1610612749,MIL,Milwaukee Bucks,25,27,L,9,23,0.391,3,9,0.333,4,6,0.667,3,6,9,4,2,0,1,3,-2,10,19,0.526,4,10,0.4,3,3,1.0,2,10,12,4,1,1,4,3,2
0022200893,2023-02-23,2022-23,regular_season,False,1610612747,LAL,Los Angeles Lakers,1610612744,GSW,Golden State Warriors,28,33,L,9,24,0.375,3,9,0.333,7,12,0.583,4,9,13,6,4,0,4,5,-5,11,25,0.44,5,12,0.417,6,6,1.0,5,8,13,5,3,0,5,8,5
0022200886,2023-02-23,2022-23,regular_season,False,1610612739,CLE,Cleveland Cavaliers,1610612743,DEN,Denver Nuggets,31,25,W,14,23,0.609,1,7,0.143,2,4,0.5,3,10,13,10,3,1,2,6,6,7,22,0.318,3,10,0.3,8,10,0.8,6,6,12,4,1,1,4,5,-6
0022200887,2023-02-23,2022-23,regular_season,False,1610612754,IND,Indiana Pacers,1610612738,BOS,Boston Celtics,27,34,L,10,18,0.556,4,6,0.667,3,4,0.75,0,7,7,6,2,1,6,5,-7,14,30,0.467,4,11,0.364,2,3,0.667,7,7,14,6,2,2,2,4,7
0022200888,2023-02-23,2022-23,regular_season,False,1610612753,ORL,Orlando Magic,1610612765,DET,Detroit Pistons,19,20,L,7,26,0.269,1,6,0.167,4,7,0.571,6,9,15,7,1,1,3,1,-1,8,19,0.421,4,9,0.444,0,0,0.0,1,13,14,4,1,4,7,8,1
0022200889,2023-02-23,2022-23,regular_season,False,1610612755,PHI,Philadelphia 76ers,1610612763,MEM,Memphis Grizzlies,25,22,W,9,23,0.391,3,10,0.3,4,5,0.8,3,9,12,7,0,1,2,6,3,6,16,0.375,1,6,0.167,9,12,0.75,2,10,12,4,0,1,3,3,-3
0022200890,2023-02-23,2022-23,regular_season,False,1610612761,TOR,Toronto Raptors,1610612740,NOP,New Orleans Pelicans,31,26,W,11,22,0.5,3,8,0.375,6,8,0.75,2,9,11,4,3,1,3,8,5,7,16,0.438,4,8,0.5,8,11,0.727,1,8,9,4,1,0,5,6,-5
0022200891,2023-02-23,2022-23,regular_season,False,1610612742,DAL,Dallas Mavericks,1610612759,SAS,San Antonio Spurs,40,37,W,14,21,0.667,5,9,0.556,7,9,0.778,1,5,6,6,1,0,1,3,3,15,24,0.625,5,8,0.625,2,2,1.0,2,6,8,9,0,0,3,7,-3
0022200892,2023-02-23,2022-23,regular_season,False,1610612762,UTA,Utah Jazz,1610612760,OKC,Oklahoma City Thunder,18,29,L,6,21,0.286,2,10,0.2,4,4,1.0,3,10,13,2,2,2,6,6,-11,11,28,0.393,3,10,0.3,4,5,0.8,5,11,16,6,2,1,2,4,11
0022200894,2023-02-23,2022-23,regular_season,False,1610612758,SAC,Sacramento Kings,1610612757,POR,Portland Trail Blazers,37,20,W,14,23,0.609,2,7,0.286,7,9,0.778,5,12,17,5,3,1,4,5,17,6,21,0.286,1,8,0.125,7,8,0.875,2,5,7,4,2,0,3,7,-17
0022200900,2023-02-24,2022-23,regular_season,False,1610612741,CHI,Chicago Bulls,1610612751,BKN,Brooklyn Nets,30,11,W,11,23,0.478,2,6,0.333,6,8,0.75,3,16,19,4,4,1,3,2,19,4,20,0.2,1,11,0.091,2,3,0.667,1,8,9,4,2,0,5,6,-19
0022200899,2023-02-24,2022-23,regular_season,False,1610612756,PHX,Phoenix Suns,1610612760,OKC,Oklahoma City Thunder,36,30,W,12,25,0.48,4,8,0.5,8,8,1.0,5,11,16,7,1,2,1,5,6,9,25,0.36,6,12,0.5,6,8,0.75,6,8,14,8,0,0,2,6,-6
0022200898,2023-02-24,2022-23,regular_season,False,1610612750,MIN,Minnesota Timberwolves,1610612766,CHA,Charlotte Hornets,32,35,L,12,19,0.632,3,5,0.6,5,8,0.625,0,12,12,5,1,1,7,5,-3,12,24,0.5,3,10,0.3,8,9,0.889,1,8,9,7,6,0,3,6,3
0022200895,2023-02-24,2022-23,regular_season,False,1610612764,WAS,Washington Wizards,1610612752,NYK,New York Knicks,26,33,L,10,23,0.435,6,13,0.462,0,0,0.0,0,6,6,7,4,0,5,7,-7,14,23,0.609,3,6,0.5,2,3,0.667,2,11,13,4,2,0,5,3,7
0022200896,2023-02-24,2022-23,regular_season,False,1610612737,ATL,Atlanta Hawks,1610612739,CLE,Cleveland Cavaliers,49,34,W,18,22,0.818,5,7,0.714,8,8,1.0,2,7,9,10,4,2,2,4,15,12,20,0.6,6,11,0.545,4,4,1.0,1,1,2,7,2,0,5,7,-15
0022200901,2023-02-24,2022-23,regular_season,False,1610612744,GSW,Golden State Warriors,1610612745,HOU,Houston Rockets,40,23,W,12,20,0.6,10,17,0.588,6,6,1.0,0,12,12,10,2,0,4,8,17,8,22,0.364,1,5,0.2,6,8,0.75,3,8,11,5,3,0,4,6,-17
0022200897,2023-02-24,2022-23,regular_season,False,1610612749,MIL,Milwaukee Bucks,1610612748,MIA,Miami Heat,31,24,W,12,25,0.48,3,8,0.375,4,4,1.0,2,11,13,4,2,0,4,4,7,9,22,0.409,1,7,0.143,5,8,0.625,2,10,12,3,2,0,4,3,-7
0022200902,2023-02-24,2022-23,regular_season,False,1610612746,LAC,LA Clippers,1610612758,SAC,Sacramento Kings,40,36,W,13,21,0.619,7,10,0.7,7,9,0.778,2,7,9,11,2,0,4,5,4,13,21,0.619,2,5,0.4,8,9,0.889,2,8,10,6,3,0,4,6,-4
0022200908,2023-02-25,2022-23,regular_season,False,1610612755,PHI,Philadelphia 76ers,1610612738,BOS,Boston Celtics,26,22,W,7,19,0.368,1,8,0.125,11,13,0.846,3,9,12,4,3,1,2,5,4,8,20,0.4,3,7,0.429,3,5,0.6,3,10,13,3,0,1,4,8,-4
0022200909,2023-02-25,2022-23,regular_season,False,1610612762,UTA,Utah Jazz,1610612759,SAS,San Antonio Spurs,31,32,L,11,28,0.393,3,9,0.333,6,8,0.75,4,9,13,8,2,1,3,7,-1,12,25,0.48,3,8,0.375,5,6,0.833,1,11,12,8,0,3,3,5,1
0022200907,2023-02-25,2022-23,regular_season,False,1610612763,MEM,Memphis Grizzlies,1610612743,DEN,Denver Nuggets,38,22,W,16,24,0.667,6,12,0.5,0,0,0.0,2,8,10,8,4,1,1,4,16,9,22,0.409,1,6,0.167,3,3,1.0,3,5,8,2,0,0,4,3,-16
0022200906,2023-02-25,2022-23,regular_season,False,1610612752,NYK,New York Knicks,1610612740,NOP,New Orleans Pelicans,31,26,W,11,22,0.5,5,11,0.455,4,6,0.667,3,8,11,9,0,3,3,7,5,8,21,0.381,1,7,0.143,9,9,1.0,4,7,11,4,1,0,4,3,-5
0022200905,2023-02-25,2022-23,regular_season,False,1610612753,ORL,Orlando Magic,1610612754,IND,Indiana Pacers,27,24,W,8,23,0.348,1,7,0.143,10,11,0.909,3,15,18,5,0,3,2,5,3,11,26,0.423,2,10,0.2,0,3,0.0,2,8,10,9,1,3,1,6,-3
0022200904,2023-02-25,2022-23,regular_season,False,1610612766,CHA,Charlotte Hornets,1610612748,MIA,Miami Heat,25,35,L,9,26,0.346,1,7,0.143,6,7,0.857,3,9,12,6,0,0,1,6,-10,10,19,0.526,4,7,0.571,11,11,1.0,0,12,12,9,0,1,1,6,10
0022200903,2023-02-25,2022-23,regular_season,False,1610612765,DET,Detroit Pistons,1610612761,TOR,Toronto Raptors,22,22,L,10,28,0.357,2,7,0.286,0,2,0.0,9,10,19,4,2,1,3,9,0,7,18,0.389,0,4,0.0,8,13,0.615,3,9,12,4,2,1,3,4,0
0022200918,2023-02-26,2022-23,regular_season,False,1610612743,DEN,Denver Nuggets,1610612746,LAC,LA Clippers,31,36,L,12,23,0.522,3,11,0.273,4,6,0.667,4,8,12,8,1,1,6,5,-5,14,23,0.609,3,7,0.429,5,5,1.0,0,6,6,8,4,1,1,4,5
0022200917,2023-02-26,2022-23,regular_season,False,1610612757,POR,Portland Trail Blazers,1610612745,HOU,Houston Rockets,41,27,W,14,20,0.7,6,8,0.75,7,11,0.636,2,13,15,7,0,1,3,6,14,10,25,0.4,1,6,0.167,6,10,0.6,3,5,8,6,1,1,1,8,-14
0022200915,2023-02-26,2022-23,regular_season,False,1610612760,OKC,Oklahoma City Thunder,1610612758,SAC,Sacramento Kings,24,22,W,10,22,0.455,1,12,0.083,3,5,0.6,4,11,15,4,5,0,5,5,2,8,22,0.364,2,12,0.167,4,7,0.571,4,9,13,7,3,0,5,4,-2
0022200914,2023-02-26,2022-23,regular_season,False,1610612739,CLE,Cleveland Cavaliers,1610612761,TOR,Toronto Raptors,30,24,W,13,26,0.5,4,11,0.364,0,0,0.0,3,9,12,7,2,0,1,5,6,10,23,0.435,0,3,0.0,4,5,0.8,3,9,12,5,0,0,4,2,-6
0022200916,2023-02-26,2022-23,regular_season,False,1610612744,GSW,Golden State Warriors,1610612750,MIN,Minnesota Timberwolves,34,23,W,11,25,0.44,4,12,0.333,8,11,0.727,5,12,17,7,3,3,4,8,11,8,24,0.333,1,9,0.111,6,10,0.6,3,9,12,6,2,3,5,8,-11
0022200912,2023-02-26,2022-23,regular_season,False,1610612741,CHI,Chicago Bulls,1610612764,WAS,Washington Wizards,22,18,W,8,18,0.444,1,7,0.143,5,5,1.0,0,10,10,3,1,0,3,5,4,7,18,0.389,2,8,0.25,2,5,0.4,2,8,10,6,1,0,3,5,-4
0022200911,2023-02-26,2022-23,regular_season,False,1610612737,ATL,Atlanta Hawks,1610612751,BKN,Brooklyn Nets,27,28,L,10,25,0.4,5,10,0.5,2,6,0.333,3,10,13,6,2,1,4,3,-1,10,22,0.455,3,10,0.3,5,6,0.833,2,12,14,4,4,2,3,6,1
0022200910,2023-02-26,2022-23,regular_season,False,1610612749,MIL,Milwaukee Bucks,1610612756,PHX,Phoenix Suns,20,20,W,7,23,0.304,2,13,0.154,4,5,0.8,6,12,18,4,0,2,3,4,0,8,29,0.276,2,7,0.286,2,4,0.5,10,9,19,6,1,2,1,5,0
0022200913,2023-02-26,2022-23,regular_season,False,1610612742,DAL,Dallas Mavericks,1610612747,LAL,Los Angeles Lakers,33,31,W,12,24,0.5,5,10,0.5,4,4,1.0,3,12,15,6,2,2,7,9,2,10,24,0.417,3,11,0.273,8,11,0.727,4,5,9,7,4,1,3,4,-2
0022200919,2023-02-27,2022-23,regular_season,False,1610612766,CHA,Charlotte Hornets,1610612765,DET,Detroit Pistons,24,25,L,9,22,0.409,2,8,0.25,4,7,0.571,1,10,11,5,3,1,1,7,-1,8,23,0.348,1,10,0.1,8,8,1.0,2,12,14,4,1,0,3,4,1
0022200920,2023-02-27,2022-23,regular_season,False,1610612755,PHI,Philadelphia 76ers,1610612748,MIA,Miami Heat,28,30,L,7,15,0.467,4,8,0.5,10,10,1.0,2,6,8,4,1,0,8,7,-2,11,21,0.524,5,11,0.455,3,4,0.75,2,2,4,7,5,1,2,7,2
0022200921,2023-02-27,2022-23,regular_season,False,1610612752,NYK,New York Knicks,1610612738,BOS,Boston Celtics,33,31,W,12,19,0.632,4,8,0.5,5,6,0.833,1,6,7,7,0,0,3,4,2,11,20,0.55,1,7,0.143,8,8,1.0,2,6,8,4,1,2,2,6,-2
0022200922,2023-02-27,2022-23,regular_season,False,1610612740,NOP,New Orleans Pelicans,1610612753,ORL,Orlando Magic,24,14,W,11,20,0.55,1,4,0.25,1,2,0.5,2,11,13,7,3,1,4,5,10,5,21,0.238,0,6,0.0,4,6,0.667,4,7,11,2,1,1,5,3,-10
0022200930,2023-02-28,2022-23,regular_season,False,1610612762,UTA,Utah Jazz,1610612759,SAS,San Antonio Spurs,18,18,L,5,16,0.312,2,7,0.286,6,15,0.4,4,9,13,5,1,1,5,1,0,8,23,0.348,2,9,0.222,0,0,0.0,5,9,14,4,0,2,5,9,0
0022200932,2023-02-28,2022-23,regular_season,False,1610612746,LAC,LA Clippers,1610612750,MIN,Minnesota Timberwolves,23,32,L,7,20,0.35,3,7,0.429,6,6,1.0,2,8,10,7,3,1,7,4,-9,14,27,0.519,1,5,0.2,3,5,0.6,4,8,12,9,5,3,3,4,9
0022200931,2023-02-28,2022-23,regular_season,False,1610612744,GSW,Golden State Warriors,1610612757,POR,Portland Trail Blazers,21,24,L,7,19,0.368,1,9,0.111,6,7,0.857,2,10,12,4,0,0,7,7,-3,7,19,0.368,2,7,0.286,8,10,0.8,1,8,9,6,3,0,3,6,3
0022200929,2023-02-28,2022-23,regular_season,False,1610612742,DAL,Dallas Mavericks,1610612754,IND,Indiana Pacers,26,38,L,10,23,0.435,2,9,0.222,4,9,0.444,1,7,8,7,1,1,1,8,-12,12,21,0.571,3,8,0.375,11,14,0.786,1,13,14,7,0,1,1,5,12
0022200928,2023-02-28,2022-23,regular_season,False,1610612760,OKC,Oklahoma City Thunder,1610612758,SAC,Sacramento Kings,28,27,W,10,27,0.37,3,11,0.273,5,6,0.833,4,9,13,5,3,0,2,6,1,8,17,0.471,2,9,0.222,9,11,0.818,0,13,13,7,2,2,5,5,-1
0022200926,2023-02-28,2022-23,regular_season,False,1610612745,HOU,Houston Rockets,1610612743,DEN,Denver Nuggets,24,33,L,11,27,0.407,1,8,0.125,1,2,0.5,4,8,12,7,4,3,5,6,-9,13,22,0.591,4,7,0.571,3,5,0.6,2,9,11,12,3,2,6,2,9
0022200925,2023-02-28,2022-23,regular_season,False,1610612761,TOR,Toronto Raptors,1610612741,CHI,Chicago Bulls,20,23,L,7,25,0.28,2,9,0.222,4,5,0.8,6,8,14,4,2,2,4,5,-3,9,18,0.5,2,6,0.333,3,3,1.0,1,9,10,8,2,2,5,4,3
0022200924,2023-02-28,2022-23,regular_season,False,1610612751,BKN,Brooklyn Nets,1610612749,MIL,Milwaukee Bucks,28,30,L,10,18,0.556,2,7,0.286,6,7,0.857,1,9,10,7,4,1,8,4,-2,12,25,0.48,5,10,0.5,1,2,0.5,2,7,9,10,5,0,5,6,2
0022200923,2023-02-28,2022-23,regular_season,False,1610612737,ATL,Atlanta Hawks,1610612764,WAS,Washington Wizards,29,25,W,12,27,0.444,2,9,0.222,3,4,0.75,7,10,17,5,2,2,3,5,4,8,24,0.333,1,6,0.167,8,9,0.889,5,7,12,4,3,1,5,3,-4
0022200927,2023-02-28,2022-23,regular_season,False,1610612763,MEM,Memphis Grizzlies,1610612747,LAL,Los Angeles Lakers,20,27,L,9,33,0.273,0,11,0.0,2,2,1.0,4,9,13,4,1,1,2,3,-7,10,24,0.417,5,9,0.556,2,3,0.667,5,15,20,7,2,5,9,5,7
0022200939,2023-03-01,2022-23,regular_season,False,1610612749,MIL,Milwaukee Bucks,1610612753,ORL,Orlando Magic,45,37,W,16,25,0.64,10,15,0.667,3,4,0.75,2,6,8,12,1,0,2,8,8,14,20,0.7,2,4,0.5,7,10,0.7,2,7,9,9,0,2,5,4,-8
0022200941,2023-03-01,2022-23,regular_season,False,1610612757,POR,Portland Trail Blazers,1610612740,NOP,New Orleans Pelicans,25,24,W,8,20,0.4,3,10,0.3,6,7,0.857,4,6,10,4,3,2,3,3,1,10,20,0.5,1,6,0.167,3,4,0.75,3,7,10,2,2,2,4,5,-1
0022200940,2023-03-01,2022-23,regular_season,False,1610612760,OKC,Oklahoma City Thunder,1610612747,LAL,Los Angeles Lakers,30,26,W,13,26,0.5,2,12,0.167,2,3,0.667,3,7,10,8,5,1,2,4,4,9,21,0.429,5,10,0.5,3,4,0.75,2,8,10,6,2,1,6,2,-4
0022200938,2023-03-01,2022-23,regular_season,False,1610612745,HOU,Houston Rockets,1610612763,MEM,Memphis Grizzlies,25,22,W,10,22,0.455,3,6,0.5,2,6,0.333,4,7,11,6,3,2,3,6,3,5,16,0.312,4,11,0.364,8,10,0.8,3,10,13,5,2,4,5,5,-3
0022200937,2023-03-01,2022-23,regular_season,False,1610612752,NYK,New York Knicks,1610612751,BKN,Brooklyn Nets,34,28,W,14,24,0.583,5,9,0.556,1,2,0.5,2,11,13,6,2,1,7,10,6,7,20,0.35,4,9,0.444,10,11,0.909,1,8,9,5,2,0,5,3,-6
0022200936,2023-03-01,2022-23,regular_season,False,1610612748,MIA,Miami Heat,1610612755,PHI,Philadelphia 76ers,15,37,L,5,19,0.263,1,8,0.125,4,4,1.0,3,7,10,3,0,1,5,6,-22,9,22,0.409,7,11,0.636,12,12,1.0,5,10,15,6,2,3,0,4,22
0022200935,2023-03-01,2022-23,regular_season,False,1610612738,BOS,Boston Celtics,1610612739,CLE,Cleveland Cavaliers,29,24,W,9,18,0.5,4,9,0.444,7,8,0.875,1,12,13,5,2,1,4,9,5,9,20,0.45,2,6,0.333,4,10,0.4,1,8,9,4,1,1,3,4,-5
0022200934,2023-03-01,2022-23,regular_season,False,1610612765,DET,Detroit Pistons,1610612741,CHI,Chicago Bulls,18,31,L,6,20,0.3,2,10,0.2,4,4,1.0,2,10,12,5,0,0,4,3,-13,13,25,0.52,3,8,0.375,2,3,0.667,2,10,12,10,3,0,2,3,13
0022200933,2023-03-01,2022-23,regular_season,False,1610612766,CHA,Charlotte Hornets,1610612756,PHX,Phoenix Suns,19,30,L,7,22,0.318,2,10,0.2,3,4,0.75,2,6,8,4,2,0,3,2,-11,14,22,0.636,2,4,0.5,0,0,0.0,0,12,12,11,1,2,3,6,11
0022200942,2023-03-02,2022-23,regular_season,False,1610612764,WAS,Washington Wizards,1610612761,TOR,Toronto Raptors,35,30,W,14,22,0.636,4,8,0.5,3,6,0.5,3,10,13,8,1,0,5,4,5,10,21,0.476,2,3,0.667,8,8,1.0,1,6,7,7,3,1,3,4,-5
0022200943,2023-03-02,2022-23,regular_season,False,1610612742,DAL,Dallas Mavericks,1610612755,PHI,Philadelphia 76ers,33,30,W,11,23,0.478,4,14,0.286,7,10,0.7,1,6,7,7,1,0,0,6,3,10,16,0.625,2,5,0.4,8,9,0.889,0,11,11,6,0,0,5,7,-3
0022200944,2023-03-02,2022-23,regular_season,False,1610612759,SAS,San Antonio Spurs,1610612754,IND,Indiana Pacers,31,25,W,13,26,0.5,2,8,0.25,3,5,0.6,4,9,13,6,0,2,2,3,6,11,25,0.44,1,6,0.167,2,2,1.0,3,9,12,7,2,0,4,6,-6
0022200945,2023-03-02,2022-23,regular_season,False,1610612744,GSW,Golden State Warriors,1610612746,LAC,LA Clippers,19,29,L,6,24,0.25,0,11,0.0,7,8,0.875,4,11,15,3,1,1,3,4,-10,11,22,0.5,5,13,0.385,2,3,0.667,0,15,15,7,1,1,4,8,10
0022200953,2023-03-03,2022-23,regular_season,False,1610612744,GSW,Golden State Warriors,1610612740,NOP,New Orleans Pelicans,33,22,W,12,22,0.545,3,7,0.429,6,6,1.0,4,12,16,8,0,1,5,5,11,8,21,0.381,2,6,0.333,4,4,1.0,0,4,4,7,2,1,2,6,-11
0022200952,2023-03-03,2022-23,regular_season,False,1610612743,DEN,Denver Nuggets,1610612763,MEM,Memphis Grizzlies,22,31,L,6,19,0.316,2,8,0.25,8,10,0.8,1,10,11,5,1,0,2,8,-9,8,22,0.364,2,10,0.2,13,13,1.0,2,11,13,6,2,1,2,5,9
0022200955,2023-03-03,2022-23,regular_season,False,1610612747,LAL,Los Angeles Lakers,1610612750,MIN,Minnesota Timberwolves,21,23,L,7,25,0.28,2,10,0.2,5,5,1.0,4,7,11,5,2,0,3,6,-2,7,19,0.368,3,7,0.429,6,8,0.75,3,13,16,6,2,1,5,5,2
0022200954,2023-03-03,2022-23,regular_season,False,1610612758,SAC,Sacramento Kings,1610612746,LAC,LA Clippers,33,31,W,12,23,0.522,2,9,0.222,7,7,1.0,4,10,14,5,1,0,2,3,2,13,23,0.565,4,10,0.4,1,2,0.5,0,5,5,9,0,0,1,6,-2
0022200951,2023-03-03,2022-23,regular_season,False,1610612760,OKC,Oklahoma City Thunder,1610612762,UTA,Utah Jazz,33,23,W,12,26,0.462,6,11,0.545,3,4,0.75,2,9,11,6,3,1,3,5,10,9,22,0.409,2,9,0.222,3,3,1.0,3,10,13,4,3,5,9,5,-10
0022200946,2023-03-03,2022-23,regular_season,False,1610612766,CHA,Charlotte Hornets,1610612753,ORL,Orlando Magic,22,33,L,8,24,0.333,2,9,0.222,4,4,1.0,2,6,8,5,3,2,2,5,-11,13,21,0.619,2,4,0.5,5,6,0.833,2,13,15,8,2,4,7,5,11
0022200949,2023-03-03,2022-23,regular_season,False,1610612748,MIA,Miami Heat,1610612752,NYK,New York Knicks,25,34,L,9,25,0.36,2,8,0.25,5,5,1.0,3,6,9,5,3,0,3,2,-9,14,22,0.636,4,10,0.4,2,3,0.667,2,11,13,8,3,3,4,6,9
0022200948,2023-03-03,2022-23,regular_season,False,1610612738,BOS,Boston Celtics,1610612751,BKN,Brooklyn Nets,27,40,L,12,24,0.5,3,8,0.375,0,3,0.0,0,8,8,7,2,1,4,5,-13,15,23,0.652,4,10,0.4,6,6,1.0,0,13,13,12,1,1,5,5,13
0022200947,2023-03-03,2022-23,regular_season,False,1610612737,ATL,Atlanta Hawks,1610612757,POR,Portland Trail Blazers,28,30,L,11,22,0.5,2,6,0.333,4,6,0.667,3,9,12,3,2,2,6,8,-2,10,21,0.476,3,7,0.429,7,9,0.778,2,7,9,5,5,1,4,4,2
0022200950,2023-03-03,2022-23,regular_season,False,1610612741,CHI,Chicago Bulls,1610612756,PHX,Phoenix Suns,35,20,W,11,19,0.579,3,7,0.429,10,12,0.833,1,11,12,8,4,0,3,3,15,7,19,0.368,2,9,0.222,4,6,0.667,2,7,9,5,3,1,5,7,-15
0022200956,2023-03-04,2022-23,regular_season,False,1610612764,WAS,Washington Wizards,1610612761,TOR,Toronto Raptors,23,27,L,9,18,0.5,1,4,0.25,4,6,0.667,3,9,12,6,3,1,5,4,-4,11,21,0.524,3,7,0.429,2,4,0.5,2,7,9,7,3,0,4,5,4
0022200957,2023-03-04,2022-23,regular_season,False,1610612739,CLE,Cleveland Cavaliers,1610612765,DET,Detroit Pistons,30,24,W,12,27,0.444,4,9,0.444,2,3,0.667,3,9,12,8,1,3,4,5,6,8,18,0.444,1,3,0.333,7,8,0.875,2,9,11,4,2,2,7,4,-6
0022200958,2023-03-04,2022-23,regular_season,False,1610612748,MIA,Miami Heat,1610612737,ATL,Atlanta Hawks,37,23,W,13,20,0.65,2,5,0.4,9,11,0.818,1,8,9,11,2,1,2,3,14,10,20,0.5,3,7,0.429,0,1,0.0,2,7,9,8,0,1,6,8,-14
0022200959,2023-03-04,2022-23,regular_season,False,1610612759,SAS,San Antonio Spurs,1610612745,HOU,Houston Rockets,36,41,L,12,20,0.6,6,9,0.667,6,6,1.0,2,8,10,6,3,0,8,7,-5,16,23,0.696,3,5,0.6,6,9,0.667,1,6,7,12,4,3,3,4,5
0022200960,2023-03-04,2022-23,regular_season,False,1610612749,MIL,Milwaukee Bucks,1610612755,PHI,Philadelphia 76ers,30,24,W,12,20,0.6,3,7,0.429,3,3,1.0,1,9,10,4,1,3,5,8,6,7,20,0.35,1,6,0.167,9,11,0.818,3,7,10,2,2,0,3,2,-6
0022200961,2023-03-04,2022-23,regular_season,False,1610612758,SAC,Sacramento Kings,1610612750,MIN,Minnesota Timberwolves,34,38,L,12,25,0.48,3,8,0.375,7,8,0.875,3,7,10,5,1,0,1,3,-4,15,23,0.652,7,13,0.538,1,3,0.333,1,9,10,10,1,2,3,5,4
0022200973,2023-03-05,2022-23,regular_season,False,1610612764,WAS,Washington Wizards,1610612749,MIL,Milwaukee Bucks,20,25,L,9,28,0.321,2,11,0.182,0,0,0.0,5,12,17,4,1,0,2,3,-5,9,24,0.375,5,15,0.333,2,2,1.0,1,13,14,6,1,2,1,1,5
0022200970,2023-03-05,2022-23,regular_season,False,1610612746,LAC,LA Clippers,1610612763,MEM,Memphis Grizzlies,37,33,W,11,22,0.5,4,7,0.571,11,12,0.917,4,10,14,6,2,1,4,4,4,14,26,0.538,4,8,0.5,1,1,1.0,0,7,7,10,2,0,2,7,-4
0022200969,2023-03-05,2022-23,regular_season,False,1610612738,BOS,Boston Celtics,1610612752,NYK,New York Knicks,27,23,W,10,22,0.455,4,11,0.364,3,4,0.75,5,6,11,6,3,0,8,7,4,9,20,0.45,0,7,0.0,5,6,0.833,3,7,10,3,2,1,6,7,-4
0022200967,2023-03-05,2022-23,regular_season,False,1610612745,HOU,Houston Rockets,1610612759,SAS,San Antonio Spurs,35,39,L,13,23,0.565,2,3,0.667,7,9,0.778,2,9,11,8,1,0,3,6,-4,14,24,0.583,5,9,0.556,6,8,0.75,2,7,9,8,2,1,2,6,4
0022200968,2023-03-05,2022-23,regular_season,False,1610612760,OKC,Oklahoma City Thunder,1610612762,UTA,Utah Jazz,35,31,W,10,20,0.5,3,7,0.429,12,16,0.75,5,7,12,7,2,1,2,5,4,11,21,0.524,3,10,0.3,6,7,0.857,2,5,7,8,0,1,5,9,-4
0022200965,2023-03-05,2022-23,regular_season,False,1610612751,BKN,Brooklyn Nets,1610612766,CHA,Charlotte Hornets,34,20,W,10,22,0.455,5,14,0.357,9,12,0.75,1,12,13,6,3,2,1,5,14,6,18,0.333,1,5,0.2,7,8,0.875,0,11,11,4,0,0,6,9,-14
0022200964,2023-03-05,2022-23,regular_season,False,1610612747,LAL,Los Angeles Lakers,1610612744,GSW,Golden State Warriors,22,36,L,10,23,0.435,1,5,0.2,1,2,0.5,2,7,9,8,0,1,4,6,-14,12,22,0.545,8,12,0.667,4,5,0.8,0,11,11,9,0,1,3,5,14
0022200963,2023-03-05,2022-23,regular_season,False,1610612741,CHI,Chicago Bulls,1610612754,IND,Indiana Pacers,25,37,L,10,16,0.625,1,3,0.333,4,5,0.8,0,4,4,1,1,0,6,7,-12,13,20,0.65,4,10,0.4,7,7,1.0,2,6,8,9,2,1,2,4,12
0022200962,2023-03-05,2022-23,regular_season,False,1610612742,DAL,Dallas Mavericks,1610612756,PHX,Phoenix Suns,37,28,W,11,18,0.611,6,10,0.6,9,9,1.0,1,7,8,6,2,0,4,6,9,11,24,0.458,2,9,0.222,4,5,0.8,3,5,8,5,2,0,2,6,-9
0022200966,2023-03-05,2022-23,regular_season,False,1610612753,ORL,Orlando Magic,1610612757,POR,Portland Trail Blazers,29,27,W,13,26,0.5,3,8,0.375,0,2,0.0,2,9,11,12,3,0,3,7,2,8,19,0.421,3,10,0.3,8,9,0.889,2,12,14,3,2,1,6,3,-2
0022200977,2023-03-06,2022-23,regular_season,False,1610612765,DET,Detroit Pistons,1610612757,POR,Portland Trail Blazers,33,28,W,12,21,0.571,3,9,0.333,6,8,0.75,4,8,12,8,3,2,4,6,5,10,19,0.526,2,3,0.667,6,10,0.6,2,6,8,8,3,1,3,5,-5
0022200975,2023-03-06,2022-23,regular_season,False,1610612743,DEN,Denver Nuggets,1610612761,TOR,Toronto Raptors,29,27,W,10,22,0.455,4,11,0.364,5,5,1.0,1,7,8,8,2,0,3,0,2,12,26,0.462,3,9,0.333,0,0,0.0,5,9,14,9,1,1,5,5,-2
0022200976,2023-03-06,2022-23,regular_season,False,1610612758,SAC,Sacramento Kings,1610612740,NOP,New Orleans Pelicans,30,27,W,12,22,0.545,5,9,0.556,1,3,0.333,3,4,7,9,1,1,2,1,3,11,19,0.579,4,9,0.444,1,1,1.0,2,9,11,8,1,1,4,6,-3
0022200972,2023-03-06,2022-23,regular_season,False,1610612754,IND,Indiana Pacers,1610612755,PHI,Philadelphia 76ers,40,40,L,16,28,0.571,2,9,0.222,6,9,0.667,3,5,8,7,4,1,2,8,0,11,17,0.647,6,10,0.6,12,14,0.857,0,9,9,9,2,2,6,8,0
0022200971,2023-03-06,2022-23,regular_season,False,1610612739,CLE,Cleveland Cavaliers,1610612738,BOS,Boston Celtics,30,35,L,11,19,0.579,5,9,0.556,3,6,0.5,0,6,6,7,0,1,2,2,-5,13,24,0.542,7,12,0.583,2,3,0.667,3,9,12,10,2,0,3,4,5
0022200974,2023-03-06,2022-23,regular_season,False,1610612748,MIA,Miami Heat,1610612737,ATL,Atlanta Hawks,33,25,W,10,19,0.526,2,5,0.4,11,13,0.846,2,7,9,8,0,2,2,5,8,10,21,0.476,1,4,0.25,4,7,0.571,3,6,9,6,1,0,3,7,-8
0022200983,2023-03-07,2022-23,regular_season,False,1610612742,DAL,Dallas Mavericks,1610612762,UTA,Utah Jazz,25,28,L,10,25,0.4,4,13,0.308,1,2,0.5,1,9,10,5,6,4,4,6,-3,9,22,0.409,3,8,0.375,7,9,0.778,4,13,17,4,2,3,7,5,3
0022200769,2023-03-07,2022-23,regular_season,False,1610612765,DET,Detroit Pistons,1610612764,WAS,Washington Wizards,32,24,W,12,21,0.571,4,10,0.4,4,5,0.8,2,6,8,9,2,0,1,1,8,10,18,0.556,4,7,0.571,0,0,0.0,0,8,8,9,1,1,5,6,-8
0022200978,2023-03-07,2022-23,regular_season,False,1610612753,ORL,Orlando Magic,1610612749,MIL,Milwaukee Bucks,34,34,L,14,25,0.56,2,6,0.333,4,6,0.667,3,6,9,3,2,0,2,7,0,10,18,0.556,2,8,0.25,12,12,1.0,1,9,10,8,0,1,5,7,0
0022200979,2023-03-07,2022-23,regular_season,False,1610612752,NYK,New York Knicks,1610612766,CHA,Charlotte Hornets,45,29,W,16,20,0.8,6,9,0.667,7,10,0.7,2,6,8,8,2,1,1,4,16,12,21,0.571,3,7,0.429,2,3,0.667,2,3,5,8,0,1,3,8,-16
0022200980,2023-03-07,2022-23,regular_season,False,1610612750,MIN,Minnesota Timberwolves,1610612755,PHI,Philadelphia 76ers,18,34,L,8,24,0.333,2,8,0.25,0,1,0.0,4,6,10,3,2,1,4,4,-16,13,23,0.565,4,8,0.5,4,5,0.8,3,12,15,6,3,2,2,2,16
0022200981,2023-03-07,2022-23,regular_season,False,1610612745,HOU,Houston Rockets,1610612751,BKN,Brooklyn Nets,22,32,L,9,16,0.562,2,4,0.5,2,2,1.0,2,7,9,3,0,0,6,5,-10,11,21,0.524,6,12,0.5,4,6,0.667,2,5,7,7,2,1,1,5,10
0022200982,2023-03-07,2022-23,regular_season,False,1610612760,OKC,Oklahoma City Thunder,1610612744,GSW,Golden State Warriors,28,34,L,11,27,0.407,5,10,0.5,1,2,0.5,6,8,14,6,3,1,7,6,-6,12,27,0.444,6,17,0.353,4,4,1.0,4,7,11,5,5,3,4,2,6
0022200984,2023-03-07,2022-23,regular_season,False,1610612747,LAL,Los Angeles Lakers,1610612763,MEM,Memphis Grizzlies,33,36,L,13,26,0.5,2,12,0.167,5,5,1.0,0,8,8,10,3,0,2,7,-3,12,22,0.545,2,9,0.222,10,12,0.833,0,12,12,5,1,1,3,6,3
0022200989,2023-03-08,2022-23,regular_season,False,1610612743,DEN,Denver Nuggets,1610612741,CHI,Chicago Bulls,23,26,L,10,23,0.435,3,9,0.333,0,0,0.0,3,9,12,4,1,1,3,6,-3,10,20,0.5,1,7,0.143,5,5,1.0,1,10,11,5,3,0,2,4,3
0022200991,2023-03-08,2022-23,regular_season,False,1610612746,LAC,LA Clippers,1610612761,TOR,Toronto Raptors,32,24,W,12,19,0.632,3,7,0.429,5,7,0.714,1,9,10,7,3,2,3,3,8,10,25,0.4,4,7,0.571,0,0,0.0,4,5,9,6,2,1,4,6,-8
0022200988,2023-03-08,2022-23,regular_season,False,1610612740,NOP,New Orleans Pelicans,1610612742,DAL,Dallas Mavericks,35,19,W,13,24,0.542,4,7,0.571,5,5,1.0,3,12,15,10,1,1,2,5,16,8,24,0.333,0,7,0.0,3,6,0.5,4,7,11,5,2,0,3,5,-16
0022200990,2023-03-08,2022-23,regular_season,False,1610612756,PHX,Phoenix Suns,1610612760,OKC,Oklahoma City Thunder,26,31,L,8,18,0.444,4,9,0.444,6,6,1.0,1,10,11,8,2,0,6,2,-5,11,26,0.423,6,12,0.5,3,3,1.0,4,7,11,9,3,1,3,5,5
0022200986,2023-03-08,2022-23,regular_season,False,1610612738,BOS,Boston Celtics,1610612757,POR,Portland Trail Blazers,25,17,W,10,26,0.385,3,17,0.176,2,2,1.0,3,10,13,7,3,0,5,6,8,4,17,0.235,0,9,0.0,9,10,0.9,0,12,12,2,1,0,5,4,-8
0022200985,2023-03-08,2022-23,regular_season,False,1610612764,WAS,Washington Wizards,1610612737,ATL,Atlanta Hawks,33,24,W,13,20,0.65,1,5,0.2,6,8,0.75,0,9,9,11,3,1,6,2,9,9,21,0.429,2,9,0.222,4,4,1.0,1,6,7,5,3,0,4,8,-9
0022200987,2023-03-08,2022-23,regular_season,False,1610612748,MIA,Miami Heat,1610612739,CLE,Cleveland Cavaliers,23,31,L,7,18,0.389,3,11,0.273,6,6,1.0,3,8,11,4,1,1,7,5,-8,12,23,0.522,2,7,0.286,5,5,1.0,2,7,9,8,3,1,1,4,8
0022200992,2023-03-09,2022-23,regular_season,False,1610612765,DET,Detroit Pistons,1610612766,CHA,Charlotte Hornets,27,28,L,10,21,0.476,1,5,0.2,6,10,0.6,4,6,10,6,2,0,4,6,-1,11,20,0.55,2,9,0.222,4,6,0.667,3,8,11,5,1,2,5,6,1
0022200993,2023-03-09,2022-23,regular_season,False,1610612754,IND,Indiana Pacers,1610612745,HOU,Houston Rockets,26,31,L,10,23,0.435,2,10,0.2,4,4,1.0,3,3,6,8,3,5,3,2,-5,14,27,0.519,0,2,0.0,3,3,1.0,5,8,13,6,2,1,5,3,5
0022200994,2023-03-09,2022-23,regular_season,False,1610612753,ORL,Orlando Magic,1610612762,UTA,Utah Jazz,28,35,L,10,22,0.455,2,7,0.286,6,8,0.75,1,6,7,5,1,1,2,7,-7,13,24,0.542,2,9,0.222,7,8,0.875,4,9,13,7,1,1,4,7,7
0022200995,2023-03-09,2022-23,regular_season,False,1610612749,MIL,Milwaukee Bucks,1610612751,BKN,Brooklyn Nets,27,27,W,9,29,0.31,5,17,0.294,4,4,1.0,5,10,15,6,4,2,2,4,0,10,24,0.417,2,10,0.2,5,5,1.0,3,12,15,4,1,1,6,2,0
0022200996,2023-03-09,2022-23,regular_season,False,1610612763,MEM,Memphis Grizzlies,1610612744,GSW,Golden State Warriors,29,31,L,10,22,0.455,1,7,0.143,8,12,0.667,3,7,10,7,3,1,5,2,-2,12,22,0.545,5,12,0.417,2,2,1.0,0,6,6,9,4,1,7,7,2
0022200997,2023-03-09,2022-23,regular_season,False,1610612758,SAC,Sacramento Kings,1610612752,NYK,New York Knicks,39,30,W,14,23,0.609,4,8,0.5,7,9,0.778,2,11,13,9,3,0,5,8,9,11,27,0.407,2,11,0.182,6,11,0.545,6,7,13,7,4,0,4,7,-9
0022200998,2023-03-10,2022-23,regular_season,False,1610612755,PHI,Philadelphia 76ers,1610612757,POR,Portland Trail Blazers,27,34,L,9,25,0.36,2,10,0.2,7,8,0.875,5,6,11,5,3,0,2,3,-7,13,20,0.65,5,10,0.5,3,5,0.6,0,12,12,10,1,0,4,5,7
0022200999,2023-03-10,2022-23,regular_season,False,1610612764,WAS,Washington Wizards,1610612737,ATL,Atlanta Hawks,21,32,L,9,23,0.391,1,5,0.2,2,4,0.5,3,10,13,3,1,1,5,2,-11,12,25,0.48,4,7,0.571,4,4,1.0,2,10,12,6,2,2,1,3,11
0022201000,2023-03-10,2022-23,regular_season,False,1610612748,MIA,Miami Heat,1610612739,CLE,Cleveland Cavaliers,23,33,L,7,18,0.389,2,4,0.5,7,9,0.778,5,9,14,4,0,0,7,4,-10,11,21,0.524,6,11,0.545,5,6,0.833,2,7,9,5,2,1,2,6,10
0022201001,2023-03-10,2022-23,regular_season,False,1610612750,MIN,Minnesota Timberwolves,1610612751,BKN,Brooklyn Nets,35,34,W,13,21,0.619,5,7,0.714,4,4,1.0,1,7,8,9,2,0,3,7,1,11,23,0.478,4,9,0.444,8,13,0.615,6,5,11,4,1,0,2,4,-1
0022201002,2023-03-10,2022-23,regular_season,False,1610612759,SAS,San Antonio Spurs,1610612743,DEN,Denver Nuggets,42,29,W,16,25,0.64,5,11,0.455,5,6,0.833,4,13,17,12,4,0,5,5,13,11,30,0.367,1,7,0.143,6,6,1.0,6,6,12,7,3,0,4,4,-13
0022201003,2023-03-10,2022-23,regular_season,False,1610612747,LAL,Los Angeles Lakers,1610612761,TOR,Toronto Raptors,39,27,W,16,24,0.667,5,9,0.556,2,2,1.0,2,10,12,9,0,2,4,1,12,11,26,0.423,3,11,0.273,2,2,1.0,2,5,7,7,3,0,1,3,-12
0022201013,2023-03-11,2022-23,regular_season,False,1610612756,PHX,Phoenix Suns,1610612758,SAC,Sacramento Kings,27,36,L,9,19,0.474,0,7,0.0,9,10,0.9,1,8,9,5,3,0,4,8,-9,10,21,0.476,6,14,0.429,10,11,0.909,2,7,9,6,4,0,5,8,9
0022201012,2023-03-11,2022-23,regular_season,False,1610612744,GSW,Golden State Warriors,1610612749,MIL,Milwaukee Bucks,22,23,L,8,25,0.32,4,10,0.4,2,2,1.0,3,13,16,7,1,2,4,5,-1,7,25,0.28,5,13,0.385,4,4,1.0,3,12,15,3,4,2,2,5,1
0022201011,2023-03-11,2022-23,regular_season,False,1610612740,NOP,New Orleans Pelicans,1610612760,OKC,Oklahoma City Thunder,22,31,L,9,20,0.45,2,5,0.4,2,2,1.0,2,8,10,4,0,0,7,8,-9,8,18,0.444,2,7,0.286,13,14,0.929,1,8,9,5,2,0,3,5,9
0022201009,2023-03-11,2022-23,regular_season,False,1610612745,HOU,Houston Rockets,1610612741,CHI,Chicago Bulls,23,32,L,8,18,0.444,5,8,0.625,2,2,1.0,0,8,8,7,1,1,6,3,-9,13,22,0.591,6,11,0.545,0,2,0.0,2,6,8,7,2,2,4,4,9
0022201010,2023-03-11,2022-23,regular_season,False,1610612763,MEM,Memphis Grizzlies,1610612742,DAL,Dallas Mavericks,29,27,W,12,19,0.632,3,10,0.3,2,2,1.0,3,7,10,9,3,0,6,7,2,8,19,0.421,3,10,0.3,8,10,0.8,4,3,7,6,3,0,3,3,-2
0022201007,2023-03-11,2022-23,regular_season,False,1610612753,ORL,Orlando Magic,1610612748,MIA,Miami Heat,24,31,L,8,21,0.381,1,10,0.1,7,9,0.778,4,12,16,6,1,4,6,4,-7,11,27,0.407,4,12,0.333,5,6,0.833,2,7,9,7,3,0,1,6,7
0022201008,2023-03-11,2022-23,regular_season,False,1610612737,ATL,Atlanta Hawks,1610612738,BOS,Boston Celtics,23,34,L,9,23,0.391,3,8,0.375,2,2,1.0,0,8,8,8,3,1,1,5,-11,13,22,0.591,6,13,0.462,2,2,1.0,0,13,13,10,0,2,3,4,11
0022201006,2023-03-11,2022-23,regular_season,False,1610612765,DET,Detroit Pistons,1610612754,IND,Indiana Pacers,27,34,L,10,24,0.417,2,8,0.25,5,6,0.833,3,7,10,6,2,0,4,9,-7,12,26,0.462,2,10,0.2,8,11,0.727,8,10,18,5,2,2,4,5,7
0022201005,2023-03-11,2022-23,regular_season,False,1610612766,CHA,Charlotte Hornets,1610612762,UTA,Utah Jazz,20,26,L,7,25,0.28,2,11,0.182,4,4,1.0,2,10,12,3,1,6,1,2,-6,11,27,0.407,2,9,0.222,2,2,1.0,5,12,17,4,0,2,3,5,6
0022201004,2023-03-11,2022-23,regular_season,False,1610612746,LAC,LA Clippers,1610612752,NYK,New York Knicks,27,30,L,12,24,0.5,2,6,0.333,1,3,0.333,2,6,8,7,0,1,2,6,-3,9,21,0.429,1,4,0.25,11,13,0.846,5,11,16,7,1,1,2,3,3
0022201018,2023-03-12,2022-23,regular_season,False,1610612759,SAS,San Antonio Spurs,1610612760,OKC,Oklahoma City Thunder,28,23,W,12,19,0.632,2,6,0.333,2,3,0.667,2,12,14,10,1,3,8,3,5,8,26,0.308,2,12,0.167,5,5,1.0,6,6,12,7,4,1,3,6,-5
0022201017,2023-03-12,2022-23,regular_season,False,1610612740,NOP,New Orleans Pelicans,1610612757,POR,Portland Trail Blazers,32,29,W,11,21,0.524,5,9,0.556,5,6,0.833,3,7,10,9,0,3,3,1,3,13,24,0.542,3,8,0.375,0,0,0.0,3,7,10,8,3,0,3,3,-3
0022201019,2023-03-12,2022-23,regular_season,False,1610612747,LAL,Los Angeles Lakers,1610612752,NYK,New York Knicks,32,31,W,14,23,0.609,3,6,0.5,1,2,0.5,0,7,7,9,2,0,1,4,1,13,26,0.5,3,9,0.333,2,5,0.4,6,9,15,5,1,1,3,4,-1
0022201015,2023-03-12,2022-23,regular_season,False,1610612766,CHA,Charlotte Hornets,1610612739,CLE,Cleveland Cavaliers,24,27,L,9,22,0.409,2,3,0.667,4,6,0.667,4,12,16,7,1,2,8,7,-3,10,28,0.357,2,8,0.25,5,9,0.556,6,9,15,3,2,2,2,7,3
0022201014,2023-03-12,2022-23,regular_season,False,1610612743,DEN,Denver Nuggets,1610612751,BKN,Brooklyn Nets,39,31,W,16,24,0.667,5,5,1.0,2,2,1.0,1,8,9,11,2,1,3,7,8,10,18,0.556,3,8,0.375,8,10,0.8,0,5,5,8,2,0,4,4,-8
0022201016,2023-03-12,2022-23,regular_season,False,1610612755,PHI,Philadelphia 76ers,1610612764,WAS,Washington Wizards,28,31,L,10,21,0.476,1,5,0.2,7,7,1.0,2,7,9,5,1,1,3,6,-3,12,22,0.545,2,4,0.5,5,7,0.714,1,8,9,8,2,1,2,6,3
0022201020,2023-03-13,2022-23,regular_season,False,1610612765,DET,Detroit Pistons,1610612754,IND,Indiana Pacers,29,29,W,12,28,0.429,4,9,0.444,1,2,0.5,6,6,12,7,0,1,3,5,0,11,22,0.5,4,10,0.4,3,6,0.5,2,8,10,7,2,1,2,5,0
0022201021,2023-03-13,2022-23,regular_season,False,1610612737,ATL,Atlanta Hawks,1610612750,MIN,Minnesota Timberwolves,23,36,L,10,28,0.357,1,8,0.125,2,2,1.0,6,7,13,3,2,1,5,9,-13,13,22,0.591,2,6,0.333,8,12,0.667,3,12,15,10,4,2,4,3,13
0022201022,2023-03-13,2022-23,regular_season,False,1610612748,MIA,Miami Heat,1610612762,UTA,Utah Jazz,23,31,L,5,18,0.278,1,8,0.125,12,14,0.857,4,6,10,2,4,0,4,2,-8,12,26,0.462,4,13,0.308,3,3,1.0,7,7,14,9,3,0,5,8,8
0022201023,2023-03-13,2022-23,regular_season,False,1610612742,DAL,Dallas Mavericks,1610612763,MEM,Memphis Grizzlies,25,20,W,11,24,0.458,3,10,0.3,0,0,0.0,4,11,15,8,1,0,6,5,5,7,19,0.368,0,7,0.0,6,7,0.857,0,6,6,4,3,1,3,4,-5
0022201024,2023-03-13,2022-23,regular_season,False,1610612745,HOU,Houston Rockets,1610612738,BOS,Boston Celtics,31,26,W,10,21,0.476,3,8,0.375,8,10,0.8,4,4,8,5,1,1,1,3,5,11,23,0.478,3,10,0.3,1,1,1.0,2,6,8,6,0,1,4,7,-5
0022201025,2023-03-13,2022-23,regular_season,False,1610612744,GSW,Golden State Warriors,1610612756,PHX,Phoenix Suns,32,37,L,12,21,0.571,6,10,0.6,2,3,0.667,1,5,6,8,0,3,2,6,-5,15,26,0.577,1,5,0.2,6,9,0.667,5,6,11,9,1,2,1,3,5
0022201026,2023-03-13,2022-23,regular_season,False,1610612758,SAC,Sacramento Kings,1610612749,MIL,Milwaukee Bucks,30,26,W,11,23,0.478,5,13,0.385,3,4,0.75,2,8,10,10,1,0,2,6,4,11,20,0.55,4,10,0.4,0,0,0.0,0,10,10,9,0,0,5,4,-4
0022201033,2023-03-14,2022-23,regular_season,False,1610612756,PHX,Phoenix Suns,1610612749,MIL,Milwaukee Bucks,24,28,L,10,26,0.385,2,9,0.222,2,2,1.0,2,9,11,9,2,2,2,4,-4,11,22,0.5,3,9,0.333,3,6,0.5,3,11,14,6,2,1,4,3,4
0022201034,2023-03-14,2022-23,regular_season,False,1610612757,POR,Portland Trail Blazers,1610612752,NYK,New York Knicks,22,29,L,6,23,0.261,4,11,0.364,6,6,1.0,4,7,11,5,1,1,2,5,-7,8,20,0.4,4,9,0.444,9,10,0.9,4,11,15,4,2,1,2,5,7
0022201031,2023-03-14,2022-23,regular_season,False,1610612760,OKC,Oklahoma City Thunder,1610612751,BKN,Brooklyn Nets,28,29,L,9,26,0.346,0,7,0.0,10,10,1.0,6,11,17,2,2,0,1,5,-1,10,22,0.455,4,12,0.333,5,6,0.833,2,10,12,8,1,2,3,5,1
0022201032,2023-03-14,2022-23,regular_season,False,1610612759,SAS,San Antonio Spurs,1610612753,ORL,Orlando Magic,29,32,L,11,22,0.5,4,9,0.444,3,3,1.0,1,8,9,10,1,0,4,2,-3,13,24,0.542,4,9,0.444,2,2,1.0,3,8,11,8,2,0,2,3,3
0022201029,2023-03-14,2022-23,regular_season,False,1610612761,TOR,Toronto Raptors,1610612743,DEN,Denver Nuggets,23,26,L,8,21,0.381,0,8,0.0,7,7,1.0,4,7,11,2,3,0,4,5,-3,10,17,0.588,1,6,0.167,5,8,0.625,1,8,9,3,3,1,4,5,3
0022201028,2023-03-14,2022-23,regular_season,False,1610612764,WAS,Washington Wizards,1610612765,DET,Detroit Pistons,23,25,L,11,19,0.579,1,5,0.2,0,0,0.0,0,10,10,6,3,1,6,6,-2,8,25,0.32,3,9,0.333,6,6,1.0,5,7,12,3,2,1,3,3,2
0022201027,2023-03-14,2022-23,regular_season,False,1610612766,CHA,Charlotte Hornets,1610612739,CLE,Cleveland Cavaliers,21,33,L,9,20,0.45,1,7,0.143,2,3,0.667,2,9,11,4,0,1,9,10,-12,10,20,0.5,2,7,0.286,11,11,1.0,0,6,6,7,2,2,0,4,12
0022201030,2023-03-14,2022-23,regular_season,False,1610612740,NOP,New Orleans Pelicans,1610612747,LAL,Los Angeles Lakers,16,36,L,5,22,0.227,1,11,0.091,5,9,0.556,5,6,11,3,0,1,3,6,-20,13,23,0.565,6,13,0.462,4,5,0.8,5,11,16,9,0,0,3,7,20
0022201041,2023-03-15,2022-23,regular_season,False,1610612746,LAC,LA Clippers,1610612744,GSW,Golden State Warriors,33,35,L,14,26,0.538,2,7,0.286,3,3,1.0,3,3,6,11,5,0,2,2,-2,13,20,0.65,6,9,0.667,3,3,1.0,1,8,9,8,2,0,7,3,2
0022201039,2023-03-15,2022-23,regular_season,False,1610612750,MIN,Minnesota Timberwolves,1610612738,BOS,Boston Celtics,20,21,L,7,24,0.292,4,16,0.25,2,2,1.0,4,13,17,4,0,0,3,7,-1,6,21,0.286,2,10,0.2,7,9,0.778,2,12,14,2,1,0,1,2,1
0022201038,2023-03-15,2022-23,regular_season,False,1610612745,HOU,Houston Rockets,1610612747,LAL,Los Angeles Lakers,31,29,W,14,26,0.538,1,7,0.143,2,3,0.667,4,10,14,7,1,1,4,9,2,7,24,0.292,2,10,0.2,13,15,0.867,4,7,11,3,3,0,2,4,-2
0022201040,2023-03-15,2022-23,regular_season,False,1610612759,SAS,San Antonio Spurs,1610612742,DAL,Dallas Mavericks,33,32,W,13,26,0.5,4,6,0.667,3,3,1.0,4,5,9,6,4,2,4,6,1,11,23,0.478,5,11,0.455,5,5,1.0,5,8,13,8,3,1,6,4,-1
0022201036,2023-03-15,2022-23,regular_season,False,1610612748,MIA,Miami Heat,1610612763,MEM,Memphis Grizzlies,34,24,W,11,20,0.55,3,6,0.5,9,10,0.9,3,7,10,8,0,0,1,1,10,9,22,0.409,4,15,0.267,2,2,1.0,4,7,11,6,1,0,3,5,-10
0022201035,2023-03-15,2022-23,regular_season,False,1610612739,CLE,Cleveland Cavaliers,1610612755,PHI,Philadelphia 76ers,36,26,W,12,25,0.48,6,11,0.545,6,7,0.857,4,7,11,8,0,0,2,5,10,10,22,0.455,3,9,0.333,3,4,0.75,4,7,11,5,1,3,3,5,-10
0022201037,2023-03-15,2022-23,regular_season,False,1610612741,CHI,Chicago Bulls,1610612758,SAC,Sacramento Kings,28,23,W,10,27,0.37,4,13,0.308,4,4,1.0,3,12,15,7,5,0,2,4,5,8,19,0.421,2,10,0.2,5,7,0.714,1,10,11,5,1,0,5,4,-5
0022201042,2023-03-16,2022-23,regular_season,False,1610612765,DET,Detroit Pistons,1610612743,DEN,Denver Nuggets,36,29,W,14,24,0.583,5,9,0.556,3,5,0.6,5,4,9,7,3,1,1,2,7,13,25,0.52,2,8,0.25,1,2,0.5,5,6,11,8,1,3,3,4,-7
0022201043,2023-03-16,2022-23,regular_season,False,1610612751,BKN,Brooklyn Nets,1610612758,SAC,Sacramento Kings,17,30,L,6,23,0.261,3,11,0.273,2,4,0.5,1,10,11,3,0,1,1,8,-13,9,22,0.409,2,8,0.25,10,12,0.833,1,16,17,5,1,3,1,5,13
0022201044,2023-03-16,2022-23,regular_season,False,1610612761,TOR,Toronto Raptors,1610612760,OKC,Oklahoma City Thunder,35,31,W,15,25,0.6,5,8,0.625,0,0,0.0,2,12,14,11,3,2,4,6,4,13,24,0.542,3,5,0.6,2,4,0.5,1,5,6,5,2,1,3,0,-4
0022201045,2023-03-16,2022-23,regular_season,False,1610612749,MIL,Milwaukee Bucks,1610612754,IND,Indiana Pacers,24,25,L,9,20,0.45,2,11,0.182,4,6,0.667,1,10,11,7,1,3,4,4,-1,9,23,0.391,4,12,0.333,3,4,0.75,2,9,11,6,0,0,4,5,1
0022201046,2023-03-16,2022-23,regular_season,False,1610612756,PHX,Phoenix Suns,1610612753,ORL,Orlando Magic,33,27,W,12,19,0.632,2,5,0.4,7,7,1.0,1,10,11,9,0,2,4,5,6,12,25,0.48,1,6,0.167,2,2,1.0,3,5,8,6,1,0,2,6,-6
0022201054,2023-03-17,2022-23,regular_season,False,1610612747,LAL,Los Angeles Lakers,1610612742,DAL,Dallas Mavericks,21,33,L,9,22,0.409,0,6,0.0,3,6,0.5,4,7,11,4,3,0,5,5,-12,13,19,0.684,5,9,0.556,2,5,0.4,1,6,7,9,4,1,3,5,12
0022201053,2023-03-17,2022-23,regular_season,False,1610612757,POR,Portland Trail Blazers,1610612738,BOS,Boston Celtics,24,31,L,9,23,0.391,1,10,0.1,5,7,0.714,3,6,9,5,6,2,5,5,-7,13,24,0.542,4,6,0.667,1,1,1.0,4,11,15,9,2,0,8,4,7
0022201051,2023-03-17,2022-23,regular_season,False,1610612745,HOU,Houston Rockets,1610612740,NOP,New Orleans Pelicans,18,28,L,7,20,0.35,2,9,0.222,2,2,1.0,3,12,15,3,0,0,8,6,-10,11,27,0.407,0,6,0.0,6,7,0.857,5,7,12,3,4,1,0,3,10
0022201052,2023-03-17,2022-23,regular_season,False,1610612759,SAS,San Antonio Spurs,1610612763,MEM,Memphis Grizzlies,34,20,W,11,23,0.478,4,10,0.4,8,8,1.0,1,9,10,9,2,3,2,7,14,6,22,0.273,0,5,0.0,8,10,0.8,4,8,12,1,1,4,4,7,-14
0022201049,2023-03-17,2022-23,regular_season,False,1610612739,CLE,Cleveland Cavaliers,1610612764,WAS,Washington Wizards,30,20,W,12,26,0.462,2,7,0.286,4,5,0.8,5,7,12,7,4,1,1,4,10,9,21,0.429,2,8,0.25,0,1,0.0,3,10,13,5,0,3,7,6,-10
0022201048,2023-03-17,2022-23,regular_season,False,1610612737,ATL,Atlanta Hawks,1610612744,GSW,Golden State Warriors,32,35,L,11,25,0.44,4,12,0.333,6,8,0.75,1,10,11,5,1,1,2,4,-3,16,30,0.533,1,8,0.125,2,2,1.0,4,11,15,9,2,2,2,4,3
0022201047,2023-03-17,2022-23,regular_season,False,1610612766,CHA,Charlotte Hornets,1610612755,PHI,Philadelphia 76ers,25,35,L,9,24,0.375,1,7,0.143,6,8,0.75,3,6,9,6,1,2,2,2,-10,14,27,0.519,4,8,0.5,3,3,1.0,4,11,15,9,2,3,1,5,10
0022201050,2023-03-17,2022-23,regular_season,False,1610612741,CHI,Chicago Bulls,1610612750,MIN,Minnesota Timberwolves,26,27,L,10,23,0.435,2,6,0.333,4,4,1.0,1,7,8,6,3,2,3,2,-1,11,23,0.478,3,10,0.3,2,2,1.0,3,12,15,8,3,3,7,4,1
0022201061,2023-03-18,2022-23,regular_season,False,1610612763,MEM,Memphis Grizzlies,1610612744,GSW,Golden State Warriors,38,36,W,14,22,0.636,7,12,0.583,3,4,0.75,1,6,7,9,1,0,2,5,2,14,28,0.5,4,10,0.4,4,6,0.667,6,5,11,9,1,0,2,5,-2
0022201060,2023-03-18,2022-23,regular_season,False,1610612741,CHI,Chicago Bulls,1610612748,MIA,Miami Heat,37,26,W,14,23,0.609,6,8,0.75,3,3,1.0,2,6,8,10,1,1,1,6,11,9,20,0.45,2,8,0.25,6,8,0.75,4,6,10,7,0,1,3,3,-11
0022201059,2023-03-18,2022-23,regular_season,False,1610612764,WAS,Washington Wizards,1610612758,SAC,Sacramento Kings,27,34,L,11,23,0.478,3,9,0.333,2,3,0.667,1,8,9,5,0,1,0,4,-7,13,23,0.565,6,8,0.75,2,5,0.4,3,12,15,9,0,2,0,5,7
0022201062,2023-03-18,2022-23,regular_season,False,1610612762,UTA,Utah Jazz,1610612738,BOS,Boston Celtics,33,30,W,11,26,0.423,4,10,0.4,7,9,0.778,7,14,21,6,1,1,2,5,3,9,25,0.36,6,17,0.353,6,7,0.857,2,9,11,7,1,1,1,8,-3
0022201057,2023-03-18,2022-23,regular_season,False,1610612754,IND,Indiana Pacers,1610612755,PHI,Philadelphia 76ers,37,38,L,12,23,0.522,3,11,0.273,10,11,0.909,4,4,8,9,3,0,3,4,-1,15,19,0.789,3,6,0.5,5,5,1.0,0,7,7,4,1,0,4,7,1
0022201056,2023-03-18,2022-23,regular_season,False,1610612746,LAC,LA Clippers,1610612753,ORL,Orlando Magic,25,26,L,9,19,0.474,2,6,0.333,5,6,0.833,3,4,7,7,4,1,6,6,-1,10,18,0.556,1,7,0.143,5,5,1.0,2,8,10,6,6,1,8,7,1
0022201055,2023-03-18,2022-23,regular_season,False,1610612752,NYK,New York Knicks,1610612743,DEN,Denver Nuggets,26,39,L,10,26,0.385,1,9,0.111,5,5,1.0,7,8,15,6,0,0,4,7,-13,14,23,0.609,4,8,0.5,7,8,0.875,1,8,9,12,1,0,1,4,13
0022201058,2023-03-18,2022-23,regular_season,False,1610612761,TOR,Toronto Raptors,1610612750,MIN,Minnesota Timberwolves,34,32,W,12,24,0.5,4,6,0.667,6,6,1.0,3,7,10,7,3,2,4,4,2,13,22,0.591,3,5,0.6,3,4,0.75,1,8,9,10,1,1,4,5,-2
0022201063,2023-03-19,2022-23,regular_season,False,1610612751,BKN,Brooklyn Nets,1610612743,DEN,Denver Nuggets,27,30,L,10,21,0.476,2,9,0.222,5,5,1.0,2,4,6,6,3,0,1,4,-3,12,18,0.667,2,5,0.4,4,4,1.0,1,9,10,8,0,0,4,5,3
0022201064,2023-03-19,2022-23,regular_season,False,1610612760,OKC,Oklahoma City Thunder,1610612756,PHX,Phoenix Suns,32,38,L,13,26,0.5,3,9,0.333,3,4,0.75,2,9,11,6,0,0,1,3,-6,13,21,0.619,7,12,0.583,5,9,0.556,0,9,9,10,0,2,1,4,6
0022201065,2023-03-19,2022-23,regular_season,False,1610612759,SAS,San Antonio Spurs,1610612737,ATL,Atlanta Hawks,27,43,L,11,29,0.379,3,8,0.375,2,2,1.0,4,3,7,5,3,1,3,7,-16,16,25,0.64,2,4,0.5,9,9,1.0,4,12,16,9,0,2,4,1,16
0022201066,2023-03-19,2022-23,regular_season,False,1610612765,DET,Detroit Pistons,1610612748,MIA,Miami Heat,18,26,L,5,19,0.263,0,8,0.0,8,9,0.889,4,9,13,5,0,1,5,3,-8,9,20,0.45,5,11,0.455,3,4,0.75,2,10,12,7,1,1,4,7,8
0022201067,2023-03-19,2022-23,regular_season,False,1610612745,HOU,Houston Rockets,1610612740,NOP,New Orleans Pelicans,16,26,L,6,19,0.316,0,8,0.0,4,4,1.0,2,8,10,1,1,0,5,7,-10,9,21,0.429,3,10,0.3,5,7,0.714,3,10,13,6,2,0,3,3,10
0022201068,2023-03-19,2022-23,regular_season,False,1610612749,MIL,Milwaukee Bucks,1610612761,TOR,Toronto Raptors,25,27,L,10,25,0.4,3,14,0.214,2,4,0.5,3,11,14,8,0,2,1,2,-2,11,27,0.407,4,11,0.364,1,2,0.5,4,11,15,5,0,2,0,4,2
0022201069,2023-03-19,2022-23,regular_season,False,1610612757,POR,Portland Trail Blazers,1610612746,LAC,LA Clippers,25,23,W,11,24,0.458,1,8,0.125,2,2,1.0,4,10,14,5,4,2,4,1,2,10,23,0.435,2,4,0.5,1,1,1.0,2,7,9,8,3,0,4,1,-2
0022201070,2023-03-19,2022-23,regular_season,False,1610612747,LAL,Los Angeles Lakers,1610612753,ORL,Orlando Magic,31,24,W,11,23,0.478,6,11,0.545,3,3,1.0,3,11,14,9,1,2,6,3,7,11,26,0.423,0,5,0.0,2,2,1.0,2,9,11,3,3,3,4,4,-7
0022201075,2023-03-20,2022-23,regular_season,False,1610612763,MEM,Memphis Grizzlies,1610612742,DAL,Dallas Mavericks,27,32,L,9,21,0.429,3,12,0.25,6,12,0.5,4,9,13,4,1,2,2,5,-5,12,22,0.545,5,12,0.417,3,4,0.75,0,10,10,7,0,0,2,8,5
0022201076,2023-03-20,2022-23,regular_season,False,1610612762,UTA,Utah Jazz,1610612758,SAC,Sacramento Kings,28,33,L,11,21,0.524,5,11,0.455,1,2,0.5,1,5,6,10,1,1,3,8,-5,10,18,0.556,6,12,0.5,7,8,0.875,0,8,8,10,1,0,3,4,5
0022201074,2023-03-20,2022-23,regular_season,False,1610612745,HOU,Houston Rockets,1610612744,GSW,Golden State Warriors,29,29,L,10,21,0.476,2,7,0.286,7,7,1.0,1,8,9,5,6,2,7,5,0,10,24,0.417,5,14,0.357,4,6,0.667,7,9,16,7,6,1,10,4,0
0022201072,2023-03-20,2022-23,regular_season,False,1610612755,PHI,Philadelphia 76ers,1610612741,CHI,Chicago Bulls,18,27,L,7,16,0.438,1,5,0.2,3,4,0.75,1,7,8,6,1,3,6,7,-9,10,20,0.5,1,7,0.143,6,8,0.75,2,7,9,6,1,1,3,2,9
0022201071,2023-03-20,2022-23,regular_season,False,1610612766,CHA,Charlotte Hornets,1610612754,IND,Indiana Pacers,36,26,W,12,21,0.571,0,5,0.0,12,15,0.8,0,7,7,9,4,4,3,5,10,9,22,0.409,2,4,0.5,6,10,0.6,5,6,11,5,1,2,7,10,-10
0022201073,2023-03-20,2022-23,regular_season,False,1610612752,NYK,New York Knicks,1610612750,MIN,Minnesota Timberwolves,38,37,W,12,21,0.571,2,6,0.333,12,14,0.857,3,6,9,6,3,1,5,2,1,16,23,0.696,4,5,0.8,1,3,0.333,1,6,7,10,3,1,6,11,-1
0022201077,2023-03-21,2022-23,regular_season,False,1610612753,ORL,Orlando Magic,1610612764,WAS,Washington Wizards,34,31,W,12,22,0.545,7,11,0.636,3,3,1.0,1,8,9,8,0,0,2,5,3,11,20,0.55,4,9,0.444,5,7,0.714,1,9,10,7,2,1,2,4,-3
0022201078,2023-03-21,2022-23,regular_season,False,1610612737,ATL,Atlanta Hawks,1610612765,DET,Detroit Pistons,28,27,W,8,23,0.348,2,9,0.222,10,13,0.769,7,11,18,3,0,0,4,5,1,10,22,0.455,2,10,0.2,5,6,0.833,1,7,8,3,4,2,2,8,-1
0022201079,2023-03-21,2022-23,regular_season,False,1610612751,BKN,Brooklyn Nets,1610612739,CLE,Cleveland Cavaliers,25,38,L,9,20,0.45,1,3,0.333,6,6,1.0,2,6,8,6,1,1,3,5,-13,14,22,0.636,6,11,0.545,4,5,0.8,0,8,8,10,1,0,2,5,13
0022201080,2023-03-21,2022-23,regular_season,False,1610612740,NOP,New Orleans Pelicans,1610612759,SAS,San Antonio Spurs,37,23,W,15,20,0.75,5,9,0.556,2,4,0.5,1,12,13,11,3,0,5,7,14,8,22,0.364,3,6,0.5,4,8,0.5,3,3,6,4,2,0,4,5,-14
0022201081,2023-03-21,2022-23,regular_season,False,1610612758,SAC,Sacramento Kings,1610612738,BOS,Boston Celtics,22,30,L,7,17,0.412,3,9,0.333,5,6,0.833,3,9,12,4,0,1,5,6,-8,11,25,0.44,5,12,0.417,3,3,1.0,5,7,12,7,2,0,1,3,8
0022201082,2023-03-21,2022-23,regular_season,False,1610612746,LAC,LA Clippers,1610612760,OKC,Oklahoma City Thunder,29,33,L,13,23,0.565,2,9,0.222,1,5,0.2,5,7,12,5,1,0,4,6,-4,12,23,0.522,5,11,0.455,4,5,0.8,3,7,10,7,1,0,2,6,4
0022201091,2023-03-22,2022-23,regular_season,False,1610612762,UTA,Utah Jazz,1610612757,POR,Portland Trail Blazers,22,39,L,9,25,0.36,1,7,0.143,3,3,1.0,3,8,11,6,1,1,4,7,-17,15,24,0.625,2,5,0.4,7,8,0.875,1,10,11,11,2,1,2,4,17
0022201090,2023-03-22,2022-23,regular_season,False,1610612750,MIN,Minnesota Timberwolves,1610612737,ATL,Atlanta Hawks,28,22,W,10,20,0.5,1,4,0.25,7,9,0.778,2,10,12,6,3,2,4,6,6,8,19,0.421,1,5,0.2,5,6,0.833,2,7,9,3,2,1,5,7,-6
0022201089,2023-03-22,2022-23,regular_season,False,1610612749,MIL,Milwaukee Bucks,1610612759,SAS,San Antonio Spurs,33,23,W,13,26,0.5,3,11,0.273,4,11,0.364,4,6,10,6,5,2,4,3,10,9,20,0.45,2,8,0.25,3,3,1.0,0,14,14,5,3,1,10,10,-10
0022201088,2023-03-22,2022-23,regular_season,False,1610612763,MEM,Memphis Grizzlies,1610612745,HOU,Houston Rockets,38,30,W,15,26,0.577,7,14,0.5,1,2,0.5,2,10,12,10,3,1,3,6,8,11,26,0.423,3,10,0.3,5,7,0.714,5,10,15,9,3,0,5,3,-8
0022201084,2023-03-22,2022-23,regular_season,False,1610612748,MIA,Miami Heat,1610612752,NYK,New York Knicks,33,29,W,11,23,0.478,4,8,0.5,7,8,0.875,1,9,10,7,3,0,1,4,4,10,22,0.455,4,12,0.333,5,5,1.0,0,10,10,7,1,3,4,5,-4
0022201086,2023-03-22,2022-23,regular_season,False,1610612742,DAL,Dallas Mavericks,1610612744,GSW,Golden State Warriors,30,35,L,9,20,0.45,2,9,0.222,10,13,0.769,1,6,7,4,0,0,2,4,-5,14,26,0.538,3,13,0.231,4,4,1.0,2,11,13,10,2,0,0,9,5
0022201085,2023-03-22,2022-23,regular_season,False,1610612761,TOR,Toronto Raptors,1610612754,IND,Indiana Pacers,26,22,W,12,28,0.429,1,7,0.143,1,2,0.5,4,9,13,4,4,1,2,4,4,9,19,0.474,1,6,0.167,3,4,0.75,2,9,11,6,2,3,6,3,-4
0022201092,2023-03-22,2022-23,regular_season,False,1610612747,LAL,Los Angeles Lakers,1610612756,PHX,Phoenix Suns,36,26,W,9,15,0.6,4,5,0.8,14,19,0.737,0,12,12,7,1,2,3,6,10,9,27,0.333,4,11,0.364,4,6,0.667,4,8,12,6,1,2,3,10,-10
0022201083,2023-03-22,2022-23,regular_season,False,1610612764,WAS,Washington Wizards,1610612743,DEN,Denver Nuggets,28,24,W,11,25,0.44,1,7,0.143,5,8,0.625,4,7,11,5,1,2,0,5,4,7,19,0.368,3,8,0.375,7,9,0.778,3,9,12,5,0,2,4,6,-4
0022201087,2023-03-22,2022-23,regular_season,False,1610612741,CHI,Chicago Bulls,1610612755,PHI,Philadelphia 76ers,25,40,L,9,23,0.391,2,7,0.286,5,5,1.0,3,4,7,5,2,0,2,6,-15,12,18,0.667,8,12,0.667,8,11,0.727,2,10,12,11,0,1,4,5,15
0022201096,2023-03-23,2022-23,regular_season,False,1610612746,LAC,LA Clippers,1610612760,OKC,Oklahoma City Thunder,18,25,L,6,20,0.3,3,10,0.3,3,4,0.75,2,10,12,3,2,3,6,2,-7,9,30,0.3,5,13,0.385,2,2,1.0,7,11,18,6,3,1,3,5,7
0022201095,2023-03-23,2022-23,regular_season,False,1610612740,NOP,New Orleans Pelicans,1610612766,CHA,Charlotte Hornets,25,33,L,11,25,0.44,1,9,0.111,2,2,1.0,3,7,10,5,2,0,4,4,-8,14,22,0.636,2,5,0.4,3,4,0.75,1,9,10,9,4,1,5,1,8
0022201093,2023-03-23,2022-23,regular_season,False,1610612753,ORL,Orlando Magic,1610612752,NYK,New York Knicks,29,23,W,10,24,0.417,3,9,0.333,6,6,1.0,4,11,15,6,2,3,6,4,6,8,24,0.333,3,14,0.214,4,4,1.0,2,6,8,5,4,1,4,5,-6
0022201094,2023-03-23,2022-23,regular_season,False,1610612751,BKN,Brooklyn Nets,1610612739,CLE,Cleveland Cavaliers,28,29,L,11,19,0.579,3,9,0.333,3,4,0.75,2,10,12,9,1,1,5,6,-1,11,22,0.5,3,9,0.333,4,4,1.0,1,5,6,5,1,1,2,7,1
0022201105,2023-03-24,2022-23,regular_season,False,1610612758,SAC,Sacramento Kings,1610612756,PHX,Phoenix Suns,32,37,L,12,23,0.522,4,11,0.364,4,4,1.0,1,5,6,7,1,1,1,2,-5,17,26,0.654,2,8,0.25,1,1,1.0,2,8,10,14,0,1,2,4,5
0022201106,2023-03-24,2022-23,regular_season,False,1610612747,LAL,Los Angeles Lakers,1610612760,OKC,Oklahoma City Thunder,33,41,L,12,24,0.5,3,10,0.3,6,9,0.667,3,6,9,5,3,1,3,7,-8,12,22,0.545,6,8,0.75,11,11,1.0,3,10,13,7,1,1,3,7,8
0022201103,2023-03-24,2022-23,regular_season,False,1610612744,GSW,Golden State Warriors,1610612755,PHI,Philadelphia 76ers,32,26,W,10,20,0.5,6,14,0.429,6,8,0.75,2,11,13,8,2,0,4,3,6,9,21,0.429,4,8,0.5,4,4,1.0,1,8,9,6,3,0,4,7,-6
0022201102,2023-03-24,2022-23,regular_season,False,1610612762,UTA,Utah Jazz,1610612749,MIL,Milwaukee Bucks,33,32,W,13,27,0.481,3,7,0.429,4,4,1.0,7,10,17,9,2,1,6,4,1,12,25,0.48,6,14,0.429,2,2,1.0,2,5,7,10,3,0,4,3,-1
0022201104,2023-03-24,2022-23,regular_season,False,1610612757,POR,Portland Trail Blazers,1610612741,CHI,Chicago Bulls,19,35,L,7,21,0.333,1,5,0.2,4,4,1.0,1,6,7,6,2,2,4,2,-16,14,21,0.667,6,7,0.857,1,2,0.5,1,12,13,12,1,2,5,5,16
0022201100,2023-03-24,2022-23,regular_season,False,1610612763,MEM,Memphis Grizzlies,1610612745,HOU,Houston Rockets,41,22,W,15,26,0.577,8,16,0.5,3,3,1.0,2,13,15,9,3,2,2,3,19,10,22,0.455,0,5,0.0,2,4,0.5,0,9,9,5,1,1,3,3,-19
0022201099,2023-03-24,2022-23,regular_season,False,1610612761,TOR,Toronto Raptors,1610612765,DET,Detroit Pistons,34,26,W,13,21,0.619,3,6,0.5,5,8,0.625,1,6,7,8,4,1,2,7,8,9,18,0.5,0,4,0.0,8,9,0.889,2,7,9,6,1,0,7,5,-8
0022201098,2023-03-24,2022-23,regular_season,False,1610612764,WAS,Washington Wizards,1610612759,SAS,San Antonio Spurs,33,36,L,13,21,0.619,4,6,0.667,3,8,0.375,2,9,11,7,0,1,3,3,-3,15,25,0.6,4,10,0.4,2,4,0.5,1,9,10,12,2,2,0,6,3
0022201097,2023-03-24,2022-23,regular_season,False,1610612738,BOS,Boston Celtics,1610612754,IND,Indiana Pacers,26,23,W,9,26,0.346,2,8,0.25,6,7,0.857,3,12,15,6,2,0,2,3,3,11,21,0.524,0,7,0.0,1,4,0.25,0,13,13,4,2,2,5,7,-3
0022201101,2023-03-24,2022-23,regular_season,False,1610612742,DAL,Dallas Mavericks,1610612766,CHA,Charlotte Hornets,29,32,L,10,20,0.5,3,8,0.375,6,9,0.667,2,9,11,6,0,0,3,5,-3,11,21,0.524,1,6,0.167,9,10,0.9,1,9,10,8,1,2,2,8,3
0022201112,2023-03-25,2022-23,regular_season,False,1610612746,LAC,LA Clippers,1610612740,NOP,New Orleans Pelicans,30,31,L,8,16,0.5,4,8,0.5,10,10,1.0,0,8,8,7,4,2,6,2,-1,13,26,0.5,5,11,0.455,0,0,0.0,4,8,12,9,2,1,6,7,1
0022201107,2023-03-25,2022-23,regular_season,False,1610612737,ATL,Atlanta Hawks,1610612754,IND,Indiana Pacers,33,39,L,14,26,0.538,3,6,0.5,2,2,1.0,2,5,7,6,3,1,3,5,-6,16,26,0.615,3,9,0.333,4,4,1.0,3,9,12,10,2,3,5,3,6
0022201108,2023-03-25,2022-23,regular_season,False,1610612748,MIA,Miami Heat,1610612751,BKN,Brooklyn Nets,33,37,L,14,25,0.56,3,8,0.375,2,2,1.0,2,6,8,9,2,1,0,6,-4,12,25,0.48,6,13,0.462,7,8,0.875,6,7,13,10,0,1,2,4,4
0022201109,2023-03-25,2022-23,regular_season,False,1610612743,DEN,Denver Nuggets,1610612749,MIL,Milwaukee Bucks,26,28,L,10,23,0.435,1,5,0.2,5,6,0.833,3,10,13,6,0,0,2,4,-2,10,23,0.435,2,10,0.2,6,7,0.857,0,10,10,5,1,1,0,4,2
0022201110,2023-03-25,2022-23,regular_season,False,1610612756,PHX,Phoenix Suns,1610612755,PHI,Philadelphia 76ers,32,29,W,12,21,0.571,6,11,0.545,2,2,1.0,2,7,9,10,0,4,1,4,3,10,21,0.476,5,8,0.625,4,4,1.0,2,7,9,7,0,3,2,2,-3
0022201111,2023-03-25,2022-23,regular_season,False,1610612758,SAC,Sacramento Kings,1610612762,UTA,Utah Jazz,23,35,L,7,24,0.292,3,9,0.333,6,6,1.0,7,6,13,6,3,1,5,6,-12,14,25,0.56,3,6,0.5,4,6,0.667,4,8,12,7,2,2,3,4,12
0022201121,2023-03-26,2022-23,regular_season,False,1610612744,GSW,Golden State Warriors,1610612750,MIN,Minnesota Timberwolves,26,24,W,9,24,0.375,4,11,0.364,4,4,1.0,3,6,9,8,3,0,2,2,2,9,20,0.45,5,10,0.5,1,4,0.25,2,10,12,7,2,1,5,4,-2
0022201119,2023-03-26,2022-23,regular_season,False,1610612761,TOR,Toronto Raptors,1610612764,WAS,Washington Wizards,26,25,W,11,23,0.478,2,5,0.4,2,4,0.5,5,6,11,4,5,0,3,4,1,9,22,0.409,4,6,0.667,3,5,0.6,5,8,13,7,2,0,5,3,-1
0022201120,2023-03-26,2022-23,regular_season,False,1610612757,POR,Portland Trail Blazers,1610612760,OKC,Oklahoma City Thunder,25,43,L,7,21,0.333,2,9,0.222,9,11,0.818,4,3,7,3,1,2,6,6,-18,14,26,0.538,6,13,0.462,9,10,0.9,4,7,11,10,5,2,2,7,18
0022201118,2023-03-26,2022-23,regular_season,False,1610612753,ORL,Orlando Magic,1610612751,BKN,Brooklyn Nets,36,26,W,12,16,0.75,3,6,0.5,9,11,0.818,0,8,8,8,2,2,3,5,10,11,27,0.407,1,7,0.143,3,3,1.0,7,3,10,4,2,0,2,6,-10
0022201114,2023-03-26,2022-23,regular_season,False,1610612747,LAL,Los Angeles Lakers,1610612741,CHI,Chicago Bulls,29,34,L,10,19,0.526,3,9,0.333,6,7,0.857,2,7,9,4,1,2,6,3,-5,15,27,0.556,4,9,0.444,0,0,0.0,3,7,10,9,3,1,1,5,5
0022201116,2023-03-26,2022-23,regular_season,False,1610612738,BOS,Boston Celtics,1610612759,SAS,San Antonio Spurs,38,26,W,12,22,0.545,3,8,0.375,11,13,0.846,2,12,14,6,4,3,3,7,12,8,22,0.364,4,11,0.364,6,8,0.75,0,10,10,6,1,0,6,8,-12
0022201115,2023-03-26,2022-23,regular_season,False,1610612737,ATL,Atlanta Hawks,1610612763,MEM,Memphis Grizzlies,29,27,W,11,24,0.458,1,7,0.143,6,6,1.0,3,11,14,4,0,1,2,4,2,11,23,0.478,3,11,0.273,2,5,0.4,1,8,9,6,2,3,0,4,-2
0022201113,2023-03-26,2022-23,regular_season,False,1610612766,CHA,Charlotte Hornets,1610612742,DAL,Dallas Mavericks,25,32,L,9,24,0.375,2,9,0.222,5,6,0.833,4,9,13,7,2,2,2,5,-7,11,23,0.478,6,13,0.462,4,4,1.0,0,10,10,8,1,1,3,5,7
0022201117,2023-03-26,2022-23,regular_season,False,1610612739,CLE,Cleveland Cavaliers,1610612745,HOU,Houston Rockets,27,21,W,11,22,0.5,3,9,0.333,2,4,0.5,4,7,11,7,0,1,2,3,6,8,19,0.421,1,5,0.2,4,4,1.0,2,7,9,5,2,0,5,6,-6
0022201122,2023-03-27,2022-23,regular_season,False,1610612765,DET,Detroit Pistons,1610612749,MIL,Milwaukee Bucks,24,26,L,10,26,0.385,1,6,0.167,3,8,0.375,3,11,14,6,2,0,4,8,-2,8,21,0.381,3,8,0.375,7,9,0.778,2,12,14,5,2,2,4,6,2
0022201123,2023-03-27,2022-23,regular_season,False,1610612754,IND,Indiana Pacers,1610612742,DAL,Dallas Mavericks,20,30,L,8,18,0.444,1,7,0.143,3,7,0.429,2,11,13,4,0,1,6,6,-10,10,22,0.455,5,10,0.5,5,7,0.714,1,7,8,5,3,0,1,7,10
0022201124,2023-03-27,2022-23,regular_season,False,1610612752,NYK,New York Knicks,1610612745,HOU,Houston Rockets,30,28,W,12,21,0.571,2,10,0.2,4,5,0.8,2,8,10,5,5,1,4,8,2,7,16,0.438,1,4,0.25,13,15,0.867,1,5,6,4,1,0,5,3,-2
0022201125,2023-03-27,2022-23,regular_season,False,1610612762,UTA,Utah Jazz,1610612756,PHX,Phoenix Suns,26,20,W,9,23,0.391,1,10,0.1,7,8,0.875,2,16,18,6,0,3,2,5,6,6,28,0.214,4,17,0.235,4,5,0.8,6,8,14,4,0,3,0,5,-6
0022201126,2023-03-27,2022-23,regular_season,False,1610612743,DEN,Denver Nuggets,1610612755,PHI,Philadelphia 76ers,36,39,L,13,21,0.619,5,9,0.556,5,5,1.0,2,6,8,11,1,0,3,5,-3,15,24,0.625,3,9,0.333,6,7,0.857,2,6,8,4,2,0,1,5,3
0022201127,2023-03-27,2022-23,regular_season,False,1610612757,POR,Portland Trail Blazers,1610612740,NOP,New Orleans Pelicans,21,24,L,10,25,0.4,0,7,0.0,1,1,1.0,2,6,8,6,2,0,4,5,-3,9,20,0.45,5,11,0.455,1,3,0.333,3,11,14,6,0,4,8,4,3
0022201128,2023-03-27,2022-23,regular_season,False,1610612758,SAC,Sacramento Kings,1610612750,MIN,Minnesota Timberwolves,33,23,W,12,21,0.571,0,3,0.0,9,11,0.818,4,13,17,2,1,0,6,5,10,9,23,0.391,0,5,0.0,5,8,0.625,1,5,6,5,4,2,1,8,-10
0022201129,2023-03-27,2022-23,regular_season,False,1610612746,LAC,LA Clippers,1610612741,CHI,Chicago Bulls,35,23,W,14,23,0.609,7,11,0.636,0,2,0.0,2,9,11,12,5,0,4,5,12,9,18,0.5,3,5,0.6,2,4,0.5,0,5,5,6,3,0,5,2,-12
0022201134,2023-03-28,2022-23,regular_season,False,1610612760,OKC,Oklahoma City Thunder,1610612766,CHA,Charlotte Hornets,45,31,W,16,25,0.64,3,8,0.375,10,10,1.0,2,8,10,8,4,0,2,7,14,11,18,0.611,2,6,0.333,7,13,0.538,3,6,9,8,1,0,7,8,-14
0022201133,2023-03-28,2022-23,regular_season,False,1610612763,MEM,Memphis Grizzlies,1610612753,ORL,Orlando Magic,27,29,L,11,28,0.393,4,12,0.333,1,2,0.5,4,10,14,6,4,0,3,4,-2,9,21,0.429,6,12,0.5,5,7,0.714,2,12,14,7,2,3,6,1,2
0022201135,2023-03-28,2022-23,regular_season,False,1610612744,GSW,Golden State Warriors,1610612740,NOP,New Orleans Pelicans,21,27,L,7,14,0.5,2,5,0.4,5,5,1.0,0,6,6,5,4,2,8,6,-6,10,23,0.435,4,6,0.667,3,4,0.75,5,7,12,6,4,2,6,5,6
0022201131,2023-03-28,2022-23,regular_season,False,1610612737,ATL,Atlanta Hawks,1610612739,CLE,Cleveland Cavaliers,35,27,W,12,21,0.571,1,4,0.25,10,10,1.0,1,13,14,9,1,0,3,5,8,12,24,0.5,1,4,0.25,2,7,0.286,2,6,8,3,1,1,1,6,-8
0022201130,2023-03-28,2022-23,regular_season,False,1610612764,WAS,Washington Wizards,1610612738,BOS,Boston Celtics,35,28,W,15,26,0.577,5,9,0.556,0,0,0.0,1,10,11,8,2,0,1,0,7,12,27,0.444,4,16,0.25,0,0,0.0,3,8,11,9,1,3,2,1,-7
0022201132,2023-03-28,2022-23,regular_season,False,1610612761,TOR,Toronto Raptors,1610612748,MIA,Miami Heat,29,24,W,13,27,0.481,1,7,0.143,2,3,0.667,7,8,15,10,1,2,2,3,5,8,20,0.4,4,11,0.364,4,4,1.0,3,8,11,5,2,1,4,4,-5
0022201145,2023-03-29,2022-23,regular_season,False,1610612757,POR,Portland Trail Blazers,1610612758,SAC,Sacramento Kings,26,31,L,10,21,0.476,1,6,0.167,5,5,1.0,1,8,9,7,2,2,3,4,-5,12,26,0.462,3,11,0.273,4,6,0.667,4,9,13,9,2,1,2,4,5
0022201144,2023-03-29,2022-23,regular_season,False,1610612756,PHX,Phoenix Suns,1610612750,MIN,Minnesota Timberwolves,23,27,L,9,31,0.29,1,5,0.2,4,7,0.571,5,10,15,5,5,3,0,4,-4,10,21,0.476,4,6,0.667,3,4,0.75,1,17,18,5,0,2,7,6,4
0022201142,2023-03-29,2022-23,regular_season,False,1610612760,OKC,Oklahoma City Thunder,1610612765,DET,Detroit Pistons,28,30,L,10,26,0.385,4,10,0.4,4,4,1.0,3,5,8,6,3,0,1,3,-2,12,22,0.545,3,6,0.5,3,3,1.0,4,11,15,7,1,1,4,4,2
0022201141,2023-03-29,2022-23,regular_season,False,1610612763,MEM,Memphis Grizzlies,1610612746,LAC,LA Clippers,34,41,L,12,24,0.5,2,9,0.222,8,9,0.889,3,6,9,10,2,1,2,6,-7,13,20,0.65,6,9,0.667,9,11,0.818,1,7,8,8,2,1,2,7,7
0022201143,2023-03-29,2022-23,regular_season,False,1610612759,SAS,San Antonio Spurs,1610612762,UTA,Utah Jazz,29,28,W,10,23,0.435,4,12,0.333,5,8,0.625,3,10,13,5,3,1,5,6,1,12,22,0.545,3,9,0.333,1,3,0.333,0,11,11,8,0,0,4,5,-1
0022201139,2023-03-29,2022-23,regular_season,False,1610612755,PHI,Philadelphia 76ers,1610612742,DAL,Dallas Mavericks,29,25,W,8,19,0.421,4,10,0.4,9,11,0.818,3,10,13,5,2,0,3,4,4,9,22,0.409,3,9,0.333,4,7,0.571,1,8,9,5,1,1,2,7,-4
0022201138,2023-03-29,2022-23,regular_season,False,1610612752,NYK,New York Knicks,1610612748,MIA,Miami Heat,29,23,W,10,20,0.5,4,11,0.364,5,7,0.714,3,8,11,5,3,1,4,3,6,8,16,0.5,4,9,0.444,3,4,0.75,0,8,8,6,1,0,5,7,-6
0022201137,2023-03-29,2022-23,regular_season,False,1610612751,BKN,Brooklyn Nets,1610612745,HOU,Houston Rockets,24,30,L,8,21,0.381,2,7,0.286,6,10,0.6,4,7,11,6,1,1,5,5,-6,11,22,0.5,3,6,0.5,5,6,0.833,4,9,13,7,3,1,5,6,6
0022201136,2023-03-29,2022-23,regular_season,False,1610612754,IND,Indiana Pacers,1610612749,MIL,Milwaukee Bucks,39,39,L,15,25,0.6,7,9,0.778,2,3,0.667,2,5,7,12,2,0,2,4,0,16,24,0.667,5,9,0.556,2,4,0.5,3,8,11,8,1,2,5,3,0
0022201140,2023-03-29,2022-23,regular_season,False,1610612741,CHI,Chicago Bulls,1610612747,LAL,Los Angeles Lakers,31,28,W,14,24,0.583,1,8,0.125,2,2,1.0,1,5,6,9,6,2,3,8,3,9,20,0.45,0,5,0.0,10,12,0.833,5,7,12,2,2,0,7,1,-3
0022201146,2023-03-30,2022-23,regular_season,False,1610612749,MIL,Milwaukee Bucks,1610612738,BOS,Boston Celtics,21,41,L,9,31,0.29,0,11,0.0,3,3,1.0,6,10,16,3,0,0,4,6,-20,13,28,0.464,6,13,0.462,9,10,0.9,5,11,16,7,3,0,1,4,20
0022201147,2023-03-30,2022-23,regular_season,False,1610612743,DEN,Denver Nuggets,1610612740,NOP,New Orleans Pelicans,23,29,L,9,21,0.429,3,12,0.25,2,4,0.5,3,5,8,5,0,2,1,3,-6,10,19,0.526,5,10,0.5,4,4,1.0,2,8,10,7,1,0,3,3,6
0022201155,2023-03-31,2022-23,regular_season,False,1610612745,HOU,Houston Rockets,1610612765,DET,Detroit Pistons,27,33,L,12,26,0.462,1,6,0.167,2,3,0.667,4,7,11,7,2,1,3,5,-6,13,24,0.542,4,10,0.4,3,3,1.0,3,8,11,6,3,2,3,3,6
0022201159,2023-03-31,2022-23,regular_season,False,1610612757,POR,Portland Trail Blazers,1610612758,SAC,Sacramento Kings,32,35,L,11,19,0.579,3,8,0.375,7,14,0.5,3,5,8,6,2,3,3,3,-3,14,26,0.538,5,9,0.556,2,4,0.5,5,7,12,9,2,0,2,9,3
0022201158,2023-03-31,2022-23,regular_season,False,1610612744,GSW,Golden State Warriors,1610612759,SAS,San Antonio Spurs,31,25,W,11,25,0.44,6,14,0.429,3,4,0.75,3,10,13,7,0,0,3,3,6,11,30,0.367,3,9,0.333,0,1,0.0,7,10,17,6,1,2,3,4,-6
0022201157,2023-03-31,2022-23,regular_season,False,1610612750,MIN,Minnesota Timberwolves,1610612747,LAL,Los Angeles Lakers,36,28,W,14,27,0.519,3,7,0.429,5,6,0.833,5,12,17,9,1,3,3,4,8,11,29,0.379,2,6,0.333,4,5,0.8,5,8,13,6,2,0,1,5,-8
0022201156,2023-03-31,2022-23,regular_season,False,1610612763,MEM,Memphis Grizzlies,1610612746,LAC,LA Clippers,34,17,W,14,26,0.538,5,10,0.5,1,3,0.333,2,12,14,7,5,2,1,2,17,8,22,0.364,1,8,0.125,0,1,0.0,2,10,12,6,0,2,7,2,-17
0022201160,2023-03-31,2022-23,regular_season,False,1610612756,PHX,Phoenix Suns,1610612743,DEN,Denver Nuggets,28,20,W,10,21,0.476,2,4,0.5,6,9,0.667,3,13,16,7,1,4,5,6,8,8,22,0.364,1,6,0.167,3,7,0.429,1,9,10,3,4,2,2,6,-8
0022201154,2023-03-31,2022-23,regular_season,False,1610612739,CLE,Cleveland Cavaliers,1610612752,NYK,New York Knicks,25,37,L,10,23,0.435,5,10,0.5,0,0,0.0,1,4,5,7,0,2,3,5,-12,15,24,0.625,5,8,0.625,2,5,0.4,6,8,14,8,1,1,2,1,12
0022201152,2023-03-31,2022-23,regular_season,False,1610612738,BOS,Boston Celtics,1610612762,UTA,Utah Jazz,30,22,W,10,25,0.4,3,11,0.273,7,7,1.0,5,8,13,7,2,1,2,3,8,11,24,0.458,0,6,0.0,0,0,0.0,4,10,14,5,1,2,4,5,-8
0022201151,2023-03-31,2022-23,regular_season,False,1610612764,WAS,Washington Wizards,1610612753,ORL,Orlando Magic,31,36,L,11,25,0.44,6,15,0.4,3,3,1.0,4,7,11,9,0,1,3,5,-5,14,24,0.583,4,9,0.444,4,4,1.0,2,8,10,7,0,2,1,2,5
0022201150,2023-03-31,2022-23,regular_season,False,1610612755,PHI,Philadelphia 76ers,1610612761,TOR,Toronto Raptors,46,27,W,18,21,0.857,5,6,0.833,5,5,1.0,2,7,9,12,1,1,1,3,19,11,21,0.524,1,8,0.125,4,5,0.8,4,1,5,7,0,1,2,4,-19
0022201149,2023-03-31,2022-23,regular_season,False,1610612754,IND,Indiana Pacers,1610612760,OKC,Oklahoma City Thunder,29,29,W,9,24,0.375,2,11,0.182,9,14,0.643,8,9,17,5,0,1,4,5,0,12,25,0.48,0,10,0.0,5,7,0.714,4,9,13,7,3,0,1,9,0
0022201148,2023-03-31,2022-23,regular_season,False,1610612766,CHA,Charlotte Hornets,1610612741,CHI,Chicago Bulls,23,31,L,10,22,0.455,2,7,0.286,1,2,0.5,2,7,9,7,1,1,4,5,-8,10,18,0.556,5,8,0.625,6,6,1.0,1,10,11,4,2,2,4,3,8
0022201153,2023-03-31,2022-23,regular_season,False,1610612751,BKN,Brooklyn Nets,1610612737,ATL,Atlanta Hawks,34,22,W,15,24,0.625,4,10,0.4,0,2,0.0,3,9,12,9,3,1,4,4,12,7,24,0.292,0,9,0.0,8,8,1.0,6,7,13,4,2,0,4,3,-12
0022201161,2023-04-01,2022-23,regular_season,False,1610612748,MIA,Miami Heat,1610612742,DAL,Dallas Mavericks,32,33,L,11,19,0.579,1,6,0.167,9,10,0.9,0,4,4,6,4,0,3,5,-1,13,18,0.722,3,7,0.429,4,5,0.8,1,8,9,8,1,1,7,6,1
0022201162,2023-04-01,2022-23,regular_season,False,1610612740,NOP,New Orleans Pelicans,1610612746,LAC,LA Clippers,34,25,W,10,22,0.455,2,6,0.333,12,15,0.8,5,6,11,4,1,1,2,3,9,10,22,0.455,1,6,0.167,4,5,0.8,4,6,10,4,1,1,5,12,-9
0022201175,2023-04-02,2022-23,regular_season,False,1610612743,DEN,Denver Nuggets,1610612744,GSW,Golden State Warriors,32,25,W,12,28,0.429,4,10,0.4,4,4,1.0,9,8,17,5,5,1,5,3,7,12,25,0.48,0,8,0.0,1,1,1.0,5,6,11,4,4,1,5,5,-7
0022201174,2023-04-02,2022-23,regular_season,False,1610612749,MIL,Milwaukee Bucks,1610612755,PHI,Philadelphia 76ers,28,27,W,13,20,0.65,1,6,0.167,1,2,0.5,1,5,6,11,2,2,1,4,1,11,21,0.524,2,8,0.25,3,3,1.0,4,7,11,5,0,0,4,4,-1
0022201172,2023-04-02,2022-23,regular_season,False,1610612760,OKC,Oklahoma City Thunder,1610612756,PHX,Phoenix Suns,28,42,L,9,21,0.429,2,11,0.182,8,9,0.889,3,6,9,5,0,0,3,9,-14,14,20,0.7,3,6,0.5,11,12,0.917,0,8,8,9,1,0,2,7,14
0022201171,2023-04-02,2022-23,regular_season,False,1610612745,HOU,Houston Rockets,1610612747,LAL,Los Angeles Lakers,39,35,W,16,32,0.5,5,9,0.556,2,3,0.667,7,9,16,6,1,1,2,6,4,14,23,0.609,2,5,0.4,5,8,0.625,1,7,8,10,1,3,2,3,-4
0022201170,2023-04-02,2022-23,regular_season,False,1610612758,SAC,Sacramento Kings,1610612759,SAS,San Antonio Spurs,28,31,L,10,24,0.417,2,9,0.222,6,6,1.0,4,7,11,6,4,1,6,8,-3,11,22,0.5,4,8,0.5,5,8,0.625,4,8,12,8,3,1,6,6,3
0022201169,2023-04-02,2022-23,regular_season,False,1610612753,ORL,Orlando Magic,1610612765,DET,Detroit Pistons,29,15,W,11,21,0.524,3,8,0.375,4,8,0.5,2,11,13,8,6,3,5,6,14,3,17,0.176,0,9,0.0,9,12,0.75,1,9,10,2,2,0,8,7,-14
0022201173,2023-04-02,2022-23,regular_season,False,1610612739,CLE,Cleveland Cavaliers,1610612754,IND,Indiana Pacers,31,33,L,12,21,0.571,2,5,0.4,5,8,0.625,3,11,14,7,0,1,5,8,-2,10,23,0.435,2,9,0.222,11,13,0.846,1,6,7,9,2,2,1,6,2
0022201167,2023-04-02,2022-23,regular_season,False,1610612737,ATL,Atlanta Hawks,1610612742,DAL,Dallas Mavericks,33,37,L,12,23,0.522,2,5,0.4,7,8,0.875,3,8,11,3,2,0,4,6,-4,13,22,0.591,4,12,0.333,7,8,0.875,0,7,7,5,2,0,2,5,4
0022201166,2023-04-02,2022-23,regular_season,False,1610612750,MIN,Minnesota Timberwolves,1610612757,POR,Portland Trail Blazers,33,25,W,13,23,0.565,4,7,0.571,3,6,0.5,3,10,13,9,0,2,2,2,8,10,23,0.435,4,9,0.444,1,1,1.0,1,7,8,8,1,1,3,7,-8
0022201165,2023-04-02,2022-23,regular_season,False,1610612741,CHI,Chicago Bulls,1610612763,MEM,Memphis Grizzlies,28,32,L,12,22,0.545,2,7,0.286,2,2,1.0,1,7,8,6,0,1,1,3,-4,12,23,0.522,6,12,0.5,2,2,1.0,3,9,12,9,1,1,1,3,4
0022201164,2023-04-02,2022-23,regular_season,False,1610612751,BKN,Brooklyn Nets,1610612762,UTA,Utah Jazz,23,25,L,9,23,0.391,2,10,0.2,3,5,0.6,1,6,7,7,2,0,3,5,-2,11,21,0.524,0,4,0.0,3,4,0.75,2,12,14,7,2,0,5,6,2
0022201163,2023-04-02,2022-23,regular_season,False,1610612766,CHA,Charlotte Hornets,1610612761,TOR,Toronto Raptors,27,32,L,11,23,0.478,4,7,0.571,1,2,0.5,4,8,12,4,0,2,4,2,-5,14,26,0.538,4,10,0.4,0,0,0.0,1,7,8,11,2,2,2,5,5
0022201168,2023-04-02,2022-23,regular_season,False,1610612752,NYK,New York Knicks,1610612764,WAS,Washington Wizards,19,30,L,7,21,0.333,1,7,0.143,4,6,0.667,2,7,9,4,3,1,4,5,-11,11,21,0.524,6,11,0.545,2,2,1.0,1,10,11,10,3,3,6,5,11
0022201188,2023-04-04,2022-23,regular_season,False,1610612756,PHX,Phoenix Suns,1610612759,SAS,San Antonio Spurs,27,26,W,12,24,0.5,1,7,0.143,2,3,0.667,6,11,17,7,1,1,4,5,1,8,24,0.333,5,14,0.357,5,6,0.833,6,5,11,6,1,1,2,2,-1
0022201187,2023-04-04,2022-23,regular_season,False,1610612744,GSW,Golden State Warriors,1610612760,OKC,Oklahoma City Thunder,33,40,L,13,25,0.52,5,9,0.556,2,4,0.5,5,5,10,6,1,3,3,7,-7,13,21,0.619,4,6,0.667,10,12,0.833,2,8,10,8,1,0,2,5,7
0022201186,2023-04-04,2022-23,regular_season,False,1610612762,UTA,Utah Jazz,1610612747,LAL,Los Angeles Lakers,24,34,L,8,22,0.364,2,6,0.333,6,8,0.75,2,8,10,4,0,0,1,5,-10,14,26,0.538,2,9,0.222,4,5,0.8,3,11,14,7,0,2,1,7,10
0022201185,2023-04-04,2022-23,regular_season,False,1610612740,NOP,New Orleans Pelicans,1610612758,SAC,Sacramento Kings,32,40,L,14,25,0.56,1,4,0.25,3,3,1.0,2,5,7,8,0,2,2,3,-8,15,22,0.682,5,8,0.625,5,6,0.833,0,6,6,12,1,2,0,3,8
0022201184,2023-04-04,2022-23,regular_season,False,1610612763,MEM,Memphis Grizzlies,1610612757,POR,Portland Trail Blazers,25,37,L,10,20,0.5,3,11,0.273,2,2,1.0,1,9,10,6,1,1,6,7,-12,13,25,0.52,3,10,0.3,8,12,0.667,6,7,13,7,4,1,1,2,12
0022201183,2023-04-04,2022-23,regular_season,False,1610612745,HOU,Houston Rockets,1610612743,DEN,Denver Nuggets,25,29,L,9,24,0.375,2,9,0.222,5,7,0.714,5,8,13,3,1,0,4,4,-4,13,27,0.481,2,9,0.222,1,2,0.5,5,10,15,7,2,4,1,5,4
0022201180,2023-04-04,2022-23,regular_season,False,1610612751,BKN,Brooklyn Nets,1610612750,MIN,Minnesota Timberwolves,30,20,W,11,19,0.579,5,7,0.714,3,3,1.0,0,10,10,5,2,0,5,2,10,9,24,0.375,0,6,0.0,2,2,1.0,3,6,9,3,3,1,4,3,-10
0022201181,2023-04-04,2022-23,regular_season,False,1610612755,PHI,Philadelphia 76ers,1610612738,BOS,Boston Celtics,25,24,W,10,25,0.4,3,8,0.375,2,2,1.0,4,6,10,6,2,1,1,4,1,9,20,0.45,2,7,0.286,4,4,1.0,2,9,11,6,0,1,2,3,-1
0022201179,2023-04-04,2022-23,regular_season,False,1610612764,WAS,Washington Wizards,1610612749,MIL,Milwaukee Bucks,33,43,L,12,20,0.6,2,4,0.5,7,8,0.875,1,7,8,8,1,0,4,7,-10,14,22,0.636,8,13,0.615,7,10,0.7,3,8,11,11,2,0,4,6,10
0022201178,2023-04-04,2022-23,regular_season,False,1610612753,ORL,Orlando Magic,1610612739,CLE,Cleveland Cavaliers,30,35,L,13,24,0.542,2,5,0.4,2,2,1.0,5,7,12,8,1,0,4,8,-5,12,19,0.632,3,7,0.429,8,9,0.889,0,5,5,6,2,2,1,1,5
0022201177,2023-04-04,2022-23,regular_season,False,1610612765,DET,Detroit Pistons,1610612748,MIA,Miami Heat,25,28,L,8,17,0.471,2,8,0.25,7,8,0.875,0,9,9,7,1,2,4,6,-3,10,22,0.455,5,9,0.556,3,4,0.75,2,7,9,7,3,0,2,6,3
0022201176,2023-04-04,2022-23,regular_season,False,1610612766,CHA,Charlotte Hornets,1610612761,TOR,Toronto Raptors,20,36,L,7,16,0.438,4,8,0.5,2,2,1.0,0,8,8,6,0,0,6,3,-16,14,24,0.583,6,10,0.6,2,3,0.667,3,9,12,10,4,1,1,3,16
0022201182,2023-04-04,2022-23,regular_season,False,1610612741,CHI,Chicago Bulls,1610612737,ATL,Atlanta Hawks,27,29,L,11,21,0.524,3,11,0.273,2,2,1.0,0,7,7,5,2,4,3,3,-2,12,23,0.522,1,6,0.167,4,4,1.0,1,10,11,5,2,1,3,3,2
0022201194,2023-04-05,2022-23,regular_season,False,1610612740,NOP,New Orleans Pelicans,1610612763,MEM,Memphis Grizzlies,20,35,L,7,20,0.35,1,6,0.167,5,8,0.625,3,7,10,6,1,2,4,4,-15,14,22,0.636,2,6,0.333,5,6,0.833,0,10,10,7,1,0,1,5,15
0022201195,2023-04-05,2022-23,regular_season,False,1610612742,DAL,Dallas Mavericks,1610612758,SAC,Sacramento Kings,32,44,L,11,19,0.579,5,10,0.5,5,5,1.0,0,4,4,8,0,2,5,5,-12,20,29,0.69,2,4,0.5,2,2,1.0,4,6,10,11,3,0,2,4,12
0022201193,2023-04-05,2022-23,regular_season,False,1610612749,MIL,Milwaukee Bucks,1610612741,CHI,Chicago Bulls,21,30,L,8,23,0.348,5,14,0.357,0,0,0.0,3,7,10,5,3,0,4,4,-9,11,18,0.611,4,9,0.444,4,5,0.8,1,9,10,11,3,2,4,1,9
0022201196,2023-04-05,2022-23,regular_season,False,1610612746,LAC,LA Clippers,1610612747,LAL,Los Angeles Lakers,34,21,W,13,20,0.65,4,10,0.4,4,4,1.0,0,10,10,5,5,1,6,5,13,7,18,0.389,2,6,0.333,5,6,0.833,1,7,8,4,1,0,7,3,-13
0022201191,2023-04-05,2022-23,regular_season,False,1610612737,ATL,Atlanta Hawks,1610612764,WAS,Washington Wizards,34,28,W,11,21,0.524,0,4,0.0,12,13,0.923,3,12,15,8,2,2,3,6,6,10,22,0.455,3,9,0.333,5,7,0.714,1,6,7,6,0,1,2,7,-6
0022201190,2023-04-05,2022-23,regular_season,False,1610612754,IND,Indiana Pacers,1610612752,NYK,New York Knicks,38,32,W,11,20,0.55,3,5,0.6,13,16,0.812,2,7,9,9,1,0,3,2,6,13,26,0.5,5,15,0.333,1,1,1.0,5,8,13,8,3,2,7,10,-6
0022201189,2023-04-05,2022-23,regular_season,False,1610612765,DET,Detroit Pistons,1610612751,BKN,Brooklyn Nets,23,27,L,9,21,0.429,4,9,0.444,1,1,1.0,3,7,10,7,1,0,5,6,-4,11,19,0.579,1,7,0.143,4,8,0.5,3,7,10,7,1,1,4,2,4
0022201192,2023-04-05,2022-23,regular_season,False,1610612738,BOS,Boston Celtics,1610612761,TOR,Toronto Raptors,25,16,W,11,24,0.458,3,11,0.273,0,0,0.0,3,11,14,4,0,1,2,2,9,8,26,0.308,0,10,0.0,0,2,0.0,6,8,14,3,1,2,2,4,-9
0022201197,2023-04-06,2022-23,regular_season,False,1610612753,ORL,Orlando Magic,1610612739,CLE,Cleveland Cavaliers,15,34,L,6,19,0.316,0,6,0.0,3,3,1.0,2,7,9,4,1,1,7,2,-19,14,24,0.583,6,12,0.5,0,0,0.0,1,11,12,12,3,0,3,2,19
0022201198,2023-04-06,2022-23,regular_season,False,1610612755,PHI,Philadelphia 76ers,1610612748,MIA,Miami Heat,15,26,L,7,19,0.368,0,6,0.0,1,2,0.5,2,11,13,1,0,2,4,3,-11,9,23,0.391,5,13,0.385,3,3,1.0,2,9,11,9,1,0,0,2,11
0022201199,2023-04-06,2022-23,regular_season,False,1610612759,SAS,San Antonio Spurs,1610612757,POR,Portland Trail Blazers,37,24,W,13,30,0.433,3,10,0.3,8,8,1.0,5,8,13,7,5,0,5,4,13,8,21,0.381,2,7,0.286,6,6,1.0,2,6,8,6,1,5,8,7,-13
0022201200,2023-04-06,2022-23,regular_season,False,1610612762,UTA,Utah Jazz,1610612760,OKC,Oklahoma City Thunder,27,23,W,10,20,0.5,1,7,0.143,6,6,1.0,2,12,14,5,1,1,6,7,4,8,24,0.333,5,16,0.312,2,2,1.0,1,6,7,8,3,1,4,7,-4
0022201201,2023-04-06,2022-23,regular_season,False,1610612756,PHX,Phoenix Suns,1610612743,DEN,Denver Nuggets,29,30,L,10,22,0.455,5,9,0.556,4,4,1.0,2,8,10,5,1,0,4,2,-1,14,24,0.583,1,5,0.2,1,2,0.5,3,9,12,8,4,0,3,3,1
0022201211,2023-04-07,2022-23,regular_season,False,1610612758,SAC,Sacramento Kings,1610612744,GSW,Golden State Warriors,32,21,W,12,29,0.414,8,17,0.471,0,0,0.0,5,6,11,9,2,3,0,3,11,6,15,0.4,2,4,0.5,7,7,1.0,3,10,13,5,0,2,7,4,-11
0022201210,2023-04-07,2022-23,regular_season,False,1610612742,DAL,Dallas Mavericks,1610612741,CHI,Chicago Bulls,38,28,W,15,22,0.682,8,13,0.615,0,0,0.0,1,10,11,8,0,0,5,5,10,11,25,0.44,2,9,0.222,4,4,1.0,4,5,9,5,3,1,3,3,-10
0022201209,2023-04-07,2022-23,regular_season,False,1610612740,NOP,New Orleans Pelicans,1610612752,NYK,New York Knicks,33,30,W,15,23,0.652,3,9,0.333,0,0,0.0,1,9,10,10,2,2,3,4,3,10,21,0.476,3,10,0.3,7,8,0.875,1,6,7,5,0,1,2,1,-3
0022201208,2023-04-07,2022-23,regular_season,False,1610612749,MIL,Milwaukee Bucks,1610612763,MEM,Memphis Grizzlies,41,35,W,13,24,0.542,8,13,0.615,7,7,1.0,4,7,11,8,2,0,4,4,6,13,19,0.684,4,8,0.5,5,7,0.714,0,5,5,10,2,1,5,6,-6
0022201207,2023-04-07,2022-23,regular_season,False,1610612751,BKN,Brooklyn Nets,1610612753,ORL,Orlando Magic,31,16,W,9,23,0.391,4,13,0.308,9,9,1.0,2,11,13,8,6,0,3,4,15,5,21,0.238,1,13,0.077,5,5,1.0,4,12,16,4,2,1,9,6,-15
0022201203,2023-04-07,2022-23,regular_season,False,1610612754,IND,Indiana Pacers,1610612765,DET,Detroit Pistons,30,38,L,10,18,0.556,1,5,0.2,9,11,0.818,3,5,8,5,2,0,7,5,-8,15,23,0.652,4,8,0.5,4,4,1.0,2,6,8,9,4,1,4,9,8
0022201205,2023-04-07,2022-23,regular_season,False,1610612737,ATL,Atlanta Hawks,1610612755,PHI,Philadelphia 76ers,32,21,W,14,25,0.56,1,8,0.125,3,5,0.6,3,12,15,8,3,4,3,4,11,8,25,0.32,1,6,0.167,4,5,0.8,4,9,13,4,2,1,3,4,-11
0022201204,2023-04-07,2022-23,regular_season,False,1610612764,WAS,Washington Wizards,1610612748,MIA,Miami Heat,27,28,L,9,20,0.45,2,10,0.2,7,8,0.875,5,6,11,5,0,2,3,5,-1,12,25,0.48,3,10,0.3,1,1,1.0,6,6,12,7,0,1,4,9,1
0022201212,2023-04-07,2022-23,regular_season,False,1610612747,LAL,Los Angeles Lakers,1610612756,PHX,Phoenix Suns,31,28,W,12,26,0.462,5,10,0.5,2,3,0.667,2,9,11,9,3,2,3,4,3,9,26,0.346,4,11,0.364,6,6,1.0,4,11,15,6,2,3,4,3,-3
0022201202,2023-04-07,2022-23,regular_season,False,1610612766,CHA,Charlotte Hornets,1610612745,HOU,Houston Rockets,23,30,L,8,24,0.333,2,9,0.222,5,9,0.556,1,11,12,6,1,1,3,4,-7,11,29,0.379,2,6,0.333,6,7,0.857,6,13,19,5,2,3,2,6,7
0022201206,2023-04-07,2022-23,regular_season,False,1610612738,BOS,Boston Celtics,1610612761,TOR,Toronto Raptors,34,24,W,12,20,0.6,6,14,0.429,4,5,0.8,4,12,16,11,1,3,5,5,10,8,26,0.308,2,9,0.222,6,8,0.75,6,4,10,5,3,1,1,5,-10
0022201214,2023-04-08,2022-23,regular_season,False,1610612759,SAS,San Antonio Spurs,1610612750,MIN,Minnesota Timberwolves,33,45,L,12,21,0.571,3,5,0.6,6,9,0.667,3,6,9,8,2,0,7,6,-12,17,23,0.739,4,7,0.571,7,8,0.875,1,6,7,12,5,3,3,5,12
0022201215,2023-04-08,2022-23,regular_season,False,1610612746,LAC,LA Clippers,1610612757,POR,Portland Trail Blazers,38,37,W,15,26,0.577,4,7,0.571,4,4,1.0,4,8,12,11,2,1,2,5,1,14,22,0.636,5,9,0.556,4,5,0.8,1,5,6,9,1,2,2,4,-1
0022201213,2023-04-08,2022-23,regular_season,False,1610612762,UTA,Utah Jazz,1610612743,DEN,Denver Nuggets,26,36,L,7,22,0.318,4,8,0.5,8,9,0.889,3,10,13,5,0,0,5,3,-10,14,27,0.519,6,13,0.462,2,3,0.667,2,10,12,10,3,3,1,5,10
0022201226,2023-04-09,2022-23,regular_season,False,1610612760,OKC,Oklahoma City Thunder,1610612763,MEM,Memphis Grizzlies,27,25,W,11,21,0.524,3,10,0.3,2,3,0.667,3,11,14,8,2,1,6,6,2,9,23,0.391,5,13,0.385,2,4,0.5,3,5,8,8,3,1,4,2,-2
0022201230,2023-04-09,2022-23,regular_season,False,1610612757,POR,Portland Trail Blazers,1610612744,GSW,Golden State Warriors,26,29,L,11,25,0.44,2,7,0.286,2,4,0.5,2,7,9,5,1,0,4,2,-3,11,23,0.478,3,11,0.273,4,4,1.0,3,11,14,7,3,0,4,3,3
0022201229,2023-04-09,2022-23,regular_season,False,1610612756,PHX,Phoenix Suns,1610612746,LAC,LA Clippers,25,29,L,7,23,0.304,4,11,0.364,7,8,0.875,3,12,15,7,0,2,2,6,-4,11,27,0.407,2,7,0.286,5,8,0.625,3,11,14,4,1,0,1,5,4
0022201228,2023-04-09,2022-23,regular_season,False,1610612747,LAL,Los Angeles Lakers,1610612762,UTA,Utah Jazz,34,31,W,12,24,0.5,4,9,0.444,6,8,0.75,4,9,13,7,2,2,3,2,3,14,24,0.583,3,6,0.5,0,0,0.0,1,9,10,9,2,0,3,4,-3
0022201227,2023-04-09,2022-23,regular_season,False,1610612743,DEN,Denver Nuggets,1610612758,SAC,Sacramento Kings,33,24,W,13,21,0.619,3,6,0.5,4,7,0.571,4,5,9,7,3,2,4,1,9,11,22,0.5,2,9,0.222,0,0,0.0,4,5,9,5,0,0,5,5,-9
0022201224,2023-04-09,2022-23,regular_season,False,1610612742,DAL,Dallas Mavericks,1610612759,SAS,San Antonio Spurs,45,29,W,18,29,0.621,7,12,0.583,2,2,1.0,3,10,13,10,2,1,0,5,16,11,28,0.393,3,10,0.3,4,5,0.8,5,8,13,8,0,1,4,2,-16
0022201223,2023-04-09,2022-23,regular_season,False,1610612741,CHI,Chicago Bulls,1610612765,DET,Detroit Pistons,23,21,W,8,23,0.348,1,7,0.143,6,6,1.0,4,12,16,5,0,0,0,3,2,7,23,0.304,2,8,0.25,5,6,0.833,4,11,15,5,0,1,2,5,-2
0022201225,2023-04-09,2022-23,regular_season,False,1610612750,MIN,Minnesota Timberwolves,1610612740,NOP,New Orleans Pelicans,29,25,W,9,21,0.429,3,8,0.375,8,11,0.727,3,9,12,7,3,1,3,3,4,11,21,0.524,0,2,0.0,3,3,1.0,1,11,12,4,2,1,6,7,-4
0022201221,2023-04-09,2022-23,regular_season,False,1610612761,TOR,Toronto Raptors,1610612749,MIL,Milwaukee Bucks,32,29,W,11,22,0.5,1,5,0.2,9,10,0.9,3,9,12,6,3,0,2,3,3,10,22,0.455,3,9,0.333,6,6,1.0,3,7,10,7,2,0,3,6,-3
0022201220,2023-04-09,2022-23,regular_season,False,1610612752,NYK,New York Knicks,1610612754,IND,Indiana Pacers,26,32,L,11,26,0.423,0,5,0.0,4,6,0.667,5,9,14,4,1,1,5,6,-6,9,23,0.391,3,9,0.333,11,13,0.846,5,10,15,7,3,1,2,6,6
0022201219,2023-04-09,2022-23,regular_season,False,1610612748,MIA,Miami Heat,1610612753,ORL,Orlando Magic,29,26,W,11,21,0.524,4,11,0.364,3,5,0.6,1,9,10,9,3,0,3,4,3,10,22,0.455,4,14,0.286,2,2,1.0,2,9,11,6,1,0,4,5,-3
0022201218,2023-04-09,2022-23,regular_season,False,1610612739,CLE,Cleveland Cavaliers,1610612766,CHA,Charlotte Hornets,29,32,L,10,23,0.435,3,9,0.333,6,7,0.857,2,7,9,8,2,2,3,11,-3,10,22,0.455,0,7,0.0,12,13,0.923,4,11,15,7,1,1,4,6,3
0022201217,2023-04-09,2022-23,regular_season,False,1610612751,BKN,Brooklyn Nets,1610612755,PHI,Philadelphia 76ers,32,25,W,12,23,0.522,5,8,0.625,3,5,0.6,2,9,11,11,3,2,3,5,7,9,21,0.429,2,7,0.286,5,7,0.714,4,10,14,7,2,2,5,4,-7
0022201216,2023-04-09,2022-23,regular_season,False,1610612738,BOS,Boston Celtics,1610612737,ATL,Atlanta Hawks,32,33,L,11,23,0.478,5,12,0.417,5,6,0.833,3,4,7,8,2,0,3,4,-1,11,21,0.524,4,10,0.4,7,8,0.875,4,9,13,8,3,0,4,6,1
0022201222,2023-04-09,2022-23,regular_season,False,1610612764,WAS,Washington Wizards,1610612745,HOU,Houston Rockets,28,24,W,10,24,0.417,6,13,0.462,2,6,0.333,5,10,15,7,3,0,2,4,4,9,18,0.5,2,9,0.222,4,5,0.8,1,7,8,6,1,1,5,5,-4
0052200101,2023-04-11,2022-23,play_in,False,1610612748,MIA,Miami Heat,1610612737,ATL,Atlanta Hawks,23,29,L,8,21,0.381,2,7,0.286,5,8,0.625,1,11,12,4,2,4,3,5,-6,9,25,0.36,4,13,0.308,7,10,0.7,5,14,19,7,2,3,2,4,6
0052200121,2023-04-11,2022-23,play_in,False,1610612747,LAL,Los Angeles Lakers,1610612750,MIN,Minnesota Timberwolves,27,32,L,11,23,0.478,1,6,0.167,4,5,0.8,4,7,11,5,1,2,6,7,-5,9,17,0.529,4,8,0.5,10,10,1.0,1,8,9,7,5,4,5,6,5
0052200111,2023-04-12,2022-23,play_in,False,1610612761,TOR,Toronto Raptors,1610612741,CHI,Chicago Bulls,30,24,W,10,23,0.435,3,11,0.273,7,10,0.7,5,6,11,8,1,2,3,3,6,10,19,0.526,1,3,0.333,3,4,0.75,3,3,6,5,1,2,5,5,-6
0052200131,2023-04-12,2022-23,play_in,False,1610612740,NOP,New Orleans Pelicans,1610612760,OKC,Oklahoma City Thunder,34,25,W,11,21,0.524,3,7,0.429,9,10,0.9,4,12,16,8,2,0,2,4,9,8,24,0.333,4,13,0.308,5,5,1.0,3,4,7,4,2,2,2,6,-9
0052200201,2023-04-14,2022-23,play_in,False,1610612748,MIA,Miami Heat,1610612741,CHI,Chicago Bulls,20,23,L,6,17,0.353,3,8,0.375,5,5,1.0,3,10,13,3,0,0,4,4,-3,10,21,0.476,2,5,0.4,1,1,1.0,0,7,7,7,0,0,0,4,3
0052200211,2023-04-14,2022-23,play_in,False,1610612750,MIN,Minnesota Timberwolves,1610612760,OKC,Oklahoma City Thunder,33,24,W,13,24,0.542,4,8,0.5,3,5,0.6,3,9,12,6,1,2,2,5,9,8,22,0.364,3,8,0.375,5,6,0.833,2,9,11,4,2,0,5,5,-9
0042200161,2023-04-15,2022-23,playoffs,False,1610612758,SAC,Sacramento Kings,1610612744,GSW,Golden State Warriors,26,32,L,10,22,0.455,1,4,0.25,5,6,0.833,0,7,7,3,2,2,4,7,-6,11,24,0.458,4,11,0.364,6,8,0.75,1,11,12,7,2,3,5,6,6
0042200131,2023-04-15,2022-23,playoffs,False,1610612739,CLE,Cleveland Cavaliers,1610612752,NYK,New York Knicks,21,20,W,8,22,0.364,3,10,0.3,2,4,0.5,4,8,12,2,2,0,3,4,1,7,21,0.333,0,8,0.0,6,6,1.0,3,9,12,4,2,0,4,4,-1
0042200111,2023-04-15,2022-23,playoffs,False,1610612738,BOS,Boston Celtics,1610612737,ATL,Atlanta Hawks,45,25,W,15,21,0.714,7,8,0.875,8,9,0.889,3,12,15,11,1,1,4,7,20,7,23,0.304,1,7,0.143,10,12,0.833,5,2,7,6,4,2,2,6,-20
0042200121,2023-04-15,2022-23,playoffs,False,1610612755,PHI,Philadelphia 76ers,1610612751,BKN,Brooklyn Nets,37,33,W,13,21,0.619,7,9,0.778,4,4,1.0,1,4,5,9,3,1,2,6,4,13,19,0.684,4,6,0.667,3,5,0.6,2,6,8,7,1,2,5,4,-4
0042200101,2023-04-16,2022-23,playoffs,False,1610612749,MIL,Milwaukee Bucks,1610612748,MIA,Miami Heat,31,35,L,13,26,0.5,2,12,0.167,3,3,1.0,4,6,10,4,1,2,3,2,-4,14,23,0.609,6,10,0.6,1,2,0.5,2,7,9,9,2,0,4,6,4
0042200141,2023-04-16,2022-23,playoffs,False,1610612743,DEN,Denver Nuggets,1610612750,MIN,Minnesota Timberwolves,29,21,W,12,24,0.5,3,6,0.5,2,4,0.5,2,12,14,7,0,2,1,7,8,8,22,0.364,1,7,0.143,4,8,0.5,2,8,10,3,1,2,1,3,-8
0042200151,2023-04-16,2022-23,playoffs,False,1610612763,MEM,Memphis Grizzlies,1610612747,LAL,Los Angeles Lakers,38,27,W,13,24,0.542,4,8,0.5,8,8,1.0,2,10,12,5,2,2,3,5,11,9,22,0.409,3,9,0.333,6,7,0.857,3,9,12,5,3,2,8,8,-11
0042200171,2023-04-16,2022-23,playoffs,False,1610612756,PHX,Phoenix Suns,1610612746,LAC,LA Clippers,36,29,W,11,19,0.579,1,2,0.5,13,14,0.929,1,9,10,5,3,1,3,5,7,11,23,0.478,3,10,0.3,4,4,1.0,2,7,9,7,2,1,5,7,-7
0042200122,2023-04-17,2022-23,playoffs,False,1610612755,PHI,Philadelphia 76ers,1610612751,BKN,Brooklyn Nets,19,24,L,7,18,0.389,2,6,0.333,3,4,0.75,2,10,12,6,3,1,7,9,-5,8,20,0.4,3,12,0.25,5,9,0.556,2,8,10,6,3,1,3,4,5
0042200162,2023-04-17,2022-23,playoffs,False,1610612758,SAC,Sacramento Kings,1610612744,GSW,Golden State Warriors,41,29,W,13,24,0.542,5,11,0.455,10,11,0.909,6,5,11,10,4,2,3,8,12,9,19,0.474,4,11,0.364,7,8,0.875,3,4,7,3,1,1,4,8,-12
0042200112,2023-04-18,2022-23,playoffs,False,1610612738,BOS,Boston Celtics,1610612737,ATL,Atlanta Hawks,33,24,W,13,22,0.591,3,8,0.375,4,4,1.0,2,9,11,8,2,2,1,1,9,10,21,0.476,4,11,0.364,0,1,0.0,2,7,9,6,1,1,4,3,-9
0042200132,2023-04-18,2022-23,playoffs,False,1610612739,CLE,Cleveland Cavaliers,1610612752,NYK,New York Knicks,34,17,W,12,24,0.5,4,8,0.5,6,7,0.857,3,8,11,9,6,1,1,5,17,6,17,0.353,1,7,0.143,4,5,0.8,3,7,10,3,1,2,9,5,-17
0042200172,2023-04-18,2022-23,playoffs,False,1610612756,PHX,Phoenix Suns,1610612746,LAC,LA Clippers,35,30,W,14,21,0.667,3,3,1.0,4,4,1.0,1,8,9,8,1,1,2,5,5,11,22,0.5,2,7,0.286,6,7,0.857,2,6,8,4,2,0,1,6,-5
0042200152,2023-04-19,2022-23,playoffs,False,1610612763,MEM,Memphis Grizzlies,1610612747,LAL,Los Angeles Lakers,29,25,W,13,25,0.52,3,8,0.375,0,0,0.0,2,11,13,10,0,3,4,6,4,8,20,0.4,2,5,0.4,7,10,0.7,2,7,9,4,2,4,2,3,-4
0042200102,2023-04-19,2022-23,playoffs,False,1610612749,MIL,Milwaukee Bucks,1610612748,MIA,Miami Heat,46,27,W,17,27,0.63,9,15,0.6,3,3,1.0,2,11,13,7,2,3,2,3,19,11,23,0.478,2,9,0.222,3,4,0.75,2,7,9,3,1,1,4,4,-19
0042200142,2023-04-19,2022-23,playoffs,False,1610612743,DEN,Denver Nuggets,1610612750,MIN,Minnesota Timberwolves,33,27,W,15,24,0.625,2,5,0.4,1,2,0.5,3,7,10,9,1,1,1,4,6,10,22,0.455,4,8,0.5,3,4,0.75,3,6,9,8,0,2,3,5,-6
0042200123,2023-04-20,2022-23,playoffs,False,1610612751,BKN,Brooklyn Nets,1610612755,PHI,Philadelphia 76ers,19,26,L,8,20,0.4,1,4,0.25,2,3,0.667,2,9,11,3,0,0,1,7,-7,9,20,0.45,3,10,0.3,5,7,0.714,2,10,12,1,0,0,1,4,7
0042200163,2023-04-20,2022-23,playoffs,False,1610612744,GSW,Golden State Warriors,1610612758,SAC,Sacramento Kings,24,21,W,8,23,0.348,3,9,0.333,5,7,0.714,5,11,16,7,4,3,5,6,3,7,26,0.269,3,15,0.2,4,6,0.667,5,11,16,1,1,0,5,5,-3
0042200173,2023-04-20,2022-23,playoffs,False,1610612746,LAC,LA Clippers,1610612756,PHX,Phoenix Suns,24,27,L,8,21,0.381,4,11,0.364,4,4,1.0,4,10,14,6,2,4,5,6,-3,10,25,0.4,3,4,0.75,4,6,0.667,5,8,13,3,3,0,3,3,3
0042200113,2023-04-21,2022-23,playoffs,False,1610612737,ATL,Atlanta Hawks,1610612738,BOS,Boston Celtics,41,30,W,17,23,0.739,6,9,0.667,1,1,1.0,1,8,9,8,1,3,4,6,11,9,19,0.474,6,9,0.667,6,8,0.75,1,4,5,6,1,0,4,3,-11
0042200133,2023-04-21,2022-23,playoffs,False,1610612752,NYK,New York Knicks,1610612739,CLE,Cleveland Cavaliers,28,15,W,13,22,0.591,2,7,0.286,0,0,0.0,1,8,9,7,5,1,5,6,13,5,18,0.278,1,8,0.125,4,6,0.667,3,8,11,2,1,0,8,3,-13
0042200143,2023-04-21,2022-23,playoffs,False,1610612750,MIN,Minnesota Timberwolves,1610612743,DEN,Denver Nuggets,27,33,L,10,22,0.455,2,7,0.286,5,5,1.0,0,6,6,6,3,1,4,5,-6,13,22,0.591,6,12,0.5,1,1,1.0,1,10,11,7,3,2,5,6,6
0042200174,2023-04-22,2022-23,playoffs,False,1610612746,LAC,LA Clippers,1610612756,PHX,Phoenix Suns,17,25,L,7,21,0.333,1,8,0.125,2,2,1.0,3,6,9,3,1,1,8,5,-8,10,20,0.5,1,4,0.25,4,4,1.0,1,8,9,7,8,1,4,5,8
0042200153,2023-04-22,2022-23,playoffs,False,1610612747,LAL,Los Angeles Lakers,1610612763,MEM,Memphis Grizzlies,18,28,L,8,21,0.381,1,7,0.143,1,3,0.333,0,9,9,4,3,4,5,6,-10,10,25,0.4,4,8,0.5,4,5,0.8,7,10,17,8,1,0,5,6,10
0042200124,2023-04-22,2022-23,playoffs,False,1610612751,BKN,Brooklyn Nets,1610612755,PHI,Philadelphia 76ers,19,18,W,6,19,0.316,1,11,0.091,6,8,0.75,1,11,12,5,0,2,2,2,1,7,23,0.304,2,7,0.286,2,2,1.0,4,12,16,3,2,0,2,8,-1
0042200103,2023-04-22,2022-23,playoffs,False,1610612748,MIA,Miami Heat,1610612749,MIL,Milwaukee Bucks,37,32,W,12,19,0.632,7,9,0.778,6,7,0.857,0,9,9,6,2,1,1,4,5,12,22,0.545,7,9,0.778,1,2,0.5,1,7,8,8,1,0,2,6,-5
0042200114,2023-04-23,2022-23,playoffs,False,1610612737,ATL,Atlanta Hawks,1610612738,BOS,Boston Celtics,28,30,L,9,24,0.375,3,11,0.273,7,8,0.875,3,8,11,7,2,1,1,4,-2,12,22,0.545,4,10,0.4,2,2,1.0,1,12,13,9,0,1,4,7,2
0042200134,2023-04-23,2022-23,playoffs,False,1610612752,NYK,New York Knicks,1610612739,CLE,Cleveland Cavaliers,24,22,W,9,28,0.321,3,9,0.333,3,5,0.6,8,8,16,5,1,3,4,6,2,6,16,0.375,1,5,0.2,9,11,0.818,1,9,10,4,1,3,5,7,-2
0042200144,2023-04-23,2022-23,playoffs,False,1610612750,MIN,Minnesota Timberwolves,1610612743,DEN,Denver Nuggets,25,30,L,8,25,0.32,2,5,0.4,7,11,0.636,8,6,14,6,1,0,0,2,-5,13,26,0.5,3,9,0.333,1,1,1.0,4,12,16,7,0,1,2,8,5
0042200164,2023-04-23,2022-23,playoffs,False,1610612744,GSW,Golden State Warriors,1610612758,SAC,Sacramento Kings,34,37,L,12,22,0.545,4,7,0.571,6,6,1.0,1,6,7,7,1,1,1,2,-3,16,28,0.571,5,11,0.455,0,0,0.0,4,8,12,10,0,1,1,5,3
0042200104,2023-04-24,2022-23,playoffs,False,1610612748,MIA,Miami Heat,1610612749,MIL,Milwaukee Bucks,22,24,L,7,24,0.292,6,17,0.353,2,2,1.0,3,10,13,4,3,0,4,6,-2,9,22,0.409,2,9,0.222,4,5,0.8,4,9,13,7,1,3,4,3,2
0042200154,2023-04-24,2022-23,playoffs,False,1610612747,LAL,Los Angeles Lakers,1610612763,MEM,Memphis Grizzlies,25,29,L,10,23,0.435,2,7,0.286,3,4,0.75,1,8,9,6,1,4,3,5,-4,10,26,0.385,2,10,0.2,7,8,0.875,5,8,13,8,1,2,4,3,4
0042200145,2023-04-25,2022-23,playoffs,False,1610612743,DEN,Denver Nuggets,1610612750,MIN,Minnesota Timberwolves,26,18,W,7,20,0.35,2,10,0.2,10,10,1.0,3,10,13,5,6,0,5,3,8,7,20,0.35,1,10,0.1,3,3,1.0,2,8,10,5,5,0,7,6,-8
0042200175,2023-04-25,2022-23,playoffs,False,1610612756,PHX,Phoenix Suns,1610612746,LAC,LA Clippers,29,40,L,12,23,0.522,2,5,0.4,3,3,1.0,1,5,6,9,1,1,1,7,-11,14,27,0.519,4,8,0.5,8,9,0.889,7,8,15,6,0,1,1,4,11
0042200115,2023-04-25,2022-23,playoffs,False,1610612738,BOS,Boston Celtics,1610612737,ATL,Atlanta Hawks,39,28,W,16,24,0.667,4,8,0.5,3,5,0.6,1,9,10,9,1,4,2,5,11,10,23,0.435,3,10,0.3,5,5,1.0,3,5,8,6,1,0,4,5,-11
0042200105,2023-04-26,2022-23,playoffs,False,1610612749,MIL,Milwaukee Bucks,1610612748,MIA,Miami Heat,36,27,W,12,21,0.571,4,8,0.5,8,16,0.5,5,11,16,7,0,0,4,5,9,10,22,0.455,3,8,0.375,4,6,0.667,1,4,5,6,3,1,1,9,-9
0042200135,2023-04-26,2022-23,playoffs,False,1610612739,CLE,Cleveland Cavaliers,1610612752,NYK,New York Knicks,25,28,L,9,19,0.474,4,8,0.5,3,4,0.75,2,6,8,7,0,1,2,3,-3,12,23,0.522,3,8,0.375,1,1,1.0,2,7,9,7,2,1,3,7,3
0042200155,2023-04-26,2022-23,playoffs,False,1610612763,MEM,Memphis Grizzlies,1610612747,LAL,Los Angeles Lakers,23,28,L,8,27,0.296,4,16,0.25,3,3,1.0,4,5,9,6,4,0,2,6,-5,10,20,0.5,2,5,0.4,6,8,0.75,4,14,18,7,2,1,7,4,5
0042200165,2023-04-26,2022-23,playoffs,False,1610612758,SAC,Sacramento Kings,1610612744,GSW,Golden State Warriors,20,27,L,8,22,0.364,0,9,0.0,4,6,0.667,3,11,14,5,1,1,5,4,-7,11,25,0.44,4,15,0.267,1,2,0.5,2,11,13,6,1,0,4,7,7
0042200116,2023-04-27,2022-23,playoffs,False,1610612737,ATL,Atlanta Hawks,1610612738,BOS,Boston Celtics,33,33,L,14,23,0.609,5,10,0.5,0,0,0.0,1,9,10,8,1,1,3,2,0,12,26,0.462,5,10,0.5,4,4,1.0,4,6,10,5,2,1,1,0,0
0042200156,2023-04-28,2022-23,playoffs,False,1610612747,LAL,Los Angeles Lakers,1610612763,MEM,Memphis Grizzlies,28,22,W,12,19,0.632,0,7,0.0,4,6,0.667,1,12,13,9,4,5,6,3,6,9,25,0.36,4,9,0.444,0,0,0.0,2,8,10,6,5,0,4,6,-6
0042200166,2023-04-28,2022-23,playoffs,False,1610612744,GSW,Golden State Warriors,1610612758,SAC,Sacramento Kings,26,35,L,8,23,0.348,2,9,0.222,8,11,0.727,4,6,10,3,3,3,4,5,-9,13,26,0.5,4,8,0.5,5,6,0.833,2,10,12,7,2,0,4,7,9
0042200221,2023-04-29,2022-23,playoffs,False,1610612743,DEN,Denver Nuggets,1610612756,PHX,Phoenix Suns,37,19,W,14,27,0.519,5,8,0.625,4,4,1.0,4,9,13,7,5,0,2,4,18,8,19,0.421,1,4,0.25,2,2,1.0,2,5,7,3,1,2,6,6,-18
0042200201,2023-04-30,2022-23,playoffs,False,1610612752,NYK,New York Knicks,1610612748,MIA,Miami Heat,23,29,L,10,19,0.526,1,9,0.111,2,4,0.5,2,5,7,5,2,2,4,4,-6,11,20,0.55,3,6,0.5,4,5,0.8,2,5,7,8,1,1,4,4,6
0042200167,2023-04-30,2022-23,playoffs,False,1610612758,SAC,Sacramento Kings,1610612744,GSW,Golden State Warriors,27,26,W,9,22,0.409,4,12,0.333,5,8,0.625,3,11,14,7,0,1,3,7,1,8,21,0.381,3,9,0.333,7,9,0.778,2,9,11,4,1,0,2,6,-1
0042200211,2023-05-01,2022-23,playoffs,False,1610612738,BOS,Boston Celtics,1610612755,PHI,Philadelphia 76ers,28,32,L,11,19,0.579,4,8,0.5,2,2,1.0,2,5,7,6,2,2,4,0,-4,13,21,0.619,6,7,0.857,0,0,0.0,3,4,7,8,2,1,2,5,4
0042200222,2023-05-01,2022-23,playoffs,False,1610612743,DEN,Denver Nuggets,1610612756,PHX,Phoenix Suns,22,21,W,8,18,0.444,1,6,0.167,5,6,0.833,0,9,9,4,2,2,4,5,1,9,26,0.346,3,8,0.375,0,0,0.0,7,6,13,7,0,2,4,7,-1
0042200202,2023-05-02,2022-23,playoffs,False,1610612752,NYK,New York Knicks,1610612748,MIA,Miami Heat,20,25,L,5,19,0.263,2,10,0.2,8,13,0.615,4,11,15,3,1,1,4,7,-5,9,22,0.409,4,11,0.364,3,5,0.6,2,5,7,8,1,1,1,8,5
0042200231,2023-05-02,2022-23,playoffs,False,1610612744,GSW,Golden State Warriors,1610612747,LAL,Los Angeles Lakers,33,36,L,11,26,0.423,8,18,0.444,3,3,1.0,2,7,9,10,3,1,3,9,-3,12,22,0.545,0,2,0.0,12,13,0.923,3,13,16,3,1,1,3,3,3
0042200212,2023-05-03,2022-23,playoffs,False,1610612738,BOS,Boston Celtics,1610612755,PHI,Philadelphia 76ers,29,27,W,9,22,0.409,5,13,0.385,6,6,1.0,1,8,9,6,0,2,2,4,2,11,22,0.5,0,4,0.0,5,6,0.833,3,10,13,2,1,3,2,6,-2
0042200232,2023-05-04,2022-23,playoffs,False,1610612744,GSW,Golden State Warriors,1610612747,LAL,Los Angeles Lakers,41,23,W,16,31,0.516,6,12,0.5,3,3,1.0,8,9,17,11,2,1,3,6,18,8,23,0.348,3,9,0.333,4,4,1.0,4,6,10,4,1,0,6,4,-18
0042200213,2023-05-05,2022-23,playoffs,False,1610612755,PHI,Philadelphia 76ers,1610612738,BOS,Boston Celtics,21,29,L,7,22,0.318,4,9,0.444,3,3,1.0,4,8,12,4,2,1,4,4,-8,10,23,0.435,2,11,0.182,7,7,1.0,3,11,14,5,3,3,4,3,8
0042200223,2023-05-05,2022-23,playoffs,False,1610612756,PHX,Phoenix Suns,1610612743,DEN,Denver Nuggets,38,21,W,13,25,0.52,2,8,0.25,10,11,0.909,4,11,15,6,1,2,1,4,17,10,23,0.435,0,7,0.0,1,2,0.5,1,7,8,5,1,2,3,10,-17
0042200233,2023-05-06,2022-23,playoffs,False,1610612747,LAL,Los Angeles Lakers,1610612744,GSW,Golden State Warriors,36,18,W,10,20,0.5,5,11,0.455,11,15,0.733,0,10,10,10,5,3,2,4,18,7,23,0.304,3,11,0.273,1,1,1.0,6,11,17,6,1,2,9,9,-18
0042200203,2023-05-06,2022-23,playoffs,False,1610612748,MIA,Miami Heat,1610612752,NYK,New York Knicks,29,23,W,8,29,0.276,3,14,0.214,10,13,0.769,6,10,16,3,1,1,2,6,6,8,22,0.364,2,12,0.167,5,7,0.714,2,14,16,2,1,1,6,10,-6
0042200214,2023-05-07,2022-23,playoffs,False,1610612755,PHI,Philadelphia 76ers,1610612738,BOS,Boston Celtics,32,31,W,13,24,0.542,5,9,0.556,1,2,0.5,1,12,13,6,2,2,2,5,1,11,23,0.478,6,14,0.429,3,6,0.5,2,8,10,7,1,2,2,1,-1
0042200224,2023-05-07,2022-23,playoffs,False,1610612756,PHX,Phoenix Suns,1610612743,DEN,Denver Nuggets,31,27,W,12,22,0.545,1,4,0.25,6,8,0.75,5,6,11,7,1,1,3,8,4,11,18,0.611,0,4,0.0,5,8,0.625,1,5,6,7,1,1,3,5,-4
0042200204,2023-05-08,2022-23,playoffs,False,1610612748,MIA,Miami Heat,1610612752,NYK,New York Knicks,25,18,W,10,20,0.5,4,9,0.444,1,1,1.0,2,10,12,6,0,2,6,6,7,6,21,0.286,3,8,0.375,3,6,0.5,4,6,10,4,2,3,5,5,-7
0042200234,2023-05-08,2022-23,playoffs,False,1610612747,LAL,Los Angeles Lakers,1610612744,GSW,Golden State Warriors,27,31,L,11,23,0.478,2,7,0.286,3,3,1.0,0,8,8,8,2,0,3,5,-4,13,23,0.565,2,7,0.286,3,3,1.0,2,9,11,8,1,0,3,4,4
0042200215,2023-05-09,2022-23,playoffs,False,1610612738,BOS,Boston Celtics,1610612755,PHI,Philadelphia 76ers,23,25,L,4,16,0.25,1,8,0.125,14,18,0.778,2,11,13,2,1,0,4,7,-2,7,19,0.368,2,9,0.222,9,10,0.9,1,12,13,4,0,1,4,8,2
0042200225,2023-05-09,2022-23,playoffs,False,1610612743,DEN,Denver Nuggets,1610612756,PHX,Phoenix Suns,17,25,L,6,22,0.273,3,8,0.375,2,4,0.5,3,9,12,6,1,0,3,5,-8,8,20,0.4,2,6,0.333,7,8,0.875,3,12,15,4,2,3,1,4,8
0042200235,2023-05-10,2022-23,playoffs,False,1610612744,GSW,Golden State Warriors,1610612747,LAL,Los Angeles Lakers,38,31,W,14,24,0.583,4,9,0.444,6,6,1.0,2,7,9,8,2,2,1,6,7,12,20,0.6,4,5,0.8,3,4,0.75,1,7,8,5,0,1,4,8,-7
0042200205,2023-05-10,2022-23,playoffs,False,1610612752,NYK,New York Knicks,1610612748,MIA,Miami Heat,36,23,W,11,22,0.5,5,12,0.417,9,12,0.75,2,12,14,7,0,0,1,2,13,9,24,0.375,1,10,0.1,4,4,1.0,2,7,9,6,0,3,0,7,-13
0042200226,2023-05-11,2022-23,playoffs,False,1610612756,PHX,Phoenix Suns,1610612743,DEN,Denver Nuggets,25,37,L,8,20,0.4,3,6,0.5,6,8,0.75,0,4,4,5,0,2,4,8,-12,12,20,0.6,1,3,0.333,12,12,1.0,1,8,9,4,3,1,2,7,12
0042200216,2023-05-11,2022-23,playoffs,False,1610612755,PHI,Philadelphia 76ers,1610612738,BOS,Boston Celtics,21,21,L,8,19,0.421,1,8,0.125,4,4,1.0,1,10,11,4,3,0,4,1,0,9,21,0.429,3,10,0.3,0,0,0.0,0,10,10,4,1,2,5,4,0
0042200206,2023-05-12,2022-23,playoffs,False,1610612748,MIA,Miami Heat,1610612752,NYK,New York Knicks,27,19,W,11,20,0.55,1,7,0.143,4,4,1.0,1,7,8,10,1,1,1,1,8,8,18,0.444,3,7,0.429,0,0,0.0,1,7,8,5,0,1,4,6,-8
0042200236,2023-05-12,2022-23,playoffs,False,1610612747,LAL,Los Angeles Lakers,1610612744,GSW,Golden State Warriors,25,20,W,7,18,0.389,3,6,0.5,8,9,0.889,0,9,9,4,2,2,1,5,5,8,22,0.364,2,9,0.222,2,4,0.5,5,12,17,6,0,1,5,7,-5
0042200217,2023-05-14,2022-23,playoffs,False,1610612738,BOS,Boston Celtics,1610612755,PHI,Philadelphia 76ers,32,23,W,12,22,0.545,3,7,0.429,5,6,0.833,1,7,8,5,3,2,3,5,9,7,19,0.368,1,7,0.143,8,9,0.889,2,5,7,3,1,4,4,4,-9
0042200311,2023-05-16,2022-23,playoffs,False,1610612743,DEN,Denver Nuggets,1610612747,LAL,Los Angeles Lakers,35,29,W,13,25,0.52,3,6,0.5,6,6,1.0,4,10,14,7,1,2,3,4,6,12,23,0.522,2,6,0.333,3,4,0.75,1,6,7,8,2,2,1,6,-6
0042200301,2023-05-17,2022-23,playoffs,False,1610612738,BOS,Boston Celtics,1610612748,MIA,Miami Heat,36,29,W,13,19,0.684,1,4,0.25,9,11,0.818,1,6,7,9,3,0,2,4,7,11,20,0.55,5,11,0.455,2,3,0.667,0,6,6,6,1,1,7,7,-7
0042200312,2023-05-18,2022-23,playoffs,False,1610612743,DEN,Denver Nuggets,1610612747,LAL,Los Angeles Lakers,21,26,L,9,25,0.36,2,8,0.25,1,1,1.0,3,10,13,8,0,0,2,5,-5,9,22,0.409,1,5,0.2,7,7,1.0,0,10,10,7,1,2,1,4,5
0042200302,2023-05-19,2022-23,playoffs,False,1610612738,BOS,Boston Celtics,1610612748,MIA,Miami Heat,25,30,L,9,19,0.474,3,10,0.3,4,5,0.8,1,7,8,6,1,1,5,4,-5,11,22,0.5,4,7,0.571,4,4,1.0,1,9,10,8,3,1,4,3,5
0042200313,2023-05-20,2022-23,playoffs,False,1610612747,LAL,Los Angeles Lakers,1610612743,DEN,Denver Nuggets,35,26,W,12,16,0.75,2,5,0.4,9,10,0.9,2,12,14,9,0,0,6,4,9,10,24,0.417,5,12,0.417,1,2,0.5,0,2,2,6,3,0,0,6,-9
0042200303,2023-05-21,2022-23,playoffs,False,1610612748,MIA,Miami Heat,1610612738,BOS,Boston Celtics,31,24,W,12,21,0.571,4,10,0.4,3,4,0.75,0,9,9,7,1,1,2,4,7,10,26,0.385,3,9,0.333,1,2,0.5,6,10,16,6,1,1,2,4,-7
0042200314,2023-05-22,2022-23,playoffs,False,1610612747,LAL,Los Angeles Lakers,1610612743,DEN,Denver Nuggets,39,30,W,12,18,0.667,2,3,0.667,13,14,0.929,1,4,5,8,4,0,0,4,9,12,21,0.571,5,9,0.556,1,1,1.0,2,4,6,7,0,1,4,9,-9
0042200304,2023-05-23,2022-23,playoffs,False,1610612748,MIA,Miami Heat,1610612738,BOS,Boston Celtics,27,27,L,10,18,0.556,1,6,0.167,6,7,0.857,2,9,11,7,1,0,4,4,0,10,22,0.455,5,12,0.417,2,5,0.4,3,6,9,8,2,1,3,7,0
0042200305,2023-05-25,2022-23,playoffs,False,1610612738,BOS,Boston Celtics,1610612748,MIA,Miami Heat,26,24,W,10,21,0.476,4,13,0.308,2,2,1.0,4,8,12,4,4,1,5,4,2,9,21,0.429,2,6,0.333,4,5,0.8,3,7,10,4,4,0,4,2,-2
0042200306,2023-05-27,2022-23,playoffs,False,1610612748,MIA,Miami Heat,1610612738,BOS,Boston Celtics,24,23,W,7,23,0.304,5,8,0.625,5,6,0.833,5,7,12,4,1,0,3,6,1,7,17,0.412,0,7,0.0,9,11,0.818,2,7,9,3,3,2,4,5,-1
0042200307,2023-05-29,2022-23,playoffs,False,1610612738,BOS,Boston Celtics,1610612748,MIA,Miami Heat,26,30,L,11,21,0.524,4,11,0.364,0,0,0.0,2,6,8,7,2,0,3,3,-4,11,21,0.524,6,9,0.667,2,2,1.0,1,6,7,8,2,2,4,5,4
0042200401,2023-06-01,2022-23,playoffs,False,1610612743,DEN,Denver Nuggets,1610612748,MIA,Miami Heat,30,22,W,12,20,0.6,4,5,0.8,2,2,1.0,1,9,10,9,0,0,1,2,8,9,22,0.409,2,9,0.222,2,2,1.0,3,7,10,7,1,1,2,2,-8
0042200402,2023-06-04,2022-23,playoffs,False,1610612743,DEN,Denver Nuggets,1610612748,MIA,Miami Heat,34,25,W,11,21,0.524,4,10,0.4,8,8,1.0,2,7,9,6,4,1,2,4,9,9,20,0.45,4,9,0.444,3,4,0.75,3,7,10,5,1,1,5,6,-9
0042200403,2023-06-07,2022-23,playoffs,False,1610612748,MIA,Miami Heat,1610612743,DEN,Denver Nuggets,24,29,L,9,23,0.391,3,7,0.429,3,4,0.75,2,10,12,5,1,1,1,8,-5,9,21,0.429,4,8,0.5,7,10,0.7,2,12,14,7,1,1,1,4,5
0042200404,2023-06-09,2022-23,playoffs,False,1610612748,MIA,Miami Heat,1610612743,DEN,Denver Nuggets,30,35,L,11,20,0.55,1,3,0.333,7,10,0.7,1,6,7,9,0,1,2,7,-5,12,20,0.6,4,7,0.571,7,9,0.778,1,8,9,8,2,3,3,7,5
0042200405,2023-06-12,2022-23,playoffs,False,1610612743,DEN,Denver Nuggets,1610612748,MIA,Miami Heat,22,27,L,10,20,0.5,0,7,0.0,2,6,0.333,3,8,11,7,1,1,5,4,-5,9,21,0.429,3,9,0.333,6,6,1.0,2,6,8,3,4,2,2,6,5
