game_id,game_date,season,team_id_home,team_abbreviation_home,minutes_home,possessions_home,team_id_road,team_abbreviation_road,minutes_road,possessions_road
0020700001,2007-10-30,2007-08,1610612759,SAS,229,87.0,1610612757,POR,229,89.0
0020700002,2007-10-30,2007-08,1610612747,LAL,200,82.0,1610612745,HOU,200,80.0
0020700003,2007-10-30,2007-08,1610612744,GSW,160,76.0,1610612762,UTA,160,76.0
0020700004,2007-10-31,2007-08,1610612761,TOR,180,68.0,1610612755,PHI,180,66.0
0020700005,2007-10-31,2007-08,1610612753,ORL,163,60.0,1610612749,MIL,163,60.0
0020700006,2007-10-31,2007-08,1610612754,IND,261,109.0,1610612764,WAS,261,108.0
0020700007,2007-10-31,2007-08,1610612751,NJN,245,94.0,1610612741,CHI,245,92.0
0020700008,2007-10-31,2007-08,1610612739,CLE,121,47.0,1610612742,DAL,121,47.0
0020700009,2007-10-31,2007-08,1610612763,MEM,240,98.0,1610612759,SAS,240,97.0
0020700010,2007-10-31,2007-08,1610612740,NOH,126,50.0,1610612758,SAC,126,49.0
0020700011,2007-10-31,2007-08,1610612743,DEN,201,91.0,1610612760,SEA,201,91.0
0020700012,2007-11-01,2007-08,1610612748,MIA,192,73.0,1610612765,DET,192,73.0
0020700013,2007-11-01,2007-08,1610612762,UTA,176,72.0,1610612745,HOU,176,71.0
0020700014,2007-11-01,2007-08,1610612760,SEA,231,103.0,1610612756,PHX,231,102.0
0020700015,2007-11-02,2007-08,1610612766,CHA,240,97.0,1610612749,MIL,240,98.0
0020700016,2007-11-02,2007-08,1610612753,ORL,148,59.0,1610612765,DET,148,59.0
0020700017,2007-11-02,2007-08,1610612754,IND,238,97.0,1610612748,MIA,238,95.0
0020700018,2007-11-02,2007-08,1610612751,NJN,123,47.0,1610612761,TOR,123,49.0
0020700019,2007-11-02,2007-08,1610612737,ATL,239,94.0,1610612742,DAL,239,95.0
0020700020,2007-11-02,2007-08,1610612739,CLE,229,89.0,1610612752,NYK,229,86.0
0020700021,2007-11-02,2007-08,1610612738,BOS,122,48.0,1610612764,WAS,122,47.0
0020700022,2007-11-02,2007-08,1610612740,NOH,142,52.0,1610612757,POR,142,53.0
0020700023,2007-11-02,2007-08,1610612750,MIN,230,97.0,1610612743,DEN,230,97.0
0020700024,2007-11-02,2007-08,1610612741,CHI,206,84.0,1610612755,PHI,206,85.0
0020700025,2007-11-02,2007-08,1610612759,SAS,121,44.0,1610612758,SAC,121,43.0
0020700026,2007-11-02,2007-08,1610612756,PHX,131,53.0,1610612747,LAL,131,55.0
0020700027,2007-11-02,2007-08,1610612746,LAC,213,94.0,1610612744,GSW,213,94.0
0020700028,2007-11-03,2007-08,1610612755,PHI,236,94.0,1610612751,NJN,236,93.0
0020700029,2007-11-03,2007-08,1610612764,WAS,224,84.0,1610612753,ORL,224,84.0
0020700030,2007-11-03,2007-08,1610612763,MEM,159,73.0,1610612754,IND,159,75.0
0020700031,2007-11-03,2007-08,1610612749,MIL,207,77.0,1610612741,CHI,207,76.0
0020700032,2007-11-03,2007-08,1610612745,HOU,153,60.0,1610612757,POR,153,60.0
0020700033,2007-11-03,2007-08,1610612742,DAL,126,49.0,1610612758,SAC,126,47.0
0020700034,2007-11-03,2007-08,1610612762,UTA,130,60.0,1610612744,GSW,130,59.0
0020700035,2007-11-04,2007-08,1610612761,TOR,252,92.0,1610612738,BOS,252,92.0
0020700036,2007-11-04,2007-08,1610612746,LAC,205,88.0,1610612760,SEA,205,87.0
0020700037,2007-11-04,2007-08,1610612752,NYK,237,85.0,1610612750,MIN,237,86.0
0020700038,2007-11-04,2007-08,1610612748,MIA,179,67.0,1610612766,CHA,179,68.0
0020700039,2007-11-04,2007-08,1610612765,DET,236,87.0,1610612737,ATL,236,86.0
0020700040,2007-11-04,2007-08,1610612743,DEN,211,92.0,1610612740,NOH,211,95.0
0020700041,2007-11-04,2007-08,1610612756,PHX,220,93.0,1610612739,CLE,220,92.0
0020700042,2007-11-04,2007-08,1610612747,LAL,212,92.0,1610612762,UTA,212,92.0
0020700043,2007-11-05,2007-08,1610612742,DAL,225,87.0,1610612745,HOU,225,88.0
0020700044,2007-11-06,2007-08,1610612766,CHA,121,52.0,1610612756,PHX,121,51.0
0020700045,2007-11-06,2007-08,1610612751,NJN,204,79.0,1610612737,ATL,204,79.0
0020700046,2007-11-06,2007-08,1610612752,NYK,237,99.0,1610612743,DEN,237,100.0
0020700047,2007-11-06,2007-08,1610612749,MIL,125,50.0,1610612761,TOR,125,49.0
0020700048,2007-11-06,2007-08,1610612750,MIN,180,68.0,1610612753,ORL,180,71.0
0020700049,2007-11-06,2007-08,1610612741,CHI,238,90.0,1610612746,LAC,238,90.0
0020700050,2007-11-06,2007-08,1610612745,HOU,194,68.0,1610612759,SAS,194,66.0
0020700051,2007-11-06,2007-08,1610612758,SAC,240,100.0,1610612760,SEA,240,100.0
0020700052,2007-11-06,2007-08,1610612747,LAL,219,89.0,1610612740,NOH,219,93.0
0020700053,2007-11-06,2007-08,1610612744,GSW,240,104.0,1610612739,CLE,240,105.0
0020700054,2007-11-07,2007-08,1610612761,TOR,229,89.0,1610612753,ORL,229,91.0
0020700055,2007-11-07,2007-08,1610612755,PHI,122,47.0,1610612766,CHA,122,47.0
0020700056,2007-11-07,2007-08,1610612737,ATL,220,89.0,1610612756,PHX,220,89.0
0020700057,2007-11-07,2007-08,1610612754,IND,168,71.0,1610612746,LAC,168,71.0
0020700058,2007-11-07,2007-08,1610612738,BOS,122,54.0,1610612743,DEN,122,54.0
0020700059,2007-11-07,2007-08,1610612759,SAS,175,60.0,1610612748,MIA,175,59.0
0020700060,2007-11-07,2007-08,1610612762,UTA,240,103.0,1610612739,CLE,240,104.0
0020700061,2007-11-07,2007-08,1610612760,SEA,237,103.0,1610612763,MEM,237,102.0
0020700062,2007-11-07,2007-08,1610612757,POR,204,82.0,1610612740,NOH,204,78.0
0020700063,2007-11-08,2007-08,1610612751,NJN,240,90.0,1610612764,WAS,240,90.0
0020700064,2007-11-08,2007-08,1610612741,CHI,240,96.0,1610612765,DET,240,96.0
0020700065,2007-11-08,2007-08,1610612744,GSW,240,101.0,1610612742,DAL,240,101.0
0020700066,2007-11-09,2007-08,1610612755,PHI,240,95.0,1610612761,TOR,240,96.0
0020700067,2007-11-09,2007-08,1610612766,CHA,212,82.0,1610612754,IND,212,82.0
0020700068,2007-11-09,2007-08,1610612738,BOS,145,55.0,1610612737,ATL,145,54.0
0020700069,2007-11-09,2007-08,1610612752,NYK,210,87.0,1610612753,ORL,210,87.0
0020700070,2007-11-09,2007-08,1610612748,MIA,236,94.0,1610612756,PHX,236,95.0
0020700071,2007-11-09,2007-08,1610612764,WAS,134,59.0,1610612743,DEN,134,58.0
0020700072,2007-11-09,2007-08,1610612765,DET,128,49.0,1610612746,LAC,128,49.0
0020700073,2007-11-09,2007-08,1610612740,NOH,148,53.0,1610612759,SAS,148,52.0
0020700074,2007-11-09,2007-08,1610612745,HOU,218,84.0,1610612749,MIL,218,84.0
0020700075,2007-11-09,2007-08,1610612757,POR,229,90.0,1610612763,MEM,229,89.0
0020700076,2007-11-09,2007-08,1610612747,LAL,158,63.0,1610612750,MIN,158,66.0
0020700077,2007-11-09,2007-08,1610612758,SAC,240,94.0,1610612739,CLE,240,93.0
0020700078,2007-11-09,2007-08,1610612760,SEA,240,104.0,1610612762,UTA,240,103.0
0020700079,2007-11-10,2007-08,1610612753,ORL,126,53.0,1610612756,PHX,126,53.0
0020700080,2007-11-10,2007-08,1610612754,IND,221,104.0,1610612743,DEN,221,106.0
0020700081,2007-11-10,2007-08,1610612751,NJN,143,54.0,1610612738,BOS,143,55.0
0020700082,2007-11-10,2007-08,1610612741,CHI,128,44.0,1610612761,TOR,128,45.0
0020700083,2007-11-10,2007-08,1610612762,UTA,121,50.0,1610612763,MEM,121,50.0
0020700084,2007-11-10,2007-08,1610612758,SAC,240,93.0,1610612750,MIN,240,94.0
0020700085,2007-11-10,2007-08,1610612757,POR,159,59.0,1610612742,DAL,159,61.0
0020700086,2007-11-11,2007-08,1610612737,ATL,145,58.0,1610612764,WAS,145,58.0
0020700087,2007-11-11,2007-08,1610612752,NYK,240,88.0,1610612748,MIA,240,88.0
0020700088,2007-11-11,2007-08,1610612755,PHI,143,52.0,1610612740,NOH,143,54.0
0020700089,2007-11-11,2007-08,1610612766,CHA,240,90.0,1610612745,HOU,240,90.0
0020700090,2007-11-11,2007-08,1610612759,SAS,121,48.0,1610612749,MIL,121,49.0
0020700091,2007-11-11,2007-08,1610612760,SEA,212,90.0,1610612765,DET,212,91.0
0020700092,2007-11-11,2007-08,1610612746,LAC,215,86.0,1610612739,CLE,215,86.0
0020700093,2007-11-12,2007-08,1610612751,NJN,233,86.0,1610612740,NOH,233,88.0
0020700094,2007-11-12,2007-08,1610612743,DEN,122,53.0,1610612739,CLE,122,54.0
0020700095,2007-11-12,2007-08,1610612762,UTA,122,47.0,1610612758,SAC,122,46.0
0020700096,2007-11-13,2007-08,1610612766,CHA,142,52.0,1610612748,MIA,142,52.0
0020700097,2007-11-13,2007-08,1610612753,ORL,136,61.0,1610612760,SEA,136,60.0
0020700098,2007-11-13,2007-08,1610612754,IND,151,59.0,1610612738,BOS,151,59.0
0020700099,2007-11-13,2007-08,1610612763,MEM,233,97.0,1610612745,HOU,233,97.0
0020700100,2007-11-13,2007-08,1610612742,DAL,190,76.0,1610612755,PHI,190,77.0
0020700101,2007-11-13,2007-08,1610612759,SAS,121,49.0,1610612747,LAL,121,48.0
0020700102,2007-11-13,2007-08,1610612756,PHX,143,63.0,1610612752,NYK,143,63.0
0020700103,2007-11-13,2007-08,1610612757,POR,230,80.0,1610612765,DET,230,83.0
0020700104,2007-11-14,2007-08,1610612761,TOR,238,92.0,1610612762,UTA,238,92.0
0020700105,2007-11-14,2007-08,1610612764,WAS,125,50.0,1610612754,IND,125,48.0
0020700106,2007-11-14,2007-08,1610612737,ATL,195,78.0,1610612766,CHA,195,73.0
0020700107,2007-11-14,2007-08,1610612739,CLE,265,106.0,1610612753,ORL,265,107.0
0020700108,2007-11-14,2007-08,1610612738,BOS,186,65.0,1610612751,NJN,186,66.0
0020700109,2007-11-14,2007-08,1610612748,MIA,122,47.0,1610612760,SEA,122,48.0
0020700110,2007-11-14,2007-08,1610612749,MIL,237,89.0,1610612763,MEM,237,89.0
0020700111,2007-11-14,2007-08,1610612740,NOH,185,72.0,1610612755,PHI,185,72.0
0020700112,2007-11-14,2007-08,1610612750,MIN,228,89.0,1610612758,SAC,228,86.0
0020700113,2007-11-14,2007-08,1610612745,HOU,240,96.0,1610612747,LAL,240,96.0
0020700114,2007-11-14,2007-08,1610612743,DEN,127,50.0,1610612757,POR,127,50.0
0020700115,2007-11-14,2007-08,1610612746,LAC,209,84.0,1610612752,NYK,209,87.0
0020700116,2007-11-14,2007-08,1610612744,GSW,232,98.0,1610612765,DET,232,96.0
0020700117,2007-11-15,2007-08,1610612742,DAL,126,48.0,1610612759,SAS,126,48.0
0020700118,2007-11-15,2007-08,1610612756,PHX,214,89.0,1610612741,CHI,214,90.0
0020700119,2007-11-16,2007-08,1610612761,TOR,226,88.0,1610612754,IND,226,87.0
0020700120,2007-11-16,2007-08,1610612755,PHI,163,61.0,1610612757,POR,163,62.0
0020700121,2007-11-16,2007-08,1610612738,BOS,197,74.0,1610612748,MIA,197,76.0
0020700122,2007-11-16,2007-08,1610612751,NJN,159,63.0,1610612753,ORL,159,62.0
0020700123,2007-11-16,2007-08,1610612737,ATL,290,107.0,1610612760,SEA,290,105.0
0020700124,2007-11-16,2007-08,1610612739,CLE,240,103.0,1610612762,UTA,240,102.0
0020700125,2007-11-16,2007-08,1610612763,MEM,265,103.0,1610612740,NOH,265,104.0
0020700126,2007-11-16,2007-08,1610612759,SAS,239,86.0,1610612745,HOU,239,85.0
0020700127,2007-11-16,2007-08,1610612750,MIN,220,86.0,1610612764,WAS,220,86.0
0020700128,2007-11-16,2007-08,1610612758,SAC,287,112.0,1610612752,NYK,287,112.0
0020700129,2007-11-16,2007-08,1610612747,LAL,227,87.0,1610612765,DET,227,86.0
0020700130,2007-11-16,2007-08,1610612744,GSW,179,76.0,1610612746,LAC,179,74.0
0020700131,2007-11-17,2007-08,1610612764,WAS,131,46.0,1610612757,POR,131,47.0
0020700132,2007-11-17,2007-08,1610612766,CHA,191,81.0,1610612760,SEA,191,81.0
0020700133,2007-11-17,2007-08,1610612754,IND,146,64.0,1610612762,UTA,146,60.0
0020700134,2007-11-17,2007-08,1610612751,NJN,237,94.0,1610612748,MIA,237,92.0
0020700135,2007-11-17,2007-08,1610612750,MIN,172,56.0,1610612740,NOH,172,56.0
0020700136,2007-11-17,2007-08,1610612749,MIL,227,91.0,1610612737,ATL,227,90.0
0020700137,2007-11-17,2007-08,1610612745,HOU,167,70.0,1610612756,PHX,167,70.0
0020700138,2007-11-17,2007-08,1610612742,DAL,226,97.0,1610612763,MEM,226,98.0
0020700139,2007-11-17,2007-08,1610612743,DEN,121,53.0,1610612752,NYK,121,53.0
0020700140,2007-11-17,2007-08,1610612746,LAC,157,57.0,1610612741,CHI,157,59.0
0020700141,2007-11-18,2007-08,1610612761,TOR,230,92.0,1610612744,GSW,230,92.0
0020700142,2007-11-18,2007-08,1610612753,ORL,197,78.0,1610612738,BOS,197,76.0
0020700143,2007-11-18,2007-08,1610612758,SAC,229,84.0,1610612765,DET,229,84.0
0020700144,2007-11-18,2007-08,1610612747,LAL,174,73.0,1610612741,CHI,174,72.0
0020700145,2007-11-19,2007-08,1610612766,CHA,213,83.0,1610612757,POR,213,82.0
0020700146,2007-11-19,2007-08,1610612763,MEM,124,51.0,1610612760,SEA,124,49.0
0020700147,2007-11-19,2007-08,1610612740,NOH,238,94.0,1610612753,ORL,238,94.0
0020700148,2007-11-19,2007-08,1610612762,UTA,128,46.0,1610612751,NJN,128,47.0
0020700149,2007-11-20,2007-08,1610612764,WAS,121,43.0,1610612755,PHI,121,43.0
0020700150,2007-11-20,2007-08,1610612737,ATL,122,45.0,1610612759,SAS,122,45.0
0020700151,2007-11-20,2007-08,1610612739,CLE,228,85.0,1610612749,MIL,228,87.0
0020700152,2007-11-20,2007-08,1610612754,IND,141,61.0,1610612747,LAL,141,62.0
0020700153,2007-11-20,2007-08,1610612752,NYK,163,68.0,1610612744,GSW,163,67.0
0020700154,2007-11-20,2007-08,1610612742,DAL,235,80.0,1610612761,TOR,235,82.0
0020700155,2007-11-20,2007-08,1610612743,DEN,124,56.0,1610612741,CHI,124,56.0
0020700156,2007-11-20,2007-08,1610612758,SAC,183,78.0,1610612756,PHX,183,76.0
0020700157,2007-11-21,2007-08,1610612766,CHA,257,106.0,1610612764,WAS,257,106.0
0020700158,2007-11-21,2007-08,1610612738,BOS,123,53.0,1610612744,GSW,123,52.0
0020700159,2007-11-21,2007-08,1610612748,MIA,240,88.0,1610612737,ATL,240,88.0
0020700160,2007-11-21,2007-08,1610612745,HOU,206,84.0,1610612742,DAL,206,83.0
0020700161,2007-11-21,2007-08,1610612765,DET,164,56.0,1610612752,NYK,164,56.0
0020700162,2007-11-21,2007-08,1610612749,MIL,224,88.0,1610612747,LAL,224,87.0
0020700163,2007-11-21,2007-08,1610612763,MEM,235,87.0,1610612761,TOR,235,89.0
0020700164,2007-11-21,2007-08,1610612740,NOH,183,71.0,1610612754,IND,183,72.0
0020700165,2007-11-21,2007-08,1610612750,MIN,212,78.0,1610612739,CLE,212,77.0
0020700166,2007-11-21,2007-08,1610612759,SAS,202,81.0,1610612753,ORL,202,80.0
0020700167,2007-11-21,2007-08,1610612756,PHX,123,55.0,1610612758,SAC,123,54.0
0020700168,2007-11-21,2007-08,1610612757,POR,240,90.0,1610612751,NJN,240,91.0
0020700169,2007-11-21,2007-08,1610612746,LAC,184,80.0,1610612743,DEN,184,78.0
0020700170,2007-11-23,2007-08,1610612764,WAS,237,90.0,1610612744,GSW,237,90.0
0020700171,2007-11-23,2007-08,1610612753,ORL,127,51.0,1610612766,CHA,127,51.0
0020700172,2007-11-23,2007-08,1610612738,BOS,122,47.0,1610612747,LAL,122,47.0
0020700173,2007-11-23,2007-08,1610612748,MIA,229,80.0,1610612745,HOU,229,80.0
0020700174,2007-11-23,2007-08,1610612765,DET,225,75.0,1610612755,PHI,225,75.0
0020700175,2007-11-23,2007-08,1610612754,IND,240,101.0,1610612742,DAL,240,102.0
0020700176,2007-11-23,2007-08,1610612759,SAS,133,52.0,1610612763,MEM,133,53.0
0020700177,2007-11-23,2007-08,1610612743,DEN,237,108.0,1610612750,MIN,237,108.0
0020700178,2007-11-23,2007-08,1610612762,UTA,160,65.0,1610612740,NOH,160,64.0
0020700179,2007-11-23,2007-08,1610612756,PHX,148,65.0,1610612746,LAC,148,64.0
0020700180,2007-11-23,2007-08,1610612757,POR,240,89.0,1610612758,SAC,240,90.0
0020700181,2007-11-23,2007-08,1610612760,SEA,225,88.0,1610612751,NJN,225,89.0
0020700182,2007-11-24,2007-08,1610612752,NYK,227,92.0,1610612741,CHI,227,90.0
0020700183,2007-11-24,2007-08,1610612739,CLE,231,86.0,1610612761,TOR,231,88.0
0020700184,2007-11-24,2007-08,1610612755,PHI,265,106.0,1610612744,GSW,265,107.0
0020700185,2007-11-24,2007-08,1610612766,CHA,240,93.0,1610612738,BOS,240,93.0
0020700186,2007-11-24,2007-08,1610612753,ORL,143,58.0,1610612748,MIA,143,58.0
0020700187,2007-11-24,2007-08,1610612763,MEM,205,85.0,1610612764,WAS,205,81.0
0020700188,2007-11-24,2007-08,1610612750,MIN,163,55.0,1610612737,ATL,163,59.0
0020700189,2007-11-24,2007-08,1610612745,HOU,121,48.0,1610612743,DEN,121,49.0
0020700190,2007-11-24,2007-08,1610612749,MIL,240,93.0,1610612742,DAL,240,92.0
0020700191,2007-11-24,2007-08,1610612746,LAC,183,71.0,1610612740,NOH,183,71.0
0020700192,2007-11-25,2007-08,1610612761,TOR,218,79.0,1610612741,CHI,218,79.0
0020700193,2007-11-25,2007-08,1610612754,IND,234,101.0,1610612739,CLE,234,104.0
0020700194,2007-11-25,2007-08,1610612765,DET,215,81.0,1610612762,UTA,215,79.0
0020700195,2007-11-25,2007-08,1610612760,SEA,219,75.0,1610612759,SAS,219,78.0
0020700196,2007-11-25,2007-08,1610612747,LAL,220,92.0,1610612751,NJN,220,91.0
0020700197,2007-11-26,2007-08,1610612752,NYK,230,89.0,1610612762,UTA,230,88.0
0020700198,2007-11-26,2007-08,1610612740,NOH,126,49.0,1610612750,MIN,126,50.0
0020700199,2007-11-26,2007-08,1610612742,DAL,179,73.0,1610612764,WAS,179,75.0
0020700200,2007-11-26,2007-08,1610612758,SAC,158,64.0,1610612759,SAS,158,61.0
0020700201,2007-11-26,2007-08,1610612757,POR,204,77.0,1610612753,ORL,204,76.0
0020700202,2007-11-26,2007-08,1610612746,LAC,198,74.0,1610612745,HOU,198,75.0
0020700203,2007-11-26,2007-08,1610612744,GSW,152,68.0,1610612756,PHX,152,65.0
0020700204,2007-11-27,2007-08,1610612739,CLE,262,94.0,1610612738,BOS,262,91.0
0020700205,2007-11-27,2007-08,1610612751,NJN,223,86.0,1610612763,MEM,223,87.0
0020700206,2007-11-27,2007-08,1610612748,MIA,155,58.0,1610612766,CHA,155,56.0
0020700207,2007-11-27,2007-08,1610612749,MIL,181,64.0,1610612755,PHI,181,66.0
0020700208,2007-11-27,2007-08,1610612741,CHI,144,56.0,1610612737,ATL,144,56.0
0020700209,2007-11-27,2007-08,1610612743,DEN,225,109.0,1610612754,IND,225,111.0
0020700210,2007-11-27,2007-08,1610612747,LAL,175,70.0,1610612760,SEA,175,72.0
0020700211,2007-11-28,2007-08,1610612761,TOR,121,44.0,1610612763,MEM,121,44.0
0020700212,2007-11-28,2007-08,1610612755,PHI,201,75.0,1610612762,UTA,201,76.0
0020700213,2007-11-28,2007-08,1610612737,ATL,193,71.0,1610612749,MIL,193,69.0
0020700214,2007-11-28,2007-08,1610612765,DET,158,53.0,1610612739,CLE,158,52.0
0020700215,2007-11-28,2007-08,1610612742,DAL,191,76.0,1610612750,MIN,191,73.0
0020700216,2007-11-28,2007-08,1610612759,SAS,194,70.0,1610612764,WAS,194,69.0
0020700217,2007-11-28,2007-08,1610612756,PHX,240,96.0,1610612745,HOU,240,96.0
0020700218,2007-11-28,2007-08,1610612758,SAC,240,105.0,1610612744,GSW,240,104.0
0020700219,2007-11-28,2007-08,1610612757,POR,235,96.0,1610612754,IND,235,95.0
0020700220,2007-11-28,2007-08,1610612760,SEA,201,85.0,1610612753,ORL,201,85.0
0020700221,2007-11-29,2007-08,1610612738,BOS,122,47.0,1610612752,NYK,122,46.0
0020700222,2007-11-29,2007-08,1610612747,LAL,181,79.0,1610612743,DEN,181,80.0
0020700223,2007-11-29,2007-08,1610612744,GSW,136,56.0,1610612745,HOU,136,56.0
0020700224,2007-11-30,2007-08,1610612761,TOR,175,66.0,1610612739,CLE,175,66.0
0020700225,2007-11-30,2007-08,1610612755,PHI,240,89.0,1610612764,WAS,240,88.0
0020700226,2007-11-30,2007-08,1610612752,NYK,197,73.0,1610612749,MIL,197,77.0
0020700227,2007-11-30,2007-08,1610612737,ATL,209,79.0,1610612740,NOH,209,77.0
0020700228,2007-11-30,2007-08,1610612748,MIA,121,47.0,1610612738,BOS,121,48.0
0020700229,2007-11-30,2007-08,1610612750,MIN,205,75.0,1610612759,SAS,205,77.0
0020700230,2007-11-30,2007-08,1610612742,DAL,150,52.0,1610612757,POR,150,50.0
0020700231,2007-11-30,2007-08,1610612762,UTA,122,50.0,1610612747,LAL,122,49.0
0020700232,2007-11-30,2007-08,1610612756,PHX,199,96.0,1610612753,ORL,199,96.0
0020700233,2007-11-30,2007-08,1610612743,DEN,131,57.0,1610612746,LAC,131,54.0
0020700234,2007-11-30,2007-08,1610612760,SEA,233,103.0,1610612754,IND,233,103.0
0020700235,2007-12-01,2007-08,1610612764,WAS,228,84.0,1610612761,TOR,228,84.0
0020700236,2007-12-01,2007-08,1610612751,NJN,237,83.0,1610612755,PHI,237,84.0
0020700237,2007-12-01,2007-08,1610612763,MEM,141,57.0,1610612750,MIN,141,57.0
0020700238,2007-12-01,2007-08,1610612740,NOH,264,97.0,1610612742,DAL,264,96.0
0020700239,2007-12-01,2007-08,1610612741,CHI,173,76.0,1610612766,CHA,173,71.0
0020700240,2007-12-01,2007-08,1610612749,MIL,138,49.0,1610612765,DET,138,51.0
0020700241,2007-12-01,2007-08,1610612758,SAC,225,85.0,1610612745,HOU,225,84.0
0020700242,2007-12-02,2007-08,1610612738,BOS,158,64.0,1610612739,CLE,158,63.0
0020700243,2007-12-02,2007-08,1610612759,SAS,136,44.0,1610612757,POR,136,44.0
0020700244,2007-12-02,2007-08,1610612746,LAC,232,95.0,1610612754,IND,232,95.0
0020700245,2007-12-02,2007-08,1610612752,NYK,194,76.0,1610612756,PHX,194,74.0
0020700246,2007-12-02,2007-08,1610612765,DET,140,47.0,1610612751,NJN,140,46.0
0020700247,2007-12-02,2007-08,1610612743,DEN,126,54.0,1610612748,MIA,126,54.0
0020700248,2007-12-02,2007-08,1610612760,SEA,121,53.0,1610612744,GSW,121,53.0
0020700249,2007-12-02,2007-08,1610612747,LAL,235,98.0,1610612753,ORL,235,100.0
0020700250,2007-12-03,2007-08,1610612761,TOR,129,44.0,1610612766,CHA,129,43.0
0020700251,2007-12-03,2007-08,1610612755,PHI,209,81.0,1610612737,ATL,209,81.0
0020700252,2007-12-03,2007-08,1610612763,MEM,240,94.0,1610612757,POR,240,93.0
0020700253,2007-12-03,2007-08,1610612741,CHI,170,65.0,1610612742,DAL,170,65.0
0020700254,2007-12-03,2007-08,1610612762,UTA,228,84.0,1610612748,MIA,228,85.0
0020700255,2007-12-03,2007-08,1610612744,GSW,258,116.0,1610612753,ORL,258,118.0
0020700256,2007-12-04,2007-08,1610612737,ATL,154,56.0,1610612765,DET,154,55.0
0020700257,2007-12-04,2007-08,1610612739,CLE,155,58.0,1610612751,NJN,155,57.0
0020700258,2007-12-04,2007-08,1610612754,IND,240,107.0,1610612756,PHX,240,107.0
0020700259,2007-12-04,2007-08,1610612750,MIN,127,56.0,1610612747,LAL,127,55.0
0020700260,2007-12-04,2007-08,1610612758,SAC,236,98.0,1610612762,UTA,236,96.0
0020700261,2007-12-04,2007-08,1610612746,LAC,233,80.0,1610612749,MIL,233,79.0
0020700262,2007-12-05,2007-08,1610612761,TOR,147,57.0,1610612756,PHX,147,57.0
0020700263,2007-12-05,2007-08,1610612755,PHI,212,78.0,1610612738,BOS,212,78.0
0020700264,2007-12-05,2007-08,1610612764,WAS,122,45.0,1610612739,CLE,122,46.0
0020700265,2007-12-05,2007-08,1610612766,CHA,218,82.0,1610612741,CHI,218,84.0
0020700266,2007-12-05,2007-08,1610612751,NJN,197,69.0,1610612752,NYK,197,72.0
0020700267,2007-12-05,2007-08,1610612740,NOH,216,78.0,1610612765,DET,216,79.0
0020700268,2007-12-05,2007-08,1610612745,HOU,172,63.0,1610612763,MEM,172,62.0
0020700269,2007-12-05,2007-08,1610612759,SAS,210,83.0,1610612742,DAL,210,80.0
0020700270,2007-12-05,2007-08,1610612743,DEN,240,104.0,1610612747,LAL,240,105.0
0020700271,2007-12-05,2007-08,1610612744,GSW,121,48.0,1610612749,MIL,121,48.0
0020700272,2007-12-05,2007-08,1610612760,SEA,169,71.0,1610612746,LAC,169,70.0
0020700273,2007-12-06,2007-08,1610612737,ATL,240,93.0,1610612750,MIN,240,93.0
0020700274,2007-12-06,2007-08,1610612742,DAL,192,89.0,1610612743,DEN,192,89.0
0020700275,2007-12-06,2007-08,1610612757,POR,224,84.0,1610612748,MIA,224,83.0
0020700276,2007-12-07,2007-08,1610612755,PHI,218,82.0,1610612752,NYK,218,82.0
0020700277,2007-12-07,2007-08,1610612764,WAS,148,60.0,1610612756,PHX,148,61.0
0020700278,2007-12-07,2007-08,1610612753,ORL,207,92.0,1610612754,IND,207,87.0
0020700279,2007-12-07,2007-08,1610612765,DET,230,81.0,1610612741,CHI,230,82.0
0020700280,2007-12-07,2007-08,1610612738,BOS,121,49.0,1610612761,TOR,121,50.0
0020700281,2007-12-07,2007-08,1610612751,NJN,145,54.0,1610612745,HOU,145,54.0
0020700282,2007-12-07,2007-08,1610612740,NOH,260,107.0,1610612763,MEM,260,106.0
0020700283,2007-12-07,2007-08,1610612759,SAS,240,92.0,1610612762,UTA,240,91.0
0020700284,2007-12-07,2007-08,1610612758,SAC,210,81.0,1610612746,LAC,210,82.0
0020700285,2007-12-07,2007-08,1610612744,GSW,198,85.0,1610612748,MIA,198,87.0
0020700286,2007-12-07,2007-08,1610612760,SEA,227,87.0,1610612749,MIL,227,86.0
0020700287,2007-12-08,2007-08,1610612766,CHA,240,99.0,1610612739,CLE,240,100.0
0020700288,2007-12-08,2007-08,1610612737,ATL,137,53.0,1610612763,MEM,137,53.0
0020700289,2007-12-08,2007-08,1610612752,NYK,132,50.0,1610612755,PHI,132,51.0
0020700290,2007-12-08,2007-08,1610612750,MIN,223,86.0,1610612756,PHX,223,85.0
0020700291,2007-12-08,2007-08,1610612741,CHI,202,71.0,1610612738,BOS,202,72.0
0020700292,2007-12-08,2007-08,1610612742,DAL,200,75.0,1610612762,UTA,200,71.0
0020700293,2007-12-08,2007-08,1610612743,DEN,240,106.0,1610612758,SAC,240,107.0
0020700294,2007-12-09,2007-08,1610612761,TOR,202,69.0,1610612745,HOU,202,69.0
0020700295,2007-12-09,2007-08,1610612746,LAC,211,80.0,1610612748,MIA,211,80.0
0020700296,2007-12-09,2007-08,1610612765,DET,152,51.0,1610612766,CHA,152,52.0
0020700297,2007-12-09,2007-08,1610612757,POR,255,92.0,1610612749,MIL,255,90.0
0020700298,2007-12-09,2007-08,1610612764,WAS,201,76.0,1610612751,NJN,201,76.0
0020700299,2007-12-09,2007-08,1610612740,NOH,240,97.0,1610612760,SEA,240,97.0
0020700300,2007-12-09,2007-08,1610612747,LAL,202,87.0,1610612744,GSW,202,90.0
0020700301,2007-12-10,2007-08,1610612755,PHI,127,45.0,1610612745,HOU,127,46.0
0020700302,2007-12-10,2007-08,1610612753,ORL,198,77.0,1610612737,ATL,198,74.0
0020700303,2007-12-10,2007-08,1610612752,NYK,134,43.0,1610612742,DAL,134,46.0
0020700304,2007-12-10,2007-08,1610612756,PHX,205,81.0,1610612748,MIA,205,84.0
0020700305,2007-12-10,2007-08,1610612758,SAC,240,90.0,1610612749,MIL,240,90.0
0020700306,2007-12-11,2007-08,1610612764,WAS,143,52.0,1610612750,MIN,143,52.0
0020700307,2007-12-11,2007-08,1610612737,ATL,201,79.0,1610612761,TOR,201,78.0
0020700308,2007-12-11,2007-08,1610612739,CLE,144,59.0,1610612754,IND,144,59.0
0020700309,2007-12-11,2007-08,1610612751,NJN,225,84.0,1610612746,LAC,225,82.0
0020700310,2007-12-11,2007-08,1610612763,MEM,127,48.0,1610612765,DET,127,48.0
0020700311,2007-12-11,2007-08,1610612741,CHI,121,50.0,1610612760,SEA,121,50.0
0020700312,2007-12-11,2007-08,1610612762,UTA,172,62.0,1610612757,POR,172,63.0
0020700313,2007-12-11,2007-08,1610612744,GSW,125,48.0,1610612759,SAS,125,46.0
0020700314,2007-12-12,2007-08,1610612761,TOR,126,44.0,1610612742,DAL,126,44.0
0020700315,2007-12-12,2007-08,1610612755,PHI,240,91.0,1610612750,MIN,240,91.0
0020700316,2007-12-12,2007-08,1610612766,CHA,228,93.0,1610612746,LAC,228,88.0
0020700317,2007-12-12,2007-08,1610612754,IND,165,66.0,1610612741,CHI,165,67.0
0020700318,2007-12-12,2007-08,1610612738,BOS,206,70.0,1610612758,SAC,206,70.0
0020700319,2007-12-12,2007-08,1610612752,NYK,236,98.0,1610612760,SEA,236,99.0
0020700320,2007-12-12,2007-08,1610612749,MIL,188,76.0,1610612753,ORL,188,74.0
0020700321,2007-12-12,2007-08,1610612745,HOU,224,80.0,1610612765,DET,224,79.0
0020700322,2007-12-12,2007-08,1610612743,DEN,239,96.0,1610612740,NOH,239,96.0
0020700323,2007-12-12,2007-08,1610612757,POR,204,77.0,1610612744,GSW,204,76.0
0020700324,2007-12-12,2007-08,1610612756,PHX,236,99.0,1610612762,UTA,236,98.0
0020700325,2007-12-13,2007-08,1610612748,MIA,171,62.0,1610612764,WAS,171,64.0
0020700326,2007-12-13,2007-08,1610612747,LAL,217,88.0,1610612759,SAS,217,86.0
0020700327,2007-12-14,2007-08,1610612755,PHI,162,58.0,1610612758,SAC,162,59.0
0020700328,2007-12-14,2007-08,1610612766,CHA,197,73.0,1610612753,ORL,197,73.0
0020700329,2007-12-14,2007-08,1610612754,IND,210,87.0,1610612761,TOR,210,85.0
0020700330,2007-12-14,2007-08,1610612738,BOS,152,55.0,1610612749,MIL,152,56.0
0020700331,2007-12-14,2007-08,1610612751,NJN,230,84.0,1610612739,CLE,230,83.0
0020700332,2007-12-14,2007-08,1610612765,DET,191,71.0,1610612737,ATL,191,68.0
0020700333,2007-12-14,2007-08,1610612763,MEM,217,91.0,1610612746,LAC,217,92.0
0020700334,2007-12-14,2007-08,1610612750,MIN,188,81.0,1610612760,SEA,188,80.0
0020700335,2007-12-14,2007-08,1610612741,CHI,198,74.0,1610612752,NYK,198,74.0
0020700336,2007-12-14,2007-08,1610612742,DAL,206,73.0,1610612740,NOH,206,72.0
0020700337,2007-12-14,2007-08,1610612757,POR,235,96.0,1610612762,UTA,235,95.0
0020700338,2007-12-14,2007-08,1610612744,GSW,239,104.0,1610612747,LAL,239,103.0
0020700339,2007-12-15,2007-08,1610612764,WAS,161,59.0,1610612758,SAC,161,59.0
0020700340,2007-12-15,2007-08,1610612737,ATL,166,59.0,1610612766,CHA,166,62.0
0020700341,2007-12-15,2007-08,1610612753,ORL,236,101.0,1610612763,MEM,236,101.0
0020700342,2007-12-15,2007-08,1610612752,NYK,216,80.0,1610612751,NJN,216,80.0
0020700343,2007-12-15,2007-08,1610612748,MIA,223,92.0,1610612754,IND,223,91.0
0020700344,2007-12-15,2007-08,1610612739,CLE,240,95.0,1610612755,PHI,240,95.0
0020700345,2007-12-15,2007-08,1610612740,NOH,240,94.0,1610612756,PHX,240,94.0
0020700346,2007-12-15,2007-08,1610612749,MIL,217,81.0,1610612750,MIN,217,77.0
0020700347,2007-12-15,2007-08,1610612745,HOU,186,64.0,1610612742,DAL,186,61.0
0020700348,2007-12-15,2007-08,1610612759,SAS,156,60.0,1610612743,DEN,156,59.0
0020700349,2007-12-15,2007-08,1610612762,UTA,136,58.0,1610612760,SEA,136,60.0
0020700350,2007-12-16,2007-08,1610612765,DET,122,45.0,1610612744,GSW,122,44.0
0020700351,2007-12-16,2007-08,1610612761,TOR,132,46.0,1610612738,BOS,132,45.0
0020700352,2007-12-16,2007-08,1610612743,DEN,133,53.0,1610612757,POR,133,53.0
0020700353,2007-12-16,2007-08,1610612747,LAL,144,57.0,1610612746,LAC,144,57.0
0020700354,2007-12-17,2007-08,1610612737,ATL,227,92.0,1610612762,UTA,227,90.0
0020700355,2007-12-17,2007-08,1610612739,CLE,290,106.0,1610612749,MIL,290,106.0
0020700356,2007-12-17,2007-08,1610612752,NYK,180,75.0,1610612754,IND,180,76.0
0020700357,2007-12-17,2007-08,1610612748,MIA,240,97.0,1610612750,MIN,240,98.0
0020700358,2007-12-17,2007-08,1610612763,MEM,126,55.0,1610612744,GSW,126,57.0
0020700359,2007-12-17,2007-08,1610612742,DAL,225,87.0,1610612753,ORL,225,85.0
0020700360,2007-12-17,2007-08,1610612759,SAS,240,92.0,1610612756,PHX,240,93.0
0020700361,2007-12-17,2007-08,1610612757,POR,220,76.0,1610612740,NOH,220,76.0
0020700362,2007-12-18,2007-08,1610612751,NJN,240,97.0,1610612758,SAC,240,98.0
0020700363,2007-12-18,2007-08,1610612741,CHI,216,85.0,1610612747,LAL,216,86.0
0020700364,2007-12-18,2007-08,1610612746,LAC,225,81.0,1610612761,TOR,225,83.0
0020700365,2007-12-19,2007-08,1610612764,WAS,227,85.0,1610612741,CHI,227,86.0
0020700366,2007-12-19,2007-08,1610612766,CHA,230,95.0,1610612762,UTA,230,94.0
0020700367,2007-12-19,2007-08,1610612737,ATL,265,101.0,1610612748,MIA,265,101.0
0020700368,2007-12-19,2007-08,1610612754,IND,174,67.0,1610612755,PHI,174,68.0
0020700369,2007-12-19,2007-08,1610612738,BOS,231,81.0,1610612765,DET,231,79.0
0020700370,2007-12-19,2007-08,1610612752,NYK,131,47.0,1610612739,CLE,131,47.0
0020700371,2007-12-19,2007-08,1610612749,MIL,225,81.0,1610612758,SAC,225,82.0
0020700372,2007-12-19,2007-08,1610612763,MEM,134,52.0,1610612759,SAS,134,50.0
0020700373,2007-12-19,2007-08,1610612750,MIN,180,72.0,1610612744,GSW,180,72.0
0020700374,2007-12-19,2007-08,1610612745,HOU,196,81.0,1610612753,ORL,196,81.0
0020700375,2007-12-19,2007-08,1610612742,DAL,204,85.0,1610612756,PHX,204,83.0
0020700376,2007-12-19,2007-08,1610612757,POR,239,85.0,1610612761,TOR,239,85.0
0020700377,2007-12-19,2007-08,1610612760,SEA,121,45.0,1610612740,NOH,121,45.0
0020700378,2007-12-20,2007-08,1610612748,MIA,265,99.0,1610612751,NJN,265,97.0
0020700379,2007-12-20,2007-08,1610612739,CLE,240,99.0,1610612747,LAL,240,98.0
0020700380,2007-12-20,2007-08,1610612743,DEN,288,115.0,1610612745,HOU,288,115.0
0020700381,2007-12-21,2007-08,1610612738,BOS,127,50.0,1610612741,CHI,127,50.0
0020700382,2007-12-21,2007-08,1610612755,PHI,220,87.0,1610612747,LAL,220,89.0
0020700383,2007-12-21,2007-08,1610612764,WAS,240,86.0,1610612737,ATL,240,86.0
0020700384,2007-12-21,2007-08,1610612766,CHA,122,49.0,1610612752,NYK,122,48.0
0020700385,2007-12-21,2007-08,1610612753,ORL,184,74.0,1610612762,UTA,184,74.0
0020700386,2007-12-21,2007-08,1610612765,DET,173,64.0,1610612763,MEM,173,62.0
0020700387,2007-12-21,2007-08,1610612750,MIN,157,65.0,1610612754,IND,157,66.0
0020700388,2007-12-21,2007-08,1610612742,DAL,173,64.0,1610612746,LAC,173,62.0
0020700389,2007-12-21,2007-08,1610612757,POR,240,94.0,1610612743,DEN,240,94.0
0020700390,2007-12-21,2007-08,1610612760,SEA,189,78.0,1610612761,TOR,189,78.0
0020700391,2007-12-22,2007-08,1610612754,IND,221,82.0,1610612764,WAS,221,82.0
0020700392,2007-12-22,2007-08,1610612751,NJN,239,97.0,1610612744,GSW,239,97.0
0020700393,2007-12-22,2007-08,1610612748,MIA,205,75.0,1610612762,UTA,205,80.0
0020700394,2007-12-22,2007-08,1610612763,MEM,237,98.0,1610612755,PHI,237,98.0
0020700395,2007-12-22,2007-08,1610612740,NOH,121,45.0,1610612750,MIN,121,44.0
0020700396,2007-12-22,2007-08,1610612741,CHI,158,58.0,1610612745,HOU,158,58.0
0020700397,2007-12-22,2007-08,1610612749,MIL,145,54.0,1610612766,CHA,145,52.0
0020700398,2007-12-22,2007-08,1610612759,SAS,122,46.0,1610612746,LAC,122,46.0
0020700399,2007-12-22,2007-08,1610612756,PHX,159,60.0,1610612761,TOR,159,59.0
0020700400,2007-12-23,2007-08,1610612752,NYK,144,59.0,1610612747,LAL,144,57.0
0020700401,2007-12-23,2007-08,1610612765,DET,153,59.0,1610612745,HOU,153,59.0
0020700402,2007-12-23,2007-08,1610612739,CLE,138,58.0,1610612744,GSW,138,59.0
0020700403,2007-12-23,2007-08,1610612738,BOS,153,56.0,1610612753,ORL,153,57.0
0020700404,2007-12-23,2007-08,1610612758,SAC,215,100.0,1610612743,DEN,215,98.0
0020700405,2007-12-25,2007-08,1610612739,CLE,204,82.0,1610612748,MIA,204,83.0
0020700406,2007-12-25,2007-08,1610612747,LAL,220,93.0,1610612756,PHX,220,93.0
0020700407,2007-12-25,2007-08,1610612757,POR,186,70.0,1610612760,SEA,186,70.0
0020700408,2007-12-26,2007-08,1610612755,PHI,148,58.0,1610612748,MIA,148,57.0
0020700409,2007-12-26,2007-08,1610612766,CHA,212,81.0,1610612764,WAS,212,86.0
0020700410,2007-12-26,2007-08,1610612737,ATL,213,91.0,1610612754,IND,213,90.0
0020700411,2007-12-26,2007-08,1610612753,ORL,195,79.0,1610612752,NYK,195,78.0
0020700412,2007-12-26,2007-08,1610612751,NJN,157,53.0,1610612765,DET,157,54.0
0020700413,2007-12-26,2007-08,1610612763,MEM,158,59.0,1610612740,NOH,158,61.0
0020700414,2007-12-26,2007-08,1610612759,SAS,153,53.0,1610612741,CHI,153,51.0
0020700415,2007-12-26,2007-08,1610612743,DEN,121,56.0,1610612749,MIL,121,57.0
0020700416,2007-12-26,2007-08,1610612762,UTA,216,78.0,1610612742,DAL,216,83.0
0020700417,2007-12-26,2007-08,1610612758,SAC,147,51.0,1610612738,BOS,147,54.0
0020700418,2007-12-26,2007-08,1610612744,GSW,181,78.0,1610612750,MIN,181,78.0
0020700419,2007-12-27,2007-08,1610612742,DAL,235,94.0,1610612739,CLE,235,94.0
0020700420,2007-12-27,2007-08,1610612746,LAC,121,53.0,1610612756,PHX,121,53.0
0020700421,2007-12-27,2007-08,1610612760,SEA,202,75.0,1610612738,BOS,202,78.0
0020700422,2007-12-28,2007-08,1610612766,CHA,121,49.0,1610612740,NOH,121,49.0
0020700423,2007-12-28,2007-08,1610612751,NJN,237,87.0,1610612764,WAS,237,86.0
0020700424,2007-12-28,2007-08,1610612748,MIA,259,96.0,1610612753,ORL,259,97.0
0020700425,2007-12-28,2007-08,1610612765,DET,122,49.0,1610612754,IND,122,49.0
0020700426,2007-12-28,2007-08,1610612763,MEM,163,63.0,1610612745,HOU,163,63.0
0020700427,2007-12-28,2007-08,1610612741,CHI,237,97.0,1610612749,MIL,237,96.0
0020700428,2007-12-28,2007-08,1610612759,SAS,200,67.0,1610612761,TOR,200,70.0
0020700429,2007-12-28,2007-08,1610612756,PHX,238,98.0,1610612746,LAC,238,96.0
0020700430,2007-12-28,2007-08,1610612758,SAC,215,79.0,1610612755,PHI,215,80.0
0020700431,2007-12-28,2007-08,1610612757,POR,181,65.0,1610612750,MIN,181,65.0
0020700432,2007-12-28,2007-08,1610612747,LAL,121,53.0,1610612762,UTA,121,53.0
0020700433,2007-12-28,2007-08,1610612744,GSW,240,101.0,1610612743,DEN,240,101.0
0020700434,2007-12-29,2007-08,1610612742,DAL,125,44.0,1610612737,ATL,125,45.0
0020700435,2007-12-29,2007-08,1610612764,WAS,121,47.0,1610612748,MIA,121,46.0
0020700436,2007-12-29,2007-08,1610612753,ORL,218,86.0,1610612766,CHA,218,84.0
0020700437,2007-12-29,2007-08,1610612754,IND,238,87.0,1610612765,DET,238,88.0
0020700438,2007-12-29,2007-08,1610612740,NOH,143,54.0,1610612739,CLE,143,52.0
0020700439,2007-12-29,2007-08,1610612749,MIL,240,92.0,1610612751,NJN,240,93.0
0020700440,2007-12-29,2007-08,1610612745,HOU,217,85.0,1610612761,TOR,217,87.0
0020700441,2007-12-29,2007-08,1610612762,UTA,240,86.0,1610612738,BOS,240,87.0
0020700442,2007-12-29,2007-08,1610612760,SEA,135,53.0,1610612750,MIN,135,51.0
0020700443,2007-12-30,2007-08,1610612752,NYK,171,57.0,1610612741,CHI,171,58.0
0020700444,2007-12-30,2007-08,1610612757,POR,198,69.0,1610612755,PHI,198,68.0
0020700445,2007-12-30,2007-08,1610612743,DEN,216,93.0,1610612744,GSW,216,93.0
0020700446,2007-12-30,2007-08,1610612759,SAS,152,56.0,1610612763,MEM,152,56.0
0020700447,2007-12-30,2007-08,1610612758,SAC,211,88.0,1610612756,PHX,211,88.0
0020700448,2007-12-30,2007-08,1610612747,LAL,174,70.0,1610612738,BOS,174,70.0
0020700449,2007-12-31,2007-08,1610612766,CHA,241,93.0,1610612754,IND,241,93.0
0020700450,2007-12-31,2007-08,1610612741,CHI,265,96.0,1610612753,ORL,265,96.0
0020700451,2007-12-31,2007-08,1610612765,DET,122,46.0,1610612749,MIL,122,45.0
0020700452,2007-12-31,2007-08,1610612745,HOU,216,88.0,1610612744,GSW,216,92.0
0020700453,2007-12-31,2007-08,1610612740,NOH,236,88.0,1610612761,TOR,236,86.0
0020700454,2007-12-31,2007-08,1610612762,UTA,216,80.0,1610612757,POR,216,83.0
0020700455,2007-12-31,2007-08,1610612746,LAC,231,85.0,1610612750,MIN,231,86.0
0020700456,2007-12-31,2007-08,1610612760,SEA,205,75.0,1610612755,PHI,205,78.0
0020700457,2008-01-02,2007-08,1610612764,WAS,147,50.0,1610612765,DET,147,50.0
0020700458,2008-01-02,2007-08,1610612766,CHA,216,84.0,1610612741,CHI,216,84.0
0020700459,2008-01-02,2007-08,1610612753,ORL,217,82.0,1610612751,NJN,217,79.0
0020700460,2008-01-02,2007-08,1610612739,CLE,239,86.0,1610612737,ATL,239,86.0
0020700461,2008-01-02,2007-08,1610612754,IND,189,73.0,1610612763,MEM,189,73.0
0020700462,2008-01-02,2007-08,1610612738,BOS,226,81.0,1610612745,HOU,226,81.0
0020700463,2008-01-02,2007-08,1610612752,NYK,132,59.0,1610612758,SAC,132,58.0
0020700464,2008-01-02,2007-08,1610612748,MIA,196,72.0,1610612749,MIL,196,74.0
0020700465,2008-01-02,2007-08,1610612750,MIN,177,58.0,1610612757,POR,177,59.0
0020700466,2008-01-02,2007-08,1610612742,DAL,189,75.0,1610612744,GSW,189,75.0
0020700467,2008-01-02,2007-08,1610612762,UTA,214,82.0,1610612755,PHI,214,85.0
0020700468,2008-01-02,2007-08,1610612746,LAC,164,58.0,1610612740,NOH,164,58.0
0020700469,2008-01-03,2007-08,1610612741,CHI,283,100.0,1610612757,POR,283,98.0
0020700470,2008-01-03,2007-08,1610612743,DEN,240,88.0,1610612759,SAS,240,87.0
0020700471,2008-01-03,2007-08,1610612756,PHX,183,77.0,1610612760,SEA,183,74.0
0020700472,2008-01-04,2007-08,1610612761,TOR,196,67.0,1610612765,DET,196,67.0
0020700473,2008-01-04,2007-08,1610612753,ORL,222,90.0,1610612745,HOU,222,90.0
0020700474,2008-01-04,2007-08,1610612754,IND,132,54.0,1610612737,ATL,132,53.0
0020700475,2008-01-04,2007-08,1610612738,BOS,197,75.0,1610612763,MEM,197,72.0
0020700476,2008-01-04,2007-08,1610612751,NJN,218,90.0,1610612766,CHA,218,88.0
0020700477,2008-01-04,2007-08,1610612739,CLE,240,95.0,1610612758,SAC,240,94.0
0020700478,2008-01-04,2007-08,1610612750,MIN,190,76.0,1610612743,DEN,190,79.0
0020700479,2008-01-04,2007-08,1610612749,MIL,121,45.0,1610612764,WAS,121,45.0
0020700480,2008-01-04,2007-08,1610612759,SAS,240,85.0,1610612752,NYK,240,85.0
0020700481,2008-01-04,2007-08,1610612742,DAL,240,91.0,1610612748,MIA,240,91.0
0020700482,2008-01-04,2007-08,1610612747,LAL,122,47.0,1610612755,PHI,122,48.0
0020700483,2008-01-04,2007-08,1610612744,GSW,166,70.0,1610612740,NOH,166,69.0
0020700484,2008-01-05,2007-08,1610612737,ATL,212,89.0,1610612751,NJN,212,91.0
0020700485,2008-01-05,2007-08,1610612765,DET,239,82.0,1610612738,BOS,239,83.0
0020700486,2008-01-05,2007-08,1610612741,CHI,240,97.0,1610612758,SAC,240,98.0
0020700487,2008-01-05,2007-08,1610612745,HOU,170,64.0,1610612752,NYK,170,62.0
0020700488,2008-01-05,2007-08,1610612756,PHX,236,92.0,1610612740,NOH,236,92.0
0020700489,2008-01-05,2007-08,1610612757,POR,194,77.0,1610612762,UTA,194,74.0
0020700490,2008-01-06,2007-08,1610612761,TOR,201,75.0,1610612739,CLE,201,72.0
0020700491,2008-01-06,2007-08,1610612764,WAS,185,73.0,1610612760,SEA,185,71.0
0020700492,2008-01-06,2007-08,1610612750,MIN,122,43.0,1610612742,DAL,122,42.0
0020700493,2008-01-06,2007-08,1610612746,LAC,234,88.0,1610612759,SAS,234,87.0
0020700494,2008-01-06,2007-08,1610612763,MEM,238,93.0,1610612748,MIA,238,93.0
0020700495,2008-01-06,2007-08,1610612766,CHA,235,89.0,1610612749,MIL,235,91.0
0020700496,2008-01-06,2007-08,1610612743,DEN,183,80.0,1610612755,PHI,183,80.0
0020700497,2008-01-06,2007-08,1610612747,LAL,156,69.0,1610612754,IND,156,67.0
0020700498,2008-01-07,2007-08,1610612756,PHX,122,52.0,1610612743,DEN,122,52.0
0020700499,2008-01-07,2007-08,1610612744,GSW,250,98.0,1610612759,SAS,250,94.0
0020700500,2008-01-08,2007-08,1610612755,PHI,239,90.0,1610612749,MIL,239,89.0
0020700501,2008-01-08,2007-08,1610612764,WAS,178,68.0,1610612745,HOU,178,68.0
0020700502,2008-01-08,2007-08,1610612766,CHA,148,61.0,1610612751,NJN,148,57.0
0020700503,2008-01-08,2007-08,1610612739,CLE,134,57.0,1610612760,SEA,134,56.0
0020700504,2008-01-08,2007-08,1610612763,MEM,125,54.0,1610612747,LAL,125,55.0
0020700505,2008-01-08,2007-08,1610612750,MIN,167,59.0,1610612748,MIA,167,60.0
0020700506,2008-01-08,2007-08,1610612741,CHI,232,91.0,1610612752,NYK,232,89.0
0020700507,2008-01-08,2007-08,1610612762,UTA,126,60.0,1610612754,IND,126,60.0
0020700508,2008-01-08,2007-08,1610612758,SAC,166,66.0,1610612753,ORL,166,61.0
0020700509,2008-01-09,2007-08,1610612761,TOR,181,67.0,1610612755,PHI,181,67.0
0020700510,2008-01-09,2007-08,1610612737,ATL,162,63.0,1610612739,CLE,162,61.0
0020700511,2008-01-09,2007-08,1610612738,BOS,207,79.0,1610612766,CHA,207,78.0
0020700512,2008-01-09,2007-08,1610612751,NJN,147,62.0,1610612760,SEA,147,63.0
0020700513,2008-01-09,2007-08,1610612752,NYK,212,85.0,1610612745,HOU,212,86.0
0020700514,2008-01-09,2007-08,1610612749,MIL,218,90.0,1610612748,MIA,218,87.0
0020700515,2008-01-09,2007-08,1610612740,NOH,140,55.0,1610612747,LAL,140,56.0
0020700516,2008-01-09,2007-08,1610612742,DAL,161,57.0,1610612765,DET,161,56.0
0020700517,2008-01-09,2007-08,1610612756,PHX,243,105.0,1610612754,IND,243,106.0
0020700518,2008-01-09,2007-08,1610612757,POR,122,45.0,1610612744,GSW,122,43.0
0020700519,2008-01-09,2007-08,1610612746,LAC,202,84.0,1610612753,ORL,202,86.0
0020700520,2008-01-10,2007-08,1610612759,SAS,149,54.0,1610612765,DET,149,55.0
0020700521,2008-01-10,2007-08,1610612758,SAC,234,95.0,1610612763,MEM,234,96.0
0020700522,2008-01-10,2007-08,1610612762,UTA,149,60.0,1610612756,PHX,149,59.0
0020700523,2008-01-11,2007-08,1610612755,PHI,171,65.0,1610612741,CHI,171,67.0
0020700524,2008-01-11,2007-08,1610612751,NJN,226,82.0,1610612738,BOS,226,83.0
0020700525,2008-01-11,2007-08,1610612752,NYK,149,58.0,1610612761,TOR,149,58.0
0020700526,2008-01-11,2007-08,1610612737,ATL,265,92.0,1610612764,WAS,265,92.0
0020700527,2008-01-11,2007-08,1610612739,CLE,283,112.0,1610612766,CHA,283,111.0
0020700528,2008-01-11,2007-08,1610612740,NOH,160,57.0,1610612748,MIA,160,56.0
0020700529,2008-01-11,2007-08,1610612745,HOU,122,50.0,1610612750,MIN,122,50.0
0020700530,2008-01-11,2007-08,1610612743,DEN,232,97.0,1610612753,ORL,232,96.0
0020700531,2008-01-11,2007-08,1610612747,LAL,185,72.0,1610612749,MIL,185,73.0
0020700532,2008-01-11,2007-08,1610612744,GSW,137,61.0,1610612763,MEM,137,62.0
0020700533,2008-01-11,2007-08,1610612760,SEA,157,58.0,1610612742,DAL,157,59.0
0020700534,2008-01-12,2007-08,1610612764,WAS,240,84.0,1610612738,BOS,240,83.0
0020700535,2008-01-12,2007-08,1610612766,CHA,265,104.0,1610612765,DET,265,103.0
0020700536,2008-01-12,2007-08,1610612759,SAS,194,69.0,1610612750,MIN,194,68.0
0020700537,2008-01-12,2007-08,1610612762,UTA,226,91.0,1610612753,ORL,226,89.0
0020700538,2008-01-12,2007-08,1610612756,PHX,205,80.0,1610612749,MIL,205,78.0
0020700539,2008-01-12,2007-08,1610612758,SAC,226,96.0,1610612754,IND,226,95.0
0020700540,2008-01-12,2007-08,1610612746,LAC,230,84.0,1610612742,DAL,230,85.0
0020700541,2008-01-13,2007-08,1610612761,TOR,282,99.0,1610612757,POR,282,98.0
0020700542,2008-01-13,2007-08,1610612737,ATL,121,49.0,1610612741,CHI,121,48.0
0020700543,2008-01-13,2007-08,1610612745,HOU,240,89.0,1610612740,NOH,240,88.0
0020700544,2008-01-13,2007-08,1610612752,NYK,127,42.0,1610612765,DET,127,41.0
0020700545,2008-01-13,2007-08,1610612744,GSW,240,106.0,1610612754,IND,240,106.0
0020700546,2008-01-13,2007-08,1610612747,LAL,213,88.0,1610612763,MEM,213,91.0
0020700547,2008-01-14,2007-08,1610612766,CHA,240,105.0,1610612743,DEN,240,105.0
0020700548,2008-01-14,2007-08,1610612738,BOS,214,80.0,1610612764,WAS,214,81.0
0020700549,2008-01-14,2007-08,1610612751,NJN,145,48.0,1610612757,POR,145,50.0
0020700550,2008-01-14,2007-08,1610612759,SAS,229,83.0,1610612755,PHI,229,83.0
0020700551,2008-01-14,2007-08,1610612762,UTA,218,82.0,1610612749,MIL,218,85.0
0020700552,2008-01-14,2007-08,1610612758,SAC,235,94.0,1610612742,DAL,235,95.0
0020700553,2008-01-14,2007-08,1610612760,SEA,265,115.0,1610612747,LAL,265,115.0
0020700554,2008-01-15,2007-08,1610612737,ATL,121,49.0,1610612743,DEN,121,50.0
0020700555,2008-01-15,2007-08,1610612753,ORL,137,52.0,1610612741,CHI,137,53.0
0020700556,2008-01-15,2007-08,1610612752,NYK,194,73.0,1610612764,WAS,194,70.0
0020700557,2008-01-15,2007-08,1610612765,DET,160,59.0,1610612761,TOR,160,59.0
0020700558,2008-01-15,2007-08,1610612763,MEM,258,104.0,1610612739,CLE,258,102.0
0020700559,2008-01-15,2007-08,1610612750,MIN,172,66.0,1610612744,GSW,172,68.0
0020700560,2008-01-15,2007-08,1610612745,HOU,206,79.0,1610612755,PHI,206,81.0
0020700561,2008-01-15,2007-08,1610612746,LAC,222,86.0,1610612756,PHX,222,84.0
0020700562,2008-01-16,2007-08,1610612761,TOR,139,54.0,1610612758,SAC,139,54.0
0020700563,2008-01-16,2007-08,1610612766,CHA,224,87.0,1610612753,ORL,224,86.0
0020700564,2008-01-16,2007-08,1610612748,MIA,177,67.0,1610612741,CHI,177,68.0
0020700565,2008-01-16,2007-08,1610612754,IND,209,96.0,1610612744,GSW,209,95.0
0020700566,2008-01-16,2007-08,1610612738,BOS,227,87.0,1610612757,POR,227,82.0
0020700567,2008-01-16,2007-08,1610612751,NJN,216,83.0,1610612752,NYK,216,82.0
0020700568,2008-01-16,2007-08,1610612749,MIL,234,87.0,1610612737,ATL,234,85.0
0020700569,2008-01-16,2007-08,1610612740,NOH,140,60.0,1610612760,SEA,140,57.0
0020700570,2008-01-17,2007-08,1610612759,SAS,240,86.0,1610612739,CLE,240,87.0
0020700571,2008-01-17,2007-08,1610612743,DEN,176,75.0,1610612762,UTA,176,78.0
0020700572,2008-01-17,2007-08,1610612747,LAL,126,56.0,1610612756,PHX,126,56.0
0020700573,2008-01-18,2007-08,1610612761,TOR,222,75.0,1610612737,ATL,222,76.0
0020700574,2008-01-18,2007-08,1610612764,WAS,184,70.0,1610612752,NYK,184,72.0
0020700575,2008-01-18,2007-08,1610612748,MIA,222,83.0,1610612757,POR,222,82.0
0020700576,2008-01-18,2007-08,1610612738,BOS,213,78.0,1610612755,PHI,213,77.0
0020700577,2008-01-18,2007-08,1610612765,DET,239,87.0,1610612758,SAC,239,86.0
0020700578,2008-01-18,2007-08,1610612763,MEM,121,57.0,1610612760,SEA,121,57.0
0020700579,2008-01-18,2007-08,1610612740,NOH,122,43.0,1610612766,CHA,122,44.0
0020700580,2008-01-18,2007-08,1610612762,UTA,142,57.0,1610612746,LAC,142,55.0
0020700581,2008-01-18,2007-08,1610612756,PHX,133,55.0,1610612750,MIN,133,56.0
0020700582,2008-01-18,2007-08,1610612741,CHI,238,97.0,1610612744,GSW,238,97.0
0020700583,2008-01-19,2007-08,1610612755,PHI,162,65.0,1610612761,TOR,162,61.0
0020700584,2008-01-19,2007-08,1610612766,CHA,167,68.0,1610612763,MEM,167,66.0
0020700585,2008-01-19,2007-08,1610612753,ORL,190,67.0,1610612757,POR,190,68.0
0020700586,2008-01-19,2007-08,1610612754,IND,189,84.0,1610612758,SAC,189,86.0
0020700587,2008-01-19,2007-08,1610612748,MIA,240,91.0,1610612752,NYK,240,91.0
0020700588,2008-01-19,2007-08,1610612741,CHI,200,73.0,1610612765,DET,200,71.0
0020700589,2008-01-19,2007-08,1610612749,MIL,160,63.0,1610612744,GSW,160,65.0
0020700590,2008-01-19,2007-08,1610612745,HOU,240,82.0,1610612759,SAS,240,83.0
0020700591,2008-01-19,2007-08,1610612742,DAL,121,50.0,1610612760,SEA,121,50.0
0020700592,2008-01-19,2007-08,1610612743,DEN,240,99.0,1610612750,MIN,240,99.0
0020700593,2008-01-19,2007-08,1610612746,LAC,252,101.0,1610612751,NJN,252,102.0
0020700594,2008-01-20,2007-08,1610612756,PHX,141,58.0,1610612751,NJN,141,55.0
0020700595,2008-01-21,2007-08,1610612752,NYK,158,63.0,1610612738,BOS,158,63.0
0020700596,2008-01-21,2007-08,1610612764,WAS,178,60.0,1610612742,DAL,178,62.0
0020700597,2008-01-21,2007-08,1610612766,CHA,209,77.0,1610612759,SAS,209,78.0
0020700598,2008-01-21,2007-08,1610612755,PHI,181,75.0,1610612754,IND,181,75.0
0020700599,2008-01-21,2007-08,1610612737,ATL,264,94.0,1610612757,POR,264,91.0
0020700600,2008-01-21,2007-08,1610612745,HOU,220,85.0,1610612760,SEA,220,82.0
0020700601,2008-01-21,2007-08,1610612740,NOH,186,67.0,1610612749,MIL,186,66.0
0020700602,2008-01-21,2007-08,1610612746,LAC,181,74.0,1610612762,UTA,181,76.0
0020700603,2008-01-21,2007-08,1610612744,GSW,236,96.0,1610612750,MIN,236,98.0
0020700604,2008-01-21,2007-08,1610612763,MEM,161,64.0,1610612741,CHI,161,64.0
0020700605,2008-01-21,2007-08,1610612753,ORL,240,92.0,1610612765,DET,240,93.0
0020700606,2008-01-21,2007-08,1610612748,MIA,226,81.0,1610612739,CLE,226,83.0
0020700607,2008-01-21,2007-08,1610612747,LAL,185,73.0,1610612743,DEN,185,73.0
0020700608,2008-01-22,2007-08,1610612749,MIL,232,89.0,1610612756,PHX,232,90.0
0020700609,2008-01-22,2007-08,1610612758,SAC,121,45.0,1610612751,NJN,121,46.0
0020700610,2008-01-23,2007-08,1610612755,PHI,207,68.0,1610612765,DET,207,70.0
0020700611,2008-01-23,2007-08,1610612766,CHA,205,77.0,1610612742,DAL,205,78.0
0020700612,2008-01-23,2007-08,1610612739,CLE,132,48.0,1610612764,WAS,132,48.0
0020700613,2008-01-23,2007-08,1610612738,BOS,240,90.0,1610612761,TOR,240,89.0
0020700614,2008-01-23,2007-08,1610612763,MEM,139,50.0,1610612753,ORL,139,50.0
0020700615,2008-01-23,2007-08,1610612740,NOH,184,67.0,1610612757,POR,184,65.0
0020700616,2008-01-23,2007-08,1610612750,MIN,125,51.0,1610612756,PHX,125,49.0
0020700617,2008-01-23,2007-08,1610612741,CHI,210,88.0,1610612754,IND,210,87.0
0020700618,2008-01-23,2007-08,1610612759,SAS,201,76.0,1610612747,LAL,201,77.0
0020700619,2008-01-23,2007-08,1610612743,DEN,205,91.0,1610612737,ATL,205,87.0
0020700620,2008-01-23,2007-08,1610612760,SEA,217,81.0,1610612745,HOU,217,83.0
0020700621,2008-01-23,2007-08,1610612746,LAC,170,70.0,1610612758,SAC,170,69.0
0020700622,2008-01-24,2007-08,1610612748,MIA,240,86.0,1610612759,SAS,240,86.0
0020700623,2008-01-24,2007-08,1610612749,MIL,208,77.0,1610612754,IND,208,75.0
0020700624,2008-01-24,2007-08,1610612744,GSW,226,100.0,1610612751,NJN,226,99.0
0020700625,2008-01-25,2007-08,1610612761,TOR,161,58.0,1610612749,MIL,161,57.0
0020700626,2008-01-25,2007-08,1610612764,WAS,134,55.0,1610612763,MEM,134,53.0
0020700627,2008-01-25,2007-08,1610612739,CLE,240,92.0,1610612756,PHX,240,92.0
0020700628,2008-01-25,2007-08,1610612738,BOS,240,93.0,1610612750,MIN,240,92.0
0020700629,2008-01-25,2007-08,1610612752,NYK,235,79.0,1610612755,PHI,235,79.0
0020700630,2008-01-25,2007-08,1610612765,DET,122,45.0,1610612753,ORL,122,45.0
0020700631,2008-01-25,2007-08,1610612740,NOH,159,62.0,1610612746,LAC,159,62.0
0020700632,2008-01-25,2007-08,1610612741,CHI,194,74.0,1610612766,CHA,194,74.0
0020700633,2008-01-25,2007-08,1610612742,DAL,176,67.0,1610612747,LAL,176,64.0
0020700634,2008-01-25,2007-08,1610612743,DEN,142,56.0,1610612751,NJN,142,57.0
0020700635,2008-01-25,2007-08,1610612762,UTA,189,77.0,1610612758,SAC,189,76.0
0020700636,2008-01-25,2007-08,1610612757,POR,226,86.0,1610612745,HOU,226,86.0
0020700637,2008-01-25,2007-08,1610612760,SEA,122,49.0,1610612737,ATL,122,50.0
0020700638,2008-01-26,2007-08,1610612748,MIA,225,92.0,1610612754,IND,225,92.0
0020700639,2008-01-26,2007-08,1610612766,CHA,218,81.0,1610612755,PHI,218,83.0
0020700640,2008-01-26,2007-08,1610612763,MEM,265,107.0,1610612746,LAC,265,105.0
0020700641,2008-01-26,2007-08,1610612759,SAS,190,68.0,1610612740,NOH,190,68.0
0020700642,2008-01-27,2007-08,1610612741,CHI,202,82.0,1610612756,PHX,202,83.0
0020700643,2008-01-27,2007-08,1610612747,LAL,240,94.0,1610612739,CLE,240,93.0
0020700644,2008-01-27,2007-08,1610612753,ORL,209,79.0,1610612738,BOS,209,79.0
0020700645,2008-01-27,2007-08,1610612749,MIL,259,95.0,1610612764,WAS,259,94.0
0020700646,2008-01-27,2007-08,1610612757,POR,143,48.0,1610612737,ATL,143,52.0
0020700647,2008-01-27,2007-08,1610612742,DAL,220,83.0,1610612743,DEN,220,83.0
0020700648,2008-01-27,2007-08,1610612750,MIN,208,78.0,1610612751,NJN,208,78.0
0020700649,2008-01-27,2007-08,1610612745,HOU,225,82.0,1610612762,UTA,225,82.0
0020700650,2008-01-27,2007-08,1610612744,GSW,230,100.0,1610612752,NYK,230,100.0
0020700651,2008-01-27,2007-08,1610612760,SEA,238,95.0,1610612758,SAC,238,96.0
0020700652,2008-01-28,2007-08,1610612763,MEM,122,46.0,1610612742,DAL,122,46.0
0020700653,2008-01-28,2007-08,1610612740,NOH,122,49.0,1610612743,DEN,122,48.0
0020700654,2008-01-28,2007-08,1610612762,UTA,219,85.0,1610612759,SAS,219,83.0
0020700655,2008-01-28,2007-08,1610612746,LAC,145,56.0,1610612766,CHA,145,54.0
0020700656,2008-01-29,2007-08,1610612764,WAS,230,85.0,1610612761,TOR,230,86.0
0020700657,2008-01-29,2007-08,1610612754,IND,235,89.0,1610612765,DET,235,90.0
0020700658,2008-01-29,2007-08,1610612751,NJN,211,76.0,1610612749,MIL,211,76.0
0020700659,2008-01-29,2007-08,1610612748,MIA,121,52.0,1610612738,BOS,121,51.0
0020700660,2008-01-29,2007-08,1610612741,CHI,185,72.0,1610612750,MIN,185,69.0
0020700661,2008-01-29,2007-08,1610612745,HOU,197,85.0,1610612744,GSW,197,81.0
0020700662,2008-01-29,2007-08,1610612756,PHX,121,47.0,1610612737,ATL,121,47.0
0020700663,2008-01-29,2007-08,1610612760,SEA,240,89.0,1610612759,SAS,240,88.0
0020700664,2008-01-29,2007-08,1610612747,LAL,231,97.0,1610612752,NYK,231,96.0
0020700665,2008-01-30,2007-08,1610612761,TOR,122,43.0,1610612764,WAS,122,43.0
0020700666,2008-01-30,2007-08,1610612755,PHI,120,39.0,1610612749,MIL,120,39.0
0020700667,2008-01-30,2007-08,1610612753,ORL,198,74.0,1610612748,MIA,198,74.0
0020700668,2008-01-30,2007-08,1610612763,MEM,240,103.0,1610612743,DEN,240,102.0
0020700669,2008-01-30,2007-08,1610612740,NOH,205,79.0,1610612744,GSW,205,80.0
0020700670,2008-01-30,2007-08,1610612750,MIN,194,79.0,1610612741,CHI,194,77.0
0020700671,2008-01-30,2007-08,1610612762,UTA,191,71.0,1610612752,NYK,191,72.0
0020700672,2008-01-30,2007-08,1610612757,POR,210,82.0,1610612739,CLE,210,82.0
0020700673,2008-01-30,2007-08,1610612758,SAC,173,69.0,1610612766,CHA,173,68.0
0020700674,2008-01-30,2007-08,1610612746,LAC,179,65.0,1610612737,ATL,179,64.0
0020700675,2008-01-31,2007-08,1610612765,DET,240,96.0,1610612747,LAL,240,96.0
0020700676,2008-01-31,2007-08,1610612738,BOS,240,85.0,1610612742,DAL,240,84.0
0020700677,2008-01-31,2007-08,1610612760,SEA,130,52.0,1610612739,CLE,130,52.0
0020700678,2008-01-31,2007-08,1610612756,PHX,240,100.0,1610612759,SAS,240,100.0
0020700679,2008-02-01,2007-08,1610612761,TOR,200,71.0,1610612747,LAL,200,72.0
0020700680,2008-02-01,2007-08,1610612755,PHI,240,92.0,1610612753,ORL,240,92.0
0020700681,2008-02-01,2007-08,1610612764,WAS,212,77.0,1610612762,UTA,212,77.0
0020700682,2008-02-01,2007-08,1610612754,IND,240,100.0,1610612745,HOU,240,101.0
0020700683,2008-02-01,2007-08,1610612748,MIA,195,73.0,1610612751,NJN,195,74.0
0020700684,2008-02-01,2007-08,1610612750,MIN,173,72.0,1610612746,LAC,173,72.0
0020700685,2008-02-01,2007-08,1610612758,SAC,128,55.0,1610612740,NOH,128,57.0
0020700686,2008-02-01,2007-08,1610612744,GSW,121,51.0,1610612766,CHA,121,51.0
0020700687,2008-02-01,2007-08,1610612757,POR,258,90.0,1610612752,NYK,258,90.0
0020700688,2008-02-02,2007-08,1610612737,ATL,126,45.0,1610612751,NJN,126,44.0
0020700689,2008-02-02,2007-08,1610612754,IND,227,89.0,1610612753,ORL,227,90.0
0020700690,2008-02-02,2007-08,1610612739,CLE,207,78.0,1610612746,LAC,207,79.0
0020700691,2008-02-02,2007-08,1610612763,MEM,150,60.0,1610612762,UTA,150,64.0
0020700692,2008-02-02,2007-08,1610612749,MIL,228,80.0,1610612745,HOU,228,80.0
0020700693,2008-02-02,2007-08,1610612743,DEN,209,86.0,1610612766,CHA,209,86.0
0020700694,2008-02-02,2007-08,1610612758,SAC,240,103.0,1610612741,CHI,240,101.0
0020700695,2008-02-02,2007-08,1610612760,SEA,240,88.0,1610612752,NYK,240,88.0
0020700696,2008-02-03,2007-08,1610612764,WAS,122,41.0,1610612747,LAL,122,42.0
0020700697,2008-02-03,2007-08,1610612765,DET,172,61.0,1610612742,DAL,172,61.0
0020700698,2008-02-04,2007-08,1610612737,ATL,238,89.0,1610612755,PHI,238,90.0
0020700699,2008-02-04,2007-08,1610612753,ORL,208,73.0,1610612742,DAL,208,75.0
0020700700,2008-02-04,2007-08,1610612752,NYK,230,87.0,1610612746,LAC,230,87.0
0020700701,2008-02-04,2007-08,1610612748,MIA,123,43.0,1610612761,TOR,123,44.0
0020700702,2008-02-04,2007-08,1610612750,MIN,231,90.0,1610612745,HOU,231,92.0
0020700703,2008-02-04,2007-08,1610612762,UTA,127,48.0,1610612740,NOH,127,47.0
0020700704,2008-02-04,2007-08,1610612756,PHX,173,62.0,1610612766,CHA,173,65.0
0020700705,2008-02-04,2007-08,1610612757,POR,265,103.0,1610612743,DEN,265,102.0
0020700706,2008-02-04,2007-08,1610612760,SEA,183,70.0,1610612741,CHI,183,68.0
0020700707,2008-02-05,2007-08,1610612755,PHI,228,91.0,1610612764,WAS,228,93.0
0020700708,2008-02-05,2007-08,1610612739,CLE,240,95.0,1610612738,BOS,240,94.0
0020700709,2008-02-05,2007-08,1610612754,IND,154,56.0,1610612759,SAS,154,56.0
0020700710,2008-02-05,2007-08,1610612751,NJN,220,83.0,1610612747,LAL,220,83.0
0020700711,2008-02-05,2007-08,1610612763,MEM,240,93.0,1610612749,MIL,240,93.0
0020700712,2008-02-06,2007-08,1610612764,WAS,227,74.0,1610612759,SAS,227,73.0
0020700713,2008-02-06,2007-08,1610612737,ATL,240,93.0,1610612747,LAL,240,94.0
0020700714,2008-02-06,2007-08,1610612753,ORL,135,50.0,1610612751,NJN,135,50.0
0020700715,2008-02-06,2007-08,1610612738,BOS,206,82.0,1610612746,LAC,206,82.0
0020700716,2008-02-06,2007-08,1610612752,NYK,238,88.0,1610612754,IND,238,88.0
0020700717,2008-02-06,2007-08,1610612765,DET,236,85.0,1610612748,MIA,236,85.0
0020700718,2008-02-06,2007-08,1610612742,DAL,234,87.0,1610612749,MIL,234,85.0
0020700719,2008-02-06,2007-08,1610612743,DEN,257,106.0,1610612762,UTA,257,109.0
0020700720,2008-02-06,2007-08,1610612756,PHX,290,116.0,1610612740,NOH,290,116.0
0020700721,2008-02-06,2007-08,1610612758,SAC,185,76.0,1610612760,SEA,185,76.0
0020700722,2008-02-06,2007-08,1610612757,POR,236,86.0,1610612741,CHI,236,84.0
0020700723,2008-02-07,2007-08,1610612755,PHI,201,85.0,1610612748,MIA,201,84.0
0020700724,2008-02-07,2007-08,1610612745,HOU,168,61.0,1610612739,CLE,168,58.0
0020700725,2008-02-07,2007-08,1610612744,GSW,236,103.0,1610612741,CHI,236,104.0
0020700726,2008-02-08,2007-08,1610612761,TOR,233,93.0,1610612746,LAC,233,94.0
0020700727,2008-02-08,2007-08,1610612766,CHA,188,73.0,1610612751,NJN,188,72.0
0020700728,2008-02-08,2007-08,1610612753,ORL,223,85.0,1610612747,LAL,223,87.0
0020700729,2008-02-08,2007-08,1610612752,NYK,225,75.0,1610612759,SAS,225,74.0
0020700730,2008-02-08,2007-08,1610612737,ATL,226,90.0,1610612739,CLE,226,93.0
0020700731,2008-02-08,2007-08,1610612765,DET,121,39.0,1610612757,POR,121,38.0
0020700732,2008-02-08,2007-08,1610612750,MIN,240,92.0,1610612738,BOS,240,91.0
0020700733,2008-02-08,2007-08,1610612742,DAL,144,53.0,1610612763,MEM,144,53.0
0020700734,2008-02-08,2007-08,1610612756,PHX,237,98.0,1610612760,SEA,237,98.0
0020700735,2008-02-08,2007-08,1610612758,SAC,216,94.0,1610612762,UTA,216,93.0
0020700736,2008-02-08,2007-08,1610612743,DEN,150,61.0,1610612764,WAS,150,61.0
0020700737,2008-02-09,2007-08,1610612754,IND,192,72.0,1610612757,POR,192,74.0
0020700738,2008-02-09,2007-08,1610612755,PHI,123,48.0,1610612746,LAC,123,48.0
0020700739,2008-02-09,2007-08,1610612740,NOH,208,77.0,1610612763,MEM,208,76.0
0020700740,2008-02-09,2007-08,1610612749,MIL,224,87.0,1610612752,NYK,224,87.0
0020700741,2008-02-09,2007-08,1610612745,HOU,121,46.0,1610612737,ATL,121,46.0
0020700742,2008-02-09,2007-08,1610612762,UTA,187,74.0,1610612741,CHI,187,70.0
0020700743,2008-02-09,2007-08,1610612744,GSW,225,98.0,1610612758,SAC,225,98.0
0020700744,2008-02-10,2007-08,1610612739,CLE,122,52.0,1610612743,DEN,122,52.0
0020700745,2008-02-10,2007-08,1610612748,MIA,181,72.0,1610612747,LAL,181,75.0
0020700746,2008-02-10,2007-08,1610612751,NJN,135,50.0,1610612742,DAL,135,49.0
0020700747,2008-02-10,2007-08,1610612765,DET,121,45.0,1610612766,CHA,121,45.0
0020700748,2008-02-10,2007-08,1610612750,MIN,152,58.0,1610612761,TOR,152,57.0
0020700749,2008-02-10,2007-08,1610612738,BOS,237,90.0,1610612759,SAS,237,89.0
0020700750,2008-02-10,2007-08,1610612756,PHX,231,96.0,1610612764,WAS,231,92.0
0020700751,2008-02-11,2007-08,1610612761,TOR,207,71.0,1610612759,SAS,207,76.0
0020700752,2008-02-11,2007-08,1610612755,PHI,217,85.0,1610612742,DAL,217,85.0
0020700753,2008-02-11,2007-08,1610612766,CHA,214,79.0,1610612747,LAL,214,82.0
0020700754,2008-02-11,2007-08,1610612753,ORL,212,82.0,1610612739,CLE,212,84.0
0020700755,2008-02-11,2007-08,1610612749,MIL,230,90.0,1610612746,LAC,230,90.0
0020700756,2008-02-11,2007-08,1610612745,HOU,189,70.0,1610612757,POR,189,70.0
0020700757,2008-02-11,2007-08,1610612744,GSW,194,84.0,1610612764,WAS,194,88.0
0020700758,2008-02-12,2007-08,1610612737,ATL,240,90.0,1610612765,DET,240,90.0
0020700759,2008-02-12,2007-08,1610612754,IND,236,92.0,1610612738,BOS,236,92.0
0020700760,2008-02-12,2007-08,1610612751,NJN,217,82.0,1610612750,MIN,217,79.0
0020700761,2008-02-12,2007-08,1610612748,MIA,265,101.0,1610612743,DEN,265,101.0
0020700762,2008-02-12,2007-08,1610612763,MEM,189,81.0,1610612758,SAC,189,79.0
0020700763,2008-02-12,2007-08,1610612741,CHI,224,82.0,1610612740,NOH,224,82.0
0020700764,2008-02-13,2007-08,1610612761,TOR,122,50.0,1610612751,NJN,122,49.0
0020700765,2008-02-13,2007-08,1610612755,PHI,128,56.0,1610612763,MEM,128,54.0
0020700766,2008-02-13,2007-08,1610612766,CHA,256,96.0,1610612737,ATL,256,96.0
0020700767,2008-02-13,2007-08,1610612753,ORL,209,89.0,1610612743,DEN,209,87.0
0020700768,2008-02-13,2007-08,1610612739,CLE,228,82.0,1610612759,SAS,228,84.0
0020700769,2008-02-13,2007-08,1610612738,BOS,130,51.0,1610612752,NYK,130,49.0
0020700770,2008-02-13,2007-08,1610612765,DET,124,45.0,1610612754,IND,124,45.0
0020700771,2008-02-13,2007-08,1610612749,MIL,240,95.0,1610612740,NOH,240,96.0
0020700772,2008-02-13,2007-08,1610612750,MIN,122,50.0,1610612747,LAL,122,50.0
0020700773,2008-02-13,2007-08,1610612745,HOU,188,76.0,1610612758,SAC,188,74.0
0020700774,2008-02-13,2007-08,1610612742,DAL,138,50.0,1610612757,POR,138,49.0
0020700775,2008-02-13,2007-08,1610612744,GSW,238,100.0,1610612756,PHX,238,99.0
0020700776,2008-02-13,2007-08,1610612760,SEA,188,77.0,1610612762,UTA,188,75.0
0020700777,2008-02-13,2007-08,1610612746,LAC,240,88.0,1610612764,WAS,240,89.0
0020700778,2008-02-14,2007-08,1610612741,CHI,229,93.0,1610612748,MIA,229,91.0
0020700779,2008-02-14,2007-08,1610612756,PHX,223,83.0,1610612742,DAL,223,83.0
0020700780,2008-02-19,2007-08,1610612764,WAS,251,88.0,1610612752,NYK,251,89.0
0020700781,2008-02-19,2007-08,1610612739,CLE,195,76.0,1610612745,HOU,195,77.0
0020700782,2008-02-19,2007-08,1610612765,DET,152,56.0,1610612753,ORL,152,57.0
0020700783,2008-02-19,2007-08,1610612750,MIN,180,66.0,1610612755,PHI,180,67.0
0020700784,2008-02-19,2007-08,1610612759,SAS,198,73.0,1610612766,CHA,198,72.0
0020700785,2008-02-19,2007-08,1610612743,DEN,221,103.0,1610612738,BOS,221,99.0
0020700786,2008-02-19,2007-08,1610612762,UTA,126,54.0,1610612744,GSW,126,54.0
0020700787,2008-02-19,2007-08,1610612757,POR,231,83.0,1610612758,SAC,231,82.0
0020700788,2008-02-19,2007-08,1610612760,SEA,217,93.0,1610612763,MEM,217,94.0
0020700789,2008-02-19,2007-08,1610612747,LAL,121,58.0,1610612737,ATL,121,59.0
0020700790,2008-02-20,2007-08,1610612761,TOR,130,47.0,1610612753,ORL,130,46.0
0020700791,2008-02-20,2007-08,1610612755,PHI,122,48.0,1610612752,NYK,122,47.0
0020700792,2008-02-20,2007-08,1610612754,IND,234,89.0,1610612739,CLE,234,89.0
0020700793,2008-02-20,2007-08,1610612751,NJN,263,99.0,1610612741,CHI,263,99.0
0020700794,2008-02-20,2007-08,1610612749,MIL,125,51.0,1610612765,DET,125,50.0
0020700795,2008-02-20,2007-08,1610612740,NOH,183,71.0,1610612742,DAL,183,69.0
0020700796,2008-02-20,2007-08,1610612756,PHX,234,99.0,1610612747,LAL,234,101.0
0020700797,2008-02-20,2007-08,1610612758,SAC,205,82.0,1610612737,ATL,205,81.0
0020700798,2008-02-20,2007-08,1610612746,LAC,167,67.0,1610612763,MEM,167,68.0
0020700799,2008-02-20,2007-08,1610612744,GSW,240,108.0,1610612738,BOS,240,109.0
0020700800,2008-02-21,2007-08,1610612745,HOU,172,68.0,1610612748,MIA,172,64.0
0020700801,2008-02-21,2007-08,1610612750,MIN,240,92.0,1610612759,SAS,240,92.0
0020700802,2008-02-21,2007-08,1610612757,POR,229,95.0,1610612760,SEA,229,96.0
0020700803,2008-02-22,2007-08,1610612766,CHA,265,110.0,1610612758,SAC,265,112.0
0020700804,2008-02-22,2007-08,1610612753,ORL,175,65.0,1610612755,PHI,175,65.0
0020700805,2008-02-22,2007-08,1610612754,IND,169,64.0,1610612751,NJN,169,66.0
0020700806,2008-02-22,2007-08,1610612752,NYK,238,94.0,1610612761,TOR,238,94.0
0020700807,2008-02-22,2007-08,1610612739,CLE,240,84.0,1610612764,WAS,240,84.0
0020700808,2008-02-22,2007-08,1610612765,DET,121,45.0,1610612749,MIL,121,44.0
0020700809,2008-02-22,2007-08,1610612741,CHI,142,60.0,1610612743,DEN,142,56.0
0020700810,2008-02-22,2007-08,1610612763,MEM,131,49.0,1610612742,DAL,131,50.0
0020700811,2008-02-22,2007-08,1610612740,NOH,124,44.0,1610612745,HOU,124,46.0
0020700812,2008-02-22,2007-08,1610612756,PHX,156,67.0,1610612738,BOS,156,64.0
0020700813,2008-02-22,2007-08,1610612746,LAC,141,59.0,1610612762,UTA,141,58.0
0020700814,2008-02-22,2007-08,1610612744,GSW,156,68.0,1610612737,ATL,156,69.0
0020700815,2008-02-22,2007-08,1610612760,SEA,129,49.0,1610612757,POR,129,48.0
0020700816,2008-02-23,2007-08,1610612764,WAS,200,70.0,1610612766,CHA,200,68.0
0020700817,2008-02-23,2007-08,1610612751,NJN,218,89.0,1610612754,IND,218,87.0
0020700818,2008-02-23,2007-08,1610612748,MIA,265,102.0,1610612755,PHI,265,101.0
0020700819,2008-02-23,2007-08,1610612749,MIL,237,102.0,1610612743,DEN,237,101.0
0020700820,2008-02-23,2007-08,1610612759,SAS,212,75.0,1610612740,NOH,212,73.0
0020700821,2008-02-23,2007-08,1610612762,UTA,210,84.0,1610612737,ATL,210,80.0
0020700822,2008-02-23,2007-08,1610612746,LAC,143,58.0,1610612747,LAL,143,59.0
0020700823,2008-02-24,2007-08,1610612756,PHX,122,50.0,1610612765,DET,122,51.0
0020700824,2008-02-24,2007-08,1610612761,TOR,139,54.0,1610612752,NYK,139,54.0
0020700825,2008-02-24,2007-08,1610612753,ORL,193,76.0,1610612758,SAC,193,76.0
0020700826,2008-02-24,2007-08,1610612739,CLE,122,52.0,1610612763,MEM,122,53.0
0020700827,2008-02-24,2007-08,1610612757,POR,194,66.0,1610612738,BOS,194,67.0
0020700828,2008-02-24,2007-08,1610612750,MIN,218,82.0,1610612742,DAL,218,82.0
0020700829,2008-02-24,2007-08,1610612745,HOU,197,80.0,1610612741,CHI,197,78.0
0020700830,2008-02-24,2007-08,1610612760,SEA,121,51.0,1610612747,LAL,121,51.0
0020700831,2008-02-25,2007-08,1610612754,IND,226,87.0,1610612761,TOR,226,90.0
0020700832,2008-02-25,2007-08,1610612740,NOH,240,87.0,1610612764,WAS,240,87.0
0020700833,2008-02-25,2007-08,1610612742,DAL,203,86.0,1610612741,CHI,203,84.0
0020700834,2008-02-25,2007-08,1610612759,SAS,197,73.0,1610612737,ATL,197,74.0
0020700835,2008-02-25,2007-08,1610612743,DEN,235,93.0,1610612765,DET,235,94.0
0020700836,2008-02-25,2007-08,1610612746,LAC,148,53.0,1610612738,BOS,148,54.0
0020700837,2008-02-26,2007-08,1610612751,NJN,225,84.0,1610612753,ORL,225,84.0
0020700838,2008-02-26,2007-08,1610612748,MIA,140,57.0,1610612758,SAC,140,56.0
0020700839,2008-02-26,2007-08,1610612749,MIL,240,91.0,1610612739,CLE,240,91.0
0020700840,2008-02-26,2007-08,1610612763,MEM,226,92.0,1610612756,PHX,226,94.0
0020700841,2008-02-26,2007-08,1610612750,MIN,206,81.0,1610612762,UTA,206,82.0
0020700842,2008-02-26,2007-08,1610612745,HOU,121,40.0,1610612764,WAS,121,40.0
0020700843,2008-02-26,2007-08,1610612747,LAL,213,75.0,1610612757,POR,213,76.0
0020700844,2008-02-26,2007-08,1610612744,GSW,198,84.0,1610612760,SEA,198,83.0
0020700845,2008-02-27,2007-08,1610612761,TOR,141,51.0,1610612750,MIN,141,47.0
0020700846,2008-02-27,2007-08,1610612755,PHI,122,49.0,1610612753,ORL,122,49.0
0020700847,2008-02-27,2007-08,1610612737,ATL,220,91.0,1610612758,SAC,220,90.0
0020700848,2008-02-27,2007-08,1610612754,IND,224,91.0,1610612741,CHI,224,92.0
0020700849,2008-02-27,2007-08,1610612738,BOS,162,63.0,1610612739,CLE,162,62.0
0020700850,2008-02-27,2007-08,1610612752,NYK,143,57.0,1610612766,CHA,143,60.0
0020700851,2008-02-27,2007-08,1610612740,NOH,152,67.0,1610612756,PHX,152,66.0
0020700852,2008-02-27,2007-08,1610612762,UTA,209,76.0,1610612765,DET,209,80.0
0020700853,2008-02-27,2007-08,1610612760,SEA,122,54.0,1610612743,DEN,122,55.0
0020700854,2008-02-27,2007-08,1610612746,LAC,240,86.0,1610612757,POR,240,86.0
0020700855,2008-02-28,2007-08,1610612751,NJN,203,80.0,1610612749,MIL,203,79.0
0020700856,2008-02-28,2007-08,1610612759,SAS,240,90.0,1610612742,DAL,240,89.0
0020700857,2008-02-28,2007-08,1610612747,LAL,150,62.0,1610612748,MIA,150,63.0
0020700858,2008-02-29,2007-08,1610612761,TOR,199,81.0,1610612754,IND,199,82.0
0020700859,2008-02-29,2007-08,1610612738,BOS,152,61.0,1610612766,CHA,152,57.0
0020700860,2008-02-29,2007-08,1610612737,ATL,240,97.0,1610612752,NYK,240,96.0
0020700861,2008-02-29,2007-08,1610612739,CLE,221,75.0,1610612750,MIN,221,74.0
0020700862,2008-02-29,2007-08,1610612741,CHI,231,99.0,1610612764,WAS,231,100.0
0020700863,2008-02-29,2007-08,1610612740,NOH,181,71.0,1610612762,UTA,181,64.0
0020700864,2008-02-29,2007-08,1610612745,HOU,121,50.0,1610612763,MEM,121,51.0
0020700865,2008-02-29,2007-08,1610612742,DAL,237,92.0,1610612758,SAC,237,93.0
0020700866,2008-02-29,2007-08,1610612743,DEN,232,98.0,1610612746,LAC,232,96.0
0020700867,2008-02-29,2007-08,1610612744,GSW,122,54.0,1610612755,PHI,122,55.0
0020700868,2008-02-29,2007-08,1610612757,POR,232,90.0,1610612747,LAL,232,90.0
0020700869,2008-02-29,2007-08,1610612760,SEA,218,89.0,1610612748,MIA,218,89.0
0020700870,2008-03-01,2007-08,1610612753,ORL,124,51.0,1610612752,NYK,124,50.0
0020700871,2008-03-01,2007-08,1610612763,MEM,207,84.0,1610612762,UTA,207,83.0
0020700872,2008-03-01,2007-08,1610612749,MIL,235,98.0,1610612759,SAS,235,98.0
0020700873,2008-03-01,2007-08,1610612756,PHX,204,82.0,1610612755,PHI,204,84.0
0020700874,2008-03-01,2007-08,1610612746,LAC,138,49.0,1610612765,DET,138,51.0
0020700875,2008-03-02,2007-08,1610612739,CLE,230,88.0,1610612741,CHI,230,88.0
0020700876,2008-03-02,2007-08,1610612747,LAL,263,108.0,1610612742,DAL,263,108.0
0020700877,2008-03-02,2007-08,1610612738,BOS,227,91.0,1610612737,ATL,227,89.0
0020700878,2008-03-02,2007-08,1610612751,NJN,198,75.0,1610612759,SAS,198,78.0
0020700879,2008-03-02,2007-08,1610612764,WAS,201,70.0,1610612740,NOH,201,72.0
0020700880,2008-03-02,2007-08,1610612766,CHA,163,63.0,1610612761,TOR,163,60.0
0020700881,2008-03-02,2007-08,1610612754,IND,161,68.0,1610612749,MIL,161,65.0
0020700882,2008-03-02,2007-08,1610612750,MIN,265,100.0,1610612760,SEA,265,100.0
0020700883,2008-03-02,2007-08,1610612745,HOU,165,71.0,1610612743,DEN,165,68.0
0020700884,2008-03-02,2007-08,1610612744,GSW,232,93.0,1610612757,POR,232,92.0
0020700885,2008-03-02,2007-08,1610612758,SAC,174,66.0,1610612748,MIA,174,65.0
0020700886,2008-03-03,2007-08,1610612752,NYK,235,87.0,1610612740,NOH,235,87.0
0020700887,2008-03-03,2007-08,1610612762,UTA,218,84.0,1610612742,DAL,218,83.0
0020700888,2008-03-03,2007-08,1610612746,LAC,136,46.0,1610612755,PHI,136,47.0
0020700889,2008-03-04,2007-08,1610612737,ATL,175,78.0,1610612744,GSW,175,76.0
0020700890,2008-03-04,2007-08,1610612753,ORL,209,86.0,1610612761,TOR,209,86.0
0020700891,2008-03-04,2007-08,1610612765,DET,220,88.0,1610612760,SEA,220,87.0
0020700892,2008-03-04,2007-08,1610612750,MIN,196,74.0,1610612766,CHA,196,74.0
0020700893,2008-03-04,2007-08,1610612741,CHI,121,46.0,1610612763,MEM,121,46.0
0020700894,2008-03-04,2007-08,1610612759,SAS,170,60.0,1610612751,NJN,170,58.0
0020700895,2008-03-04,2007-08,1610612758,SAC,230,99.0,1610612747,LAL,230,100.0
0020700896,2008-03-04,2007-08,1610612757,POR,183,74.0,1610612756,PHX,183,75.0
0020700897,2008-03-05,2007-08,1610612764,WAS,129,48.0,1610612753,ORL,129,47.0
0020700898,2008-03-05,2007-08,1610612766,CHA,234,104.0,1610612744,GSW,234,102.0
0020700899,2008-03-05,2007-08,1610612738,BOS,225,80.0,1610612765,DET,225,81.0
0020700900,2008-03-05,2007-08,1610612752,NYK,225,78.0,1610612739,CLE,225,78.0
0020700901,2008-03-05,2007-08,1610612748,MIA,135,51.0,1610612761,TOR,135,50.0
0020700902,2008-03-05,2007-08,1610612749,MIL,125,55.0,1610612760,SEA,125,56.0
0020700903,2008-03-05,2007-08,1610612763,MEM,238,95.0,1610612751,NJN,238,94.0
0020700904,2008-03-05,2007-08,1610612740,NOH,162,60.0,1610612737,ATL,162,60.0
0020700905,2008-03-05,2007-08,1610612745,HOU,170,70.0,1610612754,IND,170,69.0
0020700906,2008-03-05,2007-08,1610612743,DEN,173,78.0,1610612756,PHX,173,79.0
0020700907,2008-03-05,2007-08,1610612762,UTA,127,49.0,1610612750,MIN,127,48.0
0020700908,2008-03-05,2007-08,1610612746,LAC,274,99.0,1610612758,SAC,274,99.0
0020700909,2008-03-06,2007-08,1610612741,CHI,179,74.0,1610612739,CLE,179,69.0
0020700910,2008-03-06,2007-08,1610612759,SAS,158,66.0,1610612754,IND,158,65.0
0020700911,2008-03-06,2007-08,1610612742,DAL,167,60.0,1610612745,HOU,167,61.0
0020700912,2008-03-07,2007-08,1610612761,TOR,265,99.0,1610612764,WAS,265,99.0
0020700913,2008-03-07,2007-08,1610612755,PHI,159,67.0,1610612760,SEA,159,66.0
0020700914,2008-03-07,2007-08,1610612766,CHA,195,82.0,1610612737,ATL,195,79.0
0020700915,2008-03-07,2007-08,1610612752,NYK,231,88.0,1610612765,DET,231,89.0
0020700916,2008-03-07,2007-08,1610612748,MIA,136,55.0,1610612744,GSW,136,54.0
0020700917,2008-03-07,2007-08,1610612738,BOS,122,49.0,1610612741,CHI,122,50.0
0020700918,2008-03-07,2007-08,1610612740,NOH,167,65.0,1610612751,NJN,167,64.0
0020700919,2008-03-07,2007-08,1610612749,MIL,238,89.0,1610612757,POR,238,90.0
0020700920,2008-03-07,2007-08,1610612756,PHX,238,102.0,1610612762,UTA,238,102.0
0020700921,2008-03-07,2007-08,1610612758,SAC,211,78.0,1610612750,MIN,211,78.0
0020700922,2008-03-07,2007-08,1610612743,DEN,192,80.0,1610612759,SAS,192,80.0
0020700923,2008-03-07,2007-08,1610612747,LAL,134,53.0,1610612746,LAC,134,53.0
0020700924,2008-03-08,2007-08,1610612739,CLE,149,59.0,1610612754,IND,149,56.0
0020700925,2008-03-08,2007-08,1610612764,WAS,191,75.0,1610612766,CHA,191,71.0
0020700926,2008-03-08,2007-08,1610612737,ATL,240,89.0,1610612748,MIA,240,89.0
0020700927,2008-03-08,2007-08,1610612753,ORL,203,83.0,1610612744,GSW,203,84.0
0020700928,2008-03-08,2007-08,1610612752,NYK,254,95.0,1610612757,POR,254,96.0
0020700929,2008-03-08,2007-08,1610612763,MEM,128,46.0,1610612738,BOS,128,47.0
0020700930,2008-03-08,2007-08,1610612745,HOU,176,66.0,1610612740,NOH,176,66.0
0020700931,2008-03-08,2007-08,1610612742,DAL,124,48.0,1610612751,NJN,124,47.0
0020700932,2008-03-08,2007-08,1610612762,UTA,121,51.0,1610612743,DEN,121,52.0
0020700933,2008-03-08,2007-08,1610612746,LAC,234,89.0,1610612750,MIN,234,88.0
0020700934,2008-03-09,2007-08,1610612761,TOR,189,75.0,1610612760,SEA,189,78.0
0020700935,2008-03-09,2007-08,1610612749,MIL,121,44.0,1610612755,PHI,121,45.0
0020700936,2008-03-09,2007-08,1610612756,PHX,238,90.0,1610612759,SAS,238,90.0
0020700937,2008-03-09,2007-08,1610612765,DET,227,81.0,1610612741,CHI,227,78.0
0020700938,2008-03-09,2007-08,1610612747,LAL,240,102.0,1610612758,SAC,240,102.0
0020700939,2008-03-10,2007-08,1610612755,PHI,152,58.0,1610612738,BOS,152,60.0
0020700940,2008-03-10,2007-08,1610612753,ORL,128,52.0,1610612737,ATL,128,50.0
0020700941,2008-03-10,2007-08,1610612739,CLE,234,81.0,1610612757,POR,234,80.0
0020700942,2008-03-10,2007-08,1610612748,MIA,240,88.0,1610612746,LAC,240,87.0
0020700943,2008-03-10,2007-08,1610612745,HOU,121,46.0,1610612751,NJN,121,45.0
0020700944,2008-03-10,2007-08,1610612742,DAL,122,48.0,1610612752,NYK,122,47.0
0020700945,2008-03-10,2007-08,1610612759,SAS,239,99.0,1610612743,DEN,239,97.0
0020700946,2008-03-11,2007-08,1610612764,WAS,207,81.0,1610612749,MIL,207,80.0
0020700947,2008-03-11,2007-08,1610612754,IND,211,91.0,1610612760,SEA,211,92.0
0020700948,2008-03-11,2007-08,1610612750,MIN,237,85.0,1610612757,POR,237,84.0
0020700949,2008-03-11,2007-08,1610612741,CHI,149,63.0,1610612762,UTA,149,63.0
0020700950,2008-03-11,2007-08,1610612756,PHX,121,51.0,1610612763,MEM,121,51.0
0020700951,2008-03-11,2007-08,1610612747,LAL,204,80.0,1610612761,TOR,204,78.0
0020700952,2008-03-12,2007-08,1610612737,ATL,226,87.0,1610612745,HOU,226,87.0
0020700953,2008-03-12,2007-08,1610612753,ORL,140,59.0,1610612746,LAC,140,58.0
0020700954,2008-03-12,2007-08,1610612738,BOS,121,52.0,1610612760,SEA,121,52.0
0020700955,2008-03-12,2007-08,1610612751,NJN,186,74.0,1610612739,CLE,186,71.0
0020700956,2008-03-12,2007-08,1610612748,MIA,224,83.0,1610612752,NYK,224,84.0
0020700957,2008-03-12,2007-08,1610612765,DET,240,80.0,1610612755,PHI,240,80.0
0020700958,2008-03-12,2007-08,1610612749,MIL,229,92.0,1610612762,UTA,229,92.0
0020700959,2008-03-12,2007-08,1610612740,NOH,171,66.0,1610612759,SAS,171,63.0
0020700960,2008-03-12,2007-08,1610612742,DAL,121,49.0,1610612766,CHA,121,49.0
0020700961,2008-03-12,2007-08,1610612743,DEN,140,61.0,1610612763,MEM,140,59.0
0020700962,2008-03-12,2007-08,1610612744,GSW,224,91.0,1610612761,TOR,224,90.0
0020700963,2008-03-13,2007-08,1610612764,WAS,237,91.0,1610612739,CLE,237,91.0
0020700964,2008-03-13,2007-08,1610612758,SAC,149,59.0,1610612757,POR,149,57.0
0020700965,2008-03-13,2007-08,1610612756,PHX,189,81.0,1610612744,GSW,189,79.0
0020700966,2008-03-14,2007-08,1610612738,BOS,220,77.0,1610612762,UTA,220,77.0
0020700967,2008-03-14,2007-08,1610612737,ATL,139,52.0,1610612746,LAC,139,52.0
0020700968,2008-03-14,2007-08,1610612748,MIA,237,82.0,1610612753,ORL,237,83.0
0020700969,2008-03-14,2007-08,1610612765,DET,226,76.0,1610612759,SAS,226,79.0
0020700970,2008-03-14,2007-08,1610612740,NOH,196,76.0,1610612747,LAL,196,73.0
0020700971,2008-03-14,2007-08,1610612741,CHI,158,63.0,1610612755,PHI,158,63.0
0020700972,2008-03-14,2007-08,1610612745,HOU,205,71.0,1610612766,CHA,205,71.0
0020700973,2008-03-14,2007-08,1610612742,DAL,136,49.0,1610612754,IND,136,49.0
0020700974,2008-03-14,2007-08,1610612743,DEN,121,56.0,1610612761,TOR,121,57.0
0020700975,2008-03-14,2007-08,1610612760,SEA,203,82.0,1610612750,MIN,203,85.0
0020700976,2008-03-15,2007-08,1610612755,PHI,209,74.0,1610612759,SAS,209,73.0
0020700977,2008-03-15,2007-08,1610612764,WAS,257,97.0,1610612746,LAC,257,95.0
0020700978,2008-03-15,2007-08,1610612753,ORL,217,91.0,1610612754,IND,217,90.0
0020700979,2008-03-15,2007-08,1610612751,NJN,240,93.0,1610612762,UTA,240,93.0
0020700980,2008-03-15,2007-08,1610612749,MIL,122,43.0,1610612738,BOS,122,43.0
0020700981,2008-03-15,2007-08,1610612756,PHX,121,54.0,1610612758,SAC,121,54.0
0020700982,2008-03-15,2007-08,1610612757,POR,198,71.0,1610612750,MIN,198,71.0
0020700983,2008-03-15,2007-08,1610612744,GSW,189,86.0,1610612763,MEM,189,77.0
0020700984,2008-03-16,2007-08,1610612748,MIA,121,45.0,1610612742,DAL,121,45.0
0020700985,2008-03-16,2007-08,1610612752,NYK,196,84.0,1610612737,ATL,196,84.0
0020700986,2008-03-16,2007-08,1610612765,DET,163,52.0,1610612740,NOH,163,48.0
0020700987,2008-03-16,2007-08,1610612739,CLE,203,80.0,1610612766,CHA,203,77.0
0020700988,2008-03-16,2007-08,1610612745,HOU,220,78.0,1610612747,LAL,220,79.0
0020700989,2008-03-16,2007-08,1610612743,DEN,121,61.0,1610612760,SEA,121,62.0
0020700990,2008-03-16,2007-08,1610612758,SAC,232,100.0,1610612761,TOR,232,97.0
0020700991,2008-03-17,2007-08,1610612764,WAS,223,77.0,1610612737,ATL,223,78.0
0020700992,2008-03-17,2007-08,1610612753,ORL,215,82.0,1610612739,CLE,215,83.0
0020700993,2008-03-17,2007-08,1610612754,IND,215,94.0,1610612752,NYK,215,93.0
0020700994,2008-03-17,2007-08,1610612763,MEM,194,76.0,1610612766,CHA,194,75.0
0020700995,2008-03-17,2007-08,1610612740,NOH,227,89.0,1610612741,CHI,227,90.0
0020700996,2008-03-17,2007-08,1610612750,MIN,202,76.0,1610612746,LAC,202,75.0
0020700997,2008-03-17,2007-08,1610612759,SAS,235,84.0,1610612738,BOS,235,85.0
0020700998,2008-03-17,2007-08,1610612762,UTA,205,75.0,1610612761,TOR,205,74.0
0020700999,2008-03-18,2007-08,1610612765,DET,129,54.0,1610612743,DEN,129,51.0
0020701000,2008-03-18,2007-08,1610612749,MIL,207,75.0,1610612748,MIA,207,79.0
0020701001,2008-03-18,2007-08,1610612741,CHI,128,51.0,1610612751,NJN,128,51.0
0020701002,2008-03-18,2007-08,1610612745,HOU,155,54.0,1610612738,BOS,155,56.0
0020701003,2008-03-18,2007-08,1610612742,DAL,148,61.0,1610612747,LAL,148,60.0
0020701004,2008-03-18,2007-08,1610612758,SAC,165,66.0,1610612744,GSW,165,67.0
0020701005,2008-03-18,2007-08,1610612757,POR,180,72.0,1610612756,PHX,180,73.0
0020701006,2008-03-19,2007-08,1610612761,TOR,121,43.0,1610612748,MIA,121,43.0
0020701007,2008-03-19,2007-08,1610612755,PHI,240,104.0,1610612743,DEN,240,103.0
0020701008,2008-03-19,2007-08,1610612753,ORL,240,88.0,1610612764,WAS,240,89.0
0020701009,2008-03-19,2007-08,1610612754,IND,211,82.0,1610612766,CHA,211,81.0
0020701010,2008-03-19,2007-08,1610612751,NJN,202,76.0,1610612737,ATL,202,76.0
0020701011,2008-03-19,2007-08,1610612739,CLE,198,68.0,1610612765,DET,198,67.0
0020701012,2008-03-19,2007-08,1610612740,NOH,206,82.0,1610612745,HOU,206,81.0
0020701013,2008-03-19,2007-08,1610612750,MIN,239,95.0,1610612763,MEM,239,94.0
0020701014,2008-03-19,2007-08,1610612760,SEA,197,84.0,1610612756,PHX,197,88.0
0020701015,2008-03-19,2007-08,1610612746,LAC,121,50.0,1610612744,GSW,121,51.0
0020701016,2008-03-20,2007-08,1610612741,CHI,122,45.0,1610612759,SAS,122,45.0
0020701017,2008-03-20,2007-08,1610612742,DAL,240,99.0,1610612738,BOS,240,99.0
0020701018,2008-03-20,2007-08,1610612762,UTA,127,46.0,1610612747,LAL,127,47.0
0020701019,2008-03-21,2007-08,1610612753,ORL,121,47.0,1610612755,PHI,121,47.0
0020701020,2008-03-21,2007-08,1610612754,IND,133,58.0,1610612750,MIN,133,57.0
0020701021,2008-03-21,2007-08,1610612751,NJN,180,79.0,1610612743,DEN,180,81.0
0020701022,2008-03-21,2007-08,1610612752,NYK,205,84.0,1610612763,MEM,205,82.0
0020701023,2008-03-21,2007-08,1610612748,MIA,132,49.0,1610612764,WAS,132,50.0
0020701024,2008-03-21,2007-08,1610612739,CLE,237,86.0,1610612761,TOR,237,84.0
0020701025,2008-03-21,2007-08,1610612759,SAS,196,70.0,1610612758,SAC,196,70.0
0020701026,2008-03-21,2007-08,1610612757,POR,181,64.0,1610612746,LAC,181,63.0
0020701027,2008-03-21,2007-08,1610612747,LAL,164,63.0,1610612760,SEA,164,66.0
0020701028,2008-03-21,2007-08,1610612744,GSW,236,95.0,1610612745,HOU,236,96.0
0020701029,2008-03-22,2007-08,1610612755,PHI,240,94.0,1610612751,NJN,240,95.0
0020701030,2008-03-22,2007-08,1610612766,CHA,198,74.0,1610612748,MIA,198,73.0
0020701031,2008-03-22,2007-08,1610612737,ATL,235,91.0,1610612753,ORL,235,90.0
0020701032,2008-03-22,2007-08,1610612763,MEM,209,82.0,1610612758,SAC,209,80.0
0020701033,2008-03-22,2007-08,1610612740,NOH,225,86.0,1610612738,BOS,225,83.0
0020701034,2008-03-22,2007-08,1610612750,MIN,131,51.0,1610612752,NYK,131,48.0
0020701035,2008-03-22,2007-08,1610612741,CHI,220,93.0,1610612754,IND,220,92.0
0020701036,2008-03-22,2007-08,1610612749,MIL,180,70.0,1610612739,CLE,180,69.0
0020701037,2008-03-22,2007-08,1610612762,UTA,193,81.0,1610612760,SEA,193,82.0
0020701038,2008-03-22,2007-08,1610612756,PHX,142,58.0,1610612745,HOU,142,58.0
0020701039,2008-03-22,2007-08,1610612746,LAC,145,49.0,1610612757,POR,145,51.0
0020701040,2008-03-23,2007-08,1610612742,DAL,228,81.0,1610612759,SAS,228,80.0
0020701041,2008-03-23,2007-08,1610612761,TOR,234,86.0,1610612743,DEN,234,87.0
0020701042,2008-03-23,2007-08,1610612764,WAS,211,67.0,1610612765,DET,211,68.0
0020701043,2008-03-23,2007-08,1610612747,LAL,195,87.0,1610612744,GSW,195,87.0
0020701044,2008-03-24,2007-08,1610612738,BOS,229,86.0,1610612755,PHI,229,87.0
0020701045,2008-03-24,2007-08,1610612752,NYK,142,56.0,1610612751,NJN,142,55.0
0020701046,2008-03-24,2007-08,1610612748,MIA,240,84.0,1610612749,MIL,240,84.0
0020701047,2008-03-24,2007-08,1610612765,DET,265,98.0,1610612756,PHX,265,98.0
0020701048,2008-03-24,2007-08,1610612763,MEM,193,82.0,1610612743,DEN,193,83.0
0020701049,2008-03-24,2007-08,1610612745,HOU,228,79.0,1610612758,SAC,228,78.0
0020701050,2008-03-24,2007-08,1610612760,SEA,196,74.0,1610612757,POR,196,73.0
0020701051,2008-03-24,2007-08,1610612744,GSW,251,109.0,1610612747,LAL,251,109.0
0020701052,2008-03-25,2007-08,1610612753,ORL,223,80.0,1610612759,SAS,223,79.0
0020701053,2008-03-25,2007-08,1610612754,IND,195,81.0,1610612740,NOH,195,85.0
0020701054,2008-03-25,2007-08,1610612741,CHI,212,80.0,1610612737,ATL,212,81.0
0020701055,2008-03-25,2007-08,1610612742,DAL,173,70.0,1610612746,LAC,173,71.0
0020701056,2008-03-25,2007-08,1610612762,UTA,169,73.0,1610612766,CHA,169,71.0
0020701057,2008-03-25,2007-08,1610612757,POR,123,43.0,1610612764,WAS,123,42.0
0020701058,2008-03-26,2007-08,1610612761,TOR,194,68.0,1610612765,DET,194,65.0
0020701059,2008-03-26,2007-08,1610612752,NYK,252,93.0,1610612748,MIA,252,93.0
0020701060,2008-03-26,2007-08,1610612755,PHI,140,55.0,1610612741,CHI,140,53.0
0020701061,2008-03-26,2007-08,1610612737,ATL,179,68.0,1610612749,MIL,179,70.0
0020701062,2008-03-26,2007-08,1610612739,CLE,240,92.0,1610612740,NOH,240,91.0
0020701063,2008-03-26,2007-08,1610612738,BOS,180,70.0,1610612756,PHX,180,70.0
0020701064,2008-03-26,2007-08,1610612751,NJN,214,88.0,1610612754,IND,214,90.0
0020701065,2008-03-26,2007-08,1610612745,HOU,210,79.0,1610612750,MIN,210,79.0
0020701066,2008-03-26,2007-08,1610612759,SAS,237,85.0,1610612746,LAC,237,84.0
0020701067,2008-03-26,2007-08,1610612758,SAC,265,109.0,1610612763,MEM,265,109.0
0020701068,2008-03-26,2007-08,1610612760,SEA,207,77.0,1610612764,WAS,207,78.0
0020701069,2008-03-26,2007-08,1610612747,LAL,166,67.0,1610612766,CHA,166,66.0
0020701070,2008-03-27,2007-08,1610612765,DET,209,68.0,1610612748,MIA,209,67.0
0020701071,2008-03-27,2007-08,1610612743,DEN,191,75.0,1610612742,DAL,191,75.0
0020701072,2008-03-27,2007-08,1610612744,GSW,158,61.0,1610612757,POR,158,61.0
0020701073,2008-03-28,2007-08,1610612761,TOR,192,74.0,1610612752,NYK,192,72.0
0020701074,2008-03-28,2007-08,1610612755,PHI,124,51.0,1610612756,PHX,124,53.0
0020701075,2008-03-28,2007-08,1610612754,IND,230,100.0,1610612751,NJN,230,99.0
0020701076,2008-03-28,2007-08,1610612738,BOS,174,61.0,1610612740,NOH,174,62.0
0020701077,2008-03-28,2007-08,1610612737,ATL,179,72.0,1610612741,CHI,179,74.0
0020701078,2008-03-28,2007-08,1610612749,MIL,122,49.0,1610612753,ORL,122,49.0
0020701079,2008-03-28,2007-08,1610612759,SAS,164,60.0,1610612750,MIN,164,58.0
0020701080,2008-03-28,2007-08,1610612762,UTA,151,61.0,1610612746,LAC,151,56.0
0020701081,2008-03-28,2007-08,1610612758,SAC,218,92.0,1610612764,WAS,218,92.0
0020701082,2008-03-28,2007-08,1610612747,LAL,239,100.0,1610612763,MEM,239,100.0
0020701083,2008-03-28,2007-08,1610612760,SEA,240,90.0,1610612766,CHA,240,90.0
0020701084,2008-03-29,2007-08,1610612751,NJN,209,82.0,1610612756,PHX,209,87.0
0020701085,2008-03-29,2007-08,1610612765,DET,122,40.0,1610612739,CLE,122,41.0
0020701086,2008-03-29,2007-08,1610612741,CHI,171,73.0,1610612749,MIL,171,70.0
0020701087,2008-03-29,2007-08,1610612743,DEN,211,98.0,1610612744,GSW,211,98.0
0020701088,2008-03-29,2007-08,1610612757,POR,236,90.0,1610612766,CHA,236,91.0
0020701089,2008-03-29,2007-08,1610612746,LAC,205,79.0,1610612763,MEM,205,79.0
0020701090,2008-03-30,2007-08,1610612759,SAS,122,42.0,1610612745,HOU,122,42.0
0020701091,2008-03-30,2007-08,1610612750,MIN,236,91.0,1610612762,UTA,236,87.0
0020701092,2008-03-30,2007-08,1610612737,ATL,194,83.0,1610612752,NYK,194,82.0
0020701093,2008-03-30,2007-08,1610612738,BOS,122,46.0,1610612748,MIA,122,46.0
0020701094,2008-03-30,2007-08,1610612761,TOR,135,53.0,1610612740,NOH,135,53.0
0020701095,2008-03-30,2007-08,1610612739,CLE,240,87.0,1610612755,PHI,240,88.0
0020701096,2008-03-30,2007-08,1610612744,GSW,210,85.0,1610612742,DAL,210,83.0
0020701097,2008-03-30,2007-08,1610612760,SEA,192,78.0,1610612758,SAC,192,80.0
0020701098,2008-03-30,2007-08,1610612747,LAL,256,99.0,1610612764,WAS,256,94.0
0020701099,2008-03-31,2007-08,1610612766,CHA,232,94.0,1610612761,TOR,232,96.0
0020701100,2008-03-31,2007-08,1610612754,IND,156,57.0,1610612748,MIA,156,56.0
0020701101,2008-03-31,2007-08,1610612763,MEM,122,46.0,1610612737,ATL,122,47.0
0020701102,2008-03-31,2007-08,1610612762,UTA,122,45.0,1610612764,WAS,122,45.0
0020701103,2008-03-31,2007-08,1610612756,PHX,187,86.0,1610612743,DEN,187,87.0
0020701104,2008-03-31,2007-08,1610612746,LAC,185,72.0,1610612742,DAL,185,71.0
0020701105,2008-04-01,2007-08,1610612753,ORL,240,88.0,1610612740,NOH,240,89.0
0020701106,2008-04-01,2007-08,1610612751,NJN,228,83.0,1610612755,PHI,228,84.0
0020701107,2008-04-01,2007-08,1610612749,MIL,246,102.0,1610612752,NYK,246,103.0
0020701108,2008-04-01,2007-08,1610612750,MIN,240,92.0,1610612765,DET,240,93.0
0020701109,2008-04-01,2007-08,1610612741,CHI,201,81.0,1610612738,BOS,201,83.0
0020701110,2008-04-01,2007-08,1610612759,SAS,177,75.0,1610612744,GSW,177,75.0
0020701111,2008-04-01,2007-08,1610612743,DEN,240,111.0,1610612756,PHX,240,111.0
0020701112,2008-04-01,2007-08,1610612758,SAC,240,95.0,1610612745,HOU,240,95.0
0020701113,2008-04-02,2007-08,1610612764,WAS,236,97.0,1610612749,MIL,236,99.0
0020701114,2008-04-02,2007-08,1610612766,CHA,236,100.0,1610612739,CLE,236,103.0
0020701115,2008-04-02,2007-08,1610612737,ATL,228,84.0,1610612761,TOR,228,88.0
0020701116,2008-04-02,2007-08,1610612738,BOS,121,47.0,1610612754,IND,121,48.0
0020701117,2008-04-02,2007-08,1610612748,MIA,153,52.0,1610612740,NOH,153,53.0
0020701118,2008-04-02,2007-08,1610612763,MEM,134,64.0,1610612752,NYK,134,62.0
0020701119,2008-04-02,2007-08,1610612762,UTA,150,52.0,1610612750,MIN,150,53.0
0020701120,2008-04-02,2007-08,1610612742,DAL,138,54.0,1610612744,GSW,138,54.0
0020701121,2008-04-02,2007-08,1610612760,SEA,206,84.0,1610612746,LAC,206,84.0
0020701122,2008-04-02,2007-08,1610612747,LAL,184,69.0,1610612757,POR,184,69.0
0020701123,2008-04-03,2007-08,1610612739,CLE,220,90.0,1610612741,CHI,220,87.0
0020701124,2008-04-03,2007-08,1610612758,SAC,136,58.0,1610612746,LAC,136,59.0
0020701125,2008-04-03,2007-08,1610612757,POR,200,72.0,1610612745,HOU,200,73.0
0020701126,2008-04-04,2007-08,1610612761,TOR,240,98.0,1610612766,CHA,240,99.0
0020701127,2008-04-04,2007-08,1610612737,ATL,230,89.0,1610612755,PHI,230,92.0
0020701128,2008-04-04,2007-08,1610612764,WAS,127,43.0,1610612748,MIA,127,43.0
0020701129,2008-04-04,2007-08,1610612765,DET,129,45.0,1610612751,NJN,129,45.0
0020701130,2008-04-04,2007-08,1610612763,MEM,126,56.0,1610612744,GSW,126,57.0
0020701131,2008-04-04,2007-08,1610612740,NOH,218,84.0,1610612752,NYK,218,84.0
0020701132,2008-04-04,2007-08,1610612749,MIL,227,94.0,1610612754,IND,227,95.0
0020701133,2008-04-04,2007-08,1610612762,UTA,183,65.0,1610612759,SAS,183,64.0
0020701134,2008-04-04,2007-08,1610612756,PHX,129,49.0,1610612750,MIN,129,48.0
0020701135,2008-04-04,2007-08,1610612747,LAL,240,90.0,1610612742,DAL,240,90.0
0020701136,2008-04-04,2007-08,1610612760,SEA,174,63.0,1610612745,HOU,174,63.0
0020701137,2008-04-05,2007-08,1610612739,CLE,213,81.0,1610612753,ORL,213,80.0
0020701138,2008-04-05,2007-08,1610612755,PHI,200,71.0,1610612737,ATL,200,73.0
0020701139,2008-04-05,2007-08,1610612766,CHA,164,65.0,1610612738,BOS,164,68.0
0020701140,2008-04-05,2007-08,1610612751,NJN,203,75.0,1610612761,TOR,203,75.0
0020701141,2008-04-05,2007-08,1610612741,CHI,176,63.0,1610612764,WAS,176,63.0
0020701142,2008-04-05,2007-08,1610612743,DEN,226,101.0,1610612758,SAC,226,103.0
0020701143,2008-04-06,2007-08,1610612748,MIA,137,47.0,1610612765,DET,137,49.0
0020701144,2008-04-06,2007-08,1610612756,PHX,206,77.0,1610612742,DAL,206,75.0
0020701145,2008-04-06,2007-08,1610612752,NYK,208,81.0,1610612753,ORL,208,81.0
0020701146,2008-04-06,2007-08,1610612754,IND,206,86.0,1610612749,MIL,206,83.0
0020701147,2008-04-06,2007-08,1610612757,POR,212,69.0,1610612759,SAS,212,71.0
0020701148,2008-04-06,2007-08,1610612750,MIN,229,93.0,1610612763,MEM,229,94.0
0020701149,2008-04-06,2007-08,1610612740,NOH,209,90.0,1610612744,GSW,209,90.0
0020701150,2008-04-06,2007-08,1610612758,SAC,134,55.0,1610612747,LAL,134,56.0
0020701151,2008-04-06,2007-08,1610612760,SEA,289,129.0,1610612743,DEN,289,129.0
0020701152,2008-04-06,2007-08,1610612746,LAC,123,43.0,1610612745,HOU,123,45.0
0020701153,2008-04-08,2007-08,1610612766,CHA,220,90.0,1610612750,MIN,220,87.0
0020701154,2008-04-08,2007-08,1610612754,IND,122,49.0,1610612737,ATL,122,49.0
0020701155,2008-04-08,2007-08,1610612748,MIA,207,77.0,1610612741,CHI,207,76.0
0020701156,2008-04-08,2007-08,1610612765,DET,125,50.0,1610612752,NYK,125,52.0
0020701157,2008-04-08,2007-08,1610612749,MIL,169,71.0,1610612738,BOS,169,72.0
0020701158,2008-04-08,2007-08,1610612763,MEM,157,63.0,1610612756,PHX,157,65.0
0020701159,2008-04-08,2007-08,1610612740,NOH,175,67.0,1610612762,UTA,175,68.0
0020701160,2008-04-08,2007-08,1610612742,DAL,199,72.0,1610612760,SEA,199,71.0
0020701161,2008-04-08,2007-08,1610612757,POR,166,65.0,1610612747,LAL,166,61.0
0020701162,2008-04-08,2007-08,1610612746,LAC,123,51.0,1610612743,DEN,123,52.0
0020701163,2008-04-08,2007-08,1610612744,GSW,182,82.0,1610612758,SAC,182,81.0
0020701164,2008-04-09,2007-08,1610612761,TOR,160,61.0,1610612749,MIL,160,60.0
0020701165,2008-04-09,2007-08,1610612755,PHI,187,74.0,1610612765,DET,187,74.0
0020701166,2008-04-09,2007-08,1610612764,WAS,184,71.0,1610612738,BOS,184,73.0
0020701167,2008-04-09,2007-08,1610612753,ORL,156,67.0,1610612741,CHI,156,63.0
0020701168,2008-04-09,2007-08,1610612739,CLE,209,78.0,1610612751,NJN,209,80.0
0020701169,2008-04-09,2007-08,1610612752,NYK,224,93.0,1610612766,CHA,224,93.0
0020701170,2008-04-09,2007-08,1610612750,MIN,165,60.0,1610612740,NOH,165,59.0
0020701171,2008-04-09,2007-08,1610612745,HOU,143,55.0,1610612760,SEA,143,56.0
0020701172,2008-04-09,2007-08,1610612759,SAS,207,75.0,1610612756,PHX,207,75.0
0020701173,2008-04-10,2007-08,1610612744,GSW,192,89.0,1610612743,DEN,192,88.0
0020701174,2008-04-10,2007-08,1610612742,DAL,240,86.0,1610612762,UTA,240,86.0
0020701175,2008-04-10,2007-08,1610612746,LAC,169,67.0,1610612747,LAL,169,66.0
0020701176,2008-04-11,2007-08,1610612761,TOR,170,66.0,1610612751,NJN,170,65.0
0020701177,2008-04-11,2007-08,1610612755,PHI,198,85.0,1610612754,IND,198,86.0
0020701178,2008-04-11,2007-08,1610612753,ORL,229,89.0,1610612750,MIN,229,92.0
0020701179,2008-04-11,2007-08,1610612741,CHI,170,73.0,1610612739,CLE,170,70.0
0020701180,2008-04-11,2007-08,1610612738,BOS,122,45.0,1610612749,MIL,122,46.0
0020701181,2008-04-11,2007-08,1610612752,NYK,133,51.0,1610612737,ATL,133,50.0
0020701182,2008-04-11,2007-08,1610612748,MIA,207,79.0,1610612763,MEM,207,79.0
0020701183,2008-04-11,2007-08,1610612765,DET,145,52.0,1610612764,WAS,145,50.0
0020701184,2008-04-11,2007-08,1610612745,HOU,146,54.0,1610612756,PHX,146,57.0
0020701185,2008-04-11,2007-08,1610612759,SAS,144,62.0,1610612760,SEA,144,59.0
0020701186,2008-04-11,2007-08,1610612758,SAC,160,62.0,1610612757,POR,160,62.0
0020701187,2008-04-11,2007-08,1610612747,LAL,187,74.0,1610612740,NOH,187,73.0
0020701188,2008-04-12,2007-08,1610612764,WAS,217,82.0,1610612755,PHI,217,83.0
0020701189,2008-04-12,2007-08,1610612737,ATL,233,84.0,1610612738,BOS,233,86.0
0020701190,2008-04-12,2007-08,1610612754,IND,223,94.0,1610612766,CHA,223,93.0
0020701191,2008-04-12,2007-08,1610612763,MEM,147,64.0,1610612750,MIN,147,66.0
0020701192,2008-04-12,2007-08,1610612749,MIL,175,67.0,1610612751,NJN,175,68.0
0020701193,2008-04-12,2007-08,1610612762,UTA,177,75.0,1610612743,DEN,177,74.0
0020701194,2008-04-12,2007-08,1610612758,SAC,238,99.0,1610612740,NOH,238,100.0
0020701195,2008-04-12,2007-08,1610612757,POR,232,84.0,1610612742,DAL,232,83.0
0020701196,2008-04-12,2007-08,1610612744,GSW,179,77.0,1610612746,LAC,179,76.0
0020701197,2008-04-13,2007-08,1610612739,CLE,215,74.0,1610612748,MIA,215,75.0
0020701198,2008-04-13,2007-08,1610612747,LAL,176,69.0,1610612759,SAS,176,69.0
0020701199,2008-04-13,2007-08,1610612765,DET,218,77.0,1610612761,TOR,218,77.0
0020701200,2008-04-13,2007-08,1610612741,CHI,183,69.0,1610612753,ORL,183,67.0
0020701201,2008-04-13,2007-08,1610612743,DEN,121,54.0,1610612745,HOU,121,54.0
0020701202,2008-04-13,2007-08,1610612760,SEA,240,92.0,1610612742,DAL,240,92.0
0020701203,2008-04-14,2007-08,1610612761,TOR,205,70.0,1610612748,MIA,205,69.0
0020701204,2008-04-14,2007-08,1610612755,PHI,227,89.0,1610612739,CLE,227,87.0
0020701205,2008-04-14,2007-08,1610612764,WAS,147,63.0,1610612754,IND,147,62.0
0020701206,2008-04-14,2007-08,1610612752,NYK,239,88.0,1610612738,BOS,239,89.0
0020701207,2008-04-14,2007-08,1610612749,MIL,132,57.0,1610612741,CHI,132,59.0
0020701208,2008-04-14,2007-08,1610612762,UTA,125,51.0,1610612745,HOU,125,50.0
0020701209,2008-04-14,2007-08,1610612756,PHX,231,103.0,1610612744,GSW,231,100.0
0020701210,2008-04-14,2007-08,1610612758,SAC,240,91.0,1610612759,SAS,240,90.0
0020701211,2008-04-15,2007-08,1610612737,ATL,187,74.0,1610612753,ORL,187,80.0
0020701212,2008-04-15,2007-08,1610612751,NJN,219,89.0,1610612766,CHA,219,86.0
0020701213,2008-04-15,2007-08,1610612765,DET,171,61.0,1610612750,MIN,171,61.0
0020701214,2008-04-15,2007-08,1610612740,NOH,164,63.0,1610612746,LAC,164,62.0
0020701215,2008-04-15,2007-08,1610612757,POR,148,54.0,1610612763,MEM,148,53.0
0020701216,2008-04-15,2007-08,1610612747,LAL,132,57.0,1610612758,SAC,132,57.0
0020701217,2008-04-16,2007-08,1610612766,CHA,185,69.0,1610612755,PHI,185,68.0
0020701218,2008-04-16,2007-08,1610612753,ORL,182,61.0,1610612764,WAS,182,62.0
0020701219,2008-04-16,2007-08,1610612739,CLE,229,79.0,1610612765,DET,229,80.0
0020701220,2008-04-16,2007-08,1610612754,IND,204,96.0,1610612752,NYK,204,95.0
0020701221,2008-04-16,2007-08,1610612738,BOS,216,83.0,1610612751,NJN,216,83.0
0020701222,2008-04-16,2007-08,1610612748,MIA,214,85.0,1610612737,ATL,214,84.0
0020701223,2008-04-16,2007-08,1610612759,SAS,122,46.0,1610612762,UTA,122,47.0
0020701224,2008-04-16,2007-08,1610612750,MIN,239,98.0,1610612749,MIL,239,97.0
0020701225,2008-04-16,2007-08,1610612741,CHI,209,85.0,1610612761,TOR,209,85.0
0020701226,2008-04-16,2007-08,1610612745,HOU,131,46.0,1610612746,LAC,131,43.0
0020701227,2008-04-16,2007-08,1610612742,DAL,212,80.0,1610612740,NOH,212,78.0
0020701228,2008-04-16,2007-08,1610612743,DEN,138,66.0,1610612763,MEM,138,64.0
0020701229,2008-04-16,2007-08,1610612756,PHX,167,66.0,1610612757,POR,167,63.0
0020701230,2008-04-16,2007-08,1610612744,GSW,193,89.0,1610612760,SEA,193,89.0
0040700131,2008-04-19,2007-08,1610612739,CLE,239,91.0,1610612764,WAS,239,92.0
0040700151,2008-04-19,2007-08,1610612740,NOH,204,77.0,1610612742,DAL,204,78.0
0040700161,2008-04-19,2007-08,1610612759,SAS,290,108.0,1610612756,PHX,290,108.0
0040700171,2008-04-19,2007-08,1610612745,HOU,194,65.0,1610612762,UTA,194,66.0
0040700101,2008-04-20,2007-08,1610612738,BOS,141,54.0,1610612737,ATL,141,53.0
0040700111,2008-04-20,2007-08,1610612765,DET,233,82.0,1610612755,PHI,233,81.0
0040700121,2008-04-20,2007-08,1610612753,ORL,184,67.0,1610612761,TOR,184,65.0
0040700141,2008-04-20,2007-08,1610612747,LAL,156,65.0,1610612743,DEN,156,63.0
0040700132,2008-04-21,2007-08,1610612739,CLE,123,46.0,1610612764,WAS,123,45.0
0040700172,2008-04-21,2007-08,1610612745,HOU,239,86.0,1610612762,UTA,239,87.0
0040700122,2008-04-22,2007-08,1610612753,ORL,240,96.0,1610612761,TOR,240,96.0
0040700152,2008-04-22,2007-08,1610612740,NOH,122,47.0,1610612742,DAL,122,46.0
0040700162,2008-04-22,2007-08,1610612759,SAS,185,77.0,1610612756,PHX,185,75.0
0040700102,2008-04-23,2007-08,1610612738,BOS,137,53.0,1610612737,ATL,137,53.0
0040700112,2008-04-23,2007-08,1610612765,DET,122,44.0,1610612755,PHI,122,43.0
0040700142,2008-04-23,2007-08,1610612747,LAL,210,82.0,1610612743,DEN,210,84.0
0040700123,2008-04-24,2007-08,1610612761,TOR,129,49.0,1610612753,ORL,129,47.0
0040700133,2008-04-24,2007-08,1610612764,WAS,122,45.0,1610612739,CLE,122,46.0
0040700173,2008-04-24,2007-08,1610612762,UTA,235,83.0,1610612745,HOU,235,85.0
0040700113,2008-04-25,2007-08,1610612755,PHI,158,60.0,1610612765,DET,158,60.0
0040700153,2008-04-25,2007-08,1610612742,DAL,170,66.0,1610612740,NOH,170,67.0
0040700163,2008-04-25,2007-08,1610612756,PHX,123,51.0,1610612759,SAS,123,50.0
0040700103,2008-04-26,2007-08,1610612737,ATL,176,65.0,1610612738,BOS,176,64.0
0040700124,2008-04-26,2007-08,1610612761,TOR,232,91.0,1610612753,ORL,232,92.0
0040700143,2008-04-26,2007-08,1610612743,DEN,144,56.0,1610612747,LAL,144,58.0
0040700174,2008-04-26,2007-08,1610612762,UTA,218,88.0,1610612745,HOU,218,85.0
0040700114,2008-04-27,2007-08,1610612755,PHI,184,70.0,1610612765,DET,184,69.0
0040700134,2008-04-27,2007-08,1610612764,WAS,232,86.0,1610612739,CLE,232,86.0
0040700154,2008-04-27,2007-08,1610612742,DAL,176,67.0,1610612740,NOH,176,66.0
0040700164,2008-04-27,2007-08,1610612756,PHX,122,51.0,1610612759,SAS,122,50.0
0040700104,2008-04-28,2007-08,1610612737,ATL,233,87.0,1610612738,BOS,233,83.0
0040700125,2008-04-28,2007-08,1610612753,ORL,225,80.0,1610612761,TOR,225,81.0
0040700144,2008-04-28,2007-08,1610612743,DEN,239,98.0,1610612747,LAL,239,99.0
0040700115,2008-04-29,2007-08,1610612765,DET,137,49.0,1610612755,PHI,137,49.0
0040700155,2008-04-29,2007-08,1610612740,NOH,196,64.0,1610612742,DAL,196,63.0
0040700165,2008-04-29,2007-08,1610612759,SAS,240,96.0,1610612756,PHX,240,95.0
0040700175,2008-04-29,2007-08,1610612745,HOU,148,54.0,1610612762,UTA,148,51.0
0040700105,2008-04-30,2007-08,1610612738,BOS,145,51.0,1610612737,ATL,145,49.0
0040700135,2008-04-30,2007-08,1610612739,CLE,240,90.0,1610612764,WAS,240,90.0
0040700116,2008-05-01,2007-08,1610612755,PHI,121,41.0,1610612765,DET,121,42.0
0040700106,2008-05-02,2007-08,1610612737,ATL,240,85.0,1610612738,BOS,240,87.0
0040700136,2008-05-02,2007-08,1610612764,WAS,160,52.0,1610612739,CLE,160,53.0
0040700176,2008-05-02,2007-08,1610612762,UTA,152,59.0,1610612745,HOU,152,61.0
0040700211,2008-05-03,2007-08,1610612765,DET,179,64.0,1610612753,ORL,179,63.0
0040700231,2008-05-03,2007-08,1610612740,NOH,206,75.0,1610612759,SAS,206,75.0
0040700107,2008-05-04,2007-08,1610612738,BOS,122,43.0,1610612737,ATL,122,42.0
0040700221,2008-05-04,2007-08,1610612747,LAL,208,84.0,1610612762,UTA,208,83.0
0040700212,2008-05-05,2007-08,1610612765,DET,239,88.0,1610612753,ORL,239,88.0
0040700232,2008-05-05,2007-08,1610612740,NOH,161,59.0,1610612759,SAS,161,59.0
0040700201,2008-05-06,2007-08,1610612738,BOS,240,90.0,1610612739,CLE,240,90.0
0040700213,2008-05-07,2007-08,1610612753,ORL,177,67.0,1610612765,DET,177,65.0
0040700222,2008-05-07,2007-08,1610612747,LAL,176,71.0,1610612762,UTA,176,71.0
0040700202,2008-05-08,2007-08,1610612738,BOS,129,47.0,1610612739,CLE,129,47.0
0040700233,2008-05-08,2007-08,1610612759,SAS,209,81.0,1610612740,NOH,209,80.0
0040700223,2008-05-09,2007-08,1610612762,UTA,224,86.0,1610612747,LAL,224,85.0
0040700203,2008-05-10,2007-08,1610612739,CLE,121,37.0,1610612738,BOS,121,37.0
0040700214,2008-05-10,2007-08,1610612753,ORL,231,78.0,1610612765,DET,231,78.0
0040700224,2008-05-11,2007-08,1610612762,UTA,234,92.0,1610612747,LAL,234,91.0
0040700234,2008-05-11,2007-08,1610612759,SAS,130,46.0,1610612740,NOH,130,45.0
0040700204,2008-05-12,2007-08,1610612739,CLE,228,80.0,1610612738,BOS,228,79.0
0040700215,2008-05-13,2007-08,1610612765,DET,231,83.0,1610612753,ORL,231,81.0
0040700235,2008-05-13,2007-08,1610612740,NOH,164,59.0,1610612759,SAS,164,59.0
0040700205,2008-05-14,2007-08,1610612738,BOS,195,68.0,1610612739,CLE,195,65.0
0040700225,2008-05-14,2007-08,1610612747,LAL,239,95.0,1610612762,UTA,239,94.0
0040700236,2008-05-15,2007-08,1610612759,SAS,172,63.0,1610612740,NOH,172,64.0
0040700206,2008-05-16,2007-08,1610612739,CLE,188,67.0,1610612738,BOS,188,66.0
0040700226,2008-05-16,2007-08,1610612762,UTA,129,53.0,1610612747,LAL,129,55.0
0040700207,2008-05-18,2007-08,1610612738,BOS,240,86.0,1610612739,CLE,240,84.0
0040700237,2008-05-19,2007-08,1610612740,NOH,173,66.0,1610612759,SAS,173,65.0
0040700301,2008-05-20,2007-08,1610612738,BOS,202,75.0,1610612765,DET,202,71.0
0040700311,2008-05-21,2007-08,1610612747,LAL,212,84.0,1610612759,SAS,212,80.0
0040700302,2008-05-22,2007-08,1610612738,BOS,221,77.0,1610612765,DET,221,83.0
0040700312,2008-05-23,2007-08,1610612747,LAL,136,52.0,1610612759,SAS,136,52.0
0040700303,2008-05-24,2007-08,1610612765,DET,121,39.0,1610612738,BOS,121,38.0
0040700313,2008-05-25,2007-08,1610612759,SAS,172,66.0,1610612747,LAL,172,61.0
0040700304,2008-05-26,2007-08,1610612765,DET,217,75.0,1610612738,BOS,217,76.0
0040700314,2008-05-27,2007-08,1610612759,SAS,225,84.0,1610612747,LAL,225,84.0
0040700305,2008-05-28,2007-08,1610612738,BOS,178,64.0,1610612765,DET,178,64.0
0040700315,2008-05-29,2007-08,1610612747,LAL,233,86.0,1610612759,SAS,233,84.0
0040700306,2008-05-30,2007-08,1610612765,DET,232,75.0,1610612738,BOS,232,76.0
0040700401,2008-06-05,2007-08,1610612738,BOS,223,83.0,1610612747,LAL,223,82.0
0040700402,2008-06-08,2007-08,1610612738,BOS,148,55.0,1610612747,LAL,148,53.0
0040700403,2008-06-10,2007-08,1610612747,LAL,232,88.0,1610612738,BOS,232,86.0
0040700404,2008-06-12,2007-08,1610612747,LAL,199,73.0,1610612738,BOS,199,72.0
0040700405,2008-06-15,2007-08,1610612747,LAL,217,85.0,1610612738,BOS,217,83.0
0040700406,2008-06-17,2007-08,1610612738,BOS,121,44.0,1610612747,LAL,121,44.0
