game_id,game_date,season,team_id_home,team_abbreviation_home,minutes_home,possessions_home,team_id_road,team_abbreviation_road,minutes_road,possessions_road
0020600001,2006-10-31,2006-07,1610612748,MIA,121,47.0,1610612741,CHI,121,47.0
0020600002,2006-10-31,2006-07,1610612747,LAL,184,81.0,1610612756,PHX,184,80.0
0020600003,2006-11-01,2006-07,1610612755,PHI,124,47.0,1610612737,ATL,124,47.0
0020600004,2006-11-01,2006-07,1610612766,CHA,195,88.0,1610612754,IND,195,90.0
0020600005,2006-11-01,2006-07,1610612753,ORL,126,50.0,1610612741,CHI,126,47.0
0020600006,2006-11-01,2006-07,1610612738,BOS,214,93.0,1610612740,NOK,214,96.0
0020600007,2006-11-01,2006-07,1610612751,NJN,204,92.0,1610612761,TOR,204,92.0
0020600008,2006-11-01,2006-07,1610612765,DET,193,73.0,1610612749,MIL,193,74.0
0020600009,2006-11-01,2006-07,1610612739,CLE,234,97.0,1610612764,WAS,234,94.0
0020600010,2006-11-01,2006-07,1610612763,MEM,241,92.0,1610612752,NYK,241,93.0
0020600011,2006-11-01,2006-07,1610612750,MIN,226,87.0,1610612758,SAC,226,87.0
0020600012,2006-11-01,2006-07,1610612762,UTA,161,66.0,1610612745,HOU,161,62.0
0020600013,2006-11-01,2006-07,1610612760,SEA,232,93.0,1610612757,POR,232,90.0
0020600014,2006-11-01,2006-07,1610612756,PHX,193,81.0,1610612746,LAC,193,76.0
0020600015,2006-11-01,2006-07,1610612744,GSW,171,79.0,1610612747,LAL,171,77.0
0020600016,2006-11-02,2006-07,1610612742,DAL,238,89.0,1610612759,SAS,238,89.0
0020600017,2006-11-02,2006-07,1610612746,LAC,230,101.0,1610612743,DEN,230,104.0
0020600018,2006-11-03,2006-07,1610612761,TOR,188,72.0,1610612749,MIL,188,71.0
0020600019,2006-11-03,2006-07,1610612753,ORL,240,96.0,1610612755,PHI,240,95.0
0020600020,2006-11-03,2006-07,1610612754,IND,217,79.0,1610612740,NOK,217,81.0
0020600021,2006-11-03,2006-07,1610612738,BOS,219,80.0,1610612765,DET,219,81.0
0020600022,2006-11-03,2006-07,1610612737,ATL,207,82.0,1610612752,NYK,207,79.0
0020600023,2006-11-03,2006-07,1610612748,MIA,237,92.0,1610612751,NJN,237,91.0
0020600024,2006-11-03,2006-07,1610612763,MEM,209,84.0,1610612766,CHA,209,83.0
0020600025,2006-11-03,2006-07,1610612759,SAS,199,76.0,1610612739,CLE,199,79.0
0020600026,2006-11-03,2006-07,1610612741,CHI,219,99.0,1610612758,SAC,219,98.0
0020600027,2006-11-03,2006-07,1610612743,DEN,240,104.0,1610612750,MIN,240,104.0
0020600028,2006-11-03,2006-07,1610612756,PHX,231,98.0,1610612762,UTA,231,98.0
0020600029,2006-11-03,2006-07,1610612747,LAL,240,101.0,1610612760,SEA,240,100.0
0020600030,2006-11-03,2006-07,1610612744,GSW,171,68.0,1610612757,POR,171,65.0
0020600031,2006-11-04,2006-07,1610612764,WAS,194,83.0,1610612738,BOS,194,81.0
0020600032,2006-11-04,2006-07,1610612766,CHA,230,90.0,1610612739,CLE,230,86.0
0020600033,2006-11-04,2006-07,1610612752,NYK,200,79.0,1610612754,IND,200,81.0
0020600034,2006-11-04,2006-07,1610612765,DET,219,78.0,1610612763,MEM,219,76.0
0020600035,2006-11-04,2006-07,1610612749,MIL,170,67.0,1610612758,SAC,170,65.0
0020600036,2006-11-04,2006-07,1610612745,HOU,137,48.0,1610612742,DAL,137,48.0
0020600037,2006-11-04,2006-07,1610612762,UTA,121,49.0,1610612744,GSW,121,50.0
0020600038,2006-11-04,2006-07,1610612757,POR,240,88.0,1610612750,MIN,240,88.0
0020600039,2006-11-04,2006-07,1610612746,LAC,224,95.0,1610612756,PHX,224,95.0
0020600040,2006-11-05,2006-07,1610612761,TOR,181,69.0,1610612759,SAS,181,67.0
0020600041,2006-11-05,2006-07,1610612755,PHI,189,75.0,1610612748,MIA,189,75.0
0020600042,2006-11-05,2006-07,1610612737,ATL,213,84.0,1610612753,ORL,213,85.0
0020600043,2006-11-05,2006-07,1610612740,NOK,218,86.0,1610612745,HOU,218,84.0
0020600044,2006-11-05,2006-07,1610612760,SEA,135,52.0,1610612747,LAL,135,52.0
0020600045,2006-11-06,2006-07,1610612753,ORL,240,93.0,1610612764,WAS,240,93.0
0020600046,2006-11-06,2006-07,1610612752,NYK,141,57.0,1610612759,SAS,141,57.0
0020600047,2006-11-06,2006-07,1610612741,CHI,125,51.0,1610612749,MIL,125,49.0
0020600048,2006-11-06,2006-07,1610612742,DAL,231,89.0,1610612744,GSW,231,89.0
0020600049,2006-11-06,2006-07,1610612762,UTA,238,96.0,1610612765,DET,238,96.0
0020600050,2006-11-06,2006-07,1610612758,SAC,168,68.0,1610612750,MIN,168,66.0
0020600051,2006-11-06,2006-07,1610612746,LAC,176,67.0,1610612757,POR,176,67.0
0020600052,2006-11-07,2006-07,1610612739,CLE,251,94.0,1610612737,ATL,251,95.0
0020600053,2006-11-07,2006-07,1610612754,IND,122,47.0,1610612755,PHI,122,47.0
0020600054,2006-11-07,2006-07,1610612748,MIA,237,89.0,1610612760,SEA,237,89.0
0020600055,2006-11-07,2006-07,1610612763,MEM,225,83.0,1610612745,HOU,225,84.0
0020600056,2006-11-07,2006-07,1610612740,NOK,234,90.0,1610612744,GSW,234,89.0
0020600057,2006-11-07,2006-07,1610612747,LAL,146,59.0,1610612750,MIN,146,57.0
0020600058,2006-11-08,2006-07,1610612761,TOR,240,99.0,1610612755,PHI,240,100.0
0020600059,2006-11-08,2006-07,1610612764,WAS,121,50.0,1610612754,IND,121,50.0
0020600060,2006-11-08,2006-07,1610612753,ORL,224,87.0,1610612760,SEA,224,89.0
0020600061,2006-11-08,2006-07,1610612738,BOS,262,113.0,1610612766,CHA,262,114.0
0020600062,2006-11-08,2006-07,1610612751,NJN,220,84.0,1610612762,UTA,220,84.0
0020600063,2006-11-08,2006-07,1610612749,MIL,142,50.0,1610612745,HOU,142,52.0
0020600064,2006-11-08,2006-07,1610612759,SAS,254,101.0,1610612756,PHX,254,103.0
0020600065,2006-11-08,2006-07,1610612743,DEN,219,93.0,1610612752,NYK,219,92.0
0020600066,2006-11-08,2006-07,1610612757,POR,183,70.0,1610612747,LAL,183,67.0
0020600067,2006-11-08,2006-07,1610612746,LAC,218,88.0,1610612742,DAL,218,87.0
0020600068,2006-11-08,2006-07,1610612758,SAC,200,79.0,1610612765,DET,200,77.0
0020600069,2006-11-09,2006-07,1610612739,CLE,140,57.0,1610612741,CHI,140,54.0
0020600070,2006-11-09,2006-07,1610612756,PHX,238,96.0,1610612742,DAL,238,95.0
0020600071,2006-11-09,2006-07,1610612744,GSW,215,89.0,1610612740,NOK,215,83.0
0020600072,2006-11-10,2006-07,1610612761,TOR,199,80.0,1610612737,ATL,199,81.0
0020600073,2006-11-10,2006-07,1610612755,PHI,190,83.0,1610612743,DEN,190,87.0
0020600074,2006-11-10,2006-07,1610612764,WAS,229,95.0,1610612749,MIL,229,93.0
0020600075,2006-11-10,2006-07,1610612766,CHA,176,73.0,1610612760,SEA,176,71.0
0020600076,2006-11-10,2006-07,1610612754,IND,192,76.0,1610612753,ORL,192,76.0
0020600077,2006-11-10,2006-07,1610612738,BOS,177,65.0,1610612762,UTA,177,70.0
0020600078,2006-11-10,2006-07,1610612751,NJN,231,90.0,1610612748,MIA,231,91.0
0020600079,2006-11-10,2006-07,1610612745,HOU,140,48.0,1610612752,NYK,140,48.0
0020600080,2006-11-10,2006-07,1610612757,POR,240,87.0,1610612740,NOK,240,87.0
0020600081,2006-11-10,2006-07,1610612747,LAL,148,57.0,1610612765,DET,148,56.0
0020600082,2006-11-11,2006-07,1610612737,ATL,265,99.0,1610612760,SEA,265,98.0
0020600083,2006-11-11,2006-07,1610612739,CLE,160,63.0,1610612738,BOS,160,64.0
0020600084,2006-11-11,2006-07,1610612759,SAS,201,84.0,1610612752,NYK,201,81.0
0020600085,2006-11-11,2006-07,1610612750,MIN,122,46.0,1610612753,ORL,122,48.0
0020600086,2006-11-11,2006-07,1610612741,CHI,232,84.0,1610612754,IND,232,85.0
0020600087,2006-11-11,2006-07,1610612749,MIL,132,54.0,1610612762,UTA,132,55.0
0020600088,2006-11-11,2006-07,1610612756,PHX,126,52.0,1610612763,MEM,126,51.0
0020600089,2006-11-11,2006-07,1610612744,GSW,122,44.0,1610612765,DET,122,44.0
0020600090,2006-11-12,2006-07,1610612746,LAC,209,77.0,1610612740,NOK,209,77.0
0020600091,2006-11-12,2006-07,1610612764,WAS,247,91.0,1610612751,NJN,247,89.0
0020600092,2006-11-12,2006-07,1610612766,CHA,165,75.0,1610612743,DEN,165,76.0
0020600093,2006-11-12,2006-07,1610612748,MIA,213,79.0,1610612745,HOU,213,79.0
0020600094,2006-11-12,2006-07,1610612758,SAC,121,51.0,1610612761,TOR,121,51.0
0020600095,2006-11-12,2006-07,1610612757,POR,195,64.0,1610612742,DAL,195,69.0
0020600096,2006-11-12,2006-07,1610612747,LAL,131,52.0,1610612763,MEM,131,51.0
0020600097,2006-11-13,2006-07,1610612738,BOS,240,88.0,1610612753,ORL,240,88.0
0020600098,2006-11-13,2006-07,1610612751,NJN,122,47.0,1610612760,SEA,122,48.0
0020600099,2006-11-13,2006-07,1610612752,NYK,221,79.0,1610612739,CLE,221,83.0
0020600100,2006-11-14,2006-07,1610612737,ATL,225,91.0,1610612749,MIL,225,90.0
0020600101,2006-11-14,2006-07,1610612748,MIA,213,89.0,1610612743,DEN,213,91.0
0020600102,2006-11-14,2006-07,1610612740,NOK,231,88.0,1610612766,CHA,231,88.0
0020600103,2006-11-14,2006-07,1610612750,MIN,121,51.0,1610612757,POR,121,51.0
0020600104,2006-11-14,2006-07,1610612745,HOU,187,72.0,1610612759,SAS,187,71.0
0020600105,2006-11-14,2006-07,1610612742,DAL,195,72.0,1610612741,CHI,195,70.0
0020600106,2006-11-14,2006-07,1610612762,UTA,188,73.0,1610612746,LAC,188,73.0
0020600107,2006-11-14,2006-07,1610612744,GSW,217,93.0,1610612761,TOR,217,93.0
0020600108,2006-11-15,2006-07,1610612753,ORL,229,96.0,1610612743,DEN,229,97.0
0020600109,2006-11-15,2006-07,1610612739,CLE,157,56.0,1610612757,POR,157,57.0
0020600110,2006-11-15,2006-07,1610612738,BOS,144,56.0,1610612754,IND,144,56.0
0020600111,2006-11-15,2006-07,1610612751,NJN,178,72.0,1610612749,MIL,178,70.0
0020600112,2006-11-15,2006-07,1610612752,NYK,190,77.0,1610612764,WAS,190,76.0
0020600113,2006-11-15,2006-07,1610612765,DET,240,81.0,1610612740,NOK,240,82.0
0020600114,2006-11-15,2006-07,1610612759,SAS,260,97.0,1610612766,CHA,260,100.0
0020600115,2006-11-15,2006-07,1610612758,SAC,237,96.0,1610612763,MEM,237,94.0
0020600116,2006-11-15,2006-07,1610612760,SEA,177,69.0,1610612755,PHI,177,71.0
0020600117,2006-11-16,2006-07,1610612745,HOU,140,59.0,1610612741,CHI,140,55.0
0020600118,2006-11-16,2006-07,1610612744,GSW,175,84.0,1610612758,SAC,175,82.0
0020600119,2006-11-17,2006-07,1610612754,IND,238,93.0,1610612751,NJN,238,92.0
0020600120,2006-11-17,2006-07,1610612738,BOS,178,68.0,1610612757,POR,178,67.0
0020600121,2006-11-17,2006-07,1610612748,MIA,144,59.0,1610612752,NYK,144,58.0
0020600122,2006-11-17,2006-07,1610612739,CLE,205,79.0,1610612750,MIN,205,79.0
0020600123,2006-11-17,2006-07,1610612765,DET,216,80.0,1610612764,WAS,216,78.0
0020600124,2006-11-17,2006-07,1610612763,MEM,224,83.0,1610612742,DAL,224,84.0
0020600125,2006-11-17,2006-07,1610612759,SAS,172,69.0,1610612741,CHI,172,69.0
0020600126,2006-11-17,2006-07,1610612756,PHX,151,65.0,1610612755,PHI,151,64.0
0020600127,2006-11-17,2006-07,1610612747,LAL,239,98.0,1610612761,TOR,239,98.0
0020600128,2006-11-17,2006-07,1610612760,SEA,208,80.0,1610612762,UTA,208,83.0
0020600129,2006-11-18,2006-07,1610612764,WAS,166,67.0,1610612739,CLE,166,64.0
0020600130,2006-11-18,2006-07,1610612737,ATL,264,104.0,1610612748,MIA,264,105.0
0020600131,2006-11-18,2006-07,1610612753,ORL,148,59.0,1610612766,CHA,148,58.0
0020600132,2006-11-18,2006-07,1610612751,NJN,130,46.0,1610612757,POR,130,43.0
0020600133,2006-11-18,2006-07,1610612752,NYK,202,83.0,1610612738,BOS,202,85.0
0020600134,2006-11-18,2006-07,1610612765,DET,222,81.0,1610612745,HOU,222,81.0
0020600135,2006-11-18,2006-07,1610612750,MIN,240,92.0,1610612740,NOK,240,91.0
0020600136,2006-11-18,2006-07,1610612749,MIL,231,96.0,1610612754,IND,231,97.0
0020600137,2006-11-18,2006-07,1610612742,DAL,220,83.0,1610612763,MEM,220,81.0
0020600138,2006-11-18,2006-07,1610612743,DEN,212,91.0,1610612761,TOR,212,88.0
0020600139,2006-11-18,2006-07,1610612762,UTA,235,95.0,1610612756,PHX,235,98.0
0020600140,2006-11-18,2006-07,1610612746,LAC,264,104.0,1610612755,PHI,264,104.0
0020600141,2006-11-18,2006-07,1610612744,GSW,186,81.0,1610612760,SEA,186,76.0
0020600142,2006-11-19,2006-07,1610612747,LAL,223,84.0,1610612741,CHI,223,83.0
0020600143,2006-11-19,2006-07,1610612758,SAC,167,63.0,1610612759,SAS,167,60.0
0020600144,2006-11-20,2006-07,1610612766,CHA,234,88.0,1610612742,DAL,234,88.0
0020600145,2006-11-20,2006-07,1610612752,NYK,225,80.0,1610612745,HOU,225,81.0
0020600146,2006-11-20,2006-07,1610612763,MEM,235,90.0,1610612753,ORL,235,90.0
0020600147,2006-11-20,2006-07,1610612762,UTA,217,93.0,1610612761,TOR,217,91.0
0020600148,2006-11-20,2006-07,1610612757,POR,224,83.0,1610612759,SAS,224,83.0
0020600149,2006-11-20,2006-07,1610612760,SEA,231,88.0,1610612751,NJN,231,88.0
0020600150,2006-11-20,2006-07,1610612744,GSW,238,109.0,1610612756,PHX,238,107.0
0020600151,2006-11-21,2006-07,1610612755,PHI,184,64.0,1610612765,DET,184,65.0
0020600152,2006-11-21,2006-07,1610612739,CLE,172,64.0,1610612763,MEM,172,63.0
0020600153,2006-11-21,2006-07,1610612754,IND,225,88.0,1610612749,MIL,225,89.0
0020600154,2006-11-21,2006-07,1610612740,NOK,194,79.0,1610612748,MIA,194,80.0
0020600155,2006-11-21,2006-07,1610612742,DAL,168,64.0,1610612764,WAS,168,64.0
0020600156,2006-11-21,2006-07,1610612743,DEN,217,95.0,1610612741,CHI,217,92.0
0020600157,2006-11-21,2006-07,1610612747,LAL,226,93.0,1610612746,LAC,226,90.0
0020600158,2006-11-22,2006-07,1610612761,TOR,220,81.0,1610612739,CLE,220,79.0
0020600159,2006-11-22,2006-07,1610612766,CHA,207,85.0,1610612738,BOS,207,87.0
0020600160,2006-11-22,2006-07,1610612753,ORL,228,92.0,1610612754,IND,228,90.0
0020600161,2006-11-22,2006-07,1610612765,DET,233,86.0,1610612737,ATL,233,84.0
0020600162,2006-11-22,2006-07,1610612759,SAS,122,52.0,1610612748,MIA,122,52.0
0020600163,2006-11-22,2006-07,1610612749,MIL,240,95.0,1610612755,PHI,240,95.0
0020600164,2006-11-22,2006-07,1610612750,MIN,122,44.0,1610612752,NYK,122,43.0
0020600165,2006-11-22,2006-07,1610612745,HOU,208,82.0,1610612764,WAS,208,82.0
0020600166,2006-11-22,2006-07,1610612756,PHX,185,74.0,1610612740,NOK,185,74.0
0020600167,2006-11-22,2006-07,1610612758,SAC,157,63.0,1610612762,UTA,157,62.0
0020600168,2006-11-22,2006-07,1610612757,POR,240,85.0,1610612751,NJN,240,85.0
0020600169,2006-11-22,2006-07,1610612746,LAC,216,79.0,1610612760,SEA,216,80.0
0020600170,2006-11-22,2006-07,1610612744,GSW,217,94.0,1610612743,DEN,217,92.0
0020600171,2006-11-24,2006-07,1610612738,BOS,153,59.0,1610612752,NYK,153,59.0
0020600172,2006-11-24,2006-07,1610612755,PHI,144,59.0,1610612741,CHI,144,56.0
0020600173,2006-11-24,2006-07,1610612737,ATL,198,85.0,1610612761,TOR,198,83.0
0020600174,2006-11-24,2006-07,1610612748,MIA,236,87.0,1610612753,ORL,236,88.0
0020600175,2006-11-24,2006-07,1610612765,DET,221,83.0,1610612766,CHA,221,83.0
0020600176,2006-11-24,2006-07,1610612754,IND,220,79.0,1610612739,CLE,220,78.0
0020600177,2006-11-24,2006-07,1610612763,MEM,210,82.0,1610612764,WAS,210,79.0
0020600178,2006-11-24,2006-07,1610612740,NOK,216,81.0,1610612750,MIN,216,83.0
0020600179,2006-11-24,2006-07,1610612759,SAS,240,96.0,1610612742,DAL,240,98.0
0020600180,2006-11-24,2006-07,1610612743,DEN,140,65.0,1610612744,GSW,140,63.0
0020600181,2006-11-24,2006-07,1610612762,UTA,239,95.0,1610612747,LAL,239,94.0
0020600182,2006-11-24,2006-07,1610612756,PHX,123,52.0,1610612751,NJN,123,51.0
0020600183,2006-11-24,2006-07,1610612760,SEA,177,76.0,1610612758,SAC,177,75.0
0020600184,2006-11-25,2006-07,1610612764,WAS,187,73.0,1610612765,DET,187,75.0
0020600185,2006-11-25,2006-07,1610612766,CHA,204,81.0,1610612748,MIA,204,82.0
0020600186,2006-11-25,2006-07,1610612753,ORL,122,50.0,1610612737,ATL,122,51.0
0020600187,2006-11-25,2006-07,1610612752,NYK,125,49.0,1610612741,CHI,125,48.0
0020600188,2006-11-25,2006-07,1610612739,CLE,147,66.0,1610612755,PHI,147,58.0
0020600189,2006-11-25,2006-07,1610612750,MIN,207,69.0,1610612746,LAC,207,74.0
0020600190,2006-11-25,2006-07,1610612745,HOU,182,67.0,1610612763,MEM,182,68.0
0020600191,2006-11-25,2006-07,1610612742,DAL,122,45.0,1610612740,NOK,122,46.0
0020600192,2006-11-25,2006-07,1610612749,MIL,197,76.0,1610612738,BOS,197,75.0
0020600193,2006-11-25,2006-07,1610612758,SAC,121,43.0,1610612757,POR,121,42.0
0020600194,2006-11-25,2006-07,1610612744,GSW,146,60.0,1610612762,UTA,146,61.0
0020600195,2006-11-26,2006-07,1610612761,TOR,167,63.0,1610612754,IND,167,63.0
0020600196,2006-11-26,2006-07,1610612743,DEN,149,64.0,1610612746,LAC,149,64.0
0020600197,2006-11-26,2006-07,1610612757,POR,136,51.0,1610612756,PHX,136,53.0
0020600198,2006-11-26,2006-07,1610612760,SEA,178,67.0,1610612759,SAS,178,66.0
0020600199,2006-11-26,2006-07,1610612747,LAL,219,85.0,1610612751,NJN,219,84.0
0020600200,2006-11-27,2006-07,1610612748,MIA,191,74.0,1610612755,PHI,191,73.0
0020600201,2006-11-27,2006-07,1610612742,DAL,146,55.0,1610612750,MIN,146,52.0
0020600202,2006-11-27,2006-07,1610612762,UTA,173,67.0,1610612753,ORL,173,67.0
0020600203,2006-11-27,2006-07,1610612744,GSW,207,80.0,1610612759,SAS,207,80.0
0020600204,2006-11-28,2006-07,1610612764,WAS,240,96.0,1610612737,ATL,240,96.0
0020600205,2006-11-28,2006-07,1610612751,NJN,238,93.0,1610612766,CHA,238,94.0
0020600206,2006-11-28,2006-07,1610612740,NOK,171,59.0,1610612761,TOR,171,60.0
0020600207,2006-11-28,2006-07,1610612741,CHI,216,88.0,1610612752,NYK,216,88.0
0020600208,2006-11-28,2006-07,1610612745,HOU,223,74.0,1610612750,MIN,223,75.0
0020600209,2006-11-28,2006-07,1610612743,DEN,206,89.0,1610612763,MEM,206,90.0
0020600210,2006-11-28,2006-07,1610612758,SAC,219,78.0,1610612746,LAC,219,78.0
0020600211,2006-11-28,2006-07,1610612757,POR,216,76.0,1610612754,IND,216,77.0
0020600212,2006-11-28,2006-07,1610612747,LAL,212,84.0,1610612749,MIL,212,91.0
0020600213,2006-11-29,2006-07,1610612737,ATL,152,54.0,1610612766,CHA,152,57.0
0020600214,2006-11-29,2006-07,1610612739,CLE,240,93.0,1610612752,NYK,240,93.0
0020600215,2006-11-29,2006-07,1610612738,BOS,213,80.0,1610612751,NJN,213,77.0
0020600216,2006-11-29,2006-07,1610612742,DAL,159,61.0,1610612761,TOR,159,60.0
0020600217,2006-11-29,2006-07,1610612762,UTA,227,75.0,1610612759,SAS,227,74.0
0020600218,2006-11-29,2006-07,1610612756,PHX,210,87.0,1610612745,HOU,210,86.0
0020600219,2006-11-29,2006-07,1610612760,SEA,199,71.0,1610612753,ORL,199,71.0
0020600220,2006-11-29,2006-07,1610612746,LAC,149,56.0,1610612763,MEM,149,55.0
0020600221,2006-11-29,2006-07,1610612744,GSW,240,105.0,1610612754,IND,240,106.0
0020600222,2006-11-30,2006-07,1610612748,MIA,238,81.0,1610612765,DET,238,82.0
0020600223,2006-11-30,2006-07,1610612747,LAL,151,61.0,1610612762,UTA,151,60.0
0020600224,2006-12-01,2006-07,1610612761,TOR,235,89.0,1610612738,BOS,235,87.0
0020600225,2006-12-01,2006-07,1610612764,WAS,183,76.0,1610612766,CHA,183,76.0
0020600226,2006-12-01,2006-07,1610612737,ATL,211,83.0,1610612739,CLE,211,85.0
0020600227,2006-12-01,2006-07,1610612765,DET,187,71.0,1610612752,NYK,187,68.0
0020600228,2006-12-01,2006-07,1610612740,NOK,170,70.0,1610612741,CHI,170,75.0
0020600229,2006-12-01,2006-07,1610612750,MIN,161,66.0,1610612743,DEN,161,65.0
0020600230,2006-12-01,2006-07,1610612742,DAL,122,52.0,1610612758,SAC,122,51.0
0020600231,2006-12-01,2006-07,1610612756,PHX,224,94.0,1610612749,MIL,224,93.0
0020600232,2006-12-01,2006-07,1610612757,POR,240,89.0,1610612753,ORL,240,89.0
0020600233,2006-12-01,2006-07,1610612760,SEA,240,97.0,1610612754,IND,240,98.0
0020600234,2006-12-02,2006-07,1610612751,NJN,180,74.0,1610612755,PHI,180,69.0
0020600235,2006-12-02,2006-07,1610612752,NYK,235,96.0,1610612761,TOR,235,97.0
0020600236,2006-12-02,2006-07,1610612763,MEM,239,91.0,1610612748,MIA,239,92.0
0020600237,2006-12-02,2006-07,1610612759,SAS,214,90.0,1610612758,SAC,214,91.0
0020600238,2006-12-02,2006-07,1610612741,CHI,122,50.0,1610612764,WAS,122,49.0
0020600239,2006-12-02,2006-07,1610612745,HOU,124,46.0,1610612739,CLE,124,47.0
0020600240,2006-12-02,2006-07,1610612743,DEN,149,64.0,1610612754,IND,149,63.0
0020600241,2006-12-02,2006-07,1610612762,UTA,195,83.0,1610612760,SEA,195,81.0
0020600242,2006-12-02,2006-07,1610612746,LAC,196,75.0,1610612747,LAL,196,77.0
0020600243,2006-12-02,2006-07,1610612744,GSW,234,99.0,1610612749,MIL,234,99.0
0020600244,2006-12-03,2006-07,1610612755,PHI,219,85.0,1610612750,MIN,219,86.0
0020600245,2006-12-03,2006-07,1610612766,CHA,216,84.0,1610612765,DET,216,83.0
0020600246,2006-12-03,2006-07,1610612757,POR,171,64.0,1610612737,ATL,171,68.0
0020600247,2006-12-03,2006-07,1610612746,LAC,145,60.0,1610612753,ORL,145,59.0
0020600248,2006-12-04,2006-07,1610612764,WAS,122,45.0,1610612742,DAL,122,46.0
0020600249,2006-12-04,2006-07,1610612752,NYK,145,59.0,1610612763,MEM,145,57.0
0020600250,2006-12-04,2006-07,1610612759,SAS,123,48.0,1610612744,GSW,123,48.0
0020600251,2006-12-04,2006-07,1610612741,CHI,122,46.0,1610612738,BOS,122,46.0
0020600252,2006-12-04,2006-07,1610612762,UTA,127,52.0,1610612749,MIL,127,52.0
0020600253,2006-12-04,2006-07,1610612758,SAC,237,90.0,1610612753,ORL,237,89.0
0020600254,2006-12-04,2006-07,1610612747,LAL,121,47.0,1610612754,IND,121,47.0
0020600255,2006-12-05,2006-07,1610612751,NJN,176,68.0,1610612742,DAL,176,69.0
0020600256,2006-12-05,2006-07,1610612765,DET,240,81.0,1610612757,POR,240,80.0
0020600257,2006-12-05,2006-07,1610612745,HOU,121,52.0,1610612744,GSW,121,51.0
0020600258,2006-12-05,2006-07,1610612756,PHX,129,56.0,1610612758,SAC,129,56.0
0020600259,2006-12-05,2006-07,1610612760,SEA,153,60.0,1610612737,ATL,153,60.0
0020600260,2006-12-05,2006-07,1610612746,LAC,205,86.0,1610612748,MIA,205,83.0
0020600261,2006-12-06,2006-07,1610612766,CHA,171,61.0,1610612759,SAS,171,60.0
0020600262,2006-12-06,2006-07,1610612739,CLE,239,88.0,1610612761,TOR,239,87.0
0020600263,2006-12-06,2006-07,1610612754,IND,167,62.0,1610612753,ORL,167,62.0
0020600264,2006-12-06,2006-07,1610612738,BOS,196,71.0,1610612763,MEM,196,72.0
0020600265,2006-12-06,2006-07,1610612752,NYK,129,52.0,1610612764,WAS,129,54.0
0020600266,2006-12-06,2006-07,1610612749,MIL,257,88.0,1610612757,POR,257,88.0
0020600267,2006-12-06,2006-07,1610612750,MIN,225,90.0,1610612745,HOU,225,88.0
0020600268,2006-12-06,2006-07,1610612741,CHI,121,54.0,1610612755,PHI,121,54.0
0020600269,2006-12-06,2006-07,1610612743,DEN,211,88.0,1610612737,ATL,211,87.0
0020600270,2006-12-06,2006-07,1610612747,LAL,227,91.0,1610612740,NOK,227,91.0
0020600271,2006-12-07,2006-07,1610612751,NJN,286,126.0,1610612756,PHX,286,126.0
0020600272,2006-12-07,2006-07,1610612742,DAL,151,53.0,1610612765,DET,151,54.0
0020600273,2006-12-07,2006-07,1610612758,SAC,238,92.0,1610612748,MIA,238,93.0
0020600274,2006-12-08,2006-07,1610612766,CHA,121,47.0,1610612745,HOU,121,46.0
0020600275,2006-12-08,2006-07,1610612753,ORL,240,90.0,1610612765,DET,240,90.0
0020600276,2006-12-08,2006-07,1610612754,IND,195,78.0,1610612757,POR,195,76.0
0020600277,2006-12-08,2006-07,1610612738,BOS,240,98.0,1610612756,PHX,240,100.0
0020600278,2006-12-08,2006-07,1610612755,PHI,184,70.0,1610612764,WAS,184,71.0
0020600279,2006-12-08,2006-07,1610612759,SAS,121,47.0,1610612746,LAC,121,48.0
0020600280,2006-12-08,2006-07,1610612750,MIN,209,80.0,1610612762,UTA,209,77.0
0020600281,2006-12-08,2006-07,1610612741,CHI,228,96.0,1610612761,TOR,228,92.0
0020600282,2006-12-08,2006-07,1610612749,MIL,145,53.0,1610612763,MEM,145,51.0
0020600283,2006-12-08,2006-07,1610612743,DEN,121,48.0,1610612748,MIA,121,47.0
0020600284,2006-12-08,2006-07,1610612747,LAL,179,72.0,1610612737,ATL,179,69.0
0020600285,2006-12-08,2006-07,1610612760,SEA,146,61.0,1610612740,NOK,146,60.0
0020600286,2006-12-09,2006-07,1610612764,WAS,227,88.0,1610612745,HOU,227,91.0
0020600287,2006-12-09,2006-07,1610612753,ORL,240,81.0,1610612755,PHI,240,81.0
0020600288,2006-12-09,2006-07,1610612751,NJN,240,90.0,1610612738,BOS,240,89.0
0020600289,2006-12-09,2006-07,1610612752,NYK,194,82.0,1610612749,MIL,194,77.0
0020600290,2006-12-09,2006-07,1610612739,CLE,122,49.0,1610612754,IND,122,49.0
0020600291,2006-12-09,2006-07,1610612763,MEM,207,77.0,1610612746,LAC,207,82.0
0020600292,2006-12-09,2006-07,1610612741,CHI,140,50.0,1610612750,MIN,140,53.0
0020600293,2006-12-09,2006-07,1610612742,DAL,122,47.0,1610612743,DEN,122,48.0
0020600294,2006-12-09,2006-07,1610612744,GSW,179,71.0,1610612740,NOK,179,70.0
0020600295,2006-12-10,2006-07,1610612761,TOR,183,67.0,1610612757,POR,183,67.0
0020600296,2006-12-10,2006-07,1610612766,CHA,138,57.0,1610612756,PHX,138,56.0
0020600297,2006-12-10,2006-07,1610612758,SAC,124,51.0,1610612737,ATL,124,51.0
0020600298,2006-12-10,2006-07,1610612760,SEA,227,89.0,1610612744,GSW,227,90.0
0020600299,2006-12-10,2006-07,1610612747,LAL,212,86.0,1610612759,SAS,212,83.0
0020600300,2006-12-11,2006-07,1610612755,PHI,240,90.0,1610612757,POR,240,89.0
0020600301,2006-12-11,2006-07,1610612753,ORL,146,60.0,1610612756,PHX,146,60.0
0020600302,2006-12-11,2006-07,1610612751,NJN,136,51.0,1610612763,MEM,136,51.0
0020600303,2006-12-11,2006-07,1610612752,NYK,138,52.0,1610612738,BOS,138,53.0
0020600304,2006-12-11,2006-07,1610612748,MIA,148,62.0,1610612761,TOR,148,62.0
0020600305,2006-12-11,2006-07,1610612740,NOK,238,80.0,1610612739,CLE,238,79.0
0020600306,2006-12-11,2006-07,1610612741,CHI,132,50.0,1610612754,IND,132,48.0
0020600307,2006-12-11,2006-07,1610612762,UTA,151,56.0,1610612742,DAL,151,56.0
0020600308,2006-12-11,2006-07,1610612746,LAC,122,48.0,1610612759,SAS,122,47.0
0020600309,2006-12-12,2006-07,1610612737,ATL,193,79.0,1610612743,DEN,193,79.0
0020600310,2006-12-12,2006-07,1610612749,MIL,240,89.0,1610612760,SEA,240,90.0
0020600311,2006-12-12,2006-07,1610612745,HOU,173,70.0,1610612747,LAL,173,72.0
0020600312,2006-12-12,2006-07,1610612744,GSW,141,60.0,1610612758,SAC,141,59.0
0020600313,2006-12-13,2006-07,1610612755,PHI,158,62.0,1610612738,BOS,158,61.0
0020600314,2006-12-13,2006-07,1610612764,WAS,167,68.0,1610612743,DEN,167,68.0
0020600315,2006-12-13,2006-07,1610612753,ORL,226,80.0,1610612761,TOR,226,84.0
0020600316,2006-12-13,2006-07,1610612748,MIA,123,44.0,1610612756,PHX,123,44.0
0020600317,2006-12-13,2006-07,1610612739,CLE,230,93.0,1610612766,CHA,230,89.0
0020600318,2006-12-13,2006-07,1610612754,IND,197,72.0,1610612765,DET,197,70.0
0020600319,2006-12-13,2006-07,1610612751,NJN,199,73.0,1610612749,MIL,199,73.0
0020600320,2006-12-13,2006-07,1610612752,NYK,154,54.0,1610612737,ATL,154,53.0
0020600321,2006-12-13,2006-07,1610612763,MEM,197,70.0,1610612757,POR,197,72.0
0020600322,2006-12-13,2006-07,1610612759,SAS,216,78.0,1610612750,MIN,216,79.0
0020600323,2006-12-13,2006-07,1610612741,CHI,122,45.0,1610612760,SEA,122,45.0
0020600324,2006-12-13,2006-07,1610612742,DAL,209,81.0,1610612747,LAL,209,81.0
0020600325,2006-12-13,2006-07,1610612746,LAC,189,69.0,1610612762,UTA,189,70.0
0020600326,2006-12-14,2006-07,1610612766,CHA,186,72.0,1610612753,ORL,186,69.0
0020600327,2006-12-14,2006-07,1610612740,NOK,131,45.0,1610612759,SAS,131,46.0
0020600328,2006-12-14,2006-07,1610612744,GSW,224,102.0,1610612745,HOU,224,100.0
0020600329,2006-12-15,2006-07,1610612761,TOR,210,78.0,1610612751,NJN,210,76.0
0020600330,2006-12-15,2006-07,1610612764,WAS,214,80.0,1610612748,MIA,214,79.0
0020600331,2006-12-15,2006-07,1610612754,IND,122,46.0,1610612752,NYK,122,46.0
0020600332,2006-12-15,2006-07,1610612738,BOS,161,65.0,1610612743,DEN,161,59.0
0020600333,2006-12-15,2006-07,1610612739,CLE,122,52.0,1610612760,SEA,122,51.0
0020600334,2006-12-15,2006-07,1610612763,MEM,191,71.0,1610612737,ATL,191,71.0
0020600335,2006-12-15,2006-07,1610612742,DAL,163,60.0,1610612755,PHI,163,58.0
0020600336,2006-12-15,2006-07,1610612741,CHI,220,98.0,1610612749,MIL,220,96.0
0020600337,2006-12-15,2006-07,1610612762,UTA,180,72.0,1610612758,SAC,180,71.0
0020600338,2006-12-15,2006-07,1610612756,PHX,237,109.0,1610612744,GSW,237,109.0
0020600339,2006-12-15,2006-07,1610612757,POR,186,68.0,1610612746,LAC,186,65.0
0020600340,2006-12-15,2006-07,1610612747,LAL,240,94.0,1610612745,HOU,240,93.0
0020600341,2006-12-16,2006-07,1610612766,CHA,239,96.0,1610612738,BOS,239,97.0
0020600342,2006-12-16,2006-07,1610612737,ATL,244,95.0,1610612741,CHI,244,92.0
0020600343,2006-12-16,2006-07,1610612753,ORL,218,79.0,1610612739,CLE,218,78.0
0020600344,2006-12-16,2006-07,1610612752,NYK,129,57.0,1610612743,DEN,129,56.0
0020600345,2006-12-16,2006-07,1610612748,MIA,180,66.0,1610612763,MEM,180,66.0
0020600346,2006-12-16,2006-07,1610612751,NJN,236,86.0,1610612765,DET,236,87.0
0020600347,2006-12-16,2006-07,1610612740,NOK,206,78.0,1610612742,DAL,206,81.0
0020600348,2006-12-16,2006-07,1610612759,SAS,202,80.0,1610612755,PHI,202,76.0
0020600349,2006-12-16,2006-07,1610612749,MIL,240,93.0,1610612750,MIN,240,90.0
0020600350,2006-12-16,2006-07,1610612758,SAC,203,82.0,1610612756,PHX,203,85.0
0020600351,2006-12-17,2006-07,1610612761,TOR,200,85.0,1610612744,GSW,200,80.0
0020600352,2006-12-17,2006-07,1610612754,IND,145,57.0,1610612762,UTA,145,58.0
0020600353,2006-12-17,2006-07,1610612746,LAC,206,76.0,1610612745,HOU,206,82.0
0020600354,2006-12-17,2006-07,1610612765,DET,240,89.0,1610612760,SEA,240,90.0
0020600355,2006-12-17,2006-07,1610612747,LAL,211,88.0,1610612764,WAS,211,95.0
0020600356,2006-12-18,2006-07,1610612751,NJN,216,94.0,1610612744,GSW,216,93.0
0020600357,2006-12-18,2006-07,1610612752,NYK,254,101.0,1610612762,UTA,254,101.0
0020600358,2006-12-18,2006-07,1610612748,MIA,230,84.0,1610612740,NOK,230,84.0
0020600359,2006-12-18,2006-07,1610612763,MEM,283,117.0,1610612760,SEA,283,113.0
0020600360,2006-12-18,2006-07,1610612743,DEN,149,65.0,1610612764,WAS,149,65.0
0020600361,2006-12-18,2006-07,1610612758,SAC,171,61.0,1610612742,DAL,171,62.0
0020600362,2006-12-19,2006-07,1610612741,CHI,236,95.0,1610612747,LAL,236,93.0
0020600363,2006-12-19,2006-07,1610612756,PHX,139,58.0,1610612761,TOR,139,58.0
0020600364,2006-12-20,2006-07,1610612755,PHI,237,86.0,1610612754,IND,237,86.0
0020600365,2006-12-20,2006-07,1610612737,ATL,187,78.0,1610612762,UTA,187,76.0
0020600366,2006-12-20,2006-07,1610612753,ORL,233,88.0,1610612740,NOK,233,87.0
0020600367,2006-12-20,2006-07,1610612738,BOS,234,90.0,1610612744,GSW,234,91.0
0020600368,2006-12-20,2006-07,1610612752,NYK,290,110.0,1610612766,CHA,290,108.0
0020600369,2006-12-20,2006-07,1610612751,NJN,197,80.0,1610612739,CLE,197,77.0
0020600370,2006-12-20,2006-07,1610612749,MIL,172,66.0,1610612748,MIA,172,67.0
0020600371,2006-12-20,2006-07,1610612759,SAS,226,82.0,1610612763,MEM,226,79.0
0020600372,2006-12-20,2006-07,1610612750,MIN,211,77.0,1610612747,LAL,211,78.0
0020600374,2006-12-20,2006-07,1610612757,POR,212,80.0,1610612745,HOU,212,74.0
0020600375,2006-12-20,2006-07,1610612746,LAC,240,91.0,1610612761,TOR,240,88.0
0020600376,2006-12-20,2006-07,1610612760,SEA,221,78.0,1610612742,DAL,221,78.0
0020600377,2006-12-21,2006-07,1610612739,CLE,197,73.0,1610612765,DET,197,74.0
0020600378,2006-12-21,2006-07,1610612758,SAC,181,77.0,1610612764,WAS,181,79.0
0020600379,2006-12-22,2006-07,1610612766,CHA,145,60.0,1610612762,UTA,145,57.0
0020600380,2006-12-22,2006-07,1610612753,ORL,231,92.0,1610612744,GSW,231,96.0
0020600381,2006-12-22,2006-07,1610612751,NJN,221,83.0,1610612747,LAL,221,83.0
0020600382,2006-12-22,2006-07,1610612752,NYK,169,66.0,1610612741,CHI,169,67.0
0020600383,2006-12-22,2006-07,1610612737,ATL,179,70.0,1610612754,IND,179,70.0
0020600384,2006-12-22,2006-07,1610612738,BOS,206,69.0,1610612755,PHI,206,74.0
0020600385,2006-12-22,2006-07,1610612740,NOK,265,96.0,1610612763,MEM,265,95.0
0020600386,2006-12-22,2006-07,1610612759,SAS,121,47.0,1610612745,HOU,121,46.0
0020600387,2006-12-22,2006-07,1610612750,MIN,240,103.0,1610612749,MIL,240,102.0
0020600388,2006-12-22,2006-07,1610612742,DAL,121,46.0,1610612746,LAC,121,47.0
0020600389,2006-12-22,2006-07,1610612743,DEN,238,100.0,1610612758,SAC,238,103.0
0020600390,2006-12-22,2006-07,1610612757,POR,265,102.0,1610612761,TOR,265,103.0
0020600391,2006-12-22,2006-07,1610612756,PHX,250,108.0,1610612764,WAS,250,111.0
0020600392,2006-12-23,2006-07,1610612754,IND,238,90.0,1610612750,MIN,238,90.0
0020600393,2006-12-23,2006-07,1610612755,PHI,133,53.0,1610612752,NYK,133,52.0
0020600394,2006-12-23,2006-07,1610612748,MIA,139,61.0,1610612744,GSW,139,61.0
0020600395,2006-12-23,2006-07,1610612765,DET,135,48.0,1610612737,ATL,135,49.0
0020600396,2006-12-23,2006-07,1610612739,CLE,238,90.0,1610612753,ORL,238,89.0
0020600397,2006-12-23,2006-07,1610612763,MEM,240,92.0,1610612762,UTA,240,91.0
0020600398,2006-12-23,2006-07,1610612740,NOK,126,49.0,1610612759,SAS,126,50.0
0020600399,2006-12-23,2006-07,1610612741,CHI,121,49.0,1610612766,CHA,121,50.0
0020600400,2006-12-23,2006-07,1610612749,MIL,123,46.0,1610612751,NJN,123,46.0
0020600401,2006-12-23,2006-07,1610612745,HOU,218,79.0,1610612746,LAC,218,81.0
0020600402,2006-12-23,2006-07,1610612760,SEA,203,77.0,1610612761,TOR,203,80.0
0020600403,2006-12-25,2006-07,1610612748,MIA,164,63.0,1610612747,LAL,164,64.0
0020600404,2006-12-26,2006-07,1610612764,WAS,122,50.0,1610612763,MEM,122,49.0
0020600405,2006-12-26,2006-07,1610612754,IND,239,94.0,1610612745,HOU,239,95.0
0020600406,2006-12-26,2006-07,1610612765,DET,240,88.0,1610612751,NJN,240,88.0
0020600407,2006-12-26,2006-07,1610612759,SAS,228,90.0,1610612749,MIL,228,90.0
0020600408,2006-12-26,2006-07,1610612750,MIN,140,57.0,1610612741,CHI,140,56.0
0020600409,2006-12-26,2006-07,1610612742,DAL,167,65.0,1610612766,CHA,167,65.0
0020600410,2006-12-26,2006-07,1610612743,DEN,147,65.0,1610612738,BOS,147,65.0
0020600411,2006-12-26,2006-07,1610612762,UTA,209,82.0,1610612746,LAC,209,78.0
0020600412,2006-12-26,2006-07,1610612756,PHX,122,46.0,1610612757,POR,122,45.0
0020600413,2006-12-26,2006-07,1610612760,SEA,232,93.0,1610612740,NOK,232,91.0
0020600414,2006-12-26,2006-07,1610612744,GSW,121,54.0,1610612755,PHI,121,54.0
0020600415,2006-12-27,2006-07,1610612761,TOR,240,89.0,1610612750,MIN,240,90.0
0020600416,2006-12-27,2006-07,1610612766,CHA,236,100.0,1610612764,WAS,236,100.0
0020600417,2006-12-27,2006-07,1610612737,ATL,174,68.0,1610612739,CLE,174,70.0
0020600418,2006-12-27,2006-07,1610612753,ORL,211,80.0,1610612747,LAL,211,81.0
0020600419,2006-12-27,2006-07,1610612751,NJN,136,48.0,1610612745,HOU,136,49.0
0020600420,2006-12-27,2006-07,1610612752,NYK,314,126.0,1610612765,DET,314,126.0
0020600421,2006-12-27,2006-07,1610612763,MEM,153,61.0,1610612749,MIL,153,60.0
0020600422,2006-12-27,2006-07,1610612741,CHI,232,92.0,1610612748,MIA,232,92.0
0020600423,2006-12-27,2006-07,1610612758,SAC,139,52.0,1610612755,PHI,139,51.0
0020600424,2006-12-27,2006-07,1610612757,POR,150,55.0,1610612740,NOK,150,54.0
0020600425,2006-12-27,2006-07,1610612746,LAC,142,53.0,1610612738,BOS,142,54.0
0020600426,2006-12-28,2006-07,1610612742,DAL,235,98.0,1610612756,PHX,235,96.0
0020600427,2006-12-28,2006-07,1610612759,SAS,121,46.0,1610612762,UTA,121,45.0
0020600428,2006-12-28,2006-07,1610612743,DEN,189,78.0,1610612760,SEA,189,77.0
0020600429,2006-12-29,2006-07,1610612761,TOR,187,77.0,1610612741,CHI,187,79.0
0020600430,2006-12-29,2006-07,1610612764,WAS,240,96.0,1610612753,ORL,240,96.0
0020600431,2006-12-29,2006-07,1610612766,CHA,313,120.0,1610612747,LAL,313,120.0
0020600432,2006-12-29,2006-07,1610612748,MIA,158,59.0,1610612751,NJN,158,59.0
0020600433,2006-12-29,2006-07,1610612739,CLE,168,67.0,1610612749,MIL,168,66.0
0020600434,2006-12-29,2006-07,1610612765,DET,219,82.0,1610612754,IND,219,86.0
0020600435,2006-12-29,2006-07,1610612740,NOK,232,94.0,1610612743,DEN,232,94.0
0020600436,2006-12-29,2006-07,1610612750,MIN,121,50.0,1610612760,SEA,121,49.0
0020600437,2006-12-29,2006-07,1610612745,HOU,124,43.0,1610612737,ATL,124,44.0
0020600438,2006-12-29,2006-07,1610612756,PHX,121,49.0,1610612752,NYK,121,49.0
0020600439,2006-12-29,2006-07,1610612757,POR,202,75.0,1610612755,PHI,202,80.0
0020600440,2006-12-29,2006-07,1610612746,LAC,169,64.0,1610612758,SAC,169,62.0
0020600441,2006-12-29,2006-07,1610612744,GSW,178,75.0,1610612738,BOS,178,75.0
0020600442,2006-12-30,2006-07,1610612753,ORL,137,48.0,1610612748,MIA,137,47.0
0020600443,2006-12-30,2006-07,1610612754,IND,212,83.0,1610612766,CHA,212,83.0
0020600444,2006-12-30,2006-07,1610612751,NJN,190,66.0,1610612750,MIN,190,64.0
0020600445,2006-12-30,2006-07,1610612763,MEM,230,102.0,1610612761,TOR,230,100.0
0020600446,2006-12-30,2006-07,1610612741,CHI,185,76.0,1610612739,CLE,185,74.0
0020600447,2006-12-30,2006-07,1610612749,MIL,206,88.0,1610612764,WAS,206,87.0
0020600448,2006-12-30,2006-07,1610612742,DAL,122,45.0,1610612740,NOK,122,44.0
0020600449,2006-12-30,2006-07,1610612762,UTA,151,57.0,1610612757,POR,151,53.0
0020600450,2006-12-30,2006-07,1610612758,SAC,121,53.0,1610612744,GSW,121,53.0
0020600451,2006-12-31,2006-07,1610612759,SAS,185,72.0,1610612737,ATL,185,71.0
0020600452,2006-12-31,2006-07,1610612746,LAC,132,47.0,1610612752,NYK,132,47.0
0020600453,2006-12-31,2006-07,1610612765,DET,232,88.0,1610612756,PHX,232,91.0
0020600454,2006-12-31,2006-07,1610612745,HOU,215,86.0,1610612763,MEM,215,84.0
0020600455,2006-12-31,2006-07,1610612743,DEN,240,100.0,1610612742,DAL,240,100.0
0020600456,2006-12-31,2006-07,1610612747,LAL,165,61.0,1610612755,PHI,165,62.0
0020600457,2006-12-31,2006-07,1610612760,SEA,160,63.0,1610612738,BOS,160,60.0
0020600458,2007-01-01,2006-07,1610612766,CHA,226,84.0,1610612750,MIN,226,88.0
0020600459,2007-01-01,2006-07,1610612757,POR,222,85.0,1610612738,BOS,222,86.0
0020600460,2007-01-02,2006-07,1610612753,ORL,222,80.0,1610612746,LAC,222,79.0
0020600461,2007-01-02,2006-07,1610612739,CLE,235,90.0,1610612759,SAS,235,89.0
0020600462,2007-01-02,2006-07,1610612740,NOK,208,79.0,1610612744,GSW,208,80.0
0020600463,2007-01-02,2006-07,1610612741,CHI,210,87.0,1610612756,PHX,210,86.0
0020600464,2007-01-02,2006-07,1610612742,DAL,185,65.0,1610612760,SEA,185,67.0
0020600465,2007-01-02,2006-07,1610612743,DEN,191,83.0,1610612755,PHI,191,86.0
0020600466,2007-01-02,2006-07,1610612758,SAC,209,77.0,1610612752,NYK,209,75.0
0020600467,2007-01-03,2006-07,1610612761,TOR,216,88.0,1610612756,PHX,216,88.0
0020600468,2007-01-03,2006-07,1610612764,WAS,240,98.0,1610612749,MIL,240,98.0
0020600469,2007-01-03,2006-07,1610612738,BOS,236,96.0,1610612739,CLE,236,98.0
0020600470,2007-01-03,2006-07,1610612748,MIA,133,53.0,1610612746,LAC,133,53.0
0020600471,2007-01-03,2006-07,1610612763,MEM,230,102.0,1610612744,GSW,230,100.0
0020600472,2007-01-03,2006-07,1610612750,MIN,221,75.0,1610612759,SAS,221,75.0
0020600473,2007-01-03,2006-07,1610612745,HOU,213,79.0,1610612760,SEA,213,73.0
0020600474,2007-01-03,2006-07,1610612762,UTA,201,76.0,1610612755,PHI,201,75.0
0020600475,2007-01-03,2006-07,1610612757,POR,162,59.0,1610612752,NYK,162,59.0
0020600476,2007-01-04,2006-07,1610612740,NOK,122,45.0,1610612765,DET,122,45.0
0020600477,2007-01-04,2006-07,1610612742,DAL,232,88.0,1610612754,IND,232,87.0
0020600478,2007-01-04,2006-07,1610612758,SAC,204,91.0,1610612747,LAL,204,87.0
0020600479,2007-01-05,2006-07,1610612761,TOR,163,59.0,1610612737,ATL,163,58.0
0020600480,2007-01-05,2006-07,1610612764,WAS,144,60.0,1610612746,LAC,144,61.0
0020600481,2007-01-05,2006-07,1610612753,ORL,174,65.0,1610612766,CHA,174,66.0
0020600482,2007-01-05,2006-07,1610612751,NJN,240,102.0,1610612741,CHI,240,102.0
0020600483,2007-01-05,2006-07,1610612763,MEM,185,76.0,1610612738,BOS,185,80.0
0020600484,2007-01-05,2006-07,1610612759,SAS,240,85.0,1610612742,DAL,240,84.0
0020600485,2007-01-05,2006-07,1610612750,MIN,263,96.0,1610612755,PHI,263,98.0
0020600486,2007-01-05,2006-07,1610612749,MIL,232,84.0,1610612739,CLE,232,84.0
0020600487,2007-01-05,2006-07,1610612745,HOU,139,51.0,1610612762,UTA,139,51.0
0020600488,2007-01-05,2006-07,1610612756,PHX,135,49.0,1610612748,MIA,135,49.0
0020600489,2007-01-05,2006-07,1610612747,LAL,129,55.0,1610612743,DEN,129,56.0
0020600490,2007-01-05,2006-07,1610612760,SEA,121,48.0,1610612752,NYK,121,47.0
0020600491,2007-01-06,2006-07,1610612737,ATL,215,76.0,1610612746,LAC,215,75.0
0020600492,2007-01-06,2006-07,1610612739,CLE,235,92.0,1610612751,NJN,235,92.0
0020600493,2007-01-06,2006-07,1610612740,NOK,237,84.0,1610612754,IND,237,87.0
0020600494,2007-01-06,2006-07,1610612741,CHI,137,54.0,1610612765,DET,137,52.0
0020600495,2007-01-06,2006-07,1610612743,DEN,182,72.0,1610612762,UTA,182,73.0
0020600496,2007-01-06,2006-07,1610612758,SAC,258,101.0,1610612757,POR,258,101.0
0020600497,2007-01-06,2006-07,1610612744,GSW,240,99.0,1610612760,SEA,240,99.0
0020600498,2007-01-07,2006-07,1610612761,TOR,172,66.0,1610612764,WAS,172,66.0
0020600499,2007-01-07,2006-07,1610612750,MIN,261,100.0,1610612745,HOU,261,97.0
0020600500,2007-01-07,2006-07,1610612763,MEM,162,65.0,1610612759,SAS,162,64.0
0020600501,2007-01-07,2006-07,1610612753,ORL,183,75.0,1610612738,BOS,183,78.0
0020600502,2007-01-07,2006-07,1610612756,PHX,138,72.0,1610612744,GSW,138,72.0
0020600503,2007-01-07,2006-07,1610612757,POR,219,80.0,1610612748,MIA,219,79.0
0020600504,2007-01-07,2006-07,1610612747,LAL,240,94.0,1610612742,DAL,240,93.0
0020600505,2007-01-08,2006-07,1610612740,NOK,211,75.0,1610612746,LAC,211,76.0
0020600506,2007-01-08,2006-07,1610612741,CHI,240,90.0,1610612745,HOU,240,89.0
0020600507,2007-01-08,2006-07,1610612743,DEN,181,78.0,1610612749,MIL,181,74.0
0020600508,2007-01-09,2006-07,1610612755,PHI,162,55.0,1610612765,DET,162,53.0
0020600509,2007-01-09,2006-07,1610612754,IND,168,58.0,1610612737,ATL,168,59.0
0020600510,2007-01-09,2006-07,1610612751,NJN,187,71.0,1610612761,TOR,187,71.0
0020600511,2007-01-09,2006-07,1610612763,MEM,159,78.0,1610612747,LAL,159,78.0
0020600512,2007-01-09,2006-07,1610612759,SAS,160,57.0,1610612757,POR,160,57.0
0020600513,2007-01-09,2006-07,1610612762,UTA,240,97.0,1610612742,DAL,240,96.0
0020600514,2007-01-09,2006-07,1610612756,PHX,185,77.0,1610612760,SEA,185,76.0
0020600515,2007-01-09,2006-07,1610612758,SAC,169,57.0,1610612739,CLE,169,60.0
0020600516,2007-01-10,2006-07,1610612764,WAS,209,78.0,1610612741,CHI,209,77.0
0020600517,2007-01-10,2006-07,1610612737,ATL,174,65.0,1610612740,NOK,174,65.0
0020600518,2007-01-10,2006-07,1610612738,BOS,180,74.0,1610612754,IND,180,74.0
0020600519,2007-01-10,2006-07,1610612752,NYK,130,50.0,1610612755,PHI,130,49.0
0020600520,2007-01-10,2006-07,1610612765,DET,202,70.0,1610612766,CHA,202,71.0
0020600521,2007-01-10,2006-07,1610612749,MIL,148,56.0,1610612761,TOR,148,53.0
0020600522,2007-01-10,2006-07,1610612750,MIN,240,92.0,1610612746,LAC,240,93.0
0020600523,2007-01-10,2006-07,1610612745,HOU,173,66.0,1610612747,LAL,173,67.0
0020600524,2007-01-10,2006-07,1610612742,DAL,134,48.0,1610612757,POR,134,47.0
0020600525,2007-01-10,2006-07,1610612743,DEN,224,88.0,1610612759,SAS,224,89.0
0020600526,2007-01-10,2006-07,1610612760,SEA,240,90.0,1610612748,MIA,240,91.0
0020600527,2007-01-10,2006-07,1610612744,GSW,196,76.0,1610612753,ORL,196,75.0
0020600528,2007-01-11,2006-07,1610612741,CHI,220,82.0,1610612751,NJN,220,83.0
0020600529,2007-01-11,2006-07,1610612756,PHX,121,47.0,1610612739,CLE,121,46.0
0020600530,2007-01-12,2006-07,1610612755,PHI,218,87.0,1610612749,MIL,218,86.0
0020600531,2007-01-12,2006-07,1610612754,IND,264,99.0,1610612742,DAL,264,101.0
0020600532,2007-01-12,2006-07,1610612738,BOS,189,71.0,1610612761,TOR,189,73.0
0020600533,2007-01-12,2006-07,1610612752,NYK,204,78.0,1610612766,CHA,204,81.0
0020600534,2007-01-12,2006-07,1610612737,ATL,220,80.0,1610612765,DET,220,79.0
0020600535,2007-01-12,2006-07,1610612763,MEM,132,56.0,1610612750,MIN,132,53.0
0020600536,2007-01-12,2006-07,1610612740,NOK,236,89.0,1610612764,WAS,236,88.0
0020600537,2007-01-12,2006-07,1610612757,POR,198,77.0,1610612758,SAC,198,77.0
0020600538,2007-01-12,2006-07,1610612743,DEN,240,95.0,1610612745,HOU,240,94.0
0020600539,2007-01-12,2006-07,1610612747,LAL,240,92.0,1610612753,ORL,240,93.0
0020600540,2007-01-12,2006-07,1610612744,GSW,143,60.0,1610612748,MIA,143,61.0
0020600541,2007-01-12,2006-07,1610612760,SEA,253,97.0,1610612762,UTA,253,98.0
0020600542,2007-01-13,2006-07,1610612766,CHA,232,91.0,1610612755,PHI,232,90.0
0020600543,2007-01-13,2006-07,1610612765,DET,234,83.0,1610612738,BOS,234,83.0
0020600544,2007-01-13,2006-07,1610612759,SAS,147,58.0,1610612764,WAS,147,58.0
0020600545,2007-01-13,2006-07,1610612750,MIN,217,80.0,1610612751,NJN,217,79.0
0020600546,2007-01-13,2006-07,1610612741,CHI,122,52.0,1610612763,MEM,122,52.0
0020600548,2007-01-13,2006-07,1610612762,UTA,128,51.0,1610612748,MIA,128,51.0
0020600549,2007-01-13,2006-07,1610612756,PHX,192,74.0,1610612753,ORL,192,72.0
0020600550,2007-01-13,2006-07,1610612758,SAC,265,100.0,1610612745,HOU,265,99.0
0020600551,2007-01-13,2006-07,1610612746,LAC,183,69.0,1610612739,CLE,183,69.0
0020600552,2007-01-14,2006-07,1610612761,TOR,228,84.0,1610612742,DAL,228,83.0
0020600553,2007-01-14,2006-07,1610612757,POR,154,60.0,1610612743,DEN,154,59.0
0020600554,2007-01-15,2006-07,1610612752,NYK,240,99.0,1610612758,SAC,240,100.0
0020600555,2007-01-15,2006-07,1610612764,WAS,240,91.0,1610612762,UTA,240,92.0
0020600556,2007-01-15,2006-07,1610612766,CHA,235,88.0,1610612749,MIL,235,88.0
0020600557,2007-01-15,2006-07,1610612755,PHI,148,54.0,1610612761,TOR,148,55.0
0020600558,2007-01-15,2006-07,1610612737,ATL,213,91.0,1610612738,BOS,213,88.0
0020600559,2007-01-15,2006-07,1610612741,CHI,184,74.0,1610612759,SAS,184,72.0
0020600560,2007-01-15,2006-07,1610612751,NJN,121,45.0,1610612754,IND,121,46.0
0020600561,2007-01-15,2006-07,1610612765,DET,265,94.0,1610612750,MIN,265,94.0
0020600562,2007-01-15,2006-07,1610612744,GSW,202,93.0,1610612746,LAC,202,92.0
0020600563,2007-01-15,2006-07,1610612763,MEM,172,75.0,1610612756,PHX,172,75.0
0020600564,2007-01-15,2006-07,1610612747,LAL,259,100.0,1610612748,MIA,259,100.0
0020600565,2007-01-16,2006-07,1610612740,NOK,263,94.0,1610612753,ORL,263,94.0
0020600566,2007-01-16,2006-07,1610612742,DAL,208,77.0,1610612745,HOU,208,76.0
0020600567,2007-01-16,2006-07,1610612760,SEA,239,96.0,1610612739,CLE,239,96.0
0020600568,2007-01-17,2006-07,1610612761,TOR,209,79.0,1610612758,SAC,209,78.0
0020600569,2007-01-17,2006-07,1610612764,WAS,231,91.0,1610612752,NYK,231,91.0
0020600570,2007-01-17,2006-07,1610612766,CHA,126,46.0,1610612751,NJN,126,47.0
0020600571,2007-01-17,2006-07,1610612765,DET,236,90.0,1610612762,UTA,236,91.0
0020600572,2007-01-17,2006-07,1610612749,MIL,214,88.0,1610612741,CHI,214,89.0
0020600573,2007-01-17,2006-07,1610612763,MEM,122,51.0,1610612755,PHI,122,50.0
0020600574,2007-01-17,2006-07,1610612750,MIN,124,45.0,1610612737,ATL,124,45.0
0020600575,2007-01-17,2006-07,1610612745,HOU,229,90.0,1610612756,PHX,229,91.0
0020600576,2007-01-17,2006-07,1610612759,SAS,233,98.0,1610612747,LAL,233,98.0
0020600577,2007-01-17,2006-07,1610612757,POR,150,53.0,1610612739,CLE,150,55.0
0020600578,2007-01-17,2006-07,1610612746,LAC,138,64.0,1610612744,GSW,138,63.0
0020600579,2007-01-18,2006-07,1610612748,MIA,152,60.0,1610612754,IND,152,60.0
0020600580,2007-01-18,2006-07,1610612742,DAL,128,49.0,1610612747,LAL,128,48.0
0020600581,2007-01-19,2006-07,1610612761,TOR,218,80.0,1610612762,UTA,218,85.0
0020600582,2007-01-19,2006-07,1610612755,PHI,243,95.0,1610612748,MIA,243,94.0
0020600583,2007-01-19,2006-07,1610612753,ORL,186,71.0,1610612764,WAS,186,72.0
0020600584,2007-01-19,2006-07,1610612738,BOS,239,85.0,1610612758,SAC,239,86.0
0020600585,2007-01-19,2006-07,1610612752,NYK,206,81.0,1610612751,NJN,206,82.0
0020600586,2007-01-19,2006-07,1610612737,ATL,139,51.0,1610612766,CHA,139,51.0
0020600587,2007-01-19,2006-07,1610612759,SAS,127,52.0,1610612740,NOK,127,52.0
0020600588,2007-01-19,2006-07,1610612750,MIN,280,105.0,1610612765,DET,280,105.0
0020600589,2007-01-19,2006-07,1610612756,PHX,195,71.0,1610612757,POR,195,66.0
0020600590,2007-01-19,2006-07,1610612743,DEN,121,50.0,1610612739,CLE,121,51.0
0020600591,2007-01-19,2006-07,1610612760,SEA,121,48.0,1610612749,MIL,121,47.0
0020600592,2007-01-20,2006-07,1610612746,LAC,122,50.0,1610612763,MEM,122,49.0
0020600593,2007-01-20,2006-07,1610612766,CHA,185,63.0,1610612737,ATL,185,63.0
0020600594,2007-01-20,2006-07,1610612754,IND,220,83.0,1610612752,NYK,220,87.0
0020600595,2007-01-20,2006-07,1610612764,WAS,228,85.0,1610612738,BOS,228,85.0
0020600596,2007-01-20,2006-07,1610612765,DET,137,49.0,1610612758,SAC,137,51.0
0020600597,2007-01-20,2006-07,1610612751,NJN,208,76.0,1610612753,ORL,208,74.0
0020600598,2007-01-20,2006-07,1610612740,NOK,231,85.0,1610612747,LAL,231,83.0
0020600599,2007-01-20,2006-07,1610612741,CHI,209,83.0,1610612762,UTA,209,84.0
0020600600,2007-01-20,2006-07,1610612745,HOU,242,94.0,1610612743,DEN,242,91.0
0020600601,2007-01-20,2006-07,1610612744,GSW,229,102.0,1610612739,CLE,229,100.0
0020600602,2007-01-21,2006-07,1610612748,MIA,237,85.0,1610612742,DAL,237,87.0
0020600603,2007-01-21,2006-07,1610612755,PHI,133,47.0,1610612759,SAS,133,49.0
0020600604,2007-01-21,2006-07,1610612756,PHX,149,60.0,1610612750,MIN,149,59.0
0020600605,2007-01-21,2006-07,1610612757,POR,168,67.0,1610612749,MIL,168,66.0
0020600606,2007-01-22,2006-07,1610612761,TOR,156,57.0,1610612766,CHA,156,56.0
0020600607,2007-01-22,2006-07,1610612739,CLE,160,58.0,1610612753,ORL,160,58.0
0020600608,2007-01-22,2006-07,1610612754,IND,166,65.0,1610612741,CHI,166,65.0
0020600609,2007-01-22,2006-07,1610612738,BOS,141,51.0,1610612759,SAS,141,54.0
0020600610,2007-01-22,2006-07,1610612748,MIA,139,50.0,1610612752,NYK,139,47.0
0020600611,2007-01-22,2006-07,1610612743,DEN,168,78.0,1610612763,MEM,168,77.0
0020600612,2007-01-22,2006-07,1610612762,UTA,164,61.0,1610612750,MIN,164,60.0
0020600613,2007-01-22,2006-07,1610612758,SAC,169,65.0,1610612751,NJN,169,66.0
0020600614,2007-01-22,2006-07,1610612747,LAL,240,106.0,1610612744,GSW,240,106.0
0020600615,2007-01-23,2006-07,1610612755,PHI,153,60.0,1610612740,NOK,153,58.0
0020600616,2007-01-23,2006-07,1610612764,WAS,122,48.0,1610612756,PHX,122,49.0
0020600617,2007-01-23,2006-07,1610612753,ORL,124,47.0,1610612742,DAL,124,48.0
0020600618,2007-01-23,2006-07,1610612741,CHI,172,65.0,1610612737,ATL,172,63.0
0020600619,2007-01-23,2006-07,1610612760,SEA,238,95.0,1610612743,DEN,238,97.0
0020600620,2007-01-23,2006-07,1610612746,LAC,146,58.0,1610612749,MIL,146,60.0
0020600621,2007-01-24,2006-07,1610612761,TOR,210,80.0,1610612740,NOK,210,81.0
0020600622,2007-01-24,2006-07,1610612766,CHA,225,84.0,1610612765,DET,225,84.0
0020600623,2007-01-24,2006-07,1610612739,CLE,285,102.0,1610612755,PHI,285,100.0
0020600624,2007-01-24,2006-07,1610612754,IND,204,79.0,1610612748,MIA,204,79.0
0020600625,2007-01-24,2006-07,1610612738,BOS,198,71.0,1610612737,ATL,198,72.0
0020600626,2007-01-24,2006-07,1610612752,NYK,176,75.0,1610612756,PHX,176,80.0
0020600627,2007-01-24,2006-07,1610612759,SAS,205,78.0,1610612745,HOU,205,81.0
0020600628,2007-01-24,2006-07,1610612762,UTA,265,113.0,1610612763,MEM,265,112.0
0020600629,2007-01-24,2006-07,1610612758,SAC,181,70.0,1610612749,MIL,181,70.0
0020600630,2007-01-24,2006-07,1610612757,POR,265,99.0,1610612750,MIN,265,98.0
0020600631,2007-01-24,2006-07,1610612744,GSW,223,98.0,1610612751,NJN,223,100.0
0020600632,2007-01-25,2006-07,1610612741,CHI,203,78.0,1610612742,DAL,203,74.0
0020600633,2007-01-25,2006-07,1610612746,LAC,190,77.0,1610612751,NJN,190,76.0
0020600634,2007-01-26,2006-07,1610612761,TOR,226,81.0,1610612738,BOS,226,80.0
0020600635,2007-01-26,2006-07,1610612755,PHI,218,88.0,1610612739,CLE,218,86.0
0020600636,2007-01-26,2006-07,1610612753,ORL,232,81.0,1610612737,ATL,232,79.0
0020600637,2007-01-26,2006-07,1610612752,NYK,124,51.0,1610612748,MIA,124,50.0
0020600638,2007-01-26,2006-07,1610612765,DET,239,87.0,1610612764,WAS,239,87.0
0020600639,2007-01-26,2006-07,1610612740,NOK,240,93.0,1610612758,SAC,240,92.0
0020600640,2007-01-26,2006-07,1610612759,SAS,205,81.0,1610612763,MEM,205,80.0
0020600641,2007-01-26,2006-07,1610612749,MIL,194,74.0,1610612756,PHX,194,77.0
0020600642,2007-01-26,2006-07,1610612745,HOU,163,59.0,1610612757,POR,163,60.0
0020600643,2007-01-26,2006-07,1610612762,UTA,240,101.0,1610612743,DEN,240,101.0
0020600644,2007-01-26,2006-07,1610612747,LAL,259,98.0,1610612766,CHA,259,98.0
0020600645,2007-01-26,2006-07,1610612760,SEA,240,91.0,1610612750,MIN,240,91.0
0020600646,2007-01-27,2006-07,1610612737,ATL,202,75.0,1610612755,PHI,202,74.0
0020600647,2007-01-27,2006-07,1610612754,IND,187,74.0,1610612761,TOR,187,73.0
0020600648,2007-01-27,2006-07,1610612763,MEM,284,112.0,1610612757,POR,284,115.0
0020600649,2007-01-27,2006-07,1610612740,NOK,187,70.0,1610612762,UTA,187,68.0
0020600650,2007-01-27,2006-07,1610612741,CHI,217,85.0,1610612748,MIA,217,81.0
0020600651,2007-01-27,2006-07,1610612742,DAL,230,91.0,1610612758,SAC,230,87.0
0020600652,2007-01-27,2006-07,1610612743,DEN,220,89.0,1610612751,NJN,220,90.0
0020600653,2007-01-27,2006-07,1610612746,LAC,220,88.0,1610612750,MIN,220,88.0
0020600654,2007-01-27,2006-07,1610612744,GSW,134,55.0,1610612766,CHA,134,55.0
0020600655,2007-01-28,2006-07,1610612739,CLE,198,72.0,1610612756,PHX,198,73.0
0020600656,2007-01-28,2006-07,1610612749,MIL,206,90.0,1610612752,NYK,206,81.0
0020600657,2007-01-28,2006-07,1610612747,LAL,240,90.0,1610612759,SAS,240,89.0
0020600658,2007-01-28,2006-07,1610612738,BOS,203,78.0,1610612764,WAS,203,79.0
0020600659,2007-01-28,2006-07,1610612765,DET,200,67.0,1610612754,IND,200,67.0
0020600660,2007-01-28,2006-07,1610612760,SEA,122,47.0,1610612746,LAC,122,47.0
0020600661,2007-01-29,2006-07,1610612737,ATL,174,65.0,1610612753,ORL,174,66.0
0020600662,2007-01-29,2006-07,1610612763,MEM,231,98.0,1610612758,SAC,231,98.0
0020600663,2007-01-29,2006-07,1610612740,NOK,214,76.0,1610612757,POR,214,72.0
0020600664,2007-01-29,2006-07,1610612750,MIN,225,81.0,1610612756,PHX,225,80.0
0020600665,2007-01-29,2006-07,1610612745,HOU,121,45.0,1610612755,PHI,121,46.0
0020600666,2007-01-29,2006-07,1610612743,DEN,240,95.0,1610612766,CHA,240,95.0
0020600667,2007-01-29,2006-07,1610612762,UTA,240,95.0,1610612751,NJN,240,95.0
0020600668,2007-01-30,2006-07,1610612764,WAS,155,59.0,1610612765,DET,155,56.0
0020600669,2007-01-30,2006-07,1610612739,CLE,122,54.0,1610612744,GSW,122,55.0
0020600670,2007-01-30,2006-07,1610612754,IND,161,62.0,1610612738,BOS,161,64.0
0020600671,2007-01-30,2006-07,1610612752,NYK,232,92.0,1610612747,LAL,232,88.0
0020600672,2007-01-30,2006-07,1610612748,MIA,121,48.0,1610612749,MIL,121,48.0
0020600673,2007-01-30,2006-07,1610612742,DAL,195,77.0,1610612760,SEA,195,75.0
0020600674,2007-01-31,2006-07,1610612761,TOR,158,63.0,1610612764,WAS,158,62.0
0020600675,2007-01-31,2006-07,1610612766,CHA,200,79.0,1610612752,NYK,200,78.0
0020600676,2007-01-31,2006-07,1610612737,ATL,131,51.0,1610612744,GSW,131,52.0
0020600677,2007-01-31,2006-07,1610612753,ORL,122,44.0,1610612749,MIL,122,44.0
0020600678,2007-01-31,2006-07,1610612738,BOS,187,69.0,1610612747,LAL,187,72.0
0020600679,2007-01-31,2006-07,1610612751,NJN,132,47.0,1610612765,DET,132,48.0
0020600680,2007-01-31,2006-07,1610612763,MEM,231,84.0,1610612742,DAL,231,87.0
0020600681,2007-01-31,2006-07,1610612740,NOK,142,45.0,1610612755,PHI,142,49.0
0020600682,2007-01-31,2006-07,1610612745,HOU,218,82.0,1610612760,SEA,218,81.0
0020600683,2007-01-31,2006-07,1610612750,MIN,228,84.0,1610612758,SAC,228,85.0
0020600684,2007-01-31,2006-07,1610612762,UTA,240,92.0,1610612759,SAS,240,92.0
0020600685,2007-01-31,2006-07,1610612757,POR,227,88.0,1610612743,DEN,227,85.0
0020600686,2007-01-31,2006-07,1610612746,LAC,214,87.0,1610612741,CHI,214,87.0
0020600687,2007-02-01,2006-07,1610612748,MIA,222,80.0,1610612739,CLE,222,81.0
0020600688,2007-02-01,2006-07,1610612756,PHX,228,90.0,1610612759,SAS,228,88.0
0020600689,2007-02-02,2006-07,1610612755,PHI,240,101.0,1610612744,GSW,240,100.0
0020600690,2007-02-02,2006-07,1610612753,ORL,121,45.0,1610612751,NJN,121,46.0
0020600691,2007-02-02,2006-07,1610612754,IND,225,87.0,1610612747,LAL,225,88.0
0020600692,2007-02-02,2006-07,1610612738,BOS,221,79.0,1610612746,LAC,221,79.0
0020600693,2007-02-02,2006-07,1610612737,ATL,140,51.0,1610612761,TOR,140,52.0
0020600694,2007-02-02,2006-07,1610612739,CLE,134,47.0,1610612766,CHA,134,49.0
0020600695,2007-02-02,2006-07,1610612765,DET,219,83.0,1610612749,MIL,219,81.0
0020600696,2007-02-02,2006-07,1610612740,NOK,228,81.0,1610612750,MIN,228,81.0
0020600697,2007-02-02,2006-07,1610612743,DEN,255,99.0,1610612757,POR,255,96.0
0020600698,2007-02-02,2006-07,1610612760,SEA,233,98.0,1610612741,CHI,233,99.0
0020600699,2007-02-03,2006-07,1610612764,WAS,181,72.0,1610612747,LAL,181,72.0
0020600700,2007-02-03,2006-07,1610612766,CHA,230,91.0,1610612744,GSW,230,89.0
0020600701,2007-02-03,2006-07,1610612753,ORL,126,46.0,1610612752,NYK,126,45.0
0020600702,2007-02-03,2006-07,1610612763,MEM,232,95.0,1610612754,IND,232,95.0
0020600703,2007-02-03,2006-07,1610612749,MIL,182,74.0,1610612748,MIA,182,76.0
0020600704,2007-02-03,2006-07,1610612745,HOU,153,56.0,1610612740,NOK,153,54.0
0020600705,2007-02-03,2006-07,1610612742,DAL,184,70.0,1610612750,MIN,184,69.0
0020600706,2007-02-03,2006-07,1610612756,PHX,234,88.0,1610612762,UTA,234,88.0
0020600707,2007-02-03,2006-07,1610612758,SAC,218,92.0,1610612743,DEN,218,92.0
0020600708,2007-02-03,2006-07,1610612757,POR,214,83.0,1610612741,CHI,214,86.0
0020600709,2007-02-04,2006-07,1610612761,TOR,153,61.0,1610612746,LAC,153,58.0
0020600710,2007-02-04,2006-07,1610612751,NJN,263,89.0,1610612737,ATL,263,91.0
0020600711,2007-02-04,2006-07,1610612739,CLE,180,64.0,1610612765,DET,180,65.0
0020600373,2007-02-05,2006-07,1610612743,DEN,226,91.0,1610612756,PHX,226,96.0
0020600712,2007-02-05,2006-07,1610612755,PHI,262,105.0,1610612751,NJN,262,105.0
0020600713,2007-02-05,2006-07,1610612764,WAS,181,74.0,1610612760,SEA,181,73.0
0020600714,2007-02-05,2006-07,1610612737,ATL,222,83.0,1610612747,LAL,222,85.0
0020600715,2007-02-05,2006-07,1610612754,IND,122,56.0,1610612744,GSW,122,56.0
0020600716,2007-02-05,2006-07,1610612748,MIA,126,51.0,1610612766,CHA,126,51.0
0020600717,2007-02-05,2006-07,1610612745,HOU,121,45.0,1610612750,MIN,121,45.0
0020600718,2007-02-05,2006-07,1610612762,UTA,202,81.0,1610612741,CHI,202,77.0
0020600719,2007-02-05,2006-07,1610612758,SAC,226,93.0,1610612740,NOK,226,90.0
0020600720,2007-02-06,2006-07,1610612752,NYK,220,84.0,1610612746,LAC,220,82.0
0020600721,2007-02-06,2006-07,1610612765,DET,121,38.0,1610612738,BOS,121,38.0
0020600722,2007-02-06,2006-07,1610612749,MIL,208,85.0,1610612753,ORL,208,82.0
0020600723,2007-02-06,2006-07,1610612763,MEM,214,82.0,1610612745,HOU,214,81.0
0020600724,2007-02-06,2006-07,1610612757,POR,259,101.0,1610612756,PHX,259,103.0
0020600725,2007-02-07,2006-07,1610612761,TOR,219,84.0,1610612753,ORL,219,83.0
0020600726,2007-02-07,2006-07,1610612755,PHI,154,68.0,1610612766,CHA,154,67.0
0020600727,2007-02-07,2006-07,1610612764,WAS,122,45.0,1610612759,SAS,122,45.0
0020600728,2007-02-07,2006-07,1610612737,ATL,236,84.0,1610612751,NJN,236,84.0
0020600729,2007-02-07,2006-07,1610612739,CLE,163,58.0,1610612746,LAC,163,61.0
0020600730,2007-02-07,2006-07,1610612754,IND,237,93.0,1610612760,SEA,237,93.0
0020600731,2007-02-07,2006-07,1610612738,BOS,170,62.0,1610612748,MIA,170,62.0
0020600732,2007-02-07,2006-07,1610612750,MIN,121,52.0,1610612744,GSW,121,53.0
0020600733,2007-02-07,2006-07,1610612742,DAL,150,60.0,1610612763,MEM,150,61.0
0020600734,2007-02-07,2006-07,1610612743,DEN,230,101.0,1610612740,NOK,230,98.0
0020600735,2007-02-08,2006-07,1610612765,DET,151,51.0,1610612747,LAL,151,51.0
0020600736,2007-02-08,2006-07,1610612740,NOK,244,95.0,1610612749,MIL,244,91.0
0020600737,2007-02-08,2006-07,1610612758,SAC,208,88.0,1610612741,CHI,208,85.0
0020600738,2007-02-09,2006-07,1610612761,TOR,217,84.0,1610612747,LAL,217,83.0
0020600739,2007-02-09,2006-07,1610612755,PHI,231,88.0,1610612746,LAC,231,88.0
0020600740,2007-02-09,2006-07,1610612766,CHA,252,102.0,1610612757,POR,252,102.0
0020600741,2007-02-09,2006-07,1610612753,ORL,234,84.0,1610612759,SAS,234,86.0
0020600742,2007-02-09,2006-07,1610612754,IND,201,78.0,1610612743,DEN,201,79.0
0020600743,2007-02-09,2006-07,1610612738,BOS,157,60.0,1610612751,NJN,157,59.0
0020600744,2007-02-09,2006-07,1610612739,CLE,176,60.0,1610612748,MIA,176,61.0
0020600745,2007-02-09,2006-07,1610612763,MEM,259,103.0,1610612750,MIN,259,101.0
0020600746,2007-02-09,2006-07,1610612742,DAL,163,61.0,1610612745,HOU,163,61.0
0020600747,2007-02-09,2006-07,1610612756,PHX,220,89.0,1610612737,ATL,220,88.0
0020600748,2007-02-09,2006-07,1610612744,GSW,241,107.0,1610612741,CHI,241,104.0
0020600749,2007-02-10,2006-07,1610612751,NJN,199,72.0,1610612753,ORL,199,70.0
0020600750,2007-02-10,2006-07,1610612765,DET,227,83.0,1610612761,TOR,227,80.0
0020600751,2007-02-10,2006-07,1610612740,NOK,141,56.0,1610612763,MEM,141,56.0
0020600752,2007-02-10,2006-07,1610612749,MIL,238,92.0,1610612743,DEN,238,92.0
0020600753,2007-02-10,2006-07,1610612745,HOU,127,51.0,1610612766,CHA,127,50.0
0020600754,2007-02-10,2006-07,1610612762,UTA,251,95.0,1610612752,NYK,251,98.0
0020600755,2007-02-10,2006-07,1610612760,SEA,122,50.0,1610612758,SAC,122,51.0
0020600756,2007-02-11,2006-07,1610612764,WAS,149,55.0,1610612757,POR,149,56.0
0020600757,2007-02-11,2006-07,1610612748,MIA,216,77.0,1610612759,SAS,216,76.0
0020600758,2007-02-11,2006-07,1610612754,IND,135,54.0,1610612746,LAC,135,50.0
0020600759,2007-02-11,2006-07,1610612739,CLE,235,86.0,1610612747,LAL,235,85.0
0020600760,2007-02-11,2006-07,1610612750,MIN,240,97.0,1610612738,BOS,240,98.0
0020600761,2007-02-11,2006-07,1610612755,PHI,125,51.0,1610612742,DAL,125,52.0
0020600762,2007-02-11,2006-07,1610612756,PHX,217,94.0,1610612741,CHI,217,92.0
0020600763,2007-02-11,2006-07,1610612744,GSW,221,94.0,1610612737,ATL,221,95.0
0020600764,2007-02-11,2006-07,1610612758,SAC,161,63.0,1610612760,SEA,161,63.0
0020600765,2007-02-12,2006-07,1610612765,DET,140,50.0,1610612746,LAC,140,51.0
0020600766,2007-02-12,2006-07,1610612743,DEN,146,66.0,1610612744,GSW,146,65.0
0020600767,2007-02-12,2006-07,1610612762,UTA,121,44.0,1610612737,ATL,121,45.0
0020600768,2007-02-13,2006-07,1610612751,NJN,121,45.0,1610612759,SAS,121,45.0
0020600769,2007-02-13,2006-07,1610612748,MIA,204,70.0,1610612757,POR,204,69.0
0020600770,2007-02-13,2006-07,1610612749,MIL,208,76.0,1610612742,DAL,208,74.0
0020600771,2007-02-13,2006-07,1610612763,MEM,237,108.0,1610612740,NOK,237,107.0
0020600772,2007-02-13,2006-07,1610612741,CHI,216,84.0,1610612761,TOR,216,85.0
0020600773,2007-02-13,2006-07,1610612745,HOU,263,101.0,1610612758,SAC,263,102.0
0020600774,2007-02-13,2006-07,1610612747,LAL,240,94.0,1610612752,NYK,240,94.0
0020600775,2007-02-14,2006-07,1610612761,TOR,206,79.0,1610612751,NJN,206,78.0
0020600776,2007-02-14,2006-07,1610612755,PHI,217,83.0,1610612764,WAS,217,84.0
0020600777,2007-02-14,2006-07,1610612766,CHA,180,70.0,1610612741,CHI,180,72.0
0020600778,2007-02-14,2006-07,1610612753,ORL,125,45.0,1610612757,POR,125,44.0
0020600779,2007-02-14,2006-07,1610612754,IND,201,86.0,1610612763,MEM,201,85.0
0020600780,2007-02-14,2006-07,1610612738,BOS,154,56.0,1610612749,MIL,154,56.0
0020600781,2007-02-14,2006-07,1610612765,DET,122,43.0,1610612759,SAS,122,43.0
0020600782,2007-02-14,2006-07,1610612740,NOK,128,48.0,1610612758,SAC,128,48.0
0020600783,2007-02-14,2006-07,1610612750,MIN,240,93.0,1610612743,DEN,240,92.0
0020600784,2007-02-14,2006-07,1610612762,UTA,233,84.0,1610612739,CLE,233,84.0
0020600785,2007-02-14,2006-07,1610612760,SEA,167,71.0,1610612756,PHX,167,70.0
0020600786,2007-02-14,2006-07,1610612746,LAC,205,80.0,1610612737,ATL,205,80.0
0020600787,2007-02-14,2006-07,1610612744,GSW,121,51.0,1610612752,NYK,121,52.0
0020600788,2007-02-15,2006-07,1610612745,HOU,240,89.0,1610612742,DAL,240,88.0
0020600789,2007-02-15,2006-07,1610612747,LAL,240,103.0,1610612739,CLE,240,103.0
0020600790,2007-02-20,2006-07,1610612764,WAS,160,64.0,1610612750,MIN,160,61.0
0020600791,2007-02-20,2006-07,1610612766,CHA,225,91.0,1610612740,NOK,225,89.0
0020600792,2007-02-20,2006-07,1610612752,NYK,217,85.0,1610612753,ORL,217,82.0
0020600793,2007-02-20,2006-07,1610612749,MIL,240,91.0,1610612765,DET,240,91.0
0020600794,2007-02-20,2006-07,1610612759,SAS,132,53.0,1610612743,DEN,132,52.0
0020600795,2007-02-20,2006-07,1610612741,CHI,142,52.0,1610612737,ATL,142,52.0
0020600796,2007-02-20,2006-07,1610612758,SAC,181,75.0,1610612738,BOS,181,75.0
0020600797,2007-02-20,2006-07,1610612757,POR,211,83.0,1610612762,UTA,211,81.0
0020600798,2007-02-20,2006-07,1610612760,SEA,148,67.0,1610612763,MEM,148,66.0
0020600799,2007-02-20,2006-07,1610612746,LAC,122,48.0,1610612756,PHX,122,49.0
0020600800,2007-02-21,2006-07,1610612761,TOR,240,93.0,1610612739,CLE,240,93.0
0020600801,2007-02-21,2006-07,1610612755,PHI,163,63.0,1610612752,NYK,163,60.0
0020600802,2007-02-21,2006-07,1610612737,ATL,214,80.0,1610612759,SAS,214,83.0
0020600803,2007-02-21,2006-07,1610612754,IND,283,116.0,1610612749,MIL,283,113.0
0020600804,2007-02-21,2006-07,1610612751,NJN,240,94.0,1610612740,NOK,240,94.0
0020600805,2007-02-21,2006-07,1610612765,DET,121,47.0,1610612753,ORL,121,47.0
0020600806,2007-02-21,2006-07,1610612750,MIN,209,83.0,1610612766,CHA,209,82.0
0020600807,2007-02-21,2006-07,1610612745,HOU,159,66.0,1610612748,MIA,159,64.0
0020600808,2007-02-21,2006-07,1610612756,PHX,218,91.0,1610612738,BOS,218,92.0
0020600809,2007-02-21,2006-07,1610612747,LAL,217,76.0,1610612757,POR,217,78.0
0020600810,2007-02-21,2006-07,1610612744,GSW,265,114.0,1610612763,MEM,265,114.0
0020600811,2007-02-22,2006-07,1610612764,WAS,212,91.0,1610612758,SAC,212,92.0
0020600812,2007-02-22,2006-07,1610612739,CLE,225,86.0,1610612741,CHI,225,87.0
0020600813,2007-02-22,2006-07,1610612742,DAL,122,50.0,1610612748,MIA,122,50.0
0020600814,2007-02-23,2006-07,1610612761,TOR,121,47.0,1610612754,IND,121,48.0
0020600815,2007-02-23,2006-07,1610612766,CHA,134,53.0,1610612755,PHI,134,51.0
0020600816,2007-02-23,2006-07,1610612753,ORL,224,83.0,1610612765,DET,224,84.0
0020600817,2007-02-23,2006-07,1610612751,NJN,121,54.0,1610612758,SAC,121,55.0
0020600818,2007-02-23,2006-07,1610612752,NYK,240,92.0,1610612749,MIL,240,92.0
0020600819,2007-02-23,2006-07,1610612737,ATL,238,91.0,1610612745,HOU,238,91.0
0020600820,2007-02-23,2006-07,1610612741,CHI,194,75.0,1610612764,WAS,194,73.0
0020600821,2007-02-23,2006-07,1610612740,NOK,240,92.0,1610612760,SEA,240,92.0
0020600822,2007-02-23,2006-07,1610612750,MIN,167,73.0,1610612756,PHX,167,73.0
0020600823,2007-02-23,2006-07,1610612757,POR,237,90.0,1610612763,MEM,237,91.0
0020600824,2007-02-23,2006-07,1610612743,DEN,143,63.0,1610612762,UTA,143,65.0
0020600825,2007-02-23,2006-07,1610612747,LAL,130,51.0,1610612738,BOS,130,50.0
0020600826,2007-02-24,2006-07,1610612746,LAC,214,91.0,1610612744,GSW,214,90.0
0020600827,2007-02-24,2006-07,1610612766,CHA,181,74.0,1610612761,TOR,181,74.0
0020600828,2007-02-24,2006-07,1610612759,SAS,122,42.0,1610612760,SEA,122,43.0
0020600829,2007-02-24,2006-07,1610612749,MIL,179,66.0,1610612755,PHI,179,66.0
0020600830,2007-02-24,2006-07,1610612742,DAL,175,77.0,1610612743,DEN,175,75.0
0020600831,2007-02-24,2006-07,1610612762,UTA,177,69.0,1610612738,BOS,177,69.0
0020600832,2007-02-25,2006-07,1610612765,DET,212,74.0,1610612741,CHI,212,75.0
0020600833,2007-02-25,2006-07,1610612737,ATL,225,87.0,1610612756,PHX,225,89.0
0020600834,2007-02-25,2006-07,1610612753,ORL,233,86.0,1610612745,HOU,233,87.0
0020600835,2007-02-25,2006-07,1610612748,MIA,214,83.0,1610612739,CLE,214,81.0
0020600836,2007-02-25,2006-07,1610612750,MIN,216,87.0,1610612764,WAS,216,85.0
0020600837,2007-02-25,2006-07,1610612751,NJN,217,75.0,1610612752,NYK,217,73.0
0020600838,2007-02-25,2006-07,1610612744,GSW,122,52.0,1610612747,LAL,122,51.0
0020600839,2007-02-25,2006-07,1610612754,IND,173,74.0,1610612758,SAC,173,75.0
0020600840,2007-02-26,2006-07,1610612755,PHI,224,91.0,1610612758,SAC,224,90.0
0020600841,2007-02-26,2006-07,1610612752,NYK,239,89.0,1610612748,MIA,239,89.0
0020600842,2007-02-26,2006-07,1610612763,MEM,240,102.0,1610612743,DEN,240,102.0
0020600843,2007-02-26,2006-07,1610612759,SAS,122,47.0,1610612761,TOR,122,48.0
0020600844,2007-02-26,2006-07,1610612741,CHI,237,90.0,1610612753,ORL,237,90.0
0020600845,2007-02-26,2006-07,1610612745,HOU,213,87.0,1610612738,BOS,213,84.0
0020600846,2007-02-26,2006-07,1610612742,DAL,124,42.0,1610612737,ATL,124,44.0
0020600847,2007-02-26,2006-07,1610612762,UTA,228,85.0,1610612747,LAL,228,86.0
0020600848,2007-02-26,2006-07,1610612760,SEA,139,53.0,1610612757,POR,139,53.0
0020600849,2007-02-26,2006-07,1610612746,LAC,230,91.0,1610612766,CHA,230,92.0
0020600850,2007-02-27,2006-07,1610612739,CLE,198,82.0,1610612740,NOK,198,78.0
0020600851,2007-02-27,2006-07,1610612754,IND,205,81.0,1610612756,PHX,205,81.0
0020600852,2007-02-27,2006-07,1610612751,NJN,210,82.0,1610612764,WAS,210,79.0
0020600853,2007-02-27,2006-07,1610612749,MIL,148,61.0,1610612744,GSW,148,60.0
0020600854,2007-02-27,2006-07,1610612750,MIN,149,56.0,1610612742,DAL,149,56.0
0020600855,2007-02-28,2006-07,1610612755,PHI,230,95.0,1610612756,PHX,230,94.0
0020600856,2007-02-28,2006-07,1610612764,WAS,226,76.0,1610612748,MIA,226,76.0
0020600857,2007-02-28,2006-07,1610612738,BOS,218,81.0,1610612752,NYK,218,80.0
0020600858,2007-02-28,2006-07,1610612763,MEM,203,81.0,1610612762,UTA,203,80.0
0020600859,2007-02-28,2006-07,1610612740,NOK,218,83.0,1610612737,ATL,218,82.0
0020600860,2007-02-28,2006-07,1610612741,CHI,144,64.0,1610612744,GSW,144,63.0
0020600861,2007-02-28,2006-07,1610612745,HOU,138,49.0,1610612761,TOR,138,52.0
0020600862,2007-02-28,2006-07,1610612743,DEN,193,83.0,1610612753,ORL,193,81.0
0020600863,2007-02-28,2006-07,1610612758,SAC,187,76.0,1610612766,CHA,187,75.0
0020600864,2007-02-28,2006-07,1610612746,LAC,240,87.0,1610612760,SEA,240,87.0
0020600865,2007-03-01,2006-07,1610612742,DAL,184,70.0,1610612739,CLE,184,65.0
0020600866,2007-03-01,2006-07,1610612757,POR,121,45.0,1610612766,CHA,121,45.0
0020600867,2007-03-01,2006-07,1610612760,SEA,240,85.0,1610612746,LAC,240,84.0
0020600868,2007-03-02,2006-07,1610612761,TOR,209,76.0,1610612749,MIL,209,77.0
0020600869,2007-03-02,2006-07,1610612755,PHI,263,101.0,1610612763,MEM,263,99.0
0020600870,2007-03-02,2006-07,1610612764,WAS,238,91.0,1610612737,ATL,238,89.0
0020600871,2007-03-02,2006-07,1610612752,NYK,227,86.0,1610612744,GSW,227,85.0
0020600872,2007-03-02,2006-07,1610612748,MIA,195,70.0,1610612765,DET,195,70.0
0020600873,2007-03-02,2006-07,1610612759,SAS,183,67.0,1610612753,ORL,183,66.0
0020600874,2007-03-02,2006-07,1610612750,MIN,121,43.0,1610612762,UTA,121,42.0
0020600875,2007-03-02,2006-07,1610612741,CHI,233,92.0,1610612740,NOK,233,91.0
0020600876,2007-03-02,2006-07,1610612743,DEN,153,64.0,1610612745,HOU,153,64.0
0020600877,2007-03-02,2006-07,1610612756,PHX,162,60.0,1610612754,IND,162,62.0
0020600878,2007-03-02,2006-07,1610612747,LAL,131,53.0,1610612758,SAC,131,54.0
0020600879,2007-03-03,2006-07,1610612751,NJN,228,94.0,1610612738,BOS,228,91.0
0020600880,2007-03-03,2006-07,1610612737,ATL,231,87.0,1610612752,NYK,231,87.0
0020600881,2007-03-03,2006-07,1610612739,CLE,163,67.0,1610612761,TOR,163,64.0
0020600882,2007-03-03,2006-07,1610612763,MEM,237,85.0,1610612765,DET,237,87.0
0020600883,2007-03-03,2006-07,1610612745,HOU,127,45.0,1610612759,SAS,127,47.0
0020600884,2007-03-03,2006-07,1610612742,DAL,240,87.0,1610612753,ORL,240,86.0
0020600885,2007-03-03,2006-07,1610612757,POR,212,77.0,1610612758,SAC,212,81.0
0020600886,2007-03-03,2006-07,1610612746,LAC,128,44.0,1610612754,IND,128,42.0
0020600887,2007-03-04,2006-07,1610612738,BOS,289,109.0,1610612750,MIN,289,108.0
0020600888,2007-03-04,2006-07,1610612764,WAS,240,105.0,1610612744,GSW,240,104.0
0020600889,2007-03-04,2006-07,1610612749,MIL,210,87.0,1610612741,CHI,210,85.0
0020600890,2007-03-04,2006-07,1610612756,PHX,233,92.0,1610612747,LAL,233,90.0
0020600891,2007-03-04,2006-07,1610612740,NOK,164,64.0,1610612762,UTA,164,64.0
0020600892,2007-03-04,2006-07,1610612755,PHI,138,59.0,1610612751,NJN,138,58.0
0020600893,2007-03-04,2006-07,1610612760,SEA,233,85.0,1610612766,CHA,233,85.0
0020600894,2007-03-05,2006-07,1610612753,ORL,122,46.0,1610612749,MIL,122,46.0
0020600895,2007-03-05,2006-07,1610612739,CLE,198,79.0,1610612745,HOU,198,75.0
0020600896,2007-03-05,2006-07,1610612748,MIA,208,75.0,1610612737,ATL,208,74.0
0020600897,2007-03-05,2006-07,1610612765,DET,142,63.0,1610612744,GSW,142,62.0
0020600898,2007-03-05,2006-07,1610612762,UTA,144,58.0,1610612766,CHA,144,59.0
0020600899,2007-03-05,2006-07,1610612746,LAC,153,55.0,1610612759,SAS,153,55.0
0020600900,2007-03-06,2006-07,1610612764,WAS,126,50.0,1610612761,TOR,126,50.0
0020600901,2007-03-06,2006-07,1610612752,NYK,223,81.0,1610612760,SEA,223,82.0
0020600902,2007-03-06,2006-07,1610612750,MIN,285,113.0,1610612747,LAL,285,114.0
0020600903,2007-03-06,2006-07,1610612742,DAL,210,77.0,1610612751,NJN,210,77.0
0020600904,2007-03-06,2006-07,1610612743,DEN,138,56.0,1610612740,NOK,138,55.0
0020600905,2007-03-06,2006-07,1610612758,SAC,207,82.0,1610612754,IND,207,79.0
0020600906,2007-03-06,2006-07,1610612757,POR,230,80.0,1610612759,SAS,230,77.0
0020600907,2007-03-07,2006-07,1610612761,TOR,127,48.0,1610612763,MEM,127,47.0
0020600908,2007-03-07,2006-07,1610612755,PHI,240,100.0,1610612760,SEA,240,100.0
0020600909,2007-03-07,2006-07,1610612737,ATL,224,93.0,1610612764,WAS,224,92.0
0020600910,2007-03-07,2006-07,1610612738,BOS,127,50.0,1610612745,HOU,127,52.0
0020600911,2007-03-07,2006-07,1610612748,MIA,166,60.0,1610612741,CHI,166,60.0
0020600912,2007-03-07,2006-07,1610612765,DET,265,93.0,1610612739,CLE,265,94.0
0020600913,2007-03-07,2006-07,1610612749,MIL,156,57.0,1610612747,LAL,156,56.0
0020600914,2007-03-07,2006-07,1610612762,UTA,169,67.0,1610612754,IND,169,66.0
0020600915,2007-03-07,2006-07,1610612756,PHX,253,99.0,1610612766,CHA,253,99.0
0020600916,2007-03-07,2006-07,1610612744,GSW,172,74.0,1610612743,DEN,172,75.0
0020600917,2007-03-08,2006-07,1610612753,ORL,122,43.0,1610612741,CHI,122,44.0
0020600918,2007-03-08,2006-07,1610612758,SAC,236,92.0,1610612759,SAS,236,93.0
0020600919,2007-03-09,2006-07,1610612755,PHI,193,70.0,1610612747,LAL,193,70.0
0020600920,2007-03-09,2006-07,1610612738,BOS,193,71.0,1610612760,SEA,193,71.0
0020600921,2007-03-09,2006-07,1610612737,ATL,240,101.0,1610612763,MEM,240,102.0
0020600922,2007-03-09,2006-07,1610612748,MIA,173,69.0,1610612750,MIN,173,68.0
0020600923,2007-03-09,2006-07,1610612745,HOU,137,53.0,1610612751,NJN,137,51.0
0020600924,2007-03-09,2006-07,1610612743,DEN,166,69.0,1610612765,DET,166,69.0
0020600925,2007-03-09,2006-07,1610612756,PHX,228,90.0,1610612740,NOK,228,89.0
0020600926,2007-03-09,2006-07,1610612744,GSW,153,65.0,1610612746,LAC,153,60.0
0020600927,2007-03-10,2006-07,1610612764,WAS,238,88.0,1610612752,NYK,238,87.0
0020600928,2007-03-10,2006-07,1610612766,CHA,211,82.0,1610612763,MEM,211,86.0
0020600929,2007-03-10,2006-07,1610612737,ATL,239,89.0,1610612750,MIN,239,89.0
0020600930,2007-03-10,2006-07,1610612754,IND,236,89.0,1610612755,PHI,236,92.0
0020600931,2007-03-10,2006-07,1610612759,SAS,176,68.0,1610612751,NJN,176,68.0
0020600932,2007-03-10,2006-07,1610612749,MIL,218,85.0,1610612739,CLE,218,82.0
0020600933,2007-03-10,2006-07,1610612762,UTA,200,78.0,1610612740,NOK,200,74.0
0020600934,2007-03-11,2006-07,1610612761,TOR,264,106.0,1610612760,SEA,264,105.0
0020600935,2007-03-11,2006-07,1610612746,LAC,138,50.0,1610612765,DET,138,49.0
0020600936,2007-03-11,2006-07,1610612738,BOS,200,77.0,1610612741,CHI,200,78.0
0020600937,2007-03-11,2006-07,1610612745,HOU,133,52.0,1610612753,ORL,133,51.0
0020600938,2007-03-11,2006-07,1610612758,SAC,167,71.0,1610612743,DEN,167,70.0
0020600939,2007-03-11,2006-07,1610612748,MIA,233,90.0,1610612764,WAS,233,88.0
0020600940,2007-03-11,2006-07,1610612739,CLE,122,44.0,1610612754,IND,122,44.0
0020600941,2007-03-11,2006-07,1610612747,LAL,121,49.0,1610612742,DAL,121,49.0
0020600942,2007-03-11,2006-07,1610612757,POR,148,63.0,1610612744,GSW,148,63.0
0020600943,2007-03-12,2006-07,1610612766,CHA,132,48.0,1610612753,ORL,132,48.0
0020600944,2007-03-12,2006-07,1610612749,MIL,133,53.0,1610612761,TOR,133,55.0
0020600945,2007-03-12,2006-07,1610612763,MEM,150,59.0,1610612751,NJN,150,62.0
0020600946,2007-03-12,2006-07,1610612756,PHX,189,71.0,1610612745,HOU,189,70.0
0020600947,2007-03-12,2006-07,1610612744,GSW,123,54.0,1610612742,DAL,123,53.0
0020600948,2007-03-13,2006-07,1610612737,ATL,127,49.0,1610612755,PHI,127,47.0
0020600949,2007-03-13,2006-07,1610612739,CLE,142,59.0,1610612758,SAC,142,59.0
0020600950,2007-03-13,2006-07,1610612748,MIA,201,70.0,1610612762,UTA,201,72.0
0020600951,2007-03-13,2006-07,1610612740,NOK,231,88.0,1610612751,NJN,231,88.0
0020600952,2007-03-13,2006-07,1610612759,SAS,200,75.0,1610612746,LAC,200,73.0
0020600953,2007-03-13,2006-07,1610612750,MIN,211,78.0,1610612754,IND,211,78.0
0020600954,2007-03-13,2006-07,1610612741,CHI,221,84.0,1610612738,BOS,221,83.0
0020600955,2007-03-13,2006-07,1610612743,DEN,176,78.0,1610612757,POR,176,72.0
0020600956,2007-03-13,2006-07,1610612760,SEA,228,89.0,1610612765,DET,228,89.0
0020600957,2007-03-14,2006-07,1610612761,TOR,193,73.0,1610612752,NYK,193,72.0
0020600958,2007-03-14,2006-07,1610612755,PHI,233,87.0,1610612741,CHI,233,87.0
0020600959,2007-03-14,2006-07,1610612766,CHA,240,98.0,1610612758,SAC,240,98.0
0020600960,2007-03-14,2006-07,1610612753,ORL,171,65.0,1610612762,UTA,171,63.0
0020600961,2007-03-14,2006-07,1610612754,IND,202,85.0,1610612764,WAS,202,85.0
0020600962,2007-03-14,2006-07,1610612738,BOS,148,57.0,1610612737,ATL,148,57.0
0020600963,2007-03-14,2006-07,1610612763,MEM,126,52.0,1610612739,CLE,126,53.0
0020600964,2007-03-14,2006-07,1610612745,HOU,199,82.0,1610612746,LAC,199,79.0
0020600965,2007-03-14,2006-07,1610612742,DAL,236,95.0,1610612756,PHX,236,90.0
0020600966,2007-03-14,2006-07,1610612757,POR,189,71.0,1610612765,DET,189,71.0
0020600967,2007-03-15,2006-07,1610612751,NJN,220,79.0,1610612748,MIA,220,80.0
0020600968,2007-03-15,2006-07,1610612749,MIL,224,80.0,1610612759,SAS,224,81.0
0020600969,2007-03-15,2006-07,1610612743,DEN,166,66.0,1610612747,LAL,166,65.0
0020600970,2007-03-16,2006-07,1610612761,TOR,155,63.0,1610612745,HOU,155,65.0
0020600971,2007-03-16,2006-07,1610612755,PHI,220,80.0,1610612762,UTA,220,85.0
0020600972,2007-03-16,2006-07,1610612766,CHA,172,64.0,1610612746,LAC,172,63.0
0020600973,2007-03-16,2006-07,1610612752,NYK,240,84.0,1610612740,NOK,240,84.0
0020600974,2007-03-16,2006-07,1610612748,MIA,155,64.0,1610612758,SAC,155,62.0
0020600975,2007-03-16,2006-07,1610612742,DAL,240,89.0,1610612738,BOS,240,89.0
0020600976,2007-03-16,2006-07,1610612756,PHX,180,66.0,1610612765,DET,180,68.0
0020600977,2007-03-16,2006-07,1610612747,LAL,262,102.0,1610612757,POR,262,101.0
0020600978,2007-03-16,2006-07,1610612744,GSW,131,54.0,1610612750,MIN,131,53.0
0020600979,2007-03-17,2006-07,1610612764,WAS,144,59.0,1610612740,NOK,144,57.0
0020600980,2007-03-17,2006-07,1610612753,ORL,226,85.0,1610612758,SAC,226,85.0
0020600981,2007-03-17,2006-07,1610612754,IND,122,46.0,1610612737,ATL,122,45.0
0020600982,2007-03-17,2006-07,1610612739,CLE,225,88.0,1610612762,UTA,225,86.0
0020600983,2007-03-17,2006-07,1610612763,MEM,220,93.0,1610612741,CHI,220,90.0
0020600984,2007-03-17,2006-07,1610612759,SAS,189,74.0,1610612738,BOS,189,75.0
0020600985,2007-03-17,2006-07,1610612749,MIL,230,85.0,1610612766,CHA,230,81.0
0020600986,2007-03-17,2006-07,1610612743,DEN,121,53.0,1610612756,PHX,121,53.0
0020600987,2007-03-17,2006-07,1610612760,SEA,240,105.0,1610612744,GSW,240,104.0
0020600988,2007-03-18,2006-07,1610612752,NYK,158,64.0,1610612761,TOR,158,63.0
0020600989,2007-03-18,2006-07,1610612765,DET,236,84.0,1610612742,DAL,236,86.0
0020600990,2007-03-18,2006-07,1610612751,NJN,239,93.0,1610612746,LAC,239,93.0
0020600991,2007-03-18,2006-07,1610612748,MIA,123,42.0,1610612753,ORL,123,44.0
0020600992,2007-03-18,2006-07,1610612755,PHI,122,47.0,1610612745,HOU,122,46.0
0020600993,2007-03-18,2006-07,1610612757,POR,214,76.0,1610612760,SEA,214,76.0
0020600994,2007-03-18,2006-07,1610612747,LAL,161,65.0,1610612750,MIN,161,65.0
0020600995,2007-03-19,2006-07,1610612737,ATL,131,48.0,1610612758,SAC,131,49.0
0020600996,2007-03-19,2006-07,1610612740,NOK,121,49.0,1610612738,BOS,121,49.0
0020600997,2007-03-20,2006-07,1610612751,NJN,228,92.0,1610612743,DEN,228,95.0
0020600998,2007-03-20,2006-07,1610612766,CHA,250,90.0,1610612739,CLE,250,92.0
0020600999,2007-03-20,2006-07,1610612752,NYK,170,61.0,1610612742,DAL,170,60.0
0020601000,2007-03-20,2006-07,1610612765,DET,169,57.0,1610612755,PHI,169,57.0
0020601001,2007-03-20,2006-07,1610612763,MEM,180,67.0,1610612740,NOK,180,65.0
0020601002,2007-03-20,2006-07,1610612741,CHI,228,88.0,1610612746,LAC,228,88.0
0020601003,2007-03-20,2006-07,1610612762,UTA,239,94.0,1610612744,GSW,239,91.0
0020601004,2007-03-20,2006-07,1610612745,HOU,222,86.0,1610612754,IND,222,88.0
0020601005,2007-03-20,2006-07,1610612756,PHX,165,67.0,1610612750,MIN,165,66.0
0020601006,2007-03-20,2006-07,1610612757,POR,240,100.0,1610612764,WAS,240,100.0
0020601007,2007-03-21,2006-07,1610612761,TOR,199,78.0,1610612753,ORL,199,76.0
0020601008,2007-03-21,2006-07,1610612737,ATL,169,61.0,1610612748,MIA,169,63.0
0020601009,2007-03-21,2006-07,1610612738,BOS,177,65.0,1610612766,CHA,177,67.0
0020601010,2007-03-21,2006-07,1610612739,CLE,173,63.0,1610612742,DAL,173,70.0
0020601011,2007-03-21,2006-07,1610612749,MIL,144,55.0,1610612746,LAC,144,55.0
0020601012,2007-03-21,2006-07,1610612759,SAS,148,55.0,1610612754,IND,148,54.0
0020601013,2007-03-21,2006-07,1610612758,SAC,240,92.0,1610612750,MIN,240,92.0
0020601014,2007-03-21,2006-07,1610612760,SEA,240,99.0,1610612764,WAS,240,98.0
0020601015,2007-03-22,2006-07,1610612752,NYK,195,66.0,1610612757,POR,195,66.0
0020601016,2007-03-22,2006-07,1610612763,MEM,234,97.0,1610612747,LAL,234,100.0
0020601017,2007-03-22,2006-07,1610612741,CHI,240,100.0,1610612743,DEN,240,99.0
0020601018,2007-03-22,2006-07,1610612745,HOU,132,52.0,1610612765,DET,132,48.0
0020601019,2007-03-22,2006-07,1610612756,PHX,153,70.0,1610612758,SAC,153,71.0
0020601020,2007-03-23,2006-07,1610612761,TOR,122,50.0,1610612743,DEN,122,49.0
0020601021,2007-03-23,2006-07,1610612755,PHI,121,47.0,1610612766,CHA,121,48.0
0020601022,2007-03-23,2006-07,1610612753,ORL,236,86.0,1610612751,NJN,236,86.0
0020601023,2007-03-23,2006-07,1610612754,IND,121,45.0,1610612748,MIA,121,44.0
0020601024,2007-03-23,2006-07,1610612738,BOS,145,53.0,1610612742,DAL,145,53.0
0020601025,2007-03-23,2006-07,1610612737,ATL,265,100.0,1610612757,POR,265,102.0
0020601026,2007-03-23,2006-07,1610612739,CLE,131,55.0,1610612752,NYK,131,52.0
0020601027,2007-03-23,2006-07,1610612740,NOK,164,70.0,1610612747,LAL,164,74.0
0020601028,2007-03-23,2006-07,1610612759,SAS,217,86.0,1610612765,DET,217,85.0
0020601029,2007-03-23,2006-07,1610612746,LAC,122,45.0,1610612762,UTA,122,45.0
0020601030,2007-03-23,2006-07,1610612744,GSW,207,100.0,1610612764,WAS,207,94.0
0020601031,2007-03-23,2006-07,1610612760,SEA,217,81.0,1610612750,MIN,217,80.0
0020601032,2007-03-24,2006-07,1610612766,CHA,257,90.0,1610612751,NJN,257,92.0
0020601033,2007-03-24,2006-07,1610612748,MIA,213,75.0,1610612755,PHI,213,78.0
0020601034,2007-03-24,2006-07,1610612762,UTA,121,51.0,1610612763,MEM,121,52.0
0020601035,2007-03-24,2006-07,1610612746,LAC,225,91.0,1610612764,WAS,225,88.0
0020601036,2007-03-25,2006-07,1610612737,ATL,211,80.0,1610612742,DAL,211,79.0
0020601037,2007-03-25,2006-07,1610612754,IND,239,90.0,1610612741,CHI,239,90.0
0020601038,2007-03-25,2006-07,1610612749,MIL,122,49.0,1610612765,DET,122,50.0
0020601039,2007-03-25,2006-07,1610612740,NOK,232,87.0,1610612745,HOU,232,85.0
0020601040,2007-03-25,2006-07,1610612750,MIN,240,85.0,1610612757,POR,240,86.0
0020601041,2007-03-25,2006-07,1610612758,SAC,235,93.0,1610612756,PHX,235,91.0
0020601042,2007-03-25,2006-07,1610612739,CLE,223,88.0,1610612743,DEN,223,90.0
0020601043,2007-03-25,2006-07,1610612760,SEA,126,46.0,1610612759,SAS,126,47.0
0020601044,2007-03-25,2006-07,1610612747,LAL,236,103.0,1610612744,GSW,236,104.0
0020601045,2007-03-26,2006-07,1610612738,BOS,177,70.0,1610612761,TOR,177,69.0
0020601046,2007-03-26,2006-07,1610612752,NYK,240,90.0,1610612753,ORL,240,90.0
0020601047,2007-03-26,2006-07,1610612748,MIA,148,55.0,1610612737,ATL,148,56.0
0020601048,2007-03-26,2006-07,1610612765,DET,264,101.0,1610612743,DEN,264,104.0
0020601049,2007-03-26,2006-07,1610612741,CHI,212,74.0,1610612757,POR,212,75.0
0020601050,2007-03-26,2006-07,1610612745,HOU,150,57.0,1610612749,MIL,150,56.0
0020601051,2007-03-26,2006-07,1610612762,UTA,240,100.0,1610612764,WAS,240,99.0
0020601052,2007-03-26,2006-07,1610612756,PHX,145,54.0,1610612763,MEM,145,55.0
0020601053,2007-03-26,2006-07,1610612744,GSW,121,51.0,1610612759,SAS,121,52.0
0020601054,2007-03-27,2006-07,1610612754,IND,221,82.0,1610612739,CLE,221,83.0
0020601055,2007-03-27,2006-07,1610612740,NOK,143,52.0,1610612742,DAL,143,52.0
0020601056,2007-03-27,2006-07,1610612750,MIN,135,59.0,1610612760,SEA,135,58.0
0020601057,2007-03-27,2006-07,1610612747,LAL,240,95.0,1610612763,MEM,240,95.0
0020601058,2007-03-28,2006-07,1610612761,TOR,122,43.0,1610612748,MIA,122,43.0
0020601059,2007-03-28,2006-07,1610612764,WAS,215,93.0,1610612755,PHI,215,90.0
0020601060,2007-03-28,2006-07,1610612766,CHA,168,68.0,1610612737,ATL,168,67.0
0020601061,2007-03-28,2006-07,1610612738,BOS,287,104.0,1610612753,ORL,287,105.0
0020601062,2007-03-28,2006-07,1610612751,NJN,121,52.0,1610612754,IND,121,53.0
0020601063,2007-03-28,2006-07,1610612752,NYK,240,93.0,1610612739,CLE,240,92.0
0020601064,2007-03-28,2006-07,1610612759,SAS,235,88.0,1610612740,NOK,235,89.0
0020601065,2007-03-28,2006-07,1610612742,DAL,240,96.0,1610612749,MIL,240,97.0
0020601066,2007-03-28,2006-07,1610612743,DEN,235,93.0,1610612760,SEA,235,93.0
0020601067,2007-03-28,2006-07,1610612762,UTA,225,89.0,1610612750,MIN,225,85.0
0020601068,2007-03-28,2006-07,1610612746,LAC,238,91.0,1610612745,HOU,238,92.0
0020601069,2007-03-29,2006-07,1610612741,CHI,220,78.0,1610612765,DET,220,78.0
0020601070,2007-03-29,2006-07,1610612757,POR,240,93.0,1610612763,MEM,240,94.0
0020601071,2007-03-29,2006-07,1610612744,GSW,125,56.0,1610612756,PHX,125,55.0
0020601072,2007-03-30,2006-07,1610612755,PHI,199,80.0,1610612738,BOS,199,79.0
0020601073,2007-03-30,2006-07,1610612764,WAS,265,114.0,1610612761,TOR,265,113.0
0020601074,2007-03-30,2006-07,1610612766,CHA,155,58.0,1610612749,MIL,155,59.0
0020601075,2007-03-30,2006-07,1610612753,ORL,184,72.0,1610612754,IND,184,72.0
0020601076,2007-03-30,2006-07,1610612765,DET,237,84.0,1610612751,NJN,237,84.0
0020601077,2007-03-30,2006-07,1610612759,SAS,184,75.0,1610612762,UTA,184,73.0
0020601078,2007-03-30,2006-07,1610612750,MIN,185,73.0,1610612748,MIA,185,73.0
0020601079,2007-03-30,2006-07,1610612742,DAL,240,98.0,1610612752,NYK,240,97.0
0020601080,2007-03-30,2006-07,1610612756,PHX,184,81.0,1610612743,DEN,184,80.0
0020601081,2007-03-30,2006-07,1610612747,LAL,243,103.0,1610612745,HOU,243,105.0
0020601082,2007-03-30,2006-07,1610612758,SAC,192,78.0,1610612746,LAC,192,80.0
0020601083,2007-03-30,2006-07,1610612760,SEA,122,48.0,1610612763,MEM,122,49.0
0020601084,2007-03-31,2006-07,1610612741,CHI,262,102.0,1610612739,CLE,262,102.0
0020601085,2007-03-31,2006-07,1610612751,NJN,205,73.0,1610612755,PHI,205,70.0
0020601086,2007-03-31,2006-07,1610612740,NOK,213,74.0,1610612752,NYK,213,77.0
0020601087,2007-03-31,2006-07,1610612757,POR,121,40.0,1610612746,LAC,121,40.0
0020601088,2007-04-01,2006-07,1610612765,DET,232,86.0,1610612748,MIA,232,88.0
0020601089,2007-04-01,2006-07,1610612737,ATL,226,87.0,1610612741,CHI,226,89.0
0020601090,2007-04-01,2006-07,1610612754,IND,236,88.0,1610612759,SAS,236,89.0
0020601091,2007-04-01,2006-07,1610612749,MIL,205,82.0,1610612764,WAS,205,83.0
0020601092,2007-04-01,2006-07,1610612756,PHX,203,74.0,1610612742,DAL,203,73.0
0020601093,2007-04-01,2006-07,1610612744,GSW,231,100.0,1610612763,MEM,231,96.0
0020601094,2007-04-01,2006-07,1610612738,BOS,228,92.0,1610612739,CLE,228,91.0
0020601095,2007-04-01,2006-07,1610612761,TOR,184,69.0,1610612766,CHA,184,70.0
0020601096,2007-04-01,2006-07,1610612753,ORL,261,95.0,1610612750,MIN,261,93.0
0020601097,2007-04-01,2006-07,1610612745,HOU,240,89.0,1610612762,UTA,240,88.0
0020601098,2007-04-01,2006-07,1610612760,SEA,215,82.0,1610612743,DEN,215,86.0
0020601099,2007-04-01,2006-07,1610612747,LAL,179,72.0,1610612758,SAC,179,72.0
0020600547,2007-04-03,2006-07,1610612749,MIL,198,78.0,1610612740,NOK,198,80.0
0020601100,2007-04-03,2006-07,1610612766,CHA,122,51.0,1610612764,WAS,122,50.0
0020601101,2007-04-03,2006-07,1610612754,IND,178,63.0,1610612765,DET,178,63.0
0020601102,2007-04-03,2006-07,1610612748,MIA,237,88.0,1610612761,TOR,237,86.0
0020601103,2007-04-03,2006-07,1610612763,MEM,227,96.0,1610612756,PHX,227,99.0
0020601104,2007-04-03,2006-07,1610612759,SAS,144,48.0,1610612760,SEA,144,48.0
0020601105,2007-04-03,2006-07,1610612750,MIN,153,60.0,1610612739,CLE,153,60.0
0020601106,2007-04-03,2006-07,1610612758,SAC,234,90.0,1610612742,DAL,234,92.0
0020601107,2007-04-03,2006-07,1610612747,LAL,240,102.0,1610612743,DEN,240,103.0
0020601108,2007-04-04,2006-07,1610612764,WAS,238,89.0,1610612766,CHA,238,90.0
0020601109,2007-04-04,2006-07,1610612753,ORL,238,95.0,1610612761,TOR,238,96.0
0020601110,2007-04-04,2006-07,1610612751,NJN,135,54.0,1610612737,ATL,135,55.0
0020601111,2007-04-04,2006-07,1610612752,NYK,237,90.0,1610612755,PHI,237,90.0
0020601112,2007-04-04,2006-07,1610612765,DET,175,66.0,1610612741,CHI,175,67.0
0020601113,2007-04-04,2006-07,1610612749,MIL,213,83.0,1610612738,BOS,213,81.0
0020601114,2007-04-04,2006-07,1610612740,NOK,220,83.0,1610612760,SEA,220,83.0
0020601115,2007-04-04,2006-07,1610612745,HOU,184,74.0,1610612744,GSW,184,75.0
0020601116,2007-04-04,2006-07,1610612743,DEN,143,67.0,1610612758,SAC,143,64.0
0020601117,2007-04-04,2006-07,1610612757,POR,223,85.0,1610612762,UTA,223,85.0
0020601118,2007-04-04,2006-07,1610612746,LAC,192,73.0,1610612747,LAL,192,72.0
0020601119,2007-04-05,2006-07,1610612739,CLE,215,79.0,1610612748,MIA,215,79.0
0020601120,2007-04-05,2006-07,1610612759,SAS,167,64.0,1610612756,PHX,167,61.0
0020601121,2007-04-06,2006-07,1610612755,PHI,179,70.0,1610612761,TOR,179,70.0
0020601122,2007-04-06,2006-07,1610612766,CHA,208,77.0,1610612754,IND,208,79.0
0020601123,2007-04-06,2006-07,1610612738,BOS,235,82.0,1610612748,MIA,235,82.0
0020601124,2007-04-06,2006-07,1610612752,NYK,191,75.0,1610612750,MIN,191,73.0
0020601125,2007-04-06,2006-07,1610612737,ATL,198,82.0,1610612749,MIL,198,83.0
0020601126,2007-04-06,2006-07,1610612764,WAS,234,90.0,1610612739,CLE,234,91.0
0020601127,2007-04-06,2006-07,1610612763,MEM,224,98.0,1610612744,GSW,224,99.0
0020601128,2007-04-06,2006-07,1610612740,NOK,176,71.0,1610612756,PHX,176,71.0
0020601129,2007-04-06,2006-07,1610612741,CHI,122,50.0,1610612751,NJN,122,50.0
0020601130,2007-04-06,2006-07,1610612745,HOU,231,81.0,1610612757,POR,231,79.0
0020601131,2007-04-06,2006-07,1610612758,SAC,200,80.0,1610612762,UTA,200,75.0
0020601132,2007-04-06,2006-07,1610612743,DEN,240,92.0,1610612742,DAL,240,91.0
0020601133,2007-04-06,2006-07,1610612760,SEA,237,92.0,1610612747,LAL,237,95.0
0020601134,2007-04-07,2006-07,1610612753,ORL,126,53.0,1610612763,MEM,126,53.0
0020601135,2007-04-07,2006-07,1610612754,IND,149,63.0,1610612738,BOS,149,61.0
0020601136,2007-04-07,2006-07,1610612751,NJN,253,99.0,1610612764,WAS,253,98.0
0020601137,2007-04-07,2006-07,1610612759,SAS,180,77.0,1610612744,GSW,180,76.0
0020601138,2007-04-07,2006-07,1610612750,MIN,238,89.0,1610612740,NOK,238,90.0
0020601139,2007-04-07,2006-07,1610612749,MIL,260,109.0,1610612752,NYK,260,111.0
0020601140,2007-04-07,2006-07,1610612742,DAL,121,47.0,1610612757,POR,121,46.0
0020601141,2007-04-07,2006-07,1610612762,UTA,157,61.0,1610612760,SEA,157,59.0
0020601142,2007-04-07,2006-07,1610612746,LAC,239,93.0,1610612743,DEN,239,92.0
0020601143,2007-04-08,2006-07,1610612765,DET,240,86.0,1610612739,CLE,240,86.0
0020601144,2007-04-08,2006-07,1610612747,LAL,216,88.0,1610612756,PHX,216,88.0
0020601145,2007-04-08,2006-07,1610612761,TOR,180,75.0,1610612741,CHI,180,75.0
0020601146,2007-04-08,2006-07,1610612748,MIA,234,95.0,1610612766,CHA,234,94.0
0020601147,2007-04-08,2006-07,1610612755,PHI,239,88.0,1610612737,ATL,239,87.0
0020601148,2007-04-08,2006-07,1610612758,SAC,221,86.0,1610612745,HOU,221,89.0
0020601149,2007-04-09,2006-07,1610612752,NYK,233,86.0,1610612765,DET,233,88.0
0020601150,2007-04-09,2006-07,1610612749,MIL,147,57.0,1610612753,ORL,147,57.0
0020601151,2007-04-09,2006-07,1610612759,SAS,183,65.0,1610612757,POR,183,63.0
0020601152,2007-04-09,2006-07,1610612750,MIN,221,84.0,1610612761,TOR,221,87.0
0020601153,2007-04-09,2006-07,1610612742,DAL,143,48.0,1610612746,LAC,143,47.0
0020601154,2007-04-09,2006-07,1610612743,DEN,190,85.0,1610612747,LAL,190,81.0
0020601155,2007-04-09,2006-07,1610612760,SEA,216,83.0,1610612745,HOU,216,85.0
0020601156,2007-04-09,2006-07,1610612744,GSW,122,52.0,1610612762,UTA,122,54.0
0020601157,2007-04-10,2006-07,1610612755,PHI,218,81.0,1610612754,IND,218,81.0
0020601158,2007-04-10,2006-07,1610612764,WAS,240,93.0,1610612751,NJN,240,93.0
0020601159,2007-04-10,2006-07,1610612766,CHA,130,47.0,1610612748,MIA,130,47.0
0020601160,2007-04-10,2006-07,1610612737,ATL,222,82.0,1610612738,BOS,222,81.0
0020601161,2007-04-10,2006-07,1610612763,MEM,166,66.0,1610612758,SAC,166,67.0
0020601162,2007-04-10,2006-07,1610612740,NOK,260,97.0,1610612746,LAC,260,95.0
0020601163,2007-04-10,2006-07,1610612741,CHI,121,45.0,1610612752,NYK,121,45.0
0020601164,2007-04-11,2006-07,1610612738,BOS,222,75.0,1610612755,PHI,222,75.0
0020601165,2007-04-11,2006-07,1610612748,MIA,240,87.0,1610612764,WAS,240,88.0
0020601166,2007-04-11,2006-07,1610612765,DET,198,70.0,1610612753,ORL,198,67.0
0020601167,2007-04-11,2006-07,1610612749,MIL,207,81.0,1610612754,IND,207,83.0
0020601168,2007-04-11,2006-07,1610612759,SAS,225,89.0,1610612758,SAC,225,90.0
0020601169,2007-04-11,2006-07,1610612750,MIN,174,69.0,1610612742,DAL,174,69.0
0020601170,2007-04-11,2006-07,1610612762,UTA,196,77.0,1610612743,DEN,196,86.0
0020601171,2007-04-11,2006-07,1610612756,PHX,190,73.0,1610612760,SEA,190,74.0
0020601172,2007-04-11,2006-07,1610612757,POR,133,48.0,1610612745,HOU,133,51.0
0020601173,2007-04-12,2006-07,1610612739,CLE,151,58.0,1610612751,NJN,151,58.0
0020601174,2007-04-12,2006-07,1610612747,LAL,215,88.0,1610612746,LAC,215,88.0
0020601175,2007-04-13,2006-07,1610612761,TOR,214,86.0,1610612765,DET,214,83.0
0020601176,2007-04-13,2006-07,1610612738,BOS,208,78.0,1610612749,MIL,208,80.0
0020601177,2007-04-13,2006-07,1610612751,NJN,157,56.0,1610612752,NYK,157,56.0
0020601178,2007-04-13,2006-07,1610612737,ATL,132,41.0,1610612764,WAS,132,44.0
0020601179,2007-04-13,2006-07,1610612748,MIA,238,87.0,1610612754,IND,238,86.0
0020601180,2007-04-13,2006-07,1610612740,NOK,215,82.0,1610612743,DEN,215,81.0
0020601181,2007-04-13,2006-07,1610612750,MIN,122,48.0,1610612759,SAS,122,49.0
0020601182,2007-04-13,2006-07,1610612741,CHI,162,59.0,1610612766,CHA,162,61.0
0020601183,2007-04-13,2006-07,1610612742,DAL,200,72.0,1610612762,UTA,200,73.0
0020601184,2007-04-13,2006-07,1610612758,SAC,150,68.0,1610612744,GSW,150,66.0
0020601185,2007-04-13,2006-07,1610612756,PHX,199,77.0,1610612747,LAL,199,75.0
0020601186,2007-04-13,2006-07,1610612746,LAC,135,50.0,1610612757,POR,135,50.0
0020601187,2007-04-14,2006-07,1610612755,PHI,122,49.0,1610612753,ORL,122,50.0
0020601188,2007-04-14,2006-07,1610612739,CLE,122,45.0,1610612737,ATL,122,45.0
0020601189,2007-04-14,2006-07,1610612763,MEM,213,92.0,1610612743,DEN,213,92.0
0020601190,2007-04-14,2006-07,1610612749,MIL,165,69.0,1610612766,CHA,165,69.0
0020601191,2007-04-14,2006-07,1610612745,HOU,203,76.0,1610612740,NOK,203,73.0
0020601192,2007-04-14,2006-07,1610612762,UTA,122,52.0,1610612756,PHX,122,51.0
0020601193,2007-04-14,2006-07,1610612757,POR,236,86.0,1610612760,SEA,236,85.0
0020601194,2007-04-15,2006-07,1610612742,DAL,240,91.0,1610612759,SAS,240,92.0
0020601195,2007-04-15,2006-07,1610612764,WAS,121,44.0,1610612741,CHI,121,44.0
0020601196,2007-04-15,2006-07,1610612754,IND,236,89.0,1610612751,NJN,236,91.0
0020601197,2007-04-15,2006-07,1610612746,LAC,129,48.0,1610612758,SAC,129,52.0
0020601198,2007-04-15,2006-07,1610612744,GSW,122,55.0,1610612750,MIN,122,56.0
0020601199,2007-04-15,2006-07,1610612761,TOR,232,91.0,1610612752,NYK,232,89.0
0020601200,2007-04-15,2006-07,1610612753,ORL,168,64.0,1610612738,BOS,168,64.0
0020601201,2007-04-15,2006-07,1610612765,DET,188,64.0,1610612755,PHI,188,64.0
0020601202,2007-04-15,2006-07,1610612747,LAL,222,75.0,1610612760,SEA,222,76.0
0020601203,2007-04-16,2006-07,1610612752,NYK,203,79.0,1610612751,NJN,203,77.0
0020601204,2007-04-16,2006-07,1610612748,MIA,240,87.0,1610612738,BOS,240,86.0
0020601205,2007-04-16,2006-07,1610612749,MIL,142,56.0,1610612737,ATL,142,54.0
0020601206,2007-04-16,2006-07,1610612763,MEM,130,52.0,1610612759,SAS,130,50.0
0020601207,2007-04-16,2006-07,1610612745,HOU,180,75.0,1610612756,PHX,180,71.0
0020601208,2007-04-16,2006-07,1610612743,DEN,167,76.0,1610612750,MIN,167,76.0
0020601209,2007-04-16,2006-07,1610612762,UTA,121,48.0,1610612757,POR,121,48.0
0020601210,2007-04-16,2006-07,1610612758,SAC,239,99.0,1610612740,NOK,239,99.0
0020601211,2007-04-17,2006-07,1610612755,PHI,197,74.0,1610612739,CLE,197,75.0
0020601212,2007-04-17,2006-07,1610612764,WAS,239,87.0,1610612753,ORL,239,88.0
0020601213,2007-04-17,2006-07,1610612737,ATL,126,50.0,1610612754,IND,126,52.0
0020601214,2007-04-17,2006-07,1610612765,DET,121,47.0,1610612761,TOR,121,48.0
0020601215,2007-04-17,2006-07,1610612756,PHX,240,90.0,1610612746,LAC,240,89.0
0020601216,2007-04-17,2006-07,1610612744,GSW,121,45.0,1610612742,DAL,121,46.0
0020601217,2007-04-18,2006-07,1610612761,TOR,235,97.0,1610612755,PHI,235,100.0
0020601218,2007-04-18,2006-07,1610612766,CHA,240,98.0,1610612752,NYK,240,98.0
0020601219,2007-04-18,2006-07,1610612753,ORL,154,56.0,1610612748,MIA,154,56.0
0020601220,2007-04-18,2006-07,1610612739,CLE,184,74.0,1610612749,MIL,184,73.0
0020601221,2007-04-18,2006-07,1610612738,BOS,240,92.0,1610612765,DET,240,91.0
0020601222,2007-04-18,2006-07,1610612751,NJN,214,86.0,1610612741,CHI,214,86.0
0020601223,2007-04-18,2006-07,1610612754,IND,237,92.0,1610612764,WAS,237,94.0
0020601224,2007-04-18,2006-07,1610612759,SAS,168,63.0,1610612743,DEN,168,64.0
0020601225,2007-04-18,2006-07,1610612750,MIN,152,63.0,1610612763,MEM,152,61.0
0020601226,2007-04-18,2006-07,1610612762,UTA,196,73.0,1610612745,HOU,196,74.0
0020601227,2007-04-18,2006-07,1610612758,SAC,212,82.0,1610612747,LAL,212,82.0
0020601228,2007-04-18,2006-07,1610612757,POR,122,52.0,1610612744,GSW,122,51.0
0020601229,2007-04-18,2006-07,1610612760,SEA,122,42.0,1610612742,DAL,122,43.0
0020601230,2007-04-18,2006-07,1610612746,LAC,240,81.0,1610612740,NOK,240,81.0
0040600101,2007-04-21,2006-07,1610612765,DET,151,58.0,1610612753,ORL,151,57.0
0040600121,2007-04-21,2006-07,1610612761,TOR,202,80.0,1610612751,NJN,202,81.0
0040600131,2007-04-21,2006-07,1610612741,CHI,207,82.0,1610612748,MIA,207,78.0
0040600171,2007-04-21,2006-07,1610612745,HOU,214,78.0,1610612762,UTA,214,78.0
0040600111,2007-04-22,2006-07,1610612739,CLE,190,72.0,1610612764,WAS,190,74.0
0040600141,2007-04-22,2006-07,1610612742,DAL,223,83.0,1610612744,GSW,223,83.0
0040600151,2007-04-22,2006-07,1610612756,PHX,226,86.0,1610612747,LAL,226,84.0
0040600161,2007-04-22,2006-07,1610612759,SAS,225,82.0,1610612743,DEN,225,84.0
0040600102,2007-04-23,2006-07,1610612765,DET,175,58.0,1610612753,ORL,175,56.0
0040600172,2007-04-23,2006-07,1610612745,HOU,215,81.0,1610612762,UTA,215,80.0
0040600122,2007-04-24,2006-07,1610612761,TOR,240,87.0,1610612751,NJN,240,86.0
0040600132,2007-04-24,2006-07,1610612741,CHI,146,57.0,1610612748,MIA,146,59.0
0040600152,2007-04-24,2006-07,1610612756,PHX,121,47.0,1610612747,LAL,121,47.0
0040600112,2007-04-25,2006-07,1610612739,CLE,180,72.0,1610612764,WAS,180,66.0
0040600142,2007-04-25,2006-07,1610612742,DAL,175,76.0,1610612744,GSW,175,75.0
0040600162,2007-04-25,2006-07,1610612759,SAS,158,65.0,1610612743,DEN,158,61.0
0040600103,2007-04-26,2006-07,1610612753,ORL,180,70.0,1610612765,DET,180,71.0
0040600153,2007-04-26,2006-07,1610612747,LAL,238,85.0,1610612756,PHX,238,84.0
0040600173,2007-04-26,2006-07,1610612762,UTA,195,70.0,1610612745,HOU,195,69.0
0040600123,2007-04-27,2006-07,1610612751,NJN,137,54.0,1610612761,TOR,137,49.0
0040600133,2007-04-27,2006-07,1610612748,MIA,222,86.0,1610612741,CHI,222,85.0
0040600143,2007-04-27,2006-07,1610612744,GSW,131,55.0,1610612742,DAL,131,55.0
0040600104,2007-04-28,2006-07,1610612753,ORL,236,88.0,1610612765,DET,236,88.0
0040600113,2007-04-28,2006-07,1610612764,WAS,226,79.0,1610612739,CLE,226,80.0
0040600163,2007-04-28,2006-07,1610612743,DEN,213,78.0,1610612759,SAS,213,82.0
0040600174,2007-04-28,2006-07,1610612762,UTA,144,53.0,1610612745,HOU,144,52.0
0040600124,2007-04-29,2006-07,1610612751,NJN,121,49.0,1610612761,TOR,121,49.0
0040600134,2007-04-29,2006-07,1610612748,MIA,226,83.0,1610612741,CHI,226,83.0
0040600144,2007-04-29,2006-07,1610612744,GSW,237,95.0,1610612742,DAL,237,94.0
0040600154,2007-04-29,2006-07,1610612747,LAL,162,71.0,1610612756,PHX,162,72.0
0040600114,2007-04-30,2006-07,1610612764,WAS,238,89.0,1610612739,CLE,238,89.0
0040600164,2007-04-30,2006-07,1610612743,DEN,239,96.0,1610612759,SAS,239,96.0
0040600175,2007-04-30,2006-07,1610612745,HOU,234,89.0,1610612762,UTA,234,88.0
0040600125,2007-05-01,2006-07,1610612761,TOR,162,63.0,1610612751,NJN,162,61.0
0040600145,2007-05-01,2006-07,1610612742,DAL,233,98.0,1610612744,GSW,233,98.0
0040600155,2007-05-02,2006-07,1610612756,PHX,181,82.0,1610612747,LAL,181,77.0
0040600165,2007-05-02,2006-07,1610612759,SAS,206,74.0,1610612743,DEN,206,70.0
0040600146,2007-05-03,2006-07,1610612744,GSW,149,57.0,1610612742,DAL,149,56.0
0040600176,2007-05-03,2006-07,1610612762,UTA,224,81.0,1610612745,HOU,224,83.0
0040600126,2007-05-04,2006-07,1610612751,NJN,240,91.0,1610612761,TOR,240,90.0
0040600177,2007-05-05,2006-07,1610612745,HOU,235,85.0,1610612762,UTA,235,82.0
0040600201,2007-05-05,2006-07,1610612765,DET,152,54.0,1610612741,CHI,152,57.0
0040600211,2007-05-06,2006-07,1610612739,CLE,235,88.0,1610612751,NJN,235,88.0
0040600231,2007-05-06,2006-07,1610612756,PHX,240,93.0,1610612759,SAS,240,92.0
0040600202,2007-05-07,2006-07,1610612765,DET,123,47.0,1610612741,CHI,123,46.0
0040600221,2007-05-07,2006-07,1610612762,UTA,240,105.0,1610612744,GSW,240,105.0
0040600212,2007-05-08,2006-07,1610612739,CLE,233,87.0,1610612751,NJN,233,85.0
0040600232,2007-05-08,2006-07,1610612756,PHX,190,76.0,1610612759,SAS,190,76.0
0040600222,2007-05-09,2006-07,1610612762,UTA,260,104.0,1610612744,GSW,260,104.0
0040600203,2007-05-10,2006-07,1610612741,CHI,200,72.0,1610612765,DET,200,71.0
0040600223,2007-05-11,2006-07,1610612744,GSW,121,52.0,1610612762,UTA,121,53.0
0040600213,2007-05-12,2006-07,1610612751,NJN,182,68.0,1610612739,CLE,182,65.0
0040600233,2007-05-12,2006-07,1610612759,SAS,189,77.0,1610612756,PHX,189,77.0
0040600204,2007-05-13,2006-07,1610612741,CHI,138,47.0,1610612765,DET,138,49.0
0040600224,2007-05-13,2006-07,1610612744,GSW,228,94.0,1610612762,UTA,228,96.0
0040600214,2007-05-14,2006-07,1610612751,NJN,238,91.0,1610612739,CLE,238,92.0
0040600234,2007-05-14,2006-07,1610612759,SAS,225,91.0,1610612756,PHX,225,89.0
0040600205,2007-05-15,2006-07,1610612765,DET,152,49.0,1610612741,CHI,152,48.0
0040600225,2007-05-15,2006-07,1610612762,UTA,235,100.0,1610612744,GSW,235,100.0
0040600215,2007-05-16,2006-07,1610612739,CLE,132,47.0,1610612751,NJN,132,48.0
0040600235,2007-05-16,2006-07,1610612756,PHX,237,86.0,1610612759,SAS,237,86.0
0040600206,2007-05-17,2006-07,1610612741,CHI,210,77.0,1610612765,DET,210,78.0
0040600216,2007-05-18,2006-07,1610612751,NJN,190,71.0,1610612739,CLE,190,71.0
0040600236,2007-05-18,2006-07,1610612759,SAS,170,68.0,1610612756,PHX,170,70.0
0040600311,2007-05-20,2006-07,1610612759,SAS,127,44.0,1610612762,UTA,127,46.0
0040600301,2007-05-21,2006-07,1610612765,DET,240,82.0,1610612739,CLE,240,83.0
0040600312,2007-05-22,2006-07,1610612759,SAS,127,48.0,1610612762,UTA,127,47.0
0040600302,2007-05-24,2006-07,1610612765,DET,240,82.0,1610612739,CLE,240,83.0
0040600313,2007-05-26,2006-07,1610612762,UTA,191,69.0,1610612759,SAS,191,68.0
0040600303,2007-05-27,2006-07,1610612739,CLE,234,79.0,1610612765,DET,234,78.0
0040600314,2007-05-28,2006-07,1610612762,UTA,220,78.0,1610612759,SAS,220,78.0
0040600304,2007-05-29,2006-07,1610612739,CLE,231,87.0,1610612765,DET,231,86.0
0040600315,2007-05-30,2006-07,1610612759,SAS,122,46.0,1610612762,UTA,122,47.0
0040600305,2007-05-31,2006-07,1610612765,DET,290,103.0,1610612739,CLE,290,101.0
0040600306,2007-06-02,2006-07,1610612739,CLE,190,74.0,1610612765,DET,190,75.0
0040600401,2007-06-07,2006-07,1610612759,SAS,173,61.0,1610612739,CLE,173,62.0
0040600402,2007-06-10,2006-07,1610612759,SAS,122,46.0,1610612739,CLE,122,47.0
0040600403,2007-06-12,2006-07,1610612739,CLE,236,82.0,1610612759,SAS,236,84.0
0040600404,2007-06-14,2006-07,1610612739,CLE,226,82.0,1610612759,SAS,226,85.0
