game_id,game_date,season,game_type,home_or_road,neutral_site,team_id,team_tricode,team_name,starters_bench,minutes,points,team_city,team_slug,field_goals_made,field_goals_attempted,field_goals_percentage,three_pointers_made,three_pointers_attempted,three_pointers_percentage,free_throws_made,free_throws_attempted,free_throws_percentage,rebounds_offensive,rebounds_defensive,rebounds_total,assists,steals,blocks,turnovers,fouls_personal,team_id_home,team_abbreviation_home,team_name_home,team_id_road,team_abbreviation_road,team_name_road
0021500001,2015-10-27,2015-16,regular_season,home,False,1610612737,ATL,Hawks,Bench,147:38,35,Atlanta,hawks,14,28,0.5,3,9,0.333,4,4,1.0,5,12,17,9,6,1,2,12,1610612737,ATL,Atlanta Hawks,1610612765,DET,Detroit Pistons
0021500001,2015-10-27,2015-16,regular_season,home,False,1610612737,ATL,Hawks,Starters,147:38,59,Atlanta,hawks,23,54,0.426,5,18,0.278,8,11,0.727,2,21,23,13,3,3,13,13,1610612737,ATL,Atlanta Hawks,1610612765,DET,Detroit Pistons
0021500001,2015-10-27,2015-16,regular_season,road,False,1610612765,DET,Pistons,Bench,177:50,18,Detroit,pistons,8,25,0.32,2,8,0.25,0,0,0.0,5,6,11,7,1,0,6,5,1610612737,ATL,Atlanta Hawks,1610612765,DET,Detroit Pistons
0021500001,2015-10-27,2015-16,regular_season,road,False,1610612765,DET,Pistons,Starters,177:50,88,Detroit,pistons,29,71,0.408,10,21,0.476,20,26,0.769,18,30,48,16,4,3,9,10,1610612737,ATL,Atlanta Hawks,1610612765,DET,Detroit Pistons
0021500002,2015-10-27,2015-16,regular_season,home,False,1610612741,CHI,Bulls,Bench,154:41,30,Chicago,bulls,12,24,0.5,2,5,0.4,4,8,0.5,4,24,28,5,1,3,6,11,1610612741,CHI,Chicago Bulls,1610612739,CLE,Cleveland Cavaliers
0021500002,2015-10-27,2015-16,regular_season,home,False,1610612741,CHI,Bulls,Starters,154:41,67,Chicago,bulls,25,63,0.397,5,14,0.357,12,15,0.8,3,16,19,8,5,7,7,11,1610612741,CHI,Chicago Bulls,1610612739,CLE,Cleveland Cavaliers
0021500002,2015-10-27,2015-16,regular_season,road,False,1610612739,CLE,Cavaliers,Bench,159:23,20,Cleveland,cavaliers,8,24,0.333,2,8,0.25,2,2,1.0,4,14,18,5,2,2,3,10,1610612741,CHI,Chicago Bulls,1610612739,CLE,Cleveland Cavaliers
0021500002,2015-10-27,2015-16,regular_season,road,False,1610612739,CLE,Cavaliers,Starters,159:23,75,Cleveland,cavaliers,30,70,0.429,7,21,0.333,8,15,0.533,7,25,32,21,3,5,7,11,1610612741,CHI,Chicago Bulls,1610612739,CLE,Cleveland Cavaliers
0021500003,2015-10-27,2015-16,regular_season,home,False,1610612744,GSW,Warriors,Bench,142:53,32,Golden State,warriors,12,32,0.375,1,6,0.167,7,8,0.875,9,14,23,9,3,4,9,13,1610612744,GSW,Golden State Warriors,1610612740,NOP,New Orleans Pelicans
0021500003,2015-10-27,2015-16,regular_season,home,False,1610612744,GSW,Warriors,Starters,142:53,79,Golden State,warriors,29,64,0.453,8,24,0.333,13,14,0.929,12,21,33,20,5,3,11,16,1610612744,GSW,Golden State Warriors,1610612740,NOP,New Orleans Pelicans
0021500003,2015-10-27,2015-16,regular_season,road,False,1610612740,NOP,Pelicans,Bench,129:27,40,New Orleans,pelicans,16,32,0.5,2,5,0.4,6,9,0.667,6,11,17,11,7,0,9,13,1610612744,GSW,Golden State Warriors,1610612740,NOP,New Orleans Pelicans
0021500003,2015-10-27,2015-16,regular_season,road,False,1610612740,NOP,Pelicans,Starters,129:27,55,New Orleans,pelicans,19,51,0.373,4,13,0.308,13,18,0.722,2,14,16,10,2,3,9,13,1610612744,GSW,Golden State Warriors,1610612740,NOP,New Orleans Pelicans
0021500004,2015-10-28,2015-16,regular_season,home,False,1610612753,ORL,Magic,Bench,157:17,31,Orlando,magic,12,31,0.387,3,9,0.333,4,6,0.667,7,10,17,4,3,3,6,10,1610612753,ORL,Orlando Magic,1610612764,WAS,Washington Wizards
0021500004,2015-10-28,2015-16,regular_season,home,False,1610612753,ORL,Magic,Starters,157:17,56,Orlando,magic,25,69,0.362,2,17,0.118,4,6,0.667,10,29,39,16,6,3,8,12,1610612753,ORL,Orlando Magic,1610612764,WAS,Washington Wizards
0021500004,2015-10-28,2015-16,regular_season,road,False,1610612764,WAS,Wizards,Bench,175:33,14,Washington,wizards,4,22,0.182,1,6,0.167,5,8,0.625,5,9,14,4,2,1,1,5,1610612753,ORL,Orlando Magic,1610612764,WAS,Washington Wizards
0021500004,2015-10-28,2015-16,regular_season,road,False,1610612764,WAS,Wizards,Starters,175:33,74,Washington,wizards,29,62,0.468,6,22,0.273,10,17,0.588,10,25,35,13,6,8,16,9,1610612753,ORL,Orlando Magic,1610612764,WAS,Washington Wizards
0021500005,2015-10-28,2015-16,regular_season,home,False,1610612738,BOS,Celtics,Bench,128:47,67,Boston,celtics,26,52,0.5,3,13,0.231,12,13,0.923,7,19,26,16,4,4,8,9,1610612738,BOS,Boston Celtics,1610612755,PHI,Philadelphia 76ers
0021500005,2015-10-28,2015-16,regular_season,home,False,1610612738,BOS,Celtics,Starters,128:47,45,Boston,celtics,13,33,0.394,5,11,0.455,14,14,1.0,3,12,15,15,6,3,9,14,1610612738,BOS,Boston Celtics,1610612755,PHI,Philadelphia 76ers
0021500005,2015-10-28,2015-16,regular_season,road,False,1610612755,PHI,76ers,Bench,174:07,15,Philadelphia,sixers,5,17,0.294,0,2,0.0,5,5,1.0,5,7,12,4,5,2,3,7,1610612738,BOS,Boston Celtics,1610612755,PHI,Philadelphia 76ers
0021500005,2015-10-28,2015-16,regular_season,road,False,1610612755,PHI,76ers,Starters,174:07,80,Philadelphia,sixers,29,66,0.439,7,20,0.35,15,18,0.833,9,25,34,8,6,4,19,15,1610612738,BOS,Boston Celtics,1610612755,PHI,Philadelphia 76ers
0021500006,2015-10-28,2015-16,regular_season,home,False,1610612751,BKN,Nets,Bench,125:25,46,Brooklyn,nets,16,38,0.421,0,4,0.0,14,18,0.778,5,16,21,5,6,2,5,6,1610612751,BKN,Brooklyn Nets,1610612741,CHI,Chicago Bulls
0021500006,2015-10-28,2015-16,regular_season,home,False,1610612751,BKN,Nets,Starters,125:25,54,Brooklyn,nets,23,55,0.418,0,5,0.0,8,10,0.8,11,13,24,14,5,3,8,12,1610612751,BKN,Brooklyn Nets,1610612741,CHI,Chicago Bulls
0021500006,2015-10-28,2015-16,regular_season,road,False,1610612741,CHI,Bulls,Bench,145:21,32,Chicago,bulls,13,28,0.464,5,12,0.417,1,4,0.25,3,7,10,7,4,1,11,14,1610612751,BKN,Brooklyn Nets,1610612741,CHI,Chicago Bulls
0021500006,2015-10-28,2015-16,regular_season,road,False,1610612741,CHI,Bulls,Starters,145:21,83,Chicago,bulls,29,50,0.58,9,16,0.563,16,16,1.0,2,27,29,13,5,2,8,10,1610612751,BKN,Brooklyn Nets,1610612741,CHI,Chicago Bulls
0021500007,2015-10-28,2015-16,regular_season,home,False,1610612765,DET,Pistons,Bench,160:25,17,Detroit,pistons,5,22,0.227,1,6,0.167,6,9,0.667,5,13,18,9,0,1,1,8,1610612765,DET,Detroit Pistons,1610612762,UTA,Utah Jazz
0021500007,2015-10-28,2015-16,regular_season,home,False,1610612765,DET,Pistons,Starters,160:25,75,Detroit,pistons,25,52,0.481,6,13,0.462,19,25,0.76,3,22,25,7,2,3,9,12,1610612765,DET,Detroit Pistons,1610612762,UTA,Utah Jazz
0021500007,2015-10-28,2015-16,regular_season,road,False,1610612762,UTA,Jazz,Bench,163:26,22,Utah,jazz,8,22,0.364,0,1,0.0,6,7,0.857,0,11,11,3,1,0,1,9,1610612765,DET,Detroit Pistons,1610612762,UTA,Utah Jazz
0021500007,2015-10-28,2015-16,regular_season,road,False,1610612762,UTA,Jazz,Starters,163:26,65,Utah,jazz,27,53,0.509,2,11,0.182,9,14,0.643,4,23,27,12,3,5,11,16,1610612765,DET,Detroit Pistons,1610612762,UTA,Utah Jazz
0021500008,2015-10-28,2015-16,regular_season,home,False,1610612748,MIA,Heat,Bench,142:52,38,Miami,heat,13,24,0.542,7,12,0.583,5,5,1.0,0,18,18,10,3,0,7,13,1610612748,MIA,Miami Heat,1610612766,CHA,Charlotte Hornets
0021500008,2015-10-28,2015-16,regular_season,home,False,1610612748,MIA,Heat,Starters,142:52,66,Miami,heat,23,49,0.469,5,8,0.625,15,16,0.938,2,21,23,13,2,7,6,12,1610612748,MIA,Miami Heat,1610612766,CHA,Charlotte Hornets
0021500008,2015-10-28,2015-16,regular_season,road,False,1610612766,CHA,Hornets,Bench,145:15,36,Charlotte,hornets,12,27,0.444,2,5,0.4,10,13,0.769,4,14,18,3,1,0,3,8,1610612748,MIA,Miami Heat,1610612766,CHA,Charlotte Hornets
0021500008,2015-10-28,2015-16,regular_season,road,False,1610612766,CHA,Hornets,Starters,145:15,58,Charlotte,hornets,21,57,0.368,4,19,0.211,12,16,0.75,7,18,25,13,3,1,5,8,1610612748,MIA,Miami Heat,1610612766,CHA,Charlotte Hornets
0021500009,2015-10-28,2015-16,regular_season,home,False,1610612761,TOR,Raptors,Bench,165:47,23,Toronto,raptors,8,21,0.381,3,8,0.375,4,5,0.8,3,8,11,3,1,1,5,11,1610612761,TOR,Toronto Raptors,1610612754,IND,Indiana Pacers
0021500009,2015-10-28,2015-16,regular_season,home,False,1610612761,TOR,Raptors,Starters,165:47,83,Toronto,raptors,28,59,0.475,4,10,0.4,23,34,0.676,6,33,39,16,7,1,15,13,1610612761,TOR,Toronto Raptors,1610612754,IND,Indiana Pacers
0021500009,2015-10-28,2015-16,regular_season,road,False,1610612754,IND,Pacers,Bench,163:16,26,Indiana,pacers,8,26,0.308,0,3,0.0,10,12,0.833,1,15,16,3,2,0,2,9,1610612761,TOR,Toronto Raptors,1610612754,IND,Indiana Pacers
0021500009,2015-10-28,2015-16,regular_season,road,False,1610612754,IND,Pacers,Starters,163:16,73,Indiana,pacers,24,60,0.4,9,20,0.45,16,19,0.842,7,17,24,20,12,3,11,21,1610612761,TOR,Toronto Raptors,1610612754,IND,Indiana Pacers
0021500010,2015-10-28,2015-16,regular_season,home,False,1610612745,HOU,Rockets,Bench,159:42,21,Houston,rockets,9,26,0.346,3,11,0.273,0,2,0.0,3,16,19,4,5,1,4,9,1610612745,HOU,Houston Rockets,1610612743,DEN,Denver Nuggets
0021500010,2015-10-28,2015-16,regular_season,home,False,1610612745,HOU,Rockets,Starters,159:42,64,Houston,rockets,21,61,0.344,5,24,0.208,17,24,0.708,12,13,25,13,8,7,12,10,1610612745,HOU,Houston Rockets,1610612743,DEN,Denver Nuggets
0021500010,2015-10-28,2015-16,regular_season,road,False,1610612743,DEN,Nuggets,Bench,155:22,31,Denver,nuggets,13,31,0.419,5,14,0.357,0,0,0.0,2,13,15,7,4,2,6,9,1610612745,HOU,Houston Rockets,1610612743,DEN,Denver Nuggets
0021500010,2015-10-28,2015-16,regular_season,road,False,1610612743,DEN,Nuggets,Starters,155:22,74,Denver,nuggets,27,48,0.563,8,13,0.615,12,18,0.667,7,27,34,19,5,8,15,17,1610612745,HOU,Houston Rockets,1610612743,DEN,Denver Nuggets
0021500011,2015-10-28,2015-16,regular_season,home,False,1610612763,MEM,Grizzlies,Bench,141:23,29,Memphis,grizzlies,11,33,0.333,0,6,0.0,7,10,0.7,8,12,20,5,5,2,12,8,1610612763,MEM,Memphis Grizzlies,1610612739,CLE,Cleveland Cavaliers
0021500011,2015-10-28,2015-16,regular_season,home,False,1610612763,MEM,Grizzlies,Starters,141:23,47,Memphis,grizzlies,18,49,0.367,2,10,0.2,9,12,0.75,3,17,20,10,3,1,4,10,1610612763,MEM,Memphis Grizzlies,1610612739,CLE,Cleveland Cavaliers
0021500011,2015-10-28,2015-16,regular_season,road,False,1610612739,CLE,Cavaliers,Bench,141:12,50,Cleveland,cavaliers,19,31,0.613,7,10,0.7,5,7,0.714,6,15,21,9,3,2,8,17,1610612763,MEM,Memphis Grizzlies,1610612739,CLE,Cleveland Cavaliers
0021500011,2015-10-28,2015-16,regular_season,road,False,1610612739,CLE,Cavaliers,Starters,141:12,56,Cleveland,cavaliers,22,53,0.415,6,19,0.316,6,10,0.6,6,27,33,20,4,0,11,8,1610612763,MEM,Memphis Grizzlies,1610612739,CLE,Cleveland Cavaliers
0021500012,2015-10-28,2015-16,regular_season,home,False,1610612749,MIL,Bucks,Bench,153:15,32,Milwaukee,bucks,10,24,0.417,4,8,0.5,8,8,1.0,6,12,18,7,1,2,6,11,1610612749,MIL,Milwaukee Bucks,1610612752,NYK,New York Knicks
0021500012,2015-10-28,2015-16,regular_season,home,False,1610612749,MIL,Bucks,Starters,153:15,65,Milwaukee,bucks,20,62,0.323,5,10,0.5,20,23,0.87,12,17,29,10,6,2,12,16,1610612749,MIL,Milwaukee Bucks,1610612752,NYK,New York Knicks
0021500012,2015-10-28,2015-16,regular_season,road,False,1610612752,NYK,Knicks,Bench,120:06,73,New York,knicks,27,50,0.54,5,10,0.5,14,16,0.875,14,13,27,14,5,3,4,13,1610612749,MIL,Milwaukee Bucks,1610612752,NYK,New York Knicks
0021500012,2015-10-28,2015-16,regular_season,road,False,1610612752,NYK,Knicks,Starters,120:06,49,New York,knicks,15,43,0.349,4,13,0.308,15,19,0.789,5,17,22,10,6,4,7,15,1610612749,MIL,Milwaukee Bucks,1610612752,NYK,New York Knicks
0021500013,2015-10-28,2015-16,regular_season,home,False,1610612760,OKC,Thunder,Bench,151:36,39,Oklahoma City,thunder,16,30,0.533,2,6,0.333,5,5,1.0,7,17,24,7,4,0,7,8,1610612760,OKC,Oklahoma City Thunder,1610612759,SAS,San Antonio Spurs
0021500013,2015-10-28,2015-16,regular_season,home,False,1610612760,OKC,Thunder,Starters,151:36,73,Oklahoma City,thunder,26,56,0.464,5,13,0.385,16,17,0.941,4,17,21,14,3,4,12,11,1610612760,OKC,Oklahoma City Thunder,1610612759,SAS,San Antonio Spurs
0021500013,2015-10-28,2015-16,regular_season,road,False,1610612759,SAS,Spurs,Bench,148:10,41,San Antonio,spurs,18,31,0.581,4,6,0.667,1,2,0.5,1,5,6,16,5,3,5,5,1610612760,OKC,Oklahoma City Thunder,1610612759,SAS,San Antonio Spurs
0021500013,2015-10-28,2015-16,regular_season,road,False,1610612759,SAS,Spurs,Starters,148:10,65,San Antonio,spurs,27,62,0.435,1,9,0.111,10,11,0.909,6,24,30,6,6,6,8,13,1610612760,OKC,Oklahoma City Thunder,1610612759,SAS,San Antonio Spurs
0021500014,2015-10-28,2015-16,regular_season,home,False,1610612756,PHX,Suns,Bench,103:12,58,Phoenix,suns,21,51,0.412,5,17,0.294,11,18,0.611,7,28,35,7,2,1,8,12,1610612756,PHX,Phoenix Suns,1610612742,DAL,Dallas Mavericks
0021500014,2015-10-28,2015-16,regular_season,home,False,1610612756,PHX,Suns,Starters,103:12,37,Phoenix,suns,13,36,0.361,1,7,0.143,10,15,0.667,6,12,18,8,1,2,10,18,1610612756,PHX,Phoenix Suns,1610612742,DAL,Dallas Mavericks
0021500014,2015-10-28,2015-16,regular_season,road,False,1610612742,DAL,Mavericks,Bench,125:01,51,Dallas,mavericks,18,36,0.5,3,11,0.273,12,21,0.571,1,19,20,4,2,1,6,15,1610612756,PHX,Phoenix Suns,1610612742,DAL,Dallas Mavericks
0021500014,2015-10-28,2015-16,regular_season,road,False,1610612742,DAL,Mavericks,Starters,125:01,60,Dallas,mavericks,22,49,0.449,7,10,0.7,9,10,0.9,5,23,28,20,5,2,2,10,1610612756,PHX,Phoenix Suns,1610612742,DAL,Dallas Mavericks
0021500015,2015-10-28,2015-16,regular_season,home,False,1610612757,POR,Trail Blazers,Bench,157:20,26,Portland,blazers,11,22,0.5,2,6,0.333,2,2,1.0,2,16,18,1,2,1,3,10,1610612757,POR,Portland Trail Blazers,1610612740,NOP,New Orleans Pelicans
0021500015,2015-10-28,2015-16,regular_season,home,False,1610612757,POR,Trail Blazers,Starters,157:20,86,Portland,blazers,33,66,0.5,10,26,0.385,10,12,0.833,4,29,33,21,5,3,9,11,1610612757,POR,Portland Trail Blazers,1610612740,NOP,New Orleans Pelicans
0021500015,2015-10-28,2015-16,regular_season,road,False,1610612740,NOP,Pelicans,Bench,143:22,33,New Orleans,pelicans,13,40,0.325,4,13,0.308,3,6,0.5,1,15,16,12,3,0,6,10,1610612757,POR,Portland Trail Blazers,1610612740,NOP,New Orleans Pelicans
0021500015,2015-10-28,2015-16,regular_season,road,False,1610612740,NOP,Pelicans,Starters,143:22,61,New Orleans,pelicans,23,51,0.451,7,20,0.35,8,12,0.667,4,19,23,7,4,2,5,7,1610612757,POR,Portland Trail Blazers,1610612740,NOP,New Orleans Pelicans
0021500016,2015-10-28,2015-16,regular_season,home,False,1610612758,SAC,Kings,Bench,133:49,37,Sacramento,kings,15,38,0.395,5,13,0.385,2,5,0.4,4,12,16,13,5,0,3,10,1610612758,SAC,Sacramento Kings,1610612746,LAC,LA Clippers
0021500016,2015-10-28,2015-16,regular_season,home,False,1610612758,SAC,Kings,Starters,133:49,67,Sacramento,kings,26,56,0.464,6,11,0.545,9,13,0.692,8,25,33,11,3,3,13,17,1610612758,SAC,Sacramento Kings,1610612746,LAC,LA Clippers
0021500016,2015-10-28,2015-16,regular_season,road,False,1610612746,LAC,Clippers,Bench,151:48,30,LA,clippers,10,24,0.417,2,8,0.25,8,12,0.667,1,14,15,2,4,5,7,7,1610612758,SAC,Sacramento Kings,1610612746,LAC,LA Clippers
0021500016,2015-10-28,2015-16,regular_season,road,False,1610612746,LAC,Clippers,Starters,151:48,81,LA,clippers,32,56,0.571,4,11,0.364,13,19,0.684,5,22,27,18,4,4,8,12,1610612758,SAC,Sacramento Kings,1610612746,LAC,LA Clippers
0021500017,2015-10-28,2015-16,regular_season,home,False,1610612747,LAL,Lakers,Bench,142:40,42,Los Angeles,lakers,14,32,0.438,6,16,0.375,8,8,1.0,3,15,18,6,0,2,5,14,1610612747,LAL,Los Angeles Lakers,1610612750,MIN,Minnesota Timberwolves
0021500017,2015-10-28,2015-16,regular_season,home,False,1610612747,LAL,Lakers,Starters,142:40,69,Los Angeles,lakers,21,58,0.362,3,18,0.167,24,27,0.889,9,21,30,12,2,2,8,15,1610612747,LAL,Los Angeles Lakers,1610612750,MIN,Minnesota Timberwolves
0021500017,2015-10-28,2015-16,regular_season,road,False,1610612750,MIN,Timberwolves,Bench,120:57,55,Minnesota,timberwolves,18,42,0.429,3,13,0.231,16,18,0.889,3,12,15,6,2,3,2,12,1610612747,LAL,Los Angeles Lakers,1610612750,MIN,Minnesota Timberwolves
0021500017,2015-10-28,2015-16,regular_season,road,False,1610612750,MIN,Timberwolves,Starters,120:57,57,Minnesota,timberwolves,20,41,0.488,2,7,0.286,15,19,0.789,3,21,24,18,1,1,6,14,1610612747,LAL,Los Angeles Lakers,1610612750,MIN,Minnesota Timberwolves
0021500018,2015-10-29,2015-16,regular_season,home,False,1610612754,IND,Pacers,Bench,155:01,41,Indiana,pacers,16,23,0.696,6,10,0.6,3,7,0.429,1,9,10,11,5,2,7,7,1610612754,IND,Indiana Pacers,1610612763,MEM,Memphis Grizzlies
0021500018,2015-10-29,2015-16,regular_season,home,False,1610612754,IND,Pacers,Starters,155:01,62,Indiana,pacers,21,55,0.382,6,20,0.3,14,17,0.824,9,19,28,12,2,2,13,15,1610612754,IND,Indiana Pacers,1610612763,MEM,Memphis Grizzlies
0021500018,2015-10-29,2015-16,regular_season,road,False,1610612763,MEM,Grizzlies,Bench,143:48,49,Memphis,grizzlies,18,27,0.667,6,10,0.6,7,10,0.7,2,11,13,10,5,4,6,11,1610612754,IND,Indiana Pacers,1610612763,MEM,Memphis Grizzlies
0021500018,2015-10-29,2015-16,regular_season,road,False,1610612763,MEM,Grizzlies,Starters,143:48,63,Memphis,grizzlies,23,55,0.418,1,6,0.167,16,19,0.842,10,19,29,16,7,1,8,14,1610612754,IND,Indiana Pacers,1610612763,MEM,Memphis Grizzlies
0021500019,2015-10-29,2015-16,regular_season,home,False,1610612752,NYK,Knicks,Bench,122:11,40,New York,knicks,14,32,0.438,4,10,0.4,8,10,0.8,7,19,26,14,3,1,9,10,1610612752,NYK,New York Knicks,1610612737,ATL,Atlanta Hawks
0021500019,2015-10-29,2015-16,regular_season,home,False,1610612752,NYK,Knicks,Starters,122:11,61,New York,knicks,24,61,0.393,2,19,0.105,11,11,1.0,9,13,22,7,7,3,12,14,1610612752,NYK,New York Knicks,1610612737,ATL,Atlanta Hawks
0021500019,2015-10-29,2015-16,regular_season,road,False,1610612737,ATL,Hawks,Bench,152:14,37,Atlanta,hawks,15,28,0.536,3,8,0.375,4,6,0.667,2,5,7,5,0,1,4,11,1610612752,NYK,New York Knicks,1610612737,ATL,Atlanta Hawks
0021500019,2015-10-29,2015-16,regular_season,road,False,1610612737,ATL,Hawks,Starters,152:14,75,Atlanta,hawks,27,55,0.491,7,16,0.438,14,20,0.7,5,27,32,21,11,3,11,7,1610612752,NYK,New York Knicks,1610612737,ATL,Atlanta Hawks
0021500020,2015-10-29,2015-16,regular_season,home,False,1610612746,LAC,Clippers,Bench,121:48,48,LA,clippers,17,46,0.37,4,19,0.211,10,15,0.667,4,18,22,8,3,3,3,10,1610612746,LAC,LA Clippers,1610612742,DAL,Dallas Mavericks
0021500020,2015-10-29,2015-16,regular_season,home,False,1610612746,LAC,Clippers,Starters,121:48,56,LA,clippers,21,41,0.512,4,12,0.333,10,18,0.556,4,27,31,13,3,5,5,7,1610612746,LAC,LA Clippers,1610612742,DAL,Dallas Mavericks
0021500020,2015-10-29,2015-16,regular_season,road,False,1610612742,DAL,Mavericks,Bench,127:59,45,Dallas,mavericks,17,48,0.354,5,20,0.25,6,9,0.667,5,24,29,12,2,2,5,16,1610612746,LAC,LA Clippers,1610612742,DAL,Dallas Mavericks
0021500020,2015-10-29,2015-16,regular_season,road,False,1610612742,DAL,Mavericks,Starters,127:59,43,Dallas,mavericks,18,49,0.367,1,10,0.1,6,6,1.0,9,17,26,10,2,0,7,10,1610612746,LAC,LA Clippers,1610612742,DAL,Dallas Mavericks
0021500021,2015-10-30,2015-16,regular_season,home,False,1610612739,CLE,Cavaliers,Bench,133:10,32,Cleveland,cavaliers,13,28,0.464,3,9,0.333,3,4,0.75,5,18,23,13,2,1,3,5,1610612739,CLE,Cleveland Cavaliers,1610612748,MIA,Miami Heat
0021500021,2015-10-30,2015-16,regular_season,home,False,1610612739,CLE,Cavaliers,Starters,133:10,70,Cleveland,cavaliers,26,58,0.448,3,16,0.188,15,17,0.882,9,17,26,12,2,3,8,14,1610612739,CLE,Cleveland Cavaliers,1610612748,MIA,Miami Heat
0021500021,2015-10-30,2015-16,regular_season,road,False,1610612748,MIA,Heat,Bench,162:25,19,Miami,heat,7,23,0.304,1,9,0.111,4,4,1.0,3,8,11,5,0,0,2,8,1610612739,CLE,Cleveland Cavaliers,1610612748,MIA,Miami Heat
0021500021,2015-10-30,2015-16,regular_season,road,False,1610612748,MIA,Heat,Starters,162:25,73,Miami,heat,26,54,0.481,5,12,0.417,16,18,0.889,3,24,27,16,5,7,11,12,1610612739,CLE,Cleveland Cavaliers,1610612748,MIA,Miami Heat
0021500022,2015-10-30,2015-16,regular_season,home,False,1610612753,ORL,Magic,Bench,223:31,23,Orlando,magic,7,14,0.5,3,7,0.429,6,8,0.75,5,7,12,3,3,3,3,10,1610612753,ORL,Orlando Magic,1610612760,OKC,Oklahoma City Thunder
0021500022,2015-10-30,2015-16,regular_season,home,False,1610612753,ORL,Magic,Starters,223:31,113,Orlando,magic,40,92,0.435,9,26,0.346,24,30,0.8,9,28,37,22,7,7,13,21,1610612753,ORL,Orlando Magic,1610612760,OKC,Oklahoma City Thunder
0021500022,2015-10-30,2015-16,regular_season,road,False,1610612760,OKC,Thunder,Bench,188:31,31,Oklahoma City,thunder,11,26,0.423,4,11,0.364,5,7,0.714,5,12,17,7,3,2,7,13,1610612753,ORL,Orlando Magic,1610612760,OKC,Oklahoma City Thunder
0021500022,2015-10-30,2015-16,regular_season,road,False,1610612760,OKC,Thunder,Starters,188:31,108,Oklahoma City,thunder,39,84,0.464,4,16,0.25,26,31,0.839,17,28,45,12,5,7,13,15,1610612753,ORL,Orlando Magic,1610612760,OKC,Oklahoma City Thunder
0021500023,2015-10-30,2015-16,regular_season,home,False,1610612755,PHI,76ers,Bench,155:06,30,Philadelphia,sixers,8,20,0.4,3,6,0.5,11,15,0.733,1,9,10,8,2,3,7,2,1610612755,PHI,Philadelphia 76ers,1610612762,UTA,Utah Jazz
0021500023,2015-10-30,2015-16,regular_season,home,False,1610612755,PHI,76ers,Starters,155:06,41,Philadelphia,sixers,11,43,0.256,3,9,0.333,16,22,0.727,7,22,29,7,2,2,11,20,1610612755,PHI,Philadelphia 76ers,1610612762,UTA,Utah Jazz
0021500023,2015-10-30,2015-16,regular_season,road,False,1610612762,UTA,Jazz,Bench,135:08,35,Utah,jazz,16,34,0.471,1,2,0.5,2,3,0.667,3,18,21,8,3,0,4,11,1610612755,PHI,Philadelphia 76ers,1610612762,UTA,Utah Jazz
0021500023,2015-10-30,2015-16,regular_season,road,False,1610612762,UTA,Jazz,Starters,135:08,64,Utah,jazz,20,54,0.37,6,11,0.545,18,22,0.818,10,20,30,11,7,9,3,11,1610612755,PHI,Philadelphia 76ers,1610612762,UTA,Utah Jazz
0021500024,2015-10-30,2015-16,regular_season,home,False,1610612738,BOS,Celtics,Bench,125:31,61,Boston,celtics,19,44,0.432,3,12,0.25,20,27,0.741,4,16,20,11,8,1,12,14,1610612738,BOS,Boston Celtics,1610612761,TOR,Toronto Raptors
0021500024,2015-10-30,2015-16,regular_season,home,False,1610612738,BOS,Celtics,Starters,125:31,42,Boston,celtics,13,41,0.317,4,14,0.286,12,14,0.857,3,15,18,12,6,2,5,14,1610612738,BOS,Boston Celtics,1610612761,TOR,Toronto Raptors
0021500024,2015-10-30,2015-16,regular_season,road,False,1610612761,TOR,Raptors,Bench,149:25,40,Toronto,raptors,14,25,0.56,5,13,0.385,7,7,1.0,2,13,15,3,3,1,7,16,1610612738,BOS,Boston Celtics,1610612761,TOR,Toronto Raptors
0021500024,2015-10-30,2015-16,regular_season,road,False,1610612761,TOR,Raptors,Starters,149:25,73,Toronto,raptors,22,57,0.386,6,13,0.462,23,28,0.821,7,31,38,20,8,2,14,17,1610612738,BOS,Boston Celtics,1610612761,TOR,Toronto Raptors
0021500025,2015-10-30,2015-16,regular_season,home,False,1610612765,DET,Pistons,Bench,178:20,22,Detroit,pistons,9,29,0.31,3,14,0.214,1,3,0.333,5,13,18,7,3,0,1,4,1610612765,DET,Detroit Pistons,1610612741,CHI,Chicago Bulls
0021500025,2015-10-30,2015-16,regular_season,home,False,1610612765,DET,Pistons,Starters,178:20,76,Detroit,pistons,30,75,0.4,3,14,0.214,13,25,0.52,15,28,43,11,6,2,13,15,1610612765,DET,Detroit Pistons,1610612741,CHI,Chicago Bulls
0021500025,2015-10-30,2015-16,regular_season,road,False,1610612741,CHI,Bulls,Bench,177:13,21,Chicago,bulls,9,19,0.474,3,7,0.429,0,4,0.0,3,14,17,8,0,5,6,9,1610612765,DET,Detroit Pistons,1610612741,CHI,Chicago Bulls
0021500025,2015-10-30,2015-16,regular_season,road,False,1610612741,CHI,Bulls,Starters,177:13,73,Chicago,bulls,25,65,0.385,4,15,0.267,19,22,0.864,5,28,33,10,8,3,13,15,1610612765,DET,Detroit Pistons,1610612741,CHI,Chicago Bulls
0021500026,2015-10-30,2015-16,regular_season,home,False,1610612737,ATL,Hawks,Bench,169:05,14,Atlanta,hawks,4,16,0.25,0,2,0.0,6,9,0.667,4,10,14,9,5,0,3,5,1610612737,ATL,Atlanta Hawks,1610612766,CHA,Charlotte Hornets
0021500026,2015-10-30,2015-16,regular_season,home,False,1610612737,ATL,Hawks,Starters,169:05,83,Atlanta,hawks,32,67,0.478,8,21,0.381,11,13,0.846,4,27,31,14,4,4,12,12,1610612737,ATL,Atlanta Hawks,1610612766,CHA,Charlotte Hornets
0021500026,2015-10-30,2015-16,regular_season,road,False,1610612766,CHA,Hornets,Bench,150:02,41,Charlotte,hornets,14,32,0.438,6,12,0.5,7,10,0.7,4,11,15,10,4,2,6,11,1610612737,ATL,Atlanta Hawks,1610612766,CHA,Charlotte Hornets
0021500026,2015-10-30,2015-16,regular_season,road,False,1610612766,CHA,Hornets,Starters,150:02,53,Charlotte,hornets,22,56,0.393,6,18,0.333,3,3,1.0,9,30,39,13,3,4,12,9,1610612737,ATL,Atlanta Hawks,1610612766,CHA,Charlotte Hornets
0021500027,2015-10-30,2015-16,regular_season,home,False,1610612749,MIL,Bucks,Bench,171:13,24,Milwaukee,bucks,9,22,0.409,4,12,0.333,2,3,0.667,0,7,7,10,1,0,4,13,1610612749,MIL,Milwaukee Bucks,1610612764,WAS,Washington Wizards
0021500027,2015-10-30,2015-16,regular_season,home,False,1610612749,MIL,Bucks,Starters,171:13,89,Milwaukee,bucks,33,60,0.55,3,12,0.25,20,25,0.8,6,19,25,23,8,2,12,19,1610612749,MIL,Milwaukee Bucks,1610612764,WAS,Washington Wizards
0021500027,2015-10-30,2015-16,regular_season,road,False,1610612764,WAS,Wizards,Bench,135:15,53,Washington,wizards,16,27,0.593,4,6,0.667,17,22,0.773,2,15,17,8,4,2,4,9,1610612749,MIL,Milwaukee Bucks,1610612764,WAS,Washington Wizards
0021500027,2015-10-30,2015-16,regular_season,road,False,1610612764,WAS,Wizards,Starters,135:15,65,Washington,wizards,19,41,0.463,8,15,0.533,19,22,0.864,6,14,20,17,3,3,17,11,1610612749,MIL,Milwaukee Bucks,1610612764,WAS,Washington Wizards
0021500028,2015-10-30,2015-16,regular_season,home,False,1610612759,SAS,Spurs,Bench,134:43,43,San Antonio,spurs,17,38,0.447,7,15,0.467,2,2,1.0,4,18,22,11,5,2,8,8,1610612759,SAS,San Antonio Spurs,1610612751,BKN,Brooklyn Nets
0021500028,2015-10-30,2015-16,regular_season,home,False,1610612759,SAS,Spurs,Starters,134:43,59,San Antonio,spurs,23,48,0.479,2,7,0.286,11,11,1.0,8,26,34,12,2,2,10,8,1610612759,SAS,San Antonio Spurs,1610612751,BKN,Brooklyn Nets
0021500028,2015-10-30,2015-16,regular_season,road,False,1610612751,BKN,Nets,Bench,130:51,32,Brooklyn,nets,14,29,0.483,1,6,0.167,3,6,0.5,0,13,13,5,2,5,9,5,1610612759,SAS,San Antonio Spurs,1610612751,BKN,Brooklyn Nets
0021500028,2015-10-30,2015-16,regular_season,road,False,1610612751,BKN,Nets,Starters,130:51,43,Brooklyn,nets,17,48,0.354,4,10,0.4,5,9,0.556,2,17,19,12,4,1,6,12,1610612759,SAS,San Antonio Spurs,1610612751,BKN,Brooklyn Nets
0021500029,2015-10-30,2015-16,regular_season,home,False,1610612743,DEN,Nuggets,Bench,120:48,30,Denver,nuggets,11,42,0.262,3,14,0.214,5,6,0.833,7,19,26,8,3,2,6,14,1610612743,DEN,Denver Nuggets,1610612750,MIN,Minnesota Timberwolves
0021500029,2015-10-30,2015-16,regular_season,home,False,1610612743,DEN,Nuggets,Starters,120:48,48,Denver,nuggets,18,53,0.34,2,11,0.182,10,14,0.714,10,15,25,7,4,2,8,13,1610612743,DEN,Denver Nuggets,1610612750,MIN,Minnesota Timberwolves
0021500029,2015-10-30,2015-16,regular_season,road,False,1610612750,MIN,Timberwolves,Bench,145:56,31,Minnesota,timberwolves,10,25,0.4,2,6,0.333,9,13,0.692,0,17,17,5,2,1,10,12,1610612743,DEN,Denver Nuggets,1610612750,MIN,Minnesota Timberwolves
0021500029,2015-10-30,2015-16,regular_season,road,False,1610612750,MIN,Timberwolves,Starters,145:56,64,Minnesota,timberwolves,20,46,0.435,0,5,0.0,24,28,0.857,7,25,32,13,5,5,7,12,1610612743,DEN,Denver Nuggets,1610612750,MIN,Minnesota Timberwolves
0021500030,2015-10-30,2015-16,regular_season,home,False,1610612745,HOU,Rockets,Bench,142:10,41,Houston,rockets,15,29,0.517,1,5,0.2,10,14,0.714,4,18,22,5,1,5,5,10,1610612745,HOU,Houston Rockets,1610612744,GSW,Golden State Warriors
0021500030,2015-10-30,2015-16,regular_season,home,False,1610612745,HOU,Rockets,Starters,142:10,51,Houston,rockets,15,53,0.283,4,18,0.222,17,22,0.773,8,19,27,14,2,4,11,10,1610612745,HOU,Houston Rockets,1610612744,GSW,Golden State Warriors
0021500030,2015-10-30,2015-16,regular_season,road,False,1610612744,GSW,Warriors,Bench,133:51,46,Golden State,warriors,18,41,0.439,3,9,0.333,7,9,0.778,7,12,19,10,5,1,2,11,1610612745,HOU,Houston Rockets,1610612744,GSW,Golden State Warriors
0021500030,2015-10-30,2015-16,regular_season,road,False,1610612744,GSW,Warriors,Starters,133:51,66,Golden State,warriors,25,52,0.481,6,17,0.353,10,16,0.625,4,24,28,16,4,3,6,13,1610612745,HOU,Houston Rockets,1610612744,GSW,Golden State Warriors
0021500031,2015-10-30,2015-16,regular_season,home,False,1610612758,SAC,Kings,Bench,138:41,47,Sacramento,kings,21,45,0.467,2,12,0.167,3,5,0.6,8,16,24,10,2,2,7,9,1610612758,SAC,Sacramento Kings,1610612747,LAL,Los Angeles Lakers
0021500031,2015-10-30,2015-16,regular_season,home,False,1610612758,SAC,Kings,Starters,138:41,85,Sacramento,kings,31,56,0.554,4,10,0.4,19,25,0.76,8,24,32,16,4,5,7,14,1610612758,SAC,Sacramento Kings,1610612747,LAL,Los Angeles Lakers
0021500031,2015-10-30,2015-16,regular_season,road,False,1610612747,LAL,Lakers,Bench,111:15,53,Los Angeles,lakers,17,42,0.405,6,17,0.353,13,14,0.929,3,17,20,14,6,3,7,12,1610612758,SAC,Sacramento Kings,1610612747,LAL,Los Angeles Lakers
0021500031,2015-10-30,2015-16,regular_season,road,False,1610612747,LAL,Lakers,Starters,111:15,61,Los Angeles,lakers,24,47,0.511,5,17,0.294,8,13,0.615,5,12,17,6,1,6,12,12,1610612758,SAC,Sacramento Kings,1610612747,LAL,Los Angeles Lakers
0021500032,2015-10-30,2015-16,regular_season,home,False,1610612756,PHX,Suns,Bench,150:18,38,Phoenix,suns,13,25,0.52,1,5,0.2,11,17,0.647,2,22,24,6,4,3,8,7,1610612756,PHX,Phoenix Suns,1610612757,POR,Portland Trail Blazers
0021500032,2015-10-30,2015-16,regular_season,home,False,1610612756,PHX,Suns,Starters,150:18,72,Phoenix,suns,24,58,0.414,3,13,0.231,21,25,0.84,9,22,31,11,9,4,11,10,1610612756,PHX,Phoenix Suns,1610612757,POR,Portland Trail Blazers
0021500032,2015-10-30,2015-16,regular_season,road,False,1610612757,POR,Trail Blazers,Bench,144:49,21,Portland,blazers,8,17,0.471,2,4,0.5,3,5,0.6,4,13,17,5,4,3,5,11,1610612756,PHX,Phoenix Suns,1610612757,POR,Portland Trail Blazers
0021500032,2015-10-30,2015-16,regular_season,road,False,1610612757,POR,Trail Blazers,Starters,144:49,71,Portland,blazers,26,69,0.377,7,20,0.35,12,14,0.857,7,18,25,12,5,2,18,22,1610612756,PHX,Phoenix Suns,1610612757,POR,Portland Trail Blazers
0021500033,2015-10-31,2015-16,regular_season,home,False,1610612754,IND,Pacers,Bench,152:49,20,Indiana,pacers,8,20,0.4,1,3,0.333,3,4,0.75,3,11,14,3,1,2,9,5,1610612754,IND,Indiana Pacers,1610612762,UTA,Utah Jazz
0021500033,2015-10-31,2015-16,regular_season,home,False,1610612754,IND,Pacers,Starters,152:49,56,Indiana,pacers,20,50,0.4,3,14,0.214,13,17,0.765,4,16,20,7,7,5,15,14,1610612754,IND,Indiana Pacers,1610612762,UTA,Utah Jazz
0021500033,2015-10-31,2015-16,regular_season,road,False,1610612762,UTA,Jazz,Bench,139:09,42,Utah,jazz,15,38,0.395,3,8,0.375,9,12,0.75,5,11,16,5,5,0,5,10,1610612754,IND,Indiana Pacers,1610612762,UTA,Utah Jazz
0021500033,2015-10-31,2015-16,regular_season,road,False,1610612762,UTA,Jazz,Starters,139:09,55,Utah,jazz,24,50,0.48,3,7,0.429,4,6,0.667,10,21,31,10,8,4,12,14,1610612754,IND,Indiana Pacers,1610612762,UTA,Utah Jazz
0021500034,2015-10-31,2015-16,regular_season,home,False,1610612764,WAS,Wizards,Bench,148:06,32,Washington,wizards,12,28,0.429,1,8,0.125,7,7,1.0,6,13,19,8,3,1,8,15,1610612764,WAS,Washington Wizards,1610612752,NYK,New York Knicks
0021500034,2015-10-31,2015-16,regular_season,home,False,1610612764,WAS,Wizards,Starters,148:06,78,Washington,wizards,26,62,0.419,5,14,0.357,21,26,0.808,5,19,24,9,6,2,9,17,1610612764,WAS,Washington Wizards,1610612752,NYK,New York Knicks
0021500034,2015-10-31,2015-16,regular_season,road,False,1610612752,NYK,Knicks,Bench,134:55,50,New York,knicks,18,33,0.545,4,6,0.667,10,15,0.667,2,11,13,7,6,2,9,14,1610612764,WAS,Washington Wizards,1610612752,NYK,New York Knicks
0021500034,2015-10-31,2015-16,regular_season,road,False,1610612752,NYK,Knicks,Starters,134:55,67,New York,knicks,23,53,0.434,5,13,0.385,16,17,0.941,7,20,27,14,2,3,9,16,1610612764,WAS,Washington Wizards,1610612752,NYK,New York Knicks
0021500035,2015-10-31,2015-16,regular_season,home,False,1610612740,NOP,Pelicans,Bench,113:00,53,New Orleans,pelicans,23,48,0.479,3,11,0.273,4,5,0.8,10,16,26,9,3,1,8,9,1610612740,NOP,New Orleans Pelicans,1610612744,GSW,Golden State Warriors
0021500035,2015-10-31,2015-16,regular_season,home,False,1610612740,NOP,Pelicans,Starters,113:00,67,New Orleans,pelicans,23,52,0.442,5,11,0.455,16,18,0.889,6,16,22,13,1,3,7,14,1610612740,NOP,New Orleans Pelicans,1610612744,GSW,Golden State Warriors
0021500035,2015-10-31,2015-16,regular_season,road,False,1610612744,GSW,Warriors,Bench,147:27,29,Golden State,warriors,11,21,0.524,3,4,0.75,4,6,0.667,1,12,13,9,4,1,4,8,1610612740,NOP,New Orleans Pelicans,1610612744,GSW,Golden State Warriors
0021500035,2015-10-31,2015-16,regular_season,road,False,1610612744,GSW,Warriors,Starters,147:27,105,Golden State,warriors,35,63,0.556,14,26,0.538,21,29,0.724,2,23,25,17,6,3,6,16,1610612740,NOP,New Orleans Pelicans,1610612744,GSW,Golden State Warriors
0021500036,2015-10-31,2015-16,regular_season,home,False,1610612763,MEM,Grizzlies,Bench,154:20,36,Memphis,grizzlies,12,31,0.387,4,11,0.364,8,10,0.8,5,10,15,8,1,2,1,9,1610612763,MEM,Memphis Grizzlies,1610612751,BKN,Brooklyn Nets
0021500036,2015-10-31,2015-16,regular_season,home,False,1610612763,MEM,Grizzlies,Starters,154:20,65,Memphis,grizzlies,22,49,0.449,5,12,0.417,16,18,0.889,6,21,27,18,5,0,8,10,1610612763,MEM,Memphis Grizzlies,1610612751,BKN,Brooklyn Nets
0021500036,2015-10-31,2015-16,regular_season,road,False,1610612751,BKN,Nets,Bench,141:59,40,Brooklyn,nets,17,33,0.515,2,7,0.286,4,7,0.571,5,14,19,5,1,1,5,9,1610612763,MEM,Memphis Grizzlies,1610612751,BKN,Brooklyn Nets
0021500036,2015-10-31,2015-16,regular_season,road,False,1610612751,BKN,Nets,Starters,141:59,51,Brooklyn,nets,21,46,0.457,1,6,0.167,8,11,0.727,3,21,24,16,2,2,7,13,1610612763,MEM,Memphis Grizzlies,1610612751,BKN,Brooklyn Nets
0021500037,2015-10-31,2015-16,regular_season,home,False,1610612757,POR,Trail Blazers,Bench,162:04,19,Portland,blazers,7,21,0.333,2,8,0.25,3,8,0.375,8,13,21,1,3,2,5,7,1610612757,POR,Portland Trail Blazers,1610612756,PHX,Phoenix Suns
0021500037,2015-10-31,2015-16,regular_season,home,False,1610612757,POR,Trail Blazers,Starters,162:04,71,Portland,blazers,26,58,0.448,6,22,0.273,13,20,0.65,2,22,24,19,4,3,11,13,1610612757,POR,Portland Trail Blazers,1610612756,PHX,Phoenix Suns
0021500037,2015-10-31,2015-16,regular_season,road,False,1610612756,PHX,Suns,Bench,159:08,17,Phoenix,suns,7,28,0.25,2,8,0.25,1,1,1.0,3,11,14,3,2,0,3,7,1610612757,POR,Portland Trail Blazers,1610612756,PHX,Phoenix Suns
0021500037,2015-10-31,2015-16,regular_season,road,False,1610612756,PHX,Suns,Starters,159:08,84,Phoenix,suns,32,66,0.485,9,24,0.375,11,15,0.733,8,26,34,13,9,6,10,13,1610612757,POR,Portland Trail Blazers,1610612756,PHX,Phoenix Suns
0021500038,2015-10-31,2015-16,regular_season,home,False,1610612746,LAC,Clippers,Bench,167:21,15,LA,clippers,5,20,0.25,1,9,0.111,4,4,1.0,2,4,6,1,0,1,6,8,1610612746,LAC,LA Clippers,1610612758,SAC,Sacramento Kings
0021500038,2015-10-31,2015-16,regular_season,home,False,1610612746,LAC,Clippers,Starters,167:21,99,LA,clippers,34,56,0.607,3,8,0.375,28,42,0.667,4,31,35,24,4,8,11,14,1610612746,LAC,LA Clippers,1610612758,SAC,Sacramento Kings
0021500038,2015-10-31,2015-16,regular_season,road,False,1610612758,SAC,Kings,Bench,112:35,44,Sacramento,kings,16,39,0.41,3,6,0.5,9,10,0.9,6,10,16,9,1,1,5,16,1610612746,LAC,LA Clippers,1610612758,SAC,Sacramento Kings
0021500038,2015-10-31,2015-16,regular_season,road,False,1610612758,SAC,Kings,Starters,112:35,65,Sacramento,kings,27,62,0.435,3,12,0.25,8,15,0.533,13,20,33,11,8,1,8,18,1610612746,LAC,LA Clippers,1610612758,SAC,Sacramento Kings
0021500039,2015-11-01,2015-16,regular_season,home,False,1610612766,CHA,Hornets,Bench,153:05,27,Charlotte,hornets,11,35,0.314,3,13,0.231,2,2,1.0,4,11,15,9,3,6,3,7,1610612766,CHA,Charlotte Hornets,1610612737,ATL,Atlanta Hawks
0021500039,2015-11-01,2015-16,regular_season,home,False,1610612766,CHA,Hornets,Starters,153:05,65,Charlotte,hornets,21,51,0.412,11,24,0.458,12,13,0.923,5,25,30,18,4,7,8,7,1610612766,CHA,Charlotte Hornets,1610612737,ATL,Atlanta Hawks
0021500039,2015-11-01,2015-16,regular_season,road,False,1610612737,ATL,Hawks,Bench,161:33,18,Atlanta,hawks,8,24,0.333,1,6,0.167,1,2,0.5,6,12,18,8,5,0,6,6,1610612766,CHA,Charlotte Hornets,1610612737,ATL,Atlanta Hawks
0021500039,2015-11-01,2015-16,regular_season,road,False,1610612737,ATL,Hawks,Starters,161:33,76,Atlanta,hawks,29,64,0.453,6,23,0.261,12,12,1.0,3,27,30,14,4,6,5,10,1610612766,CHA,Charlotte Hornets,1610612737,ATL,Atlanta Hawks
0021500040,2015-11-01,2015-16,regular_season,home,False,1610612738,BOS,Celtics,Bench,119:00,43,Boston,celtics,17,50,0.34,3,15,0.2,6,6,1.0,9,17,26,12,3,3,7,13,1610612738,BOS,Boston Celtics,1610612759,SAS,San Antonio Spurs
0021500040,2015-11-01,2015-16,regular_season,home,False,1610612738,BOS,Celtics,Starters,119:00,44,Boston,celtics,18,48,0.375,3,14,0.214,5,8,0.625,7,12,19,9,7,2,9,10,1610612738,BOS,Boston Celtics,1610612759,SAS,San Antonio Spurs
0021500040,2015-11-01,2015-16,regular_season,road,False,1610612759,SAS,Spurs,Bench,154:03,35,San Antonio,spurs,12,22,0.545,4,9,0.444,7,9,0.778,3,10,13,8,3,2,7,6,1610612738,BOS,Boston Celtics,1610612759,SAS,San Antonio Spurs
0021500040,2015-11-01,2015-16,regular_season,road,False,1610612759,SAS,Spurs,Starters,154:03,60,San Antonio,spurs,24,61,0.393,1,10,0.1,11,16,0.688,7,31,38,14,7,4,11,10,1610612738,BOS,Boston Celtics,1610612759,SAS,San Antonio Spurs
0021500041,2015-11-01,2015-16,regular_season,home,False,1610612748,MIA,Heat,Bench,142:01,32,Miami,heat,12,25,0.48,4,10,0.4,4,6,0.667,6,8,14,8,5,1,6,7,1610612748,MIA,Miami Heat,1610612745,HOU,Houston Rockets
0021500041,2015-11-01,2015-16,regular_season,home,False,1610612748,MIA,Heat,Starters,142:01,77,Miami,heat,30,61,0.492,5,12,0.417,12,15,0.8,5,29,34,16,6,4,6,9,1610612748,MIA,Miami Heat,1610612745,HOU,Houston Rockets
0021500041,2015-11-01,2015-16,regular_season,road,False,1610612745,HOU,Rockets,Bench,162:20,29,Houston,rockets,13,27,0.481,2,9,0.222,1,2,0.5,2,8,10,3,2,1,4,10,1610612748,MIA,Miami Heat,1610612745,HOU,Houston Rockets
0021500041,2015-11-01,2015-16,regular_season,road,False,1610612745,HOU,Rockets,Starters,162:20,60,Houston,rockets,19,52,0.365,8,27,0.296,14,16,0.875,1,23,24,17,7,2,13,13,1610612748,MIA,Miami Heat,1610612745,HOU,Houston Rockets
0021500042,2015-11-01,2015-16,regular_season,home,False,1610612761,TOR,Raptors,Bench,147:44,36,Toronto,raptors,14,33,0.424,7,11,0.636,1,2,0.5,6,16,22,9,5,1,5,9,1610612761,TOR,Toronto Raptors,1610612749,MIL,Milwaukee Bucks
0021500042,2015-11-01,2015-16,regular_season,home,False,1610612761,TOR,Raptors,Starters,147:44,70,Toronto,raptors,27,57,0.474,4,14,0.286,12,18,0.667,12,12,24,13,7,2,8,10,1610612761,TOR,Toronto Raptors,1610612749,MIL,Milwaukee Bucks
0021500042,2015-11-01,2015-16,regular_season,road,False,1610612749,MIL,Bucks,Bench,149:58,31,Milwaukee,bucks,9,25,0.36,2,11,0.182,11,11,1.0,4,3,7,6,3,5,10,6,1610612761,TOR,Toronto Raptors,1610612749,MIL,Milwaukee Bucks
0021500042,2015-11-01,2015-16,regular_season,road,False,1610612749,MIL,Bucks,Starters,149:58,56,Milwaukee,bucks,20,44,0.455,3,8,0.375,13,13,1.0,3,23,26,15,3,3,8,15,1610612761,TOR,Toronto Raptors,1610612749,MIL,Milwaukee Bucks
0021500043,2015-11-01,2015-16,regular_season,home,False,1610612741,CHI,Bulls,Bench,143:49,32,Chicago,bulls,13,37,0.351,2,11,0.182,4,4,1.0,7,14,21,9,2,2,6,12,1610612741,CHI,Chicago Bulls,1610612753,ORL,Orlando Magic
0021500043,2015-11-01,2015-16,regular_season,home,False,1610612741,CHI,Bulls,Starters,143:49,60,Chicago,bulls,20,50,0.4,5,17,0.294,15,18,0.833,4,22,26,14,5,6,7,4,1610612741,CHI,Chicago Bulls,1610612753,ORL,Orlando Magic
0021500043,2015-11-01,2015-16,regular_season,road,False,1610612753,ORL,Magic,Bench,152:38,25,Orlando,magic,9,29,0.31,3,9,0.333,4,8,0.5,5,11,16,6,3,4,4,7,1610612741,CHI,Chicago Bulls,1610612753,ORL,Orlando Magic
0021500043,2015-11-01,2015-16,regular_season,road,False,1610612753,ORL,Magic,Starters,152:38,62,Orlando,magic,26,61,0.426,4,14,0.286,6,9,0.667,7,20,27,15,4,7,12,12,1610612741,CHI,Chicago Bulls,1610612753,ORL,Orlando Magic
0021500044,2015-11-01,2015-16,regular_season,home,False,1610612760,OKC,Thunder,Bench,125:53,47,Oklahoma City,thunder,17,39,0.436,8,13,0.615,5,5,1.0,6,16,22,13,5,2,9,11,1610612760,OKC,Oklahoma City Thunder,1610612743,DEN,Denver Nuggets
0021500044,2015-11-01,2015-16,regular_season,home,False,1610612760,OKC,Thunder,Starters,125:53,70,Oklahoma City,thunder,28,47,0.596,5,12,0.417,9,13,0.692,7,21,28,19,4,8,10,12,1610612760,OKC,Oklahoma City Thunder,1610612743,DEN,Denver Nuggets
0021500044,2015-11-01,2015-16,regular_season,road,False,1610612743,DEN,Nuggets,Bench,113:52,46,Denver,nuggets,19,48,0.396,4,14,0.286,4,6,0.667,6,8,14,11,5,1,3,10,1610612760,OKC,Oklahoma City Thunder,1610612743,DEN,Denver Nuggets
0021500044,2015-11-01,2015-16,regular_season,road,False,1610612743,DEN,Nuggets,Starters,113:52,47,Denver,nuggets,16,44,0.364,5,12,0.417,10,13,0.769,8,13,21,9,3,2,10,7,1610612760,OKC,Oklahoma City Thunder,1610612743,DEN,Denver Nuggets
0021500045,2015-11-01,2015-16,regular_season,home,False,1610612747,LAL,Lakers,Bench,148:25,35,Los Angeles,lakers,12,30,0.4,5,15,0.333,6,7,0.857,3,8,11,7,2,3,4,7,1610612747,LAL,Los Angeles Lakers,1610612742,DAL,Dallas Mavericks
0021500045,2015-11-01,2015-16,regular_season,home,False,1610612747,LAL,Lakers,Starters,148:25,58,Los Angeles,lakers,19,55,0.345,5,19,0.263,15,21,0.714,5,26,31,11,6,6,8,13,1610612747,LAL,Los Angeles Lakers,1610612742,DAL,Dallas Mavericks
0021500045,2015-11-01,2015-16,regular_season,road,False,1610612742,DAL,Mavericks,Bench,128:02,39,Dallas,mavericks,17,38,0.447,4,12,0.333,1,2,0.5,4,14,18,14,3,3,6,11,1610612747,LAL,Los Angeles Lakers,1610612742,DAL,Dallas Mavericks
0021500045,2015-11-01,2015-16,regular_season,road,False,1610612742,DAL,Mavericks,Starters,128:02,64,Dallas,mavericks,23,49,0.469,7,18,0.389,11,14,0.786,4,27,31,14,2,1,5,11,1610612747,LAL,Los Angeles Lakers,1610612742,DAL,Dallas Mavericks
0021500046,2015-11-02,2015-16,regular_season,home,False,1610612755,PHI,76ers,Bench,142:15,36,Philadelphia,sixers,13,24,0.542,3,7,0.429,7,10,0.7,4,14,18,18,3,1,4,6,1610612755,PHI,Philadelphia 76ers,1610612739,CLE,Cleveland Cavaliers
0021500046,2015-11-02,2015-16,regular_season,home,False,1610612755,PHI,76ers,Starters,142:15,64,Philadelphia,sixers,25,61,0.41,4,17,0.235,10,13,0.769,5,14,19,4,4,4,9,12,1610612755,PHI,Philadelphia 76ers,1610612739,CLE,Cleveland Cavaliers
0021500046,2015-11-02,2015-16,regular_season,road,False,1610612739,CLE,Cavaliers,Bench,116:53,43,Cleveland,cavaliers,16,30,0.533,6,12,0.5,5,10,0.5,3,15,18,11,0,3,5,8,1610612755,PHI,Philadelphia 76ers,1610612739,CLE,Cleveland Cavaliers
0021500046,2015-11-02,2015-16,regular_season,road,False,1610612739,CLE,Cavaliers,Starters,116:53,64,Cleveland,cavaliers,26,51,0.51,2,10,0.2,10,10,1.0,4,21,25,17,5,6,11,11,1610612755,PHI,Philadelphia 76ers,1610612739,CLE,Cleveland Cavaliers
0021500047,2015-11-02,2015-16,regular_season,home,False,1610612751,BKN,Nets,Bench,160:40,29,Brooklyn,nets,11,26,0.423,2,6,0.333,5,7,0.714,6,6,12,3,3,0,8,9,1610612751,BKN,Brooklyn Nets,1610612749,MIL,Milwaukee Bucks
0021500047,2015-11-02,2015-16,regular_season,home,False,1610612751,BKN,Nets,Starters,160:40,67,Brooklyn,nets,25,53,0.472,4,13,0.308,13,15,0.867,4,19,23,18,0,4,10,14,1610612751,BKN,Brooklyn Nets,1610612749,MIL,Milwaukee Bucks
0021500047,2015-11-02,2015-16,regular_season,road,False,1610612749,MIL,Bucks,Bench,189:52,10,Milwaukee,bucks,4,13,0.308,0,5,0.0,2,2,1.0,3,2,5,10,1,1,4,6,1610612751,BKN,Brooklyn Nets,1610612749,MIL,Milwaukee Bucks
0021500047,2015-11-02,2015-16,regular_season,road,False,1610612749,MIL,Bucks,Starters,189:52,93,Milwaukee,bucks,34,60,0.567,9,18,0.5,16,24,0.667,5,26,31,14,5,6,10,17,1610612751,BKN,Brooklyn Nets,1610612749,MIL,Milwaukee Bucks
0021500048,2015-11-02,2015-16,regular_season,home,False,1610612752,NYK,Knicks,Bench,135:31,34,New York,knicks,15,33,0.455,0,1,0.0,4,7,0.571,3,16,19,5,2,1,3,6,1610612752,NYK,New York Knicks,1610612759,SAS,San Antonio Spurs
0021500048,2015-11-02,2015-16,regular_season,home,False,1610612752,NYK,Knicks,Starters,135:31,50,New York,knicks,17,56,0.304,4,12,0.333,12,14,0.857,14,16,30,12,6,2,7,12,1610612752,NYK,New York Knicks,1610612759,SAS,San Antonio Spurs
0021500048,2015-11-02,2015-16,regular_season,road,False,1610612759,SAS,Spurs,Bench,160:15,21,San Antonio,spurs,8,20,0.4,3,7,0.429,2,4,0.5,2,7,9,10,3,0,7,3,1610612752,NYK,New York Knicks,1610612759,SAS,San Antonio Spurs
0021500048,2015-11-02,2015-16,regular_season,road,False,1610612759,SAS,Spurs,Starters,160:15,73,San Antonio,spurs,31,59,0.525,1,6,0.167,10,13,0.769,6,30,36,11,3,7,6,9,1610612752,NYK,New York Knicks,1610612759,SAS,San Antonio Spurs
0021500049,2015-11-02,2015-16,regular_season,home,False,1610612745,HOU,Rockets,Bench,183:17,22,Houston,rockets,9,18,0.5,2,5,0.4,2,2,1.0,0,5,5,5,7,1,4,12,1610612745,HOU,Houston Rockets,1610612760,OKC,Oklahoma City Thunder
0021500049,2015-11-02,2015-16,regular_season,home,False,1610612745,HOU,Rockets,Starters,183:17,88,Houston,rockets,32,71,0.451,7,24,0.292,17,27,0.63,7,22,29,17,11,6,8,10,1610612745,HOU,Houston Rockets,1610612760,OKC,Oklahoma City Thunder
0021500049,2015-11-02,2015-16,regular_season,road,False,1610612760,OKC,Thunder,Bench,142:25,27,Oklahoma City,thunder,10,27,0.37,2,6,0.333,5,9,0.556,4,19,23,4,3,1,11,11,1610612745,HOU,Houston Rockets,1610612760,OKC,Oklahoma City Thunder
0021500049,2015-11-02,2015-16,regular_season,road,False,1610612760,OKC,Thunder,Starters,142:25,78,Oklahoma City,thunder,30,57,0.526,8,17,0.471,10,13,0.769,10,22,32,13,4,8,13,13,1610612745,HOU,Houston Rockets,1610612760,OKC,Oklahoma City Thunder
0021500050,2015-11-02,2015-16,regular_season,home,False,1610612750,MIN,Timberwolves,Bench,119:05,60,Minnesota,timberwolves,20,37,0.541,2,7,0.286,18,24,0.75,4,16,20,9,3,0,7,11,1610612750,MIN,Minnesota Timberwolves,1610612757,POR,Portland Trail Blazers
0021500050,2015-11-02,2015-16,regular_season,home,False,1610612750,MIN,Timberwolves,Starters,119:05,41,Minnesota,timberwolves,14,42,0.333,1,6,0.167,12,15,0.8,4,17,21,13,7,4,8,11,1610612750,MIN,Minnesota Timberwolves,1610612757,POR,Portland Trail Blazers
0021500050,2015-11-02,2015-16,regular_season,road,False,1610612757,POR,Trail Blazers,Bench,157:49,24,Portland,blazers,8,22,0.364,1,6,0.167,7,9,0.778,5,13,18,3,2,1,3,9,1610612750,MIN,Minnesota Timberwolves,1610612757,POR,Portland Trail Blazers
0021500050,2015-11-02,2015-16,regular_season,road,False,1610612757,POR,Trail Blazers,Starters,157:49,82,Portland,blazers,33,67,0.493,8,24,0.333,8,11,0.727,6,22,28,15,3,5,13,18,1610612750,MIN,Minnesota Timberwolves,1610612757,POR,Portland Trail Blazers
0021500051,2015-11-02,2015-16,regular_season,home,False,1610612744,GSW,Warriors,Bench,122:23,45,Golden State,warriors,17,40,0.425,2,9,0.222,9,17,0.529,5,28,33,15,4,4,5,9,1610612744,GSW,Golden State Warriors,1610612763,MEM,Memphis Grizzlies
0021500051,2015-11-02,2015-16,regular_season,home,False,1610612744,GSW,Warriors,Starters,122:23,74,Golden State,warriors,26,44,0.591,9,16,0.563,13,13,1.0,5,27,32,17,4,9,9,6,1610612744,GSW,Golden State Warriors,1610612763,MEM,Memphis Grizzlies
0021500051,2015-11-02,2015-16,regular_season,road,False,1610612763,MEM,Grizzlies,Bench,108:00,36,Memphis,grizzlies,15,50,0.3,3,14,0.214,3,7,0.429,5,20,25,12,5,5,8,14,1610612744,GSW,Golden State Warriors,1610612763,MEM,Memphis Grizzlies
0021500051,2015-11-02,2015-16,regular_season,road,False,1610612763,MEM,Grizzlies,Starters,108:00,33,Memphis,grizzlies,11,46,0.239,0,9,0.0,11,13,0.846,6,13,19,9,3,2,3,10,1610612744,GSW,Golden State Warriors,1610612763,MEM,Memphis Grizzlies
0021500052,2015-11-02,2015-16,regular_season,home,False,1610612746,LAC,Clippers,Bench,142:47,41,LA,clippers,14,30,0.467,4,14,0.286,9,10,0.9,0,15,15,9,2,1,3,6,1610612746,LAC,LA Clippers,1610612756,PHX,Phoenix Suns
0021500052,2015-11-02,2015-16,regular_season,home,False,1610612746,LAC,Clippers,Starters,142:47,61,LA,clippers,23,51,0.451,4,12,0.333,11,13,0.846,3,28,31,11,2,4,8,12,1610612746,LAC,LA Clippers,1610612756,PHX,Phoenix Suns
0021500052,2015-11-02,2015-16,regular_season,road,False,1610612756,PHX,Suns,Bench,171:17,29,Phoenix,suns,11,25,0.44,4,9,0.444,3,4,0.75,6,10,16,3,3,0,3,10,1610612746,LAC,LA Clippers,1610612756,PHX,Phoenix Suns
0021500052,2015-11-02,2015-16,regular_season,road,False,1610612756,PHX,Suns,Starters,171:17,67,Phoenix,suns,25,73,0.342,5,21,0.238,12,17,0.706,10,29,39,20,5,1,6,10,1610612746,LAC,LA Clippers,1610612756,PHX,Phoenix Suns
0021500053,2015-11-03,2015-16,regular_season,home,False,1610612766,CHA,Hornets,Bench,120:44,71,Charlotte,hornets,25,45,0.556,10,14,0.714,11,12,0.917,7,17,24,13,4,1,6,4,1610612766,CHA,Charlotte Hornets,1610612741,CHI,Chicago Bulls
0021500053,2015-11-03,2015-16,regular_season,home,False,1610612766,CHA,Hornets,Starters,120:44,59,Charlotte,hornets,22,46,0.478,4,9,0.444,11,11,1.0,5,23,28,13,2,3,3,7,1610612766,CHA,Charlotte Hornets,1610612741,CHI,Chicago Bulls
0021500053,2015-11-03,2015-16,regular_season,road,False,1610612741,CHI,Bulls,Bench,128:24,57,Chicago,bulls,24,40,0.6,9,15,0.6,0,1,0.0,2,13,15,11,2,0,7,14,1610612766,CHA,Charlotte Hornets,1610612741,CHI,Chicago Bulls
0021500053,2015-11-03,2015-16,regular_season,road,False,1610612741,CHI,Bulls,Starters,128:24,48,Chicago,bulls,20,50,0.4,5,15,0.333,3,7,0.429,2,16,18,15,3,0,5,5,1610612766,CHA,Charlotte Hornets,1610612741,CHI,Chicago Bulls
0021500054,2015-11-03,2015-16,regular_season,home,False,1610612765,DET,Pistons,Bench,192:52,2,Detroit,pistons,1,12,0.083,0,5,0.0,0,4,0.0,1,4,5,3,0,1,7,10,1610612765,DET,Detroit Pistons,1610612754,IND,Indiana Pacers
0021500054,2015-11-03,2015-16,regular_season,home,False,1610612765,DET,Pistons,Starters,192:52,80,Detroit,pistons,32,74,0.432,5,17,0.294,11,13,0.846,18,27,45,11,8,4,16,11,1610612765,DET,Detroit Pistons,1610612754,IND,Indiana Pacers
0021500054,2015-11-03,2015-16,regular_season,road,False,1610612754,IND,Pacers,Bench,142:33,43,Indiana,pacers,19,34,0.559,0,1,0.0,5,6,0.833,7,14,21,5,4,4,5,10,1610612765,DET,Detroit Pistons,1610612754,IND,Indiana Pacers
0021500054,2015-11-03,2015-16,regular_season,road,False,1610612754,IND,Pacers,Starters,142:33,51,Indiana,pacers,19,54,0.352,7,22,0.318,6,6,1.0,5,16,21,16,11,1,10,9,1610612765,DET,Detroit Pistons,1610612754,IND,Indiana Pacers
0021500055,2015-11-03,2015-16,regular_season,home,False,1610612748,MIA,Heat,Bench,154:39,16,Miami,heat,7,25,0.28,0,10,0.0,2,4,0.5,3,10,13,5,4,0,7,13,1610612748,MIA,Miami Heat,1610612737,ATL,Atlanta Hawks
0021500055,2015-11-03,2015-16,regular_season,home,False,1610612748,MIA,Heat,Starters,154:39,76,Miami,heat,31,61,0.508,5,18,0.278,9,12,0.75,10,26,36,8,6,9,11,8,1610612748,MIA,Miami Heat,1610612737,ATL,Atlanta Hawks
0021500055,2015-11-03,2015-16,regular_season,road,False,1610612737,ATL,Hawks,Bench,170:37,24,Atlanta,hawks,8,24,0.333,2,7,0.286,6,6,1.0,3,11,14,5,3,0,5,5,1610612748,MIA,Miami Heat,1610612737,ATL,Atlanta Hawks
0021500055,2015-11-03,2015-16,regular_season,road,False,1610612737,ATL,Hawks,Starters,170:37,74,Atlanta,hawks,29,66,0.439,5,14,0.357,11,16,0.688,13,24,37,20,7,1,10,9,1610612748,MIA,Miami Heat,1610612737,ATL,Atlanta Hawks
0021500056,2015-11-03,2015-16,regular_season,home,False,1610612740,NOP,Pelicans,Bench,146:08,33,New Orleans,pelicans,12,33,0.364,4,13,0.308,5,7,0.714,7,14,21,12,8,1,4,7,1610612740,NOP,New Orleans Pelicans,1610612753,ORL,Orlando Magic
0021500056,2015-11-03,2015-16,regular_season,home,False,1610612740,NOP,Pelicans,Starters,146:08,61,New Orleans,pelicans,20,57,0.351,8,23,0.348,13,18,0.722,3,22,25,11,4,8,10,7,1610612740,NOP,New Orleans Pelicans,1610612753,ORL,Orlando Magic
0021500056,2015-11-03,2015-16,regular_season,road,False,1610612753,ORL,Magic,Bench,171:14,22,Orlando,magic,8,18,0.444,1,1,1.0,5,5,1.0,0,13,13,3,0,1,6,5,1610612740,NOP,New Orleans Pelicans,1610612753,ORL,Orlando Magic
0021500056,2015-11-03,2015-16,regular_season,road,False,1610612753,ORL,Magic,Starters,171:14,81,Orlando,magic,34,72,0.472,6,17,0.353,7,7,1.0,10,32,42,21,5,2,12,13,1610612740,NOP,New Orleans Pelicans,1610612753,ORL,Orlando Magic
0021500057,2015-11-03,2015-16,regular_season,home,False,1610612742,DAL,Mavericks,Bench,141:24,39,Dallas,mavericks,16,44,0.364,0,8,0.0,7,10,0.7,5,17,22,10,4,2,5,9,1610612742,DAL,Dallas Mavericks,1610612761,TOR,Toronto Raptors
0021500057,2015-11-03,2015-16,regular_season,home,False,1610612742,DAL,Mavericks,Starters,141:24,52,Dallas,mavericks,17,42,0.405,7,15,0.467,11,15,0.733,9,13,22,10,1,1,10,16,1610612742,DAL,Dallas Mavericks,1610612761,TOR,Toronto Raptors
0021500057,2015-11-03,2015-16,regular_season,road,False,1610612761,TOR,Raptors,Bench,163:50,17,Toronto,raptors,6,23,0.261,0,8,0.0,5,6,0.833,3,10,13,4,2,1,5,11,1610612742,DAL,Dallas Mavericks,1610612761,TOR,Toronto Raptors
0021500057,2015-11-03,2015-16,regular_season,road,False,1610612761,TOR,Raptors,Starters,163:50,85,Toronto,raptors,31,59,0.525,5,9,0.556,18,20,0.9,7,27,34,14,6,5,11,15,1610612742,DAL,Dallas Mavericks,1610612761,TOR,Toronto Raptors
0021500058,2015-11-03,2015-16,regular_season,home,False,1610612758,SAC,Kings,Bench,139:49,43,Sacramento,kings,11,32,0.344,6,13,0.462,15,24,0.625,2,7,9,7,4,0,5,6,1610612758,SAC,Sacramento Kings,1610612763,MEM,Memphis Grizzlies
0021500058,2015-11-03,2015-16,regular_season,home,False,1610612758,SAC,Kings,Starters,139:49,46,Sacramento,kings,18,42,0.429,1,7,0.143,9,16,0.563,6,20,26,10,4,1,8,15,1610612758,SAC,Sacramento Kings,1610612763,MEM,Memphis Grizzlies
0021500058,2015-11-03,2015-16,regular_season,road,False,1610612763,MEM,Grizzlies,Bench,122:38,42,Memphis,grizzlies,14,37,0.378,1,13,0.077,13,18,0.722,6,19,25,10,3,6,8,18,1610612758,SAC,Sacramento Kings,1610612763,MEM,Memphis Grizzlies
0021500058,2015-11-03,2015-16,regular_season,road,False,1610612763,MEM,Grizzlies,Starters,122:38,61,Memphis,grizzlies,26,46,0.565,2,7,0.286,7,7,1.0,6,19,25,13,2,1,8,13,1610612758,SAC,Sacramento Kings,1610612763,MEM,Memphis Grizzlies
0021500059,2015-11-03,2015-16,regular_season,home,False,1610612747,LAL,Lakers,Bench,136:34,39,Los Angeles,lakers,8,28,0.286,0,10,0.0,23,27,0.852,8,18,26,3,5,1,6,13,1610612747,LAL,Los Angeles Lakers,1610612743,DEN,Denver Nuggets
0021500059,2015-11-03,2015-16,regular_season,home,False,1610612747,LAL,Lakers,Starters,136:34,70,Los Angeles,lakers,28,58,0.483,6,16,0.375,8,11,0.727,3,11,14,15,4,3,4,15,1610612747,LAL,Los Angeles Lakers,1610612743,DEN,Denver Nuggets
0021500059,2015-11-03,2015-16,regular_season,road,False,1610612743,DEN,Nuggets,Bench,152:17,31,Denver,nuggets,11,29,0.379,3,13,0.231,6,6,1.0,1,13,14,12,1,3,4,11,1610612747,LAL,Los Angeles Lakers,1610612743,DEN,Denver Nuggets
0021500059,2015-11-03,2015-16,regular_season,road,False,1610612743,DEN,Nuggets,Starters,152:17,89,Denver,nuggets,32,56,0.571,4,7,0.571,21,25,0.84,10,25,35,18,4,4,10,12,1610612747,LAL,Los Angeles Lakers,1610612743,DEN,Denver Nuggets
0021500060,2015-11-04,2015-16,regular_season,home,False,1610612754,IND,Pacers,Bench,156:39,28,Indiana,pacers,10,26,0.385,1,4,0.25,7,9,0.778,7,8,15,2,2,1,3,5,1610612754,IND,Indiana Pacers,1610612738,BOS,Boston Celtics
0021500060,2015-11-04,2015-16,regular_season,home,False,1610612754,IND,Pacers,Starters,156:39,72,Indiana,pacers,25,65,0.385,7,19,0.368,15,20,0.75,14,24,38,16,8,0,11,15,1610612754,IND,Indiana Pacers,1610612738,BOS,Boston Celtics
0021500060,2015-11-04,2015-16,regular_season,road,False,1610612738,BOS,Celtics,Bench,152:01,27,Boston,celtics,12,31,0.387,1,6,0.167,2,3,0.667,6,16,22,6,0,3,7,11,1610612754,IND,Indiana Pacers,1610612738,BOS,Boston Celtics
0021500060,2015-11-04,2015-16,regular_season,road,False,1610612738,BOS,Celtics,Starters,152:01,71,Boston,celtics,23,52,0.442,9,21,0.429,16,19,0.842,9,18,27,14,7,2,12,11,1610612754,IND,Indiana Pacers,1610612738,BOS,Boston Celtics
0021500061,2015-11-04,2015-16,regular_season,home,False,1610612764,WAS,Wizards,Bench,159:49,24,Washington,wizards,10,23,0.435,2,5,0.4,2,5,0.4,1,9,10,7,4,0,4,7,1610612764,WAS,Washington Wizards,1610612759,SAS,San Antonio Spurs
0021500061,2015-11-04,2015-16,regular_season,home,False,1610612764,WAS,Wizards,Starters,159:49,78,Washington,wizards,32,64,0.5,6,18,0.333,8,9,0.889,3,20,23,20,7,3,6,12,1610612764,WAS,Washington Wizards,1610612759,SAS,San Antonio Spurs
0021500061,2015-11-04,2015-16,regular_season,road,False,1610612759,SAS,Spurs,Bench,155:58,29,San Antonio,spurs,11,19,0.579,2,9,0.222,5,6,0.833,0,9,9,9,2,2,3,6,1610612764,WAS,Washington Wizards,1610612759,SAS,San Antonio Spurs
0021500061,2015-11-04,2015-16,regular_season,road,False,1610612759,SAS,Spurs,Starters,155:58,70,San Antonio,spurs,26,62,0.419,5,13,0.385,13,14,0.929,9,31,40,12,3,1,17,15,1610612764,WAS,Washington Wizards,1610612759,SAS,San Antonio Spurs
0021500062,2015-11-04,2015-16,regular_season,home,False,1610612737,ATL,Hawks,Bench,144:22,24,Atlanta,hawks,10,27,0.37,1,6,0.167,3,4,0.75,1,8,9,7,3,5,5,7,1610612737,ATL,Atlanta Hawks,1610612751,BKN,Brooklyn Nets
0021500062,2015-11-04,2015-16,regular_season,home,False,1610612737,ATL,Hawks,Starters,144:22,77,Atlanta,hawks,27,49,0.551,7,16,0.438,16,20,0.8,5,20,25,20,12,5,8,10,1610612737,ATL,Atlanta Hawks,1610612751,BKN,Brooklyn Nets
0021500062,2015-11-04,2015-16,regular_season,road,False,1610612751,BKN,Nets,Bench,146:40,29,Brooklyn,nets,12,28,0.429,3,9,0.333,2,2,1.0,1,10,11,7,6,1,8,6,1610612737,ATL,Atlanta Hawks,1610612751,BKN,Brooklyn Nets
0021500062,2015-11-04,2015-16,regular_season,road,False,1610612751,BKN,Nets,Starters,146:40,58,Brooklyn,nets,24,55,0.436,2,12,0.167,8,11,0.727,13,19,32,17,3,3,11,13,1610612737,ATL,Atlanta Hawks,1610612751,BKN,Brooklyn Nets
0021500063,2015-11-04,2015-16,regular_season,home,False,1610612739,CLE,Cavaliers,Bench,160:42,21,Cleveland,cavaliers,7,16,0.438,1,3,0.333,6,9,0.667,5,13,18,8,1,1,5,6,1610612739,CLE,Cleveland Cavaliers,1610612752,NYK,New York Knicks
0021500063,2015-11-04,2015-16,regular_season,home,False,1610612739,CLE,Cavaliers,Starters,160:42,75,Cleveland,cavaliers,26,67,0.388,6,24,0.25,17,23,0.739,4,26,30,13,4,1,6,6,1610612739,CLE,Cleveland Cavaliers,1610612752,NYK,New York Knicks
0021500063,2015-11-04,2015-16,regular_season,road,False,1610612752,NYK,Knicks,Bench,136:39,39,New York,knicks,13,31,0.419,4,9,0.444,9,11,0.818,4,9,13,4,3,3,5,11,1610612739,CLE,Cleveland Cavaliers,1610612752,NYK,New York Knicks
0021500063,2015-11-04,2015-16,regular_season,road,False,1610612752,NYK,Knicks,Starters,136:39,47,New York,knicks,20,53,0.377,4,15,0.267,3,4,0.75,5,22,27,12,3,4,7,12,1610612739,CLE,Cleveland Cavaliers,1610612752,NYK,New York Knicks
0021500064,2015-11-04,2015-16,regular_season,home,False,1610612745,HOU,Rockets,Bench,186:38,15,Houston,rockets,7,17,0.412,1,4,0.25,0,2,0.0,5,8,13,9,3,1,0,7,1610612745,HOU,Houston Rockets,1610612753,ORL,Orlando Magic
0021500064,2015-11-04,2015-16,regular_season,home,False,1610612745,HOU,Rockets,Starters,186:38,104,Houston,rockets,35,71,0.493,10,30,0.333,24,32,0.75,11,24,35,19,5,0,19,13,1610612745,HOU,Houston Rockets,1610612753,ORL,Orlando Magic
0021500064,2015-11-04,2015-16,regular_season,road,False,1610612753,ORL,Magic,Bench,156:15,40,Orlando,magic,17,30,0.567,1,4,0.25,5,7,0.714,5,11,16,10,6,4,7,10,1610612745,HOU,Houston Rockets,1610612753,ORL,Orlando Magic
0021500064,2015-11-04,2015-16,regular_season,road,False,1610612753,ORL,Magic,Starters,156:15,74,Orlando,magic,29,61,0.475,6,16,0.375,10,12,0.833,4,18,22,18,6,2,7,15,1610612745,HOU,Houston Rockets,1610612753,ORL,Orlando Magic
0021500065,2015-11-04,2015-16,regular_season,home,False,1610612749,MIL,Bucks,Bench,159:11,28,Milwaukee,bucks,11,30,0.367,3,13,0.231,3,5,0.6,5,8,13,10,1,3,3,10,1610612749,MIL,Milwaukee Bucks,1610612755,PHI,Philadelphia 76ers
0021500065,2015-11-04,2015-16,regular_season,home,False,1610612749,MIL,Bucks,Starters,159:11,63,Milwaukee,bucks,24,56,0.429,5,10,0.5,10,12,0.833,3,20,23,14,5,1,7,9,1610612749,MIL,Milwaukee Bucks,1610612755,PHI,Philadelphia 76ers
0021500065,2015-11-04,2015-16,regular_season,road,False,1610612755,PHI,76ers,Bench,159:54,20,Philadelphia,sixers,6,20,0.3,2,10,0.2,6,7,0.857,3,7,10,3,3,2,8,10,1610612749,MIL,Milwaukee Bucks,1610612755,PHI,Philadelphia 76ers
0021500065,2015-11-04,2015-16,regular_season,road,False,1610612755,PHI,76ers,Starters,159:54,67,Philadelphia,sixers,28,61,0.459,4,18,0.222,7,8,0.875,9,32,41,20,1,7,10,13,1610612749,MIL,Milwaukee Bucks,1610612755,PHI,Philadelphia 76ers
0021500066,2015-11-04,2015-16,regular_season,home,False,1610612760,OKC,Thunder,Bench,159:13,24,Oklahoma City,thunder,11,26,0.423,2,6,0.333,0,0,0.0,7,8,15,5,4,0,7,12,1610612760,OKC,Oklahoma City Thunder,1610612761,TOR,Toronto Raptors
0021500066,2015-11-04,2015-16,regular_season,home,False,1610612760,OKC,Thunder,Starters,159:13,74,Oklahoma City,thunder,28,56,0.5,6,17,0.353,12,14,0.857,4,22,26,21,4,10,12,17,1610612760,OKC,Oklahoma City Thunder,1610612761,TOR,Toronto Raptors
0021500066,2015-11-04,2015-16,regular_season,road,False,1610612761,TOR,Raptors,Bench,157:34,26,Toronto,raptors,10,20,0.5,2,5,0.4,4,8,0.5,4,9,13,6,5,3,5,3,1610612760,OKC,Oklahoma City Thunder,1610612761,TOR,Toronto Raptors
0021500066,2015-11-04,2015-16,regular_season,road,False,1610612761,TOR,Raptors,Starters,157:34,77,Toronto,raptors,23,59,0.39,3,9,0.333,28,31,0.903,8,24,32,6,9,0,9,13,1610612760,OKC,Oklahoma City Thunder,1610612761,TOR,Toronto Raptors
0021500067,2015-11-04,2015-16,regular_season,home,False,1610612756,PHX,Suns,Bench,136:25,54,Phoenix,suns,22,34,0.647,6,8,0.75,4,7,0.571,5,14,19,7,7,1,9,8,1610612756,PHX,Phoenix Suns,1610612758,SAC,Sacramento Kings
0021500067,2015-11-04,2015-16,regular_season,home,False,1610612756,PHX,Suns,Starters,136:25,64,Phoenix,suns,23,49,0.469,8,15,0.533,10,15,0.667,4,18,22,20,7,3,9,3,1610612756,PHX,Phoenix Suns,1610612758,SAC,Sacramento Kings
0021500067,2015-11-04,2015-16,regular_season,road,False,1610612758,SAC,Kings,Bench,132:58,51,Sacramento,kings,21,36,0.583,6,11,0.545,3,5,0.6,5,12,17,8,4,2,7,11,1610612756,PHX,Phoenix Suns,1610612758,SAC,Sacramento Kings
0021500067,2015-11-04,2015-16,regular_season,road,False,1610612758,SAC,Kings,Starters,132:58,46,Sacramento,kings,19,48,0.396,5,13,0.385,3,7,0.429,2,14,16,17,5,2,10,11,1610612756,PHX,Phoenix Suns,1610612758,SAC,Sacramento Kings
0021500068,2015-11-04,2015-16,regular_season,home,False,1610612762,UTA,Jazz,Bench,131:08,43,Utah,jazz,14,40,0.35,2,11,0.182,13,17,0.765,5,9,14,4,5,2,3,9,1610612762,UTA,Utah Jazz,1610612757,POR,Portland Trail Blazers
0021500068,2015-11-04,2015-16,regular_season,home,False,1610612762,UTA,Jazz,Starters,131:08,49,Utah,jazz,19,48,0.396,3,13,0.231,8,16,0.5,11,15,26,5,7,6,6,13,1610612762,UTA,Utah Jazz,1610612757,POR,Portland Trail Blazers
0021500068,2015-11-04,2015-16,regular_season,road,False,1610612757,POR,Trail Blazers,Bench,157:30,19,Portland,blazers,6,17,0.353,2,6,0.333,5,10,0.5,9,10,19,1,0,3,3,12,1610612762,UTA,Utah Jazz,1610612757,POR,Portland Trail Blazers
0021500068,2015-11-04,2015-16,regular_season,road,False,1610612757,POR,Trail Blazers,Starters,157:30,89,Portland,blazers,35,60,0.583,9,19,0.474,10,22,0.455,4,25,29,10,5,4,16,13,1610612762,UTA,Utah Jazz,1610612757,POR,Portland Trail Blazers
0021500069,2015-11-04,2015-16,regular_season,home,False,1610612744,GSW,Warriors,Bench,162:45,26,Golden State,warriors,10,23,0.435,0,4,0.0,6,10,0.6,3,11,14,9,1,1,5,8,1610612744,GSW,Golden State Warriors,1610612746,LAC,LA Clippers
0021500069,2015-11-04,2015-16,regular_season,home,False,1610612744,GSW,Warriors,Starters,162:45,86,Golden State,warriors,29,62,0.468,10,22,0.455,18,21,0.857,6,22,28,19,5,4,7,14,1610612744,GSW,Golden State Warriors,1610612746,LAC,LA Clippers
0021500069,2015-11-04,2015-16,regular_season,road,False,1610612746,LAC,Clippers,Bench,154:37,30,LA,clippers,12,32,0.375,2,11,0.182,4,6,0.667,3,6,9,2,3,1,2,11,1610612744,GSW,Golden State Warriors,1610612746,LAC,LA Clippers
0021500069,2015-11-04,2015-16,regular_season,road,False,1610612746,LAC,Clippers,Starters,154:37,78,LA,clippers,31,56,0.554,6,11,0.545,10,16,0.625,7,25,32,22,3,3,9,15,1610612744,GSW,Golden State Warriors,1610612746,LAC,LA Clippers
0021500070,2015-11-05,2015-16,regular_season,home,False,1610612741,CHI,Bulls,Bench,146:23,27,Chicago,bulls,11,23,0.478,2,6,0.333,3,3,1.0,5,18,23,9,1,4,2,9,1610612741,CHI,Chicago Bulls,1610612760,OKC,Oklahoma City Thunder
0021500070,2015-11-05,2015-16,regular_season,home,False,1610612741,CHI,Bulls,Starters,146:23,77,Chicago,bulls,29,67,0.433,5,12,0.417,14,18,0.778,6,18,24,11,2,3,4,8,1610612741,CHI,Chicago Bulls,1610612760,OKC,Oklahoma City Thunder
0021500070,2015-11-05,2015-16,regular_season,road,False,1610612760,OKC,Thunder,Bench,159:13,19,Oklahoma City,thunder,6,16,0.375,0,2,0.0,7,7,1.0,5,11,16,3,0,2,3,9,1610612741,CHI,Chicago Bulls,1610612760,OKC,Oklahoma City Thunder
0021500070,2015-11-05,2015-16,regular_season,road,False,1610612760,OKC,Thunder,Starters,159:13,79,Oklahoma City,thunder,32,68,0.471,5,11,0.455,10,13,0.769,4,24,28,18,2,6,6,9,1610612741,CHI,Chicago Bulls,1610612760,OKC,Oklahoma City Thunder
0021500071,2015-11-05,2015-16,regular_season,home,False,1610612750,MIN,Timberwolves,Bench,101:33,55,Minnesota,timberwolves,19,44,0.432,3,9,0.333,14,15,0.933,7,23,30,9,3,3,13,20,1610612750,MIN,Minnesota Timberwolves,1610612748,MIA,Miami Heat
0021500071,2015-11-05,2015-16,regular_season,home,False,1610612750,MIN,Timberwolves,Starters,101:33,29,Minnesota,timberwolves,11,41,0.268,1,3,0.333,6,7,0.857,3,11,14,7,4,3,3,7,1610612750,MIN,Minnesota Timberwolves,1610612748,MIA,Miami Heat
0021500071,2015-11-05,2015-16,regular_season,road,False,1610612748,MIA,Heat,Bench,149:52,15,Miami,heat,5,13,0.385,1,4,0.25,4,5,0.8,2,7,9,7,1,1,3,9,1610612750,MIN,Minnesota Timberwolves,1610612748,MIA,Miami Heat
0021500071,2015-11-05,2015-16,regular_season,road,False,1610612748,MIA,Heat,Starters,149:52,81,Miami,heat,32,63,0.508,3,10,0.3,14,20,0.7,5,28,33,7,5,5,13,10,1610612750,MIN,Minnesota Timberwolves,1610612748,MIA,Miami Heat
0021500072,2015-11-05,2015-16,regular_season,home,False,1610612742,DAL,Mavericks,Bench,131:52,33,Dallas,mavericks,13,38,0.342,3,14,0.214,4,6,0.667,5,17,22,9,4,1,6,4,1610612742,DAL,Dallas Mavericks,1610612766,CHA,Charlotte Hornets
0021500072,2015-11-05,2015-16,regular_season,home,False,1610612742,DAL,Mavericks,Starters,131:52,61,Dallas,mavericks,19,44,0.432,3,15,0.2,20,21,0.952,3,19,22,8,4,1,7,9,1610612742,DAL,Dallas Mavericks,1610612766,CHA,Charlotte Hornets
0021500072,2015-11-05,2015-16,regular_season,road,False,1610612766,CHA,Hornets,Bench,145:01,34,Charlotte,hornets,14,34,0.412,2,10,0.2,4,5,0.8,2,13,15,5,4,3,6,12,1610612742,DAL,Dallas Mavericks,1610612766,CHA,Charlotte Hornets
0021500072,2015-11-05,2015-16,regular_season,road,False,1610612766,CHA,Hornets,Starters,145:01,74,Charlotte,hornets,30,55,0.545,4,17,0.235,10,12,0.833,6,27,33,14,4,3,5,13,1610612742,DAL,Dallas Mavericks,1610612766,CHA,Charlotte Hornets
0021500073,2015-11-05,2015-16,regular_season,home,False,1610612743,DEN,Nuggets,Bench,148:50,34,Denver,nuggets,9,30,0.3,3,14,0.214,13,15,0.867,4,10,14,7,4,2,3,4,1610612743,DEN,Denver Nuggets,1610612762,UTA,Utah Jazz
0021500073,2015-11-05,2015-16,regular_season,home,False,1610612743,DEN,Nuggets,Starters,148:50,50,Denver,nuggets,19,42,0.452,2,6,0.333,10,19,0.526,7,24,31,9,0,4,10,10,1610612743,DEN,Denver Nuggets,1610612762,UTA,Utah Jazz
0021500073,2015-11-05,2015-16,regular_season,road,False,1610612762,UTA,Jazz,Bench,119:15,52,Utah,jazz,21,46,0.457,7,12,0.583,3,3,1.0,6,13,19,14,4,1,7,15,1610612743,DEN,Denver Nuggets,1610612762,UTA,Utah Jazz
0021500073,2015-11-05,2015-16,regular_season,road,False,1610612762,UTA,Jazz,Starters,119:15,44,Utah,jazz,16,39,0.41,4,12,0.333,8,14,0.571,6,18,24,9,2,5,3,11,1610612743,DEN,Denver Nuggets,1610612762,UTA,Utah Jazz
0021500074,2015-11-05,2015-16,regular_season,home,False,1610612757,POR,Trail Blazers,Bench,145:05,35,Portland,blazers,15,27,0.556,2,6,0.333,3,6,0.5,3,12,15,9,1,2,5,4,1610612757,POR,Portland Trail Blazers,1610612763,MEM,Memphis Grizzlies
0021500074,2015-11-05,2015-16,regular_season,home,False,1610612757,POR,Trail Blazers,Starters,145:05,80,Portland,blazers,29,60,0.483,13,24,0.542,9,14,0.643,11,21,32,20,2,1,3,15,1610612757,POR,Portland Trail Blazers,1610612763,MEM,Memphis Grizzlies
0021500074,2015-11-05,2015-16,regular_season,road,False,1610612763,MEM,Grizzlies,Bench,145:00,34,Memphis,grizzlies,14,28,0.5,4,11,0.364,2,3,0.667,3,13,16,11,2,2,2,8,1610612757,POR,Portland Trail Blazers,1610612763,MEM,Memphis Grizzlies
0021500074,2015-11-05,2015-16,regular_season,road,False,1610612763,MEM,Grizzlies,Starters,145:00,62,Memphis,grizzlies,23,49,0.469,3,9,0.333,13,18,0.722,4,16,20,9,2,3,6,6,1610612757,POR,Portland Trail Blazers,1610612763,MEM,Memphis Grizzlies
0021500075,2015-11-06,2015-16,regular_season,home,False,1610612753,ORL,Magic,Bench,140:39,33,Orlando,magic,12,33,0.364,5,16,0.313,4,4,1.0,3,14,17,10,1,1,3,13,1610612753,ORL,Orlando Magic,1610612761,TOR,Toronto Raptors
0021500075,2015-11-06,2015-16,regular_season,home,False,1610612753,ORL,Magic,Starters,140:39,59,Orlando,magic,21,44,0.477,4,9,0.444,13,18,0.722,3,20,23,12,3,3,9,12,1610612753,ORL,Orlando Magic,1610612761,TOR,Toronto Raptors
0021500075,2015-11-06,2015-16,regular_season,road,False,1610612761,TOR,Raptors,Bench,153:19,23,Toronto,raptors,8,25,0.32,0,9,0.0,7,9,0.778,4,7,11,2,3,1,2,8,1610612753,ORL,Orlando Magic,1610612761,TOR,Toronto Raptors
0021500075,2015-11-06,2015-16,regular_season,road,False,1610612761,TOR,Raptors,Starters,153:19,64,Toronto,raptors,22,61,0.361,5,14,0.357,15,20,0.75,11,22,33,11,2,4,7,10,1610612753,ORL,Orlando Magic,1610612761,TOR,Toronto Raptors
0021500076,2015-11-06,2015-16,regular_season,home,False,1610612738,BOS,Celtics,Bench,119:19,58,Boston,celtics,22,47,0.468,6,14,0.429,8,10,0.8,7,21,28,9,8,2,7,14,1610612738,BOS,Boston Celtics,1610612764,WAS,Washington Wizards
0021500076,2015-11-06,2015-16,regular_season,home,False,1610612738,BOS,Celtics,Starters,119:19,60,Boston,celtics,22,50,0.44,6,16,0.375,10,13,0.769,8,17,25,15,10,3,10,7,1610612738,BOS,Boston Celtics,1610612764,WAS,Washington Wizards
0021500076,2015-11-06,2015-16,regular_season,road,False,1610612764,WAS,Wizards,Bench,129:24,33,Washington,wizards,10,36,0.278,2,11,0.182,11,15,0.733,5,15,20,5,4,0,12,13,1610612738,BOS,Boston Celtics,1610612764,WAS,Washington Wizards
0021500076,2015-11-06,2015-16,regular_season,road,False,1610612764,WAS,Wizards,Starters,129:24,65,Washington,wizards,26,52,0.5,6,14,0.429,7,8,0.875,5,20,25,18,6,8,12,14,1610612738,BOS,Boston Celtics,1610612764,WAS,Washington Wizards
0021500077,2015-11-06,2015-16,regular_season,home,False,1610612751,BKN,Nets,Bench,173:32,16,Brooklyn,nets,7,18,0.389,1,5,0.2,1,2,0.5,2,8,10,1,1,0,4,13,1610612751,BKN,Brooklyn Nets,1610612747,LAL,Los Angeles Lakers
0021500077,2015-11-06,2015-16,regular_season,home,False,1610612751,BKN,Nets,Starters,173:32,82,Brooklyn,nets,33,75,0.44,2,14,0.143,14,18,0.778,12,24,36,20,5,6,11,16,1610612751,BKN,Brooklyn Nets,1610612747,LAL,Los Angeles Lakers
0021500077,2015-11-06,2015-16,regular_season,road,False,1610612747,LAL,Lakers,Bench,146:01,38,Los Angeles,lakers,10,28,0.357,3,12,0.25,15,20,0.75,2,15,17,4,3,2,3,10,1610612751,BKN,Brooklyn Nets,1610612747,LAL,Los Angeles Lakers
0021500077,2015-11-06,2015-16,regular_season,road,False,1610612747,LAL,Lakers,Starters,146:01,66,Los Angeles,lakers,23,50,0.46,4,11,0.364,16,20,0.8,3,20,23,10,6,4,12,12,1610612751,BKN,Brooklyn Nets,1610612747,LAL,Los Angeles Lakers
0021500078,2015-11-06,2015-16,regular_season,home,False,1610612739,CLE,Cavaliers,Bench,139:44,36,Cleveland,cavaliers,14,30,0.467,5,9,0.556,3,4,0.75,4,14,18,5,2,0,6,11,1610612739,CLE,Cleveland Cavaliers,1610612755,PHI,Philadelphia 76ers
0021500078,2015-11-06,2015-16,regular_season,home,False,1610612739,CLE,Cavaliers,Starters,139:44,72,Cleveland,cavaliers,31,58,0.534,5,17,0.294,5,8,0.625,7,20,27,24,7,0,11,9,1610612739,CLE,Cleveland Cavaliers,1610612755,PHI,Philadelphia 76ers
0021500078,2015-11-06,2015-16,regular_season,road,False,1610612755,PHI,76ers,Bench,162:07,36,Philadelphia,sixers,12,23,0.522,6,11,0.545,6,8,0.75,2,10,12,10,2,0,5,8,1610612739,CLE,Cleveland Cavaliers,1610612755,PHI,Philadelphia 76ers
0021500078,2015-11-06,2015-16,regular_season,road,False,1610612755,PHI,76ers,Starters,162:07,66,Philadelphia,sixers,29,56,0.518,4,12,0.333,4,7,0.571,5,21,26,13,7,4,11,10,1610612739,CLE,Cleveland Cavaliers,1610612755,PHI,Philadelphia 76ers
0021500079,2015-11-06,2015-16,regular_season,home,False,1610612752,NYK,Knicks,Bench,126:48,47,New York,knicks,14,35,0.4,2,11,0.182,17,22,0.773,4,14,18,5,3,3,3,9,1610612752,NYK,New York Knicks,1610612749,MIL,Milwaukee Bucks
0021500079,2015-11-06,2015-16,regular_season,home,False,1610612752,NYK,Knicks,Starters,126:48,45,New York,knicks,19,46,0.413,2,13,0.154,5,6,0.833,10,15,25,15,0,2,12,13,1610612752,NYK,New York Knicks,1610612749,MIL,Milwaukee Bucks
0021500079,2015-11-06,2015-16,regular_season,road,False,1610612749,MIL,Bucks,Bench,131:35,48,Milwaukee,bucks,18,37,0.486,2,11,0.182,10,13,0.769,7,10,17,11,3,3,4,9,1610612752,NYK,New York Knicks,1610612749,MIL,Milwaukee Bucks
0021500079,2015-11-06,2015-16,regular_season,road,False,1610612749,MIL,Bucks,Starters,131:35,51,Milwaukee,bucks,17,44,0.386,1,3,0.333,16,16,1.0,6,18,24,10,3,2,8,15,1610612752,NYK,New York Knicks,1610612749,MIL,Milwaukee Bucks
0021500080,2015-11-06,2015-16,regular_season,home,False,1610612754,IND,Pacers,Bench,162:09,28,Indiana,pacers,12,27,0.444,0,3,0.0,4,7,0.571,4,12,16,2,0,1,4,6,1610612754,IND,Indiana Pacers,1610612748,MIA,Miami Heat
0021500080,2015-11-06,2015-16,regular_season,home,False,1610612754,IND,Pacers,Starters,162:09,62,Indiana,pacers,24,53,0.453,5,12,0.417,9,17,0.529,5,22,27,19,4,4,8,9,1610612754,IND,Indiana Pacers,1610612748,MIA,Miami Heat
0021500080,2015-11-06,2015-16,regular_season,road,False,1610612748,MIA,Heat,Bench,154:49,29,Miami,heat,12,22,0.545,3,7,0.429,2,3,0.667,2,10,12,9,2,0,3,11,1610612754,IND,Indiana Pacers,1610612748,MIA,Miami Heat
0021500080,2015-11-06,2015-16,regular_season,road,False,1610612748,MIA,Heat,Starters,154:49,58,Miami,heat,24,59,0.407,3,13,0.231,7,10,0.7,5,23,28,12,3,6,8,8,1610612754,IND,Indiana Pacers,1610612748,MIA,Miami Heat
0021500081,2015-11-06,2015-16,regular_season,home,False,1610612740,NOP,Pelicans,Bench,155:19,25,New Orleans,pelicans,11,28,0.393,3,12,0.25,0,0,0.0,4,8,12,15,3,3,2,6,1610612740,NOP,New Orleans Pelicans,1610612737,ATL,Atlanta Hawks
0021500081,2015-11-06,2015-16,regular_season,home,False,1610612740,NOP,Pelicans,Starters,155:19,90,New Orleans,pelicans,31,56,0.554,7,18,0.389,21,24,0.875,2,18,20,15,6,4,10,18,1610612740,NOP,New Orleans Pelicans,1610612737,ATL,Atlanta Hawks
0021500081,2015-11-06,2015-16,regular_season,road,False,1610612737,ATL,Hawks,Bench,162:17,34,Atlanta,hawks,12,22,0.545,4,7,0.571,6,6,1.0,3,7,10,9,0,0,4,5,1610612740,NOP,New Orleans Pelicans,1610612737,ATL,Atlanta Hawks
0021500081,2015-11-06,2015-16,regular_season,road,False,1610612737,ATL,Hawks,Starters,162:17,87,Atlanta,hawks,29,55,0.527,5,14,0.357,24,29,0.828,3,28,31,21,10,6,11,16,1610612740,NOP,New Orleans Pelicans,1610612737,ATL,Atlanta Hawks
0021500082,2015-11-06,2015-16,regular_season,home,False,1610612756,PHX,Suns,Bench,174:55,21,Phoenix,suns,7,22,0.318,4,9,0.444,3,4,0.75,6,12,18,3,1,1,5,11,1610612756,PHX,Phoenix Suns,1610612765,DET,Detroit Pistons
0021500082,2015-11-06,2015-16,regular_season,home,False,1610612756,PHX,Suns,Starters,174:55,71,Phoenix,suns,30,70,0.429,6,21,0.286,5,9,0.556,5,23,28,11,7,2,11,18,1610612756,PHX,Phoenix Suns,1610612765,DET,Detroit Pistons
0021500082,2015-11-06,2015-16,regular_season,road,False,1610612765,DET,Pistons,Bench,162:55,21,Detroit,pistons,7,17,0.412,3,10,0.3,4,7,0.571,0,12,12,5,2,0,4,10,1610612756,PHX,Phoenix Suns,1610612765,DET,Detroit Pistons
0021500082,2015-11-06,2015-16,regular_season,road,False,1610612765,DET,Pistons,Starters,162:55,79,Detroit,pistons,30,57,0.526,5,12,0.417,14,29,0.483,6,29,35,10,6,3,11,11,1610612756,PHX,Phoenix Suns,1610612765,DET,Detroit Pistons
0021500083,2015-11-06,2015-16,regular_season,home,False,1610612744,GSW,Warriors,Bench,146:46,18,Golden State,warriors,7,26,0.269,1,6,0.167,3,8,0.375,7,12,19,14,5,2,10,11,1610612744,GSW,Golden State Warriors,1610612743,DEN,Denver Nuggets
0021500083,2015-11-06,2015-16,regular_season,home,False,1610612744,GSW,Warriors,Starters,146:46,101,Golden State,warriors,39,67,0.582,16,31,0.516,7,10,0.7,6,28,34,26,5,4,10,11,1610612744,GSW,Golden State Warriors,1610612743,DEN,Denver Nuggets
0021500083,2015-11-06,2015-16,regular_season,road,False,1610612743,DEN,Nuggets,Bench,154:39,23,Denver,nuggets,9,26,0.346,2,10,0.2,3,6,0.5,5,10,15,9,6,2,9,11,1610612744,GSW,Golden State Warriors,1610612743,DEN,Denver Nuggets
0021500083,2015-11-06,2015-16,regular_season,road,False,1610612743,DEN,Nuggets,Starters,154:39,81,Denver,nuggets,30,66,0.455,6,14,0.429,15,16,0.938,5,24,29,14,7,3,10,9,1610612744,GSW,Golden State Warriors,1610612743,DEN,Denver Nuggets
0021500084,2015-11-06,2015-16,regular_season,home,False,1610612758,SAC,Kings,Bench,116:08,70,Sacramento,kings,24,43,0.558,8,16,0.5,14,19,0.737,5,12,17,17,9,2,8,11,1610612758,SAC,Sacramento Kings,1610612745,HOU,Houston Rockets
0021500084,2015-11-06,2015-16,regular_season,home,False,1610612758,SAC,Kings,Starters,116:08,40,Sacramento,kings,16,50,0.32,1,12,0.083,7,10,0.7,9,17,26,9,5,1,7,8,1610612758,SAC,Sacramento Kings,1610612745,HOU,Houston Rockets
0021500084,2015-11-06,2015-16,regular_season,road,False,1610612745,HOU,Rockets,Bench,188:40,13,Houston,rockets,4,10,0.4,0,2,0.0,5,6,0.833,3,8,11,3,1,0,7,8,1610612758,SAC,Sacramento Kings,1610612745,HOU,Houston Rockets
0021500084,2015-11-06,2015-16,regular_season,road,False,1610612745,HOU,Rockets,Starters,188:40,103,Houston,rockets,36,72,0.5,15,34,0.441,16,21,0.762,11,27,38,20,7,4,14,18,1610612758,SAC,Sacramento Kings,1610612745,HOU,Houston Rockets
0021500085,2015-11-07,2015-16,regular_season,home,False,1610612741,CHI,Bulls,Bench,156:51,35,Chicago,bulls,13,33,0.394,7,12,0.583,2,4,0.5,7,13,20,11,2,3,6,10,1610612741,CHI,Chicago Bulls,1610612750,MIN,Minnesota Timberwolves
0021500085,2015-11-07,2015-16,regular_season,home,False,1610612741,CHI,Bulls,Starters,156:51,58,Chicago,bulls,20,60,0.333,4,20,0.2,14,19,0.737,3,27,30,9,5,3,12,16,1610612741,CHI,Chicago Bulls,1610612750,MIN,Minnesota Timberwolves
0021500085,2015-11-07,2015-16,regular_season,road,False,1610612750,MIN,Timberwolves,Bench,157:28,37,Minnesota,timberwolves,13,30,0.433,3,9,0.333,8,9,0.889,5,19,24,10,3,1,9,12,1610612741,CHI,Chicago Bulls,1610612750,MIN,Minnesota Timberwolves
0021500085,2015-11-07,2015-16,regular_season,road,False,1610612750,MIN,Timberwolves,Starters,157:28,65,Minnesota,timberwolves,26,66,0.394,4,7,0.571,9,18,0.5,9,25,34,16,5,6,6,11,1610612741,CHI,Chicago Bulls,1610612750,MIN,Minnesota Timberwolves
0021500086,2015-11-07,2015-16,regular_season,home,False,1610612737,ATL,Hawks,Bench,144:44,37,Atlanta,hawks,15,28,0.536,3,10,0.3,4,4,1.0,5,9,14,12,4,1,7,9,1610612737,ATL,Atlanta Hawks,1610612764,WAS,Washington Wizards
0021500086,2015-11-07,2015-16,regular_season,home,False,1610612737,ATL,Hawks,Starters,144:44,77,Atlanta,hawks,28,64,0.438,10,23,0.435,11,11,1.0,5,20,25,25,8,3,7,6,1610612737,ATL,Atlanta Hawks,1610612764,WAS,Washington Wizards
0021500086,2015-11-07,2015-16,regular_season,road,False,1610612764,WAS,Wizards,Bench,163:53,27,Washington,wizards,12,20,0.6,2,6,0.333,1,3,0.333,2,12,14,7,6,1,4,6,1610612737,ATL,Atlanta Hawks,1610612764,WAS,Washington Wizards
0021500086,2015-11-07,2015-16,regular_season,road,False,1610612764,WAS,Wizards,Starters,163:53,72,Washington,wizards,26,58,0.448,6,18,0.333,14,14,1.0,6,21,27,20,5,2,20,12,1610612737,ATL,Atlanta Hawks,1610612764,WAS,Washington Wizards
0021500087,2015-11-07,2015-16,regular_season,home,False,1610612755,PHI,76ers,Bench,150:17,41,Philadelphia,sixers,15,31,0.484,7,19,0.368,4,9,0.444,5,9,14,7,3,2,3,8,1610612755,PHI,Philadelphia 76ers,1610612753,ORL,Orlando Magic
0021500087,2015-11-07,2015-16,regular_season,home,False,1610612755,PHI,76ers,Starters,150:17,56,Philadelphia,sixers,21,49,0.429,4,14,0.286,10,17,0.588,5,19,24,17,3,8,13,12,1610612755,PHI,Philadelphia 76ers,1610612753,ORL,Orlando Magic
0021500087,2015-11-07,2015-16,regular_season,road,False,1610612753,ORL,Magic,Bench,162:11,32,Orlando,magic,13,30,0.433,2,5,0.4,4,6,0.667,6,12,18,11,2,2,5,9,1610612755,PHI,Philadelphia 76ers,1610612753,ORL,Orlando Magic
0021500087,2015-11-07,2015-16,regular_season,road,False,1610612753,ORL,Magic,Starters,162:11,73,Orlando,magic,26,53,0.491,4,8,0.5,17,18,0.944,4,19,23,13,8,5,8,14,1610612755,PHI,Philadelphia 76ers,1610612753,ORL,Orlando Magic
0021500088,2015-11-07,2015-16,regular_season,home,False,1610612742,DAL,Mavericks,Bench,131:24,42,Dallas,mavericks,16,32,0.5,2,9,0.222,8,10,0.8,3,11,14,12,2,2,4,9,1610612742,DAL,Dallas Mavericks,1610612740,NOP,New Orleans Pelicans
0021500088,2015-11-07,2015-16,regular_season,home,False,1610612742,DAL,Mavericks,Starters,131:24,65,Dallas,mavericks,24,52,0.462,7,15,0.467,10,12,0.833,3,25,28,8,3,0,5,8,1610612742,DAL,Dallas Mavericks,1610612740,NOP,New Orleans Pelicans
0021500088,2015-11-07,2015-16,regular_season,road,False,1610612740,NOP,Pelicans,Bench,148:50,34,New Orleans,pelicans,13,30,0.433,2,11,0.182,6,6,1.0,3,13,16,5,3,2,3,8,1610612742,DAL,Dallas Mavericks,1610612740,NOP,New Orleans Pelicans
0021500088,2015-11-07,2015-16,regular_season,road,False,1610612740,NOP,Pelicans,Starters,148:50,64,New Orleans,pelicans,26,56,0.464,7,17,0.412,5,7,0.714,4,22,26,16,4,4,9,16,1610612742,DAL,Dallas Mavericks,1610612740,NOP,New Orleans Pelicans
0021500089,2015-11-07,2015-16,regular_season,home,False,1610612749,MIL,Bucks,Bench,146:06,32,Milwaukee,bucks,13,36,0.361,3,13,0.231,3,3,1.0,5,10,15,15,4,4,8,8,1610612749,MIL,Milwaukee Bucks,1610612751,BKN,Brooklyn Nets
0021500089,2015-11-07,2015-16,regular_season,home,False,1610612749,MIL,Bucks,Starters,146:06,62,Milwaukee,bucks,24,46,0.522,5,7,0.714,9,13,0.692,5,21,26,12,5,2,7,8,1610612749,MIL,Milwaukee Bucks,1610612751,BKN,Brooklyn Nets
0021500089,2015-11-07,2015-16,regular_season,road,False,1610612751,BKN,Nets,Bench,156:48,28,Brooklyn,nets,10,25,0.4,2,4,0.5,6,8,0.75,3,10,13,4,5,1,6,9,1610612749,MIL,Milwaukee Bucks,1610612751,BKN,Brooklyn Nets
0021500089,2015-11-07,2015-16,regular_season,road,False,1610612751,BKN,Nets,Starters,156:48,58,Brooklyn,nets,24,57,0.421,1,5,0.2,9,11,0.818,14,25,39,14,6,2,12,9,1610612749,MIL,Milwaukee Bucks,1610612751,BKN,Brooklyn Nets
0021500090,2015-11-07,2015-16,regular_season,home,False,1610612759,SAS,Spurs,Bench,128:20,49,San Antonio,spurs,21,38,0.553,6,14,0.429,1,4,0.25,4,17,21,19,5,2,4,14,1610612759,SAS,San Antonio Spurs,1610612766,CHA,Charlotte Hornets
0021500090,2015-11-07,2015-16,regular_season,home,False,1610612759,SAS,Spurs,Starters,128:20,65,San Antonio,spurs,24,43,0.558,3,7,0.429,14,19,0.737,2,19,21,16,6,1,8,12,1610612759,SAS,San Antonio Spurs,1610612766,CHA,Charlotte Hornets
0021500090,2015-11-07,2015-16,regular_season,road,False,1610612766,CHA,Hornets,Bench,135:38,31,Charlotte,hornets,10,29,0.345,2,10,0.2,9,18,0.5,4,10,14,6,1,0,7,8,1610612759,SAS,San Antonio Spurs,1610612766,CHA,Charlotte Hornets
0021500090,2015-11-07,2015-16,regular_season,road,False,1610612766,CHA,Hornets,Starters,135:38,63,Charlotte,hornets,24,44,0.545,4,9,0.444,11,13,0.846,2,17,19,9,6,0,8,10,1610612759,SAS,San Antonio Spurs,1610612766,CHA,Charlotte Hornets
0021500091,2015-11-07,2015-16,regular_season,home,False,1610612762,UTA,Jazz,Bench,153:49,41,Utah,jazz,13,33,0.394,9,16,0.563,6,6,1.0,4,8,12,8,2,1,7,8,1610612762,UTA,Utah Jazz,1610612763,MEM,Memphis Grizzlies
0021500091,2015-11-07,2015-16,regular_season,home,False,1610612762,UTA,Jazz,Starters,153:49,48,Utah,jazz,18,41,0.439,3,11,0.273,9,12,0.75,5,32,37,10,5,9,14,12,1610612762,UTA,Utah Jazz,1610612763,MEM,Memphis Grizzlies
0021500091,2015-11-07,2015-16,regular_season,road,False,1610612763,MEM,Grizzlies,Bench,166:20,25,Memphis,grizzlies,9,23,0.391,2,6,0.333,5,5,1.0,3,6,9,1,3,0,3,5,1610612762,UTA,Utah Jazz,1610612763,MEM,Memphis Grizzlies
0021500091,2015-11-07,2015-16,regular_season,road,False,1610612763,MEM,Grizzlies,Starters,166:20,54,Memphis,grizzlies,21,68,0.309,4,13,0.308,8,9,0.889,10,25,35,15,5,1,11,16,1610612762,UTA,Utah Jazz,1610612763,MEM,Memphis Grizzlies
0021500092,2015-11-07,2015-16,regular_season,home,False,1610612758,SAC,Kings,Bench,134:39,41,Sacramento,kings,13,29,0.448,5,11,0.455,10,13,0.769,4,9,13,5,3,0,12,8,1610612758,SAC,Sacramento Kings,1610612744,GSW,Golden State Warriors
0021500092,2015-11-07,2015-16,regular_season,home,False,1610612758,SAC,Kings,Starters,134:39,53,Sacramento,kings,25,58,0.431,1,8,0.125,2,3,0.667,9,23,32,21,6,3,9,11,1610612758,SAC,Sacramento Kings,1610612744,GSW,Golden State Warriors
0021500092,2015-11-07,2015-16,regular_season,road,False,1610612744,GSW,Warriors,Bench,166:10,28,Golden State,warriors,13,24,0.542,2,8,0.25,0,0,0.0,6,8,14,10,7,0,3,4,1610612758,SAC,Sacramento Kings,1610612744,GSW,Golden State Warriors
0021500092,2015-11-07,2015-16,regular_season,road,False,1610612744,GSW,Warriors,Starters,166:10,75,Golden State,warriors,25,68,0.368,6,31,0.194,19,22,0.864,9,23,32,17,6,2,15,11,1610612758,SAC,Sacramento Kings,1610612744,GSW,Golden State Warriors
0021500093,2015-11-07,2015-16,regular_season,home,False,1610612746,LAC,Clippers,Bench,160:01,23,LA,clippers,10,27,0.37,2,12,0.167,1,2,0.5,2,9,11,15,4,1,4,7,1610612746,LAC,LA Clippers,1610612745,HOU,Houston Rockets
0021500093,2015-11-07,2015-16,regular_season,home,False,1610612746,LAC,Clippers,Starters,160:01,82,LA,clippers,32,61,0.525,2,10,0.2,16,23,0.696,9,21,30,14,4,4,8,16,1610612746,LAC,LA Clippers,1610612745,HOU,Houston Rockets
0021500093,2015-11-07,2015-16,regular_season,road,False,1610612745,HOU,Rockets,Bench,186:30,15,Houston,rockets,6,16,0.375,0,5,0.0,3,4,0.75,2,7,9,1,1,1,1,6,1610612746,LAC,LA Clippers,1610612745,HOU,Houston Rockets
0021500093,2015-11-07,2015-16,regular_season,road,False,1610612745,HOU,Rockets,Starters,186:30,94,Houston,rockets,32,70,0.457,7,25,0.28,23,25,0.92,9,29,38,15,6,2,13,21,1610612746,LAC,LA Clippers,1610612745,HOU,Houston Rockets
0021500094,2015-11-08,2015-16,regular_season,home,False,1610612739,CLE,Cavaliers,Bench,165:00,26,Cleveland,cavaliers,11,16,0.688,2,5,0.4,2,4,0.5,3,8,11,10,3,0,3,8,1610612739,CLE,Cleveland Cavaliers,1610612754,IND,Indiana Pacers
0021500094,2015-11-08,2015-16,regular_season,home,False,1610612739,CLE,Cavaliers,Starters,165:00,75,Cleveland,cavaliers,27,67,0.403,6,19,0.316,15,21,0.714,8,29,37,15,2,4,7,12,1610612739,CLE,Cleveland Cavaliers,1610612754,IND,Indiana Pacers
0021500094,2015-11-08,2015-16,regular_season,road,False,1610612754,IND,Pacers,Bench,165:52,13,Indiana,pacers,6,17,0.353,1,3,0.333,0,2,0.0,2,11,13,4,0,3,2,6,1610612739,CLE,Cleveland Cavaliers,1610612754,IND,Indiana Pacers
0021500094,2015-11-08,2015-16,regular_season,road,False,1610612754,IND,Pacers,Starters,165:52,84,Indiana,pacers,33,73,0.452,5,15,0.333,13,17,0.765,10,24,34,18,5,1,5,14,1610612739,CLE,Cleveland Cavaliers,1610612754,IND,Indiana Pacers
0021500095,2015-11-08,2015-16,regular_season,home,False,1610612752,NYK,Knicks,Bench,141:52,30,New York,knicks,9,26,0.346,3,8,0.375,9,13,0.692,2,12,14,11,2,2,4,3,1610612752,NYK,New York Knicks,1610612747,LAL,Los Angeles Lakers
0021500095,2015-11-08,2015-16,regular_season,home,False,1610612752,NYK,Knicks,Starters,141:52,69,New York,knicks,24,58,0.414,6,19,0.316,15,16,0.938,8,30,38,11,3,3,5,12,1610612752,NYK,New York Knicks,1610612747,LAL,Los Angeles Lakers
0021500095,2015-11-08,2015-16,regular_season,road,False,1610612747,LAL,Lakers,Bench,151:58,37,Los Angeles,lakers,15,34,0.441,5,13,0.385,2,5,0.4,3,13,16,7,2,1,4,8,1610612752,NYK,New York Knicks,1610612747,LAL,Los Angeles Lakers
0021500095,2015-11-08,2015-16,regular_season,road,False,1610612747,LAL,Lakers,Starters,151:58,58,Los Angeles,lakers,21,60,0.35,4,14,0.286,12,18,0.667,9,21,30,12,5,2,5,12,1610612752,NYK,New York Knicks,1610612747,LAL,Los Angeles Lakers
0021500096,2015-11-08,2015-16,regular_season,home,False,1610612748,MIA,Heat,Bench,134:46,33,Miami,heat,12,29,0.414,2,6,0.333,7,9,0.778,4,15,19,11,5,1,7,11,1610612748,MIA,Miami Heat,1610612761,TOR,Toronto Raptors
0021500096,2015-11-08,2015-16,regular_season,home,False,1610612748,MIA,Heat,Starters,134:46,63,Miami,heat,23,54,0.426,6,14,0.429,11,16,0.688,9,20,29,7,3,7,3,9,1610612748,MIA,Miami Heat,1610612761,TOR,Toronto Raptors
0021500096,2015-11-08,2015-16,regular_season,road,False,1610612761,TOR,Raptors,Bench,148:45,14,Toronto,raptors,5,19,0.263,0,6,0.0,4,4,1.0,4,11,15,3,5,4,5,9,1610612748,MIA,Miami Heat,1610612761,TOR,Toronto Raptors
0021500096,2015-11-08,2015-16,regular_season,road,False,1610612761,TOR,Raptors,Starters,148:45,62,Toronto,raptors,23,52,0.442,3,13,0.231,13,18,0.722,3,20,23,14,3,1,11,12,1610612748,MIA,Miami Heat,1610612761,TOR,Toronto Raptors
0021500097,2015-11-08,2015-16,regular_season,home,False,1610612760,OKC,Thunder,Bench,144:09,47,Oklahoma City,thunder,17,30,0.567,2,9,0.222,11,16,0.688,4,11,15,7,6,2,8,13,1610612760,OKC,Oklahoma City Thunder,1610612756,PHX,Phoenix Suns
0021500097,2015-11-08,2015-16,regular_season,home,False,1610612760,OKC,Thunder,Starters,144:09,77,Oklahoma City,thunder,32,64,0.5,2,11,0.182,11,14,0.786,13,24,37,19,8,6,7,12,1610612760,OKC,Oklahoma City Thunder,1610612756,PHX,Phoenix Suns
0021500097,2015-11-08,2015-16,regular_season,road,False,1610612756,PHX,Suns,Bench,148:43,38,Phoenix,suns,14,27,0.519,2,5,0.4,8,11,0.727,2,8,10,5,4,0,7,12,1610612760,OKC,Oklahoma City Thunder,1610612756,PHX,Phoenix Suns
0021500097,2015-11-08,2015-16,regular_season,road,False,1610612756,PHX,Suns,Starters,148:43,65,Phoenix,suns,24,57,0.421,5,11,0.455,12,15,0.8,5,18,23,13,3,1,16,13,1610612760,OKC,Oklahoma City Thunder,1610612756,PHX,Phoenix Suns
0021500098,2015-11-08,2015-16,regular_season,home,False,1610612757,POR,Trail Blazers,Bench,163:24,26,Portland,blazers,12,16,0.75,2,3,0.667,0,2,0.0,4,12,16,6,2,2,6,9,1610612757,POR,Portland Trail Blazers,1610612765,DET,Detroit Pistons
0021500098,2015-11-08,2015-16,regular_season,home,False,1610612757,POR,Trail Blazers,Starters,163:24,77,Portland,blazers,29,60,0.483,7,22,0.318,12,16,0.75,3,21,24,18,3,0,16,13,1610612757,POR,Portland Trail Blazers,1610612765,DET,Detroit Pistons
0021500098,2015-11-08,2015-16,regular_season,road,False,1610612765,DET,Pistons,Bench,172:03,16,Detroit,pistons,5,13,0.385,3,9,0.333,3,4,0.75,3,3,6,4,1,2,2,5,1610612757,POR,Portland Trail Blazers,1610612765,DET,Detroit Pistons
0021500098,2015-11-08,2015-16,regular_season,road,False,1610612765,DET,Pistons,Starters,172:03,104,Detroit,pistons,42,83,0.506,8,21,0.381,12,18,0.667,15,25,40,12,12,3,7,11,1610612757,POR,Portland Trail Blazers,1610612765,DET,Detroit Pistons
0021500099,2015-11-09,2015-16,regular_season,home,False,1610612754,IND,Pacers,Bench,160:10,28,Indiana,pacers,11,24,0.458,2,5,0.4,4,5,0.8,2,14,16,11,4,1,6,6,1610612754,IND,Indiana Pacers,1610612753,ORL,Orlando Magic
0021500099,2015-11-09,2015-16,regular_season,home,False,1610612754,IND,Pacers,Starters,160:10,69,Indiana,pacers,23,53,0.434,9,20,0.45,14,17,0.824,4,22,26,14,8,3,12,10,1610612754,IND,Indiana Pacers,1610612753,ORL,Orlando Magic
0021500099,2015-11-09,2015-16,regular_season,road,False,1610612753,ORL,Magic,Bench,166:59,24,Orlando,magic,9,24,0.375,4,16,0.25,2,3,0.667,3,11,14,6,1,1,8,11,1610612754,IND,Indiana Pacers,1610612753,ORL,Orlando Magic
0021500099,2015-11-09,2015-16,regular_season,road,False,1610612753,ORL,Magic,Starters,166:59,60,Orlando,magic,22,54,0.407,6,17,0.353,10,14,0.714,4,26,30,10,8,2,13,9,1610612754,IND,Indiana Pacers,1610612753,ORL,Orlando Magic
0021500100,2015-11-09,2015-16,regular_season,home,False,1610612755,PHI,76ers,Bench,150:29,34,Philadelphia,sixers,13,33,0.394,4,11,0.364,4,6,0.667,6,15,21,6,2,0,7,5,1610612755,PHI,Philadelphia 76ers,1610612741,CHI,Chicago Bulls
0021500100,2015-11-09,2015-16,regular_season,home,False,1610612755,PHI,76ers,Starters,150:29,54,Philadelphia,sixers,22,67,0.328,1,14,0.071,9,17,0.529,9,22,31,13,4,9,6,8,1610612755,PHI,Philadelphia 76ers,1610612741,CHI,Chicago Bulls
0021500100,2015-11-09,2015-16,regular_season,road,False,1610612741,CHI,Bulls,Bench,139:20,38,Chicago,bulls,13,33,0.394,3,6,0.5,9,10,0.9,7,19,26,14,3,3,4,10,1610612755,PHI,Philadelphia 76ers,1610612741,CHI,Chicago Bulls
0021500100,2015-11-09,2015-16,regular_season,road,False,1610612741,CHI,Bulls,Starters,139:20,73,Chicago,bulls,28,63,0.444,7,19,0.368,10,13,0.769,6,26,32,14,3,7,10,9,1610612755,PHI,Philadelphia 76ers,1610612741,CHI,Chicago Bulls
0021500101,2015-11-09,2015-16,regular_season,home,False,1610612737,ATL,Hawks,Bench,166:33,33,Atlanta,hawks,14,23,0.609,5,11,0.455,0,0,0.0,0,6,6,8,4,0,2,4,1610612737,ATL,Atlanta Hawks,1610612750,MIN,Minnesota Timberwolves
0021500101,2015-11-09,2015-16,regular_season,home,False,1610612737,ATL,Hawks,Starters,166:33,74,Atlanta,hawks,30,63,0.476,8,20,0.4,6,7,0.857,4,17,21,22,9,6,15,15,1610612737,ATL,Atlanta Hawks,1610612750,MIN,Minnesota Timberwolves
0021500101,2015-11-09,2015-16,regular_season,road,False,1610612750,MIN,Timberwolves,Bench,139:08,49,Minnesota,timberwolves,18,32,0.563,6,11,0.545,7,8,0.875,2,10,12,13,6,0,8,8,1610612737,ATL,Atlanta Hawks,1610612750,MIN,Minnesota Timberwolves
0021500101,2015-11-09,2015-16,regular_season,road,False,1610612750,MIN,Timberwolves,Starters,139:08,68,Minnesota,timberwolves,28,48,0.583,1,4,0.25,11,14,0.786,6,22,28,14,4,5,11,10,1610612737,ATL,Atlanta Hawks,1610612750,MIN,Minnesota Timberwolves
0021500102,2015-11-09,2015-16,regular_season,home,False,1610612743,DEN,Nuggets,Bench,149:34,41,Denver,nuggets,14,23,0.609,5,8,0.625,8,8,1.0,1,11,12,7,3,2,5,8,1610612743,DEN,Denver Nuggets,1610612757,POR,Portland Trail Blazers
0021500102,2015-11-09,2015-16,regular_season,home,False,1610612743,DEN,Nuggets,Starters,149:34,67,Denver,nuggets,26,54,0.481,2,11,0.182,13,24,0.542,7,28,35,13,2,5,9,12,1610612743,DEN,Denver Nuggets,1610612757,POR,Portland Trail Blazers
0021500102,2015-11-09,2015-16,regular_season,road,False,1610612757,POR,Trail Blazers,Bench,174:44,20,Portland,blazers,6,21,0.286,2,6,0.333,6,9,0.667,4,9,13,3,2,0,3,6,1610612743,DEN,Denver Nuggets,1610612757,POR,Portland Trail Blazers
0021500102,2015-11-09,2015-16,regular_season,road,False,1610612757,POR,Trail Blazers,Starters,174:44,84,Portland,blazers,30,70,0.429,8,23,0.348,16,18,0.889,6,20,26,17,4,3,6,16,1610612743,DEN,Denver Nuggets,1610612757,POR,Portland Trail Blazers
0021500103,2015-11-09,2015-16,regular_season,home,False,1610612758,SAC,Kings,Bench,141:36,45,Sacramento,kings,18,36,0.5,7,12,0.583,2,4,0.5,3,10,13,6,4,3,4,3,1610612758,SAC,Sacramento Kings,1610612759,SAS,San Antonio Spurs
0021500103,2015-11-09,2015-16,regular_season,home,False,1610612758,SAC,Kings,Starters,141:36,43,Sacramento,kings,16,48,0.333,0,7,0.0,11,15,0.733,8,21,29,19,6,2,15,11,1610612758,SAC,Sacramento Kings,1610612759,SAS,San Antonio Spurs
0021500103,2015-11-09,2015-16,regular_season,road,False,1610612759,SAS,Spurs,Bench,129:03,37,San Antonio,spurs,17,38,0.447,1,12,0.083,2,3,0.667,4,14,18,23,9,1,8,6,1610612758,SAC,Sacramento Kings,1610612759,SAS,San Antonio Spurs
0021500103,2015-11-09,2015-16,regular_season,road,False,1610612759,SAS,Spurs,Starters,129:03,69,San Antonio,spurs,29,49,0.592,5,11,0.455,6,8,0.75,4,24,28,11,2,6,8,13,1610612758,SAC,Sacramento Kings,1610612759,SAS,San Antonio Spurs
0021500104,2015-11-09,2015-16,regular_season,home,False,1610612744,GSW,Warriors,Bench,153:40,37,Golden State,warriors,16,32,0.5,3,3,1.0,2,3,0.667,9,10,19,10,4,0,4,11,1610612744,GSW,Golden State Warriors,1610612765,DET,Detroit Pistons
0021500104,2015-11-09,2015-16,regular_season,home,False,1610612744,GSW,Warriors,Starters,153:40,72,Golden State,warriors,27,59,0.458,9,18,0.5,9,10,0.9,4,18,22,19,9,4,12,7,1610612744,GSW,Golden State Warriors,1610612765,DET,Detroit Pistons
0021500104,2015-11-09,2015-16,regular_season,road,False,1610612765,DET,Pistons,Bench,162:12,27,Detroit,pistons,12,21,0.571,3,6,0.5,0,1,0.0,3,11,14,2,1,0,8,3,1610612744,GSW,Golden State Warriors,1610612765,DET,Detroit Pistons
0021500104,2015-11-09,2015-16,regular_season,road,False,1610612765,DET,Pistons,Starters,162:12,68,Detroit,pistons,28,64,0.438,3,13,0.231,9,14,0.643,9,18,27,13,8,3,12,11,1610612744,GSW,Golden State Warriors,1610612765,DET,Detroit Pistons
0021500105,2015-11-09,2015-16,regular_season,home,False,1610612746,LAC,Clippers,Bench,157:18,24,LA,clippers,4,18,0.222,1,7,0.143,15,17,0.882,0,9,9,5,2,3,4,4,1610612746,LAC,LA Clippers,1610612763,MEM,Memphis Grizzlies
0021500105,2015-11-09,2015-16,regular_season,home,False,1610612746,LAC,Clippers,Starters,157:18,70,LA,clippers,24,50,0.48,4,12,0.333,18,20,0.9,8,23,31,9,3,5,14,16,1610612746,LAC,LA Clippers,1610612763,MEM,Memphis Grizzlies
0021500105,2015-11-09,2015-16,regular_season,road,False,1610612763,MEM,Grizzlies,Bench,167:19,20,Memphis,grizzlies,7,26,0.269,1,5,0.2,5,7,0.714,2,11,13,3,2,3,5,12,1610612746,LAC,LA Clippers,1610612763,MEM,Memphis Grizzlies
0021500105,2015-11-09,2015-16,regular_season,road,False,1610612763,MEM,Grizzlies,Starters,167:19,72,Memphis,grizzlies,28,54,0.519,1,6,0.167,15,22,0.682,8,19,27,18,9,0,9,16,1610612746,LAC,LA Clippers,1610612763,MEM,Memphis Grizzlies
0021500106,2015-11-10,2015-16,regular_season,home,False,1610612739,CLE,Cavaliers,Bench,154:45,26,Cleveland,cavaliers,9,22,0.409,1,5,0.2,7,11,0.636,4,7,11,4,3,5,1,9,1610612739,CLE,Cleveland Cavaliers,1610612762,UTA,Utah Jazz
0021500106,2015-11-10,2015-16,regular_season,home,False,1610612739,CLE,Cavaliers,Starters,154:45,92,Cleveland,cavaliers,28,52,0.538,10,19,0.526,26,32,0.813,7,17,24,20,6,1,15,12,1610612739,CLE,Cleveland Cavaliers,1610612762,UTA,Utah Jazz
0021500106,2015-11-10,2015-16,regular_season,road,False,1610612762,UTA,Jazz,Bench,145:40,49,Utah,jazz,17,32,0.531,7,11,0.636,8,8,1.0,4,11,15,10,2,0,8,16,1610612739,CLE,Cleveland Cavaliers,1610612762,UTA,Utah Jazz
0021500106,2015-11-10,2015-16,regular_season,road,False,1610612762,UTA,Jazz,Starters,145:40,65,Utah,jazz,23,50,0.46,3,11,0.273,16,20,0.8,9,13,22,20,9,0,8,19,1610612739,CLE,Cleveland Cavaliers,1610612762,UTA,Utah Jazz
0021500107,2015-11-10,2015-16,regular_season,home,False,1610612764,WAS,Wizards,Bench,123:31,42,Washington,wizards,16,43,0.372,4,13,0.308,6,10,0.6,8,17,25,7,3,2,5,16,1610612764,WAS,Washington Wizards,1610612760,OKC,Oklahoma City Thunder
0021500107,2015-11-10,2015-16,regular_season,home,False,1610612764,WAS,Wizards,Starters,123:31,59,Washington,wizards,22,54,0.407,1,11,0.091,14,16,0.875,4,12,16,10,5,3,3,6,1610612764,WAS,Washington Wizards,1610612760,OKC,Oklahoma City Thunder
0021500107,2015-11-10,2015-16,regular_season,road,False,1610612760,OKC,Thunder,Bench,120:27,55,Oklahoma City,thunder,19,37,0.514,6,11,0.545,11,14,0.786,3,16,19,8,1,0,3,13,1610612764,WAS,Washington Wizards,1610612760,OKC,Oklahoma City Thunder
0021500107,2015-11-10,2015-16,regular_season,road,False,1610612760,OKC,Thunder,Starters,120:27,70,Oklahoma City,thunder,25,49,0.51,9,12,0.75,11,15,0.733,7,27,34,19,3,2,9,9,1610612764,WAS,Washington Wizards,1610612760,OKC,Oklahoma City Thunder
0021500108,2015-11-10,2015-16,regular_season,home,False,1610612748,MIA,Heat,Bench,143:39,22,Miami,heat,9,23,0.391,0,5,0.0,4,5,0.8,4,6,10,10,4,3,5,2,1610612748,MIA,Miami Heat,1610612747,LAL,Los Angeles Lakers
0021500108,2015-11-10,2015-16,regular_season,home,False,1610612748,MIA,Heat,Starters,143:39,79,Miami,heat,29,61,0.475,5,15,0.333,16,22,0.727,11,26,37,13,3,4,5,10,1610612748,MIA,Miami Heat,1610612747,LAL,Los Angeles Lakers
0021500108,2015-11-10,2015-16,regular_season,road,False,1610612747,LAL,Lakers,Bench,124:06,49,Los Angeles,lakers,18,39,0.462,7,14,0.5,6,7,0.857,4,17,21,9,3,2,7,11,1610612748,MIA,Miami Heat,1610612747,LAL,Los Angeles Lakers
0021500108,2015-11-10,2015-16,regular_season,road,False,1610612747,LAL,Lakers,Starters,124:06,39,Los Angeles,lakers,16,38,0.421,4,8,0.5,3,5,0.6,1,14,15,12,4,5,10,10,1610612748,MIA,Miami Heat,1610612747,LAL,Los Angeles Lakers
0021500109,2015-11-10,2015-16,regular_season,home,False,1610612761,TOR,Raptors,Bench,158:36,23,Toronto,raptors,8,22,0.364,1,7,0.143,6,7,0.857,6,12,18,10,1,2,2,6,1610612761,TOR,Toronto Raptors,1610612752,NYK,New York Knicks
0021500109,2015-11-10,2015-16,regular_season,home,False,1610612761,TOR,Raptors,Starters,158:36,86,Toronto,raptors,29,62,0.468,3,10,0.3,25,32,0.781,8,23,31,15,6,4,9,11,1610612761,TOR,Toronto Raptors,1610612752,NYK,New York Knicks
0021500109,2015-11-10,2015-16,regular_season,road,False,1610612752,NYK,Knicks,Bench,132:15,54,New York,knicks,18,36,0.5,7,11,0.636,11,13,0.846,3,14,17,12,2,3,4,10,1610612761,TOR,Toronto Raptors,1610612752,NYK,New York Knicks
0021500109,2015-11-10,2015-16,regular_season,road,False,1610612752,NYK,Knicks,Starters,132:15,57,New York,knicks,24,59,0.407,4,12,0.333,5,5,1.0,10,17,27,10,6,4,5,17,1610612761,TOR,Toronto Raptors,1610612752,NYK,New York Knicks
0021500110,2015-11-10,2015-16,regular_season,home,False,1610612749,MIL,Bucks,Bench,141:25,25,Milwaukee,bucks,8,27,0.296,3,8,0.375,6,10,0.6,4,10,14,5,4,0,9,8,1610612749,MIL,Milwaukee Bucks,1610612738,BOS,Boston Celtics
0021500110,2015-11-10,2015-16,regular_season,home,False,1610612749,MIL,Bucks,Starters,141:25,58,Milwaukee,bucks,22,46,0.478,3,9,0.333,11,13,0.846,5,22,27,9,6,2,8,10,1610612749,MIL,Milwaukee Bucks,1610612738,BOS,Boston Celtics
0021500110,2015-11-10,2015-16,regular_season,road,False,1610612738,BOS,Celtics,Bench,132:40,50,Boston,celtics,21,35,0.6,3,9,0.333,5,6,0.833,5,14,19,14,5,4,7,11,1610612749,MIL,Milwaukee Bucks,1610612738,BOS,Boston Celtics
0021500110,2015-11-10,2015-16,regular_season,road,False,1610612738,BOS,Celtics,Starters,132:40,49,Boston,celtics,17,51,0.333,4,21,0.19,11,13,0.846,9,17,26,7,6,2,5,7,1610612749,MIL,Milwaukee Bucks,1610612738,BOS,Boston Celtics
0021500111,2015-11-10,2015-16,regular_season,home,False,1610612750,MIN,Timberwolves,Bench,156:56,23,Minnesota,timberwolves,8,21,0.381,4,8,0.5,3,6,0.5,4,12,16,6,1,1,4,7,1610612750,MIN,Minnesota Timberwolves,1610612766,CHA,Charlotte Hornets
0021500111,2015-11-10,2015-16,regular_season,home,False,1610612750,MIN,Timberwolves,Starters,156:56,72,Minnesota,timberwolves,28,59,0.475,5,11,0.455,11,13,0.846,6,26,32,19,5,3,18,14,1610612750,MIN,Minnesota Timberwolves,1610612766,CHA,Charlotte Hornets
0021500111,2015-11-10,2015-16,regular_season,road,False,1610612766,CHA,Hornets,Bench,139:07,57,Charlotte,hornets,22,37,0.595,3,10,0.3,10,14,0.714,3,11,14,6,4,0,5,9,1610612750,MIN,Minnesota Timberwolves,1610612766,CHA,Charlotte Hornets
0021500111,2015-11-10,2015-16,regular_season,road,False,1610612766,CHA,Hornets,Starters,139:07,47,Charlotte,hornets,16,41,0.39,5,16,0.313,10,13,0.769,1,19,20,12,4,5,11,11,1610612750,MIN,Minnesota Timberwolves,1610612766,CHA,Charlotte Hornets
0021500112,2015-11-10,2015-16,regular_season,home,False,1610612740,NOP,Pelicans,Bench,107:52,71,New Orleans,pelicans,27,49,0.551,7,14,0.5,10,11,0.909,8,18,26,16,5,2,8,17,1610612740,NOP,New Orleans Pelicans,1610612742,DAL,Dallas Mavericks
0021500112,2015-11-10,2015-16,regular_season,home,False,1610612740,NOP,Pelicans,Starters,107:52,49,New Orleans,pelicans,19,43,0.442,7,19,0.368,4,7,0.571,1,21,22,9,4,3,3,10,1610612740,NOP,New Orleans Pelicans,1610612742,DAL,Dallas Mavericks
0021500112,2015-11-10,2015-16,regular_season,road,False,1610612742,DAL,Mavericks,Bench,95:34,64,Dallas,mavericks,24,49,0.49,3,10,0.3,13,17,0.765,5,23,28,12,1,4,8,11,1610612740,NOP,New Orleans Pelicans,1610612742,DAL,Dallas Mavericks
0021500112,2015-11-10,2015-16,regular_season,road,False,1610612742,DAL,Mavericks,Starters,95:34,41,Dallas,mavericks,15,39,0.385,2,10,0.2,9,9,1.0,3,13,16,8,3,0,5,6,1610612740,NOP,New Orleans Pelicans,1610612742,DAL,Dallas Mavericks
0021500113,2015-11-11,2015-16,regular_season,home,False,1610612766,CHA,Hornets,Bench,141:03,45,Charlotte,hornets,16,31,0.516,3,8,0.375,10,17,0.588,3,13,16,12,8,1,3,4,1610612766,CHA,Charlotte Hornets,1610612752,NYK,New York Knicks
0021500113,2015-11-11,2015-16,regular_season,home,False,1610612766,CHA,Hornets,Starters,141:03,50,Charlotte,hornets,19,53,0.358,5,15,0.333,7,11,0.636,4,13,17,9,3,4,2,5,1610612766,CHA,Charlotte Hornets,1610612752,NYK,New York Knicks
0021500113,2015-11-11,2015-16,regular_season,road,False,1610612752,NYK,Knicks,Bench,154:21,29,New York,knicks,13,26,0.5,0,7,0.0,3,3,1.0,4,10,14,8,3,2,6,16,1610612766,CHA,Charlotte Hornets,1610612752,NYK,New York Knicks
0021500113,2015-11-11,2015-16,regular_season,road,False,1610612752,NYK,Knicks,Starters,154:21,64,New York,knicks,29,60,0.483,4,14,0.286,2,4,0.5,7,31,38,12,2,3,10,8,1610612766,CHA,Charlotte Hornets,1610612752,NYK,New York Knicks
0021500114,2015-11-11,2015-16,regular_season,home,False,1610612753,ORL,Magic,Bench,127:05,65,Orlando,magic,25,50,0.5,9,18,0.5,6,7,0.857,9,9,18,6,3,3,4,8,1610612753,ORL,Orlando Magic,1610612747,LAL,Los Angeles Lakers
0021500114,2015-11-11,2015-16,regular_season,home,False,1610612753,ORL,Magic,Starters,127:05,36,Orlando,magic,15,50,0.3,4,10,0.4,2,5,0.4,14,22,36,16,4,1,4,11,1610612753,ORL,Orlando Magic,1610612747,LAL,Los Angeles Lakers
0021500114,2015-11-11,2015-16,regular_season,road,False,1610612747,LAL,Lakers,Bench,140:43,45,Los Angeles,lakers,16,32,0.5,4,11,0.364,9,10,0.9,5,14,19,11,2,1,5,8,1610612753,ORL,Orlando Magic,1610612747,LAL,Los Angeles Lakers
0021500114,2015-11-11,2015-16,regular_season,road,False,1610612747,LAL,Lakers,Starters,140:43,54,Los Angeles,lakers,23,47,0.489,3,11,0.273,5,8,0.625,2,22,24,14,3,6,8,3,1610612753,ORL,Orlando Magic,1610612747,LAL,Los Angeles Lakers
0021500115,2015-11-11,2015-16,regular_season,home,False,1610612755,PHI,76ers,Bench,152:28,46,Philadelphia,sixers,14,29,0.483,10,19,0.526,8,9,0.889,1,8,9,10,1,0,4,10,1610612755,PHI,Philadelphia 76ers,1610612761,TOR,Toronto Raptors
0021500115,2015-11-11,2015-16,regular_season,home,False,1610612755,PHI,76ers,Starters,152:28,57,Philadelphia,sixers,26,58,0.448,2,10,0.2,3,8,0.375,10,18,28,18,1,7,7,14,1610612755,PHI,Philadelphia 76ers,1610612761,TOR,Toronto Raptors
0021500115,2015-11-11,2015-16,regular_season,road,False,1610612761,TOR,Raptors,Bench,127:32,42,Toronto,raptors,16,39,0.41,1,8,0.125,9,9,1.0,10,17,27,7,3,4,3,8,1610612755,PHI,Philadelphia 76ers,1610612761,TOR,Toronto Raptors
0021500115,2015-11-11,2015-16,regular_season,road,False,1610612761,TOR,Raptors,Starters,127:32,77,Toronto,raptors,27,50,0.54,4,10,0.4,19,22,0.864,7,22,29,15,4,3,5,10,1610612755,PHI,Philadelphia 76ers,1610612761,TOR,Toronto Raptors
0021500116,2015-11-11,2015-16,regular_season,home,False,1610612738,BOS,Celtics,Bench,135:59,34,Boston,celtics,10,31,0.323,1,13,0.077,13,17,0.765,5,7,12,6,2,0,4,13,1610612738,BOS,Boston Celtics,1610612754,IND,Indiana Pacers
0021500116,2015-11-11,2015-16,regular_season,home,False,1610612738,BOS,Celtics,Starters,135:59,57,Boston,celtics,22,46,0.478,3,11,0.273,10,15,0.667,3,21,24,12,8,3,14,13,1610612738,BOS,Boston Celtics,1610612754,IND,Indiana Pacers
0021500116,2015-11-11,2015-16,regular_season,road,False,1610612754,IND,Pacers,Bench,162:23,28,Indiana,pacers,11,23,0.478,1,2,0.5,5,8,0.625,6,12,18,5,1,3,2,8,1610612738,BOS,Boston Celtics,1610612754,IND,Indiana Pacers
0021500116,2015-11-11,2015-16,regular_season,road,False,1610612754,IND,Pacers,Starters,162:23,74,Indiana,pacers,27,56,0.482,5,15,0.333,15,23,0.652,4,19,23,15,8,3,16,20,1610612738,BOS,Boston Celtics,1610612754,IND,Indiana Pacers
0021500117,2015-11-11,2015-16,regular_season,home,False,1610612737,ATL,Hawks,Bench,157:36,30,Atlanta,hawks,12,23,0.522,4,8,0.5,2,4,0.5,3,9,12,8,3,3,4,5,1610612737,ATL,Atlanta Hawks,1610612740,NOP,New Orleans Pelicans
0021500117,2015-11-11,2015-16,regular_season,home,False,1610612737,ATL,Hawks,Starters,157:36,76,Atlanta,hawks,30,63,0.476,6,18,0.333,10,12,0.833,5,27,32,18,7,4,8,11,1610612737,ATL,Atlanta Hawks,1610612740,NOP,New Orleans Pelicans
0021500117,2015-11-11,2015-16,regular_season,road,False,1610612740,NOP,Pelicans,Bench,155:43,26,New Orleans,pelicans,10,21,0.476,4,9,0.444,2,3,0.667,2,8,10,6,3,0,7,10,1610612737,ATL,Atlanta Hawks,1610612740,NOP,New Orleans Pelicans
0021500117,2015-11-11,2015-16,regular_season,road,False,1610612740,NOP,Pelicans,Starters,155:43,72,New Orleans,pelicans,27,62,0.435,10,20,0.5,8,12,0.667,6,24,30,15,3,0,12,11,1610612737,ATL,Atlanta Hawks,1610612740,NOP,New Orleans Pelicans
0021500118,2015-11-11,2015-16,regular_season,home,False,1610612742,DAL,Mavericks,Bench,158:53,26,Dallas,mavericks,11,23,0.478,2,7,0.286,2,6,0.333,3,11,14,10,3,1,4,11,1610612742,DAL,Dallas Mavericks,1610612746,LAC,LA Clippers
0021500118,2015-11-11,2015-16,regular_season,home,False,1610612742,DAL,Mavericks,Starters,158:53,92,Dallas,mavericks,31,53,0.585,9,17,0.529,21,24,0.875,5,25,30,13,5,2,9,18,1610612742,DAL,Dallas Mavericks,1610612746,LAC,LA Clippers
0021500118,2015-11-11,2015-16,regular_season,road,False,1610612746,LAC,Clippers,Bench,129:59,51,LA,clippers,17,36,0.472,9,19,0.474,8,10,0.8,4,14,18,7,3,0,3,11,1610612742,DAL,Dallas Mavericks,1610612746,LAC,LA Clippers
0021500118,2015-11-11,2015-16,regular_season,road,False,1610612746,LAC,Clippers,Starters,129:59,57,LA,clippers,20,50,0.4,3,8,0.375,14,23,0.609,9,14,23,14,1,2,7,13,1610612742,DAL,Dallas Mavericks,1610612746,LAC,LA Clippers
0021500119,2015-11-11,2015-16,regular_season,home,False,1610612745,HOU,Rockets,Bench,180:32,15,Houston,rockets,7,20,0.35,1,7,0.143,0,2,0.0,2,8,10,4,0,3,1,7,1610612745,HOU,Houston Rockets,1610612751,BKN,Brooklyn Nets
0021500119,2015-11-11,2015-16,regular_season,home,False,1610612745,HOU,Rockets,Starters,180:32,83,Houston,rockets,35,78,0.449,7,27,0.259,6,10,0.6,11,24,35,21,9,6,6,7,1610612745,HOU,Houston Rockets,1610612751,BKN,Brooklyn Nets
0021500119,2015-11-11,2015-16,regular_season,road,False,1610612751,BKN,Nets,Bench,135:24,56,Brooklyn,nets,24,48,0.5,6,12,0.5,2,2,1.0,10,17,27,7,2,2,4,3,1610612745,HOU,Houston Rockets,1610612751,BKN,Brooklyn Nets
0021500119,2015-11-11,2015-16,regular_season,road,False,1610612751,BKN,Nets,Starters,135:24,50,Brooklyn,nets,18,50,0.36,2,5,0.4,12,15,0.8,10,23,33,18,3,9,7,10,1610612745,HOU,Houston Rockets,1610612751,BKN,Brooklyn Nets
0021500120,2015-11-11,2015-16,regular_season,home,False,1610612763,MEM,Grizzlies,Bench,158:51,17,Memphis,grizzlies,5,16,0.313,1,5,0.2,6,8,0.75,3,12,15,0,4,2,7,10,1610612763,MEM,Memphis Grizzlies,1610612744,GSW,Golden State Warriors
0021500120,2015-11-11,2015-16,regular_season,home,False,1610612763,MEM,Grizzlies,Starters,158:51,67,Memphis,grizzlies,19,54,0.352,2,10,0.2,27,28,0.964,7,19,26,15,10,3,14,16,1610612763,MEM,Memphis Grizzlies,1610612744,GSW,Golden State Warriors
0021500120,2015-11-11,2015-16,regular_season,road,False,1610612744,GSW,Warriors,Bench,148:55,35,Golden State,warriors,13,25,0.52,4,7,0.571,5,9,0.556,1,8,9,8,2,2,10,11,1610612763,MEM,Memphis Grizzlies,1610612744,GSW,Golden State Warriors
0021500120,2015-11-11,2015-16,regular_season,road,False,1610612744,GSW,Warriors,Starters,148:55,65,Golden State,warriors,23,50,0.46,7,20,0.35,12,14,0.857,6,21,27,14,10,6,13,19,1610612763,MEM,Memphis Grizzlies,1610612744,GSW,Golden State Warriors
0021500121,2015-11-11,2015-16,regular_season,home,False,1610612743,DEN,Nuggets,Bench,163:15,23,Denver,nuggets,11,22,0.5,1,6,0.167,0,1,0.0,5,9,14,8,3,2,5,9,1610612743,DEN,Denver Nuggets,1610612749,MIL,Milwaukee Bucks
0021500121,2015-11-11,2015-16,regular_season,home,False,1610612743,DEN,Nuggets,Starters,163:15,80,Denver,nuggets,28,57,0.491,7,18,0.389,17,23,0.739,9,13,22,19,7,4,9,3,1610612743,DEN,Denver Nuggets,1610612749,MIL,Milwaukee Bucks
0021500121,2015-11-11,2015-16,regular_season,road,False,1610612749,MIL,Bucks,Bench,153:23,41,Milwaukee,bucks,15,30,0.5,6,12,0.5,5,6,0.833,1,5,6,14,3,1,7,7,1610612743,DEN,Denver Nuggets,1610612749,MIL,Milwaukee Bucks
0021500121,2015-11-11,2015-16,regular_season,road,False,1610612749,MIL,Bucks,Starters,153:23,61,Milwaukee,bucks,27,49,0.551,4,10,0.4,3,3,1.0,7,20,27,12,5,3,9,16,1610612743,DEN,Denver Nuggets,1610612749,MIL,Milwaukee Bucks
0021500122,2015-11-11,2015-16,regular_season,home,False,1610612758,SAC,Kings,Bench,158:24,22,Sacramento,kings,7,17,0.412,2,5,0.4,6,6,1.0,0,14,14,1,2,0,4,9,1610612758,SAC,Sacramento Kings,1610612765,DET,Detroit Pistons
0021500122,2015-11-11,2015-16,regular_season,home,False,1610612758,SAC,Kings,Starters,158:24,79,Sacramento,kings,30,57,0.526,7,11,0.636,12,18,0.667,7,25,32,19,5,2,14,11,1610612758,SAC,Sacramento Kings,1610612765,DET,Detroit Pistons
0021500122,2015-11-11,2015-16,regular_season,road,False,1610612765,DET,Pistons,Bench,160:14,23,Detroit,pistons,9,26,0.346,3,12,0.25,2,2,1.0,2,10,12,9,3,1,2,4,1610612758,SAC,Sacramento Kings,1610612765,DET,Detroit Pistons
0021500122,2015-11-11,2015-16,regular_season,road,False,1610612765,DET,Pistons,Starters,160:14,69,Detroit,pistons,25,63,0.397,6,20,0.3,13,18,0.722,12,21,33,7,7,2,14,16,1610612758,SAC,Sacramento Kings,1610612765,DET,Detroit Pistons
0021500123,2015-11-11,2015-16,regular_season,home,False,1610612757,POR,Trail Blazers,Bench,160:04,31,Portland,blazers,13,26,0.5,0,3,0.0,5,6,0.833,4,8,12,5,3,1,2,6,1610612757,POR,Portland Trail Blazers,1610612759,SAS,San Antonio Spurs
0021500123,2015-11-11,2015-16,regular_season,home,False,1610612757,POR,Trail Blazers,Starters,160:04,70,Portland,blazers,26,62,0.419,9,19,0.474,9,17,0.529,6,18,24,21,3,2,7,9,1610612757,POR,Portland Trail Blazers,1610612759,SAS,San Antonio Spurs
0021500123,2015-11-11,2015-16,regular_season,road,False,1610612759,SAS,Spurs,Bench,151:10,36,San Antonio,spurs,16,29,0.552,3,5,0.6,1,1,1.0,6,12,18,13,1,1,5,7,1610612757,POR,Portland Trail Blazers,1610612759,SAS,San Antonio Spurs
0021500123,2015-11-11,2015-16,regular_season,road,False,1610612759,SAS,Spurs,Starters,151:10,77,San Antonio,spurs,30,53,0.566,4,10,0.4,13,17,0.765,2,22,24,14,3,3,6,14,1610612757,POR,Portland Trail Blazers,1610612759,SAS,San Antonio Spurs
0021500124,2015-11-12,2015-16,regular_season,home,False,1610612748,MIA,Heat,Bench,147:38,30,Miami,heat,12,27,0.444,1,3,0.333,5,6,0.833,3,13,16,5,1,2,4,10,1610612748,MIA,Miami Heat,1610612762,UTA,Utah Jazz
0021500124,2015-11-12,2015-16,regular_season,home,False,1610612748,MIA,Heat,Starters,147:38,62,Miami,heat,24,50,0.48,3,10,0.3,11,19,0.579,5,26,31,9,5,9,11,10,1610612748,MIA,Miami Heat,1610612762,UTA,Utah Jazz
0021500124,2015-11-12,2015-16,regular_season,road,False,1610612762,UTA,Jazz,Bench,149:29,30,Utah,jazz,12,29,0.414,3,6,0.5,3,4,0.75,3,10,13,4,4,2,4,11,1610612748,MIA,Miami Heat,1610612762,UTA,Utah Jazz
0021500124,2015-11-12,2015-16,regular_season,road,False,1610612762,UTA,Jazz,Starters,149:29,61,Utah,jazz,22,60,0.367,1,11,0.091,16,21,0.762,8,21,29,9,6,7,6,12,1610612748,MIA,Miami Heat,1610612762,UTA,Utah Jazz
0021500125,2015-11-12,2015-16,regular_season,home,False,1610612750,MIN,Timberwolves,Bench,116:08,61,Minnesota,timberwolves,23,41,0.561,2,5,0.4,13,18,0.722,8,16,24,13,2,1,3,10,1610612750,MIN,Minnesota Timberwolves,1610612744,GSW,Golden State Warriors
0021500125,2015-11-12,2015-16,regular_season,home,False,1610612750,MIN,Timberwolves,Starters,116:08,55,Minnesota,timberwolves,20,46,0.435,1,4,0.25,14,18,0.778,7,16,23,8,2,0,10,8,1610612750,MIN,Minnesota Timberwolves,1610612744,GSW,Golden State Warriors
0021500125,2015-11-12,2015-16,regular_season,road,False,1610612744,GSW,Warriors,Bench,160:52,21,Golden State,warriors,8,18,0.444,3,6,0.5,2,2,1.0,3,9,12,12,2,3,1,11,1610612750,MIN,Minnesota Timberwolves,1610612744,GSW,Golden State Warriors
0021500125,2015-11-12,2015-16,regular_season,road,False,1610612744,GSW,Warriors,Starters,160:52,108,Golden State,warriors,40,71,0.563,15,32,0.469,13,14,0.929,3,18,21,22,6,4,10,14,1610612750,MIN,Minnesota Timberwolves,1610612744,GSW,Golden State Warriors
0021500126,2015-11-12,2015-16,regular_season,home,False,1610612756,PHX,Suns,Bench,134:26,38,Phoenix,suns,15,35,0.429,4,10,0.4,4,6,0.667,3,15,18,8,2,2,9,10,1610612756,PHX,Phoenix Suns,1610612746,LAC,LA Clippers
0021500126,2015-11-12,2015-16,regular_season,home,False,1610612756,PHX,Suns,Starters,134:26,80,Phoenix,suns,29,48,0.604,10,20,0.5,12,15,0.8,6,22,28,14,8,1,10,13,1610612756,PHX,Phoenix Suns,1610612746,LAC,LA Clippers
0021500126,2015-11-12,2015-16,regular_season,road,False,1610612746,LAC,Clippers,Bench,130:33,54,LA,clippers,21,44,0.477,6,16,0.375,6,6,1.0,5,9,14,5,7,1,6,7,1610612756,PHX,Phoenix Suns,1610612746,LAC,LA Clippers
0021500126,2015-11-12,2015-16,regular_season,road,False,1610612746,LAC,Clippers,Starters,130:33,50,LA,clippers,19,46,0.413,3,10,0.3,9,22,0.409,7,16,23,12,6,2,8,10,1610612756,PHX,Phoenix Suns,1610612746,LAC,LA Clippers
0021500127,2015-11-13,2015-16,regular_season,home,False,1610612754,IND,Pacers,Bench,159:18,28,Indiana,pacers,11,24,0.458,2,4,0.5,4,5,0.8,6,12,18,8,3,2,4,3,1610612754,IND,Indiana Pacers,1610612750,MIN,Minnesota Timberwolves
0021500127,2015-11-13,2015-16,regular_season,home,False,1610612754,IND,Pacers,Starters,159:18,79,Indiana,pacers,30,62,0.484,8,21,0.381,11,18,0.611,6,16,22,15,6,3,7,6,1610612754,IND,Indiana Pacers,1610612750,MIN,Minnesota Timberwolves
0021500127,2015-11-13,2015-16,regular_season,road,False,1610612750,MIN,Timberwolves,Bench,142:21,33,Minnesota,timberwolves,13,27,0.481,2,9,0.222,5,5,1.0,5,14,19,8,3,0,8,15,1610612754,IND,Indiana Pacers,1610612750,MIN,Minnesota Timberwolves
0021500127,2015-11-13,2015-16,regular_season,road,False,1610612750,MIN,Timberwolves,Starters,142:21,70,Minnesota,timberwolves,29,56,0.518,5,11,0.455,7,8,0.875,3,17,20,8,2,0,7,4,1610612754,IND,Indiana Pacers,1610612750,MIN,Minnesota Timberwolves
0021500128,2015-11-13,2015-16,regular_season,home,False,1610612753,ORL,Magic,Bench,165:49,22,Orlando,magic,8,23,0.348,1,6,0.167,5,6,0.833,4,6,10,3,4,8,9,11,1610612753,ORL,Orlando Magic,1610612762,UTA,Utah Jazz
0021500128,2015-11-13,2015-16,regular_season,home,False,1610612753,ORL,Magic,Starters,165:49,80,Orlando,magic,24,53,0.453,9,21,0.429,23,25,0.92,6,29,35,17,7,3,11,9,1610612753,ORL,Orlando Magic,1610612762,UTA,Utah Jazz
0021500128,2015-11-13,2015-16,regular_season,road,False,1610612762,UTA,Jazz,Bench,114:31,50,Utah,jazz,19,44,0.432,5,13,0.385,7,12,0.583,9,15,24,9,7,4,8,15,1610612753,ORL,Orlando Magic,1610612762,UTA,Utah Jazz
0021500128,2015-11-13,2015-16,regular_season,road,False,1610612762,UTA,Jazz,Starters,114:31,43,Utah,jazz,15,43,0.349,3,12,0.25,10,11,0.909,3,14,17,15,7,2,9,9,1610612753,ORL,Orlando Magic,1610612762,UTA,Utah Jazz
0021500129,2015-11-13,2015-16,regular_season,home,False,1610612738,BOS,Celtics,Bench,162:13,36,Boston,celtics,14,36,0.389,4,10,0.4,4,4,1.0,5,11,16,7,0,2,3,7,1610612738,BOS,Boston Celtics,1610612737,ATL,Atlanta Hawks
0021500129,2015-11-13,2015-16,regular_season,home,False,1610612738,BOS,Celtics,Starters,162:13,70,Boston,celtics,28,67,0.418,7,23,0.304,7,8,0.875,12,22,34,20,10,5,7,11,1610612738,BOS,Boston Celtics,1610612737,ATL,Atlanta Hawks
0021500129,2015-11-13,2015-16,regular_season,road,False,1610612737,ATL,Hawks,Bench,148:38,37,Atlanta,hawks,13,30,0.433,1,7,0.143,10,14,0.714,2,10,12,10,2,0,3,3,1610612738,BOS,Boston Celtics,1610612737,ATL,Atlanta Hawks
0021500129,2015-11-13,2015-16,regular_season,road,False,1610612737,ATL,Hawks,Starters,148:38,56,Atlanta,hawks,23,46,0.5,5,13,0.385,5,6,0.833,3,20,23,16,1,2,13,11,1610612738,BOS,Boston Celtics,1610612737,ATL,Atlanta Hawks
0021500130,2015-11-13,2015-16,regular_season,home,False,1610612752,NYK,Knicks,Bench,140:43,19,New York,knicks,4,25,0.16,1,9,0.111,10,14,0.714,4,20,24,4,4,3,7,14,1610612752,NYK,New York Knicks,1610612739,CLE,Cleveland Cavaliers
0021500130,2015-11-13,2015-16,regular_season,home,False,1610612752,NYK,Knicks,Starters,140:43,65,New York,knicks,25,54,0.463,8,18,0.444,7,7,1.0,6,16,22,12,3,1,7,12,1610612752,NYK,New York Knicks,1610612739,CLE,Cleveland Cavaliers
0021500130,2015-11-13,2015-16,regular_season,road,False,1610612739,CLE,Cavaliers,Bench,159:00,13,Cleveland,cavaliers,5,19,0.263,1,8,0.125,2,6,0.333,4,17,21,1,2,0,1,9,1610612752,NYK,New York Knicks,1610612739,CLE,Cleveland Cavaliers
0021500130,2015-11-13,2015-16,regular_season,road,False,1610612739,CLE,Cavaliers,Starters,159:00,77,Cleveland,cavaliers,28,59,0.475,5,20,0.25,16,25,0.64,8,20,28,11,4,1,11,10,1610612752,NYK,New York Knicks,1610612739,CLE,Cleveland Cavaliers
0021500131,2015-11-13,2015-16,regular_season,home,False,1610612761,TOR,Raptors,Bench,152:19,25,Toronto,raptors,8,19,0.421,3,7,0.429,6,6,1.0,3,15,18,2,2,1,5,7,1610612761,TOR,Toronto Raptors,1610612740,NOP,New Orleans Pelicans
0021500131,2015-11-13,2015-16,regular_season,home,False,1610612761,TOR,Raptors,Starters,152:19,75,Toronto,raptors,26,58,0.448,6,14,0.429,17,21,0.81,10,20,30,17,6,4,10,12,1610612761,TOR,Toronto Raptors,1610612740,NOP,New Orleans Pelicans
0021500131,2015-11-13,2015-16,regular_season,road,False,1610612740,NOP,Pelicans,Bench,139:13,25,New Orleans,pelicans,9,31,0.29,1,4,0.25,6,7,0.857,6,12,18,7,4,2,5,14,1610612761,TOR,Toronto Raptors,1610612740,NOP,New Orleans Pelicans
0021500131,2015-11-13,2015-16,regular_season,road,False,1610612740,NOP,Pelicans,Starters,139:13,56,New Orleans,pelicans,21,51,0.412,6,19,0.316,8,13,0.615,4,16,20,8,6,2,9,8,1610612761,TOR,Toronto Raptors,1610612740,NOP,New Orleans Pelicans
0021500132,2015-11-13,2015-16,regular_season,home,False,1610612741,CHI,Bulls,Bench,138:57,35,Chicago,bulls,15,32,0.469,3,6,0.5,2,4,0.5,9,20,29,9,1,2,1,9,1610612741,CHI,Chicago Bulls,1610612766,CHA,Charlotte Hornets
0021500132,2015-11-13,2015-16,regular_season,home,False,1610612741,CHI,Bulls,Starters,138:57,67,Chicago,bulls,22,52,0.423,1,10,0.1,22,27,0.815,1,27,28,18,3,4,10,7,1610612741,CHI,Chicago Bulls,1610612766,CHA,Charlotte Hornets
0021500132,2015-11-13,2015-16,regular_season,road,False,1610612766,CHA,Hornets,Bench,152:20,30,Charlotte,hornets,11,36,0.306,4,13,0.308,4,6,0.667,4,13,17,5,2,1,1,9,1610612741,CHI,Chicago Bulls,1610612766,CHA,Charlotte Hornets
0021500132,2015-11-13,2015-16,regular_season,road,False,1610612766,CHA,Hornets,Starters,152:20,67,Charlotte,hornets,25,59,0.424,11,20,0.55,6,6,1.0,5,23,28,16,7,3,5,12,1610612741,CHI,Chicago Bulls,1610612766,CHA,Charlotte Hornets
0021500133,2015-11-13,2015-16,regular_season,home,False,1610612763,MEM,Grizzlies,Bench,154:04,37,Memphis,grizzlies,13,25,0.52,3,5,0.6,8,8,1.0,5,8,13,4,7,0,3,12,1610612763,MEM,Memphis Grizzlies,1610612757,POR,Portland Trail Blazers
0021500133,2015-11-13,2015-16,regular_season,home,False,1610612763,MEM,Grizzlies,Starters,154:04,64,Memphis,grizzlies,23,61,0.377,3,11,0.273,15,19,0.789,9,13,22,18,3,0,5,9,1610612763,MEM,Memphis Grizzlies,1610612757,POR,Portland Trail Blazers
0021500133,2015-11-13,2015-16,regular_season,road,False,1610612757,POR,Trail Blazers,Bench,161:20,34,Portland,blazers,12,20,0.6,4,6,0.667,6,7,0.857,6,9,15,3,0,4,5,5,1610612763,MEM,Memphis Grizzlies,1610612757,POR,Portland Trail Blazers
0021500133,2015-11-13,2015-16,regular_season,road,False,1610612757,POR,Trail Blazers,Starters,161:20,66,Portland,blazers,21,49,0.429,4,16,0.25,20,22,0.909,4,24,28,14,5,6,17,17,1610612763,MEM,Memphis Grizzlies,1610612757,POR,Portland Trail Blazers
0021500134,2015-11-13,2015-16,regular_season,home,False,1610612760,OKC,Thunder,Bench,129:30,47,Oklahoma City,thunder,17,43,0.395,3,11,0.273,10,13,0.769,11,15,26,6,2,3,6,8,1610612760,OKC,Oklahoma City Thunder,1610612755,PHI,Philadelphia 76ers
0021500134,2015-11-13,2015-16,regular_season,home,False,1610612760,OKC,Thunder,Starters,129:30,55,Oklahoma City,thunder,22,54,0.407,5,14,0.357,6,8,0.75,5,24,29,14,7,10,7,11,1610612760,OKC,Oklahoma City Thunder,1610612755,PHI,Philadelphia 76ers
0021500134,2015-11-13,2015-16,regular_season,road,False,1610612755,PHI,76ers,Bench,156:08,36,Philadelphia,sixers,12,28,0.429,3,8,0.375,9,12,0.75,4,8,12,5,7,2,4,6,1610612760,OKC,Oklahoma City Thunder,1610612755,PHI,Philadelphia 76ers
0021500134,2015-11-13,2015-16,regular_season,road,False,1610612755,PHI,76ers,Starters,156:08,49,Philadelphia,sixers,18,58,0.31,2,9,0.222,11,16,0.688,8,23,31,11,4,5,13,11,1610612760,OKC,Oklahoma City Thunder,1610612755,PHI,Philadelphia 76ers
0021500135,2015-11-13,2015-16,regular_season,home,False,1610612742,DAL,Mavericks,Bench,140:34,33,Dallas,mavericks,10,32,0.313,3,14,0.214,10,12,0.833,3,19,22,8,3,3,3,3,1610612742,DAL,Dallas Mavericks,1610612747,LAL,Los Angeles Lakers
0021500135,2015-11-13,2015-16,regular_season,home,False,1610612742,DAL,Mavericks,Starters,140:34,57,Dallas,mavericks,20,50,0.4,4,13,0.308,13,17,0.765,4,22,26,11,6,1,12,12,1610612742,DAL,Dallas Mavericks,1610612747,LAL,Los Angeles Lakers
0021500135,2015-11-13,2015-16,regular_season,road,False,1610612747,LAL,Lakers,Bench,147:29,19,Los Angeles,lakers,7,34,0.206,1,9,0.111,4,6,0.667,9,14,23,5,4,3,7,9,1610612742,DAL,Dallas Mavericks,1610612747,LAL,Los Angeles Lakers
0021500135,2015-11-13,2015-16,regular_season,road,False,1610612747,LAL,Lakers,Starters,147:29,63,Los Angeles,lakers,22,54,0.407,8,18,0.444,11,12,0.917,6,28,34,13,6,4,13,18,1610612742,DAL,Dallas Mavericks,1610612747,LAL,Los Angeles Lakers
0021500136,2015-11-13,2015-16,regular_season,home,False,1610612743,DEN,Nuggets,Bench,133:31,51,Denver,nuggets,17,34,0.5,5,12,0.417,12,18,0.667,3,17,20,8,5,0,5,7,1610612743,DEN,Denver Nuggets,1610612745,HOU,Houston Rockets
0021500136,2015-11-13,2015-16,regular_season,home,False,1610612743,DEN,Nuggets,Starters,133:31,56,Denver,nuggets,20,47,0.426,4,8,0.5,12,14,0.857,9,17,26,17,5,4,13,16,1610612743,DEN,Denver Nuggets,1610612745,HOU,Houston Rockets
0021500136,2015-11-13,2015-16,regular_season,road,False,1610612745,HOU,Rockets,Bench,150:39,40,Houston,rockets,15,32,0.469,6,15,0.4,4,6,0.667,4,13,17,3,3,4,7,9,1610612743,DEN,Denver Nuggets,1610612745,HOU,Houston Rockets
0021500136,2015-11-13,2015-16,regular_season,road,False,1610612745,HOU,Rockets,Starters,150:39,58,Houston,rockets,18,45,0.4,3,14,0.214,19,25,0.76,4,19,23,16,7,4,13,16,1610612743,DEN,Denver Nuggets,1610612745,HOU,Houston Rockets
0021500137,2015-11-13,2015-16,regular_season,home,False,1610612758,SAC,Kings,Bench,120:54,42,Sacramento,kings,15,42,0.357,6,15,0.4,6,7,0.857,6,8,14,8,6,1,7,8,1610612758,SAC,Sacramento Kings,1610612751,BKN,Brooklyn Nets
0021500137,2015-11-13,2015-16,regular_season,home,False,1610612758,SAC,Kings,Starters,120:54,69,Sacramento,kings,25,52,0.481,5,12,0.417,14,19,0.737,9,27,36,17,5,2,7,8,1610612758,SAC,Sacramento Kings,1610612751,BKN,Brooklyn Nets
0021500137,2015-11-13,2015-16,regular_season,road,False,1610612751,BKN,Nets,Bench,150:44,37,Brooklyn,nets,16,32,0.5,5,9,0.556,0,1,0.0,3,11,14,5,4,0,6,11,1610612758,SAC,Sacramento Kings,1610612751,BKN,Brooklyn Nets
0021500137,2015-11-13,2015-16,regular_season,road,False,1610612751,BKN,Nets,Starters,150:44,72,Brooklyn,nets,26,57,0.456,3,12,0.25,17,20,0.85,6,24,30,19,3,4,9,13,1610612758,SAC,Sacramento Kings,1610612751,BKN,Brooklyn Nets
0021500138,2015-11-14,2015-16,regular_season,home,False,1610612746,LAC,Clippers,Bench,192:51,4,LA,clippers,1,7,0.143,0,4,0.0,2,2,1.0,1,5,6,0,3,1,4,5,1610612746,LAC,LA Clippers,1610612765,DET,Detroit Pistons
0021500138,2015-11-14,2015-16,regular_season,home,False,1610612746,LAC,Clippers,Starters,192:51,97,LA,clippers,36,72,0.5,7,15,0.467,18,24,0.75,10,26,36,23,3,3,9,18,1610612746,LAC,LA Clippers,1610612765,DET,Detroit Pistons
0021500138,2015-11-14,2015-16,regular_season,road,False,1610612765,DET,Pistons,Bench,172:48,22,Detroit,pistons,9,18,0.5,2,8,0.25,2,2,1.0,2,8,10,4,4,0,5,9,1610612746,LAC,LA Clippers,1610612765,DET,Detroit Pistons
0021500138,2015-11-14,2015-16,regular_season,road,False,1610612765,DET,Pistons,Starters,172:48,74,Detroit,pistons,24,56,0.429,5,19,0.263,21,33,0.636,9,23,32,11,4,2,10,14,1610612746,LAC,LA Clippers,1610612765,DET,Detroit Pistons
0021500139,2015-11-14,2015-16,regular_season,home,False,1610612764,WAS,Wizards,Bench,159:23,30,Washington,wizards,12,23,0.522,2,5,0.4,4,7,0.571,1,17,18,11,0,1,5,11,1610612764,WAS,Washington Wizards,1610612753,ORL,Orlando Magic
0021500139,2015-11-14,2015-16,regular_season,home,False,1610612764,WAS,Wizards,Starters,159:23,78,Washington,wizards,27,60,0.45,10,24,0.417,14,19,0.737,6,25,31,18,6,5,6,12,1610612764,WAS,Washington Wizards,1610612753,ORL,Orlando Magic
0021500139,2015-11-14,2015-16,regular_season,road,False,1610612753,ORL,Magic,Bench,162:27,30,Orlando,magic,11,22,0.5,2,7,0.286,6,9,0.667,1,12,13,4,5,1,5,9,1610612764,WAS,Washington Wizards,1610612753,ORL,Orlando Magic
0021500139,2015-11-14,2015-16,regular_season,road,False,1610612753,ORL,Magic,Starters,162:27,69,Orlando,magic,27,65,0.415,2,11,0.182,13,15,0.867,5,27,32,15,2,1,7,13,1610612764,WAS,Washington Wizards,1610612753,ORL,Orlando Magic
0021500140,2015-11-14,2015-16,regular_season,home,False,1610612745,HOU,Rockets,Bench,161:23,32,Houston,rockets,11,29,0.379,5,14,0.357,5,6,0.833,3,8,11,3,1,1,1,8,1610612745,HOU,Houston Rockets,1610612742,DAL,Dallas Mavericks
0021500140,2015-11-14,2015-16,regular_season,home,False,1610612745,HOU,Rockets,Starters,161:23,66,Houston,rockets,21,55,0.382,4,20,0.2,20,26,0.769,9,23,32,19,8,4,11,15,1610612745,HOU,Houston Rockets,1610612742,DAL,Dallas Mavericks
0021500140,2015-11-14,2015-16,regular_season,road,False,1610612742,DAL,Mavericks,Bench,136:11,44,Dallas,mavericks,19,39,0.487,1,9,0.111,5,6,0.833,3,20,23,14,3,4,4,9,1610612745,HOU,Houston Rockets,1610612742,DAL,Dallas Mavericks
0021500140,2015-11-14,2015-16,regular_season,road,False,1610612742,DAL,Mavericks,Starters,136:11,66,Dallas,mavericks,24,50,0.48,7,19,0.368,11,15,0.733,5,17,22,10,3,3,7,12,1610612745,HOU,Houston Rockets,1610612742,DAL,Dallas Mavericks
0021500141,2015-11-14,2015-16,regular_season,home,False,1610612749,MIL,Bucks,Bench,199:50,36,Milwaukee,bucks,14,32,0.438,5,12,0.417,3,7,0.429,4,7,11,10,1,3,3,9,1610612749,MIL,Milwaukee Bucks,1610612739,CLE,Cleveland Cavaliers
0021500141,2015-11-14,2015-16,regular_season,home,False,1610612749,MIL,Bucks,Starters,199:50,72,Milwaukee,bucks,29,70,0.414,1,4,0.25,13,15,0.867,11,29,40,10,5,6,9,16,1610612749,MIL,Milwaukee Bucks,1610612739,CLE,Cleveland Cavaliers
0021500141,2015-11-14,2015-16,regular_season,road,False,1610612739,CLE,Cavaliers,Bench,184:32,22,Cleveland,cavaliers,9,19,0.474,3,7,0.429,1,3,0.333,2,8,10,8,3,0,5,10,1610612749,MIL,Milwaukee Bucks,1610612739,CLE,Cleveland Cavaliers
0021500141,2015-11-14,2015-16,regular_season,road,False,1610612739,CLE,Cavaliers,Starters,184:32,83,Cleveland,cavaliers,28,72,0.389,11,31,0.355,16,24,0.667,12,32,44,13,3,8,15,14,1610612749,MIL,Milwaukee Bucks,1610612739,CLE,Cleveland Cavaliers
0021500142,2015-11-14,2015-16,regular_season,home,False,1610612759,SAS,Spurs,Bench,146:24,31,San Antonio,spurs,11,32,0.344,2,10,0.2,7,8,0.875,3,14,17,11,5,1,5,3,1610612759,SAS,San Antonio Spurs,1610612755,PHI,Philadelphia 76ers
0021500142,2015-11-14,2015-16,regular_season,home,False,1610612759,SAS,Spurs,Starters,146:24,61,San Antonio,spurs,22,53,0.415,3,6,0.5,14,17,0.824,9,28,37,12,5,6,8,6,1610612759,SAS,San Antonio Spurs,1610612755,PHI,Philadelphia 76ers
0021500142,2015-11-14,2015-16,regular_season,road,False,1610612755,PHI,76ers,Bench,139:34,36,Philadelphia,sixers,14,38,0.368,6,16,0.375,2,2,1.0,3,14,17,10,2,0,4,8,1610612759,SAS,San Antonio Spurs,1610612755,PHI,Philadelphia 76ers
0021500142,2015-11-14,2015-16,regular_season,road,False,1610612755,PHI,76ers,Starters,139:34,47,Philadelphia,sixers,19,44,0.432,2,6,0.333,7,9,0.778,3,21,24,5,5,3,11,13,1610612759,SAS,San Antonio Spurs,1610612755,PHI,Philadelphia 76ers
0021500143,2015-11-14,2015-16,regular_season,home,False,1610612756,PHX,Suns,Bench,120:04,43,Phoenix,suns,13,39,0.333,6,13,0.462,11,17,0.647,8,22,30,8,1,0,11,7,1610612756,PHX,Phoenix Suns,1610612743,DEN,Denver Nuggets
0021500143,2015-11-14,2015-16,regular_season,home,False,1610612756,PHX,Suns,Starters,120:04,62,Phoenix,suns,24,45,0.533,5,11,0.455,9,9,1.0,2,25,27,11,3,1,9,6,1610612756,PHX,Phoenix Suns,1610612743,DEN,Denver Nuggets
0021500143,2015-11-14,2015-16,regular_season,road,False,1610612743,DEN,Nuggets,Bench,106:21,51,Denver,nuggets,22,54,0.407,4,18,0.222,3,4,0.75,3,18,21,10,6,3,2,12,1610612756,PHX,Phoenix Suns,1610612743,DEN,Denver Nuggets
0021500143,2015-11-14,2015-16,regular_season,road,False,1610612743,DEN,Nuggets,Starters,106:21,30,Denver,nuggets,12,44,0.273,2,17,0.118,4,4,1.0,6,15,21,3,2,3,8,8,1610612756,PHX,Phoenix Suns,1610612743,DEN,Denver Nuggets
0021500144,2015-11-14,2015-16,regular_season,home,False,1610612744,GSW,Warriors,Bench,156:03,33,Golden State,warriors,15,31,0.484,3,7,0.429,0,0,0.0,7,18,25,12,4,3,5,12,1610612744,GSW,Golden State Warriors,1610612751,BKN,Brooklyn Nets
0021500144,2015-11-14,2015-16,regular_season,home,False,1610612744,GSW,Warriors,Starters,156:03,74,Golden State,warriors,28,66,0.424,9,27,0.333,9,10,0.9,4,21,25,19,5,7,9,7,1610612744,GSW,Golden State Warriors,1610612751,BKN,Brooklyn Nets
0021500144,2015-11-14,2015-16,regular_season,road,False,1610612751,BKN,Nets,Bench,197:31,14,Brooklyn,nets,6,17,0.353,0,7,0.0,2,2,1.0,0,10,10,4,3,0,2,3,1610612744,GSW,Golden State Warriors,1610612751,BKN,Brooklyn Nets
0021500144,2015-11-14,2015-16,regular_season,road,False,1610612751,BKN,Nets,Starters,197:31,85,Brooklyn,nets,35,81,0.432,2,11,0.182,13,14,0.929,11,29,40,18,9,4,10,10,1610612744,GSW,Golden State Warriors,1610612751,BKN,Brooklyn Nets
0021500145,2015-11-15,2015-16,regular_season,home,False,1610612752,NYK,Knicks,Bench,122:23,44,New York,knicks,17,37,0.459,2,7,0.286,8,10,0.8,7,7,14,9,5,1,7,10,1610612752,NYK,New York Knicks,1610612740,NOP,New Orleans Pelicans
0021500145,2015-11-15,2015-16,regular_season,home,False,1610612752,NYK,Knicks,Starters,122:23,51,New York,knicks,21,51,0.412,2,11,0.182,7,9,0.778,3,24,27,9,3,3,2,10,1610612752,NYK,New York Knicks,1610612740,NOP,New Orleans Pelicans
0021500145,2015-11-15,2015-16,regular_season,road,False,1610612740,NOP,Pelicans,Bench,142:12,31,New Orleans,pelicans,10,22,0.455,3,9,0.333,8,8,1.0,2,13,15,8,1,1,9,7,1610612752,NYK,New York Knicks,1610612740,NOP,New Orleans Pelicans
0021500145,2015-11-15,2015-16,regular_season,road,False,1610612740,NOP,Pelicans,Starters,142:12,56,New Orleans,pelicans,22,49,0.449,3,12,0.25,9,11,0.818,2,19,21,8,4,4,9,15,1610612752,NYK,New York Knicks,1610612740,NOP,New Orleans Pelicans
0021500146,2015-11-15,2015-16,regular_season,home,False,1610612750,MIN,Timberwolves,Bench,131:54,36,Minnesota,timberwolves,15,35,0.429,0,6,0.0,6,6,1.0,5,10,15,10,5,0,6,10,1610612750,MIN,Minnesota Timberwolves,1610612763,MEM,Memphis Grizzlies
0021500146,2015-11-15,2015-16,regular_season,home,False,1610612750,MIN,Timberwolves,Starters,131:54,70,Minnesota,timberwolves,26,47,0.553,5,10,0.5,13,15,0.867,4,14,18,10,5,2,6,14,1610612750,MIN,Minnesota Timberwolves,1610612763,MEM,Memphis Grizzlies
0021500146,2015-11-15,2015-16,regular_season,road,False,1610612763,MEM,Grizzlies,Bench,156:03,35,Memphis,grizzlies,9,21,0.429,4,7,0.571,13,13,1.0,1,13,14,5,2,3,5,5,1610612750,MIN,Minnesota Timberwolves,1610612763,MEM,Memphis Grizzlies
0021500146,2015-11-15,2015-16,regular_season,road,False,1610612763,MEM,Grizzlies,Starters,156:03,79,Memphis,grizzlies,31,50,0.62,5,10,0.5,12,14,0.857,3,17,20,16,5,3,10,11,1610612750,MIN,Minnesota Timberwolves,1610612763,MEM,Memphis Grizzlies
0021500147,2015-11-15,2015-16,regular_season,home,False,1610612766,CHA,Hornets,Bench,149:44,21,Charlotte,hornets,8,25,0.32,2,12,0.167,3,4,0.75,4,10,14,13,1,6,4,6,1610612766,CHA,Charlotte Hornets,1610612757,POR,Portland Trail Blazers
0021500147,2015-11-15,2015-16,regular_season,home,False,1610612766,CHA,Hornets,Starters,149:44,85,Charlotte,hornets,33,58,0.569,7,19,0.368,12,15,0.8,3,20,23,16,5,3,7,10,1610612766,CHA,Charlotte Hornets,1610612757,POR,Portland Trail Blazers
0021500147,2015-11-15,2015-16,regular_season,road,False,1610612757,POR,Trail Blazers,Bench,143:14,31,Portland,blazers,14,29,0.483,1,3,0.333,2,2,1.0,4,10,14,7,2,2,3,11,1610612766,CHA,Charlotte Hornets,1610612757,POR,Portland Trail Blazers
0021500147,2015-11-15,2015-16,regular_season,road,False,1610612757,POR,Trail Blazers,Starters,143:14,63,Portland,blazers,21,60,0.35,4,18,0.222,17,19,0.895,12,20,32,13,3,1,9,14,1610612766,CHA,Charlotte Hornets,1610612757,POR,Portland Trail Blazers
0021500148,2015-11-15,2015-16,regular_season,home,False,1610612737,ATL,Hawks,Bench,164:05,14,Atlanta,hawks,6,18,0.333,1,5,0.2,1,1,1.0,2,7,9,4,6,2,8,7,1610612737,ATL,Atlanta Hawks,1610612762,UTA,Utah Jazz
0021500148,2015-11-15,2015-16,regular_season,home,False,1610612737,ATL,Hawks,Starters,164:05,82,Atlanta,hawks,31,58,0.534,7,17,0.412,13,16,0.813,6,18,24,22,3,3,7,9,1610612737,ATL,Atlanta Hawks,1610612762,UTA,Utah Jazz
0021500148,2015-11-15,2015-16,regular_season,road,False,1610612762,UTA,Jazz,Bench,156:37,34,Utah,jazz,13,24,0.542,3,6,0.5,5,7,0.714,1,12,13,9,4,2,4,5,1610612737,ATL,Atlanta Hawks,1610612762,UTA,Utah Jazz
0021500148,2015-11-15,2015-16,regular_season,road,False,1610612762,UTA,Jazz,Starters,156:37,63,Utah,jazz,26,52,0.5,4,15,0.267,7,10,0.7,9,18,27,12,3,5,13,10,1610612737,ATL,Atlanta Hawks,1610612762,UTA,Utah Jazz
0021500149,2015-11-15,2015-16,regular_season,home,False,1610612760,OKC,Thunder,Bench,136:56,29,Oklahoma City,thunder,12,32,0.375,3,9,0.333,2,4,0.5,3,8,11,7,5,1,12,11,1610612760,OKC,Oklahoma City Thunder,1610612738,BOS,Boston Celtics
0021500149,2015-11-15,2015-16,regular_season,home,False,1610612760,OKC,Thunder,Starters,136:56,56,Oklahoma City,thunder,16,45,0.356,3,16,0.188,21,25,0.84,7,16,23,11,5,5,6,9,1610612760,OKC,Oklahoma City Thunder,1610612738,BOS,Boston Celtics
0021500149,2015-11-15,2015-16,regular_season,road,False,1610612738,BOS,Celtics,Bench,153:17,29,Boston,celtics,12,25,0.48,2,3,0.667,3,5,0.6,2,12,14,11,7,1,8,13,1610612760,OKC,Oklahoma City Thunder,1610612738,BOS,Boston Celtics
0021500149,2015-11-15,2015-16,regular_season,road,False,1610612738,BOS,Celtics,Starters,153:17,71,Boston,celtics,27,57,0.474,7,20,0.35,10,15,0.667,10,23,33,14,5,6,10,13,1610612760,OKC,Oklahoma City Thunder,1610612738,BOS,Boston Celtics
0021500150,2015-11-15,2015-16,regular_season,home,False,1610612758,SAC,Kings,Bench,155:14,29,Sacramento,kings,11,22,0.5,3,8,0.375,4,5,0.8,3,8,11,2,3,1,4,11,1610612758,SAC,Sacramento Kings,1610612761,TOR,Toronto Raptors
0021500150,2015-11-15,2015-16,regular_season,home,False,1610612758,SAC,Kings,Starters,155:14,78,Sacramento,kings,28,54,0.519,7,17,0.412,15,19,0.789,6,25,31,21,5,4,15,8,1610612758,SAC,Sacramento Kings,1610612761,TOR,Toronto Raptors
0021500150,2015-11-15,2015-16,regular_season,road,False,1610612761,TOR,Raptors,Bench,152:37,31,Toronto,raptors,12,19,0.632,4,5,0.8,3,4,0.75,2,15,17,6,2,0,5,9,1610612758,SAC,Sacramento Kings,1610612761,TOR,Toronto Raptors
0021500150,2015-11-15,2015-16,regular_season,road,False,1610612761,TOR,Raptors,Starters,152:37,70,Toronto,raptors,26,68,0.382,11,26,0.423,7,10,0.7,5,14,19,12,11,1,10,11,1610612758,SAC,Sacramento Kings,1610612761,TOR,Toronto Raptors
0021500151,2015-11-15,2015-16,regular_season,home,False,1610612747,LAL,Lakers,Bench,144:48,34,Los Angeles,lakers,11,23,0.478,2,5,0.4,10,14,0.714,4,8,12,7,2,2,3,8,1610612747,LAL,Los Angeles Lakers,1610612765,DET,Detroit Pistons
0021500151,2015-11-15,2015-16,regular_season,home,False,1610612747,LAL,Lakers,Starters,144:48,63,Los Angeles,lakers,20,52,0.385,4,14,0.286,19,25,0.76,3,31,34,17,3,3,13,11,1610612747,LAL,Los Angeles Lakers,1610612765,DET,Detroit Pistons
0021500151,2015-11-15,2015-16,regular_season,road,False,1610612765,DET,Pistons,Bench,158:24,36,Detroit,pistons,14,30,0.467,3,11,0.273,5,7,0.714,2,7,9,6,3,0,2,13,1610612747,LAL,Los Angeles Lakers,1610612765,DET,Detroit Pistons
0021500151,2015-11-15,2015-16,regular_season,road,False,1610612765,DET,Pistons,Starters,158:24,49,Detroit,pistons,21,66,0.318,4,16,0.25,3,8,0.375,10,27,37,10,4,2,8,12,1610612747,LAL,Los Angeles Lakers,1610612765,DET,Detroit Pistons
0021500152,2015-11-16,2015-16,regular_season,home,False,1610612755,PHI,76ers,Bench,150:46,29,Philadelphia,sixers,10,26,0.385,4,16,0.25,5,8,0.625,2,9,11,7,3,0,10,10,1610612755,PHI,Philadelphia 76ers,1610612742,DAL,Dallas Mavericks
0021500152,2015-11-16,2015-16,regular_season,home,False,1610612755,PHI,76ers,Starters,150:46,57,Philadelphia,sixers,24,50,0.48,1,6,0.167,8,12,0.667,6,29,35,9,6,4,17,19,1610612755,PHI,Philadelphia 76ers,1610612742,DAL,Dallas Mavericks
0021500152,2015-11-16,2015-16,regular_season,road,False,1610612742,DAL,Mavericks,Bench,142:34,30,Dallas,mavericks,11,28,0.393,2,6,0.333,6,9,0.667,4,14,18,6,6,0,11,9,1610612755,PHI,Philadelphia 76ers,1610612742,DAL,Dallas Mavericks
0021500152,2015-11-16,2015-16,regular_season,road,False,1610612742,DAL,Mavericks,Starters,142:34,62,Dallas,mavericks,19,48,0.396,5,18,0.278,19,21,0.905,2,19,21,10,6,2,8,14,1610612755,PHI,Philadelphia 76ers,1610612742,DAL,Dallas Mavericks
0021500153,2015-11-16,2015-16,regular_season,home,False,1610612741,CHI,Bulls,Bench,141:45,39,Chicago,bulls,14,33,0.424,1,5,0.2,10,15,0.667,5,16,21,11,4,5,2,8,1610612741,CHI,Chicago Bulls,1610612754,IND,Indiana Pacers
0021500153,2015-11-16,2015-16,regular_season,home,False,1610612741,CHI,Bulls,Starters,141:45,57,Chicago,bulls,21,53,0.396,5,10,0.5,10,17,0.588,5,22,27,15,5,4,6,12,1610612741,CHI,Chicago Bulls,1610612754,IND,Indiana Pacers
0021500153,2015-11-16,2015-16,regular_season,road,False,1610612754,IND,Pacers,Bench,147:49,26,Indiana,pacers,9,28,0.321,0,5,0.0,8,11,0.727,6,15,21,5,0,2,3,7,1610612741,CHI,Chicago Bulls,1610612754,IND,Indiana Pacers
0021500153,2015-11-16,2015-16,regular_season,road,False,1610612754,IND,Pacers,Starters,147:49,69,Indiana,pacers,26,59,0.441,9,16,0.563,8,13,0.615,5,24,29,14,4,3,9,14,1610612741,CHI,Chicago Bulls,1610612754,IND,Indiana Pacers
0021500154,2015-11-16,2015-16,regular_season,home,False,1610612745,HOU,Rockets,Bench,145:29,33,Houston,rockets,13,36,0.361,3,13,0.231,4,10,0.4,5,9,14,8,5,4,7,8,1610612745,HOU,Houston Rockets,1610612738,BOS,Boston Celtics
0021500154,2015-11-16,2015-16,regular_season,home,False,1610612745,HOU,Rockets,Starters,145:29,62,Houston,rockets,23,49,0.469,8,19,0.421,8,13,0.615,9,23,32,15,5,2,15,12,1610612745,HOU,Houston Rockets,1610612738,BOS,Boston Celtics
0021500154,2015-11-16,2015-16,regular_season,road,False,1610612738,BOS,Celtics,Bench,129:55,53,Boston,celtics,20,46,0.435,5,18,0.278,8,11,0.727,7,15,22,9,4,1,12,14,1610612745,HOU,Houston Rockets,1610612738,BOS,Boston Celtics
0021500154,2015-11-16,2015-16,regular_season,road,False,1610612738,BOS,Celtics,Starters,129:55,58,Boston,celtics,24,47,0.511,6,18,0.333,4,6,0.667,9,18,27,18,12,2,7,8,1610612745,HOU,Houston Rockets,1610612738,BOS,Boston Celtics
0021500155,2015-11-16,2015-16,regular_season,home,False,1610612763,MEM,Grizzlies,Bench,157:08,45,Memphis,grizzlies,10,23,0.435,6,10,0.6,19,21,0.905,3,5,8,3,4,2,3,10,1610612763,MEM,Memphis Grizzlies,1610612760,OKC,Oklahoma City Thunder
0021500155,2015-11-16,2015-16,regular_season,home,False,1610612763,MEM,Grizzlies,Starters,157:08,77,Memphis,grizzlies,27,61,0.443,6,7,0.857,17,18,0.944,9,17,26,20,7,2,7,12,1610612763,MEM,Memphis Grizzlies,1610612760,OKC,Oklahoma City Thunder
0021500155,2015-11-16,2015-16,regular_season,road,False,1610612760,OKC,Thunder,Bench,140:36,40,Oklahoma City,thunder,15,32,0.469,3,7,0.429,7,8,0.875,4,16,20,6,2,2,6,14,1610612763,MEM,Memphis Grizzlies,1610612760,OKC,Oklahoma City Thunder
0021500155,2015-11-16,2015-16,regular_season,road,False,1610612760,OKC,Thunder,Starters,140:36,74,Oklahoma City,thunder,26,49,0.531,7,17,0.412,15,23,0.652,8,16,24,16,5,4,13,14,1610612763,MEM,Memphis Grizzlies,1610612760,OKC,Oklahoma City Thunder
0021500156,2015-11-16,2015-16,regular_season,home,False,1610612759,SAS,Spurs,Bench,149:13,36,San Antonio,spurs,15,39,0.385,2,12,0.167,4,5,0.8,4,18,22,14,4,4,3,6,1610612759,SAS,San Antonio Spurs,1610612757,POR,Portland Trail Blazers
0021500156,2015-11-16,2015-16,regular_season,home,False,1610612759,SAS,Spurs,Starters,149:13,57,San Antonio,spurs,23,50,0.46,5,11,0.455,6,8,0.75,8,17,25,15,5,6,3,7,1610612759,SAS,San Antonio Spurs,1610612757,POR,Portland Trail Blazers
0021500156,2015-11-16,2015-16,regular_season,road,False,1610612757,POR,Trail Blazers,Bench,162:21,11,Portland,blazers,4,15,0.267,3,8,0.375,0,0,0.0,0,16,16,2,0,2,3,8,1610612759,SAS,San Antonio Spurs,1610612757,POR,Portland Trail Blazers
0021500156,2015-11-16,2015-16,regular_season,road,False,1610612757,POR,Trail Blazers,Starters,162:21,69,Portland,blazers,27,60,0.45,4,11,0.364,11,13,0.846,4,19,23,13,4,1,9,10,1610612759,SAS,San Antonio Spurs,1610612757,POR,Portland Trail Blazers
0021500157,2015-11-16,2015-16,regular_season,home,False,1610612756,PHX,Suns,Bench,136:25,55,Phoenix,suns,22,40,0.55,4,10,0.4,7,10,0.7,7,13,20,3,4,4,2,4,1610612756,PHX,Phoenix Suns,1610612747,LAL,Los Angeles Lakers
0021500157,2015-11-16,2015-16,regular_season,home,False,1610612756,PHX,Suns,Starters,136:25,65,Phoenix,suns,23,53,0.434,7,20,0.35,12,15,0.8,11,19,30,20,9,2,8,12,1610612756,PHX,Phoenix Suns,1610612747,LAL,Los Angeles Lakers
0021500157,2015-11-16,2015-16,regular_season,road,False,1610612747,LAL,Lakers,Bench,136:58,36,Los Angeles,lakers,14,31,0.452,4,11,0.364,4,4,1.0,2,13,15,3,3,1,8,10,1610612756,PHX,Phoenix Suns,1610612747,LAL,Los Angeles Lakers
0021500157,2015-11-16,2015-16,regular_season,road,False,1610612747,LAL,Lakers,Starters,136:58,65,Los Angeles,lakers,23,46,0.5,5,9,0.556,14,16,0.875,5,17,22,9,2,1,8,13,1610612756,PHX,Phoenix Suns,1610612747,LAL,Los Angeles Lakers
0021500158,2015-11-17,2015-16,regular_season,home,False,1610612764,WAS,Wizards,Bench,139:53,46,Washington,wizards,14,27,0.519,6,8,0.75,12,18,0.667,2,17,19,8,3,1,3,9,1610612764,WAS,Washington Wizards,1610612749,MIL,Milwaukee Bucks
0021500158,2015-11-17,2015-16,regular_season,home,False,1610612764,WAS,Wizards,Starters,139:53,69,Washington,wizards,23,43,0.535,6,14,0.429,17,23,0.739,4,19,23,17,5,2,9,10,1610612764,WAS,Washington Wizards,1610612749,MIL,Milwaukee Bucks
0021500158,2015-11-17,2015-16,regular_season,road,False,1610612749,MIL,Bucks,Bench,146:41,34,Milwaukee,bucks,11,20,0.55,3,5,0.6,9,12,0.75,2,13,15,8,1,1,5,12,1610612764,WAS,Washington Wizards,1610612749,MIL,Milwaukee Bucks
0021500158,2015-11-17,2015-16,regular_season,road,False,1610612749,MIL,Bucks,Starters,146:41,52,Milwaukee,bucks,20,52,0.385,7,16,0.438,5,12,0.417,4,15,19,14,4,2,14,15,1610612764,WAS,Washington Wizards,1610612749,MIL,Milwaukee Bucks
0021500159,2015-11-17,2015-16,regular_season,home,False,1610612751,BKN,Nets,Bench,164:39,16,Brooklyn,nets,6,21,0.286,4,10,0.4,0,0,0.0,3,8,11,2,5,0,5,3,1610612751,BKN,Brooklyn Nets,1610612737,ATL,Atlanta Hawks
0021500159,2015-11-17,2015-16,regular_season,home,False,1610612751,BKN,Nets,Starters,164:39,74,Brooklyn,nets,31,63,0.492,5,10,0.5,7,13,0.538,6,27,33,20,9,3,6,11,1610612751,BKN,Brooklyn Nets,1610612737,ATL,Atlanta Hawks
0021500159,2015-11-17,2015-16,regular_season,road,False,1610612737,ATL,Hawks,Bench,140:57,30,Atlanta,hawks,11,29,0.379,5,14,0.357,3,5,0.6,1,19,20,6,4,2,5,5,1610612751,BKN,Brooklyn Nets,1610612737,ATL,Atlanta Hawks
0021500159,2015-11-17,2015-16,regular_season,road,False,1610612737,ATL,Hawks,Starters,140:57,58,Atlanta,hawks,22,47,0.468,7,15,0.467,7,9,0.778,7,17,24,16,3,5,15,12,1610612751,BKN,Brooklyn Nets,1610612737,ATL,Atlanta Hawks
0021500160,2015-11-17,2015-16,regular_season,home,False,1610612765,DET,Pistons,Bench,176:34,9,Detroit,pistons,4,18,0.222,0,4,0.0,1,2,0.5,3,9,12,4,3,0,3,3,1610612765,DET,Detroit Pistons,1610612739,CLE,Cleveland Cavaliers
0021500160,2015-11-17,2015-16,regular_season,home,False,1610612765,DET,Pistons,Starters,176:34,95,Detroit,pistons,32,66,0.485,7,17,0.412,24,29,0.828,8,28,36,16,8,1,10,12,1610612765,DET,Detroit Pistons,1610612739,CLE,Cleveland Cavaliers
0021500160,2015-11-17,2015-16,regular_season,road,False,1610612739,CLE,Cavaliers,Bench,166:10,10,Cleveland,cavaliers,4,17,0.235,1,8,0.125,1,3,0.333,1,12,13,7,3,0,2,8,1610612765,DET,Detroit Pistons,1610612739,CLE,Cleveland Cavaliers
0021500160,2015-11-17,2015-16,regular_season,road,False,1610612739,CLE,Cavaliers,Starters,166:10,89,Cleveland,cavaliers,34,63,0.54,10,25,0.4,11,17,0.647,2,25,27,14,5,2,12,17,1610612765,DET,Detroit Pistons,1610612739,CLE,Cleveland Cavaliers
0021500161,2015-11-17,2015-16,regular_season,home,False,1610612748,MIA,Heat,Bench,166:50,13,Miami,heat,3,14,0.214,1,6,0.167,6,11,0.545,3,17,20,4,1,0,10,13,1610612748,MIA,Miami Heat,1610612750,MIN,Minnesota Timberwolves
0021500161,2015-11-17,2015-16,regular_season,home,False,1610612748,MIA,Heat,Starters,166:50,78,Miami,heat,33,65,0.508,4,18,0.222,8,19,0.421,7,24,31,16,2,12,12,13,1610612748,MIA,Miami Heat,1610612750,MIN,Minnesota Timberwolves
0021500161,2015-11-17,2015-16,regular_season,road,False,1610612750,MIN,Timberwolves,Bench,113:02,54,Minnesota,timberwolves,19,53,0.358,4,18,0.222,12,14,0.857,4,18,22,6,5,2,1,13,1610612748,MIA,Miami Heat,1610612750,MIN,Minnesota Timberwolves
0021500161,2015-11-17,2015-16,regular_season,road,False,1610612750,MIN,Timberwolves,Starters,113:02,49,Minnesota,timberwolves,17,44,0.386,0,3,0.0,15,21,0.714,11,21,32,8,7,3,7,13,1610612748,MIA,Miami Heat,1610612750,MIN,Minnesota Timberwolves
0021500162,2015-11-17,2015-16,regular_season,home,False,1610612752,NYK,Knicks,Bench,152:56,27,New York,knicks,10,29,0.345,3,6,0.5,4,4,1.0,2,8,10,10,2,3,3,11,1610612752,NYK,New York Knicks,1610612766,CHA,Charlotte Hornets
0021500162,2015-11-17,2015-16,regular_season,home,False,1610612752,NYK,Knicks,Starters,152:56,75,New York,knicks,26,60,0.433,7,14,0.5,16,17,0.941,8,27,35,12,2,3,7,9,1610612752,NYK,New York Knicks,1610612766,CHA,Charlotte Hornets
0021500162,2015-11-17,2015-16,regular_season,road,False,1610612766,CHA,Hornets,Bench,147:27,41,Charlotte,hornets,14,31,0.452,2,9,0.222,11,12,0.917,6,15,21,8,0,3,3,8,1610612752,NYK,New York Knicks,1610612766,CHA,Charlotte Hornets
0021500162,2015-11-17,2015-16,regular_season,road,False,1610612766,CHA,Hornets,Starters,147:27,53,Charlotte,hornets,22,51,0.431,3,11,0.273,6,13,0.462,2,19,21,5,7,4,4,8,1610612752,NYK,New York Knicks,1610612766,CHA,Charlotte Hornets
0021500163,2015-11-17,2015-16,regular_season,home,False,1610612740,NOP,Pelicans,Bench,120:36,58,New Orleans,pelicans,25,41,0.61,5,10,0.5,3,4,0.75,3,15,18,11,1,2,4,9,1610612740,NOP,New Orleans Pelicans,1610612743,DEN,Denver Nuggets
0021500163,2015-11-17,2015-16,regular_season,home,False,1610612740,NOP,Pelicans,Starters,120:36,40,New Orleans,pelicans,16,42,0.381,2,13,0.154,6,7,0.857,5,10,15,14,3,6,5,8,1610612740,NOP,New Orleans Pelicans,1610612743,DEN,Denver Nuggets
0021500163,2015-11-17,2015-16,regular_season,road,False,1610612743,DEN,Nuggets,Bench,134:16,42,Denver,nuggets,17,36,0.472,7,17,0.412,1,1,1.0,5,14,19,8,2,3,5,6,1610612740,NOP,New Orleans Pelicans,1610612743,DEN,Denver Nuggets
0021500163,2015-11-17,2015-16,regular_season,road,False,1610612743,DEN,Nuggets,Starters,134:16,73,Denver,nuggets,28,49,0.571,8,13,0.615,9,12,0.75,6,18,24,19,3,3,8,9,1610612740,NOP,New Orleans Pelicans,1610612743,DEN,Denver Nuggets
0021500164,2015-11-17,2015-16,regular_season,home,False,1610612744,GSW,Warriors,Bench,158:28,30,Golden State,warriors,11,21,0.524,2,4,0.5,6,10,0.6,6,6,12,11,6,4,8,13,1610612744,GSW,Golden State Warriors,1610612761,TOR,Toronto Raptors
0021500164,2015-11-17,2015-16,regular_season,home,False,1610612744,GSW,Warriors,Starters,158:28,85,Golden State,warriors,32,59,0.542,9,25,0.36,12,17,0.706,3,19,22,20,4,2,12,16,1610612744,GSW,Golden State Warriors,1610612761,TOR,Toronto Raptors
0021500164,2015-11-17,2015-16,regular_season,road,False,1610612761,TOR,Raptors,Bench,175:54,22,Toronto,raptors,8,14,0.571,1,3,0.333,5,8,0.625,2,9,11,7,1,1,6,5,1610612744,GSW,Golden State Warriors,1610612761,TOR,Toronto Raptors
0021500164,2015-11-17,2015-16,regular_season,road,False,1610612761,TOR,Raptors,Starters,175:54,88,Toronto,raptors,29,65,0.446,5,15,0.333,25,31,0.806,10,19,29,11,10,1,12,20,1610612744,GSW,Golden State Warriors,1610612761,TOR,Toronto Raptors
0021500165,2015-11-18,2015-16,regular_season,home,False,1610612766,CHA,Hornets,Bench,149:29,42,Charlotte,hornets,16,33,0.485,3,10,0.3,7,8,0.875,2,17,19,8,2,2,7,4,1610612766,CHA,Charlotte Hornets,1610612751,BKN,Brooklyn Nets
0021500165,2015-11-18,2015-16,regular_season,home,False,1610612766,CHA,Hornets,Starters,149:29,74,Charlotte,hornets,23,47,0.489,8,15,0.533,20,28,0.714,7,23,30,19,3,6,8,12,1610612766,CHA,Charlotte Hornets,1610612751,BKN,Brooklyn Nets
0021500165,2015-11-18,2015-16,regular_season,road,False,1610612751,BKN,Nets,Bench,162:34,24,Brooklyn,nets,11,26,0.423,0,3,0.0,2,2,1.0,1,9,10,8,2,0,2,7,1610612766,CHA,Charlotte Hornets,1610612751,BKN,Brooklyn Nets
0021500165,2015-11-18,2015-16,regular_season,road,False,1610612751,BKN,Nets,Starters,162:34,87,Brooklyn,nets,33,65,0.508,5,12,0.417,16,20,0.8,4,23,27,17,3,4,7,16,1610612766,CHA,Charlotte Hornets,1610612751,BKN,Brooklyn Nets
0021500166,2015-11-18,2015-16,regular_season,home,False,1610612753,ORL,Magic,Bench,162:28,33,Orlando,magic,12,36,0.333,4,10,0.4,5,6,0.833,7,15,22,6,1,3,4,11,1610612753,ORL,Orlando Magic,1610612750,MIN,Minnesota Timberwolves
0021500166,2015-11-18,2015-16,regular_season,home,False,1610612753,ORL,Magic,Starters,162:28,71,Orlando,magic,29,74,0.392,5,11,0.455,8,15,0.533,13,19,32,14,9,1,5,10,1610612753,ORL,Orlando Magic,1610612750,MIN,Minnesota Timberwolves
0021500166,2015-11-18,2015-16,regular_season,road,False,1610612750,MIN,Timberwolves,Bench,156:40,40,Minnesota,timberwolves,15,36,0.417,4,14,0.286,6,8,0.75,2,18,20,6,3,5,4,15,1610612753,ORL,Orlando Magic,1610612750,MIN,Minnesota Timberwolves
0021500166,2015-11-18,2015-16,regular_season,road,False,1610612750,MIN,Timberwolves,Starters,156:40,61,Minnesota,timberwolves,21,49,0.429,0,4,0.0,19,22,0.864,9,28,37,15,1,8,10,8,1610612753,ORL,Orlando Magic,1610612750,MIN,Minnesota Timberwolves
0021500167,2015-11-18,2015-16,regular_season,home,False,1610612755,PHI,76ers,Bench,125:23,33,Philadelphia,sixers,14,39,0.359,2,17,0.118,3,6,0.5,2,21,23,9,7,4,15,13,1610612755,PHI,Philadelphia 76ers,1610612754,IND,Indiana Pacers
0021500167,2015-11-18,2015-16,regular_season,home,False,1610612755,PHI,76ers,Starters,125:23,52,Philadelphia,sixers,21,37,0.568,3,8,0.375,7,10,0.7,5,15,20,5,2,4,14,4,1610612755,PHI,Philadelphia 76ers,1610612754,IND,Indiana Pacers
0021500167,2015-11-18,2015-16,regular_season,road,False,1610612754,IND,Pacers,Bench,135:43,42,Indiana,pacers,15,40,0.375,2,8,0.25,10,12,0.833,8,14,22,6,7,3,9,6,1610612755,PHI,Philadelphia 76ers,1610612754,IND,Indiana Pacers
0021500167,2015-11-18,2015-16,regular_season,road,False,1610612754,IND,Pacers,Starters,135:43,70,Indiana,pacers,27,52,0.519,10,19,0.526,6,8,0.75,8,18,26,22,11,5,9,11,1610612755,PHI,Philadelphia 76ers,1610612754,IND,Indiana Pacers
0021500168,2015-11-18,2015-16,regular_season,home,False,1610612738,BOS,Celtics,Bench,152:06,43,Boston,celtics,16,36,0.444,4,9,0.444,7,8,0.875,5,10,15,7,6,1,6,15,1610612738,BOS,Boston Celtics,1610612742,DAL,Dallas Mavericks
0021500168,2015-11-18,2015-16,regular_season,home,False,1610612738,BOS,Celtics,Starters,152:06,59,Boston,celtics,22,56,0.393,4,17,0.235,11,16,0.688,9,19,28,15,6,0,8,13,1610612738,BOS,Boston Celtics,1610612742,DAL,Dallas Mavericks
0021500168,2015-11-18,2015-16,regular_season,road,False,1610612742,DAL,Mavericks,Bench,156:33,27,Dallas,mavericks,10,22,0.455,1,5,0.2,6,12,0.5,4,9,13,9,3,3,7,13,1610612738,BOS,Boston Celtics,1610612742,DAL,Dallas Mavericks
0021500168,2015-11-18,2015-16,regular_season,road,False,1610612742,DAL,Mavericks,Starters,156:33,79,Dallas,mavericks,27,50,0.54,6,15,0.4,19,23,0.826,3,23,26,13,4,4,10,9,1610612738,BOS,Boston Celtics,1610612742,DAL,Dallas Mavericks
0021500169,2015-11-18,2015-16,regular_season,home,False,1610612737,ATL,Hawks,Bench,148:31,27,Atlanta,hawks,9,22,0.409,1,9,0.111,8,11,0.727,5,13,18,10,5,1,4,6,1610612737,ATL,Atlanta Hawks,1610612758,SAC,Sacramento Kings
0021500169,2015-11-18,2015-16,regular_season,home,False,1610612737,ATL,Hawks,Starters,148:31,76,Atlanta,hawks,29,67,0.433,8,21,0.381,10,13,0.769,7,20,27,13,4,5,7,9,1610612737,ATL,Atlanta Hawks,1610612758,SAC,Sacramento Kings
0021500169,2015-11-18,2015-16,regular_season,road,False,1610612758,SAC,Kings,Bench,128:42,36,Sacramento,kings,16,36,0.444,1,7,0.143,3,3,1.0,4,16,20,9,3,0,7,11,1610612737,ATL,Atlanta Hawks,1610612758,SAC,Sacramento Kings
0021500169,2015-11-18,2015-16,regular_season,road,False,1610612758,SAC,Kings,Starters,128:42,61,Sacramento,kings,22,50,0.44,4,9,0.444,13,15,0.867,9,23,32,17,4,1,13,11,1610612737,ATL,Atlanta Hawks,1610612758,SAC,Sacramento Kings
0021500170,2015-11-18,2015-16,regular_season,home,False,1610612745,HOU,Rockets,Bench,183:51,25,Houston,rockets,9,32,0.281,4,13,0.308,3,4,0.75,3,7,10,2,3,1,3,4,1610612745,HOU,Houston Rockets,1610612757,POR,Portland Trail Blazers
0021500170,2015-11-18,2015-16,regular_season,home,False,1610612745,HOU,Rockets,Starters,183:51,83,Houston,rockets,23,60,0.383,10,31,0.323,27,31,0.871,10,31,41,20,8,5,14,16,1610612745,HOU,Houston Rockets,1610612757,POR,Portland Trail Blazers
0021500170,2015-11-18,2015-16,regular_season,road,False,1610612757,POR,Trail Blazers,Bench,164:07,32,Portland,blazers,12,27,0.444,5,11,0.455,3,6,0.5,4,13,17,6,5,0,6,11,1610612745,HOU,Houston Rockets,1610612757,POR,Portland Trail Blazers
0021500170,2015-11-18,2015-16,regular_season,road,False,1610612757,POR,Trail Blazers,Starters,164:07,71,Portland,blazers,23,61,0.377,4,19,0.211,21,23,0.913,6,25,31,12,6,7,13,16,1610612745,HOU,Houston Rockets,1610612757,POR,Portland Trail Blazers
0021500171,2015-11-18,2015-16,regular_season,home,False,1610612760,OKC,Thunder,Bench,123:47,44,Oklahoma City,thunder,16,34,0.471,3,5,0.6,9,14,0.643,6,18,24,9,3,1,8,8,1610612760,OKC,Oklahoma City Thunder,1610612740,NOP,New Orleans Pelicans
0021500171,2015-11-18,2015-16,regular_season,home,False,1610612760,OKC,Thunder,Starters,123:47,66,Oklahoma City,thunder,22,51,0.431,4,12,0.333,18,26,0.692,10,16,26,10,3,3,6,8,1610612760,OKC,Oklahoma City Thunder,1610612740,NOP,New Orleans Pelicans
0021500171,2015-11-18,2015-16,regular_season,road,False,1610612740,NOP,Pelicans,Bench,168:01,22,New Orleans,pelicans,9,20,0.45,2,9,0.222,2,2,1.0,2,10,12,6,2,1,4,11,1610612760,OKC,Oklahoma City Thunder,1610612740,NOP,New Orleans Pelicans
0021500171,2015-11-18,2015-16,regular_season,road,False,1610612740,NOP,Pelicans,Starters,168:01,81,New Orleans,pelicans,34,75,0.453,6,23,0.261,7,7,1.0,8,20,28,15,6,3,7,14,1610612760,OKC,Oklahoma City Thunder,1610612740,NOP,New Orleans Pelicans
0021500172,2015-11-18,2015-16,regular_season,home,False,1610612759,SAS,Spurs,Bench,156:23,33,San Antonio,spurs,14,28,0.5,4,8,0.5,1,3,0.333,0,14,14,10,2,3,4,4,1610612759,SAS,San Antonio Spurs,1610612743,DEN,Denver Nuggets
0021500172,2015-11-18,2015-16,regular_season,home,False,1610612759,SAS,Spurs,Starters,156:23,76,San Antonio,spurs,28,58,0.483,5,10,0.5,15,17,0.882,10,26,36,23,3,10,6,9,1610612759,SAS,San Antonio Spurs,1610612743,DEN,Denver Nuggets
0021500172,2015-11-18,2015-16,regular_season,road,False,1610612743,DEN,Nuggets,Bench,129:42,48,Denver,nuggets,19,45,0.422,3,10,0.3,7,8,0.875,9,14,23,10,3,4,4,9,1610612759,SAS,San Antonio Spurs,1610612743,DEN,Denver Nuggets
0021500172,2015-11-18,2015-16,regular_season,road,False,1610612743,DEN,Nuggets,Starters,129:42,50,Denver,nuggets,19,53,0.358,2,5,0.4,10,10,1.0,8,19,27,15,4,1,2,8,1610612759,SAS,San Antonio Spurs,1610612743,DEN,Denver Nuggets
0021500173,2015-11-18,2015-16,regular_season,home,False,1610612762,UTA,Jazz,Bench,157:46,29,Utah,jazz,11,29,0.379,3,12,0.25,4,6,0.667,3,9,12,6,5,2,7,10,1610612762,UTA,Utah Jazz,1610612761,TOR,Toronto Raptors
0021500173,2015-11-18,2015-16,regular_season,home,False,1610612762,UTA,Jazz,Starters,157:46,64,Utah,jazz,24,43,0.558,4,10,0.4,12,16,0.75,4,25,29,9,4,3,10,10,1610612762,UTA,Utah Jazz,1610612761,TOR,Toronto Raptors
0021500173,2015-11-18,2015-16,regular_season,road,False,1610612761,TOR,Raptors,Bench,168:52,15,Toronto,raptors,5,15,0.333,0,4,0.0,5,6,0.833,3,8,11,1,3,1,5,3,1610612762,UTA,Utah Jazz,1610612761,TOR,Toronto Raptors
0021500173,2015-11-18,2015-16,regular_season,road,False,1610612761,TOR,Raptors,Starters,168:52,74,Toronto,raptors,29,65,0.446,5,16,0.313,11,12,0.917,6,20,26,13,7,3,9,14,1610612762,UTA,Utah Jazz,1610612761,TOR,Toronto Raptors
0021500174,2015-11-18,2015-16,regular_season,home,False,1610612756,PHX,Suns,Bench,170:58,21,Phoenix,suns,8,18,0.444,4,11,0.364,1,5,0.2,3,10,13,4,4,3,0,6,1610612756,PHX,Phoenix Suns,1610612741,CHI,Chicago Bulls
0021500174,2015-11-18,2015-16,regular_season,home,False,1610612756,PHX,Suns,Starters,170:58,76,Phoenix,suns,29,73,0.397,4,16,0.25,14,16,0.875,11,19,30,12,8,1,12,8,1610612756,PHX,Phoenix Suns,1610612741,CHI,Chicago Bulls
0021500174,2015-11-18,2015-16,regular_season,road,False,1610612741,CHI,Bulls,Bench,134:10,30,Chicago,bulls,13,25,0.52,2,4,0.5,2,2,1.0,5,20,25,10,1,1,10,11,1610612756,PHX,Phoenix Suns,1610612741,CHI,Chicago Bulls
0021500174,2015-11-18,2015-16,regular_season,road,False,1610612741,CHI,Bulls,Starters,134:10,73,Chicago,bulls,28,58,0.483,7,15,0.467,10,12,0.833,6,16,22,14,6,1,9,6,1610612756,PHX,Phoenix Suns,1610612741,CHI,Chicago Bulls
0021500175,2015-11-19,2015-16,regular_season,home,False,1610612748,MIA,Heat,Bench,146:52,40,Miami,heat,15,29,0.517,4,12,0.333,6,8,0.75,6,9,15,8,5,0,6,8,1610612748,MIA,Miami Heat,1610612758,SAC,Sacramento Kings
0021500175,2015-11-19,2015-16,regular_season,home,False,1610612748,MIA,Heat,Starters,146:52,76,Miami,heat,27,60,0.45,3,12,0.25,19,25,0.76,6,20,26,17,6,7,1,7,1610612748,MIA,Miami Heat,1610612758,SAC,Sacramento Kings
0021500175,2015-11-19,2015-16,regular_season,road,False,1610612758,SAC,Kings,Bench,160:26,43,Sacramento,kings,14,27,0.519,5,12,0.417,10,12,0.833,3,4,7,2,0,2,5,10,1610612748,MIA,Miami Heat,1610612758,SAC,Sacramento Kings
0021500175,2015-11-19,2015-16,regular_season,road,False,1610612758,SAC,Kings,Starters,160:26,66,Sacramento,kings,29,57,0.509,7,11,0.636,1,8,0.125,6,29,35,23,3,1,13,17,1610612748,MIA,Miami Heat,1610612758,SAC,Sacramento Kings
0021500176,2015-11-19,2015-16,regular_season,home,False,1610612739,CLE,Cavaliers,Bench,158:32,39,Cleveland,cavaliers,14,23,0.609,2,6,0.333,9,13,0.692,5,11,16,8,2,1,5,11,1610612739,CLE,Cleveland Cavaliers,1610612749,MIL,Milwaukee Bucks
0021500176,2015-11-19,2015-16,regular_season,home,False,1610612739,CLE,Cavaliers,Starters,158:32,76,Cleveland,cavaliers,26,48,0.542,9,18,0.5,15,17,0.882,8,19,27,21,1,1,12,13,1610612739,CLE,Cleveland Cavaliers,1610612749,MIL,Milwaukee Bucks
0021500176,2015-11-19,2015-16,regular_season,road,False,1610612749,MIL,Bucks,Bench,162:39,12,Milwaukee,bucks,5,13,0.385,2,5,0.4,0,0,0.0,0,4,4,9,3,1,4,12,1610612739,CLE,Cleveland Cavaliers,1610612749,MIL,Milwaukee Bucks
0021500176,2015-11-19,2015-16,regular_season,road,False,1610612749,MIL,Bucks,Starters,162:39,88,Milwaukee,bucks,33,60,0.55,1,3,0.333,21,26,0.808,6,12,18,13,5,1,7,17,1610612739,CLE,Cleveland Cavaliers,1610612749,MIL,Milwaukee Bucks
0021500177,2015-11-19,2015-16,regular_season,home,False,1610612746,LAC,Clippers,Bench,179:15,25,LA,clippers,10,20,0.5,4,7,0.571,1,4,0.25,2,5,7,4,5,1,1,7,1610612746,LAC,LA Clippers,1610612744,GSW,Golden State Warriors
0021500177,2015-11-19,2015-16,regular_season,home,False,1610612746,LAC,Clippers,Starters,179:15,92,LA,clippers,34,68,0.5,9,22,0.409,15,20,0.75,7,21,28,17,6,1,9,18,1610612746,LAC,LA Clippers,1610612744,GSW,Golden State Warriors
0021500177,2015-11-19,2015-16,regular_season,road,False,1610612744,GSW,Warriors,Bench,161:18,17,Golden State,warriors,4,12,0.333,2,3,0.667,7,10,0.7,5,11,16,13,0,3,6,9,1610612746,LAC,LA Clippers,1610612744,GSW,Golden State Warriors
0021500177,2015-11-19,2015-16,regular_season,road,False,1610612744,GSW,Warriors,Starters,161:18,107,Golden State,warriors,34,61,0.557,15,27,0.556,24,26,0.923,3,25,28,18,4,1,13,11,1610612746,LAC,LA Clippers,1610612744,GSW,Golden State Warriors
0021500178,2015-11-20,2015-16,regular_season,home,False,1610612766,CHA,Hornets,Bench,155:11,33,Charlotte,hornets,12,26,0.462,4,10,0.4,5,5,1.0,0,13,13,11,2,2,3,10,1610612766,CHA,Charlotte Hornets,1610612755,PHI,Philadelphia 76ers
0021500178,2015-11-20,2015-16,regular_season,home,False,1610612766,CHA,Hornets,Starters,155:11,80,Charlotte,hornets,28,55,0.509,8,15,0.533,16,17,0.941,5,23,28,14,5,8,8,11,1610612766,CHA,Charlotte Hornets,1610612755,PHI,Philadelphia 76ers
0021500178,2015-11-20,2015-16,regular_season,road,False,1610612755,PHI,76ers,Bench,136:14,37,Philadelphia,sixers,14,31,0.452,4,11,0.364,5,8,0.625,2,16,18,6,2,3,8,7,1610612766,CHA,Charlotte Hornets,1610612755,PHI,Philadelphia 76ers
0021500178,2015-11-20,2015-16,regular_season,road,False,1610612755,PHI,76ers,Starters,136:14,51,Philadelphia,sixers,18,48,0.375,4,15,0.267,11,14,0.786,7,17,24,15,3,3,9,11,1610612766,CHA,Charlotte Hornets,1610612755,PHI,Philadelphia 76ers
0021500179,2015-11-20,2015-16,regular_season,home,False,1610612738,BOS,Celtics,Bench,116:53,60,Boston,celtics,27,43,0.628,2,10,0.2,4,5,0.8,5,22,27,17,4,2,9,11,1610612738,BOS,Boston Celtics,1610612751,BKN,Brooklyn Nets
0021500179,2015-11-20,2015-16,regular_season,home,False,1610612738,BOS,Celtics,Starters,116:53,60,Boston,celtics,24,44,0.545,8,19,0.421,4,5,0.8,2,12,14,22,6,2,7,8,1610612738,BOS,Boston Celtics,1610612751,BKN,Brooklyn Nets
0021500179,2015-11-20,2015-16,regular_season,road,False,1610612751,BKN,Nets,Bench,129:21,40,Brooklyn,nets,14,38,0.368,5,10,0.5,7,11,0.636,5,7,12,6,5,0,5,8,1610612738,BOS,Boston Celtics,1610612751,BKN,Brooklyn Nets
0021500179,2015-11-20,2015-16,regular_season,road,False,1610612751,BKN,Nets,Starters,129:21,55,Brooklyn,nets,21,51,0.412,3,9,0.333,10,13,0.769,9,23,32,11,5,0,14,5,1610612738,BOS,Boston Celtics,1610612751,BKN,Brooklyn Nets
0021500180,2015-11-20,2015-16,regular_season,home,False,1610612763,MEM,Grizzlies,Bench,137:30,34,Memphis,grizzlies,12,32,0.375,3,13,0.231,7,8,0.875,3,16,19,6,6,3,3,13,1610612763,MEM,Memphis Grizzlies,1610612745,HOU,Houston Rockets
0021500180,2015-11-20,2015-16,regular_season,home,False,1610612763,MEM,Grizzlies,Starters,137:30,62,Memphis,grizzlies,24,53,0.453,5,11,0.455,9,11,0.818,5,23,28,20,10,1,8,17,1610612763,MEM,Memphis Grizzlies,1610612745,HOU,Houston Rockets
0021500180,2015-11-20,2015-16,regular_season,road,False,1610612745,HOU,Rockets,Bench,156:30,19,Houston,rockets,5,27,0.185,2,12,0.167,7,12,0.583,4,13,17,4,5,3,7,8,1610612763,MEM,Memphis Grizzlies,1610612745,HOU,Houston Rockets
0021500180,2015-11-20,2015-16,regular_season,road,False,1610612745,HOU,Rockets,Starters,156:30,65,Houston,rockets,23,47,0.489,4,17,0.235,15,25,0.6,5,27,32,11,6,6,16,15,1610612763,MEM,Memphis Grizzlies,1610612745,HOU,Houston Rockets
0021500181,2015-11-20,2015-16,regular_season,home,False,1610612750,MIN,Timberwolves,Bench,129:21,35,Minnesota,timberwolves,13,35,0.371,2,6,0.333,7,8,0.875,4,17,21,3,2,1,9,8,1610612750,MIN,Minnesota Timberwolves,1610612765,DET,Detroit Pistons
0021500181,2015-11-20,2015-16,regular_season,home,False,1610612750,MIN,Timberwolves,Starters,129:21,51,Minnesota,timberwolves,20,42,0.476,1,7,0.143,10,17,0.588,2,17,19,14,5,3,8,11,1610612750,MIN,Minnesota Timberwolves,1610612765,DET,Detroit Pistons
0021500181,2015-11-20,2015-16,regular_season,road,False,1610612765,DET,Pistons,Bench,150:03,27,Detroit,pistons,10,30,0.333,3,14,0.214,4,5,0.8,5,11,16,4,4,2,6,8,1610612750,MIN,Minnesota Timberwolves,1610612765,DET,Detroit Pistons
0021500181,2015-11-20,2015-16,regular_season,road,False,1610612765,DET,Pistons,Starters,150:03,69,Detroit,pistons,30,57,0.526,3,14,0.214,6,8,0.75,3,26,29,9,7,3,8,15,1610612750,MIN,Minnesota Timberwolves,1610612765,DET,Detroit Pistons
0021500182,2015-11-20,2015-16,regular_season,home,False,1610612740,NOP,Pelicans,Bench,127:42,59,New Orleans,pelicans,23,44,0.523,7,16,0.438,6,6,1.0,4,19,23,14,0,0,5,7,1610612740,NOP,New Orleans Pelicans,1610612759,SAS,San Antonio Spurs
0021500182,2015-11-20,2015-16,regular_season,home,False,1610612740,NOP,Pelicans,Starters,127:42,45,New Orleans,pelicans,17,44,0.386,1,6,0.167,10,11,0.909,3,27,30,12,3,3,4,10,1610612740,NOP,New Orleans Pelicans,1610612759,SAS,San Antonio Spurs
0021500182,2015-11-20,2015-16,regular_season,road,False,1610612759,SAS,Spurs,Bench,152:02,26,San Antonio,spurs,10,22,0.455,4,7,0.571,2,4,0.5,2,12,14,8,2,4,6,7,1610612740,NOP,New Orleans Pelicans,1610612759,SAS,San Antonio Spurs
0021500182,2015-11-20,2015-16,regular_season,road,False,1610612759,SAS,Spurs,Starters,152:02,64,San Antonio,spurs,24,62,0.387,5,10,0.5,11,12,0.917,3,26,29,14,3,4,2,10,1610612740,NOP,New Orleans Pelicans,1610612759,SAS,San Antonio Spurs
0021500183,2015-11-20,2015-16,regular_season,home,False,1610612760,OKC,Thunder,Bench,144:48,26,Oklahoma City,thunder,12,26,0.462,1,8,0.125,1,4,0.25,10,15,25,2,2,1,6,7,1610612760,OKC,Oklahoma City Thunder,1610612752,NYK,New York Knicks
0021500183,2015-11-20,2015-16,regular_season,home,False,1610612760,OKC,Thunder,Starters,144:48,64,Oklahoma City,thunder,23,66,0.348,2,21,0.095,16,19,0.842,11,13,24,10,7,3,8,12,1610612760,OKC,Oklahoma City Thunder,1610612752,NYK,New York Knicks
0021500183,2015-11-20,2015-16,regular_season,road,False,1610612752,NYK,Knicks,Bench,152:38,30,New York,knicks,11,26,0.423,6,10,0.6,2,6,0.333,2,10,12,10,6,0,4,10,1610612760,OKC,Oklahoma City Thunder,1610612752,NYK,New York Knicks
0021500183,2015-11-20,2015-16,regular_season,road,False,1610612752,NYK,Knicks,Starters,152:38,63,New York,knicks,22,46,0.478,6,10,0.6,13,17,0.765,4,20,24,13,4,5,16,10,1610612760,OKC,Oklahoma City Thunder,1610612752,NYK,New York Knicks
0021500184,2015-11-20,2015-16,regular_season,home,False,1610612742,DAL,Mavericks,Bench,160:48,29,Dallas,mavericks,11,27,0.407,0,6,0.0,7,7,1.0,4,5,9,7,4,1,1,6,1610612742,DAL,Dallas Mavericks,1610612762,UTA,Utah Jazz
0021500184,2015-11-20,2015-16,regular_season,home,False,1610612742,DAL,Mavericks,Starters,160:48,73,Dallas,mavericks,28,56,0.5,8,22,0.364,9,10,0.9,4,21,25,17,6,4,7,13,1610612742,DAL,Dallas Mavericks,1610612762,UTA,Utah Jazz
0021500184,2015-11-20,2015-16,regular_season,road,False,1610612762,UTA,Jazz,Bench,161:16,24,Utah,jazz,8,27,0.296,2,8,0.25,6,6,1.0,5,14,19,2,0,1,5,12,1610612742,DAL,Dallas Mavericks,1610612762,UTA,Utah Jazz
0021500184,2015-11-20,2015-16,regular_season,road,False,1610612762,UTA,Jazz,Starters,161:16,69,Utah,jazz,27,53,0.509,4,12,0.333,11,15,0.733,13,16,29,12,4,1,12,12,1610612742,DAL,Dallas Mavericks,1610612762,UTA,Utah Jazz
0021500185,2015-11-20,2015-16,regular_season,home,False,1610612743,DEN,Nuggets,Bench,138:23,36,Denver,nuggets,15,37,0.405,1,10,0.1,5,5,1.0,5,7,12,13,3,1,0,10,1610612743,DEN,Denver Nuggets,1610612756,PHX,Phoenix Suns
0021500185,2015-11-20,2015-16,regular_season,home,False,1610612743,DEN,Nuggets,Starters,138:23,71,Denver,nuggets,26,53,0.491,4,14,0.286,15,21,0.714,9,17,26,11,5,3,11,12,1610612743,DEN,Denver Nuggets,1610612756,PHX,Phoenix Suns
0021500185,2015-11-20,2015-16,regular_season,road,False,1610612756,PHX,Suns,Bench,137:39,37,Phoenix,suns,14,26,0.538,7,13,0.538,2,4,0.5,3,14,17,9,2,4,4,15,1610612743,DEN,Denver Nuggets,1610612756,PHX,Phoenix Suns
0021500185,2015-11-20,2015-16,regular_season,road,False,1610612756,PHX,Suns,Starters,137:39,77,Phoenix,suns,26,53,0.491,8,14,0.571,17,21,0.81,7,18,25,13,5,3,15,11,1610612743,DEN,Denver Nuggets,1610612756,PHX,Phoenix Suns
0021500186,2015-11-20,2015-16,regular_season,home,False,1610612757,POR,Trail Blazers,Bench,151:05,25,Portland,blazers,10,24,0.417,1,5,0.2,4,6,0.667,11,13,24,4,1,1,5,8,1610612757,POR,Portland Trail Blazers,1610612746,LAC,LA Clippers
0021500186,2015-11-20,2015-16,regular_season,home,False,1610612757,POR,Trail Blazers,Starters,151:05,77,Portland,blazers,28,66,0.424,7,20,0.35,14,18,0.778,6,25,31,12,7,2,9,9,1610612757,POR,Portland Trail Blazers,1610612746,LAC,LA Clippers
0021500186,2015-11-20,2015-16,regular_season,road,False,1610612746,LAC,Clippers,Bench,141:23,38,LA,clippers,15,34,0.441,5,14,0.357,3,3,1.0,4,13,17,5,3,2,6,9,1610612757,POR,Portland Trail Blazers,1610612746,LAC,LA Clippers
0021500186,2015-11-20,2015-16,regular_season,road,False,1610612746,LAC,Clippers,Starters,141:23,53,LA,clippers,23,52,0.442,2,10,0.2,5,13,0.385,6,19,25,19,3,3,7,15,1610612757,POR,Portland Trail Blazers,1610612746,LAC,LA Clippers
0021500187,2015-11-20,2015-16,regular_season,home,False,1610612744,GSW,Warriors,Bench,157:26,32,Golden State,warriors,13,24,0.542,2,6,0.333,4,6,0.667,5,14,19,5,1,2,3,6,1610612744,GSW,Golden State Warriors,1610612741,CHI,Chicago Bulls
0021500187,2015-11-20,2015-16,regular_season,home,False,1610612744,GSW,Warriors,Starters,157:26,74,Golden State,warriors,26,55,0.473,8,23,0.348,14,18,0.778,6,24,30,15,6,4,12,9,1610612744,GSW,Golden State Warriors,1610612741,CHI,Chicago Bulls
0021500187,2015-11-20,2015-16,regular_season,road,False,1610612741,CHI,Bulls,Bench,164:13,15,Chicago,bulls,5,20,0.25,2,6,0.333,3,6,0.5,6,3,9,2,4,1,6,5,1610612744,GSW,Golden State Warriors,1610612741,CHI,Chicago Bulls
0021500187,2015-11-20,2015-16,regular_season,road,False,1610612741,CHI,Bulls,Starters,164:13,79,Chicago,bulls,30,68,0.441,5,16,0.313,14,17,0.824,9,25,34,20,7,1,6,14,1610612744,GSW,Golden State Warriors,1610612741,CHI,Chicago Bulls
0021500188,2015-11-20,2015-16,regular_season,home,False,1610612747,LAL,Lakers,Bench,159:18,25,Los Angeles,lakers,8,21,0.381,4,10,0.4,5,9,0.556,4,4,8,7,3,1,4,4,1610612747,LAL,Los Angeles Lakers,1610612761,TOR,Toronto Raptors
0021500188,2015-11-20,2015-16,regular_season,home,False,1610612747,LAL,Lakers,Starters,159:18,66,Los Angeles,lakers,27,56,0.482,4,15,0.267,8,8,1.0,5,28,33,14,5,3,11,14,1610612747,LAL,Los Angeles Lakers,1610612761,TOR,Toronto Raptors
0021500188,2015-11-20,2015-16,regular_season,road,False,1610612761,TOR,Raptors,Bench,146:19,32,Toronto,raptors,11,24,0.458,4,11,0.364,6,8,0.75,6,11,17,9,1,2,3,6,1610612747,LAL,Los Angeles Lakers,1610612761,TOR,Toronto Raptors
0021500188,2015-11-20,2015-16,regular_season,road,False,1610612761,TOR,Raptors,Starters,146:19,70,Toronto,raptors,23,54,0.426,11,22,0.5,13,16,0.813,6,18,24,12,6,1,9,9,1610612747,LAL,Los Angeles Lakers,1610612761,TOR,Toronto Raptors
0021500189,2015-11-21,2015-16,regular_season,home,False,1610612753,ORL,Magic,Bench,160:28,21,Orlando,magic,9,23,0.391,3,9,0.333,0,0,0.0,6,14,20,7,1,4,4,14,1610612753,ORL,Orlando Magic,1610612758,SAC,Sacramento Kings
0021500189,2015-11-21,2015-16,regular_season,home,False,1610612753,ORL,Magic,Starters,160:28,70,Orlando,magic,29,69,0.42,6,22,0.273,6,8,0.75,9,21,30,20,7,3,13,12,1610612753,ORL,Orlando Magic,1610612758,SAC,Sacramento Kings
0021500189,2015-11-21,2015-16,regular_season,road,False,1610612758,SAC,Kings,Bench,160:42,36,Sacramento,kings,12,25,0.48,3,8,0.375,9,10,0.9,5,13,18,5,2,0,1,6,1610612753,ORL,Orlando Magic,1610612758,SAC,Sacramento Kings
0021500189,2015-11-21,2015-16,regular_season,road,False,1610612758,SAC,Kings,Starters,160:42,61,Sacramento,kings,19,56,0.339,4,12,0.333,19,21,0.905,5,24,29,18,9,5,13,10,1610612753,ORL,Orlando Magic,1610612758,SAC,Sacramento Kings
0021500190,2015-11-21,2015-16,regular_season,home,False,1610612754,IND,Pacers,Bench,135:47,53,Indiana,pacers,22,34,0.647,5,7,0.714,4,8,0.5,6,15,21,11,6,3,4,3,1610612754,IND,Indiana Pacers,1610612749,MIL,Milwaukee Bucks
0021500190,2015-11-21,2015-16,regular_season,home,False,1610612754,IND,Pacers,Starters,135:47,70,Indiana,pacers,25,57,0.439,10,23,0.435,10,15,0.667,5,16,21,17,9,2,10,10,1610612754,IND,Indiana Pacers,1610612749,MIL,Milwaukee Bucks
0021500190,2015-11-21,2015-16,regular_season,road,False,1610612749,MIL,Bucks,Bench,127:38,41,Milwaukee,bucks,17,37,0.459,4,13,0.308,3,4,0.75,3,12,15,9,2,0,10,9,1610612754,IND,Indiana Pacers,1610612749,MIL,Milwaukee Bucks
0021500190,2015-11-21,2015-16,regular_season,road,False,1610612749,MIL,Bucks,Starters,127:38,45,Milwaukee,bucks,17,42,0.405,1,4,0.25,10,15,0.667,10,18,28,10,7,5,13,10,1610612754,IND,Indiana Pacers,1610612749,MIL,Milwaukee Bucks
0021500191,2015-11-21,2015-16,regular_season,home,False,1610612739,CLE,Cavaliers,Bench,170:35,29,Cleveland,cavaliers,11,22,0.5,3,7,0.429,4,5,0.8,0,9,9,4,2,2,4,7,1610612739,CLE,Cleveland Cavaliers,1610612737,ATL,Atlanta Hawks
0021500191,2015-11-21,2015-16,regular_season,home,False,1610612739,CLE,Cavaliers,Starters,170:35,80,Cleveland,cavaliers,30,63,0.476,8,22,0.364,12,14,0.857,11,31,42,23,2,6,10,15,1610612739,CLE,Cleveland Cavaliers,1610612737,ATL,Atlanta Hawks
0021500191,2015-11-21,2015-16,regular_season,road,False,1610612737,ATL,Hawks,Bench,139:12,39,Atlanta,hawks,12,31,0.387,5,10,0.5,10,11,0.909,1,8,9,10,3,1,2,8,1610612739,CLE,Cleveland Cavaliers,1610612737,ATL,Atlanta Hawks
0021500191,2015-11-21,2015-16,regular_season,road,False,1610612737,ATL,Hawks,Starters,139:12,58,Atlanta,hawks,20,55,0.364,6,18,0.333,12,14,0.857,11,18,29,12,7,3,10,12,1610612739,CLE,Cleveland Cavaliers,1610612737,ATL,Atlanta Hawks
0021500192,2015-11-21,2015-16,regular_season,home,False,1610612765,DET,Pistons,Bench,175:23,15,Detroit,pistons,6,20,0.3,0,5,0.0,3,5,0.6,3,4,7,3,0,0,3,8,1610612765,DET,Detroit Pistons,1610612764,WAS,Washington Wizards
0021500192,2015-11-21,2015-16,regular_season,home,False,1610612765,DET,Pistons,Starters,175:23,80,Detroit,pistons,30,59,0.508,8,21,0.381,12,16,0.75,5,26,31,17,3,2,10,9,1610612765,DET,Detroit Pistons,1610612764,WAS,Washington Wizards
0021500192,2015-11-21,2015-16,regular_season,road,False,1610612764,WAS,Wizards,Bench,129:10,51,Washington,wizards,18,29,0.621,5,10,0.5,10,13,0.769,1,20,21,13,5,0,4,12,1610612765,DET,Detroit Pistons,1610612764,WAS,Washington Wizards
0021500192,2015-11-21,2015-16,regular_season,road,False,1610612764,WAS,Wizards,Starters,129:10,46,Washington,wizards,20,49,0.408,2,9,0.222,4,7,0.571,8,13,21,9,5,0,7,7,1610612765,DET,Detroit Pistons,1610612764,WAS,Washington Wizards
0021500193,2015-11-21,2015-16,regular_season,home,False,1610612748,MIA,Heat,Bench,152:07,26,Miami,heat,8,20,0.4,1,7,0.143,9,14,0.643,1,8,9,3,1,2,6,8,1610612748,MIA,Miami Heat,1610612755,PHI,Philadelphia 76ers
0021500193,2015-11-21,2015-16,regular_season,home,False,1610612748,MIA,Heat,Starters,152:07,70,Miami,heat,22,49,0.449,4,11,0.364,22,31,0.71,8,28,36,13,6,12,10,11,1610612748,MIA,Miami Heat,1610612755,PHI,Philadelphia 76ers
0021500193,2015-11-21,2015-16,regular_season,road,False,1610612755,PHI,76ers,Bench,148:57,47,Philadelphia,sixers,13,32,0.406,8,21,0.381,13,14,0.929,1,11,12,3,3,2,5,15,1610612748,MIA,Miami Heat,1610612755,PHI,Philadelphia 76ers
0021500193,2015-11-21,2015-16,regular_season,road,False,1610612755,PHI,76ers,Starters,148:57,44,Philadelphia,sixers,18,50,0.36,2,10,0.2,6,10,0.6,9,22,31,13,4,6,11,15,1610612748,MIA,Miami Heat,1610612755,PHI,Philadelphia 76ers
0021500194,2015-11-21,2015-16,regular_season,home,False,1610612745,HOU,Rockets,Bench,173:03,23,Houston,rockets,8,19,0.421,4,10,0.4,3,4,0.75,3,4,7,3,0,2,5,6,1610612745,HOU,Houston Rockets,1610612752,NYK,New York Knicks
0021500194,2015-11-21,2015-16,regular_season,home,False,1610612745,HOU,Rockets,Starters,173:03,79,Houston,rockets,27,62,0.435,8,18,0.444,17,24,0.708,13,22,35,15,6,2,7,20,1610612745,HOU,Houston Rockets,1610612752,NYK,New York Knicks
0021500194,2015-11-21,2015-16,regular_season,road,False,1610612752,NYK,Knicks,Bench,153:36,34,New York,knicks,9,30,0.3,2,8,0.25,14,17,0.824,7,6,13,6,3,1,3,11,1610612745,HOU,Houston Rockets,1610612752,NYK,New York Knicks
0021500194,2015-11-21,2015-16,regular_season,road,False,1610612752,NYK,Knicks,Starters,153:36,73,New York,knicks,25,50,0.5,10,17,0.588,13,17,0.765,12,20,32,14,1,7,8,11,1610612745,HOU,Houston Rockets,1610612752,NYK,New York Knicks
0021500195,2015-11-21,2015-16,regular_season,home,False,1610612759,SAS,Spurs,Bench,160:57,28,San Antonio,spurs,11,24,0.458,3,8,0.375,3,4,0.75,3,11,14,7,1,1,5,5,1610612759,SAS,San Antonio Spurs,1610612763,MEM,Memphis Grizzlies
0021500195,2015-11-21,2015-16,regular_season,home,False,1610612759,SAS,Spurs,Starters,160:57,64,San Antonio,spurs,23,48,0.479,4,13,0.308,14,18,0.778,4,22,26,13,6,5,12,15,1610612759,SAS,San Antonio Spurs,1610612763,MEM,Memphis Grizzlies
0021500195,2015-11-21,2015-16,regular_season,road,False,1610612763,MEM,Grizzlies,Bench,133:28,38,Memphis,grizzlies,15,34,0.441,1,8,0.125,7,7,1.0,1,9,10,6,5,1,7,11,1610612759,SAS,San Antonio Spurs,1610612763,MEM,Memphis Grizzlies
0021500195,2015-11-21,2015-16,regular_season,road,False,1610612763,MEM,Grizzlies,Starters,133:28,44,Memphis,grizzlies,17,40,0.425,0,1,0.0,10,10,1.0,6,19,25,13,8,1,9,12,1610612759,SAS,San Antonio Spurs,1610612763,MEM,Memphis Grizzlies
0021500196,2015-11-22,2015-16,regular_season,home,False,1610612746,LAC,Clippers,Bench,149:35,26,LA,clippers,9,27,0.333,2,17,0.118,6,7,0.857,4,7,11,5,4,4,5,14,1610612746,LAC,LA Clippers,1610612761,TOR,Toronto Raptors
0021500196,2015-11-22,2015-16,regular_season,home,False,1610612746,LAC,Clippers,Starters,149:35,54,LA,clippers,20,47,0.426,5,15,0.333,9,13,0.692,8,23,31,16,5,5,14,16,1610612746,LAC,LA Clippers,1610612761,TOR,Toronto Raptors
0021500196,2015-11-22,2015-16,regular_season,road,False,1610612761,TOR,Raptors,Bench,178:42,10,Toronto,raptors,4,17,0.235,0,5,0.0,2,2,1.0,4,6,10,1,1,0,2,2,1610612746,LAC,LA Clippers,1610612761,TOR,Toronto Raptors
0021500196,2015-11-22,2015-16,regular_season,road,False,1610612761,TOR,Raptors,Starters,178:42,81,Toronto,raptors,25,61,0.41,4,12,0.333,27,29,0.931,10,26,36,14,7,0,12,17,1610612746,LAC,LA Clippers,1610612761,TOR,Toronto Raptors
0021500197,2015-11-22,2015-16,regular_season,home,False,1610612751,BKN,Nets,Bench,162:27,29,Brooklyn,nets,12,27,0.444,2,8,0.25,3,3,1.0,3,9,12,5,2,3,5,3,1610612751,BKN,Brooklyn Nets,1610612738,BOS,Boston Celtics
0021500197,2015-11-22,2015-16,regular_season,home,False,1610612751,BKN,Nets,Starters,162:27,82,Brooklyn,nets,28,52,0.538,3,7,0.429,23,30,0.767,11,26,37,13,9,1,9,17,1610612751,BKN,Brooklyn Nets,1610612738,BOS,Boston Celtics
0021500197,2015-11-22,2015-16,regular_season,road,False,1610612738,BOS,Celtics,Bench,144:11,31,Boston,celtics,12,28,0.429,3,9,0.333,4,6,0.667,5,12,17,6,5,1,7,11,1610612751,BKN,Brooklyn Nets,1610612738,BOS,Boston Celtics
0021500197,2015-11-22,2015-16,regular_season,road,False,1610612738,BOS,Celtics,Starters,144:11,70,Boston,celtics,23,54,0.426,11,28,0.393,13,15,0.867,5,13,18,13,4,1,10,17,1610612751,BKN,Brooklyn Nets,1610612738,BOS,Boston Celtics
0021500198,2015-11-22,2015-16,regular_season,home,False,1610612740,NOP,Pelicans,Bench,154:11,52,New Orleans,pelicans,16,35,0.457,5,14,0.357,15,17,0.882,3,12,15,9,4,2,5,11,1610612740,NOP,New Orleans Pelicans,1610612756,PHX,Phoenix Suns
0021500198,2015-11-22,2015-16,regular_season,home,False,1610612740,NOP,Pelicans,Starters,154:11,70,New Orleans,pelicans,23,50,0.46,6,16,0.375,18,23,0.783,7,27,34,14,7,4,9,15,1610612740,NOP,New Orleans Pelicans,1610612756,PHX,Phoenix Suns
0021500198,2015-11-22,2015-16,regular_season,road,False,1610612756,PHX,Suns,Bench,163:22,38,Phoenix,suns,13,29,0.448,8,14,0.571,4,4,1.0,3,7,10,1,1,1,2,6,1610612740,NOP,New Orleans Pelicans,1610612756,PHX,Phoenix Suns
0021500198,2015-11-22,2015-16,regular_season,road,False,1610612756,PHX,Suns,Starters,163:22,78,Phoenix,suns,22,61,0.361,9,22,0.409,25,29,0.862,8,28,36,16,5,3,13,23,1610612740,NOP,New Orleans Pelicans,1610612756,PHX,Phoenix Suns
0021500199,2015-11-22,2015-16,regular_season,home,False,1610612760,OKC,Thunder,Bench,155:23,43,Oklahoma City,thunder,17,31,0.548,3,7,0.429,6,6,1.0,7,10,17,6,1,2,4,9,1610612760,OKC,Oklahoma City Thunder,1610612742,DAL,Dallas Mavericks
0021500199,2015-11-22,2015-16,regular_season,home,False,1610612760,OKC,Thunder,Starters,155:23,74,Oklahoma City,thunder,30,59,0.508,6,15,0.4,8,12,0.667,7,17,24,19,7,4,12,14,1610612760,OKC,Oklahoma City Thunder,1610612742,DAL,Dallas Mavericks
0021500199,2015-11-22,2015-16,regular_season,road,False,1610612742,DAL,Mavericks,Bench,157:19,41,Dallas,mavericks,17,32,0.531,2,5,0.4,5,9,0.556,3,9,12,10,5,0,5,9,1610612760,OKC,Oklahoma City Thunder,1610612742,DAL,Dallas Mavericks
0021500199,2015-11-22,2015-16,regular_season,road,False,1610612742,DAL,Mavericks,Starters,157:19,73,Dallas,mavericks,27,51,0.529,8,14,0.571,11,19,0.579,6,18,24,16,3,4,12,8,1610612760,OKC,Oklahoma City Thunder,1610612742,DAL,Dallas Mavericks
0021500200,2015-11-22,2015-16,regular_season,home,False,1610612743,DEN,Nuggets,Bench,162:30,25,Denver,nuggets,10,19,0.526,0,3,0.0,5,7,0.714,1,10,11,8,3,1,8,5,1610612743,DEN,Denver Nuggets,1610612744,GSW,Golden State Warriors
0021500200,2015-11-22,2015-16,regular_season,home,False,1610612743,DEN,Nuggets,Starters,162:30,80,Denver,nuggets,27,67,0.403,4,12,0.333,22,28,0.786,12,18,30,15,6,2,11,10,1610612743,DEN,Denver Nuggets,1610612744,GSW,Golden State Warriors
0021500200,2015-11-22,2015-16,regular_season,road,False,1610612744,GSW,Warriors,Bench,141:15,40,Golden State,warriors,17,36,0.472,3,7,0.429,3,6,0.5,7,16,23,11,8,3,7,13,1610612743,DEN,Denver Nuggets,1610612744,GSW,Golden State Warriors
0021500200,2015-11-22,2015-16,regular_season,road,False,1610612744,GSW,Warriors,Starters,141:15,78,Golden State,warriors,30,53,0.566,12,22,0.545,6,7,0.857,4,19,23,24,7,5,14,12,1610612743,DEN,Denver Nuggets,1610612744,GSW,Golden State Warriors
0021500201,2015-11-22,2015-16,regular_season,home,False,1610612747,LAL,Lakers,Bench,159:29,23,Los Angeles,lakers,6,20,0.3,1,4,0.25,10,11,0.909,3,10,13,5,1,1,3,6,1610612747,LAL,Los Angeles Lakers,1610612757,POR,Portland Trail Blazers
0021500201,2015-11-22,2015-16,regular_season,home,False,1610612747,LAL,Lakers,Starters,159:29,70,Los Angeles,lakers,26,68,0.382,5,14,0.357,13,16,0.813,12,26,38,12,1,5,7,6,1610612747,LAL,Los Angeles Lakers,1610612757,POR,Portland Trail Blazers
0021500201,2015-11-22,2015-16,regular_season,road,False,1610612757,POR,Trail Blazers,Bench,148:00,31,Portland,blazers,14,29,0.483,1,6,0.167,2,4,0.5,3,10,13,3,2,1,2,12,1610612747,LAL,Los Angeles Lakers,1610612757,POR,Portland Trail Blazers
0021500201,2015-11-22,2015-16,regular_season,road,False,1610612757,POR,Trail Blazers,Starters,148:00,76,Portland,blazers,29,58,0.5,7,19,0.368,11,13,0.846,4,26,30,24,5,7,8,6,1610612747,LAL,Los Angeles Lakers,1610612757,POR,Portland Trail Blazers
0021500202,2015-11-23,2015-16,regular_season,home,False,1610612766,CHA,Hornets,Bench,151:51,46,Charlotte,hornets,18,38,0.474,2,10,0.2,8,11,0.727,4,17,21,7,4,1,7,11,1610612766,CHA,Charlotte Hornets,1610612758,SAC,Sacramento Kings
0021500202,2015-11-23,2015-16,regular_season,home,False,1610612766,CHA,Hornets,Starters,151:51,81,Charlotte,hornets,31,60,0.517,7,19,0.368,12,15,0.8,4,23,27,17,6,6,12,8,1610612766,CHA,Charlotte Hornets,1610612758,SAC,Sacramento Kings
0021500202,2015-11-23,2015-16,regular_season,road,False,1610612758,SAC,Kings,Bench,147:01,40,Sacramento,kings,16,44,0.364,3,15,0.2,5,7,0.714,3,12,15,11,3,3,5,13,1610612766,CHA,Charlotte Hornets,1610612758,SAC,Sacramento Kings
0021500202,2015-11-23,2015-16,regular_season,road,False,1610612758,SAC,Kings,Starters,147:01,82,Sacramento,kings,36,60,0.6,5,16,0.313,5,9,0.556,5,26,31,23,7,5,15,17,1610612766,CHA,Charlotte Hornets,1610612758,SAC,Sacramento Kings
0021500203,2015-11-23,2015-16,regular_season,home,False,1610612739,CLE,Cavaliers,Bench,164:51,18,Cleveland,cavaliers,7,21,0.333,2,8,0.25,2,5,0.4,5,8,13,5,2,1,4,8,1610612739,CLE,Cleveland Cavaliers,1610612753,ORL,Orlando Magic
0021500203,2015-11-23,2015-16,regular_season,home,False,1610612739,CLE,Cavaliers,Starters,164:51,99,Cleveland,cavaliers,36,60,0.6,16,27,0.593,11,17,0.647,3,25,28,29,3,2,6,7,1610612739,CLE,Cleveland Cavaliers,1610612753,ORL,Orlando Magic
0021500203,2015-11-23,2015-16,regular_season,road,False,1610612753,ORL,Magic,Bench,118:23,59,Orlando,magic,21,40,0.525,7,14,0.5,10,17,0.588,6,20,26,11,3,5,5,11,1610612739,CLE,Cleveland Cavaliers,1610612753,ORL,Orlando Magic
0021500203,2015-11-23,2015-16,regular_season,road,False,1610612753,ORL,Magic,Starters,118:23,44,Orlando,magic,19,41,0.463,3,8,0.375,3,4,0.75,3,10,13,14,3,1,5,10,1610612739,CLE,Cleveland Cavaliers,1610612753,ORL,Orlando Magic
0021500204,2015-11-23,2015-16,regular_season,home,False,1610612748,MIA,Heat,Bench,154:51,30,Miami,heat,10,24,0.417,2,8,0.25,8,9,0.889,6,17,23,6,1,2,1,8,1610612748,MIA,Miami Heat,1610612752,NYK,New York Knicks
0021500204,2015-11-23,2015-16,regular_season,home,False,1610612748,MIA,Heat,Starters,154:51,65,Miami,heat,21,57,0.368,3,11,0.273,20,27,0.741,10,23,33,12,7,5,8,11,1610612748,MIA,Miami Heat,1610612752,NYK,New York Knicks
0021500204,2015-11-23,2015-16,regular_season,road,False,1610612752,NYK,Knicks,Bench,172:45,10,New York,knicks,4,27,0.148,0,9,0.0,2,3,0.667,4,9,13,1,1,1,2,13,1610612748,MIA,Miami Heat,1610612752,NYK,New York Knicks
0021500204,2015-11-23,2015-16,regular_season,road,False,1610612752,NYK,Knicks,Starters,172:45,68,New York,knicks,24,60,0.4,4,15,0.267,16,18,0.889,11,25,36,11,6,3,9,10,1610612748,MIA,Miami Heat,1610612752,NYK,New York Knicks
0021500205,2015-11-23,2015-16,regular_season,home,False,1610612749,MIL,Bucks,Bench,134:11,32,Milwaukee,bucks,12,27,0.444,6,10,0.6,2,3,0.667,2,17,19,12,6,1,6,13,1610612749,MIL,Milwaukee Bucks,1610612765,DET,Detroit Pistons
0021500205,2015-11-23,2015-16,regular_season,home,False,1610612749,MIL,Bucks,Starters,134:11,77,Milwaukee,bucks,31,56,0.554,3,3,1.0,12,14,0.857,10,16,26,18,6,3,6,10,1610612749,MIL,Milwaukee Bucks,1610612765,DET,Detroit Pistons
0021500205,2015-11-23,2015-16,regular_season,road,False,1610612765,DET,Pistons,Bench,123:31,45,Detroit,pistons,14,44,0.318,3,15,0.2,14,17,0.824,10,14,24,9,3,1,7,12,1610612749,MIL,Milwaukee Bucks,1610612765,DET,Detroit Pistons
0021500205,2015-11-23,2015-16,regular_season,road,False,1610612765,DET,Pistons,Starters,123:31,43,Detroit,pistons,17,47,0.362,3,13,0.231,6,7,0.857,12,12,24,10,4,2,10,6,1610612749,MIL,Milwaukee Bucks,1610612765,DET,Detroit Pistons
0021500206,2015-11-23,2015-16,regular_season,home,False,1610612750,MIN,Timberwolves,Bench,139:46,35,Minnesota,timberwolves,13,29,0.448,1,4,0.25,8,9,0.889,2,14,16,5,2,3,10,15,1610612750,MIN,Minnesota Timberwolves,1610612755,PHI,Philadelphia 76ers
0021500206,2015-11-23,2015-16,regular_season,home,False,1610612750,MIN,Timberwolves,Starters,139:46,65,Minnesota,timberwolves,23,49,0.469,2,8,0.25,17,18,0.944,6,19,25,15,6,4,7,10,1610612750,MIN,Minnesota Timberwolves,1610612755,PHI,Philadelphia 76ers
0021500206,2015-11-23,2015-16,regular_season,road,False,1610612755,PHI,76ers,Bench,134:29,48,Philadelphia,sixers,15,37,0.405,9,25,0.36,9,12,0.75,3,12,15,5,5,1,7,10,1610612750,MIN,Minnesota Timberwolves,1610612755,PHI,Philadelphia 76ers
0021500206,2015-11-23,2015-16,regular_season,road,False,1610612755,PHI,76ers,Starters,134:29,47,Philadelphia,sixers,17,41,0.415,1,6,0.167,12,15,0.8,8,18,26,10,5,5,12,16,1610612750,MIN,Minnesota Timberwolves,1610612755,PHI,Philadelphia 76ers
0021500207,2015-11-23,2015-16,regular_season,home,False,1610612759,SAS,Spurs,Bench,157:06,24,San Antonio,spurs,10,23,0.435,4,9,0.444,0,2,0.0,3,4,7,3,6,1,9,9,1610612759,SAS,San Antonio Spurs,1610612756,PHX,Phoenix Suns
0021500207,2015-11-23,2015-16,regular_season,home,False,1610612759,SAS,Spurs,Starters,157:06,74,San Antonio,spurs,32,59,0.542,5,11,0.455,5,8,0.625,8,23,31,18,12,2,11,11,1610612759,SAS,San Antonio Spurs,1610612756,PHX,Phoenix Suns
0021500207,2015-11-23,2015-16,regular_season,road,False,1610612756,PHX,Suns,Bench,145:53,33,Phoenix,suns,13,32,0.406,3,8,0.375,4,4,1.0,5,9,14,9,6,3,9,9,1610612759,SAS,San Antonio Spurs,1610612756,PHX,Phoenix Suns
0021500207,2015-11-23,2015-16,regular_season,road,False,1610612756,PHX,Suns,Starters,145:53,51,Phoenix,suns,21,41,0.512,4,11,0.364,5,6,0.833,4,19,23,14,7,0,19,8,1610612759,SAS,San Antonio Spurs,1610612756,PHX,Phoenix Suns
0021500208,2015-11-23,2015-16,regular_season,home,False,1610612762,UTA,Jazz,Bench,128:27,34,Utah,jazz,10,34,0.294,4,13,0.308,10,16,0.625,7,14,21,6,2,1,10,6,1610612762,UTA,Utah Jazz,1610612760,OKC,Oklahoma City Thunder
0021500208,2015-11-23,2015-16,regular_season,home,False,1610612762,UTA,Jazz,Starters,128:27,55,Utah,jazz,18,39,0.462,1,6,0.167,18,24,0.75,6,14,20,9,9,2,11,12,1610612762,UTA,Utah Jazz,1610612760,OKC,Oklahoma City Thunder
0021500208,2015-11-23,2015-16,regular_season,road,False,1610612760,OKC,Thunder,Bench,122:22,44,Oklahoma City,thunder,18,35,0.514,7,13,0.538,1,2,0.5,3,10,13,12,7,2,4,15,1610612762,UTA,Utah Jazz,1610612760,OKC,Oklahoma City Thunder
0021500208,2015-11-23,2015-16,regular_season,road,False,1610612760,OKC,Thunder,Starters,122:22,67,Oklahoma City,thunder,24,42,0.571,4,14,0.286,15,16,0.938,3,20,23,10,5,8,12,16,1610612762,UTA,Utah Jazz,1610612760,OKC,Oklahoma City Thunder
0021500209,2015-11-24,2015-16,regular_season,home,False,1610612764,WAS,Wizards,Bench,122:41,51,Washington,wizards,18,33,0.545,7,16,0.438,8,12,0.667,2,17,19,11,3,0,9,9,1610612764,WAS,Washington Wizards,1610612754,IND,Indiana Pacers
0021500209,2015-11-24,2015-16,regular_season,home,False,1610612764,WAS,Wizards,Starters,122:41,55,Washington,wizards,20,50,0.4,6,17,0.353,9,12,0.75,8,13,21,16,6,1,12,9,1610612764,WAS,Washington Wizards,1610612754,IND,Indiana Pacers
0021500209,2015-11-24,2015-16,regular_season,road,False,1610612754,IND,Pacers,Bench,159:09,20,Indiana,pacers,8,18,0.444,2,3,0.667,2,4,0.5,3,9,12,6,4,0,6,8,1610612764,WAS,Washington Wizards,1610612754,IND,Indiana Pacers
0021500209,2015-11-24,2015-16,regular_season,road,False,1610612754,IND,Pacers,Starters,159:09,103,Indiana,pacers,36,62,0.581,17,23,0.739,14,19,0.737,4,25,29,19,7,0,14,10,1610612764,WAS,Washington Wizards,1610612754,IND,Indiana Pacers
0021500210,2015-11-24,2015-16,regular_season,home,False,1610612737,ATL,Hawks,Bench,143:11,39,Atlanta,hawks,13,28,0.464,7,15,0.467,6,7,0.857,0,16,16,11,2,2,10,10,1610612737,ATL,Atlanta Hawks,1610612738,BOS,Boston Celtics
0021500210,2015-11-24,2015-16,regular_season,home,False,1610612737,ATL,Hawks,Starters,143:11,82,Atlanta,hawks,32,52,0.615,5,9,0.556,13,15,0.867,6,21,27,22,6,5,10,15,1610612737,ATL,Atlanta Hawks,1610612738,BOS,Boston Celtics
0021500210,2015-11-24,2015-16,regular_season,road,False,1610612738,BOS,Celtics,Bench,125:46,41,Boston,celtics,15,34,0.441,3,5,0.6,8,9,0.889,2,15,17,14,8,0,7,10,1610612737,ATL,Atlanta Hawks,1610612738,BOS,Boston Celtics
0021500210,2015-11-24,2015-16,regular_season,road,False,1610612738,BOS,Celtics,Starters,125:46,56,Boston,celtics,19,48,0.396,6,16,0.375,12,17,0.706,8,8,16,9,6,2,9,9,1610612737,ATL,Atlanta Hawks,1610612738,BOS,Boston Celtics
0021500211,2015-11-24,2015-16,regular_season,home,False,1610612763,MEM,Grizzlies,Bench,169:28,30,Memphis,grizzlies,10,24,0.417,1,5,0.2,9,14,0.643,1,10,11,3,7,0,4,10,1610612763,MEM,Memphis Grizzlies,1610612742,DAL,Dallas Mavericks
0021500211,2015-11-24,2015-16,regular_season,home,False,1610612763,MEM,Grizzlies,Starters,169:28,80,Memphis,grizzlies,27,62,0.435,6,16,0.375,20,23,0.87,4,27,31,17,5,4,5,14,1610612763,MEM,Memphis Grizzlies,1610612742,DAL,Dallas Mavericks
0021500211,2015-11-24,2015-16,regular_season,road,False,1610612742,DAL,Mavericks,Bench,148:23,42,Dallas,mavericks,14,31,0.452,5,13,0.385,9,10,0.9,2,15,17,10,2,3,10,9,1610612763,MEM,Memphis Grizzlies,1610612742,DAL,Dallas Mavericks
0021500211,2015-11-24,2015-16,regular_season,road,False,1610612742,DAL,Mavericks,Starters,148:23,54,Dallas,mavericks,16,46,0.348,6,21,0.286,16,18,0.889,2,29,31,12,2,3,9,16,1610612763,MEM,Memphis Grizzlies,1610612742,DAL,Dallas Mavericks
0021500212,2015-11-24,2015-16,regular_season,home,False,1610612743,DEN,Nuggets,Bench,148:52,26,Denver,nuggets,9,26,0.346,4,10,0.4,4,6,0.667,4,9,13,5,2,0,6,10,1610612743,DEN,Denver Nuggets,1610612746,LAC,LA Clippers
0021500212,2015-11-24,2015-16,regular_season,home,False,1610612743,DEN,Nuggets,Starters,148:52,68,Denver,nuggets,22,52,0.423,4,15,0.267,20,23,0.87,4,31,35,11,1,0,10,22,1610612743,DEN,Denver Nuggets,1610612746,LAC,LA Clippers
0021500212,2015-11-24,2015-16,regular_season,road,False,1610612746,LAC,Clippers,Bench,140:46,33,LA,clippers,11,28,0.393,2,13,0.154,9,11,0.818,4,12,16,4,5,2,5,11,1610612743,DEN,Denver Nuggets,1610612746,LAC,LA Clippers
0021500212,2015-11-24,2015-16,regular_season,road,False,1610612746,LAC,Clippers,Starters,140:46,78,LA,clippers,26,51,0.51,6,7,0.857,20,36,0.556,7,20,27,20,5,6,2,14,1610612743,DEN,Denver Nuggets,1610612746,LAC,LA Clippers
0021500213,2015-11-24,2015-16,regular_season,home,False,1610612757,POR,Trail Blazers,Bench,144:36,28,Portland,blazers,11,20,0.55,2,5,0.4,4,8,0.5,6,11,17,4,5,3,9,6,1610612757,POR,Portland Trail Blazers,1610612741,CHI,Chicago Bulls
0021500213,2015-11-24,2015-16,regular_season,home,False,1610612757,POR,Trail Blazers,Starters,144:36,60,Portland,blazers,20,68,0.294,4,17,0.235,16,19,0.842,10,28,38,14,0,6,5,15,1610612757,POR,Portland Trail Blazers,1610612741,CHI,Chicago Bulls
0021500213,2015-11-24,2015-16,regular_season,road,False,1610612741,CHI,Bulls,Bench,142:37,24,Chicago,bulls,10,24,0.417,0,3,0.0,4,5,0.8,1,15,16,6,2,2,2,10,1610612757,POR,Portland Trail Blazers,1610612741,CHI,Chicago Bulls
0021500213,2015-11-24,2015-16,regular_season,road,False,1610612741,CHI,Bulls,Starters,142:37,69,Chicago,bulls,23,62,0.371,7,15,0.467,16,18,0.889,5,23,28,13,4,1,8,8,1610612757,POR,Portland Trail Blazers,1610612741,CHI,Chicago Bulls
0021500214,2015-11-24,2015-16,regular_season,home,False,1610612744,GSW,Warriors,Bench,132:05,42,Golden State,warriors,19,36,0.528,2,8,0.25,2,7,0.286,7,18,25,13,6,1,4,9,1610612744,GSW,Golden State Warriors,1610612747,LAL,Los Angeles Lakers
0021500214,2015-11-24,2015-16,regular_season,home,False,1610612744,GSW,Warriors,Starters,132:05,69,Golden State,warriors,26,56,0.464,10,27,0.37,7,8,0.875,5,18,23,19,3,5,4,4,1610612744,GSW,Golden State Warriors,1610612747,LAL,Los Angeles Lakers
0021500214,2015-11-24,2015-16,regular_season,road,False,1610612747,LAL,Lakers,Bench,124:14,49,Los Angeles,lakers,21,40,0.525,2,8,0.25,5,8,0.625,4,16,20,9,2,0,7,11,1610612744,GSW,Golden State Warriors,1610612747,LAL,Los Angeles Lakers
0021500214,2015-11-24,2015-16,regular_season,road,False,1610612747,LAL,Lakers,Starters,124:14,28,Los Angeles,lakers,10,43,0.233,1,13,0.077,7,8,0.875,4,21,25,7,6,2,7,4,1610612744,GSW,Golden State Warriors,1610612747,LAL,Los Angeles Lakers
0021500215,2015-11-25,2015-16,regular_season,home,False,1610612766,CHA,Hornets,Bench,153:43,36,Charlotte,hornets,14,27,0.519,2,9,0.222,6,6,1.0,1,16,17,3,1,3,9,10,1610612766,CHA,Charlotte Hornets,1610612764,WAS,Washington Wizards
0021500215,2015-11-25,2015-16,regular_season,home,False,1610612766,CHA,Hornets,Starters,153:43,65,Charlotte,hornets,25,56,0.446,6,17,0.353,9,9,1.0,8,26,34,19,4,3,10,7,1610612766,CHA,Charlotte Hornets,1610612764,WAS,Washington Wizards
0021500215,2015-11-25,2015-16,regular_season,road,False,1610612764,WAS,Wizards,Bench,148:13,31,Washington,wizards,10,33,0.303,3,7,0.429,8,10,0.8,1,11,12,2,6,0,2,11,1610612766,CHA,Charlotte Hornets,1610612764,WAS,Washington Wizards
0021500215,2015-11-25,2015-16,regular_season,road,False,1610612764,WAS,Wizards,Starters,148:13,56,Washington,wizards,21,54,0.389,7,25,0.28,7,8,0.875,10,19,29,13,7,4,12,9,1610612766,CHA,Charlotte Hornets,1610612764,WAS,Washington Wizards
0021500216,2015-11-25,2015-16,regular_season,home,False,1610612753,ORL,Magic,Bench,142:29,43,Orlando,magic,12,35,0.343,2,9,0.222,17,21,0.81,4,11,15,5,1,4,2,10,1610612753,ORL,Orlando Magic,1610612752,NYK,New York Knicks
0021500216,2015-11-25,2015-16,regular_season,home,False,1610612753,ORL,Magic,Starters,142:29,57,Orlando,magic,22,51,0.431,3,7,0.429,10,11,0.909,11,22,33,15,1,3,5,11,1610612753,ORL,Orlando Magic,1610612752,NYK,New York Knicks
0021500216,2015-11-25,2015-16,regular_season,road,False,1610612752,NYK,Knicks,Bench,161:21,12,New York,knicks,3,20,0.15,0,7,0.0,6,6,1.0,2,8,10,2,0,2,5,13,1610612753,ORL,Orlando Magic,1610612752,NYK,New York Knicks
0021500216,2015-11-25,2015-16,regular_season,road,False,1610612752,NYK,Knicks,Starters,161:21,79,New York,knicks,28,63,0.444,9,20,0.45,14,19,0.737,10,27,37,14,2,8,6,10,1610612753,ORL,Orlando Magic,1610612752,NYK,New York Knicks
0021500217,2015-11-25,2015-16,regular_season,home,False,1610612738,BOS,Celtics,Bench,160:08,21,Boston,celtics,6,28,0.214,0,4,0.0,9,12,0.75,3,15,18,4,1,3,6,4,1610612738,BOS,Boston Celtics,1610612755,PHI,Philadelphia 76ers
0021500217,2015-11-25,2015-16,regular_season,home,False,1610612738,BOS,Celtics,Starters,160:08,63,Boston,celtics,25,63,0.397,9,25,0.36,4,6,0.667,8,28,36,14,6,3,10,8,1610612738,BOS,Boston Celtics,1610612755,PHI,Philadelphia 76ers
0021500217,2015-11-25,2015-16,regular_season,road,False,1610612755,PHI,76ers,Bench,158:08,29,Philadelphia,sixers,13,30,0.433,3,11,0.273,0,1,0.0,2,9,11,6,3,4,4,6,1610612738,BOS,Boston Celtics,1610612755,PHI,Philadelphia 76ers
0021500217,2015-11-25,2015-16,regular_season,road,False,1610612755,PHI,76ers,Starters,158:08,51,Philadelphia,sixers,18,53,0.34,4,16,0.25,11,14,0.786,5,34,39,6,8,10,14,15,1610612738,BOS,Boston Celtics,1610612755,PHI,Philadelphia 76ers
0021500218,2015-11-25,2015-16,regular_season,home,False,1610612765,DET,Pistons,Bench,152:06,35,Detroit,pistons,14,33,0.424,6,13,0.462,1,1,1.0,7,12,19,10,1,2,5,9,1610612765,DET,Detroit Pistons,1610612748,MIA,Miami Heat
0021500218,2015-11-25,2015-16,regular_season,home,False,1610612765,DET,Pistons,Starters,152:06,69,Detroit,pistons,27,65,0.415,10,18,0.556,5,6,0.833,11,24,35,14,5,5,2,7,1610612765,DET,Detroit Pistons,1610612748,MIA,Miami Heat
0021500218,2015-11-25,2015-16,regular_season,road,False,1610612748,MIA,Heat,Bench,151:44,26,Miami,heat,10,24,0.417,3,10,0.3,3,4,0.75,3,12,15,10,1,0,2,6,1610612765,DET,Detroit Pistons,1610612748,MIA,Miami Heat
0021500218,2015-11-25,2015-16,regular_season,road,False,1610612748,MIA,Heat,Starters,151:44,55,Miami,heat,22,55,0.4,3,10,0.3,8,12,0.667,7,21,28,11,1,7,11,8,1610612765,DET,Detroit Pistons,1610612748,MIA,Miami Heat
0021500219,2015-11-25,2015-16,regular_season,home,False,1610612761,TOR,Raptors,Bench,181:24,18,Toronto,raptors,7,19,0.368,4,11,0.364,0,1,0.0,2,10,12,2,1,2,4,4,1610612761,TOR,Toronto Raptors,1610612739,CLE,Cleveland Cavaliers
0021500219,2015-11-25,2015-16,regular_season,home,False,1610612761,TOR,Raptors,Starters,181:24,85,Toronto,raptors,33,60,0.55,7,14,0.5,12,21,0.571,4,24,28,12,7,3,5,11,1610612761,TOR,Toronto Raptors,1610612739,CLE,Cleveland Cavaliers
0021500219,2015-11-25,2015-16,regular_season,road,False,1610612739,CLE,Cavaliers,Bench,168:37,25,Cleveland,cavaliers,11,21,0.524,3,7,0.429,0,0,0.0,0,7,7,4,0,1,3,4,1610612761,TOR,Toronto Raptors,1610612739,CLE,Cleveland Cavaliers
0021500219,2015-11-25,2015-16,regular_season,road,False,1610612739,CLE,Cavaliers,Starters,168:37,74,Cleveland,cavaliers,25,61,0.41,11,22,0.5,13,16,0.813,9,26,35,18,4,1,7,16,1610612761,TOR,Toronto Raptors,1610612739,CLE,Cleveland Cavaliers
0021500220,2015-11-25,2015-16,regular_season,home,False,1610612745,HOU,Rockets,Bench,168:44,17,Houston,rockets,7,20,0.35,1,10,0.1,2,4,0.5,3,6,9,6,4,3,2,7,1610612745,HOU,Houston Rockets,1610612763,MEM,Memphis Grizzlies
0021500220,2015-11-25,2015-16,regular_season,home,False,1610612745,HOU,Rockets,Starters,168:44,76,Houston,rockets,23,51,0.451,9,24,0.375,21,23,0.913,3,25,28,13,10,4,17,15,1610612745,HOU,Houston Rockets,1610612763,MEM,Memphis Grizzlies
0021500220,2015-11-25,2015-16,regular_season,road,False,1610612763,MEM,Grizzlies,Bench,163:13,29,Memphis,grizzlies,12,28,0.429,0,7,0.0,5,6,0.833,3,10,13,9,3,1,5,13,1610612745,HOU,Houston Rockets,1610612763,MEM,Memphis Grizzlies
0021500220,2015-11-25,2015-16,regular_season,road,False,1610612763,MEM,Grizzlies,Starters,163:13,73,Memphis,grizzlies,27,52,0.519,3,9,0.333,16,17,0.941,6,22,28,12,5,2,12,10,1610612745,HOU,Houston Rockets,1610612763,MEM,Memphis Grizzlies
0021500221,2015-11-25,2015-16,regular_season,home,False,1610612749,MIL,Bucks,Bench,132:05,51,Milwaukee,bucks,19,37,0.514,7,20,0.35,6,9,0.667,7,14,21,13,4,1,4,6,1610612749,MIL,Milwaukee Bucks,1610612758,SAC,Sacramento Kings
0021500221,2015-11-25,2015-16,regular_season,home,False,1610612749,MIL,Bucks,Starters,132:05,67,Milwaukee,bucks,23,51,0.451,6,11,0.545,15,18,0.833,3,13,16,17,3,6,7,16,1610612749,MIL,Milwaukee Bucks,1610612758,SAC,Sacramento Kings
0021500221,2015-11-25,2015-16,regular_season,road,False,1610612758,SAC,Kings,Bench,160:22,54,Sacramento,kings,16,29,0.552,8,16,0.5,14,18,0.778,2,8,10,7,4,0,1,5,1610612749,MIL,Milwaukee Bucks,1610612758,SAC,Sacramento Kings
0021500221,2015-11-25,2015-16,regular_season,road,False,1610612758,SAC,Kings,Starters,160:22,75,Sacramento,kings,28,48,0.583,2,7,0.286,17,19,0.895,5,27,32,16,5,7,7,14,1610612749,MIL,Milwaukee Bucks,1610612758,SAC,Sacramento Kings
0021500222,2015-11-25,2015-16,regular_season,home,False,1610612750,MIN,Timberwolves,Bench,117:25,58,Minnesota,timberwolves,19,37,0.514,8,14,0.571,12,12,1.0,4,22,26,12,4,3,4,17,1610612750,MIN,Minnesota Timberwolves,1610612737,ATL,Atlanta Hawks
0021500222,2015-11-25,2015-16,regular_season,home,False,1610612750,MIN,Timberwolves,Starters,117:25,41,Minnesota,timberwolves,15,45,0.333,1,7,0.143,10,17,0.588,3,16,19,10,5,1,7,6,1610612750,MIN,Minnesota Timberwolves,1610612737,ATL,Atlanta Hawks
0021500222,2015-11-25,2015-16,regular_season,road,False,1610612737,ATL,Hawks,Bench,166:32,18,Atlanta,hawks,5,25,0.2,1,13,0.077,7,10,0.7,3,8,11,4,3,4,6,7,1610612750,MIN,Minnesota Timberwolves,1610612737,ATL,Atlanta Hawks
0021500222,2015-11-25,2015-16,regular_season,road,False,1610612737,ATL,Hawks,Starters,166:32,77,Atlanta,hawks,26,57,0.456,7,18,0.389,18,25,0.72,12,30,42,10,7,3,8,13,1610612750,MIN,Minnesota Timberwolves,1610612737,ATL,Atlanta Hawks
0021500223,2015-11-25,2015-16,regular_season,home,False,1610612760,OKC,Thunder,Bench,148:57,33,Oklahoma City,thunder,12,28,0.429,5,11,0.455,4,4,1.0,2,15,17,5,2,0,8,6,1610612760,OKC,Oklahoma City Thunder,1610612751,BKN,Brooklyn Nets
0021500223,2015-11-25,2015-16,regular_season,home,False,1610612760,OKC,Thunder,Starters,148:57,77,Oklahoma City,thunder,29,50,0.58,5,13,0.385,14,17,0.824,2,23,25,21,9,7,11,5,1610612760,OKC,Oklahoma City Thunder,1610612751,BKN,Brooklyn Nets
0021500223,2015-11-25,2015-16,regular_season,road,False,1610612751,BKN,Nets,Bench,156:34,30,Brooklyn,nets,13,30,0.433,2,5,0.4,2,4,0.5,1,9,10,7,3,1,2,5,1610612760,OKC,Oklahoma City Thunder,1610612751,BKN,Brooklyn Nets
0021500223,2015-11-25,2015-16,regular_season,road,False,1610612751,BKN,Nets,Starters,156:34,69,Brooklyn,nets,30,64,0.469,1,8,0.125,8,8,1.0,10,25,35,13,7,2,15,14,1610612760,OKC,Oklahoma City Thunder,1610612751,BKN,Brooklyn Nets
0021500224,2015-11-25,2015-16,regular_season,home,False,1610612759,SAS,Spurs,Bench,164:13,20,San Antonio,spurs,6,24,0.25,2,14,0.143,6,10,0.6,2,12,14,4,3,0,6,8,1610612759,SAS,San Antonio Spurs,1610612742,DAL,Dallas Mavericks
0021500224,2015-11-25,2015-16,regular_season,home,False,1610612759,SAS,Spurs,Starters,164:13,68,San Antonio,spurs,27,57,0.474,6,14,0.429,8,9,0.889,10,28,38,19,3,4,7,4,1610612759,SAS,San Antonio Spurs,1610612742,DAL,Dallas Mavericks
0021500224,2015-11-25,2015-16,regular_season,road,False,1610612742,DAL,Mavericks,Bench,165:51,38,Dallas,mavericks,16,32,0.5,2,7,0.286,4,7,0.571,6,13,19,4,1,0,6,11,1610612759,SAS,San Antonio Spurs,1610612742,DAL,Dallas Mavericks
0021500224,2015-11-25,2015-16,regular_season,road,False,1610612742,DAL,Mavericks,Starters,165:51,45,Dallas,mavericks,18,51,0.353,4,15,0.267,5,5,1.0,3,24,27,17,6,1,7,10,1610612759,SAS,San Antonio Spurs,1610612742,DAL,Dallas Mavericks
0021500225,2015-11-25,2015-16,regular_season,home,False,1610612756,PHX,Suns,Bench,150:05,53,Phoenix,suns,22,41,0.537,5,12,0.417,4,4,1.0,3,14,17,4,1,0,0,13,1610612756,PHX,Phoenix Suns,1610612740,NOP,New Orleans Pelicans
0021500225,2015-11-25,2015-16,regular_season,home,False,1610612756,PHX,Suns,Starters,150:05,61,Phoenix,suns,22,55,0.4,5,14,0.357,12,16,0.75,8,19,27,21,7,5,10,13,1610612756,PHX,Phoenix Suns,1610612740,NOP,New Orleans Pelicans
0021500225,2015-11-25,2015-16,regular_season,road,False,1610612740,NOP,Pelicans,Bench,124:49,52,New Orleans,pelicans,19,37,0.514,5,9,0.556,9,13,0.692,2,16,18,12,1,1,4,8,1610612756,PHX,Phoenix Suns,1610612740,NOP,New Orleans Pelicans
0021500225,2015-11-25,2015-16,regular_season,road,False,1610612740,NOP,Pelicans,Starters,124:49,68,New Orleans,pelicans,23,44,0.523,5,13,0.385,17,21,0.81,3,21,24,8,3,5,10,15,1610612756,PHX,Phoenix Suns,1610612740,NOP,New Orleans Pelicans
0021500226,2015-11-25,2015-16,regular_season,home,False,1610612746,LAC,Clippers,Bench,146:20,16,LA,clippers,6,22,0.273,1,4,0.25,3,6,0.5,2,4,6,6,4,1,5,6,1610612746,LAC,LA Clippers,1610612762,UTA,Utah Jazz
0021500226,2015-11-25,2015-16,regular_season,home,False,1610612746,LAC,Clippers,Starters,146:20,75,LA,clippers,32,53,0.604,3,8,0.375,8,11,0.727,9,20,29,12,7,6,14,16,1610612746,LAC,LA Clippers,1610612762,UTA,Utah Jazz
0021500226,2015-11-25,2015-16,regular_season,road,False,1610612762,UTA,Jazz,Bench,167:15,14,Utah,jazz,6,24,0.25,0,4,0.0,2,3,0.667,3,10,13,3,1,2,4,6,1610612746,LAC,LA Clippers,1610612762,UTA,Utah Jazz
0021500226,2015-11-25,2015-16,regular_season,road,False,1610612762,UTA,Jazz,Starters,167:15,88,Utah,jazz,33,53,0.623,6,9,0.667,16,22,0.727,8,18,26,16,11,2,12,14,1610612746,LAC,LA Clippers,1610612762,UTA,Utah Jazz
0021500227,2015-11-27,2015-16,regular_season,home,False,1610612766,CHA,Hornets,Bench,157:14,32,Charlotte,hornets,12,26,0.462,1,5,0.2,7,11,0.636,2,14,16,7,1,2,5,13,1610612766,CHA,Charlotte Hornets,1610612739,CLE,Cleveland Cavaliers
0021500227,2015-11-27,2015-16,regular_season,home,False,1610612766,CHA,Hornets,Starters,157:14,58,Charlotte,hornets,21,54,0.389,4,20,0.2,12,14,0.857,5,17,22,13,6,5,6,12,1610612766,CHA,Charlotte Hornets,1610612739,CLE,Cleveland Cavaliers
0021500227,2015-11-27,2015-16,regular_season,road,False,1610612739,CLE,Cavaliers,Bench,138:47,27,Cleveland,cavaliers,9,26,0.346,3,12,0.25,6,10,0.6,3,11,14,7,1,1,4,11,1610612766,CHA,Charlotte Hornets,1610612739,CLE,Cleveland Cavaliers
0021500227,2015-11-27,2015-16,regular_season,road,False,1610612739,CLE,Cavaliers,Starters,138:47,68,Cleveland,cavaliers,25,55,0.455,5,13,0.385,13,15,0.867,9,27,36,10,2,1,12,11,1610612766,CHA,Charlotte Hornets,1610612739,CLE,Cleveland Cavaliers
0021500228,2015-11-27,2015-16,regular_season,home,False,1610612753,ORL,Magic,Bench,128:46,38,Orlando,magic,15,31,0.484,1,10,0.1,7,11,0.636,1,21,22,14,3,2,10,6,1610612753,ORL,Orlando Magic,1610612749,MIL,Milwaukee Bucks
0021500228,2015-11-27,2015-16,regular_season,home,False,1610612753,ORL,Magic,Starters,128:46,76,Orlando,magic,28,51,0.549,11,17,0.647,9,11,0.818,7,12,19,16,6,3,8,12,1610612753,ORL,Orlando Magic,1610612749,MIL,Milwaukee Bucks
0021500228,2015-11-27,2015-16,regular_season,road,False,1610612749,MIL,Bucks,Bench,130:39,38,Milwaukee,bucks,12,33,0.364,5,19,0.263,9,9,1.0,1,15,16,8,3,1,11,11,1610612753,ORL,Orlando Magic,1610612749,MIL,Milwaukee Bucks
0021500228,2015-11-27,2015-16,regular_season,road,False,1610612749,MIL,Bucks,Starters,130:39,52,Milwaukee,bucks,19,41,0.463,3,7,0.429,11,13,0.846,5,17,22,12,5,1,10,9,1610612753,ORL,Orlando Magic,1610612749,MIL,Milwaukee Bucks
0021500229,2015-11-27,2015-16,regular_season,home,False,1610612738,BOS,Celtics,Bench,134:13,33,Boston,celtics,12,36,0.333,4,11,0.364,5,7,0.714,8,16,24,13,6,4,8,8,1610612738,BOS,Boston Celtics,1610612764,WAS,Washington Wizards
0021500229,2015-11-27,2015-16,regular_season,home,False,1610612738,BOS,Celtics,Starters,134:13,78,Boston,celtics,30,61,0.492,8,22,0.364,10,12,0.833,11,23,34,15,5,3,7,7,1610612738,BOS,Boston Celtics,1610612764,WAS,Washington Wizards
0021500229,2015-11-27,2015-16,regular_season,road,False,1610612764,WAS,Wizards,Bench,126:23,42,Washington,wizards,12,38,0.316,4,11,0.364,14,16,0.875,3,18,21,4,3,2,10,7,1610612738,BOS,Boston Celtics,1610612764,WAS,Washington Wizards
0021500229,2015-11-27,2015-16,regular_season,road,False,1610612764,WAS,Wizards,Starters,126:23,36,Washington,wizards,15,46,0.326,1,7,0.143,5,6,0.833,10,15,25,12,4,2,12,12,1610612738,BOS,Boston Celtics,1610612764,WAS,Washington Wizards
0021500230,2015-11-27,2015-16,regular_season,home,False,1610612752,NYK,Knicks,Bench,115:32,46,New York,knicks,18,43,0.419,2,8,0.25,8,11,0.727,5,15,20,13,4,0,5,8,1610612752,NYK,New York Knicks,1610612748,MIA,Miami Heat
0021500230,2015-11-27,2015-16,regular_season,home,False,1610612752,NYK,Knicks,Starters,115:32,32,New York,knicks,14,42,0.333,1,6,0.167,3,4,0.75,2,17,19,3,3,5,5,16,1610612752,NYK,New York Knicks,1610612748,MIA,Miami Heat
0021500230,2015-11-27,2015-16,regular_season,road,False,1610612748,MIA,Heat,Bench,147:50,20,Miami,heat,7,16,0.438,2,5,0.4,4,5,0.8,1,11,12,7,2,0,4,8,1610612752,NYK,New York Knicks,1610612748,MIA,Miami Heat
0021500230,2015-11-27,2015-16,regular_season,road,False,1610612748,MIA,Heat,Starters,147:50,77,Miami,heat,26,60,0.433,5,12,0.417,20,23,0.87,7,23,30,9,2,7,8,5,1610612752,NYK,New York Knicks,1610612748,MIA,Miami Heat
0021500231,2015-11-27,2015-16,regular_season,home,False,1610612754,IND,Pacers,Bench,158:53,20,Indiana,pacers,8,22,0.364,1,5,0.2,3,4,0.75,1,15,16,3,3,2,5,5,1610612754,IND,Indiana Pacers,1610612741,CHI,Chicago Bulls
0021500231,2015-11-27,2015-16,regular_season,home,False,1610612754,IND,Pacers,Starters,158:53,84,Indiana,pacers,29,65,0.446,7,23,0.304,19,25,0.76,7,28,35,15,5,2,8,13,1610612754,IND,Indiana Pacers,1610612741,CHI,Chicago Bulls
0021500231,2015-11-27,2015-16,regular_season,road,False,1610612741,CHI,Bulls,Bench,143:17,26,Chicago,bulls,10,29,0.345,3,8,0.375,3,4,0.75,3,12,15,5,3,3,4,10,1610612754,IND,Indiana Pacers,1610612741,CHI,Chicago Bulls
0021500231,2015-11-27,2015-16,regular_season,road,False,1610612741,CHI,Bulls,Starters,143:17,66,Chicago,bulls,22,63,0.349,8,18,0.444,14,16,0.875,6,26,32,16,4,4,11,13,1610612754,IND,Indiana Pacers,1610612741,CHI,Chicago Bulls
0021500232,2015-11-27,2015-16,regular_season,home,False,1610612745,HOU,Rockets,Bench,169:11,22,Houston,rockets,8,14,0.571,2,4,0.5,4,5,0.8,1,10,11,4,2,1,7,11,1610612745,HOU,Houston Rockets,1610612755,PHI,Philadelphia 76ers
0021500232,2015-11-27,2015-16,regular_season,home,False,1610612745,HOU,Rockets,Starters,169:11,94,Houston,rockets,30,59,0.508,9,16,0.563,25,32,0.781,9,29,38,17,3,5,15,10,1610612745,HOU,Houston Rockets,1610612755,PHI,Philadelphia 76ers
0021500232,2015-11-27,2015-16,regular_season,road,False,1610612755,PHI,76ers,Bench,147:12,28,Philadelphia,sixers,11,24,0.458,3,8,0.375,3,6,0.5,1,12,13,14,8,1,2,9,1610612745,HOU,Houston Rockets,1610612755,PHI,Philadelphia 76ers
0021500232,2015-11-27,2015-16,regular_season,road,False,1610612755,PHI,76ers,Starters,147:12,86,Philadelphia,sixers,29,59,0.492,13,27,0.481,15,20,0.75,7,13,20,10,10,4,10,15,1610612745,HOU,Houston Rockets,1610612755,PHI,Philadelphia 76ers
0021500233,2015-11-27,2015-16,regular_season,home,False,1610612763,MEM,Grizzlies,Bench,153:28,40,Memphis,grizzlies,14,30,0.467,6,15,0.4,6,7,0.857,2,15,17,6,1,1,6,10,1610612763,MEM,Memphis Grizzlies,1610612737,ATL,Atlanta Hawks
0021500233,2015-11-27,2015-16,regular_season,home,False,1610612763,MEM,Grizzlies,Starters,153:28,61,Memphis,grizzlies,21,50,0.42,6,15,0.4,13,14,0.929,3,17,20,14,2,0,7,15,1610612763,MEM,Memphis Grizzlies,1610612737,ATL,Atlanta Hawks
0021500233,2015-11-27,2015-16,regular_season,road,False,1610612737,ATL,Hawks,Bench,155:04,30,Atlanta,hawks,10,30,0.333,3,15,0.2,7,8,0.875,2,12,14,9,1,3,4,7,1610612763,MEM,Memphis Grizzlies,1610612737,ATL,Atlanta Hawks
0021500233,2015-11-27,2015-16,regular_season,road,False,1610612737,ATL,Hawks,Starters,155:04,86,Atlanta,hawks,25,45,0.556,11,24,0.458,25,28,0.893,4,22,26,16,3,0,6,14,1610612763,MEM,Memphis Grizzlies,1610612737,ATL,Atlanta Hawks
0021500234,2015-11-27,2015-16,regular_season,home,False,1610612760,OKC,Thunder,Bench,157:06,31,Oklahoma City,thunder,10,27,0.37,2,10,0.2,9,11,0.818,4,12,16,9,1,1,3,6,1610612760,OKC,Oklahoma City Thunder,1610612765,DET,Detroit Pistons
0021500234,2015-11-27,2015-16,regular_season,home,False,1610612760,OKC,Thunder,Starters,157:06,72,Oklahoma City,thunder,27,52,0.519,5,14,0.357,13,15,0.867,8,34,42,10,1,8,15,13,1610612760,OKC,Oklahoma City Thunder,1610612765,DET,Detroit Pistons
0021500234,2015-11-27,2015-16,regular_season,road,False,1610612765,DET,Pistons,Bench,167:19,20,Detroit,pistons,8,22,0.364,4,11,0.364,0,0,0.0,4,10,14,7,4,1,4,8,1610612760,OKC,Oklahoma City Thunder,1610612765,DET,Detroit Pistons
0021500234,2015-11-27,2015-16,regular_season,road,False,1610612765,DET,Pistons,Starters,167:19,67,Detroit,pistons,23,68,0.338,5,18,0.278,16,20,0.8,9,15,24,10,5,0,4,13,1610612760,OKC,Oklahoma City Thunder,1610612765,DET,Detroit Pistons
0021500235,2015-11-27,2015-16,regular_season,home,False,1610612743,DEN,Nuggets,Bench,126:55,42,Denver,nuggets,17,34,0.5,4,12,0.333,4,6,0.667,3,13,16,9,6,2,11,9,1610612743,DEN,Denver Nuggets,1610612759,SAS,San Antonio Spurs
0021500235,2015-11-27,2015-16,regular_season,home,False,1610612743,DEN,Nuggets,Starters,126:55,38,Denver,nuggets,14,43,0.326,3,8,0.375,7,7,1.0,5,16,21,8,2,0,7,10,1610612743,DEN,Denver Nuggets,1610612759,SAS,San Antonio Spurs
0021500235,2015-11-27,2015-16,regular_season,road,False,1610612759,SAS,Spurs,Bench,108:22,34,San Antonio,spurs,12,30,0.4,2,10,0.2,8,9,0.889,1,21,22,9,6,0,11,12,1610612743,DEN,Denver Nuggets,1610612759,SAS,San Antonio Spurs
0021500235,2015-11-27,2015-16,regular_season,road,False,1610612759,SAS,Spurs,Starters,108:22,57,San Antonio,spurs,24,45,0.533,6,12,0.5,3,5,0.6,4,16,20,13,5,7,7,5,1610612743,DEN,Denver Nuggets,1610612759,SAS,San Antonio Spurs
0021500236,2015-11-27,2015-16,regular_season,home,False,1610612756,PHX,Suns,Bench,105:50,61,Phoenix,suns,22,45,0.489,4,13,0.308,13,17,0.765,6,15,21,8,8,2,5,16,1610612756,PHX,Phoenix Suns,1610612744,GSW,Golden State Warriors
0021500236,2015-11-27,2015-16,regular_season,home,False,1610612756,PHX,Suns,Starters,105:50,55,Phoenix,suns,23,47,0.489,6,13,0.462,3,6,0.5,1,8,9,13,5,0,9,10,1610612756,PHX,Phoenix Suns,1610612744,GSW,Golden State Warriors
0021500236,2015-11-27,2015-16,regular_season,road,False,1610612744,GSW,Warriors,Bench,124:34,51,Golden State,warriors,19,36,0.528,8,11,0.727,5,8,0.625,7,19,26,12,2,4,9,12,1610612756,PHX,Phoenix Suns,1610612744,GSW,Golden State Warriors
0021500236,2015-11-27,2015-16,regular_season,road,False,1610612744,GSW,Warriors,Starters,124:34,84,Golden State,warriors,27,45,0.6,14,27,0.519,16,23,0.696,4,23,27,20,5,5,14,14,1610612756,PHX,Phoenix Suns,1610612744,GSW,Golden State Warriors
0021500237,2015-11-27,2015-16,regular_season,home,False,1610612758,SAC,Kings,Bench,143:19,45,Sacramento,kings,18,33,0.545,7,15,0.467,2,5,0.4,0,10,10,5,1,1,10,9,1610612758,SAC,Sacramento Kings,1610612750,MIN,Minnesota Timberwolves
0021500237,2015-11-27,2015-16,regular_season,home,False,1610612758,SAC,Kings,Starters,143:19,46,Sacramento,kings,19,53,0.358,1,7,0.143,7,10,0.7,12,14,26,16,3,2,5,7,1610612758,SAC,Sacramento Kings,1610612750,MIN,Minnesota Timberwolves
0021500237,2015-11-27,2015-16,regular_season,road,False,1610612750,MIN,Timberwolves,Bench,132:12,48,Minnesota,timberwolves,17,34,0.5,5,11,0.455,9,9,1.0,6,11,17,11,3,0,8,9,1610612758,SAC,Sacramento Kings,1610612750,MIN,Minnesota Timberwolves
0021500237,2015-11-27,2015-16,regular_season,road,False,1610612750,MIN,Timberwolves,Starters,132:12,53,Minnesota,timberwolves,20,43,0.465,4,14,0.286,9,10,0.9,6,23,29,9,1,3,9,10,1610612758,SAC,Sacramento Kings,1610612750,MIN,Minnesota Timberwolves
0021500238,2015-11-27,2015-16,regular_season,home,False,1610612746,LAC,Clippers,Bench,120:36,44,LA,clippers,15,34,0.441,3,11,0.273,11,14,0.786,2,22,24,10,2,6,11,5,1610612746,LAC,LA Clippers,1610612740,NOP,New Orleans Pelicans
0021500238,2015-11-27,2015-16,regular_season,home,False,1610612746,LAC,Clippers,Starters,120:36,67,LA,clippers,25,49,0.51,4,8,0.5,13,16,0.813,3,22,25,17,4,1,2,15,1610612746,LAC,LA Clippers,1610612740,NOP,New Orleans Pelicans
0021500238,2015-11-27,2015-16,regular_season,road,False,1610612740,NOP,Pelicans,Bench,120:41,45,New Orleans,pelicans,17,55,0.309,4,12,0.333,7,9,0.778,11,12,23,13,8,1,5,10,1610612746,LAC,LA Clippers,1610612740,NOP,New Orleans Pelicans
0021500238,2015-11-27,2015-16,regular_season,road,False,1610612740,NOP,Pelicans,Starters,120:41,45,New Orleans,pelicans,17,39,0.436,1,8,0.125,10,14,0.714,4,23,27,7,0,0,7,13,1610612746,LAC,LA Clippers,1610612740,NOP,New Orleans Pelicans
0021500239,2015-11-28,2015-16,regular_season,home,False,1610612764,WAS,Wizards,Bench,182:33,8,Washington,wizards,2,17,0.118,0,7,0.0,4,6,0.667,2,12,14,4,3,2,1,4,1610612764,WAS,Washington Wizards,1610612761,TOR,Toronto Raptors
0021500239,2015-11-28,2015-16,regular_season,home,False,1610612764,WAS,Wizards,Starters,182:33,74,Washington,wizards,25,65,0.385,7,16,0.438,17,21,0.81,8,20,28,16,8,1,13,12,1610612764,WAS,Washington Wizards,1610612761,TOR,Toronto Raptors
0021500239,2015-11-28,2015-16,regular_season,road,False,1610612761,TOR,Raptors,Bench,160:28,27,Toronto,raptors,10,18,0.556,4,7,0.571,3,4,0.75,1,11,12,9,4,2,6,3,1610612764,WAS,Washington Wizards,1610612761,TOR,Toronto Raptors
0021500239,2015-11-28,2015-16,regular_season,road,False,1610612761,TOR,Raptors,Starters,160:28,57,Toronto,raptors,21,54,0.389,7,17,0.412,8,10,0.8,5,31,36,8,4,5,16,18,1610612764,WAS,Washington Wizards,1610612761,TOR,Toronto Raptors
0021500240,2015-11-28,2015-16,regular_season,home,False,1610612739,CLE,Cavaliers,Bench,154:13,16,Cleveland,cavaliers,6,19,0.316,2,4,0.5,2,5,0.4,7,13,20,9,1,4,6,4,1610612739,CLE,Cleveland Cavaliers,1610612751,BKN,Brooklyn Nets
0021500240,2015-11-28,2015-16,regular_season,home,False,1610612739,CLE,Cavaliers,Starters,154:13,74,Cleveland,cavaliers,29,68,0.426,7,23,0.304,9,12,0.75,5,24,29,11,8,7,13,15,1610612739,CLE,Cleveland Cavaliers,1610612751,BKN,Brooklyn Nets
0021500240,2015-11-28,2015-16,regular_season,road,False,1610612751,BKN,Nets,Bench,178:00,15,Brooklyn,nets,6,22,0.273,0,6,0.0,3,4,0.75,2,5,7,3,0,1,5,2,1610612739,CLE,Cleveland Cavaliers,1610612751,BKN,Brooklyn Nets
0021500240,2015-11-28,2015-16,regular_season,road,False,1610612751,BKN,Nets,Starters,178:00,73,Brooklyn,nets,27,59,0.458,4,11,0.364,15,20,0.75,6,33,39,18,9,3,11,16,1610612739,CLE,Cleveland Cavaliers,1610612751,BKN,Brooklyn Nets
0021500241,2015-11-28,2015-16,regular_season,home,False,1610612742,DAL,Mavericks,Bench,143:07,30,Dallas,mavericks,12,27,0.444,1,7,0.143,5,10,0.5,5,12,17,4,5,1,6,6,1610612742,DAL,Dallas Mavericks,1610612743,DEN,Denver Nuggets
0021500241,2015-11-28,2015-16,regular_season,home,False,1610612742,DAL,Mavericks,Starters,143:07,62,Dallas,mavericks,21,50,0.42,6,19,0.316,14,17,0.824,5,20,25,14,8,2,7,8,1610612742,DAL,Dallas Mavericks,1610612743,DEN,Denver Nuggets
0021500241,2015-11-28,2015-16,regular_season,road,False,1610612743,DEN,Nuggets,Bench,154:44,28,Denver,nuggets,9,23,0.391,4,11,0.364,6,7,0.857,3,16,19,8,4,2,8,10,1610612742,DAL,Dallas Mavericks,1610612743,DEN,Denver Nuggets
0021500241,2015-11-28,2015-16,regular_season,road,False,1610612743,DEN,Nuggets,Starters,154:44,53,Denver,nuggets,21,52,0.404,4,14,0.286,7,10,0.7,7,19,26,9,5,3,12,12,1610612742,DAL,Dallas Mavericks,1610612743,DEN,Denver Nuggets
0021500242,2015-11-28,2015-16,regular_season,home,False,1610612759,SAS,Spurs,Bench,133:04,47,San Antonio,spurs,16,35,0.457,5,11,0.455,10,11,0.909,1,12,13,9,4,2,6,8,1610612759,SAS,San Antonio Spurs,1610612737,ATL,Atlanta Hawks
0021500242,2015-11-28,2015-16,regular_season,home,False,1610612759,SAS,Spurs,Starters,133:04,61,San Antonio,spurs,24,50,0.48,4,6,0.667,9,9,1.0,11,25,36,16,7,7,10,6,1610612759,SAS,San Antonio Spurs,1610612737,ATL,Atlanta Hawks
0021500242,2015-11-28,2015-16,regular_season,road,False,1610612737,ATL,Hawks,Bench,120:53,50,Atlanta,hawks,22,48,0.458,4,16,0.25,2,2,1.0,5,18,23,19,5,3,9,7,1610612759,SAS,San Antonio Spurs,1610612737,ATL,Atlanta Hawks
0021500242,2015-11-28,2015-16,regular_season,road,False,1610612737,ATL,Hawks,Starters,120:53,38,Atlanta,hawks,15,39,0.385,2,10,0.2,6,11,0.545,7,13,20,9,4,2,9,10,1610612759,SAS,San Antonio Spurs,1610612737,ATL,Atlanta Hawks
0021500243,2015-11-28,2015-16,regular_season,home,False,1610612762,UTA,Jazz,Bench,156:30,42,Utah,jazz,17,33,0.515,6,9,0.667,2,4,0.5,5,10,15,6,2,2,7,13,1610612762,UTA,Utah Jazz,1610612740,NOP,New Orleans Pelicans
0021500243,2015-11-28,2015-16,regular_season,home,False,1610612762,UTA,Jazz,Starters,156:30,59,Utah,jazz,21,49,0.429,3,9,0.333,14,17,0.824,7,27,34,12,9,7,8,12,1610612762,UTA,Utah Jazz,1610612740,NOP,New Orleans Pelicans
0021500243,2015-11-28,2015-16,regular_season,road,False,1610612740,NOP,Pelicans,Bench,124:54,37,New Orleans,pelicans,12,30,0.4,4,10,0.4,9,11,0.818,3,15,18,13,3,1,6,10,1610612762,UTA,Utah Jazz,1610612740,NOP,New Orleans Pelicans
0021500243,2015-11-28,2015-16,regular_season,road,False,1610612740,NOP,Pelicans,Starters,124:54,50,New Orleans,pelicans,17,39,0.436,1,7,0.143,15,19,0.789,1,16,17,6,5,3,10,9,1610612762,UTA,Utah Jazz,1610612740,NOP,New Orleans Pelicans
0021500244,2015-11-28,2015-16,regular_season,home,False,1610612757,POR,Trail Blazers,Bench,140:57,36,Portland,blazers,11,26,0.423,3,9,0.333,11,14,0.786,5,17,22,8,2,1,5,5,1610612757,POR,Portland Trail Blazers,1610612747,LAL,Los Angeles Lakers
0021500244,2015-11-28,2015-16,regular_season,home,False,1610612757,POR,Trail Blazers,Starters,140:57,72,Portland,blazers,27,52,0.519,9,21,0.429,9,12,0.75,7,17,24,16,3,1,11,11,1610612757,POR,Portland Trail Blazers,1610612747,LAL,Los Angeles Lakers
0021500244,2015-11-28,2015-16,regular_season,road,False,1610612747,LAL,Lakers,Bench,168:36,18,Los Angeles,lakers,6,19,0.316,2,9,0.222,4,5,0.8,4,8,12,3,5,1,2,6,1610612757,POR,Portland Trail Blazers,1610612747,LAL,Los Angeles Lakers
0021500244,2015-11-28,2015-16,regular_season,road,False,1610612747,LAL,Lakers,Starters,168:36,78,Los Angeles,lakers,30,63,0.476,5,14,0.357,13,18,0.722,2,19,21,17,7,1,7,13,1610612757,POR,Portland Trail Blazers,1610612747,LAL,Los Angeles Lakers
0021500245,2015-11-28,2015-16,regular_season,home,False,1610612744,GSW,Warriors,Bench,130:30,53,Golden State,warriors,18,39,0.462,6,9,0.667,11,14,0.786,9,17,26,9,3,1,6,9,1610612744,GSW,Golden State Warriors,1610612758,SAC,Sacramento Kings
0021500245,2015-11-28,2015-16,regular_season,home,False,1610612744,GSW,Warriors,Starters,130:30,67,Golden State,warriors,21,41,0.512,10,21,0.476,15,17,0.882,4,18,22,23,5,6,8,10,1610612744,GSW,Golden State Warriors,1610612758,SAC,Sacramento Kings
0021500245,2015-11-28,2015-16,regular_season,road,False,1610612758,SAC,Kings,Bench,131:13,39,Sacramento,kings,16,40,0.4,4,14,0.286,3,4,0.75,8,12,20,9,4,5,8,12,1610612744,GSW,Golden State Warriors,1610612758,SAC,Sacramento Kings
0021500245,2015-11-28,2015-16,regular_season,road,False,1610612758,SAC,Kings,Starters,131:13,62,Sacramento,kings,23,60,0.383,6,11,0.545,10,11,0.909,11,17,28,13,5,2,6,12,1610612744,GSW,Golden State Warriors,1610612758,SAC,Sacramento Kings
0021500246,2015-11-29,2015-16,regular_season,home,False,1610612766,CHA,Hornets,Bench,132:03,34,Charlotte,hornets,11,30,0.367,5,11,0.455,7,8,0.875,3,24,27,10,1,3,2,13,1610612766,CHA,Charlotte Hornets,1610612749,MIL,Milwaukee Bucks
0021500246,2015-11-29,2015-16,regular_season,home,False,1610612766,CHA,Hornets,Starters,132:03,53,Charlotte,hornets,16,40,0.4,10,20,0.5,11,14,0.786,4,12,16,10,5,3,11,3,1610612766,CHA,Charlotte Hornets,1610612749,MIL,Milwaukee Bucks
0021500246,2015-11-29,2015-16,regular_season,road,False,1610612749,MIL,Bucks,Bench,186:00,15,Milwaukee,bucks,6,17,0.353,0,2,0.0,3,4,0.75,6,10,16,2,0,1,6,7,1610612766,CHA,Charlotte Hornets,1610612749,MIL,Milwaukee Bucks
0021500246,2015-11-29,2015-16,regular_season,road,False,1610612749,MIL,Bucks,Starters,186:00,67,Milwaukee,bucks,27,65,0.415,8,26,0.308,5,10,0.5,7,23,30,23,9,1,8,17,1610612766,CHA,Charlotte Hornets,1610612749,MIL,Milwaukee Bucks
0021500247,2015-11-29,2015-16,regular_season,home,False,1610612746,LAC,Clippers,Bench,157:56,27,LA,clippers,11,26,0.423,3,11,0.273,2,2,1.0,4,11,15,5,1,1,4,9,1610612746,LAC,LA Clippers,1610612750,MIN,Minnesota Timberwolves
0021500247,2015-11-29,2015-16,regular_season,home,False,1610612746,LAC,Clippers,Starters,157:56,80,LA,clippers,28,49,0.571,5,11,0.455,19,31,0.613,3,21,24,19,2,4,9,12,1610612746,LAC,LA Clippers,1610612750,MIN,Minnesota Timberwolves
0021500247,2015-11-29,2015-16,regular_season,road,False,1610612750,MIN,Timberwolves,Bench,135:29,41,Minnesota,timberwolves,15,29,0.517,2,5,0.4,9,9,1.0,4,13,17,7,2,1,6,9,1610612746,LAC,LA Clippers,1610612750,MIN,Minnesota Timberwolves
0021500247,2015-11-29,2015-16,regular_season,road,False,1610612750,MIN,Timberwolves,Starters,135:29,58,Minnesota,timberwolves,22,53,0.415,6,11,0.545,8,12,0.667,3,19,22,14,5,2,7,18,1610612746,LAC,LA Clippers,1610612750,MIN,Minnesota Timberwolves
0021500248,2015-11-29,2015-16,regular_season,home,False,1610612751,BKN,Nets,Bench,153:22,27,Brooklyn,nets,12,28,0.429,2,6,0.333,1,1,1.0,3,15,18,2,2,3,6,3,1610612751,BKN,Brooklyn Nets,1610612765,DET,Detroit Pistons
0021500248,2015-11-29,2015-16,regular_season,home,False,1610612751,BKN,Nets,Starters,153:22,60,Brooklyn,nets,23,53,0.434,2,6,0.333,12,15,0.8,4,29,33,13,6,8,13,13,1610612751,BKN,Brooklyn Nets,1610612765,DET,Detroit Pistons
0021500248,2015-11-29,2015-16,regular_season,road,False,1610612765,DET,Pistons,Bench,162:28,19,Detroit,pistons,8,26,0.308,3,11,0.273,0,0,0.0,1,11,12,7,2,0,5,5,1610612751,BKN,Brooklyn Nets,1610612765,DET,Detroit Pistons
0021500248,2015-11-29,2015-16,regular_season,road,False,1610612765,DET,Pistons,Starters,162:28,64,Detroit,pistons,26,75,0.347,3,13,0.231,9,21,0.429,18,21,39,12,9,1,9,10,1610612751,BKN,Brooklyn Nets,1610612765,DET,Detroit Pistons
0021500249,2015-11-29,2015-16,regular_season,home,False,1610612753,ORL,Magic,Bench,137:13,56,Orlando,magic,21,36,0.583,7,15,0.467,7,8,0.875,5,20,25,13,2,4,4,8,1610612753,ORL,Orlando Magic,1610612738,BOS,Boston Celtics
0021500249,2015-11-29,2015-16,regular_season,home,False,1610612753,ORL,Magic,Starters,137:13,54,Orlando,magic,24,57,0.421,2,10,0.2,4,8,0.5,12,17,29,11,4,3,9,12,1610612753,ORL,Orlando Magic,1610612738,BOS,Boston Celtics
0021500249,2015-11-29,2015-16,regular_season,road,False,1610612738,BOS,Celtics,Bench,142:55,31,Boston,celtics,13,31,0.419,2,9,0.222,3,6,0.5,5,12,17,12,1,0,1,6,1610612753,ORL,Orlando Magic,1610612738,BOS,Boston Celtics
0021500249,2015-11-29,2015-16,regular_season,road,False,1610612738,BOS,Celtics,Starters,142:55,60,Boston,celtics,23,57,0.404,3,18,0.167,11,14,0.786,4,13,17,16,6,6,10,10,1610612753,ORL,Orlando Magic,1610612738,BOS,Boston Celtics
0021500250,2015-11-29,2015-16,regular_season,home,False,1610612761,TOR,Raptors,Bench,158:57,25,Toronto,raptors,11,31,0.355,3,9,0.333,0,0,0.0,4,9,13,3,3,2,3,3,1610612761,TOR,Toronto Raptors,1610612756,PHX,Phoenix Suns
0021500250,2015-11-29,2015-16,regular_season,home,False,1610612761,TOR,Raptors,Starters,158:57,77,Toronto,raptors,27,55,0.491,9,20,0.45,14,17,0.824,4,26,30,16,3,5,8,14,1610612761,TOR,Toronto Raptors,1610612756,PHX,Phoenix Suns
0021500250,2015-11-29,2015-16,regular_season,road,False,1610612756,PHX,Suns,Bench,147:34,51,Phoenix,suns,20,36,0.556,8,15,0.533,3,4,0.75,5,14,19,6,1,5,2,4,1610612761,TOR,Toronto Raptors,1610612756,PHX,Phoenix Suns
0021500250,2015-11-29,2015-16,regular_season,road,False,1610612756,PHX,Suns,Starters,147:34,56,Phoenix,suns,20,58,0.345,3,12,0.25,13,16,0.813,8,23,31,18,3,4,7,11,1610612761,TOR,Toronto Raptors,1610612756,PHX,Phoenix Suns
0021500251,2015-11-29,2015-16,regular_season,home,False,1610612763,MEM,Grizzlies,Bench,155:42,25,Memphis,grizzlies,10,24,0.417,2,7,0.286,3,6,0.5,5,11,16,9,5,1,13,10,1610612763,MEM,Memphis Grizzlies,1610612755,PHI,Philadelphia 76ers
0021500251,2015-11-29,2015-16,regular_season,home,False,1610612763,MEM,Grizzlies,Starters,155:42,67,Memphis,grizzlies,24,57,0.421,2,6,0.333,17,21,0.81,10,23,33,10,6,6,13,8,1610612763,MEM,Memphis Grizzlies,1610612755,PHI,Philadelphia 76ers
0021500251,2015-11-29,2015-16,regular_season,road,False,1610612755,PHI,76ers,Bench,146:48,27,Philadelphia,sixers,10,29,0.345,4,14,0.286,3,5,0.6,3,10,13,13,4,4,9,12,1610612763,MEM,Memphis Grizzlies,1610612755,PHI,Philadelphia 76ers
0021500251,2015-11-29,2015-16,regular_season,road,False,1610612755,PHI,76ers,Starters,146:48,57,Philadelphia,sixers,20,48,0.417,8,22,0.364,9,11,0.818,5,23,28,10,14,5,16,17,1610612763,MEM,Memphis Grizzlies,1610612755,PHI,Philadelphia 76ers
0021500252,2015-11-29,2015-16,regular_season,home,False,1610612752,NYK,Knicks,Bench,171:04,38,New York,knicks,16,28,0.571,2,7,0.286,4,5,0.8,0,12,12,11,2,4,10,9,1610612752,NYK,New York Knicks,1610612745,HOU,Houston Rockets
0021500252,2015-11-29,2015-16,regular_season,home,False,1610612752,NYK,Knicks,Starters,171:04,73,New York,knicks,29,50,0.58,4,11,0.364,11,12,0.917,5,26,31,11,3,3,11,15,1610612752,NYK,New York Knicks,1610612745,HOU,Houston Rockets
0021500252,2015-11-29,2015-16,regular_season,road,False,1610612745,HOU,Rockets,Bench,187:15,35,Houston,rockets,11,26,0.423,5,12,0.417,8,10,0.8,4,1,5,2,4,1,4,7,1610612752,NYK,New York Knicks,1610612745,HOU,Houston Rockets
0021500252,2015-11-29,2015-16,regular_season,road,False,1610612745,HOU,Rockets,Starters,187:15,81,Houston,rockets,32,69,0.464,2,13,0.154,15,26,0.577,13,21,34,14,12,1,4,12,1610612752,NYK,New York Knicks,1610612745,HOU,Houston Rockets
0021500253,2015-11-29,2015-16,regular_season,home,False,1610612747,LAL,Lakers,Bench,152:39,41,Los Angeles,lakers,16,39,0.41,7,18,0.389,2,4,0.5,7,5,12,3,3,2,2,15,1610612747,LAL,Los Angeles Lakers,1610612754,IND,Indiana Pacers
0021500253,2015-11-29,2015-16,regular_season,home,False,1610612747,LAL,Lakers,Starters,152:39,62,Los Angeles,lakers,22,60,0.367,4,15,0.267,14,18,0.778,8,34,42,14,3,3,8,12,1610612747,LAL,Los Angeles Lakers,1610612754,IND,Indiana Pacers
0021500253,2015-11-29,2015-16,regular_season,road,False,1610612754,IND,Pacers,Bench,164:42,25,Indiana,pacers,10,28,0.357,0,2,0.0,5,5,1.0,5,19,24,3,0,0,3,6,1610612747,LAL,Los Angeles Lakers,1610612754,IND,Indiana Pacers
0021500253,2015-11-29,2015-16,regular_season,road,False,1610612754,IND,Pacers,Starters,164:42,82,Indiana,pacers,24,55,0.436,9,25,0.36,25,32,0.781,4,22,26,14,4,5,12,12,1610612747,LAL,Los Angeles Lakers,1610612754,IND,Indiana Pacers
0021500254,2015-11-30,2015-16,regular_season,home,False,1610612765,DET,Pistons,Bench,166:07,32,Detroit,pistons,12,22,0.545,4,7,0.571,4,6,0.667,6,11,17,3,1,4,3,9,1610612765,DET,Detroit Pistons,1610612745,HOU,Houston Rockets
0021500254,2015-11-30,2015-16,regular_season,home,False,1610612765,DET,Pistons,Starters,166:07,84,Detroit,pistons,33,63,0.524,4,16,0.25,14,31,0.452,8,21,29,19,7,4,8,10,1610612765,DET,Detroit Pistons,1610612745,HOU,Houston Rockets
0021500254,2015-11-30,2015-16,regular_season,road,False,1610612745,HOU,Rockets,Bench,159:59,45,Houston,rockets,15,34,0.441,7,14,0.5,8,9,0.889,6,11,17,4,3,0,3,6,1610612765,DET,Detroit Pistons,1610612745,HOU,Houston Rockets
0021500254,2015-11-30,2015-16,regular_season,road,False,1610612745,HOU,Rockets,Starters,159:59,60,Houston,rockets,20,54,0.37,4,13,0.308,16,19,0.842,10,18,28,15,8,7,13,21,1610612765,DET,Detroit Pistons,1610612745,HOU,Houston Rockets
0021500255,2015-11-30,2015-16,regular_season,home,False,1610612748,MIA,Heat,Bench,166:53,20,Miami,heat,7,12,0.583,2,2,1.0,4,5,0.8,4,5,9,8,1,1,6,7,1610612748,MIA,Miami Heat,1610612738,BOS,Boston Celtics
0021500255,2015-11-30,2015-16,regular_season,home,False,1610612748,MIA,Heat,Starters,166:53,75,Miami,heat,29,63,0.46,3,15,0.2,14,19,0.737,7,22,29,13,8,5,12,12,1610612748,MIA,Miami Heat,1610612738,BOS,Boston Celtics
0021500255,2015-11-30,2015-16,regular_season,road,False,1610612738,BOS,Celtics,Bench,169:53,21,Boston,celtics,8,21,0.381,0,3,0.0,5,6,0.833,5,11,16,5,5,0,6,7,1610612748,MIA,Miami Heat,1610612738,BOS,Boston Celtics
0021500255,2015-11-30,2015-16,regular_season,road,False,1610612738,BOS,Celtics,Starters,169:53,84,Boston,celtics,30,59,0.508,8,17,0.471,16,19,0.842,7,17,24,18,10,3,9,14,1610612748,MIA,Miami Heat,1610612738,BOS,Boston Celtics
0021500256,2015-11-30,2015-16,regular_season,home,False,1610612737,ATL,Hawks,Bench,173:37,23,Atlanta,hawks,9,21,0.429,2,8,0.25,3,4,0.75,3,8,11,5,3,2,2,4,1610612737,ATL,Atlanta Hawks,1610612760,OKC,Oklahoma City Thunder
0021500256,2015-11-30,2015-16,regular_season,home,False,1610612737,ATL,Hawks,Starters,173:37,83,Atlanta,hawks,30,69,0.435,8,20,0.4,15,16,0.938,11,29,40,18,6,6,10,11,1610612737,ATL,Atlanta Hawks,1610612760,OKC,Oklahoma City Thunder
0021500256,2015-11-30,2015-16,regular_season,road,False,1610612760,OKC,Thunder,Bench,141:09,19,Oklahoma City,thunder,7,31,0.226,3,8,0.375,2,3,0.667,10,13,23,5,2,0,3,10,1610612737,ATL,Atlanta Hawks,1610612760,OKC,Oklahoma City Thunder
0021500256,2015-11-30,2015-16,regular_season,road,False,1610612760,OKC,Thunder,Starters,141:09,81,Oklahoma City,thunder,30,62,0.484,4,11,0.364,17,19,0.895,3,22,25,14,6,8,8,9,1610612737,ATL,Atlanta Hawks,1610612760,OKC,Oklahoma City Thunder
0021500257,2015-11-30,2015-16,regular_season,home,False,1610612741,CHI,Bulls,Bench,150:48,30,Chicago,bulls,14,29,0.483,1,4,0.25,1,6,0.167,6,14,20,9,1,0,1,11,1610612741,CHI,Chicago Bulls,1610612759,SAS,San Antonio Spurs
0021500257,2015-11-30,2015-16,regular_season,home,False,1610612741,CHI,Bulls,Starters,150:48,62,Chicago,bulls,23,57,0.404,5,12,0.417,11,14,0.786,6,25,31,16,3,6,9,10,1610612741,CHI,Chicago Bulls,1610612759,SAS,San Antonio Spurs
0021500257,2015-11-30,2015-16,regular_season,road,False,1610612759,SAS,Spurs,Bench,167:46,15,San Antonio,spurs,6,22,0.273,1,5,0.2,2,2,1.0,2,8,10,4,1,1,2,6,1610612741,CHI,Chicago Bulls,1610612759,SAS,San Antonio Spurs
0021500257,2015-11-30,2015-16,regular_season,road,False,1610612759,SAS,Spurs,Starters,167:46,74,San Antonio,spurs,31,68,0.456,1,9,0.111,11,16,0.688,10,27,37,16,4,3,7,11,1610612741,CHI,Chicago Bulls,1610612759,SAS,San Antonio Spurs
0021500258,2015-11-30,2015-16,regular_season,home,False,1610612749,MIL,Bucks,Bench,139:08,39,Milwaukee,bucks,16,33,0.485,0,2,0.0,7,12,0.583,4,17,21,13,6,9,4,7,1610612749,MIL,Milwaukee Bucks,1610612743,DEN,Denver Nuggets
0021500258,2015-11-30,2015-16,regular_season,home,False,1610612749,MIL,Bucks,Starters,139:08,53,Milwaukee,bucks,19,44,0.432,6,16,0.375,9,10,0.9,4,13,17,12,4,3,9,12,1610612749,MIL,Milwaukee Bucks,1610612743,DEN,Denver Nuggets
0021500258,2015-11-30,2015-16,regular_season,road,False,1610612743,DEN,Nuggets,Bench,135:05,27,Denver,nuggets,12,33,0.364,2,6,0.333,1,2,0.5,4,14,18,8,4,0,7,12,1610612749,MIL,Milwaukee Bucks,1610612743,DEN,Denver Nuggets
0021500258,2015-11-30,2015-16,regular_season,road,False,1610612743,DEN,Nuggets,Starters,135:05,47,Denver,nuggets,16,42,0.381,4,13,0.308,11,14,0.786,6,19,25,11,2,4,15,8,1610612749,MIL,Milwaukee Bucks,1610612743,DEN,Denver Nuggets
0021500259,2015-11-30,2015-16,regular_season,home,False,1610612762,UTA,Jazz,Bench,158:18,31,Utah,jazz,14,29,0.483,2,6,0.333,1,3,0.333,2,5,7,4,5,1,5,7,1610612762,UTA,Utah Jazz,1610612744,GSW,Golden State Warriors
0021500259,2015-11-30,2015-16,regular_season,home,False,1610612762,UTA,Jazz,Starters,158:18,72,Utah,jazz,26,60,0.433,4,13,0.308,16,19,0.842,8,20,28,14,4,1,3,9,1610612762,UTA,Utah Jazz,1610612744,GSW,Golden State Warriors
0021500259,2015-11-30,2015-16,regular_season,road,False,1610612744,GSW,Warriors,Bench,145:35,33,Golden State,warriors,12,22,0.545,5,9,0.556,4,4,1.0,2,14,16,3,0,2,5,7,1610612762,UTA,Utah Jazz,1610612744,GSW,Golden State Warriors
0021500259,2015-11-30,2015-16,regular_season,road,False,1610612744,GSW,Warriors,Starters,145:35,73,Golden State,warriors,28,60,0.467,9,20,0.45,8,11,0.727,12,17,29,18,2,3,10,12,1610612762,UTA,Utah Jazz,1610612744,GSW,Golden State Warriors
0021500260,2015-11-30,2015-16,regular_season,home,False,1610612758,SAC,Kings,Bench,132:27,35,Sacramento,kings,11,23,0.478,5,13,0.385,8,13,0.615,3,13,16,10,1,0,5,12,1610612758,SAC,Sacramento Kings,1610612742,DAL,Dallas Mavericks
0021500260,2015-11-30,2015-16,regular_season,home,False,1610612758,SAC,Kings,Starters,132:27,77,Sacramento,kings,25,56,0.446,4,18,0.222,23,31,0.742,6,20,26,12,0,1,6,6,1610612758,SAC,Sacramento Kings,1610612742,DAL,Dallas Mavericks
0021500260,2015-11-30,2015-16,regular_season,road,False,1610612742,DAL,Mavericks,Bench,152:05,38,Dallas,mavericks,14,30,0.467,3,13,0.231,7,8,0.875,4,12,16,9,5,1,7,15,1610612758,SAC,Sacramento Kings,1610612742,DAL,Dallas Mavericks
0021500260,2015-11-30,2015-16,regular_season,road,False,1610612742,DAL,Mavericks,Starters,152:05,60,Dallas,mavericks,22,54,0.407,6,24,0.25,10,14,0.714,5,19,24,13,3,2,9,15,1610612758,SAC,Sacramento Kings,1610612742,DAL,Dallas Mavericks
0021500261,2015-11-30,2015-16,regular_season,home,False,1610612746,LAC,Clippers,Bench,143:27,33,LA,clippers,12,32,0.375,4,10,0.4,5,8,0.625,3,12,15,9,2,2,3,11,1610612746,LAC,LA Clippers,1610612757,POR,Portland Trail Blazers
0021500261,2015-11-30,2015-16,regular_season,home,False,1610612746,LAC,Clippers,Starters,143:27,69,LA,clippers,21,53,0.396,4,9,0.444,23,48,0.479,15,25,40,17,5,3,7,11,1610612746,LAC,LA Clippers,1610612757,POR,Portland Trail Blazers
0021500261,2015-11-30,2015-16,regular_season,road,False,1610612757,POR,Trail Blazers,Bench,124:41,49,Portland,blazers,19,39,0.487,2,8,0.25,9,15,0.6,8,19,27,5,3,2,6,21,1610612746,LAC,LA Clippers,1610612757,POR,Portland Trail Blazers
0021500261,2015-11-30,2015-16,regular_season,road,False,1610612757,POR,Trail Blazers,Starters,124:41,38,Portland,blazers,14,48,0.292,3,15,0.2,7,12,0.583,5,22,27,13,3,0,12,17,1610612746,LAC,LA Clippers,1610612757,POR,Portland Trail Blazers
0021500262,2015-12-01,2015-16,regular_season,home,False,1610612739,CLE,Cavaliers,Bench,143:06,28,Cleveland,cavaliers,10,26,0.385,4,10,0.4,4,6,0.667,4,13,17,5,4,1,3,8,1610612739,CLE,Cleveland Cavaliers,1610612764,WAS,Washington Wizards
0021500262,2015-12-01,2015-16,regular_season,home,False,1610612739,CLE,Cavaliers,Starters,143:06,57,Cleveland,cavaliers,18,57,0.316,5,20,0.25,16,17,0.941,6,24,30,10,4,2,15,10,1610612739,CLE,Cleveland Cavaliers,1610612764,WAS,Washington Wizards
0021500262,2015-12-01,2015-16,regular_season,road,False,1610612764,WAS,Wizards,Bench,188:35,11,Washington,wizards,4,15,0.267,1,7,0.143,2,2,1.0,1,7,8,2,0,0,0,7,1610612739,CLE,Cleveland Cavaliers,1610612764,WAS,Washington Wizards
0021500262,2015-12-01,2015-16,regular_season,road,False,1610612764,WAS,Wizards,Starters,188:35,86,Washington,wizards,35,68,0.515,6,21,0.286,10,14,0.714,1,30,31,21,7,5,12,16,1610612739,CLE,Cleveland Cavaliers,1610612764,WAS,Washington Wizards
0021500263,2015-12-01,2015-16,regular_season,home,False,1610612755,PHI,76ers,Bench,144:09,40,Philadelphia,sixers,13,28,0.464,5,13,0.385,9,12,0.75,4,16,20,12,4,1,7,9,1610612755,PHI,Philadelphia 76ers,1610612747,LAL,Los Angeles Lakers
0021500263,2015-12-01,2015-16,regular_season,home,False,1610612755,PHI,76ers,Starters,144:09,63,Philadelphia,sixers,24,51,0.471,9,19,0.474,6,11,0.545,6,21,27,16,2,7,8,9,1610612755,PHI,Philadelphia 76ers,1610612747,LAL,Los Angeles Lakers
0021500263,2015-12-01,2015-16,regular_season,road,False,1610612747,LAL,Lakers,Bench,167:42,22,Los Angeles,lakers,5,14,0.357,2,8,0.25,10,13,0.769,1,10,11,3,1,0,6,5,1610612755,PHI,Philadelphia 76ers,1610612747,LAL,Los Angeles Lakers
0021500263,2015-12-01,2015-16,regular_season,road,False,1610612747,LAL,Lakers,Starters,167:42,69,Los Angeles,lakers,28,75,0.373,6,26,0.231,7,11,0.636,11,24,35,12,3,2,5,14,1610612755,PHI,Philadelphia 76ers,1610612747,LAL,Los Angeles Lakers
0021500264,2015-12-01,2015-16,regular_season,home,False,1610612751,BKN,Nets,Bench,160:04,35,Brooklyn,nets,16,26,0.615,3,7,0.429,0,0,0.0,2,15,17,8,4,3,2,6,1610612751,BKN,Brooklyn Nets,1610612756,PHX,Phoenix Suns
0021500264,2015-12-01,2015-16,regular_season,home,False,1610612751,BKN,Nets,Starters,160:04,59,Brooklyn,nets,25,58,0.431,1,6,0.167,8,12,0.667,4,21,25,15,6,1,13,13,1610612751,BKN,Brooklyn Nets,1610612756,PHX,Phoenix Suns
0021500264,2015-12-01,2015-16,regular_season,road,False,1610612756,PHX,Suns,Bench,169:28,20,Phoenix,suns,8,22,0.364,4,12,0.333,0,0,0.0,2,10,12,3,2,0,1,5,1610612751,BKN,Brooklyn Nets,1610612756,PHX,Phoenix Suns
0021500264,2015-12-01,2015-16,regular_season,road,False,1610612756,PHX,Suns,Starters,169:28,71,Phoenix,suns,25,53,0.472,6,16,0.375,15,22,0.682,2,25,27,17,7,3,15,8,1610612751,BKN,Brooklyn Nets,1610612756,PHX,Phoenix Suns
0021500265,2015-12-01,2015-16,regular_season,home,False,1610612750,MIN,Timberwolves,Bench,128:38,37,Minnesota,timberwolves,13,33,0.394,1,10,0.1,10,11,0.909,6,16,22,9,3,5,5,9,1610612750,MIN,Minnesota Timberwolves,1610612753,ORL,Orlando Magic
0021500265,2015-12-01,2015-16,regular_season,home,False,1610612750,MIN,Timberwolves,Starters,128:38,56,Minnesota,timberwolves,16,44,0.364,3,9,0.333,21,27,0.778,6,18,24,5,4,6,8,11,1610612750,MIN,Minnesota Timberwolves,1610612753,ORL,Orlando Magic
0021500265,2015-12-01,2015-16,regular_season,road,False,1610612753,ORL,Magic,Bench,151:15,39,Orlando,magic,15,33,0.455,2,8,0.25,7,8,0.875,4,10,14,5,3,4,3,13,1610612750,MIN,Minnesota Timberwolves,1610612753,ORL,Orlando Magic
0021500265,2015-12-01,2015-16,regular_season,road,False,1610612753,ORL,Magic,Starters,151:15,57,Orlando,magic,23,53,0.434,3,9,0.333,8,12,0.667,7,23,30,14,4,1,10,17,1610612750,MIN,Minnesota Timberwolves,1610612753,ORL,Orlando Magic
0021500266,2015-12-01,2015-16,regular_season,home,False,1610612740,NOP,Pelicans,Bench,139:17,39,New Orleans,pelicans,12,37,0.324,4,17,0.235,11,14,0.786,3,10,13,9,0,1,3,13,1610612740,NOP,New Orleans Pelicans,1610612763,MEM,Memphis Grizzlies
0021500266,2015-12-01,2015-16,regular_season,home,False,1610612740,NOP,Pelicans,Starters,139:17,65,New Orleans,pelicans,23,44,0.523,5,10,0.5,14,19,0.737,6,18,24,16,3,10,5,8,1610612740,NOP,New Orleans Pelicans,1610612763,MEM,Memphis Grizzlies
0021500266,2015-12-01,2015-16,regular_season,road,False,1610612763,MEM,Grizzlies,Bench,138:39,41,Memphis,grizzlies,17,30,0.567,1,4,0.25,6,7,0.857,7,14,21,9,1,0,1,14,1610612740,NOP,New Orleans Pelicans,1610612763,MEM,Memphis Grizzlies
0021500266,2015-12-01,2015-16,regular_season,road,False,1610612763,MEM,Grizzlies,Starters,138:39,72,Memphis,grizzlies,26,60,0.433,1,6,0.167,19,19,1.0,6,22,28,12,2,4,5,9,1610612740,NOP,New Orleans Pelicans,1610612763,MEM,Memphis Grizzlies
0021500267,2015-12-01,2015-16,regular_season,home,False,1610612757,POR,Trail Blazers,Bench,125:52,73,Portland,blazers,26,48,0.542,9,23,0.391,12,13,0.923,7,24,31,7,1,0,6,12,1610612757,POR,Portland Trail Blazers,1610612742,DAL,Dallas Mavericks
0021500267,2015-12-01,2015-16,regular_season,home,False,1610612757,POR,Trail Blazers,Starters,125:52,39,Portland,blazers,15,52,0.288,6,17,0.353,3,4,0.75,6,13,19,17,5,1,9,11,1610612757,POR,Portland Trail Blazers,1610612742,DAL,Dallas Mavericks
0021500267,2015-12-01,2015-16,regular_season,road,False,1610612742,DAL,Mavericks,Bench,199:29,16,Dallas,mavericks,7,22,0.318,2,9,0.222,0,0,0.0,2,6,8,2,3,1,4,6,1610612757,POR,Portland Trail Blazers,1610612742,DAL,Dallas Mavericks
0021500267,2015-12-01,2015-16,regular_season,road,False,1610612742,DAL,Mavericks,Starters,199:29,99,Dallas,mavericks,36,72,0.5,7,20,0.35,20,24,0.833,10,31,41,21,4,4,8,11,1610612757,POR,Portland Trail Blazers,1610612742,DAL,Dallas Mavericks
0021500268,2015-12-02,2015-16,regular_season,home,False,1610612766,CHA,Hornets,Bench,113:04,66,Charlotte,hornets,23,48,0.479,8,16,0.5,12,21,0.571,6,15,21,12,6,3,5,8,1610612766,CHA,Charlotte Hornets,1610612744,GSW,Golden State Warriors
0021500268,2015-12-02,2015-16,regular_season,home,False,1610612766,CHA,Hornets,Starters,113:04,33,Charlotte,hornets,12,46,0.261,1,15,0.067,8,9,0.889,7,13,20,7,4,4,3,5,1610612766,CHA,Charlotte Hornets,1610612744,GSW,Golden State Warriors
0021500268,2015-12-02,2015-16,regular_season,road,False,1610612744,GSW,Warriors,Bench,134:02,39,Golden State,warriors,17,37,0.459,2,6,0.333,3,3,1.0,7,14,21,15,1,3,5,16,1610612766,CHA,Charlotte Hornets,1610612744,GSW,Golden State Warriors
0021500268,2015-12-02,2015-16,regular_season,road,False,1610612744,GSW,Warriors,Starters,134:02,77,Golden State,warriors,29,51,0.569,14,28,0.5,5,8,0.625,4,28,32,16,1,6,13,7,1610612766,CHA,Charlotte Hornets,1610612744,GSW,Golden State Warriors
0021500269,2015-12-02,2015-16,regular_season,home,False,1610612764,WAS,Wizards,Bench,173:09,26,Washington,wizards,8,20,0.4,1,3,0.333,9,13,0.692,5,8,13,4,4,0,6,4,1610612764,WAS,Washington Wizards,1610612747,LAL,Los Angeles Lakers
0021500269,2015-12-02,2015-16,regular_season,home,False,1610612764,WAS,Wizards,Starters,173:09,78,Washington,wizards,29,59,0.492,6,18,0.333,14,18,0.778,3,25,28,20,7,2,17,11,1610612764,WAS,Washington Wizards,1610612747,LAL,Los Angeles Lakers
0021500269,2015-12-02,2015-16,regular_season,road,False,1610612747,LAL,Lakers,Bench,161:33,29,Los Angeles,lakers,11,24,0.458,3,6,0.5,4,4,1.0,6,7,13,8,8,1,4,8,1610612764,WAS,Washington Wizards,1610612747,LAL,Los Angeles Lakers
0021500269,2015-12-02,2015-16,regular_season,road,False,1610612747,LAL,Lakers,Starters,161:33,79,Los Angeles,lakers,30,72,0.417,5,19,0.263,14,16,0.875,10,22,32,9,10,2,12,14,1610612764,WAS,Washington Wizards,1610612747,LAL,Los Angeles Lakers
0021500270,2015-12-02,2015-16,regular_season,home,False,1610612765,DET,Pistons,Bench,204:54,14,Detroit,pistons,5,17,0.294,2,5,0.4,2,2,1.0,4,7,11,2,1,0,5,4,1610612765,DET,Detroit Pistons,1610612756,PHX,Phoenix Suns
0021500270,2015-12-02,2015-16,regular_season,home,False,1610612765,DET,Pistons,Starters,204:54,113,Detroit,pistons,39,70,0.557,10,22,0.455,25,42,0.595,9,30,39,22,9,1,13,16,1610612765,DET,Detroit Pistons,1610612756,PHX,Phoenix Suns
0021500270,2015-12-02,2015-16,regular_season,road,False,1610612756,PHX,Suns,Bench,171:10,50,Phoenix,suns,19,33,0.576,7,11,0.636,5,5,1.0,1,10,11,5,2,0,2,14,1610612765,DET,Detroit Pistons,1610612756,PHX,Phoenix Suns
0021500270,2015-12-02,2015-16,regular_season,road,False,1610612756,PHX,Suns,Starters,171:10,72,Phoenix,suns,28,64,0.438,7,22,0.318,9,10,0.9,9,16,25,23,5,3,13,19,1610612765,DET,Detroit Pistons,1610612756,PHX,Phoenix Suns
0021500271,2015-12-02,2015-16,regular_season,home,False,1610612752,NYK,Knicks,Bench,128:10,40,New York,knicks,14,38,0.368,0,7,0.0,12,15,0.8,5,14,19,7,2,4,8,9,1610612752,NYK,New York Knicks,1610612755,PHI,Philadelphia 76ers
0021500271,2015-12-02,2015-16,regular_season,home,False,1610612752,NYK,Knicks,Starters,128:10,59,New York,knicks,24,50,0.48,4,12,0.333,7,7,1.0,3,28,31,12,3,5,9,8,1610612752,NYK,New York Knicks,1610612755,PHI,Philadelphia 76ers
0021500271,2015-12-02,2015-16,regular_season,road,False,1610612755,PHI,76ers,Bench,132:50,43,Philadelphia,sixers,16,35,0.457,5,10,0.5,6,12,0.5,3,15,18,5,3,3,4,11,1610612752,NYK,New York Knicks,1610612755,PHI,Philadelphia 76ers
0021500271,2015-12-02,2015-16,regular_season,road,False,1610612755,PHI,76ers,Starters,132:50,44,Philadelphia,sixers,16,51,0.314,4,20,0.2,8,12,0.667,4,20,24,6,5,4,9,8,1610612752,NYK,New York Knicks,1610612755,PHI,Philadelphia 76ers
0021500272,2015-12-02,2015-16,regular_season,home,False,1610612737,ATL,Hawks,Bench,163:09,24,Atlanta,hawks,9,28,0.321,2,9,0.222,4,6,0.667,3,10,13,5,2,2,6,9,1610612737,ATL,Atlanta Hawks,1610612761,TOR,Toronto Raptors
0021500272,2015-12-02,2015-16,regular_season,home,False,1610612737,ATL,Hawks,Starters,163:09,62,Atlanta,hawks,24,62,0.387,6,18,0.333,8,10,0.8,10,20,30,17,6,5,6,11,1610612737,ATL,Atlanta Hawks,1610612761,TOR,Toronto Raptors
0021500272,2015-12-02,2015-16,regular_season,road,False,1610612761,TOR,Raptors,Bench,142:31,28,Toronto,raptors,12,26,0.462,3,12,0.25,1,3,0.333,1,17,18,5,4,2,2,7,1610612737,ATL,Atlanta Hawks,1610612761,TOR,Toronto Raptors
0021500272,2015-12-02,2015-16,regular_season,road,False,1610612761,TOR,Raptors,Starters,142:31,68,Toronto,raptors,24,53,0.453,3,13,0.231,17,21,0.81,7,25,32,7,6,3,10,11,1610612737,ATL,Atlanta Hawks,1610612761,TOR,Toronto Raptors
0021500273,2015-12-02,2015-16,regular_season,home,False,1610612741,CHI,Bulls,Bench,136:33,33,Chicago,bulls,13,29,0.448,2,6,0.333,5,7,0.714,9,19,28,6,1,5,8,10,1610612741,CHI,Chicago Bulls,1610612743,DEN,Denver Nuggets
0021500273,2015-12-02,2015-16,regular_season,home,False,1610612741,CHI,Bulls,Starters,136:33,66,Chicago,bulls,23,60,0.383,4,11,0.364,16,20,0.8,6,28,34,16,2,5,6,7,1610612741,CHI,Chicago Bulls,1610612743,DEN,Denver Nuggets
0021500273,2015-12-02,2015-16,regular_season,road,False,1610612743,DEN,Nuggets,Bench,125:04,47,Denver,nuggets,18,44,0.409,2,6,0.333,9,12,0.75,6,22,28,8,4,3,1,14,1610612741,CHI,Chicago Bulls,1610612743,DEN,Denver Nuggets
0021500273,2015-12-02,2015-16,regular_season,road,False,1610612743,DEN,Nuggets,Starters,125:04,43,Denver,nuggets,18,49,0.367,3,9,0.333,4,10,0.4,7,14,21,18,4,5,6,8,1610612741,CHI,Chicago Bulls,1610612743,DEN,Denver Nuggets
0021500274,2015-12-02,2015-16,regular_season,home,False,1610612745,HOU,Rockets,Bench,148:53,47,Houston,rockets,16,35,0.457,3,9,0.333,12,17,0.706,2,6,8,9,4,2,5,6,1610612745,HOU,Houston Rockets,1610612740,NOP,New Orleans Pelicans
0021500274,2015-12-02,2015-16,regular_season,home,False,1610612745,HOU,Rockets,Starters,148:53,61,Houston,rockets,20,52,0.385,5,18,0.278,16,22,0.727,7,27,34,11,5,5,5,17,1610612745,HOU,Houston Rockets,1610612740,NOP,New Orleans Pelicans
0021500274,2015-12-02,2015-16,regular_season,road,False,1610612740,NOP,Pelicans,Bench,144:54,42,New Orleans,pelicans,17,42,0.405,5,17,0.294,3,3,1.0,9,19,28,6,2,3,13,18,1610612745,HOU,Houston Rockets,1610612740,NOP,New Orleans Pelicans
0021500274,2015-12-02,2015-16,regular_season,road,False,1610612740,NOP,Pelicans,Starters,144:54,59,New Orleans,pelicans,19,46,0.413,2,8,0.25,19,22,0.864,7,21,28,14,3,3,10,14,1610612745,HOU,Houston Rockets,1610612740,NOP,New Orleans Pelicans
0021500275,2015-12-02,2015-16,regular_season,home,False,1610612759,SAS,Spurs,Bench,106:39,50,San Antonio,spurs,21,46,0.457,6,15,0.4,2,6,0.333,4,23,27,15,6,4,7,4,1610612759,SAS,San Antonio Spurs,1610612749,MIL,Milwaukee Bucks
0021500275,2015-12-02,2015-16,regular_season,home,False,1610612759,SAS,Spurs,Starters,106:39,45,San Antonio,spurs,16,44,0.364,1,6,0.167,12,14,0.857,7,20,27,10,5,5,4,8,1610612759,SAS,San Antonio Spurs,1610612749,MIL,Milwaukee Bucks
0021500275,2015-12-02,2015-16,regular_season,road,False,1610612749,MIL,Bucks,Bench,131:42,27,Milwaukee,bucks,9,32,0.281,2,7,0.286,7,9,0.778,3,18,21,8,5,2,6,10,1610612759,SAS,San Antonio Spurs,1610612749,MIL,Milwaukee Bucks
0021500275,2015-12-02,2015-16,regular_season,road,False,1610612749,MIL,Bucks,Starters,131:42,43,Milwaukee,bucks,17,46,0.37,1,7,0.143,8,9,0.889,3,20,23,9,2,4,10,10,1610612759,SAS,San Antonio Spurs,1610612749,MIL,Milwaukee Bucks
0021500276,2015-12-02,2015-16,regular_season,home,False,1610612746,LAC,Clippers,Bench,120:55,57,LA,clippers,19,45,0.422,5,23,0.217,14,15,0.933,3,15,18,12,4,2,7,16,1610612746,LAC,LA Clippers,1610612754,IND,Indiana Pacers
0021500276,2015-12-02,2015-16,regular_season,home,False,1610612746,LAC,Clippers,Starters,120:55,34,LA,clippers,11,34,0.324,1,4,0.25,11,24,0.458,7,15,22,7,0,0,8,15,1610612746,LAC,LA Clippers,1610612754,IND,Indiana Pacers
0021500276,2015-12-02,2015-16,regular_season,road,False,1610612754,IND,Pacers,Bench,154:37,41,Indiana,pacers,13,29,0.448,2,9,0.222,13,15,0.867,4,16,20,7,1,0,3,12,1610612746,LAC,LA Clippers,1610612754,IND,Indiana Pacers
0021500276,2015-12-02,2015-16,regular_season,road,False,1610612754,IND,Pacers,Starters,154:37,62,Indiana,pacers,19,47,0.404,5,11,0.455,19,24,0.792,5,22,27,9,6,6,11,14,1610612746,LAC,LA Clippers,1610612754,IND,Indiana Pacers
0021500277,2015-12-03,2015-16,regular_season,home,False,1610612748,MIA,Heat,Bench,161:22,23,Miami,heat,9,15,0.6,0,4,0.0,5,9,0.556,3,7,10,10,5,1,2,6,1610612748,MIA,Miami Heat,1610612760,OKC,Oklahoma City Thunder
0021500277,2015-12-03,2015-16,regular_season,home,False,1610612748,MIA,Heat,Starters,161:22,74,Miami,heat,31,66,0.47,3,9,0.333,9,15,0.6,3,22,25,15,5,2,7,8,1610612748,MIA,Miami Heat,1610612760,OKC,Oklahoma City Thunder
0021500277,2015-12-03,2015-16,regular_season,road,False,1610612760,OKC,Thunder,Bench,152:28,25,Oklahoma City,thunder,10,22,0.455,1,4,0.25,4,4,1.0,0,6,6,3,1,0,2,6,1610612748,MIA,Miami Heat,1610612760,OKC,Oklahoma City Thunder
0021500277,2015-12-03,2015-16,regular_season,road,False,1610612760,OKC,Thunder,Starters,152:28,70,Oklahoma City,thunder,25,57,0.439,3,12,0.25,17,20,0.85,9,29,38,12,4,1,13,12,1610612748,MIA,Miami Heat,1610612760,OKC,Oklahoma City Thunder
0021500278,2015-12-03,2015-16,regular_season,home,False,1610612761,TOR,Raptors,Bench,152:26,31,Toronto,raptors,13,26,0.5,3,8,0.375,2,3,0.667,3,11,14,6,3,0,1,2,1610612761,TOR,Toronto Raptors,1610612743,DEN,Denver Nuggets
0021500278,2015-12-03,2015-16,regular_season,home,False,1610612761,TOR,Raptors,Starters,152:26,74,Toronto,raptors,26,66,0.394,5,19,0.263,17,19,0.895,6,19,25,15,6,3,3,14,1610612761,TOR,Toronto Raptors,1610612743,DEN,Denver Nuggets
0021500278,2015-12-03,2015-16,regular_season,road,False,1610612743,DEN,Nuggets,Bench,154:49,35,Denver,nuggets,12,27,0.444,4,10,0.4,7,7,1.0,3,13,16,11,0,1,4,6,1610612761,TOR,Toronto Raptors,1610612743,DEN,Denver Nuggets
0021500278,2015-12-03,2015-16,regular_season,road,False,1610612743,DEN,Nuggets,Starters,154:49,71,Denver,nuggets,26,54,0.481,8,17,0.471,11,11,1.0,3,23,26,19,2,3,7,13,1610612761,TOR,Toronto Raptors,1610612743,DEN,Denver Nuggets
0021500279,2015-12-03,2015-16,regular_season,home,False,1610612762,UTA,Jazz,Bench,128:04,49,Utah,jazz,17,39,0.436,8,18,0.444,7,10,0.7,2,13,15,10,0,5,7,7,1610612762,UTA,Utah Jazz,1610612753,ORL,Orlando Magic
0021500279,2015-12-03,2015-16,regular_season,home,False,1610612762,UTA,Jazz,Starters,128:04,45,Utah,jazz,14,33,0.424,6,15,0.4,11,14,0.786,3,21,24,8,4,3,12,9,1610612762,UTA,Utah Jazz,1610612753,ORL,Orlando Magic
0021500279,2015-12-03,2015-16,regular_season,road,False,1610612753,ORL,Magic,Bench,152:46,37,Orlando,magic,15,34,0.441,4,10,0.4,3,3,1.0,4,9,13,4,3,2,3,9,1610612762,UTA,Utah Jazz,1610612753,ORL,Orlando Magic
0021500279,2015-12-03,2015-16,regular_season,road,False,1610612753,ORL,Magic,Starters,152:46,66,Orlando,magic,25,55,0.455,4,13,0.308,12,12,1.0,5,22,27,15,10,2,7,11,1610612762,UTA,Utah Jazz,1610612753,ORL,Orlando Magic
0021500280,2015-12-03,2015-16,regular_season,home,False,1610612763,MEM,Grizzlies,Bench,133:59,34,Memphis,grizzlies,10,32,0.313,1,12,0.083,13,14,0.929,3,11,14,10,4,1,4,10,1610612763,MEM,Memphis Grizzlies,1610612759,SAS,San Antonio Spurs
0021500280,2015-12-03,2015-16,regular_season,home,False,1610612763,MEM,Grizzlies,Starters,133:59,49,Memphis,grizzlies,20,48,0.417,1,4,0.25,8,11,0.727,6,17,23,9,2,5,7,7,1610612763,MEM,Memphis Grizzlies,1610612759,SAS,San Antonio Spurs
0021500280,2015-12-03,2015-16,regular_season,road,False,1610612759,SAS,Spurs,Bench,145:03,33,San Antonio,spurs,13,30,0.433,3,6,0.5,4,6,0.667,3,14,17,12,5,1,9,11,1610612763,MEM,Memphis Grizzlies,1610612759,SAS,San Antonio Spurs
0021500280,2015-12-03,2015-16,regular_season,road,False,1610612759,SAS,Spurs,Starters,145:03,70,San Antonio,spurs,27,50,0.54,7,12,0.583,9,12,0.75,7,24,31,15,3,7,6,10,1610612763,MEM,Memphis Grizzlies,1610612759,SAS,San Antonio Spurs
0021500281,2015-12-03,2015-16,regular_season,home,False,1610612757,POR,Trail Blazers,Bench,143:35,45,Portland,blazers,19,32,0.594,7,11,0.636,0,0,0.0,8,12,20,5,7,1,5,11,1610612757,POR,Portland Trail Blazers,1610612754,IND,Indiana Pacers
0021500281,2015-12-03,2015-16,regular_season,home,False,1610612757,POR,Trail Blazers,Starters,143:35,78,Portland,blazers,25,53,0.472,11,25,0.44,17,20,0.85,7,21,28,21,4,2,10,9,1610612757,POR,Portland Trail Blazers,1610612754,IND,Indiana Pacers
0021500281,2015-12-03,2015-16,regular_season,road,False,1610612754,IND,Pacers,Bench,138:18,43,Indiana,pacers,13,31,0.419,3,6,0.5,14,14,1.0,7,9,16,7,3,2,3,2,1610612757,POR,Portland Trail Blazers,1610612754,IND,Indiana Pacers
0021500281,2015-12-03,2015-16,regular_season,road,False,1610612754,IND,Pacers,Starters,138:18,68,Indiana,pacers,25,57,0.439,10,24,0.417,8,10,0.8,8,17,25,11,1,1,9,15,1610612757,POR,Portland Trail Blazers,1610612754,IND,Indiana Pacers
0021500282,2015-12-03,2015-16,regular_season,home,False,1610612758,SAC,Kings,Bench,121:32,39,Sacramento,kings,11,33,0.333,2,10,0.2,15,18,0.833,3,17,20,7,5,2,6,5,1610612758,SAC,Sacramento Kings,1610612738,BOS,Boston Celtics
0021500282,2015-12-03,2015-16,regular_season,home,False,1610612758,SAC,Kings,Starters,121:32,58,Sacramento,kings,18,44,0.409,5,11,0.455,17,23,0.739,6,20,26,14,3,2,13,15,1610612758,SAC,Sacramento Kings,1610612738,BOS,Boston Celtics
0021500282,2015-12-03,2015-16,regular_season,road,False,1610612738,BOS,Celtics,Bench,131:48,43,Boston,celtics,17,35,0.486,3,9,0.333,6,8,0.75,5,13,18,13,3,2,9,17,1610612758,SAC,Sacramento Kings,1610612738,BOS,Boston Celtics
0021500282,2015-12-03,2015-16,regular_season,road,False,1610612738,BOS,Celtics,Starters,131:48,71,Boston,celtics,23,49,0.469,11,24,0.458,14,16,0.875,1,21,22,21,11,3,7,15,1610612758,SAC,Sacramento Kings,1610612738,BOS,Boston Celtics
0021500283,2015-12-04,2015-16,regular_season,home,False,1610612752,NYK,Knicks,Bench,145:49,35,New York,knicks,13,37,0.351,3,12,0.25,6,6,1.0,2,13,15,7,4,1,6,7,1610612752,NYK,New York Knicks,1610612751,BKN,Brooklyn Nets
0021500283,2015-12-04,2015-16,regular_season,home,False,1610612752,NYK,Knicks,Starters,145:49,73,New York,knicks,26,50,0.52,9,15,0.6,12,15,0.8,6,23,29,18,4,5,7,7,1610612752,NYK,New York Knicks,1610612751,BKN,Brooklyn Nets
0021500283,2015-12-04,2015-16,regular_season,road,False,1610612751,BKN,Nets,Bench,140:25,36,Brooklyn,nets,16,33,0.485,1,7,0.143,3,8,0.375,6,18,24,7,5,2,5,3,1610612752,NYK,New York Knicks,1610612751,BKN,Brooklyn Nets
0021500283,2015-12-04,2015-16,regular_season,road,False,1610612751,BKN,Nets,Starters,140:25,55,Brooklyn,nets,23,58,0.397,2,4,0.5,7,7,1.0,7,18,25,8,4,2,8,10,1610612752,NYK,New York Knicks,1610612751,BKN,Brooklyn Nets
0021500284,2015-12-04,2015-16,regular_season,home,False,1610612764,WAS,Wizards,Bench,147:24,40,Washington,wizards,16,27,0.593,3,10,0.3,5,8,0.625,5,10,15,4,2,0,4,9,1610612764,WAS,Washington Wizards,1610612756,PHX,Phoenix Suns
0021500284,2015-12-04,2015-16,regular_season,home,False,1610612764,WAS,Wizards,Starters,147:24,69,Washington,wizards,24,55,0.436,7,16,0.438,14,17,0.824,10,16,26,15,7,2,17,12,1610612764,WAS,Washington Wizards,1610612756,PHX,Phoenix Suns
0021500284,2015-12-04,2015-16,regular_season,road,False,1610612756,PHX,Suns,Bench,147:58,37,Phoenix,suns,15,32,0.469,3,7,0.429,4,5,0.8,2,5,7,6,4,1,7,12,1610612764,WAS,Washington Wizards,1610612756,PHX,Phoenix Suns
0021500284,2015-12-04,2015-16,regular_season,road,False,1610612756,PHX,Suns,Starters,147:58,69,Phoenix,suns,28,52,0.538,7,16,0.438,6,11,0.545,10,18,28,15,4,3,13,11,1610612764,WAS,Washington Wizards,1610612756,PHX,Phoenix Suns
0021500285,2015-12-04,2015-16,regular_season,home,False,1610612765,DET,Pistons,Bench,166:30,18,Detroit,pistons,7,20,0.35,4,9,0.444,0,2,0.0,1,7,8,6,3,2,1,4,1610612765,DET,Detroit Pistons,1610612749,MIL,Milwaukee Bucks
0021500285,2015-12-04,2015-16,regular_season,home,False,1610612765,DET,Pistons,Starters,166:30,84,Detroit,pistons,27,62,0.435,3,14,0.214,27,37,0.73,7,31,38,12,5,2,8,7,1610612765,DET,Detroit Pistons,1610612749,MIL,Milwaukee Bucks
0021500285,2015-12-04,2015-16,regular_season,road,False,1610612749,MIL,Bucks,Bench,160:34,26,Milwaukee,bucks,12,24,0.5,0,2,0.0,2,2,1.0,6,10,16,6,3,3,6,16,1610612765,DET,Detroit Pistons,1610612749,MIL,Milwaukee Bucks
0021500285,2015-12-04,2015-16,regular_season,road,False,1610612749,MIL,Bucks,Starters,160:34,69,Milwaukee,bucks,27,63,0.429,4,16,0.25,11,12,0.917,3,32,35,15,3,3,8,17,1610612765,DET,Detroit Pistons,1610612749,MIL,Milwaukee Bucks
0021500286,2015-12-04,2015-16,regular_season,home,False,1610612737,ATL,Hawks,Bench,162:52,41,Atlanta,hawks,14,27,0.519,5,9,0.556,8,11,0.727,4,10,14,7,4,2,5,6,1610612737,ATL,Atlanta Hawks,1610612747,LAL,Los Angeles Lakers
0021500286,2015-12-04,2015-16,regular_season,home,False,1610612737,ATL,Hawks,Starters,162:52,59,Atlanta,hawks,23,47,0.489,5,17,0.294,8,9,0.889,5,24,29,17,7,7,12,5,1610612737,ATL,Atlanta Hawks,1610612747,LAL,Los Angeles Lakers
0021500286,2015-12-04,2015-16,regular_season,road,False,1610612747,LAL,Lakers,Bench,151:29,31,Los Angeles,lakers,12,26,0.462,4,7,0.571,3,4,0.75,3,13,16,5,2,3,1,5,1610612737,ATL,Atlanta Hawks,1610612747,LAL,Los Angeles Lakers
0021500286,2015-12-04,2015-16,regular_season,road,False,1610612747,LAL,Lakers,Starters,151:29,56,Los Angeles,lakers,20,60,0.333,9,20,0.45,7,9,0.778,12,14,26,14,8,4,15,9,1610612737,ATL,Atlanta Hawks,1610612747,LAL,Los Angeles Lakers
0021500287,2015-12-04,2015-16,regular_season,home,False,1610612742,DAL,Mavericks,Bench,167:12,37,Dallas,mavericks,15,26,0.577,2,5,0.4,5,8,0.625,2,10,12,5,0,3,4,7,1610612742,DAL,Dallas Mavericks,1610612745,HOU,Houston Rockets
0021500287,2015-12-04,2015-16,regular_season,home,False,1610612742,DAL,Mavericks,Starters,167:12,59,Dallas,mavericks,22,55,0.4,6,24,0.25,9,12,0.75,9,21,30,18,8,2,13,10,1610612742,DAL,Dallas Mavericks,1610612745,HOU,Houston Rockets
0021500287,2015-12-04,2015-16,regular_season,road,False,1610612745,HOU,Rockets,Bench,163:39,24,Houston,rockets,10,27,0.37,3,9,0.333,1,2,0.5,5,4,9,6,4,0,3,9,1610612742,DAL,Dallas Mavericks,1610612745,HOU,Houston Rockets
0021500287,2015-12-04,2015-16,regular_season,road,False,1610612745,HOU,Rockets,Starters,163:39,76,Houston,rockets,29,57,0.509,9,17,0.529,9,16,0.563,10,26,36,14,8,5,15,13,1610612742,DAL,Dallas Mavericks,1610612745,HOU,Houston Rockets
0021500288,2015-12-04,2015-16,regular_season,home,False,1610612740,NOP,Pelicans,Bench,149:53,41,New Orleans,pelicans,15,36,0.417,3,13,0.231,8,10,0.8,7,13,20,10,4,1,6,12,1610612740,NOP,New Orleans Pelicans,1610612739,CLE,Cleveland Cavaliers
0021500288,2015-12-04,2015-16,regular_season,home,False,1610612740,NOP,Pelicans,Starters,149:53,73,New Orleans,pelicans,27,49,0.551,6,12,0.5,13,21,0.619,4,22,26,15,6,1,9,13,1610612740,NOP,New Orleans Pelicans,1610612739,CLE,Cleveland Cavaliers
0021500288,2015-12-04,2015-16,regular_season,road,False,1610612739,CLE,Cavaliers,Bench,177:36,22,Cleveland,cavaliers,7,20,0.35,1,7,0.143,7,8,0.875,6,11,17,5,4,0,3,11,1610612740,NOP,New Orleans Pelicans,1610612739,CLE,Cleveland Cavaliers
0021500288,2015-12-04,2015-16,regular_season,road,False,1610612739,CLE,Cavaliers,Starters,177:36,86,Cleveland,cavaliers,32,69,0.464,9,26,0.346,13,16,0.813,6,20,26,13,4,1,11,15,1610612740,NOP,New Orleans Pelicans,1610612739,CLE,Cleveland Cavaliers
0021500289,2015-12-05,2015-16,regular_season,home,False,1610612755,PHI,76ers,Bench,144:10,38,Philadelphia,sixers,13,26,0.5,4,8,0.5,8,11,0.727,5,10,15,11,1,3,7,15,1610612755,PHI,Philadelphia 76ers,1610612743,DEN,Denver Nuggets
0021500289,2015-12-05,2015-16,regular_season,home,False,1610612755,PHI,76ers,Starters,144:10,67,Philadelphia,sixers,24,48,0.5,11,23,0.478,8,15,0.533,2,23,25,11,10,5,13,13,1610612755,PHI,Philadelphia 76ers,1610612743,DEN,Denver Nuggets
0021500289,2015-12-05,2015-16,regular_season,road,False,1610612743,DEN,Nuggets,Bench,136:03,53,Denver,nuggets,18,35,0.514,5,11,0.455,12,24,0.5,6,19,25,14,2,2,7,5,1610612755,PHI,Philadelphia 76ers,1610612743,DEN,Denver Nuggets
0021500289,2015-12-05,2015-16,regular_season,road,False,1610612743,DEN,Nuggets,Starters,136:03,55,Denver,nuggets,19,46,0.413,6,20,0.3,11,14,0.786,7,15,22,11,6,2,10,16,1610612755,PHI,Philadelphia 76ers,1610612743,DEN,Denver Nuggets
0021500290,2015-12-05,2015-16,regular_season,home,False,1610612761,TOR,Raptors,Bench,136:06,33,Toronto,raptors,15,27,0.556,1,6,0.167,2,4,0.5,6,11,17,6,3,2,2,10,1610612761,TOR,Toronto Raptors,1610612744,GSW,Golden State Warriors
0021500290,2015-12-05,2015-16,regular_season,home,False,1610612761,TOR,Raptors,Starters,136:06,76,Toronto,raptors,25,64,0.391,7,14,0.5,19,22,0.864,5,16,21,15,6,1,4,17,1610612761,TOR,Toronto Raptors,1610612744,GSW,Golden State Warriors
0021500290,2015-12-05,2015-16,regular_season,road,False,1610612744,GSW,Warriors,Bench,153:23,15,Golden State,warriors,6,15,0.4,0,2,0.0,3,4,0.75,3,10,13,5,1,3,6,8,1610612761,TOR,Toronto Raptors,1610612744,GSW,Golden State Warriors
0021500290,2015-12-05,2015-16,regular_season,road,False,1610612744,GSW,Warriors,Starters,153:23,97,Golden State,warriors,29,58,0.5,16,28,0.571,23,32,0.719,5,25,30,17,1,2,6,16,1610612761,TOR,Toronto Raptors,1610612744,GSW,Golden State Warriors
0021500291,2015-12-05,2015-16,regular_season,home,False,1610612748,MIA,Heat,Bench,142:39,30,Miami,heat,10,22,0.455,2,6,0.333,8,10,0.8,0,16,16,5,2,1,6,11,1610612748,MIA,Miami Heat,1610612739,CLE,Cleveland Cavaliers
0021500291,2015-12-05,2015-16,regular_season,home,False,1610612748,MIA,Heat,Starters,142:39,69,Miami,heat,27,46,0.587,5,10,0.5,10,19,0.526,3,22,25,16,3,8,9,14,1610612748,MIA,Miami Heat,1610612739,CLE,Cleveland Cavaliers
0021500291,2015-12-05,2015-16,regular_season,road,False,1610612739,CLE,Cavaliers,Bench,136:56,32,Cleveland,cavaliers,11,27,0.407,4,9,0.444,6,8,0.75,6,11,17,3,5,0,4,15,1610612748,MIA,Miami Heat,1610612739,CLE,Cleveland Cavaliers
0021500291,2015-12-05,2015-16,regular_season,road,False,1610612739,CLE,Cavaliers,Starters,136:56,52,Cleveland,cavaliers,20,58,0.345,2,19,0.105,10,16,0.625,5,14,19,11,3,1,10,11,1610612748,MIA,Miami Heat,1610612739,CLE,Cleveland Cavaliers
0021500292,2015-12-05,2015-16,regular_season,home,False,1610612741,CHI,Bulls,Bench,137:30,32,Chicago,bulls,12,29,0.414,4,8,0.5,4,4,1.0,5,14,19,15,2,1,7,7,1610612741,CHI,Chicago Bulls,1610612766,CHA,Charlotte Hornets
0021500292,2015-12-05,2015-16,regular_season,home,False,1610612741,CHI,Bulls,Starters,137:30,64,Chicago,bulls,25,60,0.417,5,17,0.294,9,15,0.6,7,26,33,14,3,4,7,12,1610612741,CHI,Chicago Bulls,1610612766,CHA,Charlotte Hornets
0021500292,2015-12-05,2015-16,regular_season,road,False,1610612766,CHA,Hornets,Bench,154:50,37,Charlotte,hornets,13,32,0.406,3,12,0.25,8,10,0.8,7,9,16,8,3,0,2,7,1610612741,CHI,Chicago Bulls,1610612766,CHA,Charlotte Hornets
0021500292,2015-12-05,2015-16,regular_season,road,False,1610612766,CHA,Hornets,Starters,154:50,65,Charlotte,hornets,24,57,0.421,7,22,0.318,10,15,0.667,6,28,34,15,7,3,7,11,1610612741,CHI,Chicago Bulls,1610612766,CHA,Charlotte Hornets
0021500293,2015-12-05,2015-16,regular_season,home,False,1610612745,HOU,Rockets,Bench,159:59,33,Houston,rockets,11,29,0.379,5,15,0.333,6,7,0.857,5,6,11,9,1,2,9,7,1610612745,HOU,Houston Rockets,1610612758,SAC,Sacramento Kings
0021500293,2015-12-05,2015-16,regular_season,home,False,1610612745,HOU,Rockets,Starters,159:59,87,Houston,rockets,25,49,0.51,11,19,0.579,26,36,0.722,8,24,32,16,8,3,8,11,1610612745,HOU,Houston Rockets,1610612758,SAC,Sacramento Kings
0021500293,2015-12-05,2015-16,regular_season,road,False,1610612758,SAC,Kings,Bench,168:17,37,Sacramento,kings,16,30,0.533,4,7,0.571,1,2,0.5,5,12,17,7,3,2,1,9,1610612745,HOU,Houston Rockets,1610612758,SAC,Sacramento Kings
0021500293,2015-12-05,2015-16,regular_season,road,False,1610612758,SAC,Kings,Starters,168:17,76,Sacramento,kings,30,68,0.441,6,19,0.316,10,11,0.909,8,22,30,28,9,5,12,18,1610612745,HOU,Houston Rockets,1610612758,SAC,Sacramento Kings
0021500294,2015-12-05,2015-16,regular_season,home,False,1610612750,MIN,Timberwolves,Bench,145:40,34,Minnesota,timberwolves,13,32,0.406,2,6,0.333,6,8,0.75,4,15,19,3,3,0,6,12,1610612750,MIN,Minnesota Timberwolves,1610612757,POR,Portland Trail Blazers
0021500294,2015-12-05,2015-16,regular_season,home,False,1610612750,MIN,Timberwolves,Starters,145:40,69,Minnesota,timberwolves,25,51,0.49,3,9,0.333,16,18,0.889,9,17,26,21,0,4,8,12,1610612750,MIN,Minnesota Timberwolves,1610612757,POR,Portland Trail Blazers
0021500294,2015-12-05,2015-16,regular_season,road,False,1610612757,POR,Trail Blazers,Bench,138:18,47,Portland,blazers,17,28,0.607,4,10,0.4,9,17,0.529,4,13,17,6,0,2,4,12,1610612750,MIN,Minnesota Timberwolves,1610612757,POR,Portland Trail Blazers
0021500294,2015-12-05,2015-16,regular_season,road,False,1610612757,POR,Trail Blazers,Starters,138:18,62,Portland,blazers,22,49,0.449,6,10,0.6,12,13,0.923,4,19,23,17,7,1,10,9,1610612750,MIN,Minnesota Timberwolves,1610612757,POR,Portland Trail Blazers
0021500295,2015-12-05,2015-16,regular_season,home,False,1610612749,MIL,Bucks,Bench,170:32,30,Milwaukee,bucks,12,26,0.462,0,1,0.0,6,11,0.545,6,9,15,9,0,2,6,9,1610612749,MIL,Milwaukee Bucks,1610612752,NYK,New York Knicks
0021500295,2015-12-05,2015-16,regular_season,home,False,1610612749,MIL,Bucks,Starters,170:32,76,Milwaukee,bucks,32,63,0.508,2,3,0.667,10,13,0.769,7,27,34,16,5,4,7,13,1610612749,MIL,Milwaukee Bucks,1610612752,NYK,New York Knicks
0021500295,2015-12-05,2015-16,regular_season,road,False,1610612752,NYK,Knicks,Bench,132:27,39,New York,knicks,12,32,0.375,4,11,0.364,11,16,0.688,3,13,16,12,3,2,4,10,1610612749,MIL,Milwaukee Bucks,1610612752,NYK,New York Knicks
0021500295,2015-12-05,2015-16,regular_season,road,False,1610612752,NYK,Knicks,Starters,132:27,52,New York,knicks,20,44,0.455,2,14,0.143,10,12,0.833,3,18,21,10,1,2,11,14,1610612749,MIL,Milwaukee Bucks,1610612752,NYK,New York Knicks
0021500296,2015-12-05,2015-16,regular_season,home,False,1610612759,SAS,Spurs,Bench,141:09,54,San Antonio,spurs,22,36,0.611,3,11,0.273,7,12,0.583,6,16,22,11,1,1,4,5,1610612759,SAS,San Antonio Spurs,1610612738,BOS,Boston Celtics
0021500296,2015-12-05,2015-16,regular_season,home,False,1610612759,SAS,Spurs,Starters,141:09,54,San Antonio,spurs,22,47,0.468,2,6,0.333,8,10,0.8,5,20,25,15,2,2,10,17,1610612759,SAS,San Antonio Spurs,1610612738,BOS,Boston Celtics
0021500296,2015-12-05,2015-16,regular_season,road,False,1610612738,BOS,Celtics,Bench,166:25,34,Boston,celtics,14,33,0.424,3,8,0.375,3,7,0.429,4,7,11,5,3,1,4,10,1610612759,SAS,San Antonio Spurs,1610612738,BOS,Boston Celtics
0021500296,2015-12-05,2015-16,regular_season,road,False,1610612738,BOS,Celtics,Starters,166:25,71,Boston,celtics,25,53,0.472,9,21,0.429,12,15,0.8,7,21,28,17,6,2,10,12,1610612759,SAS,San Antonio Spurs,1610612738,BOS,Boston Celtics
0021500297,2015-12-05,2015-16,regular_season,home,False,1610612762,UTA,Jazz,Bench,145:58,42,Utah,jazz,15,37,0.405,3,11,0.273,9,15,0.6,7,18,25,11,3,2,7,15,1610612762,UTA,Utah Jazz,1610612754,IND,Indiana Pacers
0021500297,2015-12-05,2015-16,regular_season,home,False,1610612762,UTA,Jazz,Starters,145:58,80,Utah,jazz,28,55,0.509,5,12,0.417,19,22,0.864,12,17,29,10,4,1,8,15,1610612762,UTA,Utah Jazz,1610612754,IND,Indiana Pacers
0021500297,2015-12-05,2015-16,regular_season,road,False,1610612754,IND,Pacers,Bench,172:17,37,Indiana,pacers,14,32,0.438,1,5,0.2,8,9,0.889,10,15,25,4,0,0,6,17,1610612762,UTA,Utah Jazz,1610612754,IND,Indiana Pacers
0021500297,2015-12-05,2015-16,regular_season,road,False,1610612754,IND,Pacers,Starters,172:17,82,Indiana,pacers,26,61,0.426,11,24,0.458,19,25,0.76,2,17,19,13,10,2,9,17,1610612762,UTA,Utah Jazz,1610612754,IND,Indiana Pacers
0021500298,2015-12-05,2015-16,regular_season,home,False,1610612746,LAC,Clippers,Bench,147:03,23,LA,clippers,7,22,0.318,6,18,0.333,3,5,0.6,2,11,13,9,5,1,4,9,1610612746,LAC,LA Clippers,1610612753,ORL,Orlando Magic
0021500298,2015-12-05,2015-16,regular_season,home,False,1610612746,LAC,Clippers,Starters,147:03,80,LA,clippers,30,60,0.5,6,13,0.462,14,20,0.7,8,24,32,16,0,1,10,6,1610612746,LAC,LA Clippers,1610612753,ORL,Orlando Magic
0021500298,2015-12-05,2015-16,regular_season,road,False,1610612753,ORL,Magic,Bench,127:39,50,Orlando,magic,21,41,0.512,3,8,0.375,5,6,0.833,4,22,26,11,2,5,6,8,1610612746,LAC,LA Clippers,1610612753,ORL,Orlando Magic
0021500298,2015-12-05,2015-16,regular_season,road,False,1610612753,ORL,Magic,Starters,127:39,51,Orlando,magic,19,49,0.388,3,12,0.25,10,12,0.833,11,14,25,11,6,1,7,13,1610612746,LAC,LA Clippers,1610612753,ORL,Orlando Magic
0021500299,2015-12-06,2015-16,regular_season,home,False,1610612763,MEM,Grizzlies,Bench,141:32,41,Memphis,grizzlies,13,28,0.464,3,8,0.375,12,13,0.923,7,16,23,12,4,2,6,8,1610612763,MEM,Memphis Grizzlies,1610612756,PHX,Phoenix Suns
0021500299,2015-12-06,2015-16,regular_season,home,False,1610612763,MEM,Grizzlies,Starters,141:32,54,Memphis,grizzlies,23,62,0.371,2,7,0.286,6,11,0.545,8,15,23,11,4,3,6,8,1610612763,MEM,Memphis Grizzlies,1610612756,PHX,Phoenix Suns
0021500299,2015-12-06,2015-16,regular_season,road,False,1610612756,PHX,Suns,Bench,177:44,25,Phoenix,suns,10,21,0.476,4,11,0.364,1,2,0.5,1,8,9,2,4,0,2,11,1610612763,MEM,Memphis Grizzlies,1610612756,PHX,Phoenix Suns
0021500299,2015-12-06,2015-16,regular_season,road,False,1610612756,PHX,Suns,Starters,177:44,68,Phoenix,suns,26,61,0.426,5,20,0.25,11,15,0.733,10,28,38,18,4,5,16,13,1610612763,MEM,Memphis Grizzlies,1610612756,PHX,Phoenix Suns
0021500300,2015-12-06,2015-16,regular_season,home,False,1610612751,BKN,Nets,Bench,157:02,30,Brooklyn,nets,12,24,0.5,3,7,0.429,3,7,0.429,1,10,11,9,5,1,3,7,1610612751,BKN,Brooklyn Nets,1610612744,GSW,Golden State Warriors
0021500300,2015-12-06,2015-16,regular_season,home,False,1610612751,BKN,Nets,Starters,157:02,68,Brooklyn,nets,27,65,0.415,2,10,0.2,12,16,0.75,10,25,35,12,3,1,10,11,1610612751,BKN,Brooklyn Nets,1610612744,GSW,Golden State Warriors
0021500300,2015-12-06,2015-16,regular_season,road,False,1610612744,GSW,Warriors,Bench,135:46,40,Golden State,warriors,17,38,0.447,3,10,0.3,3,6,0.5,8,14,22,9,6,5,5,11,1610612751,BKN,Brooklyn Nets,1610612744,GSW,Golden State Warriors
0021500300,2015-12-06,2015-16,regular_season,road,False,1610612744,GSW,Warriors,Starters,135:46,74,Golden State,warriors,27,48,0.563,11,23,0.478,9,17,0.529,2,22,24,16,3,4,7,7,1610612751,BKN,Brooklyn Nets,1610612744,GSW,Golden State Warriors
0021500301,2015-12-06,2015-16,regular_season,home,False,1610612765,DET,Pistons,Bench,123:01,35,Detroit,pistons,11,36,0.306,5,16,0.313,8,9,0.889,8,27,35,9,3,1,9,9,1610612765,DET,Detroit Pistons,1610612747,LAL,Los Angeles Lakers
0021500301,2015-12-06,2015-16,regular_season,home,False,1610612765,DET,Pistons,Starters,123:01,76,Detroit,pistons,30,57,0.526,4,8,0.5,12,17,0.706,9,17,26,11,8,0,7,12,1610612765,DET,Detroit Pistons,1610612747,LAL,Los Angeles Lakers
0021500301,2015-12-06,2015-16,regular_season,road,False,1610612747,LAL,Lakers,Bench,126:53,44,Los Angeles,lakers,14,31,0.452,4,10,0.4,12,16,0.75,2,13,15,5,2,3,3,10,1610612765,DET,Detroit Pistons,1610612747,LAL,Los Angeles Lakers
0021500301,2015-12-06,2015-16,regular_season,road,False,1610612747,LAL,Lakers,Starters,126:53,47,Los Angeles,lakers,18,49,0.367,1,8,0.125,10,13,0.769,6,18,24,7,4,1,12,11,1610612765,DET,Detroit Pistons,1610612747,LAL,Los Angeles Lakers
0021500302,2015-12-06,2015-16,regular_season,home,False,1610612764,WAS,Wizards,Bench,155:22,34,Washington,wizards,14,22,0.636,2,9,0.222,4,10,0.4,1,6,7,4,2,0,0,12,1610612764,WAS,Washington Wizards,1610612742,DAL,Dallas Mavericks
0021500302,2015-12-06,2015-16,regular_season,home,False,1610612764,WAS,Wizards,Starters,155:22,70,Washington,wizards,28,67,0.418,6,18,0.333,8,11,0.727,5,19,24,18,7,0,6,10,1610612764,WAS,Washington Wizards,1610612742,DAL,Dallas Mavericks
0021500302,2015-12-06,2015-16,regular_season,road,False,1610612742,DAL,Mavericks,Bench,171:08,29,Dallas,mavericks,11,14,0.786,3,5,0.6,4,4,1.0,3,11,14,0,0,2,4,9,1610612764,WAS,Washington Wizards,1610612742,DAL,Dallas Mavericks
0021500302,2015-12-06,2015-16,regular_season,road,False,1610612742,DAL,Mavericks,Starters,171:08,87,Dallas,mavericks,27,62,0.435,13,26,0.5,20,23,0.87,3,33,36,25,5,2,12,8,1610612764,WAS,Washington Wizards,1610612742,DAL,Dallas Mavericks
0021500303,2015-12-06,2015-16,regular_season,home,False,1610612760,OKC,Thunder,Bench,154:35,38,Oklahoma City,thunder,11,37,0.297,4,12,0.333,12,17,0.706,5,12,17,2,2,1,5,8,1610612760,OKC,Oklahoma City Thunder,1610612758,SAC,Sacramento Kings
0021500303,2015-12-06,2015-16,regular_season,home,False,1610612760,OKC,Thunder,Starters,154:35,60,Oklahoma City,thunder,24,49,0.49,2,10,0.2,10,14,0.714,14,31,45,16,6,5,16,14,1610612760,OKC,Oklahoma City Thunder,1610612758,SAC,Sacramento Kings
0021500303,2015-12-06,2015-16,regular_season,road,False,1610612758,SAC,Kings,Bench,155:43,42,Sacramento,kings,14,30,0.467,3,10,0.3,11,13,0.846,4,6,10,7,2,3,7,8,1610612760,OKC,Oklahoma City Thunder,1610612758,SAC,Sacramento Kings
0021500303,2015-12-06,2015-16,regular_season,road,False,1610612758,SAC,Kings,Starters,155:43,53,Sacramento,kings,21,58,0.362,4,14,0.286,7,17,0.412,9,22,31,13,9,2,7,12,1610612760,OKC,Oklahoma City Thunder,1610612758,SAC,Sacramento Kings
0021500304,2015-12-07,2015-16,regular_season,home,False,1610612766,CHA,Hornets,Bench,130:46,37,Charlotte,hornets,16,37,0.432,2,9,0.222,3,10,0.3,4,16,20,9,2,2,5,10,1610612766,CHA,Charlotte Hornets,1610612765,DET,Detroit Pistons
0021500304,2015-12-07,2015-16,regular_season,home,False,1610612766,CHA,Hornets,Starters,130:46,67,Charlotte,hornets,20,47,0.426,6,17,0.353,21,25,0.84,10,27,37,12,3,3,9,10,1610612766,CHA,Charlotte Hornets,1610612765,DET,Detroit Pistons
0021500304,2015-12-07,2015-16,regular_season,road,False,1610612765,DET,Pistons,Bench,143:30,29,Detroit,pistons,11,31,0.355,5,13,0.385,2,5,0.4,2,9,11,12,4,0,2,5,1610612766,CHA,Charlotte Hornets,1610612765,DET,Detroit Pistons
0021500304,2015-12-07,2015-16,regular_season,road,False,1610612765,DET,Pistons,Starters,143:30,55,Detroit,pistons,21,56,0.375,5,21,0.238,8,17,0.471,5,25,30,5,7,2,10,15,1610612766,CHA,Charlotte Hornets,1610612765,DET,Detroit Pistons
0021500305,2015-12-07,2015-16,regular_season,home,False,1610612755,PHI,76ers,Bench,121:00,35,Philadelphia,sixers,12,43,0.279,2,11,0.182,9,15,0.6,1,11,12,3,1,0,8,16,1610612755,PHI,Philadelphia 76ers,1610612759,SAS,San Antonio Spurs
0021500305,2015-12-07,2015-16,regular_season,home,False,1610612755,PHI,76ers,Starters,121:00,33,Philadelphia,sixers,14,32,0.438,2,13,0.154,3,6,0.5,5,14,19,11,2,1,5,9,1610612755,PHI,Philadelphia 76ers,1610612759,SAS,San Antonio Spurs
0021500305,2015-12-07,2015-16,regular_season,road,False,1610612759,SAS,Spurs,Bench,110:49,62,San Antonio,spurs,24,40,0.6,2,5,0.4,12,14,0.857,7,19,26,20,4,1,6,10,1610612755,PHI,Philadelphia 76ers,1610612759,SAS,San Antonio Spurs
0021500305,2015-12-07,2015-16,regular_season,road,False,1610612759,SAS,Spurs,Starters,110:49,57,San Antonio,spurs,23,36,0.639,2,6,0.333,9,11,0.818,0,21,21,12,0,0,1,7,1610612755,PHI,Philadelphia 76ers,1610612759,SAS,San Antonio Spurs
0021500306,2015-12-07,2015-16,regular_season,home,False,1610612748,MIA,Heat,Bench,161:16,16,Miami,heat,6,16,0.375,1,6,0.167,3,5,0.6,2,8,10,2,2,0,5,6,1610612748,MIA,Miami Heat,1610612764,WAS,Washington Wizards
0021500306,2015-12-07,2015-16,regular_season,home,False,1610612748,MIA,Heat,Starters,161:16,87,Miami,heat,35,53,0.66,4,10,0.4,13,17,0.765,2,22,24,23,3,6,11,12,1610612748,MIA,Miami Heat,1610612764,WAS,Washington Wizards
0021500306,2015-12-07,2015-16,regular_season,road,False,1610612764,WAS,Wizards,Bench,162:52,38,Washington,wizards,16,28,0.571,5,7,0.714,1,1,1.0,3,7,10,7,2,0,4,11,1610612748,MIA,Miami Heat,1610612764,WAS,Washington Wizards
0021500306,2015-12-07,2015-16,regular_season,road,False,1610612764,WAS,Wizards,Starters,162:52,76,Washington,wizards,30,64,0.469,4,11,0.364,12,16,0.75,9,18,27,16,5,2,6,8,1610612748,MIA,Miami Heat,1610612764,WAS,Washington Wizards
0021500307,2015-12-07,2015-16,regular_season,home,False,1610612752,NYK,Knicks,Bench,154:10,26,New York,knicks,11,30,0.367,3,9,0.333,1,1,1.0,2,12,14,6,2,1,5,6,1610612752,NYK,New York Knicks,1610612742,DAL,Dallas Mavericks
0021500307,2015-12-07,2015-16,regular_season,home,False,1610612752,NYK,Knicks,Starters,154:10,71,New York,knicks,29,54,0.537,6,16,0.375,7,8,0.875,1,22,23,19,2,3,8,15,1610612752,NYK,New York Knicks,1610612742,DAL,Dallas Mavericks
0021500307,2015-12-07,2015-16,regular_season,road,False,1610612742,DAL,Mavericks,Bench,166:12,27,Dallas,mavericks,9,20,0.45,4,7,0.571,5,6,0.833,2,14,16,1,2,3,4,7,1610612752,NYK,New York Knicks,1610612742,DAL,Dallas Mavericks
0021500307,2015-12-07,2015-16,regular_season,road,False,1610612742,DAL,Mavericks,Starters,166:12,77,Dallas,mavericks,28,62,0.452,9,24,0.375,12,14,0.857,5,22,27,20,5,0,5,7,1610612752,NYK,New York Knicks,1610612742,DAL,Dallas Mavericks
0021500308,2015-12-07,2015-16,regular_season,home,False,1610612761,TOR,Raptors,Bench,157:44,20,Toronto,raptors,6,18,0.333,0,7,0.0,8,10,0.8,1,5,6,4,4,0,1,4,1610612761,TOR,Toronto Raptors,1610612747,LAL,Los Angeles Lakers
0021500308,2015-12-07,2015-16,regular_season,home,False,1610612761,TOR,Raptors,Starters,157:44,82,Toronto,raptors,28,56,0.5,9,18,0.5,17,22,0.773,7,25,32,14,3,2,6,9,1610612761,TOR,Toronto Raptors,1610612747,LAL,Los Angeles Lakers
0021500308,2015-12-07,2015-16,regular_season,road,False,1610612747,LAL,Lakers,Bench,153:25,32,Los Angeles,lakers,11,32,0.344,2,6,0.333,8,9,0.889,9,12,21,5,1,0,6,6,1610612761,TOR,Toronto Raptors,1610612747,LAL,Los Angeles Lakers
0021500308,2015-12-07,2015-16,regular_season,road,False,1610612747,LAL,Lakers,Starters,153:25,61,Los Angeles,lakers,23,51,0.451,5,13,0.385,10,11,0.909,5,21,26,9,3,4,9,17,1610612761,TOR,Toronto Raptors,1610612747,LAL,Los Angeles Lakers
0021500309,2015-12-07,2015-16,regular_season,home,False,1610612741,CHI,Bulls,Bench,146:25,23,Chicago,bulls,11,28,0.393,0,4,0.0,1,4,0.25,7,12,19,10,4,2,7,8,1610612741,CHI,Chicago Bulls,1610612756,PHX,Phoenix Suns
0021500309,2015-12-07,2015-16,regular_season,home,False,1610612741,CHI,Bulls,Starters,146:25,78,Chicago,bulls,30,62,0.484,6,17,0.353,12,14,0.857,9,20,29,18,7,6,13,11,1610612741,CHI,Chicago Bulls,1610612756,PHX,Phoenix Suns
0021500309,2015-12-07,2015-16,regular_season,road,False,1610612756,PHX,Suns,Bench,139:25,39,Phoenix,suns,15,32,0.469,6,8,0.75,3,3,1.0,2,11,13,10,3,2,5,5,1610612741,CHI,Chicago Bulls,1610612756,PHX,Phoenix Suns
0021500309,2015-12-07,2015-16,regular_season,road,False,1610612756,PHX,Suns,Starters,139:25,64,Phoenix,suns,26,60,0.433,1,9,0.111,11,14,0.786,8,19,27,8,9,2,13,12,1610612741,CHI,Chicago Bulls,1610612756,PHX,Phoenix Suns
0021500310,2015-12-07,2015-16,regular_season,home,False,1610612749,MIL,Bucks,Bench,167:17,16,Milwaukee,bucks,5,18,0.278,0,0,0.0,6,10,0.6,5,11,16,9,2,4,7,6,1610612749,MIL,Milwaukee Bucks,1610612757,POR,Portland Trail Blazers
0021500310,2015-12-07,2015-16,regular_season,home,False,1610612749,MIL,Bucks,Starters,167:17,74,Milwaukee,bucks,25,55,0.455,4,13,0.308,20,23,0.87,5,24,29,13,6,3,9,13,1610612749,MIL,Milwaukee Bucks,1610612757,POR,Portland Trail Blazers
0021500310,2015-12-07,2015-16,regular_season,road,False,1610612757,POR,Trail Blazers,Bench,138:40,30,Portland,blazers,12,29,0.414,2,12,0.167,4,5,0.8,7,16,23,7,3,4,7,9,1610612749,MIL,Milwaukee Bucks,1610612757,POR,Portland Trail Blazers
0021500310,2015-12-07,2015-16,regular_season,road,False,1610612757,POR,Trail Blazers,Starters,138:40,58,Portland,blazers,21,56,0.375,6,21,0.286,10,13,0.769,8,15,23,14,7,3,10,16,1610612749,MIL,Milwaukee Bucks,1610612757,POR,Portland Trail Blazers
0021500311,2015-12-07,2015-16,regular_season,home,False,1610612750,MIN,Timberwolves,Bench,121:28,59,Minnesota,timberwolves,20,42,0.476,3,9,0.333,16,18,0.889,7,17,24,7,3,0,6,11,1610612750,MIN,Minnesota Timberwolves,1610612746,LAC,LA Clippers
0021500311,2015-12-07,2015-16,regular_season,home,False,1610612750,MIN,Timberwolves,Starters,121:28,47,Minnesota,timberwolves,16,40,0.4,4,9,0.444,11,17,0.647,4,18,22,11,7,3,12,18,1610612750,MIN,Minnesota Timberwolves,1610612746,LAC,LA Clippers
0021500311,2015-12-07,2015-16,regular_season,road,False,1610612746,LAC,Clippers,Bench,140:38,46,LA,clippers,17,33,0.515,7,16,0.438,5,5,1.0,3,10,13,11,3,5,6,12,1610612750,MIN,Minnesota Timberwolves,1610612746,LAC,LA Clippers
0021500311,2015-12-07,2015-16,regular_season,road,False,1610612746,LAC,Clippers,Starters,140:38,64,LA,clippers,21,53,0.396,1,9,0.111,21,24,0.875,10,20,30,10,7,4,11,14,1610612750,MIN,Minnesota Timberwolves,1610612746,LAC,LA Clippers
0021500312,2015-12-07,2015-16,regular_season,home,False,1610612740,NOP,Pelicans,Bench,86:17,66,New Orleans,pelicans,26,58,0.448,3,9,0.333,11,13,0.846,9,22,31,16,4,2,8,10,1610612740,NOP,New Orleans Pelicans,1610612738,BOS,Boston Celtics
0021500312,2015-12-07,2015-16,regular_season,home,False,1610612740,NOP,Pelicans,Starters,86:17,27,New Orleans,pelicans,11,32,0.344,1,4,0.25,4,5,0.8,4,9,13,5,4,4,6,7,1610612740,NOP,New Orleans Pelicans,1610612738,BOS,Boston Celtics
0021500312,2015-12-07,2015-16,regular_season,road,False,1610612738,BOS,Celtics,Bench,151:15,41,Boston,celtics,16,32,0.5,2,10,0.2,7,9,0.778,4,11,15,9,5,2,7,7,1610612740,NOP,New Orleans Pelicans,1610612738,BOS,Boston Celtics
0021500312,2015-12-07,2015-16,regular_season,road,False,1610612738,BOS,Celtics,Starters,151:15,70,Boston,celtics,24,49,0.49,10,18,0.556,12,15,0.8,6,25,31,15,3,6,10,11,1610612740,NOP,New Orleans Pelicans,1610612738,BOS,Boston Celtics
0021500313,2015-12-08,2015-16,regular_season,home,False,1610612739,CLE,Cavaliers,Bench,139:05,29,Cleveland,cavaliers,11,22,0.5,3,8,0.375,4,6,0.667,2,9,11,6,1,1,4,9,1610612739,CLE,Cleveland Cavaliers,1610612757,POR,Portland Trail Blazers
0021500313,2015-12-08,2015-16,regular_season,home,False,1610612739,CLE,Cavaliers,Starters,139:05,76,Cleveland,cavaliers,29,57,0.509,6,13,0.462,12,14,0.857,4,15,19,12,9,3,4,9,1610612739,CLE,Cleveland Cavaliers,1610612757,POR,Portland Trail Blazers
0021500313,2015-12-08,2015-16,regular_season,road,False,1610612757,POR,Trail Blazers,Bench,139:49,27,Portland,blazers,12,23,0.522,2,7,0.286,1,3,0.333,5,9,14,6,1,0,7,10,1610612739,CLE,Cleveland Cavaliers,1610612757,POR,Portland Trail Blazers
0021500313,2015-12-08,2015-16,regular_season,road,False,1610612757,POR,Trail Blazers,Starters,139:49,73,Portland,blazers,28,56,0.5,9,19,0.474,8,13,0.615,5,17,22,15,2,2,11,15,1610612739,CLE,Cleveland Cavaliers,1610612757,POR,Portland Trail Blazers
0021500314,2015-12-08,2015-16,regular_season,home,False,1610612754,IND,Pacers,Bench,157:25,37,Indiana,pacers,14,32,0.438,1,3,0.333,8,11,0.727,12,9,21,7,2,1,3,6,1610612754,IND,Indiana Pacers,1610612744,GSW,Golden State Warriors
0021500314,2015-12-08,2015-16,regular_season,home,False,1610612754,IND,Pacers,Starters,157:25,86,Indiana,pacers,30,68,0.441,13,30,0.433,13,15,0.867,4,19,23,16,6,2,13,12,1610612754,IND,Indiana Pacers,1610612744,GSW,Golden State Warriors
0021500314,2015-12-08,2015-16,regular_season,road,False,1610612744,GSW,Warriors,Bench,153:41,28,Golden State,warriors,12,20,0.6,0,1,0.0,4,6,0.667,2,8,10,7,5,1,1,8,1610612754,IND,Indiana Pacers,1610612744,GSW,Golden State Warriors
0021500314,2015-12-08,2015-16,regular_season,road,False,1610612744,GSW,Warriors,Starters,153:41,103,Golden State,warriors,40,75,0.533,16,34,0.471,7,9,0.778,8,28,36,22,5,5,14,11,1610612754,IND,Indiana Pacers,1610612744,GSW,Golden State Warriors
0021500315,2015-12-08,2015-16,regular_season,home,False,1610612751,BKN,Nets,Bench,191:22,15,Brooklyn,nets,5,15,0.333,2,5,0.4,3,3,1.0,1,6,7,4,2,2,6,6,1610612751,BKN,Brooklyn Nets,1610612745,HOU,Houston Rockets
0021500315,2015-12-08,2015-16,regular_season,home,False,1610612751,BKN,Nets,Starters,191:22,95,Brooklyn,nets,40,66,0.606,5,13,0.385,10,13,0.769,11,24,35,23,12,5,18,11,1610612751,BKN,Brooklyn Nets,1610612745,HOU,Houston Rockets
0021500315,2015-12-08,2015-16,regular_season,road,False,1610612745,HOU,Rockets,Bench,122:57,67,Houston,rockets,25,47,0.532,12,22,0.545,5,5,1.0,5,10,15,14,10,1,7,6,1610612751,BKN,Brooklyn Nets,1610612745,HOU,Houston Rockets
0021500315,2015-12-08,2015-16,regular_season,road,False,1610612745,HOU,Rockets,Starters,122:57,38,Houston,rockets,14,35,0.4,3,13,0.231,7,12,0.583,5,16,21,12,10,2,16,9,1610612751,BKN,Brooklyn Nets,1610612745,HOU,Houston Rockets
0021500316,2015-12-08,2015-16,regular_season,home,False,1610612763,MEM,Grizzlies,Bench,120:25,55,Memphis,grizzlies,20,39,0.513,3,10,0.3,12,14,0.857,3,11,14,5,4,3,8,9,1610612763,MEM,Memphis Grizzlies,1610612760,OKC,Oklahoma City Thunder
0021500316,2015-12-08,2015-16,regular_season,home,False,1610612763,MEM,Grizzlies,Starters,120:25,33,Memphis,grizzlies,13,42,0.31,0,4,0.0,7,8,0.875,8,11,19,9,2,1,7,8,1610612763,MEM,Memphis Grizzlies,1610612760,OKC,Oklahoma City Thunder
0021500316,2015-12-08,2015-16,regular_season,road,False,1610612760,OKC,Thunder,Bench,121:01,49,Oklahoma City,thunder,18,36,0.5,7,15,0.467,6,8,0.75,3,15,18,9,3,2,4,10,1610612763,MEM,Memphis Grizzlies,1610612760,OKC,Oklahoma City Thunder
0021500316,2015-12-08,2015-16,regular_season,road,False,1610612760,OKC,Thunder,Starters,121:01,76,Oklahoma City,thunder,29,48,0.604,6,11,0.545,12,15,0.8,7,21,28,22,8,1,8,7,1610612763,MEM,Memphis Grizzlies,1610612760,OKC,Oklahoma City Thunder
0021500317,2015-12-08,2015-16,regular_season,home,False,1610612743,DEN,Nuggets,Bench,141:37,33,Denver,nuggets,13,40,0.325,5,17,0.294,2,4,0.5,2,12,14,9,8,2,3,8,1610612743,DEN,Denver Nuggets,1610612753,ORL,Orlando Magic
0021500317,2015-12-08,2015-16,regular_season,home,False,1610612743,DEN,Nuggets,Starters,141:37,41,Denver,nuggets,15,44,0.341,2,7,0.286,9,16,0.563,8,25,33,10,3,5,14,8,1610612743,DEN,Denver Nuggets,1610612753,ORL,Orlando Magic
0021500317,2015-12-08,2015-16,regular_season,road,False,1610612753,ORL,Magic,Bench,147:19,29,Orlando,magic,13,36,0.361,0,8,0.0,3,4,0.75,3,20,23,4,2,4,10,6,1610612743,DEN,Denver Nuggets,1610612753,ORL,Orlando Magic
0021500317,2015-12-08,2015-16,regular_season,road,False,1610612753,ORL,Magic,Starters,147:19,56,Orlando,magic,25,52,0.481,1,8,0.125,5,6,0.833,7,24,31,10,7,4,10,13,1610612743,DEN,Denver Nuggets,1610612753,ORL,Orlando Magic
0021500318,2015-12-08,2015-16,regular_season,home,False,1610612758,SAC,Kings,Bench,176:52,22,Sacramento,kings,9,20,0.45,2,8,0.25,2,2,1.0,3,2,5,3,0,1,1,3,1610612758,SAC,Sacramento Kings,1610612762,UTA,Utah Jazz
0021500318,2015-12-08,2015-16,regular_season,home,False,1610612758,SAC,Kings,Starters,176:52,92,Sacramento,kings,34,57,0.596,8,20,0.4,16,22,0.727,6,29,35,26,6,1,14,15,1610612758,SAC,Sacramento Kings,1610612762,UTA,Utah Jazz
0021500318,2015-12-08,2015-16,regular_season,road,False,1610612762,UTA,Jazz,Bench,134:03,45,Utah,jazz,16,45,0.356,5,18,0.278,8,11,0.727,12,9,21,9,2,0,3,11,1610612758,SAC,Sacramento Kings,1610612762,UTA,Utah Jazz
0021500318,2015-12-08,2015-16,regular_season,road,False,1610612762,UTA,Jazz,Starters,134:03,61,Utah,jazz,22,47,0.468,10,18,0.556,7,11,0.636,7,16,23,14,5,0,9,11,1610612758,SAC,Sacramento Kings,1610612762,UTA,Utah Jazz
0021500319,2015-12-09,2015-16,regular_season,home,False,1610612738,BOS,Celtics,Bench,156:17,40,Boston,celtics,13,32,0.406,2,7,0.286,12,14,0.857,4,10,14,11,4,1,4,8,1610612738,BOS,Boston Celtics,1610612741,CHI,Chicago Bulls
0021500319,2015-12-09,2015-16,regular_season,home,False,1610612738,BOS,Celtics,Starters,156:17,65,Boston,celtics,25,60,0.417,3,16,0.188,12,14,0.857,9,22,31,11,6,3,8,14,1610612738,BOS,Boston Celtics,1610612741,CHI,Chicago Bulls
0021500319,2015-12-09,2015-16,regular_season,road,False,1610612741,CHI,Bulls,Bench,150:04,28,Chicago,bulls,11,28,0.393,5,10,0.5,1,2,0.5,5,12,17,8,3,2,5,9,1610612738,BOS,Boston Celtics,1610612741,CHI,Chicago Bulls
0021500319,2015-12-09,2015-16,regular_season,road,False,1610612741,CHI,Bulls,Starters,150:04,72,Chicago,bulls,28,63,0.444,1,11,0.091,15,21,0.714,10,23,33,14,4,3,11,9,1610612738,BOS,Boston Celtics,1610612741,CHI,Chicago Bulls
0021500320,2015-12-09,2015-16,regular_season,home,False,1610612766,CHA,Hornets,Bench,122:09,38,Charlotte,hornets,16,37,0.432,3,13,0.231,3,9,0.333,2,14,16,10,3,2,7,14,1610612766,CHA,Charlotte Hornets,1610612748,MIA,Miami Heat
0021500320,2015-12-09,2015-16,regular_season,home,False,1610612766,CHA,Hornets,Starters,122:09,61,Charlotte,hornets,24,44,0.545,8,14,0.571,5,8,0.625,1,23,24,17,6,3,3,7,1610612766,CHA,Charlotte Hornets,1610612748,MIA,Miami Heat
0021500320,2015-12-09,2015-16,regular_season,road,False,1610612748,MIA,Heat,Bench,117:58,41,Miami,heat,12,34,0.353,4,14,0.286,13,19,0.684,4,22,26,8,3,2,7,10,1610612766,CHA,Charlotte Hornets,1610612748,MIA,Miami Heat
0021500320,2015-12-09,2015-16,regular_season,road,False,1610612748,MIA,Heat,Starters,117:58,40,Miami,heat,17,41,0.415,2,7,0.286,4,5,0.8,3,14,17,9,0,6,10,4,1610612766,CHA,Charlotte Hornets,1610612748,MIA,Miami Heat
0021500321,2015-12-09,2015-16,regular_season,home,False,1610612764,WAS,Wizards,Bench,168:12,21,Washington,wizards,7,23,0.304,1,9,0.111,6,7,0.857,1,11,12,3,1,0,3,6,1610612764,WAS,Washington Wizards,1610612745,HOU,Houston Rockets
0021500321,2015-12-09,2015-16,regular_season,home,False,1610612764,WAS,Wizards,Starters,168:12,82,Washington,wizards,32,66,0.485,4,16,0.25,14,17,0.824,10,25,35,17,7,3,15,19,1610612764,WAS,Washington Wizards,1610612745,HOU,Houston Rockets
0021500321,2015-12-09,2015-16,regular_season,road,False,1610612745,HOU,Rockets,Bench,153:58,24,Houston,rockets,10,25,0.4,2,9,0.222,2,2,1.0,0,8,8,4,2,1,6,10,1610612764,WAS,Washington Wizards,1610612745,HOU,Houston Rockets
0021500321,2015-12-09,2015-16,regular_season,road,False,1610612745,HOU,Rockets,Starters,153:58,85,Houston,rockets,30,58,0.517,10,24,0.417,15,23,0.652,6,28,34,19,6,3,13,13,1610612764,WAS,Washington Wizards,1610612745,HOU,Houston Rockets
0021500322,2015-12-09,2015-16,regular_season,home,False,1610612765,DET,Pistons,Bench,175:08,24,Detroit,pistons,9,21,0.429,3,9,0.333,3,4,0.75,2,8,10,5,0,1,2,5,1610612765,DET,Detroit Pistons,1610612763,MEM,Memphis Grizzlies
0021500322,2015-12-09,2015-16,regular_season,home,False,1610612765,DET,Pistons,Starters,175:08,68,Detroit,pistons,28,66,0.424,5,20,0.25,7,11,0.636,11,22,33,12,9,5,10,11,1610612765,DET,Detroit Pistons,1610612763,MEM,Memphis Grizzlies
0021500322,2015-12-09,2015-16,regular_season,road,False,1610612763,MEM,Grizzlies,Bench,146:50,30,Memphis,grizzlies,12,26,0.462,3,7,0.429,3,4,0.75,4,12,16,7,1,2,5,6,1610612765,DET,Detroit Pistons,1610612763,MEM,Memphis Grizzlies
0021500322,2015-12-09,2015-16,regular_season,road,False,1610612763,MEM,Grizzlies,Starters,146:50,63,Memphis,grizzlies,29,62,0.468,1,8,0.125,4,9,0.444,12,25,37,16,3,2,12,9,1610612765,DET,Detroit Pistons,1610612763,MEM,Memphis Grizzlies
0021500323,2015-12-09,2015-16,regular_season,home,False,1610612761,TOR,Raptors,Bench,160:33,18,Toronto,raptors,5,12,0.417,2,5,0.4,6,6,1.0,0,7,7,8,7,0,5,8,1610612761,TOR,Toronto Raptors,1610612759,SAS,San Antonio Spurs
0021500323,2015-12-09,2015-16,regular_season,home,False,1610612761,TOR,Raptors,Starters,160:33,79,Toronto,raptors,32,52,0.615,1,5,0.2,14,16,0.875,4,23,27,15,3,2,15,16,1610612761,TOR,Toronto Raptors,1610612759,SAS,San Antonio Spurs
0021500323,2015-12-09,2015-16,regular_season,road,False,1610612759,SAS,Spurs,Bench,131:53,52,San Antonio,spurs,17,32,0.531,4,13,0.308,14,17,0.824,3,9,12,14,4,0,9,13,1610612761,TOR,Toronto Raptors,1610612759,SAS,San Antonio Spurs
0021500323,2015-12-09,2015-16,regular_season,road,False,1610612759,SAS,Spurs,Starters,131:53,42,San Antonio,spurs,17,44,0.386,3,12,0.25,5,7,0.714,10,13,23,9,6,2,8,6,1610612761,TOR,Toronto Raptors,1610612759,SAS,San Antonio Spurs
0021500324,2015-12-09,2015-16,regular_season,home,False,1610612749,MIL,Bucks,Bench,170:30,31,Milwaukee,bucks,14,26,0.538,1,2,0.5,2,3,0.667,1,8,9,13,2,0,2,11,1610612749,MIL,Milwaukee Bucks,1610612746,LAC,LA Clippers
0021500324,2015-12-09,2015-16,regular_season,home,False,1610612749,MIL,Bucks,Starters,170:30,64,Milwaukee,bucks,28,64,0.438,1,8,0.125,7,9,0.778,6,25,31,13,5,1,9,18,1610612749,MIL,Milwaukee Bucks,1610612746,LAC,LA Clippers
0021500324,2015-12-09,2015-16,regular_season,road,False,1610612746,LAC,Clippers,Bench,164:56,28,LA,clippers,9,26,0.346,4,14,0.286,6,10,0.6,3,7,10,1,4,4,3,5,1610612749,MIL,Milwaukee Bucks,1610612746,LAC,LA Clippers
0021500324,2015-12-09,2015-16,regular_season,road,False,1610612746,LAC,Clippers,Starters,164:56,81,LA,clippers,29,55,0.527,8,14,0.571,15,26,0.577,9,32,41,26,3,4,11,11,1610612749,MIL,Milwaukee Bucks,1610612746,LAC,LA Clippers
0021500325,2015-12-09,2015-16,regular_season,home,False,1610612750,MIN,Timberwolves,Bench,159:12,30,Minnesota,timberwolves,11,24,0.458,1,5,0.2,7,11,0.636,6,13,19,8,1,1,7,8,1610612750,MIN,Minnesota Timberwolves,1610612747,LAL,Los Angeles Lakers
0021500325,2015-12-09,2015-16,regular_season,home,False,1610612750,MIN,Timberwolves,Starters,159:12,93,Minnesota,timberwolves,35,69,0.507,6,14,0.429,17,20,0.85,8,20,28,22,3,3,7,12,1610612750,MIN,Minnesota Timberwolves,1610612747,LAL,Los Angeles Lakers
0021500325,2015-12-09,2015-16,regular_season,road,False,1610612747,LAL,Lakers,Bench,135:26,68,Los Angeles,lakers,25,48,0.521,6,15,0.4,12,19,0.632,4,14,18,10,4,0,3,14,1610612750,MIN,Minnesota Timberwolves,1610612747,LAL,Los Angeles Lakers
0021500325,2015-12-09,2015-16,regular_season,road,False,1610612747,LAL,Lakers,Starters,135:26,54,Los Angeles,lakers,23,45,0.511,3,8,0.375,5,8,0.625,5,17,22,9,5,1,6,9,1610612750,MIN,Minnesota Timberwolves,1610612747,LAL,Los Angeles Lakers
0021500326,2015-12-09,2015-16,regular_season,home,False,1610612756,PHX,Suns,Bench,168:22,19,Phoenix,suns,7,18,0.389,4,11,0.364,1,2,0.5,1,6,7,6,0,0,3,7,1610612756,PHX,Phoenix Suns,1610612753,ORL,Orlando Magic
0021500326,2015-12-09,2015-16,regular_season,home,False,1610612756,PHX,Suns,Starters,168:22,88,Phoenix,suns,34,62,0.548,2,13,0.154,18,25,0.72,10,27,37,17,9,6,15,9,1610612756,PHX,Phoenix Suns,1610612753,ORL,Orlando Magic
0021500326,2015-12-09,2015-16,regular_season,road,False,1610612753,ORL,Magic,Bench,155:55,38,Orlando,magic,14,25,0.56,7,11,0.636,3,4,0.75,0,11,11,11,2,1,4,15,1610612756,PHX,Phoenix Suns,1610612753,ORL,Orlando Magic
0021500326,2015-12-09,2015-16,regular_season,road,False,1610612753,ORL,Magic,Starters,155:55,66,Orlando,magic,26,60,0.433,5,14,0.357,9,12,0.75,5,16,21,17,9,0,12,11,1610612756,PHX,Phoenix Suns,1610612753,ORL,Orlando Magic
0021500327,2015-12-09,2015-16,regular_season,home,False,1610612762,UTA,Jazz,Bench,136:27,48,Utah,jazz,17,35,0.486,4,10,0.4,10,14,0.714,4,19,23,11,2,2,7,12,1610612762,UTA,Utah Jazz,1610612752,NYK,New York Knicks
0021500327,2015-12-09,2015-16,regular_season,home,False,1610612762,UTA,Jazz,Starters,136:27,58,Utah,jazz,22,45,0.489,5,11,0.455,9,9,1.0,5,23,28,15,4,0,7,14,1610612762,UTA,Utah Jazz,1610612752,NYK,New York Knicks
0021500327,2015-12-09,2015-16,regular_season,road,False,1610612752,NYK,Knicks,Bench,100:38,54,New York,knicks,19,47,0.404,6,12,0.5,10,18,0.556,5,17,22,14,9,1,5,15,1610612762,UTA,Utah Jazz,1610612752,NYK,New York Knicks
0021500327,2015-12-09,2015-16,regular_season,road,False,1610612752,NYK,Knicks,Starters,100:38,31,New York,knicks,12,31,0.387,2,9,0.222,5,9,0.556,2,12,14,6,1,2,5,9,1610612762,UTA,Utah Jazz,1610612752,NYK,New York Knicks
0021500328,2015-12-09,2015-16,regular_season,home,False,1610612742,DAL,Mavericks,Bench,171:09,25,Dallas,mavericks,8,28,0.286,1,8,0.125,8,10,0.8,4,5,9,3,1,0,3,6,1610612742,DAL,Dallas Mavericks,1610612737,ATL,Atlanta Hawks
0021500328,2015-12-09,2015-16,regular_season,home,False,1610612742,DAL,Mavericks,Starters,171:09,70,Dallas,mavericks,28,72,0.389,6,23,0.261,8,9,0.889,16,26,42,15,6,3,6,9,1610612742,DAL,Dallas Mavericks,1610612737,ATL,Atlanta Hawks
0021500328,2015-12-09,2015-16,regular_season,road,False,1610612737,ATL,Hawks,Bench,163:10,35,Atlanta,hawks,16,30,0.533,2,7,0.286,1,2,0.5,3,16,19,7,1,2,7,8,1610612742,DAL,Dallas Mavericks,1610612737,ATL,Atlanta Hawks
0021500328,2015-12-09,2015-16,regular_season,road,False,1610612737,ATL,Hawks,Starters,163:10,63,Atlanta,hawks,23,51,0.451,4,13,0.308,13,16,0.813,3,25,28,19,6,5,7,11,1610612742,DAL,Dallas Mavericks,1610612737,ATL,Atlanta Hawks
0021500329,2015-12-10,2015-16,regular_season,home,False,1610612751,BKN,Nets,Bench,144:55,53,Brooklyn,nets,20,35,0.571,2,4,0.5,11,13,0.846,3,13,16,8,3,0,5,9,1610612751,BKN,Brooklyn Nets,1610612755,PHI,Philadelphia 76ers
0021500329,2015-12-10,2015-16,regular_season,home,False,1610612751,BKN,Nets,Starters,144:55,47,Brooklyn,nets,17,39,0.436,4,10,0.4,9,14,0.643,6,21,27,14,2,1,14,11,1610612751,BKN,Brooklyn Nets,1610612755,PHI,Philadelphia 76ers
0021500329,2015-12-10,2015-16,regular_season,road,False,1610612755,PHI,76ers,Bench,121:16,44,Philadelphia,sixers,16,38,0.421,4,18,0.222,8,8,1.0,5,9,14,9,6,2,3,9,1610612751,BKN,Brooklyn Nets,1610612755,PHI,Philadelphia 76ers
0021500329,2015-12-10,2015-16,regular_season,road,False,1610612755,PHI,76ers,Starters,121:16,47,Philadelphia,sixers,18,49,0.367,0,13,0.0,11,14,0.786,8,16,24,8,8,4,7,13,1610612751,BKN,Brooklyn Nets,1610612755,PHI,Philadelphia 76ers
0021500330,2015-12-10,2015-16,regular_season,home,False,1610612741,CHI,Bulls,Bench,148:33,20,Chicago,bulls,7,31,0.226,3,14,0.214,3,3,1.0,8,20,28,8,3,2,5,7,1610612741,CHI,Chicago Bulls,1610612746,LAC,LA Clippers
0021500330,2015-12-10,2015-16,regular_season,home,False,1610612741,CHI,Bulls,Starters,148:33,63,Chicago,bulls,24,56,0.429,4,9,0.444,11,13,0.846,5,21,26,12,5,4,6,5,1610612741,CHI,Chicago Bulls,1610612746,LAC,LA Clippers
0021500330,2015-12-10,2015-16,regular_season,road,False,1610612746,LAC,Clippers,Bench,142:57,27,LA,clippers,10,31,0.323,7,13,0.538,0,0,0.0,4,15,19,10,1,1,6,5,1610612741,CHI,Chicago Bulls,1610612746,LAC,LA Clippers
0021500330,2015-12-10,2015-16,regular_season,road,False,1610612746,LAC,Clippers,Starters,142:57,53,LA,clippers,20,57,0.351,3,9,0.333,10,12,0.833,11,22,33,12,3,3,7,10,1610612741,CHI,Chicago Bulls,1610612746,LAC,LA Clippers
0021500331,2015-12-10,2015-16,regular_season,home,False,1610612760,OKC,Thunder,Bench,162:54,24,Oklahoma City,thunder,9,27,0.333,3,7,0.429,3,4,0.75,4,10,14,2,0,0,3,7,1610612760,OKC,Oklahoma City Thunder,1610612737,ATL,Atlanta Hawks
0021500331,2015-12-10,2015-16,regular_season,home,False,1610612760,OKC,Thunder,Starters,162:54,83,Oklahoma City,thunder,30,53,0.566,6,10,0.6,17,22,0.773,6,32,38,22,6,2,11,9,1610612760,OKC,Oklahoma City Thunder,1610612737,ATL,Atlanta Hawks
0021500331,2015-12-10,2015-16,regular_season,road,False,1610612737,ATL,Hawks,Bench,167:51,37,Atlanta,hawks,13,29,0.448,4,12,0.333,7,8,0.875,1,7,8,5,2,3,4,8,1610612760,OKC,Oklahoma City Thunder,1610612737,ATL,Atlanta Hawks
0021500331,2015-12-10,2015-16,regular_season,road,False,1610612737,ATL,Hawks,Starters,167:51,57,Atlanta,hawks,22,49,0.449,6,16,0.375,7,15,0.467,4,22,26,16,7,4,5,11,1610612760,OKC,Oklahoma City Thunder,1610612737,ATL,Atlanta Hawks
0021500332,2015-12-10,2015-16,regular_season,home,False,1610612758,SAC,Kings,Bench,180:15,28,Sacramento,kings,13,27,0.481,0,4,0.0,2,2,1.0,0,6,6,5,0,0,3,5,1610612758,SAC,Sacramento Kings,1610612752,NYK,New York Knicks
0021500332,2015-12-10,2015-16,regular_season,home,False,1610612758,SAC,Kings,Starters,180:15,71,Sacramento,kings,29,66,0.439,3,12,0.25,10,14,0.714,10,28,38,19,6,3,9,15,1610612758,SAC,Sacramento Kings,1610612752,NYK,New York Knicks
0021500332,2015-12-10,2015-16,regular_season,road,False,1610612752,NYK,Knicks,Bench,157:43,33,New York,knicks,10,25,0.4,5,13,0.385,8,8,1.0,3,17,20,5,4,1,5,5,1610612758,SAC,Sacramento Kings,1610612752,NYK,New York Knicks
0021500332,2015-12-10,2015-16,regular_season,road,False,1610612752,NYK,Knicks,Starters,157:43,64,New York,knicks,23,58,0.397,4,16,0.25,14,20,0.7,10,24,34,12,5,5,13,17,1610612758,SAC,Sacramento Kings,1610612752,NYK,New York Knicks
0021500333,2015-12-11,2015-16,regular_season,home,False,1610612754,IND,Pacers,Bench,152:02,23,Indiana,pacers,8,31,0.258,1,13,0.077,6,8,0.75,3,10,13,7,3,4,5,5,1610612754,IND,Indiana Pacers,1610612748,MIA,Miami Heat
0021500333,2015-12-11,2015-16,regular_season,home,False,1610612754,IND,Pacers,Starters,152:02,73,Indiana,pacers,28,55,0.509,5,15,0.333,12,12,1.0,4,28,32,15,10,2,7,8,1610612754,IND,Indiana Pacers,1610612748,MIA,Miami Heat
0021500333,2015-12-11,2015-16,regular_season,road,False,1610612748,MIA,Heat,Bench,153:06,20,Miami,heat,8,21,0.381,3,8,0.375,1,2,0.5,2,10,12,1,3,3,7,7,1610612754,IND,Indiana Pacers,1610612748,MIA,Miami Heat
0021500333,2015-12-11,2015-16,regular_season,road,False,1610612748,MIA,Heat,Starters,153:06,63,Miami,heat,27,60,0.45,2,12,0.167,7,11,0.636,6,27,33,13,3,5,12,9,1610612754,IND,Indiana Pacers,1610612748,MIA,Miami Heat
0021500334,2015-12-11,2015-16,regular_season,home,False,1610612753,ORL,Magic,Bench,87:19,48,Orlando,magic,17,43,0.395,5,15,0.333,9,12,0.75,4,17,21,10,3,3,14,17,1610612753,ORL,Orlando Magic,1610612739,CLE,Cleveland Cavaliers
0021500334,2015-12-11,2015-16,regular_season,home,False,1610612753,ORL,Magic,Starters,87:19,28,Orlando,magic,11,29,0.379,1,7,0.143,5,8,0.625,2,7,9,6,5,0,5,7,1610612753,ORL,Orlando Magic,1610612739,CLE,Cleveland Cavaliers
0021500334,2015-12-11,2015-16,regular_season,road,False,1610612739,CLE,Cavaliers,Bench,124:19,43,Cleveland,cavaliers,15,30,0.5,7,12,0.583,6,8,0.75,3,18,21,5,6,0,9,10,1610612753,ORL,Orlando Magic,1610612739,CLE,Cleveland Cavaliers
0021500334,2015-12-11,2015-16,regular_season,road,False,1610612739,CLE,Cavaliers,Starters,124:19,68,Cleveland,cavaliers,26,42,0.619,4,9,0.444,12,19,0.632,6,18,24,23,6,0,9,9,1610612753,ORL,Orlando Magic,1610612739,CLE,Cleveland Cavaliers
0021500335,2015-12-11,2015-16,regular_season,home,False,1610612755,PHI,76ers,Bench,132:07,33,Philadelphia,sixers,15,31,0.484,1,5,0.2,2,4,0.5,4,13,17,11,2,2,10,8,1610612755,PHI,Philadelphia 76ers,1610612765,DET,Detroit Pistons
0021500335,2015-12-11,2015-16,regular_season,home,False,1610612755,PHI,76ers,Starters,132:07,62,Philadelphia,sixers,21,49,0.429,5,13,0.385,15,20,0.75,9,18,27,11,3,3,11,8,1610612755,PHI,Philadelphia 76ers,1610612765,DET,Detroit Pistons
0021500335,2015-12-11,2015-16,regular_season,road,False,1610612765,DET,Pistons,Bench,158:51,19,Detroit,pistons,8,22,0.364,1,7,0.143,2,2,1.0,2,7,9,6,1,2,5,11,1610612755,PHI,Philadelphia 76ers,1610612765,DET,Detroit Pistons
0021500335,2015-12-11,2015-16,regular_season,road,False,1610612765,DET,Pistons,Starters,158:51,88,Detroit,pistons,35,71,0.493,9,20,0.45,9,14,0.643,15,24,39,12,8,7,9,10,1610612755,PHI,Philadelphia 76ers,1610612765,DET,Detroit Pistons
0021500336,2015-12-11,2015-16,regular_season,home,False,1610612738,BOS,Celtics,Bench,179:02,56,Boston,celtics,24,44,0.545,4,8,0.5,4,5,0.8,5,18,23,15,5,3,6,9,1610612738,BOS,Boston Celtics,1610612744,GSW,Golden State Warriors
0021500336,2015-12-11,2015-16,regular_season,home,False,1610612738,BOS,Celtics,Starters,179:02,63,Boston,celtics,25,70,0.357,8,25,0.32,5,11,0.455,6,22,28,17,2,6,9,21,1610612738,BOS,Boston Celtics,1610612744,GSW,Golden State Warriors
0021500336,2015-12-11,2015-16,regular_season,road,False,1610612744,GSW,Warriors,Bench,155:08,50,Golden State,warriors,19,42,0.452,1,5,0.2,11,16,0.688,11,18,29,11,3,3,6,8,1610612738,BOS,Boston Celtics,1610612744,GSW,Golden State Warriors
0021500336,2015-12-11,2015-16,regular_season,road,False,1610612744,GSW,Warriors,Starters,155:08,74,Golden State,warriors,23,65,0.354,8,26,0.308,20,23,0.87,6,32,38,17,7,8,12,14,1610612738,BOS,Boston Celtics,1610612744,GSW,Golden State Warriors
0021500337,2015-12-11,2015-16,regular_season,home,False,1610612761,TOR,Raptors,Bench,164:49,28,Toronto,raptors,10,16,0.625,4,6,0.667,4,10,0.4,1,10,11,5,4,2,3,8,1610612761,TOR,Toronto Raptors,1610612749,MIL,Milwaukee Bucks
0021500337,2015-12-11,2015-16,regular_season,home,False,1610612761,TOR,Raptors,Starters,164:49,62,Toronto,raptors,24,54,0.444,3,14,0.214,11,13,0.846,6,22,28,11,5,6,13,15,1610612761,TOR,Toronto Raptors,1610612749,MIL,Milwaukee Bucks
0021500337,2015-12-11,2015-16,regular_season,road,False,1610612749,MIL,Bucks,Bench,178:03,10,Milwaukee,bucks,4,19,0.211,0,2,0.0,2,2,1.0,6,8,14,6,1,2,4,9,1610612761,TOR,Toronto Raptors,1610612749,MIL,Milwaukee Bucks
0021500337,2015-12-11,2015-16,regular_season,road,False,1610612749,MIL,Bucks,Starters,178:03,73,Milwaukee,bucks,29,61,0.475,4,9,0.444,11,14,0.786,4,22,26,13,8,2,11,10,1610612761,TOR,Toronto Raptors,1610612749,MIL,Milwaukee Bucks
0021500338,2015-12-11,2015-16,regular_season,home,False,1610612763,MEM,Grizzlies,Bench,152:32,37,Memphis,grizzlies,11,33,0.333,5,13,0.385,10,14,0.714,5,10,15,7,4,1,4,15,1610612763,MEM,Memphis Grizzlies,1610612766,CHA,Charlotte Hornets
0021500338,2015-12-11,2015-16,regular_season,home,False,1610612763,MEM,Grizzlies,Starters,152:32,62,Memphis,grizzlies,21,47,0.447,2,7,0.286,18,23,0.783,6,19,25,12,4,4,8,9,1610612763,MEM,Memphis Grizzlies,1610612766,CHA,Charlotte Hornets
0021500338,2015-12-11,2015-16,regular_season,road,False,1610612766,CHA,Hornets,Bench,135:35,59,Charlotte,hornets,15,32,0.469,7,13,0.538,22,24,0.917,4,15,19,9,1,4,6,11,1610612763,MEM,Memphis Grizzlies,1610612766,CHA,Charlotte Hornets
0021500338,2015-12-11,2015-16,regular_season,road,False,1610612766,CHA,Hornets,Starters,135:35,64,Charlotte,hornets,24,46,0.522,11,24,0.458,5,6,0.833,3,19,22,14,4,1,7,13,1610612763,MEM,Memphis Grizzlies,1610612766,CHA,Charlotte Hornets
0021500339,2015-12-11,2015-16,regular_season,home,False,1610612740,NOP,Pelicans,Bench,135:35,47,New Orleans,pelicans,16,31,0.516,7,11,0.636,8,10,0.8,1,13,14,12,5,0,7,11,1610612740,NOP,New Orleans Pelicans,1610612764,WAS,Washington Wizards
0021500339,2015-12-11,2015-16,regular_season,home,False,1610612740,NOP,Pelicans,Starters,135:35,60,New Orleans,pelicans,23,48,0.479,9,16,0.563,5,8,0.625,6,21,27,9,4,0,9,7,1610612740,NOP,New Orleans Pelicans,1610612764,WAS,Washington Wizards
0021500339,2015-12-11,2015-16,regular_season,road,False,1610612764,WAS,Wizards,Bench,168:04,36,Washington,wizards,12,24,0.5,3,6,0.5,9,12,0.75,3,5,8,5,0,0,1,5,1610612740,NOP,New Orleans Pelicans,1610612764,WAS,Washington Wizards
0021500339,2015-12-11,2015-16,regular_season,road,False,1610612764,WAS,Wizards,Starters,168:04,69,Washington,wizards,28,56,0.5,9,21,0.429,4,9,0.444,3,22,25,22,10,1,9,12,1610612740,NOP,New Orleans Pelicans,1610612764,WAS,Washington Wizards
0021500340,2015-12-11,2015-16,regular_season,home,False,1610612743,DEN,Nuggets,Bench,150:09,52,Denver,nuggets,18,38,0.474,6,14,0.429,10,10,1.0,4,20,24,15,5,0,7,14,1610612743,DEN,Denver Nuggets,1610612750,MIN,Minnesota Timberwolves
0021500340,2015-12-11,2015-16,regular_season,home,False,1610612743,DEN,Nuggets,Starters,150:09,59,Denver,nuggets,20,48,0.417,5,14,0.357,14,23,0.609,4,22,26,6,2,1,5,11,1610612743,DEN,Denver Nuggets,1610612750,MIN,Minnesota Timberwolves
0021500340,2015-12-11,2015-16,regular_season,road,False,1610612750,MIN,Timberwolves,Bench,148:22,35,Minnesota,timberwolves,11,30,0.367,3,9,0.333,10,11,0.909,3,14,17,10,2,4,4,9,1610612743,DEN,Denver Nuggets,1610612750,MIN,Minnesota Timberwolves
0021500340,2015-12-11,2015-16,regular_season,road,False,1610612750,MIN,Timberwolves,Starters,148:22,73,Minnesota,timberwolves,27,57,0.474,4,10,0.4,15,18,0.833,5,21,26,12,3,4,6,18,1610612743,DEN,Denver Nuggets,1610612750,MIN,Minnesota Timberwolves
0021500341,2015-12-11,2015-16,regular_season,home,False,1610612762,UTA,Jazz,Bench,139:57,47,Utah,jazz,17,35,0.486,3,13,0.231,10,16,0.625,6,9,15,11,2,0,5,8,1610612762,UTA,Utah Jazz,1610612760,OKC,Oklahoma City Thunder
0021500341,2015-12-11,2015-16,regular_season,home,False,1610612762,UTA,Jazz,Starters,139:57,43,Utah,jazz,16,43,0.372,5,15,0.333,6,8,0.75,5,19,24,6,5,4,6,8,1610612762,UTA,Utah Jazz,1610612760,OKC,Oklahoma City Thunder
0021500341,2015-12-11,2015-16,regular_season,road,False,1610612760,OKC,Thunder,Bench,149:36,30,Oklahoma City,thunder,12,21,0.571,2,6,0.333,4,6,0.667,5,9,14,3,0,0,5,8,1610612762,UTA,Utah Jazz,1610612760,OKC,Oklahoma City Thunder
0021500341,2015-12-11,2015-16,regular_season,road,False,1610612760,OKC,Thunder,Starters,149:36,64,Oklahoma City,thunder,25,58,0.431,4,11,0.364,10,10,1.0,6,25,31,11,4,2,8,11,1610612762,UTA,Utah Jazz,1610612760,OKC,Oklahoma City Thunder
0021500342,2015-12-11,2015-16,regular_season,home,False,1610612759,SAS,Spurs,Bench,113:56,56,San Antonio,spurs,22,34,0.647,4,7,0.571,8,12,0.667,3,16,19,14,3,1,8,10,1610612759,SAS,San Antonio Spurs,1610612747,LAL,Los Angeles Lakers
0021500342,2015-12-11,2015-16,regular_season,home,False,1610612759,SAS,Spurs,Starters,113:56,53,San Antonio,spurs,22,48,0.458,2,7,0.286,7,13,0.538,8,22,30,12,6,5,5,3,1610612759,SAS,San Antonio Spurs,1610612747,LAL,Los Angeles Lakers
0021500342,2015-12-11,2015-16,regular_season,road,False,1610612747,LAL,Lakers,Bench,147:47,26,Los Angeles,lakers,12,30,0.4,1,5,0.2,1,3,0.333,4,11,15,8,0,2,4,11,1610612759,SAS,San Antonio Spurs,1610612747,LAL,Los Angeles Lakers
0021500342,2015-12-11,2015-16,regular_season,road,False,1610612747,LAL,Lakers,Starters,147:47,61,Los Angeles,lakers,24,58,0.414,8,20,0.4,5,7,0.714,5,16,21,12,7,3,11,10,1610612759,SAS,San Antonio Spurs,1610612747,LAL,Los Angeles Lakers
0021500343,2015-12-11,2015-16,regular_season,home,False,1610612756,PHX,Suns,Bench,145:57,36,Phoenix,suns,13,24,0.542,8,15,0.533,2,4,0.5,0,11,11,3,2,4,4,4,1610612756,PHX,Phoenix Suns,1610612757,POR,Portland Trail Blazers
0021500343,2015-12-11,2015-16,regular_season,home,False,1610612756,PHX,Suns,Starters,145:57,60,Phoenix,suns,23,59,0.39,5,20,0.25,9,14,0.643,8,21,29,18,6,3,5,5,1610612756,PHX,Phoenix Suns,1610612757,POR,Portland Trail Blazers
0021500343,2015-12-11,2015-16,regular_season,road,False,1610612757,POR,Trail Blazers,Bench,143:13,39,Portland,blazers,17,42,0.405,4,14,0.286,1,3,0.333,9,13,22,6,1,2,4,6,1610612756,PHX,Phoenix Suns,1610612757,POR,Portland Trail Blazers
0021500343,2015-12-11,2015-16,regular_season,road,False,1610612757,POR,Trail Blazers,Starters,143:13,67,Portland,blazers,28,54,0.519,8,20,0.4,3,4,0.75,5,24,29,17,6,1,8,8,1610612756,PHX,Phoenix Suns,1610612757,POR,Portland Trail Blazers
0021500344,2015-12-12,2015-16,regular_season,home,False,1610612751,BKN,Nets,Bench,178:52,22,Brooklyn,nets,7,18,0.389,0,3,0.0,8,9,0.889,1,13,14,2,1,0,4,10,1610612751,BKN,Brooklyn Nets,1610612746,LAC,LA Clippers
0021500344,2015-12-12,2015-16,regular_season,home,False,1610612751,BKN,Nets,Starters,178:52,78,Brooklyn,nets,28,61,0.459,5,16,0.313,17,21,0.81,11,21,32,15,4,2,12,12,1610612751,BKN,Brooklyn Nets,1610612746,LAC,LA Clippers
0021500344,2015-12-12,2015-16,regular_season,road,False,1610612746,LAC,Clippers,Bench,142:55,36,LA,clippers,16,35,0.457,4,13,0.308,0,0,0.0,3,10,13,6,6,0,5,13,1610612751,BKN,Brooklyn Nets,1610612746,LAC,LA Clippers
0021500344,2015-12-12,2015-16,regular_season,road,False,1610612746,LAC,Clippers,Starters,142:55,69,LA,clippers,27,51,0.529,4,11,0.364,11,18,0.611,4,23,27,22,6,0,7,8,1610612751,BKN,Brooklyn Nets,1610612746,LAC,LA Clippers
0021500345,2015-12-12,2015-16,regular_season,home,False,1610612766,CHA,Hornets,Bench,149:26,36,Charlotte,hornets,13,28,0.464,5,10,0.5,5,5,1.0,2,20,22,9,1,3,4,4,1610612766,CHA,Charlotte Hornets,1610612738,BOS,Boston Celtics
0021500345,2015-12-12,2015-16,regular_season,home,False,1610612766,CHA,Hornets,Starters,149:26,57,Charlotte,hornets,23,60,0.383,6,25,0.24,5,5,1.0,5,25,30,8,0,2,7,8,1610612766,CHA,Charlotte Hornets,1610612738,BOS,Boston Celtics
0021500345,2015-12-12,2015-16,regular_season,road,False,1610612738,BOS,Celtics,Bench,152:02,28,Boston,celtics,13,37,0.351,0,3,0.0,2,3,0.667,2,12,14,6,3,2,2,6,1610612766,CHA,Charlotte Hornets,1610612738,BOS,Boston Celtics
0021500345,2015-12-12,2015-16,regular_season,road,False,1610612738,BOS,Celtics,Starters,152:02,70,Boston,celtics,27,59,0.458,9,22,0.409,7,7,1.0,1,27,28,20,2,3,3,7,1610612766,CHA,Charlotte Hornets,1610612738,BOS,Boston Celtics
0021500346,2015-12-12,2015-16,regular_season,home,False,1610612765,DET,Pistons,Bench,149:51,35,Detroit,pistons,12,24,0.5,5,12,0.417,6,8,0.75,2,15,17,7,5,1,9,9,1610612765,DET,Detroit Pistons,1610612754,IND,Indiana Pacers
0021500346,2015-12-12,2015-16,regular_season,home,False,1610612765,DET,Pistons,Starters,149:51,83,Detroit,pistons,33,66,0.5,8,17,0.471,9,11,0.818,8,21,29,19,6,5,5,9,1610612765,DET,Detroit Pistons,1610612754,IND,Indiana Pacers
0021500346,2015-12-12,2015-16,regular_season,road,False,1610612754,IND,Pacers,Bench,136:52,42,Indiana,pacers,19,33,0.576,1,6,0.167,3,5,0.6,3,12,15,7,3,0,6,6,1610612765,DET,Detroit Pistons,1610612754,IND,Indiana Pacers
0021500346,2015-12-12,2015-16,regular_season,road,False,1610612754,IND,Pacers,Starters,136:52,54,Indiana,pacers,22,49,0.449,2,10,0.2,8,13,0.615,2,16,18,10,4,2,10,10,1610612765,DET,Detroit Pistons,1610612754,IND,Indiana Pacers
0021500347,2015-12-12,2015-16,regular_season,home,False,1610612737,ATL,Hawks,Bench,123:52,33,Atlanta,hawks,14,41,0.341,1,13,0.077,4,5,0.8,4,13,17,10,8,0,6,6,1610612737,ATL,Atlanta Hawks,1610612759,SAS,San Antonio Spurs
0021500347,2015-12-12,2015-16,regular_season,home,False,1610612737,ATL,Hawks,Starters,123:52,45,Atlanta,hawks,16,39,0.41,4,11,0.364,9,11,0.818,3,13,16,11,7,3,11,9,1610612737,ATL,Atlanta Hawks,1610612759,SAS,San Antonio Spurs
0021500347,2015-12-12,2015-16,regular_season,road,False,1610612759,SAS,Spurs,Bench,135:49,46,San Antonio,spurs,14,31,0.452,7,14,0.5,11,12,0.917,3,18,21,11,3,0,9,6,1610612737,ATL,Atlanta Hawks,1610612759,SAS,San Antonio Spurs
0021500347,2015-12-12,2015-16,regular_season,road,False,1610612759,SAS,Spurs,Starters,135:49,57,San Antonio,spurs,22,43,0.512,3,6,0.5,10,10,1.0,3,25,28,15,8,2,14,10,1610612737,ATL,Atlanta Hawks,1610612759,SAS,San Antonio Spurs
0021500348,2015-12-12,2015-16,regular_season,home,False,1610612741,CHI,Bulls,Bench,131:25,52,Chicago,bulls,18,32,0.563,8,16,0.5,8,8,1.0,4,20,24,11,1,4,5,6,1610612741,CHI,Chicago Bulls,1610612740,NOP,New Orleans Pelicans
0021500348,2015-12-12,2015-16,regular_season,home,False,1610612741,CHI,Bulls,Starters,131:25,46,Chicago,bulls,15,46,0.326,0,4,0.0,16,21,0.762,3,21,24,6,5,2,8,4,1610612741,CHI,Chicago Bulls,1610612740,NOP,New Orleans Pelicans
0021500348,2015-12-12,2015-16,regular_season,road,False,1610612740,NOP,Pelicans,Bench,175:25,21,New Orleans,pelicans,10,15,0.667,1,1,1.0,0,0,0.0,1,13,14,10,2,0,2,8,1610612741,CHI,Chicago Bulls,1610612740,NOP,New Orleans Pelicans
0021500348,2015-12-12,2015-16,regular_season,road,False,1610612740,NOP,Pelicans,Starters,175:25,73,New Orleans,pelicans,30,74,0.405,5,15,0.333,8,11,0.727,4,23,27,16,7,6,8,14,1610612741,CHI,Chicago Bulls,1610612740,NOP,New Orleans Pelicans
0021500349,2015-12-12,2015-16,regular_season,home,False,1610612745,HOU,Rockets,Bench,139:42,55,Houston,rockets,20,36,0.556,10,16,0.625,5,8,0.625,3,14,17,17,7,4,8,5,1610612745,HOU,Houston Rockets,1610612747,LAL,Los Angeles Lakers
0021500349,2015-12-12,2015-16,regular_season,home,False,1610612745,HOU,Rockets,Starters,139:42,71,Houston,rockets,27,54,0.5,5,17,0.294,12,20,0.6,12,23,35,15,9,3,8,10,1610612745,HOU,Houston Rockets,1610612747,LAL,Los Angeles Lakers
0021500349,2015-12-12,2015-16,regular_season,road,False,1610612747,LAL,Lakers,Bench,147:04,27,Los Angeles,lakers,10,30,0.333,3,10,0.3,4,6,0.667,6,9,15,7,2,1,10,11,1610612745,HOU,Houston Rockets,1610612747,LAL,Los Angeles Lakers
0021500349,2015-12-12,2015-16,regular_season,road,False,1610612747,LAL,Lakers,Starters,147:04,70,Los Angeles,lakers,25,58,0.431,7,22,0.318,13,14,0.929,5,20,25,14,9,3,9,12,1610612745,HOU,Houston Rockets,1610612747,LAL,Los Angeles Lakers
0021500350,2015-12-12,2015-16,regular_season,home,False,1610612742,DAL,Mavericks,Bench,150:38,42,Dallas,mavericks,14,35,0.4,6,12,0.5,8,10,0.8,4,9,13,7,1,1,3,5,1610612742,DAL,Dallas Mavericks,1610612764,WAS,Washington Wizards
0021500350,2015-12-12,2015-16,regular_season,home,False,1610612742,DAL,Mavericks,Starters,150:38,69,Dallas,mavericks,24,54,0.444,8,21,0.381,13,14,0.929,7,26,33,16,4,2,9,7,1610612742,DAL,Dallas Mavericks,1610612764,WAS,Washington Wizards
0021500350,2015-12-12,2015-16,regular_season,road,False,1610612764,WAS,Wizards,Bench,171:19,28,Washington,wizards,9,22,0.409,3,10,0.3,7,9,0.778,0,7,7,6,2,1,6,9,1610612742,DAL,Dallas Mavericks,1610612764,WAS,Washington Wizards
0021500350,2015-12-12,2015-16,regular_season,road,False,1610612764,WAS,Wizards,Starters,171:19,86,Washington,wizards,35,63,0.556,11,19,0.579,5,6,0.833,4,28,32,27,4,5,7,13,1610612742,DAL,Dallas Mavericks,1610612764,WAS,Washington Wizards
0021500351,2015-12-12,2015-16,regular_season,home,False,1610612749,MIL,Bucks,Bench,173:57,25,Milwaukee,bucks,11,24,0.458,0,0,0.0,3,3,1.0,2,5,7,11,6,0,3,11,1610612749,MIL,Milwaukee Bucks,1610612744,GSW,Golden State Warriors
0021500351,2015-12-12,2015-16,regular_season,home,False,1610612749,MIL,Bucks,Starters,173:57,83,Milwaukee,bucks,33,66,0.5,6,14,0.429,11,15,0.733,6,31,37,20,6,4,13,13,1610612749,MIL,Milwaukee Bucks,1610612744,GSW,Golden State Warriors
0021500351,2015-12-12,2015-16,regular_season,road,False,1610612744,GSW,Warriors,Bench,142:12,23,Golden State,warriors,10,30,0.333,0,6,0.0,3,6,0.5,9,11,20,7,6,1,5,7,1610612749,MIL,Milwaukee Bucks,1610612744,GSW,Golden State Warriors
0021500351,2015-12-12,2015-16,regular_season,road,False,1610612744,GSW,Warriors,Starters,142:12,72,Golden State,warriors,26,59,0.441,6,21,0.286,14,19,0.737,6,23,29,16,3,7,11,13,1610612749,MIL,Milwaukee Bucks,1610612744,GSW,Golden State Warriors
0021500352,2015-12-12,2015-16,regular_season,home,False,1610612757,POR,Trail Blazers,Bench,150:52,32,Portland,blazers,11,23,0.478,1,5,0.2,9,12,0.75,6,10,16,4,1,0,1,9,1610612757,POR,Portland Trail Blazers,1610612752,NYK,New York Knicks
0021500352,2015-12-12,2015-16,regular_season,home,False,1610612757,POR,Trail Blazers,Starters,150:52,78,Portland,blazers,30,66,0.455,5,16,0.313,13,17,0.765,8,15,23,11,3,0,6,13,1610612757,POR,Portland Trail Blazers,1610612752,NYK,New York Knicks
0021500352,2015-12-12,2015-16,regular_season,road,False,1610612752,NYK,Knicks,Bench,146:15,46,New York,knicks,16,26,0.615,5,9,0.556,9,11,0.818,1,15,16,11,0,1,3,11,1610612757,POR,Portland Trail Blazers,1610612752,NYK,New York Knicks
0021500352,2015-12-12,2015-16,regular_season,road,False,1610612752,NYK,Knicks,Starters,146:15,66,New York,knicks,23,49,0.469,4,12,0.333,16,17,0.941,6,12,18,6,3,2,8,11,1610612757,POR,Portland Trail Blazers,1610612752,NYK,New York Knicks
0021500353,2015-12-13,2015-16,regular_season,home,False,1610612756,PHX,Suns,Bench,156:48,27,Phoenix,suns,11,30,0.367,1,8,0.125,4,6,0.667,6,7,13,6,4,1,2,11,1610612756,PHX,Phoenix Suns,1610612750,MIN,Minnesota Timberwolves
0021500353,2015-12-13,2015-16,regular_season,home,False,1610612756,PHX,Suns,Starters,156:48,81,Phoenix,suns,28,57,0.491,9,22,0.409,16,18,0.889,6,19,25,22,12,7,12,15,1610612756,PHX,Phoenix Suns,1610612750,MIN,Minnesota Timberwolves
0021500353,2015-12-13,2015-16,regular_season,road,False,1610612750,MIN,Timberwolves,Bench,104:34,58,Minnesota,timberwolves,20,39,0.513,6,12,0.5,12,14,0.857,3,19,22,9,2,3,15,18,1610612756,PHX,Phoenix Suns,1610612750,MIN,Minnesota Timberwolves
0021500353,2015-12-13,2015-16,regular_season,road,False,1610612750,MIN,Timberwolves,Starters,104:34,43,Minnesota,timberwolves,13,34,0.382,2,7,0.286,15,20,0.75,6,10,16,13,5,1,9,8,1610612756,PHX,Phoenix Suns,1610612750,MIN,Minnesota Timberwolves
0021500354,2015-12-13,2015-16,regular_season,home,False,1610612748,MIA,Heat,Bench,163:42,32,Miami,heat,10,22,0.455,4,11,0.364,8,9,0.889,0,6,6,5,4,1,1,5,1610612748,MIA,Miami Heat,1610612763,MEM,Memphis Grizzlies
0021500354,2015-12-13,2015-16,regular_season,home,False,1610612748,MIA,Heat,Starters,163:42,68,Miami,heat,27,55,0.491,3,11,0.273,11,14,0.786,7,22,29,13,5,0,9,10,1610612748,MIA,Miami Heat,1610612763,MEM,Memphis Grizzlies
0021500354,2015-12-13,2015-16,regular_season,road,False,1610612763,MEM,Grizzlies,Bench,182:39,28,Memphis,grizzlies,12,19,0.632,0,1,0.0,4,6,0.667,2,7,9,6,0,0,2,6,1610612748,MIA,Miami Heat,1610612763,MEM,Memphis Grizzlies
0021500354,2015-12-13,2015-16,regular_season,road,False,1610612763,MEM,Grizzlies,Starters,182:39,69,Memphis,grizzlies,28,58,0.483,7,18,0.389,6,8,0.75,3,21,24,17,10,3,11,15,1610612748,MIA,Miami Heat,1610612763,MEM,Memphis Grizzlies
0021500355,2015-12-13,2015-16,regular_season,home,False,1610612761,TOR,Raptors,Bench,151:10,27,Toronto,raptors,9,26,0.346,2,7,0.286,7,12,0.583,4,7,11,8,5,4,2,8,1610612761,TOR,Toronto Raptors,1610612755,PHI,Philadelphia 76ers
0021500355,2015-12-13,2015-16,regular_season,home,False,1610612761,TOR,Raptors,Starters,151:10,69,Toronto,raptors,23,52,0.442,5,15,0.333,18,22,0.818,4,26,30,6,6,5,6,7,1610612761,TOR,Toronto Raptors,1610612755,PHI,Philadelphia 76ers
0021500355,2015-12-13,2015-16,regular_season,road,False,1610612755,PHI,76ers,Bench,133:50,24,Philadelphia,sixers,8,28,0.286,2,7,0.286,6,8,0.75,6,12,18,7,1,4,13,6,1610612761,TOR,Toronto Raptors,1610612755,PHI,Philadelphia 76ers
0021500355,2015-12-13,2015-16,regular_season,road,False,1610612755,PHI,76ers,Starters,133:50,52,Philadelphia,sixers,20,56,0.357,8,21,0.381,4,6,0.667,9,25,34,11,0,5,9,14,1610612761,TOR,Toronto Raptors,1610612755,PHI,Philadelphia 76ers
0021500356,2015-12-13,2015-16,regular_season,home,False,1610612760,OKC,Thunder,Bench,170:53,30,Oklahoma City,thunder,10,23,0.435,4,8,0.5,6,6,1.0,3,8,11,4,1,2,2,5,1610612760,OKC,Oklahoma City Thunder,1610612762,UTA,Utah Jazz
0021500356,2015-12-13,2015-16,regular_season,home,False,1610612760,OKC,Thunder,Starters,170:53,74,Oklahoma City,thunder,25,56,0.446,3,13,0.231,21,24,0.875,5,26,31,14,6,11,8,13,1610612760,OKC,Oklahoma City Thunder,1610612762,UTA,Utah Jazz
0021500356,2015-12-13,2015-16,regular_season,road,False,1610612762,UTA,Jazz,Bench,177:51,18,Utah,jazz,8,18,0.444,1,7,0.143,1,3,0.333,5,10,15,8,3,0,2,11,1610612760,OKC,Oklahoma City Thunder,1610612762,UTA,Utah Jazz
0021500356,2015-12-13,2015-16,regular_season,road,False,1610612762,UTA,Jazz,Starters,177:51,80,Utah,jazz,31,76,0.408,7,15,0.467,11,17,0.647,11,18,29,6,3,2,9,13,1610612760,OKC,Oklahoma City Thunder,1610612762,UTA,Utah Jazz
0021500357,2015-12-14,2015-16,regular_season,home,False,1610612754,IND,Pacers,Bench,125:45,47,Indiana,pacers,19,40,0.475,0,4,0.0,9,11,0.818,10,22,32,7,2,0,6,8,1610612754,IND,Indiana Pacers,1610612761,TOR,Toronto Raptors
0021500357,2015-12-14,2015-16,regular_season,home,False,1610612754,IND,Pacers,Starters,125:45,59,Indiana,pacers,22,46,0.478,10,18,0.556,5,5,1.0,0,12,12,7,6,3,8,13,1610612754,IND,Indiana Pacers,1610612761,TOR,Toronto Raptors
0021500357,2015-12-14,2015-16,regular_season,road,False,1610612761,TOR,Raptors,Bench,152:17,27,Toronto,raptors,8,26,0.308,4,13,0.308,7,9,0.778,8,8,16,3,2,2,8,10,1610612754,IND,Indiana Pacers,1610612761,TOR,Toronto Raptors
0021500357,2015-12-14,2015-16,regular_season,road,False,1610612761,TOR,Raptors,Starters,152:17,63,Toronto,raptors,21,53,0.396,6,15,0.4,15,17,0.882,7,22,29,7,7,4,10,11,1610612754,IND,Indiana Pacers,1610612761,TOR,Toronto Raptors
0021500358,2015-12-14,2015-16,regular_season,home,False,1610612751,BKN,Nets,Bench,153:12,30,Brooklyn,nets,11,29,0.379,2,6,0.333,6,7,0.857,4,10,14,8,4,0,7,8,1610612751,BKN,Brooklyn Nets,1610612753,ORL,Orlando Magic
0021500358,2015-12-14,2015-16,regular_season,home,False,1610612751,BKN,Nets,Starters,153:12,52,Brooklyn,nets,20,51,0.392,5,13,0.385,7,9,0.778,5,20,25,15,1,0,10,11,1610612751,BKN,Brooklyn Nets,1610612753,ORL,Orlando Magic
0021500358,2015-12-14,2015-16,regular_season,road,False,1610612753,ORL,Magic,Bench,130:02,41,Orlando,magic,15,29,0.517,3,7,0.429,8,11,0.727,2,16,18,5,8,2,12,12,1610612751,BKN,Brooklyn Nets,1610612753,ORL,Orlando Magic
0021500358,2015-12-14,2015-16,regular_season,road,False,1610612753,ORL,Magic,Starters,130:02,64,Orlando,magic,26,47,0.553,6,14,0.429,6,9,0.667,5,20,25,19,4,1,4,6,1610612751,BKN,Brooklyn Nets,1610612753,ORL,Orlando Magic
0021500359,2015-12-14,2015-16,regular_season,home,False,1610612765,DET,Pistons,Bench,186:25,18,Detroit,pistons,8,19,0.421,2,6,0.333,0,0,0.0,4,14,18,4,0,0,7,6,1610612765,DET,Detroit Pistons,1610612746,LAC,LA Clippers
0021500359,2015-12-14,2015-16,regular_season,home,False,1610612765,DET,Pistons,Starters,186:25,85,Detroit,pistons,29,70,0.414,4,13,0.308,23,31,0.742,11,25,36,13,8,0,11,15,1610612765,DET,Detroit Pistons,1610612746,LAC,LA Clippers
0021500359,2015-12-14,2015-16,regular_season,road,False,1610612746,LAC,Clippers,Bench,173:28,25,LA,clippers,9,27,0.333,2,9,0.222,5,5,1.0,2,6,8,6,6,1,2,9,1610612765,DET,Detroit Pistons,1610612746,LAC,LA Clippers
0021500359,2015-12-14,2015-16,regular_season,road,False,1610612746,LAC,Clippers,Starters,173:28,80,LA,clippers,35,70,0.5,4,10,0.4,6,10,0.6,8,23,31,23,3,3,8,13,1610612765,DET,Detroit Pistons,1610612746,LAC,LA Clippers
0021500360,2015-12-14,2015-16,regular_season,home,False,1610612737,ATL,Hawks,Bench,173:33,17,Atlanta,hawks,6,18,0.333,2,8,0.25,3,4,0.75,3,7,10,10,4,1,7,7,1610612737,ATL,Atlanta Hawks,1610612748,MIA,Miami Heat
0021500360,2015-12-14,2015-16,regular_season,home,False,1610612737,ATL,Hawks,Starters,173:33,71,Atlanta,hawks,27,66,0.409,6,25,0.24,11,11,1.0,4,23,27,15,3,3,7,14,1610612737,ATL,Atlanta Hawks,1610612748,MIA,Miami Heat
0021500360,2015-12-14,2015-16,regular_season,road,False,1610612748,MIA,Heat,Bench,161:46,31,Miami,heat,12,22,0.545,2,5,0.4,5,5,1.0,3,6,9,5,2,0,7,6,1610612737,ATL,Atlanta Hawks,1610612748,MIA,Miami Heat
0021500360,2015-12-14,2015-16,regular_season,road,False,1610612748,MIA,Heat,Starters,161:46,69,Miami,heat,28,67,0.418,5,11,0.455,8,10,0.8,12,33,45,21,4,5,8,10,1610612737,ATL,Atlanta Hawks,1610612748,MIA,Miami Heat
0021500361,2015-12-14,2015-16,regular_season,home,False,1610612741,CHI,Bulls,Bench,139:26,51,Chicago,bulls,20,46,0.435,7,16,0.438,4,6,0.667,7,19,26,12,2,3,6,11,1610612741,CHI,Chicago Bulls,1610612755,PHI,Philadelphia 76ers
0021500361,2015-12-14,2015-16,regular_season,home,False,1610612741,CHI,Bulls,Starters,139:26,64,Chicago,bulls,23,39,0.59,1,6,0.167,17,20,0.85,3,24,27,16,5,5,7,4,1610612741,CHI,Chicago Bulls,1610612755,PHI,Philadelphia 76ers
0021500361,2015-12-14,2015-16,regular_season,road,False,1610612755,PHI,76ers,Bench,135:29,37,Philadelphia,sixers,16,35,0.457,5,12,0.417,0,0,0.0,2,10,12,11,3,0,3,12,1610612741,CHI,Chicago Bulls,1610612755,PHI,Philadelphia 76ers
0021500361,2015-12-14,2015-16,regular_season,road,False,1610612755,PHI,76ers,Starters,135:29,59,Philadelphia,sixers,22,57,0.386,6,19,0.316,9,13,0.692,7,17,24,8,3,8,8,5,1610612741,CHI,Chicago Bulls,1610612755,PHI,Philadelphia 76ers
0021500362,2015-12-14,2015-16,regular_season,home,False,1610612763,MEM,Grizzlies,Bench,188:00,20,Memphis,grizzlies,9,15,0.6,1,1,1.0,1,1,1.0,1,7,8,3,2,0,5,4,1610612763,MEM,Memphis Grizzlies,1610612764,WAS,Washington Wizards
0021500362,2015-12-14,2015-16,regular_season,home,False,1610612763,MEM,Grizzlies,Starters,188:00,92,Memphis,grizzlies,35,63,0.556,9,14,0.643,13,14,0.929,5,26,31,23,6,5,12,14,1610612763,MEM,Memphis Grizzlies,1610612764,WAS,Washington Wizards
0021500362,2015-12-14,2015-16,regular_season,road,False,1610612764,WAS,Wizards,Bench,125:45,57,Washington,wizards,22,41,0.537,5,10,0.5,8,12,0.667,5,11,16,7,5,2,4,10,1610612763,MEM,Memphis Grizzlies,1610612764,WAS,Washington Wizards
0021500362,2015-12-14,2015-16,regular_season,road,False,1610612764,WAS,Wizards,Starters,125:45,38,Washington,wizards,15,45,0.333,4,14,0.286,4,8,0.5,5,15,20,15,4,1,10,3,1610612763,MEM,Memphis Grizzlies,1610612764,WAS,Washington Wizards
0021500363,2015-12-14,2015-16,regular_season,home,False,1610612742,DAL,Mavericks,Bench,157:59,38,Dallas,mavericks,12,24,0.5,4,9,0.444,10,14,0.714,0,9,9,5,6,1,1,8,1610612742,DAL,Dallas Mavericks,1610612756,PHX,Phoenix Suns
0021500363,2015-12-14,2015-16,regular_season,home,False,1610612742,DAL,Mavericks,Starters,157:59,66,Dallas,mavericks,26,53,0.491,8,23,0.348,6,7,0.857,5,27,32,12,6,0,15,14,1610612742,DAL,Dallas Mavericks,1610612756,PHX,Phoenix Suns
0021500363,2015-12-14,2015-16,regular_season,road,False,1610612756,PHX,Suns,Bench,146:07,36,Phoenix,suns,12,25,0.48,3,7,0.429,9,16,0.563,3,12,15,3,2,2,6,10,1610612742,DAL,Dallas Mavericks,1610612756,PHX,Phoenix Suns
0021500363,2015-12-14,2015-16,regular_season,road,False,1610612756,PHX,Suns,Starters,146:07,58,Phoenix,suns,21,55,0.382,6,18,0.333,10,11,0.909,9,23,32,16,7,3,10,13,1610612742,DAL,Dallas Mavericks,1610612756,PHX,Phoenix Suns
0021500364,2015-12-14,2015-16,regular_season,home,False,1610612759,SAS,Spurs,Bench,108:37,51,San Antonio,spurs,18,39,0.462,6,13,0.462,9,11,0.818,5,15,20,11,3,2,8,10,1610612759,SAS,San Antonio Spurs,1610612762,UTA,Utah Jazz
0021500364,2015-12-14,2015-16,regular_season,home,False,1610612759,SAS,Spurs,Starters,108:37,67,San Antonio,spurs,24,36,0.667,3,8,0.375,16,16,1.0,4,24,28,13,3,0,3,7,1610612759,SAS,San Antonio Spurs,1610612762,UTA,Utah Jazz
0021500364,2015-12-14,2015-16,regular_season,road,False,1610612762,UTA,Jazz,Bench,110:08,43,Utah,jazz,17,42,0.405,1,7,0.143,8,9,0.889,7,15,22,13,5,2,6,12,1610612759,SAS,San Antonio Spurs,1610612762,UTA,Utah Jazz
0021500364,2015-12-14,2015-16,regular_season,road,False,1610612762,UTA,Jazz,Starters,110:08,38,Utah,jazz,15,37,0.405,2,4,0.5,6,8,0.75,0,10,10,5,3,1,5,11,1610612759,SAS,San Antonio Spurs,1610612762,UTA,Utah Jazz
0021500365,2015-12-14,2015-16,regular_season,home,False,1610612743,DEN,Nuggets,Bench,149:58,43,Denver,nuggets,14,31,0.452,4,13,0.308,11,12,0.917,3,17,20,9,5,1,7,6,1610612743,DEN,Denver Nuggets,1610612745,HOU,Houston Rockets
0021500365,2015-12-14,2015-16,regular_season,home,False,1610612743,DEN,Nuggets,Starters,149:58,71,Denver,nuggets,28,51,0.549,4,12,0.333,11,13,0.846,12,20,32,17,3,4,11,9,1610612743,DEN,Denver Nuggets,1610612745,HOU,Houston Rockets
0021500365,2015-12-14,2015-16,regular_season,road,False,1610612745,HOU,Rockets,Bench,155:44,41,Houston,rockets,14,31,0.452,7,16,0.438,6,6,1.0,1,6,7,7,3,0,3,10,1610612743,DEN,Denver Nuggets,1610612745,HOU,Houston Rockets
0021500365,2015-12-14,2015-16,regular_season,road,False,1610612745,HOU,Rockets,Starters,155:44,67,Houston,rockets,27,56,0.482,11,24,0.458,2,5,0.4,4,15,19,19,11,1,8,12,1610612743,DEN,Denver Nuggets,1610612745,HOU,Houston Rockets
0021500366,2015-12-14,2015-16,regular_season,home,False,1610612757,POR,Trail Blazers,Bench,142:40,32,Portland,blazers,12,27,0.444,5,15,0.333,3,6,0.5,1,17,18,11,4,0,5,10,1610612757,POR,Portland Trail Blazers,1610612740,NOP,New Orleans Pelicans
0021500366,2015-12-14,2015-16,regular_season,home,False,1610612757,POR,Trail Blazers,Starters,142:40,73,Portland,blazers,23,54,0.426,8,17,0.471,19,23,0.826,9,23,32,17,3,5,10,11,1610612757,POR,Portland Trail Blazers,1610612740,NOP,New Orleans Pelicans
0021500366,2015-12-14,2015-16,regular_season,road,False,1610612740,NOP,Pelicans,Bench,136:31,43,New Orleans,pelicans,14,36,0.389,7,16,0.438,8,10,0.8,1,15,16,5,3,3,2,9,1610612757,POR,Portland Trail Blazers,1610612740,NOP,New Orleans Pelicans
0021500366,2015-12-14,2015-16,regular_season,road,False,1610612740,NOP,Pelicans,Starters,136:31,58,New Orleans,pelicans,22,46,0.478,1,9,0.111,13,17,0.765,4,21,25,10,6,6,7,13,1610612757,POR,Portland Trail Blazers,1610612740,NOP,New Orleans Pelicans
0021500367,2015-12-15,2015-16,regular_season,home,False,1610612738,BOS,Celtics,Bench,135:49,24,Boston,celtics,11,33,0.333,2,10,0.2,0,0,0.0,5,15,20,10,1,1,4,3,1610612738,BOS,Boston Celtics,1610612739,CLE,Cleveland Cavaliers
0021500367,2015-12-15,2015-16,regular_season,home,False,1610612738,BOS,Celtics,Starters,135:49,53,Boston,celtics,17,54,0.315,7,22,0.318,12,14,0.857,7,14,21,8,5,5,6,8,1610612738,BOS,Boston Celtics,1610612739,CLE,Cleveland Cavaliers
0021500367,2015-12-15,2015-16,regular_season,road,False,1610612739,CLE,Cavaliers,Bench,157:07,25,Cleveland,cavaliers,10,22,0.455,4,8,0.5,1,1,1.0,1,13,14,5,0,1,5,5,1610612738,BOS,Boston Celtics,1610612739,CLE,Cleveland Cavaliers
0021500367,2015-12-15,2015-16,regular_season,road,False,1610612739,CLE,Cavaliers,Starters,157:07,64,Cleveland,cavaliers,26,56,0.464,4,15,0.267,8,9,0.889,5,27,32,12,5,6,9,12,1610612738,BOS,Boston Celtics,1610612739,CLE,Cleveland Cavaliers
0021500368,2015-12-15,2015-16,regular_season,home,False,1610612750,MIN,Timberwolves,Bench,126:27,38,Minnesota,timberwolves,16,36,0.444,1,4,0.25,5,10,0.5,5,11,16,7,4,3,5,12,1610612750,MIN,Minnesota Timberwolves,1610612743,DEN,Denver Nuggets
0021500368,2015-12-15,2015-16,regular_season,home,False,1610612750,MIN,Timberwolves,Starters,126:27,62,Minnesota,timberwolves,20,41,0.488,3,6,0.5,19,21,0.905,5,10,15,14,2,3,4,12,1610612750,MIN,Minnesota Timberwolves,1610612743,DEN,Denver Nuggets
0021500368,2015-12-15,2015-16,regular_season,road,False,1610612743,DEN,Nuggets,Bench,118:55,53,Denver,nuggets,21,37,0.568,6,11,0.545,5,6,0.833,4,10,14,13,7,3,8,12,1610612750,MIN,Minnesota Timberwolves,1610612743,DEN,Denver Nuggets
0021500368,2015-12-15,2015-16,regular_season,road,False,1610612743,DEN,Nuggets,Starters,118:55,59,Denver,nuggets,20,36,0.556,4,7,0.571,15,21,0.714,6,19,25,11,2,3,6,14,1610612750,MIN,Minnesota Timberwolves,1610612743,DEN,Denver Nuggets
0021500369,2015-12-15,2015-16,regular_season,home,False,1610612758,SAC,Kings,Bench,170:47,23,Sacramento,kings,8,23,0.348,3,10,0.3,4,6,0.667,3,6,9,1,0,1,3,3,1610612758,SAC,Sacramento Kings,1610612745,HOU,Houston Rockets
0021500369,2015-12-15,2015-16,regular_season,home,False,1610612758,SAC,Kings,Starters,170:47,84,Sacramento,kings,30,52,0.577,8,14,0.571,16,23,0.696,6,32,38,24,13,2,25,16,1610612758,SAC,Sacramento Kings,1610612745,HOU,Houston Rockets
0021500369,2015-12-15,2015-16,regular_season,road,False,1610612745,HOU,Rockets,Bench,147:19,32,Houston,rockets,12,29,0.414,4,14,0.286,4,5,0.8,4,12,16,11,6,1,8,13,1610612758,SAC,Sacramento Kings,1610612745,HOU,Houston Rockets
0021500369,2015-12-15,2015-16,regular_season,road,False,1610612745,HOU,Rockets,Starters,147:19,65,Houston,rockets,22,53,0.415,8,25,0.32,13,18,0.722,3,17,20,11,11,2,13,15,1610612758,SAC,Sacramento Kings,1610612745,HOU,Houston Rockets
0021500370,2015-12-15,2015-16,regular_season,home,False,1610612747,LAL,Lakers,Bench,139:11,47,Los Angeles,lakers,18,40,0.45,5,13,0.385,6,8,0.75,9,15,24,9,3,2,7,11,1610612747,LAL,Los Angeles Lakers,1610612749,MIL,Milwaukee Bucks
0021500370,2015-12-15,2015-16,regular_season,home,False,1610612747,LAL,Lakers,Starters,139:11,66,Los Angeles,lakers,23,49,0.469,5,14,0.357,15,17,0.882,9,19,28,17,4,1,7,7,1610612747,LAL,Los Angeles Lakers,1610612749,MIL,Milwaukee Bucks
0021500370,2015-12-15,2015-16,regular_season,road,False,1610612749,MIL,Bucks,Bench,145:35,37,Milwaukee,bucks,18,33,0.545,0,2,0.0,1,4,0.25,8,13,21,8,3,3,4,11,1610612747,LAL,Los Angeles Lakers,1610612749,MIL,Milwaukee Bucks
0021500370,2015-12-15,2015-16,regular_season,road,False,1610612749,MIL,Bucks,Starters,145:35,58,Milwaukee,bucks,22,52,0.423,4,11,0.364,10,16,0.625,4,13,17,15,4,4,7,9,1610612747,LAL,Los Angeles Lakers,1610612749,MIL,Milwaukee Bucks
0021500371,2015-12-16,2015-16,regular_season,home,False,1610612754,IND,Pacers,Bench,135:35,45,Indiana,pacers,18,36,0.5,5,12,0.417,4,6,0.667,4,20,24,15,4,1,4,11,1610612754,IND,Indiana Pacers,1610612742,DAL,Dallas Mavericks
0021500371,2015-12-16,2015-16,regular_season,home,False,1610612754,IND,Pacers,Starters,135:35,62,Indiana,pacers,25,53,0.472,6,17,0.353,6,11,0.545,1,22,23,13,5,3,4,6,1610612754,IND,Indiana Pacers,1610612742,DAL,Dallas Mavericks
0021500371,2015-12-16,2015-16,regular_season,road,False,1610612742,DAL,Mavericks,Bench,139:09,35,Dallas,mavericks,14,34,0.412,3,12,0.25,4,4,1.0,5,14,19,7,0,0,5,10,1610612754,IND,Indiana Pacers,1610612742,DAL,Dallas Mavericks
0021500371,2015-12-16,2015-16,regular_season,road,False,1610612742,DAL,Mavericks,Starters,139:09,46,Dallas,mavericks,19,56,0.339,5,21,0.238,3,6,0.5,6,22,28,9,2,3,6,6,1610612754,IND,Indiana Pacers,1610612742,DAL,Dallas Mavericks
0021500372,2015-12-16,2015-16,regular_season,home,False,1610612753,ORL,Magic,Bench,135:48,42,Orlando,magic,17,29,0.586,4,7,0.571,4,4,1.0,3,15,18,9,4,3,8,12,1610612753,ORL,Orlando Magic,1610612766,CHA,Charlotte Hornets
0021500372,2015-12-16,2015-16,regular_season,home,False,1610612753,ORL,Magic,Starters,135:48,71,Orlando,magic,26,48,0.542,10,17,0.588,9,11,0.818,1,21,22,19,8,1,9,3,1610612753,ORL,Orlando Magic,1610612766,CHA,Charlotte Hornets
0021500372,2015-12-16,2015-16,regular_season,road,False,1610612766,CHA,Hornets,Bench,118:25,49,Charlotte,hornets,20,39,0.513,7,15,0.467,2,3,0.667,4,14,18,8,6,0,6,10,1610612753,ORL,Orlando Magic,1610612766,CHA,Charlotte Hornets
0021500372,2015-12-16,2015-16,regular_season,road,False,1610612766,CHA,Hornets,Starters,118:25,49,Charlotte,hornets,16,40,0.4,7,19,0.368,10,12,0.833,3,12,15,15,6,3,10,9,1610612753,ORL,Orlando Magic,1610612766,CHA,Charlotte Hornets
0021500373,2015-12-16,2015-16,regular_season,home,False,1610612751,BKN,Nets,Bench,166:07,30,Brooklyn,nets,14,29,0.483,0,4,0.0,2,4,0.5,5,8,13,5,3,2,0,5,1610612751,BKN,Brooklyn Nets,1610612748,MIA,Miami Heat
0021500373,2015-12-16,2015-16,regular_season,home,False,1610612751,BKN,Nets,Starters,166:07,68,Brooklyn,nets,28,60,0.467,4,12,0.333,8,10,0.8,5,17,22,19,3,1,6,13,1610612751,BKN,Brooklyn Nets,1610612748,MIA,Miami Heat
0021500373,2015-12-16,2015-16,regular_season,road,False,1610612748,MIA,Heat,Bench,162:15,28,Miami,heat,11,20,0.55,5,9,0.556,1,2,0.5,1,10,11,4,1,1,2,5,1610612751,BKN,Brooklyn Nets,1610612748,MIA,Miami Heat
0021500373,2015-12-16,2015-16,regular_season,road,False,1610612748,MIA,Heat,Starters,162:15,76,Miami,heat,29,55,0.527,2,12,0.167,16,22,0.727,7,27,34,12,3,5,10,8,1610612751,BKN,Brooklyn Nets,1610612748,MIA,Miami Heat
0021500374,2015-12-16,2015-16,regular_season,home,False,1610612765,DET,Pistons,Bench,170:30,27,Detroit,pistons,9,19,0.474,3,5,0.6,6,8,0.75,1,13,14,4,0,1,2,7,1610612765,DET,Detroit Pistons,1610612738,BOS,Boston Celtics
0021500374,2015-12-16,2015-16,regular_season,home,False,1610612765,DET,Pistons,Starters,170:30,92,Detroit,pistons,29,59,0.492,8,16,0.5,26,35,0.743,6,16,22,9,5,3,9,15,1610612765,DET,Detroit Pistons,1610612738,BOS,Boston Celtics
0021500374,2015-12-16,2015-16,regular_season,road,False,1610612738,BOS,Celtics,Bench,154:58,36,Boston,celtics,14,29,0.483,3,6,0.5,5,7,0.714,2,17,19,6,0,1,7,15,1610612765,DET,Detroit Pistons,1610612738,BOS,Boston Celtics
0021500374,2015-12-16,2015-16,regular_season,road,False,1610612738,BOS,Celtics,Starters,154:58,80,Boston,celtics,29,60,0.483,7,19,0.368,15,17,0.882,8,17,25,11,4,1,11,20,1610612765,DET,Detroit Pistons,1610612738,BOS,Boston Celtics
0021500375,2015-12-16,2015-16,regular_season,home,False,1610612752,NYK,Knicks,Bench,140:44,38,New York,knicks,14,31,0.452,2,5,0.4,8,10,0.8,7,9,16,11,1,1,2,8,1610612752,NYK,New York Knicks,1610612750,MIN,Minnesota Timberwolves
0021500375,2015-12-16,2015-16,regular_season,home,False,1610612752,NYK,Knicks,Starters,140:44,69,New York,knicks,23,54,0.426,6,16,0.375,17,20,0.85,7,27,34,17,1,9,12,9,1610612752,NYK,New York Knicks,1610612750,MIN,Minnesota Timberwolves
0021500375,2015-12-16,2015-16,regular_season,road,False,1610612750,MIN,Timberwolves,Bench,161:42,29,Minnesota,timberwolves,13,35,0.371,1,11,0.091,2,2,1.0,3,10,13,3,2,0,1,8,1610612752,NYK,New York Knicks,1610612750,MIN,Minnesota Timberwolves
0021500375,2015-12-16,2015-16,regular_season,road,False,1610612750,MIN,Timberwolves,Starters,161:42,73,Minnesota,timberwolves,29,66,0.439,3,10,0.3,12,12,1.0,13,24,37,18,10,2,6,15,1610612752,NYK,New York Knicks,1610612750,MIN,Minnesota Timberwolves
0021500376,2015-12-16,2015-16,regular_season,home,False,1610612737,ATL,Hawks,Bench,127:19,56,Atlanta,hawks,23,38,0.605,4,11,0.364,6,8,0.75,2,6,8,14,5,1,4,14,1610612737,ATL,Atlanta Hawks,1610612755,PHI,Philadelphia 76ers
0021500376,2015-12-16,2015-16,regular_season,home,False,1610612737,ATL,Hawks,Starters,127:19,71,Atlanta,hawks,25,40,0.625,6,10,0.6,15,16,0.938,0,17,17,18,6,6,8,7,1610612737,ATL,Atlanta Hawks,1610612755,PHI,Philadelphia 76ers
0021500376,2015-12-16,2015-16,regular_season,road,False,1610612755,PHI,76ers,Bench,132:57,41,Philadelphia,sixers,16,31,0.516,4,11,0.364,5,10,0.5,5,13,18,11,2,2,11,9,1610612737,ATL,Atlanta Hawks,1610612755,PHI,Philadelphia 76ers
0021500376,2015-12-16,2015-16,regular_season,road,False,1610612755,PHI,76ers,Starters,132:57,65,Philadelphia,sixers,23,44,0.523,8,15,0.533,11,14,0.786,2,12,14,9,3,0,11,12,1610612737,ATL,Atlanta Hawks,1610612755,PHI,Philadelphia 76ers
0021500377,2015-12-16,2015-16,regular_season,home,False,1610612741,CHI,Bulls,Bench,145:22,35,Chicago,bulls,12,29,0.414,8,15,0.533,3,7,0.429,4,9,13,10,2,3,6,13,1610612741,CHI,Chicago Bulls,1610612763,MEM,Memphis Grizzlies
0021500377,2015-12-16,2015-16,regular_season,home,False,1610612741,CHI,Bulls,Starters,145:22,63,Chicago,bulls,26,57,0.456,1,9,0.111,10,12,0.833,5,27,32,12,3,3,8,4,1610612741,CHI,Chicago Bulls,1610612763,MEM,Memphis Grizzlies
0021500377,2015-12-16,2015-16,regular_season,road,False,1610612763,MEM,Grizzlies,Bench,160:21,33,Memphis,grizzlies,11,22,0.5,1,3,0.333,10,18,0.556,2,16,18,10,1,2,7,7,1610612741,CHI,Chicago Bulls,1610612763,MEM,Memphis Grizzlies
0021500377,2015-12-16,2015-16,regular_season,road,False,1610612763,MEM,Grizzlies,Starters,160:21,52,Memphis,grizzlies,21,54,0.389,4,16,0.25,6,10,0.6,3,20,23,17,5,3,6,13,1610612741,CHI,Chicago Bulls,1610612763,MEM,Memphis Grizzlies
0021500378,2015-12-16,2015-16,regular_season,home,False,1610612760,OKC,Thunder,Bench,123:31,41,Oklahoma City,thunder,13,30,0.433,1,6,0.167,14,19,0.737,5,20,25,2,3,0,8,8,1610612760,OKC,Oklahoma City Thunder,1610612757,POR,Portland Trail Blazers
0021500378,2015-12-16,2015-16,regular_season,home,False,1610612760,OKC,Thunder,Starters,123:31,65,Oklahoma City,thunder,25,49,0.51,1,8,0.125,14,18,0.778,9,17,26,11,3,8,10,12,1610612760,OKC,Oklahoma City Thunder,1610612757,POR,Portland Trail Blazers
0021500378,2015-12-16,2015-16,regular_season,road,False,1610612757,POR,Trail Blazers,Bench,138:26,25,Portland,blazers,11,31,0.355,2,9,0.222,1,3,0.333,3,13,16,4,3,1,8,16,1610612760,OKC,Oklahoma City Thunder,1610612757,POR,Portland Trail Blazers
0021500378,2015-12-16,2015-16,regular_season,road,False,1610612757,POR,Trail Blazers,Starters,138:26,65,Portland,blazers,21,61,0.344,9,17,0.529,14,15,0.933,14,17,31,9,3,2,10,12,1610612760,OKC,Oklahoma City Thunder,1610612757,POR,Portland Trail Blazers
0021500379,2015-12-16,2015-16,regular_season,home,False,1610612759,SAS,Spurs,Bench,140:25,47,San Antonio,spurs,17,29,0.586,3,8,0.375,10,13,0.769,2,14,16,13,3,5,7,11,1610612759,SAS,San Antonio Spurs,1610612764,WAS,Washington Wizards
0021500379,2015-12-16,2015-16,regular_season,home,False,1610612759,SAS,Spurs,Starters,140:25,67,San Antonio,spurs,27,54,0.5,5,14,0.357,8,10,0.8,6,21,27,16,7,4,4,10,1610612759,SAS,San Antonio Spurs,1610612764,WAS,Washington Wizards
0021500379,2015-12-16,2015-16,regular_season,road,False,1610612764,WAS,Wizards,Bench,151:27,37,Washington,wizards,12,27,0.444,2,8,0.25,11,13,0.846,3,6,9,5,1,1,4,10,1610612759,SAS,San Antonio Spurs,1610612764,WAS,Washington Wizards
0021500379,2015-12-16,2015-16,regular_season,road,False,1610612764,WAS,Wizards,Starters,151:27,58,Washington,wizards,23,57,0.404,1,7,0.143,11,12,0.917,7,22,29,17,5,3,8,8,1610612759,SAS,San Antonio Spurs,1610612764,WAS,Washington Wizards
0021500380,2015-12-16,2015-16,regular_season,home,False,1610612762,UTA,Jazz,Bench,145:45,31,Utah,jazz,11,23,0.478,3,8,0.375,6,7,0.857,2,9,11,8,2,2,6,5,1610612762,UTA,Utah Jazz,1610612740,NOP,New Orleans Pelicans
0021500380,2015-12-16,2015-16,regular_season,home,False,1610612762,UTA,Jazz,Starters,145:45,63,Utah,jazz,21,44,0.477,4,12,0.333,17,22,0.773,3,20,23,9,2,2,6,15,1610612762,UTA,Utah Jazz,1610612740,NOP,New Orleans Pelicans
0021500380,2015-12-16,2015-16,regular_season,road,False,1610612740,NOP,Pelicans,Bench,144:13,47,New Orleans,pelicans,14,32,0.438,4,8,0.5,15,16,0.938,4,9,13,6,5,1,4,8,1610612762,UTA,Utah Jazz,1610612740,NOP,New Orleans Pelicans
0021500380,2015-12-16,2015-16,regular_season,road,False,1610612740,NOP,Pelicans,Starters,144:13,57,New Orleans,pelicans,20,41,0.488,6,13,0.462,11,12,0.917,4,19,23,8,4,1,6,16,1610612762,UTA,Utah Jazz,1610612740,NOP,New Orleans Pelicans
0021500381,2015-12-16,2015-16,regular_season,home,False,1610612744,GSW,Warriors,Bench,142:57,33,Golden State,warriors,12,30,0.4,0,6,0.0,9,11,0.818,4,14,18,8,4,2,7,6,1610612744,GSW,Golden State Warriors,1610612756,PHX,Phoenix Suns
0021500381,2015-12-16,2015-16,regular_season,home,False,1610612744,GSW,Warriors,Starters,142:57,95,Golden State,warriors,34,58,0.586,15,26,0.577,12,16,0.75,5,26,31,24,8,2,10,11,1610612744,GSW,Golden State Warriors,1610612756,PHX,Phoenix Suns
0021500381,2015-12-16,2015-16,regular_season,road,False,1610612756,PHX,Suns,Bench,114:32,67,Phoenix,suns,25,50,0.5,4,15,0.267,13,15,0.867,5,20,25,15,6,3,8,12,1610612744,GSW,Golden State Warriors,1610612756,PHX,Phoenix Suns
0021500381,2015-12-16,2015-16,regular_season,road,False,1610612756,PHX,Suns,Starters,114:32,36,Phoenix,suns,16,41,0.39,1,7,0.143,3,3,1.0,2,14,16,13,5,1,12,8,1610612744,GSW,Golden State Warriors,1610612756,PHX,Phoenix Suns
0021500382,2015-12-16,2015-16,regular_season,home,False,1610612746,LAC,Clippers,Bench,131:25,32,LA,clippers,12,30,0.4,4,10,0.4,4,6,0.667,3,9,12,8,4,1,5,7,1610612746,LAC,LA Clippers,1610612749,MIL,Milwaukee Bucks
0021500382,2015-12-16,2015-16,regular_season,home,False,1610612746,LAC,Clippers,Starters,131:25,71,LA,clippers,24,45,0.533,7,11,0.636,16,18,0.889,7,21,28,17,3,3,9,3,1610612746,LAC,LA Clippers,1610612749,MIL,Milwaukee Bucks
0021500382,2015-12-16,2015-16,regular_season,road,False,1610612749,MIL,Bucks,Bench,165:27,25,Milwaukee,bucks,12,26,0.462,1,2,0.5,0,1,0.0,8,13,21,3,3,3,5,6,1610612746,LAC,LA Clippers,1610612749,MIL,Milwaukee Bucks
0021500382,2015-12-16,2015-16,regular_season,road,False,1610612749,MIL,Bucks,Starters,165:27,65,Milwaukee,bucks,26,62,0.419,4,14,0.286,9,10,0.9,7,13,20,18,6,3,6,15,1610612746,LAC,LA Clippers,1610612749,MIL,Milwaukee Bucks
0021500383,2015-12-17,2015-16,regular_season,home,False,1610612766,CHA,Hornets,Bench,179:09,18,Charlotte,hornets,5,17,0.294,2,9,0.222,6,8,0.75,1,19,20,6,3,4,4,9,1610612766,CHA,Charlotte Hornets,1610612761,TOR,Toronto Raptors
0021500383,2015-12-17,2015-16,regular_season,home,False,1610612766,CHA,Hornets,Starters,179:09,91,Charlotte,hornets,32,68,0.471,8,20,0.4,19,23,0.826,5,26,31,17,2,5,9,14,1610612766,CHA,Charlotte Hornets,1610612761,TOR,Toronto Raptors
0021500383,2015-12-17,2015-16,regular_season,road,False,1610612761,TOR,Raptors,Bench,184:39,21,Toronto,raptors,8,20,0.4,1,10,0.1,4,7,0.571,5,9,14,4,3,1,6,8,1610612766,CHA,Charlotte Hornets,1610612761,TOR,Toronto Raptors
0021500383,2015-12-17,2015-16,regular_season,road,False,1610612761,TOR,Raptors,Starters,184:39,78,Toronto,raptors,27,77,0.351,8,29,0.276,16,21,0.762,4,28,32,14,4,9,2,14,1610612766,CHA,Charlotte Hornets,1610612761,TOR,Toronto Raptors
0021500384,2015-12-17,2015-16,regular_season,home,False,1610612739,CLE,Cavaliers,Bench,156:29,32,Cleveland,cavaliers,14,24,0.583,4,8,0.5,0,2,0.0,11,7,18,2,1,1,4,9,1610612739,CLE,Cleveland Cavaliers,1610612760,OKC,Oklahoma City Thunder
0021500384,2015-12-17,2015-16,regular_season,home,False,1610612739,CLE,Cavaliers,Starters,156:29,72,Cleveland,cavaliers,27,64,0.422,8,21,0.381,10,11,0.909,5,19,24,27,5,0,12,13,1610612739,CLE,Cleveland Cavaliers,1610612760,OKC,Oklahoma City Thunder
0021500384,2015-12-17,2015-16,regular_season,road,False,1610612760,OKC,Thunder,Bench,161:27,16,Oklahoma City,thunder,6,19,0.316,0,5,0.0,4,6,0.667,1,11,12,5,3,0,0,10,1610612739,CLE,Cleveland Cavaliers,1610612760,OKC,Oklahoma City Thunder
0021500384,2015-12-17,2015-16,regular_season,road,False,1610612760,OKC,Thunder,Starters,161:27,84,Oklahoma City,thunder,29,55,0.527,6,15,0.4,20,22,0.909,8,16,24,18,4,7,12,10,1610612739,CLE,Cleveland Cavaliers,1610612760,OKC,Oklahoma City Thunder
0021500385,2015-12-17,2015-16,regular_season,home,False,1610612747,LAL,Lakers,Bench,151:49,24,Los Angeles,lakers,9,30,0.3,1,8,0.125,5,6,0.833,6,14,20,11,2,1,7,9,1610612747,LAL,Los Angeles Lakers,1610612745,HOU,Houston Rockets
0021500385,2015-12-17,2015-16,regular_season,home,False,1610612747,LAL,Lakers,Starters,151:49,63,Los Angeles,lakers,27,54,0.5,4,16,0.25,5,12,0.417,7,19,26,11,3,4,7,18,1610612747,LAL,Los Angeles Lakers,1610612745,HOU,Houston Rockets
0021500385,2015-12-17,2015-16,regular_season,road,False,1610612745,HOU,Rockets,Bench,154:55,30,Houston,rockets,10,26,0.385,4,9,0.444,6,10,0.6,2,10,12,9,1,1,7,5,1610612747,LAL,Los Angeles Lakers,1610612745,HOU,Houston Rockets
0021500385,2015-12-17,2015-16,regular_season,road,False,1610612745,HOU,Rockets,Starters,154:55,77,Houston,rockets,24,62,0.387,8,22,0.364,21,32,0.656,21,21,42,13,8,7,6,12,1610612747,LAL,Los Angeles Lakers,1610612745,HOU,Houston Rockets
0021500386,2015-12-18,2015-16,regular_season,home,False,1610612754,IND,Pacers,Bench,157:01,45,Indiana,pacers,17,36,0.472,0,4,0.0,11,13,0.846,11,14,25,3,0,1,1,4,1610612754,IND,Indiana Pacers,1610612751,BKN,Brooklyn Nets
0021500386,2015-12-18,2015-16,regular_season,home,False,1610612754,IND,Pacers,Starters,157:01,59,Indiana,pacers,20,53,0.377,7,24,0.292,12,13,0.923,3,24,27,14,4,3,10,11,1610612754,IND,Indiana Pacers,1610612751,BKN,Brooklyn Nets
0021500386,2015-12-18,2015-16,regular_season,road,False,1610612751,BKN,Nets,Bench,168:13,23,Brooklyn,nets,10,24,0.417,1,3,0.333,2,2,1.0,1,12,13,4,0,2,3,8,1610612754,IND,Indiana Pacers,1610612751,BKN,Brooklyn Nets
0021500386,2015-12-18,2015-16,regular_season,road,False,1610612751,BKN,Nets,Starters,168:13,74,Brooklyn,nets,26,62,0.419,7,13,0.538,15,15,1.0,8,21,29,14,7,4,9,13,1610612754,IND,Indiana Pacers,1610612751,BKN,Brooklyn Nets
0021500387,2015-12-18,2015-16,regular_season,home,False,1610612753,ORL,Magic,Bench,154:50,29,Orlando,magic,12,29,0.414,1,4,0.25,4,5,0.8,3,11,14,6,3,2,7,8,1610612753,ORL,Orlando Magic,1610612757,POR,Portland Trail Blazers
0021500387,2015-12-18,2015-16,regular_season,home,False,1610612753,ORL,Magic,Starters,154:50,73,Orlando,magic,27,55,0.491,1,11,0.091,18,26,0.692,10,24,34,13,8,3,6,10,1610612753,ORL,Orlando Magic,1610612757,POR,Portland Trail Blazers
0021500387,2015-12-18,2015-16,regular_season,road,False,1610612757,POR,Trail Blazers,Bench,146:40,24,Portland,blazers,8,23,0.348,2,10,0.2,6,12,0.5,4,19,23,2,0,1,6,7,1610612753,ORL,Orlando Magic,1610612757,POR,Portland Trail Blazers
0021500387,2015-12-18,2015-16,regular_season,road,False,1610612757,POR,Trail Blazers,Starters,146:40,70,Portland,blazers,24,50,0.48,9,22,0.409,13,14,0.929,3,16,19,19,3,1,13,16,1610612753,ORL,Orlando Magic,1610612757,POR,Portland Trail Blazers
0021500388,2015-12-18,2015-16,regular_season,home,False,1610612755,PHI,76ers,Bench,117:22,50,Philadelphia,sixers,18,37,0.486,3,12,0.25,11,22,0.5,3,18,21,6,5,2,10,11,1610612755,PHI,Philadelphia 76ers,1610612752,NYK,New York Knicks
0021500388,2015-12-18,2015-16,regular_season,home,False,1610612755,PHI,76ers,Starters,117:22,47,Philadelphia,sixers,19,40,0.475,3,12,0.25,6,8,0.75,1,14,15,9,2,3,5,11,1610612755,PHI,Philadelphia 76ers,1610612752,NYK,New York Knicks
0021500388,2015-12-18,2015-16,regular_season,road,False,1610612752,NYK,Knicks,Bench,121:02,52,New York,knicks,20,41,0.488,3,9,0.333,9,14,0.643,7,15,22,12,4,1,10,12,1610612755,PHI,Philadelphia 76ers,1610612752,NYK,New York Knicks
0021500388,2015-12-18,2015-16,regular_season,road,False,1610612752,NYK,Knicks,Starters,121:02,55,New York,knicks,20,44,0.455,3,10,0.3,12,14,0.857,7,20,27,12,4,5,5,7,1610612755,PHI,Philadelphia 76ers,1610612752,NYK,New York Knicks
0021500389,2015-12-18,2015-16,regular_season,home,False,1610612738,BOS,Celtics,Bench,145:59,30,Boston,celtics,12,34,0.353,4,8,0.5,2,4,0.5,2,18,20,8,1,2,10,10,1610612738,BOS,Boston Celtics,1610612737,ATL,Atlanta Hawks
0021500389,2015-12-18,2015-16,regular_season,home,False,1610612738,BOS,Celtics,Starters,145:59,71,Boston,celtics,22,43,0.512,6,15,0.4,21,27,0.778,4,19,23,11,4,0,11,15,1610612738,BOS,Boston Celtics,1610612737,ATL,Atlanta Hawks
0021500389,2015-12-18,2015-16,regular_season,road,False,1610612737,ATL,Hawks,Bench,161:18,36,Atlanta,hawks,14,25,0.56,3,6,0.5,5,6,0.833,4,10,14,7,5,1,2,10,1610612738,BOS,Boston Celtics,1610612737,ATL,Atlanta Hawks
0021500389,2015-12-18,2015-16,regular_season,road,False,1610612737,ATL,Hawks,Starters,161:18,73,Atlanta,hawks,27,63,0.429,1,14,0.071,18,23,0.783,5,23,28,16,6,3,10,18,1610612738,BOS,Boston Celtics,1610612737,ATL,Atlanta Hawks
0021500390,2015-12-18,2015-16,regular_season,home,False,1610612748,MIA,Heat,Bench,159:24,27,Miami,heat,9,22,0.409,6,14,0.429,3,3,1.0,0,6,6,4,1,1,2,9,1610612748,MIA,Miami Heat,1610612761,TOR,Toronto Raptors
0021500390,2015-12-18,2015-16,regular_season,home,False,1610612748,MIA,Heat,Starters,159:24,67,Miami,heat,26,52,0.5,3,11,0.273,12,14,0.857,4,24,28,15,3,5,11,10,1610612748,MIA,Miami Heat,1610612761,TOR,Toronto Raptors
0021500390,2015-12-18,2015-16,regular_season,road,False,1610612761,TOR,Raptors,Bench,171:13,19,Toronto,raptors,7,15,0.467,5,12,0.417,0,0,0.0,0,12,12,4,4,2,2,5,1610612748,MIA,Miami Heat,1610612761,TOR,Toronto Raptors
0021500390,2015-12-18,2015-16,regular_season,road,False,1610612761,TOR,Raptors,Starters,171:13,89,Toronto,raptors,34,65,0.523,3,9,0.333,18,22,0.818,6,20,26,14,7,3,5,7,1610612748,MIA,Miami Heat,1610612761,TOR,Toronto Raptors
0021500391,2015-12-18,2015-16,regular_season,home,False,1610612741,CHI,Bulls,Bench,240:06,20,Chicago,bulls,7,20,0.35,2,7,0.286,4,4,1.0,6,13,19,6,1,0,4,13,1610612741,CHI,Chicago Bulls,1610612765,DET,Detroit Pistons
0021500391,2015-12-18,2015-16,regular_season,home,False,1610612741,CHI,Bulls,Starters,240:06,124,Chicago,bulls,43,100,0.43,3,15,0.2,35,40,0.875,14,29,43,15,4,9,12,22,1610612741,CHI,Chicago Bulls,1610612765,DET,Detroit Pistons
0021500391,2015-12-18,2015-16,regular_season,road,False,1610612765,DET,Pistons,Bench,263:41,28,Detroit,pistons,10,20,0.5,2,6,0.333,6,8,0.75,2,12,14,3,2,0,2,9,1610612741,CHI,Chicago Bulls,1610612765,DET,Detroit Pistons
0021500391,2015-12-18,2015-16,regular_season,road,False,1610612765,DET,Pistons,Starters,263:41,119,Detroit,pistons,46,104,0.442,6,23,0.261,21,38,0.553,17,33,50,25,5,4,9,26,1610612741,CHI,Chicago Bulls,1610612765,DET,Detroit Pistons
0021500392,2015-12-18,2015-16,regular_season,home,False,1610612750,MIN,Timberwolves,Bench,134:09,32,Minnesota,timberwolves,15,35,0.429,2,8,0.25,0,0,0.0,5,17,22,8,0,3,7,9,1610612750,MIN,Minnesota Timberwolves,1610612758,SAC,Sacramento Kings
0021500392,2015-12-18,2015-16,regular_season,home,False,1610612750,MIN,Timberwolves,Starters,134:09,67,Minnesota,timberwolves,24,47,0.511,4,10,0.4,15,16,0.938,9,18,27,17,2,3,11,10,1610612750,MIN,Minnesota Timberwolves,1610612758,SAC,Sacramento Kings
0021500392,2015-12-18,2015-16,regular_season,road,False,1610612758,SAC,Kings,Bench,166:32,23,Sacramento,kings,9,18,0.5,2,7,0.286,3,5,0.6,0,6,6,4,0,0,2,3,1610612750,MIN,Minnesota Timberwolves,1610612758,SAC,Sacramento Kings
0021500392,2015-12-18,2015-16,regular_season,road,False,1610612758,SAC,Kings,Starters,166:32,72,Sacramento,kings,29,63,0.46,5,16,0.313,9,12,0.75,8,17,25,18,10,2,10,16,1610612750,MIN,Minnesota Timberwolves,1610612758,SAC,Sacramento Kings
0021500393,2015-12-18,2015-16,regular_season,home,False,1610612759,SAS,Spurs,Bench,153:26,25,San Antonio,spurs,9,26,0.346,4,9,0.444,3,3,1.0,2,10,12,13,5,1,4,17,1610612759,SAS,San Antonio Spurs,1610612746,LAC,LA Clippers
0021500393,2015-12-18,2015-16,regular_season,home,False,1610612759,SAS,Spurs,Starters,153:26,90,San Antonio,spurs,34,61,0.557,6,10,0.6,16,21,0.762,8,24,32,12,2,3,4,13,1610612759,SAS,San Antonio Spurs,1610612746,LAC,LA Clippers
0021500393,2015-12-18,2015-16,regular_season,road,False,1610612746,LAC,Clippers,Bench,163:54,20,LA,clippers,8,21,0.381,2,9,0.222,2,2,1.0,1,9,10,7,1,6,6,8,1610612759,SAS,San Antonio Spurs,1610612746,LAC,LA Clippers
0021500393,2015-12-18,2015-16,regular_season,road,False,1610612746,LAC,Clippers,Starters,163:54,87,LA,clippers,28,51,0.549,8,15,0.533,23,38,0.605,5,22,27,16,5,2,4,14,1610612759,SAS,San Antonio Spurs,1610612746,LAC,LA Clippers
0021500394,2015-12-18,2015-16,regular_season,home,False,1610612742,DAL,Mavericks,Bench,144:46,43,Dallas,mavericks,17,31,0.548,5,14,0.357,4,5,0.8,2,15,17,13,2,3,8,8,1610612742,DAL,Dallas Mavericks,1610612763,MEM,Memphis Grizzlies
0021500394,2015-12-18,2015-16,regular_season,home,False,1610612742,DAL,Mavericks,Starters,144:46,54,Dallas,mavericks,17,47,0.362,5,15,0.333,15,16,0.938,9,24,33,14,5,1,11,9,1610612742,DAL,Dallas Mavericks,1610612763,MEM,Memphis Grizzlies
0021500394,2015-12-18,2015-16,regular_season,road,False,1610612763,MEM,Grizzlies,Bench,163:27,31,Memphis,grizzlies,12,30,0.4,3,5,0.6,4,6,0.667,8,7,15,4,2,0,5,9,1610612742,DAL,Dallas Mavericks,1610612763,MEM,Memphis Grizzlies
0021500394,2015-12-18,2015-16,regular_season,road,False,1610612763,MEM,Grizzlies,Starters,163:27,57,Memphis,grizzlies,18,50,0.36,3,12,0.25,18,18,1.0,2,22,24,9,9,3,7,10,1610612742,DAL,Dallas Mavericks,1610612763,MEM,Memphis Grizzlies
0021500395,2015-12-18,2015-16,regular_season,home,False,1610612762,UTA,Jazz,Bench,144:36,38,Utah,jazz,14,27,0.519,4,11,0.364,6,8,0.75,0,14,14,5,6,1,9,9,1610612762,UTA,Utah Jazz,1610612743,DEN,Denver Nuggets
0021500395,2015-12-18,2015-16,regular_season,home,False,1610612762,UTA,Jazz,Starters,144:36,59,Utah,jazz,20,46,0.435,6,14,0.429,13,17,0.765,5,20,25,10,2,0,5,10,1610612762,UTA,Utah Jazz,1610612743,DEN,Denver Nuggets
0021500395,2015-12-18,2015-16,regular_season,road,False,1610612743,DEN,Nuggets,Bench,151:52,30,Denver,nuggets,9,27,0.333,1,10,0.1,11,14,0.786,3,13,16,4,8,2,7,7,1610612762,UTA,Utah Jazz,1610612743,DEN,Denver Nuggets
0021500395,2015-12-18,2015-16,regular_season,road,False,1610612743,DEN,Nuggets,Starters,151:52,58,Denver,nuggets,22,52,0.423,5,18,0.278,9,11,0.818,12,16,28,11,2,2,7,13,1610612762,UTA,Utah Jazz,1610612743,DEN,Denver Nuggets
0021500396,2015-12-18,2015-16,regular_season,home,False,1610612756,PHX,Suns,Bench,146:35,44,Phoenix,suns,19,38,0.5,3,5,0.6,3,6,0.5,8,11,19,8,6,1,5,15,1610612756,PHX,Phoenix Suns,1610612740,NOP,New Orleans Pelicans
0021500396,2015-12-18,2015-16,regular_season,home,False,1610612756,PHX,Suns,Starters,146:35,60,Phoenix,suns,25,46,0.543,3,11,0.273,7,11,0.636,4,22,26,14,4,1,14,12,1610612756,PHX,Phoenix Suns,1610612740,NOP,New Orleans Pelicans
0021500396,2015-12-18,2015-16,regular_season,road,False,1610612740,NOP,Pelicans,Bench,137:18,36,New Orleans,pelicans,11,32,0.344,1,11,0.091,13,17,0.765,1,7,8,7,1,1,10,8,1610612756,PHX,Phoenix Suns,1610612740,NOP,New Orleans Pelicans
0021500396,2015-12-18,2015-16,regular_season,road,False,1610612740,NOP,Pelicans,Starters,137:18,52,New Orleans,pelicans,15,39,0.385,3,11,0.273,19,21,0.905,9,19,28,6,7,6,11,15,1610612756,PHX,Phoenix Suns,1610612740,NOP,New Orleans Pelicans
0021500397,2015-12-18,2015-16,regular_season,home,False,1610612744,GSW,Warriors,Bench,146:33,37,Golden State,warriors,16,35,0.457,1,5,0.2,4,8,0.5,9,9,18,9,3,1,5,12,1610612744,GSW,Golden State Warriors,1610612749,MIL,Milwaukee Bucks
0021500397,2015-12-18,2015-16,regular_season,home,False,1610612744,GSW,Warriors,Starters,146:33,84,Golden State,warriors,26,52,0.5,8,21,0.381,24,29,0.828,6,22,28,22,4,3,10,10,1610612744,GSW,Golden State Warriors,1610612749,MIL,Milwaukee Bucks
0021500397,2015-12-18,2015-16,regular_season,road,False,1610612749,MIL,Bucks,Bench,170:57,28,Milwaukee,bucks,7,16,0.438,1,7,0.143,13,14,0.929,6,7,13,5,1,3,4,10,1610612744,GSW,Golden State Warriors,1610612749,MIL,Milwaukee Bucks
0021500397,2015-12-18,2015-16,regular_season,road,False,1610612749,MIL,Bucks,Starters,170:57,84,Milwaukee,bucks,35,75,0.467,3,11,0.273,11,14,0.786,8,20,28,20,5,4,12,19,1610612744,GSW,Golden State Warriors,1610612749,MIL,Milwaukee Bucks
0021500398,2015-12-19,2015-16,regular_season,home,False,1610612760,OKC,Thunder,Bench,125:58,57,Oklahoma City,thunder,23,40,0.575,4,11,0.364,7,8,0.875,3,26,29,14,5,2,6,5,1610612760,OKC,Oklahoma City Thunder,1610612747,LAL,Los Angeles Lakers
0021500398,2015-12-19,2015-16,regular_season,home,False,1610612760,OKC,Thunder,Starters,125:58,61,Oklahoma City,thunder,23,44,0.523,5,8,0.625,10,17,0.588,9,18,27,14,1,1,9,9,1610612760,OKC,Oklahoma City Thunder,1610612747,LAL,Los Angeles Lakers
0021500398,2015-12-19,2015-16,regular_season,road,False,1610612747,LAL,Lakers,Bench,128:43,35,Los Angeles,lakers,14,44,0.318,4,17,0.235,3,7,0.429,6,12,18,8,1,0,8,8,1610612760,OKC,Oklahoma City Thunder,1610612747,LAL,Los Angeles Lakers
0021500398,2015-12-19,2015-16,regular_season,road,False,1610612747,LAL,Lakers,Starters,128:43,43,Los Angeles,lakers,16,42,0.381,4,11,0.364,7,10,0.7,2,12,14,6,9,2,6,12,1610612760,OKC,Oklahoma City Thunder,1610612747,LAL,Los Angeles Lakers
0021500399,2015-12-19,2015-16,regular_season,home,False,1610612764,WAS,Wizards,Bench,178:39,16,Washington,wizards,6,18,0.333,0,5,0.0,4,4,1.0,1,8,9,6,2,0,1,3,1610612764,WAS,Washington Wizards,1610612766,CHA,Charlotte Hornets
0021500399,2015-12-19,2015-16,regular_season,home,False,1610612764,WAS,Wizards,Starters,178:39,93,Washington,wizards,34,61,0.557,9,15,0.6,16,19,0.842,4,25,29,20,8,4,13,11,1610612764,WAS,Washington Wizards,1610612766,CHA,Charlotte Hornets
0021500399,2015-12-19,2015-16,regular_season,road,False,1610612766,CHA,Hornets,Bench,151:42,39,Charlotte,hornets,16,34,0.471,5,11,0.455,2,3,0.667,5,15,20,10,0,1,6,9,1610612764,WAS,Washington Wizards,1610612766,CHA,Charlotte Hornets
0021500399,2015-12-19,2015-16,regular_season,road,False,1610612766,CHA,Hornets,Starters,151:42,62,Charlotte,hornets,23,59,0.39,5,22,0.227,11,13,0.846,13,18,31,13,8,3,11,11,1610612764,WAS,Washington Wizards,1610612766,CHA,Charlotte Hornets
0021500400,2015-12-19,2015-16,regular_season,home,False,1610612752,NYK,Knicks,Bench,140:00,39,New York,knicks,13,29,0.448,2,7,0.286,11,13,0.846,5,15,20,5,4,1,6,4,1610612752,NYK,New York Knicks,1610612741,CHI,Chicago Bulls
0021500400,2015-12-19,2015-16,regular_season,home,False,1610612752,NYK,Knicks,Starters,140:00,68,New York,knicks,28,53,0.528,3,13,0.231,9,11,0.818,5,18,23,14,2,1,5,11,1610612752,NYK,New York Knicks,1610612741,CHI,Chicago Bulls
0021500400,2015-12-19,2015-16,regular_season,road,False,1610612741,CHI,Bulls,Bench,123:40,39,Chicago,bulls,15,47,0.319,3,15,0.2,6,8,0.75,7,18,25,5,5,1,9,15,1610612752,NYK,New York Knicks,1610612741,CHI,Chicago Bulls
0021500400,2015-12-19,2015-16,regular_season,road,False,1610612741,CHI,Bulls,Starters,123:40,52,Chicago,bulls,22,47,0.468,2,6,0.333,6,9,0.667,11,11,22,12,2,0,4,5,1610612752,NYK,New York Knicks,1610612741,CHI,Chicago Bulls
0021500401,2015-12-19,2015-16,regular_season,home,False,1610612745,HOU,Rockets,Bench,145:51,36,Houston,rockets,11,29,0.379,3,13,0.231,11,11,1.0,1,14,15,6,4,1,2,12,1610612745,HOU,Houston Rockets,1610612746,LAC,LA Clippers
0021500401,2015-12-19,2015-16,regular_season,home,False,1610612745,HOU,Rockets,Starters,145:51,71,Houston,rockets,23,47,0.489,5,12,0.417,20,38,0.526,12,28,40,16,3,6,13,17,1610612745,HOU,Houston Rockets,1610612746,LAC,LA Clippers
0021500401,2015-12-19,2015-16,regular_season,road,False,1610612746,LAC,Clippers,Bench,129:52,28,LA,clippers,10,37,0.27,5,20,0.25,3,4,0.75,5,11,16,5,1,2,7,21,1610612745,HOU,Houston Rockets,1610612746,LAC,LA Clippers
0021500401,2015-12-19,2015-16,regular_season,road,False,1610612746,LAC,Clippers,Starters,129:52,69,LA,clippers,24,49,0.49,6,18,0.333,15,25,0.6,2,20,22,16,9,4,5,15,1610612745,HOU,Houston Rockets,1610612746,LAC,LA Clippers
0021500402,2015-12-19,2015-16,regular_season,home,False,1610612763,MEM,Grizzlies,Bench,176:28,29,Memphis,grizzlies,10,18,0.556,1,5,0.2,8,10,0.8,0,10,10,5,1,2,2,7,1610612763,MEM,Memphis Grizzlies,1610612754,IND,Indiana Pacers
0021500402,2015-12-19,2015-16,regular_season,home,False,1610612763,MEM,Grizzlies,Starters,176:28,67,Memphis,grizzlies,27,65,0.415,4,14,0.286,9,11,0.818,9,27,36,16,8,4,7,13,1610612763,MEM,Memphis Grizzlies,1610612754,IND,Indiana Pacers
0021500402,2015-12-19,2015-16,regular_season,road,False,1610612754,IND,Pacers,Bench,148:12,27,Indiana,pacers,11,22,0.5,1,4,0.25,4,5,0.8,6,17,23,6,2,1,4,10,1610612763,MEM,Memphis Grizzlies,1610612754,IND,Indiana Pacers
0021500402,2015-12-19,2015-16,regular_season,road,False,1610612754,IND,Pacers,Starters,148:12,57,Indiana,pacers,19,55,0.345,4,24,0.167,15,20,0.75,7,15,22,6,6,1,13,10,1610612763,MEM,Memphis Grizzlies,1610612754,IND,Indiana Pacers
0021500403,2015-12-20,2015-16,regular_season,home,False,1610612751,BKN,Nets,Bench,170:28,30,Brooklyn,nets,11,25,0.44,2,7,0.286,6,8,0.75,1,6,7,7,2,0,2,5,1610612751,BKN,Brooklyn Nets,1610612750,MIN,Minnesota Timberwolves
0021500403,2015-12-20,2015-16,regular_season,home,False,1610612751,BKN,Nets,Starters,170:28,55,Brooklyn,nets,21,53,0.396,3,14,0.214,10,12,0.833,5,27,32,19,5,2,12,15,1610612751,BKN,Brooklyn Nets,1610612750,MIN,Minnesota Timberwolves
0021500403,2015-12-20,2015-16,regular_season,road,False,1610612750,MIN,Timberwolves,Bench,122:07,48,Minnesota,timberwolves,19,40,0.475,3,9,0.333,7,7,1.0,2,21,23,11,4,2,5,11,1610612751,BKN,Brooklyn Nets,1610612750,MIN,Minnesota Timberwolves
0021500403,2015-12-20,2015-16,regular_season,road,False,1610612750,MIN,Timberwolves,Starters,122:07,52,Minnesota,timberwolves,19,40,0.475,0,3,0.0,14,17,0.824,5,18,23,18,8,3,8,10,1610612751,BKN,Brooklyn Nets,1610612750,MIN,Minnesota Timberwolves
0021500404,2015-12-20,2015-16,regular_season,home,False,1610612748,MIA,Heat,Bench,155:36,22,Miami,heat,7,15,0.467,4,9,0.444,4,6,0.667,0,7,7,5,3,1,1,1,1610612748,MIA,Miami Heat,1610612757,POR,Portland Trail Blazers
0021500404,2015-12-20,2015-16,regular_season,home,False,1610612748,MIA,Heat,Starters,155:36,94,Miami,heat,36,60,0.6,8,14,0.571,14,20,0.7,5,18,23,21,8,6,10,13,1610612748,MIA,Miami Heat,1610612757,POR,Portland Trail Blazers
0021500404,2015-12-20,2015-16,regular_season,road,False,1610612757,POR,Trail Blazers,Bench,145:00,28,Portland,blazers,11,25,0.44,2,8,0.25,4,4,1.0,3,20,23,4,2,0,3,10,1610612748,MIA,Miami Heat,1610612757,POR,Portland Trail Blazers
0021500404,2015-12-20,2015-16,regular_season,road,False,1610612757,POR,Trail Blazers,Starters,145:00,81,Portland,blazers,28,55,0.509,11,26,0.423,14,18,0.778,7,12,19,19,5,0,16,14,1610612748,MIA,Miami Heat,1610612757,POR,Portland Trail Blazers
0021500405,2015-12-20,2015-16,regular_season,home,False,1610612739,CLE,Cavaliers,Bench,109:49,47,Cleveland,cavaliers,17,41,0.415,7,16,0.438,6,8,0.75,5,15,20,11,4,4,5,11,1610612739,CLE,Cleveland Cavaliers,1610612755,PHI,Philadelphia 76ers
0021500405,2015-12-20,2015-16,regular_season,home,False,1610612739,CLE,Cavaliers,Starters,109:49,61,Cleveland,cavaliers,23,44,0.523,4,9,0.444,11,13,0.846,1,19,20,14,7,2,5,8,1610612739,CLE,Cleveland Cavaliers,1610612755,PHI,Philadelphia 76ers
0021500405,2015-12-20,2015-16,regular_season,road,False,1610612755,PHI,76ers,Bench,116:16,43,Philadelphia,sixers,15,40,0.375,2,10,0.2,11,13,0.846,7,15,22,10,3,1,12,10,1610612739,CLE,Cleveland Cavaliers,1610612755,PHI,Philadelphia 76ers
0021500405,2015-12-20,2015-16,regular_season,road,False,1610612755,PHI,76ers,Starters,116:16,43,Philadelphia,sixers,15,46,0.326,3,14,0.214,10,17,0.588,9,18,27,5,3,1,7,12,1610612739,CLE,Cleveland Cavaliers,1610612755,PHI,Philadelphia 76ers
0021500406,2015-12-20,2015-16,regular_season,home,False,1610612756,PHX,Suns,Bench,136:59,43,Phoenix,suns,14,39,0.359,3,12,0.25,12,12,1.0,1,17,18,11,4,1,8,10,1610612756,PHX,Phoenix Suns,1610612749,MIL,Milwaukee Bucks
0021500406,2015-12-20,2015-16,regular_season,home,False,1610612756,PHX,Suns,Starters,136:59,52,Phoenix,suns,19,35,0.543,5,6,0.833,9,12,0.75,5,16,21,7,4,1,12,12,1610612756,PHX,Phoenix Suns,1610612749,MIL,Milwaukee Bucks
0021500406,2015-12-20,2015-16,regular_season,road,False,1610612749,MIL,Bucks,Bench,169:48,23,Milwaukee,bucks,9,18,0.5,2,4,0.5,3,6,0.5,3,9,12,2,2,4,4,8,1610612756,PHX,Phoenix Suns,1610612749,MIL,Milwaukee Bucks
0021500406,2015-12-20,2015-16,regular_season,road,False,1610612749,MIL,Bucks,Starters,169:48,78,Milwaukee,bucks,32,61,0.525,3,12,0.25,11,18,0.611,3,22,25,23,6,2,9,15,1610612756,PHX,Phoenix Suns,1610612749,MIL,Milwaukee Bucks
0021500407,2015-12-20,2015-16,regular_season,home,False,1610612753,ORL,Magic,Bench,157:01,32,Orlando,magic,12,27,0.444,1,3,0.333,7,7,1.0,3,9,12,8,4,1,6,9,1610612753,ORL,Orlando Magic,1610612737,ATL,Atlanta Hawks
0021500407,2015-12-20,2015-16,regular_season,home,False,1610612753,ORL,Magic,Starters,157:01,68,Orlando,magic,26,54,0.481,3,9,0.333,13,17,0.765,5,19,24,19,12,4,7,13,1610612753,ORL,Orlando Magic,1610612737,ATL,Atlanta Hawks
0021500407,2015-12-20,2015-16,regular_season,road,False,1610612737,ATL,Hawks,Bench,159:42,30,Atlanta,hawks,12,23,0.522,4,8,0.5,2,3,0.667,3,9,12,7,0,4,6,8,1610612753,ORL,Orlando Magic,1610612737,ATL,Atlanta Hawks
0021500407,2015-12-20,2015-16,regular_season,road,False,1610612737,ATL,Hawks,Starters,159:42,73,Atlanta,hawks,27,55,0.491,7,14,0.5,12,17,0.706,5,24,29,18,6,3,13,13,1610612753,ORL,Orlando Magic,1610612737,ATL,Atlanta Hawks
0021500408,2015-12-20,2015-16,regular_season,home,False,1610612761,TOR,Raptors,Bench,144:15,35,Toronto,raptors,13,33,0.394,7,19,0.368,2,2,1.0,2,10,12,6,3,1,4,6,1610612761,TOR,Toronto Raptors,1610612758,SAC,Sacramento Kings
0021500408,2015-12-20,2015-16,regular_season,home,False,1610612761,TOR,Raptors,Starters,144:15,59,Toronto,raptors,22,61,0.361,1,10,0.1,14,15,0.933,11,26,37,6,5,2,8,12,1610612761,TOR,Toronto Raptors,1610612758,SAC,Sacramento Kings
0021500408,2015-12-20,2015-16,regular_season,road,False,1610612758,SAC,Kings,Bench,164:10,24,Sacramento,kings,9,18,0.5,1,3,0.333,5,8,0.625,2,6,8,4,1,1,2,8,1610612761,TOR,Toronto Raptors,1610612758,SAC,Sacramento Kings
0021500408,2015-12-20,2015-16,regular_season,road,False,1610612758,SAC,Kings,Starters,164:10,80,Sacramento,kings,31,58,0.534,8,18,0.444,10,16,0.625,3,31,34,22,7,7,13,11,1610612761,TOR,Toronto Raptors,1610612758,SAC,Sacramento Kings
0021500409,2015-12-20,2015-16,regular_season,home,False,1610612743,DEN,Nuggets,Bench,122:35,64,Denver,nuggets,25,48,0.521,12,21,0.571,2,3,0.667,3,15,18,15,2,2,2,12,1610612743,DEN,Denver Nuggets,1610612740,NOP,New Orleans Pelicans
0021500409,2015-12-20,2015-16,regular_season,home,False,1610612743,DEN,Nuggets,Starters,122:35,61,Denver,nuggets,20,48,0.417,5,14,0.357,16,19,0.842,10,11,21,11,3,2,3,13,1610612743,DEN,Denver Nuggets,1610612740,NOP,New Orleans Pelicans
0021500409,2015-12-20,2015-16,regular_season,road,False,1610612740,NOP,Pelicans,Bench,118:10,53,New Orleans,pelicans,18,36,0.5,6,13,0.462,11,15,0.733,3,10,13,8,2,5,5,11,1610612743,DEN,Denver Nuggets,1610612740,NOP,New Orleans Pelicans
0021500409,2015-12-20,2015-16,regular_season,road,False,1610612740,NOP,Pelicans,Starters,118:10,77,New Orleans,pelicans,26,42,0.619,5,11,0.455,20,24,0.833,4,19,23,16,2,6,5,11,1610612743,DEN,Denver Nuggets,1610612740,NOP,New Orleans Pelicans
0021500410,2015-12-21,2015-16,regular_season,home,False,1610612764,WAS,Wizards,Bench,191:51,30,Washington,wizards,11,20,0.55,3,4,0.75,5,6,0.833,0,5,5,2,0,1,0,4,1610612764,WAS,Washington Wizards,1610612758,SAC,Sacramento Kings
0021500410,2015-12-21,2015-16,regular_season,home,False,1610612764,WAS,Wizards,Starters,191:51,83,Washington,wizards,31,63,0.492,11,20,0.55,10,11,0.909,4,29,33,29,9,4,11,15,1610612764,WAS,Washington Wizards,1610612758,SAC,Sacramento Kings
0021500410,2015-12-21,2015-16,regular_season,road,False,1610612758,SAC,Kings,Bench,150:17,41,Sacramento,kings,16,32,0.5,4,12,0.333,5,6,0.833,4,7,11,10,1,1,5,8,1610612764,WAS,Washington Wizards,1610612758,SAC,Sacramento Kings
0021500410,2015-12-21,2015-16,regular_season,road,False,1610612758,SAC,Kings,Starters,150:17,58,Sacramento,kings,21,59,0.356,3,10,0.3,13,16,0.813,9,26,35,14,7,2,10,8,1610612764,WAS,Washington Wizards,1610612758,SAC,Sacramento Kings
0021500411,2015-12-21,2015-16,regular_season,home,False,1610612738,BOS,Celtics,Bench,146:37,42,Boston,celtics,18,32,0.563,5,10,0.5,1,2,0.5,4,13,17,15,1,4,8,14,1610612738,BOS,Boston Celtics,1610612750,MIN,Minnesota Timberwolves
0021500411,2015-12-21,2015-16,regular_season,home,False,1610612738,BOS,Celtics,Starters,146:37,71,Boston,celtics,28,57,0.491,7,15,0.467,8,14,0.571,8,25,33,19,5,5,8,8,1610612738,BOS,Boston Celtics,1610612750,MIN,Minnesota Timberwolves
0021500411,2015-12-21,2015-16,regular_season,road,False,1610612750,MIN,Timberwolves,Bench,153:41,28,Minnesota,timberwolves,11,25,0.44,1,6,0.167,5,7,0.714,0,6,6,5,3,1,2,6,1610612738,BOS,Boston Celtics,1610612750,MIN,Minnesota Timberwolves
0021500411,2015-12-21,2015-16,regular_season,road,False,1610612750,MIN,Timberwolves,Starters,153:41,71,Minnesota,timberwolves,25,54,0.463,1,7,0.143,20,25,0.8,6,24,30,15,6,5,10,13,1610612738,BOS,Boston Celtics,1610612750,MIN,Minnesota Timberwolves
0021500412,2015-12-21,2015-16,regular_season,home,False,1610612752,NYK,Knicks,Bench,149:53,47,New York,knicks,17,30,0.567,4,10,0.4,9,10,0.9,2,10,12,7,4,0,5,6,1610612752,NYK,New York Knicks,1610612753,ORL,Orlando Magic
0021500412,2015-12-21,2015-16,regular_season,home,False,1610612752,NYK,Knicks,Starters,149:53,52,New York,knicks,22,46,0.478,3,14,0.214,5,6,0.833,7,20,27,14,1,6,10,8,1610612752,NYK,New York Knicks,1610612753,ORL,Orlando Magic
0021500412,2015-12-21,2015-16,regular_season,road,False,1610612753,ORL,Magic,Bench,134:46,33,Orlando,magic,13,31,0.419,3,9,0.333,4,5,0.8,4,10,14,12,2,1,7,7,1610612752,NYK,New York Knicks,1610612753,ORL,Orlando Magic
0021500412,2015-12-21,2015-16,regular_season,road,False,1610612753,ORL,Magic,Starters,134:46,74,Orlando,magic,31,55,0.564,7,13,0.538,5,6,0.833,4,15,19,7,6,2,2,10,1610612752,NYK,New York Knicks,1610612753,ORL,Orlando Magic
0021500413,2015-12-21,2015-16,regular_season,home,False,1610612737,ATL,Hawks,Bench,138:19,54,Atlanta,hawks,21,33,0.636,5,11,0.455,7,10,0.7,1,11,12,8,4,1,3,6,1610612737,ATL,Atlanta Hawks,1610612757,POR,Portland Trail Blazers
0021500413,2015-12-21,2015-16,regular_season,home,False,1610612737,ATL,Hawks,Starters,138:19,52,Atlanta,hawks,16,44,0.364,4,18,0.222,16,18,0.889,1,18,19,13,4,0,7,11,1610612737,ATL,Atlanta Hawks,1610612757,POR,Portland Trail Blazers
0021500413,2015-12-21,2015-16,regular_season,road,False,1610612757,POR,Trail Blazers,Bench,144:56,43,Portland,blazers,17,34,0.5,3,13,0.231,6,7,0.857,6,11,17,8,1,1,5,8,1610612737,ATL,Atlanta Hawks,1610612757,POR,Portland Trail Blazers
0021500413,2015-12-21,2015-16,regular_season,road,False,1610612757,POR,Trail Blazers,Starters,144:56,54,Portland,blazers,21,47,0.447,2,11,0.182,10,15,0.667,8,25,33,16,4,3,13,12,1610612737,ATL,Atlanta Hawks,1610612757,POR,Portland Trail Blazers
0021500414,2015-12-21,2015-16,regular_season,home,False,1610612741,CHI,Bulls,Bench,158:22,32,Chicago,bulls,13,30,0.433,6,13,0.462,0,0,0.0,4,12,16,15,2,2,3,9,1610612741,CHI,Chicago Bulls,1610612751,BKN,Brooklyn Nets
0021500414,2015-12-21,2015-16,regular_season,home,False,1610612741,CHI,Bulls,Starters,158:22,70,Chicago,bulls,30,65,0.462,3,13,0.231,7,13,0.538,11,18,29,17,6,6,10,6,1610612741,CHI,Chicago Bulls,1610612751,BKN,Brooklyn Nets
0021500414,2015-12-21,2015-16,regular_season,road,False,1610612751,BKN,Nets,Bench,162:38,38,Brooklyn,nets,15,29,0.517,3,8,0.375,5,6,0.833,4,14,18,9,1,0,4,5,1610612741,CHI,Chicago Bulls,1610612751,BKN,Brooklyn Nets
0021500414,2015-12-21,2015-16,regular_season,road,False,1610612751,BKN,Nets,Starters,162:38,67,Brooklyn,nets,28,65,0.431,4,12,0.333,7,8,0.875,11,22,33,17,8,4,10,8,1610612741,CHI,Chicago Bulls,1610612751,BKN,Brooklyn Nets
0021500415,2015-12-21,2015-16,regular_season,home,False,1610612745,HOU,Rockets,Bench,139:15,38,Houston,rockets,14,32,0.438,2,12,0.167,8,11,0.727,3,14,17,10,2,2,5,11,1610612745,HOU,Houston Rockets,1610612766,CHA,Charlotte Hornets
0021500415,2015-12-21,2015-16,regular_season,home,False,1610612745,HOU,Rockets,Starters,139:15,64,Houston,rockets,19,39,0.487,5,16,0.313,21,30,0.7,6,26,32,8,1,2,14,22,1610612745,HOU,Houston Rockets,1610612766,CHA,Charlotte Hornets
0021500415,2015-12-21,2015-16,regular_season,road,False,1610612766,CHA,Hornets,Bench,146:33,43,Charlotte,hornets,14,32,0.438,6,18,0.333,9,13,0.692,2,8,10,11,4,2,4,8,1610612745,HOU,Houston Rockets,1610612766,CHA,Charlotte Hornets
0021500415,2015-12-21,2015-16,regular_season,road,False,1610612766,CHA,Hornets,Starters,146:33,52,Charlotte,hornets,15,51,0.294,6,23,0.261,16,18,0.889,7,18,25,9,4,1,7,19,1610612745,HOU,Houston Rockets,1610612766,CHA,Charlotte Hornets
0021500416,2015-12-21,2015-16,regular_season,home,False,1610612759,SAS,Spurs,Bench,138:15,47,San Antonio,spurs,21,34,0.618,3,8,0.375,2,3,0.667,2,17,19,12,0,3,7,4,1610612759,SAS,San Antonio Spurs,1610612754,IND,Indiana Pacers
0021500416,2015-12-21,2015-16,regular_season,home,False,1610612759,SAS,Spurs,Starters,138:15,59,San Antonio,spurs,25,55,0.455,3,12,0.25,6,6,1.0,5,21,26,15,8,4,2,10,1610612759,SAS,San Antonio Spurs,1610612754,IND,Indiana Pacers
0021500416,2015-12-21,2015-16,regular_season,road,False,1610612754,IND,Pacers,Bench,151:24,46,Indiana,pacers,20,38,0.526,3,9,0.333,3,5,0.6,6,11,17,7,1,0,4,4,1610612759,SAS,San Antonio Spurs,1610612754,IND,Indiana Pacers
0021500416,2015-12-21,2015-16,regular_season,road,False,1610612754,IND,Pacers,Starters,151:24,46,Indiana,pacers,18,52,0.346,4,10,0.4,6,10,0.6,7,24,31,14,4,3,10,11,1610612759,SAS,San Antonio Spurs,1610612754,IND,Indiana Pacers
0021500417,2015-12-21,2015-16,regular_season,home,False,1610612762,UTA,Jazz,Bench,147:57,39,Utah,jazz,13,31,0.419,4,9,0.444,9,13,0.692,5,15,20,5,2,2,4,9,1610612762,UTA,Utah Jazz,1610612756,PHX,Phoenix Suns
0021500417,2015-12-21,2015-16,regular_season,home,False,1610612762,UTA,Jazz,Starters,147:57,71,Utah,jazz,23,48,0.479,5,16,0.313,20,24,0.833,6,21,27,11,6,4,6,7,1610612762,UTA,Utah Jazz,1610612756,PHX,Phoenix Suns
0021500417,2015-12-21,2015-16,regular_season,road,False,1610612756,PHX,Suns,Bench,93:37,59,Phoenix,suns,20,46,0.435,6,18,0.333,13,14,0.929,6,21,27,9,2,0,9,20,1610612762,UTA,Utah Jazz,1610612756,PHX,Phoenix Suns
0021500417,2015-12-21,2015-16,regular_season,road,False,1610612756,PHX,Suns,Starters,93:37,30,Phoenix,suns,11,33,0.333,1,6,0.167,7,8,0.875,3,10,13,3,1,0,4,6,1610612762,UTA,Utah Jazz,1610612756,PHX,Phoenix Suns
0021500418,2015-12-21,2015-16,regular_season,home,False,1610612746,LAC,Clippers,Bench,158:07,27,LA,clippers,13,26,0.5,0,7,0.0,1,2,0.5,3,8,11,4,5,2,5,6,1610612746,LAC,LA Clippers,1610612760,OKC,Oklahoma City Thunder
0021500418,2015-12-21,2015-16,regular_season,home,False,1610612746,LAC,Clippers,Starters,158:07,72,LA,clippers,28,61,0.459,7,15,0.467,9,12,0.75,7,27,34,17,2,1,8,9,1610612746,LAC,LA Clippers,1610612760,OKC,Oklahoma City Thunder
0021500418,2015-12-21,2015-16,regular_season,road,False,1610612760,OKC,Thunder,Bench,152:36,18,Oklahoma City,thunder,8,16,0.5,1,3,0.333,1,1,1.0,2,9,11,6,2,1,6,7,1610612746,LAC,LA Clippers,1610612760,OKC,Oklahoma City Thunder
0021500418,2015-12-21,2015-16,regular_season,road,False,1610612760,OKC,Thunder,Starters,152:36,82,Oklahoma City,thunder,32,69,0.464,3,14,0.214,15,19,0.789,8,25,33,15,8,3,5,9,1610612746,LAC,LA Clippers,1610612760,OKC,Oklahoma City Thunder
0021500419,2015-12-22,2015-16,regular_season,home,False,1610612755,PHI,76ers,Bench,141:08,33,Philadelphia,sixers,10,24,0.417,4,11,0.364,9,11,0.818,2,15,17,6,2,1,11,8,1610612755,PHI,Philadelphia 76ers,1610612763,MEM,Memphis Grizzlies
0021500419,2015-12-22,2015-16,regular_season,home,False,1610612755,PHI,76ers,Starters,141:08,57,Philadelphia,sixers,21,42,0.5,3,12,0.25,12,21,0.571,8,17,25,13,4,2,15,13,1610612755,PHI,Philadelphia 76ers,1610612763,MEM,Memphis Grizzlies
0021500419,2015-12-22,2015-16,regular_season,road,False,1610612763,MEM,Grizzlies,Bench,149:24,32,Memphis,grizzlies,13,34,0.382,2,8,0.25,4,8,0.5,6,9,15,11,7,0,5,10,1610612755,PHI,Philadelphia 76ers,1610612763,MEM,Memphis Grizzlies
0021500419,2015-12-22,2015-16,regular_season,road,False,1610612763,MEM,Grizzlies,Starters,149:24,72,Memphis,grizzlies,27,51,0.529,3,7,0.429,15,16,0.938,3,18,21,15,9,3,7,13,1610612755,PHI,Philadelphia 76ers,1610612763,MEM,Memphis Grizzlies
0021500420,2015-12-22,2015-16,regular_season,home,False,1610612748,MIA,Heat,Bench,165:12,14,Miami,heat,5,14,0.357,2,5,0.4,2,2,1.0,2,7,9,3,3,3,1,2,1610612748,MIA,Miami Heat,1610612765,DET,Detroit Pistons
0021500420,2015-12-22,2015-16,regular_season,home,False,1610612748,MIA,Heat,Starters,165:12,78,Miami,heat,34,74,0.459,2,13,0.154,8,10,0.8,9,22,31,10,6,4,4,10,1610612748,MIA,Miami Heat,1610612765,DET,Detroit Pistons
0021500420,2015-12-22,2015-16,regular_season,road,False,1610612765,DET,Pistons,Bench,162:17,36,Detroit,pistons,12,23,0.522,11,17,0.647,1,2,0.5,1,11,12,6,1,0,4,2,1610612748,MIA,Miami Heat,1610612765,DET,Detroit Pistons
0021500420,2015-12-22,2015-16,regular_season,road,False,1610612765,DET,Pistons,Starters,162:17,57,Detroit,pistons,23,55,0.418,4,13,0.308,7,12,0.583,11,20,31,10,2,3,12,9,1610612748,MIA,Miami Heat,1610612765,DET,Detroit Pistons
0021500421,2015-12-22,2015-16,regular_season,home,False,1610612761,TOR,Raptors,Bench,180:37,18,Toronto,raptors,5,15,0.333,3,9,0.333,5,6,0.833,0,7,7,6,2,0,4,4,1610612761,TOR,Toronto Raptors,1610612742,DAL,Dallas Mavericks
0021500421,2015-12-22,2015-16,regular_season,home,False,1610612761,TOR,Raptors,Starters,180:37,85,Toronto,raptors,30,59,0.508,9,17,0.529,16,21,0.762,10,36,46,14,2,4,13,15,1610612761,TOR,Toronto Raptors,1610612742,DAL,Dallas Mavericks
0021500421,2015-12-22,2015-16,regular_season,road,False,1610612742,DAL,Mavericks,Bench,128:19,43,Dallas,mavericks,18,42,0.429,3,11,0.273,4,7,0.571,3,14,17,11,4,4,3,17,1610612761,TOR,Toronto Raptors,1610612742,DAL,Dallas Mavericks
0021500421,2015-12-22,2015-16,regular_season,road,False,1610612742,DAL,Mavericks,Starters,128:19,56,Dallas,mavericks,22,50,0.44,8,18,0.444,4,4,1.0,1,16,17,12,4,3,3,8,1610612761,TOR,Toronto Raptors,1610612742,DAL,Dallas Mavericks
0021500422,2015-12-22,2015-16,regular_season,home,False,1610612743,DEN,Nuggets,Bench,122:10,58,Denver,nuggets,23,48,0.479,4,11,0.364,8,9,0.889,10,17,27,12,0,2,5,11,1610612743,DEN,Denver Nuggets,1610612747,LAL,Los Angeles Lakers
0021500422,2015-12-22,2015-16,regular_season,home,False,1610612743,DEN,Nuggets,Starters,122:10,49,Denver,nuggets,18,42,0.429,5,14,0.357,8,10,0.8,3,14,17,14,2,3,7,13,1610612743,DEN,Denver Nuggets,1610612747,LAL,Los Angeles Lakers
0021500422,2015-12-22,2015-16,regular_season,road,False,1610612747,LAL,Lakers,Bench,141:36,29,Los Angeles,lakers,11,26,0.423,2,10,0.2,5,6,0.833,4,13,17,4,1,4,5,5,1610612743,DEN,Denver Nuggets,1610612747,LAL,Los Angeles Lakers
0021500422,2015-12-22,2015-16,regular_season,road,False,1610612747,LAL,Lakers,Starters,141:36,82,Los Angeles,lakers,29,58,0.5,5,16,0.313,19,26,0.731,7,16,23,13,5,2,6,16,1610612743,DEN,Denver Nuggets,1610612747,LAL,Los Angeles Lakers
0021500423,2015-12-23,2015-16,regular_season,home,False,1610612766,CHA,Hornets,Bench,143:42,47,Charlotte,hornets,14,37,0.378,3,9,0.333,16,20,0.8,8,16,24,5,0,4,10,8,1610612766,CHA,Charlotte Hornets,1610612738,BOS,Boston Celtics
0021500423,2015-12-23,2015-16,regular_season,home,False,1610612766,CHA,Hornets,Starters,143:42,42,Charlotte,hornets,15,44,0.341,5,19,0.263,7,12,0.583,4,16,20,14,6,2,6,10,1610612766,CHA,Charlotte Hornets,1610612738,BOS,Boston Celtics
0021500423,2015-12-23,2015-16,regular_season,road,False,1610612738,BOS,Celtics,Bench,161:10,19,Boston,celtics,7,23,0.304,1,7,0.143,4,4,1.0,3,9,12,10,3,2,2,8,1610612766,CHA,Charlotte Hornets,1610612738,BOS,Boston Celtics
0021500423,2015-12-23,2015-16,regular_season,road,False,1610612738,BOS,Celtics,Starters,161:10,83,Boston,celtics,29,62,0.468,6,22,0.273,19,22,0.864,7,30,37,15,6,2,11,15,1610612766,CHA,Charlotte Hornets,1610612738,BOS,Boston Celtics
0021500424,2015-12-23,2015-16,regular_season,home,False,1610612739,CLE,Cavaliers,Bench,129:24,29,Cleveland,cavaliers,9,24,0.375,3,10,0.3,8,8,1.0,8,13,21,8,3,3,2,7,1610612739,CLE,Cleveland Cavaliers,1610612752,NYK,New York Knicks
0021500424,2015-12-23,2015-16,regular_season,home,False,1610612739,CLE,Cavaliers,Starters,129:24,62,Cleveland,cavaliers,23,59,0.39,2,12,0.167,14,17,0.824,6,21,27,15,3,1,5,8,1610612739,CLE,Cleveland Cavaliers,1610612752,NYK,New York Knicks
0021500424,2015-12-23,2015-16,regular_season,road,False,1610612752,NYK,Knicks,Bench,163:14,19,New York,knicks,6,22,0.273,0,4,0.0,7,7,1.0,4,10,14,3,0,3,4,6,1610612739,CLE,Cleveland Cavaliers,1610612752,NYK,New York Knicks
0021500424,2015-12-23,2015-16,regular_season,road,False,1610612752,NYK,Knicks,Starters,163:14,65,New York,knicks,26,60,0.433,5,12,0.417,8,9,0.889,5,25,30,16,5,4,7,11,1610612739,CLE,Cleveland Cavaliers,1610612752,NYK,New York Knicks
0021500425,2015-12-23,2015-16,regular_season,home,False,1610612754,IND,Pacers,Bench,175:02,24,Indiana,pacers,11,24,0.458,0,1,0.0,2,2,1.0,3,10,13,1,2,2,6,3,1610612754,IND,Indiana Pacers,1610612758,SAC,Sacramento Kings
0021500425,2015-12-23,2015-16,regular_season,home,False,1610612754,IND,Pacers,Starters,175:02,82,Indiana,pacers,30,65,0.462,12,31,0.387,10,18,0.556,3,22,25,19,12,2,5,13,1610612754,IND,Indiana Pacers,1610612758,SAC,Sacramento Kings
0021500425,2015-12-23,2015-16,regular_season,road,False,1610612758,SAC,Kings,Bench,160:48,34,Sacramento,kings,16,29,0.552,2,9,0.222,0,0,0.0,1,8,9,8,3,0,1,5,1610612754,IND,Indiana Pacers,1610612758,SAC,Sacramento Kings
0021500425,2015-12-23,2015-16,regular_season,road,False,1610612758,SAC,Kings,Starters,160:48,74,Sacramento,kings,30,60,0.5,2,14,0.143,12,16,0.75,5,35,40,20,3,4,15,11,1610612754,IND,Indiana Pacers,1610612758,SAC,Sacramento Kings
0021500426,2015-12-23,2015-16,regular_season,home,False,1610612753,ORL,Magic,Bench,156:55,25,Orlando,magic,11,32,0.344,2,8,0.25,1,2,0.5,5,11,16,7,3,1,4,4,1610612753,ORL,Orlando Magic,1610612745,HOU,Houston Rockets
0021500426,2015-12-23,2015-16,regular_season,home,False,1610612753,ORL,Magic,Starters,156:55,79,Orlando,magic,33,52,0.635,5,8,0.625,8,11,0.727,6,20,26,19,2,2,8,11,1610612753,ORL,Orlando Magic,1610612745,HOU,Houston Rockets
0021500426,2015-12-23,2015-16,regular_season,road,False,1610612745,HOU,Rockets,Bench,163:54,33,Houston,rockets,12,27,0.444,4,13,0.308,5,5,1.0,3,9,12,6,2,0,3,6,1610612753,ORL,Orlando Magic,1610612745,HOU,Houston Rockets
0021500426,2015-12-23,2015-16,regular_season,road,False,1610612745,HOU,Rockets,Starters,163:54,68,Houston,rockets,29,56,0.518,3,16,0.188,7,12,0.583,6,18,24,13,3,6,8,12,1610612753,ORL,Orlando Magic,1610612745,HOU,Houston Rockets
0021500427,2015-12-23,2015-16,regular_season,home,False,1610612764,WAS,Wizards,Bench,168:01,33,Washington,wizards,10,21,0.476,3,5,0.6,10,13,0.769,1,7,8,5,1,1,5,5,1610612764,WAS,Washington Wizards,1610612763,MEM,Memphis Grizzlies
0021500427,2015-12-23,2015-16,regular_season,home,False,1610612764,WAS,Wizards,Starters,168:01,67,Washington,wizards,27,61,0.443,8,20,0.4,5,6,0.833,11,25,36,21,2,1,9,18,1610612764,WAS,Washington Wizards,1610612763,MEM,Memphis Grizzlies
0021500427,2015-12-23,2015-16,regular_season,road,False,1610612763,MEM,Grizzlies,Bench,159:17,30,Memphis,grizzlies,9,21,0.429,0,4,0.0,12,18,0.667,3,9,12,2,5,2,5,12,1610612764,WAS,Washington Wizards,1610612763,MEM,Memphis Grizzlies
0021500427,2015-12-23,2015-16,regular_season,road,False,1610612763,MEM,Grizzlies,Starters,159:17,61,Memphis,grizzlies,24,51,0.471,3,13,0.231,10,14,0.714,3,20,23,10,8,5,3,5,1610612764,WAS,Washington Wizards,1610612763,MEM,Memphis Grizzlies
0021500428,2015-12-23,2015-16,regular_season,home,False,1610612751,BKN,Nets,Bench,186:39,33,Brooklyn,nets,15,28,0.536,1,2,0.5,2,3,0.667,4,9,13,12,2,1,4,8,1610612751,BKN,Brooklyn Nets,1610612742,DAL,Dallas Mavericks
0021500428,2015-12-23,2015-16,regular_season,home,False,1610612751,BKN,Nets,Starters,186:39,85,Brooklyn,nets,36,73,0.493,9,17,0.529,4,11,0.364,11,19,30,20,7,3,7,9,1610612751,BKN,Brooklyn Nets,1610612742,DAL,Dallas Mavericks
0021500428,2015-12-23,2015-16,regular_season,road,False,1610612742,DAL,Mavericks,Bench,174:38,34,Dallas,mavericks,14,26,0.538,3,10,0.3,3,5,0.6,3,13,16,8,2,1,4,12,1610612751,BKN,Brooklyn Nets,1610612742,DAL,Dallas Mavericks
0021500428,2015-12-23,2015-16,regular_season,road,False,1610612742,DAL,Mavericks,Starters,174:38,85,Dallas,mavericks,31,56,0.554,13,24,0.542,10,10,1.0,2,16,18,19,1,3,13,6,1610612751,BKN,Brooklyn Nets,1610612742,DAL,Dallas Mavericks
0021500429,2015-12-23,2015-16,regular_season,home,False,1610612737,ATL,Hawks,Bench,152:14,34,Atlanta,hawks,12,28,0.429,2,6,0.333,8,10,0.8,4,12,16,9,0,1,5,16,1610612737,ATL,Atlanta Hawks,1610612765,DET,Detroit Pistons
0021500429,2015-12-23,2015-16,regular_season,home,False,1610612737,ATL,Hawks,Starters,152:14,73,Atlanta,hawks,31,61,0.508,4,14,0.286,7,10,0.7,6,20,26,16,8,3,8,9,1610612737,ATL,Atlanta Hawks,1610612765,DET,Detroit Pistons
0021500429,2015-12-23,2015-16,regular_season,road,False,1610612765,DET,Pistons,Bench,168:19,17,Detroit,pistons,7,23,0.304,1,7,0.143,2,5,0.4,4,7,11,7,2,4,4,7,1610612737,ATL,Atlanta Hawks,1610612765,DET,Detroit Pistons
0021500429,2015-12-23,2015-16,regular_season,road,False,1610612765,DET,Pistons,Starters,168:19,83,Detroit,pistons,31,66,0.47,6,14,0.429,15,28,0.536,9,26,35,11,5,5,10,13,1610612737,ATL,Atlanta Hawks,1610612765,DET,Detroit Pistons
0021500430,2015-12-23,2015-16,regular_season,home,False,1610612749,MIL,Bucks,Bench,152:09,25,Milwaukee,bucks,11,30,0.367,3,10,0.3,0,0,0.0,3,9,12,9,2,6,6,11,1610612749,MIL,Milwaukee Bucks,1610612755,PHI,Philadelphia 76ers
0021500430,2015-12-23,2015-16,regular_season,home,False,1610612749,MIL,Bucks,Starters,152:09,88,Milwaukee,bucks,40,55,0.727,2,2,1.0,6,8,0.75,2,20,22,25,12,6,10,11,1610612749,MIL,Milwaukee Bucks,1610612755,PHI,Philadelphia 76ers
0021500430,2015-12-23,2015-16,regular_season,road,False,1610612755,PHI,76ers,Bench,122:15,49,Philadelphia,sixers,18,37,0.486,4,14,0.286,9,14,0.643,6,15,21,9,5,4,8,7,1610612749,MIL,Milwaukee Bucks,1610612755,PHI,Philadelphia 76ers
0021500430,2015-12-23,2015-16,regular_season,road,False,1610612755,PHI,76ers,Starters,122:15,51,Philadelphia,sixers,19,44,0.432,3,6,0.5,10,15,0.667,7,13,20,15,7,3,14,7,1610612749,MIL,Milwaukee Bucks,1610612755,PHI,Philadelphia 76ers
0021500431,2015-12-23,2015-16,regular_season,home,False,1610612750,MIN,Timberwolves,Bench,121:20,50,Minnesota,timberwolves,20,41,0.488,2,5,0.4,8,10,0.8,5,8,13,11,4,2,7,10,1610612750,MIN,Minnesota Timberwolves,1610612759,SAS,San Antonio Spurs
0021500431,2015-12-23,2015-16,regular_season,home,False,1610612750,MIN,Timberwolves,Starters,121:20,33,Minnesota,timberwolves,10,31,0.323,1,5,0.2,12,15,0.8,3,15,18,8,1,0,6,7,1610612750,MIN,Minnesota Timberwolves,1610612759,SAS,San Antonio Spurs
0021500431,2015-12-23,2015-16,regular_season,road,False,1610612759,SAS,Spurs,Bench,129:49,50,San Antonio,spurs,21,35,0.6,2,9,0.222,6,9,0.667,7,12,19,11,3,2,8,7,1610612750,MIN,Minnesota Timberwolves,1610612759,SAS,San Antonio Spurs
0021500431,2015-12-23,2015-16,regular_season,road,False,1610612759,SAS,Spurs,Starters,129:49,58,San Antonio,spurs,23,47,0.489,8,15,0.533,4,5,0.8,7,21,28,13,4,7,7,7,1610612750,MIN,Minnesota Timberwolves,1610612759,SAS,San Antonio Spurs
0021500432,2015-12-23,2015-16,regular_season,home,False,1610612740,NOP,Pelicans,Bench,158:58,40,New Orleans,pelicans,14,35,0.4,6,15,0.4,6,8,0.75,1,14,15,9,1,2,4,8,1610612740,NOP,New Orleans Pelicans,1610612757,POR,Portland Trail Blazers
0021500432,2015-12-23,2015-16,regular_season,home,False,1610612740,NOP,Pelicans,Starters,158:58,75,New Orleans,pelicans,27,50,0.54,7,16,0.438,14,15,0.933,7,27,34,18,4,6,7,9,1610612740,NOP,New Orleans Pelicans,1610612757,POR,Portland Trail Blazers
0021500432,2015-12-23,2015-16,regular_season,road,False,1610612757,POR,Trail Blazers,Bench,132:27,34,Portland,blazers,11,39,0.282,4,13,0.308,8,13,0.615,10,17,27,5,4,5,5,11,1610612740,NOP,New Orleans Pelicans,1610612757,POR,Portland Trail Blazers
0021500432,2015-12-23,2015-16,regular_season,road,False,1610612757,POR,Trail Blazers,Starters,132:27,55,Portland,blazers,22,56,0.393,3,15,0.2,8,11,0.727,12,19,31,11,3,2,8,11,1610612740,NOP,New Orleans Pelicans,1610612757,POR,Portland Trail Blazers
0021500433,2015-12-23,2015-16,regular_season,home,False,1610612756,PHX,Suns,Bench,142:30,43,Phoenix,suns,15,33,0.455,10,15,0.667,3,6,0.5,5,15,20,1,2,1,5,8,1610612756,PHX,Phoenix Suns,1610612743,DEN,Denver Nuggets
0021500433,2015-12-23,2015-16,regular_season,home,False,1610612756,PHX,Suns,Starters,142:30,53,Phoenix,suns,21,54,0.389,3,10,0.3,8,11,0.727,7,19,26,20,7,1,11,11,1610612756,PHX,Phoenix Suns,1610612743,DEN,Denver Nuggets
0021500433,2015-12-23,2015-16,regular_season,road,False,1610612743,DEN,Nuggets,Bench,155:31,49,Denver,nuggets,21,36,0.583,5,9,0.556,2,3,0.667,6,22,28,10,3,2,8,9,1610612756,PHX,Phoenix Suns,1610612743,DEN,Denver Nuggets
0021500433,2015-12-23,2015-16,regular_season,road,False,1610612743,DEN,Nuggets,Starters,155:31,55,Denver,nuggets,21,55,0.382,9,26,0.346,4,10,0.4,7,15,22,16,3,5,9,11,1610612756,PHX,Phoenix Suns,1610612743,DEN,Denver Nuggets
0021500434,2015-12-23,2015-16,regular_season,home,False,1610612744,GSW,Warriors,Bench,147:14,39,Golden State,warriors,16,28,0.571,2,2,1.0,5,5,1.0,1,8,9,6,5,5,6,6,1610612744,GSW,Golden State Warriors,1610612762,UTA,Utah Jazz
0021500434,2015-12-23,2015-16,regular_season,home,False,1610612744,GSW,Warriors,Starters,147:14,64,Golden State,warriors,23,55,0.418,7,21,0.333,11,11,1.0,8,23,31,20,5,4,9,5,1610612744,GSW,Golden State Warriors,1610612762,UTA,Utah Jazz
0021500434,2015-12-23,2015-16,regular_season,road,False,1610612762,UTA,Jazz,Bench,133:16,41,Utah,jazz,16,34,0.471,4,10,0.4,5,6,0.833,2,13,15,9,6,1,8,7,1610612744,GSW,Golden State Warriors,1610612762,UTA,Utah Jazz
0021500434,2015-12-23,2015-16,regular_season,road,False,1610612762,UTA,Jazz,Starters,133:16,44,Utah,jazz,17,46,0.37,3,10,0.3,7,8,0.875,10,15,25,5,3,2,11,11,1610612744,GSW,Golden State Warriors,1610612762,UTA,Utah Jazz
0021500435,2015-12-23,2015-16,regular_season,home,False,1610612747,LAL,Lakers,Bench,124:55,46,Los Angeles,lakers,18,40,0.45,5,14,0.357,5,9,0.556,6,15,21,10,2,4,3,6,1610612747,LAL,Los Angeles Lakers,1610612760,OKC,Oklahoma City Thunder
0021500435,2015-12-23,2015-16,regular_season,home,False,1610612747,LAL,Lakers,Starters,124:55,39,Los Angeles,lakers,14,49,0.286,2,11,0.182,9,13,0.692,6,8,14,9,4,1,7,12,1610612747,LAL,Los Angeles Lakers,1610612760,OKC,Oklahoma City Thunder
0021500435,2015-12-23,2015-16,regular_season,road,False,1610612760,OKC,Thunder,Bench,134:27,38,Oklahoma City,thunder,17,42,0.405,2,11,0.182,2,2,1.0,9,16,25,6,2,2,5,6,1610612747,LAL,Los Angeles Lakers,1610612760,OKC,Oklahoma City Thunder
0021500435,2015-12-23,2015-16,regular_season,road,False,1610612760,OKC,Thunder,Starters,134:27,82,Oklahoma City,thunder,34,53,0.642,3,8,0.375,11,15,0.733,10,26,36,17,5,11,10,11,1610612747,LAL,Los Angeles Lakers,1610612760,OKC,Oklahoma City Thunder
0021500436,2015-12-25,2015-16,regular_season,home,False,1610612748,MIA,Heat,Bench,187:47,21,Miami,heat,8,20,0.4,1,9,0.111,4,5,0.8,1,15,16,4,6,1,7,6,1610612748,MIA,Miami Heat,1610612740,NOP,New Orleans Pelicans
0021500436,2015-12-25,2015-16,regular_season,home,False,1610612748,MIA,Heat,Starters,187:47,73,Miami,heat,27,68,0.397,5,17,0.294,14,22,0.636,10,31,41,15,4,4,10,9,1610612748,MIA,Miami Heat,1610612740,NOP,New Orleans Pelicans
0021500436,2015-12-25,2015-16,regular_season,road,False,1610612740,NOP,Pelicans,Bench,164:17,35,New Orleans,pelicans,15,34,0.441,4,12,0.333,1,1,1.0,3,12,15,4,4,0,4,8,1610612748,MIA,Miami Heat,1610612740,NOP,New Orleans Pelicans
0021500436,2015-12-25,2015-16,regular_season,road,False,1610612740,NOP,Pelicans,Starters,164:17,53,New Orleans,pelicans,21,56,0.375,2,8,0.25,9,10,0.9,4,26,30,15,6,3,13,12,1610612748,MIA,Miami Heat,1610612740,NOP,New Orleans Pelicans
0021500437,2015-12-25,2015-16,regular_season,home,False,1610612760,OKC,Thunder,Bench,150:01,30,Oklahoma City,thunder,12,30,0.4,4,8,0.5,2,2,1.0,9,8,17,4,3,0,3,3,1610612760,OKC,Oklahoma City Thunder,1610612741,CHI,Chicago Bulls
0021500437,2015-12-25,2015-16,regular_season,home,False,1610612760,OKC,Thunder,Starters,150:01,66,Oklahoma City,thunder,25,66,0.379,2,16,0.125,14,21,0.667,9,22,31,16,9,3,10,12,1610612760,OKC,Oklahoma City Thunder,1610612741,CHI,Chicago Bulls
0021500437,2015-12-25,2015-16,regular_season,road,False,1610612741,CHI,Bulls,Bench,160:50,23,Chicago,bulls,9,25,0.36,5,8,0.625,0,0,0.0,2,11,13,7,2,1,3,5,1610612760,OKC,Oklahoma City Thunder,1610612741,CHI,Chicago Bulls
0021500437,2015-12-25,2015-16,regular_season,road,False,1610612741,CHI,Bulls,Starters,160:50,82,Chicago,bulls,31,67,0.463,2,10,0.2,18,20,0.9,14,26,40,15,6,5,13,14,1610612760,OKC,Oklahoma City Thunder,1610612741,CHI,Chicago Bulls
0021500438,2015-12-25,2015-16,regular_season,home,False,1610612744,GSW,Warriors,Bench,152:48,26,Golden State,warriors,10,23,0.435,1,5,0.2,5,8,0.625,1,10,11,5,4,3,7,11,1610612744,GSW,Golden State Warriors,1610612739,CLE,Cleveland Cavaliers
0021500438,2015-12-25,2015-16,regular_season,home,False,1610612744,GSW,Warriors,Starters,152:48,63,Golden State,warriors,22,55,0.4,4,13,0.308,15,19,0.789,7,31,38,16,3,7,9,8,1610612744,GSW,Golden State Warriors,1610612739,CLE,Cleveland Cavaliers
0021500438,2015-12-25,2015-16,regular_season,road,False,1610612739,CLE,Cavaliers,Bench,147:05,21,Cleveland,cavaliers,7,24,0.292,0,6,0.0,7,8,0.875,6,15,21,4,3,0,1,13,1610612744,GSW,Golden State Warriors,1610612739,CLE,Cleveland Cavaliers
0021500438,2015-12-25,2015-16,regular_season,road,False,1610612739,CLE,Cavaliers,Starters,147:05,62,Cleveland,cavaliers,23,71,0.324,5,24,0.208,11,17,0.647,11,23,34,8,3,4,10,9,1610612744,GSW,Golden State Warriors,1610612739,CLE,Cleveland Cavaliers
0021500439,2015-12-25,2015-16,regular_season,home,False,1610612745,HOU,Rockets,Bench,156:08,41,Houston,rockets,16,29,0.552,3,4,0.75,6,7,0.857,1,14,15,9,4,0,6,5,1610612745,HOU,Houston Rockets,1610612759,SAS,San Antonio Spurs
0021500439,2015-12-25,2015-16,regular_season,home,False,1610612745,HOU,Rockets,Starters,156:08,47,Houston,rockets,16,45,0.356,4,11,0.364,11,19,0.579,7,20,27,14,4,2,11,12,1610612745,HOU,Houston Rockets,1610612759,SAS,San Antonio Spurs
0021500439,2015-12-25,2015-16,regular_season,road,False,1610612759,SAS,Spurs,Bench,157:57,26,San Antonio,spurs,11,29,0.379,2,12,0.167,2,2,1.0,3,13,16,12,4,0,6,7,1610612745,HOU,Houston Rockets,1610612759,SAS,San Antonio Spurs
0021500439,2015-12-25,2015-16,regular_season,road,False,1610612759,SAS,Spurs,Starters,157:57,58,San Antonio,spurs,25,59,0.424,3,8,0.375,5,6,0.833,11,20,31,12,7,4,9,13,1610612745,HOU,Houston Rockets,1610612759,SAS,San Antonio Spurs
0021500440,2015-12-25,2015-16,regular_season,home,False,1610612747,LAL,Lakers,Bench,130:25,40,Los Angeles,lakers,16,38,0.421,3,12,0.25,5,10,0.5,4,21,25,6,7,2,7,7,1610612747,LAL,Los Angeles Lakers,1610612746,LAC,LA Clippers
0021500440,2015-12-25,2015-16,regular_season,home,False,1610612747,LAL,Lakers,Starters,130:25,44,Los Angeles,lakers,16,39,0.41,4,11,0.364,8,15,0.533,2,13,15,11,3,0,8,6,1610612747,LAL,Los Angeles Lakers,1610612746,LAC,LA Clippers
0021500440,2015-12-25,2015-16,regular_season,road,False,1610612746,LAC,Clippers,Bench,158:37,29,LA,clippers,10,29,0.345,5,11,0.455,4,4,1.0,2,8,10,6,3,1,6,9,1610612747,LAL,Los Angeles Lakers,1610612746,LAC,LA Clippers
0021500440,2015-12-25,2015-16,regular_season,road,False,1610612746,LAC,Clippers,Starters,158:37,65,LA,clippers,28,56,0.5,5,15,0.333,4,7,0.571,6,29,35,16,7,2,10,11,1610612747,LAL,Los Angeles Lakers,1610612746,LAC,LA Clippers
0021500441,2015-12-26,2015-16,regular_season,home,False,1610612749,MIL,Bucks,Bench,170:29,30,Milwaukee,bucks,12,25,0.48,1,4,0.25,5,6,0.833,4,6,10,8,1,4,4,6,1610612749,MIL,Milwaukee Bucks,1610612761,TOR,Toronto Raptors
0021500441,2015-12-26,2015-16,regular_season,home,False,1610612749,MIL,Bucks,Starters,170:29,60,Milwaukee,bucks,22,56,0.393,5,10,0.5,11,12,0.917,5,23,28,17,2,1,9,11,1610612749,MIL,Milwaukee Bucks,1610612761,TOR,Toronto Raptors
0021500441,2015-12-26,2015-16,regular_season,road,False,1610612761,TOR,Raptors,Bench,144:28,36,Toronto,raptors,14,27,0.519,7,14,0.5,1,2,0.5,3,11,14,11,4,2,0,7,1610612749,MIL,Milwaukee Bucks,1610612761,TOR,Toronto Raptors
0021500441,2015-12-26,2015-16,regular_season,road,False,1610612761,TOR,Raptors,Starters,144:28,75,Toronto,raptors,28,54,0.519,6,15,0.4,13,17,0.765,6,24,30,20,3,8,8,10,1610612749,MIL,Milwaukee Bucks,1610612761,TOR,Toronto Raptors
0021500442,2015-12-26,2015-16,regular_season,home,False,1610612737,ATL,Hawks,Bench,142:03,50,Atlanta,hawks,21,30,0.7,3,6,0.5,5,5,1.0,3,14,17,11,4,1,2,5,1610612737,ATL,Atlanta Hawks,1610612752,NYK,New York Knicks
0021500442,2015-12-26,2015-16,regular_season,home,False,1610612737,ATL,Hawks,Starters,142:03,67,Atlanta,hawks,26,58,0.448,5,18,0.278,10,13,0.769,7,13,20,22,9,3,7,12,1610612737,ATL,Atlanta Hawks,1610612752,NYK,New York Knicks
0021500442,2015-12-26,2015-16,regular_season,road,False,1610612752,NYK,Knicks,Bench,127:47,44,New York,knicks,18,39,0.462,3,13,0.231,5,6,0.833,6,11,17,9,4,4,14,10,1610612737,ATL,Atlanta Hawks,1610612752,NYK,New York Knicks
0021500442,2015-12-26,2015-16,regular_season,road,False,1610612752,NYK,Knicks,Starters,127:47,54,New York,knicks,21,42,0.5,4,11,0.364,8,11,0.727,6,19,25,16,2,4,8,5,1610612737,ATL,Atlanta Hawks,1610612752,NYK,New York Knicks
0021500443,2015-12-26,2015-16,regular_season,home,False,1610612766,CHA,Hornets,Bench,148:57,25,Charlotte,hornets,5,26,0.192,3,10,0.3,12,16,0.75,2,14,16,4,4,6,7,14,1610612766,CHA,Charlotte Hornets,1610612763,MEM,Memphis Grizzlies
0021500443,2015-12-26,2015-16,regular_season,home,False,1610612766,CHA,Hornets,Starters,148:57,73,Charlotte,hornets,23,43,0.535,11,22,0.5,16,16,1.0,5,22,27,17,6,7,9,10,1610612766,CHA,Charlotte Hornets,1610612763,MEM,Memphis Grizzlies
0021500443,2015-12-26,2015-16,regular_season,road,False,1610612763,MEM,Grizzlies,Bench,143:24,35,Memphis,grizzlies,14,33,0.424,0,2,0.0,7,12,0.583,10,16,26,7,4,0,4,13,1610612766,CHA,Charlotte Hornets,1610612763,MEM,Memphis Grizzlies
0021500443,2015-12-26,2015-16,regular_season,road,False,1610612763,MEM,Grizzlies,Starters,143:24,57,Memphis,grizzlies,23,57,0.404,7,17,0.412,4,9,0.444,6,16,22,14,5,5,9,11,1610612766,CHA,Charlotte Hornets,1610612763,MEM,Memphis Grizzlies
0021500444,2015-12-26,2015-16,regular_season,home,False,1610612753,ORL,Magic,Bench,171:25,28,Orlando,magic,12,21,0.571,3,6,0.5,1,2,0.5,5,6,11,9,0,1,3,7,1610612753,ORL,Orlando Magic,1610612748,MIA,Miami Heat
0021500444,2015-12-26,2015-16,regular_season,home,False,1610612753,ORL,Magic,Starters,171:25,73,Orlando,magic,31,58,0.534,6,13,0.462,5,11,0.455,4,19,23,22,7,1,6,11,1610612753,ORL,Orlando Magic,1610612748,MIA,Miami Heat
0021500444,2015-12-26,2015-16,regular_season,road,False,1610612748,MIA,Heat,Bench,167:04,24,Miami,heat,7,18,0.389,4,7,0.571,6,6,1.0,2,5,7,9,0,0,1,0,1610612753,ORL,Orlando Magic,1610612748,MIA,Miami Heat
0021500444,2015-12-26,2015-16,regular_season,road,False,1610612748,MIA,Heat,Starters,167:04,84,Miami,heat,31,59,0.525,6,13,0.462,16,17,0.941,7,24,31,13,5,4,7,10,1610612753,ORL,Orlando Magic,1610612748,MIA,Miami Heat
0021500445,2015-12-26,2015-16,regular_season,home,False,1610612740,NOP,Pelicans,Bench,161:04,34,New Orleans,pelicans,13,24,0.542,4,8,0.5,4,8,0.5,3,10,13,4,2,2,5,7,1610612740,NOP,New Orleans Pelicans,1610612745,HOU,Houston Rockets
0021500445,2015-12-26,2015-16,regular_season,home,False,1610612740,NOP,Pelicans,Starters,161:04,76,New Orleans,pelicans,25,51,0.49,9,16,0.563,17,18,0.944,5,22,27,21,3,6,10,10,1610612740,NOP,New Orleans Pelicans,1610612745,HOU,Houston Rockets
0021500445,2015-12-26,2015-16,regular_season,road,False,1610612745,HOU,Rockets,Bench,150:42,42,Houston,rockets,14,34,0.412,4,10,0.4,10,12,0.833,4,7,11,6,4,0,4,5,1610612740,NOP,New Orleans Pelicans,1610612745,HOU,Houston Rockets
0021500445,2015-12-26,2015-16,regular_season,road,False,1610612745,HOU,Rockets,Starters,150:42,66,Houston,rockets,24,50,0.48,11,23,0.478,7,8,0.875,6,18,24,15,4,3,6,15,1610612740,NOP,New Orleans Pelicans,1610612745,HOU,Houston Rockets
0021500446,2015-12-26,2015-16,regular_season,home,False,1610612765,DET,Pistons,Bench,164:11,23,Detroit,pistons,8,20,0.4,3,10,0.3,4,4,1.0,5,5,10,8,5,0,2,8,1610612765,DET,Detroit Pistons,1610612738,BOS,Boston Celtics
0021500446,2015-12-26,2015-16,regular_season,home,False,1610612765,DET,Pistons,Starters,164:11,70,Detroit,pistons,27,71,0.38,3,15,0.2,13,21,0.619,13,28,41,8,6,2,13,16,1610612765,DET,Detroit Pistons,1610612738,BOS,Boston Celtics
0021500446,2015-12-26,2015-16,regular_season,road,False,1610612738,BOS,Celtics,Bench,149:34,31,Boston,celtics,13,29,0.448,1,5,0.2,4,8,0.5,2,17,19,6,2,1,7,10,1610612765,DET,Detroit Pistons,1610612738,BOS,Boston Celtics
0021500446,2015-12-26,2015-16,regular_season,road,False,1610612738,BOS,Celtics,Starters,149:34,68,Boston,celtics,26,55,0.473,3,18,0.167,13,15,0.867,9,19,28,14,4,0,7,14,1610612765,DET,Detroit Pistons,1610612738,BOS,Boston Celtics
0021500447,2015-12-26,2015-16,regular_season,home,False,1610612751,BKN,Nets,Bench,171:14,23,Brooklyn,nets,10,22,0.455,1,3,0.333,2,5,0.4,4,11,15,7,1,2,6,9,1610612751,BKN,Brooklyn Nets,1610612764,WAS,Washington Wizards
0021500447,2015-12-26,2015-16,regular_season,home,False,1610612751,BKN,Nets,Starters,171:14,73,Brooklyn,nets,33,67,0.493,4,14,0.286,3,11,0.273,12,23,35,17,7,3,13,13,1610612751,BKN,Brooklyn Nets,1610612764,WAS,Washington Wizards
0021500447,2015-12-26,2015-16,regular_season,road,False,1610612764,WAS,Wizards,Bench,158:07,40,Washington,wizards,14,32,0.438,6,13,0.462,6,11,0.545,1,17,18,9,4,0,4,7,1610612751,BKN,Brooklyn Nets,1610612764,WAS,Washington Wizards
0021500447,2015-12-26,2015-16,regular_season,road,False,1610612764,WAS,Wizards,Starters,158:07,71,Washington,wizards,28,52,0.538,6,14,0.429,9,11,0.818,6,15,21,23,6,5,7,13,1610612751,BKN,Brooklyn Nets,1610612764,WAS,Washington Wizards
0021500448,2015-12-26,2015-16,regular_season,home,False,1610612750,MIN,Timberwolves,Bench,147:15,24,Minnesota,timberwolves,7,23,0.304,3,5,0.6,7,8,0.875,2,10,12,7,3,1,9,5,1610612750,MIN,Minnesota Timberwolves,1610612754,IND,Indiana Pacers
0021500448,2015-12-26,2015-16,regular_season,home,False,1610612750,MIN,Timberwolves,Starters,147:15,64,Minnesota,timberwolves,28,52,0.538,1,7,0.143,7,10,0.7,7,14,21,15,11,1,12,11,1610612750,MIN,Minnesota Timberwolves,1610612754,IND,Indiana Pacers
0021500448,2015-12-26,2015-16,regular_season,road,False,1610612754,IND,Pacers,Bench,139:39,38,Indiana,pacers,16,31,0.516,2,4,0.5,4,4,1.0,3,15,18,13,3,2,7,5,1610612750,MIN,Minnesota Timberwolves,1610612754,IND,Indiana Pacers
0021500448,2015-12-26,2015-16,regular_season,road,False,1610612754,IND,Pacers,Starters,139:39,64,Indiana,pacers,24,49,0.49,7,22,0.318,9,10,0.9,7,14,21,12,7,0,14,8,1610612750,MIN,Minnesota Timberwolves,1610612754,IND,Indiana Pacers
0021500449,2015-12-26,2015-16,regular_season,home,False,1610612742,DAL,Mavericks,Bench,153:52,36,Dallas,mavericks,14,33,0.424,3,8,0.375,5,9,0.556,7,9,16,9,7,0,6,14,1610612742,DAL,Dallas Mavericks,1610612741,CHI,Chicago Bulls
0021500449,2015-12-26,2015-16,regular_season,home,False,1610612742,DAL,Mavericks,Starters,153:52,82,Dallas,mavericks,26,54,0.481,13,25,0.52,17,19,0.895,9,17,26,15,3,1,5,11,1610612742,DAL,Dallas Mavericks,1610612741,CHI,Chicago Bulls
0021500449,2015-12-26,2015-16,regular_season,road,False,1610612741,CHI,Bulls,Bench,184:31,16,Chicago,bulls,7,19,0.368,2,8,0.25,0,0,0.0,3,5,8,3,1,1,8,7,1610612742,DAL,Dallas Mavericks,1610612741,CHI,Chicago Bulls
0021500449,2015-12-26,2015-16,regular_season,road,False,1610612741,CHI,Bulls,Starters,184:31,95,Chicago,bulls,35,59,0.593,6,13,0.462,19,26,0.731,10,23,33,17,6,6,9,16,1610612742,DAL,Dallas Mavericks,1610612741,CHI,Chicago Bulls
0021500450,2015-12-26,2015-16,regular_season,home,False,1610612759,SAS,Spurs,Bench,146:05,38,San Antonio,spurs,12,28,0.429,4,6,0.667,10,11,0.909,6,9,15,5,5,4,7,5,1610612759,SAS,San Antonio Spurs,1610612743,DEN,Denver Nuggets
0021500450,2015-12-26,2015-16,regular_season,home,False,1610612759,SAS,Spurs,Starters,146:05,63,San Antonio,spurs,27,53,0.509,3,4,0.75,6,6,1.0,4,22,26,16,6,8,4,5,1610612759,SAS,San Antonio Spurs,1610612743,DEN,Denver Nuggets
0021500450,2015-12-26,2015-16,regular_season,road,False,1610612743,DEN,Nuggets,Bench,125:15,53,Denver,nuggets,23,48,0.479,4,10,0.4,3,4,0.75,6,11,17,14,3,1,7,10,1610612759,SAS,San Antonio Spurs,1610612743,DEN,Denver Nuggets
0021500450,2015-12-26,2015-16,regular_season,road,False,1610612743,DEN,Nuggets,Starters,125:15,33,Denver,nuggets,15,38,0.395,1,8,0.125,2,2,1.0,2,17,19,11,3,2,8,6,1610612759,SAS,San Antonio Spurs,1610612743,DEN,Denver Nuggets
0021500451,2015-12-26,2015-16,regular_season,home,False,1610612756,PHX,Suns,Bench,138:53,49,Phoenix,suns,14,39,0.359,6,15,0.4,15,22,0.682,5,9,14,4,4,1,4,14,1610612756,PHX,Phoenix Suns,1610612755,PHI,Philadelphia 76ers
0021500451,2015-12-26,2015-16,regular_season,home,False,1610612756,PHX,Suns,Starters,138:53,55,Phoenix,suns,20,49,0.408,4,12,0.333,11,12,0.917,7,20,27,13,6,2,10,12,1610612756,PHX,Phoenix Suns,1610612755,PHI,Philadelphia 76ers
0021500451,2015-12-26,2015-16,regular_season,road,False,1610612755,PHI,76ers,Bench,124:53,57,Philadelphia,sixers,20,36,0.556,7,14,0.5,10,13,0.769,3,21,24,10,3,5,7,14,1610612756,PHX,Phoenix Suns,1610612755,PHI,Philadelphia 76ers
0021500451,2015-12-26,2015-16,regular_season,road,False,1610612755,PHI,76ers,Starters,124:53,54,Philadelphia,sixers,18,43,0.419,5,13,0.385,13,14,0.929,5,19,24,10,6,3,14,12,1610612756,PHX,Phoenix Suns,1610612755,PHI,Philadelphia 76ers
0021500452,2015-12-26,2015-16,regular_season,home,False,1610612762,UTA,Jazz,Bench,129:54,40,Utah,jazz,16,31,0.516,6,16,0.375,2,4,0.5,5,11,16,6,1,1,7,11,1610612762,UTA,Utah Jazz,1610612746,LAC,LA Clippers
0021500452,2015-12-26,2015-16,regular_season,home,False,1610612762,UTA,Jazz,Starters,129:54,64,Utah,jazz,20,43,0.465,4,11,0.364,20,23,0.87,3,17,20,12,6,3,9,11,1610612762,UTA,Utah Jazz,1610612746,LAC,LA Clippers
0021500452,2015-12-26,2015-16,regular_season,road,False,1610612746,LAC,Clippers,Bench,138:27,44,LA,clippers,15,38,0.395,6,16,0.375,8,11,0.727,1,13,14,9,3,1,5,13,1610612762,UTA,Utah Jazz,1610612746,LAC,LA Clippers
0021500452,2015-12-26,2015-16,regular_season,road,False,1610612746,LAC,Clippers,Starters,138:27,65,LA,clippers,23,41,0.561,7,10,0.7,12,13,0.923,6,14,20,15,6,5,7,10,1610612762,UTA,Utah Jazz,1610612746,LAC,LA Clippers
0021500453,2015-12-26,2015-16,regular_season,home,False,1610612757,POR,Trail Blazers,Bench,137:18,38,Portland,blazers,16,38,0.421,2,6,0.333,4,6,0.667,6,15,21,11,1,2,5,4,1610612757,POR,Portland Trail Blazers,1610612739,CLE,Cleveland Cavaliers
0021500453,2015-12-26,2015-16,regular_season,home,False,1610612757,POR,Trail Blazers,Starters,137:18,67,Portland,blazers,25,51,0.49,7,16,0.438,10,13,0.769,4,24,28,17,8,1,3,8,1610612757,POR,Portland Trail Blazers,1610612739,CLE,Cleveland Cavaliers
0021500453,2015-12-26,2015-16,regular_season,road,False,1610612739,CLE,Cavaliers,Bench,106:48,36,Cleveland,cavaliers,14,37,0.378,4,12,0.333,4,7,0.571,6,22,28,9,3,1,10,12,1610612757,POR,Portland Trail Blazers,1610612739,CLE,Cleveland Cavaliers
0021500453,2015-12-26,2015-16,regular_season,road,False,1610612739,CLE,Cavaliers,Starters,106:48,40,Cleveland,cavaliers,14,40,0.35,7,19,0.368,5,8,0.625,3,11,14,12,1,1,7,8,1610612757,POR,Portland Trail Blazers,1610612739,CLE,Cleveland Cavaliers
0021500454,2015-12-27,2015-16,regular_season,home,False,1610612738,BOS,Celtics,Bench,144:11,44,Boston,celtics,16,33,0.485,4,7,0.571,8,12,0.667,4,19,23,7,2,1,3,14,1610612738,BOS,Boston Celtics,1610612752,NYK,New York Knicks
0021500454,2015-12-27,2015-16,regular_season,home,False,1610612738,BOS,Celtics,Starters,144:11,56,Boston,celtics,20,52,0.385,4,13,0.308,12,17,0.706,8,20,28,11,3,3,7,10,1610612738,BOS,Boston Celtics,1610612752,NYK,New York Knicks
0021500454,2015-12-27,2015-16,regular_season,road,False,1610612752,NYK,Knicks,Bench,147:53,32,New York,knicks,12,30,0.4,2,10,0.2,6,7,0.857,2,12,14,9,3,0,6,12,1610612738,BOS,Boston Celtics,1610612752,NYK,New York Knicks
0021500454,2015-12-27,2015-16,regular_season,road,False,1610612752,NYK,Knicks,Starters,147:53,59,New York,knicks,21,59,0.356,2,9,0.222,15,17,0.882,11,23,34,6,3,4,7,11,1610612738,BOS,Boston Celtics,1610612752,NYK,New York Knicks
0021500455,2015-12-27,2015-16,regular_season,home,False,1610612763,MEM,Grizzlies,Bench,117:50,42,Memphis,grizzlies,18,38,0.474,2,6,0.333,4,8,0.5,2,18,20,10,5,3,8,15,1610612763,MEM,Memphis Grizzlies,1610612747,LAL,Los Angeles Lakers
0021500455,2015-12-27,2015-16,regular_season,home,False,1610612763,MEM,Grizzlies,Starters,117:50,70,Memphis,grizzlies,27,42,0.643,4,10,0.4,12,14,0.857,5,16,21,20,6,1,2,7,1610612763,MEM,Memphis Grizzlies,1610612747,LAL,Los Angeles Lakers
0021500455,2015-12-27,2015-16,regular_season,road,False,1610612747,LAL,Lakers,Bench,131:20,38,Los Angeles,lakers,11,35,0.314,5,14,0.357,11,16,0.688,11,16,27,6,4,4,6,6,1610612763,MEM,Memphis Grizzlies,1610612747,LAL,Los Angeles Lakers
0021500455,2015-12-27,2015-16,regular_season,road,False,1610612747,LAL,Lakers,Starters,131:20,58,Los Angeles,lakers,21,49,0.429,3,15,0.2,13,16,0.813,7,12,19,10,2,1,7,12,1610612763,MEM,Memphis Grizzlies,1610612747,LAL,Los Angeles Lakers
0021500456,2015-12-27,2015-16,regular_season,home,False,1610612760,OKC,Thunder,Bench,157:52,35,Oklahoma City,thunder,13,23,0.565,2,5,0.4,7,10,0.7,7,10,17,4,2,1,4,8,1610612760,OKC,Oklahoma City Thunder,1610612743,DEN,Denver Nuggets
0021500456,2015-12-27,2015-16,regular_season,home,False,1610612760,OKC,Thunder,Starters,157:52,87,Oklahoma City,thunder,35,60,0.583,6,10,0.6,11,11,1.0,6,20,26,23,3,4,10,9,1610612760,OKC,Oklahoma City Thunder,1610612743,DEN,Denver Nuggets
0021500456,2015-12-27,2015-16,regular_season,road,False,1610612743,DEN,Nuggets,Bench,146:06,35,Denver,nuggets,14,33,0.424,3,11,0.273,4,5,0.8,5,7,12,11,2,0,4,9,1610612760,OKC,Oklahoma City Thunder,1610612743,DEN,Denver Nuggets
0021500456,2015-12-27,2015-16,regular_season,road,False,1610612743,DEN,Nuggets,Starters,146:06,77,Denver,nuggets,32,61,0.525,6,14,0.429,7,10,0.7,12,13,25,13,4,2,6,9,1610612760,OKC,Oklahoma City Thunder,1610612743,DEN,Denver Nuggets
0021500457,2015-12-27,2015-16,regular_season,home,False,1610612758,SAC,Kings,Bench,165:46,23,Sacramento,kings,7,23,0.304,1,8,0.125,8,9,0.889,1,5,6,3,5,0,4,8,1610612758,SAC,Sacramento Kings,1610612757,POR,Portland Trail Blazers
0021500457,2015-12-27,2015-16,regular_season,home,False,1610612758,SAC,Kings,Starters,165:46,71,Sacramento,kings,23,53,0.434,8,16,0.5,17,22,0.773,6,31,37,19,5,5,18,14,1610612758,SAC,Sacramento Kings,1610612757,POR,Portland Trail Blazers
0021500457,2015-12-27,2015-16,regular_season,road,False,1610612757,POR,Trail Blazers,Bench,131:21,42,Portland,blazers,16,34,0.471,5,14,0.357,5,5,1.0,5,19,24,6,4,3,9,9,1610612758,SAC,Sacramento Kings,1610612757,POR,Portland Trail Blazers
0021500457,2015-12-27,2015-16,regular_season,road,False,1610612757,POR,Trail Blazers,Starters,131:21,56,Portland,blazers,22,58,0.379,5,19,0.263,7,11,0.636,9,19,28,13,9,2,9,14,1610612758,SAC,Sacramento Kings,1610612757,POR,Portland Trail Blazers
0021500458,2015-12-28,2015-16,regular_season,home,False,1610612766,CHA,Hornets,Bench,158:34,24,Charlotte,hornets,8,21,0.381,1,5,0.2,7,10,0.7,2,14,16,6,3,4,5,7,1610612766,CHA,Charlotte Hornets,1610612747,LAL,Los Angeles Lakers
0021500458,2015-12-28,2015-16,regular_season,home,False,1610612766,CHA,Hornets,Starters,158:34,84,Charlotte,hornets,35,68,0.515,5,20,0.25,9,12,0.75,5,25,30,22,4,2,5,9,1610612766,CHA,Charlotte Hornets,1610612747,LAL,Los Angeles Lakers
0021500458,2015-12-28,2015-16,regular_season,road,False,1610612747,LAL,Lakers,Bench,160:44,39,Los Angeles,lakers,14,24,0.583,4,8,0.5,7,9,0.778,0,12,12,7,5,0,6,4,1610612766,CHA,Charlotte Hornets,1610612747,LAL,Los Angeles Lakers
0021500458,2015-12-28,2015-16,regular_season,road,False,1610612747,LAL,Lakers,Starters,160:44,59,Los Angeles,lakers,21,61,0.344,5,21,0.238,12,14,0.857,6,23,29,17,2,4,5,13,1610612766,CHA,Charlotte Hornets,1610612747,LAL,Los Angeles Lakers
0021500459,2015-12-28,2015-16,regular_season,home,False,1610612754,IND,Pacers,Bench,148:58,35,Indiana,pacers,16,30,0.533,0,5,0.0,3,7,0.429,0,15,15,3,6,1,4,6,1610612754,IND,Indiana Pacers,1610612737,ATL,Atlanta Hawks
0021500459,2015-12-28,2015-16,regular_season,home,False,1610612754,IND,Pacers,Starters,148:58,58,Indiana,pacers,22,57,0.386,7,21,0.333,7,11,0.636,11,14,25,6,10,2,10,14,1610612754,IND,Indiana Pacers,1610612737,ATL,Atlanta Hawks
0021500459,2015-12-28,2015-16,regular_season,road,False,1610612737,ATL,Hawks,Bench,164:40,25,Atlanta,hawks,11,22,0.5,1,5,0.2,2,2,1.0,2,9,11,4,4,0,7,7,1610612754,IND,Indiana Pacers,1610612737,ATL,Atlanta Hawks
0021500459,2015-12-28,2015-16,regular_season,road,False,1610612737,ATL,Hawks,Starters,164:40,62,Atlanta,hawks,20,52,0.385,5,20,0.25,17,23,0.739,6,27,33,12,5,6,13,9,1610612754,IND,Indiana Pacers,1610612737,ATL,Atlanta Hawks
0021500460,2015-12-28,2015-16,regular_season,home,False,1610612753,ORL,Magic,Bench,152:49,33,Orlando,magic,15,32,0.469,2,7,0.286,1,4,0.25,3,9,12,8,3,0,4,9,1610612753,ORL,Orlando Magic,1610612740,NOP,New Orleans Pelicans
0021500460,2015-12-28,2015-16,regular_season,home,False,1610612753,ORL,Magic,Starters,152:49,71,Orlando,magic,30,50,0.6,5,10,0.5,6,7,0.857,1,24,25,20,4,1,5,5,1610612753,ORL,Orlando Magic,1610612740,NOP,New Orleans Pelicans
0021500460,2015-12-28,2015-16,regular_season,road,False,1610612740,NOP,Pelicans,Bench,113:07,46,New Orleans,pelicans,19,44,0.432,2,10,0.2,6,6,1.0,4,19,23,14,3,3,7,7,1610612753,ORL,Orlando Magic,1610612740,NOP,New Orleans Pelicans
0021500460,2015-12-28,2015-16,regular_season,road,False,1610612740,NOP,Pelicans,Starters,113:07,43,New Orleans,pelicans,18,39,0.462,3,10,0.3,4,9,0.444,6,13,19,9,2,2,6,8,1610612753,ORL,Orlando Magic,1610612740,NOP,New Orleans Pelicans
0021500461,2015-12-28,2015-16,regular_season,home,False,1610612764,WAS,Wizards,Bench,148:02,45,Washington,wizards,15,33,0.455,5,15,0.333,10,15,0.667,4,12,16,5,7,2,6,9,1610612764,WAS,Washington Wizards,1610612746,LAC,LA Clippers
0021500461,2015-12-28,2015-16,regular_season,home,False,1610612764,WAS,Wizards,Starters,148:02,46,Washington,wizards,19,54,0.352,2,9,0.222,6,9,0.667,9,20,29,14,3,1,10,9,1610612764,WAS,Washington Wizards,1610612746,LAC,LA Clippers
0021500461,2015-12-28,2015-16,regular_season,road,False,1610612746,LAC,Clippers,Bench,115:54,54,LA,clippers,19,36,0.528,4,11,0.364,12,15,0.8,0,12,12,9,7,2,8,13,1610612764,WAS,Washington Wizards,1610612746,LAC,LA Clippers
0021500461,2015-12-28,2015-16,regular_season,road,False,1610612746,LAC,Clippers,Starters,115:54,54,LA,clippers,22,42,0.524,3,12,0.25,7,10,0.7,3,22,25,14,4,2,8,5,1610612764,WAS,Washington Wizards,1610612746,LAC,LA Clippers
0021500462,2015-12-28,2015-16,regular_season,home,False,1610612748,MIA,Heat,Bench,161:19,15,Miami,heat,5,26,0.192,1,9,0.111,4,4,1.0,1,9,10,6,3,1,2,6,1610612748,MIA,Miami Heat,1610612751,BKN,Brooklyn Nets
0021500462,2015-12-28,2015-16,regular_season,home,False,1610612748,MIA,Heat,Starters,161:19,90,Miami,heat,31,52,0.596,9,15,0.6,19,26,0.731,10,22,32,14,6,7,12,17,1610612748,MIA,Miami Heat,1610612751,BKN,Brooklyn Nets
0021500462,2015-12-28,2015-16,regular_season,road,False,1610612751,BKN,Nets,Bench,162:22,43,Brooklyn,nets,15,30,0.5,8,11,0.727,5,10,0.5,4,12,16,10,1,2,4,7,1610612748,MIA,Miami Heat,1610612751,BKN,Brooklyn Nets
0021500462,2015-12-28,2015-16,regular_season,road,False,1610612751,BKN,Nets,Starters,162:22,68,Brooklyn,nets,21,52,0.404,4,12,0.333,22,26,0.846,12,22,34,10,7,1,9,17,1610612748,MIA,Miami Heat,1610612751,BKN,Brooklyn Nets
0021500463,2015-12-28,2015-16,regular_season,home,False,1610612741,CHI,Bulls,Bench,149:10,51,Chicago,bulls,20,37,0.541,5,9,0.556,6,8,0.75,2,17,19,9,0,1,3,4,1610612741,CHI,Chicago Bulls,1610612761,TOR,Toronto Raptors
0021500463,2015-12-28,2015-16,regular_season,home,False,1610612741,CHI,Bulls,Starters,149:10,53,Chicago,bulls,20,50,0.4,3,12,0.25,10,16,0.625,9,21,30,14,4,9,7,11,1610612741,CHI,Chicago Bulls,1610612761,TOR,Toronto Raptors
0021500463,2015-12-28,2015-16,regular_season,road,False,1610612761,TOR,Raptors,Bench,147:06,27,Toronto,raptors,12,36,0.333,1,10,0.1,2,4,0.5,4,7,11,4,0,3,2,6,1610612741,CHI,Chicago Bulls,1610612761,TOR,Toronto Raptors
0021500463,2015-12-28,2015-16,regular_season,road,False,1610612761,TOR,Raptors,Starters,147:06,70,Toronto,raptors,26,52,0.5,5,10,0.5,13,20,0.65,7,28,35,19,5,2,5,13,1610612741,CHI,Chicago Bulls,1610612761,TOR,Toronto Raptors
0021500464,2015-12-28,2015-16,regular_season,home,False,1610612742,DAL,Mavericks,Bench,158:23,36,Dallas,mavericks,14,27,0.519,2,2,1.0,6,8,0.75,4,9,13,8,4,0,0,5,1610612742,DAL,Dallas Mavericks,1610612749,MIL,Milwaukee Bucks
0021500464,2015-12-28,2015-16,regular_season,home,False,1610612742,DAL,Mavericks,Starters,158:23,67,Dallas,mavericks,24,57,0.421,8,20,0.4,11,18,0.611,2,19,21,17,5,2,4,10,1610612742,DAL,Dallas Mavericks,1610612749,MIL,Milwaukee Bucks
0021500464,2015-12-28,2015-16,regular_season,road,False,1610612749,MIL,Bucks,Bench,136:08,45,Milwaukee,bucks,19,31,0.613,4,9,0.444,3,4,0.75,3,14,17,10,3,2,6,8,1610612742,DAL,Dallas Mavericks,1610612749,MIL,Milwaukee Bucks
0021500464,2015-12-28,2015-16,regular_season,road,False,1610612749,MIL,Bucks,Starters,136:08,48,Milwaukee,bucks,19,48,0.396,0,5,0.0,10,11,0.909,6,29,35,4,1,3,11,14,1610612742,DAL,Dallas Mavericks,1610612749,MIL,Milwaukee Bucks
0021500465,2015-12-28,2015-16,regular_season,home,False,1610612759,SAS,Spurs,Bench,143:35,49,San Antonio,spurs,20,31,0.645,4,10,0.4,5,6,0.833,4,9,13,13,3,3,10,5,1610612759,SAS,San Antonio Spurs,1610612750,MIN,Minnesota Timberwolves
0021500465,2015-12-28,2015-16,regular_season,home,False,1610612759,SAS,Spurs,Starters,143:35,52,San Antonio,spurs,17,41,0.415,1,7,0.143,17,22,0.773,1,22,23,12,2,2,6,13,1610612759,SAS,San Antonio Spurs,1610612750,MIN,Minnesota Timberwolves
0021500465,2015-12-28,2015-16,regular_season,road,False,1610612750,MIN,Timberwolves,Bench,150:33,40,Minnesota,timberwolves,15,35,0.429,3,8,0.375,7,9,0.778,3,3,6,7,5,2,9,11,1610612759,SAS,San Antonio Spurs,1610612750,MIN,Minnesota Timberwolves
0021500465,2015-12-28,2015-16,regular_season,road,False,1610612750,MIN,Timberwolves,Starters,150:33,55,Minnesota,timberwolves,24,47,0.511,0,3,0.0,7,15,0.467,3,23,26,18,7,2,6,18,1610612759,SAS,San Antonio Spurs,1610612750,MIN,Minnesota Timberwolves
0021500466,2015-12-28,2015-16,regular_season,home,False,1610612756,PHX,Suns,Bench,154:07,36,Phoenix,suns,13,31,0.419,5,12,0.417,5,10,0.5,9,10,19,6,3,0,4,6,1610612756,PHX,Phoenix Suns,1610612739,CLE,Cleveland Cavaliers
0021500466,2015-12-28,2015-16,regular_season,home,False,1610612756,PHX,Suns,Starters,154:07,61,Phoenix,suns,23,48,0.479,6,13,0.462,9,10,0.9,5,20,25,14,5,1,12,17,1610612756,PHX,Phoenix Suns,1610612739,CLE,Cleveland Cavaliers
0021500466,2015-12-28,2015-16,regular_season,road,False,1610612739,CLE,Cavaliers,Bench,146:37,27,Cleveland,cavaliers,9,20,0.45,6,12,0.5,3,4,0.75,2,10,12,7,4,7,10,9,1610612756,PHX,Phoenix Suns,1610612739,CLE,Cleveland Cavaliers
0021500466,2015-12-28,2015-16,regular_season,road,False,1610612739,CLE,Cavaliers,Starters,146:37,74,Cleveland,cavaliers,24,51,0.471,11,29,0.379,15,21,0.714,8,17,25,14,4,1,7,9,1610612756,PHX,Phoenix Suns,1610612739,CLE,Cleveland Cavaliers
0021500467,2015-12-28,2015-16,regular_season,home,False,1610612762,UTA,Jazz,Bench,136:23,36,Utah,jazz,11,31,0.355,4,12,0.333,10,12,0.833,5,18,23,6,5,5,6,7,1610612762,UTA,Utah Jazz,1610612755,PHI,Philadelphia 76ers
0021500467,2015-12-28,2015-16,regular_season,home,False,1610612762,UTA,Jazz,Starters,136:23,59,Utah,jazz,17,53,0.321,3,14,0.214,22,24,0.917,10,20,30,7,6,4,9,11,1610612762,UTA,Utah Jazz,1610612755,PHI,Philadelphia 76ers
0021500467,2015-12-28,2015-16,regular_season,road,False,1610612755,PHI,76ers,Bench,107:05,41,Philadelphia,sixers,16,41,0.39,4,15,0.267,5,7,0.714,5,14,19,6,3,4,7,20,1610612762,UTA,Utah Jazz,1610612755,PHI,Philadelphia 76ers
0021500467,2015-12-28,2015-16,regular_season,road,False,1610612755,PHI,76ers,Starters,107:05,50,Philadelphia,sixers,20,45,0.444,1,6,0.167,9,12,0.75,3,15,18,14,5,5,11,7,1610612762,UTA,Utah Jazz,1610612755,PHI,Philadelphia 76ers
0021500468,2015-12-28,2015-16,regular_season,home,False,1610612744,GSW,Warriors,Bench,126:15,35,Golden State,warriors,15,32,0.469,2,7,0.286,3,6,0.5,7,17,24,14,6,4,5,8,1610612744,GSW,Golden State Warriors,1610612758,SAC,Sacramento Kings
0021500468,2015-12-28,2015-16,regular_season,home,False,1610612744,GSW,Warriors,Starters,126:15,87,Golden State,warriors,28,57,0.491,18,35,0.514,13,18,0.722,6,29,35,19,6,4,13,17,1610612744,GSW,Golden State Warriors,1610612758,SAC,Sacramento Kings
0021500468,2015-12-28,2015-16,regular_season,road,False,1610612758,SAC,Kings,Bench,117:49,36,Sacramento,kings,12,41,0.293,2,11,0.182,10,13,0.769,7,17,24,17,6,3,7,6,1610612744,GSW,Golden State Warriors,1610612758,SAC,Sacramento Kings
0021500468,2015-12-28,2015-16,regular_season,road,False,1610612758,SAC,Kings,Starters,117:49,67,Sacramento,kings,25,54,0.463,11,20,0.55,6,15,0.4,6,18,24,6,4,1,7,15,1610612744,GSW,Golden State Warriors,1610612758,SAC,Sacramento Kings
0021500469,2015-12-29,2015-16,regular_season,home,False,1610612752,NYK,Knicks,Bench,157:25,39,New York,knicks,14,26,0.538,2,4,0.5,9,11,0.818,1,12,13,8,2,0,3,5,1610612752,NYK,New York Knicks,1610612765,DET,Detroit Pistons
0021500469,2015-12-29,2015-16,regular_season,home,False,1610612752,NYK,Knicks,Starters,157:25,69,New York,knicks,29,53,0.547,6,12,0.5,5,6,0.833,5,18,23,15,3,8,7,13,1610612752,NYK,New York Knicks,1610612765,DET,Detroit Pistons
0021500469,2015-12-29,2015-16,regular_season,road,False,1610612765,DET,Pistons,Bench,178:03,21,Detroit,pistons,8,18,0.444,3,8,0.375,2,2,1.0,1,8,9,8,0,2,2,6,1610612752,NYK,New York Knicks,1610612765,DET,Detroit Pistons
0021500469,2015-12-29,2015-16,regular_season,road,False,1610612765,DET,Pistons,Starters,178:03,75,Detroit,pistons,29,71,0.408,7,19,0.368,10,15,0.667,14,16,30,13,6,2,8,8,1610612752,NYK,New York Knicks,1610612765,DET,Detroit Pistons
0021500470,2015-12-29,2015-16,regular_season,home,False,1610612745,HOU,Rockets,Bench,162:45,23,Houston,rockets,9,16,0.563,5,7,0.714,0,0,0.0,3,6,9,8,2,1,4,7,1610612745,HOU,Houston Rockets,1610612737,ATL,Atlanta Hawks
0021500470,2015-12-29,2015-16,regular_season,home,False,1610612745,HOU,Rockets,Starters,162:45,92,Houston,rockets,30,56,0.536,6,13,0.462,26,39,0.667,4,33,37,15,4,3,15,14,1610612745,HOU,Houston Rockets,1610612737,ATL,Atlanta Hawks
0021500470,2015-12-29,2015-16,regular_season,road,False,1610612737,ATL,Hawks,Bench,170:21,19,Atlanta,hawks,8,22,0.364,1,9,0.111,2,2,1.0,4,6,10,5,3,0,4,7,1610612745,HOU,Houston Rockets,1610612737,ATL,Atlanta Hawks
0021500470,2015-12-29,2015-16,regular_season,road,False,1610612737,ATL,Hawks,Starters,170:21,102,Atlanta,hawks,35,77,0.455,13,32,0.406,19,23,0.826,13,22,35,22,7,7,8,17,1610612745,HOU,Houston Rockets,1610612737,ATL,Atlanta Hawks
0021500471,2015-12-29,2015-16,regular_season,home,False,1610612763,MEM,Grizzlies,Bench,180:16,18,Memphis,grizzlies,7,25,0.28,2,8,0.25,2,2,1.0,10,7,17,6,4,2,2,13,1610612763,MEM,Memphis Grizzlies,1610612748,MIA,Miami Heat
0021500471,2015-12-29,2015-16,regular_season,home,False,1610612763,MEM,Grizzlies,Starters,180:16,81,Memphis,grizzlies,31,62,0.5,2,7,0.286,17,18,0.944,6,23,29,19,0,4,6,5,1610612763,MEM,Memphis Grizzlies,1610612748,MIA,Miami Heat
0021500471,2015-12-29,2015-16,regular_season,road,False,1610612748,MIA,Heat,Bench,190:07,22,Miami,heat,6,18,0.333,4,12,0.333,6,8,0.75,3,9,12,7,1,1,3,8,1610612763,MEM,Memphis Grizzlies,1610612748,MIA,Miami Heat
0021500471,2015-12-29,2015-16,regular_season,road,False,1610612748,MIA,Heat,Starters,190:07,68,Miami,heat,29,61,0.475,7,17,0.412,3,10,0.3,5,21,26,16,4,5,11,14,1610612763,MEM,Memphis Grizzlies,1610612748,MIA,Miami Heat
0021500472,2015-12-29,2015-16,regular_season,home,False,1610612760,OKC,Thunder,Bench,153:43,53,Oklahoma City,thunder,19,30,0.633,5,9,0.556,10,11,0.909,3,11,14,5,4,0,2,12,1610612760,OKC,Oklahoma City Thunder,1610612749,MIL,Milwaukee Bucks
0021500472,2015-12-29,2015-16,regular_season,home,False,1610612760,OKC,Thunder,Starters,153:43,78,Oklahoma City,thunder,24,56,0.429,3,13,0.231,27,29,0.931,8,19,27,16,8,7,9,7,1610612760,OKC,Oklahoma City Thunder,1610612749,MIL,Milwaukee Bucks
0021500472,2015-12-29,2015-16,regular_season,road,False,1610612749,MIL,Bucks,Bench,146:27,32,Milwaukee,bucks,13,25,0.52,3,6,0.5,3,3,1.0,2,12,14,10,2,5,5,11,1610612760,OKC,Oklahoma City Thunder,1610612749,MIL,Milwaukee Bucks
0021500472,2015-12-29,2015-16,regular_season,road,False,1610612749,MIL,Bucks,Starters,146:27,91,Milwaukee,bucks,36,75,0.48,7,10,0.7,12,19,0.632,16,17,33,19,4,0,9,15,1610612760,OKC,Oklahoma City Thunder,1610612749,MIL,Milwaukee Bucks
0021500473,2015-12-29,2015-16,regular_season,home,False,1610612743,DEN,Nuggets,Bench,130:33,52,Denver,nuggets,21,47,0.447,4,13,0.308,6,7,0.857,4,17,21,4,3,5,9,9,1610612743,DEN,Denver Nuggets,1610612739,CLE,Cleveland Cavaliers
0021500473,2015-12-29,2015-16,regular_season,home,False,1610612743,DEN,Nuggets,Starters,130:33,35,Denver,nuggets,16,42,0.381,1,11,0.091,2,4,0.5,8,23,31,14,5,1,9,10,1610612743,DEN,Denver Nuggets,1610612739,CLE,Cleveland Cavaliers
0021500473,2015-12-29,2015-16,regular_season,road,False,1610612739,CLE,Cavaliers,Bench,160:17,27,Cleveland,cavaliers,12,23,0.522,2,7,0.286,1,2,0.5,2,6,8,6,3,1,4,8,1610612743,DEN,Denver Nuggets,1610612739,CLE,Cleveland Cavaliers
0021500473,2015-12-29,2015-16,regular_season,road,False,1610612739,CLE,Cavaliers,Starters,160:17,66,Cleveland,cavaliers,26,63,0.413,2,15,0.133,12,20,0.6,7,29,36,11,9,2,8,8,1610612743,DEN,Denver Nuggets,1610612739,CLE,Cleveland Cavaliers
0021500474,2015-12-30,2015-16,regular_season,home,False,1610612766,CHA,Hornets,Bench,153:55,47,Charlotte,hornets,15,35,0.429,3,11,0.273,14,18,0.778,8,6,14,5,2,0,5,13,1610612766,CHA,Charlotte Hornets,1610612746,LAC,LA Clippers
0021500474,2015-12-30,2015-16,regular_season,home,False,1610612766,CHA,Hornets,Starters,153:55,70,Charlotte,hornets,23,53,0.434,6,19,0.316,18,18,1.0,9,19,28,15,6,3,6,13,1610612766,CHA,Charlotte Hornets,1610612746,LAC,LA Clippers
0021500474,2015-12-30,2015-16,regular_season,road,False,1610612746,LAC,Clippers,Bench,140:22,47,LA,clippers,15,28,0.536,7,14,0.5,10,12,0.833,1,9,10,13,5,4,3,14,1610612766,CHA,Charlotte Hornets,1610612746,LAC,LA Clippers
0021500474,2015-12-30,2015-16,regular_season,road,False,1610612746,LAC,Clippers,Starters,140:22,75,LA,clippers,22,43,0.512,8,16,0.5,23,29,0.793,7,22,29,14,2,3,9,12,1610612766,CHA,Charlotte Hornets,1610612746,LAC,LA Clippers
0021500475,2015-12-30,2015-16,regular_season,home,False,1610612753,ORL,Magic,Bench,139:18,43,Orlando,magic,14,32,0.438,4,10,0.4,11,12,0.917,8,16,24,9,3,4,8,11,1610612753,ORL,Orlando Magic,1610612751,BKN,Brooklyn Nets
0021500475,2015-12-30,2015-16,regular_season,home,False,1610612753,ORL,Magic,Starters,139:18,57,Orlando,magic,22,50,0.44,5,16,0.313,8,9,0.889,9,17,26,12,3,0,8,7,1610612753,ORL,Orlando Magic,1610612751,BKN,Brooklyn Nets
0021500475,2015-12-30,2015-16,regular_season,road,False,1610612751,BKN,Nets,Bench,172:01,21,Brooklyn,nets,9,22,0.409,1,4,0.25,2,2,1.0,1,3,4,5,5,1,4,7,1610612753,ORL,Orlando Magic,1610612751,BKN,Brooklyn Nets
0021500475,2015-12-30,2015-16,regular_season,road,False,1610612751,BKN,Nets,Starters,172:01,72,Brooklyn,nets,26,61,0.426,2,16,0.125,18,20,0.9,10,23,33,18,7,5,8,11,1610612753,ORL,Orlando Magic,1610612751,BKN,Brooklyn Nets
0021500476,2015-12-30,2015-16,regular_season,home,False,1610612738,BOS,Celtics,Bench,148:46,43,Boston,celtics,18,38,0.474,2,6,0.333,5,7,0.714,4,16,20,12,2,4,2,14,1610612738,BOS,Boston Celtics,1610612747,LAL,Los Angeles Lakers
0021500476,2015-12-30,2015-16,regular_season,home,False,1610612738,BOS,Celtics,Starters,148:46,61,Boston,celtics,20,50,0.4,5,21,0.238,16,18,0.889,5,20,25,11,5,1,8,6,1610612738,BOS,Boston Celtics,1610612747,LAL,Los Angeles Lakers
0021500476,2015-12-30,2015-16,regular_season,road,False,1610612747,LAL,Lakers,Bench,142:13,48,Los Angeles,lakers,18,43,0.419,5,11,0.455,7,9,0.778,6,19,25,10,1,1,3,8,1610612738,BOS,Boston Celtics,1610612747,LAL,Los Angeles Lakers
0021500476,2015-12-30,2015-16,regular_season,road,False,1610612747,LAL,Lakers,Starters,142:13,64,Los Angeles,lakers,25,51,0.49,4,8,0.5,10,14,0.714,7,20,27,12,4,1,7,14,1610612738,BOS,Boston Celtics,1610612747,LAL,Los Angeles Lakers
0021500477,2015-12-30,2015-16,regular_season,home,False,1610612761,TOR,Raptors,Bench,140:02,30,Toronto,raptors,10,23,0.435,2,7,0.286,8,12,0.667,6,17,23,1,1,2,7,7,1610612761,TOR,Toronto Raptors,1610612764,WAS,Washington Wizards
0021500477,2015-12-30,2015-16,regular_season,home,False,1610612761,TOR,Raptors,Starters,140:02,64,Toronto,raptors,18,59,0.305,4,17,0.235,24,27,0.889,9,23,32,13,4,4,9,9,1610612761,TOR,Toronto Raptors,1610612764,WAS,Washington Wizards
0021500477,2015-12-30,2015-16,regular_season,road,False,1610612764,WAS,Wizards,Bench,181:01,19,Washington,wizards,7,19,0.368,1,4,0.25,4,4,1.0,1,10,11,5,0,0,4,7,1610612761,TOR,Toronto Raptors,1610612764,WAS,Washington Wizards
0021500477,2015-12-30,2015-16,regular_season,road,False,1610612764,WAS,Wizards,Starters,181:01,72,Washington,wizards,28,68,0.412,7,18,0.389,9,13,0.692,7,26,33,19,8,4,6,20,1610612761,TOR,Toronto Raptors,1610612764,WAS,Washington Wizards
0021500478,2015-12-30,2015-16,regular_season,home,False,1610612741,CHI,Bulls,Bench,151:03,52,Chicago,bulls,21,44,0.477,4,11,0.364,6,8,0.75,6,14,20,7,2,3,11,9,1610612741,CHI,Chicago Bulls,1610612754,IND,Indiana Pacers
0021500478,2015-12-30,2015-16,regular_season,home,False,1610612741,CHI,Bulls,Starters,151:03,50,Chicago,bulls,16,42,0.381,2,7,0.286,16,19,0.842,8,25,33,8,4,7,10,10,1610612741,CHI,Chicago Bulls,1610612754,IND,Indiana Pacers
0021500478,2015-12-30,2015-16,regular_season,road,False,1610612754,IND,Pacers,Bench,180:49,31,Indiana,pacers,10,31,0.323,0,3,0.0,11,15,0.733,4,10,14,5,2,6,0,10,1610612741,CHI,Chicago Bulls,1610612754,IND,Indiana Pacers
0021500478,2015-12-30,2015-16,regular_season,road,False,1610612754,IND,Pacers,Starters,180:49,69,Indiana,pacers,27,66,0.409,7,19,0.368,8,9,0.889,12,20,32,13,12,1,12,11,1610612741,CHI,Chicago Bulls,1610612754,IND,Indiana Pacers
0021500479,2015-12-30,2015-16,regular_season,home,False,1610612750,MIN,Timberwolves,Bench,150:33,26,Minnesota,timberwolves,10,28,0.357,3,5,0.6,3,5,0.6,3,16,19,4,6,1,4,6,1610612750,MIN,Minnesota Timberwolves,1610612762,UTA,Utah Jazz
0021500479,2015-12-30,2015-16,regular_season,home,False,1610612750,MIN,Timberwolves,Starters,150:33,68,Minnesota,timberwolves,26,49,0.531,2,5,0.4,14,22,0.636,10,18,28,23,7,2,6,10,1610612750,MIN,Minnesota Timberwolves,1610612762,UTA,Utah Jazz
0021500479,2015-12-30,2015-16,regular_season,road,False,1610612762,UTA,Jazz,Bench,127:29,37,Utah,jazz,14,37,0.378,5,20,0.25,4,6,0.667,10,10,20,7,5,4,12,8,1610612750,MIN,Minnesota Timberwolves,1610612762,UTA,Utah Jazz
0021500479,2015-12-30,2015-16,regular_season,road,False,1610612762,UTA,Jazz,Starters,127:29,43,Utah,jazz,14,43,0.326,5,19,0.263,10,14,0.714,5,19,24,8,3,4,7,16,1610612750,MIN,Minnesota Timberwolves,1610612762,UTA,Utah Jazz
0021500480,2015-12-30,2015-16,regular_season,home,False,1610612742,DAL,Mavericks,Bench,140:40,41,Dallas,mavericks,15,33,0.455,3,9,0.333,8,12,0.667,4,13,17,5,1,3,6,11,1610612742,DAL,Dallas Mavericks,1610612744,GSW,Golden State Warriors
0021500480,2015-12-30,2015-16,regular_season,home,False,1610612742,DAL,Mavericks,Starters,140:40,73,Dallas,mavericks,27,49,0.551,11,18,0.611,8,8,1.0,8,27,35,15,5,1,9,8,1610612742,DAL,Dallas Mavericks,1610612744,GSW,Golden State Warriors
0021500480,2015-12-30,2015-16,regular_season,road,False,1610612744,GSW,Warriors,Bench,144:30,50,Golden State,warriors,17,33,0.515,4,5,0.8,12,15,0.8,3,7,10,6,5,0,6,8,1610612742,DAL,Dallas Mavericks,1610612744,GSW,Golden State Warriors
0021500480,2015-12-30,2015-16,regular_season,road,False,1610612744,GSW,Warriors,Starters,144:30,41,Golden State,warriors,16,48,0.333,3,14,0.214,6,9,0.667,5,22,27,14,4,0,6,10,1610612742,DAL,Dallas Mavericks,1610612744,GSW,Golden State Warriors
0021500481,2015-12-30,2015-16,regular_season,home,False,1610612759,SAS,Spurs,Bench,122:46,49,San Antonio,spurs,19,34,0.559,1,5,0.2,10,16,0.625,3,21,24,12,6,2,9,8,1610612759,SAS,San Antonio Spurs,1610612756,PHX,Phoenix Suns
0021500481,2015-12-30,2015-16,regular_season,home,False,1610612759,SAS,Spurs,Starters,122:46,63,San Antonio,spurs,24,42,0.571,5,9,0.556,10,17,0.588,3,19,22,14,7,3,4,8,1610612759,SAS,San Antonio Spurs,1610612756,PHX,Phoenix Suns
0021500481,2015-12-30,2015-16,regular_season,road,False,1610612756,PHX,Suns,Bench,102:02,49,Phoenix,suns,20,47,0.426,2,11,0.182,7,14,0.5,6,18,24,9,5,3,9,13,1610612759,SAS,San Antonio Spurs,1610612756,PHX,Phoenix Suns
0021500481,2015-12-30,2015-16,regular_season,road,False,1610612756,PHX,Suns,Starters,102:02,30,Phoenix,suns,12,34,0.353,3,7,0.429,3,4,0.75,2,10,12,9,1,0,6,10,1610612759,SAS,San Antonio Spurs,1610612756,PHX,Phoenix Suns
0021500482,2015-12-30,2015-16,regular_season,home,False,1610612757,POR,Trail Blazers,Bench,145:54,34,Portland,blazers,11,31,0.355,5,13,0.385,7,9,0.778,8,11,19,7,1,3,6,7,1610612757,POR,Portland Trail Blazers,1610612743,DEN,Denver Nuggets
0021500482,2015-12-30,2015-16,regular_season,home,False,1610612757,POR,Trail Blazers,Starters,145:54,76,Portland,blazers,30,56,0.536,7,19,0.368,9,11,0.818,4,24,28,15,7,3,8,11,1610612757,POR,Portland Trail Blazers,1610612743,DEN,Denver Nuggets
0021500482,2015-12-30,2015-16,regular_season,road,False,1610612743,DEN,Nuggets,Bench,145:08,50,Denver,nuggets,17,39,0.436,5,11,0.455,11,12,0.917,6,11,17,5,3,3,4,7,1610612757,POR,Portland Trail Blazers,1610612743,DEN,Denver Nuggets
0021500482,2015-12-30,2015-16,regular_season,road,False,1610612743,DEN,Nuggets,Starters,145:08,53,Denver,nuggets,20,48,0.417,7,16,0.438,6,7,0.857,6,21,27,15,6,2,10,9,1610612757,POR,Portland Trail Blazers,1610612743,DEN,Denver Nuggets
0021500483,2015-12-30,2015-16,regular_season,home,False,1610612758,SAC,Kings,Bench,160:18,48,Sacramento,kings,18,32,0.563,4,9,0.444,8,11,0.727,3,8,11,5,3,0,3,5,1610612758,SAC,Sacramento Kings,1610612755,PHI,Philadelphia 76ers
0021500483,2015-12-30,2015-16,regular_season,home,False,1610612758,SAC,Kings,Starters,160:18,57,Sacramento,kings,18,42,0.429,4,16,0.25,17,30,0.567,4,31,35,18,2,5,19,21,1610612758,SAC,Sacramento Kings,1610612755,PHI,Philadelphia 76ers
0021500483,2015-12-30,2015-16,regular_season,road,False,1610612755,PHI,76ers,Bench,142:22,36,Philadelphia,sixers,13,35,0.371,4,13,0.308,6,11,0.545,7,16,23,9,1,1,5,13,1610612758,SAC,Sacramento Kings,1610612755,PHI,Philadelphia 76ers
0021500483,2015-12-30,2015-16,regular_season,road,False,1610612755,PHI,76ers,Starters,142:22,74,Philadelphia,sixers,27,59,0.458,5,18,0.278,15,23,0.652,9,21,30,14,9,8,8,15,1610612758,SAC,Sacramento Kings,1610612755,PHI,Philadelphia 76ers
0021500484,2015-12-31,2015-16,regular_season,home,False,1610612754,IND,Pacers,Bench,160:20,24,Indiana,pacers,8,22,0.364,0,2,0.0,8,11,0.727,2,12,14,8,4,2,1,7,1610612754,IND,Indiana Pacers,1610612749,MIL,Milwaukee Bucks
0021500484,2015-12-31,2015-16,regular_season,home,False,1610612754,IND,Pacers,Starters,160:20,92,Indiana,pacers,33,60,0.55,13,28,0.464,13,15,0.867,5,16,21,19,5,4,18,18,1610612754,IND,Indiana Pacers,1610612749,MIL,Milwaukee Bucks
0021500484,2015-12-31,2015-16,regular_season,road,False,1610612749,MIL,Bucks,Bench,172:01,25,Milwaukee,bucks,8,17,0.471,2,6,0.333,7,9,0.778,3,7,10,5,2,1,7,11,1610612754,IND,Indiana Pacers,1610612749,MIL,Milwaukee Bucks
0021500484,2015-12-31,2015-16,regular_season,road,False,1610612749,MIL,Bucks,Starters,172:01,95,Milwaukee,bucks,37,60,0.617,4,8,0.5,17,26,0.654,3,21,24,13,10,9,9,14,1610612754,IND,Indiana Pacers,1610612749,MIL,Milwaukee Bucks
0021500485,2015-12-31,2015-16,regular_season,home,False,1610612745,HOU,Rockets,Bench,160:35,28,Houston,rockets,10,27,0.37,3,11,0.273,5,6,0.833,1,1,2,5,7,1,4,8,1610612745,HOU,Houston Rockets,1610612744,GSW,Golden State Warriors
0021500485,2015-12-31,2015-16,regular_season,home,False,1610612745,HOU,Rockets,Starters,160:35,82,Houston,rockets,26,51,0.51,9,19,0.474,21,23,0.913,3,28,31,16,6,4,11,14,1610612745,HOU,Houston Rockets,1610612744,GSW,Golden State Warriors
0021500485,2015-12-31,2015-16,regular_season,road,False,1610612744,GSW,Warriors,Bench,161:10,42,Golden State,warriors,13,23,0.565,4,7,0.571,12,14,0.857,7,2,9,11,3,1,4,7,1610612745,HOU,Houston Rockets,1610612744,GSW,Golden State Warriors
0021500485,2015-12-31,2015-16,regular_season,road,False,1610612744,GSW,Warriors,Starters,161:10,72,Golden State,warriors,30,61,0.492,7,16,0.438,5,13,0.385,5,29,34,24,5,4,14,13,1610612745,HOU,Houston Rockets,1610612744,GSW,Golden State Warriors
0021500486,2015-12-31,2015-16,regular_season,home,False,1610612765,DET,Pistons,Bench,157:38,33,Detroit,pistons,11,30,0.367,7,16,0.438,4,5,0.8,3,17,20,8,2,1,4,6,1610612765,DET,Detroit Pistons,1610612750,MIN,Minnesota Timberwolves
0021500486,2015-12-31,2015-16,regular_season,home,False,1610612765,DET,Pistons,Starters,157:38,82,Detroit,pistons,30,56,0.536,7,19,0.368,15,23,0.652,9,23,32,16,5,2,12,10,1610612765,DET,Detroit Pistons,1610612750,MIN,Minnesota Timberwolves
0021500486,2015-12-31,2015-16,regular_season,road,False,1610612750,MIN,Timberwolves,Bench,144:18,32,Minnesota,timberwolves,11,31,0.355,4,9,0.444,6,10,0.6,2,13,15,8,1,0,4,15,1610612765,DET,Detroit Pistons,1610612750,MIN,Minnesota Timberwolves
0021500486,2015-12-31,2015-16,regular_season,road,False,1610612750,MIN,Timberwolves,Starters,144:18,58,Minnesota,timberwolves,24,55,0.436,1,5,0.2,9,9,1.0,4,17,21,14,8,3,11,9,1610612765,DET,Detroit Pistons,1610612750,MIN,Minnesota Timberwolves
0021500487,2015-12-31,2015-16,regular_season,home,False,1610612740,NOP,Pelicans,Bench,141:35,47,New Orleans,pelicans,19,37,0.514,4,11,0.364,5,6,0.833,2,9,11,10,2,0,7,8,1610612740,NOP,New Orleans Pelicans,1610612746,LAC,LA Clippers
0021500487,2015-12-31,2015-16,regular_season,home,False,1610612740,NOP,Pelicans,Starters,141:35,42,New Orleans,pelicans,17,45,0.378,3,14,0.214,5,9,0.556,3,28,31,11,4,3,8,14,1610612740,NOP,New Orleans Pelicans,1610612746,LAC,LA Clippers
0021500487,2015-12-31,2015-16,regular_season,road,False,1610612746,LAC,Clippers,Bench,143:58,40,LA,clippers,15,38,0.395,5,19,0.263,5,6,0.833,2,8,10,9,3,0,5,6,1610612740,NOP,New Orleans Pelicans,1610612746,LAC,LA Clippers
0021500487,2015-12-31,2015-16,regular_season,road,False,1610612746,LAC,Clippers,Starters,143:58,55,LA,clippers,20,52,0.385,5,15,0.333,10,13,0.769,11,26,37,15,5,6,7,8,1610612740,NOP,New Orleans Pelicans,1610612746,LAC,LA Clippers
0021500488,2015-12-31,2015-16,regular_season,home,False,1610612760,OKC,Thunder,Bench,153:52,31,Oklahoma City,thunder,13,25,0.52,2,6,0.333,3,6,0.5,7,10,17,11,3,1,5,7,1610612760,OKC,Oklahoma City Thunder,1610612756,PHX,Phoenix Suns
0021500488,2015-12-31,2015-16,regular_season,home,False,1610612760,OKC,Thunder,Starters,153:52,79,Oklahoma City,thunder,29,55,0.527,5,15,0.333,16,18,0.889,5,15,20,18,9,4,8,7,1610612760,OKC,Oklahoma City Thunder,1610612756,PHX,Phoenix Suns
0021500488,2015-12-31,2015-16,regular_season,road,False,1610612756,PHX,Suns,Bench,194:28,15,Phoenix,suns,6,11,0.545,3,7,0.429,0,0,0.0,2,4,6,3,1,3,3,5,1610612760,OKC,Oklahoma City Thunder,1610612756,PHX,Phoenix Suns
0021500488,2015-12-31,2015-16,regular_season,road,False,1610612756,PHX,Suns,Starters,194:28,91,Phoenix,suns,37,71,0.521,5,13,0.385,12,13,0.923,9,22,31,21,9,0,13,19,1610612760,OKC,Oklahoma City Thunder,1610612756,PHX,Phoenix Suns
0021500489,2015-12-31,2015-16,regular_season,home,False,1610612762,UTA,Jazz,Bench,148:05,46,Utah,jazz,19,32,0.594,5,10,0.5,3,5,0.6,4,6,10,6,3,0,3,7,1610612762,UTA,Utah Jazz,1610612757,POR,Portland Trail Blazers
0021500489,2015-12-31,2015-16,regular_season,home,False,1610612762,UTA,Jazz,Starters,148:05,63,Utah,jazz,24,54,0.444,10,23,0.435,5,6,0.833,8,24,32,13,4,5,2,11,1610612762,UTA,Utah Jazz,1610612757,POR,Portland Trail Blazers
0021500489,2015-12-31,2015-16,regular_season,road,False,1610612757,POR,Trail Blazers,Bench,138:04,35,Portland,blazers,13,28,0.464,6,15,0.4,3,3,1.0,3,7,10,6,1,0,5,7,1610612762,UTA,Utah Jazz,1610612757,POR,Portland Trail Blazers
0021500489,2015-12-31,2015-16,regular_season,road,False,1610612757,POR,Trail Blazers,Starters,138:04,61,Portland,blazers,22,50,0.44,10,21,0.476,7,11,0.636,5,24,29,13,0,0,5,9,1610612762,UTA,Utah Jazz,1610612757,POR,Portland Trail Blazers
0021500490,2016-01-01,2015-16,regular_season,home,False,1610612764,WAS,Wizards,Bench,174:42,31,Washington,wizards,12,22,0.545,4,7,0.571,3,4,0.75,2,12,14,4,1,2,2,7,1610612764,WAS,Washington Wizards,1610612753,ORL,Orlando Magic
0021500490,2016-01-01,2015-16,regular_season,home,False,1610612764,WAS,Wizards,Starters,174:42,72,Washington,wizards,31,70,0.443,4,19,0.211,6,6,1.0,10,22,32,21,10,3,7,4,1610612764,WAS,Washington Wizards,1610612753,ORL,Orlando Magic
0021500490,2016-01-01,2015-16,regular_season,road,False,1610612753,ORL,Magic,Bench,141:19,46,Orlando,magic,20,39,0.513,2,8,0.25,4,5,0.8,3,10,13,12,4,2,6,5,1610612764,WAS,Washington Wizards,1610612753,ORL,Orlando Magic
0021500490,2016-01-01,2015-16,regular_season,road,False,1610612753,ORL,Magic,Starters,141:19,45,Orlando,magic,20,46,0.435,3,12,0.25,2,3,0.667,4,22,26,17,2,2,9,8,1610612764,WAS,Washington Wizards,1610612753,ORL,Orlando Magic
0021500491,2016-01-01,2015-16,regular_season,home,False,1610612748,MIA,Heat,Bench,151:38,33,Miami,heat,15,24,0.625,2,5,0.4,1,1,1.0,2,11,13,12,1,0,4,6,1610612748,MIA,Miami Heat,1610612742,DAL,Dallas Mavericks
0021500491,2016-01-01,2015-16,regular_season,home,False,1610612748,MIA,Heat,Starters,151:38,73,Miami,heat,31,58,0.534,6,13,0.462,5,8,0.625,6,31,37,12,3,1,8,10,1610612748,MIA,Miami Heat,1610612742,DAL,Dallas Mavericks
0021500491,2016-01-01,2015-16,regular_season,road,False,1610612742,DAL,Mavericks,Bench,136:26,35,Dallas,mavericks,14,39,0.359,3,14,0.214,4,6,0.667,7,8,15,10,4,1,5,6,1610612748,MIA,Miami Heat,1610612742,DAL,Dallas Mavericks
0021500491,2016-01-01,2015-16,regular_season,road,False,1610612742,DAL,Mavericks,Starters,136:26,47,Dallas,mavericks,18,49,0.367,4,17,0.235,7,8,0.875,6,19,25,12,2,2,4,5,1610612748,MIA,Miami Heat,1610612742,DAL,Dallas Mavericks
0021500492,2016-01-01,2015-16,regular_season,home,False,1610612761,TOR,Raptors,Bench,148:25,34,Toronto,raptors,13,27,0.481,6,13,0.462,2,2,1.0,5,19,24,7,1,4,4,9,1610612761,TOR,Toronto Raptors,1610612766,CHA,Charlotte Hornets
0021500492,2016-01-01,2015-16,regular_season,home,False,1610612761,TOR,Raptors,Starters,148:25,70,Toronto,raptors,23,64,0.359,9,20,0.45,15,16,0.938,15,15,30,14,5,0,9,10,1610612761,TOR,Toronto Raptors,1610612766,CHA,Charlotte Hornets
0021500492,2016-01-01,2015-16,regular_season,road,False,1610612766,CHA,Hornets,Bench,155:04,28,Charlotte,hornets,11,31,0.355,2,11,0.182,4,4,1.0,8,8,16,3,3,1,2,8,1610612761,TOR,Toronto Raptors,1610612766,CHA,Charlotte Hornets
0021500492,2016-01-01,2015-16,regular_season,road,False,1610612766,CHA,Hornets,Starters,155:04,66,Charlotte,hornets,23,54,0.426,8,21,0.381,12,14,0.857,6,21,27,12,4,6,8,8,1610612761,TOR,Toronto Raptors,1610612766,CHA,Charlotte Hornets
0021500493,2016-01-01,2015-16,regular_season,home,False,1610612741,CHI,Bulls,Bench,135:43,42,Chicago,bulls,17,33,0.515,6,8,0.75,2,2,1.0,5,18,23,8,0,2,5,12,1610612741,CHI,Chicago Bulls,1610612752,NYK,New York Knicks
0021500493,2016-01-01,2015-16,regular_season,home,False,1610612741,CHI,Bulls,Starters,135:43,66,Chicago,bulls,22,52,0.423,4,8,0.5,18,23,0.783,9,22,31,19,4,7,2,7,1610612741,CHI,Chicago Bulls,1610612752,NYK,New York Knicks
0021500493,2016-01-01,2015-16,regular_season,road,False,1610612752,NYK,Knicks,Bench,150:18,26,New York,knicks,8,29,0.276,1,7,0.143,9,13,0.692,4,11,15,6,1,4,4,12,1610612741,CHI,Chicago Bulls,1610612752,NYK,New York Knicks
0021500493,2016-01-01,2015-16,regular_season,road,False,1610612752,NYK,Knicks,Starters,150:18,55,New York,knicks,23,55,0.418,5,12,0.417,4,4,1.0,7,20,27,10,2,3,7,13,1610612741,CHI,Chicago Bulls,1610612752,NYK,New York Knicks
0021500494,2016-01-01,2015-16,regular_season,home,False,1610612747,LAL,Lakers,Bench,139:21,34,Los Angeles,lakers,14,39,0.359,2,7,0.286,4,6,0.667,5,15,20,8,10,3,6,6,1610612747,LAL,Los Angeles Lakers,1610612755,PHI,Philadelphia 76ers
0021500494,2016-01-01,2015-16,regular_season,home,False,1610612747,LAL,Lakers,Starters,139:21,59,Los Angeles,lakers,19,48,0.396,3,9,0.333,18,23,0.783,8,22,30,9,1,3,4,11,1610612747,LAL,Los Angeles Lakers,1610612755,PHI,Philadelphia 76ers
0021500494,2016-01-01,2015-16,regular_season,road,False,1610612755,PHI,76ers,Bench,134:41,40,Philadelphia,sixers,16,31,0.516,3,11,0.273,5,8,0.625,3,15,18,11,3,4,8,8,1610612747,LAL,Los Angeles Lakers,1610612755,PHI,Philadelphia 76ers
0021500494,2016-01-01,2015-16,regular_season,road,False,1610612755,PHI,76ers,Starters,134:41,44,Philadelphia,sixers,15,53,0.283,1,13,0.077,13,17,0.765,10,22,32,10,3,6,8,13,1610612747,LAL,Los Angeles Lakers,1610612755,PHI,Philadelphia 76ers
0021500495,2016-01-02,2015-16,regular_season,home,False,1610612738,BOS,Celtics,Bench,125:19,41,Boston,celtics,12,37,0.324,2,13,0.154,15,19,0.789,7,18,25,6,3,1,4,8,1610612738,BOS,Boston Celtics,1610612751,BKN,Brooklyn Nets
0021500495,2016-01-02,2015-16,regular_season,home,False,1610612738,BOS,Celtics,Starters,125:19,56,Boston,celtics,22,51,0.431,5,19,0.263,7,9,0.778,9,17,26,11,5,3,10,16,1610612738,BOS,Boston Celtics,1610612751,BKN,Brooklyn Nets
0021500495,2016-01-02,2015-16,regular_season,road,False,1610612751,BKN,Nets,Bench,164:44,19,Brooklyn,nets,7,18,0.389,0,6,0.0,5,6,0.833,4,15,19,8,3,0,4,7,1610612738,BOS,Boston Celtics,1610612751,BKN,Brooklyn Nets
0021500495,2016-01-02,2015-16,regular_season,road,False,1610612751,BKN,Nets,Starters,164:44,81,Brooklyn,nets,31,75,0.413,3,12,0.25,16,16,1.0,10,21,31,15,2,2,10,14,1610612738,BOS,Boston Celtics,1610612751,BKN,Brooklyn Nets
0021500496,2016-01-02,2015-16,regular_season,home,False,1610612758,SAC,Kings,Bench,142:03,63,Sacramento,kings,24,34,0.706,5,11,0.455,10,14,0.714,5,15,20,8,2,1,4,12,1610612758,SAC,Sacramento Kings,1610612756,PHX,Phoenix Suns
0021500496,2016-01-02,2015-16,regular_season,home,False,1610612758,SAC,Kings,Starters,142:03,79,Sacramento,kings,29,53,0.547,4,12,0.333,17,20,0.85,5,21,26,22,7,1,10,11,1610612758,SAC,Sacramento Kings,1610612756,PHX,Phoenix Suns
0021500496,2016-01-02,2015-16,regular_season,road,False,1610612756,PHX,Suns,Bench,150:53,45,Phoenix,suns,16,30,0.533,6,13,0.462,7,8,0.875,1,8,9,12,2,4,10,15,1610612758,SAC,Sacramento Kings,1610612756,PHX,Phoenix Suns
0021500496,2016-01-02,2015-16,regular_season,road,False,1610612756,PHX,Suns,Starters,150:53,74,Phoenix,suns,27,53,0.509,4,16,0.25,16,20,0.8,3,13,16,15,7,3,6,13,1610612758,SAC,Sacramento Kings,1610612756,PHX,Phoenix Suns
0021500497,2016-01-02,2015-16,regular_season,home,False,1610612766,CHA,Hornets,Bench,141:34,22,Charlotte,hornets,7,29,0.241,2,8,0.25,6,10,0.6,4,13,17,7,2,2,3,11,1610612766,CHA,Charlotte Hornets,1610612760,OKC,Oklahoma City Thunder
0021500497,2016-01-02,2015-16,regular_season,home,False,1610612766,CHA,Hornets,Starters,141:34,68,Charlotte,hornets,22,55,0.4,4,14,0.286,20,24,0.833,3,14,17,11,5,5,1,16,1610612766,CHA,Charlotte Hornets,1610612760,OKC,Oklahoma City Thunder
0021500497,2016-01-02,2015-16,regular_season,road,False,1610612760,OKC,Thunder,Bench,129:01,42,Oklahoma City,thunder,17,38,0.447,5,14,0.357,3,8,0.375,5,13,18,9,1,3,2,12,1610612766,CHA,Charlotte Hornets,1610612760,OKC,Oklahoma City Thunder
0021500497,2016-01-02,2015-16,regular_season,road,False,1610612760,OKC,Thunder,Starters,129:01,67,Oklahoma City,thunder,18,41,0.439,4,9,0.444,27,29,0.931,5,30,35,11,1,12,10,15,1610612766,CHA,Charlotte Hornets,1610612760,OKC,Oklahoma City Thunder
0021500498,2016-01-02,2015-16,regular_season,home,False,1610612754,IND,Pacers,Bench,139:53,27,Indiana,pacers,11,28,0.393,1,7,0.143,4,8,0.5,1,14,15,4,2,7,4,12,1610612754,IND,Indiana Pacers,1610612765,DET,Detroit Pistons
0021500498,2016-01-02,2015-16,regular_season,home,False,1610612754,IND,Pacers,Starters,139:53,67,Indiana,pacers,22,45,0.489,6,11,0.545,17,21,0.81,5,27,32,7,5,2,9,10,1610612754,IND,Indiana Pacers,1610612765,DET,Detroit Pistons
0021500498,2016-01-02,2015-16,regular_season,road,False,1610612765,DET,Pistons,Bench,173:59,20,Detroit,pistons,6,17,0.353,0,4,0.0,8,9,0.889,2,6,8,6,2,0,3,6,1610612754,IND,Indiana Pacers,1610612765,DET,Detroit Pistons
0021500498,2016-01-02,2015-16,regular_season,road,False,1610612765,DET,Pistons,Starters,173:59,62,Detroit,pistons,27,76,0.355,3,16,0.188,5,14,0.357,10,30,40,11,3,2,7,12,1610612754,IND,Indiana Pacers,1610612765,DET,Detroit Pistons
0021500499,2016-01-02,2015-16,regular_season,home,False,1610612739,CLE,Cavaliers,Bench,128:08,39,Cleveland,cavaliers,12,34,0.353,6,19,0.316,9,12,0.75,3,16,19,13,2,0,2,11,1610612739,CLE,Cleveland Cavaliers,1610612753,ORL,Orlando Magic
0021500499,2016-01-02,2015-16,regular_season,home,False,1610612739,CLE,Cavaliers,Starters,128:08,65,Cleveland,cavaliers,22,48,0.458,6,18,0.333,15,27,0.556,9,25,34,11,4,1,2,6,1610612739,CLE,Cleveland Cavaliers,1610612753,ORL,Orlando Magic
0021500499,2016-01-02,2015-16,regular_season,road,False,1610612753,ORL,Magic,Bench,92:30,59,Orlando,magic,22,52,0.423,4,15,0.267,11,13,0.846,3,28,31,8,1,1,7,14,1610612739,CLE,Cleveland Cavaliers,1610612753,ORL,Orlando Magic
0021500499,2016-01-02,2015-16,regular_season,road,False,1610612753,ORL,Magic,Starters,92:30,20,Orlando,magic,7,24,0.292,2,10,0.2,4,4,1.0,2,12,14,8,0,1,7,15,1610612739,CLE,Cleveland Cavaliers,1610612753,ORL,Orlando Magic
0021500500,2016-01-02,2015-16,regular_season,home,False,1610612750,MIN,Timberwolves,Bench,139:18,36,Minnesota,timberwolves,14,34,0.412,1,6,0.167,7,10,0.7,8,10,18,5,1,1,8,10,1610612750,MIN,Minnesota Timberwolves,1610612749,MIL,Milwaukee Bucks
0021500500,2016-01-02,2015-16,regular_season,home,False,1610612750,MIN,Timberwolves,Starters,139:18,49,Minnesota,timberwolves,19,50,0.38,2,8,0.25,9,14,0.643,8,21,29,14,9,5,8,8,1610612750,MIN,Minnesota Timberwolves,1610612749,MIL,Milwaukee Bucks
0021500500,2016-01-02,2015-16,regular_season,road,False,1610612749,MIL,Bucks,Bench,163:06,35,Milwaukee,bucks,13,28,0.464,4,9,0.444,5,8,0.625,3,9,12,3,1,2,3,6,1610612750,MIN,Minnesota Timberwolves,1610612749,MIL,Milwaukee Bucks
0021500500,2016-01-02,2015-16,regular_season,road,False,1610612749,MIL,Bucks,Starters,163:06,60,Milwaukee,bucks,19,47,0.404,4,7,0.571,18,20,0.9,8,28,36,17,6,3,10,12,1610612750,MIN,Minnesota Timberwolves,1610612749,MIL,Milwaukee Bucks
0021500501,2016-01-02,2015-16,regular_season,home,False,1610612742,DAL,Mavericks,Bench,164:08,26,Dallas,mavericks,10,22,0.455,2,6,0.333,4,4,1.0,1,10,11,7,1,1,7,7,1610612742,DAL,Dallas Mavericks,1610612740,NOP,New Orleans Pelicans
0021500501,2016-01-02,2015-16,regular_season,home,False,1610612742,DAL,Mavericks,Starters,164:08,72,Dallas,mavericks,26,61,0.426,8,20,0.4,12,15,0.8,2,20,22,13,9,1,6,10,1610612742,DAL,Dallas Mavericks,1610612740,NOP,New Orleans Pelicans
0021500501,2016-01-02,2015-16,regular_season,road,False,1610612740,NOP,Pelicans,Bench,162:55,36,New Orleans,pelicans,12,28,0.429,4,13,0.308,8,10,0.8,2,11,13,11,3,1,5,5,1610612742,DAL,Dallas Mavericks,1610612740,NOP,New Orleans Pelicans
0021500501,2016-01-02,2015-16,regular_season,road,False,1610612740,NOP,Pelicans,Starters,162:55,69,New Orleans,pelicans,28,55,0.509,2,7,0.286,11,14,0.786,7,33,40,8,5,1,14,14,1610612742,DAL,Dallas Mavericks,1610612740,NOP,New Orleans Pelicans
0021500502,2016-01-02,2015-16,regular_season,home,False,1610612759,SAS,Spurs,Bench,139:13,55,San Antonio,spurs,21,40,0.525,5,12,0.417,8,8,1.0,5,7,12,14,4,1,3,12,1610612759,SAS,San Antonio Spurs,1610612745,HOU,Houston Rockets
0021500502,2016-01-02,2015-16,regular_season,home,False,1610612759,SAS,Spurs,Starters,139:13,66,San Antonio,spurs,24,46,0.522,8,12,0.667,10,11,0.909,3,24,27,17,5,1,8,10,1610612759,SAS,San Antonio Spurs,1610612745,HOU,Houston Rockets
0021500502,2016-01-02,2015-16,regular_season,road,False,1610612745,HOU,Rockets,Bench,149:36,36,Houston,rockets,14,31,0.452,4,12,0.333,4,7,0.571,1,9,10,11,2,0,7,11,1610612759,SAS,San Antonio Spurs,1610612745,HOU,Houston Rockets
0021500502,2016-01-02,2015-16,regular_season,road,False,1610612745,HOU,Rockets,Starters,149:36,67,Houston,rockets,23,43,0.535,5,10,0.5,16,26,0.615,7,20,27,15,5,4,8,9,1610612759,SAS,San Antonio Spurs,1610612745,HOU,Houston Rockets
0021500503,2016-01-02,2015-16,regular_season,home,False,1610612762,UTA,Jazz,Bench,156:30,25,Utah,jazz,8,27,0.296,2,9,0.222,7,10,0.7,5,16,21,8,1,2,6,11,1610612762,UTA,Utah Jazz,1610612763,MEM,Memphis Grizzlies
0021500503,2016-01-02,2015-16,regular_season,home,False,1610612762,UTA,Jazz,Starters,156:30,67,Utah,jazz,23,48,0.479,7,18,0.389,14,18,0.778,4,23,27,9,3,5,10,13,1610612762,UTA,Utah Jazz,1610612763,MEM,Memphis Grizzlies
0021500503,2016-01-02,2015-16,regular_season,road,False,1610612763,MEM,Grizzlies,Bench,207:57,16,Memphis,grizzlies,7,17,0.412,2,3,0.667,0,4,0.0,3,6,9,5,1,1,3,7,1610612762,UTA,Utah Jazz,1610612763,MEM,Memphis Grizzlies
0021500503,2016-01-02,2015-16,regular_season,road,False,1610612763,MEM,Grizzlies,Starters,207:57,71,Memphis,grizzlies,26,64,0.406,5,15,0.333,14,22,0.636,5,26,31,12,7,3,8,17,1610612762,UTA,Utah Jazz,1610612763,MEM,Memphis Grizzlies
0021500504,2016-01-02,2015-16,regular_season,home,False,1610612744,GSW,Warriors,Bench,172:09,40,Golden State,warriors,15,26,0.577,1,3,0.333,9,13,0.692,3,9,12,6,0,2,6,10,1610612744,GSW,Golden State Warriors,1610612743,DEN,Denver Nuggets
0021500504,2016-01-02,2015-16,regular_season,home,False,1610612744,GSW,Warriors,Starters,172:09,71,Golden State,warriors,28,60,0.467,9,25,0.36,6,10,0.6,6,29,35,28,9,3,7,12,1610612744,GSW,Golden State Warriors,1610612743,DEN,Denver Nuggets
0021500504,2016-01-02,2015-16,regular_season,road,False,1610612743,DEN,Nuggets,Bench,160:29,38,Denver,nuggets,15,45,0.333,1,11,0.091,7,12,0.583,8,15,23,12,3,0,7,10,1610612744,GSW,Golden State Warriors,1610612743,DEN,Denver Nuggets
0021500504,2016-01-02,2015-16,regular_season,road,False,1610612743,DEN,Nuggets,Starters,160:29,70,Denver,nuggets,29,60,0.483,4,19,0.211,8,11,0.727,16,13,29,15,4,0,6,13,1610612744,GSW,Golden State Warriors,1610612743,DEN,Denver Nuggets
0021500505,2016-01-02,2015-16,regular_season,home,False,1610612746,LAC,Clippers,Bench,126:57,58,LA,clippers,23,36,0.639,3,7,0.429,9,10,0.9,3,19,22,10,2,2,9,9,1610612746,LAC,LA Clippers,1610612755,PHI,Philadelphia 76ers
0021500505,2016-01-02,2015-16,regular_season,home,False,1610612746,LAC,Clippers,Starters,126:57,72,LA,clippers,26,45,0.578,9,16,0.563,11,15,0.733,3,22,25,18,5,4,5,8,1610612746,LAC,LA Clippers,1610612755,PHI,Philadelphia 76ers
0021500505,2016-01-02,2015-16,regular_season,road,False,1610612755,PHI,76ers,Bench,109:07,65,Philadelphia,sixers,26,50,0.52,7,16,0.438,6,12,0.5,4,16,20,16,6,1,7,9,1610612746,LAC,LA Clippers,1610612755,PHI,Philadelphia 76ers
0021500505,2016-01-02,2015-16,regular_season,road,False,1610612755,PHI,76ers,Starters,109:07,34,Philadelphia,sixers,15,39,0.385,2,7,0.286,2,5,0.4,5,8,13,14,2,3,5,12,1610612746,LAC,LA Clippers,1610612755,PHI,Philadelphia 76ers
0021500506,2016-01-03,2015-16,regular_season,home,False,1610612752,NYK,Knicks,Bench,158:47,23,New York,knicks,10,30,0.333,1,10,0.1,2,2,1.0,0,14,14,13,3,1,4,8,1610612752,NYK,New York Knicks,1610612737,ATL,Atlanta Hawks
0021500506,2016-01-03,2015-16,regular_season,home,False,1610612752,NYK,Knicks,Starters,158:47,88,New York,knicks,34,58,0.586,10,16,0.625,10,12,0.833,12,20,32,14,5,6,12,11,1610612752,NYK,New York Knicks,1610612737,ATL,Atlanta Hawks
0021500506,2016-01-03,2015-16,regular_season,road,False,1610612737,ATL,Hawks,Bench,153:51,25,Atlanta,hawks,12,26,0.462,1,5,0.2,0,2,0.0,2,11,13,9,3,3,6,4,1610612752,NYK,New York Knicks,1610612737,ATL,Atlanta Hawks
0021500506,2016-01-03,2015-16,regular_season,road,False,1610612737,ATL,Hawks,Starters,153:51,72,Atlanta,hawks,25,58,0.431,7,21,0.333,15,18,0.833,6,13,19,17,8,2,9,10,1610612752,NYK,New York Knicks,1610612737,ATL,Atlanta Hawks
0021500507,2016-01-03,2015-16,regular_season,home,False,1610612761,TOR,Raptors,Bench,149:44,27,Toronto,raptors,11,23,0.478,3,9,0.333,2,2,1.0,3,10,13,4,2,3,3,8,1610612761,TOR,Toronto Raptors,1610612741,CHI,Chicago Bulls
0021500507,2016-01-03,2015-16,regular_season,home,False,1610612761,TOR,Raptors,Starters,149:44,86,Toronto,raptors,31,69,0.449,10,22,0.455,14,17,0.824,10,14,24,17,4,5,5,11,1610612761,TOR,Toronto Raptors,1610612741,CHI,Chicago Bulls
0021500507,2016-01-03,2015-16,regular_season,road,False,1610612741,CHI,Bulls,Bench,150:42,20,Chicago,bulls,9,25,0.36,2,9,0.222,0,0,0.0,2,13,15,4,1,1,4,10,1610612761,TOR,Toronto Raptors,1610612741,CHI,Chicago Bulls
0021500507,2016-01-03,2015-16,regular_season,road,False,1610612741,CHI,Bulls,Starters,150:42,95,Chicago,bulls,33,57,0.579,7,12,0.583,22,25,0.88,6,21,27,19,3,7,7,8,1610612761,TOR,Toronto Raptors,1610612741,CHI,Chicago Bulls
0021500508,2016-01-03,2015-16,regular_season,home,False,1610612764,WAS,Wizards,Bench,162:41,28,Washington,wizards,10,30,0.333,1,10,0.1,7,9,0.778,2,13,15,6,1,1,4,3,1610612764,WAS,Washington Wizards,1610612748,MIA,Miami Heat
0021500508,2016-01-03,2015-16,regular_season,home,False,1610612764,WAS,Wizards,Starters,162:41,47,Washington,wizards,21,61,0.344,3,20,0.15,2,4,0.5,9,21,30,13,4,1,6,9,1610612764,WAS,Washington Wizards,1610612748,MIA,Miami Heat
0021500508,2016-01-03,2015-16,regular_season,road,False,1610612748,MIA,Heat,Bench,140:04,33,Miami,heat,13,33,0.394,4,13,0.308,3,3,1.0,3,16,19,14,4,4,7,12,1610612764,WAS,Washington Wizards,1610612748,MIA,Miami Heat
0021500508,2016-01-03,2015-16,regular_season,road,False,1610612748,MIA,Heat,Starters,140:04,64,Miami,heat,26,53,0.491,5,10,0.5,7,9,0.778,6,29,35,13,4,7,5,3,1610612764,WAS,Washington Wizards,1610612748,MIA,Miami Heat
0021500509,2016-01-03,2015-16,regular_season,home,False,1610612743,DEN,Nuggets,Bench,145:20,31,Denver,nuggets,11,32,0.344,3,12,0.25,6,11,0.545,3,8,11,6,2,3,4,12,1610612743,DEN,Denver Nuggets,1610612757,POR,Portland Trail Blazers
0021500509,2016-01-03,2015-16,regular_season,home,False,1610612743,DEN,Nuggets,Starters,145:20,75,Denver,nuggets,23,48,0.479,4,10,0.4,25,37,0.676,12,18,30,14,5,3,4,13,1610612743,DEN,Denver Nuggets,1610612757,POR,Portland Trail Blazers
0021500509,2016-01-03,2015-16,regular_season,road,False,1610612757,POR,Trail Blazers,Bench,133:54,48,Portland,blazers,16,31,0.516,3,8,0.375,13,19,0.684,5,19,24,9,2,1,4,12,1610612743,DEN,Denver Nuggets,1610612757,POR,Portland Trail Blazers
0021500509,2016-01-03,2015-16,regular_season,road,False,1610612757,POR,Trail Blazers,Starters,133:54,64,Portland,blazers,24,47,0.511,7,15,0.467,9,13,0.692,2,15,17,14,2,2,6,22,1610612743,DEN,Denver Nuggets,1610612757,POR,Portland Trail Blazers
0021500510,2016-01-03,2015-16,regular_season,home,False,1610612747,LAL,Lakers,Bench,159:05,22,Los Angeles,lakers,7,28,0.25,1,10,0.1,7,9,0.778,4,15,19,10,1,2,6,8,1610612747,LAL,Los Angeles Lakers,1610612756,PHX,Phoenix Suns
0021500510,2016-01-03,2015-16,regular_season,home,False,1610612747,LAL,Lakers,Starters,159:05,75,Los Angeles,lakers,31,56,0.554,7,12,0.583,6,8,0.75,5,30,35,16,7,5,9,8,1610612747,LAL,Los Angeles Lakers,1610612756,PHX,Phoenix Suns
0021500510,2016-01-03,2015-16,regular_season,road,False,1610612756,PHX,Suns,Bench,133:26,31,Phoenix,suns,12,33,0.364,4,13,0.308,3,4,0.75,5,18,23,5,6,4,8,13,1610612747,LAL,Los Angeles Lakers,1610612756,PHX,Phoenix Suns
0021500510,2016-01-03,2015-16,regular_season,road,False,1610612756,PHX,Suns,Starters,133:26,46,Phoenix,suns,20,56,0.357,2,14,0.143,4,5,0.8,4,18,22,11,2,0,6,7,1610612747,LAL,Los Angeles Lakers,1610612756,PHX,Phoenix Suns
0021500511,2016-01-04,2015-16,regular_season,home,False,1610612739,CLE,Cavaliers,Bench,153:49,25,Cleveland,cavaliers,8,13,0.615,4,7,0.571,5,5,1.0,1,8,9,7,1,0,7,12,1610612739,CLE,Cleveland Cavaliers,1610612761,TOR,Toronto Raptors
0021500511,2016-01-04,2015-16,regular_season,home,False,1610612739,CLE,Cavaliers,Starters,153:49,97,Cleveland,cavaliers,33,61,0.541,13,26,0.5,18,21,0.857,10,21,31,18,5,4,6,10,1610612739,CLE,Cleveland Cavaliers,1610612761,TOR,Toronto Raptors
0021500511,2016-01-04,2015-16,regular_season,road,False,1610612761,TOR,Raptors,Bench,138:14,38,Toronto,raptors,13,27,0.481,3,8,0.375,9,11,0.818,2,8,10,8,5,1,4,10,1610612739,CLE,Cleveland Cavaliers,1610612761,TOR,Toronto Raptors
0021500511,2016-01-04,2015-16,regular_season,road,False,1610612761,TOR,Raptors,Starters,138:14,62,Toronto,raptors,23,46,0.5,5,11,0.455,11,18,0.611,6,10,16,16,4,4,5,9,1610612739,CLE,Cleveland Cavaliers,1610612761,TOR,Toronto Raptors
0021500512,2016-01-04,2015-16,regular_season,home,False,1610612755,PHI,76ers,Bench,132:45,61,Philadelphia,sixers,26,48,0.542,3,17,0.176,6,9,0.667,7,8,15,11,5,4,3,10,1610612755,PHI,Philadelphia 76ers,1610612750,MIN,Minnesota Timberwolves
0021500512,2016-01-04,2015-16,regular_season,home,False,1610612755,PHI,76ers,Starters,132:45,48,Philadelphia,sixers,22,39,0.564,1,3,0.333,3,5,0.6,5,17,22,20,6,6,13,14,1610612755,PHI,Philadelphia 76ers,1610612750,MIN,Minnesota Timberwolves
0021500512,2016-01-04,2015-16,regular_season,road,False,1610612750,MIN,Timberwolves,Bench,120:00,55,Minnesota,timberwolves,22,35,0.629,2,3,0.667,9,11,0.818,6,9,15,10,5,2,8,8,1610612755,PHI,Philadelphia 76ers,1610612750,MIN,Minnesota Timberwolves
0021500512,2016-01-04,2015-16,regular_season,road,False,1610612750,MIN,Timberwolves,Starters,120:00,44,Minnesota,timberwolves,17,38,0.447,0,2,0.0,10,13,0.769,0,12,12,16,6,2,8,10,1610612755,PHI,Philadelphia 76ers,1610612750,MIN,Minnesota Timberwolves
0021500513,2016-01-04,2015-16,regular_season,home,False,1610612751,BKN,Nets,Bench,170:41,15,Brooklyn,nets,4,17,0.235,2,10,0.2,5,6,0.833,2,11,13,4,3,1,4,7,1610612751,BKN,Brooklyn Nets,1610612738,BOS,Boston Celtics
0021500513,2016-01-04,2015-16,regular_season,home,False,1610612751,BKN,Nets,Starters,170:41,79,Brooklyn,nets,28,68,0.412,4,18,0.222,19,21,0.905,14,26,40,12,1,5,10,11,1610612751,BKN,Brooklyn Nets,1610612738,BOS,Boston Celtics
0021500513,2016-01-04,2015-16,regular_season,road,False,1610612738,BOS,Celtics,Bench,164:36,26,Boston,celtics,10,31,0.323,2,7,0.286,4,5,0.8,7,13,20,6,5,0,1,10,1610612751,BKN,Brooklyn Nets,1610612738,BOS,Boston Celtics
0021500513,2016-01-04,2015-16,regular_season,road,False,1610612738,BOS,Celtics,Starters,164:36,77,Boston,celtics,31,61,0.508,4,14,0.286,11,14,0.786,5,23,28,16,5,5,6,11,1610612751,BKN,Brooklyn Nets,1610612738,BOS,Boston Celtics
0021500514,2016-01-04,2015-16,regular_season,home,False,1610612765,DET,Pistons,Bench,146:23,40,Detroit,pistons,14,33,0.424,7,14,0.5,5,8,0.625,8,18,26,14,3,4,5,9,1610612765,DET,Detroit Pistons,1610612753,ORL,Orlando Magic
0021500514,2016-01-04,2015-16,regular_season,home,False,1610612765,DET,Pistons,Starters,146:23,75,Detroit,pistons,29,55,0.527,7,16,0.438,10,13,0.769,10,18,28,11,3,2,5,9,1610612765,DET,Detroit Pistons,1610612753,ORL,Orlando Magic
0021500514,2016-01-04,2015-16,regular_season,road,False,1610612753,ORL,Magic,Bench,131:44,42,Orlando,magic,16,39,0.41,4,11,0.364,6,6,1.0,3,10,13,4,2,5,3,8,1610612765,DET,Detroit Pistons,1610612753,ORL,Orlando Magic
0021500514,2016-01-04,2015-16,regular_season,road,False,1610612753,ORL,Magic,Starters,131:44,47,Orlando,magic,20,42,0.476,2,9,0.222,5,5,1.0,2,15,17,13,4,2,5,8,1610612765,DET,Detroit Pistons,1610612753,ORL,Orlando Magic
0021500515,2016-01-04,2015-16,regular_season,home,False,1610612748,MIA,Heat,Bench,155:20,22,Miami,heat,9,28,0.321,1,10,0.1,3,7,0.429,7,16,23,5,3,3,2,7,1610612748,MIA,Miami Heat,1610612754,IND,Indiana Pacers
0021500515,2016-01-04,2015-16,regular_season,home,False,1610612748,MIA,Heat,Starters,155:20,81,Miami,heat,25,62,0.403,4,12,0.333,27,32,0.844,8,21,29,9,2,3,5,16,1610612748,MIA,Miami Heat,1610612754,IND,Indiana Pacers
0021500515,2016-01-04,2015-16,regular_season,road,False,1610612754,IND,Pacers,Bench,145:43,29,Indiana,pacers,10,36,0.278,0,7,0.0,9,11,0.818,7,26,33,6,1,2,5,10,1610612748,MIA,Miami Heat,1610612754,IND,Indiana Pacers
0021500515,2016-01-04,2015-16,regular_season,road,False,1610612754,IND,Pacers,Starters,145:43,71,Indiana,pacers,27,58,0.466,8,21,0.381,9,14,0.643,7,15,22,12,3,1,5,16,1610612748,MIA,Miami Heat,1610612754,IND,Indiana Pacers
0021500516,2016-01-04,2015-16,regular_season,home,False,1610612749,MIL,Bucks,Bench,154:27,23,Milwaukee,bucks,10,22,0.455,2,4,0.5,1,3,0.333,1,7,8,6,2,1,8,9,1610612749,MIL,Milwaukee Bucks,1610612759,SAS,San Antonio Spurs
0021500516,2016-01-04,2015-16,regular_season,home,False,1610612749,MIL,Bucks,Starters,154:27,75,Milwaukee,bucks,27,55,0.491,1,8,0.125,20,27,0.741,9,18,27,17,4,4,7,9,1610612749,MIL,Milwaukee Bucks,1610612759,SAS,San Antonio Spurs
0021500516,2016-01-04,2015-16,regular_season,road,False,1610612759,SAS,Spurs,Bench,130:19,56,San Antonio,spurs,23,39,0.59,2,5,0.4,8,9,0.889,3,15,18,20,6,1,5,8,1610612749,MIL,Milwaukee Bucks,1610612759,SAS,San Antonio Spurs
0021500516,2016-01-04,2015-16,regular_season,road,False,1610612759,SAS,Spurs,Starters,130:19,67,San Antonio,spurs,26,51,0.51,7,15,0.467,8,11,0.727,10,16,26,12,5,4,8,12,1610612749,MIL,Milwaukee Bucks,1610612759,SAS,San Antonio Spurs
0021500517,2016-01-04,2015-16,regular_season,home,False,1610612760,OKC,Thunder,Bench,165:15,25,Oklahoma City,thunder,9,29,0.31,2,8,0.25,5,8,0.625,2,8,10,3,3,2,3,11,1610612760,OKC,Oklahoma City Thunder,1610612758,SAC,Sacramento Kings
0021500517,2016-01-04,2015-16,regular_season,home,False,1610612760,OKC,Thunder,Starters,165:15,79,Oklahoma City,thunder,30,60,0.5,8,21,0.381,11,15,0.733,9,20,29,20,4,7,12,16,1610612760,OKC,Oklahoma City Thunder,1610612758,SAC,Sacramento Kings
0021500517,2016-01-04,2015-16,regular_season,road,False,1610612758,SAC,Kings,Bench,126:55,51,Sacramento,kings,18,36,0.5,3,8,0.375,12,15,0.8,5,9,14,6,1,5,6,6,1610612760,OKC,Oklahoma City Thunder,1610612758,SAC,Sacramento Kings
0021500517,2016-01-04,2015-16,regular_season,road,False,1610612758,SAC,Kings,Starters,126:55,65,Sacramento,kings,22,53,0.415,4,9,0.444,17,24,0.708,8,26,34,20,6,3,9,8,1610612760,OKC,Oklahoma City Thunder,1610612758,SAC,Sacramento Kings
0021500518,2016-01-04,2015-16,regular_season,home,False,1610612762,UTA,Jazz,Bench,147:06,23,Utah,jazz,8,26,0.308,3,13,0.231,4,6,0.667,7,13,20,5,2,0,6,9,1610612762,UTA,Utah Jazz,1610612745,HOU,Houston Rockets
0021500518,2016-01-04,2015-16,regular_season,home,False,1610612762,UTA,Jazz,Starters,147:06,68,Utah,jazz,22,49,0.449,9,16,0.563,15,19,0.789,8,16,24,12,7,4,9,11,1610612762,UTA,Utah Jazz,1610612745,HOU,Houston Rockets
0021500518,2016-01-04,2015-16,regular_season,road,False,1610612745,HOU,Rockets,Bench,157:00,22,Houston,rockets,7,14,0.5,2,7,0.286,6,8,0.75,1,5,6,5,2,0,2,3,1610612762,UTA,Utah Jazz,1610612745,HOU,Houston Rockets
0021500518,2016-01-04,2015-16,regular_season,road,False,1610612745,HOU,Rockets,Starters,157:00,71,Houston,rockets,26,54,0.481,9,19,0.474,10,13,0.769,5,23,28,12,6,2,14,13,1610612762,UTA,Utah Jazz,1610612745,HOU,Houston Rockets
0021500519,2016-01-04,2015-16,regular_season,home,False,1610612757,POR,Trail Blazers,Bench,143:24,25,Portland,blazers,11,20,0.55,2,5,0.4,1,5,0.2,0,14,14,3,2,3,7,5,1610612757,POR,Portland Trail Blazers,1610612763,MEM,Memphis Grizzlies
0021500519,2016-01-04,2015-16,regular_season,home,False,1610612757,POR,Trail Blazers,Starters,143:24,53,Portland,blazers,17,52,0.327,5,23,0.217,14,19,0.737,7,21,28,11,5,1,14,14,1610612757,POR,Portland Trail Blazers,1610612763,MEM,Memphis Grizzlies
0021500519,2016-01-04,2015-16,regular_season,road,False,1610612763,MEM,Grizzlies,Bench,147:44,50,Memphis,grizzlies,20,40,0.5,2,6,0.333,8,11,0.727,12,17,29,10,4,0,6,8,1610612757,POR,Portland Trail Blazers,1610612763,MEM,Memphis Grizzlies
0021500519,2016-01-04,2015-16,regular_season,road,False,1610612763,MEM,Grizzlies,Starters,147:44,41,Memphis,grizzlies,15,51,0.294,1,9,0.111,10,15,0.667,5,18,23,11,6,3,5,11,1610612757,POR,Portland Trail Blazers,1610612763,MEM,Memphis Grizzlies
0021500520,2016-01-04,2015-16,regular_season,home,False,1610612744,GSW,Warriors,Bench,153:47,26,Golden State,warriors,12,26,0.462,1,7,0.143,1,1,1.0,1,6,7,10,1,3,3,6,1610612744,GSW,Golden State Warriors,1610612766,CHA,Charlotte Hornets
0021500520,2016-01-04,2015-16,regular_season,home,False,1610612744,GSW,Warriors,Starters,153:47,85,Golden State,warriors,33,61,0.541,14,27,0.519,5,5,1.0,2,28,30,22,3,6,8,13,1610612744,GSW,Golden State Warriors,1610612766,CHA,Charlotte Hornets
0021500520,2016-01-04,2015-16,regular_season,road,False,1610612766,CHA,Hornets,Bench,148:24,43,Charlotte,hornets,17,32,0.531,1,6,0.167,8,8,1.0,2,11,13,9,4,0,4,5,1610612744,GSW,Golden State Warriors,1610612766,CHA,Charlotte Hornets
0021500520,2016-01-04,2015-16,regular_season,road,False,1610612766,CHA,Hornets,Starters,148:24,58,Charlotte,hornets,21,54,0.389,6,15,0.4,10,11,0.909,6,22,28,6,3,1,7,7,1610612744,GSW,Golden State Warriors,1610612766,CHA,Charlotte Hornets
0021500521,2016-01-05,2015-16,regular_season,home,False,1610612737,ATL,Hawks,Bench,153:51,26,Atlanta,hawks,10,23,0.435,4,11,0.364,2,6,0.333,3,12,15,10,0,2,3,10,1610612737,ATL,Atlanta Hawks,1610612752,NYK,New York Knicks
0021500521,2016-01-05,2015-16,regular_season,home,False,1610612737,ATL,Hawks,Starters,153:51,75,Atlanta,hawks,27,64,0.422,11,28,0.393,10,13,0.769,11,15,26,12,3,2,10,14,1610612737,ATL,Atlanta Hawks,1610612752,NYK,New York Knicks
0021500521,2016-01-05,2015-16,regular_season,road,False,1610612752,NYK,Knicks,Bench,179:20,28,New York,knicks,9,16,0.563,2,6,0.333,8,8,1.0,1,5,6,1,3,1,2,4,1610612737,ATL,Atlanta Hawks,1610612752,NYK,New York Knicks
0021500521,2016-01-05,2015-16,regular_season,road,False,1610612752,NYK,Knicks,Starters,179:20,79,New York,knicks,31,68,0.456,3,12,0.25,14,16,0.875,10,30,40,19,4,5,7,16,1610612737,ATL,Atlanta Hawks,1610612752,NYK,New York Knicks
0021500522,2016-01-05,2015-16,regular_season,home,False,1610612741,CHI,Bulls,Bench,175:35,18,Chicago,bulls,7,15,0.467,0,4,0.0,4,4,1.0,2,9,11,5,1,0,2,4,1610612741,CHI,Chicago Bulls,1610612749,MIL,Milwaukee Bucks
0021500522,2016-01-05,2015-16,regular_season,home,False,1610612741,CHI,Bulls,Starters,175:35,99,Chicago,bulls,39,68,0.574,5,15,0.333,16,16,1.0,5,29,34,22,4,10,13,7,1610612741,CHI,Chicago Bulls,1610612749,MIL,Milwaukee Bucks
0021500522,2016-01-05,2015-16,regular_season,road,False,1610612749,MIL,Bucks,Bench,174:56,18,Milwaukee,bucks,9,20,0.45,0,3,0.0,0,1,0.0,6,4,10,4,1,2,1,8,1610612741,CHI,Chicago Bulls,1610612749,MIL,Milwaukee Bucks
0021500522,2016-01-05,2015-16,regular_season,road,False,1610612749,MIL,Bucks,Starters,174:56,88,Milwaukee,bucks,37,82,0.451,6,13,0.462,8,13,0.615,11,22,33,24,8,1,9,11,1610612741,CHI,Chicago Bulls,1610612749,MIL,Milwaukee Bucks
0021500523,2016-01-05,2015-16,regular_season,home,False,1610612742,DAL,Mavericks,Bench,197:53,30,Dallas,mavericks,13,27,0.481,3,8,0.375,1,2,0.5,5,17,22,7,4,2,6,6,1610612742,DAL,Dallas Mavericks,1610612758,SAC,Sacramento Kings
0021500523,2016-01-05,2015-16,regular_season,home,False,1610612742,DAL,Mavericks,Starters,197:53,87,Dallas,mavericks,32,71,0.451,9,21,0.429,14,21,0.667,8,25,33,15,9,0,11,12,1610612742,DAL,Dallas Mavericks,1610612758,SAC,Sacramento Kings
0021500523,2016-01-05,2015-16,regular_season,road,False,1610612758,SAC,Kings,Bench,178:35,20,Sacramento,kings,7,26,0.269,6,16,0.375,0,0,0.0,3,13,16,7,5,0,3,9,1610612742,DAL,Dallas Mavericks,1610612758,SAC,Sacramento Kings
0021500523,2016-01-05,2015-16,regular_season,road,False,1610612758,SAC,Kings,Starters,178:35,96,Sacramento,kings,40,73,0.548,6,16,0.375,10,14,0.714,6,27,33,20,11,1,16,12,1610612742,DAL,Dallas Mavericks,1610612758,SAC,Sacramento Kings
0021500524,2016-01-05,2015-16,regular_season,home,False,1610612747,LAL,Lakers,Bench,129:04,40,Los Angeles,lakers,15,43,0.349,3,10,0.3,7,11,0.636,9,21,30,12,4,2,6,8,1610612747,LAL,Los Angeles Lakers,1610612744,GSW,Golden State Warriors
0021500524,2016-01-05,2015-16,regular_season,home,False,1610612747,LAL,Lakers,Starters,129:04,48,Los Angeles,lakers,14,48,0.292,2,11,0.182,18,19,0.947,6,16,22,3,3,2,6,8,1610612747,LAL,Los Angeles Lakers,1610612744,GSW,Golden State Warriors
0021500524,2016-01-05,2015-16,regular_season,road,False,1610612744,GSW,Warriors,Bench,139:21,33,Golden State,warriors,14,34,0.412,0,5,0.0,5,6,0.833,4,22,26,10,5,6,4,9,1610612747,LAL,Los Angeles Lakers,1610612744,GSW,Golden State Warriors
0021500524,2016-01-05,2015-16,regular_season,road,False,1610612744,GSW,Warriors,Starters,139:21,76,Golden State,warriors,26,52,0.5,13,26,0.5,11,15,0.733,6,22,28,16,4,3,6,8,1610612747,LAL,Los Angeles Lakers,1610612744,GSW,Golden State Warriors
0021500525,2016-01-06,2015-16,regular_season,home,False,1610612748,MIA,Heat,Bench,158:30,17,Miami,heat,7,20,0.35,1,9,0.111,2,2,1.0,2,8,10,4,2,2,2,7,1610612748,MIA,Miami Heat,1610612752,NYK,New York Knicks
0021500525,2016-01-06,2015-16,regular_season,home,False,1610612748,MIA,Heat,Starters,158:30,73,Miami,heat,30,62,0.484,1,8,0.125,12,13,0.923,10,15,25,10,0,2,11,9,1610612748,MIA,Miami Heat,1610612752,NYK,New York Knicks
0021500525,2016-01-06,2015-16,regular_season,road,False,1610612752,NYK,Knicks,Bench,177:03,24,New York,knicks,10,21,0.476,1,3,0.333,3,3,1.0,1,13,14,7,2,1,4,5,1610612748,MIA,Miami Heat,1610612752,NYK,New York Knicks
0021500525,2016-01-06,2015-16,regular_season,road,False,1610612752,NYK,Knicks,Starters,177:03,74,New York,knicks,29,49,0.592,2,5,0.4,14,15,0.933,4,16,20,8,4,4,7,13,1610612748,MIA,Miami Heat,1610612752,NYK,New York Knicks
0021500526,2016-01-06,2015-16,regular_season,home,False,1610612753,ORL,Magic,Bench,156:49,28,Orlando,magic,9,24,0.375,1,10,0.1,9,9,1.0,7,14,21,6,1,3,8,5,1610612753,ORL,Orlando Magic,1610612754,IND,Indiana Pacers
0021500526,2016-01-06,2015-16,regular_season,home,False,1610612753,ORL,Magic,Starters,156:49,58,Orlando,magic,23,55,0.418,5,21,0.238,7,8,0.875,2,16,18,11,6,3,9,16,1610612753,ORL,Orlando Magic,1610612754,IND,Indiana Pacers
0021500526,2016-01-06,2015-16,regular_season,road,False,1610612754,IND,Pacers,Bench,153:27,26,Indiana,pacers,11,30,0.367,1,8,0.125,3,5,0.6,3,8,11,3,4,3,5,6,1610612753,ORL,Orlando Magic,1610612754,IND,Indiana Pacers
0021500526,2016-01-06,2015-16,regular_season,road,False,1610612754,IND,Pacers,Starters,153:27,69,Indiana,pacers,21,46,0.457,5,14,0.357,22,24,0.917,6,25,31,16,7,3,11,12,1610612753,ORL,Orlando Magic,1610612754,IND,Indiana Pacers
0021500527,2016-01-06,2015-16,regular_season,home,False,1610612764,WAS,Wizards,Bench,173:00,38,Washington,wizards,14,24,0.583,3,7,0.429,7,12,0.583,0,8,8,9,1,0,3,5,1610612764,WAS,Washington Wizards,1610612739,CLE,Cleveland Cavaliers
0021500527,2016-01-06,2015-16,regular_season,home,False,1610612764,WAS,Wizards,Starters,173:00,77,Washington,wizards,28,52,0.538,11,17,0.647,10,15,0.667,5,20,25,22,6,1,9,13,1610612764,WAS,Washington Wizards,1610612739,CLE,Cleveland Cavaliers
0021500527,2016-01-06,2015-16,regular_season,road,False,1610612739,CLE,Cavaliers,Bench,172:38,10,Cleveland,cavaliers,4,12,0.333,2,5,0.4,0,0,0.0,5,9,14,7,1,0,2,6,1610612764,WAS,Washington Wizards,1610612739,CLE,Cleveland Cavaliers
0021500527,2016-01-06,2015-16,regular_season,road,False,1610612739,CLE,Cavaliers,Starters,172:38,111,Cleveland,cavaliers,44,77,0.571,10,24,0.417,13,19,0.684,8,22,30,9,8,3,8,14,1610612764,WAS,Washington Wizards,1610612739,CLE,Cleveland Cavaliers
0021500528,2016-01-06,2015-16,regular_season,home,False,1610612738,BOS,Celtics,Bench,168:08,13,Boston,celtics,5,23,0.217,0,9,0.0,3,4,0.75,5,3,8,7,2,2,3,10,1610612738,BOS,Boston Celtics,1610612765,DET,Detroit Pistons
0021500528,2016-01-06,2015-16,regular_season,home,False,1610612738,BOS,Celtics,Starters,168:08,81,Boston,celtics,29,68,0.426,6,19,0.316,17,23,0.739,8,23,31,16,3,3,7,18,1610612738,BOS,Boston Celtics,1610612765,DET,Detroit Pistons
0021500528,2016-01-06,2015-16,regular_season,road,False,1610612765,DET,Pistons,Bench,150:01,29,Detroit,pistons,9,22,0.409,4,13,0.308,7,10,0.7,5,20,25,8,1,2,10,11,1610612738,BOS,Boston Celtics,1610612765,DET,Detroit Pistons
0021500528,2016-01-06,2015-16,regular_season,road,False,1610612765,DET,Pistons,Starters,150:01,70,Detroit,pistons,24,52,0.462,6,14,0.429,16,26,0.615,6,16,22,10,3,3,8,16,1610612738,BOS,Boston Celtics,1610612765,DET,Detroit Pistons
0021500529,2016-01-06,2015-16,regular_season,home,False,1610612751,BKN,Nets,Bench,167:31,13,Brooklyn,nets,5,19,0.263,1,5,0.2,2,4,0.5,1,9,10,7,2,1,8,4,1610612751,BKN,Brooklyn Nets,1610612761,TOR,Toronto Raptors
0021500529,2016-01-06,2015-16,regular_season,home,False,1610612751,BKN,Nets,Starters,167:31,61,Brooklyn,nets,26,59,0.441,4,11,0.364,5,8,0.625,5,24,29,11,6,3,10,14,1610612751,BKN,Brooklyn Nets,1610612761,TOR,Toronto Raptors
0021500529,2016-01-06,2015-16,regular_season,road,False,1610612761,TOR,Raptors,Bench,149:03,23,Toronto,raptors,9,27,0.333,3,10,0.3,2,2,1.0,4,10,14,4,4,2,5,6,1610612751,BKN,Brooklyn Nets,1610612761,TOR,Toronto Raptors
0021500529,2016-01-06,2015-16,regular_season,road,False,1610612761,TOR,Raptors,Starters,149:03,68,Toronto,raptors,26,53,0.491,1,12,0.083,15,16,0.938,8,27,35,12,8,5,12,9,1610612751,BKN,Brooklyn Nets,1610612761,TOR,Toronto Raptors
0021500530,2016-01-06,2015-16,regular_season,home,False,1610612750,MIN,Timberwolves,Bench,147:57,30,Minnesota,timberwolves,10,28,0.357,1,5,0.2,9,10,0.9,2,10,12,7,2,1,3,10,1610612750,MIN,Minnesota Timberwolves,1610612743,DEN,Denver Nuggets
0021500530,2016-01-06,2015-16,regular_season,home,False,1610612750,MIN,Timberwolves,Starters,147:57,44,Minnesota,timberwolves,18,45,0.4,2,6,0.333,6,10,0.6,6,22,28,16,3,4,6,9,1610612750,MIN,Minnesota Timberwolves,1610612743,DEN,Denver Nuggets
0021500530,2016-01-06,2015-16,regular_season,road,False,1610612743,DEN,Nuggets,Bench,123:51,37,Denver,nuggets,15,39,0.385,2,9,0.222,5,8,0.625,9,18,27,11,1,7,5,13,1610612750,MIN,Minnesota Timberwolves,1610612743,DEN,Denver Nuggets
0021500530,2016-01-06,2015-16,regular_season,road,False,1610612743,DEN,Nuggets,Starters,123:51,41,Denver,nuggets,14,42,0.333,6,11,0.545,7,9,0.778,4,15,19,10,2,0,6,6,1610612750,MIN,Minnesota Timberwolves,1610612743,DEN,Denver Nuggets
0021500531,2016-01-06,2015-16,regular_season,home,False,1610612740,NOP,Pelicans,Bench,137:22,29,New Orleans,pelicans,9,35,0.257,2,13,0.154,9,11,0.818,2,15,17,6,3,0,2,10,1610612740,NOP,New Orleans Pelicans,1610612742,DAL,Dallas Mavericks
0021500531,2016-01-06,2015-16,regular_season,home,False,1610612740,NOP,Pelicans,Starters,137:22,62,New Orleans,pelicans,25,57,0.439,5,17,0.294,7,9,0.778,13,21,34,16,4,5,8,8,1610612740,NOP,New Orleans Pelicans,1610612742,DAL,Dallas Mavericks
0021500531,2016-01-06,2015-16,regular_season,road,False,1610612742,DAL,Mavericks,Bench,137:34,36,Dallas,mavericks,13,28,0.464,2,6,0.333,8,10,0.8,4,22,26,9,6,2,3,7,1610612740,NOP,New Orleans Pelicans,1610612742,DAL,Dallas Mavericks
0021500531,2016-01-06,2015-16,regular_season,road,False,1610612742,DAL,Mavericks,Starters,137:34,64,Dallas,mavericks,24,59,0.407,5,22,0.227,11,12,0.917,7,19,26,13,1,4,7,11,1610612740,NOP,New Orleans Pelicans,1610612742,DAL,Dallas Mavericks
0021500532,2016-01-06,2015-16,regular_season,home,False,1610612759,SAS,Spurs,Bench,108:11,70,San Antonio,spurs,29,47,0.617,5,13,0.385,7,10,0.7,4,9,13,17,5,2,10,13,1610612759,SAS,San Antonio Spurs,1610612762,UTA,Utah Jazz
0021500532,2016-01-06,2015-16,regular_season,home,False,1610612759,SAS,Spurs,Starters,108:11,53,San Antonio,spurs,23,39,0.59,4,8,0.5,3,3,1.0,4,21,25,17,5,0,3,8,1610612759,SAS,San Antonio Spurs,1610612762,UTA,Utah Jazz
0021500532,2016-01-06,2015-16,regular_season,road,False,1610612762,UTA,Jazz,Bench,126:43,48,Utah,jazz,20,38,0.526,3,10,0.3,5,5,1.0,4,12,16,10,6,2,9,11,1610612759,SAS,San Antonio Spurs,1610612762,UTA,Utah Jazz
0021500532,2016-01-06,2015-16,regular_season,road,False,1610612762,UTA,Jazz,Starters,126:43,50,Utah,jazz,17,41,0.415,4,8,0.5,12,13,0.923,6,12,18,11,2,1,9,6,1610612759,SAS,San Antonio Spurs,1610612762,UTA,Utah Jazz
0021500533,2016-01-06,2015-16,regular_season,home,False,1610612756,PHX,Suns,Bench,133:02,53,Phoenix,suns,20,44,0.455,11,22,0.5,2,2,1.0,2,21,23,7,5,0,2,9,1610612756,PHX,Phoenix Suns,1610612766,CHA,Charlotte Hornets
0021500533,2016-01-06,2015-16,regular_season,home,False,1610612756,PHX,Suns,Starters,133:02,58,Phoenix,suns,21,40,0.525,8,11,0.727,8,11,0.727,0,16,16,18,6,2,10,12,1610612756,PHX,Phoenix Suns,1610612766,CHA,Charlotte Hornets
0021500533,2016-01-06,2015-16,regular_season,road,False,1610612766,CHA,Hornets,Bench,161:33,23,Charlotte,hornets,9,32,0.281,3,13,0.231,2,3,0.667,2,14,16,6,2,2,2,3,1610612756,PHX,Phoenix Suns,1610612766,CHA,Charlotte Hornets
0021500533,2016-01-06,2015-16,regular_season,road,False,1610612766,CHA,Hornets,Starters,161:33,79,Charlotte,hornets,29,55,0.527,8,15,0.533,13,19,0.684,7,21,28,14,7,3,11,12,1610612756,PHX,Phoenix Suns,1610612766,CHA,Charlotte Hornets
0021500534,2016-01-06,2015-16,regular_season,home,False,1610612760,OKC,Thunder,Bench,127:14,50,Oklahoma City,thunder,16,34,0.471,6,9,0.667,12,13,0.923,5,11,16,9,0,1,3,12,1610612760,OKC,Oklahoma City Thunder,1610612763,MEM,Memphis Grizzlies
0021500534,2016-01-06,2015-16,regular_season,home,False,1610612760,OKC,Thunder,Starters,127:14,62,Oklahoma City,thunder,22,49,0.449,2,8,0.25,16,20,0.8,8,28,36,11,3,5,12,11,1610612760,OKC,Oklahoma City Thunder,1610612763,MEM,Memphis Grizzlies
0021500534,2016-01-06,2015-16,regular_season,road,False,1610612763,MEM,Grizzlies,Bench,135:12,55,Memphis,grizzlies,21,45,0.467,4,9,0.444,9,13,0.692,6,15,21,13,4,3,3,13,1610612760,OKC,Oklahoma City Thunder,1610612763,MEM,Memphis Grizzlies
0021500534,2016-01-06,2015-16,regular_season,road,False,1610612763,MEM,Grizzlies,Starters,135:12,39,Memphis,grizzlies,14,45,0.311,3,12,0.25,8,11,0.727,3,15,18,8,5,1,5,11,1610612760,OKC,Oklahoma City Thunder,1610612763,MEM,Memphis Grizzlies
0021500535,2016-01-06,2015-16,regular_season,home,False,1610612757,POR,Trail Blazers,Bench,144:57,32,Portland,blazers,14,28,0.5,2,7,0.286,2,7,0.286,10,13,23,4,2,2,5,11,1610612757,POR,Portland Trail Blazers,1610612746,LAC,LA Clippers
0021500535,2016-01-06,2015-16,regular_season,home,False,1610612757,POR,Trail Blazers,Starters,144:57,66,Portland,blazers,24,58,0.414,7,19,0.368,11,16,0.688,7,19,26,17,3,2,8,7,1610612757,POR,Portland Trail Blazers,1610612746,LAC,LA Clippers
0021500535,2016-01-06,2015-16,regular_season,road,False,1610612746,LAC,Clippers,Bench,144:55,35,LA,clippers,13,33,0.394,4,9,0.444,5,5,1.0,4,13,17,3,2,1,4,9,1610612757,POR,Portland Trail Blazers,1610612746,LAC,LA Clippers
0021500535,2016-01-06,2015-16,regular_season,road,False,1610612746,LAC,Clippers,Starters,144:55,74,LA,clippers,29,50,0.58,7,14,0.5,9,12,0.75,6,19,25,21,5,5,6,13,1610612757,POR,Portland Trail Blazers,1610612746,LAC,LA Clippers
0021500536,2016-01-07,2015-16,regular_season,home,False,1610612755,PHI,76ers,Bench,125:49,43,Philadelphia,sixers,17,41,0.415,3,13,0.231,6,11,0.545,2,13,15,7,4,1,9,8,1610612755,PHI,Philadelphia 76ers,1610612737,ATL,Atlanta Hawks
0021500536,2016-01-07,2015-16,regular_season,home,False,1610612755,PHI,76ers,Starters,125:49,55,Philadelphia,sixers,22,45,0.489,2,5,0.4,9,14,0.643,12,16,28,14,5,3,13,9,1610612755,PHI,Philadelphia 76ers,1610612737,ATL,Atlanta Hawks
0021500536,2016-01-07,2015-16,regular_season,road,False,1610612737,ATL,Hawks,Bench,116:48,56,Atlanta,hawks,22,42,0.524,7,17,0.412,5,9,0.556,7,15,22,19,8,2,8,14,1610612755,PHI,Philadelphia 76ers,1610612737,ATL,Atlanta Hawks
0021500536,2016-01-07,2015-16,regular_season,road,False,1610612737,ATL,Hawks,Starters,116:48,70,Atlanta,hawks,27,50,0.54,6,15,0.4,10,10,1.0,7,19,26,17,10,4,8,9,1610612755,PHI,Philadelphia 76ers,1610612737,ATL,Atlanta Hawks
0021500537,2016-01-07,2015-16,regular_season,home,False,1610612741,CHI,Bulls,Bench,162:39,26,Chicago,bulls,9,26,0.346,6,10,0.6,2,2,1.0,3,8,11,2,1,2,4,7,1610612741,CHI,Chicago Bulls,1610612738,BOS,Boston Celtics
0021500537,2016-01-07,2015-16,regular_season,home,False,1610612741,CHI,Bulls,Starters,162:39,75,Chicago,bulls,30,68,0.441,3,12,0.25,12,15,0.8,9,34,43,21,3,3,12,11,1610612741,CHI,Chicago Bulls,1610612738,BOS,Boston Celtics
0021500537,2016-01-07,2015-16,regular_season,road,False,1610612738,BOS,Celtics,Bench,163:37,23,Boston,celtics,8,30,0.267,2,10,0.2,5,6,0.833,7,18,25,4,2,1,4,6,1610612741,CHI,Chicago Bulls,1610612738,BOS,Boston Celtics
0021500537,2016-01-07,2015-16,regular_season,road,False,1610612738,BOS,Celtics,Starters,163:37,69,Boston,celtics,27,68,0.397,3,15,0.2,12,16,0.75,8,18,26,13,9,2,7,13,1610612741,CHI,Chicago Bulls,1610612738,BOS,Boston Celtics
0021500538,2016-01-07,2015-16,regular_season,home,False,1610612745,HOU,Rockets,Bench,156:11,34,Houston,rockets,12,20,0.6,4,8,0.5,6,8,0.75,0,9,9,5,3,1,10,6,1610612745,HOU,Houston Rockets,1610612762,UTA,Utah Jazz
0021500538,2016-01-07,2015-16,regular_season,home,False,1610612745,HOU,Rockets,Starters,156:11,69,Houston,rockets,27,55,0.491,3,15,0.2,12,18,0.667,11,21,32,10,8,2,6,10,1610612745,HOU,Houston Rockets,1610612762,UTA,Utah Jazz
0021500538,2016-01-07,2015-16,regular_season,road,False,1610612762,UTA,Jazz,Bench,135:08,47,Utah,jazz,21,40,0.525,4,12,0.333,1,2,0.5,8,9,17,7,3,0,6,11,1610612745,HOU,Houston Rockets,1610612762,UTA,Utah Jazz
0021500538,2016-01-07,2015-16,regular_season,road,False,1610612762,UTA,Jazz,Starters,135:08,47,Utah,jazz,17,38,0.447,3,16,0.188,10,15,0.667,2,16,18,18,6,5,13,6,1610612745,HOU,Houston Rockets,1610612762,UTA,Utah Jazz
0021500539,2016-01-07,2015-16,regular_season,home,False,1610612758,SAC,Kings,Bench,153:06,28,Sacramento,kings,12,23,0.522,2,6,0.333,2,3,0.667,3,5,8,6,2,1,6,9,1610612758,SAC,Sacramento Kings,1610612747,LAL,Los Angeles Lakers
0021500539,2016-01-07,2015-16,regular_season,home,False,1610612758,SAC,Kings,Starters,153:06,90,Sacramento,kings,35,62,0.565,4,15,0.267,16,24,0.667,7,22,29,26,6,5,9,11,1610612758,SAC,Sacramento Kings,1610612747,LAL,Los Angeles Lakers
0021500539,2016-01-07,2015-16,regular_season,road,False,1610612747,LAL,Lakers,Bench,128:12,43,Los Angeles,lakers,15,24,0.625,3,8,0.375,10,11,0.909,3,17,20,9,8,2,9,11,1610612758,SAC,Sacramento Kings,1610612747,LAL,Los Angeles Lakers
0021500539,2016-01-07,2015-16,regular_season,road,False,1610612747,LAL,Lakers,Starters,128:12,72,Los Angeles,lakers,26,52,0.5,5,16,0.313,15,18,0.833,3,10,13,11,2,2,9,15,1610612758,SAC,Sacramento Kings,1610612747,LAL,Los Angeles Lakers
0021500540,2016-01-08,2015-16,regular_season,home,False,1610612764,WAS,Wizards,Bench,169:59,27,Washington,wizards,10,30,0.333,3,12,0.25,4,5,0.8,4,9,13,1,3,2,6,8,1610612764,WAS,Washington Wizards,1610612761,TOR,Toronto Raptors
0021500540,2016-01-08,2015-16,regular_season,home,False,1610612764,WAS,Wizards,Starters,169:59,61,Washington,wizards,23,54,0.426,5,13,0.385,10,10,1.0,3,19,22,17,6,7,13,14,1610612764,WAS,Washington Wizards,1610612761,TOR,Toronto Raptors
0021500540,2016-01-08,2015-16,regular_season,road,False,1610612761,TOR,Raptors,Bench,152:03,15,Toronto,raptors,6,13,0.462,1,3,0.333,2,2,1.0,0,12,12,3,1,6,6,9,1610612764,WAS,Washington Wizards,1610612761,TOR,Toronto Raptors
0021500540,2016-01-08,2015-16,regular_season,road,False,1610612761,TOR,Raptors,Starters,152:03,82,Toronto,raptors,28,62,0.452,4,11,0.364,22,24,0.917,6,29,35,8,6,7,16,9,1610612764,WAS,Washington Wizards,1610612761,TOR,Toronto Raptors
0021500541,2016-01-08,2015-16,regular_season,home,False,1610612751,BKN,Nets,Bench,163:04,22,Brooklyn,nets,8,25,0.32,3,8,0.375,3,6,0.5,5,11,16,8,0,1,1,3,1610612751,BKN,Brooklyn Nets,1610612753,ORL,Orlando Magic
0021500541,2016-01-08,2015-16,regular_season,home,False,1610612751,BKN,Nets,Starters,163:04,55,Brooklyn,nets,21,48,0.438,4,14,0.286,9,14,0.643,5,20,25,9,4,1,14,11,1610612751,BKN,Brooklyn Nets,1610612753,ORL,Orlando Magic
0021500541,2016-01-08,2015-16,regular_season,road,False,1610612753,ORL,Magic,Bench,168:37,19,Orlando,magic,8,22,0.364,3,7,0.429,0,0,0.0,3,12,15,6,0,0,4,13,1610612751,BKN,Brooklyn Nets,1610612753,ORL,Orlando Magic
0021500541,2016-01-08,2015-16,regular_season,road,False,1610612753,ORL,Magic,Starters,168:37,64,Orlando,magic,25,61,0.41,10,21,0.476,4,6,0.667,10,24,34,19,7,4,10,9,1610612751,BKN,Brooklyn Nets,1610612753,ORL,Orlando Magic
0021500542,2016-01-08,2015-16,regular_season,home,False,1610612763,MEM,Grizzlies,Bench,183:30,26,Memphis,grizzlies,10,27,0.37,0,2,0.0,6,8,0.75,4,4,8,1,1,3,1,3,1610612763,MEM,Memphis Grizzlies,1610612743,DEN,Denver Nuggets
0021500542,2016-01-08,2015-16,regular_season,home,False,1610612763,MEM,Grizzlies,Starters,183:30,65,Memphis,grizzlies,20,55,0.364,8,16,0.5,17,22,0.773,7,28,35,13,9,3,6,16,1610612763,MEM,Memphis Grizzlies,1610612743,DEN,Denver Nuggets
0021500542,2016-01-08,2015-16,regular_season,road,False,1610612743,DEN,Nuggets,Bench,140:26,23,Denver,nuggets,10,41,0.244,0,5,0.0,3,6,0.5,9,20,29,3,0,1,5,16,1610612763,MEM,Memphis Grizzlies,1610612743,DEN,Denver Nuggets
0021500542,2016-01-08,2015-16,regular_season,road,False,1610612743,DEN,Nuggets,Starters,140:26,61,Denver,nuggets,22,46,0.478,4,14,0.286,13,13,1.0,10,20,30,16,2,3,12,8,1610612763,MEM,Memphis Grizzlies,1610612743,DEN,Denver Nuggets
0021500543,2016-01-08,2015-16,regular_season,home,False,1610612750,MIN,Timberwolves,Bench,129:51,32,Minnesota,timberwolves,10,33,0.303,2,6,0.333,10,12,0.833,3,17,20,11,2,1,7,12,1610612750,MIN,Minnesota Timberwolves,1610612739,CLE,Cleveland Cavaliers
0021500543,2016-01-08,2015-16,regular_season,home,False,1610612750,MIN,Timberwolves,Starters,129:51,67,Minnesota,timberwolves,26,46,0.565,5,10,0.5,10,14,0.714,4,9,13,13,6,1,5,9,1610612750,MIN,Minnesota Timberwolves,1610612739,CLE,Cleveland Cavaliers
0021500543,2016-01-08,2015-16,regular_season,road,False,1610612739,CLE,Cavaliers,Bench,138:22,46,Cleveland,cavaliers,17,31,0.548,5,10,0.5,7,8,0.875,3,10,13,8,5,2,3,9,1610612750,MIN,Minnesota Timberwolves,1610612739,CLE,Cleveland Cavaliers
0021500543,2016-01-08,2015-16,regular_season,road,False,1610612739,CLE,Cavaliers,Starters,138:22,79,Cleveland,cavaliers,26,50,0.52,8,17,0.471,19,21,0.905,7,23,30,15,3,3,8,10,1610612750,MIN,Minnesota Timberwolves,1610612739,CLE,Cleveland Cavaliers
0021500544,2016-01-08,2015-16,regular_season,home,False,1610612740,NOP,Pelicans,Bench,119:28,44,New Orleans,pelicans,15,45,0.333,5,15,0.333,9,12,0.75,6,13,19,10,14,5,7,10,1610612740,NOP,New Orleans Pelicans,1610612754,IND,Indiana Pacers
0021500544,2016-01-08,2015-16,regular_season,home,False,1610612740,NOP,Pelicans,Starters,119:28,42,New Orleans,pelicans,16,38,0.421,4,14,0.286,6,8,0.75,2,16,18,11,7,0,8,8,1610612740,NOP,New Orleans Pelicans,1610612754,IND,Indiana Pacers
0021500544,2016-01-08,2015-16,regular_season,road,False,1610612754,IND,Pacers,Bench,144:59,37,Indiana,pacers,16,33,0.485,3,11,0.273,2,4,0.5,7,19,26,6,1,2,9,4,1610612740,NOP,New Orleans Pelicans,1610612754,IND,Indiana Pacers
0021500544,2016-01-08,2015-16,regular_season,road,False,1610612754,IND,Pacers,Starters,144:59,54,Indiana,pacers,20,48,0.417,2,10,0.2,12,15,0.8,7,21,28,15,6,5,15,13,1610612740,NOP,New Orleans Pelicans,1610612754,IND,Indiana Pacers
0021500545,2016-01-08,2015-16,regular_season,home,False,1610612749,MIL,Bucks,Bench,171:04,30,Milwaukee,bucks,13,23,0.565,4,7,0.571,0,1,0.0,3,6,9,7,2,2,4,3,1610612749,MIL,Milwaukee Bucks,1610612742,DAL,Dallas Mavericks
0021500545,2016-01-08,2015-16,regular_season,home,False,1610612749,MIL,Bucks,Starters,171:04,66,Milwaukee,bucks,24,57,0.421,0,2,0.0,18,28,0.643,12,22,34,17,9,2,11,17,1610612749,MIL,Milwaukee Bucks,1610612742,DAL,Dallas Mavericks
0021500545,2016-01-08,2015-16,regular_season,road,False,1610612742,DAL,Mavericks,Bench,152:02,46,Dallas,mavericks,18,36,0.5,7,18,0.389,3,4,0.75,5,6,11,12,2,1,7,7,1610612749,MIL,Milwaukee Bucks,1610612742,DAL,Dallas Mavericks
0021500545,2016-01-08,2015-16,regular_season,road,False,1610612742,DAL,Mavericks,Starters,152:02,49,Dallas,mavericks,17,48,0.354,7,26,0.269,8,12,0.667,11,20,31,15,4,4,9,14,1610612749,MIL,Milwaukee Bucks,1610612742,DAL,Dallas Mavericks
0021500546,2016-01-08,2015-16,regular_season,home,False,1610612759,SAS,Spurs,Bench,158:50,34,San Antonio,spurs,12,27,0.444,2,6,0.333,8,9,0.889,3,11,14,9,0,4,0,7,1610612759,SAS,San Antonio Spurs,1610612752,NYK,New York Knicks
0021500546,2016-01-08,2015-16,regular_season,home,False,1610612759,SAS,Spurs,Starters,158:50,66,San Antonio,spurs,29,66,0.439,2,7,0.286,6,8,0.75,9,26,35,14,5,5,8,9,1610612759,SAS,San Antonio Spurs,1610612752,NYK,New York Knicks
0021500546,2016-01-08,2015-16,regular_season,road,False,1610612752,NYK,Knicks,Bench,179:18,27,New York,knicks,11,25,0.44,2,7,0.286,3,3,1.0,2,9,11,4,0,1,2,6,1610612759,SAS,San Antonio Spurs,1610612752,NYK,New York Knicks
0021500546,2016-01-08,2015-16,regular_season,road,False,1610612752,NYK,Knicks,Starters,179:18,72,New York,knicks,27,66,0.409,7,14,0.5,11,14,0.786,8,25,33,15,1,3,6,8,1610612759,SAS,San Antonio Spurs,1610612752,NYK,New York Knicks
0021500547,2016-01-08,2015-16,regular_season,home,False,1610612756,PHX,Suns,Bench,167:07,31,Phoenix,suns,13,28,0.464,3,7,0.429,2,4,0.5,4,6,10,5,1,1,2,11,1610612756,PHX,Phoenix Suns,1610612748,MIA,Miami Heat
0021500547,2016-01-08,2015-16,regular_season,home,False,1610612756,PHX,Suns,Starters,167:07,64,Phoenix,suns,27,64,0.422,3,17,0.176,7,9,0.778,11,25,36,10,4,3,12,11,1610612756,PHX,Phoenix Suns,1610612748,MIA,Miami Heat
0021500547,2016-01-08,2015-16,regular_season,road,False,1610612748,MIA,Heat,Bench,152:23,25,Miami,heat,9,19,0.474,2,8,0.25,5,7,0.714,2,17,19,7,2,4,2,3,1610612756,PHX,Phoenix Suns,1610612748,MIA,Miami Heat
0021500547,2016-01-08,2015-16,regular_season,road,False,1610612748,MIA,Heat,Starters,152:23,78,Miami,heat,27,54,0.5,5,10,0.5,19,23,0.826,4,18,22,16,7,2,8,10,1610612756,PHX,Phoenix Suns,1610612748,MIA,Miami Heat
0021500548,2016-01-08,2015-16,regular_season,home,False,1610612757,POR,Trail Blazers,Bench,129:30,36,Portland,blazers,14,30,0.467,2,8,0.25,6,10,0.6,5,16,21,7,9,2,4,11,1610612757,POR,Portland Trail Blazers,1610612744,GSW,Golden State Warriors
0021500548,2016-01-08,2015-16,regular_season,home,False,1610612757,POR,Trail Blazers,Starters,129:30,72,Portland,blazers,24,66,0.364,10,25,0.4,14,18,0.778,7,17,24,14,3,2,5,6,1610612757,POR,Portland Trail Blazers,1610612744,GSW,Golden State Warriors
0021500548,2016-01-08,2015-16,regular_season,road,False,1610612744,GSW,Warriors,Bench,141:11,30,Golden State,warriors,11,30,0.367,3,5,0.6,5,5,1.0,4,13,17,11,4,2,9,10,1610612757,POR,Portland Trail Blazers,1610612744,GSW,Golden State Warriors
0021500548,2016-01-08,2015-16,regular_season,road,False,1610612744,GSW,Warriors,Starters,141:11,98,Golden State,warriors,35,57,0.614,15,27,0.556,13,16,0.813,1,30,31,25,2,3,6,10,1610612757,POR,Portland Trail Blazers,1610612744,GSW,Golden State Warriors
0021500549,2016-01-08,2015-16,regular_season,home,False,1610612747,LAL,Lakers,Bench,143:37,17,Los Angeles,lakers,7,18,0.389,1,4,0.25,2,2,1.0,6,11,17,10,1,2,4,10,1610612747,LAL,Los Angeles Lakers,1610612760,OKC,Oklahoma City Thunder
0021500549,2016-01-08,2015-16,regular_season,home,False,1610612747,LAL,Lakers,Starters,143:37,96,Los Angeles,lakers,33,66,0.5,8,22,0.364,22,23,0.957,4,13,17,9,8,3,7,12,1610612747,LAL,Los Angeles Lakers,1610612760,OKC,Oklahoma City Thunder
0021500549,2016-01-08,2015-16,regular_season,road,False,1610612760,OKC,Thunder,Bench,142:34,33,Oklahoma City,thunder,14,34,0.412,2,8,0.25,3,3,1.0,7,8,15,6,3,2,4,5,1610612747,LAL,Los Angeles Lakers,1610612760,OKC,Oklahoma City Thunder
0021500549,2016-01-08,2015-16,regular_season,road,False,1610612760,OKC,Thunder,Starters,142:34,84,Oklahoma City,thunder,31,55,0.564,3,9,0.333,19,23,0.826,9,21,30,11,5,1,9,10,1610612747,LAL,Los Angeles Lakers,1610612760,OKC,Oklahoma City Thunder
0021500550,2016-01-09,2015-16,regular_season,home,False,1610612746,LAC,Clippers,Bench,132:36,36,LA,clippers,16,40,0.4,2,13,0.154,2,2,1.0,4,9,13,8,2,1,3,10,1610612746,LAC,LA Clippers,1610612766,CHA,Charlotte Hornets
0021500550,2016-01-09,2015-16,regular_season,home,False,1610612746,LAC,Clippers,Starters,132:36,61,LA,clippers,24,51,0.471,6,18,0.333,7,8,0.875,9,25,34,11,4,8,6,9,1610612746,LAC,LA Clippers,1610612766,CHA,Charlotte Hornets
0021500550,2016-01-09,2015-16,regular_season,road,False,1610612766,CHA,Hornets,Bench,163:05,31,Charlotte,hornets,12,29,0.414,3,7,0.429,4,4,1.0,5,17,22,6,2,1,7,2,1610612746,LAC,LA Clippers,1610612766,CHA,Charlotte Hornets
0021500550,2016-01-09,2015-16,regular_season,road,False,1610612766,CHA,Hornets,Starters,163:05,52,Charlotte,hornets,19,55,0.345,4,16,0.25,10,15,0.667,6,19,25,8,2,2,8,14,1610612746,LAC,LA Clippers,1610612766,CHA,Charlotte Hornets
0021500551,2016-01-09,2015-16,regular_season,home,False,1610612737,ATL,Hawks,Bench,152:06,35,Atlanta,hawks,13,31,0.419,4,10,0.4,5,7,0.714,2,12,14,14,9,2,6,10,1610612737,ATL,Atlanta Hawks,1610612741,CHI,Chicago Bulls
0021500551,2016-01-09,2015-16,regular_season,home,False,1610612737,ATL,Hawks,Starters,152:06,85,Atlanta,hawks,36,63,0.571,6,14,0.429,7,8,0.875,6,20,26,19,6,11,9,12,1610612737,ATL,Atlanta Hawks,1610612741,CHI,Chicago Bulls
0021500551,2016-01-09,2015-16,regular_season,road,False,1610612741,CHI,Bulls,Bench,171:45,17,Chicago,bulls,7,19,0.368,1,6,0.167,2,2,1.0,2,12,14,3,3,1,5,3,1610612737,ATL,Atlanta Hawks,1610612741,CHI,Chicago Bulls
0021500551,2016-01-09,2015-16,regular_season,road,False,1610612741,CHI,Bulls,Starters,171:45,88,Chicago,bulls,29,64,0.453,6,12,0.5,24,29,0.828,10,22,32,13,4,5,16,10,1610612737,ATL,Atlanta Hawks,1610612741,CHI,Chicago Bulls
0021500552,2016-01-09,2015-16,regular_season,home,False,1610612753,ORL,Magic,Bench,164:00,25,Orlando,magic,9,20,0.45,1,5,0.2,6,8,0.75,5,11,16,7,5,1,3,4,1610612753,ORL,Orlando Magic,1610612764,WAS,Washington Wizards
0021500552,2016-01-09,2015-16,regular_season,home,False,1610612753,ORL,Magic,Starters,164:00,74,Orlando,magic,29,54,0.537,4,9,0.444,12,16,0.75,6,15,21,15,4,1,12,8,1610612753,ORL,Orlando Magic,1610612764,WAS,Washington Wizards
0021500552,2016-01-09,2015-16,regular_season,road,False,1610612764,WAS,Wizards,Bench,174:44,26,Washington,wizards,10,22,0.455,3,5,0.6,3,3,1.0,0,3,3,8,1,2,4,7,1610612753,ORL,Orlando Magic,1610612764,WAS,Washington Wizards
0021500552,2016-01-09,2015-16,regular_season,road,False,1610612764,WAS,Wizards,Starters,174:44,79,Washington,wizards,32,54,0.593,10,18,0.556,5,7,0.714,4,20,24,21,9,1,11,17,1610612753,ORL,Orlando Magic,1610612764,WAS,Washington Wizards
0021500553,2016-01-09,2015-16,regular_season,home,False,1610612765,DET,Pistons,Bench,170:45,25,Detroit,pistons,8,21,0.381,3,9,0.333,6,7,0.857,2,11,13,9,1,1,1,4,1610612765,DET,Detroit Pistons,1610612751,BKN,Brooklyn Nets
0021500553,2016-01-09,2015-16,regular_season,home,False,1610612765,DET,Pistons,Starters,170:45,78,Detroit,pistons,35,71,0.493,5,18,0.278,3,7,0.429,9,25,34,14,9,4,8,8,1610612765,DET,Detroit Pistons,1610612751,BKN,Brooklyn Nets
0021500553,2016-01-09,2015-16,regular_season,road,False,1610612751,BKN,Nets,Bench,130:54,34,Brooklyn,nets,14,35,0.4,3,6,0.5,3,5,0.6,1,13,14,14,3,0,6,9,1610612765,DET,Detroit Pistons,1610612751,BKN,Brooklyn Nets
0021500553,2016-01-09,2015-16,regular_season,road,False,1610612751,BKN,Nets,Starters,130:54,55,Brooklyn,nets,24,47,0.511,2,3,0.667,5,5,1.0,4,20,24,10,2,3,8,8,1610612765,DET,Detroit Pistons,1610612751,BKN,Brooklyn Nets
0021500554,2016-01-09,2015-16,regular_season,home,False,1610612755,PHI,76ers,Bench,145:55,38,Philadelphia,sixers,15,32,0.469,8,11,0.727,0,2,0.0,1,6,7,11,2,0,3,11,1610612755,PHI,Philadelphia 76ers,1610612761,TOR,Toronto Raptors
0021500554,2016-01-09,2015-16,regular_season,home,False,1610612755,PHI,76ers,Starters,145:55,57,Philadelphia,sixers,24,48,0.5,3,6,0.5,6,12,0.5,8,20,28,15,7,5,10,12,1610612755,PHI,Philadelphia 76ers,1610612761,TOR,Toronto Raptors
0021500554,2016-01-09,2015-16,regular_season,road,False,1610612761,TOR,Raptors,Bench,134:56,40,Toronto,raptors,12,21,0.571,4,9,0.444,12,14,0.857,1,12,13,7,2,4,4,5,1610612755,PHI,Philadelphia 76ers,1610612761,TOR,Toronto Raptors
0021500554,2016-01-09,2015-16,regular_season,road,False,1610612761,TOR,Raptors,Starters,134:56,68,Toronto,raptors,29,54,0.537,1,8,0.125,9,13,0.692,5,19,24,12,5,3,9,11,1610612755,PHI,Philadelphia 76ers,1610612761,TOR,Toronto Raptors
0021500555,2016-01-09,2015-16,regular_season,home,False,1610612762,UTA,Jazz,Bench,162:22,25,Utah,jazz,10,22,0.455,3,6,0.5,2,2,1.0,1,11,12,6,1,1,2,4,1610612762,UTA,Utah Jazz,1610612748,MIA,Miami Heat
0021500555,2016-01-09,2015-16,regular_season,home,False,1610612762,UTA,Jazz,Starters,162:22,73,Utah,jazz,29,49,0.592,6,14,0.429,9,16,0.563,4,21,25,13,9,6,14,12,1610612762,UTA,Utah Jazz,1610612748,MIA,Miami Heat
0021500555,2016-01-09,2015-16,regular_season,road,False,1610612748,MIA,Heat,Bench,159:09,20,Miami,heat,8,24,0.333,2,9,0.222,2,2,1.0,3,9,12,5,3,2,6,6,1610612762,UTA,Utah Jazz,1610612748,MIA,Miami Heat
0021500555,2016-01-09,2015-16,regular_season,road,False,1610612748,MIA,Heat,Starters,159:09,63,Miami,heat,26,58,0.448,4,10,0.4,7,15,0.467,12,15,27,9,4,6,11,10,1610612762,UTA,Utah Jazz,1610612748,MIA,Miami Heat
0021500556,2016-01-09,2015-16,regular_season,home,False,1610612758,SAC,Kings,Bench,147:40,41,Sacramento,kings,15,33,0.455,4,9,0.444,7,9,0.778,2,5,7,9,2,2,2,7,1610612758,SAC,Sacramento Kings,1610612744,GSW,Golden State Warriors
0021500556,2016-01-09,2015-16,regular_season,home,False,1610612758,SAC,Kings,Starters,147:40,75,Sacramento,kings,28,59,0.475,4,14,0.286,15,20,0.75,5,22,27,18,6,1,8,15,1610612758,SAC,Sacramento Kings,1610612744,GSW,Golden State Warriors
0021500556,2016-01-09,2015-16,regular_season,road,False,1610612744,GSW,Warriors,Bench,148:23,37,Golden State,warriors,17,26,0.654,2,5,0.4,1,2,0.5,2,14,16,10,1,3,7,12,1610612758,SAC,Sacramento Kings,1610612744,GSW,Golden State Warriors
0021500556,2016-01-09,2015-16,regular_season,road,False,1610612744,GSW,Warriors,Starters,148:23,91,Golden State,warriors,32,61,0.525,17,32,0.531,10,13,0.769,7,25,32,25,4,5,11,13,1610612758,SAC,Sacramento Kings,1610612744,GSW,Golden State Warriors
0021500557,2016-01-10,2015-16,regular_season,home,False,1610612750,MIN,Timberwolves,Bench,122:24,38,Minnesota,timberwolves,13,33,0.394,3,10,0.3,9,12,0.75,5,14,19,6,2,0,9,16,1610612750,MIN,Minnesota Timberwolves,1610612742,DAL,Dallas Mavericks
0021500557,2016-01-10,2015-16,regular_season,home,False,1610612750,MIN,Timberwolves,Starters,122:24,49,Minnesota,timberwolves,20,46,0.435,1,6,0.167,8,10,0.8,6,13,19,17,6,2,7,9,1610612750,MIN,Minnesota Timberwolves,1610612742,DAL,Dallas Mavericks
0021500557,2016-01-10,2015-16,regular_season,road,False,1610612742,DAL,Mavericks,Bench,155:39,28,Dallas,mavericks,11,21,0.524,0,5,0.0,6,10,0.6,2,6,8,10,3,2,5,6,1610612750,MIN,Minnesota Timberwolves,1610612742,DAL,Dallas Mavericks
0021500557,2016-01-10,2015-16,regular_season,road,False,1610612742,DAL,Mavericks,Starters,155:39,65,Dallas,mavericks,25,56,0.446,6,15,0.4,9,11,0.818,9,22,31,10,4,1,8,13,1610612750,MIN,Minnesota Timberwolves,1610612742,DAL,Dallas Mavericks
0021500558,2016-01-10,2015-16,regular_season,home,False,1610612746,LAC,Clippers,Bench,152:58,49,LA,clippers,19,43,0.442,7,22,0.318,4,6,0.667,4,12,16,9,5,0,9,14,1610612746,LAC,LA Clippers,1610612740,NOP,New Orleans Pelicans
0021500558,2016-01-10,2015-16,regular_season,home,False,1610612746,LAC,Clippers,Starters,152:58,65,LA,clippers,23,46,0.5,5,14,0.357,14,28,0.5,4,27,31,17,3,3,5,10,1610612746,LAC,LA Clippers,1610612740,NOP,New Orleans Pelicans
0021500558,2016-01-10,2015-16,regular_season,road,False,1610612740,NOP,Pelicans,Bench,183:02,46,New Orleans,pelicans,18,43,0.419,1,8,0.125,9,11,0.818,5,15,20,6,4,0,4,7,1610612746,LAC,LA Clippers,1610612740,NOP,New Orleans Pelicans
0021500558,2016-01-10,2015-16,regular_season,road,False,1610612740,NOP,Pelicans,Starters,183:02,65,New Orleans,pelicans,22,57,0.386,7,22,0.318,14,18,0.778,10,26,36,14,4,2,10,17,1610612746,LAC,LA Clippers,1610612740,NOP,New Orleans Pelicans
0021500559,2016-01-10,2015-16,regular_season,home,False,1610612755,PHI,76ers,Bench,157:40,22,Philadelphia,sixers,9,21,0.429,3,10,0.3,1,2,0.5,0,13,13,5,3,2,9,11,1610612755,PHI,Philadelphia 76ers,1610612739,CLE,Cleveland Cavaliers
0021500559,2016-01-10,2015-16,regular_season,home,False,1610612755,PHI,76ers,Starters,157:40,63,Philadelphia,sixers,26,56,0.464,3,8,0.375,8,17,0.471,7,28,35,17,3,5,10,7,1610612755,PHI,Philadelphia 76ers,1610612739,CLE,Cleveland Cavaliers
0021500559,2016-01-10,2015-16,regular_season,road,False,1610612739,CLE,Cavaliers,Bench,176:11,11,Cleveland,cavaliers,5,19,0.263,0,5,0.0,1,1,1.0,2,9,11,2,2,1,3,5,1610612755,PHI,Philadelphia 76ers,1610612739,CLE,Cleveland Cavaliers
0021500559,2016-01-10,2015-16,regular_season,road,False,1610612739,CLE,Cavaliers,Starters,176:11,84,Cleveland,cavaliers,30,71,0.423,9,27,0.333,15,22,0.682,11,29,40,18,7,1,7,11,1610612755,PHI,Philadelphia 76ers,1610612739,CLE,Cleveland Cavaliers
0021500560,2016-01-10,2015-16,regular_season,home,False,1610612763,MEM,Grizzlies,Bench,162:08,41,Memphis,grizzlies,12,27,0.444,2,7,0.286,15,16,0.938,9,10,19,2,2,6,5,6,1610612763,MEM,Memphis Grizzlies,1610612738,BOS,Boston Celtics
0021500560,2016-01-10,2015-16,regular_season,home,False,1610612763,MEM,Grizzlies,Starters,162:08,60,Memphis,grizzlies,19,57,0.333,2,9,0.222,20,24,0.833,12,27,39,10,6,3,16,17,1610612763,MEM,Memphis Grizzlies,1610612738,BOS,Boston Celtics
0021500560,2016-01-10,2015-16,regular_season,road,False,1610612738,BOS,Celtics,Bench,153:55,19,Boston,celtics,9,32,0.281,0,3,0.0,1,2,0.5,7,10,17,7,8,0,5,11,1610612763,MEM,Memphis Grizzlies,1610612738,BOS,Boston Celtics
0021500560,2016-01-10,2015-16,regular_season,road,False,1610612738,BOS,Celtics,Starters,153:55,79,Boston,celtics,28,56,0.5,7,19,0.368,16,21,0.762,4,18,22,15,9,4,11,17,1610612763,MEM,Memphis Grizzlies,1610612738,BOS,Boston Celtics
0021500561,2016-01-10,2015-16,regular_season,home,False,1610612745,HOU,Rockets,Bench,185:29,23,Houston,rockets,9,27,0.333,3,11,0.273,2,3,0.667,2,5,7,4,3,1,3,4,1610612745,HOU,Houston Rockets,1610612754,IND,Indiana Pacers
0021500561,2016-01-10,2015-16,regular_season,home,False,1610612745,HOU,Rockets,Starters,185:29,84,Houston,rockets,30,62,0.484,11,27,0.407,13,20,0.65,8,34,42,20,8,2,19,17,1610612745,HOU,Houston Rockets,1610612754,IND,Indiana Pacers
0021500561,2016-01-10,2015-16,regular_season,road,False,1610612754,IND,Pacers,Bench,164:36,40,Indiana,pacers,17,38,0.447,2,12,0.167,4,6,0.667,3,14,17,9,3,2,6,9,1610612745,HOU,Houston Rockets,1610612754,IND,Indiana Pacers
0021500561,2016-01-10,2015-16,regular_season,road,False,1610612754,IND,Pacers,Starters,164:36,63,Indiana,pacers,26,52,0.5,7,19,0.368,4,4,1.0,2,20,22,24,9,3,12,12,1610612745,HOU,Houston Rockets,1610612754,IND,Indiana Pacers
0021500562,2016-01-10,2015-16,regular_season,home,False,1610612752,NYK,Knicks,Bench,154:11,28,New York,knicks,12,28,0.429,2,6,0.333,2,2,1.0,2,11,13,3,0,0,3,5,1610612752,NYK,New York Knicks,1610612749,MIL,Milwaukee Bucks
0021500562,2016-01-10,2015-16,regular_season,home,False,1610612752,NYK,Knicks,Starters,154:11,72,New York,knicks,27,56,0.482,5,18,0.278,13,16,0.813,10,20,30,22,5,7,8,16,1610612752,NYK,New York Knicks,1610612749,MIL,Milwaukee Bucks
0021500562,2016-01-10,2015-16,regular_season,road,False,1610612749,MIL,Bucks,Bench,161:36,14,Milwaukee,bucks,4,19,0.211,2,5,0.4,4,5,0.8,4,6,10,4,2,2,1,2,1610612752,NYK,New York Knicks,1610612749,MIL,Milwaukee Bucks
0021500562,2016-01-10,2015-16,regular_season,road,False,1610612749,MIL,Bucks,Starters,161:36,74,Milwaukee,bucks,28,61,0.459,1,8,0.125,17,25,0.68,10,22,32,15,5,2,10,14,1610612752,NYK,New York Knicks,1610612749,MIL,Milwaukee Bucks
0021500563,2016-01-10,2015-16,regular_season,home,False,1610612743,DEN,Nuggets,Bench,159:20,32,Denver,nuggets,11,27,0.407,5,9,0.556,5,6,0.833,7,13,20,6,1,4,3,13,1610612743,DEN,Denver Nuggets,1610612766,CHA,Charlotte Hornets
0021500563,2016-01-10,2015-16,regular_season,home,False,1610612743,DEN,Nuggets,Starters,159:20,63,Denver,nuggets,21,50,0.42,7,18,0.389,14,17,0.824,1,23,24,19,6,3,10,7,1610612743,DEN,Denver Nuggets,1610612766,CHA,Charlotte Hornets
0021500563,2016-01-10,2015-16,regular_season,road,False,1610612766,CHA,Hornets,Bench,144:06,39,Charlotte,hornets,12,41,0.293,5,17,0.294,10,13,0.769,3,15,18,8,6,3,7,7,1610612743,DEN,Denver Nuggets,1610612766,CHA,Charlotte Hornets
0021500563,2016-01-10,2015-16,regular_season,road,False,1610612766,CHA,Hornets,Starters,144:06,53,Charlotte,hornets,18,42,0.429,7,19,0.368,10,11,0.909,6,16,22,16,0,1,5,11,1610612743,DEN,Denver Nuggets,1610612766,CHA,Charlotte Hornets
0021500564,2016-01-10,2015-16,regular_season,home,False,1610612757,POR,Trail Blazers,Bench,154:41,35,Portland,blazers,14,29,0.483,5,13,0.385,2,2,1.0,9,11,20,5,0,1,4,11,1610612757,POR,Portland Trail Blazers,1610612760,OKC,Oklahoma City Thunder
0021500564,2016-01-10,2015-16,regular_season,home,False,1610612757,POR,Trail Blazers,Starters,154:41,80,Portland,blazers,28,71,0.394,14,31,0.452,10,12,0.833,11,21,32,22,7,3,12,17,1610612757,POR,Portland Trail Blazers,1610612760,OKC,Oklahoma City Thunder
0021500564,2016-01-10,2015-16,regular_season,road,False,1610612760,OKC,Thunder,Bench,179:19,16,Oklahoma City,thunder,5,15,0.333,1,4,0.25,5,9,0.556,2,4,6,4,2,0,5,3,1610612757,POR,Portland Trail Blazers,1610612760,OKC,Oklahoma City Thunder
0021500564,2016-01-10,2015-16,regular_season,road,False,1610612760,OKC,Thunder,Starters,179:19,94,Oklahoma City,thunder,32,61,0.525,9,17,0.529,21,27,0.778,6,30,36,19,6,6,14,13,1610612757,POR,Portland Trail Blazers,1610612760,OKC,Oklahoma City Thunder
0021500565,2016-01-10,2015-16,regular_season,home,False,1610612747,LAL,Lakers,Bench,159:28,22,Los Angeles,lakers,10,29,0.345,1,6,0.167,1,1,1.0,2,6,8,6,1,1,2,10,1610612747,LAL,Los Angeles Lakers,1610612762,UTA,Utah Jazz
0021500565,2016-01-10,2015-16,regular_season,home,False,1610612747,LAL,Lakers,Starters,159:28,52,Los Angeles,lakers,19,60,0.317,2,15,0.133,12,14,0.857,14,19,33,9,8,3,9,12,1610612747,LAL,Los Angeles Lakers,1610612762,UTA,Utah Jazz
0021500565,2016-01-10,2015-16,regular_season,road,False,1610612762,UTA,Jazz,Bench,147:10,30,Utah,jazz,9,26,0.346,2,10,0.2,10,10,1.0,5,17,22,5,4,2,4,8,1610612747,LAL,Los Angeles Lakers,1610612762,UTA,Utah Jazz
0021500565,2016-01-10,2015-16,regular_season,road,False,1610612762,UTA,Jazz,Starters,147:10,56,Utah,jazz,22,43,0.512,3,6,0.5,9,15,0.6,1,22,23,11,4,6,10,10,1610612747,LAL,Los Angeles Lakers,1610612762,UTA,Utah Jazz
0021500566,2016-01-11,2015-16,regular_season,home,False,1610612751,BKN,Nets,Bench,141:27,26,Brooklyn,nets,11,27,0.407,0,5,0.0,4,5,0.8,4,6,10,7,3,0,6,10,1610612751,BKN,Brooklyn Nets,1610612759,SAS,San Antonio Spurs
0021500566,2016-01-11,2015-16,regular_season,home,False,1610612751,BKN,Nets,Starters,141:27,53,Brooklyn,nets,22,46,0.478,2,7,0.286,7,8,0.875,1,19,20,8,2,3,9,8,1610612751,BKN,Brooklyn Nets,1610612759,SAS,San Antonio Spurs
0021500566,2016-01-11,2015-16,regular_season,road,False,1610612759,SAS,Spurs,Bench,123:37,50,San Antonio,spurs,20,33,0.606,2,5,0.4,8,13,0.615,3,12,15,16,4,2,7,9,1610612751,BKN,Brooklyn Nets,1610612759,SAS,San Antonio Spurs
0021500566,2016-01-11,2015-16,regular_season,road,False,1610612759,SAS,Spurs,Starters,123:37,56,San Antonio,spurs,24,49,0.49,2,8,0.25,6,6,1.0,7,18,25,11,4,2,5,6,1610612751,BKN,Brooklyn Nets,1610612759,SAS,San Antonio Spurs
0021500567,2016-01-11,2015-16,regular_season,home,False,1610612741,CHI,Bulls,Bench,145:01,32,Chicago,bulls,9,30,0.3,5,13,0.385,9,9,1.0,5,12,17,7,1,2,6,11,1610612741,CHI,Chicago Bulls,1610612764,WAS,Washington Wizards
0021500567,2016-01-11,2015-16,regular_season,home,False,1610612741,CHI,Bulls,Starters,145:01,68,Chicago,bulls,25,51,0.49,4,9,0.444,14,18,0.778,5,22,27,11,4,4,10,5,1610612741,CHI,Chicago Bulls,1610612764,WAS,Washington Wizards
0021500567,2016-01-11,2015-16,regular_season,road,False,1610612764,WAS,Wizards,Bench,146:00,47,Washington,wizards,19,41,0.463,1,8,0.125,8,9,0.889,10,15,25,11,3,3,3,9,1610612741,CHI,Chicago Bulls,1610612764,WAS,Washington Wizards
0021500567,2016-01-11,2015-16,regular_season,road,False,1610612764,WAS,Wizards,Starters,146:00,67,Washington,wizards,29,58,0.5,8,16,0.5,1,1,1.0,3,15,18,20,7,4,6,14,1610612741,CHI,Chicago Bulls,1610612764,WAS,Washington Wizards
0021500568,2016-01-11,2015-16,regular_season,home,False,1610612744,GSW,Warriors,Bench,145:07,32,Golden State,warriors,12,24,0.5,1,5,0.2,7,8,0.875,4,14,18,10,1,0,2,9,1610612744,GSW,Golden State Warriors,1610612748,MIA,Miami Heat
0021500568,2016-01-11,2015-16,regular_season,home,False,1610612744,GSW,Warriors,Starters,145:07,79,Golden State,warriors,29,62,0.468,6,18,0.333,15,22,0.682,5,26,31,15,4,1,7,9,1610612744,GSW,Golden State Warriors,1610612748,MIA,Miami Heat
0021500568,2016-01-11,2015-16,regular_season,road,False,1610612748,MIA,Heat,Bench,163:03,34,Miami,heat,15,26,0.577,2,4,0.5,2,2,1.0,1,9,10,8,1,0,1,10,1610612744,GSW,Golden State Warriors,1610612748,MIA,Miami Heat
0021500568,2016-01-11,2015-16,regular_season,road,False,1610612748,MIA,Heat,Starters,163:03,69,Miami,heat,26,65,0.4,5,15,0.333,12,14,0.857,8,29,37,23,1,4,9,9,1610612744,GSW,Golden State Warriors,1610612748,MIA,Miami Heat
0021500569,2016-01-12,2015-16,regular_season,home,False,1610612754,IND,Pacers,Bench,145:12,43,Indiana,pacers,14,31,0.452,4,7,0.571,11,14,0.786,4,15,19,9,4,2,4,8,1610612754,IND,Indiana Pacers,1610612756,PHX,Phoenix Suns
0021500569,2016-01-12,2015-16,regular_season,home,False,1610612754,IND,Pacers,Starters,145:12,73,Indiana,pacers,27,48,0.563,6,17,0.353,13,17,0.765,4,18,22,16,9,3,9,13,1610612754,IND,Indiana Pacers,1610612756,PHX,Phoenix Suns
0021500569,2016-01-12,2015-16,regular_season,road,False,1610612756,PHX,Suns,Bench,129:13,54,Phoenix,suns,21,51,0.412,7,17,0.412,5,7,0.714,7,13,20,12,3,0,10,10,1610612754,IND,Indiana Pacers,1610612756,PHX,Phoenix Suns
0021500569,2016-01-12,2015-16,regular_season,road,False,1610612756,PHX,Suns,Starters,129:13,43,Phoenix,suns,15,38,0.395,1,8,0.125,12,20,0.6,9,16,25,12,3,3,8,15,1610612754,IND,Indiana Pacers,1610612756,PHX,Phoenix Suns
0021500570,2016-01-12,2015-16,regular_season,home,False,1610612765,DET,Pistons,Bench,155:51,37,Detroit,pistons,14,36,0.389,2,8,0.25,7,10,0.7,6,10,16,6,0,1,2,10,1610612765,DET,Detroit Pistons,1610612759,SAS,San Antonio Spurs
0021500570,2016-01-12,2015-16,regular_season,home,False,1610612765,DET,Pistons,Starters,155:51,62,Detroit,pistons,24,55,0.436,4,15,0.267,10,16,0.625,5,20,25,16,8,1,10,14,1610612765,DET,Detroit Pistons,1610612759,SAS,San Antonio Spurs
0021500570,2016-01-12,2015-16,regular_season,road,False,1610612759,SAS,Spurs,Bench,158:33,29,San Antonio,spurs,10,29,0.345,2,8,0.25,7,8,0.875,1,12,13,7,2,2,5,8,1610612765,DET,Detroit Pistons,1610612759,SAS,San Antonio Spurs
0021500570,2016-01-12,2015-16,regular_season,road,False,1610612759,SAS,Spurs,Starters,158:33,80,San Antonio,spurs,31,56,0.554,3,6,0.5,15,19,0.789,10,26,36,13,7,3,12,12,1610612765,DET,Detroit Pistons,1610612759,SAS,San Antonio Spurs
0021500571,2016-01-12,2015-16,regular_season,home,False,1610612752,NYK,Knicks,Bench,141:26,38,New York,knicks,11,26,0.423,1,5,0.2,15,16,0.938,2,16,18,12,2,2,6,4,1610612752,NYK,New York Knicks,1610612738,BOS,Boston Celtics
0021500571,2016-01-12,2015-16,regular_season,home,False,1610612752,NYK,Knicks,Starters,141:26,82,New York,knicks,32,55,0.582,6,15,0.4,12,14,0.857,4,17,21,12,3,3,5,13,1610612752,NYK,New York Knicks,1610612738,BOS,Boston Celtics
0021500571,2016-01-12,2015-16,regular_season,road,False,1610612738,BOS,Celtics,Bench,143:46,33,Boston,celtics,13,30,0.433,4,9,0.444,3,5,0.6,3,16,19,11,3,0,1,9,1610612752,NYK,New York Knicks,1610612738,BOS,Boston Celtics
0021500571,2016-01-12,2015-16,regular_season,road,False,1610612738,BOS,Celtics,Starters,143:46,81,Boston,celtics,29,56,0.518,5,20,0.25,18,21,0.857,4,19,23,14,2,4,8,11,1610612752,NYK,New York Knicks,1610612738,BOS,Boston Celtics
0021500572,2016-01-12,2015-16,regular_season,home,False,1610612763,MEM,Grizzlies,Bench,165:50,25,Memphis,grizzlies,10,23,0.435,1,5,0.2,4,4,1.0,6,7,13,3,1,0,4,9,1610612763,MEM,Memphis Grizzlies,1610612745,HOU,Houston Rockets
0021500572,2016-01-12,2015-16,regular_season,home,False,1610612763,MEM,Grizzlies,Starters,165:50,66,Memphis,grizzlies,23,49,0.469,6,13,0.462,14,20,0.7,7,11,18,19,8,3,13,15,1610612763,MEM,Memphis Grizzlies,1610612745,HOU,Houston Rockets
0021500572,2016-01-12,2015-16,regular_season,road,False,1610612745,HOU,Rockets,Bench,156:16,45,Houston,rockets,14,31,0.452,9,16,0.563,8,9,0.889,5,5,10,10,3,1,5,8,1610612763,MEM,Memphis Grizzlies,1610612745,HOU,Houston Rockets
0021500572,2016-01-12,2015-16,regular_season,road,False,1610612745,HOU,Rockets,Starters,156:16,62,Houston,rockets,19,46,0.413,9,19,0.474,15,18,0.833,13,19,32,11,7,3,9,11,1610612763,MEM,Memphis Grizzlies,1610612745,HOU,Houston Rockets
0021500573,2016-01-12,2015-16,regular_season,home,False,1610612749,MIL,Bucks,Bench,172:45,17,Milwaukee,bucks,8,23,0.348,1,6,0.167,0,2,0.0,2,3,5,7,3,6,2,5,1610612749,MIL,Milwaukee Bucks,1610612741,CHI,Chicago Bulls
0021500573,2016-01-12,2015-16,regular_season,home,False,1610612749,MIL,Bucks,Starters,172:45,89,Milwaukee,bucks,35,70,0.5,2,7,0.286,17,26,0.654,12,23,35,21,8,3,3,14,1610612749,MIL,Milwaukee Bucks,1610612741,CHI,Chicago Bulls
0021500573,2016-01-12,2015-16,regular_season,road,False,1610612741,CHI,Bulls,Bench,156:30,29,Chicago,bulls,11,25,0.44,5,12,0.417,2,4,0.5,6,14,20,6,1,1,4,13,1610612749,MIL,Milwaukee Bucks,1610612741,CHI,Chicago Bulls
0021500573,2016-01-12,2015-16,regular_season,road,False,1610612741,CHI,Bulls,Starters,156:30,72,Chicago,bulls,24,60,0.4,7,17,0.412,17,20,0.85,14,23,37,16,2,7,13,12,1610612749,MIL,Milwaukee Bucks,1610612741,CHI,Chicago Bulls
0021500574,2016-01-12,2015-16,regular_season,home,False,1610612750,MIN,Timberwolves,Bench,107:28,55,Minnesota,timberwolves,20,39,0.513,6,12,0.5,9,13,0.692,2,21,23,12,5,6,9,8,1610612750,MIN,Minnesota Timberwolves,1610612760,OKC,Oklahoma City Thunder
0021500574,2016-01-12,2015-16,regular_season,home,False,1610612750,MIN,Timberwolves,Starters,107:28,41,Minnesota,timberwolves,16,42,0.381,1,6,0.167,8,10,0.8,9,13,22,10,2,0,9,7,1610612750,MIN,Minnesota Timberwolves,1610612760,OKC,Oklahoma City Thunder
0021500574,2016-01-12,2015-16,regular_season,road,False,1610612760,OKC,Thunder,Bench,152:22,29,Oklahoma City,thunder,12,27,0.444,3,6,0.5,2,4,0.5,3,9,12,6,4,0,3,8,1610612750,MIN,Minnesota Timberwolves,1610612760,OKC,Oklahoma City Thunder
0021500574,2016-01-12,2015-16,regular_season,road,False,1610612760,OKC,Thunder,Starters,152:22,72,Oklahoma City,thunder,27,57,0.474,6,16,0.375,12,14,0.857,5,24,29,15,6,3,13,13,1610612750,MIN,Minnesota Timberwolves,1610612760,OKC,Oklahoma City Thunder
0021500575,2016-01-12,2015-16,regular_season,home,False,1610612742,DAL,Mavericks,Bench,196:02,24,Dallas,mavericks,9,20,0.45,2,6,0.333,4,6,0.667,0,4,4,6,1,5,3,6,1610612742,DAL,Dallas Mavericks,1610612739,CLE,Cleveland Cavaliers
0021500575,2016-01-12,2015-16,regular_season,home,False,1610612742,DAL,Mavericks,Starters,196:02,83,Dallas,mavericks,30,59,0.508,9,22,0.409,14,16,0.875,7,33,40,19,3,2,13,10,1610612742,DAL,Dallas Mavericks,1610612739,CLE,Cleveland Cavaliers
0021500575,2016-01-12,2015-16,regular_season,road,False,1610612739,CLE,Cavaliers,Bench,180:31,34,Cleveland,cavaliers,13,32,0.406,6,16,0.375,2,2,1.0,7,9,16,8,6,2,2,11,1610612742,DAL,Dallas Mavericks,1610612739,CLE,Cleveland Cavaliers
0021500575,2016-01-12,2015-16,regular_season,road,False,1610612739,CLE,Cavaliers,Starters,180:31,76,Cleveland,cavaliers,27,65,0.415,11,28,0.393,11,14,0.786,10,20,30,20,6,2,7,10,1610612742,DAL,Dallas Mavericks,1610612739,CLE,Cleveland Cavaliers
0021500576,2016-01-12,2015-16,regular_season,home,False,1610612747,LAL,Lakers,Bench,143:51,35,Los Angeles,lakers,13,31,0.419,4,10,0.4,5,9,0.556,4,18,22,4,2,1,4,5,1610612747,LAL,Los Angeles Lakers,1610612740,NOP,New Orleans Pelicans
0021500576,2016-01-12,2015-16,regular_season,home,False,1610612747,LAL,Lakers,Starters,143:51,60,Los Angeles,lakers,19,56,0.339,2,19,0.105,20,23,0.87,7,18,25,12,5,3,4,12,1610612747,LAL,Los Angeles Lakers,1610612740,NOP,New Orleans Pelicans
0021500576,2016-01-12,2015-16,regular_season,road,False,1610612740,NOP,Pelicans,Bench,138:15,40,New Orleans,pelicans,17,40,0.425,1,5,0.2,5,6,0.833,6,15,21,10,0,2,2,12,1610612747,LAL,Los Angeles Lakers,1610612740,NOP,New Orleans Pelicans
0021500576,2016-01-12,2015-16,regular_season,road,False,1610612740,NOP,Pelicans,Starters,138:15,51,New Orleans,pelicans,21,51,0.412,5,18,0.278,4,8,0.5,6,24,30,10,2,4,9,15,1610612747,LAL,Los Angeles Lakers,1610612740,NOP,New Orleans Pelicans
0021500577,2016-01-13,2015-16,regular_season,home,False,1610612766,CHA,Hornets,Bench,123:23,46,Charlotte,hornets,15,39,0.385,5,19,0.263,11,14,0.786,6,21,27,8,3,4,7,12,1610612766,CHA,Charlotte Hornets,1610612737,ATL,Atlanta Hawks
0021500577,2016-01-13,2015-16,regular_season,home,False,1610612766,CHA,Hornets,Starters,123:23,61,Charlotte,hornets,21,43,0.488,8,20,0.4,11,12,0.917,5,22,27,18,5,5,9,12,1610612766,CHA,Charlotte Hornets,1610612737,ATL,Atlanta Hawks
0021500577,2016-01-13,2015-16,regular_season,road,False,1610612737,ATL,Hawks,Bench,123:36,37,Atlanta,hawks,14,40,0.35,2,13,0.154,7,8,0.875,3,18,21,10,1,0,5,8,1610612766,CHA,Charlotte Hornets,1610612737,ATL,Atlanta Hawks
0021500577,2016-01-13,2015-16,regular_season,road,False,1610612737,ATL,Hawks,Starters,123:36,47,Atlanta,hawks,16,41,0.39,5,12,0.417,10,13,0.769,3,13,16,7,4,4,11,13,1610612766,CHA,Charlotte Hornets,1610612737,ATL,Atlanta Hawks
0021500578,2016-01-13,2015-16,regular_season,home,False,1610612764,WAS,Wizards,Bench,146:56,41,Washington,wizards,14,33,0.424,4,8,0.5,9,11,0.818,3,8,11,10,5,0,5,10,1610612764,WAS,Washington Wizards,1610612749,MIL,Milwaukee Bucks
0021500578,2016-01-13,2015-16,regular_season,home,False,1610612764,WAS,Wizards,Starters,146:56,65,Washington,wizards,24,51,0.471,8,19,0.421,9,13,0.692,6,13,19,17,13,4,11,16,1610612764,WAS,Washington Wizards,1610612749,MIL,Milwaukee Bucks
0021500578,2016-01-13,2015-16,regular_season,road,False,1610612749,MIL,Bucks,Bench,172:02,10,Milwaukee,bucks,4,12,0.333,0,2,0.0,2,4,0.5,3,5,8,4,0,1,6,9,1610612764,WAS,Washington Wizards,1610612749,MIL,Milwaukee Bucks
0021500578,2016-01-13,2015-16,regular_season,road,False,1610612749,MIL,Bucks,Starters,172:02,91,Milwaukee,bucks,34,60,0.567,1,6,0.167,22,30,0.733,7,32,39,19,10,1,21,12,1610612764,WAS,Washington Wizards,1610612749,MIL,Milwaukee Bucks
0021500579,2016-01-13,2015-16,regular_season,home,False,1610612751,BKN,Nets,Bench,156:04,39,Brooklyn,nets,14,27,0.519,5,8,0.625,6,6,1.0,3,10,13,5,1,2,8,10,1610612751,BKN,Brooklyn Nets,1610612752,NYK,New York Knicks
0021500579,2016-01-13,2015-16,regular_season,home,False,1610612751,BKN,Nets,Starters,156:04,71,Brooklyn,nets,31,59,0.525,4,9,0.444,5,8,0.625,5,27,32,19,7,1,7,5,1610612751,BKN,Brooklyn Nets,1610612752,NYK,New York Knicks
0021500579,2016-01-13,2015-16,regular_season,road,False,1610612752,NYK,Knicks,Bench,160:10,43,New York,knicks,16,28,0.571,0,5,0.0,11,16,0.688,1,11,12,8,5,0,8,3,1610612751,BKN,Brooklyn Nets,1610612752,NYK,New York Knicks
0021500579,2016-01-13,2015-16,regular_season,road,False,1610612752,NYK,Knicks,Starters,160:10,61,New York,knicks,25,63,0.397,7,17,0.412,4,7,0.571,14,21,35,11,5,3,5,10,1610612751,BKN,Brooklyn Nets,1610612752,NYK,New York Knicks
0021500580,2016-01-13,2015-16,regular_season,home,False,1610612738,BOS,Celtics,Bench,160:41,21,Boston,celtics,7,24,0.292,2,10,0.2,5,7,0.714,3,16,19,7,1,1,7,6,1610612738,BOS,Boston Celtics,1610612754,IND,Indiana Pacers
0021500580,2016-01-13,2015-16,regular_season,home,False,1610612738,BOS,Celtics,Starters,160:41,82,Boston,celtics,33,66,0.5,7,16,0.438,9,13,0.692,11,19,30,17,6,1,12,12,1610612738,BOS,Boston Celtics,1610612754,IND,Indiana Pacers
0021500580,2016-01-13,2015-16,regular_season,road,False,1610612754,IND,Pacers,Bench,150:58,36,Indiana,pacers,15,36,0.417,1,13,0.077,5,7,0.714,4,18,22,5,6,3,3,9,1610612738,BOS,Boston Celtics,1610612754,IND,Indiana Pacers
0021500580,2016-01-13,2015-16,regular_season,road,False,1610612754,IND,Pacers,Starters,150:58,58,Indiana,pacers,22,55,0.4,4,17,0.235,10,13,0.769,9,17,26,13,6,0,14,11,1610612738,BOS,Boston Celtics,1610612754,IND,Indiana Pacers
0021500581,2016-01-13,2015-16,regular_season,home,False,1610612745,HOU,Rockets,Bench,155:38,38,Houston,rockets,14,28,0.5,2,10,0.2,8,11,0.727,1,12,13,5,6,0,7,7,1610612745,HOU,Houston Rockets,1610612750,MIN,Minnesota Timberwolves
0021500581,2016-01-13,2015-16,regular_season,home,False,1610612745,HOU,Rockets,Starters,155:38,69,Houston,rockets,23,47,0.489,5,20,0.25,18,27,0.667,7,19,26,14,5,3,9,12,1610612745,HOU,Houston Rockets,1610612750,MIN,Minnesota Timberwolves
0021500581,2016-01-13,2015-16,regular_season,road,False,1610612750,MIN,Timberwolves,Bench,136:53,41,Minnesota,timberwolves,13,35,0.371,5,13,0.385,10,12,0.833,3,11,14,8,4,0,7,15,1610612745,HOU,Houston Rockets,1610612750,MIN,Minnesota Timberwolves
0021500581,2016-01-13,2015-16,regular_season,road,False,1610612750,MIN,Timberwolves,Starters,136:53,63,Minnesota,timberwolves,23,43,0.535,3,4,0.75,14,18,0.778,11,18,29,17,7,1,13,12,1610612745,HOU,Houston Rockets,1610612750,MIN,Minnesota Timberwolves
0021500582,2016-01-13,2015-16,regular_season,home,False,1610612760,OKC,Thunder,Bench,129:42,44,Oklahoma City,thunder,16,39,0.41,8,18,0.444,4,7,0.571,4,14,18,11,5,0,8,17,1610612760,OKC,Oklahoma City Thunder,1610612742,DAL,Dallas Mavericks
0021500582,2016-01-13,2015-16,regular_season,home,False,1610612760,OKC,Thunder,Starters,129:42,64,Oklahoma City,thunder,22,43,0.512,7,15,0.467,13,22,0.591,9,27,36,13,6,5,10,9,1610612760,OKC,Oklahoma City Thunder,1610612742,DAL,Dallas Mavericks
0021500582,2016-01-13,2015-16,regular_season,road,False,1610612742,DAL,Mavericks,Bench,124:17,40,Dallas,mavericks,15,36,0.417,1,10,0.1,9,12,0.75,5,17,22,8,5,2,8,10,1610612760,OKC,Oklahoma City Thunder,1610612742,DAL,Dallas Mavericks
0021500582,2016-01-13,2015-16,regular_season,road,False,1610612742,DAL,Mavericks,Starters,124:17,49,Dallas,mavericks,17,46,0.37,5,21,0.238,10,13,0.769,3,16,19,10,2,1,8,10,1610612760,OKC,Oklahoma City Thunder,1610612742,DAL,Dallas Mavericks
0021500583,2016-01-13,2015-16,regular_season,home,False,1610612743,DEN,Nuggets,Bench,145:47,51,Denver,nuggets,19,39,0.487,2,9,0.222,11,12,0.917,4,20,24,7,1,1,8,7,1610612743,DEN,Denver Nuggets,1610612744,GSW,Golden State Warriors
0021500583,2016-01-13,2015-16,regular_season,home,False,1610612743,DEN,Nuggets,Starters,145:47,61,Denver,nuggets,18,48,0.375,3,13,0.231,22,25,0.88,9,16,25,15,6,2,5,11,1610612743,DEN,Denver Nuggets,1610612744,GSW,Golden State Warriors
0021500583,2016-01-13,2015-16,regular_season,road,False,1610612744,GSW,Warriors,Bench,139:47,32,Golden State,warriors,12,35,0.343,3,8,0.375,5,7,0.714,3,14,17,9,5,6,1,13,1610612743,DEN,Denver Nuggets,1610612744,GSW,Golden State Warriors
0021500583,2016-01-13,2015-16,regular_season,road,False,1610612744,GSW,Warriors,Starters,139:47,78,Golden State,warriors,30,53,0.566,7,18,0.389,11,13,0.846,4,18,22,16,4,5,12,12,1610612743,DEN,Denver Nuggets,1610612744,GSW,Golden State Warriors
0021500584,2016-01-13,2015-16,regular_season,home,False,1610612757,POR,Trail Blazers,Bench,129:13,43,Portland,blazers,17,33,0.515,6,10,0.6,3,4,0.75,7,19,26,3,4,3,5,13,1610612757,POR,Portland Trail Blazers,1610612762,UTA,Utah Jazz
0021500584,2016-01-13,2015-16,regular_season,home,False,1610612757,POR,Trail Blazers,Starters,129:13,56,Portland,blazers,22,55,0.4,5,16,0.313,7,11,0.636,10,18,28,22,3,7,8,7,1610612757,POR,Portland Trail Blazers,1610612762,UTA,Utah Jazz
0021500584,2016-01-13,2015-16,regular_season,road,False,1610612762,UTA,Jazz,Bench,141:23,24,Utah,jazz,11,32,0.344,1,5,0.2,1,1,1.0,5,13,18,7,4,3,7,5,1610612757,POR,Portland Trail Blazers,1610612762,UTA,Utah Jazz
0021500584,2016-01-13,2015-16,regular_season,road,False,1610612762,UTA,Jazz,Starters,141:23,61,Utah,jazz,20,44,0.455,7,14,0.5,14,21,0.667,5,15,20,13,4,3,7,10,1610612757,POR,Portland Trail Blazers,1610612762,UTA,Utah Jazz
0021500585,2016-01-13,2015-16,regular_season,home,False,1610612758,SAC,Kings,Bench,114:31,34,Sacramento,kings,15,32,0.469,2,12,0.167,2,4,0.5,7,20,27,9,1,5,7,10,1610612758,SAC,Sacramento Kings,1610612740,NOP,New Orleans Pelicans
0021500585,2016-01-13,2015-16,regular_season,home,False,1610612758,SAC,Kings,Starters,114:31,63,Sacramento,kings,26,52,0.5,4,11,0.364,7,10,0.7,3,22,25,12,3,2,11,5,1610612758,SAC,Sacramento Kings,1610612740,NOP,New Orleans Pelicans
0021500585,2016-01-13,2015-16,regular_season,road,False,1610612740,NOP,Pelicans,Bench,137:58,47,New Orleans,pelicans,19,44,0.432,7,15,0.467,2,3,0.667,2,11,13,14,3,2,3,8,1610612758,SAC,Sacramento Kings,1610612740,NOP,New Orleans Pelicans
0021500585,2016-01-13,2015-16,regular_season,road,False,1610612740,NOP,Pelicans,Starters,137:58,62,New Orleans,pelicans,23,56,0.411,9,18,0.5,7,8,0.875,11,21,32,13,7,1,4,10,1610612758,SAC,Sacramento Kings,1610612740,NOP,New Orleans Pelicans
0021500586,2016-01-13,2015-16,regular_season,home,False,1610612746,LAC,Clippers,Bench,124:56,41,LA,clippers,15,41,0.366,4,11,0.364,7,7,1.0,3,12,15,8,13,2,4,16,1610612746,LAC,LA Clippers,1610612748,MIA,Miami Heat
0021500586,2016-01-13,2015-16,regular_season,home,False,1610612746,LAC,Clippers,Starters,124:56,63,LA,clippers,25,53,0.472,7,14,0.5,6,9,0.667,7,21,28,18,5,3,3,9,1610612746,LAC,LA Clippers,1610612748,MIA,Miami Heat
0021500586,2016-01-13,2015-16,regular_season,road,False,1610612748,MIA,Heat,Bench,142:46,44,Miami,heat,14,29,0.483,6,12,0.5,10,13,0.769,0,19,19,9,4,6,11,10,1610612746,LAC,LA Clippers,1610612748,MIA,Miami Heat
0021500586,2016-01-13,2015-16,regular_season,road,False,1610612748,MIA,Heat,Starters,142:46,46,Miami,heat,17,41,0.415,3,12,0.25,9,16,0.563,5,25,30,17,1,1,12,6,1610612746,LAC,LA Clippers,1610612748,MIA,Miami Heat
0021500587,2016-01-14,2015-16,regular_season,home,False,1610612755,PHI,76ers,Bench,152:13,50,Philadelphia,sixers,18,36,0.5,7,16,0.438,7,9,0.778,7,10,17,5,7,3,4,13,1610612755,PHI,Philadelphia 76ers,1610612741,CHI,Chicago Bulls
0021500587,2016-01-14,2015-16,regular_season,home,False,1610612755,PHI,76ers,Starters,152:13,61,Philadelphia,sixers,24,57,0.421,5,11,0.455,8,11,0.727,4,13,17,18,6,2,8,14,1610612755,PHI,Philadelphia 76ers,1610612741,CHI,Chicago Bulls
0021500587,2016-01-14,2015-16,regular_season,road,False,1610612741,CHI,Bulls,Bench,178:46,33,Chicago,bulls,14,24,0.583,3,5,0.6,2,2,1.0,1,6,7,2,2,0,5,8,1610612755,PHI,Philadelphia 76ers,1610612741,CHI,Chicago Bulls
0021500587,2016-01-14,2015-16,regular_season,road,False,1610612741,CHI,Bulls,Starters,178:46,82,Chicago,bulls,27,64,0.422,4,12,0.333,24,29,0.828,16,30,46,15,7,2,18,12,1610612755,PHI,Philadelphia 76ers,1610612741,CHI,Chicago Bulls
0021500588,2016-01-14,2015-16,regular_season,home,False,1610612753,ORL,Magic,Bench,184:58,20,Orlando,magic,10,29,0.345,0,7,0.0,0,2,0.0,1,8,9,10,0,2,3,6,1610612753,ORL,Orlando Magic,1610612761,TOR,Toronto Raptors
0021500588,2016-01-14,2015-16,regular_season,home,False,1610612753,ORL,Magic,Starters,184:58,83,Orlando,magic,34,68,0.5,9,16,0.563,6,6,1.0,5,32,37,18,4,7,12,16,1610612753,ORL,Orlando Magic,1610612761,TOR,Toronto Raptors
0021500588,2016-01-14,2015-16,regular_season,road,False,1610612761,TOR,Raptors,Bench,153:32,43,Toronto,raptors,17,28,0.607,3,10,0.3,6,8,0.75,4,13,17,7,3,4,5,10,1610612753,ORL,Orlando Magic,1610612761,TOR,Toronto Raptors
0021500588,2016-01-14,2015-16,regular_season,road,False,1610612761,TOR,Raptors,Starters,153:32,63,Toronto,raptors,20,62,0.323,5,14,0.357,18,23,0.783,7,23,30,13,8,7,5,6,1610612753,ORL,Orlando Magic,1610612761,TOR,Toronto Raptors
0021500589,2016-01-14,2015-16,regular_season,home,False,1610612763,MEM,Grizzlies,Bench,169:47,36,Memphis,grizzlies,12,20,0.6,7,8,0.875,5,5,1.0,2,7,9,3,2,0,4,5,1610612763,MEM,Memphis Grizzlies,1610612765,DET,Detroit Pistons
0021500589,2016-01-14,2015-16,regular_season,home,False,1610612763,MEM,Grizzlies,Starters,169:47,67,Memphis,grizzlies,25,56,0.446,2,8,0.25,15,20,0.75,3,17,20,18,11,3,11,14,1610612763,MEM,Memphis Grizzlies,1610612765,DET,Detroit Pistons
0021500589,2016-01-14,2015-16,regular_season,road,False,1610612765,DET,Pistons,Bench,154:38,40,Detroit,pistons,13,25,0.52,9,17,0.529,5,6,0.833,0,8,8,3,2,0,7,6,1610612763,MEM,Memphis Grizzlies,1610612765,DET,Detroit Pistons
0021500589,2016-01-14,2015-16,regular_season,road,False,1610612765,DET,Pistons,Starters,154:38,61,Detroit,pistons,24,47,0.511,6,15,0.4,7,11,0.636,8,19,27,15,1,2,13,15,1610612763,MEM,Memphis Grizzlies,1610612765,DET,Detroit Pistons
0021500590,2016-01-14,2015-16,regular_season,home,False,1610612759,SAS,Spurs,Bench,158:14,35,San Antonio,spurs,14,27,0.519,2,6,0.333,5,5,1.0,4,11,15,5,1,2,3,7,1610612759,SAS,San Antonio Spurs,1610612739,CLE,Cleveland Cavaliers
0021500590,2016-01-14,2015-16,regular_season,home,False,1610612759,SAS,Spurs,Starters,158:14,64,San Antonio,spurs,24,56,0.429,3,11,0.273,13,17,0.765,7,23,30,12,5,5,8,9,1610612759,SAS,San Antonio Spurs,1610612739,CLE,Cleveland Cavaliers
0021500590,2016-01-14,2015-16,regular_season,road,False,1610612739,CLE,Cavaliers,Bench,174:53,12,Cleveland,cavaliers,5,14,0.357,2,7,0.286,0,0,0.0,3,4,7,4,2,1,5,8,1610612759,SAS,San Antonio Spurs,1610612739,CLE,Cleveland Cavaliers
0021500590,2016-01-14,2015-16,regular_season,road,False,1610612739,CLE,Cavaliers,Starters,174:53,83,Cleveland,cavaliers,33,68,0.485,8,19,0.421,9,11,0.818,6,30,36,11,2,1,12,15,1610612759,SAS,San Antonio Spurs,1610612739,CLE,Cleveland Cavaliers
0021500591,2016-01-14,2015-16,regular_season,home,False,1610612762,UTA,Jazz,Bench,155:40,31,Utah,jazz,12,27,0.444,1,11,0.091,6,7,0.857,4,6,10,1,4,0,3,9,1610612762,UTA,Utah Jazz,1610612758,SAC,Sacramento Kings
0021500591,2016-01-14,2015-16,regular_season,home,False,1610612762,UTA,Jazz,Starters,155:40,70,Utah,jazz,23,56,0.411,5,23,0.217,19,27,0.704,6,22,28,11,4,3,10,17,1610612762,UTA,Utah Jazz,1610612758,SAC,Sacramento Kings
0021500591,2016-01-14,2015-16,regular_season,road,False,1610612758,SAC,Kings,Bench,153:59,24,Sacramento,kings,8,19,0.421,2,4,0.5,6,9,0.667,4,10,14,4,3,0,5,11,1610612762,UTA,Utah Jazz,1610612758,SAC,Sacramento Kings
0021500591,2016-01-14,2015-16,regular_season,road,False,1610612758,SAC,Kings,Starters,153:59,79,Sacramento,kings,26,55,0.473,3,7,0.429,24,33,0.727,10,30,40,15,9,2,10,18,1610612762,UTA,Utah Jazz,1610612758,SAC,Sacramento Kings
0021500592,2016-01-14,2015-16,regular_season,home,False,1610612744,GSW,Warriors,Bench,125:04,58,Golden State,warriors,22,36,0.611,2,7,0.286,12,14,0.857,4,14,18,14,7,2,7,9,1610612744,GSW,Golden State Warriors,1610612747,LAL,Los Angeles Lakers
0021500592,2016-01-14,2015-16,regular_season,home,False,1610612744,GSW,Warriors,Starters,125:04,58,Golden State,warriors,21,50,0.42,11,26,0.423,5,6,0.833,8,21,29,12,5,2,12,8,1610612744,GSW,Golden State Warriors,1610612747,LAL,Los Angeles Lakers
0021500592,2016-01-14,2015-16,regular_season,road,False,1610612747,LAL,Lakers,Bench,137:00,39,Los Angeles,lakers,17,39,0.436,2,11,0.182,3,8,0.375,8,12,20,8,4,1,10,10,1610612744,GSW,Golden State Warriors,1610612747,LAL,Los Angeles Lakers
0021500592,2016-01-14,2015-16,regular_season,road,False,1610612747,LAL,Lakers,Starters,137:00,59,Los Angeles,lakers,23,51,0.451,2,12,0.167,11,16,0.688,8,19,27,9,9,2,11,9,1610612744,GSW,Golden State Warriors,1610612747,LAL,Los Angeles Lakers
0021500593,2016-01-15,2015-16,regular_season,home,False,1610612754,IND,Pacers,Bench,151:49,36,Indiana,pacers,13,25,0.52,0,2,0.0,10,13,0.769,1,12,13,7,2,0,3,1,1610612754,IND,Indiana Pacers,1610612764,WAS,Washington Wizards
0021500593,2016-01-15,2015-16,regular_season,home,False,1610612754,IND,Pacers,Starters,151:49,68,Indiana,pacers,25,55,0.455,3,15,0.2,15,19,0.789,5,17,22,12,7,3,10,11,1610612754,IND,Indiana Pacers,1610612764,WAS,Washington Wizards
0021500593,2016-01-15,2015-16,regular_season,road,False,1610612764,WAS,Wizards,Bench,128:42,67,Washington,wizards,30,51,0.588,7,14,0.5,0,1,0.0,5,17,22,10,4,0,7,14,1610612754,IND,Indiana Pacers,1610612764,WAS,Washington Wizards
0021500593,2016-01-15,2015-16,regular_season,road,False,1610612764,WAS,Wizards,Starters,128:42,51,Washington,wizards,21,47,0.447,4,11,0.364,5,9,0.556,12,20,32,16,4,2,8,15,1610612754,IND,Indiana Pacers,1610612764,WAS,Washington Wizards
0021500594,2016-01-15,2015-16,regular_season,home,False,1610612760,OKC,Thunder,Bench,130:53,47,Oklahoma City,thunder,20,41,0.488,3,12,0.25,4,7,0.571,5,6,11,9,5,2,2,10,1610612760,OKC,Oklahoma City Thunder,1610612750,MIN,Minnesota Timberwolves
0021500594,2016-01-15,2015-16,regular_season,home,False,1610612760,OKC,Thunder,Starters,130:53,66,Oklahoma City,thunder,27,48,0.563,2,11,0.182,10,15,0.667,7,22,29,22,5,5,4,11,1610612760,OKC,Oklahoma City Thunder,1610612750,MIN,Minnesota Timberwolves
0021500594,2016-01-15,2015-16,regular_season,road,False,1610612750,MIN,Timberwolves,Bench,116:46,47,Minnesota,timberwolves,15,37,0.405,3,6,0.5,14,17,0.824,6,17,23,8,1,2,7,8,1610612760,OKC,Oklahoma City Thunder,1610612750,MIN,Minnesota Timberwolves
0021500594,2016-01-15,2015-16,regular_season,road,False,1610612750,MIN,Timberwolves,Starters,116:46,46,Minnesota,timberwolves,19,48,0.396,2,6,0.333,6,6,1.0,10,12,22,7,2,0,5,11,1610612760,OKC,Oklahoma City Thunder,1610612750,MIN,Minnesota Timberwolves
0021500595,2016-01-15,2015-16,regular_season,home,False,1610612738,BOS,Celtics,Bench,133:55,40,Boston,celtics,15,34,0.441,7,14,0.5,3,6,0.5,7,19,26,13,6,3,6,7,1610612738,BOS,Boston Celtics,1610612756,PHX,Phoenix Suns
0021500595,2016-01-15,2015-16,regular_season,home,False,1610612738,BOS,Celtics,Starters,133:55,77,Boston,celtics,27,62,0.435,7,16,0.438,16,23,0.696,10,20,30,17,6,2,6,12,1610612738,BOS,Boston Celtics,1610612756,PHX,Phoenix Suns
0021500595,2016-01-15,2015-16,regular_season,road,False,1610612756,PHX,Suns,Bench,137:08,56,Phoenix,suns,19,43,0.442,7,13,0.538,11,15,0.733,4,13,17,12,4,3,4,10,1610612738,BOS,Boston Celtics,1610612756,PHX,Phoenix Suns
0021500595,2016-01-15,2015-16,regular_season,road,False,1610612756,PHX,Suns,Starters,137:08,47,Phoenix,suns,16,46,0.348,3,14,0.214,12,13,0.923,5,23,28,12,5,2,10,12,1610612738,BOS,Boston Celtics,1610612756,PHX,Phoenix Suns
0021500596,2016-01-15,2015-16,regular_season,home,False,1610612751,BKN,Nets,Bench,161:56,28,Brooklyn,nets,10,27,0.37,1,4,0.25,7,10,0.7,5,9,14,4,3,3,4,4,1610612751,BKN,Brooklyn Nets,1610612757,POR,Portland Trail Blazers
0021500596,2016-01-15,2015-16,regular_season,home,False,1610612751,BKN,Nets,Starters,161:56,76,Brooklyn,nets,28,58,0.483,7,15,0.467,13,18,0.722,11,21,32,18,3,2,8,6,1610612751,BKN,Brooklyn Nets,1610612757,POR,Portland Trail Blazers
0021500596,2016-01-15,2015-16,regular_season,road,False,1610612757,POR,Trail Blazers,Bench,141:30,47,Portland,blazers,19,33,0.576,7,14,0.5,2,4,0.5,5,21,26,6,3,1,2,11,1610612751,BKN,Brooklyn Nets,1610612757,POR,Portland Trail Blazers
0021500596,2016-01-15,2015-16,regular_season,road,False,1610612757,POR,Trail Blazers,Starters,141:30,69,Portland,blazers,28,60,0.467,8,21,0.381,5,7,0.714,7,9,16,20,4,4,7,7,1610612751,BKN,Brooklyn Nets,1610612757,POR,Portland Trail Blazers
0021500597,2016-01-15,2015-16,regular_season,home,False,1610612741,CHI,Bulls,Bench,155:46,26,Chicago,bulls,9,27,0.333,1,9,0.111,7,7,1.0,5,9,14,3,1,0,2,9,1610612741,CHI,Chicago Bulls,1610612742,DAL,Dallas Mavericks
0021500597,2016-01-15,2015-16,regular_season,home,False,1610612741,CHI,Bulls,Starters,155:46,51,Chicago,bulls,22,59,0.373,1,10,0.1,6,8,0.75,7,26,33,13,5,2,6,10,1610612741,CHI,Chicago Bulls,1610612742,DAL,Dallas Mavericks
0021500597,2016-01-15,2015-16,regular_season,road,False,1610612742,DAL,Mavericks,Bench,172:56,19,Dallas,mavericks,6,21,0.286,2,5,0.4,5,5,1.0,4,10,14,5,0,1,1,5,1610612741,CHI,Chicago Bulls,1610612742,DAL,Dallas Mavericks
0021500597,2016-01-15,2015-16,regular_season,road,False,1610612742,DAL,Mavericks,Starters,172:56,64,Dallas,mavericks,24,56,0.429,6,17,0.353,10,12,0.833,3,26,29,15,1,5,8,11,1610612741,CHI,Chicago Bulls,1610612742,DAL,Dallas Mavericks
0021500598,2016-01-15,2015-16,regular_season,home,False,1610612740,NOP,Pelicans,Bench,131:56,59,New Orleans,pelicans,24,44,0.545,7,13,0.538,4,4,1.0,6,19,25,14,3,2,2,6,1610612740,NOP,New Orleans Pelicans,1610612766,CHA,Charlotte Hornets
0021500598,2016-01-15,2015-16,regular_season,home,False,1610612740,NOP,Pelicans,Starters,131:56,50,New Orleans,pelicans,19,43,0.442,5,14,0.357,7,9,0.778,2,11,13,15,4,5,6,9,1610612740,NOP,New Orleans Pelicans,1610612766,CHA,Charlotte Hornets
0021500598,2016-01-15,2015-16,regular_season,road,False,1610612766,CHA,Hornets,Bench,159:23,35,Charlotte,hornets,14,28,0.5,5,13,0.385,2,4,0.5,2,15,17,4,1,0,5,5,1610612740,NOP,New Orleans Pelicans,1610612766,CHA,Charlotte Hornets
0021500598,2016-01-15,2015-16,regular_season,road,False,1610612766,CHA,Hornets,Starters,159:23,72,Charlotte,hornets,28,58,0.483,9,22,0.409,7,8,0.875,1,20,21,17,0,1,6,12,1610612740,NOP,New Orleans Pelicans,1610612766,CHA,Charlotte Hornets
0021500599,2016-01-15,2015-16,regular_season,home,False,1610612749,MIL,Bucks,Bench,202:17,14,Milwaukee,bucks,5,9,0.556,0,0,0.0,4,8,0.5,2,7,9,3,1,6,3,6,1610612749,MIL,Milwaukee Bucks,1610612737,ATL,Atlanta Hawks
0021500599,2016-01-15,2015-16,regular_season,home,False,1610612749,MIL,Bucks,Starters,202:17,94,Milwaukee,bucks,35,87,0.402,3,10,0.3,21,29,0.724,19,32,51,16,8,7,13,8,1610612749,MIL,Milwaukee Bucks,1610612737,ATL,Atlanta Hawks
0021500599,2016-01-15,2015-16,regular_season,road,False,1610612737,ATL,Hawks,Bench,175:01,27,Atlanta,hawks,10,26,0.385,3,10,0.3,4,4,1.0,4,13,17,5,1,2,5,6,1610612749,MIL,Milwaukee Bucks,1610612737,ATL,Atlanta Hawks
0021500599,2016-01-15,2015-16,regular_season,road,False,1610612737,ATL,Hawks,Starters,175:01,74,Atlanta,hawks,33,74,0.446,6,20,0.3,2,2,1.0,3,23,26,24,4,7,12,19,1610612749,MIL,Milwaukee Bucks,1610612737,ATL,Atlanta Hawks
0021500600,2016-01-15,2015-16,regular_season,home,False,1610612743,DEN,Nuggets,Bench,162:13,34,Denver,nuggets,11,27,0.407,3,7,0.429,9,9,1.0,4,12,16,13,0,3,5,4,1610612743,DEN,Denver Nuggets,1610612748,MIA,Miami Heat
0021500600,2016-01-15,2015-16,regular_season,home,False,1610612743,DEN,Nuggets,Starters,162:13,61,Denver,nuggets,21,51,0.412,3,11,0.273,16,17,0.941,2,19,21,10,4,3,8,14,1610612743,DEN,Denver Nuggets,1610612748,MIA,Miami Heat
0021500600,2016-01-15,2015-16,regular_season,road,False,1610612748,MIA,Heat,Bench,169:11,30,Miami,heat,12,28,0.429,2,5,0.4,4,5,0.8,3,8,11,6,2,1,4,7,1610612743,DEN,Denver Nuggets,1610612748,MIA,Miami Heat
0021500600,2016-01-15,2015-16,regular_season,road,False,1610612748,MIA,Heat,Starters,169:11,68,Miami,heat,28,53,0.528,2,7,0.286,10,14,0.714,6,25,31,20,3,12,9,13,1610612743,DEN,Denver Nuggets,1610612748,MIA,Miami Heat
0021500601,2016-01-15,2015-16,regular_season,home,False,1610612745,HOU,Rockets,Bench,148:47,24,Houston,rockets,9,31,0.29,1,12,0.083,5,8,0.625,5,8,13,5,2,2,5,7,1610612745,HOU,Houston Rockets,1610612739,CLE,Cleveland Cavaliers
0021500601,2016-01-15,2015-16,regular_season,home,False,1610612745,HOU,Rockets,Starters,148:47,53,Houston,rockets,17,43,0.395,5,13,0.385,14,21,0.667,5,22,27,10,8,4,13,13,1610612745,HOU,Houston Rockets,1610612739,CLE,Cleveland Cavaliers
0021500601,2016-01-15,2015-16,regular_season,road,False,1610612739,CLE,Cavaliers,Bench,142:05,23,Cleveland,cavaliers,8,26,0.308,1,8,0.125,6,10,0.6,11,7,18,9,6,2,3,13,1610612745,HOU,Houston Rockets,1610612739,CLE,Cleveland Cavaliers
0021500601,2016-01-15,2015-16,regular_season,road,False,1610612739,CLE,Cavaliers,Starters,142:05,68,Cleveland,cavaliers,26,61,0.426,7,27,0.259,9,13,0.692,6,25,31,10,4,4,11,11,1610612745,HOU,Houston Rockets,1610612739,CLE,Cleveland Cavaliers
0021500602,2016-01-16,2015-16,regular_season,home,False,1610612737,ATL,Hawks,Bench,121:02,53,Atlanta,hawks,20,34,0.588,3,11,0.273,10,13,0.769,3,21,24,18,7,2,4,10,1610612737,ATL,Atlanta Hawks,1610612751,BKN,Brooklyn Nets
0021500602,2016-01-16,2015-16,regular_season,home,False,1610612737,ATL,Hawks,Starters,121:02,61,Atlanta,hawks,24,45,0.533,5,18,0.278,8,11,0.727,2,14,16,16,7,3,6,10,1610612737,ATL,Atlanta Hawks,1610612751,BKN,Brooklyn Nets
0021500602,2016-01-16,2015-16,regular_season,road,False,1610612751,BKN,Nets,Bench,140:13,31,Brooklyn,nets,12,33,0.364,2,10,0.2,5,9,0.556,6,9,15,7,3,2,9,8,1610612737,ATL,Atlanta Hawks,1610612751,BKN,Brooklyn Nets
0021500602,2016-01-16,2015-16,regular_season,road,False,1610612751,BKN,Nets,Starters,140:13,55,Brooklyn,nets,22,45,0.489,4,10,0.4,7,10,0.7,1,20,21,15,2,1,8,9,1610612737,ATL,Atlanta Hawks,1610612751,BKN,Brooklyn Nets
0021501103,2016-03-28,2015-16,regular_season,home,False,1610612743,DEN,Nuggets,Bench,129:36,46,Denver,nuggets,16,32,0.5,6,14,0.429,8,8,1.0,2,14,16,8,0,1,8,10,1610612743,DEN,Denver Nuggets,1610612742,DAL,Dallas Mavericks
0021501103,2016-03-28,2015-16,regular_season,home,False,1610612743,DEN,Nuggets,Starters,129:36,42,Denver,nuggets,15,38,0.395,3,10,0.3,9,11,0.818,4,24,28,12,3,3,13,10,1610612743,DEN,Denver Nuggets,1610612742,DAL,Dallas Mavericks
0021501103,2016-03-28,2015-16,regular_season,road,False,1610612742,DAL,Mavericks,Bench,152:27,35,Dallas,mavericks,11,28,0.393,5,14,0.357,8,9,0.889,2,9,11,14,5,1,1,6,1610612743,DEN,Denver Nuggets,1610612742,DAL,Dallas Mavericks
0021501103,2016-03-28,2015-16,regular_season,road,False,1610612742,DAL,Mavericks,Starters,152:27,62,Dallas,mavericks,25,60,0.417,6,18,0.333,6,6,1.0,7,16,23,9,9,5,2,14,1610612743,DEN,Denver Nuggets,1610612742,DAL,Dallas Mavericks
0021501104,2016-03-28,2015-16,regular_season,home,False,1610612762,UTA,Jazz,Bench,134:39,43,Utah,jazz,15,36,0.417,7,16,0.438,6,8,0.75,5,15,20,10,1,3,3,9,1610612762,UTA,Utah Jazz,1610612747,LAL,Los Angeles Lakers
0021501104,2016-03-28,2015-16,regular_season,home,False,1610612762,UTA,Jazz,Starters,134:39,80,Utah,jazz,31,53,0.585,10,16,0.625,8,11,0.727,8,29,37,16,3,4,4,9,1610612762,UTA,Utah Jazz,1610612747,LAL,Los Angeles Lakers
0021501104,2016-03-28,2015-16,regular_season,road,False,1610612747,LAL,Lakers,Bench,138:17,43,Los Angeles,lakers,14,34,0.412,5,10,0.5,10,15,0.667,5,15,20,6,1,2,5,10,1610612762,UTA,Utah Jazz,1610612747,LAL,Los Angeles Lakers
0021501104,2016-03-28,2015-16,regular_season,road,False,1610612747,LAL,Lakers,Starters,138:17,32,Los Angeles,lakers,12,51,0.235,2,10,0.2,6,7,0.857,2,15,17,5,4,4,4,9,1610612762,UTA,Utah Jazz,1610612747,LAL,Los Angeles Lakers
0021501105,2016-03-28,2015-16,regular_season,home,False,1610612757,POR,Trail Blazers,Bench,119:58,46,Portland,blazers,17,37,0.459,4,9,0.444,8,11,0.727,3,22,25,6,2,7,9,14,1610612757,POR,Portland Trail Blazers,1610612758,SAC,Sacramento Kings
0021501105,2016-03-28,2015-16,regular_season,home,False,1610612757,POR,Trail Blazers,Starters,119:58,59,Portland,blazers,21,43,0.488,10,20,0.5,7,7,1.0,2,15,17,19,4,3,10,9,1610612757,POR,Portland Trail Blazers,1610612758,SAC,Sacramento Kings
0021501105,2016-03-28,2015-16,regular_season,road,False,1610612758,SAC,Kings,Bench,154:44,24,Sacramento,kings,8,25,0.32,1,4,0.25,7,10,0.7,7,13,20,5,3,0,5,10,1610612757,POR,Portland Trail Blazers,1610612758,SAC,Sacramento Kings
0021501105,2016-03-28,2015-16,regular_season,road,False,1610612758,SAC,Kings,Starters,154:44,69,Sacramento,kings,29,64,0.453,6,11,0.545,5,9,0.556,4,19,23,15,8,2,9,10,1610612757,POR,Portland Trail Blazers,1610612758,SAC,Sacramento Kings
0021501106,2016-03-28,2015-16,regular_season,home,False,1610612746,LAC,Clippers,Bench,101:21,67,LA,clippers,25,47,0.532,9,18,0.5,8,9,0.889,5,17,22,10,6,2,9,14,1610612746,LAC,LA Clippers,1610612738,BOS,Boston Celtics
0021501106,2016-03-28,2015-16,regular_season,home,False,1610612746,LAC,Clippers,Starters,101:21,47,LA,clippers,19,37,0.514,2,7,0.286,7,9,0.778,4,19,23,19,7,3,5,9,1610612746,LAC,LA Clippers,1610612738,BOS,Boston Celtics
0021501106,2016-03-28,2015-16,regular_season,road,False,1610612738,BOS,Celtics,Bench,129:44,37,Boston,celtics,14,43,0.326,2,9,0.222,7,9,0.778,12,16,28,6,2,1,8,10,1610612746,LAC,LA Clippers,1610612738,BOS,Boston Celtics
0021501106,2016-03-28,2015-16,regular_season,road,False,1610612738,BOS,Celtics,Starters,129:44,53,Boston,celtics,17,46,0.37,5,10,0.5,14,18,0.778,6,15,21,8,5,3,8,7,1610612746,LAC,LA Clippers,1610612738,BOS,Boston Celtics
0021501107,2016-03-29,2015-16,regular_season,home,False,1610612754,IND,Pacers,Bench,144:19,38,Indiana,pacers,14,36,0.389,1,9,0.111,9,11,0.818,7,8,15,6,2,1,4,6,1610612754,IND,Indiana Pacers,1610612741,CHI,Chicago Bulls
0021501107,2016-03-29,2015-16,regular_season,home,False,1610612754,IND,Pacers,Starters,144:19,58,Indiana,pacers,25,54,0.463,2,10,0.2,6,6,1.0,6,23,29,14,7,5,7,10,1610612754,IND,Indiana Pacers,1610612741,CHI,Chicago Bulls
0021501107,2016-03-29,2015-16,regular_season,road,False,1610612741,CHI,Bulls,Bench,124:08,63,Chicago,bulls,22,42,0.524,10,20,0.5,9,9,1.0,7,15,22,6,2,2,7,8,1610612754,IND,Indiana Pacers,1610612741,CHI,Chicago Bulls
0021501107,2016-03-29,2015-16,regular_season,road,False,1610612741,CHI,Bulls,Starters,124:08,35,Chicago,bulls,15,45,0.333,0,6,0.0,5,7,0.714,5,14,19,16,3,4,8,11,1610612754,IND,Indiana Pacers,1610612741,CHI,Chicago Bulls
0021501108,2016-03-29,2015-16,regular_season,home,False,1610612753,ORL,Magic,Bench,122:05,71,Orlando,magic,28,45,0.622,9,17,0.529,6,12,0.5,3,15,18,17,5,2,3,16,1610612753,ORL,Orlando Magic,1610612751,BKN,Brooklyn Nets
0021501108,2016-03-29,2015-16,regular_season,home,False,1610612753,ORL,Magic,Starters,122:05,68,Orlando,magic,28,46,0.609,5,10,0.5,7,7,1.0,2,15,17,23,6,3,7,13,1610612753,ORL,Orlando Magic,1610612751,BKN,Brooklyn Nets
0021501108,2016-03-29,2015-16,regular_season,road,False,1610612751,BKN,Nets,Bench,114:15,57,Brooklyn,nets,20,44,0.455,4,11,0.364,13,20,0.65,5,11,16,11,4,4,9,9,1610612753,ORL,Orlando Magic,1610612751,BKN,Brooklyn Nets
0021501108,2016-03-29,2015-16,regular_season,road,False,1610612751,BKN,Nets,Starters,114:15,48,Brooklyn,nets,17,35,0.486,1,3,0.333,13,19,0.684,9,14,23,8,3,1,9,9,1610612753,ORL,Orlando Magic,1610612751,BKN,Brooklyn Nets
0021501109,2016-03-29,2015-16,regular_season,home,False,1610612755,PHI,76ers,Bench,149:34,26,Philadelphia,sixers,10,34,0.294,2,8,0.25,4,5,0.8,4,15,19,5,3,1,3,6,1610612755,PHI,Philadelphia 76ers,1610612766,CHA,Charlotte Hornets
0021501109,2016-03-29,2015-16,regular_season,home,False,1610612755,PHI,76ers,Starters,149:34,59,Philadelphia,sixers,20,62,0.323,14,36,0.389,5,5,1.0,5,21,26,15,5,4,7,12,1610612755,PHI,Philadelphia 76ers,1610612766,CHA,Charlotte Hornets
0021501109,2016-03-29,2015-16,regular_season,road,False,1610612766,CHA,Hornets,Bench,166:49,24,Charlotte,hornets,9,24,0.375,0,3,0.0,6,7,0.857,2,20,22,7,1,3,5,2,1610612755,PHI,Philadelphia 76ers,1610612766,CHA,Charlotte Hornets
0021501109,2016-03-29,2015-16,regular_season,road,False,1610612766,CHA,Hornets,Starters,166:49,76,Charlotte,hornets,29,63,0.46,7,22,0.318,11,11,1.0,7,35,42,19,5,3,10,5,1610612755,PHI,Philadelphia 76ers,1610612766,CHA,Charlotte Hornets
0021501110,2016-03-29,2015-16,regular_season,home,False,1610612765,DET,Pistons,Bench,171:29,13,Detroit,pistons,5,20,0.25,1,7,0.143,2,3,0.667,4,12,16,3,1,0,3,5,1610612765,DET,Detroit Pistons,1610612760,OKC,Oklahoma City Thunder
0021501110,2016-03-29,2015-16,regular_season,home,False,1610612765,DET,Pistons,Starters,171:29,75,Detroit,pistons,28,67,0.418,3,12,0.25,16,17,0.941,12,25,37,17,5,4,13,13,1610612765,DET,Detroit Pistons,1610612760,OKC,Oklahoma City Thunder
0021501110,2016-03-29,2015-16,regular_season,road,False,1610612760,OKC,Thunder,Bench,144:27,39,Oklahoma City,thunder,16,33,0.485,4,11,0.364,3,7,0.429,8,15,23,6,2,3,7,5,1610612765,DET,Detroit Pistons,1610612760,OKC,Oklahoma City Thunder
0021501110,2016-03-29,2015-16,regular_season,road,False,1610612760,OKC,Thunder,Starters,144:27,43,Oklahoma City,thunder,15,49,0.306,2,10,0.2,11,15,0.733,6,16,22,10,8,4,12,16,1610612765,DET,Detroit Pistons,1610612760,OKC,Oklahoma City Thunder
0021501111,2016-03-29,2015-16,regular_season,home,False,1610612739,CLE,Cavaliers,Bench,144:38,39,Cleveland,cavaliers,11,27,0.407,5,14,0.357,12,13,0.923,6,8,14,9,3,1,3,11,1610612739,CLE,Cleveland Cavaliers,1610612745,HOU,Houston Rockets
0021501111,2016-03-29,2015-16,regular_season,home,False,1610612739,CLE,Cavaliers,Starters,144:38,61,Cleveland,cavaliers,20,59,0.339,9,26,0.346,12,15,0.8,4,20,24,12,2,4,8,20,1610612739,CLE,Cleveland Cavaliers,1610612745,HOU,Houston Rockets
0021501111,2016-03-29,2015-16,regular_season,road,False,1610612745,HOU,Rockets,Bench,155:48,37,Houston,rockets,16,33,0.485,2,6,0.333,3,6,0.5,7,16,23,3,3,2,5,11,1610612739,CLE,Cleveland Cavaliers,1610612745,HOU,Houston Rockets
0021501111,2016-03-29,2015-16,regular_season,road,False,1610612745,HOU,Rockets,Starters,155:48,69,Houston,rockets,22,46,0.478,7,19,0.368,18,36,0.5,7,25,32,20,4,3,9,13,1610612739,CLE,Cleveland Cavaliers,1610612745,HOU,Houston Rockets
0021501112,2016-03-29,2015-16,regular_season,home,False,1610612744,GSW,Warriors,Bench,156:18,29,Golden State,warriors,11,29,0.379,0,3,0.0,7,15,0.467,3,10,13,6,3,3,3,11,1610612744,GSW,Golden State Warriors,1610612764,WAS,Washington Wizards
0021501112,2016-03-29,2015-16,regular_season,home,False,1610612744,GSW,Warriors,Starters,156:18,73,Golden State,warriors,27,58,0.466,11,22,0.5,8,8,1.0,4,38,42,21,8,3,13,12,1610612744,GSW,Golden State Warriors,1610612764,WAS,Washington Wizards
0021501112,2016-03-29,2015-16,regular_season,road,False,1610612764,WAS,Wizards,Bench,149:08,34,Washington,wizards,13,29,0.448,1,6,0.167,7,13,0.538,3,14,17,10,2,0,8,8,1610612744,GSW,Golden State Warriors,1610612764,WAS,Washington Wizards
0021501112,2016-03-29,2015-16,regular_season,road,False,1610612764,WAS,Wizards,Starters,149:08,60,Washington,wizards,23,57,0.404,4,17,0.235,10,14,0.714,4,27,31,16,4,7,9,11,1610612744,GSW,Golden State Warriors,1610612764,WAS,Washington Wizards
0021501113,2016-03-30,2015-16,regular_season,home,False,1610612761,TOR,Raptors,Bench,148:16,31,Toronto,raptors,10,23,0.435,4,12,0.333,7,10,0.7,4,13,17,7,6,2,1,5,1610612761,TOR,Toronto Raptors,1610612737,ATL,Atlanta Hawks
0021501113,2016-03-30,2015-16,regular_season,home,False,1610612761,TOR,Raptors,Starters,148:16,74,Toronto,raptors,26,57,0.456,7,11,0.636,15,18,0.833,4,23,27,19,8,2,10,14,1610612761,TOR,Toronto Raptors,1610612737,ATL,Atlanta Hawks
0021501113,2016-03-30,2015-16,regular_season,road,False,1610612737,ATL,Hawks,Bench,117:31,53,Atlanta,hawks,18,37,0.486,10,20,0.5,7,9,0.778,3,15,18,13,0,3,10,9,1610612761,TOR,Toronto Raptors,1610612737,ATL,Atlanta Hawks
0021501113,2016-03-30,2015-16,regular_season,road,False,1610612737,ATL,Hawks,Starters,117:31,44,Atlanta,hawks,19,46,0.413,4,13,0.308,2,4,0.5,8,18,26,11,3,4,8,10,1610612761,TOR,Toronto Raptors,1610612737,ATL,Atlanta Hawks
0021501114,2016-03-30,2015-16,regular_season,home,False,1610612763,MEM,Grizzlies,Bench,138:29,48,Memphis,grizzlies,18,42,0.429,2,6,0.333,10,17,0.588,11,11,22,7,0,2,4,11,1610612763,MEM,Memphis Grizzlies,1610612743,DEN,Denver Nuggets
0021501114,2016-03-30,2015-16,regular_season,home,False,1610612763,MEM,Grizzlies,Starters,138:29,57,Memphis,grizzlies,23,53,0.434,4,13,0.308,7,10,0.7,9,15,24,11,5,2,6,8,1610612763,MEM,Memphis Grizzlies,1610612743,DEN,Denver Nuggets
0021501114,2016-03-30,2015-16,regular_season,road,False,1610612743,DEN,Nuggets,Bench,131:15,60,Denver,nuggets,19,37,0.514,7,14,0.5,15,18,0.833,3,15,18,12,2,4,4,10,1610612763,MEM,Memphis Grizzlies,1610612743,DEN,Denver Nuggets
0021501114,2016-03-30,2015-16,regular_season,road,False,1610612743,DEN,Nuggets,Starters,131:15,49,Denver,nuggets,19,41,0.463,6,15,0.4,5,6,0.833,8,16,24,12,2,3,10,19,1610612763,MEM,Memphis Grizzlies,1610612743,DEN,Denver Nuggets
0021501115,2016-03-30,2015-16,regular_season,home,False,1610612749,MIL,Bucks,Bench,141:21,32,Milwaukee,bucks,12,30,0.4,2,7,0.286,6,8,0.75,4,13,17,6,6,6,5,10,1610612749,MIL,Milwaukee Bucks,1610612756,PHX,Phoenix Suns
0021501115,2016-03-30,2015-16,regular_season,home,False,1610612749,MIL,Bucks,Starters,141:21,73,Milwaukee,bucks,25,47,0.532,4,8,0.5,19,26,0.731,5,16,21,15,7,3,8,13,1610612749,MIL,Milwaukee Bucks,1610612756,PHX,Phoenix Suns
0021501115,2016-03-30,2015-16,regular_season,road,False,1610612756,PHX,Suns,Bench,187:08,9,Phoenix,suns,4,17,0.235,1,8,0.125,0,2,0.0,1,4,5,2,3,0,3,4,1610612749,MIL,Milwaukee Bucks,1610612756,PHX,Phoenix Suns
0021501115,2016-03-30,2015-16,regular_season,road,False,1610612756,PHX,Suns,Starters,187:08,85,Phoenix,suns,34,67,0.507,4,16,0.25,13,15,0.867,14,30,44,21,3,4,19,19,1610612749,MIL,Milwaukee Bucks,1610612756,PHX,Phoenix Suns
0021501116,2016-03-30,2015-16,regular_season,home,False,1610612750,MIN,Timberwolves,Bench,116:57,44,Minnesota,timberwolves,17,44,0.386,3,14,0.214,7,12,0.583,7,20,27,11,0,0,6,7,1610612750,MIN,Minnesota Timberwolves,1610612746,LAC,LA Clippers
0021501116,2016-03-30,2015-16,regular_season,home,False,1610612750,MIN,Timberwolves,Starters,116:57,35,Minnesota,timberwolves,13,43,0.302,5,9,0.556,4,5,0.8,7,19,26,9,2,1,10,8,1610612750,MIN,Minnesota Timberwolves,1610612746,LAC,LA Clippers
0021501116,2016-03-30,2015-16,regular_season,road,False,1610612746,LAC,Clippers,Bench,135:55,37,LA,clippers,14,35,0.4,4,12,0.333,5,5,1.0,0,11,11,6,5,4,3,10,1610612750,MIN,Minnesota Timberwolves,1610612746,LAC,LA Clippers
0021501116,2016-03-30,2015-16,regular_season,road,False,1610612746,LAC,Clippers,Starters,135:55,62,LA,clippers,23,49,0.469,5,19,0.263,11,13,0.846,7,23,30,20,3,5,4,7,1610612750,MIN,Minnesota Timberwolves,1610612746,LAC,LA Clippers
0021501117,2016-03-30,2015-16,regular_season,home,False,1610612742,DAL,Mavericks,Bench,151:29,44,Dallas,mavericks,18,33,0.545,4,8,0.5,4,4,1.0,10,10,20,9,1,0,8,3,1610612742,DAL,Dallas Mavericks,1610612752,NYK,New York Knicks
0021501117,2016-03-30,2015-16,regular_season,home,False,1610612742,DAL,Mavericks,Starters,151:29,47,Dallas,mavericks,17,52,0.327,4,17,0.235,9,13,0.692,4,18,22,9,6,1,7,12,1610612742,DAL,Dallas Mavericks,1610612752,NYK,New York Knicks
0021501117,2016-03-30,2015-16,regular_season,road,False,1610612752,NYK,Knicks,Bench,132:50,26,New York,knicks,11,34,0.324,0,9,0.0,4,5,0.8,2,10,12,8,7,2,6,11,1610612742,DAL,Dallas Mavericks,1610612752,NYK,New York Knicks
0021501117,2016-03-30,2015-16,regular_season,road,False,1610612752,NYK,Knicks,Starters,132:50,63,New York,knicks,24,43,0.558,3,8,0.375,12,13,0.923,7,24,31,9,4,0,14,8,1610612742,DAL,Dallas Mavericks,1610612752,NYK,New York Knicks
0021501118,2016-03-30,2015-16,regular_season,home,False,1610612759,SAS,Spurs,Bench,125:35,45,San Antonio,spurs,18,31,0.581,7,13,0.538,2,5,0.4,4,7,11,10,6,0,9,11,1610612759,SAS,San Antonio Spurs,1610612740,NOP,New Orleans Pelicans
0021501118,2016-03-30,2015-16,regular_season,home,False,1610612759,SAS,Spurs,Starters,125:35,55,San Antonio,spurs,18,44,0.409,5,11,0.455,14,17,0.824,2,25,27,13,4,8,3,7,1610612759,SAS,San Antonio Spurs,1610612740,NOP,New Orleans Pelicans
0021501118,2016-03-30,2015-16,regular_season,road,False,1610612740,NOP,Pelicans,Bench,153:08,36,New Orleans,pelicans,13,25,0.52,3,5,0.6,7,9,0.778,4,10,14,15,2,0,10,8,1610612759,SAS,San Antonio Spurs,1610612740,NOP,New Orleans Pelicans
0021501118,2016-03-30,2015-16,regular_season,road,False,1610612740,NOP,Pelicans,Starters,153:08,56,New Orleans,pelicans,23,55,0.418,5,12,0.417,5,9,0.556,7,23,30,12,4,0,7,9,1610612759,SAS,San Antonio Spurs,1610612740,NOP,New Orleans Pelicans
0021501119,2016-03-30,2015-16,regular_season,home,False,1610612762,UTA,Jazz,Bench,182:07,17,Utah,jazz,6,18,0.333,2,9,0.222,3,6,0.5,3,10,13,2,4,0,6,7,1610612762,UTA,Utah Jazz,1610612744,GSW,Golden State Warriors
0021501119,2016-03-30,2015-16,regular_season,home,False,1610612762,UTA,Jazz,Starters,182:07,79,Utah,jazz,31,74,0.419,7,23,0.304,10,23,0.435,13,28,41,12,7,2,9,16,1610612762,UTA,Utah Jazz,1610612744,GSW,Golden State Warriors
0021501119,2016-03-30,2015-16,regular_season,road,False,1610612744,GSW,Warriors,Bench,183:15,22,Golden State,warriors,9,22,0.409,2,6,0.333,2,2,1.0,3,8,11,5,4,2,6,7,1610612762,UTA,Utah Jazz,1610612744,GSW,Golden State Warriors
0021501119,2016-03-30,2015-16,regular_season,road,False,1610612744,GSW,Warriors,Starters,183:15,81,Golden State,warriors,30,67,0.448,10,29,0.345,11,16,0.688,6,29,35,14,2,4,12,14,1610612762,UTA,Utah Jazz,1610612744,GSW,Golden State Warriors
0021501120,2016-03-30,2015-16,regular_season,home,False,1610612758,SAC,Kings,Bench,129:44,49,Sacramento,kings,19,32,0.594,3,7,0.429,8,10,0.8,3,17,20,11,3,2,6,7,1610612758,SAC,Sacramento Kings,1610612764,WAS,Washington Wizards
0021501120,2016-03-30,2015-16,regular_season,home,False,1610612758,SAC,Kings,Starters,129:44,71,Sacramento,kings,28,52,0.538,5,11,0.455,10,15,0.667,3,17,20,16,10,4,10,8,1610612758,SAC,Sacramento Kings,1610612764,WAS,Washington Wizards
0021501120,2016-03-30,2015-16,regular_season,road,False,1610612764,WAS,Wizards,Bench,164:21,34,Washington,wizards,13,19,0.684,1,5,0.2,7,8,0.875,2,12,14,7,1,0,7,11,1610612758,SAC,Sacramento Kings,1610612764,WAS,Washington Wizards
0021501120,2016-03-30,2015-16,regular_season,road,False,1610612764,WAS,Wizards,Starters,164:21,77,Washington,wizards,30,70,0.429,8,21,0.381,9,12,0.75,8,20,28,23,5,4,13,8,1610612758,SAC,Sacramento Kings,1610612764,WAS,Washington Wizards
0021501121,2016-03-30,2015-16,regular_season,home,False,1610612747,LAL,Lakers,Bench,151:47,33,Los Angeles,lakers,12,36,0.333,2,7,0.286,7,10,0.7,6,8,14,8,3,2,2,9,1610612747,LAL,Los Angeles Lakers,1610612748,MIA,Miami Heat
0021501121,2016-03-30,2015-16,regular_season,home,False,1610612747,LAL,Lakers,Starters,151:47,69,Los Angeles,lakers,25,66,0.379,4,13,0.308,15,19,0.789,13,22,35,6,6,3,7,12,1610612747,LAL,Los Angeles Lakers,1610612748,MIA,Miami Heat
0021501121,2016-03-30,2015-16,regular_season,road,False,1610612748,MIA,Heat,Bench,168:17,27,Miami,heat,9,22,0.409,0,4,0.0,9,18,0.5,6,18,24,5,2,7,6,11,1610612747,LAL,Los Angeles Lakers,1610612748,MIA,Miami Heat
0021501121,2016-03-30,2015-16,regular_season,road,False,1610612748,MIA,Heat,Starters,168:17,73,Miami,heat,32,64,0.5,3,13,0.231,6,8,0.75,8,23,31,21,4,6,11,12,1610612747,LAL,Los Angeles Lakers,1610612748,MIA,Miami Heat
0021501122,2016-03-31,2015-16,regular_season,home,False,1610612739,CLE,Cavaliers,Bench,122:12,36,Cleveland,cavaliers,13,38,0.342,6,18,0.333,4,5,0.8,4,20,24,10,4,2,5,10,1610612739,CLE,Cleveland Cavaliers,1610612751,BKN,Brooklyn Nets
0021501122,2016-03-31,2015-16,regular_season,home,False,1610612739,CLE,Cavaliers,Starters,122:12,71,Cleveland,cavaliers,25,49,0.51,6,20,0.3,15,19,0.789,5,21,26,19,6,5,12,7,1610612739,CLE,Cleveland Cavaliers,1610612751,BKN,Brooklyn Nets
0021501122,2016-03-31,2015-16,regular_season,road,False,1610612751,BKN,Nets,Bench,124:41,38,Brooklyn,nets,17,46,0.37,1,11,0.091,3,7,0.429,7,21,28,13,6,4,4,8,1610612739,CLE,Cleveland Cavaliers,1610612751,BKN,Brooklyn Nets
0021501122,2016-03-31,2015-16,regular_season,road,False,1610612751,BKN,Nets,Starters,124:41,49,Brooklyn,nets,18,48,0.375,3,10,0.3,10,14,0.714,6,21,27,13,6,0,13,11,1610612739,CLE,Cleveland Cavaliers,1610612751,BKN,Brooklyn Nets
0021501123,2016-03-31,2015-16,regular_season,home,False,1610612754,IND,Pacers,Bench,146:01,31,Indiana,pacers,12,27,0.444,3,7,0.429,4,6,0.667,10,11,21,7,3,1,6,9,1610612754,IND,Indiana Pacers,1610612753,ORL,Orlando Magic
0021501123,2016-03-31,2015-16,regular_season,home,False,1610612754,IND,Pacers,Starters,146:01,63,Indiana,pacers,24,59,0.407,4,12,0.333,11,15,0.733,7,21,28,11,8,3,13,9,1610612754,IND,Indiana Pacers,1610612753,ORL,Orlando Magic
0021501123,2016-03-31,2015-16,regular_season,road,False,1610612753,ORL,Magic,Bench,135:57,47,Orlando,magic,21,40,0.525,0,6,0.0,5,7,0.714,4,16,20,11,1,4,4,8,1610612754,IND,Indiana Pacers,1610612753,ORL,Orlando Magic
0021501123,2016-03-31,2015-16,regular_season,road,False,1610612753,ORL,Magic,Starters,135:57,67,Orlando,magic,27,50,0.54,5,10,0.5,8,11,0.727,9,15,24,15,5,2,9,10,1610612754,IND,Indiana Pacers,1610612753,ORL,Orlando Magic
0021501124,2016-03-31,2015-16,regular_season,home,False,1610612745,HOU,Rockets,Bench,156:42,31,Houston,rockets,12,36,0.333,1,5,0.2,6,6,1.0,8,10,18,3,2,1,3,10,1610612745,HOU,Houston Rockets,1610612741,CHI,Chicago Bulls
0021501124,2016-03-31,2015-16,regular_season,home,False,1610612745,HOU,Rockets,Starters,156:42,69,Houston,rockets,24,54,0.444,8,20,0.4,13,16,0.813,5,22,27,16,3,5,6,9,1610612745,HOU,Houston Rockets,1610612741,CHI,Chicago Bulls
0021501124,2016-03-31,2015-16,regular_season,road,False,1610612741,CHI,Bulls,Bench,101:48,67,Chicago,bulls,22,45,0.489,10,18,0.556,13,16,0.813,3,19,22,17,2,2,2,13,1610612745,HOU,Houston Rockets,1610612741,CHI,Chicago Bulls
0021501124,2016-03-31,2015-16,regular_season,road,False,1610612741,CHI,Bulls,Starters,101:48,36,Chicago,bulls,15,32,0.469,1,6,0.167,5,6,0.833,2,18,20,11,3,2,13,7,1610612745,HOU,Houston Rockets,1610612741,CHI,Chicago Bulls
0021501125,2016-03-31,2015-16,regular_season,home,False,1610612740,NOP,Pelicans,Bench,157:02,40,New Orleans,pelicans,16,33,0.485,6,10,0.6,2,2,1.0,9,11,20,11,2,1,7,8,1610612740,NOP,New Orleans Pelicans,1610612743,DEN,Denver Nuggets
0021501125,2016-03-31,2015-16,regular_season,home,False,1610612740,NOP,Pelicans,Starters,157:02,61,New Orleans,pelicans,24,57,0.421,7,19,0.368,6,7,0.857,5,26,31,18,5,3,9,8,1610612740,NOP,New Orleans Pelicans,1610612743,DEN,Denver Nuggets
0021501125,2016-03-31,2015-16,regular_season,road,False,1610612743,DEN,Nuggets,Bench,132:53,45,Denver,nuggets,17,37,0.459,5,14,0.357,6,8,0.75,1,15,16,13,4,2,9,9,1610612740,NOP,New Orleans Pelicans,1610612743,DEN,Denver Nuggets
0021501125,2016-03-31,2015-16,regular_season,road,False,1610612743,DEN,Nuggets,Starters,132:53,50,Denver,nuggets,19,46,0.413,5,13,0.385,7,9,0.778,7,17,24,15,6,5,4,6,1610612740,NOP,New Orleans Pelicans,1610612743,DEN,Denver Nuggets
0021501126,2016-03-31,2015-16,regular_season,home,False,1610612760,OKC,Thunder,Bench,166:58,27,Oklahoma City,thunder,12,24,0.5,2,9,0.222,1,1,1.0,5,5,10,5,2,0,1,4,1610612760,OKC,Oklahoma City Thunder,1610612746,LAC,LA Clippers
0021501126,2016-03-31,2015-16,regular_season,home,False,1610612760,OKC,Thunder,Starters,166:58,92,Oklahoma City,thunder,33,63,0.524,8,23,0.348,18,23,0.783,12,24,36,20,8,1,13,9,1610612760,OKC,Oklahoma City Thunder,1610612746,LAC,LA Clippers
0021501126,2016-03-31,2015-16,regular_season,road,False,1610612746,LAC,Clippers,Bench,160:02,28,LA,clippers,9,18,0.5,1,5,0.2,9,13,0.692,2,6,8,5,2,1,2,7,1610612760,OKC,Oklahoma City Thunder,1610612746,LAC,LA Clippers
0021501126,2016-03-31,2015-16,regular_season,road,False,1610612746,LAC,Clippers,Starters,160:02,89,LA,clippers,33,58,0.569,15,24,0.625,8,9,0.889,3,15,18,17,7,3,10,10,1610612760,OKC,Oklahoma City Thunder,1610612746,LAC,LA Clippers
0021501127,2016-03-31,2015-16,regular_season,home,False,1610612757,POR,Trail Blazers,Bench,155:57,37,Portland,blazers,14,23,0.609,5,9,0.556,4,4,1.0,4,15,19,8,6,4,5,11,1610612757,POR,Portland Trail Blazers,1610612738,BOS,Boston Celtics
0021501127,2016-03-31,2015-16,regular_season,home,False,1610612757,POR,Trail Blazers,Starters,155:57,79,Portland,blazers,27,67,0.403,9,25,0.36,16,23,0.696,11,20,31,18,3,6,10,9,1610612757,POR,Portland Trail Blazers,1610612738,BOS,Boston Celtics
0021501127,2016-03-31,2015-16,regular_season,road,False,1610612738,BOS,Celtics,Bench,153:55,32,Boston,celtics,10,24,0.417,2,6,0.333,10,12,0.833,1,8,9,9,5,4,4,9,1610612757,POR,Portland Trail Blazers,1610612738,BOS,Boston Celtics
0021501127,2016-03-31,2015-16,regular_season,road,False,1610612738,BOS,Celtics,Starters,153:55,77,Boston,celtics,27,64,0.422,7,18,0.389,16,22,0.727,15,24,39,11,7,2,11,16,1610612757,POR,Portland Trail Blazers,1610612738,BOS,Boston Celtics
0021501128,2016-04-01,2015-16,regular_season,home,False,1610612766,CHA,Hornets,Bench,162:24,35,Charlotte,hornets,13,28,0.464,1,5,0.2,8,9,0.889,1,20,21,7,3,4,5,9,1610612766,CHA,Charlotte Hornets,1610612755,PHI,Philadelphia 76ers
0021501128,2016-04-01,2015-16,regular_season,home,False,1610612766,CHA,Hornets,Starters,162:24,65,Charlotte,hornets,23,56,0.411,6,22,0.273,13,18,0.722,7,27,34,16,6,2,6,5,1610612766,CHA,Charlotte Hornets,1610612755,PHI,Philadelphia 76ers
0021501128,2016-04-01,2015-16,regular_season,road,False,1610612755,PHI,76ers,Bench,128:58,33,Philadelphia,sixers,11,37,0.297,4,18,0.222,7,10,0.7,4,23,27,12,1,3,4,8,1610612766,CHA,Charlotte Hornets,1610612755,PHI,Philadelphia 76ers
0021501128,2016-04-01,2015-16,regular_season,road,False,1610612755,PHI,76ers,Starters,128:58,58,Philadelphia,sixers,22,53,0.415,6,21,0.286,8,11,0.727,5,16,21,12,4,4,5,12,1610612766,CHA,Charlotte Hornets,1610612755,PHI,Philadelphia 76ers
0021501129,2016-04-01,2015-16,regular_season,home,False,1610612765,DET,Pistons,Bench,192:35,6,Detroit,pistons,2,12,0.167,2,7,0.286,0,0,0.0,3,3,6,7,0,0,3,4,1610612765,DET,Detroit Pistons,1610612742,DAL,Dallas Mavericks
0021501129,2016-04-01,2015-16,regular_season,home,False,1610612765,DET,Pistons,Starters,192:35,83,Detroit,pistons,29,69,0.42,11,26,0.423,14,24,0.583,9,32,41,16,4,4,8,13,1610612765,DET,Detroit Pistons,1610612742,DAL,Dallas Mavericks
0021501129,2016-04-01,2015-16,regular_season,road,False,1610612742,DAL,Mavericks,Bench,169:36,23,Dallas,mavericks,10,20,0.5,1,6,0.167,2,2,1.0,3,13,16,6,2,4,4,11,1610612765,DET,Detroit Pistons,1610612742,DAL,Dallas Mavericks
0021501129,2016-04-01,2015-16,regular_season,road,False,1610612742,DAL,Mavericks,Starters,169:36,75,Dallas,mavericks,29,65,0.446,7,18,0.389,10,12,0.833,5,27,32,12,2,1,6,7,1610612765,DET,Detroit Pistons,1610612742,DAL,Dallas Mavericks
0021501130,2016-04-01,2015-16,regular_season,home,False,1610612752,NYK,Knicks,Bench,123:31,51,New York,knicks,21,41,0.512,6,11,0.545,3,3,1.0,2,25,27,13,3,2,10,7,1610612752,NYK,New York Knicks,1610612751,BKN,Brooklyn Nets
0021501130,2016-04-01,2015-16,regular_season,home,False,1610612752,NYK,Knicks,Starters,123:31,54,New York,knicks,21,43,0.488,8,12,0.667,4,4,1.0,5,14,19,11,1,6,7,5,1610612752,NYK,New York Knicks,1610612751,BKN,Brooklyn Nets
0021501130,2016-04-01,2015-16,regular_season,road,False,1610612751,BKN,Nets,Bench,126:00,47,Brooklyn,nets,18,48,0.375,3,16,0.188,8,10,0.8,5,16,21,6,2,1,4,6,1610612752,NYK,New York Knicks,1610612751,BKN,Brooklyn Nets
0021501130,2016-04-01,2015-16,regular_season,road,False,1610612751,BKN,Nets,Starters,126:00,44,Brooklyn,nets,18,53,0.34,1,8,0.125,7,10,0.7,15,16,31,14,9,1,7,5,1610612752,NYK,New York Knicks,1610612751,BKN,Brooklyn Nets
0021501131,2016-04-01,2015-16,regular_season,home,False,1610612737,ATL,Hawks,Bench,200:40,16,Atlanta,hawks,5,19,0.263,0,5,0.0,6,8,0.75,1,6,7,3,1,1,8,11,1610612737,ATL,Atlanta Hawks,1610612739,CLE,Cleveland Cavaliers
0021501131,2016-04-01,2015-16,regular_season,home,False,1610612737,ATL,Hawks,Starters,200:40,92,Atlanta,hawks,33,76,0.434,9,25,0.36,17,18,0.944,4,37,41,22,4,7,7,16,1610612737,ATL,Atlanta Hawks,1610612739,CLE,Cleveland Cavaliers
0021501131,2016-04-01,2015-16,regular_season,road,False,1610612739,CLE,Cavaliers,Bench,170:49,32,Cleveland,cavaliers,12,24,0.5,2,8,0.25,6,12,0.5,5,17,22,3,3,3,4,11,1610612737,ATL,Atlanta Hawks,1610612739,CLE,Cleveland Cavaliers
0021501131,2016-04-01,2015-16,regular_season,road,False,1610612739,CLE,Cavaliers,Starters,170:49,78,Cleveland,cavaliers,27,74,0.365,10,30,0.333,14,19,0.737,6,29,35,24,6,3,8,12,1610612737,ATL,Atlanta Hawks,1610612739,CLE,Cleveland Cavaliers
0021501132,2016-04-01,2015-16,regular_season,home,False,1610612763,MEM,Grizzlies,Bench,123:52,52,Memphis,grizzlies,20,42,0.476,4,10,0.4,8,11,0.727,8,14,22,8,6,4,6,8,1610612763,MEM,Memphis Grizzlies,1610612761,TOR,Toronto Raptors
0021501132,2016-04-01,2015-16,regular_season,home,False,1610612763,MEM,Grizzlies,Starters,123:52,43,Memphis,grizzlies,17,49,0.347,3,9,0.333,6,6,1.0,10,10,20,8,7,3,8,17,1610612763,MEM,Memphis Grizzlies,1610612761,TOR,Toronto Raptors
0021501132,2016-04-01,2015-16,regular_season,road,False,1610612761,TOR,Raptors,Bench,161:13,19,Toronto,raptors,7,23,0.304,5,13,0.385,0,0,0.0,5,3,8,5,1,2,5,11,1610612763,MEM,Memphis Grizzlies,1610612761,TOR,Toronto Raptors
0021501132,2016-04-01,2015-16,regular_season,road,False,1610612761,TOR,Raptors,Starters,161:13,80,Toronto,raptors,23,48,0.479,7,15,0.467,27,29,0.931,6,27,33,11,7,10,13,8,1610612763,MEM,Memphis Grizzlies,1610612761,TOR,Toronto Raptors
0021501133,2016-04-01,2015-16,regular_season,home,False,1610612749,MIL,Bucks,Bench,171:35,29,Milwaukee,bucks,11,22,0.5,2,7,0.286,5,8,0.625,3,5,8,7,3,0,6,10,1610612749,MIL,Milwaukee Bucks,1610612753,ORL,Orlando Magic
0021501133,2016-04-01,2015-16,regular_season,home,False,1610612749,MIL,Bucks,Starters,171:35,84,Milwaukee,bucks,36,64,0.563,2,10,0.2,10,17,0.588,6,26,32,24,11,6,10,5,1610612749,MIL,Milwaukee Bucks,1610612753,ORL,Orlando Magic
0021501133,2016-04-01,2015-16,regular_season,road,False,1610612753,ORL,Magic,Bench,143:45,54,Orlando,magic,23,33,0.697,4,7,0.571,4,5,0.8,2,12,14,15,5,4,8,6,1610612749,MIL,Milwaukee Bucks,1610612753,ORL,Orlando Magic
0021501133,2016-04-01,2015-16,regular_season,road,False,1610612753,ORL,Magic,Starters,143:45,56,Orlando,magic,23,53,0.434,4,17,0.235,6,7,0.857,2,21,23,19,8,4,12,16,1610612749,MIL,Milwaukee Bucks,1610612753,ORL,Orlando Magic
0021501134,2016-04-01,2015-16,regular_season,home,False,1610612762,UTA,Jazz,Bench,180:34,15,Utah,jazz,6,15,0.4,2,6,0.333,1,2,0.5,2,10,12,2,2,1,5,5,1610612762,UTA,Utah Jazz,1610612750,MIN,Minnesota Timberwolves
0021501134,2016-04-01,2015-16,regular_season,home,False,1610612762,UTA,Jazz,Starters,180:34,83,Utah,jazz,32,57,0.561,6,16,0.375,13,21,0.619,9,22,31,11,7,4,10,6,1610612762,UTA,Utah Jazz,1610612750,MIN,Minnesota Timberwolves
0021501134,2016-04-01,2015-16,regular_season,road,False,1610612750,MIN,Timberwolves,Bench,151:32,31,Minnesota,timberwolves,13,22,0.591,4,7,0.571,1,2,0.5,4,8,12,6,3,0,4,5,1610612762,UTA,Utah Jazz,1610612750,MIN,Minnesota Timberwolves
0021501134,2016-04-01,2015-16,regular_season,road,False,1610612750,MIN,Timberwolves,Starters,151:32,54,Minnesota,timberwolves,22,57,0.386,5,16,0.313,5,8,0.625,6,16,22,19,8,1,11,15,1610612762,UTA,Utah Jazz,1610612750,MIN,Minnesota Timberwolves
0021501135,2016-04-01,2015-16,regular_season,home,False,1610612758,SAC,Kings,Bench,135:33,52,Sacramento,kings,20,37,0.541,3,9,0.333,9,13,0.692,8,7,15,5,2,3,5,9,1610612758,SAC,Sacramento Kings,1610612748,MIA,Miami Heat
0021501135,2016-04-01,2015-16,regular_season,home,False,1610612758,SAC,Kings,Starters,135:33,54,Sacramento,kings,18,50,0.36,4,12,0.333,14,16,0.875,8,18,26,15,5,2,8,7,1610612758,SAC,Sacramento Kings,1610612748,MIA,Miami Heat
0021501135,2016-04-01,2015-16,regular_season,road,False,1610612748,MIA,Heat,Bench,151:31,25,Miami,heat,10,24,0.417,2,4,0.5,3,3,1.0,3,18,21,3,0,5,5,9,1610612758,SAC,Sacramento Kings,1610612748,MIA,Miami Heat
0021501135,2016-04-01,2015-16,regular_season,road,False,1610612748,MIA,Heat,Starters,151:31,87,Miami,heat,32,58,0.552,10,18,0.556,13,14,0.929,4,13,17,20,5,1,13,13,1610612758,SAC,Sacramento Kings,1610612748,MIA,Miami Heat
0021501136,2016-04-01,2015-16,regular_season,home,False,1610612744,GSW,Warriors,Bench,163:35,28,Golden State,warriors,11,21,0.524,3,6,0.5,3,6,0.5,2,10,12,3,3,4,5,12,1610612744,GSW,Golden State Warriors,1610612738,BOS,Boston Celtics
0021501136,2016-04-01,2015-16,regular_season,home,False,1610612744,GSW,Warriors,Starters,163:35,78,Golden State,warriors,27,62,0.435,17,37,0.459,7,7,1.0,6,23,29,22,9,3,17,12,1610612744,GSW,Golden State Warriors,1610612738,BOS,Boston Celtics
0021501136,2016-04-01,2015-16,regular_season,road,False,1610612738,BOS,Celtics,Bench,158:22,24,Boston,celtics,9,24,0.375,3,9,0.333,3,4,0.75,3,12,15,8,2,0,3,4,1610612744,GSW,Golden State Warriors,1610612738,BOS,Boston Celtics
0021501136,2016-04-01,2015-16,regular_season,road,False,1610612738,BOS,Celtics,Starters,158:22,85,Boston,celtics,32,63,0.508,5,14,0.357,16,26,0.615,8,21,29,20,8,1,11,10,1610612744,GSW,Golden State Warriors,1610612738,BOS,Boston Celtics
0021501137,2016-04-01,2015-16,regular_season,home,False,1610612756,PHX,Suns,Bench,166:53,47,Phoenix,suns,17,31,0.548,3,9,0.333,10,12,0.833,3,12,15,6,3,1,6,5,1610612756,PHX,Phoenix Suns,1610612764,WAS,Washington Wizards
0021501137,2016-04-01,2015-16,regular_season,home,False,1610612756,PHX,Suns,Starters,166:53,52,Phoenix,suns,19,62,0.306,4,14,0.286,10,14,0.714,14,27,41,13,2,2,10,17,1610612756,PHX,Phoenix Suns,1610612764,WAS,Washington Wizards
0021501137,2016-04-01,2015-16,regular_season,road,False,1610612764,WAS,Wizards,Bench,172:36,20,Washington,wizards,8,18,0.444,2,4,0.5,2,4,0.5,1,7,8,4,2,1,3,12,1610612756,PHX,Phoenix Suns,1610612764,WAS,Washington Wizards
0021501137,2016-04-01,2015-16,regular_season,road,False,1610612764,WAS,Wizards,Starters,172:36,86,Washington,wizards,30,68,0.441,8,22,0.364,18,21,0.857,8,28,36,18,4,6,9,12,1610612756,PHX,Phoenix Suns,1610612764,WAS,Washington Wizards
0021501138,2016-04-02,2015-16,regular_season,home,False,1610612755,PHI,76ers,Bench,167:23,18,Philadelphia,sixers,6,18,0.333,2,4,0.5,4,5,0.8,2,10,12,9,1,0,5,9,1610612755,PHI,Philadelphia 76ers,1610612754,IND,Indiana Pacers
0021501138,2016-04-02,2015-16,regular_season,home,False,1610612755,PHI,76ers,Starters,167:23,84,Philadelphia,sixers,28,65,0.431,14,33,0.424,14,21,0.667,6,20,26,14,2,1,11,13,1610612755,PHI,Philadelphia 76ers,1610612754,IND,Indiana Pacers
0021501138,2016-04-02,2015-16,regular_season,road,False,1610612754,IND,Pacers,Bench,119:40,61,Indiana,pacers,24,39,0.615,6,13,0.462,7,10,0.7,2,19,21,13,6,2,6,15,1610612755,PHI,Philadelphia 76ers,1610612754,IND,Indiana Pacers
0021501138,2016-04-02,2015-16,regular_season,road,False,1610612754,IND,Pacers,Starters,119:40,54,Indiana,pacers,20,45,0.444,2,10,0.2,12,13,0.923,4,23,27,14,3,2,7,9,1610612755,PHI,Philadelphia 76ers,1610612754,IND,Indiana Pacers
0021501139,2016-04-02,2015-16,regular_season,home,False,1610612741,CHI,Bulls,Bench,146:09,30,Chicago,bulls,10,26,0.385,4,10,0.4,6,7,0.857,1,8,9,3,2,2,5,12,1610612741,CHI,Chicago Bulls,1610612765,DET,Detroit Pistons
0021501139,2016-04-02,2015-16,regular_season,home,False,1610612741,CHI,Bulls,Starters,146:09,60,Chicago,bulls,24,62,0.387,5,15,0.333,7,8,0.875,10,28,38,18,4,8,6,13,1610612741,CHI,Chicago Bulls,1610612765,DET,Detroit Pistons
0021501139,2016-04-02,2015-16,regular_season,road,False,1610612765,DET,Pistons,Bench,180:43,11,Detroit,pistons,3,11,0.273,3,6,0.5,2,2,1.0,0,13,13,3,2,0,1,3,1610612741,CHI,Chicago Bulls,1610612765,DET,Detroit Pistons
0021501139,2016-04-02,2015-16,regular_season,road,False,1610612765,DET,Pistons,Starters,180:43,83,Detroit,pistons,29,65,0.446,7,14,0.5,18,32,0.563,7,25,32,14,6,2,9,13,1610612741,CHI,Chicago Bulls,1610612765,DET,Detroit Pistons
0021501140,2016-04-02,2015-16,regular_season,home,False,1610612759,SAS,Spurs,Bench,153:11,22,San Antonio,spurs,8,22,0.364,2,9,0.222,4,5,0.8,4,7,11,16,5,1,4,5,1610612759,SAS,San Antonio Spurs,1610612761,TOR,Toronto Raptors
0021501140,2016-04-02,2015-16,regular_season,home,False,1610612759,SAS,Spurs,Starters,153:11,80,San Antonio,spurs,27,55,0.491,3,11,0.273,23,25,0.92,11,25,36,12,6,4,10,9,1610612759,SAS,San Antonio Spurs,1610612761,TOR,Toronto Raptors
0021501140,2016-04-02,2015-16,regular_season,road,False,1610612761,TOR,Raptors,Bench,121:30,44,Toronto,raptors,18,37,0.486,5,11,0.455,3,3,1.0,4,15,19,7,6,1,4,10,1610612759,SAS,San Antonio Spurs,1610612761,TOR,Toronto Raptors
0021501140,2016-04-02,2015-16,regular_season,road,False,1610612761,TOR,Raptors,Starters,121:30,51,Toronto,raptors,22,43,0.512,1,7,0.143,6,7,0.857,2,11,13,11,2,2,9,11,1610612759,SAS,San Antonio Spurs,1610612761,TOR,Toronto Raptors
0021501141,2016-04-02,2015-16,regular_season,home,False,1610612743,DEN,Nuggets,Bench,140:46,49,Denver,nuggets,18,43,0.419,2,13,0.154,11,16,0.688,7,13,20,10,1,2,6,9,1610612743,DEN,Denver Nuggets,1610612758,SAC,Sacramento Kings
0021501141,2016-04-02,2015-16,regular_season,home,False,1610612743,DEN,Nuggets,Starters,140:46,57,Denver,nuggets,22,49,0.449,7,16,0.438,6,8,0.75,8,22,30,17,2,8,4,13,1610612743,DEN,Denver Nuggets,1610612758,SAC,Sacramento Kings
0021501141,2016-04-02,2015-16,regular_season,road,False,1610612758,SAC,Kings,Bench,161:38,43,Sacramento,kings,17,30,0.567,4,11,0.364,5,7,0.714,1,15,16,10,2,2,3,4,1610612743,DEN,Denver Nuggets,1610612758,SAC,Sacramento Kings
0021501141,2016-04-02,2015-16,regular_season,road,False,1610612758,SAC,Kings,Starters,161:38,72,Sacramento,kings,24,58,0.414,4,10,0.4,20,24,0.833,10,22,32,17,2,3,4,16,1610612743,DEN,Denver Nuggets,1610612758,SAC,Sacramento Kings
0021501142,2016-04-02,2015-16,regular_season,home,False,1610612757,POR,Trail Blazers,Bench,145:19,29,Portland,blazers,11,26,0.423,2,3,0.667,5,7,0.714,6,15,21,2,1,1,4,8,1610612757,POR,Portland Trail Blazers,1610612748,MIA,Miami Heat
0021501142,2016-04-02,2015-16,regular_season,home,False,1610612757,POR,Trail Blazers,Starters,145:19,81,Portland,blazers,30,53,0.566,8,12,0.667,13,16,0.813,2,22,24,19,8,3,11,11,1610612757,POR,Portland Trail Blazers,1610612748,MIA,Miami Heat
0021501142,2016-04-02,2015-16,regular_season,road,False,1610612748,MIA,Heat,Bench,130:02,42,Miami,heat,15,40,0.375,3,6,0.5,9,13,0.692,3,19,22,11,3,4,6,11,1610612757,POR,Portland Trail Blazers,1610612748,MIA,Miami Heat
0021501142,2016-04-02,2015-16,regular_season,road,False,1610612748,MIA,Heat,Starters,130:02,51,Miami,heat,19,48,0.396,3,13,0.231,10,14,0.714,9,11,20,5,6,0,7,6,1610612757,POR,Portland Trail Blazers,1610612748,MIA,Miami Heat
0021501143,2016-04-03,2015-16,regular_season,home,False,1610612751,BKN,Nets,Bench,136:05,40,Brooklyn,nets,15,38,0.395,5,12,0.417,5,6,0.833,9,12,21,7,0,0,11,16,1610612751,BKN,Brooklyn Nets,1610612740,NOP,New Orleans Pelicans
0021501143,2016-04-03,2015-16,regular_season,home,False,1610612751,BKN,Nets,Starters,136:05,47,Brooklyn,nets,18,47,0.383,3,11,0.273,8,15,0.533,12,17,29,13,5,3,9,7,1610612751,BKN,Brooklyn Nets,1610612740,NOP,New Orleans Pelicans
0021501143,2016-04-03,2015-16,regular_season,road,False,1610612740,NOP,Pelicans,Bench,129:53,56,New Orleans,pelicans,21,33,0.636,4,9,0.444,10,14,0.714,1,11,12,17,9,6,3,9,1610612751,BKN,Brooklyn Nets,1610612740,NOP,New Orleans Pelicans
0021501143,2016-04-03,2015-16,regular_season,road,False,1610612740,NOP,Pelicans,Starters,129:53,50,New Orleans,pelicans,21,43,0.488,4,13,0.308,4,9,0.444,4,16,20,14,2,1,9,12,1610612751,BKN,Brooklyn Nets,1610612740,NOP,New Orleans Pelicans
0021501144,2016-04-03,2015-16,regular_season,home,False,1610612739,CLE,Cavaliers,Bench,151:30,21,Cleveland,cavaliers,8,19,0.421,3,9,0.333,2,6,0.333,6,10,16,5,4,0,4,4,1610612739,CLE,Cleveland Cavaliers,1610612766,CHA,Charlotte Hornets
0021501144,2016-04-03,2015-16,regular_season,home,False,1610612739,CLE,Cavaliers,Starters,151:30,91,Cleveland,cavaliers,37,64,0.578,13,20,0.65,4,7,0.571,9,21,30,29,3,1,13,15,1610612739,CLE,Cleveland Cavaliers,1610612766,CHA,Charlotte Hornets
0021501144,2016-04-03,2015-16,regular_season,road,False,1610612766,CHA,Hornets,Bench,165:39,28,Charlotte,hornets,8,21,0.381,3,7,0.429,9,9,1.0,6,10,16,4,2,1,7,5,1610612739,CLE,Cleveland Cavaliers,1610612766,CHA,Charlotte Hornets
0021501144,2016-04-03,2015-16,regular_season,road,False,1610612766,CHA,Hornets,Starters,165:39,75,Charlotte,hornets,26,55,0.473,6,19,0.316,17,18,0.944,5,14,19,19,13,3,8,8,1610612739,CLE,Cleveland Cavaliers,1610612766,CHA,Charlotte Hornets
0021501145,2016-04-03,2015-16,regular_season,home,False,1610612745,HOU,Rockets,Bench,151:47,41,Houston,rockets,16,40,0.4,3,13,0.231,6,6,1.0,12,8,20,5,6,4,4,11,1610612745,HOU,Houston Rockets,1610612760,OKC,Oklahoma City Thunder
0021501145,2016-04-03,2015-16,regular_season,home,False,1610612745,HOU,Rockets,Starters,151:47,77,Houston,rockets,25,62,0.403,10,29,0.345,17,20,0.85,10,15,25,19,5,1,5,13,1610612745,HOU,Houston Rockets,1610612760,OKC,Oklahoma City Thunder
0021501145,2016-04-03,2015-16,regular_season,road,False,1610612760,OKC,Thunder,Bench,156:41,36,Oklahoma City,thunder,12,23,0.522,3,9,0.333,9,11,0.818,5,4,9,6,2,1,4,6,1610612745,HOU,Houston Rockets,1610612760,OKC,Oklahoma City Thunder
0021501145,2016-04-03,2015-16,regular_season,road,False,1610612760,OKC,Thunder,Starters,156:41,74,Oklahoma City,thunder,26,59,0.441,4,18,0.222,18,21,0.857,10,31,41,15,3,4,15,15,1610612745,HOU,Houston Rockets,1610612760,OKC,Oklahoma City Thunder
0021501146,2016-04-03,2015-16,regular_season,home,False,1610612750,MIN,Timberwolves,Bench,172:57,9,Minnesota,timberwolves,3,12,0.25,0,4,0.0,3,5,0.6,2,6,8,2,2,1,2,6,1610612750,MIN,Minnesota Timberwolves,1610612742,DAL,Dallas Mavericks
0021501146,2016-04-03,2015-16,regular_season,home,False,1610612750,MIN,Timberwolves,Starters,172:57,69,Minnesota,timberwolves,26,59,0.441,4,17,0.235,13,13,1.0,4,29,33,18,6,3,14,12,1610612750,MIN,Minnesota Timberwolves,1610612742,DAL,Dallas Mavericks
0021501146,2016-04-03,2015-16,regular_season,road,False,1610612742,DAL,Mavericks,Bench,150:19,24,Dallas,mavericks,9,25,0.36,3,10,0.3,3,6,0.5,6,10,16,9,2,3,4,7,1610612750,MIN,Minnesota Timberwolves,1610612742,DAL,Dallas Mavericks
0021501146,2016-04-03,2015-16,regular_season,road,False,1610612742,DAL,Mavericks,Starters,150:19,64,Dallas,mavericks,23,58,0.397,11,30,0.367,7,11,0.636,9,19,28,10,4,1,6,10,1610612750,MIN,Minnesota Timberwolves,1610612742,DAL,Dallas Mavericks
0021501147,2016-04-03,2015-16,regular_season,home,False,1610612746,LAC,Clippers,Bench,146:15,43,LA,clippers,16,36,0.444,5,12,0.417,6,7,0.857,6,10,16,10,6,1,7,8,1610612746,LAC,LA Clippers,1610612764,WAS,Washington Wizards
0021501147,2016-04-03,2015-16,regular_season,home,False,1610612746,LAC,Clippers,Starters,146:15,71,LA,clippers,27,49,0.551,3,7,0.429,14,26,0.538,4,24,28,17,3,3,4,9,1610612746,LAC,LA Clippers,1610612764,WAS,Washington Wizards
0021501147,2016-04-03,2015-16,regular_season,road,False,1610612764,WAS,Wizards,Bench,168:07,33,Washington,wizards,14,29,0.483,1,6,0.167,4,9,0.444,6,13,19,9,3,1,6,10,1610612746,LAC,LA Clippers,1610612764,WAS,Washington Wizards
0021501147,2016-04-03,2015-16,regular_season,road,False,1610612764,WAS,Wizards,Starters,168:07,76,Washington,wizards,29,65,0.446,10,24,0.417,8,12,0.667,11,21,32,22,5,0,8,19,1610612746,LAC,LA Clippers,1610612764,WAS,Washington Wizards
0021501148,2016-04-03,2015-16,regular_season,home,False,1610612753,ORL,Magic,Bench,150:45,46,Orlando,magic,17,34,0.5,6,10,0.6,6,9,0.667,3,18,21,8,5,1,5,9,1610612753,ORL,Orlando Magic,1610612763,MEM,Memphis Grizzlies
0021501148,2016-04-03,2015-16,regular_season,home,False,1610612753,ORL,Magic,Starters,150:45,73,Orlando,magic,26,56,0.464,4,16,0.25,17,20,0.85,10,12,22,19,5,2,5,12,1610612753,ORL,Orlando Magic,1610612763,MEM,Memphis Grizzlies
0021501148,2016-04-03,2015-16,regular_season,road,False,1610612763,MEM,Grizzlies,Bench,111:57,54,Memphis,grizzlies,21,41,0.512,2,3,0.667,10,17,0.588,5,20,25,10,3,3,6,11,1610612753,ORL,Orlando Magic,1610612763,MEM,Memphis Grizzlies
0021501148,2016-04-03,2015-16,regular_season,road,False,1610612763,MEM,Grizzlies,Starters,111:57,53,Memphis,grizzlies,20,48,0.417,6,18,0.333,7,9,0.778,7,14,21,12,1,1,8,10,1610612753,ORL,Orlando Magic,1610612763,MEM,Memphis Grizzlies
0021501149,2016-04-03,2015-16,regular_season,home,False,1610612756,PHX,Suns,Bench,183:53,32,Phoenix,suns,12,27,0.444,3,12,0.25,5,6,0.833,2,6,8,4,1,0,9,6,1610612756,PHX,Phoenix Suns,1610612762,UTA,Utah Jazz
0021501149,2016-04-03,2015-16,regular_season,home,False,1610612756,PHX,Suns,Starters,183:53,54,Phoenix,suns,21,51,0.412,5,15,0.333,7,13,0.538,10,27,37,12,4,1,12,13,1610612756,PHX,Phoenix Suns,1610612762,UTA,Utah Jazz
0021501149,2016-04-03,2015-16,regular_season,road,False,1610612762,UTA,Jazz,Bench,157:42,23,Utah,jazz,9,21,0.429,3,8,0.375,2,4,0.5,2,10,12,7,2,3,3,4,1610612756,PHX,Phoenix Suns,1610612762,UTA,Utah Jazz
0021501149,2016-04-03,2015-16,regular_season,road,False,1610612762,UTA,Jazz,Starters,157:42,78,Utah,jazz,30,60,0.5,7,19,0.368,11,13,0.846,2,19,21,20,7,7,7,16,1610612756,PHX,Phoenix Suns,1610612762,UTA,Utah Jazz
0021501150,2016-04-03,2015-16,regular_season,home,False,1610612749,MIL,Bucks,Bench,148:27,22,Milwaukee,bucks,10,24,0.417,0,2,0.0,2,3,0.667,7,11,18,10,3,3,4,7,1610612749,MIL,Milwaukee Bucks,1610612741,CHI,Chicago Bulls
0021501150,2016-04-03,2015-16,regular_season,home,False,1610612749,MIL,Bucks,Starters,148:27,76,Milwaukee,bucks,30,61,0.492,2,5,0.4,14,17,0.824,8,18,26,18,3,4,10,10,1610612749,MIL,Milwaukee Bucks,1610612741,CHI,Chicago Bulls
0021501150,2016-04-03,2015-16,regular_season,road,False,1610612741,CHI,Bulls,Bench,129:56,42,Chicago,bulls,15,37,0.405,3,14,0.214,9,10,0.9,5,12,17,10,4,0,6,8,1610612749,MIL,Milwaukee Bucks,1610612741,CHI,Chicago Bulls
0021501150,2016-04-03,2015-16,regular_season,road,False,1610612741,CHI,Bulls,Starters,129:56,60,Chicago,bulls,24,37,0.649,4,12,0.333,8,12,0.667,1,16,17,20,6,4,5,8,1610612749,MIL,Milwaukee Bucks,1610612741,CHI,Chicago Bulls
0021501151,2016-04-03,2015-16,regular_season,home,False,1610612752,NYK,Knicks,Bench,138:57,36,New York,knicks,14,37,0.378,0,7,0.0,8,12,0.667,6,17,23,9,4,2,4,9,1610612752,NYK,New York Knicks,1610612754,IND,Indiana Pacers
0021501151,2016-04-03,2015-16,regular_season,home,False,1610612752,NYK,Knicks,Starters,138:57,51,New York,knicks,19,59,0.322,7,18,0.389,6,8,0.75,12,16,28,11,3,7,6,9,1610612752,NYK,New York Knicks,1610612754,IND,Indiana Pacers
0021501151,2016-04-03,2015-16,regular_season,road,False,1610612754,IND,Pacers,Bench,133:17,45,Indiana,pacers,19,40,0.475,2,7,0.286,5,5,1.0,3,17,20,9,3,1,5,10,1610612752,NYK,New York Knicks,1610612754,IND,Indiana Pacers
0021501151,2016-04-03,2015-16,regular_season,road,False,1610612754,IND,Pacers,Starters,133:17,47,Indiana,pacers,15,41,0.366,5,15,0.333,12,15,0.8,4,29,33,8,2,2,11,8,1610612752,NYK,New York Knicks,1610612754,IND,Indiana Pacers
0021501152,2016-04-03,2015-16,regular_season,home,False,1610612744,GSW,Warriors,Bench,147:06,42,Golden State,warriors,17,25,0.68,5,6,0.833,3,4,0.75,2,14,16,10,1,2,6,13,1610612744,GSW,Golden State Warriors,1610612757,POR,Portland Trail Blazers
0021501152,2016-04-03,2015-16,regular_season,home,False,1610612744,GSW,Warriors,Starters,147:06,94,Golden State,warriors,33,63,0.524,13,24,0.542,15,18,0.833,9,18,27,20,4,6,6,10,1610612744,GSW,Golden State Warriors,1610612757,POR,Portland Trail Blazers
0021501152,2016-04-03,2015-16,regular_season,road,False,1610612757,POR,Trail Blazers,Bench,158:32,22,Portland,blazers,8,19,0.421,0,4,0.0,6,8,0.75,3,10,13,6,1,3,2,5,1610612744,GSW,Golden State Warriors,1610612757,POR,Portland Trail Blazers
0021501152,2016-04-03,2015-16,regular_season,road,False,1610612757,POR,Trail Blazers,Starters,158:32,89,Portland,blazers,30,66,0.455,9,20,0.45,20,25,0.8,8,16,24,17,7,1,11,11,1610612744,GSW,Golden State Warriors,1610612757,POR,Portland Trail Blazers
0021501153,2016-04-03,2015-16,regular_season,home,False,1610612747,LAL,Lakers,Bench,163:36,17,Los Angeles,lakers,8,18,0.444,0,1,0.0,1,4,0.25,4,10,14,8,0,1,2,7,1610612747,LAL,Los Angeles Lakers,1610612738,BOS,Boston Celtics
0021501153,2016-04-03,2015-16,regular_season,home,False,1610612747,LAL,Lakers,Starters,163:36,83,Los Angeles,lakers,29,72,0.403,6,20,0.3,19,25,0.76,7,26,33,14,6,3,9,10,1610612747,LAL,Los Angeles Lakers,1610612738,BOS,Boston Celtics
0021501153,2016-04-03,2015-16,regular_season,road,False,1610612738,BOS,Celtics,Bench,139:14,26,Boston,celtics,11,25,0.44,1,9,0.111,3,4,0.75,6,18,24,12,3,1,4,12,1610612747,LAL,Los Angeles Lakers,1610612738,BOS,Boston Celtics
0021501153,2016-04-03,2015-16,regular_season,road,False,1610612738,BOS,Celtics,Starters,139:14,81,Boston,celtics,30,66,0.455,7,21,0.333,14,18,0.778,3,23,26,18,5,0,8,13,1610612747,LAL,Los Angeles Lakers,1610612738,BOS,Boston Celtics
0021501154,2016-04-05,2015-16,regular_season,home,False,1610612755,PHI,76ers,Bench,122:47,59,Philadelphia,sixers,23,40,0.575,8,13,0.615,5,8,0.625,7,14,21,19,3,3,3,6,1610612755,PHI,Philadelphia 76ers,1610612740,NOP,New Orleans Pelicans
0021501154,2016-04-05,2015-16,regular_season,home,False,1610612755,PHI,76ers,Starters,122:47,48,Philadelphia,sixers,17,48,0.354,5,21,0.238,9,9,1.0,4,16,20,12,7,3,5,9,1610612755,PHI,Philadelphia 76ers,1610612740,NOP,New Orleans Pelicans
0021501154,2016-04-05,2015-16,regular_season,road,False,1610612740,NOP,Pelicans,Bench,160:54,27,New Orleans,pelicans,10,21,0.476,1,4,0.25,6,8,0.75,5,11,16,6,1,1,7,5,1610612755,PHI,Philadelphia 76ers,1610612740,NOP,New Orleans Pelicans
0021501154,2016-04-05,2015-16,regular_season,road,False,1610612740,NOP,Pelicans,Starters,160:54,66,New Orleans,pelicans,27,61,0.443,6,14,0.429,6,8,0.75,9,24,33,14,4,0,10,11,1610612755,PHI,Philadelphia 76ers,1610612740,NOP,New Orleans Pelicans
0021501155,2016-04-05,2015-16,regular_season,home,False,1610612748,MIA,Heat,Bench,135:00,42,Miami,heat,17,34,0.5,5,7,0.714,3,5,0.6,5,17,22,2,2,4,1,7,1610612748,MIA,Miami Heat,1610612765,DET,Detroit Pistons
0021501155,2016-04-05,2015-16,regular_season,home,False,1610612748,MIA,Heat,Starters,135:00,65,Miami,heat,27,50,0.54,4,7,0.571,7,9,0.778,2,17,19,20,4,0,8,10,1610612748,MIA,Miami Heat,1610612765,DET,Detroit Pistons
0021501155,2016-04-05,2015-16,regular_season,road,False,1610612765,DET,Pistons,Bench,141:03,32,Detroit,pistons,12,30,0.4,4,11,0.364,4,4,1.0,6,11,17,7,4,0,3,4,1610612748,MIA,Miami Heat,1610612765,DET,Detroit Pistons
0021501155,2016-04-05,2015-16,regular_season,road,False,1610612765,DET,Pistons,Starters,141:03,57,Detroit,pistons,20,50,0.4,1,11,0.091,16,21,0.762,6,20,26,7,3,1,10,10,1610612748,MIA,Miami Heat,1610612765,DET,Detroit Pistons
0021501156,2016-04-05,2015-16,regular_season,home,False,1610612761,TOR,Raptors,Bench,141:48,28,Toronto,raptors,10,24,0.417,2,7,0.286,6,12,0.5,4,15,19,6,3,4,2,6,1610612761,TOR,Toronto Raptors,1610612766,CHA,Charlotte Hornets
0021501156,2016-04-05,2015-16,regular_season,home,False,1610612761,TOR,Raptors,Starters,141:48,68,Toronto,raptors,24,54,0.444,4,16,0.25,16,19,0.842,3,25,28,13,3,4,9,10,1610612761,TOR,Toronto Raptors,1610612766,CHA,Charlotte Hornets
0021501156,2016-04-05,2015-16,regular_season,road,False,1610612766,CHA,Hornets,Bench,162:43,23,Charlotte,hornets,9,33,0.273,3,12,0.25,2,4,0.5,6,17,23,6,0,2,1,6,1610612761,TOR,Toronto Raptors,1610612766,CHA,Charlotte Hornets
0021501156,2016-04-05,2015-16,regular_season,road,False,1610612766,CHA,Hornets,Starters,162:43,67,Charlotte,hornets,23,55,0.418,8,23,0.348,13,17,0.765,5,15,20,14,5,4,5,16,1610612761,TOR,Toronto Raptors,1610612766,CHA,Charlotte Hornets
0021501157,2016-04-05,2015-16,regular_season,home,False,1610612737,ATL,Hawks,Bench,162:34,26,Atlanta,hawks,10,29,0.345,1,9,0.111,5,5,1.0,2,9,11,7,4,0,6,5,1610612737,ATL,Atlanta Hawks,1610612756,PHX,Phoenix Suns
0021501157,2016-04-05,2015-16,regular_season,home,False,1610612737,ATL,Hawks,Starters,162:34,77,Atlanta,hawks,29,66,0.439,10,25,0.4,9,14,0.643,11,28,39,19,12,3,10,16,1610612737,ATL,Atlanta Hawks,1610612756,PHX,Phoenix Suns
0021501157,2016-04-05,2015-16,regular_season,road,False,1610612756,PHX,Suns,Bench,172:04,22,Phoenix,suns,8,26,0.308,4,12,0.333,2,8,0.25,2,13,15,8,4,2,5,3,1610612737,ATL,Atlanta Hawks,1610612756,PHX,Phoenix Suns
0021501157,2016-04-05,2015-16,regular_season,road,False,1610612756,PHX,Suns,Starters,172:04,68,Phoenix,suns,22,55,0.4,8,19,0.421,16,22,0.727,9,27,36,11,9,2,19,16,1610612737,ATL,Atlanta Hawks,1610612756,PHX,Phoenix Suns
0021501158,2016-04-05,2015-16,regular_season,home,False,1610612763,MEM,Grizzlies,Bench,159:08,40,Memphis,grizzlies,15,35,0.429,4,7,0.571,6,6,1.0,5,8,13,6,5,1,4,7,1610612763,MEM,Memphis Grizzlies,1610612741,CHI,Chicago Bulls
0021501158,2016-04-05,2015-16,regular_season,home,False,1610612763,MEM,Grizzlies,Starters,159:08,68,Memphis,grizzlies,24,52,0.462,3,12,0.25,17,20,0.85,7,22,29,12,8,0,7,8,1610612763,MEM,Memphis Grizzlies,1610612741,CHI,Chicago Bulls
0021501158,2016-04-05,2015-16,regular_season,road,False,1610612741,CHI,Bulls,Bench,143:35,41,Chicago,bulls,13,25,0.52,10,18,0.556,5,7,0.714,2,13,15,9,2,3,10,11,1610612763,MEM,Memphis Grizzlies,1610612741,CHI,Chicago Bulls
0021501158,2016-04-05,2015-16,regular_season,road,False,1610612741,CHI,Bulls,Starters,143:35,51,Chicago,bulls,21,52,0.404,1,11,0.091,8,12,0.667,11,16,27,13,4,8,10,9,1610612763,MEM,Memphis Grizzlies,1610612741,CHI,Chicago Bulls
0021501159,2016-04-05,2015-16,regular_season,home,False,1610612749,MIL,Bucks,Bench,180:27,9,Milwaukee,bucks,4,13,0.308,0,0,0.0,1,2,0.5,3,8,11,4,2,0,3,6,1610612749,MIL,Milwaukee Bucks,1610612739,CLE,Cleveland Cavaliers
0021501159,2016-04-05,2015-16,regular_season,home,False,1610612749,MIL,Bucks,Starters,180:27,71,Milwaukee,bucks,31,75,0.413,4,16,0.25,5,10,0.5,9,21,30,16,5,1,7,8,1610612749,MIL,Milwaukee Bucks,1610612739,CLE,Cleveland Cavaliers
0021501159,2016-04-05,2015-16,regular_season,road,False,1610612739,CLE,Cavaliers,Bench,128:36,35,Cleveland,cavaliers,14,30,0.467,4,13,0.308,3,3,1.0,2,16,18,10,3,4,6,8,1610612749,MIL,Milwaukee Bucks,1610612739,CLE,Cleveland Cavaliers
0021501159,2016-04-05,2015-16,regular_season,road,False,1610612739,CLE,Cavaliers,Starters,128:36,74,Cleveland,cavaliers,27,45,0.6,14,23,0.609,6,7,0.857,0,23,23,20,1,4,10,6,1610612749,MIL,Milwaukee Bucks,1610612739,CLE,Cleveland Cavaliers
0021501160,2016-04-05,2015-16,regular_season,home,False,1610612743,DEN,Nuggets,Bench,119:15,51,Denver,nuggets,17,45,0.378,5,13,0.385,12,18,0.667,5,18,23,15,4,2,6,8,1610612743,DEN,Denver Nuggets,1610612760,OKC,Oklahoma City Thunder
0021501160,2016-04-05,2015-16,regular_season,home,False,1610612743,DEN,Nuggets,Starters,119:15,51,Denver,nuggets,20,43,0.465,5,17,0.294,6,9,0.667,5,10,15,13,5,2,7,11,1610612743,DEN,Denver Nuggets,1610612760,OKC,Oklahoma City Thunder
0021501160,2016-04-05,2015-16,regular_season,road,False,1610612760,OKC,Thunder,Bench,119:56,58,Oklahoma City,thunder,23,45,0.511,8,18,0.444,4,7,0.571,6,16,22,9,5,3,7,13,1610612743,DEN,Denver Nuggets,1610612760,OKC,Oklahoma City Thunder
0021501160,2016-04-05,2015-16,regular_season,road,False,1610612760,OKC,Thunder,Starters,119:56,66,Oklahoma City,thunder,23,42,0.548,7,15,0.467,13,17,0.765,7,26,33,23,5,1,10,8,1610612743,DEN,Denver Nuggets,1610612760,OKC,Oklahoma City Thunder
0021501161,2016-04-05,2015-16,regular_season,home,False,1610612762,UTA,Jazz,Bench,163:06,26,Utah,jazz,9,21,0.429,3,7,0.429,5,6,0.833,1,10,11,3,1,1,4,7,1610612762,UTA,Utah Jazz,1610612759,SAS,San Antonio Spurs
0021501161,2016-04-05,2015-16,regular_season,home,False,1610612762,UTA,Jazz,Starters,163:06,60,Utah,jazz,23,47,0.489,2,10,0.2,12,15,0.8,4,25,29,10,4,3,12,11,1610612762,UTA,Utah Jazz,1610612759,SAS,San Antonio Spurs
0021501161,2016-04-05,2015-16,regular_season,road,False,1610612759,SAS,Spurs,Bench,151:48,40,San Antonio,spurs,15,25,0.6,6,10,0.6,4,4,1.0,0,9,9,9,2,0,2,7,1610612762,UTA,Utah Jazz,1610612759,SAS,San Antonio Spurs
0021501161,2016-04-05,2015-16,regular_season,road,False,1610612759,SAS,Spurs,Starters,151:48,48,San Antonio,spurs,17,47,0.362,1,7,0.143,13,15,0.867,4,19,23,7,8,4,6,9,1610612762,UTA,Utah Jazz,1610612759,SAS,San Antonio Spurs
0021501162,2016-04-05,2015-16,regular_season,home,False,1610612758,SAC,Kings,Bench,184:01,17,Sacramento,kings,7,12,0.583,3,4,0.75,0,0,0.0,0,3,3,1,1,0,7,3,1610612758,SAC,Sacramento Kings,1610612757,POR,Portland Trail Blazers
0021501162,2016-04-05,2015-16,regular_season,home,False,1610612758,SAC,Kings,Starters,184:01,90,Sacramento,kings,34,66,0.515,8,18,0.444,14,21,0.667,3,28,31,19,5,7,12,16,1610612758,SAC,Sacramento Kings,1610612757,POR,Portland Trail Blazers
0021501162,2016-04-05,2015-16,regular_season,road,False,1610612757,POR,Trail Blazers,Bench,152:36,25,Portland,blazers,9,24,0.375,1,6,0.167,6,7,0.857,4,8,12,4,6,2,4,8,1610612758,SAC,Sacramento Kings,1610612757,POR,Portland Trail Blazers
0021501162,2016-04-05,2015-16,regular_season,road,False,1610612757,POR,Trail Blazers,Starters,152:36,90,Portland,blazers,31,69,0.449,11,25,0.44,17,20,0.85,15,22,37,16,6,5,10,11,1610612758,SAC,Sacramento Kings,1610612757,POR,Portland Trail Blazers
0021501163,2016-04-05,2015-16,regular_season,home,False,1610612744,GSW,Warriors,Bench,188:50,26,Golden State,warriors,12,22,0.545,0,2,0.0,2,2,1.0,2,9,11,3,2,0,8,8,1610612744,GSW,Golden State Warriors,1610612750,MIN,Minnesota Timberwolves
0021501163,2016-04-05,2015-16,regular_season,home,False,1610612744,GSW,Warriors,Starters,188:50,91,Golden State,warriors,37,76,0.487,12,33,0.364,5,6,0.833,7,28,35,32,7,5,15,21,1610612744,GSW,Golden State Warriors,1610612750,MIN,Minnesota Timberwolves
0021501163,2016-04-05,2015-16,regular_season,road,False,1610612750,MIN,Timberwolves,Bench,179:34,44,Minnesota,timberwolves,13,21,0.619,2,5,0.4,16,19,0.842,3,7,10,8,2,2,3,3,1610612744,GSW,Golden State Warriors,1610612750,MIN,Minnesota Timberwolves
0021501163,2016-04-05,2015-16,regular_season,road,False,1610612750,MIN,Timberwolves,Starters,179:34,80,Minnesota,timberwolves,31,65,0.477,6,12,0.5,12,17,0.706,3,27,30,22,12,4,14,12,1610612744,GSW,Golden State Warriors,1610612750,MIN,Minnesota Timberwolves
0021501164,2016-04-05,2015-16,regular_season,home,False,1610612746,LAC,Clippers,Bench,112:04,54,LA,clippers,20,45,0.444,4,12,0.333,10,15,0.667,4,15,19,9,7,3,7,12,1610612746,LAC,LA Clippers,1610612747,LAL,Los Angeles Lakers
0021501164,2016-04-05,2015-16,regular_season,home,False,1610612746,LAC,Clippers,Starters,112:04,49,LA,clippers,20,33,0.606,3,8,0.375,6,11,0.545,2,25,27,17,4,1,6,5,1610612746,LAC,LA Clippers,1610612747,LAL,Los Angeles Lakers
0021501164,2016-04-05,2015-16,regular_season,road,False,1610612747,LAL,Lakers,Bench,133:23,49,Los Angeles,lakers,16,32,0.5,2,8,0.25,15,17,0.882,6,15,21,5,6,1,5,10,1610612746,LAC,LA Clippers,1610612747,LAL,Los Angeles Lakers
0021501164,2016-04-05,2015-16,regular_season,road,False,1610612747,LAL,Lakers,Starters,133:23,32,Los Angeles,lakers,10,51,0.196,4,12,0.333,8,8,1.0,8,14,22,6,4,2,10,13,1610612746,LAC,LA Clippers,1610612747,LAL,Los Angeles Lakers
0021501165,2016-04-06,2015-16,regular_season,home,False,1610612754,IND,Pacers,Bench,138:19,50,Indiana,pacers,18,33,0.545,10,19,0.526,4,5,0.8,2,12,14,6,5,1,4,11,1610612754,IND,Indiana Pacers,1610612739,CLE,Cleveland Cavaliers
0021501165,2016-04-06,2015-16,regular_season,home,False,1610612754,IND,Pacers,Starters,138:19,73,Indiana,pacers,27,47,0.574,6,12,0.5,13,17,0.765,7,17,24,19,4,0,10,13,1610612754,IND,Indiana Pacers,1610612739,CLE,Cleveland Cavaliers
0021501165,2016-04-06,2015-16,regular_season,road,False,1610612739,CLE,Cavaliers,Bench,123:38,42,Cleveland,cavaliers,15,32,0.469,4,15,0.267,8,10,0.8,6,13,19,6,3,1,3,6,1610612754,IND,Indiana Pacers,1610612739,CLE,Cleveland Cavaliers
0021501165,2016-04-06,2015-16,regular_season,road,False,1610612739,CLE,Cavaliers,Starters,123:38,67,Cleveland,cavaliers,20,42,0.476,4,14,0.286,23,24,0.958,1,13,14,9,4,2,7,13,1610612754,IND,Indiana Pacers,1610612739,CLE,Cleveland Cavaliers
0021501166,2016-04-06,2015-16,regular_season,home,False,1610612753,ORL,Magic,Bench,140:23,46,Orlando,magic,20,39,0.513,3,5,0.6,3,4,0.75,6,25,31,11,4,4,4,12,1610612753,ORL,Orlando Magic,1610612765,DET,Detroit Pistons
0021501166,2016-04-06,2015-16,regular_season,home,False,1610612753,ORL,Magic,Starters,140:23,58,Orlando,magic,23,51,0.451,1,10,0.1,11,15,0.733,6,11,17,14,3,4,10,11,1610612753,ORL,Orlando Magic,1610612765,DET,Detroit Pistons
0021501166,2016-04-06,2015-16,regular_season,road,False,1610612765,DET,Pistons,Bench,164:26,31,Detroit,pistons,12,22,0.545,5,13,0.385,2,5,0.4,2,9,11,12,1,1,2,6,1610612753,ORL,Orlando Magic,1610612765,DET,Detroit Pistons
0021501166,2016-04-06,2015-16,regular_season,road,False,1610612765,DET,Pistons,Starters,164:26,77,Detroit,pistons,27,64,0.422,6,14,0.429,17,26,0.654,10,23,33,12,8,5,10,10,1610612753,ORL,Orlando Magic,1610612765,DET,Detroit Pistons
0021501167,2016-04-06,2015-16,regular_season,home,False,1610612764,WAS,Wizards,Bench,144:27,38,Washington,wizards,14,35,0.4,3,14,0.214,7,8,0.875,9,13,22,12,6,3,5,13,1610612764,WAS,Washington Wizards,1610612751,BKN,Brooklyn Nets
0021501167,2016-04-06,2015-16,regular_season,home,False,1610612764,WAS,Wizards,Starters,144:27,83,Washington,wizards,34,60,0.567,5,14,0.357,10,12,0.833,7,24,31,24,1,7,6,6,1610612764,WAS,Washington Wizards,1610612751,BKN,Brooklyn Nets
0021501167,2016-04-06,2015-16,regular_season,road,False,1610612751,BKN,Nets,Bench,129:36,46,Brooklyn,nets,16,38,0.421,2,6,0.333,12,15,0.8,0,12,12,10,6,3,6,8,1610612764,WAS,Washington Wizards,1610612751,BKN,Brooklyn Nets
0021501167,2016-04-06,2015-16,regular_season,road,False,1610612751,BKN,Nets,Starters,129:36,57,Brooklyn,nets,23,54,0.426,5,11,0.455,6,9,0.667,11,15,26,16,1,1,4,13,1610612764,WAS,Washington Wizards,1610612751,BKN,Brooklyn Nets
0021501168,2016-04-06,2015-16,regular_season,home,False,1610612738,BOS,Celtics,Bench,147:12,31,Boston,celtics,12,28,0.429,4,12,0.333,3,4,0.75,3,12,15,8,4,3,1,10,1610612738,BOS,Boston Celtics,1610612740,NOP,New Orleans Pelicans
0021501168,2016-04-06,2015-16,regular_season,home,False,1610612738,BOS,Celtics,Starters,147:12,73,Boston,celtics,24,59,0.407,6,22,0.273,19,23,0.826,5,21,26,16,6,4,8,10,1610612738,BOS,Boston Celtics,1610612740,NOP,New Orleans Pelicans
0021501168,2016-04-06,2015-16,regular_season,road,False,1610612740,NOP,Pelicans,Bench,125:58,51,New Orleans,pelicans,18,42,0.429,5,13,0.385,10,13,0.769,2,21,23,11,2,1,7,6,1610612738,BOS,Boston Celtics,1610612740,NOP,New Orleans Pelicans
0021501168,2016-04-06,2015-16,regular_season,road,False,1610612740,NOP,Pelicans,Starters,125:58,46,New Orleans,pelicans,16,36,0.444,4,11,0.364,10,10,1.0,6,20,26,10,3,1,15,22,1610612738,BOS,Boston Celtics,1610612740,NOP,New Orleans Pelicans
0021501169,2016-04-06,2015-16,regular_season,home,False,1610612752,NYK,Knicks,Bench,153:23,27,New York,knicks,11,27,0.407,4,10,0.4,1,1,1.0,1,13,14,8,2,2,7,6,1610612752,NYK,New York Knicks,1610612766,CHA,Charlotte Hornets
0021501169,2016-04-06,2015-16,regular_season,home,False,1610612752,NYK,Knicks,Starters,153:23,70,New York,knicks,26,51,0.51,6,16,0.375,12,14,0.857,9,20,29,16,3,4,11,10,1610612752,NYK,New York Knicks,1610612766,CHA,Charlotte Hornets
0021501169,2016-04-06,2015-16,regular_season,road,False,1610612766,CHA,Hornets,Bench,145:24,38,Charlotte,hornets,15,39,0.385,2,7,0.286,6,7,0.857,3,13,16,5,3,2,4,4,1610612752,NYK,New York Knicks,1610612766,CHA,Charlotte Hornets
0021501169,2016-04-06,2015-16,regular_season,road,False,1610612766,CHA,Hornets,Starters,145:24,73,Charlotte,hornets,27,51,0.529,10,19,0.526,9,10,0.9,8,14,22,14,6,1,4,10,1610612752,NYK,New York Knicks,1610612766,CHA,Charlotte Hornets
0021501170,2016-04-06,2015-16,regular_season,home,False,1610612742,DAL,Mavericks,Bench,154:32,25,Dallas,mavericks,10,27,0.37,2,11,0.182,3,4,0.75,8,10,18,5,3,3,6,11,1610612742,DAL,Dallas Mavericks,1610612745,HOU,Houston Rockets
0021501170,2016-04-06,2015-16,regular_season,home,False,1610612742,DAL,Mavericks,Starters,154:32,63,Dallas,mavericks,23,53,0.434,8,22,0.364,9,10,0.9,5,17,22,14,6,1,6,9,1610612742,DAL,Dallas Mavericks,1610612745,HOU,Houston Rockets
0021501170,2016-04-06,2015-16,regular_season,road,False,1610612745,HOU,Rockets,Bench,164:11,24,Houston,rockets,9,27,0.333,0,5,0.0,6,7,0.857,4,7,11,4,2,1,3,5,1610612742,DAL,Dallas Mavericks,1610612745,HOU,Houston Rockets
0021501170,2016-04-06,2015-16,regular_season,road,False,1610612745,HOU,Rockets,Starters,164:11,62,Houston,rockets,25,51,0.49,6,15,0.4,6,11,0.545,8,22,30,15,4,3,12,12,1610612742,DAL,Dallas Mavericks,1610612745,HOU,Houston Rockets
0021501171,2016-04-06,2015-16,regular_season,home,False,1610612757,POR,Trail Blazers,Bench,167:58,32,Portland,blazers,12,19,0.632,5,7,0.714,3,4,0.75,3,13,16,6,2,1,6,11,1610612757,POR,Portland Trail Blazers,1610612760,OKC,Oklahoma City Thunder
0021501171,2016-04-06,2015-16,regular_season,home,False,1610612757,POR,Trail Blazers,Starters,167:58,88,Portland,blazers,31,65,0.477,10,26,0.385,16,20,0.8,6,17,23,26,9,5,9,12,1610612757,POR,Portland Trail Blazers,1610612760,OKC,Oklahoma City Thunder
0021501171,2016-04-06,2015-16,regular_season,road,False,1610612760,OKC,Thunder,Bench,165:07,18,Oklahoma City,thunder,6,19,0.316,3,6,0.5,3,8,0.375,1,7,8,10,3,1,4,7,1610612757,POR,Portland Trail Blazers,1610612760,OKC,Oklahoma City Thunder
0021501171,2016-04-06,2015-16,regular_season,road,False,1610612760,OKC,Thunder,Starters,165:07,97,Oklahoma City,thunder,37,72,0.514,6,16,0.375,17,23,0.739,18,24,42,8,6,1,13,13,1610612757,POR,Portland Trail Blazers,1610612760,OKC,Oklahoma City Thunder
0021501172,2016-04-06,2015-16,regular_season,home,False,1610612747,LAL,Lakers,Bench,138:39,27,Los Angeles,lakers,12,28,0.429,0,1,0.0,3,5,0.6,8,12,20,5,2,0,6,6,1610612747,LAL,Los Angeles Lakers,1610612746,LAC,LA Clippers
0021501172,2016-04-06,2015-16,regular_season,home,False,1610612747,LAL,Lakers,Starters,138:39,54,Los Angeles,lakers,20,62,0.323,4,18,0.222,10,12,0.833,8,21,29,7,4,1,6,10,1610612747,LAL,Los Angeles Lakers,1610612746,LAC,LA Clippers
0021501172,2016-04-06,2015-16,regular_season,road,False,1610612746,LAC,Clippers,Bench,119:58,31,LA,clippers,12,36,0.333,3,15,0.2,4,6,0.667,6,15,21,10,7,2,5,9,1610612747,LAL,Los Angeles Lakers,1610612746,LAC,LA Clippers
0021501172,2016-04-06,2015-16,regular_season,road,False,1610612746,LAC,Clippers,Starters,119:58,60,LA,clippers,25,47,0.532,4,10,0.4,6,8,0.75,4,24,28,13,3,4,5,8,1610612747,LAL,Los Angeles Lakers,1610612746,LAC,LA Clippers
0021501173,2016-04-07,2015-16,regular_season,home,False,1610612737,ATL,Hawks,Bench,166:09,24,Atlanta,hawks,9,26,0.346,4,13,0.308,2,2,1.0,2,10,12,5,1,3,3,4,1610612737,ATL,Atlanta Hawks,1610612761,TOR,Toronto Raptors
0021501173,2016-04-07,2015-16,regular_season,home,False,1610612737,ATL,Hawks,Starters,166:09,71,Atlanta,hawks,24,50,0.48,8,19,0.421,15,19,0.789,3,26,29,18,3,9,10,15,1610612737,ATL,Atlanta Hawks,1610612761,TOR,Toronto Raptors
0021501173,2016-04-07,2015-16,regular_season,road,False,1610612761,TOR,Raptors,Bench,132:14,30,Toronto,raptors,11,27,0.407,4,6,0.667,4,5,0.8,3,19,22,5,8,3,6,5,1610612737,ATL,Atlanta Hawks,1610612761,TOR,Toronto Raptors
0021501173,2016-04-07,2015-16,regular_season,road,False,1610612761,TOR,Raptors,Starters,132:14,57,Toronto,raptors,21,57,0.368,4,15,0.267,11,15,0.733,5,19,24,11,2,1,5,11,1610612737,ATL,Atlanta Hawks,1610612761,TOR,Toronto Raptors
0021501174,2016-04-07,2015-16,regular_season,home,False,1610612748,MIA,Heat,Bench,147:53,29,Miami,heat,10,28,0.357,1,5,0.2,8,9,0.889,7,15,22,1,2,1,1,11,1610612748,MIA,Miami Heat,1610612741,CHI,Chicago Bulls
0021501174,2016-04-07,2015-16,regular_season,home,False,1610612748,MIA,Heat,Starters,147:53,77,Miami,heat,34,64,0.531,3,9,0.333,6,8,0.75,8,17,25,15,6,1,9,9,1610612748,MIA,Miami Heat,1610612741,CHI,Chicago Bulls
0021501174,2016-04-07,2015-16,regular_season,road,False,1610612741,CHI,Bulls,Bench,154:32,29,Chicago,bulls,12,26,0.462,2,6,0.333,3,4,0.75,8,12,20,6,1,2,3,5,1610612748,MIA,Miami Heat,1610612741,CHI,Chicago Bulls
0021501174,2016-04-07,2015-16,regular_season,road,False,1610612741,CHI,Bulls,Starters,154:32,69,Chicago,bulls,23,52,0.442,1,8,0.125,22,24,0.917,4,17,21,12,5,5,9,7,1610612748,MIA,Miami Heat,1610612741,CHI,Chicago Bulls
0021501175,2016-04-07,2015-16,regular_season,home,False,1610612745,HOU,Rockets,Bench,152:58,38,Houston,rockets,15,30,0.5,2,9,0.222,6,13,0.462,3,9,12,6,3,5,10,11,1610612745,HOU,Houston Rockets,1610612756,PHX,Phoenix Suns
0021501175,2016-04-07,2015-16,regular_season,home,False,1610612745,HOU,Rockets,Starters,152:58,77,Houston,rockets,27,44,0.614,12,24,0.5,11,15,0.733,2,12,14,20,10,7,8,13,1610612745,HOU,Houston Rockets,1610612756,PHX,Phoenix Suns
0021501175,2016-04-07,2015-16,regular_season,road,False,1610612756,PHX,Suns,Bench,163:49,49,Phoenix,suns,18,39,0.462,6,14,0.429,7,10,0.7,6,8,14,9,4,0,6,7,1610612745,HOU,Houston Rockets,1610612756,PHX,Phoenix Suns
0021501175,2016-04-07,2015-16,regular_season,road,False,1610612756,PHX,Suns,Starters,163:49,75,Phoenix,suns,26,55,0.473,6,17,0.353,17,19,0.895,14,19,33,22,7,2,13,17,1610612745,HOU,Houston Rockets,1610612756,PHX,Phoenix Suns
0021501176,2016-04-07,2015-16,regular_season,home,False,1610612758,SAC,Kings,Bench,150:27,38,Sacramento,kings,15,31,0.484,2,10,0.2,6,8,0.75,5,10,15,6,2,3,8,6,1610612758,SAC,Sacramento Kings,1610612750,MIN,Minnesota Timberwolves
0021501176,2016-04-07,2015-16,regular_season,home,False,1610612758,SAC,Kings,Starters,150:27,59,Sacramento,kings,21,54,0.389,4,7,0.571,13,13,1.0,12,20,32,13,9,2,11,17,1610612758,SAC,Sacramento Kings,1610612750,MIN,Minnesota Timberwolves
0021501176,2016-04-07,2015-16,regular_season,road,False,1610612750,MIN,Timberwolves,Bench,142:20,35,Minnesota,timberwolves,12,27,0.444,5,10,0.5,6,8,0.75,2,10,12,9,5,1,4,8,1610612758,SAC,Sacramento Kings,1610612750,MIN,Minnesota Timberwolves
0021501176,2016-04-07,2015-16,regular_season,road,False,1610612750,MIN,Timberwolves,Starters,142:20,70,Minnesota,timberwolves,24,53,0.453,6,11,0.545,16,23,0.696,11,20,31,16,6,3,11,9,1610612758,SAC,Sacramento Kings,1610612750,MIN,Minnesota Timberwolves
0021501177,2016-04-07,2015-16,regular_season,home,False,1610612744,GSW,Warriors,Bench,159:23,26,Golden State,warriors,11,23,0.478,2,3,0.667,2,3,0.667,2,8,10,7,3,0,3,7,1610612744,GSW,Golden State Warriors,1610612759,SAS,San Antonio Spurs
0021501177,2016-04-07,2015-16,regular_season,home,False,1610612744,GSW,Warriors,Starters,159:23,86,Golden State,warriors,34,60,0.567,10,22,0.455,8,8,1.0,5,28,33,26,5,2,12,15,1610612744,GSW,Golden State Warriors,1610612759,SAS,San Antonio Spurs
0021501177,2016-04-07,2015-16,regular_season,road,False,1610612759,SAS,Spurs,Bench,139:14,44,San Antonio,spurs,17,29,0.586,2,7,0.286,8,10,0.8,0,16,16,19,3,0,4,6,1610612744,GSW,Golden State Warriors,1610612759,SAS,San Antonio Spurs
0021501177,2016-04-07,2015-16,regular_season,road,False,1610612759,SAS,Spurs,Starters,139:14,57,San Antonio,spurs,22,51,0.431,5,9,0.556,8,13,0.615,5,11,16,9,7,2,8,5,1610612744,GSW,Golden State Warriors,1610612759,SAS,San Antonio Spurs
0021501178,2016-04-08,2015-16,regular_season,home,False,1610612766,CHA,Hornets,Bench,125:51,54,Charlotte,hornets,20,42,0.476,7,15,0.467,7,8,0.875,6,17,23,12,5,2,7,7,1610612766,CHA,Charlotte Hornets,1610612751,BKN,Brooklyn Nets
0021501178,2016-04-08,2015-16,regular_season,home,False,1610612766,CHA,Hornets,Starters,125:51,59,Charlotte,hornets,21,41,0.512,7,22,0.318,10,12,0.833,4,15,19,14,6,10,5,10,1610612766,CHA,Charlotte Hornets,1610612751,BKN,Brooklyn Nets
0021501178,2016-04-08,2015-16,regular_season,road,False,1610612751,BKN,Nets,Bench,127:39,44,Brooklyn,nets,17,39,0.436,3,12,0.25,7,8,0.875,3,18,21,13,3,3,8,7,1610612766,CHA,Charlotte Hornets,1610612751,BKN,Brooklyn Nets
0021501178,2016-04-08,2015-16,regular_season,road,False,1610612751,BKN,Nets,Starters,127:39,55,Brooklyn,nets,22,53,0.415,7,13,0.538,4,12,0.333,13,11,24,11,6,2,6,10,1610612766,CHA,Charlotte Hornets,1610612751,BKN,Brooklyn Nets
0021501179,2016-04-08,2015-16,regular_season,home,False,1610612753,ORL,Magic,Bench,170:32,22,Orlando,magic,10,21,0.476,2,3,0.667,0,0,0.0,0,11,11,4,1,5,2,6,1610612753,ORL,Orlando Magic,1610612748,MIA,Miami Heat
0021501179,2016-04-08,2015-16,regular_season,home,False,1610612753,ORL,Magic,Starters,170:32,90,Orlando,magic,33,61,0.541,3,8,0.375,21,28,0.75,6,20,26,19,3,4,8,13,1610612753,ORL,Orlando Magic,1610612748,MIA,Miami Heat
0021501179,2016-04-08,2015-16,regular_season,road,False,1610612748,MIA,Heat,Bench,131:40,50,Miami,heat,20,42,0.476,4,9,0.444,6,15,0.4,11,18,29,5,4,5,1,13,1610612753,ORL,Orlando Magic,1610612748,MIA,Miami Heat
0021501179,2016-04-08,2015-16,regular_season,road,False,1610612748,MIA,Heat,Starters,131:40,59,Miami,heat,25,58,0.431,4,13,0.308,5,6,0.833,12,12,24,13,2,0,11,10,1610612753,ORL,Orlando Magic,1610612748,MIA,Miami Heat
0021501180,2016-04-08,2015-16,regular_season,home,False,1610612755,PHI,76ers,Bench,176:06,8,Philadelphia,sixers,4,22,0.182,0,8,0.0,0,0,0.0,3,3,6,6,3,1,4,5,1610612755,PHI,Philadelphia 76ers,1610612752,NYK,New York Knicks
0021501180,2016-04-08,2015-16,regular_season,home,False,1610612755,PHI,76ers,Starters,176:06,94,Philadelphia,sixers,28,69,0.406,14,29,0.483,24,36,0.667,12,28,40,19,4,4,5,15,1610612755,PHI,Philadelphia 76ers,1610612752,NYK,New York Knicks
0021501180,2016-04-08,2015-16,regular_season,road,False,1610612752,NYK,Knicks,Bench,141:19,22,New York,knicks,9,28,0.321,1,4,0.25,3,4,0.75,4,18,22,6,2,3,2,10,1610612755,PHI,Philadelphia 76ers,1610612752,NYK,New York Knicks
0021501180,2016-04-08,2015-16,regular_season,road,False,1610612752,NYK,Knicks,Starters,141:19,87,New York,knicks,34,63,0.54,3,12,0.25,16,26,0.615,8,29,37,13,4,5,7,13,1610612755,PHI,Philadelphia 76ers,1610612752,NYK,New York Knicks
0021501181,2016-04-08,2015-16,regular_season,home,False,1610612738,BOS,Celtics,Bench,98:53,60,Boston,celtics,20,37,0.541,1,3,0.333,19,22,0.864,3,19,22,24,6,7,10,11,1610612738,BOS,Boston Celtics,1610612749,MIL,Milwaukee Bucks
0021501181,2016-04-08,2015-16,regular_season,home,False,1610612738,BOS,Celtics,Starters,98:53,64,Boston,celtics,24,41,0.585,5,11,0.455,11,16,0.688,1,11,12,11,0,2,4,12,1610612738,BOS,Boston Celtics,1610612749,MIL,Milwaukee Bucks
0021501181,2016-04-08,2015-16,regular_season,road,False,1610612749,MIL,Bucks,Bench,161:12,33,Milwaukee,bucks,13,25,0.52,1,3,0.333,6,10,0.6,1,9,10,4,5,3,6,9,1610612738,BOS,Boston Celtics,1610612749,MIL,Milwaukee Bucks
0021501181,2016-04-08,2015-16,regular_season,road,False,1610612749,MIL,Bucks,Starters,161:12,76,Milwaukee,bucks,28,59,0.475,6,14,0.429,14,19,0.737,6,22,28,26,5,2,13,18,1610612738,BOS,Boston Celtics,1610612749,MIL,Milwaukee Bucks
0021501182,2016-04-08,2015-16,regular_season,home,False,1610612765,DET,Pistons,Bench,172:11,21,Detroit,pistons,4,19,0.211,3,13,0.231,10,10,1.0,2,12,14,3,0,2,3,4,1610612765,DET,Detroit Pistons,1610612764,WAS,Washington Wizards
0021501182,2016-04-08,2015-16,regular_season,home,False,1610612765,DET,Pistons,Starters,172:11,91,Detroit,pistons,32,58,0.552,11,19,0.579,16,19,0.842,5,25,30,14,5,0,9,14,1610612765,DET,Detroit Pistons,1610612764,WAS,Washington Wizards
0021501182,2016-04-08,2015-16,regular_season,road,False,1610612764,WAS,Wizards,Bench,166:22,22,Washington,wizards,9,22,0.409,1,7,0.143,3,4,0.75,2,8,10,7,3,1,1,10,1610612765,DET,Detroit Pistons,1610612764,WAS,Washington Wizards
0021501182,2016-04-08,2015-16,regular_season,road,False,1610612764,WAS,Wizards,Starters,166:22,77,Washington,wizards,29,64,0.453,5,12,0.417,14,19,0.737,9,17,26,12,2,0,11,13,1610612765,DET,Detroit Pistons,1610612764,WAS,Washington Wizards
0021501183,2016-04-08,2015-16,regular_season,home,False,1610612761,TOR,Raptors,Bench,146:44,39,Toronto,raptors,15,30,0.5,3,12,0.25,6,10,0.6,3,11,14,4,0,3,6,7,1610612761,TOR,Toronto Raptors,1610612754,IND,Indiana Pacers
0021501183,2016-04-08,2015-16,regular_season,home,False,1610612761,TOR,Raptors,Starters,146:44,72,Toronto,raptors,22,38,0.579,7,10,0.7,21,28,0.75,2,20,22,17,4,2,10,12,1610612761,TOR,Toronto Raptors,1610612754,IND,Indiana Pacers
0021501183,2016-04-08,2015-16,regular_season,road,False,1610612754,IND,Pacers,Bench,126:33,48,Indiana,pacers,18,41,0.439,5,15,0.333,7,9,0.778,4,9,13,12,3,3,5,13,1610612761,TOR,Toronto Raptors,1610612754,IND,Indiana Pacers
0021501183,2016-04-08,2015-16,regular_season,road,False,1610612754,IND,Pacers,Starters,126:33,50,Indiana,pacers,19,42,0.452,3,12,0.25,9,11,0.818,5,15,20,10,4,4,4,15,1610612761,TOR,Toronto Raptors,1610612754,IND,Indiana Pacers
0021501184,2016-04-08,2015-16,regular_season,home,False,1610612740,NOP,Pelicans,Bench,149:27,36,New Orleans,pelicans,14,29,0.483,6,11,0.545,2,5,0.4,1,10,11,17,2,2,8,8,1610612740,NOP,New Orleans Pelicans,1610612747,LAL,Los Angeles Lakers
0021501184,2016-04-08,2015-16,regular_season,home,False,1610612740,NOP,Pelicans,Starters,149:27,74,New Orleans,pelicans,28,50,0.56,4,11,0.364,14,16,0.875,8,24,32,12,3,2,8,12,1610612740,NOP,New Orleans Pelicans,1610612747,LAL,Los Angeles Lakers
0021501184,2016-04-08,2015-16,regular_season,road,False,1610612747,LAL,Lakers,Bench,136:37,19,Los Angeles,lakers,8,23,0.348,0,1,0.0,3,3,1.0,6,10,16,6,4,4,4,11,1610612740,NOP,New Orleans Pelicans,1610612747,LAL,Los Angeles Lakers
0021501184,2016-04-08,2015-16,regular_season,road,False,1610612747,LAL,Lakers,Starters,136:37,83,Los Angeles,lakers,26,58,0.448,11,23,0.478,20,24,0.833,4,14,18,12,5,1,9,12,1610612740,NOP,New Orleans Pelicans,1610612747,LAL,Los Angeles Lakers
0021501185,2016-04-08,2015-16,regular_season,home,False,1610612742,DAL,Mavericks,Bench,145:12,46,Dallas,mavericks,15,28,0.536,4,11,0.364,12,17,0.706,3,15,18,14,3,2,10,8,1610612742,DAL,Dallas Mavericks,1610612763,MEM,Memphis Grizzlies
0021501185,2016-04-08,2015-16,regular_season,home,False,1610612742,DAL,Mavericks,Starters,145:12,57,Dallas,mavericks,15,32,0.469,8,20,0.4,19,22,0.864,3,17,20,4,4,4,7,9,1610612742,DAL,Dallas Mavericks,1610612763,MEM,Memphis Grizzlies
0021501185,2016-04-08,2015-16,regular_season,road,False,1610612763,MEM,Grizzlies,Bench,153:38,30,Memphis,grizzlies,13,30,0.433,1,8,0.125,3,8,0.375,4,9,13,6,3,0,4,16,1610612742,DAL,Dallas Mavericks,1610612763,MEM,Memphis Grizzlies
0021501185,2016-04-08,2015-16,regular_season,road,False,1610612763,MEM,Grizzlies,Starters,153:38,63,Memphis,grizzlies,22,57,0.386,6,14,0.429,13,14,0.929,11,18,29,11,6,1,11,17,1610612742,DAL,Dallas Mavericks,1610612763,MEM,Memphis Grizzlies
0021501186,2016-04-08,2015-16,regular_season,home,False,1610612743,DEN,Nuggets,Bench,156:53,31,Denver,nuggets,11,30,0.367,2,9,0.222,7,8,0.875,1,8,9,8,2,2,5,12,1610612743,DEN,Denver Nuggets,1610612759,SAS,San Antonio Spurs
0021501186,2016-04-08,2015-16,regular_season,home,False,1610612743,DEN,Nuggets,Starters,156:53,71,Denver,nuggets,29,56,0.518,4,13,0.308,9,11,0.818,7,31,38,13,7,5,6,11,1610612743,DEN,Denver Nuggets,1610612759,SAS,San Antonio Spurs
0021501186,2016-04-08,2015-16,regular_season,road,False,1610612759,SAS,Spurs,Bench,163:55,35,San Antonio,spurs,11,31,0.355,3,11,0.273,10,11,0.909,2,14,16,9,2,2,3,3,1610612743,DEN,Denver Nuggets,1610612759,SAS,San Antonio Spurs
0021501186,2016-04-08,2015-16,regular_season,road,False,1610612759,SAS,Spurs,Starters,163:55,63,San Antonio,spurs,25,54,0.463,0,3,0.0,13,17,0.765,6,23,29,11,4,6,7,9,1610612743,DEN,Denver Nuggets,1610612759,SAS,San Antonio Spurs
0021501187,2016-04-08,2015-16,regular_season,home,False,1610612762,UTA,Jazz,Bench,185:48,31,Utah,jazz,12,24,0.5,5,10,0.5,2,2,1.0,0,9,9,4,5,1,4,7,1610612762,UTA,Utah Jazz,1610612746,LAC,LA Clippers
0021501187,2016-04-08,2015-16,regular_season,home,False,1610612762,UTA,Jazz,Starters,185:48,68,Utah,jazz,24,58,0.414,6,21,0.286,14,21,0.667,9,29,38,10,2,5,14,8,1610612762,UTA,Utah Jazz,1610612746,LAC,LA Clippers
0021501187,2016-04-08,2015-16,regular_season,road,False,1610612746,LAC,Clippers,Bench,196:00,20,LA,clippers,7,25,0.28,3,8,0.375,3,4,0.75,2,7,9,0,2,1,2,6,1610612762,UTA,Utah Jazz,1610612746,LAC,LA Clippers
0021501187,2016-04-08,2015-16,regular_season,road,False,1610612746,LAC,Clippers,Starters,196:00,82,LA,clippers,30,58,0.517,10,21,0.476,12,15,0.8,6,29,35,16,11,2,9,14,1610612762,UTA,Utah Jazz,1610612746,LAC,LA Clippers
0021501188,2016-04-09,2015-16,regular_season,home,False,1610612737,ATL,Hawks,Bench,153:59,25,Atlanta,hawks,9,21,0.429,4,7,0.571,3,5,0.6,2,7,9,11,3,2,4,4,1610612737,ATL,Atlanta Hawks,1610612738,BOS,Boston Celtics
0021501188,2016-04-09,2015-16,regular_season,home,False,1610612737,ATL,Hawks,Starters,153:59,93,Atlanta,hawks,37,67,0.552,13,26,0.5,6,6,1.0,3,32,35,20,7,8,13,18,1610612737,ATL,Atlanta Hawks,1610612738,BOS,Boston Celtics
0021501188,2016-04-09,2015-16,regular_season,road,False,1610612738,BOS,Celtics,Bench,138:40,42,Boston,celtics,15,28,0.536,7,12,0.583,5,9,0.556,4,14,18,13,1,1,9,7,1610612737,ATL,Atlanta Hawks,1610612738,BOS,Boston Celtics
0021501188,2016-04-09,2015-16,regular_season,road,False,1610612738,BOS,Celtics,Starters,138:40,65,Boston,celtics,25,62,0.403,4,16,0.25,11,15,0.733,6,16,22,13,9,5,6,14,1610612737,ATL,Atlanta Hawks,1610612738,BOS,Boston Celtics
0021501189,2016-04-09,2015-16,regular_season,home,False,1610612740,NOP,Pelicans,Bench,131:28,42,New Orleans,pelicans,16,44,0.364,2,8,0.25,8,11,0.727,6,20,26,11,3,1,3,14,1610612740,NOP,New Orleans Pelicans,1610612756,PHX,Phoenix Suns
0021501189,2016-04-09,2015-16,regular_season,home,False,1610612740,NOP,Pelicans,Starters,131:28,58,New Orleans,pelicans,23,51,0.451,5,13,0.385,7,9,0.778,7,9,16,8,5,1,8,12,1610612740,NOP,New Orleans Pelicans,1610612756,PHX,Phoenix Suns
0021501189,2016-04-09,2015-16,regular_season,road,False,1610612756,PHX,Suns,Bench,123:32,72,Phoenix,suns,25,48,0.521,7,17,0.412,15,20,0.75,4,21,25,14,0,4,10,13,1610612740,NOP,New Orleans Pelicans,1610612756,PHX,Phoenix Suns
0021501189,2016-04-09,2015-16,regular_season,road,False,1610612756,PHX,Suns,Starters,123:32,49,Phoenix,suns,18,35,0.514,3,8,0.375,10,11,0.909,7,21,28,13,6,4,7,12,1610612740,NOP,New Orleans Pelicans,1610612756,PHX,Phoenix Suns
0021501190,2016-04-09,2015-16,regular_season,home,False,1610612763,MEM,Grizzlies,Bench,154:18,32,Memphis,grizzlies,10,31,0.323,1,5,0.2,11,13,0.846,6,14,20,8,6,2,2,7,1610612763,MEM,Memphis Grizzlies,1610612744,GSW,Golden State Warriors
0021501190,2016-04-09,2015-16,regular_season,home,False,1610612763,MEM,Grizzlies,Starters,154:18,67,Memphis,grizzlies,27,65,0.415,6,16,0.375,7,7,1.0,11,23,34,11,2,2,4,9,1610612763,MEM,Memphis Grizzlies,1610612744,GSW,Golden State Warriors
0021501190,2016-04-09,2015-16,regular_season,road,False,1610612744,GSW,Warriors,Bench,153:30,17,Golden State,warriors,6,20,0.3,1,4,0.25,4,4,1.0,4,13,17,3,0,3,4,7,1610612763,MEM,Memphis Grizzlies,1610612744,GSW,Golden State Warriors
0021501190,2016-04-09,2015-16,regular_season,road,False,1610612744,GSW,Warriors,Starters,153:30,83,Golden State,warriors,33,67,0.493,9,32,0.281,8,9,0.889,3,28,31,17,3,4,7,7,1610612763,MEM,Memphis Grizzlies,1610612744,GSW,Golden State Warriors
0021501191,2016-04-09,2015-16,regular_season,home,False,1610612741,CHI,Bulls,Bench,138:34,44,Chicago,bulls,17,33,0.515,2,7,0.286,8,10,0.8,8,13,21,8,3,3,4,10,1610612741,CHI,Chicago Bulls,1610612739,CLE,Cleveland Cavaliers
0021501191,2016-04-09,2015-16,regular_season,home,False,1610612741,CHI,Bulls,Starters,138:34,61,Chicago,bulls,23,56,0.411,6,17,0.353,9,11,0.818,5,19,24,11,5,3,8,12,1610612741,CHI,Chicago Bulls,1610612739,CLE,Cleveland Cavaliers
0021501191,2016-04-09,2015-16,regular_season,road,False,1610612739,CLE,Cavaliers,Bench,180:36,11,Cleveland,cavaliers,3,13,0.231,3,10,0.3,2,2,1.0,0,4,4,3,2,1,3,6,1610612741,CHI,Chicago Bulls,1610612739,CLE,Cleveland Cavaliers
0021501191,2016-04-09,2015-16,regular_season,road,False,1610612739,CLE,Cavaliers,Starters,180:36,91,Cleveland,cavaliers,33,70,0.471,16,30,0.533,9,16,0.563,12,26,38,21,3,4,12,12,1610612741,CHI,Chicago Bulls,1610612739,CLE,Cleveland Cavaliers
0021501192,2016-04-09,2015-16,regular_season,home,False,1610612757,POR,Trail Blazers,Bench,167:33,23,Portland,blazers,11,21,0.524,1,4,0.25,0,0,0.0,5,6,11,1,0,0,6,6,1610612757,POR,Portland Trail Blazers,1610612750,MIN,Minnesota Timberwolves
0021501192,2016-04-09,2015-16,regular_season,home,False,1610612757,POR,Trail Blazers,Starters,167:33,82,Portland,blazers,29,59,0.492,8,20,0.4,16,18,0.889,6,20,26,18,2,4,11,14,1610612757,POR,Portland Trail Blazers,1610612750,MIN,Minnesota Timberwolves
0021501192,2016-04-09,2015-16,regular_season,road,False,1610612750,MIN,Timberwolves,Bench,153:53,34,Minnesota,timberwolves,14,25,0.56,3,5,0.6,3,5,0.6,6,9,15,8,3,1,3,4,1610612757,POR,Portland Trail Blazers,1610612750,MIN,Minnesota Timberwolves
0021501192,2016-04-09,2015-16,regular_season,road,False,1610612750,MIN,Timberwolves,Starters,153:53,72,Minnesota,timberwolves,27,59,0.458,2,8,0.25,16,20,0.8,7,15,22,16,5,6,8,14,1610612757,POR,Portland Trail Blazers,1610612750,MIN,Minnesota Timberwolves
0021501193,2016-04-09,2015-16,regular_season,home,False,1610612758,SAC,Kings,Bench,152:02,39,Sacramento,kings,15,26,0.577,7,13,0.538,2,4,0.5,6,9,15,6,1,1,3,8,1610612758,SAC,Sacramento Kings,1610612760,OKC,Oklahoma City Thunder
0021501193,2016-04-09,2015-16,regular_season,home,False,1610612758,SAC,Kings,Starters,152:02,75,Sacramento,kings,30,68,0.441,6,19,0.316,9,16,0.563,10,15,25,16,11,3,8,15,1610612758,SAC,Sacramento Kings,1610612760,OKC,Oklahoma City Thunder
0021501193,2016-04-09,2015-16,regular_season,road,False,1610612760,OKC,Thunder,Bench,150:03,31,Oklahoma City,thunder,11,21,0.524,6,10,0.6,3,6,0.5,4,9,13,4,1,2,6,9,1610612758,SAC,Sacramento Kings,1610612760,OKC,Oklahoma City Thunder
0021501193,2016-04-09,2015-16,regular_season,road,False,1610612760,OKC,Thunder,Starters,150:03,81,Oklahoma City,thunder,28,60,0.467,7,22,0.318,18,22,0.818,9,22,31,20,5,3,15,16,1610612758,SAC,Sacramento Kings,1610612760,OKC,Oklahoma City Thunder
0021501194,2016-04-10,2015-16,regular_season,home,False,1610612764,WAS,Wizards,Bench,115:44,53,Washington,wizards,16,38,0.421,4,11,0.364,17,22,0.773,1,24,25,10,5,4,7,14,1610612764,WAS,Washington Wizards,1610612766,CHA,Charlotte Hornets
0021501194,2016-04-10,2015-16,regular_season,home,False,1610612764,WAS,Wizards,Starters,115:44,60,Washington,wizards,26,42,0.619,5,10,0.5,3,6,0.5,3,20,23,17,3,1,5,9,1610612764,WAS,Washington Wizards,1610612766,CHA,Charlotte Hornets
0021501194,2016-04-10,2015-16,regular_season,road,False,1610612766,CHA,Hornets,Bench,132:16,44,Charlotte,hornets,12,34,0.353,6,14,0.429,14,17,0.824,3,20,23,6,2,0,7,15,1610612764,WAS,Washington Wizards,1610612766,CHA,Charlotte Hornets
0021501194,2016-04-10,2015-16,regular_season,road,False,1610612766,CHA,Hornets,Starters,132:16,54,Charlotte,hornets,16,47,0.34,6,19,0.316,16,18,0.889,6,17,23,15,5,2,8,10,1610612764,WAS,Washington Wizards,1610612766,CHA,Charlotte Hornets
0021501195,2016-04-10,2015-16,regular_season,home,False,1610612745,HOU,Rockets,Bench,164:45,35,Houston,rockets,14,27,0.519,5,13,0.385,2,3,0.667,6,6,12,5,3,1,3,3,1610612745,HOU,Houston Rockets,1610612747,LAL,Los Angeles Lakers
0021501195,2016-04-10,2015-16,regular_season,home,False,1610612745,HOU,Rockets,Starters,164:45,95,Houston,rockets,36,71,0.507,12,28,0.429,11,15,0.733,10,26,36,25,8,4,10,12,1610612745,HOU,Houston Rockets,1610612747,LAL,Los Angeles Lakers
0021501195,2016-04-10,2015-16,regular_season,road,False,1610612747,LAL,Lakers,Bench,152:15,33,Los Angeles,lakers,15,25,0.6,3,5,0.6,0,3,0.0,4,11,15,11,3,1,1,5,1610612745,HOU,Houston Rockets,1610612747,LAL,Los Angeles Lakers
0021501195,2016-04-10,2015-16,regular_season,road,False,1610612747,LAL,Lakers,Starters,152:15,77,Los Angeles,lakers,26,58,0.448,9,23,0.391,16,16,1.0,3,22,25,14,7,2,17,10,1610612745,HOU,Houston Rockets,1610612747,LAL,Los Angeles Lakers
0021501196,2016-04-10,2015-16,regular_season,home,False,1610612746,LAC,Clippers,Bench,144:36,40,LA,clippers,15,32,0.469,5,10,0.5,5,8,0.625,2,10,12,5,6,3,3,9,1610612746,LAC,LA Clippers,1610612742,DAL,Dallas Mavericks
0021501196,2016-04-10,2015-16,regular_season,home,False,1610612746,LAC,Clippers,Starters,144:36,58,LA,clippers,22,44,0.5,4,8,0.5,10,29,0.345,4,26,30,20,5,3,7,11,1610612746,LAC,LA Clippers,1610612742,DAL,Dallas Mavericks
0021501196,2016-04-10,2015-16,regular_season,road,False,1610612742,DAL,Mavericks,Bench,130:12,47,Dallas,mavericks,16,38,0.421,6,16,0.375,9,13,0.692,4,24,28,8,4,3,6,15,1610612746,LAC,LA Clippers,1610612742,DAL,Dallas Mavericks
0021501196,2016-04-10,2015-16,regular_season,road,False,1610612742,DAL,Mavericks,Starters,130:12,44,Dallas,mavericks,14,36,0.389,2,14,0.143,14,20,0.7,1,18,19,10,2,2,8,14,1610612746,LAC,LA Clippers,1610612742,DAL,Dallas Mavericks
0021501197,2016-04-10,2015-16,regular_season,home,False,1610612755,PHI,76ers,Bench,200:22,16,Philadelphia,sixers,6,19,0.316,3,10,0.3,1,1,1.0,5,5,10,11,1,0,1,8,1610612755,PHI,Philadelphia 76ers,1610612749,MIL,Milwaukee Bucks
0021501197,2016-04-10,2015-16,regular_season,home,False,1610612755,PHI,76ers,Starters,200:22,92,Philadelphia,sixers,33,77,0.429,10,36,0.278,16,24,0.667,8,27,35,13,11,6,12,11,1610612755,PHI,Philadelphia 76ers,1610612749,MIL,Milwaukee Bucks
0021501197,2016-04-10,2015-16,regular_season,road,False,1610612749,MIL,Bucks,Bench,182:19,32,Milwaukee,bucks,10,26,0.385,3,10,0.3,9,10,0.9,7,16,23,5,1,2,5,8,1610612755,PHI,Philadelphia 76ers,1610612749,MIL,Milwaukee Bucks
0021501197,2016-04-10,2015-16,regular_season,road,False,1610612749,MIL,Bucks,Starters,182:19,77,Milwaukee,bucks,30,61,0.492,4,13,0.308,13,14,0.929,1,29,30,21,9,6,14,11,1610612755,PHI,Philadelphia 76ers,1610612749,MIL,Milwaukee Bucks
0021501198,2016-04-10,2015-16,regular_season,home,False,1610612743,DEN,Nuggets,Bench,142:02,27,Denver,nuggets,10,33,0.303,2,15,0.133,5,6,0.833,0,19,19,6,3,4,7,8,1610612743,DEN,Denver Nuggets,1610612762,UTA,Utah Jazz
0021501198,2016-04-10,2015-16,regular_season,home,False,1610612743,DEN,Nuggets,Starters,142:02,57,Denver,nuggets,22,47,0.468,4,12,0.333,9,13,0.692,6,16,22,12,3,3,4,11,1610612743,DEN,Denver Nuggets,1610612762,UTA,Utah Jazz
0021501198,2016-04-10,2015-16,regular_season,road,False,1610612762,UTA,Jazz,Bench,175:25,13,Utah,jazz,3,14,0.214,1,8,0.125,6,6,1.0,3,9,12,3,2,1,3,5,1610612743,DEN,Denver Nuggets,1610612762,UTA,Utah Jazz
0021501198,2016-04-10,2015-16,regular_season,road,False,1610612762,UTA,Jazz,Starters,175:25,87,Utah,jazz,33,65,0.508,11,23,0.478,10,15,0.667,8,29,37,16,5,7,6,9,1610612743,DEN,Denver Nuggets,1610612762,UTA,Utah Jazz
0021501199,2016-04-10,2015-16,regular_season,home,False,1610612754,IND,Pacers,Bench,100:52,70,Indiana,pacers,27,51,0.529,4,13,0.308,12,15,0.8,7,28,35,20,5,4,14,13,1610612754,IND,Indiana Pacers,1610612751,BKN,Brooklyn Nets
0021501199,2016-04-10,2015-16,regular_season,home,False,1610612754,IND,Pacers,Starters,100:52,59,Indiana,pacers,21,35,0.6,7,14,0.5,10,12,0.833,7,16,23,14,5,0,6,9,1610612754,IND,Indiana Pacers,1610612751,BKN,Brooklyn Nets
0021501199,2016-04-10,2015-16,regular_season,road,False,1610612751,BKN,Nets,Bench,110:56,72,Brooklyn,nets,25,52,0.481,9,21,0.429,13,16,0.813,7,15,22,13,8,3,6,17,1610612754,IND,Indiana Pacers,1610612751,BKN,Brooklyn Nets
0021501199,2016-04-10,2015-16,regular_season,road,False,1610612751,BKN,Nets,Starters,110:56,33,Brooklyn,nets,10,39,0.256,5,16,0.313,8,10,0.8,4,10,14,11,4,1,9,4,1610612754,IND,Indiana Pacers,1610612751,BKN,Brooklyn Nets
0021501200,2016-04-10,2015-16,regular_season,home,False,1610612748,MIA,Heat,Bench,150:18,37,Miami,heat,13,29,0.448,4,11,0.364,7,8,0.875,2,15,17,11,2,0,4,6,1610612748,MIA,Miami Heat,1610612753,ORL,Orlando Magic
0021501200,2016-04-10,2015-16,regular_season,home,False,1610612748,MIA,Heat,Starters,150:18,81,Miami,heat,30,48,0.625,2,9,0.222,19,22,0.864,2,22,24,17,8,3,8,10,1610612748,MIA,Miami Heat,1610612753,ORL,Orlando Magic
0021501200,2016-04-10,2015-16,regular_season,road,False,1610612753,ORL,Magic,Bench,135:47,38,Orlando,magic,12,30,0.4,2,8,0.25,12,14,0.857,3,13,16,6,2,1,5,9,1610612748,MIA,Miami Heat,1610612753,ORL,Orlando Magic
0021501200,2016-04-10,2015-16,regular_season,road,False,1610612753,ORL,Magic,Starters,135:47,58,Orlando,magic,25,53,0.472,5,10,0.5,3,5,0.6,3,16,19,12,4,0,11,9,1610612748,MIA,Miami Heat,1610612753,ORL,Orlando Magic
0021501201,2016-04-10,2015-16,regular_season,home,False,1610612759,SAS,Spurs,Bench,155:18,32,San Antonio,spurs,11,29,0.379,3,8,0.375,7,9,0.778,3,13,16,6,4,1,4,7,1610612759,SAS,San Antonio Spurs,1610612744,GSW,Golden State Warriors
0021501201,2016-04-10,2015-16,regular_season,home,False,1610612759,SAS,Spurs,Starters,155:18,54,San Antonio,spurs,23,61,0.377,0,9,0.0,8,10,0.8,15,22,37,15,6,4,7,11,1610612759,SAS,San Antonio Spurs,1610612744,GSW,Golden State Warriors
0021501201,2016-04-10,2015-16,regular_season,road,False,1610612744,GSW,Warriors,Bench,159:33,17,Golden State,warriors,6,23,0.261,2,7,0.286,3,4,0.75,4,20,24,7,3,4,5,5,1610612759,SAS,San Antonio Spurs,1610612744,GSW,Golden State Warriors
0021501201,2016-04-10,2015-16,regular_season,road,False,1610612744,GSW,Warriors,Starters,159:33,75,Golden State,warriors,28,54,0.519,8,20,0.4,11,14,0.786,3,19,22,12,4,2,8,13,1610612759,SAS,San Antonio Spurs,1610612744,GSW,Golden State Warriors
0021501202,2016-04-10,2015-16,regular_season,home,False,1610612752,NYK,Knicks,Bench,148:50,18,New York,knicks,7,28,0.25,2,7,0.286,2,3,0.667,7,14,21,8,1,0,3,8,1610612752,NYK,New York Knicks,1610612761,TOR,Toronto Raptors
0021501202,2016-04-10,2015-16,regular_season,home,False,1610612752,NYK,Knicks,Starters,148:50,71,New York,knicks,25,61,0.41,5,13,0.385,16,18,0.889,6,20,26,6,3,3,5,7,1610612752,NYK,New York Knicks,1610612761,TOR,Toronto Raptors
0021501202,2016-04-10,2015-16,regular_season,road,False,1610612761,TOR,Raptors,Bench,134:33,29,Toronto,raptors,10,25,0.4,3,10,0.3,6,9,0.667,3,17,20,5,1,2,3,9,1610612752,NYK,New York Knicks,1610612761,TOR,Toronto Raptors
0021501202,2016-04-10,2015-16,regular_season,road,False,1610612761,TOR,Raptors,Starters,134:33,64,Toronto,raptors,27,53,0.509,4,10,0.4,6,10,0.6,4,14,18,14,3,4,3,10,1610612752,NYK,New York Knicks,1610612761,TOR,Toronto Raptors
0021501203,2016-04-11,2015-16,regular_season,home,False,1610612739,CLE,Cavaliers,Bench,170:26,19,Cleveland,cavaliers,8,20,0.4,2,9,0.222,1,1,1.0,3,9,12,4,0,1,3,5,1610612739,CLE,Cleveland Cavaliers,1610612737,ATL,Atlanta Hawks
0021501203,2016-04-11,2015-16,regular_season,home,False,1610612739,CLE,Cavaliers,Starters,170:26,90,Cleveland,cavaliers,32,63,0.508,9,20,0.45,17,19,0.895,6,29,35,13,9,3,12,9,1610612739,CLE,Cleveland Cavaliers,1610612737,ATL,Atlanta Hawks
0021501203,2016-04-11,2015-16,regular_season,road,False,1610612737,ATL,Hawks,Bench,153:46,18,Atlanta,hawks,8,23,0.348,1,9,0.111,1,3,0.333,2,10,12,7,3,1,1,6,1610612739,CLE,Cleveland Cavaliers,1610612737,ATL,Atlanta Hawks
0021501203,2016-04-11,2015-16,regular_season,road,False,1610612737,ATL,Hawks,Starters,153:46,76,Atlanta,hawks,31,64,0.484,7,21,0.333,7,12,0.583,8,22,30,16,5,5,14,12,1610612739,CLE,Cleveland Cavaliers,1610612737,ATL,Atlanta Hawks
0021501204,2016-04-11,2015-16,regular_season,home,False,1610612753,ORL,Magic,Bench,163:55,25,Orlando,magic,10,28,0.357,1,7,0.143,4,8,0.5,4,7,11,5,6,4,2,5,1610612753,ORL,Orlando Magic,1610612749,MIL,Milwaukee Bucks
0021501204,2016-04-11,2015-16,regular_season,home,False,1610612753,ORL,Magic,Starters,163:55,82,Orlando,magic,31,56,0.554,6,16,0.375,14,20,0.7,8,17,25,23,13,6,8,10,1610612753,ORL,Orlando Magic,1610612749,MIL,Milwaukee Bucks
0021501204,2016-04-11,2015-16,regular_season,road,False,1610612749,MIL,Bucks,Bench,164:02,27,Milwaukee,bucks,12,22,0.545,2,5,0.4,1,2,0.5,6,15,21,5,0,2,7,8,1610612753,ORL,Orlando Magic,1610612749,MIL,Milwaukee Bucks
0021501204,2016-04-11,2015-16,regular_season,road,False,1610612749,MIL,Bucks,Starters,164:02,71,Milwaukee,bucks,29,56,0.518,1,10,0.1,12,17,0.706,7,17,24,13,6,5,16,12,1610612753,ORL,Orlando Magic,1610612749,MIL,Milwaukee Bucks
0021501205,2016-04-11,2015-16,regular_season,home,False,1610612738,BOS,Celtics,Bench,105:12,55,Boston,celtics,17,50,0.34,4,13,0.308,17,18,0.944,10,21,31,5,2,0,5,10,1610612738,BOS,Boston Celtics,1610612766,CHA,Charlotte Hornets
0021501205,2016-04-11,2015-16,regular_season,home,False,1610612738,BOS,Celtics,Starters,105:12,45,Boston,celtics,17,39,0.436,4,11,0.364,7,11,0.636,3,12,15,12,4,1,7,7,1610612738,BOS,Boston Celtics,1610612766,CHA,Charlotte Hornets
0021501205,2016-04-11,2015-16,regular_season,road,False,1610612766,CHA,Hornets,Bench,141:33,53,Charlotte,hornets,16,30,0.533,7,14,0.5,14,16,0.875,3,18,21,7,5,3,4,11,1610612738,BOS,Boston Celtics,1610612766,CHA,Charlotte Hornets
0021501205,2016-04-11,2015-16,regular_season,road,False,1610612766,CHA,Hornets,Starters,141:33,61,Charlotte,hornets,25,51,0.49,7,18,0.389,4,6,0.667,4,19,23,16,5,4,10,9,1610612738,BOS,Boston Celtics,1610612766,CHA,Charlotte Hornets
0021501206,2016-04-11,2015-16,regular_season,home,False,1610612751,BKN,Nets,Bench,138:56,46,Brooklyn,nets,18,43,0.419,3,12,0.25,7,9,0.778,4,13,17,13,4,5,1,5,1610612751,BKN,Brooklyn Nets,1610612764,WAS,Washington Wizards
0021501206,2016-04-11,2015-16,regular_season,home,False,1610612751,BKN,Nets,Starters,138:56,65,Brooklyn,nets,26,55,0.473,7,19,0.368,6,12,0.5,9,17,26,11,5,4,9,11,1610612751,BKN,Brooklyn Nets,1610612764,WAS,Washington Wizards
0021501206,2016-04-11,2015-16,regular_season,road,False,1610612764,WAS,Wizards,Bench,124:56,51,Washington,wizards,20,46,0.435,5,14,0.357,6,10,0.6,3,18,21,7,2,1,4,8,1610612751,BKN,Brooklyn Nets,1610612764,WAS,Washington Wizards
0021501206,2016-04-11,2015-16,regular_season,road,False,1610612764,WAS,Wizards,Starters,124:56,69,Washington,wizards,26,43,0.605,4,11,0.364,13,14,0.929,6,20,26,20,6,0,10,10,1610612751,BKN,Brooklyn Nets,1610612764,WAS,Washington Wizards
0021501207,2016-04-11,2015-16,regular_season,home,False,1610612750,MIN,Timberwolves,Bench,128:53,43,Minnesota,timberwolves,15,33,0.455,2,9,0.222,11,17,0.647,8,18,26,12,6,0,7,10,1610612750,MIN,Minnesota Timberwolves,1610612745,HOU,Houston Rockets
0021501207,2016-04-11,2015-16,regular_season,home,False,1610612750,MIN,Timberwolves,Starters,128:53,62,Minnesota,timberwolves,23,50,0.46,3,12,0.25,13,16,0.813,2,12,14,13,6,3,6,10,1610612750,MIN,Minnesota Timberwolves,1610612745,HOU,Houston Rockets
0021501207,2016-04-11,2015-16,regular_season,road,False,1610612745,HOU,Rockets,Bench,141:06,37,Houston,rockets,14,29,0.483,5,14,0.357,4,7,0.571,3,18,21,10,7,2,8,14,1610612750,MIN,Minnesota Timberwolves,1610612745,HOU,Houston Rockets
0021501207,2016-04-11,2015-16,regular_season,road,False,1610612745,HOU,Rockets,Starters,141:06,92,Houston,rockets,34,57,0.596,10,16,0.625,14,19,0.737,5,17,22,18,5,3,9,9,1610612750,MIN,Minnesota Timberwolves,1610612745,HOU,Houston Rockets
0021501208,2016-04-11,2015-16,regular_season,home,False,1610612740,NOP,Pelicans,Bench,166:45,35,New Orleans,pelicans,11,26,0.423,4,9,0.444,9,12,0.75,2,11,13,14,3,1,5,11,1610612740,NOP,New Orleans Pelicans,1610612741,CHI,Chicago Bulls
0021501208,2016-04-11,2015-16,regular_season,home,False,1610612740,NOP,Pelicans,Starters,166:45,81,New Orleans,pelicans,30,54,0.556,8,17,0.471,13,16,0.813,8,12,20,14,5,1,5,12,1610612740,NOP,New Orleans Pelicans,1610612741,CHI,Chicago Bulls
0021501208,2016-04-11,2015-16,regular_season,road,False,1610612741,CHI,Bulls,Bench,141:20,36,Chicago,bulls,13,28,0.464,4,9,0.444,6,6,1.0,3,13,16,11,2,1,1,7,1610612740,NOP,New Orleans Pelicans,1610612741,CHI,Chicago Bulls
0021501208,2016-04-11,2015-16,regular_season,road,False,1610612741,CHI,Bulls,Starters,141:20,85,Chicago,bulls,31,49,0.633,6,14,0.429,17,20,0.85,2,17,19,18,3,2,8,13,1610612740,NOP,New Orleans Pelicans,1610612741,CHI,Chicago Bulls
0021501209,2016-04-11,2015-16,regular_season,home,False,1610612760,OKC,Thunder,Bench,125:07,43,Oklahoma City,thunder,16,40,0.4,5,14,0.357,6,11,0.545,3,15,18,7,4,6,5,12,1610612760,OKC,Oklahoma City Thunder,1610612747,LAL,Los Angeles Lakers
0021501209,2016-04-11,2015-16,regular_season,home,False,1610612760,OKC,Thunder,Starters,125:07,69,Oklahoma City,thunder,26,56,0.464,7,23,0.304,10,16,0.625,10,29,39,20,4,5,6,8,1610612760,OKC,Oklahoma City Thunder,1610612747,LAL,Los Angeles Lakers
0021501209,2016-04-11,2015-16,regular_season,road,False,1610612747,LAL,Lakers,Bench,134:41,33,Los Angeles,lakers,9,31,0.29,2,8,0.25,13,16,0.813,7,19,26,7,6,0,4,10,1610612760,OKC,Oklahoma City Thunder,1610612747,LAL,Los Angeles Lakers
0021501209,2016-04-11,2015-16,regular_season,road,False,1610612747,LAL,Lakers,Starters,134:41,46,Los Angeles,lakers,14,50,0.28,5,23,0.217,13,14,0.929,3,19,22,8,2,1,11,10,1610612760,OKC,Oklahoma City Thunder,1610612747,LAL,Los Angeles Lakers
0021501210,2016-04-11,2015-16,regular_season,home,False,1610612762,UTA,Jazz,Bench,144:17,31,Utah,jazz,13,26,0.5,4,7,0.571,1,2,0.5,2,12,14,9,4,2,3,6,1610612762,UTA,Utah Jazz,1610612742,DAL,Dallas Mavericks
0021501210,2016-04-11,2015-16,regular_season,home,False,1610612762,UTA,Jazz,Starters,144:17,61,Utah,jazz,22,51,0.431,5,26,0.192,12,16,0.75,4,20,24,12,1,1,7,10,1610612762,UTA,Utah Jazz,1610612742,DAL,Dallas Mavericks
0021501210,2016-04-11,2015-16,regular_season,road,False,1610612742,DAL,Mavericks,Bench,161:17,26,Dallas,mavericks,9,23,0.391,0,3,0.0,8,11,0.727,4,12,16,2,2,1,2,8,1610612762,UTA,Utah Jazz,1610612742,DAL,Dallas Mavericks
0021501210,2016-04-11,2015-16,regular_season,road,False,1610612742,DAL,Mavericks,Starters,161:17,75,Dallas,mavericks,27,58,0.466,11,29,0.379,10,11,0.909,6,25,31,17,5,1,7,7,1610612762,UTA,Utah Jazz,1610612742,DAL,Dallas Mavericks
0021501211,2016-04-11,2015-16,regular_season,home,False,1610612756,PHX,Suns,Bench,167:41,30,Phoenix,suns,12,30,0.4,4,13,0.308,2,2,1.0,4,6,10,5,3,0,7,8,1610612756,PHX,Phoenix Suns,1610612758,SAC,Sacramento Kings
0021501211,2016-04-11,2015-16,regular_season,home,False,1610612756,PHX,Suns,Starters,167:41,71,Phoenix,suns,29,70,0.414,1,9,0.111,12,15,0.8,13,28,41,16,5,3,12,17,1610612756,PHX,Phoenix Suns,1610612758,SAC,Sacramento Kings
0021501211,2016-04-11,2015-16,regular_season,road,False,1610612758,SAC,Kings,Bench,182:50,26,Sacramento,kings,9,18,0.5,1,5,0.2,7,8,0.875,1,8,9,4,2,4,6,3,1610612756,PHX,Phoenix Suns,1610612758,SAC,Sacramento Kings
0021501211,2016-04-11,2015-16,regular_season,road,False,1610612758,SAC,Kings,Starters,182:50,79,Sacramento,kings,32,65,0.492,5,12,0.417,10,20,0.5,3,28,31,21,9,8,12,16,1610612756,PHX,Phoenix Suns,1610612758,SAC,Sacramento Kings
0021501212,2016-04-12,2015-16,regular_season,home,False,1610612754,IND,Pacers,Bench,139:05,38,Indiana,pacers,16,35,0.457,1,6,0.167,5,8,0.625,3,18,21,14,3,1,4,4,1610612754,IND,Indiana Pacers,1610612752,NYK,New York Knicks
0021501212,2016-04-12,2015-16,regular_season,home,False,1610612754,IND,Pacers,Starters,139:05,64,Indiana,pacers,25,45,0.556,5,13,0.385,9,12,0.75,5,15,20,12,7,2,9,6,1610612754,IND,Indiana Pacers,1610612752,NYK,New York Knicks
0021501212,2016-04-12,2015-16,regular_season,road,False,1610612752,NYK,Knicks,Bench,145:13,32,New York,knicks,12,35,0.343,3,10,0.3,5,5,1.0,5,12,17,10,3,6,3,9,1610612754,IND,Indiana Pacers,1610612752,NYK,New York Knicks
0021501212,2016-04-12,2015-16,regular_season,road,False,1610612752,NYK,Knicks,Starters,145:13,58,New York,knicks,24,45,0.533,7,17,0.412,3,4,0.75,3,17,20,17,3,2,12,8,1610612754,IND,Indiana Pacers,1610612752,NYK,New York Knicks
0021501213,2016-04-12,2015-16,regular_season,home,False,1610612765,DET,Pistons,Bench,171:11,25,Detroit,pistons,9,20,0.45,1,4,0.25,6,10,0.6,3,10,13,5,2,1,4,9,1610612765,DET,Detroit Pistons,1610612748,MIA,Miami Heat
0021501213,2016-04-12,2015-16,regular_season,home,False,1610612765,DET,Pistons,Starters,171:11,68,Detroit,pistons,25,64,0.391,4,14,0.286,14,20,0.7,15,20,35,10,7,3,11,8,1610612765,DET,Detroit Pistons,1610612748,MIA,Miami Heat
0021501213,2016-04-12,2015-16,regular_season,road,False,1610612748,MIA,Heat,Bench,169:23,13,Miami,heat,4,11,0.364,1,5,0.2,4,6,0.667,0,9,9,1,2,2,1,9,1610612765,DET,Detroit Pistons,1610612748,MIA,Miami Heat
0021501213,2016-04-12,2015-16,regular_season,road,False,1610612748,MIA,Heat,Starters,169:23,86,Miami,heat,34,67,0.507,6,15,0.4,12,16,0.75,8,22,30,14,5,3,13,12,1610612765,DET,Detroit Pistons,1610612748,MIA,Miami Heat
0021501214,2016-04-12,2015-16,regular_season,home,False,1610612761,TOR,Raptors,Bench,125:12,54,Toronto,raptors,21,36,0.583,3,8,0.375,9,10,0.9,7,15,22,13,5,3,4,12,1610612761,TOR,Toronto Raptors,1610612755,PHI,Philadelphia 76ers
0021501214,2016-04-12,2015-16,regular_season,home,False,1610612761,TOR,Raptors,Starters,125:12,68,Toronto,raptors,27,59,0.458,7,17,0.412,7,9,0.778,9,21,30,12,6,2,9,8,1610612761,TOR,Toronto Raptors,1610612755,PHI,Philadelphia 76ers
0021501214,2016-04-12,2015-16,regular_season,road,False,1610612755,PHI,76ers,Bench,153:49,23,Philadelphia,sixers,7,27,0.259,5,14,0.357,4,10,0.4,3,10,13,9,1,2,3,2,1610612761,TOR,Toronto Raptors,1610612755,PHI,Philadelphia 76ers
0021501214,2016-04-12,2015-16,regular_season,road,False,1610612755,PHI,76ers,Starters,153:49,75,Philadelphia,sixers,28,50,0.56,10,21,0.476,9,15,0.6,4,15,19,15,7,4,10,16,1610612761,TOR,Toronto Raptors,1610612755,PHI,Philadelphia 76ers
0021501215,2016-04-12,2015-16,regular_season,home,False,1610612759,SAS,Spurs,Bench,156:06,30,San Antonio,spurs,10,30,0.333,1,5,0.2,9,9,1.0,5,13,18,3,6,3,5,9,1610612759,SAS,San Antonio Spurs,1610612760,OKC,Oklahoma City Thunder
0021501215,2016-04-12,2015-16,regular_season,home,False,1610612759,SAS,Spurs,Starters,156:06,72,San Antonio,spurs,27,57,0.474,3,9,0.333,15,23,0.652,6,18,24,12,6,5,6,13,1610612759,SAS,San Antonio Spurs,1610612760,OKC,Oklahoma City Thunder
0021501215,2016-04-12,2015-16,regular_season,road,False,1610612760,OKC,Thunder,Bench,176:36,36,Oklahoma City,thunder,10,30,0.333,3,10,0.3,13,13,1.0,5,14,19,3,2,0,6,5,1610612759,SAS,San Antonio Spurs,1610612760,OKC,Oklahoma City Thunder
0021501215,2016-04-12,2015-16,regular_season,road,False,1610612760,OKC,Thunder,Starters,176:36,62,Oklahoma City,thunder,25,57,0.439,3,15,0.2,9,12,0.75,13,23,36,15,5,5,15,18,1610612759,SAS,San Antonio Spurs,1610612760,OKC,Oklahoma City Thunder
0021501216,2016-04-12,2015-16,regular_season,home,False,1610612746,LAC,Clippers,Bench,104:46,60,LA,clippers,21,39,0.538,7,16,0.438,11,14,0.786,5,13,18,11,4,5,1,11,1610612746,LAC,LA Clippers,1610612763,MEM,Memphis Grizzlies
0021501216,2016-04-12,2015-16,regular_season,home,False,1610612746,LAC,Clippers,Starters,104:46,50,LA,clippers,20,36,0.556,5,9,0.556,5,7,0.714,3,20,23,18,7,2,8,8,1610612746,LAC,LA Clippers,1610612763,MEM,Memphis Grizzlies
0021501216,2016-04-12,2015-16,regular_season,road,False,1610612763,MEM,Grizzlies,Bench,113:06,48,Memphis,grizzlies,18,42,0.429,4,10,0.4,8,10,0.8,8,14,22,11,0,1,8,12,1610612746,LAC,LA Clippers,1610612763,MEM,Memphis Grizzlies
0021501216,2016-04-12,2015-16,regular_season,road,False,1610612763,MEM,Grizzlies,Starters,113:06,36,Memphis,grizzlies,17,44,0.386,1,10,0.1,1,4,0.25,5,11,16,5,5,0,8,6,1610612746,LAC,LA Clippers,1610612763,MEM,Memphis Grizzlies
0021501217,2016-04-13,2015-16,regular_season,home,False,1610612738,BOS,Celtics,Bench,145:13,35,Boston,celtics,13,33,0.394,1,3,0.333,8,10,0.8,2,10,12,8,4,2,3,6,1610612738,BOS,Boston Celtics,1610612748,MIA,Miami Heat
0021501217,2016-04-13,2015-16,regular_season,home,False,1610612738,BOS,Celtics,Starters,145:13,63,Boston,celtics,24,53,0.453,4,11,0.364,11,12,0.917,8,19,27,12,3,1,4,14,1610612738,BOS,Boston Celtics,1610612748,MIA,Miami Heat
0021501217,2016-04-13,2015-16,regular_season,road,False,1610612748,MIA,Heat,Bench,163:39,9,Miami,heat,4,18,0.222,1,7,0.143,0,0,0.0,8,10,18,3,2,1,0,8,1610612738,BOS,Boston Celtics,1610612748,MIA,Miami Heat
0021501217,2016-04-13,2015-16,regular_season,road,False,1610612748,MIA,Heat,Starters,163:39,79,Miami,heat,34,70,0.486,1,12,0.083,10,12,0.833,6,20,26,11,3,9,8,13,1610612738,BOS,Boston Celtics,1610612748,MIA,Miami Heat
0021501218,2016-04-13,2015-16,regular_season,home,False,1610612751,BKN,Nets,Bench,126:50,40,Brooklyn,nets,17,45,0.378,3,12,0.25,3,5,0.6,1,16,17,14,2,4,2,8,1610612751,BKN,Brooklyn Nets,1610612761,TOR,Toronto Raptors
0021501218,2016-04-13,2015-16,regular_season,home,False,1610612751,BKN,Nets,Starters,126:50,56,Brooklyn,nets,22,44,0.5,7,14,0.5,5,7,0.714,4,18,22,12,6,4,6,9,1610612751,BKN,Brooklyn Nets,1610612761,TOR,Toronto Raptors
0021501218,2016-04-13,2015-16,regular_season,road,False,1610612761,TOR,Raptors,Bench,166:09,34,Toronto,raptors,13,34,0.382,6,16,0.375,2,6,0.333,7,17,24,7,2,3,2,2,1610612751,BKN,Brooklyn Nets,1610612761,TOR,Toronto Raptors
0021501218,2016-04-13,2015-16,regular_season,road,False,1610612761,TOR,Raptors,Starters,166:09,69,Toronto,raptors,28,59,0.475,7,21,0.333,6,9,0.667,9,24,33,17,3,7,7,10,1610612751,BKN,Brooklyn Nets,1610612761,TOR,Toronto Raptors
0021501219,2016-04-13,2015-16,regular_season,home,False,1610612766,CHA,Hornets,Bench,75:05,84,Charlotte,hornets,34,57,0.596,6,16,0.375,10,16,0.625,3,30,33,18,3,5,8,11,1610612766,CHA,Charlotte Hornets,1610612753,ORL,Orlando Magic
0021501219,2016-04-13,2015-16,regular_season,home,False,1610612766,CHA,Hornets,Starters,75:05,33,Charlotte,hornets,13,29,0.448,5,13,0.385,2,3,0.667,2,11,13,14,3,0,1,3,1610612766,CHA,Charlotte Hornets,1610612753,ORL,Orlando Magic
0021501219,2016-04-13,2015-16,regular_season,road,False,1610612753,ORL,Magic,Bench,140:31,45,Orlando,magic,19,40,0.475,2,11,0.182,5,9,0.556,2,15,17,7,3,4,4,9,1610612766,CHA,Charlotte Hornets,1610612753,ORL,Orlando Magic
0021501219,2016-04-13,2015-16,regular_season,road,False,1610612753,ORL,Magic,Starters,140:31,58,Orlando,magic,23,51,0.451,6,16,0.375,6,9,0.667,3,19,22,15,4,0,6,9,1610612766,CHA,Charlotte Hornets,1610612753,ORL,Orlando Magic
0021501220,2016-04-13,2015-16,regular_season,home,False,1610612739,CLE,Cavaliers,Bench,127:21,38,Cleveland,cavaliers,18,42,0.429,2,7,0.286,0,0,0.0,5,22,27,6,3,7,4,13,1610612739,CLE,Cleveland Cavaliers,1610612765,DET,Detroit Pistons
0021501220,2016-04-13,2015-16,regular_season,home,False,1610612739,CLE,Cavaliers,Starters,127:21,72,Cleveland,cavaliers,28,55,0.509,5,11,0.455,11,15,0.733,3,13,16,15,1,0,6,10,1610612739,CLE,Cleveland Cavaliers,1610612765,DET,Detroit Pistons
0021501220,2016-04-13,2015-16,regular_season,road,False,1610612765,DET,Pistons,Bench,145:48,54,Detroit,pistons,17,38,0.447,7,16,0.438,13,18,0.722,3,17,20,12,0,8,1,3,1610612739,CLE,Cleveland Cavaliers,1610612765,DET,Detroit Pistons
0021501220,2016-04-13,2015-16,regular_season,road,False,1610612765,DET,Pistons,Starters,145:48,58,Detroit,pistons,20,47,0.426,9,17,0.529,9,10,0.9,6,21,27,12,5,3,11,12,1610612739,CLE,Cleveland Cavaliers,1610612765,DET,Detroit Pistons
0021501221,2016-04-13,2015-16,regular_season,home,False,1610612764,WAS,Wizards,Bench,144:01,35,Washington,wizards,12,31,0.387,4,11,0.364,7,17,0.412,6,19,25,4,4,3,9,9,1610612764,WAS,Washington Wizards,1610612737,ATL,Atlanta Hawks
0021501221,2016-04-13,2015-16,regular_season,home,False,1610612764,WAS,Wizards,Starters,144:01,74,Washington,wizards,30,57,0.526,5,17,0.294,9,13,0.692,5,21,26,21,10,1,10,13,1610612764,WAS,Washington Wizards,1610612737,ATL,Atlanta Hawks
0021501221,2016-04-13,2015-16,regular_season,road,False,1610612737,ATL,Hawks,Bench,138:49,43,Atlanta,hawks,14,34,0.412,6,10,0.6,9,16,0.563,5,13,18,9,6,1,5,7,1610612764,WAS,Washington Wizards,1610612737,ATL,Atlanta Hawks
0021501221,2016-04-13,2015-16,regular_season,road,False,1610612737,ATL,Hawks,Starters,138:49,55,Atlanta,hawks,18,47,0.383,5,20,0.25,14,15,0.933,4,25,29,13,7,4,17,14,1610612764,WAS,Washington Wizards,1610612737,ATL,Atlanta Hawks
0021501222,2016-04-13,2015-16,regular_season,home,False,1610612741,CHI,Bulls,Bench,173:58,25,Chicago,bulls,10,20,0.5,1,2,0.5,4,5,0.8,4,11,15,4,1,0,5,3,1610612741,CHI,Chicago Bulls,1610612755,PHI,Philadelphia 76ers
0021501222,2016-04-13,2015-16,regular_season,home,False,1610612741,CHI,Bulls,Starters,173:58,90,Chicago,bulls,29,63,0.46,14,22,0.636,18,22,0.818,12,26,38,23,7,8,12,10,1610612741,CHI,Chicago Bulls,1610612755,PHI,Philadelphia 76ers
0021501222,2016-04-13,2015-16,regular_season,road,False,1610612755,PHI,76ers,Bench,186:56,30,Philadelphia,sixers,12,19,0.632,4,7,0.571,2,3,0.667,0,5,5,10,4,1,5,5,1610612741,CHI,Chicago Bulls,1610612755,PHI,Philadelphia 76ers
0021501222,2016-04-13,2015-16,regular_season,road,False,1610612755,PHI,76ers,Starters,186:56,75,Philadelphia,sixers,25,62,0.403,13,28,0.464,12,15,0.8,4,22,26,18,6,6,8,19,1610612741,CHI,Chicago Bulls,1610612755,PHI,Philadelphia 76ers
