game_id,game_date,season,game_type,neutral_site,team_id_home,team_abbreviation_home,team_name_home,team_id_road,team_abbreviation_road,team_name_road,pts_home,pts_road,wl_home,fgm_home,fga_home,fg_pct_home,fg3m_home,fg3a_home,fg3_pct_home,ftm_home,fta_home,ft_pct_home,oreb_home,dreb_home,reb_home,ast_home,stl_home,blk_home,tov_home,pf_home,plus_minus_home,fgm_road,fga_road,fg_pct_road,fg3m_road,fg3a_road,fg3_pct_road,ftm_road,fta_road,ft_pct_road,oreb_road,dreb_road,reb_road,ast_road,stl_road,blk_road,tov_road,pf_road,plus_minus_road
0020300001,2003-10-28,2003-04,regular_season,False,1610612755,PHI,Philadelphia 76ers,1610612748,MIA,Miami Heat,20,20,W,6,19,0.316,1,6,0.167,7,10,0.7,4,7,11,5,1,0,3,9,0,7,17,0.412,0,1,0.0,6,7,0.857,3,10,13,4,1,1,5,7,0
0020300002,2003-10-28,2003-04,regular_season,False,1610612759,SAS,San Antonio Spurs,1610612756,PHX,Phoenix Suns,19,14,W,7,17,0.412,1,3,0.333,4,7,0.571,2,9,11,5,2,2,6,10,5,4,16,0.25,0,3,0.0,6,8,0.75,2,6,8,1,3,1,6,10,-5
0020300003,2003-10-28,2003-04,regular_season,False,1610612747,LAL,Los Angeles Lakers,1610612742,DAL,Dallas Mavericks,26,30,L,10,22,0.455,2,3,0.667,4,5,0.8,1,9,10,6,2,2,5,8,-4,11,26,0.423,3,7,0.429,5,8,0.625,4,9,13,4,1,1,2,4,4
0020300014,2003-10-29,2003-04,regular_season,False,1610612758,SAC,Sacramento Kings,1610612739,CLE,Cleveland Cavaliers,26,20,W,12,22,0.545,0,0,0.0,2,5,0.4,3,9,12,5,2,3,2,4,6,9,25,0.36,2,2,1.0,0,0,0.0,5,10,15,7,1,1,3,7,-6
0020300013,2003-10-29,2003-04,regular_season,False,1610612744,GSW,Golden State Warriors,1610612742,DAL,Dallas Mavericks,33,27,W,11,20,0.55,2,3,0.667,9,12,0.75,5,4,9,4,2,1,3,8,6,9,15,0.6,0,1,0.0,9,10,0.9,2,4,6,4,1,0,4,8,-6
0020300012,2003-10-29,2003-04,regular_season,False,1610612762,UTA,Utah Jazz,1610612757,POR,Portland Trail Blazers,25,28,L,11,16,0.688,2,4,0.5,1,2,0.5,0,3,3,6,3,3,4,7,-3,11,26,0.423,1,2,0.5,5,7,0.714,8,4,12,8,4,1,4,3,3
0020300010,2003-10-29,2003-04,regular_season,False,1610612741,CHI,Chicago Bulls,1610612764,WAS,Washington Wizards,16,23,L,6,21,0.286,1,5,0.2,3,4,0.75,5,9,14,5,1,3,6,5,-7,9,20,0.45,2,3,0.667,3,5,0.6,3,8,11,7,4,0,5,3,7
0020300009,2003-10-29,2003-04,regular_season,False,1610612750,MIN,Minnesota Timberwolves,1610612749,MIL,Milwaukee Bucks,27,25,W,11,18,0.611,0,1,0.0,5,10,0.5,5,7,12,7,2,1,4,2,2,11,24,0.458,1,3,0.333,2,2,1.0,4,4,8,10,2,0,2,6,-2
0020300011,2003-10-29,2003-04,regular_season,False,1610612743,DEN,Denver Nuggets,1610612759,SAS,San Antonio Spurs,19,16,W,7,24,0.292,0,2,0.0,5,7,0.714,9,11,20,3,3,1,8,5,3,7,27,0.259,0,0,0.0,2,3,0.667,6,6,12,3,4,2,4,6,-3
0020300007,2003-10-29,2003-04,regular_season,False,1610612761,TOR,Toronto Raptors,1610612751,NJN,New Jersey Nets,21,26,L,7,21,0.333,1,4,0.25,6,9,0.667,6,9,15,3,0,1,3,5,-5,11,21,0.524,2,2,1.0,2,3,0.667,2,5,7,8,2,1,1,7,5
0020300006,2003-10-29,2003-04,regular_season,False,1610612740,NOH,New Orleans Hornets,1610612737,ATL,Atlanta Hawks,19,23,L,7,20,0.35,0,3,0.0,5,7,0.714,0,7,7,5,1,0,1,2,-4,11,25,0.44,0,1,0.0,1,1,1.0,4,13,17,7,0,0,2,5,4
0020300005,2003-10-29,2003-04,regular_season,False,1610612752,NYK,New York Knicks,1610612753,ORL,Orlando Magic,15,17,L,4,17,0.235,0,3,0.0,7,9,0.778,4,10,14,3,2,3,6,4,-2,8,23,0.348,0,5,0.0,1,3,0.333,2,7,9,3,2,1,3,7,2
0020300004,2003-10-29,2003-04,regular_season,False,1610612738,BOS,Boston Celtics,1610612748,MIA,Miami Heat,29,24,W,9,18,0.5,1,3,0.333,10,11,0.909,1,9,10,5,2,1,2,8,5,8,19,0.421,0,1,0.0,8,10,0.8,1,7,8,4,2,0,3,6,-5
0020300008,2003-10-29,2003-04,regular_season,False,1610612765,DET,Detroit Pistons,1610612754,IND,Indiana Pacers,24,27,L,9,19,0.474,0,1,0.0,6,8,0.75,4,5,9,2,1,4,6,4,-3,10,21,0.476,3,4,0.75,4,4,1.0,4,5,9,6,2,3,4,6,3
0020300015,2003-10-30,2003-04,regular_season,False,1610612760,SEA,Seattle SuperSonics,1610612746,LAC,Los Angeles Clippers,24,25,L,9,17,0.529,2,5,0.4,4,6,0.667,4,6,10,7,1,1,5,5,-1,8,19,0.421,3,8,0.375,6,6,1.0,3,3,6,4,2,1,3,4,1
0020300016,2003-10-30,2003-04,regular_season,False,1610612753,ORL,Orlando Magic,1610612740,NOH,New Orleans Hornets,24,23,W,7,22,0.318,0,2,0.0,10,11,0.909,4,9,13,3,2,2,2,5,1,8,22,0.364,2,6,0.333,5,6,0.833,3,11,14,5,2,0,4,7,-1
0020300017,2003-10-30,2003-04,regular_season,False,1610612745,HOU,Houston Rockets,1610612743,DEN,Denver Nuggets,26,22,W,10,19,0.526,0,1,0.0,6,10,0.6,4,9,13,5,3,0,6,6,4,6,19,0.316,0,2,0.0,10,11,0.909,4,5,9,2,4,2,4,7,-4
0020300018,2003-10-30,2003-04,regular_season,False,1610612756,PHX,Phoenix Suns,1610612739,CLE,Cleveland Cavaliers,23,18,W,8,19,0.421,0,3,0.0,7,7,1.0,2,8,10,7,1,3,5,4,5,7,17,0.412,1,4,0.25,3,4,0.75,1,9,10,5,2,2,8,5,-5
0020300024,2003-10-31,2003-04,regular_season,False,1610612741,CHI,Chicago Bulls,1610612737,ATL,Atlanta Hawks,19,21,L,7,26,0.269,1,2,0.5,4,5,0.8,7,8,15,6,2,7,4,6,-2,7,21,0.333,1,1,1.0,6,7,0.857,3,11,14,6,2,1,3,6,2
0020300026,2003-10-31,2003-04,regular_season,False,1610612758,SAC,Sacramento Kings,1610612755,PHI,Philadelphia 76ers,26,20,W,10,21,0.476,1,3,0.333,5,7,0.714,2,8,10,8,3,1,3,7,6,5,16,0.312,0,0,0.0,10,12,0.833,1,7,8,3,3,1,5,6,-6
0020300025,2003-10-31,2003-04,regular_season,False,1610612746,LAC,Los Angeles Clippers,1610612760,SEA,Seattle SuperSonics,28,31,L,10,24,0.417,3,4,0.75,5,5,1.0,4,5,9,7,1,2,3,5,-3,12,26,0.462,4,8,0.5,3,5,0.6,6,6,12,6,1,0,2,5,3
0020300023,2003-10-31,2003-04,regular_season,False,1610612763,MEM,Memphis Grizzlies,1610612738,BOS,Boston Celtics,18,17,W,7,20,0.35,2,8,0.25,2,2,1.0,4,8,12,5,2,2,6,5,1,7,16,0.438,0,2,0.0,3,5,0.6,2,8,10,4,4,1,7,3,-1
0020300020,2003-10-31,2003-04,regular_season,False,1610612748,MIA,Miami Heat,1610612765,DET,Detroit Pistons,24,25,L,9,25,0.36,0,3,0.0,6,10,0.6,8,5,13,3,1,1,2,8,-1,7,13,0.538,1,2,0.5,10,13,0.769,1,5,6,2,2,2,4,9,1
0020300021,2003-10-31,2003-04,regular_season,False,1610612754,IND,Indiana Pacers,1610612749,MIL,Milwaukee Bucks,17,32,L,7,21,0.333,0,2,0.0,3,5,0.6,2,6,8,5,1,2,3,6,-15,14,23,0.609,1,3,0.333,3,5,0.6,3,10,13,10,3,4,3,5,15
0020300019,2003-10-31,2003-04,regular_season,False,1610612761,TOR,Toronto Raptors,1610612764,WAS,Washington Wizards,16,16,W,7,20,0.35,0,2,0.0,2,4,0.5,5,10,15,5,1,2,5,3,0,7,19,0.368,0,3,0.0,2,4,0.5,3,8,11,3,4,3,3,5,0
0020300022,2003-10-31,2003-04,regular_season,False,1610612751,NJN,New Jersey Nets,1610612750,MIN,Minnesota Timberwolves,20,20,W,8,18,0.444,0,2,0.0,4,6,0.667,2,6,8,6,3,0,5,5,0,7,15,0.467,1,2,0.5,5,6,0.833,1,3,4,3,2,0,6,6,0
0020300038,2003-11-01,2003-04,regular_season,False,1610612757,POR,Portland Trail Blazers,1610612739,CLE,Cleveland Cavaliers,31,16,W,8,15,0.533,2,6,0.333,13,17,0.765,3,7,10,7,0,2,4,6,15,6,18,0.333,1,2,0.5,3,4,0.75,3,5,8,4,2,0,8,11,-15
0020300027,2003-11-01,2003-04,regular_season,False,1610612764,WAS,Washington Wizards,1610612751,NJN,New Jersey Nets,21,23,L,8,17,0.471,1,3,0.333,4,4,1.0,2,7,9,6,4,1,7,7,-2,8,23,0.348,1,4,0.25,6,6,1.0,6,6,12,5,3,0,5,3,2
0020300028,2003-11-01,2003-04,regular_season,False,1610612753,ORL,Orlando Magic,1610612765,DET,Detroit Pistons,21,32,L,7,22,0.318,2,4,0.5,5,6,0.833,6,3,9,5,0,1,5,8,-11,12,21,0.571,1,1,1.0,7,11,0.636,5,8,13,7,3,1,3,5,11
0020300029,2003-11-01,2003-04,regular_season,False,1610612737,ATL,Atlanta Hawks,1610612754,IND,Indiana Pacers,23,20,W,10,17,0.588,0,1,0.0,3,6,0.5,1,7,8,5,2,3,2,7,3,6,19,0.316,1,4,0.25,7,9,0.778,3,6,9,3,2,0,4,4,-3
0020300030,2003-11-01,2003-04,regular_season,False,1610612740,NOH,New Orleans Hornets,1610612738,BOS,Boston Celtics,25,15,W,8,17,0.471,3,5,0.6,6,9,0.667,0,6,6,7,4,1,3,6,10,5,20,0.25,1,6,0.167,4,4,1.0,2,9,11,2,1,1,5,10,-10
0020300031,2003-11-01,2003-04,regular_season,False,1610612750,MIN,Minnesota Timberwolves,1610612761,TOR,Toronto Raptors,21,20,W,9,18,0.5,1,1,1.0,2,3,0.667,2,7,9,6,1,2,4,9,1,5,22,0.227,2,2,1.0,8,8,1.0,6,7,13,2,1,0,4,6,-1
0020300032,2003-11-01,2003-04,regular_season,False,1610612749,MIL,Milwaukee Bucks,1610612741,CHI,Chicago Bulls,27,21,W,12,18,0.667,1,3,0.333,2,3,0.667,1,8,9,7,1,2,5,7,6,6,21,0.286,3,7,0.429,6,9,0.667,5,4,9,4,2,1,6,3,-6
0020300033,2003-11-01,2003-04,regular_season,False,1610612742,DAL,Dallas Mavericks,1610612762,UTA,Utah Jazz,27,18,W,9,19,0.474,1,4,0.25,8,8,1.0,1,8,9,5,3,0,2,5,9,7,18,0.389,0,1,0.0,4,6,0.667,2,7,9,7,1,1,5,10,-9
0020300034,2003-11-01,2003-04,regular_season,False,1610612745,HOU,Houston Rockets,1610612763,MEM,Memphis Grizzlies,20,12,W,7,18,0.389,0,2,0.0,6,6,1.0,3,8,11,2,3,4,4,5,8,6,24,0.25,0,1,0.0,0,0,0.0,5,8,13,4,1,1,4,6,-8
0020300035,2003-11-01,2003-04,regular_season,False,1610612759,SAS,San Antonio Spurs,1610612752,NYK,New York Knicks,27,21,W,6,12,0.5,1,2,0.5,14,16,0.875,3,7,10,4,4,0,5,3,6,10,20,0.5,0,1,0.0,1,1,1.0,2,4,6,7,0,1,5,9,-6
0020300036,2003-11-01,2003-04,regular_season,False,1610612743,DEN,Denver Nuggets,1610612758,SAC,Sacramento Kings,32,30,W,10,22,0.455,1,3,0.333,11,16,0.688,5,8,13,5,3,4,4,7,2,10,26,0.385,2,6,0.333,8,10,0.8,3,6,9,8,4,0,4,9,-2
0020300037,2003-11-01,2003-04,regular_season,False,1610612756,PHX,Phoenix Suns,1610612747,LAL,Los Angeles Lakers,28,24,W,11,22,0.5,3,5,0.6,3,3,1.0,1,5,6,7,3,2,1,5,4,10,19,0.526,1,2,0.5,3,4,0.75,4,8,12,7,1,0,5,5,-4
0020300039,2003-11-01,2003-04,regular_season,False,1610612744,GSW,Golden State Warriors,1610612755,PHI,Philadelphia 76ers,30,20,W,13,20,0.65,1,4,0.25,3,3,1.0,3,8,11,5,1,1,2,4,10,9,18,0.5,2,4,0.5,0,0,0.0,0,2,2,6,0,1,2,2,-10
0020300040,2003-11-02,2003-04,regular_season,False,1610612747,LAL,Los Angeles Lakers,1610612744,GSW,Golden State Warriors,19,13,W,8,17,0.471,1,3,0.333,2,3,0.667,2,11,13,6,3,0,4,4,6,5,20,0.25,1,5,0.2,2,4,0.5,5,8,13,5,3,1,4,2,-6
0020300041,2003-11-03,2003-04,regular_season,False,1610612753,ORL,Orlando Magic,1610612752,NYK,New York Knicks,12,24,L,2,15,0.133,1,4,0.25,7,11,0.636,1,6,7,2,2,0,4,2,-12,10,19,0.526,0,3,0.0,4,4,1.0,2,13,15,8,4,1,3,7,12
0020300042,2003-11-03,2003-04,regular_season,False,1610612737,ATL,Atlanta Hawks,1610612740,NOH,New Orleans Hornets,18,20,L,8,23,0.348,1,4,0.25,1,2,0.5,5,6,11,5,2,0,6,7,-2,8,17,0.471,0,4,0.0,4,6,0.667,3,7,10,3,3,4,4,4,2
0020300043,2003-11-03,2003-04,regular_season,False,1610612763,MEM,Memphis Grizzlies,1610612759,SAS,San Antonio Spurs,29,17,W,10,19,0.526,2,6,0.333,7,11,0.636,2,7,9,7,3,2,4,5,12,6,19,0.316,2,5,0.4,3,5,0.6,3,8,11,3,2,0,8,7,-12
0020300044,2003-11-03,2003-04,regular_season,False,1610612741,CHI,Chicago Bulls,1610612745,HOU,Houston Rockets,13,26,L,4,20,0.2,0,4,0.0,5,8,0.625,5,7,12,3,3,2,5,5,-13,11,20,0.55,4,6,0.667,0,0,0.0,0,11,11,7,1,4,4,7,13
0020300045,2003-11-03,2003-04,regular_season,False,1610612742,DAL,Dallas Mavericks,1610612748,MIA,Miami Heat,23,24,L,11,22,0.5,1,2,0.5,0,0,0.0,2,6,8,6,2,1,3,2,-1,10,21,0.476,2,5,0.4,2,2,1.0,4,7,11,6,3,0,5,2,1
0020300046,2003-11-03,2003-04,regular_season,False,1610612762,UTA,Utah Jazz,1610612750,MIN,Minnesota Timberwolves,19,23,L,8,18,0.444,0,0,0.0,3,4,0.75,3,8,11,2,2,2,6,7,-4,10,18,0.556,1,1,1.0,2,3,0.667,1,7,8,7,2,2,5,4,4
0020300047,2003-11-03,2003-04,regular_season,False,1610612757,POR,Portland Trail Blazers,1610612755,PHI,Philadelphia 76ers,15,25,L,6,15,0.4,0,1,0.0,3,6,0.5,2,6,8,3,2,3,7,6,-10,9,19,0.474,2,4,0.5,5,6,0.833,1,8,9,5,4,1,4,6,10
0020300048,2003-11-04,2003-04,regular_season,False,1610612754,IND,Indiana Pacers,1610612743,DEN,Denver Nuggets,21,24,L,7,19,0.368,0,1,0.0,7,9,0.778,4,3,7,4,4,0,4,7,-3,8,15,0.533,2,4,0.5,6,7,0.857,3,6,9,4,1,3,7,7,3
0020300049,2003-11-04,2003-04,regular_season,False,1610612751,NJN,New Jersey Nets,1610612745,HOU,Houston Rockets,23,15,W,7,19,0.368,0,1,0.0,9,10,0.9,5,10,15,7,3,0,4,8,8,4,19,0.211,1,3,0.333,6,9,0.667,4,6,10,2,2,3,4,6,-8
0020300050,2003-11-04,2003-04,regular_season,False,1610612749,MIL,Milwaukee Bucks,1610612747,LAL,Los Angeles Lakers,36,30,W,12,23,0.522,2,4,0.5,10,12,0.833,6,7,13,8,1,1,1,10,6,9,19,0.474,2,4,0.5,10,17,0.588,5,7,12,8,0,0,1,8,-6
0020300051,2003-11-04,2003-04,regular_season,False,1610612759,SAS,San Antonio Spurs,1610612748,MIA,Miami Heat,24,29,L,8,19,0.421,1,3,0.333,7,16,0.438,4,4,8,2,4,1,2,6,-5,9,15,0.6,2,2,1.0,9,9,1.0,1,10,11,5,1,1,5,11,5
0020300061,2003-11-05,2003-04,regular_season,False,1610612757,POR,Portland Trail Blazers,1610612763,MEM,Memphis Grizzlies,22,16,W,8,20,0.4,2,2,1.0,4,4,1.0,4,12,16,5,1,2,4,8,6,5,22,0.227,0,3,0.0,6,8,0.75,5,7,12,4,1,3,2,5,-6
0020300059,2003-11-05,2003-04,regular_season,False,1610612762,UTA,Utah Jazz,1610612756,PHX,Phoenix Suns,14,17,L,6,21,0.286,0,3,0.0,2,3,0.667,2,10,12,2,2,0,1,3,-3,6,20,0.3,1,2,0.5,4,4,1.0,3,9,12,2,0,3,3,3,3
0020300058,2003-11-05,2003-04,regular_season,False,1610612750,MIN,Minnesota Timberwolves,1610612758,SAC,Sacramento Kings,29,28,W,11,19,0.579,1,1,1.0,6,6,1.0,1,6,7,8,3,3,1,6,1,10,23,0.435,1,4,0.25,7,8,0.875,7,6,13,6,1,0,4,6,-1
0020300057,2003-11-05,2003-04,regular_season,False,1610612739,CLE,Cleveland Cavaliers,1610612743,DEN,Denver Nuggets,28,19,W,11,24,0.458,1,1,1.0,5,7,0.714,6,10,16,6,3,2,3,4,9,9,23,0.391,1,4,0.25,0,3,0.0,4,6,10,3,2,3,5,7,-9
0020300060,2003-11-05,2003-04,regular_season,False,1610612744,GSW,Golden State Warriors,1610612737,ATL,Atlanta Hawks,22,24,L,9,23,0.391,2,5,0.4,2,2,1.0,5,7,12,5,1,0,3,8,-2,9,20,0.45,1,1,1.0,5,10,0.5,5,8,13,6,1,0,2,2,2
0020300055,2003-11-05,2003-04,regular_season,False,1610612752,NYK,New York Knicks,1610612749,MIL,Milwaukee Bucks,16,23,L,8,21,0.381,0,5,0.0,0,0,0.0,3,6,9,3,2,0,3,4,-7,9,19,0.474,0,2,0.0,5,7,0.714,3,9,12,6,2,0,2,4,7
0020300054,2003-11-05,2003-04,regular_season,False,1610612753,ORL,Orlando Magic,1610612741,CHI,Chicago Bulls,34,26,W,12,24,0.5,0,1,0.0,10,14,0.714,7,5,12,3,1,1,2,6,8,10,17,0.588,1,2,0.5,5,5,1.0,1,3,4,5,1,2,4,11,-8
0020300053,2003-11-05,2003-04,regular_season,False,1610612764,WAS,Washington Wizards,1610612742,DAL,Dallas Mavericks,29,18,W,12,26,0.462,5,8,0.625,0,1,0.0,4,9,13,9,4,3,3,6,11,6,18,0.333,1,2,0.5,5,8,0.625,5,8,13,5,3,2,8,1,-11
0020300052,2003-11-05,2003-04,regular_season,False,1610612755,PHI,Philadelphia 76ers,1610612740,NOH,New Orleans Hornets,22,26,L,9,19,0.474,0,1,0.0,4,5,0.8,2,6,8,6,2,1,6,2,-4,12,21,0.571,1,6,0.167,1,1,1.0,2,8,10,8,5,1,3,7,4
0020300056,2003-11-05,2003-04,regular_season,False,1610612765,DET,Detroit Pistons,1610612738,BOS,Boston Celtics,22,24,L,7,17,0.412,0,1,0.0,8,15,0.533,4,4,8,5,4,1,2,3,-2,12,20,0.6,0,2,0.0,0,0,0.0,3,11,14,7,1,1,5,11,2
0020300062,2003-11-06,2003-04,regular_season,False,1610612751,NJN,New Jersey Nets,1610612754,IND,Indiana Pacers,12,26,L,5,15,0.333,0,0,0.0,2,4,0.5,2,7,9,3,1,2,7,10,-14,9,18,0.5,0,1,0.0,8,8,1.0,2,7,9,3,1,1,3,5,14
0020300063,2003-11-06,2003-04,regular_season,False,1610612761,TOR,Toronto Raptors,1610612742,DAL,Dallas Mavericks,22,18,W,7,15,0.467,3,5,0.6,5,6,0.833,0,8,8,7,4,1,6,6,4,7,19,0.368,1,1,1.0,3,4,0.75,4,4,8,6,0,2,5,7,-4
0020300064,2003-11-06,2003-04,regular_season,False,1610612759,SAS,San Antonio Spurs,1610612747,LAL,Los Angeles Lakers,28,22,W,12,22,0.545,1,2,0.5,3,4,0.75,2,8,10,7,3,0,3,3,6,10,21,0.476,0,1,0.0,2,3,0.667,3,7,10,1,2,2,5,4,-6
0020300076,2003-11-07,2003-04,regular_season,False,1610612760,SEA,Seattle SuperSonics,1610612757,POR,Portland Trail Blazers,27,24,W,12,19,0.632,2,4,0.5,1,2,0.5,1,7,8,5,4,2,6,4,3,10,22,0.455,1,4,0.25,3,4,0.75,4,5,9,3,3,0,6,3,-3
0020300075,2003-11-07,2003-04,regular_season,False,1610612744,GSW,Golden State Warriors,1610612762,UTA,Utah Jazz,20,18,W,6,15,0.4,1,3,0.333,7,8,0.875,3,8,11,5,1,3,8,3,2,9,24,0.375,0,2,0.0,0,0,0.0,6,5,11,5,5,3,5,7,-2
0020300074,2003-11-07,2003-04,regular_season,False,1610612756,PHX,Phoenix Suns,1610612763,MEM,Memphis Grizzlies,19,23,L,9,17,0.529,0,1,0.0,1,2,0.5,3,5,8,5,0,2,6,6,-4,10,18,0.556,0,4,0.0,3,3,1.0,1,2,3,4,3,1,4,4,4
0020300073,2003-11-07,2003-04,regular_season,False,1610612743,DEN,Denver Nuggets,1610612746,LAC,Los Angeles Clippers,16,27,L,5,18,0.278,1,3,0.333,5,6,0.833,2,11,13,3,1,1,7,5,-11,11,28,0.393,1,2,0.5,4,5,0.8,6,9,15,7,7,1,2,4,11
0020300072,2003-11-07,2003-04,regular_season,False,1610612741,CHI,Chicago Bulls,1610612755,PHI,Philadelphia 76ers,20,21,L,9,22,0.409,0,3,0.0,2,4,0.5,4,8,12,4,1,3,4,9,-1,5,17,0.294,0,2,0.0,11,14,0.786,4,7,11,3,4,0,5,4,1
0020300071,2003-11-07,2003-04,regular_season,False,1610612765,DET,Detroit Pistons,1610612749,MIL,Milwaukee Bucks,26,22,W,7,25,0.28,2,3,0.667,10,13,0.769,8,11,19,4,1,5,2,4,4,10,27,0.37,0,2,0.0,2,3,0.667,7,8,15,4,2,0,2,8,-4
0020300068,2003-11-07,2003-04,regular_season,False,1610612754,IND,Indiana Pacers,1610612739,CLE,Cleveland Cavaliers,20,24,L,8,17,0.471,2,4,0.5,2,3,0.667,2,7,9,6,2,3,4,5,-4,10,17,0.588,2,2,1.0,2,4,0.5,1,8,9,7,1,1,2,3,4
0020300069,2003-11-07,2003-04,regular_season,False,1610612753,ORL,Orlando Magic,1610612750,MIN,Minnesota Timberwolves,17,24,L,6,17,0.353,2,5,0.4,3,7,0.429,1,5,6,4,1,1,3,5,-7,11,23,0.478,0,1,0.0,2,3,0.667,3,11,14,8,2,1,3,7,7
0020300067,2003-11-07,2003-04,regular_season,False,1610612752,NYK,New York Knicks,1610612758,SAC,Sacramento Kings,18,27,L,5,18,0.278,0,2,0.0,8,11,0.727,4,9,13,4,0,0,4,6,-9,10,21,0.476,0,2,0.0,7,10,0.7,2,8,10,7,3,3,1,7,9
0020300066,2003-11-07,2003-04,regular_season,False,1610612738,BOS,Boston Celtics,1610612751,NJN,New Jersey Nets,17,26,L,7,23,0.304,0,3,0.0,3,4,0.75,6,5,11,2,1,2,3,7,-9,9,20,0.45,3,7,0.429,5,7,0.714,5,9,14,4,2,2,6,7,9
0020300065,2003-11-07,2003-04,regular_season,False,1610612764,WAS,Washington Wizards,1610612761,TOR,Toronto Raptors,29,4,W,8,21,0.381,1,3,0.333,12,14,0.857,8,11,19,3,4,1,4,3,25,2,16,0.125,0,3,0.0,0,1,0.0,2,5,7,2,3,1,9,9,-25
0020300070,2003-11-07,2003-04,regular_season,False,1610612740,NOH,New Orleans Hornets,1610612747,LAL,Los Angeles Lakers,36,37,L,12,21,0.571,4,6,0.667,8,9,0.889,3,3,6,7,3,0,2,9,-1,12,16,0.75,4,5,0.8,9,12,0.75,1,6,7,11,0,0,4,6,1
0020300082,2003-11-08,2003-04,regular_season,False,1610612759,SAS,San Antonio Spurs,1610612742,DAL,Dallas Mavericks,23,26,L,8,21,0.381,1,4,0.25,6,8,0.75,5,6,11,5,1,1,6,7,-3,10,25,0.4,2,7,0.286,4,6,0.667,7,6,13,5,3,0,4,7,3
0020300084,2003-11-08,2003-04,regular_season,False,1610612757,POR,Portland Trail Blazers,1610612737,ATL,Atlanta Hawks,20,18,W,8,22,0.364,3,5,0.6,1,1,1.0,3,9,12,6,2,3,3,1,2,8,24,0.333,0,6,0.0,2,2,1.0,5,10,15,4,2,1,4,3,-2
0020300083,2003-11-08,2003-04,regular_season,False,1610612762,UTA,Utah Jazz,1610612763,MEM,Memphis Grizzlies,20,29,L,8,21,0.381,1,2,0.5,3,4,0.75,2,2,4,6,1,2,3,7,-9,11,19,0.579,3,6,0.5,4,5,0.8,3,8,11,7,2,2,4,4,9
0020300081,2003-11-08,2003-04,regular_season,False,1610612745,HOU,Houston Rockets,1610612753,ORL,Orlando Magic,28,25,W,10,21,0.476,5,7,0.714,3,6,0.5,3,3,6,7,3,1,3,3,3,10,18,0.556,1,2,0.5,4,6,0.667,2,8,10,5,3,0,5,4,-3
0020300078,2003-11-08,2003-04,regular_season,False,1610612739,CLE,Cleveland Cavaliers,1610612764,WAS,Washington Wizards,21,24,L,9,24,0.375,1,4,0.25,2,4,0.5,3,6,9,8,1,1,1,5,-3,11,20,0.55,0,1,0.0,2,4,0.5,3,11,14,5,1,2,3,3,3
0020300079,2003-11-08,2003-04,regular_season,False,1610612740,NOH,New Orleans Hornets,1610612741,CHI,Chicago Bulls,27,30,L,9,17,0.529,1,4,0.25,8,11,0.727,5,6,11,5,4,0,8,5,-3,13,21,0.619,2,4,0.5,2,4,0.5,3,4,7,7,3,2,6,6,3
0020300077,2003-11-08,2003-04,regular_season,False,1610612748,MIA,Miami Heat,1610612750,MIN,Minnesota Timberwolves,17,19,L,7,18,0.389,1,1,1.0,2,4,0.5,2,6,8,3,3,3,3,4,-2,8,19,0.421,1,2,0.5,2,3,0.667,4,9,13,4,1,1,6,6,2
0020300080,2003-11-08,2003-04,regular_season,False,1610612749,MIL,Milwaukee Bucks,1610612752,NYK,New York Knicks,18,28,L,6,17,0.353,2,5,0.4,4,6,0.667,2,6,8,6,0,1,3,3,-10,12,23,0.522,4,6,0.667,0,1,0.0,4,9,13,6,3,0,2,6,10
0020300085,2003-11-09,2003-04,regular_season,False,1610612761,TOR,Toronto Raptors,1610612743,DEN,Denver Nuggets,24,32,L,10,19,0.526,2,3,0.667,2,2,1.0,4,3,7,7,1,0,5,9,-8,10,20,0.5,1,3,0.333,11,13,0.846,7,5,12,4,2,1,2,4,8
0020300086,2003-11-09,2003-04,regular_season,False,1610612738,BOS,Boston Celtics,1610612758,SAC,Sacramento Kings,13,20,L,5,18,0.278,0,2,0.0,3,4,0.75,3,11,14,2,3,3,9,8,-7,6,19,0.316,2,5,0.4,6,8,0.75,1,9,10,4,5,1,3,4,7
0020300087,2003-11-09,2003-04,regular_season,False,1610612755,PHI,Philadelphia 76ers,1610612754,IND,Indiana Pacers,26,17,W,8,21,0.381,0,0,0.0,10,11,0.909,3,6,9,4,2,2,2,3,9,7,18,0.389,0,2,0.0,3,3,1.0,3,9,12,5,1,1,6,8,-9
0020300088,2003-11-09,2003-04,regular_season,False,1610612765,DET,Detroit Pistons,1610612751,NJN,New Jersey Nets,28,21,W,10,21,0.476,1,2,0.5,7,9,0.778,5,3,8,7,2,0,3,8,7,8,15,0.533,1,3,0.333,4,5,0.8,1,5,6,5,0,3,6,10,-7
0020300089,2003-11-09,2003-04,regular_season,False,1610612760,SEA,Seattle SuperSonics,1610612737,ATL,Atlanta Hawks,17,24,L,5,23,0.217,0,4,0.0,7,10,0.7,7,8,15,4,4,1,4,8,-7,8,15,0.533,2,3,0.667,6,9,0.667,2,10,12,5,2,4,6,6,7
0020300090,2003-11-10,2003-04,regular_season,False,1610612739,CLE,Cleveland Cavaliers,1610612752,NYK,New York Knicks,24,19,W,10,23,0.435,1,1,1.0,3,3,1.0,4,9,13,9,3,0,2,3,5,8,20,0.4,1,4,0.25,2,2,1.0,1,8,9,7,1,0,3,2,-5
0020300091,2003-11-10,2003-04,regular_season,False,1610612763,MEM,Memphis Grizzlies,1610612747,LAL,Los Angeles Lakers,32,25,W,14,21,0.667,0,1,0.0,4,6,0.667,1,8,9,7,5,1,3,9,7,7,18,0.389,1,3,0.333,10,14,0.714,3,7,10,2,3,0,5,5,-7
0020300092,2003-11-10,2003-04,regular_season,False,1610612741,CHI,Chicago Bulls,1610612743,DEN,Denver Nuggets,23,22,W,10,21,0.476,1,4,0.25,2,4,0.5,4,10,14,6,2,1,7,5,1,7,22,0.318,1,2,0.5,7,8,0.875,5,8,13,6,5,1,5,6,-1
0020300093,2003-11-10,2003-04,regular_season,False,1610612759,SAS,San Antonio Spurs,1610612762,UTA,Utah Jazz,24,9,W,9,17,0.529,1,3,0.333,5,6,0.833,5,11,16,6,4,5,7,4,15,3,18,0.167,0,1,0.0,3,4,0.75,4,3,7,2,2,0,5,6,-15
0020300094,2003-11-10,2003-04,regular_season,False,1610612744,GSW,Golden State Warriors,1610612756,PHX,Phoenix Suns,27,25,W,11,20,0.55,3,9,0.333,2,3,0.667,0,10,10,9,1,3,2,4,2,10,20,0.5,1,2,0.5,4,8,0.5,2,9,11,7,1,0,1,3,-2
0020300102,2003-11-11,2003-04,regular_season,False,1610612746,LAC,Los Angeles Clippers,1610612737,ATL,Atlanta Hawks,25,21,W,11,26,0.423,1,3,0.333,2,2,1.0,6,4,10,5,1,0,3,4,4,7,13,0.538,1,2,0.5,6,6,1.0,1,7,8,5,1,2,9,4,-4
0020300101,2003-11-11,2003-04,regular_season,False,1610612757,POR,Portland Trail Blazers,1610612761,TOR,Toronto Raptors,30,23,W,13,23,0.565,1,1,1.0,3,3,1.0,5,7,12,8,2,1,1,9,7,6,14,0.429,2,5,0.4,9,15,0.6,3,5,8,4,0,0,3,3,-7
0020300099,2003-11-11,2003-04,regular_season,False,1610612745,HOU,Houston Rockets,1610612748,MIA,Miami Heat,27,20,W,11,18,0.611,3,7,0.429,2,2,1.0,1,5,6,5,3,3,5,4,7,8,20,0.4,0,1,0.0,4,4,1.0,5,3,8,6,4,1,5,3,-7
0020300100,2003-11-11,2003-04,regular_season,False,1610612758,SAC,Sacramento Kings,1610612765,DET,Detroit Pistons,28,26,W,11,22,0.5,3,3,1.0,3,5,0.6,4,7,11,3,1,1,4,10,2,5,14,0.357,1,2,0.5,15,16,0.938,1,8,9,1,1,3,5,8,-2
0020300097,2003-11-11,2003-04,regular_season,False,1610612750,MIN,Minnesota Timberwolves,1610612760,SEA,Seattle SuperSonics,22,25,L,9,21,0.429,2,2,1.0,2,3,0.667,3,6,9,7,2,3,5,3,-3,11,22,0.5,3,5,0.6,0,0,0.0,4,7,11,8,3,1,4,5,3
0020300096,2003-11-11,2003-04,regular_season,False,1610612754,IND,Indiana Pacers,1610612738,BOS,Boston Celtics,22,16,W,7,14,0.5,1,5,0.2,7,10,0.7,1,12,13,4,0,3,4,3,6,6,25,0.24,2,4,0.5,2,3,0.667,5,8,13,6,4,0,2,7,-6
0020300095,2003-11-11,2003-04,regular_season,False,1610612764,WAS,Washington Wizards,1610612755,PHI,Philadelphia 76ers,26,25,W,9,21,0.429,1,3,0.333,7,8,0.875,5,6,11,7,3,2,5,7,1,9,17,0.529,1,1,1.0,6,10,0.6,3,6,9,8,3,1,5,5,-1
0020300098,2003-11-11,2003-04,regular_season,False,1610612742,DAL,Dallas Mavericks,1610612740,NOH,New Orleans Hornets,25,30,L,11,28,0.393,1,6,0.167,2,3,0.667,9,4,13,7,3,1,1,4,-5,12,22,0.545,3,9,0.333,3,3,1.0,5,7,12,6,0,2,4,3,5
0020300111,2003-11-12,2003-04,regular_season,False,1610612747,LAL,Los Angeles Lakers,1610612761,TOR,Toronto Raptors,31,25,W,8,18,0.444,0,0,0.0,15,21,0.714,2,12,14,4,1,1,2,6,6,9,22,0.409,3,6,0.5,4,5,0.8,0,8,8,6,0,0,1,13,-6
0020300110,2003-11-12,2003-04,regular_season,False,1610612744,GSW,Golden State Warriors,1610612765,DET,Detroit Pistons,18,23,L,7,20,0.35,0,2,0.0,4,6,0.667,2,8,10,4,1,2,5,11,-5,7,16,0.438,0,2,0.0,9,11,0.818,0,12,12,7,3,1,5,6,5
0020300108,2003-11-12,2003-04,regular_season,False,1610612749,MIL,Milwaukee Bucks,1610612760,SEA,Seattle SuperSonics,33,26,W,13,23,0.565,4,7,0.571,3,3,1.0,2,6,8,9,1,0,1,7,7,8,18,0.444,3,5,0.6,7,8,0.875,2,5,7,5,1,0,3,5,-7
0020300107,2003-11-12,2003-04,regular_season,False,1610612740,NOH,New Orleans Hornets,1610612762,UTA,Utah Jazz,30,16,W,10,16,0.625,5,10,0.5,5,5,1.0,2,8,10,8,3,0,4,6,14,7,18,0.389,0,5,0.0,2,3,0.667,3,4,7,5,2,0,5,5,-14
0020300109,2003-11-12,2003-04,regular_season,False,1610612756,PHX,Phoenix Suns,1610612737,ATL,Atlanta Hawks,21,17,W,9,19,0.474,0,3,0.0,3,4,0.75,2,9,11,2,1,4,3,3,4,6,22,0.273,1,3,0.333,4,5,0.8,6,7,13,1,1,0,4,5,-4
0020300105,2003-11-12,2003-04,regular_season,False,1610612753,ORL,Orlando Magic,1610612763,MEM,Memphis Grizzlies,23,31,L,9,21,0.429,1,4,0.25,4,7,0.571,4,8,12,4,1,1,4,7,-8,13,24,0.542,2,7,0.286,3,5,0.6,4,9,13,7,2,1,3,6,8
0020300104,2003-11-12,2003-04,regular_season,False,1610612751,NJN,New Jersey Nets,1610612759,SAS,San Antonio Spurs,13,28,L,6,23,0.261,0,3,0.0,1,3,0.333,4,8,12,4,0,0,2,6,-15,10,22,0.455,2,5,0.4,6,8,0.75,4,12,16,6,1,3,0,2,15
0020300103,2003-11-12,2003-04,regular_season,False,1610612738,BOS,Boston Celtics,1610612741,CHI,Chicago Bulls,23,24,L,9,24,0.375,3,8,0.375,2,3,0.667,3,10,13,7,3,1,3,7,-1,8,19,0.421,2,5,0.4,6,6,1.0,1,10,11,5,2,0,4,6,1
0020300106,2003-11-12,2003-04,regular_season,False,1610612748,MIA,Miami Heat,1610612739,CLE,Cleveland Cavaliers,21,20,W,8,20,0.4,1,4,0.25,4,5,0.8,2,9,11,8,1,0,4,3,1,8,22,0.364,0,1,0.0,4,6,0.667,4,11,15,3,2,1,3,4,-1
0020300112,2003-11-13,2003-04,regular_season,False,1610612742,DAL,Dallas Mavericks,1610612745,HOU,Houston Rockets,30,26,W,13,24,0.542,1,2,0.5,3,3,1.0,4,7,11,7,3,2,0,3,4,10,20,0.5,2,6,0.333,4,4,1.0,3,7,10,7,0,1,3,4,-4
0020300113,2003-11-13,2003-04,regular_season,False,1610612741,CHI,Chicago Bulls,1610612750,MIN,Minnesota Timberwolves,26,22,W,11,17,0.647,2,3,0.667,2,5,0.4,2,6,8,8,3,0,5,5,4,11,19,0.579,0,0,0.0,0,2,0.0,2,6,8,7,2,0,4,6,-4
0020300114,2003-11-13,2003-04,regular_season,False,1610612757,POR,Portland Trail Blazers,1610612758,SAC,Sacramento Kings,27,29,L,12,20,0.6,1,2,0.5,2,2,1.0,1,7,8,8,1,1,2,4,-2,12,21,0.571,2,4,0.5,3,3,1.0,1,7,8,10,1,1,1,2,2
0020300125,2003-11-14,2003-04,regular_season,False,1610612744,GSW,Golden State Warriors,1610612746,LAC,Los Angeles Clippers,28,33,L,10,22,0.455,2,3,0.667,6,7,0.857,3,6,9,6,1,0,4,6,-5,14,21,0.667,2,5,0.4,3,5,0.6,1,8,9,6,2,0,4,7,5
0020300124,2003-11-14,2003-04,regular_season,False,1610612747,LAL,Los Angeles Lakers,1610612765,DET,Detroit Pistons,19,25,L,6,16,0.375,0,3,0.0,7,8,0.875,1,7,8,0,6,2,7,6,-6,10,19,0.526,1,2,0.5,4,4,1.0,2,7,9,6,5,3,7,7,6
0020300123,2003-11-14,2003-04,regular_season,False,1610612743,DEN,Denver Nuggets,1610612753,ORL,Orlando Magic,35,35,W,13,27,0.481,0,0,0.0,9,10,0.9,6,6,12,9,1,4,2,4,0,15,25,0.6,3,4,0.75,2,2,1.0,1,7,8,11,1,2,3,8,0
0020300122,2003-11-14,2003-04,regular_season,False,1610612758,SAC,Sacramento Kings,1610612761,TOR,Toronto Raptors,12,16,L,6,17,0.353,0,1,0.0,0,0,0.0,2,9,11,4,3,2,7,4,-4,7,21,0.333,2,5,0.4,0,0,0.0,4,7,11,3,3,2,5,3,4
0020300121,2003-11-14,2003-04,regular_season,False,1610612745,HOU,Houston Rockets,1610612756,PHX,Phoenix Suns,18,27,L,7,21,0.333,1,3,0.333,3,6,0.5,5,5,10,3,1,1,3,5,-9,11,22,0.5,2,4,0.5,3,3,1.0,5,10,15,8,1,4,5,7,9
0020300118,2003-11-14,2003-04,regular_season,False,1610612754,IND,Indiana Pacers,1610612760,SEA,Seattle SuperSonics,19,13,W,7,19,0.368,3,6,0.5,2,2,1.0,0,7,7,7,2,3,2,1,6,6,19,0.316,1,3,0.333,0,0,0.0,2,11,13,4,1,1,5,5,-6
0020300119,2003-11-14,2003-04,regular_season,False,1610612755,PHI,Philadelphia 76ers,1610612759,SAS,San Antonio Spurs,25,25,W,8,16,0.5,2,3,0.667,7,11,0.636,0,8,8,5,0,2,3,9,0,8,20,0.4,2,5,0.4,7,8,0.875,2,7,9,6,1,1,4,8,0
0020300117,2003-11-14,2003-04,regular_season,False,1610612748,MIA,Miami Heat,1610612764,WAS,Washington Wizards,22,27,L,10,24,0.417,2,5,0.4,0,0,0.0,5,7,12,7,1,1,3,6,-5,11,19,0.579,2,4,0.5,3,5,0.6,2,6,8,4,3,2,4,2,5
0020300116,2003-11-14,2003-04,regular_season,False,1610612751,NJN,New Jersey Nets,1610612752,NYK,New York Knicks,15,13,W,7,17,0.412,1,2,0.5,0,2,0.0,2,8,10,7,4,0,6,2,2,6,17,0.353,1,4,0.25,0,0,0.0,3,9,12,3,5,0,9,6,-2
0020300115,2003-11-14,2003-04,regular_season,False,1610612738,BOS,Boston Celtics,1610612739,CLE,Cleveland Cavaliers,29,22,W,12,24,0.5,1,1,1.0,4,5,0.8,4,7,11,7,3,0,0,6,7,10,25,0.4,0,2,0.0,2,4,0.5,8,8,16,4,0,4,4,7,-7
0020300120,2003-11-14,2003-04,regular_season,False,1610612750,MIN,Minnesota Timberwolves,1610612762,UTA,Utah Jazz,18,21,L,8,19,0.421,2,3,0.667,0,0,0.0,3,5,8,6,3,1,4,4,-3,9,16,0.562,0,1,0.0,3,5,0.6,2,7,9,5,1,0,4,4,3
0020300126,2003-11-15,2003-04,regular_season,False,1610612740,NOH,New Orleans Hornets,1610612757,POR,Portland Trail Blazers,25,26,L,8,20,0.4,2,4,0.5,7,7,1.0,2,8,10,3,2,2,1,9,-1,9,26,0.346,1,4,0.25,7,9,0.778,9,8,17,3,1,3,4,5,1
0020300127,2003-11-15,2003-04,regular_season,False,1610612764,WAS,Washington Wizards,1610612759,SAS,San Antonio Spurs,9,24,L,4,17,0.235,1,2,0.5,0,2,0.0,1,7,8,3,0,2,7,9,-15,9,18,0.5,0,0,0.0,6,9,0.667,3,12,15,8,1,1,4,3,15
0020300128,2003-11-15,2003-04,regular_season,False,1610612737,ATL,Atlanta Hawks,1610612751,NJN,New Jersey Nets,19,29,L,4,15,0.267,0,0,0.0,11,13,0.846,0,3,3,3,1,1,3,9,-10,9,15,0.6,2,4,0.5,9,10,0.9,0,7,7,6,3,0,4,10,10
0020300129,2003-11-15,2003-04,regular_season,False,1610612752,NYK,New York Knicks,1610612754,IND,Indiana Pacers,29,22,W,13,20,0.65,2,3,0.667,1,3,0.333,5,9,14,6,0,0,3,8,7,7,18,0.389,2,4,0.5,6,8,0.75,3,3,6,4,2,0,1,5,-7
0020300130,2003-11-15,2003-04,regular_season,False,1610612739,CLE,Cleveland Cavaliers,1610612755,PHI,Philadelphia 76ers,21,25,L,7,17,0.412,0,2,0.0,7,7,1.0,2,9,11,5,0,3,5,6,-4,8,20,0.4,2,4,0.5,7,9,0.778,3,7,10,3,3,0,3,5,4
0020300131,2003-11-15,2003-04,regular_season,False,1610612763,MEM,Memphis Grizzlies,1610612742,DAL,Dallas Mavericks,17,25,L,6,19,0.316,1,4,0.25,4,4,1.0,2,5,7,3,2,3,5,7,-8,8,21,0.381,0,2,0.0,9,12,0.75,6,7,13,6,3,1,2,5,8
0020300132,2003-11-15,2003-04,regular_season,False,1610612741,CHI,Chicago Bulls,1610612760,SEA,Seattle SuperSonics,24,28,L,16,33,0.485,2,4,0.5,5,7,0.714,5,14,19,8,5,0,7,7,-4,14,29,0.483,6,13,0.462,8,10,0.8,4,13,17,9,4,1,9,4,4
0020300133,2003-11-15,2003-04,regular_season,False,1610612749,MIL,Milwaukee Bucks,1610612762,UTA,Utah Jazz,25,21,W,10,19,0.526,0,1,0.0,5,8,0.625,2,7,9,5,4,1,5,9,4,8,18,0.444,1,2,0.5,4,5,0.8,2,9,11,4,3,4,8,8,-4
0020300134,2003-11-15,2003-04,regular_season,False,1610612756,PHX,Phoenix Suns,1610612765,DET,Detroit Pistons,21,28,L,9,25,0.36,1,5,0.2,2,2,1.0,5,5,10,2,2,2,3,12,-7,8,13,0.615,1,1,1.0,11,16,0.688,2,6,8,3,2,1,3,6,7
0020300135,2003-11-15,2003-04,regular_season,False,1610612746,LAC,Los Angeles Clippers,1610612753,ORL,Orlando Magic,31,25,W,13,20,0.65,4,4,1.0,1,1,1.0,1,10,11,7,0,0,3,4,6,12,23,0.522,0,0,0.0,1,3,0.333,2,5,7,2,0,0,0,5,-6
0020300137,2003-11-16,2003-04,regular_season,False,1610612758,SAC,Sacramento Kings,1610612744,GSW,Golden State Warriors,25,38,L,6,24,0.25,1,2,0.5,12,15,0.8,9,4,13,3,0,0,1,5,-13,17,26,0.654,2,2,1.0,2,6,0.333,4,10,14,8,1,0,1,9,13
0020300138,2003-11-16,2003-04,regular_season,False,1610612747,LAL,Los Angeles Lakers,1610612748,MIA,Miami Heat,22,15,W,7,18,0.389,0,0,0.0,8,16,0.5,4,9,13,5,1,1,6,6,7,6,20,0.3,0,5,0.0,3,8,0.375,4,8,12,3,4,1,5,14,-7
0020300136,2003-11-16,2003-04,regular_season,False,1610612761,TOR,Toronto Raptors,1610612745,HOU,Houston Rockets,16,21,L,4,18,0.222,0,6,0.0,8,10,0.8,2,7,9,1,3,0,3,6,-5,7,17,0.412,2,3,0.667,5,6,0.833,3,12,15,4,1,2,6,7,5
0020300139,2003-11-17,2003-04,regular_season,False,1610612755,PHI,Philadelphia 76ers,1610612745,HOU,Houston Rockets,19,26,L,8,19,0.421,0,1,0.0,3,4,0.75,2,7,9,6,2,0,4,3,-7,12,19,0.632,2,5,0.4,0,1,0.0,0,9,9,8,1,2,4,5,7
0020300140,2003-11-17,2003-04,regular_season,False,1610612752,NYK,New York Knicks,1610612738,BOS,Boston Celtics,20,26,L,6,19,0.316,2,3,0.667,6,7,0.857,2,5,7,4,0,2,2,6,-6,11,22,0.5,0,4,0.0,4,7,0.571,4,10,14,9,1,2,3,6,6
0020300141,2003-11-17,2003-04,regular_season,False,1610612737,ATL,Atlanta Hawks,1610612764,WAS,Washington Wizards,26,27,L,6,15,0.4,0,3,0.0,14,15,0.933,4,4,8,1,3,0,6,6,-1,8,16,0.5,4,6,0.667,7,8,0.875,3,3,6,6,3,2,5,9,1
0020300142,2003-11-17,2003-04,regular_season,False,1610612742,DAL,Dallas Mavericks,1610612757,POR,Portland Trail Blazers,23,26,L,10,23,0.435,0,2,0.0,3,3,1.0,5,3,8,8,2,1,3,5,-3,12,21,0.571,0,2,0.0,2,2,1.0,4,7,11,4,3,2,4,4,3
0020300143,2003-11-17,2003-04,regular_season,False,1610612762,UTA,Utah Jazz,1610612753,ORL,Orlando Magic,20,25,L,7,22,0.318,0,1,0.0,6,6,1.0,4,7,11,5,1,2,3,7,-5,8,18,0.444,1,2,0.5,8,12,0.667,2,7,9,6,1,3,2,8,5
0020300146,2003-11-18,2003-04,regular_season,False,1610612765,DET,Detroit Pistons,1610612747,LAL,Los Angeles Lakers,29,26,W,13,19,0.684,1,1,1.0,2,2,1.0,3,6,9,5,2,0,5,5,3,11,24,0.458,0,2,0.0,4,5,0.8,6,2,8,4,1,1,3,3,-3
0020300144,2003-11-18,2003-04,regular_season,False,1610612739,CLE,Cleveland Cavaliers,1610612746,LAC,Los Angeles Clippers,33,22,W,12,20,0.6,2,3,0.667,7,11,0.636,2,9,11,5,2,2,2,5,11,7,24,0.292,1,1,1.0,7,8,0.875,6,5,11,3,1,1,4,7,-11
0020300145,2003-11-18,2003-04,regular_season,False,1610612751,NJN,New Jersey Nets,1610612740,NOH,New Orleans Hornets,33,19,W,11,20,0.55,2,5,0.4,9,11,0.818,5,7,12,7,2,2,3,4,14,8,23,0.348,1,7,0.143,2,2,1.0,6,3,9,5,1,2,4,9,-14
0020300147,2003-11-18,2003-04,regular_season,False,1610612749,MIL,Milwaukee Bucks,1610612737,ATL,Atlanta Hawks,22,27,L,5,17,0.294,2,6,0.333,10,11,0.909,3,6,9,4,2,4,6,7,-5,11,24,0.458,0,2,0.0,5,6,0.833,7,8,15,4,2,1,5,8,5
0020300148,2003-11-18,2003-04,regular_season,False,1610612750,MIN,Minnesota Timberwolves,1610612743,DEN,Denver Nuggets,24,17,W,11,23,0.478,0,3,0.0,2,2,1.0,5,10,15,11,2,1,4,10,7,3,18,0.167,0,4,0.0,11,14,0.786,3,6,9,1,2,2,2,5,-7
0020300149,2003-11-18,2003-04,regular_season,False,1610612759,SAS,San Antonio Spurs,1610612744,GSW,Golden State Warriors,25,16,W,10,18,0.556,3,3,1.0,2,2,1.0,3,12,15,8,0,1,5,4,9,7,20,0.35,1,2,0.5,1,2,0.5,1,5,6,4,4,1,1,4,-9
0020300150,2003-11-18,2003-04,regular_season,False,1610612756,PHX,Phoenix Suns,1610612741,CHI,Chicago Bulls,28,24,W,11,20,0.55,0,1,0.0,6,9,0.667,3,8,11,9,2,0,1,4,4,10,21,0.476,0,2,0.0,4,5,0.8,3,8,11,4,0,0,3,5,-4
0020300151,2003-11-18,2003-04,regular_season,False,1610612760,SEA,Seattle SuperSonics,1610612748,MIA,Miami Heat,23,25,L,8,17,0.471,0,3,0.0,7,11,0.636,3,5,8,3,1,0,5,6,-2,10,21,0.476,2,2,1.0,3,4,0.75,6,6,12,5,3,1,4,9,2
0020300160,2003-11-19,2003-04,regular_season,False,1610612762,UTA,Utah Jazz,1610612758,SAC,Sacramento Kings,26,31,L,10,26,0.385,0,1,0.0,6,7,0.857,6,6,12,8,2,1,4,8,-5,9,16,0.562,2,4,0.5,11,12,0.917,0,8,8,7,2,1,2,8,5
0020300159,2003-11-19,2003-04,regular_season,False,1610612743,DEN,Denver Nuggets,1610612749,MIL,Milwaukee Bucks,29,12,W,11,24,0.458,0,0,0.0,7,9,0.778,7,11,18,9,3,4,2,6,17,4,22,0.182,0,0,0.0,4,6,0.667,5,7,12,4,1,1,5,8,-17
0020300161,2003-11-19,2003-04,regular_season,False,1610612757,POR,Portland Trail Blazers,1610612748,MIA,Miami Heat,23,31,L,9,19,0.474,0,2,0.0,5,8,0.625,5,4,9,3,1,0,4,6,-8,12,21,0.571,0,4,0.0,7,10,0.7,6,5,11,4,2,0,3,4,8
0020300158,2003-11-19,2003-04,regular_season,False,1610612763,MEM,Memphis Grizzlies,1610612765,DET,Detroit Pistons,25,29,L,9,19,0.474,0,2,0.0,7,9,0.778,4,4,8,5,4,0,4,5,-4,11,15,0.733,1,2,0.5,6,8,0.75,2,6,8,5,1,1,6,6,4
0020300157,2003-11-19,2003-04,regular_season,False,1610612745,HOU,Houston Rockets,1610612744,GSW,Golden State Warriors,25,24,W,10,19,0.526,2,4,0.5,3,5,0.6,2,6,8,7,3,0,2,7,1,8,15,0.533,2,6,0.333,6,9,0.667,1,6,7,7,1,0,4,5,-1
0020300155,2003-11-19,2003-04,regular_season,False,1610612754,IND,Indiana Pacers,1610612746,LAC,Los Angeles Clippers,21,17,W,8,20,0.4,1,2,0.5,4,6,0.667,5,8,13,4,1,0,5,5,4,6,16,0.375,0,3,0.0,5,6,0.833,1,9,10,4,3,1,4,7,-4
0020300154,2003-11-19,2003-04,regular_season,False,1610612761,TOR,Toronto Raptors,1610612755,PHI,Philadelphia 76ers,24,24,L,7,14,0.5,2,6,0.333,8,11,0.727,4,8,12,5,0,3,4,6,0,6,18,0.333,3,5,0.6,9,11,0.818,4,4,8,5,2,0,1,7,0
0020300153,2003-11-19,2003-04,regular_season,False,1610612764,WAS,Washington Wizards,1610612739,CLE,Cleveland Cavaliers,19,28,L,7,24,0.292,1,6,0.167,4,6,0.667,8,4,12,2,1,0,5,6,-9,10,17,0.588,1,3,0.333,7,8,0.875,2,9,11,7,2,2,4,4,9
0020300152,2003-11-19,2003-04,regular_season,False,1610612738,BOS,Boston Celtics,1610612740,NOH,New Orleans Hornets,15,19,L,6,14,0.429,1,5,0.2,2,3,0.667,1,6,7,6,4,1,6,5,-4,8,25,0.32,2,7,0.286,1,2,0.5,9,7,16,5,1,1,6,2,4
0020300156,2003-11-19,2003-04,regular_season,False,1610612752,NYK,New York Knicks,1610612747,LAL,Los Angeles Lakers,25,19,W,10,22,0.455,3,8,0.375,2,2,1.0,2,13,15,6,0,1,4,8,6,5,21,0.238,0,2,0.0,9,10,0.9,3,8,11,3,3,1,1,5,-6
0020300162,2003-11-20,2003-04,regular_season,False,1610612742,DAL,Dallas Mavericks,1610612759,SAS,San Antonio Spurs,25,22,W,8,18,0.444,1,5,0.2,8,10,0.8,3,10,13,3,2,0,3,7,3,9,19,0.474,0,2,0.0,4,7,0.571,1,8,9,8,3,0,3,7,-3
0020300163,2003-11-20,2003-04,regular_season,False,1610612756,PHX,Phoenix Suns,1610612753,ORL,Orlando Magic,21,20,W,9,22,0.409,1,4,0.25,2,3,0.667,3,8,11,4,2,0,3,4,1,9,18,0.5,1,4,0.25,1,3,0.333,1,9,10,5,1,0,5,5,-1
0020300174,2003-11-21,2003-04,regular_season,False,1610612757,POR,Portland Trail Blazers,1610612745,HOU,Houston Rockets,26,12,W,9,22,0.409,2,5,0.4,6,8,0.75,3,11,14,6,3,0,3,5,14,4,16,0.25,1,3,0.333,3,4,0.75,1,7,8,3,1,2,5,7,-14
0020300175,2003-11-21,2003-04,regular_season,False,1610612760,SEA,Seattle SuperSonics,1610612763,MEM,Memphis Grizzlies,29,20,W,11,20,0.55,3,5,0.6,4,7,0.571,4,6,10,9,0,0,1,6,9,8,20,0.4,0,4,0.0,4,6,0.667,2,6,8,6,1,1,3,6,-9
0020300173,2003-11-21,2003-04,regular_season,False,1610612744,GSW,Golden State Warriors,1610612748,MIA,Miami Heat,22,28,L,9,20,0.45,2,3,0.667,2,3,0.667,4,9,13,6,1,1,6,8,-6,10,22,0.455,3,6,0.5,5,7,0.714,4,7,11,6,2,1,2,4,6
0020300172,2003-11-21,2003-04,regular_season,False,1610612747,LAL,Los Angeles Lakers,1610612741,CHI,Chicago Bulls,23,34,L,5,20,0.25,1,3,0.333,12,16,0.75,6,5,11,4,0,2,3,6,-11,13,22,0.591,1,2,0.5,7,9,0.778,3,8,11,8,2,1,1,10,11
0020300171,2003-11-21,2003-04,regular_season,False,1610612758,SAC,Sacramento Kings,1610612753,ORL,Orlando Magic,26,20,W,8,22,0.364,1,7,0.143,9,10,0.9,5,11,16,5,2,1,2,5,6,9,21,0.429,1,4,0.25,1,2,0.5,2,8,10,2,0,2,3,6,-6
0020300170,2003-11-21,2003-04,regular_season,False,1610612762,UTA,Utah Jazz,1610612749,MIL,Milwaukee Bucks,29,28,W,11,18,0.611,1,1,1.0,6,8,0.75,1,4,5,8,0,0,2,9,1,9,16,0.562,2,4,0.5,8,8,1.0,3,5,8,6,0,0,6,10,-1
0020300167,2003-11-21,2003-04,regular_season,False,1610612765,DET,Detroit Pistons,1610612752,NYK,New York Knicks,22,24,L,7,18,0.389,1,3,0.333,7,10,0.7,0,10,10,4,0,2,3,3,-2,10,22,0.455,1,3,0.333,3,4,0.75,2,9,11,8,2,1,3,9,2
0020300168,2003-11-21,2003-04,regular_season,False,1610612759,SAS,San Antonio Spurs,1610612737,ATL,Atlanta Hawks,31,21,W,13,22,0.591,1,3,0.333,4,6,0.667,2,9,11,8,6,1,5,5,10,6,17,0.353,0,2,0.0,9,9,1.0,0,6,6,3,4,2,7,3,-10
0020300166,2003-11-21,2003-04,regular_season,False,1610612739,CLE,Cleveland Cavaliers,1610612750,MIN,Minnesota Timberwolves,25,29,L,11,23,0.478,1,3,0.333,2,4,0.5,5,5,10,5,0,2,2,8,-4,10,23,0.435,0,1,0.0,9,9,1.0,5,7,12,5,0,1,1,4,4
0020300165,2003-11-21,2003-04,regular_season,False,1610612740,NOH,New Orleans Hornets,1610612754,IND,Indiana Pacers,15,27,L,7,19,0.368,1,5,0.2,0,0,0.0,3,6,9,6,3,0,7,7,-12,11,20,0.55,1,3,0.333,4,5,0.8,3,9,12,3,2,1,4,3,12
0020300164,2003-11-21,2003-04,regular_season,False,1610612755,PHI,Philadelphia 76ers,1610612738,BOS,Boston Celtics,18,27,L,5,16,0.312,2,2,1.0,6,8,0.75,2,6,8,4,2,0,6,5,-9,10,18,0.556,2,4,0.5,5,5,1.0,1,7,8,5,3,2,3,6,9
0020300169,2003-11-21,2003-04,regular_season,False,1610612743,DEN,Denver Nuggets,1610612764,WAS,Washington Wizards,32,25,W,14,27,0.519,2,4,0.5,2,2,1.0,4,6,10,11,3,3,1,6,7,10,19,0.526,1,4,0.25,4,8,0.5,5,7,12,7,0,2,6,2,-7
0020300180,2003-11-22,2003-04,regular_season,False,1610612742,DAL,Dallas Mavericks,1610612743,DEN,Denver Nuggets,22,35,L,8,21,0.381,0,2,0.0,6,9,0.667,3,6,9,3,2,1,3,5,-13,12,27,0.444,3,6,0.5,8,8,1.0,7,10,17,4,3,1,3,6,13
0020300181,2003-11-22,2003-04,regular_season,False,1610612756,PHX,Phoenix Suns,1610612748,MIA,Miami Heat,26,14,W,11,18,0.611,2,3,0.667,2,3,0.667,2,12,14,7,2,2,6,7,12,4,21,0.19,0,3,0.0,6,8,0.75,2,5,7,4,2,0,4,4,-12
0020300179,2003-11-22,2003-04,regular_season,False,1610612750,MIN,Minnesota Timberwolves,1610612746,LAC,Los Angeles Clippers,20,22,L,9,19,0.474,0,3,0.0,2,2,1.0,2,7,9,7,2,1,2,2,-2,9,20,0.45,2,4,0.5,2,2,1.0,4,7,11,6,2,0,3,3,2
0020300176,2003-11-22,2003-04,regular_season,False,1610612751,NJN,New Jersey Nets,1610612761,TOR,Toronto Raptors,16,32,L,6,18,0.333,0,2,0.0,4,4,1.0,5,3,8,2,2,0,7,8,-16,11,15,0.733,3,3,1.0,7,8,0.875,1,6,7,9,4,2,4,4,16
0020300177,2003-11-22,2003-04,regular_season,False,1610612737,ATL,Atlanta Hawks,1610612739,CLE,Cleveland Cavaliers,24,23,W,12,27,0.444,0,2,0.0,0,0,0.0,3,9,12,7,1,1,2,4,1,9,25,0.36,1,1,1.0,4,7,0.571,5,11,16,6,0,1,4,2,-1
0020300178,2003-11-22,2003-04,regular_season,False,1610612752,NYK,New York Knicks,1610612755,PHI,Philadelphia 76ers,23,21,W,10,21,0.476,1,5,0.2,2,2,1.0,3,5,8,7,5,2,4,3,2,7,19,0.368,1,2,0.5,6,6,1.0,7,6,13,4,3,0,7,1,-2
0020300182,2003-11-23,2003-04,regular_season,False,1610612761,TOR,Toronto Raptors,1610612749,MIL,Milwaukee Bucks,16,26,L,6,17,0.353,1,4,0.25,3,4,0.75,4,5,9,4,2,2,8,7,-10,9,20,0.45,1,3,0.333,7,8,0.875,5,5,10,5,4,0,3,4,10
0020300183,2003-11-23,2003-04,regular_season,False,1610612765,DET,Detroit Pistons,1610612740,NOH,New Orleans Hornets,23,25,L,10,21,0.476,2,2,1.0,1,1,1.0,4,5,9,9,1,3,3,4,-2,9,23,0.391,3,7,0.429,4,4,1.0,6,7,13,3,2,3,3,4,2
0020300184,2003-11-23,2003-04,regular_season,False,1610612744,GSW,Golden State Warriors,1610612757,POR,Portland Trail Blazers,15,20,L,7,21,0.333,0,3,0.0,1,2,0.5,3,8,11,3,1,0,2,3,-5,9,20,0.45,0,2,0.0,2,4,0.5,4,10,14,5,1,0,4,6,5
0020300185,2003-11-23,2003-04,regular_season,False,1610612758,SAC,Sacramento Kings,1610612741,CHI,Chicago Bulls,35,11,W,11,26,0.423,6,9,0.667,7,7,1.0,6,12,18,9,3,0,1,6,24,3,14,0.214,0,2,0.0,5,7,0.714,1,7,8,2,1,1,7,6,-24
0020300186,2003-11-23,2003-04,regular_season,False,1610612760,SEA,Seattle SuperSonics,1610612764,WAS,Washington Wizards,15,12,W,7,22,0.318,1,3,0.333,0,0,0.0,7,6,13,6,3,0,5,5,3,5,17,0.294,0,2,0.0,2,4,0.5,4,7,11,2,2,1,6,6,-3
0020300187,2003-11-23,2003-04,regular_season,False,1610612747,LAL,Los Angeles Lakers,1610612763,MEM,Memphis Grizzlies,30,20,W,9,18,0.5,2,2,1.0,10,10,1.0,2,7,9,8,3,1,5,6,10,9,19,0.474,0,2,0.0,2,4,0.5,2,6,8,5,2,1,7,9,-10
0020300191,2003-11-24,2003-04,regular_season,False,1610612746,LAC,Los Angeles Clippers,1610612745,HOU,Houston Rockets,24,34,L,6,19,0.316,0,2,0.0,12,14,0.857,4,5,9,2,1,1,4,10,-10,10,21,0.476,2,7,0.286,12,15,0.8,3,8,11,7,1,2,2,11,10
0020300188,2003-11-24,2003-04,regular_season,False,1610612738,BOS,Boston Celtics,1610612752,NYK,New York Knicks,27,26,W,7,17,0.412,3,6,0.5,10,11,0.909,1,9,10,5,1,3,3,7,1,10,22,0.455,0,2,0.0,6,7,0.857,1,8,9,6,1,2,2,7,-1
0020300189,2003-11-24,2003-04,regular_season,False,1610612753,ORL,Orlando Magic,1610612754,IND,Indiana Pacers,23,28,L,9,17,0.529,0,1,0.0,5,9,0.556,3,6,9,5,1,2,3,5,-5,11,20,0.55,4,5,0.8,2,4,0.5,3,6,9,6,1,1,2,6,5
0020300190,2003-11-24,2003-04,regular_season,False,1610612737,ATL,Atlanta Hawks,1610612765,DET,Detroit Pistons,29,24,W,7,14,0.5,1,4,0.25,14,15,0.933,1,10,11,5,2,3,5,4,5,10,21,0.476,0,3,0.0,4,4,1.0,0,5,5,5,4,2,3,10,-5
0020300198,2003-11-25,2003-04,regular_season,False,1610612757,POR,Portland Trail Blazers,1610612764,WAS,Washington Wizards,23,20,W,11,26,0.423,1,1,1.0,0,0,0.0,9,7,16,6,2,0,5,4,3,8,16,0.5,2,3,0.667,2,2,1.0,0,2,2,5,4,0,4,4,-3
0020300197,2003-11-25,2003-04,regular_season,False,1610612758,SAC,Sacramento Kings,1610612763,MEM,Memphis Grizzlies,32,22,W,13,27,0.481,1,3,0.333,5,6,0.833,4,8,12,6,1,1,2,7,10,8,18,0.444,1,5,0.2,5,13,0.385,3,9,12,6,2,3,4,8,-10
0020300199,2003-11-25,2003-04,regular_season,False,1610612760,SEA,Seattle SuperSonics,1610612751,NJN,New Jersey Nets,20,14,W,5,14,0.357,1,2,0.5,9,12,0.75,2,11,13,3,1,1,1,6,6,4,22,0.182,1,6,0.167,5,6,0.833,6,7,13,3,0,0,2,6,-6
0020300196,2003-11-25,2003-04,regular_season,False,1610612743,DEN,Denver Nuggets,1610612756,PHX,Phoenix Suns,23,17,W,8,22,0.364,1,2,0.5,6,7,0.857,5,8,13,7,2,3,5,6,6,5,22,0.227,0,1,0.0,7,9,0.778,8,7,15,4,1,2,6,7,-6
0020300195,2003-11-25,2003-04,regular_season,False,1610612742,DAL,Dallas Mavericks,1610612741,CHI,Chicago Bulls,25,23,W,7,23,0.304,3,6,0.5,8,9,0.889,6,9,15,6,0,1,2,5,2,10,23,0.435,1,3,0.333,2,3,0.667,3,9,12,7,0,2,2,7,-2
0020300194,2003-11-25,2003-04,regular_season,False,1610612749,MIL,Milwaukee Bucks,1610612755,PHI,Philadelphia 76ers,23,18,W,7,18,0.389,1,4,0.25,8,10,0.8,6,11,17,5,2,3,8,5,5,8,22,0.364,1,2,0.5,1,1,1.0,0,7,7,3,4,2,5,8,-5
0020300193,2003-11-25,2003-04,regular_season,False,1610612748,MIA,Miami Heat,1610612740,NOH,New Orleans Hornets,27,17,W,11,19,0.579,3,5,0.6,2,2,1.0,3,10,13,7,1,0,5,3,10,8,20,0.4,0,3,0.0,1,2,0.5,2,4,6,6,2,0,3,3,-10
0020300192,2003-11-25,2003-04,regular_season,False,1610612754,IND,Indiana Pacers,1610612750,MIN,Minnesota Timberwolves,21,19,W,10,23,0.435,1,2,0.5,0,0,0.0,3,7,10,7,1,1,2,4,2,8,19,0.421,0,1,0.0,3,4,0.75,4,9,13,5,1,3,3,6,-2
0020300208,2003-11-26,2003-04,regular_season,False,1610612747,LAL,Los Angeles Lakers,1610612764,WAS,Washington Wizards,30,15,W,12,16,0.75,0,2,0.0,6,8,0.75,1,6,7,9,4,1,6,5,15,6,17,0.353,1,3,0.333,2,3,0.667,2,4,6,3,2,0,9,6,-15
0020300207,2003-11-26,2003-04,regular_season,False,1610612756,PHX,Phoenix Suns,1610612742,DAL,Dallas Mavericks,37,24,W,13,21,0.619,4,6,0.667,7,9,0.778,4,13,17,5,2,1,6,6,13,7,26,0.269,2,14,0.143,8,9,0.889,3,3,6,3,2,1,2,5,-13
0020300205,2003-11-26,2003-04,regular_season,False,1610612759,SAS,San Antonio Spurs,1610612741,CHI,Chicago Bulls,27,22,W,11,25,0.44,2,6,0.333,3,5,0.6,5,8,13,8,4,3,1,4,5,9,20,0.45,2,3,0.667,2,2,1.0,1,8,9,6,1,1,4,4,-5
0020300204,2003-11-26,2003-04,regular_season,False,1610612750,MIN,Minnesota Timberwolves,1610612752,NYK,New York Knicks,20,27,L,9,20,0.45,1,2,0.5,3,4,0.75,1,8,9,6,1,0,2,4,-7,11,20,0.55,3,6,0.5,2,2,1.0,1,7,8,10,0,1,2,3,7
0020300206,2003-11-26,2003-04,regular_season,False,1610612762,UTA,Utah Jazz,1610612745,HOU,Houston Rockets,13,15,L,6,19,0.316,0,1,0.0,1,2,0.5,3,9,12,4,1,5,2,7,-2,5,19,0.263,0,4,0.0,5,8,0.625,5,7,12,1,0,2,2,5,2
0020300202,2003-11-26,2003-04,regular_season,False,1610612737,ATL,Atlanta Hawks,1610612761,TOR,Toronto Raptors,24,23,W,11,23,0.478,0,1,0.0,2,2,1.0,4,7,11,6,3,1,3,3,1,9,17,0.529,1,3,0.333,4,5,0.8,2,7,9,6,3,2,5,3,-1
0020300201,2003-11-26,2003-04,regular_season,False,1610612753,ORL,Orlando Magic,1610612738,BOS,Boston Celtics,23,21,W,11,21,0.524,0,3,0.0,1,2,0.5,1,7,8,8,2,2,4,7,2,6,17,0.353,1,5,0.2,8,10,0.8,1,7,8,4,3,0,3,5,-2
0020300200,2003-11-26,2003-04,regular_season,False,1610612755,PHI,Philadelphia 76ers,1610612765,DET,Detroit Pistons,31,24,W,14,22,0.636,1,3,0.333,2,2,1.0,3,6,9,9,5,1,4,7,7,8,17,0.471,1,3,0.333,7,7,1.0,2,4,6,4,1,2,6,3,-7
0020300203,2003-11-26,2003-04,regular_season,False,1610612740,NOH,New Orleans Hornets,1610612739,CLE,Cleveland Cavaliers,20,13,W,8,19,0.421,2,5,0.4,2,4,0.5,1,10,11,5,3,0,4,2,7,6,17,0.353,0,2,0.0,1,2,0.5,1,8,9,5,2,2,6,5,-7
0020300209,2003-11-27,2003-04,regular_season,False,1610612754,IND,Indiana Pacers,1610612752,NYK,New York Knicks,26,21,W,9,18,0.5,1,2,0.5,7,8,0.875,2,5,7,6,4,1,3,7,5,5,13,0.385,1,3,0.333,10,10,1.0,1,5,6,2,2,0,6,8,-5
0020300210,2003-11-27,2003-04,regular_season,False,1610612746,LAC,Los Angeles Clippers,1610612751,NJN,New Jersey Nets,12,26,L,3,22,0.136,0,2,0.0,6,6,1.0,7,10,17,2,1,0,6,7,-14,10,19,0.526,1,2,0.5,5,6,0.833,0,8,8,8,1,1,1,4,14
0020300218,2003-11-28,2003-04,regular_season,False,1610612762,UTA,Utah Jazz,1610612760,SEA,Seattle SuperSonics,24,18,W,8,19,0.421,1,3,0.333,7,8,0.875,4,7,11,4,1,1,3,8,6,5,17,0.294,1,4,0.25,7,11,0.636,5,7,12,3,2,2,5,6,-6
0020300222,2003-11-28,2003-04,regular_season,False,1610612747,LAL,Los Angeles Lakers,1610612759,SAS,San Antonio Spurs,22,18,W,8,20,0.4,2,2,1.0,4,4,1.0,1,11,12,6,2,2,3,6,4,6,21,0.286,0,1,0.0,6,11,0.545,5,8,13,3,1,1,3,4,-4
0020300221,2003-11-28,2003-04,regular_season,False,1610612757,POR,Portland Trail Blazers,1610612751,NJN,New Jersey Nets,16,24,L,8,23,0.348,0,4,0.0,0,0,0.0,2,10,12,7,1,1,4,8,-8,7,19,0.368,3,5,0.6,7,10,0.7,1,8,9,5,4,3,2,4,8
0020300220,2003-11-28,2003-04,regular_season,False,1610612758,SAC,Sacramento Kings,1610612745,HOU,Houston Rockets,29,14,W,11,23,0.478,3,5,0.6,4,4,1.0,3,8,11,11,4,1,2,7,15,5,14,0.357,0,2,0.0,4,5,0.8,0,7,7,1,0,1,5,5,-15
0020300219,2003-11-28,2003-04,regular_season,False,1610612756,PHX,Phoenix Suns,1610612744,GSW,Golden State Warriors,15,23,L,5,17,0.294,1,3,0.333,4,6,0.667,2,6,8,4,2,3,5,3,-8,10,23,0.435,2,7,0.286,1,2,0.5,4,11,15,5,4,0,3,6,8
0020300217,2003-11-28,2003-04,regular_season,False,1610612743,DEN,Denver Nuggets,1610612742,DAL,Dallas Mavericks,25,29,L,6,11,0.545,1,1,1.0,12,18,0.667,2,11,13,3,2,3,9,9,-4,12,27,0.444,1,4,0.25,4,6,0.667,3,5,8,8,4,0,2,10,4
0020300215,2003-11-28,2003-04,regular_season,False,1610612754,IND,Indiana Pacers,1610612755,PHI,Philadelphia 76ers,28,24,W,11,20,0.55,1,2,0.5,5,6,0.833,5,6,11,7,2,1,4,4,4,12,20,0.6,0,0,0.0,0,0,0.0,1,3,4,9,3,0,2,5,-4
0020300214,2003-11-28,2003-04,regular_season,False,1610612765,DET,Detroit Pistons,1610612739,CLE,Cleveland Cavaliers,19,21,L,6,17,0.353,0,1,0.0,7,10,0.7,3,6,9,5,3,0,5,5,-2,9,16,0.562,0,2,0.0,3,6,0.5,1,9,10,6,4,1,6,8,2
0020300213,2003-11-28,2003-04,regular_season,False,1610612753,ORL,Orlando Magic,1610612761,TOR,Toronto Raptors,19,24,L,8,19,0.421,0,0,0.0,3,4,0.75,3,9,12,1,1,1,5,7,-5,10,20,0.5,2,3,0.667,2,2,1.0,1,7,8,6,4,0,3,6,5
0020300212,2003-11-28,2003-04,regular_season,False,1610612737,ATL,Atlanta Hawks,1610612748,MIA,Miami Heat,20,19,W,8,22,0.364,1,2,0.5,3,4,0.75,4,9,13,5,1,3,2,4,1,7,20,0.35,2,4,0.5,3,3,1.0,1,10,11,4,2,0,2,5,-1
0020300211,2003-11-28,2003-04,regular_season,False,1610612738,BOS,Boston Celtics,1610612749,MIL,Milwaukee Bucks,30,21,W,11,20,0.55,2,4,0.5,6,8,0.75,3,11,14,8,2,1,2,7,9,7,23,0.304,1,9,0.111,6,9,0.667,5,8,13,2,2,1,2,7,-9
0020300216,2003-11-28,2003-04,regular_season,False,1610612763,MEM,Memphis Grizzlies,1610612750,MIN,Minnesota Timberwolves,20,24,L,9,25,0.36,1,5,0.2,1,3,0.333,3,5,8,7,2,0,3,6,-4,10,15,0.667,0,0,0.0,4,8,0.5,0,10,10,7,2,2,6,6,4
0020300232,2003-11-29,2003-04,regular_season,False,1610612744,GSW,Golden State Warriors,1610612759,SAS,San Antonio Spurs,29,21,W,9,18,0.5,2,3,0.667,9,11,0.818,4,8,12,2,1,0,3,7,8,7,18,0.389,0,2,0.0,7,8,0.875,3,3,6,4,1,3,3,6,-8
0020300223,2003-11-29,2003-04,regular_season,False,1610612752,NYK,New York Knicks,1610612740,NOH,New Orleans Hornets,21,14,W,9,19,0.474,1,4,0.25,2,2,1.0,1,13,14,5,4,2,3,7,7,4,21,0.19,0,6,0.0,6,11,0.545,4,9,13,2,3,1,5,4,-7
0020300224,2003-11-29,2003-04,regular_season,False,1610612755,PHI,Philadelphia 76ers,1610612737,ATL,Atlanta Hawks,18,22,L,8,17,0.471,0,2,0.0,2,3,0.667,2,6,8,4,2,1,4,4,-4,9,17,0.529,1,6,0.167,3,4,0.75,2,7,9,8,2,0,4,3,4
0020300225,2003-11-29,2003-04,regular_season,False,1610612764,WAS,Washington Wizards,1610612765,DET,Detroit Pistons,18,19,L,7,18,0.389,1,2,0.5,3,3,1.0,3,7,10,1,2,1,5,9,-1,6,14,0.429,1,2,0.5,6,10,0.6,1,8,9,3,1,0,3,5,1
0020300226,2003-11-29,2003-04,regular_season,False,1610612748,MIA,Miami Heat,1610612761,TOR,Toronto Raptors,21,10,W,8,15,0.533,0,1,0.0,5,5,1.0,0,7,7,5,3,1,3,5,11,5,15,0.333,0,4,0.0,0,1,0.0,1,7,8,2,1,0,7,6,-11
0020300227,2003-11-29,2003-04,regular_season,False,1610612739,CLE,Cleveland Cavaliers,1610612763,MEM,Memphis Grizzlies,22,27,L,9,21,0.429,2,2,1.0,2,2,1.0,2,8,10,7,2,1,4,8,-5,8,20,0.4,3,5,0.6,8,11,0.727,5,8,13,6,2,0,4,2,5
0020300228,2003-11-29,2003-04,regular_season,False,1610612742,DAL,Dallas Mavericks,1610612750,MIN,Minnesota Timberwolves,18,19,L,6,25,0.24,0,3,0.0,6,11,0.545,7,6,13,1,3,1,1,2,-1,9,17,0.529,1,2,0.5,0,0,0.0,2,13,15,6,0,3,9,11,1
0020300229,2003-11-29,2003-04,regular_season,False,1610612749,MIL,Milwaukee Bucks,1610612738,BOS,Boston Celtics,16,33,L,5,18,0.278,2,6,0.333,4,4,1.0,4,9,13,4,1,2,5,7,-17,12,22,0.545,4,5,0.8,5,10,0.5,6,7,13,9,3,0,2,4,17
0020300230,2003-11-29,2003-04,regular_season,False,1610612760,SEA,Seattle SuperSonics,1610612745,HOU,Houston Rockets,26,27,L,8,20,0.4,2,7,0.286,8,10,0.8,4,6,10,4,0,0,3,7,-1,10,19,0.526,0,4,0.0,7,9,0.778,3,6,9,2,1,1,1,8,1
0020300231,2003-11-29,2003-04,regular_season,False,1610612746,LAC,Los Angeles Clippers,1610612743,DEN,Denver Nuggets,24,27,L,10,19,0.526,0,1,0.0,4,7,0.571,1,8,9,4,2,0,6,5,-3,11,23,0.478,2,9,0.222,3,3,1.0,1,8,9,8,3,0,3,7,3
0020300234,2003-11-30,2003-04,regular_season,False,1610612747,LAL,Los Angeles Lakers,1610612754,IND,Indiana Pacers,23,20,W,9,18,0.5,2,2,1.0,3,3,1.0,2,7,9,7,0,1,4,9,3,6,12,0.5,1,2,0.5,7,10,0.7,1,6,7,1,3,1,5,6,-3
0020300233,2003-11-30,2003-04,regular_season,False,1610612758,SAC,Sacramento Kings,1610612751,NJN,New Jersey Nets,29,12,W,12,21,0.571,2,4,0.5,3,5,0.6,3,12,15,8,3,1,3,4,17,5,22,0.227,0,5,0.0,2,2,1.0,3,7,10,3,1,3,4,4,-17
0020300239,2003-12-01,2003-04,regular_season,False,1610612756,PHX,Phoenix Suns,1610612754,IND,Indiana Pacers,19,22,L,7,15,0.467,1,1,1.0,4,8,0.5,1,8,9,5,3,2,7,2,-3,10,21,0.476,1,4,0.25,1,2,0.5,2,7,9,6,3,3,5,4,3
0020300240,2003-12-01,2003-04,regular_season,False,1610612746,LAC,Los Angeles Clippers,1610612759,SAS,San Antonio Spurs,28,14,W,9,21,0.429,1,2,0.5,9,12,0.75,5,9,14,4,2,1,2,5,14,6,21,0.286,1,4,0.25,1,2,0.5,5,5,10,4,1,1,5,12,-14
0020300238,2003-12-01,2003-04,regular_season,False,1610612762,UTA,Utah Jazz,1610612751,NJN,New Jersey Nets,16,15,W,7,22,0.318,0,1,0.0,2,2,1.0,5,12,17,3,1,0,4,6,1,4,16,0.25,0,6,0.0,7,8,0.875,0,9,9,3,1,3,2,6,-1
0020300235,2003-12-01,2003-04,regular_season,False,1610612738,BOS,Boston Celtics,1610612763,MEM,Memphis Grizzlies,20,25,L,7,20,0.35,2,6,0.333,4,5,0.8,0,8,8,6,1,1,4,5,-5,11,24,0.458,1,5,0.2,2,3,0.667,3,9,12,9,2,3,3,7,5
0020300236,2003-12-01,2003-04,regular_season,False,1610612752,NYK,New York Knicks,1610612765,DET,Detroit Pistons,20,21,L,8,19,0.421,1,3,0.333,3,4,0.75,3,7,10,4,3,0,3,6,-1,8,18,0.444,0,1,0.0,5,6,0.833,3,6,9,5,1,1,4,4,1
0020300237,2003-12-01,2003-04,regular_season,False,1610612741,CHI,Chicago Bulls,1610612749,MIL,Milwaukee Bucks,30,16,W,9,19,0.474,1,2,0.5,11,12,0.917,5,10,15,7,5,0,5,7,14,5,17,0.294,0,3,0.0,6,6,1.0,1,5,6,4,3,1,6,9,-14
0020300241,2003-12-02,2003-04,regular_season,False,1610612755,PHI,Philadelphia 76ers,1610612761,TOR,Toronto Raptors,22,28,L,6,16,0.375,0,1,0.0,10,16,0.625,3,4,7,3,1,1,5,5,-6,11,16,0.688,2,3,0.667,4,5,0.8,1,8,9,8,2,1,5,11,6
0020300242,2003-12-02,2003-04,regular_season,False,1610612753,ORL,Orlando Magic,1610612740,NOH,New Orleans Hornets,17,25,L,7,20,0.35,0,1,0.0,3,4,0.75,6,8,14,4,1,2,10,8,-8,11,27,0.407,1,6,0.167,2,2,1.0,6,7,13,6,5,2,5,7,8
0020300243,2003-12-02,2003-04,regular_season,False,1610612737,ATL,Atlanta Hawks,1610612749,MIL,Milwaukee Bucks,19,25,L,5,16,0.312,0,2,0.0,9,12,0.75,3,10,13,3,2,1,7,4,-6,10,21,0.476,1,2,0.5,4,5,0.8,1,6,7,9,2,2,2,6,6
0020300244,2003-12-02,2003-04,regular_season,False,1610612742,DAL,Dallas Mavericks,1610612764,WAS,Washington Wizards,24,20,W,9,20,0.45,0,1,0.0,6,6,1.0,5,6,11,4,4,1,4,4,4,8,19,0.421,2,6,0.333,2,2,1.0,3,6,9,5,3,4,8,6,-4
0020300245,2003-12-02,2003-04,regular_season,False,1610612743,DEN,Denver Nuggets,1610612739,CLE,Cleveland Cavaliers,24,34,L,9,17,0.529,1,1,1.0,5,7,0.714,1,6,7,9,1,4,5,4,-10,15,29,0.517,1,3,0.333,3,4,0.75,7,7,14,9,5,1,2,6,10
0020300255,2003-12-03,2003-04,regular_season,False,1610612746,LAC,Los Angeles Clippers,1610612739,CLE,Cleveland Cavaliers,28,17,W,11,23,0.478,1,3,0.333,5,7,0.714,1,7,8,8,1,1,2,4,11,5,17,0.294,1,2,0.5,6,6,1.0,2,8,10,2,1,1,3,6,-11
0020300254,2003-12-03,2003-04,regular_season,False,1610612760,SEA,Seattle SuperSonics,1610612752,NYK,New York Knicks,22,17,W,9,22,0.409,1,5,0.2,3,3,1.0,5,9,14,5,0,0,3,4,5,7,16,0.438,1,3,0.333,2,2,1.0,0,6,6,4,1,0,4,4,-5
0020300253,2003-12-03,2003-04,regular_season,False,1610612757,POR,Portland Trail Blazers,1610612754,IND,Indiana Pacers,15,17,L,7,21,0.333,0,3,0.0,1,4,0.25,4,7,11,4,5,1,4,5,-2,7,18,0.389,0,0,0.0,3,5,0.6,4,8,12,4,3,4,6,5,2
0020300252,2003-12-03,2003-04,regular_season,False,1610612756,PHX,Phoenix Suns,1610612750,MIN,Minnesota Timberwolves,24,21,W,11,24,0.458,0,0,0.0,2,3,0.667,3,7,10,2,2,0,2,4,3,8,16,0.5,3,7,0.429,2,4,0.5,0,8,8,7,2,3,4,2,-3
0020300251,2003-12-03,2003-04,regular_season,False,1610612759,SAS,San Antonio Spurs,1610612747,LAL,Los Angeles Lakers,23,20,W,8,18,0.444,2,5,0.4,5,9,0.556,1,10,11,4,2,2,4,6,3,9,21,0.429,0,2,0.0,2,5,0.4,3,11,14,3,2,2,5,9,-3
0020300256,2003-12-03,2003-04,regular_season,False,1610612744,GSW,Golden State Warriors,1610612743,DEN,Denver Nuggets,35,18,W,14,21,0.667,1,4,0.25,6,6,1.0,3,8,11,4,4,2,5,5,17,6,20,0.3,0,1,0.0,6,6,1.0,4,3,7,5,4,2,7,7,-17
0020300249,2003-12-03,2003-04,regular_season,False,1610612740,NOH,New Orleans Hornets,1610612753,ORL,Orlando Magic,31,26,W,13,29,0.448,1,4,0.25,4,5,0.8,5,9,14,9,2,1,3,5,5,11,19,0.579,2,3,0.667,2,8,0.25,1,10,11,6,0,0,4,6,-5
0020300248,2003-12-03,2003-04,regular_season,False,1610612765,DET,Detroit Pistons,1610612748,MIA,Miami Heat,20,16,W,8,15,0.533,1,1,1.0,3,3,1.0,0,9,9,4,2,2,5,5,4,8,21,0.381,0,6,0.0,0,0,0.0,4,5,9,5,4,0,5,3,-4
0020300247,2003-12-03,2003-04,regular_season,False,1610612751,NJN,New Jersey Nets,1610612763,MEM,Memphis Grizzlies,23,27,L,7,14,0.5,1,2,0.5,8,10,0.8,0,10,10,5,0,2,6,6,-4,10,25,0.4,2,6,0.333,5,5,1.0,2,7,9,8,5,1,1,8,4
0020300246,2003-12-03,2003-04,regular_season,False,1610612761,TOR,Toronto Raptors,1610612738,BOS,Boston Celtics,28,16,W,10,26,0.385,3,5,0.6,5,8,0.625,5,6,11,6,4,0,2,1,12,8,16,0.5,0,3,0.0,0,0,0.0,0,13,13,5,0,1,9,5,-12
0020300250,2003-12-03,2003-04,regular_season,False,1610612745,HOU,Houston Rockets,1610612762,UTA,Utah Jazz,29,15,W,9,17,0.529,2,5,0.4,9,9,1.0,1,8,9,5,3,1,3,3,14,6,16,0.375,0,1,0.0,3,4,0.75,2,4,6,5,0,1,6,8,-14
0020300258,2003-12-04,2003-04,regular_season,False,1610612742,DAL,Dallas Mavericks,1610612747,LAL,Los Angeles Lakers,22,20,W,5,22,0.227,2,5,0.4,10,12,0.833,6,10,16,2,3,0,4,6,2,8,20,0.4,1,5,0.2,3,8,0.375,2,10,12,5,2,1,4,6,-2
0020300257,2003-12-04,2003-04,regular_season,False,1610612755,PHI,Philadelphia 76ers,1610612741,CHI,Chicago Bulls,21,18,W,9,23,0.391,1,5,0.2,2,2,1.0,5,8,13,5,1,0,3,9,3,3,16,0.188,0,4,0.0,12,16,0.75,5,7,12,1,1,1,4,1,-3
0020300259,2003-12-05,2003-04,regular_season,False,1610612761,TOR,Toronto Raptors,1610612737,ATL,Atlanta Hawks,13,22,L,5,16,0.312,0,2,0.0,3,7,0.429,3,9,12,1,1,4,6,5,-9,7,20,0.35,2,3,0.667,6,7,0.857,1,10,11,3,3,2,1,5,9
0020300260,2003-12-05,2003-04,regular_season,False,1610612738,BOS,Boston Celtics,1610612756,PHX,Phoenix Suns,32,19,W,13,24,0.542,1,3,0.333,5,7,0.714,3,9,12,6,6,2,5,5,13,7,18,0.389,0,2,0.0,5,7,0.714,2,9,11,4,4,1,9,7,-13
0020300261,2003-12-05,2003-04,regular_season,False,1610612751,NJN,New Jersey Nets,1610612749,MIL,Milwaukee Bucks,27,18,W,11,22,0.5,1,2,0.5,4,5,0.8,5,11,16,7,1,2,5,3,9,9,28,0.321,0,5,0.0,0,0,0.0,6,6,12,3,3,3,1,4,-9
0020300262,2003-12-05,2003-04,regular_season,False,1610612748,MIA,Miami Heat,1610612755,PHI,Philadelphia 76ers,21,25,L,6,23,0.261,2,6,0.333,7,12,0.583,6,4,10,3,2,0,3,8,-4,6,15,0.4,2,5,0.4,11,14,0.786,2,7,9,3,2,1,5,10,4
0020300264,2003-12-05,2003-04,regular_season,False,1610612740,NOH,New Orleans Hornets,1610612745,HOU,Houston Rockets,29,16,W,10,20,0.5,4,7,0.571,5,8,0.625,5,7,12,9,1,0,1,4,13,6,20,0.3,1,6,0.167,3,4,0.75,5,4,9,3,1,0,3,5,-13
0020300265,2003-12-05,2003-04,regular_season,False,1610612763,MEM,Memphis Grizzlies,1610612764,WAS,Washington Wizards,27,17,W,11,21,0.524,2,3,0.667,3,5,0.6,6,5,11,9,5,2,4,5,10,6,15,0.4,2,3,0.667,3,4,0.75,5,4,9,5,0,2,7,4,-10
0020300266,2003-12-05,2003-04,regular_season,False,1610612743,DEN,Denver Nuggets,1610612744,GSW,Golden State Warriors,22,17,W,9,20,0.45,1,3,0.333,3,7,0.429,2,12,14,6,1,4,3,3,5,7,21,0.333,0,2,0.0,3,4,0.75,2,9,11,4,0,1,3,6,-5
0020300267,2003-12-05,2003-04,regular_season,False,1610612762,UTA,Utah Jazz,1610612746,LAC,Los Angeles Clippers,26,19,W,8,16,0.5,3,7,0.429,7,10,0.7,5,5,10,5,2,2,4,3,7,8,20,0.4,0,3,0.0,3,3,1.0,4,3,7,4,0,2,3,6,-7
0020300268,2003-12-05,2003-04,regular_season,False,1610612757,POR,Portland Trail Blazers,1610612752,NYK,New York Knicks,26,17,W,12,22,0.545,0,3,0.0,2,3,0.667,3,9,12,8,3,0,4,4,9,8,19,0.421,1,2,0.5,0,0,0.0,2,7,9,5,3,1,5,4,-9
0020300269,2003-12-05,2003-04,regular_season,False,1610612758,SAC,Sacramento Kings,1610612750,MIN,Minnesota Timberwolves,20,27,L,8,20,0.4,1,2,0.5,3,4,0.75,2,7,9,5,0,1,4,7,-7,11,20,0.55,1,2,0.5,4,5,0.8,1,10,11,6,1,2,3,7,7
0020300270,2003-12-05,2003-04,regular_season,False,1610612760,SEA,Seattle SuperSonics,1610612754,IND,Indiana Pacers,23,19,W,9,23,0.391,1,6,0.167,4,4,1.0,7,7,14,7,3,2,3,6,4,7,17,0.412,1,5,0.2,4,5,0.8,3,6,9,6,0,1,5,3,-4
0020300263,2003-12-05,2003-04,regular_season,False,1610612753,ORL,Orlando Magic,1610612759,SAS,San Antonio Spurs,23,26,L,9,16,0.562,0,1,0.0,5,6,0.833,1,3,4,4,4,3,5,4,-3,11,23,0.478,1,4,0.25,3,4,0.75,6,5,11,6,3,1,6,4,3
0020300275,2003-12-06,2003-04,regular_season,False,1610612749,MIL,Milwaukee Bucks,1610612764,WAS,Washington Wizards,23,26,L,7,20,0.35,2,5,0.4,7,7,1.0,3,7,10,6,1,1,5,7,-3,8,17,0.471,2,3,0.667,8,12,0.667,3,6,9,6,3,1,3,6,3
0020300277,2003-12-06,2003-04,regular_season,False,1610612745,HOU,Houston Rockets,1610612765,DET,Detroit Pistons,20,19,W,8,20,0.4,1,2,0.5,3,4,0.75,4,9,13,4,2,1,5,5,1,6,18,0.333,0,2,0.0,7,9,0.778,2,7,9,3,2,1,4,4,-1
0020300276,2003-12-06,2003-04,regular_season,False,1610612742,DAL,Dallas Mavericks,1610612753,ORL,Orlando Magic,30,24,W,13,28,0.464,1,2,0.5,3,5,0.6,9,8,17,5,5,2,5,6,6,8,19,0.421,3,3,1.0,5,6,0.833,3,8,11,4,4,0,8,7,-6
0020300278,2003-12-06,2003-04,regular_season,False,1610612744,GSW,Golden State Warriors,1610612752,NYK,New York Knicks,29,24,W,13,19,0.684,1,3,0.333,2,2,1.0,1,4,5,9,3,1,3,3,5,11,16,0.688,0,2,0.0,2,2,1.0,1,4,5,7,2,0,6,3,-5
0020300274,2003-12-06,2003-04,regular_season,False,1610612741,CHI,Chicago Bulls,1610612740,NOH,New Orleans Hornets,21,19,W,9,16,0.562,1,4,0.25,2,2,1.0,0,7,7,7,1,4,3,3,2,9,24,0.375,1,5,0.2,0,2,0.0,5,7,12,3,1,1,2,2,-2
0020300272,2003-12-06,2003-04,regular_season,False,1610612748,MIA,Miami Heat,1610612759,SAS,San Antonio Spurs,16,21,L,7,20,0.35,0,3,0.0,2,2,1.0,4,6,10,1,3,0,5,5,-5,9,18,0.5,1,3,0.333,2,3,0.667,2,7,9,6,2,1,6,4,5
0020300271,2003-12-06,2003-04,regular_season,False,1610612751,NJN,New Jersey Nets,1610612756,PHX,Phoenix Suns,26,22,W,10,22,0.455,2,4,0.5,4,7,0.571,2,9,11,10,4,1,4,3,4,9,21,0.429,0,4,0.0,4,5,0.8,3,9,12,4,4,1,6,7,-4
0020300273,2003-12-06,2003-04,regular_season,False,1610612739,CLE,Cleveland Cavaliers,1610612737,ATL,Atlanta Hawks,29,20,W,10,21,0.476,2,3,0.667,7,9,0.778,6,8,14,6,2,2,1,6,9,7,16,0.438,0,1,0.0,6,8,0.75,1,6,7,2,1,1,3,7,-9
0020300283,2003-12-07,2003-04,regular_season,False,1610612758,SAC,Sacramento Kings,1610612754,IND,Indiana Pacers,31,24,W,12,20,0.6,1,4,0.25,6,6,1.0,5,5,10,9,1,1,4,10,7,5,12,0.417,1,3,0.333,13,16,0.812,4,3,7,2,2,2,6,6,-7
0020300282,2003-12-07,2003-04,regular_season,False,1610612743,DEN,Denver Nuggets,1610612738,BOS,Boston Celtics,32,30,W,12,15,0.8,3,4,0.75,5,6,0.833,0,6,6,12,5,2,7,6,2,13,23,0.565,1,4,0.25,3,5,0.6,5,3,8,7,6,1,5,5,-2
0020300284,2003-12-07,2003-04,regular_season,False,1610612747,LAL,Los Angeles Lakers,1610612762,UTA,Utah Jazz,24,14,W,10,19,0.526,0,2,0.0,4,7,0.571,4,10,14,7,2,1,5,5,10,6,16,0.375,0,1,0.0,2,6,0.333,1,7,8,4,1,0,5,7,-10
0020300280,2003-12-07,2003-04,regular_season,False,1610612761,TOR,Toronto Raptors,1610612760,SEA,Seattle SuperSonics,23,16,W,7,22,0.318,1,6,0.167,8,12,0.667,6,8,14,5,3,2,3,3,7,6,17,0.353,2,5,0.4,2,2,1.0,2,8,10,4,1,0,7,9,-7
0020300279,2003-12-07,2003-04,regular_season,False,1610612746,LAC,Los Angeles Clippers,1610612750,MIN,Minnesota Timberwolves,29,18,W,9,22,0.409,1,2,0.5,10,14,0.714,7,8,15,5,4,0,2,4,11,8,17,0.471,0,1,0.0,2,2,1.0,0,6,6,6,2,1,6,10,-11
0020300281,2003-12-07,2003-04,regular_season,False,1610612763,MEM,Memphis Grizzlies,1610612757,POR,Portland Trail Blazers,25,24,W,11,27,0.407,1,4,0.25,2,3,0.667,5,6,11,7,3,3,2,5,1,9,17,0.529,1,2,0.5,5,6,0.833,1,12,13,6,0,6,7,4,-1
0020300285,2003-12-08,2003-04,regular_season,False,1610612753,ORL,Orlando Magic,1610612756,PHX,Phoenix Suns,26,18,W,9,20,0.45,1,4,0.25,7,9,0.778,3,11,14,7,0,3,2,1,8,8,30,0.267,1,2,0.5,1,1,1.0,9,6,15,3,1,0,2,7,-8
0020300286,2003-12-08,2003-04,regular_season,False,1610612740,NOH,New Orleans Hornets,1610612749,MIL,Milwaukee Bucks,28,28,W,10,23,0.435,3,10,0.3,5,6,0.833,1,9,10,8,3,2,2,3,0,11,30,0.367,3,4,0.75,3,3,1.0,8,11,19,7,0,0,4,3,0
0020300287,2003-12-08,2003-04,regular_season,False,1610612741,CHI,Chicago Bulls,1610612759,SAS,San Antonio Spurs,21,19,W,7,18,0.389,0,1,0.0,7,8,0.875,5,5,10,3,3,1,6,3,2,9,20,0.45,1,3,0.333,0,0,0.0,3,5,8,6,3,2,5,5,-2
0020300288,2003-12-08,2003-04,regular_season,False,1610612762,UTA,Utah Jazz,1610612738,BOS,Boston Celtics,15,29,L,5,14,0.357,1,1,1.0,4,8,0.5,2,7,9,3,2,2,10,10,-14,10,19,0.526,1,5,0.2,8,9,0.889,2,9,11,7,3,1,3,7,14
0020300298,2003-12-09,2003-04,regular_season,False,1610612747,LAL,Los Angeles Lakers,1610612752,NYK,New York Knicks,35,16,W,12,23,0.522,2,2,1.0,9,12,0.75,4,5,9,9,6,2,1,3,19,7,17,0.412,1,2,0.5,1,1,1.0,2,7,9,1,0,0,10,8,-19
0020300297,2003-12-09,2003-04,regular_season,False,1610612758,SAC,Sacramento Kings,1610612746,LAC,Los Angeles Clippers,28,23,W,8,22,0.364,2,3,0.667,10,13,0.769,4,5,9,4,3,1,1,4,5,11,21,0.524,0,1,0.0,1,2,0.5,4,9,13,5,1,2,5,7,-5
0020300296,2003-12-09,2003-04,regular_season,False,1610612745,HOU,Houston Rockets,1610612757,POR,Portland Trail Blazers,23,15,W,10,18,0.556,0,3,0.0,3,5,0.6,3,9,12,6,0,1,3,6,8,6,20,0.3,0,3,0.0,3,6,0.5,5,5,10,1,1,1,3,5,-8
0020300295,2003-12-09,2003-04,regular_season,False,1610612750,MIN,Minnesota Timberwolves,1610612744,GSW,Golden State Warriors,22,25,L,8,22,0.364,1,4,0.25,5,6,0.833,4,8,12,4,1,1,3,11,-3,7,15,0.467,0,2,0.0,11,13,0.846,1,8,9,4,2,0,3,7,3
0020300294,2003-12-09,2003-04,regular_season,False,1610612765,DET,Detroit Pistons,1610612755,PHI,Philadelphia 76ers,12,16,L,4,18,0.222,0,3,0.0,4,6,0.667,3,6,9,2,4,3,4,4,-4,8,19,0.421,0,3,0.0,0,0,0.0,2,9,11,4,1,2,5,6,4
0020300292,2003-12-09,2003-04,regular_season,False,1610612748,MIA,Miami Heat,1610612756,PHX,Phoenix Suns,27,16,W,7,18,0.389,0,4,0.0,13,14,0.929,2,14,16,3,2,2,2,4,11,5,19,0.263,3,7,0.429,3,4,0.75,1,8,9,4,0,1,4,9,-11
0020300291,2003-12-09,2003-04,regular_season,False,1610612751,NJN,New Jersey Nets,1610612760,SEA,Seattle SuperSonics,25,22,W,9,15,0.6,1,2,0.5,6,7,0.857,1,6,7,5,1,1,7,6,3,9,21,0.429,3,7,0.429,1,2,0.5,4,4,8,4,5,0,6,6,-3
0020300290,2003-12-09,2003-04,regular_season,False,1610612754,IND,Indiana Pacers,1610612764,WAS,Washington Wizards,23,17,W,10,23,0.435,2,4,0.5,1,1,1.0,6,7,13,9,0,1,4,3,6,8,15,0.533,0,4,0.0,1,2,0.5,0,4,4,4,2,1,3,4,-6
0020300289,2003-12-09,2003-04,regular_season,False,1610612739,CLE,Cleveland Cavaliers,1610612761,TOR,Toronto Raptors,20,27,L,8,15,0.533,0,1,0.0,4,4,1.0,1,4,5,6,4,0,7,6,-7,11,19,0.579,0,2,0.0,5,6,0.833,3,6,9,6,1,0,5,3,7
0020300293,2003-12-09,2003-04,regular_season,False,1610612737,ATL,Atlanta Hawks,1610612743,DEN,Denver Nuggets,32,31,W,13,20,0.65,1,2,0.5,5,8,0.625,5,7,12,8,2,2,8,8,1,10,20,0.5,2,4,0.5,9,10,0.9,3,2,5,2,5,2,6,5,-1
0020300299,2003-12-10,2003-04,regular_season,False,1610612738,BOS,Boston Celtics,1610612760,SEA,Seattle SuperSonics,36,17,W,11,20,0.55,1,2,0.5,13,14,0.929,4,8,12,6,7,3,6,7,19,5,22,0.227,1,8,0.125,6,7,0.857,5,5,10,3,5,2,9,9,-19
0020300300,2003-12-10,2003-04,regular_season,False,1610612764,WAS,Washington Wizards,1610612753,ORL,Orlando Magic,30,26,W,10,21,0.476,1,3,0.333,9,10,0.9,4,6,10,3,4,1,4,5,4,11,18,0.611,1,4,0.25,3,3,1.0,0,5,5,6,0,1,5,7,-4
0020300301,2003-12-10,2003-04,regular_season,False,1610612749,MIL,Milwaukee Bucks,1610612744,GSW,Golden State Warriors,23,31,L,8,19,0.421,1,4,0.25,6,7,0.857,2,5,7,6,1,1,3,6,-8,11,17,0.647,6,8,0.75,3,5,0.6,1,10,11,8,0,1,5,5,8
0020300302,2003-12-10,2003-04,regular_season,False,1610612763,MEM,Memphis Grizzlies,1610612737,ATL,Atlanta Hawks,25,24,W,9,23,0.391,1,3,0.333,6,7,0.857,4,7,11,4,1,1,3,7,1,9,18,0.5,0,2,0.0,6,6,1.0,1,8,9,8,0,3,3,4,-1
0020300303,2003-12-10,2003-04,regular_season,False,1610612759,SAS,San Antonio Spurs,1610612757,POR,Portland Trail Blazers,18,18,W,6,18,0.333,0,2,0.0,6,13,0.462,3,9,12,3,2,1,0,3,0,7,21,0.333,1,4,0.25,3,5,0.6,3,12,15,4,0,1,2,7,0
0020300304,2003-12-10,2003-04,regular_season,False,1610612762,UTA,Utah Jazz,1610612752,NYK,New York Knicks,24,19,W,8,18,0.444,1,2,0.5,7,7,1.0,5,9,14,5,0,2,5,5,5,7,20,0.35,3,6,0.5,2,6,0.333,5,5,10,5,3,0,2,8,-5
0020300305,2003-12-10,2003-04,regular_season,False,1610612746,LAC,Los Angeles Clippers,1610612742,DAL,Dallas Mavericks,37,21,W,13,18,0.722,0,3,0.0,11,14,0.786,1,11,12,6,1,1,1,4,16,9,24,0.375,2,8,0.25,1,2,0.5,2,6,8,6,1,0,2,9,-16
0020300308,2003-12-11,2003-04,regular_season,False,1610612756,PHX,Phoenix Suns,1610612740,NOH,New Orleans Hornets,16,30,L,7,16,0.438,0,2,0.0,2,2,1.0,1,3,4,4,2,0,5,6,-14,10,22,0.455,4,10,0.4,6,6,1.0,5,6,11,3,3,2,5,4,14
0020300306,2003-12-11,2003-04,regular_season,False,1610612739,CLE,Cleveland Cavaliers,1610612765,DET,Detroit Pistons,23,23,W,8,16,0.5,2,3,0.667,5,6,0.833,3,7,10,5,4,2,11,8,0,6,17,0.353,0,1,0.0,11,12,0.917,2,4,6,4,6,0,7,6,0
0020300307,2003-12-11,2003-04,regular_season,False,1610612745,HOU,Houston Rockets,1610612759,SAS,San Antonio Spurs,8,12,L,3,14,0.214,1,1,1.0,1,2,0.5,1,10,11,2,2,1,9,6,-4,5,22,0.227,0,4,0.0,2,4,0.5,5,8,13,2,4,1,4,2,4
0020300316,2003-12-12,2003-04,regular_season,False,1610612749,MIL,Milwaukee Bucks,1610612741,CHI,Chicago Bulls,26,31,L,11,21,0.524,0,3,0.0,4,7,0.571,1,7,8,10,2,0,4,2,-5,14,25,0.56,1,2,0.5,2,2,1.0,2,8,10,8,2,2,3,5,5
0020300315,2003-12-12,2003-04,regular_season,False,1610612765,DET,Detroit Pistons,1610612760,SEA,Seattle SuperSonics,22,26,L,10,27,0.37,0,3,0.0,2,3,0.667,10,4,14,6,0,2,4,6,-4,8,17,0.471,4,5,0.8,6,10,0.6,2,6,8,4,3,3,3,6,4
0020300319,2003-12-12,2003-04,regular_season,False,1610612744,GSW,Golden State Warriors,1610612740,NOH,New Orleans Hornets,22,20,W,9,21,0.429,0,2,0.0,4,5,0.8,2,11,13,5,2,1,3,4,2,7,25,0.28,4,8,0.5,2,4,0.5,6,8,14,2,1,2,3,5,-2
0020300318,2003-12-12,2003-04,regular_season,False,1610612747,LAL,Los Angeles Lakers,1610612742,DAL,Dallas Mavericks,33,24,W,13,21,0.619,3,5,0.6,4,6,0.667,4,7,11,7,1,2,2,5,9,11,24,0.458,2,5,0.4,0,0,0.0,4,4,8,6,0,0,3,5,-9
0020300314,2003-12-12,2003-04,regular_season,False,1610612753,ORL,Orlando Magic,1610612751,NJN,New Jersey Nets,26,17,W,9,20,0.45,1,3,0.333,7,8,0.875,3,6,9,4,4,2,2,4,9,8,19,0.421,1,2,0.5,0,0,0.0,3,8,11,5,1,1,8,9,-9
0020300317,2003-12-12,2003-04,regular_season,False,1610612762,UTA,Utah Jazz,1610612758,SAC,Sacramento Kings,19,23,L,8,20,0.4,1,1,1.0,2,2,1.0,4,8,12,5,1,0,4,7,-4,10,22,0.455,0,4,0.0,3,4,0.75,5,8,13,5,1,2,2,3,4
0020300312,2003-12-12,2003-04,regular_season,False,1610612748,MIA,Miami Heat,1610612763,MEM,Memphis Grizzlies,23,17,W,10,23,0.435,1,2,0.5,2,3,0.667,3,9,12,6,4,1,4,5,6,5,15,0.333,3,3,1.0,4,4,1.0,0,10,10,4,3,2,7,5,-6
0020300309,2003-12-12,2003-04,regular_season,False,1610612755,PHI,Philadelphia 76ers,1610612743,DEN,Denver Nuggets,22,26,L,8,20,0.4,2,3,0.667,4,4,1.0,2,6,8,6,1,0,4,4,-4,10,20,0.5,3,8,0.375,3,3,1.0,3,8,11,5,3,2,5,4,4
0020300310,2003-12-12,2003-04,regular_season,False,1610612764,WAS,Washington Wizards,1610612750,MIN,Minnesota Timberwolves,30,18,W,12,23,0.522,3,6,0.5,3,3,1.0,3,9,12,9,2,0,1,1,12,9,22,0.409,0,1,0.0,0,2,0.0,4,8,12,4,1,0,4,5,-12
0020300313,2003-12-12,2003-04,regular_season,False,1610612754,IND,Indiana Pacers,1610612737,ATL,Atlanta Hawks,27,18,W,11,19,0.579,4,6,0.667,1,2,0.5,0,9,9,8,0,2,2,6,9,7,22,0.318,0,3,0.0,4,4,1.0,4,7,11,6,1,1,2,3,-9
0020300311,2003-12-12,2003-04,regular_season,False,1610612738,BOS,Boston Celtics,1610612761,TOR,Toronto Raptors,39,32,W,16,21,0.762,1,2,0.5,6,9,0.667,2,8,10,6,0,0,0,10,7,8,17,0.471,2,2,1.0,14,18,0.778,2,4,6,5,0,0,0,7,-7
0020300320,2003-12-13,2003-04,regular_season,False,1610612752,NYK,New York Knicks,1610612743,DEN,Denver Nuggets,23,15,W,9,21,0.429,1,3,0.333,4,4,1.0,3,5,8,7,2,3,3,4,8,6,16,0.375,0,2,0.0,3,4,0.75,2,7,9,4,2,2,7,6,-8
0020300321,2003-12-13,2003-04,regular_season,False,1610612737,ATL,Atlanta Hawks,1610612753,ORL,Orlando Magic,21,24,L,8,25,0.32,1,2,0.5,4,4,1.0,7,5,12,6,3,1,6,4,-3,10,19,0.526,1,4,0.25,3,4,0.75,3,10,13,8,5,1,8,4,3
0020300322,2003-12-13,2003-04,regular_season,False,1610612739,CLE,Cleveland Cavaliers,1610612738,BOS,Boston Celtics,19,30,L,5,20,0.25,0,1,0.0,9,12,0.75,12,7,19,3,1,4,9,7,-11,11,21,0.524,1,2,0.5,7,9,0.778,2,4,6,7,2,1,1,8,11
0020300323,2003-12-13,2003-04,regular_season,False,1610612763,MEM,Memphis Grizzlies,1610612751,NJN,New Jersey Nets,19,14,W,8,17,0.471,0,1,0.0,3,4,0.75,1,10,11,6,5,0,6,4,5,7,18,0.389,0,2,0.0,0,0,0.0,1,8,9,4,3,0,8,6,-5
0020300324,2003-12-13,2003-04,regular_season,False,1610612741,CHI,Chicago Bulls,1610612754,IND,Indiana Pacers,16,17,L,6,23,0.261,0,3,0.0,4,4,1.0,4,8,12,3,2,0,1,3,-1,7,16,0.438,0,4,0.0,3,4,0.75,1,9,10,6,0,2,3,5,1
0020300325,2003-12-13,2003-04,regular_season,False,1610612759,SAS,San Antonio Spurs,1610612745,HOU,Houston Rockets,19,25,L,6,17,0.353,2,5,0.4,5,7,0.714,1,7,8,6,0,0,3,7,-6,8,21,0.381,2,6,0.333,7,7,1.0,5,9,14,6,2,2,4,7,6
0020300326,2003-12-13,2003-04,regular_season,False,1610612757,POR,Portland Trail Blazers,1610612747,LAL,Los Angeles Lakers,28,34,L,11,25,0.44,1,8,0.125,5,6,0.833,5,7,12,6,0,1,4,7,-6,12,22,0.545,1,2,0.5,9,11,0.818,3,8,11,10,4,2,2,6,6
0020300327,2003-12-13,2003-04,regular_season,False,1610612746,LAC,Los Angeles Clippers,1610612756,PHX,Phoenix Suns,35,20,W,14,24,0.583,2,2,1.0,5,5,1.0,3,9,12,8,1,1,1,5,15,9,20,0.45,0,4,0.0,2,3,0.667,1,7,8,5,1,1,4,4,-15
0020300328,2003-12-14,2003-04,regular_season,False,1610612761,TOR,Toronto Raptors,1610612748,MIA,Miami Heat,29,22,W,8,17,0.471,3,4,0.75,10,11,0.909,0,8,8,4,3,0,2,6,7,8,19,0.421,2,4,0.5,4,8,0.5,3,7,10,7,1,1,6,10,-7
0020300329,2003-12-14,2003-04,regular_season,False,1610612760,SEA,Seattle SuperSonics,1610612749,MIL,Milwaukee Bucks,34,22,W,13,20,0.65,4,8,0.5,4,4,1.0,0,8,8,6,4,2,2,5,12,10,23,0.435,0,4,0.0,2,2,1.0,3,6,9,5,0,0,4,4,-12
0020300330,2003-12-14,2003-04,regular_season,False,1610612755,PHI,Philadelphia 76ers,1610612762,UTA,Utah Jazz,13,21,L,4,15,0.267,1,4,0.25,4,4,1.0,3,3,6,3,3,2,8,7,-8,7,10,0.7,2,2,1.0,5,10,0.5,1,8,9,5,5,1,8,4,8
0020300331,2003-12-14,2003-04,regular_season,False,1610612752,NYK,New York Knicks,1610612764,WAS,Washington Wizards,17,17,W,8,25,0.32,1,4,0.25,0,0,0.0,4,6,10,5,1,0,2,5,0,7,16,0.438,0,0,0.0,3,4,0.75,1,10,11,5,2,0,4,6,0
0020300332,2003-12-14,2003-04,regular_season,False,1610612758,SAC,Sacramento Kings,1610612756,PHX,Phoenix Suns,22,25,L,7,17,0.412,2,5,0.4,6,7,0.857,3,4,7,4,4,0,7,0,-3,12,24,0.5,1,3,0.333,0,0,0.0,5,4,9,10,7,1,5,6,3
0020300337,2003-12-15,2003-04,regular_season,False,1610612746,LAC,Los Angeles Clippers,1610612740,NOH,New Orleans Hornets,24,24,W,10,18,0.556,1,1,1.0,3,4,0.75,3,7,10,4,2,0,7,8,0,8,20,0.4,1,4,0.25,7,8,0.875,4,4,8,2,1,1,3,5,0
0020300336,2003-12-15,2003-04,regular_season,False,1610612759,SAS,San Antonio Spurs,1610612763,MEM,Memphis Grizzlies,23,22,W,7,18,0.389,4,4,1.0,5,7,0.714,3,5,8,6,2,1,4,3,1,9,18,0.5,1,3,0.333,3,3,1.0,1,7,8,7,2,2,5,6,-1
0020300334,2003-12-15,2003-04,regular_season,False,1610612754,IND,Indiana Pacers,1610612739,CLE,Cleveland Cavaliers,16,18,L,6,19,0.316,1,6,0.167,3,4,0.75,2,8,10,6,0,0,3,5,-2,6,14,0.429,0,2,0.0,6,8,0.75,0,11,11,4,1,0,4,6,2
0020300333,2003-12-15,2003-04,regular_season,False,1610612738,BOS,Boston Celtics,1610612750,MIN,Minnesota Timberwolves,28,27,W,10,20,0.5,3,7,0.429,5,5,1.0,2,3,5,6,4,0,2,4,1,11,18,0.611,1,2,0.5,4,4,1.0,1,6,7,8,1,0,5,5,-1
0020300335,2003-12-15,2003-04,regular_season,False,1610612742,DAL,Dallas Mavericks,1610612761,TOR,Toronto Raptors,18,25,L,7,25,0.28,0,3,0.0,4,4,1.0,6,8,14,3,1,2,4,6,-7,8,18,0.444,4,8,0.5,5,5,1.0,2,9,11,6,0,3,4,4,7
0020300338,2003-12-16,2003-04,regular_season,False,1610612764,WAS,Washington Wizards,1610612762,UTA,Utah Jazz,18,20,L,8,21,0.381,2,5,0.4,0,0,0.0,3,8,11,4,1,1,4,9,-2,6,18,0.333,1,2,0.5,7,9,0.778,3,9,12,4,0,1,3,1,2
0020300339,2003-12-16,2003-04,regular_season,False,1610612752,NYK,New York Knicks,1610612744,GSW,Golden State Warriors,17,30,L,7,19,0.368,1,4,0.25,2,3,0.667,3,6,9,3,1,1,4,4,-13,13,21,0.619,3,7,0.429,1,2,0.5,2,9,11,8,3,1,1,5,13
0020300340,2003-12-16,2003-04,regular_season,False,1610612748,MIA,Miami Heat,1610612737,ATL,Atlanta Hawks,24,25,L,8,19,0.421,2,7,0.286,6,7,0.857,6,6,12,4,1,2,2,6,-1,9,17,0.529,1,2,0.5,6,7,0.857,3,5,8,5,2,0,1,5,1
0020300341,2003-12-16,2003-04,regular_season,False,1610612750,MIN,Minnesota Timberwolves,1610612745,HOU,Houston Rockets,23,15,W,9,20,0.45,2,5,0.4,3,4,0.75,3,10,13,7,1,0,2,3,8,7,19,0.368,1,7,0.143,0,0,0.0,0,8,8,6,2,0,3,4,-8
0020300342,2003-12-16,2003-04,regular_season,False,1610612763,MEM,Memphis Grizzlies,1610612758,SAC,Sacramento Kings,26,18,W,11,21,0.524,1,2,0.5,3,6,0.5,3,10,13,8,2,5,5,6,8,5,20,0.25,0,4,0.0,8,8,1.0,2,6,8,2,3,1,5,6,-8
0020300343,2003-12-16,2003-04,regular_season,False,1610612741,CHI,Chicago Bulls,1610612753,ORL,Orlando Magic,21,25,L,9,27,0.333,2,10,0.2,1,2,0.5,5,4,9,8,3,2,3,7,-4,8,17,0.471,0,0,0.0,9,11,0.818,4,6,10,6,2,1,5,6,4
0020300344,2003-12-16,2003-04,regular_season,False,1610612743,DEN,Denver Nuggets,1610612740,NOH,New Orleans Hornets,34,28,W,13,19,0.684,3,3,1.0,5,5,1.0,1,9,10,8,2,1,7,2,6,12,26,0.462,3,8,0.375,1,2,0.5,5,2,7,9,5,0,4,6,-6
0020300345,2003-12-16,2003-04,regular_season,False,1610612756,PHX,Phoenix Suns,1610612760,SEA,Seattle SuperSonics,22,11,W,9,20,0.45,0,2,0.0,4,4,1.0,0,6,6,4,8,0,2,2,11,4,15,0.267,1,4,0.25,2,2,1.0,2,11,13,3,1,0,11,5,-11
0020300346,2003-12-16,2003-04,regular_season,False,1610612757,POR,Portland Trail Blazers,1610612749,MIL,Milwaukee Bucks,27,29,L,12,19,0.632,1,1,1.0,2,4,0.5,2,6,8,8,3,0,6,5,-2,13,20,0.65,1,2,0.5,2,3,0.667,1,7,8,10,3,1,5,3,2
0020300353,2003-12-17,2003-04,regular_season,False,1610612738,BOS,Boston Celtics,1610612742,DAL,Dallas Mavericks,32,33,L,11,21,0.524,5,7,0.714,5,6,0.833,3,7,10,8,2,1,4,14,-1,8,18,0.444,0,2,0.0,17,21,0.81,3,5,8,4,2,0,2,5,1
0020300355,2003-12-17,2003-04,regular_season,False,1610612760,SEA,Seattle SuperSonics,1610612743,DEN,Denver Nuggets,29,26,W,12,21,0.571,3,5,0.6,2,3,0.667,1,4,5,4,3,2,4,5,3,10,20,0.5,1,4,0.25,5,5,1.0,5,7,12,7,3,2,7,7,-3
0020300354,2003-12-17,2003-04,regular_season,False,1610612759,SAS,San Antonio Spurs,1610612761,TOR,Toronto Raptors,19,9,W,9,18,0.5,0,4,0.0,1,5,0.2,3,9,12,4,2,2,2,6,10,4,16,0.25,0,2,0.0,1,4,0.25,3,8,11,3,0,0,4,4,-10
0020300352,2003-12-17,2003-04,regular_season,False,1610612765,DET,Detroit Pistons,1610612741,CHI,Chicago Bulls,20,11,W,10,20,0.5,0,2,0.0,0,0,0.0,4,10,14,6,1,3,4,5,9,4,22,0.182,0,5,0.0,3,3,1.0,6,5,11,3,2,1,3,3,-9
0020300356,2003-12-17,2003-04,regular_season,False,1610612746,LAC,Los Angeles Clippers,1610612749,MIL,Milwaukee Bucks,31,17,W,13,27,0.481,0,0,0.0,5,5,1.0,3,14,17,7,1,1,2,7,14,6,20,0.3,0,1,0.0,5,9,0.556,2,10,12,4,1,0,4,7,-14
0020300350,2003-12-17,2003-04,regular_season,False,1610612751,NJN,New Jersey Nets,1610612762,UTA,Utah Jazz,25,21,W,8,14,0.571,1,2,0.5,8,10,0.8,1,5,6,7,3,2,7,6,4,9,18,0.5,2,3,0.667,1,2,0.5,2,5,7,5,2,1,7,12,-4
0020300349,2003-12-17,2003-04,regular_season,False,1610612754,IND,Indiana Pacers,1610612753,ORL,Orlando Magic,18,20,L,6,24,0.25,2,8,0.25,4,7,0.571,7,7,14,4,3,3,2,4,-2,8,19,0.421,0,1,0.0,4,6,0.667,3,13,16,5,0,1,4,6,2
0020300348,2003-12-17,2003-04,regular_season,False,1610612739,CLE,Cleveland Cavaliers,1610612745,HOU,Houston Rockets,24,17,W,10,20,0.5,1,2,0.5,3,6,0.5,2,9,11,7,2,0,1,2,7,7,19,0.368,0,6,0.0,3,4,0.75,2,7,9,5,1,1,3,5,-7
0020300347,2003-12-17,2003-04,regular_season,False,1610612755,PHI,Philadelphia 76ers,1610612748,MIA,Miami Heat,16,16,W,6,14,0.429,0,0,0.0,4,4,1.0,3,6,9,4,2,1,7,3,0,6,16,0.375,1,3,0.333,3,3,1.0,3,3,6,3,2,2,4,5,0
0020300351,2003-12-17,2003-04,regular_season,False,1610612737,ATL,Atlanta Hawks,1610612744,GSW,Golden State Warriors,19,29,L,8,16,0.5,0,0,0.0,3,7,0.429,3,5,8,6,0,0,3,5,-10,12,22,0.545,3,10,0.3,2,4,0.5,5,7,12,10,1,1,2,5,10
0020300357,2003-12-18,2003-04,regular_season,False,1610612750,MIN,Minnesota Timberwolves,1610612742,DAL,Dallas Mavericks,30,26,W,12,17,0.706,0,1,0.0,6,9,0.667,2,5,7,9,4,1,6,6,4,9,22,0.409,1,4,0.25,7,9,0.778,8,5,13,5,3,0,7,5,-4
0020300358,2003-12-18,2003-04,regular_season,False,1610612740,NOH,New Orleans Hornets,1610612758,SAC,Sacramento Kings,18,21,L,6,20,0.3,0,7,0.0,6,9,0.667,5,7,12,4,4,0,5,5,-3,8,15,0.533,0,2,0.0,5,6,0.833,0,7,7,5,3,0,5,6,3
0020300359,2003-12-18,2003-04,regular_season,False,1610612757,POR,Portland Trail Blazers,1610612756,PHX,Phoenix Suns,24,28,L,9,17,0.529,2,5,0.4,4,4,1.0,1,8,9,7,1,2,6,3,-4,12,21,0.571,1,3,0.333,3,4,0.75,1,4,5,8,3,2,1,3,4
0020300370,2003-12-19,2003-04,regular_season,False,1610612760,SEA,Seattle SuperSonics,1610612759,SAS,San Antonio Spurs,20,26,L,8,19,0.421,1,3,0.333,3,4,0.75,2,6,8,3,3,0,3,4,-6,11,15,0.733,2,2,1.0,2,4,0.5,0,9,9,8,2,2,6,4,6
0020300369,2003-12-19,2003-04,regular_season,False,1610612747,LAL,Los Angeles Lakers,1610612743,DEN,Denver Nuggets,30,28,W,14,19,0.737,2,3,0.667,0,0,0.0,1,4,5,10,1,0,8,10,2,9,20,0.45,2,5,0.4,8,11,0.727,4,3,7,3,2,0,4,4,-2
0020300368,2003-12-19,2003-04,regular_season,False,1610612745,HOU,Houston Rockets,1610612746,LAC,Los Angeles Clippers,23,19,W,10,17,0.588,1,1,1.0,2,4,0.5,2,10,12,6,3,2,6,6,4,8,19,0.421,1,5,0.2,2,6,0.333,2,5,7,5,5,1,4,4,-4
0020300367,2003-12-19,2003-04,regular_season,False,1610612763,MEM,Memphis Grizzlies,1610612748,MIA,Miami Heat,24,21,W,9,17,0.529,2,6,0.333,4,5,0.8,4,9,13,7,2,1,9,8,3,6,19,0.316,0,1,0.0,9,13,0.692,6,4,10,5,7,0,4,6,-3
0020300366,2003-12-19,2003-04,regular_season,False,1610612754,IND,Indiana Pacers,1610612765,DET,Detroit Pistons,14,18,L,7,24,0.292,0,2,0.0,0,0,0.0,7,1,8,3,3,0,2,4,-4,6,10,0.6,0,1,0.0,6,6,1.0,2,10,12,3,1,1,7,4,4
0020300363,2003-12-19,2003-04,regular_season,False,1610612738,BOS,Boston Celtics,1610612762,UTA,Utah Jazz,21,21,L,7,17,0.412,0,1,0.0,7,11,0.636,5,5,10,4,1,1,5,6,0,8,19,0.421,0,2,0.0,5,8,0.625,2,6,8,4,3,4,4,10,0
0020300364,2003-12-19,2003-04,regular_season,False,1610612751,NJN,New Jersey Nets,1610612764,WAS,Washington Wizards,14,16,L,6,18,0.333,0,0,0.0,2,2,1.0,3,8,11,5,7,3,9,8,-2,4,17,0.235,2,6,0.333,6,7,0.857,3,9,12,3,7,2,9,4,2
0020300362,2003-12-19,2003-04,regular_season,False,1610612761,TOR,Toronto Raptors,1610612752,NYK,New York Knicks,20,27,L,7,15,0.467,0,3,0.0,6,8,0.75,0,8,8,4,1,3,7,5,-7,13,28,0.464,0,1,0.0,1,1,1.0,7,6,13,3,6,0,2,5,7
0020300361,2003-12-19,2003-04,regular_season,False,1610612753,ORL,Orlando Magic,1610612744,GSW,Golden State Warriors,34,30,W,15,22,0.682,1,2,0.5,3,3,1.0,3,9,12,8,1,2,4,5,4,15,26,0.577,0,3,0.0,0,0,0.0,1,4,5,10,2,0,1,2,-4
0020300360,2003-12-19,2003-04,regular_season,False,1610612755,PHI,Philadelphia 76ers,1610612739,CLE,Cleveland Cavaliers,19,22,L,8,17,0.471,2,4,0.5,1,2,0.5,2,6,8,5,3,0,6,5,-3,9,20,0.45,1,3,0.333,3,6,0.5,4,7,11,8,4,0,3,3,3
0020300365,2003-12-19,2003-04,regular_season,False,1610612737,ATL,Atlanta Hawks,1610612758,SAC,Sacramento Kings,18,23,L,8,23,0.348,0,1,0.0,2,4,0.5,3,8,11,3,3,3,4,4,-5,10,24,0.417,1,2,0.5,2,3,0.667,6,9,15,7,2,2,3,4,5
0020300377,2003-12-20,2003-04,regular_season,False,1610612743,DEN,Denver Nuggets,1610612760,SEA,Seattle SuperSonics,25,28,L,9,22,0.409,1,2,0.5,6,8,0.75,6,6,12,3,4,1,3,7,-3,10,20,0.5,1,3,0.333,7,9,0.778,5,5,10,6,2,4,4,5,3
0020300378,2003-12-20,2003-04,regular_season,False,1610612756,PHX,Phoenix Suns,1610612745,HOU,Houston Rockets,20,27,L,7,19,0.368,1,4,0.25,5,7,0.714,1,12,13,6,2,2,6,8,-7,8,23,0.348,1,4,0.25,10,13,0.769,4,8,12,4,4,0,2,4,7
0020300379,2003-12-20,2003-04,regular_season,False,1610612757,POR,Portland Trail Blazers,1610612759,SAS,San Antonio Spurs,23,28,L,11,22,0.5,0,2,0.0,1,1,1.0,1,5,6,5,1,0,1,2,-5,14,23,0.609,0,2,0.0,0,0,0.0,4,8,12,10,1,0,1,1,5
0020300376,2003-12-20,2003-04,regular_season,False,1610612742,DAL,Dallas Mavericks,1610612746,LAC,Los Angeles Clippers,22,30,L,9,23,0.391,2,4,0.5,2,6,0.333,7,6,13,5,0,4,3,7,-8,12,25,0.48,0,2,0.0,6,7,0.857,6,10,16,9,1,2,3,6,8
0020300372,2003-12-20,2003-04,regular_season,False,1610612740,NOH,New Orleans Hornets,1610612763,MEM,Memphis Grizzlies,26,17,W,9,20,0.45,2,6,0.333,6,10,0.6,6,7,13,5,4,0,3,4,9,6,16,0.375,2,6,0.333,3,3,1.0,0,7,7,2,3,1,6,7,-9
0020300374,2003-12-20,2003-04,regular_season,False,1610612741,CHI,Chicago Bulls,1610612739,CLE,Cleveland Cavaliers,20,23,L,8,20,0.4,0,4,0.0,4,5,0.8,1,8,9,5,4,1,2,5,-3,10,18,0.556,0,3,0.0,3,8,0.375,3,12,15,9,2,0,5,4,3
0020300373,2003-12-20,2003-04,regular_season,False,1610612750,MIN,Minnesota Timberwolves,1610612754,IND,Indiana Pacers,30,16,W,12,22,0.545,2,4,0.5,4,6,0.667,3,7,10,7,2,4,3,8,14,3,13,0.231,0,2,0.0,10,13,0.769,1,7,8,2,0,0,7,5,-14
0020300371,2003-12-20,2003-04,regular_season,False,1610612752,NYK,New York Knicks,1610612737,ATL,Atlanta Hawks,26,30,L,10,19,0.526,2,3,0.667,4,9,0.444,2,3,5,7,2,0,2,7,-4,10,18,0.556,0,1,0.0,10,10,1.0,5,10,15,3,0,1,5,7,4
0020300375,2003-12-20,2003-04,regular_season,False,1610612749,MIL,Milwaukee Bucks,1610612751,NJN,New Jersey Nets,18,17,W,8,18,0.444,2,6,0.333,0,1,0.0,0,11,11,7,1,3,3,2,1,8,22,0.364,1,4,0.25,0,0,0.0,2,10,12,7,2,0,1,5,-1
0020300385,2003-12-21,2003-04,regular_season,False,1610612747,LAL,Los Angeles Lakers,1610612756,PHX,Phoenix Suns,28,18,W,12,26,0.462,3,3,1.0,1,2,0.5,6,8,14,6,2,1,1,3,10,8,20,0.4,2,4,0.5,0,0,0.0,3,8,11,6,1,1,5,3,-10
0020300383,2003-12-21,2003-04,regular_season,False,1610612765,DET,Detroit Pistons,1610612762,UTA,Utah Jazz,17,17,W,11,20,0.55,1,3,0.333,3,4,0.75,2,10,12,8,1,1,6,10,0,9,21,0.429,0,2,0.0,5,7,0.714,3,9,12,6,2,2,7,6,0
0020300384,2003-12-21,2003-04,regular_season,False,1610612758,SAC,Sacramento Kings,1610612757,POR,Portland Trail Blazers,22,25,L,9,20,0.45,2,9,0.222,2,2,1.0,1,8,9,5,0,0,3,4,-3,10,23,0.435,0,2,0.0,5,5,1.0,3,7,10,4,3,2,1,4,3
0020300381,2003-12-21,2003-04,regular_season,False,1610612738,BOS,Boston Celtics,1610612755,PHI,Philadelphia 76ers,10,26,L,3,13,0.231,0,3,0.0,4,5,0.8,1,4,5,1,3,0,8,6,-16,9,16,0.562,2,4,0.5,6,7,0.857,2,8,10,7,4,0,6,4,16
0020300380,2003-12-21,2003-04,regular_season,False,1610612761,TOR,Toronto Raptors,1610612753,ORL,Orlando Magic,27,28,L,12,23,0.522,2,6,0.333,1,3,0.333,3,5,8,9,2,1,2,3,-1,12,20,0.6,1,4,0.25,3,4,0.75,2,7,9,9,0,1,3,3,1
0020300382,2003-12-21,2003-04,regular_season,False,1610612748,MIA,Miami Heat,1610612744,GSW,Golden State Warriors,25,26,L,10,21,0.476,3,7,0.429,2,3,0.667,1,7,8,4,0,1,3,8,-1,7,16,0.438,0,0,0.0,12,13,0.923,2,9,11,4,1,3,3,4,1
0020300386,2003-12-22,2003-04,regular_season,False,1610612755,PHI,Philadelphia 76ers,1610612753,ORL,Orlando Magic,23,22,W,9,21,0.429,3,7,0.429,2,3,0.667,4,11,15,8,1,0,5,7,1,7,20,0.35,2,3,0.667,6,11,0.545,3,8,11,5,2,1,2,6,-1
0020300387,2003-12-22,2003-04,regular_season,False,1610612741,CHI,Chicago Bulls,1610612762,UTA,Utah Jazz,21,25,L,5,13,0.385,0,2,0.0,11,18,0.611,2,4,6,3,3,2,3,5,-4,9,17,0.529,1,3,0.333,6,6,1.0,1,10,11,3,1,1,5,11,4
0020300388,2003-12-22,2003-04,regular_season,False,1610612743,DEN,Denver Nuggets,1610612763,MEM,Memphis Grizzlies,23,30,L,10,20,0.5,0,1,0.0,3,6,0.5,1,6,7,6,1,1,2,6,-7,13,25,0.52,2,6,0.333,2,6,0.333,9,9,18,10,1,2,4,4,7
0020300397,2003-12-23,2003-04,regular_season,False,1610612758,SAC,Sacramento Kings,1610612763,MEM,Memphis Grizzlies,32,22,W,10,18,0.556,0,1,0.0,12,16,0.75,4,8,12,4,2,4,6,3,10,8,22,0.364,1,2,0.5,5,6,0.833,3,5,8,5,2,3,7,10,-10
0020300400,2003-12-23,2003-04,regular_season,False,1610612744,GSW,Golden State Warriors,1610612747,LAL,Los Angeles Lakers,38,15,W,15,23,0.652,2,3,0.667,6,7,0.857,4,10,14,6,3,0,2,8,23,6,15,0.4,0,3,0.0,3,9,0.333,2,4,6,3,1,0,6,6,-23
0020300399,2003-12-23,2003-04,regular_season,False,1610612760,SEA,Seattle SuperSonics,1610612756,PHX,Phoenix Suns,25,28,L,10,21,0.476,3,6,0.5,2,2,1.0,2,8,10,3,2,4,3,4,-3,10,21,0.476,4,5,0.8,4,4,1.0,2,7,9,6,1,1,3,4,3
0020300398,2003-12-23,2003-04,regular_season,False,1610612757,POR,Portland Trail Blazers,1610612742,DAL,Dallas Mavericks,28,23,W,12,19,0.632,1,3,0.333,3,4,0.75,3,7,10,6,2,1,5,7,5,7,18,0.389,0,4,0.0,9,11,0.818,5,3,8,5,2,1,6,6,-5
0020300395,2003-12-23,2003-04,regular_season,False,1610612745,HOU,Houston Rockets,1610612754,IND,Indiana Pacers,14,20,L,6,17,0.353,1,5,0.2,1,2,0.5,0,10,10,5,0,2,3,10,-6,4,16,0.25,1,3,0.333,11,14,0.786,3,11,14,4,0,1,2,6,6
0020300396,2003-12-23,2003-04,regular_season,False,1610612759,SAS,San Antonio Spurs,1610612746,LAC,Los Angeles Clippers,29,21,W,13,21,0.619,1,1,1.0,2,3,0.667,4,6,10,8,3,2,4,5,8,9,21,0.429,0,2,0.0,3,5,0.6,6,5,11,3,1,1,6,5,-8
0020300393,2003-12-23,2003-04,regular_season,False,1610612737,ATL,Atlanta Hawks,1610612738,BOS,Boston Celtics,22,24,L,9,24,0.375,2,6,0.333,2,3,0.667,3,7,10,6,1,0,3,6,-2,7,15,0.467,2,3,0.667,8,10,0.8,1,8,9,4,2,1,2,4,2
0020300389,2003-12-23,2003-04,regular_season,False,1610612739,CLE,Cleveland Cavaliers,1610612740,NOH,New Orleans Hornets,19,25,L,7,21,0.333,0,3,0.0,5,7,0.714,5,6,11,3,3,2,4,5,-6,10,21,0.476,0,4,0.0,5,6,0.833,4,7,11,6,3,3,4,5,6
0020300390,2003-12-23,2003-04,regular_season,False,1610612752,NYK,New York Knicks,1610612750,MIN,Minnesota Timberwolves,18,22,L,8,23,0.348,2,6,0.333,0,0,0.0,5,8,13,7,2,1,3,3,-4,10,21,0.476,0,1,0.0,2,4,0.5,3,10,13,4,2,0,2,3,4
0020300394,2003-12-23,2003-04,regular_season,False,1610612749,MIL,Milwaukee Bucks,1610612765,DET,Detroit Pistons,18,16,W,7,20,0.35,0,1,0.0,4,8,0.5,3,9,12,5,1,2,1,5,2,6,22,0.273,0,2,0.0,4,6,0.667,7,12,19,1,0,0,6,5,-2
0020300392,2003-12-23,2003-04,regular_season,False,1610612748,MIA,Miami Heat,1610612764,WAS,Washington Wizards,10,16,L,4,13,0.308,0,3,0.0,2,2,1.0,1,9,10,3,2,3,10,5,-6,6,23,0.261,0,2,0.0,4,4,1.0,5,4,9,3,3,0,3,4,6
0020300391,2003-12-23,2003-04,regular_season,False,1610612751,NJN,New Jersey Nets,1610612741,CHI,Chicago Bulls,26,18,W,10,22,0.455,3,8,0.375,3,4,0.75,4,8,12,5,2,1,3,3,8,8,21,0.381,0,2,0.0,2,2,1.0,3,6,9,3,2,0,5,4,-8
0020300401,2003-12-25,2003-04,regular_season,False,1610612753,ORL,Orlando Magic,1610612739,CLE,Cleveland Cavaliers,32,28,W,14,25,0.56,3,3,1.0,1,3,0.333,3,4,7,6,4,0,0,3,4,9,14,0.643,4,6,0.667,6,6,1.0,1,6,7,7,0,1,5,5,-4
0020300402,2003-12-25,2003-04,regular_season,False,1610612758,SAC,Sacramento Kings,1610612742,DAL,Dallas Mavericks,24,14,W,9,23,0.391,2,5,0.4,4,6,0.667,7,9,16,5,4,1,8,7,10,5,17,0.294,1,4,0.25,3,6,0.5,3,5,8,4,1,2,7,5,-10
0020300403,2003-12-25,2003-04,regular_season,False,1610612747,LAL,Los Angeles Lakers,1610612745,HOU,Houston Rockets,25,24,W,8,17,0.471,0,2,0.0,9,12,0.75,4,12,16,8,1,1,4,6,1,10,28,0.357,1,4,0.25,3,3,1.0,4,4,8,7,1,3,1,9,-1
0020300416,2003-12-26,2003-04,regular_season,False,1610612757,POR,Portland Trail Blazers,1610612750,MIN,Minnesota Timberwolves,37,17,W,14,22,0.636,2,2,1.0,7,8,0.875,6,8,14,8,2,1,4,8,20,7,19,0.368,0,1,0.0,3,7,0.429,3,2,5,3,4,0,5,5,-20
0020300414,2003-12-26,2003-04,regular_season,False,1610612746,LAC,Los Angeles Clippers,1610612755,PHI,Philadelphia 76ers,31,33,L,9,20,0.45,1,4,0.25,12,15,0.8,3,8,11,4,2,4,5,7,-2,10,19,0.526,3,3,1.0,10,12,0.833,1,5,6,8,4,1,3,12,2
0020300413,2003-12-26,2003-04,regular_season,False,1610612756,PHX,Phoenix Suns,1610612738,BOS,Boston Celtics,30,21,W,12,19,0.632,1,6,0.167,5,7,0.714,2,12,14,7,1,2,5,8,9,6,19,0.316,1,4,0.25,8,9,0.889,1,4,5,2,2,0,3,6,-9
0020300412,2003-12-26,2003-04,regular_season,False,1610612762,UTA,Utah Jazz,1610612761,TOR,Toronto Raptors,22,23,L,9,24,0.375,2,4,0.5,2,5,0.4,5,8,13,5,1,2,3,2,-1,10,18,0.556,2,5,0.4,1,4,0.25,0,11,11,6,0,3,4,9,1
0020300411,2003-12-26,2003-04,regular_season,False,1610612743,DEN,Denver Nuggets,1610612745,HOU,Houston Rockets,18,24,L,7,19,0.368,0,4,0.0,4,5,0.8,2,6,8,7,4,2,6,5,-6,9,20,0.45,2,3,0.667,4,4,1.0,4,9,13,4,2,1,7,6,6
0020300410,2003-12-26,2003-04,regular_season,False,1610612759,SAS,San Antonio Spurs,1610612753,ORL,Orlando Magic,22,20,W,9,22,0.409,2,5,0.4,2,2,1.0,3,10,13,8,3,0,3,8,2,6,18,0.333,0,6,0.0,8,10,0.8,2,10,12,1,1,1,4,3,-2
0020300415,2003-12-26,2003-04,regular_season,False,1610612744,GSW,Golden State Warriors,1610612758,SAC,Sacramento Kings,24,25,L,9,21,0.429,0,5,0.0,6,8,0.75,5,8,13,6,4,2,4,7,-1,8,25,0.32,3,6,0.5,6,6,1.0,7,6,13,5,1,0,5,5,1
0020300408,2003-12-26,2003-04,regular_season,False,1610612763,MEM,Memphis Grizzlies,1610612752,NYK,New York Knicks,25,30,L,7,19,0.368,0,5,0.0,11,14,0.786,5,4,9,5,2,2,4,5,-5,13,24,0.542,1,2,0.5,3,5,0.6,4,6,10,8,2,0,3,9,5
0020300407,2003-12-26,2003-04,regular_season,False,1610612765,DET,Detroit Pistons,1610612751,NJN,New Jersey Nets,15,12,W,7,17,0.412,1,4,0.25,0,0,0.0,0,8,8,5,1,2,4,9,3,4,16,0.25,0,3,0.0,4,8,0.5,3,8,11,4,2,0,4,6,-3
0020300406,2003-12-26,2003-04,regular_season,False,1610612740,NOH,New Orleans Hornets,1610612737,ATL,Atlanta Hawks,21,19,W,9,20,0.45,0,3,0.0,3,3,1.0,4,1,5,7,5,2,3,2,2,8,15,0.533,1,5,0.2,2,3,0.667,3,6,9,5,1,1,8,5,-2
0020300405,2003-12-26,2003-04,regular_season,False,1610612739,CLE,Cleveland Cavaliers,1610612741,CHI,Chicago Bulls,25,27,L,11,23,0.478,1,3,0.333,2,2,1.0,4,5,9,9,2,1,2,1,-2,12,24,0.5,3,6,0.5,0,0,0.0,4,6,10,7,2,1,4,3,2
0020300404,2003-12-26,2003-04,regular_season,False,1610612764,WAS,Washington Wizards,1610612748,MIA,Miami Heat,16,20,L,5,20,0.25,0,5,0.0,6,10,0.6,4,6,10,3,5,1,3,4,-4,10,19,0.526,0,2,0.0,0,0,0.0,0,11,11,5,0,1,6,7,4
0020300409,2003-12-26,2003-04,regular_season,False,1610612749,MIL,Milwaukee Bucks,1610612754,IND,Indiana Pacers,28,27,W,10,19,0.526,2,4,0.5,6,8,0.75,2,5,7,7,1,0,3,4,1,10,18,0.556,1,2,0.5,6,6,1.0,2,7,9,6,1,1,3,6,-1
0020300422,2003-12-27,2003-04,regular_season,False,1610612760,SEA,Seattle SuperSonics,1610612750,MIN,Minnesota Timberwolves,19,26,L,8,21,0.381,2,7,0.286,1,1,1.0,2,3,5,4,0,1,4,3,-7,13,22,0.591,0,1,0.0,0,0,0.0,4,8,12,7,2,1,4,3,7
0020300420,2003-12-27,2003-04,regular_season,False,1610612741,CHI,Chicago Bulls,1610612764,WAS,Washington Wizards,18,23,L,6,25,0.24,2,4,0.5,4,5,0.8,6,8,14,5,3,2,4,4,-5,10,24,0.417,1,4,0.25,2,4,0.5,5,11,16,9,1,0,3,4,5
0020300421,2003-12-27,2003-04,regular_season,False,1610612742,DAL,Dallas Mavericks,1610612763,MEM,Memphis Grizzlies,24,28,L,9,22,0.409,0,2,0.0,6,6,1.0,6,7,13,3,2,1,5,6,-4,12,27,0.444,1,5,0.2,3,6,0.5,9,6,15,7,4,1,2,5,4
0020300418,2003-12-27,2003-04,regular_season,False,1610612748,MIA,Miami Heat,1610612752,NYK,New York Knicks,25,23,W,8,18,0.444,0,1,0.0,9,9,1.0,1,9,10,2,3,0,2,4,2,11,22,0.5,1,4,0.25,0,1,0.0,2,9,11,5,2,2,3,8,-2
0020300417,2003-12-27,2003-04,regular_season,False,1610612737,ATL,Atlanta Hawks,1610612765,DET,Detroit Pistons,19,32,L,7,17,0.412,1,5,0.2,4,6,0.667,1,5,6,3,0,0,2,2,-13,14,25,0.56,4,8,0.5,0,0,0.0,4,10,14,8,1,1,1,5,13
0020300419,2003-12-27,2003-04,regular_season,False,1610612754,IND,Indiana Pacers,1610612751,NJN,New Jersey Nets,17,19,L,7,15,0.467,2,3,0.667,1,1,1.0,2,7,9,3,0,1,6,4,-2,9,20,0.45,0,3,0.0,1,2,0.5,2,5,7,5,3,0,1,4,2
0020300423,2003-12-28,2003-04,regular_season,False,1610612746,LAC,Los Angeles Clippers,1610612761,TOR,Toronto Raptors,17,24,L,7,20,0.35,0,1,0.0,3,4,0.75,4,5,9,3,1,1,3,6,-7,9,21,0.429,1,1,1.0,5,6,0.833,5,7,12,6,1,2,2,4,7
0020300424,2003-12-28,2003-04,regular_season,False,1610612739,CLE,Cleveland Cavaliers,1610612757,POR,Portland Trail Blazers,22,23,L,10,23,0.435,0,0,0.0,2,3,0.667,5,5,10,7,2,0,2,4,-1,9,17,0.529,2,4,0.5,3,4,0.75,2,8,10,5,1,3,3,4,1
0020300425,2003-12-28,2003-04,regular_season,False,1610612759,SAS,San Antonio Spurs,1610612749,MIL,Milwaukee Bucks,27,15,W,10,19,0.526,0,2,0.0,7,8,0.875,4,11,15,6,5,6,7,2,12,6,20,0.3,1,3,0.333,2,2,1.0,1,6,7,5,7,0,6,6,-12
0020300426,2003-12-28,2003-04,regular_season,False,1610612756,PHX,Phoenix Suns,1610612755,PHI,Philadelphia 76ers,20,29,L,9,20,0.45,2,6,0.333,0,0,0.0,1,7,8,4,1,2,3,7,-9,11,23,0.478,2,3,0.667,5,8,0.625,7,8,15,4,1,2,1,0,9
0020300427,2003-12-28,2003-04,regular_season,False,1610612743,DEN,Denver Nuggets,1610612744,GSW,Golden State Warriors,38,21,W,16,27,0.593,1,3,0.333,5,5,1.0,2,11,13,12,2,1,0,1,17,9,23,0.391,1,1,1.0,2,2,1.0,2,9,11,8,0,0,4,6,-17
0020300428,2003-12-28,2003-04,regular_season,False,1610612758,SAC,Sacramento Kings,1610612762,UTA,Utah Jazz,20,13,W,7,16,0.438,1,5,0.2,5,6,0.833,1,7,8,4,3,0,4,5,7,6,20,0.3,1,4,0.25,0,2,0.0,4,7,11,3,2,1,7,6,-7
0020300429,2003-12-28,2003-04,regular_season,False,1610612747,LAL,Los Angeles Lakers,1610612738,BOS,Boston Celtics,27,23,W,7,18,0.389,3,7,0.429,10,15,0.667,4,6,10,6,4,2,6,5,4,9,18,0.5,1,3,0.333,4,5,0.8,3,4,7,6,4,0,6,9,-4
0020300438,2003-12-29,2003-04,regular_season,False,1610612744,GSW,Golden State Warriors,1610612738,BOS,Boston Celtics,22,28,L,10,16,0.625,0,1,0.0,2,5,0.4,1,9,10,10,3,0,7,2,-6,12,23,0.522,4,8,0.5,0,0,0.0,2,6,8,11,5,0,4,6,6
0020300437,2003-12-29,2003-04,regular_season,False,1610612746,LAC,Los Angeles Clippers,1610612756,PHX,Phoenix Suns,24,29,L,10,22,0.455,0,2,0.0,4,5,0.8,4,6,10,4,1,1,4,5,-5,12,23,0.522,2,5,0.4,3,4,0.75,4,6,10,3,2,0,3,5,5
0020300435,2003-12-29,2003-04,regular_season,False,1610612745,HOU,Houston Rockets,1610612760,SEA,Seattle SuperSonics,22,23,L,9,18,0.5,2,5,0.4,2,2,1.0,3,6,9,3,2,1,6,4,-1,10,23,0.435,1,9,0.111,2,2,1.0,5,6,11,4,3,0,4,3,1
0020300436,2003-12-29,2003-04,regular_season,False,1610612762,UTA,Utah Jazz,1610612755,PHI,Philadelphia 76ers,32,25,W,12,16,0.75,4,4,1.0,4,6,0.667,1,6,7,8,2,0,3,7,7,7,16,0.438,1,5,0.2,10,12,0.833,4,3,7,4,3,0,4,7,-7
0020300434,2003-12-29,2003-04,regular_season,False,1610612741,CHI,Chicago Bulls,1610612748,MIA,Miami Heat,23,16,W,9,21,0.429,2,3,0.667,3,6,0.5,5,8,13,8,3,1,2,4,7,7,17,0.412,1,3,0.333,1,3,0.333,3,6,9,4,0,2,4,5,-7
0020300432,2003-12-29,2003-04,regular_season,False,1610612751,NJN,New Jersey Nets,1610612757,POR,Portland Trail Blazers,26,20,W,12,23,0.522,2,5,0.4,0,0,0.0,3,3,6,8,5,1,1,0,6,9,15,0.6,2,4,0.5,0,0,0.0,3,7,10,6,0,1,8,2,-6
0020300431,2003-12-29,2003-04,regular_season,False,1610612754,IND,Indiana Pacers,1610612763,MEM,Memphis Grizzlies,25,24,W,6,16,0.375,0,3,0.0,13,14,0.929,3,4,7,3,2,2,6,8,1,7,17,0.412,0,2,0.0,10,11,0.909,5,6,11,4,4,3,6,11,-1
0020300430,2003-12-29,2003-04,regular_season,False,1610612753,ORL,Orlando Magic,1610612752,NYK,New York Knicks,24,26,L,7,21,0.333,0,4,0.0,10,11,0.909,2,6,8,3,2,0,1,5,-2,9,16,0.562,3,5,0.6,5,6,0.833,2,9,11,6,1,1,7,10,2
0020300433,2003-12-29,2003-04,regular_season,False,1610612765,DET,Detroit Pistons,1610612740,NOH,New Orleans Hornets,21,27,L,8,18,0.444,1,3,0.333,4,6,0.667,3,8,11,4,1,2,6,7,-6,12,24,0.5,1,4,0.25,2,5,0.4,2,6,8,7,3,1,2,5,6
0020300444,2003-12-30,2003-04,regular_season,False,1610612742,DAL,Dallas Mavericks,1610612749,MIL,Milwaukee Bucks,32,18,W,14,23,0.609,0,3,0.0,4,6,0.667,4,8,12,9,3,1,0,2,14,7,17,0.412,2,2,1.0,2,2,1.0,1,6,7,6,0,1,4,3,-14
0020300443,2003-12-30,2003-04,regular_season,False,1610612763,MEM,Memphis Grizzlies,1610612760,SEA,Seattle SuperSonics,23,24,L,8,16,0.5,0,2,0.0,7,9,0.778,4,7,11,5,0,2,6,8,-1,8,20,0.4,2,6,0.333,6,8,0.75,5,5,10,6,5,1,3,10,1
0020300442,2003-12-30,2003-04,regular_season,False,1610612750,MIN,Minnesota Timberwolves,1610612741,CHI,Chicago Bulls,20,32,L,8,20,0.4,1,4,0.25,3,5,0.6,2,7,9,6,0,1,5,6,-12,12,22,0.545,2,4,0.5,6,10,0.6,3,9,12,8,5,0,2,4,12
0020300445,2003-12-30,2003-04,regular_season,False,1610612743,DEN,Denver Nuggets,1610612761,TOR,Toronto Raptors,21,24,L,9,19,0.474,2,3,0.667,1,2,0.5,1,8,9,9,0,1,2,6,-3,9,19,0.474,3,5,0.6,3,3,1.0,0,10,10,8,0,0,3,6,3
0020300440,2003-12-30,2003-04,regular_season,False,1610612739,CLE,Cleveland Cavaliers,1610612754,IND,Indiana Pacers,19,21,L,9,17,0.529,0,1,0.0,1,4,0.25,1,7,8,6,1,2,3,2,-2,9,21,0.429,1,4,0.25,2,2,1.0,3,6,9,7,2,0,3,6,2
0020300439,2003-12-30,2003-04,regular_season,False,1610612764,WAS,Washington Wizards,1610612737,ATL,Atlanta Hawks,24,19,W,9,17,0.529,0,1,0.0,6,9,0.667,3,10,13,6,1,2,5,3,5,9,22,0.409,0,5,0.0,1,2,0.5,4,5,9,4,3,0,2,7,-5
0020300441,2003-12-30,2003-04,regular_season,False,1610612752,NYK,New York Knicks,1610612748,MIA,Miami Heat,29,17,W,8,19,0.421,2,6,0.333,11,12,0.917,5,9,14,7,2,0,2,7,12,5,15,0.333,0,2,0.0,7,7,1.0,1,6,7,4,0,0,4,8,-12
0020300446,2003-12-31,2003-04,regular_season,False,1610612738,BOS,Boston Celtics,1610612740,NOH,New Orleans Hornets,13,22,L,3,15,0.2,2,3,0.667,5,6,0.833,4,5,9,2,2,2,7,7,-9,7,17,0.412,3,6,0.5,5,5,1.0,4,5,9,6,2,2,5,6,9
0020300447,2003-12-31,2003-04,regular_season,False,1610612765,DET,Detroit Pistons,1610612757,POR,Portland Trail Blazers,14,12,W,6,18,0.333,1,3,0.333,1,1,1.0,5,6,11,3,1,4,4,2,2,5,16,0.312,0,2,0.0,2,2,1.0,2,5,7,4,2,1,3,2,-2
0020300448,2003-12-31,2003-04,regular_season,False,1610612751,NJN,New Jersey Nets,1610612744,GSW,Golden State Warriors,27,18,W,10,23,0.435,3,5,0.6,4,4,1.0,3,5,8,7,4,0,2,6,9,6,14,0.429,0,1,0.0,6,9,0.667,2,6,8,2,0,1,5,5,-9
0020300449,2003-12-31,2003-04,regular_season,False,1610612746,LAC,Los Angeles Clippers,1610612743,DEN,Denver Nuggets,25,33,L,11,25,0.44,0,1,0.0,3,4,0.75,7,7,14,7,1,0,5,3,-8,13,21,0.619,3,6,0.5,4,5,0.8,1,4,5,6,3,1,1,4,8
0020300450,2003-12-31,2003-04,regular_season,False,1610612745,HOU,Houston Rockets,1610612755,PHI,Philadelphia 76ers,16,19,L,6,24,0.25,2,8,0.25,2,2,1.0,7,8,15,2,1,0,2,3,-3,8,20,0.4,2,3,0.667,1,3,0.333,2,10,12,4,1,0,3,3,3
0020300458,2004-01-02,2003-04,regular_season,False,1610612750,MIN,Minnesota Timberwolves,1610612737,ATL,Atlanta Hawks,28,20,W,11,23,0.478,2,5,0.4,4,5,0.8,4,6,10,11,4,0,2,3,8,9,17,0.529,1,4,0.25,1,2,0.5,0,5,5,8,1,1,5,4,-8
0020300461,2004-01-02,2003-04,regular_season,False,1610612757,POR,Portland Trail Blazers,1610612743,DEN,Denver Nuggets,25,29,L,9,19,0.474,2,2,1.0,5,7,0.714,2,7,9,4,0,0,4,5,-4,12,20,0.6,0,0,0.0,5,6,0.833,2,8,10,6,4,2,2,6,4
0020300460,2004-01-02,2003-04,regular_season,False,1610612749,MIL,Milwaukee Bucks,1610612742,DAL,Dallas Mavericks,30,27,W,10,24,0.417,2,6,0.333,8,9,0.889,6,9,15,8,1,5,1,5,3,11,22,0.5,1,3,0.333,4,5,0.8,3,8,11,6,0,0,3,7,-3
0020300462,2004-01-02,2003-04,regular_season,False,1610612760,SEA,Seattle SuperSonics,1610612747,LAL,Los Angeles Lakers,31,30,W,13,27,0.481,4,11,0.364,1,2,0.5,6,5,11,6,5,1,4,7,1,12,21,0.571,0,1,0.0,6,7,0.857,3,9,12,4,2,0,5,3,-1
0020300459,2004-01-02,2003-04,regular_season,False,1610612763,MEM,Memphis Grizzlies,1610612762,UTA,Utah Jazz,30,26,W,12,21,0.571,1,2,0.5,5,6,0.833,5,3,8,9,2,0,3,7,4,9,16,0.562,3,6,0.5,5,6,0.833,3,4,7,6,1,2,4,5,-4
0020300457,2004-01-02,2003-04,regular_season,False,1610612765,DET,Detroit Pistons,1610612756,PHX,Phoenix Suns,25,26,L,11,21,0.524,1,4,0.25,2,3,0.667,1,8,9,7,1,1,2,6,-1,9,20,0.45,1,3,0.333,7,8,0.875,2,8,10,7,0,1,3,2,1
0020300453,2004-01-02,2003-04,regular_season,False,1610612738,BOS,Boston Celtics,1610612754,IND,Indiana Pacers,24,23,W,9,19,0.474,2,7,0.286,4,6,0.667,1,9,10,5,1,2,4,6,1,9,24,0.375,2,8,0.25,3,5,0.6,5,8,13,4,0,1,3,6,-1
0020300455,2004-01-02,2003-04,regular_season,False,1610612751,NJN,New Jersey Nets,1610612739,CLE,Cleveland Cavaliers,19,24,L,6,17,0.353,1,3,0.333,6,8,0.75,0,8,8,5,3,1,6,4,-5,10,24,0.417,0,2,0.0,4,4,1.0,4,10,14,9,5,1,3,6,5
0020300454,2004-01-02,2003-04,regular_season,False,1610612752,NYK,New York Knicks,1610612741,CHI,Chicago Bulls,26,29,L,9,21,0.429,3,6,0.5,5,6,0.833,3,4,7,6,5,1,2,5,-3,12,22,0.545,3,5,0.6,2,7,0.286,7,8,15,6,1,0,5,4,3
0020300452,2004-01-02,2003-04,regular_season,False,1610612761,TOR,Toronto Raptors,1610612740,NOH,New Orleans Hornets,21,35,L,8,17,0.471,1,4,0.25,4,6,0.667,0,4,4,7,0,3,5,7,-14,13,22,0.591,2,2,1.0,7,9,0.778,4,9,13,6,1,0,3,6,14
0020300451,2004-01-02,2003-04,regular_season,False,1610612764,WAS,Washington Wizards,1610612744,GSW,Golden State Warriors,21,24,L,10,25,0.4,1,3,0.333,0,1,0.0,7,7,14,8,3,0,7,3,-3,10,19,0.526,2,6,0.333,2,2,1.0,2,8,10,6,4,1,6,2,3
0020300456,2004-01-02,2003-04,regular_season,False,1610612748,MIA,Miami Heat,1610612753,ORL,Orlando Magic,25,23,W,11,26,0.423,1,5,0.2,2,4,0.5,6,7,13,9,2,1,3,8,2,7,21,0.333,1,4,0.25,8,12,0.667,3,6,9,4,3,1,2,5,-2
0020300463,2004-01-03,2003-04,regular_season,False,1610612759,SAS,San Antonio Spurs,1610612755,PHI,Philadelphia 76ers,12,16,L,5,15,0.333,2,4,0.5,0,6,0.0,2,6,8,3,3,1,6,4,-4,6,14,0.429,0,0,0.0,4,4,1.0,1,8,9,1,4,0,7,4,4
0020300464,2004-01-03,2003-04,regular_season,False,1610612746,LAC,Los Angeles Clippers,1610612758,SAC,Sacramento Kings,31,24,W,11,21,0.524,1,3,0.333,8,8,1.0,5,5,10,5,2,1,3,6,7,9,18,0.5,2,2,1.0,4,5,0.8,2,4,6,6,3,1,4,7,-7
0020300465,2004-01-03,2003-04,regular_season,False,1610612765,DET,Detroit Pistons,1610612744,GSW,Golden State Warriors,24,21,W,10,21,0.476,1,1,1.0,3,4,0.75,3,6,9,6,2,0,2,6,3,9,18,0.5,0,1,0.0,3,5,0.6,3,7,10,7,2,1,5,5,-3
0020300466,2004-01-03,2003-04,regular_season,False,1610612754,IND,Indiana Pacers,1610612740,NOH,New Orleans Hornets,21,29,L,6,21,0.286,0,4,0.0,9,10,0.9,5,5,10,4,3,0,2,8,-8,9,14,0.643,3,5,0.6,8,12,0.667,0,8,8,7,0,1,4,8,8
0020300467,2004-01-03,2003-04,regular_season,False,1610612763,MEM,Memphis Grizzlies,1610612753,ORL,Orlando Magic,31,26,W,11,20,0.55,3,4,0.75,6,9,0.667,4,11,15,10,0,1,4,9,5,7,21,0.333,1,5,0.2,11,13,0.846,4,6,10,5,3,1,2,6,-5
0020300468,2004-01-03,2003-04,regular_season,False,1610612741,CHI,Chicago Bulls,1610612738,BOS,Boston Celtics,23,9,W,11,20,0.55,0,1,0.0,1,1,1.0,1,8,9,8,6,2,3,5,14,3,21,0.143,0,6,0.0,3,6,0.5,6,8,14,2,2,1,7,1,-14
0020300469,2004-01-03,2003-04,regular_season,False,1610612742,DAL,Dallas Mavericks,1610612750,MIN,Minnesota Timberwolves,31,24,W,12,23,0.522,2,3,0.667,5,5,1.0,5,7,12,8,2,1,3,7,7,8,20,0.4,2,4,0.5,6,7,0.857,5,5,10,2,0,0,5,6,-7
0020300470,2004-01-03,2003-04,regular_season,False,1610612745,HOU,Houston Rockets,1610612762,UTA,Utah Jazz,24,16,W,10,19,0.526,1,2,0.5,3,4,0.75,2,6,8,4,3,1,2,5,8,5,14,0.357,1,2,0.5,5,8,0.625,2,5,7,4,0,1,5,4,-8
0020300471,2004-01-03,2003-04,regular_season,False,1610612743,DEN,Denver Nuggets,1610612737,ATL,Atlanta Hawks,26,25,W,9,18,0.5,0,1,0.0,8,10,0.8,3,6,9,5,2,3,1,2,1,11,25,0.44,1,2,0.5,2,2,1.0,6,7,13,6,1,0,5,7,-1
0020300476,2004-01-04,2003-04,regular_season,False,1610612746,LAC,Los Angeles Clippers,1610612747,LAL,Los Angeles Lakers,29,20,W,11,21,0.524,1,2,0.5,6,7,0.857,3,12,15,7,1,2,6,4,9,7,25,0.28,2,6,0.333,4,4,1.0,5,5,10,4,4,2,4,5,-9
0020300475,2004-01-04,2003-04,regular_season,False,1610612758,SAC,Sacramento Kings,1610612760,SEA,Seattle SuperSonics,36,23,W,15,24,0.625,3,7,0.429,3,3,1.0,3,9,12,10,5,0,4,5,13,9,22,0.409,1,5,0.2,4,5,0.8,1,6,7,7,2,1,5,5,-13
0020300474,2004-01-04,2003-04,regular_season,False,1610612752,NYK,New York Knicks,1610612751,NJN,New Jersey Nets,15,16,L,7,21,0.333,0,1,0.0,1,2,0.5,5,10,15,5,2,1,4,7,-1,7,18,0.389,0,4,0.0,2,4,0.5,2,5,7,3,2,0,3,5,1
0020300472,2004-01-04,2003-04,regular_season,False,1610612761,TOR,Toronto Raptors,1610612756,PHX,Phoenix Suns,17,18,L,6,18,0.333,2,4,0.5,3,4,0.75,2,10,12,3,1,0,4,4,-1,7,17,0.412,2,4,0.5,2,4,0.5,2,7,9,6,3,1,5,7,1
0020300473,2004-01-04,2003-04,regular_season,False,1610612764,WAS,Washington Wizards,1610612749,MIL,Milwaukee Bucks,22,27,L,8,20,0.4,1,4,0.25,5,11,0.455,5,8,13,7,2,2,6,8,-5,10,22,0.455,0,3,0.0,7,7,1.0,3,9,12,8,3,2,4,8,5
0020300477,2004-01-05,2003-04,regular_season,False,1610612738,BOS,Boston Celtics,1610612765,DET,Detroit Pistons,15,20,L,5,18,0.278,2,7,0.286,3,4,0.75,4,9,13,3,0,0,5,3,-5,9,20,0.45,0,3,0.0,2,2,1.0,1,9,10,4,5,2,2,5,5
0020300478,2004-01-05,2003-04,regular_season,False,1610612755,PHI,Philadelphia 76ers,1610612749,MIL,Milwaukee Bucks,22,32,L,8,21,0.381,2,5,0.4,4,5,0.8,3,6,9,3,1,0,6,11,-10,9,17,0.529,1,5,0.2,13,17,0.765,2,8,10,7,6,0,3,4,10
0020300479,2004-01-05,2003-04,regular_season,False,1610612748,MIA,Miami Heat,1610612754,IND,Indiana Pacers,21,20,W,9,19,0.474,1,1,1.0,2,3,0.667,1,7,8,2,4,0,5,6,1,6,16,0.375,2,5,0.4,6,7,0.857,3,9,12,4,2,0,7,3,-1
0020300480,2004-01-05,2003-04,regular_season,False,1610612741,CHI,Chicago Bulls,1610612756,PHX,Phoenix Suns,17,25,L,7,23,0.304,1,6,0.167,2,2,1.0,5,5,10,4,1,0,5,2,-8,11,21,0.524,1,4,0.25,2,2,1.0,3,8,11,8,2,2,5,5,8
0020300481,2004-01-05,2003-04,regular_season,False,1610612745,HOU,Houston Rockets,1610612744,GSW,Golden State Warriors,26,18,W,11,17,0.647,1,3,0.333,3,3,1.0,1,9,10,5,1,0,5,3,8,8,20,0.4,1,3,0.333,1,1,1.0,2,4,6,6,2,1,3,4,-8
0020300482,2004-01-05,2003-04,regular_season,False,1610612743,DEN,Denver Nuggets,1610612759,SAS,San Antonio Spurs,15,24,L,5,16,0.312,1,2,0.5,4,4,1.0,3,8,11,3,2,1,9,4,-9,11,20,0.55,1,1,1.0,1,4,0.25,3,8,11,7,3,0,5,5,9
0020300483,2004-01-05,2003-04,regular_season,False,1610612762,UTA,Utah Jazz,1610612742,DAL,Dallas Mavericks,22,24,L,9,19,0.474,0,1,0.0,4,8,0.5,3,6,9,5,1,1,4,4,-2,8,19,0.421,2,4,0.5,6,7,0.857,2,8,10,7,2,2,3,5,2
0020300484,2004-01-05,2003-04,regular_season,False,1610612760,SEA,Seattle SuperSonics,1610612757,POR,Portland Trail Blazers,24,32,L,9,17,0.529,3,6,0.5,3,3,1.0,0,2,2,5,2,2,4,4,-8,13,20,0.65,2,3,0.667,4,6,0.667,5,8,13,9,3,0,3,4,8
0020300490,2004-01-06,2003-04,regular_season,False,1610612758,SAC,Sacramento Kings,1610612737,ATL,Atlanta Hawks,21,23,L,9,26,0.346,2,7,0.286,1,3,0.333,4,5,9,7,2,1,2,7,-2,9,16,0.562,0,1,0.0,5,6,0.833,1,9,10,5,0,3,5,3,2
0020300489,2004-01-06,2003-04,regular_season,False,1610612759,SAS,San Antonio Spurs,1610612764,WAS,Washington Wizards,26,11,W,12,20,0.6,1,2,0.5,1,1,1.0,1,14,15,7,0,3,2,2,15,5,22,0.227,0,4,0.0,1,4,0.25,3,7,10,2,1,0,2,2,-15
0020300488,2004-01-06,2003-04,regular_season,False,1610612750,MIN,Minnesota Timberwolves,1610612747,LAL,Los Angeles Lakers,29,30,L,10,18,0.556,0,3,0.0,9,10,0.9,1,6,7,6,1,2,2,5,-1,14,24,0.583,0,0,0.0,2,3,0.667,3,7,10,12,2,1,2,7,1
0020300485,2004-01-06,2003-04,regular_season,False,1610612739,CLE,Cleveland Cavaliers,1610612752,NYK,New York Knicks,38,22,W,14,22,0.636,1,2,0.5,9,10,0.9,4,7,11,7,1,0,2,6,16,6,18,0.333,2,3,0.667,8,9,0.889,4,5,9,5,2,1,6,9,-16
0020300486,2004-01-06,2003-04,regular_season,False,1610612754,IND,Indiana Pacers,1610612753,ORL,Orlando Magic,36,35,W,13,24,0.542,1,3,0.333,9,12,0.75,5,5,10,7,3,2,2,3,1,13,20,0.65,4,5,0.8,5,5,1.0,2,5,7,9,2,3,3,8,-1
0020300487,2004-01-06,2003-04,regular_season,False,1610612751,NJN,New Jersey Nets,1610612746,LAC,Los Angeles Clippers,27,13,W,10,17,0.588,0,2,0.0,7,10,0.7,2,7,9,7,4,2,3,8,14,3,19,0.158,0,4,0.0,7,10,0.7,5,4,9,2,2,1,6,6,-14
0020300498,2004-01-07,2003-04,regular_season,False,1610612749,MIL,Milwaukee Bucks,1610612756,PHX,Phoenix Suns,26,28,L,11,20,0.55,1,4,0.25,3,5,0.6,2,6,8,7,3,0,5,6,-2,10,20,0.5,4,6,0.667,4,4,1.0,3,6,9,5,2,0,5,7,2
0020300502,2004-01-07,2003-04,regular_season,False,1610612760,SEA,Seattle SuperSonics,1610612758,SAC,Sacramento Kings,34,22,W,13,27,0.481,2,4,0.5,6,7,0.857,6,10,16,4,5,1,2,7,12,7,19,0.368,1,5,0.2,7,8,0.875,3,6,9,5,1,2,5,4,-12
0020300500,2004-01-07,2003-04,regular_season,False,1610612743,DEN,Denver Nuggets,1610612747,LAL,Los Angeles Lakers,32,21,W,14,25,0.56,1,4,0.25,3,5,0.6,4,13,17,9,1,0,4,3,11,9,24,0.375,2,4,0.5,1,2,0.5,1,7,8,8,1,2,3,6,-11
0020300499,2004-01-07,2003-04,regular_season,False,1610612742,DAL,Dallas Mavericks,1610612744,GSW,Golden State Warriors,34,30,W,13,23,0.565,2,8,0.25,6,9,0.667,3,5,8,9,4,0,2,3,4,11,21,0.524,5,5,1.0,3,4,0.75,5,6,11,7,2,2,6,6,-4
0020300497,2004-01-07,2003-04,regular_season,False,1610612740,NOH,New Orleans Hornets,1610612764,WAS,Washington Wizards,28,18,W,12,24,0.5,3,7,0.429,1,2,0.5,5,8,13,11,5,2,4,3,10,8,19,0.421,0,2,0.0,2,4,0.5,2,6,8,5,3,1,6,3,-10
0020300492,2004-01-07,2003-04,regular_season,False,1610612738,BOS,Boston Celtics,1610612753,ORL,Orlando Magic,24,21,W,10,21,0.476,2,7,0.286,2,2,1.0,4,7,11,7,2,1,3,5,3,9,21,0.429,2,3,0.667,1,2,0.5,4,6,10,6,2,0,5,1,-3
0020300495,2004-01-07,2003-04,regular_season,False,1610612748,MIA,Miami Heat,1610612741,CHI,Chicago Bulls,21,28,L,9,19,0.474,1,1,1.0,2,4,0.5,4,7,11,6,1,0,6,7,-7,12,24,0.5,1,3,0.333,3,3,1.0,4,7,11,5,3,1,2,4,7
0020300494,2004-01-07,2003-04,regular_season,False,1610612761,TOR,Toronto Raptors,1610612739,CLE,Cleveland Cavaliers,17,17,W,7,15,0.467,0,3,0.0,3,5,0.6,4,6,10,2,1,1,6,5,0,7,18,0.389,0,1,0.0,3,4,0.75,4,5,9,5,3,0,4,4,0
0020300493,2004-01-07,2003-04,regular_season,False,1610612755,PHI,Philadelphia 76ers,1610612746,LAC,Los Angeles Clippers,21,31,L,8,18,0.444,0,3,0.0,5,7,0.714,2,3,5,5,1,1,5,7,-10,10,17,0.588,1,2,0.5,10,12,0.833,4,7,11,6,4,0,5,9,10
0020300496,2004-01-07,2003-04,regular_season,False,1610612765,DET,Detroit Pistons,1610612745,HOU,Houston Rockets,24,12,W,9,19,0.474,1,5,0.2,5,6,0.833,1,10,11,7,2,3,0,7,12,3,17,0.176,2,6,0.333,4,8,0.5,4,8,12,2,0,1,5,7,-12
0020300503,2004-01-08,2003-04,regular_season,False,1610612752,NYK,New York Knicks,1610612745,HOU,Houston Rockets,23,23,L,9,23,0.391,4,6,0.667,1,4,0.25,4,9,13,5,1,0,3,3,0,8,18,0.444,4,7,0.571,3,7,0.429,3,10,13,2,2,1,4,3,0
0020300504,2004-01-08,2003-04,regular_season,False,1610612750,MIN,Minnesota Timberwolves,1610612757,POR,Portland Trail Blazers,28,18,W,13,20,0.65,2,3,0.667,0,2,0.0,0,9,9,11,1,1,1,2,10,8,18,0.444,0,0,0.0,2,2,1.0,0,7,7,7,1,1,3,4,-10
0020300512,2004-01-09,2003-04,regular_season,False,1610612749,MIL,Milwaukee Bucks,1610612748,MIA,Miami Heat,33,15,W,13,19,0.684,1,2,0.5,6,8,0.75,4,10,14,7,4,1,4,3,18,7,19,0.368,1,5,0.2,0,0,0.0,1,2,3,6,3,1,4,6,-18
0020300516,2004-01-09,2003-04,regular_season,False,1610612760,SEA,Seattle SuperSonics,1610612763,MEM,Memphis Grizzlies,37,27,W,12,17,0.706,3,4,0.75,10,13,0.769,0,5,5,9,3,3,1,6,10,9,20,0.45,3,3,1.0,6,9,0.667,3,4,7,5,1,1,4,10,-10
0020300515,2004-01-09,2003-04,regular_season,False,1610612747,LAL,Los Angeles Lakers,1610612737,ATL,Atlanta Hawks,23,21,W,10,27,0.37,2,2,1.0,1,2,0.5,6,5,11,8,3,2,2,6,2,8,15,0.533,1,4,0.25,4,5,0.8,1,10,11,4,2,1,6,5,-2
0020300513,2004-01-09,2003-04,regular_season,False,1610612743,DEN,Denver Nuggets,1610612762,UTA,Utah Jazz,26,21,W,9,16,0.562,0,0,0.0,8,12,0.667,3,8,11,7,4,5,5,7,5,8,29,0.276,1,3,0.333,4,4,1.0,11,6,17,6,2,2,5,9,-5
0020300511,2004-01-09,2003-04,regular_season,False,1610612741,CHI,Chicago Bulls,1610612757,POR,Portland Trail Blazers,21,19,W,7,23,0.304,1,2,0.5,6,7,0.857,8,5,13,7,4,0,2,4,2,7,17,0.412,2,3,0.667,3,4,0.75,4,7,11,5,2,2,8,8,-2
0020300514,2004-01-09,2003-04,regular_season,False,1610612756,PHX,Phoenix Suns,1610612758,SAC,Sacramento Kings,22,25,L,8,24,0.333,1,1,1.0,5,5,1.0,3,10,13,5,4,0,5,4,-3,10,25,0.4,2,5,0.4,3,4,0.75,4,12,16,5,5,3,5,5,3
0020300509,2004-01-09,2003-04,regular_season,False,1610612740,NOH,New Orleans Hornets,1610612759,SAS,San Antonio Spurs,21,24,L,10,21,0.476,1,2,0.5,0,0,0.0,3,7,10,6,6,1,7,5,-3,9,19,0.474,2,3,0.667,4,6,0.667,3,5,8,7,5,2,6,2,3
0020300505,2004-01-09,2003-04,regular_season,False,1610612755,PHI,Philadelphia 76ers,1610612751,NJN,New Jersey Nets,29,21,W,10,19,0.526,2,2,1.0,7,8,0.875,1,11,12,9,1,4,2,4,8,6,21,0.286,2,4,0.5,7,7,1.0,2,8,10,4,2,0,4,5,-8
0020300506,2004-01-09,2003-04,regular_season,False,1610612753,ORL,Orlando Magic,1610612764,WAS,Washington Wizards,19,14,W,8,23,0.348,1,4,0.25,2,2,1.0,8,10,18,3,5,1,7,7,5,3,15,0.2,2,5,0.4,6,9,0.667,2,4,6,1,5,1,6,5,-5
0020300510,2004-01-09,2003-04,regular_season,False,1610612742,DAL,Dallas Mavericks,1610612754,IND,Indiana Pacers,20,21,L,8,21,0.381,0,3,0.0,4,4,1.0,2,8,10,6,3,3,4,3,-1,9,20,0.45,1,7,0.143,2,4,0.5,3,9,12,3,4,0,5,5,1
0020300507,2004-01-09,2003-04,regular_season,False,1610612761,TOR,Toronto Raptors,1610612746,LAC,Los Angeles Clippers,15,15,L,7,15,0.467,1,3,0.333,0,0,0.0,2,6,8,5,1,0,4,6,0,5,12,0.417,1,1,1.0,4,4,1.0,1,5,6,2,1,0,5,5,0
0020300508,2004-01-09,2003-04,regular_season,False,1610612738,BOS,Boston Celtics,1610612739,CLE,Cleveland Cavaliers,19,22,L,7,15,0.467,1,2,0.5,4,5,0.8,1,6,7,4,3,1,6,8,-3,10,22,0.455,0,3,0.0,2,5,0.4,6,7,13,2,4,0,5,6,3
0020300517,2004-01-10,2003-04,regular_season,False,1610612764,WAS,Washington Wizards,1610612755,PHI,Philadelphia 76ers,25,24,W,8,17,0.471,1,4,0.25,8,9,0.889,2,10,12,3,5,2,6,4,1,9,20,0.45,2,4,0.5,4,4,1.0,1,7,8,7,4,0,5,5,-1
0020300518,2004-01-10,2003-04,regular_season,False,1610612752,NYK,New York Knicks,1610612749,MIL,Milwaukee Bucks,22,22,W,11,20,0.55,0,2,0.0,0,0,0.0,2,10,12,7,3,3,8,5,0,7,22,0.318,1,3,0.333,7,8,0.875,2,7,9,3,5,0,4,2,0
0020300519,2004-01-10,2003-04,regular_season,False,1610612750,MIN,Minnesota Timberwolves,1610612748,MIA,Miami Heat,20,21,L,8,18,0.444,0,1,0.0,4,6,0.667,3,6,9,6,1,4,4,5,-1,8,17,0.471,1,2,0.5,4,4,1.0,0,8,8,6,2,0,5,6,1
0020300521,2004-01-10,2003-04,regular_season,False,1610612759,SAS,San Antonio Spurs,1610612754,IND,Indiana Pacers,14,18,L,5,17,0.294,1,2,0.5,3,4,0.75,2,13,15,5,0,2,6,5,-4,9,23,0.391,0,2,0.0,0,0,0.0,0,10,10,3,3,0,1,4,4
0020300522,2004-01-10,2003-04,regular_season,False,1610612762,UTA,Utah Jazz,1610612737,ATL,Atlanta Hawks,26,15,W,10,16,0.625,2,3,0.667,4,6,0.667,0,11,11,7,0,2,5,6,11,6,17,0.353,0,0,0.0,3,3,1.0,0,7,7,3,2,2,6,7,-11
0020300523,2004-01-10,2003-04,regular_season,False,1610612744,GSW,Golden State Warriors,1610612760,SEA,Seattle SuperSonics,28,24,W,12,26,0.462,2,6,0.333,2,3,0.667,6,11,17,7,2,0,1,2,4,9,20,0.45,4,8,0.5,2,4,0.5,1,8,9,7,1,2,3,5,-4
0020300520,2004-01-10,2003-04,regular_season,False,1610612741,CHI,Chicago Bulls,1610612740,NOH,New Orleans Hornets,38,22,W,14,25,0.56,3,3,1.0,7,8,0.875,8,8,16,8,2,1,4,5,16,7,18,0.389,2,4,0.5,6,7,0.857,2,2,4,4,2,2,6,7,-16
0020300528,2004-01-11,2003-04,regular_season,False,1610612746,LAC,Los Angeles Clippers,1610612763,MEM,Memphis Grizzlies,25,29,L,9,23,0.391,1,2,0.5,6,7,0.857,5,3,8,5,3,1,1,6,-4,12,17,0.706,0,1,0.0,5,6,0.833,2,7,9,7,1,2,4,7,4
0020300524,2004-01-11,2003-04,regular_season,False,1610612761,TOR,Toronto Raptors,1610612757,POR,Portland Trail Blazers,21,12,W,9,18,0.5,2,4,0.5,1,1,1.0,4,8,12,5,1,3,5,8,9,3,21,0.143,0,5,0.0,6,7,0.857,6,4,10,2,1,0,2,3,-9
0020300525,2004-01-11,2003-04,regular_season,False,1610612765,DET,Detroit Pistons,1610612742,DAL,Dallas Mavericks,32,25,W,10,18,0.556,3,6,0.5,9,13,0.692,3,8,11,7,2,2,5,5,7,9,23,0.391,0,8,0.0,7,8,0.875,4,7,11,4,3,0,2,7,-7
0020300526,2004-01-11,2003-04,regular_season,False,1610612745,HOU,Houston Rockets,1610612738,BOS,Boston Celtics,18,22,L,7,22,0.318,0,4,0.0,4,5,0.8,7,8,15,4,3,2,6,5,-4,7,16,0.438,4,7,0.571,4,6,0.667,2,7,9,6,5,1,5,6,4
0020300527,2004-01-11,2003-04,regular_season,False,1610612758,SAC,Sacramento Kings,1610612743,DEN,Denver Nuggets,28,23,W,12,21,0.571,3,5,0.6,1,3,0.333,3,6,9,5,4,1,8,4,5,11,22,0.5,0,1,0.0,1,2,0.5,3,6,9,3,7,0,7,3,-5
0020300532,2004-01-12,2003-04,regular_season,False,1610612744,GSW,Golden State Warriors,1610612763,MEM,Memphis Grizzlies,22,21,W,9,21,0.429,2,4,0.5,2,6,0.333,8,9,17,2,2,0,4,4,1,9,21,0.429,3,5,0.6,0,0,0.0,3,6,9,5,1,3,3,6,-1
0020300531,2004-01-12,2003-04,regular_season,False,1610612747,LAL,Los Angeles Lakers,1610612739,CLE,Cleveland Cavaliers,21,17,W,9,27,0.333,0,1,0.0,3,5,0.6,7,14,21,4,1,1,6,8,4,6,26,0.231,0,1,0.0,5,11,0.455,7,11,18,1,3,1,4,6,-4
0020300529,2004-01-12,2003-04,regular_season,False,1610612752,NYK,New York Knicks,1610612742,DAL,Dallas Mavericks,29,34,L,11,17,0.647,2,4,0.5,5,6,0.833,2,7,9,9,0,0,4,6,-5,15,24,0.625,1,3,0.333,3,6,0.5,4,4,8,7,3,0,1,5,5
0020300530,2004-01-12,2003-04,regular_season,False,1610612753,ORL,Orlando Magic,1610612755,PHI,Philadelphia 76ers,25,16,W,10,23,0.435,1,5,0.2,4,6,0.667,6,5,11,6,4,0,3,5,9,6,15,0.4,0,2,0.0,4,4,1.0,2,4,6,2,1,1,7,5,-9
0020300542,2004-01-13,2003-04,regular_season,False,1610612746,LAC,Los Angeles Clippers,1610612757,POR,Portland Trail Blazers,27,29,L,10,19,0.526,2,5,0.4,5,6,0.833,4,3,7,7,1,0,2,6,-2,10,20,0.5,2,5,0.4,7,10,0.7,5,5,10,5,2,1,2,4,2
0020300540,2004-01-13,2003-04,regular_season,False,1610612758,SAC,Sacramento Kings,1610612748,MIA,Miami Heat,21,22,L,9,14,0.643,3,5,0.6,0,0,0.0,1,7,8,8,1,0,6,4,-1,7,17,0.412,1,4,0.25,7,8,0.875,4,4,8,4,5,0,3,3,1
0020300539,2004-01-13,2003-04,regular_season,False,1610612756,PHX,Phoenix Suns,1610612743,DEN,Denver Nuggets,21,25,L,9,19,0.474,1,3,0.333,2,3,0.667,2,7,9,6,2,3,3,6,-4,9,22,0.409,2,4,0.5,5,7,0.714,3,9,12,7,3,0,3,4,4
0020300538,2004-01-13,2003-04,regular_season,False,1610612762,UTA,Utah Jazz,1610612744,GSW,Golden State Warriors,29,35,L,9,14,0.643,3,5,0.6,8,8,1.0,0,6,6,4,2,3,5,10,-6,12,21,0.571,3,4,0.75,8,10,0.8,5,4,9,6,3,0,3,7,6
0020300541,2004-01-13,2003-04,regular_season,False,1610612760,SEA,Seattle SuperSonics,1610612739,CLE,Cleveland Cavaliers,21,29,L,9,18,0.5,1,5,0.2,2,2,1.0,2,7,9,6,0,1,7,6,-8,11,21,0.524,0,3,0.0,7,8,0.875,3,7,10,4,4,0,2,3,8
0020300536,2004-01-13,2003-04,regular_season,False,1610612749,MIL,Milwaukee Bucks,1610612738,BOS,Boston Celtics,30,17,W,10,18,0.556,2,6,0.333,8,10,0.8,1,9,10,8,2,1,5,2,13,8,21,0.381,1,7,0.143,0,0,0.0,1,7,8,5,1,0,7,10,-13
0020300535,2004-01-13,2003-04,regular_season,False,1610612740,NOH,New Orleans Hornets,1610612750,MIN,Minnesota Timberwolves,17,27,L,7,16,0.438,1,5,0.2,2,5,0.4,2,3,5,5,3,0,8,4,-10,13,20,0.65,0,2,0.0,1,1,1.0,2,7,9,9,3,0,4,6,10
0020300534,2004-01-13,2003-04,regular_season,False,1610612737,ATL,Atlanta Hawks,1610612759,SAS,San Antonio Spurs,26,18,W,11,17,0.647,0,0,0.0,4,4,1.0,2,11,13,7,2,1,5,5,8,8,21,0.381,0,1,0.0,2,2,1.0,2,3,5,5,1,1,2,4,-8
0020300533,2004-01-13,2003-04,regular_season,False,1610612764,WAS,Washington Wizards,1610612745,HOU,Houston Rockets,24,21,W,8,19,0.421,1,2,0.5,7,7,1.0,1,5,6,6,4,0,2,6,3,8,14,0.571,1,3,0.333,4,8,0.5,3,9,12,5,1,4,7,6,-3
0020300537,2004-01-13,2003-04,regular_season,False,1610612741,CHI,Chicago Bulls,1610612765,DET,Detroit Pistons,25,20,W,11,22,0.5,0,2,0.0,3,3,1.0,3,4,7,4,2,3,0,6,5,7,22,0.318,1,4,0.25,5,7,0.714,7,7,14,4,0,2,5,5,-5
0020300543,2004-01-14,2003-04,regular_season,False,1610612738,BOS,Boston Celtics,1610612745,HOU,Houston Rockets,24,24,L,7,15,0.467,3,5,0.6,7,8,0.875,0,7,7,3,3,1,3,5,0,11,20,0.55,1,3,0.333,1,3,0.333,3,7,10,7,2,0,5,5,0
0020300544,2004-01-14,2003-04,regular_season,False,1610612754,IND,Indiana Pacers,1610612737,ATL,Atlanta Hawks,20,18,W,6,17,0.353,0,2,0.0,8,11,0.727,4,10,14,4,1,1,5,4,2,6,22,0.273,0,1,0.0,6,9,0.667,4,6,10,4,4,3,1,9,-2
0020300545,2004-01-14,2003-04,regular_season,False,1610612752,NYK,New York Knicks,1610612753,ORL,Orlando Magic,32,30,W,13,19,0.684,2,3,0.667,4,4,1.0,0,6,6,8,1,1,2,5,2,13,21,0.619,2,4,0.5,2,3,0.667,1,5,6,8,1,0,2,6,-2
0020300546,2004-01-14,2003-04,regular_season,False,1610612751,NJN,New Jersey Nets,1610612764,WAS,Washington Wizards,20,25,L,8,21,0.381,0,3,0.0,4,5,0.8,5,5,10,8,4,2,7,5,-5,11,20,0.55,1,4,0.25,2,2,1.0,2,7,9,6,3,1,6,4,5
0020300547,2004-01-14,2003-04,regular_season,False,1610612765,DET,Detroit Pistons,1610612761,TOR,Toronto Raptors,17,25,L,6,19,0.316,0,2,0.0,5,9,0.556,7,7,14,3,2,1,5,6,-8,9,17,0.529,1,2,0.5,6,7,0.857,1,8,9,4,2,0,3,8,8
0020300548,2004-01-14,2003-04,regular_season,False,1610612759,SAS,San Antonio Spurs,1610612750,MIN,Minnesota Timberwolves,21,19,W,8,19,0.421,1,2,0.5,4,4,1.0,4,9,13,3,1,2,3,6,2,8,23,0.348,1,2,0.5,2,3,0.667,3,7,10,5,0,1,1,4,-2
0020300549,2004-01-14,2003-04,regular_season,False,1610612742,DAL,Dallas Mavericks,1610612755,PHI,Philadelphia 76ers,30,27,W,12,27,0.444,0,2,0.0,6,8,0.75,7,5,12,11,0,0,0,5,3,10,17,0.588,2,4,0.5,5,6,0.833,1,8,9,6,0,1,4,6,-3
0020300550,2004-01-14,2003-04,regular_season,False,1610612747,LAL,Los Angeles Lakers,1610612743,DEN,Denver Nuggets,29,19,W,7,12,0.583,0,0,0.0,15,20,0.75,1,5,6,6,1,1,3,5,10,7,18,0.389,1,3,0.333,4,6,0.667,3,4,7,4,1,1,5,12,-10
0020300555,2004-01-15,2003-04,regular_season,False,1610612757,POR,Portland Trail Blazers,1610612756,PHX,Phoenix Suns,23,21,W,10,24,0.417,1,3,0.333,2,2,1.0,7,6,13,5,2,1,5,3,2,10,20,0.5,0,0,0.0,1,3,0.333,4,6,10,4,5,2,6,5,-2
0020300554,2004-01-15,2003-04,regular_season,False,1610612762,UTA,Utah Jazz,1610612748,MIA,Miami Heat,22,16,W,8,18,0.444,0,1,0.0,6,7,0.857,4,7,11,4,2,5,5,8,6,7,21,0.333,0,3,0.0,2,4,0.5,6,5,11,3,2,3,5,9,-6
0020300556,2004-01-15,2003-04,regular_season,False,1610612744,GSW,Golden State Warriors,1610612739,CLE,Cleveland Cavaliers,29,26,W,10,19,0.526,1,3,0.333,8,12,0.667,3,9,12,5,2,1,4,4,3,10,23,0.435,1,5,0.2,5,6,0.833,4,6,10,6,3,0,3,8,-3
0020300552,2004-01-15,2003-04,regular_season,False,1610612749,MIL,Milwaukee Bucks,1610612751,NJN,New Jersey Nets,13,23,L,5,18,0.278,2,6,0.333,1,4,0.25,1,8,9,3,2,0,4,4,-10,9,19,0.474,1,5,0.2,4,5,0.8,2,11,13,4,3,2,3,5,10
0020300551,2004-01-15,2003-04,regular_season,False,1610612740,NOH,New Orleans Hornets,1610612761,TOR,Toronto Raptors,19,28,L,7,13,0.538,0,3,0.0,5,5,1.0,0,4,4,4,1,1,4,5,-9,10,16,0.625,5,6,0.833,3,3,1.0,2,6,8,8,2,0,4,4,9
0020300553,2004-01-15,2003-04,regular_season,False,1610612763,MEM,Memphis Grizzlies,1610612741,CHI,Chicago Bulls,27,18,W,9,25,0.36,3,8,0.375,6,6,1.0,6,7,13,7,5,2,4,7,9,6,15,0.4,0,1,0.0,6,9,0.667,3,8,11,2,3,2,8,6,-9
0020300557,2004-01-16,2003-04,regular_season,False,1610612753,ORL,Orlando Magic,1610612738,BOS,Boston Celtics,29,31,L,9,24,0.375,3,4,0.75,8,11,0.727,4,4,8,5,2,0,0,8,-2,11,19,0.579,4,7,0.571,5,8,0.625,4,8,12,6,0,2,5,7,2
0020300558,2004-01-16,2003-04,regular_season,False,1610612754,IND,Indiana Pacers,1610612759,SAS,San Antonio Spurs,14,29,L,6,20,0.3,1,3,0.333,1,1,1.0,4,6,10,3,2,0,6,9,-15,8,17,0.471,1,4,0.25,12,16,0.75,5,9,14,7,4,4,3,4,15
0020300559,2004-01-16,2003-04,regular_season,False,1610612752,NYK,New York Knicks,1610612760,SEA,Seattle SuperSonics,26,16,W,9,18,0.5,2,5,0.4,6,6,1.0,2,9,11,6,3,0,5,6,10,4,15,0.267,2,6,0.333,6,9,0.667,2,7,9,3,4,2,8,4,-10
0020300560,2004-01-16,2003-04,regular_season,False,1610612765,DET,Detroit Pistons,1610612764,WAS,Washington Wizards,31,15,W,12,23,0.522,3,5,0.6,4,4,1.0,6,8,14,11,2,5,4,5,16,5,17,0.294,0,2,0.0,5,6,0.833,4,2,6,2,1,0,5,6,-16
0020300561,2004-01-16,2003-04,regular_season,False,1610612743,DEN,Denver Nuggets,1610612742,DAL,Dallas Mavericks,20,19,W,9,22,0.409,1,4,0.25,1,4,0.25,3,12,15,7,1,3,3,7,1,4,21,0.19,0,1,0.0,11,14,0.786,6,10,16,4,2,3,3,5,-1
0020300562,2004-01-16,2003-04,regular_season,False,1610612756,PHX,Phoenix Suns,1610612744,GSW,Golden State Warriors,32,20,W,11,18,0.611,2,3,0.667,8,9,0.889,2,9,11,5,0,2,3,5,12,9,22,0.409,0,2,0.0,2,4,0.5,3,4,7,2,1,2,1,6,-12
0020300563,2004-01-16,2003-04,regular_season,False,1610612746,LAC,Los Angeles Clippers,1610612748,MIA,Miami Heat,22,19,W,10,17,0.588,1,1,1.0,1,6,0.167,2,9,11,9,0,4,4,2,3,9,24,0.375,1,1,1.0,0,0,0.0,5,5,10,6,3,1,0,5,-3
0020300564,2004-01-16,2003-04,regular_season,False,1610612758,SAC,Sacramento Kings,1610612747,LAL,Los Angeles Lakers,21,19,W,8,18,0.444,2,4,0.5,3,6,0.5,1,11,12,4,1,1,3,5,2,7,20,0.35,0,4,0.0,5,6,0.833,1,9,10,3,1,0,2,4,-2
0020300575,2004-01-17,2003-04,regular_season,False,1610612747,LAL,Los Angeles Lakers,1610612746,LAC,Los Angeles Clippers,26,14,W,10,25,0.4,1,4,0.25,5,9,0.556,5,9,14,7,3,2,1,3,12,5,18,0.278,0,5,0.0,4,4,1.0,3,10,13,3,0,1,7,7,-12
0020300574,2004-01-17,2003-04,regular_season,False,1610612757,POR,Portland Trail Blazers,1610612742,DAL,Dallas Mavericks,34,32,W,13,21,0.619,2,4,0.5,6,6,1.0,3,5,8,8,2,0,3,8,2,10,19,0.526,2,5,0.4,10,10,1.0,3,4,7,7,2,0,3,4,-2
0020300573,2004-01-17,2003-04,regular_season,False,1610612762,UTA,Utah Jazz,1610612739,CLE,Cleveland Cavaliers,34,14,W,8,15,0.533,1,3,0.333,17,18,0.944,0,8,8,7,4,2,3,8,20,3,16,0.188,0,3,0.0,8,11,0.727,4,6,10,2,2,2,7,12,-20
0020300571,2004-01-17,2003-04,regular_season,False,1610612741,CHI,Chicago Bulls,1610612752,NYK,New York Knicks,25,29,L,11,18,0.611,1,1,1.0,2,3,0.667,1,8,9,8,1,1,6,7,-4,9,20,0.45,4,4,1.0,7,10,0.7,3,5,8,8,5,0,2,2,4
0020300570,2004-01-17,2003-04,regular_season,False,1610612740,NOH,New Orleans Hornets,1610612753,ORL,Orlando Magic,19,20,L,8,20,0.4,1,4,0.25,2,5,0.4,4,5,9,5,2,1,2,3,-1,9,19,0.474,0,2,0.0,2,2,1.0,2,9,11,5,2,1,5,4,1
0020300572,2004-01-17,2003-04,regular_season,False,1610612749,MIL,Milwaukee Bucks,1610612765,DET,Detroit Pistons,25,25,L,10,20,0.5,3,7,0.429,2,4,0.5,2,7,9,7,2,2,2,5,0,10,17,0.588,0,1,0.0,5,6,0.833,1,10,11,4,0,0,4,4,0
0020300568,2004-01-17,2003-04,regular_season,False,1610612737,ATL,Atlanta Hawks,1610612761,TOR,Toronto Raptors,21,23,L,9,19,0.474,2,2,1.0,1,5,0.2,5,6,11,7,2,1,2,8,-2,8,15,0.533,2,3,0.667,5,7,0.714,3,6,9,5,1,0,5,4,2
0020300567,2004-01-17,2003-04,regular_season,False,1610612764,WAS,Washington Wizards,1610612760,SEA,Seattle SuperSonics,20,27,L,8,19,0.421,0,3,0.0,4,6,0.667,3,8,11,6,2,1,7,3,-7,12,22,0.545,2,6,0.333,1,1,1.0,1,7,8,10,4,1,4,5,7
0020300566,2004-01-17,2003-04,regular_season,False,1610612745,HOU,Houston Rockets,1610612750,MIN,Minnesota Timberwolves,22,13,W,9,17,0.529,0,0,0.0,4,5,0.8,1,13,14,4,0,1,3,3,9,6,21,0.286,0,1,0.0,1,2,0.5,2,6,8,0,2,0,1,5,-9
0020300565,2004-01-17,2003-04,regular_season,False,1610612755,PHI,Philadelphia 76ers,1610612763,MEM,Memphis Grizzlies,26,16,W,11,22,0.5,1,4,0.25,3,3,1.0,3,10,13,5,2,2,3,3,10,7,20,0.35,1,4,0.25,1,2,0.5,2,6,8,5,1,4,3,4,-10
0020300569,2004-01-17,2003-04,regular_season,False,1610612751,NJN,New Jersey Nets,1610612754,IND,Indiana Pacers,32,25,W,12,22,0.545,0,4,0.0,8,11,0.727,5,6,11,7,4,1,1,8,7,7,15,0.467,1,5,0.2,10,11,0.909,1,5,6,3,0,1,4,8,-7
0020300576,2004-01-18,2003-04,regular_season,False,1610612738,BOS,Boston Celtics,1610612759,SAS,San Antonio Spurs,15,20,L,5,19,0.263,0,3,0.0,5,8,0.625,2,9,11,2,1,2,2,7,-5,7,20,0.35,2,5,0.4,4,7,0.571,4,13,17,4,0,1,3,6,5
0020300577,2004-01-18,2003-04,regular_season,False,1610612756,PHX,Phoenix Suns,1610612757,POR,Portland Trail Blazers,22,30,L,8,17,0.471,2,3,0.667,4,4,1.0,1,6,7,7,2,1,9,5,-8,10,18,0.556,4,7,0.571,6,6,1.0,1,4,5,5,5,2,5,2,8
0020300578,2004-01-18,2003-04,regular_season,False,1610612743,DEN,Denver Nuggets,1610612748,MIA,Miami Heat,27,28,L,10,18,0.556,1,4,0.25,6,6,1.0,0,5,5,7,1,3,2,7,-1,10,18,0.556,2,4,0.5,6,9,0.667,3,6,9,6,1,2,4,7,1
0020300589,2004-01-19,2003-04,regular_season,False,1610612747,LAL,Los Angeles Lakers,1610612756,PHX,Phoenix Suns,24,17,W,9,20,0.45,2,3,0.667,4,6,0.667,3,9,12,8,3,0,4,3,7,8,20,0.4,1,6,0.167,0,0,0.0,2,7,9,5,3,0,5,5,-7
0020300588,2004-01-19,2003-04,regular_season,False,1610612744,GSW,Golden State Warriors,1610612762,UTA,Utah Jazz,16,18,L,6,16,0.375,1,5,0.2,3,3,1.0,5,4,9,4,2,1,8,4,-2,7,15,0.467,0,1,0.0,4,4,1.0,4,5,9,4,3,0,8,6,2
0020300587,2004-01-19,2003-04,regular_season,False,1610612763,MEM,Memphis Grizzlies,1610612745,HOU,Houston Rockets,23,28,L,10,20,0.5,2,4,0.5,1,2,0.5,3,7,10,7,1,1,4,10,-5,11,19,0.579,1,2,0.5,5,8,0.625,0,7,7,8,0,0,1,3,5
0020300586,2004-01-19,2003-04,regular_season,False,1610612750,MIN,Minnesota Timberwolves,1610612740,NOH,New Orleans Hornets,29,27,W,11,19,0.579,0,2,0.0,7,8,0.875,1,3,4,8,4,0,3,6,2,11,16,0.688,1,3,0.333,4,5,0.8,1,5,6,10,2,0,6,7,-2
0020300585,2004-01-19,2003-04,regular_season,False,1610612746,LAC,Los Angeles Clippers,1610612758,SAC,Sacramento Kings,31,34,L,12,23,0.522,2,3,0.667,5,7,0.714,2,5,7,8,3,1,2,5,-3,14,24,0.583,2,5,0.4,4,5,0.8,6,9,15,10,2,0,4,6,3
0020300581,2004-01-19,2003-04,regular_season,False,1610612755,PHI,Philadelphia 76ers,1610612760,SEA,Seattle SuperSonics,18,21,L,7,16,0.438,3,5,0.6,1,4,0.25,1,11,12,7,0,1,6,5,-3,7,21,0.333,3,8,0.375,4,4,1.0,2,7,9,4,2,0,2,4,3
0020300583,2004-01-19,2003-04,regular_season,False,1610612753,ORL,Orlando Magic,1610612749,MIL,Milwaukee Bucks,31,19,W,14,19,0.737,2,3,0.667,1,2,0.5,2,8,10,7,2,1,4,3,12,8,21,0.381,1,3,0.333,2,2,1.0,1,3,4,3,2,1,4,2,-12
0020300582,2004-01-19,2003-04,regular_season,False,1610612737,ATL,Atlanta Hawks,1610612754,IND,Indiana Pacers,23,24,L,10,25,0.4,1,3,0.333,2,2,1.0,4,4,8,5,2,0,4,7,-1,9,15,0.6,1,3,0.333,5,6,0.833,2,9,11,6,0,2,7,3,1
0020300580,2004-01-19,2003-04,regular_season,False,1610612764,WAS,Washington Wizards,1610612741,CHI,Chicago Bulls,16,26,L,6,20,0.3,1,1,1.0,3,6,0.5,1,7,8,4,5,2,6,3,-10,10,18,0.556,3,5,0.6,3,4,0.75,2,13,15,9,3,0,9,5,10
0020300579,2004-01-19,2003-04,regular_season,False,1610612752,NYK,New York Knicks,1610612761,TOR,Toronto Raptors,22,12,W,8,14,0.571,1,3,0.333,5,6,0.833,1,12,13,7,0,3,4,3,10,5,22,0.227,0,1,0.0,2,3,0.667,3,5,8,3,3,1,2,4,-10
0020300584,2004-01-19,2003-04,regular_season,False,1610612765,DET,Detroit Pistons,1610612759,SAS,San Antonio Spurs,22,19,W,8,18,0.444,3,4,0.75,3,3,1.0,0,5,5,5,3,1,4,7,3,7,16,0.438,2,5,0.4,3,8,0.375,3,6,9,6,2,0,6,6,-3
0020300595,2004-01-20,2003-04,regular_season,False,1610612758,SAC,Sacramento Kings,1610612757,POR,Portland Trail Blazers,19,27,L,6,17,0.353,3,7,0.429,4,4,1.0,2,6,8,5,3,2,6,4,-8,12,23,0.522,1,1,1.0,2,5,0.4,6,6,12,8,2,0,3,3,8
0020300593,2004-01-20,2003-04,regular_season,False,1610612742,DAL,Dallas Mavericks,1610612751,NJN,New Jersey Nets,27,17,W,10,23,0.435,4,7,0.571,3,5,0.6,4,10,14,5,2,0,0,6,10,7,16,0.438,0,2,0.0,3,6,0.5,1,8,9,6,0,0,2,3,-10
0020300594,2004-01-20,2003-04,regular_season,False,1610612762,UTA,Utah Jazz,1610612743,DEN,Denver Nuggets,24,26,L,7,16,0.438,0,1,0.0,10,16,0.625,2,2,4,5,3,2,2,9,-2,7,14,0.5,1,1,1.0,11,12,0.917,5,7,12,3,0,2,8,10,2
0020300591,2004-01-20,2003-04,regular_season,False,1610612754,IND,Indiana Pacers,1610612765,DET,Detroit Pistons,24,31,L,7,15,0.467,3,5,0.6,7,7,1.0,2,3,5,7,2,1,6,12,-7,10,13,0.769,0,0,0.0,11,14,0.786,0,5,5,6,0,0,3,7,7
0020300592,2004-01-20,2003-04,regular_season,False,1610612748,MIA,Miami Heat,1610612738,BOS,Boston Celtics,21,25,L,9,21,0.429,2,7,0.286,1,2,0.5,6,6,12,6,0,2,6,8,-4,9,18,0.5,0,4,0.0,7,11,0.636,4,5,9,2,3,0,3,6,4
0020300590,2004-01-20,2003-04,regular_season,False,1610612739,CLE,Cleveland Cavaliers,1610612760,SEA,Seattle SuperSonics,24,25,L,8,22,0.364,2,4,0.5,6,6,1.0,7,7,14,5,2,0,7,2,-1,11,23,0.478,2,6,0.333,1,2,0.5,4,4,8,5,6,0,2,4,1
0020300603,2004-01-21,2003-04,regular_season,False,1610612743,DEN,Denver Nuggets,1610612756,PHX,Phoenix Suns,25,26,L,9,15,0.6,0,0,0.0,7,8,0.875,2,8,10,6,2,0,7,3,-1,12,22,0.545,2,3,0.667,0,0,0.0,2,3,5,8,4,1,4,5,1
0020300604,2004-01-21,2003-04,regular_season,False,1610612746,LAC,Los Angeles Clippers,1610612744,GSW,Golden State Warriors,24,29,L,9,28,0.321,3,6,0.5,3,6,0.5,10,5,15,4,1,2,1,6,-5,8,18,0.444,4,6,0.667,9,10,0.9,3,10,13,5,0,2,2,4,5
0020300601,2004-01-21,2003-04,regular_season,False,1610612759,SAS,San Antonio Spurs,1610612751,NJN,New Jersey Nets,26,28,L,9,22,0.409,2,5,0.4,6,6,1.0,5,5,10,4,2,1,3,4,-2,10,19,0.526,5,10,0.5,3,5,0.6,1,7,8,6,2,2,3,5,2
0020300600,2004-01-21,2003-04,regular_season,False,1610612763,MEM,Memphis Grizzlies,1610612747,LAL,Los Angeles Lakers,15,20,L,6,20,0.3,1,7,0.143,2,7,0.286,2,12,14,4,1,3,2,6,-5,7,25,0.28,0,3,0.0,6,9,0.667,6,15,21,5,1,0,2,4,5
0020300602,2004-01-21,2003-04,regular_season,False,1610612745,HOU,Houston Rockets,1610612752,NYK,New York Knicks,31,9,W,14,18,0.778,0,2,0.0,3,4,0.75,1,8,9,2,6,1,5,3,22,4,16,0.25,0,0,0.0,1,4,0.25,3,3,6,2,2,0,9,4,-22
0020300598,2004-01-21,2003-04,regular_season,False,1610612740,NOH,New Orleans Hornets,1610612755,PHI,Philadelphia 76ers,27,24,W,11,21,0.524,1,5,0.2,4,6,0.667,2,7,9,7,4,2,1,6,3,8,19,0.421,2,3,0.667,6,8,0.75,5,6,11,5,0,0,6,4,-3
0020300597,2004-01-21,2003-04,regular_season,False,1610612737,ATL,Atlanta Hawks,1610612741,CHI,Chicago Bulls,28,23,W,10,19,0.526,2,4,0.5,6,7,0.857,4,6,10,5,5,1,4,2,5,10,21,0.476,3,6,0.5,0,1,0.0,5,5,10,6,1,1,6,6,-5
0020300596,2004-01-21,2003-04,regular_season,False,1610612761,TOR,Toronto Raptors,1610612750,MIN,Minnesota Timberwolves,30,19,W,9,17,0.529,0,0,0.0,12,13,0.923,3,5,8,3,4,1,3,5,11,8,20,0.4,0,2,0.0,3,7,0.429,5,6,11,4,2,2,6,9,-11
0020300599,2004-01-21,2003-04,regular_season,False,1610612749,MIL,Milwaukee Bucks,1610612753,ORL,Orlando Magic,26,26,W,9,15,0.6,1,2,0.5,7,11,0.636,1,7,8,5,2,1,4,4,0,9,17,0.529,2,4,0.5,6,8,0.75,1,5,6,7,1,1,2,7,0
0020300605,2004-01-22,2003-04,regular_season,False,1610612739,CLE,Cleveland Cavaliers,1610612758,SAC,Sacramento Kings,16,18,L,6,18,0.333,1,3,0.333,3,4,0.75,0,11,11,4,1,2,2,6,-2,6,23,0.261,1,4,0.25,5,8,0.625,4,12,16,4,1,1,1,3,2
0020300606,2004-01-22,2003-04,regular_season,False,1610612742,DAL,Dallas Mavericks,1610612747,LAL,Los Angeles Lakers,28,24,W,9,20,0.45,0,1,0.0,10,12,0.833,5,8,13,7,1,0,0,6,4,8,16,0.5,0,2,0.0,8,10,0.8,1,7,8,4,0,1,1,8,-4
0020300607,2004-01-22,2003-04,regular_season,False,1610612760,SEA,Seattle SuperSonics,1610612744,GSW,Golden State Warriors,22,21,W,7,25,0.28,2,7,0.286,6,6,1.0,5,7,12,5,4,2,2,9,1,6,17,0.353,1,6,0.167,8,9,0.889,2,8,10,2,0,0,5,5,-1
0020300615,2004-01-23,2003-04,regular_season,False,1610612763,MEM,Memphis Grizzlies,1610612758,SAC,Sacramento Kings,30,19,W,11,21,0.524,4,6,0.667,4,8,0.5,2,6,8,7,4,1,1,6,11,7,24,0.292,0,5,0.0,5,6,0.833,9,9,18,5,0,1,7,8,-11
0020300618,2004-01-23,2003-04,regular_season,False,1610612756,PHX,Phoenix Suns,1610612759,SAS,San Antonio Spurs,25,28,L,8,18,0.444,3,6,0.5,6,6,1.0,2,8,10,4,2,0,5,4,-3,13,25,0.52,1,4,0.25,1,2,0.5,4,7,11,5,5,2,4,4,3
0020300617,2004-01-23,2003-04,regular_season,False,1610612749,MIL,Milwaukee Bucks,1610612761,TOR,Toronto Raptors,26,21,W,7,15,0.467,0,0,0.0,12,14,0.857,0,10,10,7,3,0,3,4,5,8,21,0.381,1,2,0.5,4,5,0.8,4,7,11,6,2,1,5,9,-5
0020300616,2004-01-23,2003-04,regular_season,False,1610612741,CHI,Chicago Bulls,1610612742,DAL,Dallas Mavericks,14,26,L,6,20,0.3,1,8,0.125,1,2,0.5,2,8,10,4,1,2,6,5,-12,11,22,0.5,0,2,0.0,4,4,1.0,2,10,12,6,5,3,3,4,12
0020300619,2004-01-23,2003-04,regular_season,False,1610612746,LAC,Los Angeles Clippers,1610612762,UTA,Utah Jazz,13,18,L,4,13,0.308,0,3,0.0,5,8,0.625,2,10,12,3,2,0,6,7,-5,6,24,0.25,0,3,0.0,6,6,1.0,7,8,15,5,3,0,2,7,5
0020300614,2004-01-23,2003-04,regular_season,False,1610612750,MIN,Minnesota Timberwolves,1610612765,DET,Detroit Pistons,25,25,W,10,21,0.476,3,4,0.75,2,2,1.0,4,7,11,6,3,0,5,5,0,8,16,0.5,2,3,0.667,7,8,0.875,1,7,8,5,4,2,4,3,0
0020300612,2004-01-23,2003-04,regular_season,False,1610612740,NOH,New Orleans Hornets,1610612743,DEN,Denver Nuggets,29,24,W,13,21,0.619,0,1,0.0,3,3,1.0,1,7,8,9,3,2,3,5,5,10,18,0.556,0,2,0.0,4,6,0.667,1,6,7,5,1,0,4,5,-5
0020300611,2004-01-23,2003-04,regular_season,False,1610612737,ATL,Atlanta Hawks,1610612752,NYK,New York Knicks,29,25,W,10,19,0.526,2,6,0.333,7,11,0.636,5,6,11,9,4,1,2,7,4,9,16,0.562,3,3,1.0,4,7,0.571,2,5,7,6,2,0,4,7,-4
0020300610,2004-01-23,2003-04,regular_season,False,1610612748,MIA,Miami Heat,1610612751,NJN,New Jersey Nets,21,14,W,7,19,0.368,2,5,0.4,5,6,0.833,2,11,13,5,3,1,5,5,7,4,21,0.19,0,2,0.0,6,8,0.75,3,9,12,1,5,1,4,3,-7
0020300609,2004-01-23,2003-04,regular_season,False,1610612738,BOS,Boston Celtics,1610612764,WAS,Washington Wizards,23,19,W,9,27,0.333,2,9,0.222,3,4,0.75,4,12,16,7,3,0,3,6,4,5,16,0.312,3,6,0.5,6,8,0.75,0,9,9,3,2,0,4,5,-4
0020300608,2004-01-23,2003-04,regular_season,False,1610612755,PHI,Philadelphia 76ers,1610612753,ORL,Orlando Magic,20,29,L,8,19,0.421,2,3,0.667,2,4,0.5,3,5,8,7,2,0,4,3,-9,12,21,0.571,5,8,0.625,0,0,0.0,3,8,11,8,1,1,4,4,9
0020300613,2004-01-23,2003-04,regular_season,False,1610612754,IND,Indiana Pacers,1610612745,HOU,Houston Rockets,16,20,L,6,17,0.353,1,4,0.25,3,5,0.6,3,8,11,3,0,0,4,1,-4,8,19,0.421,4,9,0.444,0,0,0.0,3,8,11,6,2,1,2,6,4
0020300626,2004-01-24,2003-04,regular_season,False,1610612760,SEA,Seattle SuperSonics,1610612746,LAC,Los Angeles Clippers,28,23,W,11,22,0.5,3,7,0.429,3,9,0.333,5,6,11,5,3,0,2,9,5,7,18,0.389,0,4,0.0,9,13,0.692,5,7,12,2,0,0,4,5,-5
0020300625,2004-01-24,2003-04,regular_season,False,1610612762,UTA,Utah Jazz,1610612747,LAL,Los Angeles Lakers,17,27,L,8,18,0.444,1,2,0.5,0,0,0.0,4,4,8,4,1,2,5,7,-10,10,19,0.526,2,3,0.667,5,8,0.625,5,5,10,7,2,0,2,3,10
0020300623,2004-01-24,2003-04,regular_season,False,1610612739,CLE,Cleveland Cavaliers,1610612755,PHI,Philadelphia 76ers,25,21,W,8,15,0.533,0,0,0.0,9,9,1.0,1,8,9,8,1,4,4,6,4,8,20,0.4,1,2,0.5,4,4,1.0,1,6,7,3,2,1,4,4,-4
0020300624,2004-01-24,2003-04,regular_season,False,1610612759,SAS,San Antonio Spurs,1610612740,NOH,New Orleans Hornets,30,23,W,12,17,0.706,2,2,1.0,4,8,0.5,1,5,6,9,3,1,3,7,7,8,17,0.471,2,3,0.667,5,8,0.625,3,4,7,5,3,2,5,6,-7
0020300621,2004-01-24,2003-04,regular_season,False,1610612764,WAS,Washington Wizards,1610612754,IND,Indiana Pacers,31,26,W,12,17,0.706,1,1,1.0,6,8,0.75,1,5,6,8,1,1,2,6,5,9,17,0.529,1,5,0.2,7,7,1.0,1,4,5,7,1,1,4,5,-5
0020300620,2004-01-24,2003-04,regular_season,False,1610612757,POR,Portland Trail Blazers,1610612744,GSW,Golden State Warriors,31,28,W,14,17,0.824,2,3,0.667,1,3,0.333,0,5,5,8,3,0,5,4,3,13,24,0.542,2,3,0.667,0,1,0.0,7,4,11,7,2,0,6,4,-3
0020300622,2004-01-24,2003-04,regular_season,False,1610612752,NYK,New York Knicks,1610612748,MIA,Miami Heat,25,21,W,11,19,0.579,0,1,0.0,3,4,0.75,3,3,6,7,3,0,1,8,4,5,13,0.385,2,5,0.4,9,11,0.818,2,5,7,4,1,1,5,5,-4
0020300627,2004-01-25,2003-04,regular_season,False,1610612751,NJN,New Jersey Nets,1610612738,BOS,Boston Celtics,36,25,W,12,22,0.545,1,3,0.333,11,14,0.786,5,11,16,7,0,1,3,5,11,10,26,0.385,2,5,0.4,3,5,0.6,4,6,10,5,3,0,2,9,-11
0020300628,2004-01-25,2003-04,regular_season,False,1610612742,DAL,Dallas Mavericks,1610612758,SAC,Sacramento Kings,25,26,L,11,24,0.458,0,1,0.0,3,4,0.75,6,8,14,8,5,2,7,4,-1,12,27,0.444,2,4,0.5,0,0,0.0,6,8,14,7,6,0,6,5,1
0020300629,2004-01-25,2003-04,regular_season,False,1610612741,CHI,Chicago Bulls,1610612761,TOR,Toronto Raptors,25,21,W,11,19,0.579,0,2,0.0,3,4,0.75,1,6,7,8,3,1,5,10,4,4,13,0.308,1,3,0.333,12,15,0.8,3,6,9,3,2,0,5,5,-4
0020300630,2004-01-25,2003-04,regular_season,False,1610612750,MIN,Minnesota Timberwolves,1610612756,PHX,Phoenix Suns,35,25,W,14,22,0.636,3,7,0.429,4,8,0.5,5,8,13,11,0,2,2,3,10,11,25,0.44,2,6,0.333,1,1,1.0,4,5,9,7,1,0,3,5,-10
0020300631,2004-01-25,2003-04,regular_season,False,1610612753,ORL,Orlando Magic,1610612745,HOU,Houston Rockets,23,22,W,8,20,0.4,2,2,1.0,5,6,0.833,3,6,9,7,1,0,2,5,1,9,18,0.5,0,2,0.0,4,5,0.8,2,10,12,7,0,1,4,7,-1
0020300632,2004-01-25,2003-04,regular_season,False,1610612765,DET,Detroit Pistons,1610612737,ATL,Atlanta Hawks,24,22,W,10,19,0.526,0,3,0.0,4,6,0.667,3,7,10,6,2,1,4,4,2,9,19,0.474,1,5,0.2,3,3,1.0,2,6,8,6,4,0,5,6,-2
0020300633,2004-01-25,2003-04,regular_season,False,1610612763,MEM,Memphis Grizzlies,1610612743,DEN,Denver Nuggets,20,23,L,5,17,0.294,1,3,0.333,9,12,0.75,3,6,9,3,1,2,5,4,-3,10,22,0.455,1,2,0.5,2,2,1.0,3,10,13,3,2,2,6,10,3
0020300639,2004-01-26,2003-04,regular_season,False,1610612762,UTA,Utah Jazz,1610612746,LAC,Los Angeles Clippers,22,17,W,6,19,0.316,1,1,1.0,9,12,0.75,7,8,15,3,0,4,3,5,5,6,17,0.353,0,3,0.0,5,6,0.833,4,4,8,4,2,3,3,8,-5
0020300637,2004-01-26,2003-04,regular_season,False,1610612749,MIL,Milwaukee Bucks,1610612759,SAS,San Antonio Spurs,31,23,W,11,18,0.611,3,5,0.6,6,8,0.75,1,11,12,10,2,2,4,6,8,8,19,0.421,2,2,1.0,5,8,0.625,1,6,7,6,1,1,3,6,-8
0020300638,2004-01-26,2003-04,regular_season,False,1610612743,DEN,Denver Nuggets,1610612750,MIN,Minnesota Timberwolves,29,21,W,13,20,0.65,1,2,0.5,2,2,1.0,2,9,11,5,2,1,3,3,8,10,21,0.476,0,1,0.0,1,2,0.5,1,5,6,4,1,1,2,3,-8
0020300635,2004-01-26,2003-04,regular_season,False,1610612739,CLE,Cleveland Cavaliers,1610612753,ORL,Orlando Magic,32,35,L,13,24,0.542,0,1,0.0,6,8,0.75,3,6,9,8,1,1,1,10,-3,9,15,0.6,4,6,0.667,13,18,0.722,1,9,10,4,0,1,4,6,3
0020300636,2004-01-26,2003-04,regular_season,False,1610612748,MIA,Miami Heat,1610612745,HOU,Houston Rockets,20,24,L,9,19,0.474,2,7,0.286,0,1,0.0,2,5,7,3,0,1,2,4,-4,9,18,0.5,1,6,0.167,5,5,1.0,2,7,9,5,1,0,0,4,4
0020300634,2004-01-26,2003-04,regular_season,False,1610612764,WAS,Washington Wizards,1610612757,POR,Portland Trail Blazers,15,26,L,7,16,0.438,0,2,0.0,1,3,0.333,2,4,6,3,4,2,7,2,-11,11,20,0.55,4,7,0.571,0,0,0.0,2,4,6,9,4,1,5,4,11
0020300640,2004-01-27,2003-04,regular_season,False,1610612755,PHI,Philadelphia 76ers,1610612751,NJN,New Jersey Nets,23,30,L,5,20,0.25,1,5,0.2,12,13,0.923,3,8,11,3,2,1,4,8,-7,8,16,0.5,2,4,0.5,12,14,0.857,2,10,12,7,2,1,4,9,7
0020300641,2004-01-27,2003-04,regular_season,False,1610612752,NYK,New York Knicks,1610612759,SAS,San Antonio Spurs,18,26,L,6,14,0.429,1,3,0.333,5,5,1.0,2,5,7,5,2,2,8,11,-8,9,17,0.529,1,2,0.5,7,11,0.636,4,6,10,5,4,1,7,3,8
0020300642,2004-01-27,2003-04,regular_season,False,1610612737,ATL,Atlanta Hawks,1610612756,PHX,Phoenix Suns,20,22,L,9,19,0.474,0,1,0.0,2,2,1.0,2,8,10,6,2,2,4,6,-2,9,22,0.409,1,5,0.2,3,4,0.75,5,6,11,7,2,0,5,4,2
0020300643,2004-01-27,2003-04,regular_season,False,1610612760,SEA,Seattle SuperSonics,1610612742,DAL,Dallas Mavericks,35,25,W,13,22,0.591,4,8,0.5,5,10,0.5,1,6,7,6,5,0,0,7,10,7,15,0.467,1,2,0.5,10,12,0.833,2,8,10,4,0,0,6,5,-10
0020300644,2004-01-27,2003-04,regular_season,False,1610612746,LAC,Los Angeles Clippers,1610612741,CHI,Chicago Bulls,18,20,L,7,20,0.35,2,3,0.667,2,4,0.5,3,9,12,3,0,2,5,4,-2,8,25,0.32,1,3,0.333,3,4,0.75,6,8,14,6,2,2,2,5,2
0020300656,2004-01-28,2003-04,regular_season,False,1610612744,GSW,Golden State Warriors,1610612750,MIN,Minnesota Timberwolves,22,24,L,7,19,0.368,1,2,0.5,7,9,0.778,2,10,12,3,2,4,4,7,-2,9,26,0.346,0,1,0.0,6,8,0.75,8,11,19,6,2,2,3,7,2
0020300654,2004-01-28,2003-04,regular_season,False,1610612762,UTA,Utah Jazz,1610612742,DAL,Dallas Mavericks,25,14,W,9,18,0.5,1,2,0.5,6,7,0.857,4,11,15,5,1,2,4,5,11,6,20,0.3,0,5,0.0,2,2,1.0,1,5,6,3,2,2,2,4,-11
0020300653,2004-01-28,2003-04,regular_season,False,1610612743,DEN,Denver Nuggets,1610612741,CHI,Chicago Bulls,23,26,L,9,18,0.5,0,2,0.0,5,7,0.714,2,8,10,5,3,1,5,6,-3,10,20,0.5,1,1,1.0,5,9,0.556,1,7,8,8,3,0,3,4,3
0020300652,2004-01-28,2003-04,regular_season,False,1610612745,HOU,Houston Rockets,1610612758,SAC,Sacramento Kings,24,20,W,11,19,0.579,0,3,0.0,2,5,0.4,3,10,13,6,1,0,5,2,4,10,24,0.417,0,4,0.0,0,0,0.0,2,7,9,7,4,1,1,6,-4
0020300651,2004-01-28,2003-04,regular_season,False,1610612763,MEM,Memphis Grizzlies,1610612757,POR,Portland Trail Blazers,20,22,L,7,20,0.35,0,2,0.0,6,9,0.667,3,10,13,6,2,4,1,6,-2,6,23,0.261,2,4,0.5,8,8,1.0,6,11,17,4,0,1,2,7,2
0020300655,2004-01-28,2003-04,regular_season,False,1610612747,LAL,Los Angeles Lakers,1610612760,SEA,Seattle SuperSonics,30,20,W,12,23,0.522,2,6,0.333,4,5,0.8,3,6,9,7,2,1,1,6,10,7,15,0.467,1,4,0.25,5,6,0.833,0,6,6,5,1,1,5,4,-10
0020300649,2004-01-28,2003-04,regular_season,False,1610612761,TOR,Toronto Raptors,1610612755,PHI,Philadelphia 76ers,23,24,L,8,13,0.615,2,4,0.5,5,8,0.625,0,4,4,6,1,0,4,6,-1,10,19,0.526,1,2,0.5,3,4,0.75,3,6,9,7,2,0,5,4,1
0020300648,2004-01-28,2003-04,regular_season,False,1610612754,IND,Indiana Pacers,1610612756,PHX,Phoenix Suns,22,22,W,10,21,0.476,0,4,0.0,2,2,1.0,1,7,8,5,3,1,4,3,0,9,18,0.5,0,2,0.0,4,5,0.8,0,8,8,5,2,1,5,2,0
0020300647,2004-01-28,2003-04,regular_season,False,1610612739,CLE,Cleveland Cavaliers,1610612748,MIA,Miami Heat,15,28,L,6,19,0.316,0,4,0.0,3,4,0.75,2,3,5,3,2,2,3,10,-13,9,18,0.5,2,4,0.5,8,13,0.615,4,11,15,5,1,0,5,3,13
0020300646,2004-01-28,2003-04,regular_season,False,1610612764,WAS,Washington Wizards,1610612753,ORL,Orlando Magic,20,31,L,7,23,0.304,1,4,0.25,5,6,0.833,6,4,10,3,3,1,4,4,-11,14,20,0.7,0,2,0.0,3,3,1.0,2,9,11,7,2,4,5,6,11
0020300645,2004-01-28,2003-04,regular_season,False,1610612738,BOS,Boston Celtics,1610612765,DET,Detroit Pistons,19,27,L,7,14,0.5,1,3,0.333,4,6,0.667,1,6,7,5,0,0,7,7,-8,9,19,0.474,1,4,0.25,8,11,0.727,3,7,10,5,4,1,1,4,8
0020300650,2004-01-28,2003-04,regular_season,False,1610612740,NOH,New Orleans Hornets,1610612749,MIL,Milwaukee Bucks,32,34,L,9,18,0.5,5,10,0.5,9,11,0.818,4,7,11,5,2,2,6,5,-2,12,25,0.48,4,9,0.444,6,7,0.857,6,5,11,9,3,0,2,8,2
0020300657,2004-01-29,2003-04,regular_season,False,1610612753,ORL,Orlando Magic,1610612751,NJN,New Jersey Nets,17,24,L,7,13,0.538,1,1,1.0,2,6,0.333,1,8,9,4,2,1,7,4,-7,11,25,0.44,0,2,0.0,2,2,1.0,6,5,11,4,6,0,3,5,7
0020300658,2004-01-29,2003-04,regular_season,False,1610612737,ATL,Atlanta Hawks,1610612757,POR,Portland Trail Blazers,20,20,L,9,17,0.529,1,5,0.2,1,3,0.333,2,8,10,7,2,3,8,8,0,8,20,0.4,0,3,0.0,4,7,0.571,4,3,7,4,6,0,6,6,0
0020300659,2004-01-29,2003-04,regular_season,False,1610612759,SAS,San Antonio Spurs,1610612758,SAC,Sacramento Kings,20,25,L,8,20,0.4,3,3,1.0,1,2,0.5,4,6,10,4,1,0,6,5,-5,10,20,0.5,0,1,0.0,5,5,1.0,4,8,12,2,4,0,2,4,5
0020300668,2004-01-30,2003-04,regular_season,False,1610612744,GSW,Golden State Warriors,1610612741,CHI,Chicago Bulls,29,18,W,9,15,0.6,3,4,0.75,8,9,0.889,0,14,14,6,0,3,6,6,11,7,25,0.28,0,2,0.0,4,8,0.5,4,6,10,3,2,0,3,8,-11
0020300667,2004-01-30,2003-04,regular_season,False,1610612747,LAL,Los Angeles Lakers,1610612750,MIN,Minnesota Timberwolves,24,20,W,11,20,0.55,1,2,0.5,1,2,0.5,2,9,11,7,2,0,1,7,4,7,17,0.412,1,3,0.333,5,9,0.556,2,6,8,4,1,1,2,4,-4
0020300666,2004-01-30,2003-04,regular_season,False,1610612749,MIL,Milwaukee Bucks,1610612739,CLE,Cleveland Cavaliers,32,29,W,12,23,0.522,3,3,1.0,5,6,0.833,1,5,6,7,2,3,1,5,3,11,24,0.458,2,5,0.4,5,6,0.833,6,7,13,7,1,0,5,7,-3
0020300665,2004-01-30,2003-04,regular_season,False,1610612763,MEM,Memphis Grizzlies,1610612762,UTA,Utah Jazz,8,23,L,3,16,0.188,1,2,0.5,1,2,0.5,1,3,4,2,0,2,4,6,-15,9,21,0.429,3,4,0.75,2,2,1.0,6,10,16,5,0,4,4,5,15
0020300662,2004-01-30,2003-04,regular_season,False,1610612761,TOR,Toronto Raptors,1610612765,DET,Detroit Pistons,14,16,L,5,18,0.278,0,3,0.0,4,9,0.444,2,9,11,2,3,2,6,6,-2,5,18,0.278,0,1,0.0,6,7,0.857,2,11,13,2,4,1,8,7,2
0020300663,2004-01-30,2003-04,regular_season,False,1610612738,BOS,Boston Celtics,1610612752,NYK,New York Knicks,26,27,L,8,17,0.471,1,5,0.2,9,14,0.643,4,4,8,5,6,0,5,7,-1,9,16,0.562,1,1,1.0,8,9,0.889,3,5,8,4,1,2,9,9,1
0020300661,2004-01-30,2003-04,regular_season,False,1610612764,WAS,Washington Wizards,1610612756,PHX,Phoenix Suns,20,25,L,7,20,0.35,1,5,0.2,5,8,0.625,6,11,17,5,1,1,7,7,-5,9,25,0.36,1,6,0.167,6,10,0.6,5,7,12,6,6,0,1,5,5
0020300660,2004-01-30,2003-04,regular_season,False,1610612755,PHI,Philadelphia 76ers,1610612740,NOH,New Orleans Hornets,22,14,W,9,18,0.5,2,2,1.0,2,3,0.667,3,9,12,3,2,2,5,4,8,4,19,0.211,0,6,0.0,6,6,1.0,4,4,8,3,3,3,5,3,-8
0020300664,2004-01-30,2003-04,regular_season,False,1610612748,MIA,Miami Heat,1610612746,LAC,Los Angeles Clippers,21,28,L,9,20,0.45,0,3,0.0,3,3,1.0,6,6,12,2,1,1,5,6,-7,10,19,0.526,3,3,1.0,5,7,0.714,4,5,9,4,4,0,2,3,7
0020300675,2004-01-31,2003-04,regular_season,False,1610612740,NOH,New Orleans Hornets,1610612748,MIA,Miami Heat,18,17,W,7,20,0.35,2,5,0.4,2,2,1.0,4,10,14,3,0,5,2,4,1,7,21,0.333,1,4,0.25,2,2,1.0,2,7,9,7,0,1,0,1,-1
0020300679,2004-01-31,2003-04,regular_season,False,1610612760,SEA,Seattle SuperSonics,1610612758,SAC,Sacramento Kings,26,30,L,7,19,0.368,2,7,0.286,10,11,0.909,4,7,11,7,0,1,3,5,-4,13,24,0.542,2,4,0.5,2,3,0.667,2,8,10,8,0,0,2,8,4
0020300678,2004-01-31,2003-04,regular_season,False,1610612757,POR,Portland Trail Blazers,1610612741,CHI,Chicago Bulls,21,30,L,10,18,0.556,1,3,0.333,0,2,0.0,1,5,6,8,0,0,5,6,-9,11,18,0.611,1,3,0.333,7,10,0.7,2,8,10,10,2,1,2,2,9
0020300677,2004-01-31,2003-04,regular_season,False,1610612759,SAS,San Antonio Spurs,1610612762,UTA,Utah Jazz,21,21,W,6,16,0.375,1,5,0.2,8,10,0.8,3,8,11,3,2,0,4,5,0,8,18,0.444,1,4,0.25,4,6,0.667,2,5,7,7,3,1,3,9,0
0020300674,2004-01-31,2003-04,regular_season,False,1610612765,DET,Detroit Pistons,1610612763,MEM,Memphis Grizzlies,22,11,W,10,19,0.526,0,2,0.0,2,4,0.5,2,10,12,6,4,4,4,5,11,4,19,0.211,0,5,0.0,3,4,0.75,3,8,11,2,0,2,6,7,-11
0020300676,2004-01-31,2003-04,regular_season,False,1610612754,IND,Indiana Pacers,1610612738,BOS,Boston Celtics,16,21,L,5,21,0.238,0,6,0.0,6,7,0.857,4,10,14,3,2,1,3,4,-5,9,19,0.474,2,3,0.667,1,4,0.25,2,11,13,7,1,3,5,7,5
0020300672,2004-01-31,2003-04,regular_season,False,1610612737,ATL,Atlanta Hawks,1610612749,MIL,Milwaukee Bucks,27,21,W,9,19,0.474,0,1,0.0,9,13,0.692,2,9,11,4,2,0,3,9,6,3,15,0.2,1,3,0.333,14,14,1.0,2,7,9,2,0,2,6,7,-6
0020300669,2004-01-31,2003-04,regular_season,False,1610612742,DAL,Dallas Mavericks,1610612743,DEN,Denver Nuggets,31,16,W,12,20,0.6,3,6,0.5,4,5,0.8,2,12,14,8,3,4,4,7,15,5,21,0.238,1,2,0.5,5,6,0.833,2,6,8,4,2,0,4,3,-15
0020300670,2004-01-31,2003-04,regular_season,False,1610612745,HOU,Houston Rockets,1610612751,NJN,New Jersey Nets,21,20,W,5,14,0.357,2,3,0.667,9,10,0.9,2,7,9,3,1,0,4,4,1,8,19,0.421,2,5,0.4,2,2,1.0,2,5,7,5,1,0,2,7,-1
0020300673,2004-01-31,2003-04,regular_season,False,1610612752,NYK,New York Knicks,1610612756,PHX,Phoenix Suns,34,28,W,13,25,0.52,4,9,0.444,4,4,1.0,2,9,11,8,0,2,3,6,6,8,23,0.348,1,4,0.25,11,11,1.0,2,7,9,3,1,1,0,4,-6
0020300671,2004-01-31,2003-04,regular_season,False,1610612753,ORL,Orlando Magic,1610612746,LAC,Los Angeles Clippers,30,30,L,11,19,0.579,0,1,0.0,8,12,0.667,5,5,10,2,1,0,3,5,0,11,18,0.611,4,6,0.667,4,4,1.0,2,7,9,9,0,0,4,7,0
0020300680,2004-02-01,2003-04,regular_season,False,1610612764,WAS,Washington Wizards,1610612739,CLE,Cleveland Cavaliers,29,18,W,12,26,0.462,2,3,0.667,3,3,1.0,5,5,10,9,9,1,3,5,11,8,13,0.615,0,1,0.0,2,3,0.667,0,8,8,7,1,3,10,2,-11
0020300681,2004-02-01,2003-04,regular_season,False,1610612761,TOR,Toronto Raptors,1610612747,LAL,Los Angeles Lakers,15,31,L,7,21,0.333,0,3,0.0,1,2,0.5,7,3,10,4,1,0,6,4,-16,13,18,0.722,1,4,0.25,4,5,0.8,0,6,6,10,5,1,2,4,16
0020300682,2004-02-01,2003-04,regular_season,False,1610612750,MIN,Minnesota Timberwolves,1610612755,PHI,Philadelphia 76ers,29,27,W,10,19,0.526,2,6,0.333,7,7,1.0,2,5,7,5,1,0,2,5,2,9,16,0.562,2,6,0.333,7,8,0.875,2,7,9,5,2,1,4,7,-2
0020300683,2004-02-02,2003-04,regular_season,False,1610612754,IND,Indiana Pacers,1610612747,LAL,Los Angeles Lakers,21,16,W,9,20,0.45,3,5,0.6,0,2,0.0,4,12,16,6,2,1,6,9,5,3,17,0.176,0,3,0.0,10,13,0.769,2,8,10,2,4,6,3,4,-5
0020300685,2004-02-02,2003-04,regular_season,False,1610612737,ATL,Atlanta Hawks,1610612746,LAC,Los Angeles Clippers,26,22,W,9,21,0.429,0,0,0.0,8,10,0.8,3,11,14,3,1,2,4,6,4,8,26,0.308,0,2,0.0,6,8,0.75,7,10,17,3,4,2,3,6,-4
0020300686,2004-02-02,2003-04,regular_season,False,1610612740,NOH,New Orleans Hornets,1610612751,NJN,New Jersey Nets,13,12,W,4,14,0.286,0,1,0.0,5,6,0.833,2,10,12,4,2,0,6,3,1,6,22,0.273,0,2,0.0,0,0,0.0,4,9,13,5,2,0,3,4,-1
0020300687,2004-02-02,2003-04,regular_season,False,1610612763,MEM,Memphis Grizzlies,1610612744,GSW,Golden State Warriors,35,27,W,14,18,0.778,1,1,1.0,6,7,0.857,2,6,8,9,2,3,4,9,8,10,18,0.556,0,0,0.0,7,10,0.7,5,2,7,4,0,0,4,5,-8
0020300688,2004-02-02,2003-04,regular_season,False,1610612743,DEN,Denver Nuggets,1610612757,POR,Portland Trail Blazers,23,36,L,8,18,0.444,1,2,0.5,6,9,0.667,1,5,6,7,3,0,6,7,-13,14,23,0.609,1,3,0.333,7,9,0.778,3,9,12,8,1,0,4,6,13
0020300689,2004-02-02,2003-04,regular_season,False,1610612762,UTA,Utah Jazz,1610612759,SAS,San Antonio Spurs,19,20,L,8,18,0.444,1,2,0.5,2,3,0.667,3,8,11,4,0,2,5,6,-1,8,21,0.381,1,4,0.25,3,4,0.75,2,5,7,3,3,1,3,5,1
0020300690,2004-02-02,2003-04,regular_season,False,1610612756,PHX,Phoenix Suns,1610612745,HOU,Houston Rockets,13,25,L,6,17,0.353,0,7,0.0,1,2,0.5,3,9,12,2,1,0,7,9,-12,9,22,0.409,1,8,0.125,6,11,0.545,4,7,11,6,1,2,3,3,12
0020300691,2004-02-02,2003-04,regular_season,False,1610612760,SEA,Seattle SuperSonics,1610612741,CHI,Chicago Bulls,21,28,L,8,21,0.381,2,7,0.286,3,5,0.6,1,6,7,7,2,1,3,5,-7,10,17,0.588,2,3,0.667,6,8,0.75,2,10,12,4,2,1,4,5,7
0020300684,2004-02-02,2003-04,regular_season,False,1610612748,MIA,Miami Heat,1610612765,DET,Detroit Pistons,26,22,W,9,17,0.529,2,5,0.4,6,8,0.75,2,9,11,6,1,0,4,11,4,5,19,0.263,1,4,0.25,11,14,0.786,4,6,10,4,2,1,3,7,-4
0020300697,2004-02-03,2003-04,regular_season,False,1610612758,SAC,Sacramento Kings,1610612760,SEA,Seattle SuperSonics,30,27,W,10,22,0.455,3,7,0.429,7,11,0.636,4,7,11,9,3,1,2,4,3,10,20,0.5,5,10,0.5,2,3,0.667,1,7,8,5,1,2,4,7,-3
0020300696,2004-02-03,2003-04,regular_season,False,1610612742,DAL,Dallas Mavericks,1610612744,GSW,Golden State Warriors,32,22,W,14,24,0.583,2,6,0.333,2,4,0.5,5,7,12,9,3,2,2,3,10,10,20,0.5,0,2,0.0,2,3,0.667,0,3,3,3,1,0,3,3,-10
0020300695,2004-02-03,2003-04,regular_season,False,1610612750,MIN,Minnesota Timberwolves,1610612753,ORL,Orlando Magic,27,22,W,11,22,0.5,0,2,0.0,5,5,1.0,5,10,15,9,1,1,4,3,5,9,25,0.36,2,4,0.5,2,2,1.0,4,5,9,7,2,1,3,5,-5
0020300693,2004-02-03,2003-04,regular_season,False,1610612752,NYK,New York Knicks,1610612754,IND,Indiana Pacers,24,23,W,10,20,0.5,0,0,0.0,4,6,0.667,3,8,11,6,1,0,1,6,1,9,19,0.474,1,3,0.333,4,6,0.667,2,6,8,6,0,0,1,4,-1
0020300692,2004-02-03,2003-04,regular_season,False,1610612755,PHI,Philadelphia 76ers,1610612761,TOR,Toronto Raptors,13,23,L,6,22,0.273,0,4,0.0,1,1,1.0,4,5,9,1,3,0,4,6,-10,9,18,0.5,0,1,0.0,5,8,0.625,5,10,15,4,3,3,4,2,10
0020300694,2004-02-03,2003-04,regular_season,False,1610612765,DET,Detroit Pistons,1610612739,CLE,Cleveland Cavaliers,24,18,W,10,22,0.455,1,3,0.333,3,6,0.5,5,11,16,7,0,3,2,5,6,7,18,0.389,0,1,0.0,4,6,0.667,2,6,8,2,1,2,2,7,-6
0020300707,2004-02-04,2003-04,regular_season,False,1610612756,PHX,Phoenix Suns,1610612757,POR,Portland Trail Blazers,33,37,L,10,17,0.588,0,1,0.0,13,14,0.929,0,7,7,3,0,0,3,3,-4,16,24,0.667,3,6,0.5,2,3,0.667,1,8,9,10,1,1,1,7,4
0020300706,2004-02-04,2003-04,regular_season,False,1610612762,UTA,Utah Jazz,1610612741,CHI,Chicago Bulls,12,24,L,6,24,0.25,0,2,0.0,0,2,0.0,4,6,10,3,5,1,4,6,-12,9,15,0.6,2,4,0.5,4,6,0.667,1,14,15,5,3,2,9,8,12
0020300704,2004-02-04,2003-04,regular_season,False,1610612740,NOH,New Orleans Hornets,1610612742,DAL,Dallas Mavericks,25,27,L,11,22,0.5,2,8,0.25,1,1,1.0,2,5,7,7,2,0,3,4,-2,11,21,0.524,1,3,0.333,4,6,0.667,5,5,10,7,3,1,2,1,2
0020300703,2004-02-04,2003-04,regular_season,False,1610612739,CLE,Cleveland Cavaliers,1610612747,LAL,Los Angeles Lakers,19,22,L,7,24,0.292,0,0,0.0,5,5,1.0,5,6,11,4,2,1,2,3,-3,11,18,0.611,0,2,0.0,0,0,0.0,1,10,11,6,0,4,3,4,3
0020300705,2004-02-04,2003-04,regular_season,False,1610612745,HOU,Houston Rockets,1610612749,MIL,Milwaukee Bucks,28,22,W,10,19,0.526,3,6,0.5,5,6,0.833,3,6,9,4,3,1,4,6,6,6,19,0.316,2,5,0.4,8,10,0.8,5,7,12,4,2,1,4,5,-6
0020300701,2004-02-04,2003-04,regular_season,False,1610612751,NJN,New Jersey Nets,1610612748,MIA,Miami Heat,23,21,W,9,18,0.5,2,4,0.5,3,4,0.75,0,6,6,7,4,1,2,5,2,8,17,0.471,3,5,0.6,2,2,1.0,1,7,8,7,0,0,5,5,-2
0020300700,2004-02-04,2003-04,regular_season,False,1610612761,TOR,Toronto Raptors,1610612753,ORL,Orlando Magic,37,15,W,13,19,0.684,5,6,0.833,6,11,0.545,2,11,13,10,2,2,1,2,22,7,22,0.318,0,2,0.0,1,2,0.5,3,5,8,2,1,1,3,5,-22
0020300699,2004-02-04,2003-04,regular_season,False,1610612764,WAS,Washington Wizards,1610612763,MEM,Memphis Grizzlies,25,24,W,9,23,0.391,1,4,0.25,6,7,0.857,3,5,8,5,6,0,2,3,1,9,17,0.529,1,2,0.5,5,6,0.833,1,12,13,8,2,3,6,6,-1
0020300698,2004-02-04,2003-04,regular_season,False,1610612738,BOS,Boston Celtics,1610612746,LAC,Los Angeles Clippers,23,21,W,11,21,0.524,1,5,0.2,0,0,0.0,0,6,6,6,2,0,3,5,2,8,22,0.364,1,5,0.2,4,6,0.667,6,10,16,4,2,1,6,3,-2
0020300702,2004-02-04,2003-04,regular_season,False,1610612737,ATL,Atlanta Hawks,1610612750,MIN,Minnesota Timberwolves,23,24,L,9,20,0.45,2,6,0.333,3,4,0.75,4,6,10,7,2,2,3,6,-1,8,18,0.444,1,1,1.0,7,7,1.0,4,7,11,3,0,0,3,5,1
0020300708,2004-02-05,2003-04,regular_season,False,1610612755,PHI,Philadelphia 76ers,1610612747,LAL,Los Angeles Lakers,19,19,W,6,18,0.333,3,6,0.5,4,6,0.667,4,8,12,4,1,0,4,9,0,6,16,0.375,1,4,0.25,6,12,0.5,3,8,11,5,0,1,2,5,0
0020300709,2004-02-05,2003-04,regular_season,False,1610612760,SEA,Seattle SuperSonics,1610612759,SAS,San Antonio Spurs,20,26,L,7,21,0.333,0,1,0.0,6,7,0.857,5,8,13,1,1,1,5,5,-6,11,22,0.5,2,3,0.667,2,3,0.667,2,9,11,6,3,2,3,6,6
0020300717,2004-02-06,2003-04,regular_season,False,1610612745,HOU,Houston Rockets,1610612741,CHI,Chicago Bulls,15,14,W,6,17,0.353,0,5,0.0,3,3,1.0,1,10,11,5,2,3,4,1,1,6,22,0.273,1,3,0.333,1,2,0.5,5,10,15,5,1,0,4,4,-1
0020300721,2004-02-06,2003-04,regular_season,False,1610612758,SAC,Sacramento Kings,1610612759,SAS,San Antonio Spurs,22,13,W,9,23,0.391,2,3,0.667,2,3,0.667,3,10,13,6,2,1,1,7,9,3,17,0.176,1,7,0.143,6,9,0.667,3,9,12,3,1,2,2,3,-9
0020300720,2004-02-06,2003-04,regular_season,False,1610612744,GSW,Golden State Warriors,1610612743,DEN,Denver Nuggets,16,22,L,8,20,0.4,0,0,0.0,0,0,0.0,2,2,4,4,5,3,5,7,-6,6,16,0.375,1,1,1.0,9,11,0.818,5,10,15,3,2,1,9,4,6
0020300719,2004-02-06,2003-04,regular_season,False,1610612756,PHX,Phoenix Suns,1610612760,SEA,Seattle SuperSonics,29,33,L,12,26,0.462,4,6,0.667,1,1,1.0,5,7,12,6,1,0,3,8,-4,10,19,0.526,2,4,0.5,11,12,0.917,3,8,11,7,2,0,1,4,4
0020300718,2004-02-06,2003-04,regular_season,False,1610612762,UTA,Utah Jazz,1610612757,POR,Portland Trail Blazers,19,25,L,7,20,0.35,0,3,0.0,5,5,1.0,4,7,11,3,3,3,7,5,-6,9,19,0.474,1,4,0.25,6,7,0.857,3,6,9,4,4,3,6,5,6
0020300716,2004-02-06,2003-04,regular_season,False,1610612763,MEM,Memphis Grizzlies,1610612749,MIL,Milwaukee Bucks,26,24,W,9,20,0.45,1,5,0.2,7,11,0.636,3,11,14,6,2,0,5,8,2,9,25,0.36,0,3,0.0,6,8,0.75,5,7,12,3,3,1,3,8,-2
0020300712,2004-02-06,2003-04,regular_season,False,1610612761,TOR,Toronto Raptors,1610612754,IND,Indiana Pacers,19,19,L,6,19,0.316,0,1,0.0,7,8,0.875,1,7,8,3,4,0,1,4,0,8,18,0.444,0,1,0.0,3,3,1.0,3,11,14,3,1,2,5,6,0
0020300714,2004-02-06,2003-04,regular_season,False,1610612740,NOH,New Orleans Hornets,1610612765,DET,Detroit Pistons,24,26,L,10,19,0.526,0,2,0.0,4,4,1.0,4,8,12,3,1,1,4,7,-2,10,19,0.526,0,1,0.0,6,8,0.75,2,5,7,4,1,0,1,2,2
0020300713,2004-02-06,2003-04,regular_season,False,1610612751,NJN,New Jersey Nets,1610612753,ORL,Orlando Magic,33,22,W,16,26,0.615,1,2,0.5,0,0,0.0,3,6,9,12,5,0,1,8,11,7,15,0.467,0,1,0.0,8,13,0.615,3,7,10,4,1,1,8,5,-11
0020300711,2004-02-06,2003-04,regular_season,False,1610612738,BOS,Boston Celtics,1610612737,ATL,Atlanta Hawks,15,30,L,5,20,0.25,0,3,0.0,5,6,0.833,4,6,10,2,4,0,7,4,-15,13,21,0.619,3,9,0.333,1,3,0.333,2,10,12,7,3,5,6,4,15
0020300710,2004-02-06,2003-04,regular_season,False,1610612764,WAS,Washington Wizards,1610612746,LAC,Los Angeles Clippers,29,27,W,11,23,0.478,2,5,0.4,5,6,0.833,4,5,9,5,2,1,0,6,2,10,24,0.417,1,4,0.25,6,7,0.857,9,8,17,3,0,1,5,5,-2
0020300715,2004-02-06,2003-04,regular_season,False,1610612750,MIN,Minnesota Timberwolves,1610612739,CLE,Cleveland Cavaliers,25,34,L,9,21,0.429,0,0,0.0,7,8,0.875,3,2,5,7,0,0,1,5,-9,14,20,0.7,0,0,0.0,6,8,0.75,1,9,10,8,1,2,0,7,9
0020300722,2004-02-07,2003-04,regular_season,False,1610612748,MIA,Miami Heat,1610612752,NYK,New York Knicks,19,24,L,7,19,0.368,0,2,0.0,5,6,0.833,2,5,7,5,0,0,2,3,-5,10,19,0.526,1,2,0.5,3,3,1.0,2,9,11,4,2,1,4,6,5
0020300723,2004-02-07,2003-04,regular_season,False,1610612755,PHI,Philadelphia 76ers,1610612738,BOS,Boston Celtics,16,28,L,7,19,0.368,0,1,0.0,2,5,0.4,3,6,9,6,4,0,7,2,-12,11,22,0.5,2,4,0.5,4,5,0.8,3,7,10,4,5,0,5,6,12
0020300724,2004-02-07,2003-04,regular_season,False,1610612737,ATL,Atlanta Hawks,1610612745,HOU,Houston Rockets,21,12,W,6,18,0.333,0,2,0.0,9,10,0.9,4,10,14,1,3,0,2,6,9,5,16,0.312,0,2,0.0,2,2,1.0,0,7,7,3,1,1,5,7,-9
0020300725,2004-02-07,2003-04,regular_season,False,1610612739,CLE,Cleveland Cavaliers,1610612764,WAS,Washington Wizards,17,18,L,7,20,0.35,0,1,0.0,3,9,0.333,5,6,11,4,3,3,2,5,-1,7,16,0.438,1,2,0.5,3,4,0.75,1,12,13,4,2,1,7,4,1
0020300726,2004-02-07,2003-04,regular_season,False,1610612749,MIL,Milwaukee Bucks,1610612740,NOH,New Orleans Hornets,22,26,L,10,24,0.417,1,3,0.333,1,2,0.5,5,6,11,6,0,0,1,3,-4,12,22,0.545,0,2,0.0,2,4,0.5,3,9,12,6,0,2,2,2,4
0020300727,2004-02-07,2003-04,regular_season,False,1610612742,DAL,Dallas Mavericks,1610612765,DET,Detroit Pistons,29,26,W,10,19,0.526,1,3,0.333,8,8,1.0,1,4,5,6,3,2,4,7,3,9,17,0.529,1,1,1.0,7,9,0.778,3,8,11,7,2,1,6,8,-3
0020300728,2004-02-07,2003-04,regular_season,False,1610612756,PHX,Phoenix Suns,1610612762,UTA,Utah Jazz,19,20,L,7,16,0.438,1,4,0.25,4,4,1.0,0,5,5,3,2,3,5,7,-1,7,16,0.438,0,4,0.0,6,6,1.0,2,6,8,3,1,0,7,7,1
0020300736,2004-02-08,2003-04,regular_season,False,1610612758,SAC,Sacramento Kings,1610612743,DEN,Denver Nuggets,27,25,W,9,22,0.409,2,5,0.4,7,8,0.875,5,7,12,4,1,2,2,3,2,10,25,0.4,1,2,0.5,4,4,1.0,5,9,14,5,1,2,3,4,-2
0020300734,2004-02-08,2003-04,regular_season,False,1610612757,POR,Portland Trail Blazers,1610612760,SEA,Seattle SuperSonics,21,19,W,8,19,0.421,3,6,0.5,2,2,1.0,2,8,10,7,3,1,5,3,2,8,21,0.381,3,10,0.3,0,0,0.0,3,8,11,4,3,1,4,4,-2
0020300733,2004-02-08,2003-04,regular_season,False,1610612751,NJN,New Jersey Nets,1610612755,PHI,Philadelphia 76ers,20,24,L,5,18,0.278,0,3,0.0,10,12,0.833,7,6,13,2,0,1,4,7,-4,10,20,0.5,1,4,0.25,3,5,0.6,1,7,8,7,1,2,2,8,4
0020300735,2004-02-08,2003-04,regular_season,False,1610612744,GSW,Golden State Warriors,1610612761,TOR,Toronto Raptors,29,16,W,10,19,0.526,0,2,0.0,9,10,0.9,2,10,12,5,1,2,2,6,13,4,16,0.25,0,1,0.0,8,9,0.889,2,7,9,0,1,1,5,7,-13
0020300731,2004-02-08,2003-04,regular_season,False,1610612750,MIN,Minnesota Timberwolves,1610612763,MEM,Memphis Grizzlies,33,21,W,12,18,0.667,0,0,0.0,9,9,1.0,2,5,7,8,4,2,3,4,12,10,18,0.556,0,1,0.0,1,4,0.25,2,3,5,6,3,2,5,7,-12
0020300730,2004-02-08,2003-04,regular_season,False,1610612754,IND,Indiana Pacers,1610612748,MIA,Miami Heat,23,23,W,9,22,0.409,2,3,0.667,3,5,0.6,4,6,10,5,1,1,2,3,0,9,16,0.562,2,3,0.667,3,4,0.75,1,6,7,6,0,2,2,2,0
0020300729,2004-02-08,2003-04,regular_season,False,1610612753,ORL,Orlando Magic,1610612747,LAL,Los Angeles Lakers,32,19,W,13,16,0.812,1,2,0.5,5,8,0.625,0,7,7,8,3,1,2,5,13,8,17,0.471,0,1,0.0,3,5,0.6,2,4,6,4,1,0,5,6,-13
0020300732,2004-02-08,2003-04,regular_season,False,1610612752,NYK,New York Knicks,1610612746,LAC,Los Angeles Clippers,27,26,W,11,19,0.579,2,3,0.667,3,3,1.0,3,6,9,5,0,2,2,7,1,8,16,0.5,0,0,0.0,10,12,0.833,3,4,7,3,1,1,1,2,-1
0020300737,2004-02-09,2003-04,regular_season,False,1610612739,CLE,Cleveland Cavaliers,1610612738,BOS,Boston Celtics,29,34,L,11,22,0.5,2,4,0.5,5,7,0.714,3,9,12,9,1,2,4,7,-5,11,23,0.478,2,3,0.667,10,10,1.0,3,7,10,5,2,1,2,4,5
0020300738,2004-02-09,2003-04,regular_season,False,1610612737,ATL,Atlanta Hawks,1610612742,DAL,Dallas Mavericks,18,21,L,9,26,0.346,0,6,0.0,0,4,0.0,6,9,15,3,3,2,4,5,-3,9,22,0.409,0,5,0.0,3,7,0.429,6,11,17,4,2,3,5,5,3
0020300739,2004-02-09,2003-04,regular_season,False,1610612743,DEN,Denver Nuggets,1610612763,MEM,Memphis Grizzlies,24,26,L,8,24,0.333,1,5,0.2,7,11,0.636,9,6,15,5,0,0,2,4,-2,12,22,0.545,1,2,0.5,1,2,0.5,4,8,12,8,0,3,1,9,2
0020300740,2004-02-09,2003-04,regular_season,False,1610612745,HOU,Houston Rockets,1610612759,SAS,San Antonio Spurs,19,16,W,8,18,0.444,2,6,0.333,1,2,0.5,0,11,11,6,2,0,5,2,3,7,18,0.389,2,3,0.667,0,0,0.0,0,8,8,4,3,1,3,3,-3
0020300749,2004-02-10,2003-04,regular_season,False,1610612760,SEA,Seattle SuperSonics,1610612744,GSW,Golden State Warriors,22,16,W,10,24,0.417,0,4,0.0,2,4,0.5,4,10,14,4,2,2,4,3,6,7,21,0.333,0,2,0.0,2,2,1.0,3,7,10,3,2,3,3,4,-6
0020300748,2004-02-10,2003-04,regular_season,False,1610612757,POR,Portland Trail Blazers,1610612762,UTA,Utah Jazz,17,19,L,6,17,0.353,0,4,0.0,5,6,0.833,2,9,11,4,1,1,5,7,-2,8,18,0.444,0,1,0.0,3,6,0.5,3,8,11,5,1,0,3,5,2
0020300747,2004-02-10,2003-04,regular_season,False,1610612756,PHX,Phoenix Suns,1610612761,TOR,Toronto Raptors,23,18,W,9,22,0.409,3,5,0.6,2,3,0.667,5,7,12,5,2,0,4,4,5,6,18,0.333,2,4,0.5,4,5,0.8,3,8,11,4,1,0,5,5,-5
0020300746,2004-02-10,2003-04,regular_season,False,1610612742,DAL,Dallas Mavericks,1610612752,NYK,New York Knicks,28,17,W,10,20,0.5,2,6,0.333,6,8,0.75,4,9,13,8,2,3,2,6,11,7,20,0.35,0,1,0.0,3,5,0.6,4,8,12,4,1,0,4,5,-11
0020300743,2004-02-10,2003-04,regular_season,False,1610612749,MIL,Milwaukee Bucks,1610612758,SAC,Sacramento Kings,38,28,W,15,20,0.75,4,8,0.5,4,5,0.8,1,4,5,12,2,0,2,2,10,12,17,0.706,2,6,0.333,2,2,1.0,1,2,3,10,1,0,4,4,-10
0020300744,2004-02-10,2003-04,regular_season,False,1610612750,MIN,Minnesota Timberwolves,1610612746,LAC,Los Angeles Clippers,22,25,L,9,22,0.409,1,2,0.5,3,6,0.5,3,6,9,8,2,1,1,4,-3,10,18,0.556,2,5,0.4,3,4,0.75,2,11,13,8,0,1,3,4,3
0020300742,2004-02-10,2003-04,regular_season,False,1610612748,MIA,Miami Heat,1610612747,LAL,Los Angeles Lakers,19,29,L,8,19,0.421,1,3,0.333,2,4,0.5,2,5,7,3,1,1,2,5,-10,10,20,0.5,3,4,0.75,6,8,0.75,3,9,12,6,2,1,2,6,10
0020300741,2004-02-10,2003-04,regular_season,False,1610612751,NJN,New Jersey Nets,1610612765,DET,Detroit Pistons,30,13,W,12,15,0.8,0,0,0.0,6,12,0.5,1,11,12,10,5,1,6,4,17,5,19,0.263,0,1,0.0,3,5,0.6,3,6,9,3,3,0,7,10,-17
0020300745,2004-02-10,2003-04,regular_season,False,1610612741,CHI,Chicago Bulls,1610612754,IND,Indiana Pacers,17,29,L,7,18,0.389,1,4,0.25,2,3,0.667,3,6,9,6,2,2,6,6,-12,11,23,0.478,4,8,0.5,3,3,1.0,3,8,11,8,5,1,2,2,12
0020300758,2004-02-11,2003-04,regular_season,False,1610612744,GSW,Golden State Warriors,1610612756,PHX,Phoenix Suns,26,25,W,9,18,0.5,0,2,0.0,8,10,0.8,1,7,8,6,5,3,2,4,1,11,21,0.524,1,3,0.333,2,4,0.5,3,9,12,7,1,2,7,7,-1
0020300757,2004-02-11,2003-04,regular_season,False,1610612762,UTA,Utah Jazz,1610612750,MIN,Minnesota Timberwolves,17,17,L,7,16,0.438,1,2,0.5,2,4,0.5,1,6,7,6,3,0,4,6,0,6,13,0.462,0,0,0.0,5,5,1.0,0,5,5,2,2,2,6,3,0
0020300756,2004-02-11,2003-04,regular_season,False,1610612745,HOU,Houston Rockets,1610612747,LAL,Los Angeles Lakers,20,22,L,9,19,0.474,0,2,0.0,2,2,1.0,3,6,9,3,2,1,2,7,-2,8,19,0.421,2,5,0.4,4,7,0.571,3,5,8,5,0,1,2,2,2
0020300755,2004-02-11,2003-04,regular_season,False,1610612763,MEM,Memphis Grizzlies,1610612746,LAC,Los Angeles Clippers,34,28,W,11,20,0.55,4,5,0.8,8,9,0.889,3,4,7,9,5,0,2,7,6,11,23,0.478,0,2,0.0,6,6,1.0,6,7,13,5,1,0,6,5,-6
0020300752,2004-02-11,2003-04,regular_season,False,1610612739,CLE,Cleveland Cavaliers,1610612751,NJN,New Jersey Nets,18,24,L,6,26,0.231,1,2,0.5,5,6,0.833,6,8,14,5,2,2,3,6,-6,9,21,0.429,1,5,0.2,5,5,1.0,2,13,15,5,2,2,4,7,6
0020300753,2004-02-11,2003-04,regular_season,False,1610612765,DET,Detroit Pistons,1610612758,SAC,Sacramento Kings,30,17,W,14,20,0.7,1,2,0.5,1,2,0.5,3,10,13,7,3,0,5,4,13,6,19,0.316,0,3,0.0,5,6,0.833,2,2,4,6,3,0,4,3,-13
0020300751,2004-02-11,2003-04,regular_season,False,1610612753,ORL,Orlando Magic,1610612748,MIA,Miami Heat,27,37,L,8,20,0.4,1,3,0.333,10,11,0.909,4,2,6,5,1,1,1,3,-10,16,22,0.727,4,5,0.8,1,2,0.5,3,8,11,8,0,1,1,7,10
0020300750,2004-02-11,2003-04,regular_season,False,1610612755,PHI,Philadelphia 76ers,1610612764,WAS,Washington Wizards,29,22,W,11,19,0.579,1,4,0.25,6,8,0.75,4,6,10,7,3,2,2,2,7,11,20,0.55,0,4,0.0,0,0,0.0,3,6,9,6,1,1,4,6,-7
0020300754,2004-02-11,2003-04,regular_season,False,1610612740,NOH,New Orleans Hornets,1610612752,NYK,New York Knicks,24,27,L,9,20,0.45,2,4,0.5,4,4,1.0,3,6,9,6,1,0,4,5,-3,8,16,0.5,3,4,0.75,8,9,0.889,3,8,11,6,3,1,5,5,3
0020300759,2004-02-12,2003-04,regular_season,False,1610612741,CHI,Chicago Bulls,1610612738,BOS,Boston Celtics,32,21,W,12,19,0.632,4,6,0.667,4,5,0.8,3,5,8,11,3,2,4,7,11,8,22,0.364,1,2,0.5,4,8,0.5,10,3,13,4,3,0,6,3,-11
0020300760,2004-02-12,2003-04,regular_season,False,1610612757,POR,Portland Trail Blazers,1610612743,DEN,Denver Nuggets,27,27,L,10,18,0.556,1,2,0.5,6,10,0.6,3,10,13,8,2,3,8,8,0,10,21,0.476,1,3,0.333,6,8,0.75,2,5,7,6,6,1,3,7,0
0020300761,2004-02-12,2003-04,regular_season,False,1610612760,SEA,Seattle SuperSonics,1610612761,TOR,Toronto Raptors,26,15,W,11,24,0.458,1,2,0.5,3,6,0.5,8,6,14,9,6,1,3,6,11,6,15,0.4,0,2,0.0,3,6,0.5,3,5,8,4,2,3,7,4,-11
0020300772,2004-02-17,2003-04,regular_season,False,1610612747,LAL,Los Angeles Lakers,1610612757,POR,Portland Trail Blazers,18,16,W,9,20,0.45,0,1,0.0,0,1,0.0,4,8,12,5,3,0,6,4,2,6,15,0.4,1,2,0.5,3,4,0.75,1,5,6,5,2,1,5,4,-2
0020300770,2004-02-17,2003-04,regular_season,False,1610612743,DEN,Denver Nuggets,1610612755,PHI,Philadelphia 76ers,25,35,L,11,25,0.44,1,5,0.2,2,3,0.667,4,4,8,9,4,3,3,7,-10,15,21,0.714,0,0,0.0,5,7,0.714,2,10,12,12,1,3,4,4,10
0020300769,2004-02-17,2003-04,regular_season,False,1610612745,HOU,Houston Rockets,1610612764,WAS,Washington Wizards,27,19,W,10,19,0.526,2,4,0.5,5,6,0.833,2,8,10,9,0,3,3,3,8,8,18,0.444,2,4,0.5,1,2,0.5,2,7,9,4,0,1,6,4,-8
0020300768,2004-02-17,2003-04,regular_season,False,1610612741,CHI,Chicago Bulls,1610612761,TOR,Toronto Raptors,22,16,W,7,17,0.412,0,0,0.0,8,9,0.889,3,9,12,5,3,1,5,8,6,4,19,0.211,0,0,0.0,8,8,1.0,5,7,12,2,2,2,5,6,-6
0020300767,2004-02-17,2003-04,regular_season,False,1610612763,MEM,Memphis Grizzlies,1610612742,DAL,Dallas Mavericks,33,27,W,10,21,0.476,3,6,0.5,10,12,0.833,4,7,11,7,2,2,2,8,6,10,23,0.435,0,4,0.0,7,9,0.778,5,8,13,5,1,2,4,8,-6
0020300771,2004-02-17,2003-04,regular_season,False,1610612758,SAC,Sacramento Kings,1610612738,BOS,Boston Celtics,29,27,W,11,19,0.579,4,5,0.8,3,7,0.429,1,8,9,10,1,1,6,5,2,10,23,0.435,1,2,0.5,6,8,0.75,3,10,13,3,6,1,2,5,-2
0020300765,2004-02-17,2003-04,regular_season,False,1610612749,MIL,Milwaukee Bucks,1610612753,ORL,Orlando Magic,34,26,W,13,24,0.542,2,4,0.5,6,8,0.75,3,11,14,7,4,3,3,4,8,10,26,0.385,3,9,0.333,3,3,1.0,3,7,10,7,1,0,5,6,-8
0020300764,2004-02-17,2003-04,regular_season,False,1610612748,MIA,Miami Heat,1610612762,UTA,Utah Jazz,27,21,W,8,17,0.471,5,11,0.455,6,9,0.667,1,8,9,6,3,1,2,4,6,9,23,0.391,1,3,0.333,2,3,0.667,5,4,9,8,0,0,3,7,-6
0020300763,2004-02-17,2003-04,regular_season,False,1610612752,NYK,New York Knicks,1610612765,DET,Detroit Pistons,20,19,W,9,24,0.375,1,6,0.167,1,1,1.0,8,11,19,7,1,3,8,5,1,7,28,0.25,2,5,0.4,3,4,0.75,7,6,13,4,3,1,2,5,-1
0020300762,2004-02-17,2003-04,regular_season,False,1610612754,IND,Indiana Pacers,1610612740,NOH,New Orleans Hornets,23,26,L,8,20,0.4,2,7,0.286,5,6,0.833,2,6,8,5,2,2,4,7,-3,11,21,0.524,0,2,0.0,4,6,0.667,4,8,12,6,1,1,3,5,3
0020300766,2004-02-17,2003-04,regular_season,False,1610612750,MIN,Minnesota Timberwolves,1610612756,PHX,Phoenix Suns,28,27,W,11,18,0.611,0,0,0.0,6,8,0.75,0,9,9,8,3,1,4,8,1,9,22,0.409,1,3,0.333,8,8,1.0,1,6,7,7,4,0,3,5,-1
0020300780,2004-02-18,2003-04,regular_season,False,1610612744,GSW,Golden State Warriors,1610612747,LAL,Los Angeles Lakers,26,28,L,10,19,0.526,2,5,0.4,4,9,0.444,3,7,10,4,0,1,0,8,-2,9,15,0.6,2,4,0.5,8,12,0.667,3,7,10,6,0,0,1,8,2
0020300779,2004-02-18,2003-04,regular_season,False,1610612757,POR,Portland Trail Blazers,1610612746,LAC,Los Angeles Clippers,34,17,W,12,22,0.545,3,4,0.75,7,7,1.0,6,7,13,8,3,2,5,4,17,6,15,0.4,1,2,0.5,4,4,1.0,1,3,4,4,1,1,6,5,-17
0020300777,2004-02-18,2003-04,regular_season,False,1610612765,DET,Detroit Pistons,1610612749,MIL,Milwaukee Bucks,30,14,W,12,24,0.5,2,5,0.4,4,9,0.444,5,8,13,6,3,1,1,8,16,5,14,0.357,0,3,0.0,4,6,0.667,2,7,9,3,0,0,9,10,-16
0020300778,2004-02-18,2003-04,regular_season,False,1610612740,NOH,New Orleans Hornets,1610612764,WAS,Washington Wizards,28,22,W,11,19,0.579,3,5,0.6,3,5,0.6,3,8,11,6,0,3,5,3,6,9,23,0.391,2,5,0.4,2,2,1.0,3,5,8,5,2,1,1,5,-6
0020300775,2004-02-18,2003-04,regular_season,False,1610612739,CLE,Cleveland Cavaliers,1610612742,DAL,Dallas Mavericks,24,36,L,8,19,0.421,0,1,0.0,8,9,0.889,2,4,6,6,2,1,4,8,-12,13,22,0.591,0,1,0.0,10,12,0.833,5,8,13,6,3,2,3,6,12
0020300774,2004-02-18,2003-04,regular_season,False,1610612761,TOR,Toronto Raptors,1610612759,SAS,San Antonio Spurs,15,19,L,6,22,0.273,2,5,0.4,1,2,0.5,2,8,10,3,4,1,3,4,-4,9,20,0.45,0,1,0.0,1,2,0.5,3,13,16,1,1,4,7,2,4
0020300773,2004-02-18,2003-04,regular_season,False,1610612753,ORL,Orlando Magic,1610612762,UTA,Utah Jazz,12,12,W,3,14,0.214,0,4,0.0,6,8,0.75,1,9,10,1,2,1,6,4,0,6,22,0.273,0,4,0.0,0,0,0.0,4,9,13,3,6,0,6,8,0
0020300776,2004-02-18,2003-04,regular_season,False,1610612751,NJN,New Jersey Nets,1610612737,ATL,Atlanta Hawks,23,19,W,9,21,0.429,1,3,0.333,4,4,1.0,3,10,13,6,3,2,4,5,4,8,26,0.308,2,7,0.286,1,1,1.0,7,7,14,5,3,1,4,5,-4
0020300781,2004-02-19,2003-04,regular_season,False,1610612750,MIN,Minnesota Timberwolves,1610612758,SAC,Sacramento Kings,20,18,W,6,15,0.4,0,1,0.0,8,10,0.8,2,11,13,5,0,1,5,5,2,9,28,0.321,0,4,0.0,0,2,0.0,6,5,11,6,3,1,1,7,-2
0020300782,2004-02-19,2003-04,regular_season,False,1610612760,SEA,Seattle SuperSonics,1610612755,PHI,Philadelphia 76ers,24,27,L,10,20,0.5,3,6,0.5,1,3,0.333,2,9,11,6,1,1,4,8,-3,9,24,0.375,2,6,0.333,7,9,0.778,5,7,12,5,0,2,1,4,3
0020300783,2004-02-19,2003-04,regular_season,False,1610612746,LAC,Los Angeles Clippers,1610612738,BOS,Boston Celtics,28,22,W,11,21,0.524,0,4,0.0,6,8,0.75,4,5,9,7,3,1,3,4,6,7,17,0.412,1,3,0.333,7,9,0.778,4,4,8,3,1,1,6,7,-6
0020300790,2004-02-20,2003-04,regular_season,False,1610612765,DET,Detroit Pistons,1610612750,MIN,Minnesota Timberwolves,21,22,L,8,20,0.4,2,3,0.667,3,4,0.75,4,9,13,4,2,2,4,6,-1,8,21,0.381,1,3,0.333,5,7,0.714,3,7,10,4,4,0,3,4,1
0020300793,2004-02-20,2003-04,regular_season,False,1610612747,LAL,Los Angeles Lakers,1610612755,PHI,Philadelphia 76ers,32,30,W,13,28,0.464,0,3,0.0,6,12,0.5,8,5,13,7,2,1,3,11,2,9,14,0.643,1,2,0.5,11,17,0.647,1,7,8,4,3,2,2,9,-2
0020300792,2004-02-20,2003-04,regular_season,False,1610612741,CHI,Chicago Bulls,1610612758,SAC,Sacramento Kings,19,25,L,6,19,0.316,2,5,0.4,5,8,0.625,4,7,11,3,3,0,4,3,-6,10,22,0.455,3,8,0.375,2,2,1.0,3,9,12,7,3,0,4,6,6
0020300791,2004-02-20,2003-04,regular_season,False,1610612763,MEM,Memphis Grizzlies,1610612756,PHX,Phoenix Suns,20,25,L,8,24,0.333,0,3,0.0,4,4,1.0,5,5,10,5,3,3,3,4,-5,12,23,0.522,0,2,0.0,1,3,0.333,6,9,15,4,2,0,5,5,5
0020300789,2004-02-20,2003-04,regular_season,False,1610612739,CLE,Cleveland Cavaliers,1610612759,SAS,San Antonio Spurs,25,22,W,10,22,0.455,0,3,0.0,5,6,0.833,5,8,13,3,3,3,4,8,3,8,26,0.308,0,4,0.0,6,7,0.857,5,8,13,4,2,1,3,5,-3
0020300794,2004-02-20,2003-04,regular_season,False,1610612744,GSW,Golden State Warriors,1610612757,POR,Portland Trail Blazers,24,25,L,8,23,0.348,3,7,0.429,5,6,0.833,6,8,14,5,1,1,1,3,-1,10,24,0.417,1,3,0.333,4,4,1.0,5,9,14,5,1,1,3,6,1
0020300787,2004-02-20,2003-04,regular_season,False,1610612748,MIA,Miami Heat,1610612737,ATL,Atlanta Hawks,37,22,W,14,20,0.7,6,7,0.857,3,3,1.0,2,6,8,9,1,5,3,2,15,9,23,0.391,2,5,0.4,2,2,1.0,4,4,8,4,1,0,5,3,-15
0020300784,2004-02-20,2003-04,regular_season,False,1610612764,WAS,Washington Wizards,1610612754,IND,Indiana Pacers,21,24,L,8,19,0.421,1,2,0.5,4,5,0.8,1,2,3,5,3,0,3,6,-3,9,12,0.75,1,2,0.5,5,6,0.833,2,7,9,6,2,1,8,7,3
0020300788,2004-02-20,2003-04,regular_season,False,1610612761,TOR,Toronto Raptors,1610612751,NJN,New Jersey Nets,22,25,L,8,18,0.444,2,3,0.667,4,5,0.8,0,6,6,3,3,0,4,4,-3,10,19,0.526,1,1,1.0,4,5,0.8,2,9,11,8,4,0,6,5,3
0020300786,2004-02-20,2003-04,regular_season,False,1610612752,NYK,New York Knicks,1610612762,UTA,Utah Jazz,17,26,L,5,17,0.294,0,3,0.0,7,10,0.7,3,6,9,3,3,4,6,4,-9,11,22,0.5,2,5,0.4,2,4,0.5,2,6,8,9,3,1,5,6,9
0020300785,2004-02-20,2003-04,regular_season,False,1610612753,ORL,Orlando Magic,1610612743,DEN,Denver Nuggets,33,26,W,14,22,0.636,2,4,0.5,3,3,1.0,2,7,9,6,3,1,4,7,7,10,19,0.526,1,3,0.333,5,7,0.714,3,4,7,7,1,2,4,2,-7
0020300795,2004-02-21,2003-04,regular_season,False,1610612751,NJN,New Jersey Nets,1610612740,NOH,New Orleans Hornets,26,20,W,10,18,0.556,1,3,0.333,5,6,0.833,1,9,10,8,4,4,4,9,6,6,18,0.333,1,2,0.5,7,14,0.5,3,7,10,2,3,2,5,5,-6
0020300796,2004-02-21,2003-04,regular_season,False,1610612748,MIA,Miami Heat,1610612743,DEN,Denver Nuggets,23,21,W,9,18,0.5,3,5,0.6,2,5,0.4,2,10,12,2,1,2,6,5,2,8,23,0.348,1,4,0.25,4,5,0.8,4,6,10,1,3,2,3,4,-2
0020300797,2004-02-21,2003-04,regular_season,False,1610612741,CHI,Chicago Bulls,1610612763,MEM,Memphis Grizzlies,24,29,L,10,24,0.417,0,3,0.0,4,7,0.571,3,6,9,5,2,0,1,8,-5,9,15,0.6,0,2,0.0,11,14,0.786,0,12,12,8,0,2,3,9,5
0020300798,2004-02-21,2003-04,regular_season,False,1610612749,MIL,Milwaukee Bucks,1610612746,LAC,Los Angeles Clippers,21,18,W,8,18,0.444,2,8,0.25,3,4,0.75,2,13,15,7,1,1,3,5,3,8,26,0.308,1,4,0.25,1,2,0.5,6,6,12,4,1,0,1,4,-3
0020300799,2004-02-21,2003-04,regular_season,False,1610612742,DAL,Dallas Mavericks,1610612745,HOU,Houston Rockets,31,21,W,12,21,0.571,3,6,0.5,4,5,0.8,1,9,10,9,2,1,3,3,10,8,19,0.421,5,11,0.455,0,0,0.0,1,7,8,6,2,2,6,6,-10
0020300800,2004-02-21,2003-04,regular_season,False,1610612757,POR,Portland Trail Blazers,1610612738,BOS,Boston Celtics,22,20,W,9,19,0.474,2,6,0.333,2,2,1.0,3,7,10,7,3,2,7,7,2,8,19,0.421,0,6,0.0,4,5,0.8,2,6,8,5,1,2,6,6,-2
0020300801,2004-02-21,2003-04,regular_season,False,1610612744,GSW,Golden State Warriors,1610612760,SEA,Seattle SuperSonics,22,23,L,10,21,0.476,0,4,0.0,2,2,1.0,4,6,10,6,1,0,3,5,-1,9,18,0.5,2,3,0.667,3,5,0.6,2,5,7,5,1,4,3,4,1
0020300809,2004-02-22,2003-04,regular_season,False,1610612745,HOU,Houston Rockets,1610612737,ATL,Atlanta Hawks,19,20,L,5,19,0.263,2,8,0.25,7,9,0.778,2,10,12,4,3,1,1,3,-1,10,23,0.435,0,3,0.0,0,0,0.0,2,11,13,7,1,0,3,6,1
0020300808,2004-02-22,2003-04,regular_season,False,1610612756,PHX,Phoenix Suns,1610612747,LAL,Los Angeles Lakers,27,17,W,11,18,0.611,2,3,0.667,3,3,1.0,1,10,11,6,5,0,6,4,10,8,21,0.381,0,4,0.0,1,1,1.0,2,3,5,2,3,1,5,3,-10
0020300807,2004-02-22,2003-04,regular_season,False,1610612765,DET,Detroit Pistons,1610612753,ORL,Orlando Magic,20,19,W,8,18,0.444,1,4,0.25,3,4,0.75,3,8,11,6,1,3,5,7,1,5,14,0.357,0,4,0.0,9,11,0.818,2,8,10,3,1,1,6,7,-1
0020300806,2004-02-22,2003-04,regular_season,False,1610612764,WAS,Washington Wizards,1610612749,MIL,Milwaukee Bucks,24,30,L,9,24,0.375,2,4,0.5,4,4,1.0,8,5,13,5,2,0,4,5,-6,11,18,0.611,3,5,0.6,5,6,0.833,2,7,9,7,2,0,2,4,6
0020300810,2004-02-22,2003-04,regular_season,False,1610612760,SEA,Seattle SuperSonics,1610612738,BOS,Boston Celtics,24,16,W,9,24,0.375,2,7,0.286,4,5,0.8,5,3,8,7,7,1,2,3,8,5,13,0.385,1,5,0.2,5,5,1.0,3,6,9,2,0,0,9,6,-8
0020300804,2004-02-22,2003-04,regular_season,False,1610612754,IND,Indiana Pacers,1610612762,UTA,Utah Jazz,26,25,W,9,15,0.6,1,3,0.333,7,8,0.875,2,6,8,8,2,2,7,9,1,7,13,0.538,1,1,1.0,10,14,0.714,2,4,6,5,4,1,5,7,-1
0020300803,2004-02-22,2003-04,regular_season,False,1610612761,TOR,Toronto Raptors,1610612758,SAC,Sacramento Kings,22,17,W,10,21,0.476,0,1,0.0,2,3,0.667,4,11,15,4,1,0,3,6,5,6,26,0.231,1,5,0.2,4,8,0.5,10,7,17,3,3,2,3,6,-5
0020300802,2004-02-22,2003-04,regular_season,False,1610612752,NYK,New York Knicks,1610612739,CLE,Cleveland Cavaliers,16,20,L,7,25,0.28,0,2,0.0,2,2,1.0,4,9,13,3,2,0,1,8,-4,6,17,0.353,0,2,0.0,8,12,0.667,3,13,16,2,1,2,4,4,4
0020300805,2004-02-22,2003-04,regular_season,False,1610612750,MIN,Minnesota Timberwolves,1610612759,SAS,San Antonio Spurs,18,20,L,7,15,0.467,1,3,0.333,3,8,0.375,3,12,15,6,1,2,8,7,-2,8,24,0.333,1,5,0.2,3,7,0.429,4,7,11,5,4,1,1,6,2
0020300811,2004-02-23,2003-04,regular_season,False,1610612755,PHI,Philadelphia 76ers,1610612765,DET,Detroit Pistons,19,18,W,8,29,0.276,0,2,0.0,3,4,0.75,8,6,14,3,2,0,2,6,1,5,12,0.417,0,1,0.0,8,11,0.727,1,8,9,2,1,6,6,4,-1
0020300812,2004-02-23,2003-04,regular_season,False,1610612739,CLE,Cleveland Cavaliers,1610612740,NOH,New Orleans Hornets,29,22,W,13,24,0.542,3,4,0.75,0,0,0.0,0,8,8,10,3,4,1,5,7,8,23,0.348,1,5,0.2,5,6,0.833,6,7,13,4,1,2,4,2,-7
0020300813,2004-02-23,2003-04,regular_season,False,1610612748,MIA,Miami Heat,1610612757,POR,Portland Trail Blazers,26,16,W,11,26,0.423,2,4,0.5,2,4,0.5,8,6,14,4,4,3,1,4,10,6,16,0.375,2,3,0.667,2,4,0.5,2,5,7,3,1,1,5,5,-10
0020300814,2004-02-23,2003-04,regular_season,False,1610612763,MEM,Memphis Grizzlies,1610612743,DEN,Denver Nuggets,31,25,W,11,18,0.611,1,1,1.0,8,9,0.889,2,7,9,6,2,2,4,7,6,9,19,0.474,0,1,0.0,7,8,0.875,4,3,7,6,0,2,4,7,-6
0020300823,2004-02-24,2003-04,regular_season,False,1610612758,SAC,Sacramento Kings,1610612752,NYK,New York Knicks,20,22,L,9,19,0.474,2,4,0.5,0,0,0.0,0,7,7,7,2,0,5,2,-2,9,21,0.429,0,1,0.0,4,4,1.0,4,7,11,5,1,0,6,3,2
0020300822,2004-02-24,2003-04,regular_season,False,1610612762,UTA,Utah Jazz,1610612760,SEA,Seattle SuperSonics,23,20,W,8,21,0.381,1,5,0.2,6,6,1.0,4,5,9,6,2,1,1,5,3,6,17,0.353,1,5,0.2,7,7,1.0,3,8,11,3,0,1,4,6,-3
0020300821,2004-02-24,2003-04,regular_season,False,1610612759,SAS,San Antonio Spurs,1610612745,HOU,Houston Rockets,16,23,L,6,16,0.375,1,4,0.25,3,4,0.75,1,5,6,3,2,1,4,5,-7,9,20,0.45,2,3,0.667,3,5,0.6,7,5,12,3,4,1,4,6,7
0020300820,2004-02-24,2003-04,regular_season,False,1610612742,DAL,Dallas Mavericks,1610612746,LAC,Los Angeles Clippers,29,25,W,11,23,0.478,3,5,0.6,4,5,0.8,4,8,12,7,0,1,3,6,4,8,20,0.4,0,6,0.0,9,12,0.75,3,6,9,4,1,2,0,3,-4
0020300817,2004-02-24,2003-04,regular_season,False,1610612751,NJN,New Jersey Nets,1610612761,TOR,Toronto Raptors,28,17,W,10,17,0.588,0,1,0.0,8,9,0.889,0,6,6,9,3,0,2,9,11,4,11,0.364,1,3,0.333,8,10,0.8,1,5,6,2,0,1,8,6,-11
0020300818,2004-02-24,2003-04,regular_season,False,1610612737,ATL,Atlanta Hawks,1610612755,PHI,Philadelphia 76ers,22,21,W,10,24,0.417,1,4,0.25,1,1,1.0,3,5,8,3,2,1,0,3,1,9,16,0.562,1,2,0.5,2,2,1.0,1,9,10,3,0,1,4,4,-1
0020300816,2004-02-24,2003-04,regular_season,False,1610612754,IND,Indiana Pacers,1610612744,GSW,Golden State Warriors,29,26,W,12,20,0.6,2,5,0.4,3,5,0.6,5,6,11,7,1,3,5,4,3,9,19,0.474,4,7,0.571,4,4,1.0,2,5,7,8,3,0,5,4,-3
0020300815,2004-02-24,2003-04,regular_season,False,1610612753,ORL,Orlando Magic,1610612757,POR,Portland Trail Blazers,20,24,L,8,22,0.364,0,2,0.0,4,6,0.667,5,3,8,6,4,4,2,7,-4,9,20,0.45,0,1,0.0,6,8,0.75,6,10,16,3,0,3,7,5,4
0020300819,2004-02-24,2003-04,regular_season,False,1610612749,MIL,Milwaukee Bucks,1610612750,MIN,Minnesota Timberwolves,24,27,L,9,18,0.5,4,6,0.667,2,3,0.667,2,6,8,5,0,0,5,4,-3,11,19,0.579,0,1,0.0,5,6,0.833,1,6,7,7,3,2,1,4,3
0020300829,2004-02-25,2003-04,regular_season,False,1610612741,CHI,Chicago Bulls,1610612765,DET,Detroit Pistons,21,34,L,7,18,0.389,0,0,0.0,7,10,0.7,3,7,10,6,0,0,7,10,-13,12,20,0.6,0,1,0.0,10,12,0.833,2,7,9,9,6,1,2,6,13
0020300832,2004-02-25,2003-04,regular_season,False,1610612756,PHX,Phoenix Suns,1610612752,NYK,New York Knicks,25,21,W,11,25,0.44,0,6,0.0,3,7,0.429,7,11,18,3,0,1,5,4,4,9,23,0.391,1,4,0.25,2,2,1.0,1,5,6,7,2,2,1,7,-4
0020300833,2004-02-25,2003-04,regular_season,False,1610612760,SEA,Seattle SuperSonics,1610612762,UTA,Utah Jazz,19,24,L,7,20,0.35,1,6,0.167,4,4,1.0,3,9,12,3,0,3,4,6,-5,9,21,0.429,1,2,0.5,5,6,0.833,2,9,11,7,2,1,2,4,5
0020300828,2004-02-25,2003-04,regular_season,False,1610612763,MEM,Memphis Grizzlies,1610612744,GSW,Golden State Warriors,27,16,W,10,24,0.417,0,2,0.0,7,8,0.875,4,8,12,5,4,2,2,8,11,2,9,0.222,1,4,0.25,11,13,0.846,1,9,10,1,2,0,8,8,-11
0020300831,2004-02-25,2003-04,regular_season,False,1610612743,DEN,Denver Nuggets,1610612747,LAL,Los Angeles Lakers,34,25,W,13,17,0.765,3,4,0.75,5,5,1.0,0,10,10,7,2,1,7,4,9,11,28,0.393,1,3,0.333,2,3,0.667,5,3,8,10,3,0,4,6,-9
0020300826,2004-02-25,2003-04,regular_season,False,1610612740,NOH,New Orleans Hornets,1610612746,LAC,Los Angeles Clippers,23,23,W,9,18,0.5,2,4,0.5,3,4,0.75,4,9,13,5,0,1,4,4,0,10,24,0.417,1,4,0.25,2,2,1.0,5,5,10,6,4,1,0,4,0
0020300827,2004-02-25,2003-04,regular_season,False,1610612750,MIN,Minnesota Timberwolves,1610612751,NJN,New Jersey Nets,20,12,W,9,17,0.529,0,1,0.0,2,2,1.0,0,11,11,3,2,1,3,3,8,6,20,0.3,0,2,0.0,0,1,0.0,3,7,10,2,1,0,5,5,-8
0020300824,2004-02-25,2003-04,regular_season,False,1610612738,BOS,Boston Celtics,1610612749,MIL,Milwaukee Bucks,20,32,L,7,22,0.318,1,5,0.2,5,12,0.417,5,7,12,5,2,0,4,6,-12,13,22,0.591,3,6,0.5,3,4,0.75,0,10,10,9,2,1,3,7,12
0020300830,2004-02-25,2003-04,regular_season,False,1610612745,HOU,Houston Rockets,1610612739,CLE,Cleveland Cavaliers,21,17,W,9,22,0.409,2,5,0.4,1,4,0.25,2,12,14,5,2,2,2,4,4,7,21,0.333,0,1,0.0,3,7,0.429,4,11,15,5,1,2,3,3,-4
0020300825,2004-02-25,2003-04,regular_season,False,1610612761,TOR,Toronto Raptors,1610612764,WAS,Washington Wizards,10,20,L,5,16,0.312,0,2,0.0,0,0,0.0,2,5,7,4,3,1,6,5,-10,10,17,0.588,0,2,0.0,0,1,0.0,1,6,7,5,4,3,5,2,10
0020300834,2004-02-26,2003-04,regular_season,False,1610612764,WAS,Washington Wizards,1610612741,CHI,Chicago Bulls,23,31,L,10,26,0.385,1,2,0.5,2,2,1.0,7,7,14,4,1,3,6,9,-8,10,20,0.5,1,2,0.5,10,11,0.909,2,7,9,6,2,3,5,2,8
0020300835,2004-02-26,2003-04,regular_season,False,1610612742,DAL,Dallas Mavericks,1610612759,SAS,San Antonio Spurs,25,21,W,7,17,0.412,1,3,0.333,10,12,0.833,4,8,12,3,1,1,1,5,4,7,18,0.389,2,5,0.4,5,7,0.714,4,8,12,4,0,0,4,10,-4
0020300836,2004-02-26,2003-04,regular_season,False,1610612747,LAL,Los Angeles Lakers,1610612758,SAC,Sacramento Kings,28,21,W,9,14,0.643,1,2,0.5,9,12,0.75,1,8,9,9,1,1,7,6,7,7,18,0.389,0,3,0.0,7,12,0.583,3,5,8,3,6,0,5,5,-7
0020300846,2004-02-27,2003-04,regular_season,False,1610612746,LAC,Los Angeles Clippers,1610612752,NYK,New York Knicks,27,28,L,10,22,0.455,1,5,0.2,6,7,0.857,3,6,9,4,1,1,3,7,-1,8,19,0.421,1,4,0.25,11,11,1.0,2,7,9,8,2,1,2,5,1
0020300845,2004-02-27,2003-04,regular_season,False,1610612758,SAC,Sacramento Kings,1610612762,UTA,Utah Jazz,20,26,L,6,17,0.353,0,2,0.0,8,12,0.667,5,4,9,3,1,2,5,7,-6,8,17,0.471,0,2,0.0,10,12,0.833,3,8,11,5,3,1,3,7,6
0020300844,2004-02-27,2003-04,regular_season,False,1610612760,SEA,Seattle SuperSonics,1610612756,PHX,Phoenix Suns,27,28,L,8,19,0.421,1,5,0.2,10,10,1.0,1,7,8,5,2,1,4,6,-1,12,19,0.632,3,3,1.0,1,9,0.111,3,6,9,6,2,1,5,7,1
0020300843,2004-02-27,2003-04,regular_season,False,1610612745,HOU,Houston Rockets,1610612757,POR,Portland Trail Blazers,22,26,L,9,22,0.409,2,7,0.286,2,2,1.0,2,5,7,7,2,1,2,5,-4,10,15,0.667,3,3,1.0,3,4,0.75,0,9,9,7,1,5,5,4,4
0020300842,2004-02-27,2003-04,regular_season,False,1610612749,MIL,Milwaukee Bucks,1610612763,MEM,Memphis Grizzlies,29,22,W,12,24,0.5,1,3,0.333,4,4,1.0,2,7,9,9,2,0,1,5,7,9,20,0.45,0,4,0.0,4,5,0.8,4,7,11,5,0,3,4,4,-7
0020300841,2004-02-27,2003-04,regular_season,False,1610612750,MIN,Minnesota Timberwolves,1610612744,GSW,Golden State Warriors,15,20,L,7,21,0.333,1,5,0.2,0,2,0.0,3,5,8,7,2,2,2,5,-5,9,17,0.529,1,2,0.5,1,2,0.5,1,11,12,6,0,2,4,4,5
0020300840,2004-02-27,2003-04,regular_season,False,1610612765,DET,Detroit Pistons,1610612737,ATL,Atlanta Hawks,28,17,W,12,19,0.632,0,1,0.0,4,6,0.667,2,9,11,11,3,2,6,4,11,6,19,0.316,2,5,0.4,3,6,0.5,3,5,8,6,5,1,5,4,-11
0020300839,2004-02-27,2003-04,regular_season,False,1610612740,NOH,New Orleans Hornets,1610612754,IND,Indiana Pacers,24,17,W,10,18,0.556,1,3,0.333,3,4,0.75,3,7,10,4,0,0,3,7,7,5,14,0.357,0,3,0.0,7,12,0.583,3,3,6,4,3,1,2,4,-7
0020300838,2004-02-27,2003-04,regular_season,False,1610612753,ORL,Orlando Magic,1610612739,CLE,Cleveland Cavaliers,19,23,L,9,20,0.45,0,0,0.0,1,6,0.167,2,5,7,3,3,0,2,3,-4,9,19,0.474,1,4,0.25,4,4,1.0,4,11,15,4,0,1,5,5,4
0020300837,2004-02-27,2003-04,regular_season,False,1610612738,BOS,Boston Celtics,1610612761,TOR,Toronto Raptors,27,17,W,11,19,0.579,0,1,0.0,5,6,0.833,4,8,12,5,3,0,4,6,10,5,16,0.312,1,7,0.143,6,7,0.857,3,3,6,4,2,1,6,9,-10
0020300854,2004-02-28,2003-04,regular_season,False,1610612759,SAS,San Antonio Spurs,1610612743,DEN,Denver Nuggets,23,24,L,10,22,0.455,0,2,0.0,3,6,0.5,6,6,12,9,3,2,4,5,-1,9,17,0.529,1,3,0.333,5,5,1.0,0,8,8,3,2,1,3,5,1
0020300853,2004-02-28,2003-04,regular_season,False,1610612742,DAL,Dallas Mavericks,1610612757,POR,Portland Trail Blazers,39,27,W,13,24,0.542,2,4,0.5,11,12,0.917,6,7,13,8,2,1,2,7,12,10,19,0.526,1,4,0.25,6,6,1.0,1,5,6,6,0,2,2,7,-12
0020300852,2004-02-28,2003-04,regular_season,False,1610612741,CHI,Chicago Bulls,1610612744,GSW,Golden State Warriors,15,17,L,6,23,0.261,1,3,0.333,2,4,0.5,5,9,14,2,3,3,5,7,-2,5,23,0.217,1,5,0.2,6,6,1.0,6,8,14,2,2,1,5,4,2
0020300851,2004-02-28,2003-04,regular_season,False,1610612763,MEM,Memphis Grizzlies,1610612740,NOH,New Orleans Hornets,26,16,W,11,20,0.55,2,4,0.5,2,4,0.5,3,9,12,9,5,4,4,8,10,6,22,0.273,1,3,0.333,3,5,0.6,7,7,14,3,2,1,6,4,-10
0020300849,2004-02-28,2003-04,regular_season,False,1610612737,ATL,Atlanta Hawks,1610612753,ORL,Orlando Magic,21,35,L,7,22,0.318,2,8,0.25,5,10,0.5,3,7,10,4,1,2,2,4,-14,13,25,0.52,3,6,0.5,6,6,1.0,4,14,18,8,2,1,3,8,14
0020300848,2004-02-28,2003-04,regular_season,False,1610612764,WAS,Washington Wizards,1610612747,LAL,Los Angeles Lakers,21,28,L,9,22,0.409,1,2,0.5,2,4,0.5,5,7,12,3,2,0,6,8,-7,10,19,0.526,1,4,0.25,7,10,0.7,2,9,11,8,2,1,3,3,7
0020300847,2004-02-28,2003-04,regular_season,False,1610612751,NJN,New Jersey Nets,1610612748,MIA,Miami Heat,18,26,L,5,12,0.417,0,1,0.0,8,11,0.727,2,6,8,4,3,0,8,11,-8,7,17,0.412,2,3,0.667,10,11,0.909,4,5,9,6,2,0,6,8,8
0020300850,2004-02-28,2003-04,regular_season,False,1610612754,IND,Indiana Pacers,1610612755,PHI,Philadelphia 76ers,18,22,L,6,16,0.375,0,3,0.0,6,8,0.75,2,4,6,4,1,1,4,6,-4,9,15,0.6,1,2,0.5,3,4,0.75,2,7,9,4,3,1,5,10,4
0020300861,2004-02-29,2003-04,regular_season,False,1610612758,SAC,Sacramento Kings,1610612756,PHX,Phoenix Suns,29,29,W,8,19,0.421,2,8,0.25,11,14,0.786,2,8,10,4,4,1,5,6,0,11,24,0.458,1,4,0.25,6,6,1.0,4,10,14,5,4,0,5,9,0
0020300855,2004-02-29,2003-04,regular_season,False,1610612761,TOR,Toronto Raptors,1610612738,BOS,Boston Celtics,13,23,L,5,18,0.278,0,1,0.0,3,4,0.75,1,8,9,2,0,1,5,6,-10,9,21,0.429,0,2,0.0,5,6,0.833,1,9,10,5,3,0,3,3,10
0020300856,2004-02-29,2003-04,regular_season,False,1610612749,MIL,Milwaukee Bucks,1610612748,MIA,Miami Heat,34,21,W,12,23,0.522,4,9,0.444,6,9,0.667,5,12,17,8,1,1,3,3,13,7,21,0.333,3,6,0.5,4,4,1.0,0,7,7,6,0,2,3,6,-13
0020300857,2004-02-29,2003-04,regular_season,False,1610612745,HOU,Houston Rockets,1610612760,SEA,Seattle SuperSonics,18,23,L,5,18,0.278,1,8,0.125,7,10,0.7,1,6,7,3,3,2,2,6,-5,8,18,0.444,2,4,0.5,5,6,0.833,3,10,13,6,0,1,4,7,5
0020300858,2004-02-29,2003-04,regular_season,False,1610612751,NJN,New Jersey Nets,1610612747,LAL,Los Angeles Lakers,18,23,L,6,22,0.273,1,5,0.2,5,9,0.556,5,10,15,3,1,0,2,8,-5,7,20,0.35,0,5,0.0,9,11,0.818,2,13,15,6,2,1,1,6,5
0020300859,2004-02-29,2003-04,regular_season,False,1610612755,PHI,Philadelphia 76ers,1610612750,MIN,Minnesota Timberwolves,20,19,W,8,19,0.421,2,5,0.4,2,5,0.4,1,8,9,7,3,0,3,4,1,7,17,0.412,0,0,0.0,5,6,0.833,2,11,13,5,1,2,4,5,-1
0020300860,2004-02-29,2003-04,regular_season,False,1610612743,DEN,Denver Nuggets,1610612752,NYK,New York Knicks,21,22,L,8,21,0.381,2,3,0.667,3,6,0.5,6,6,12,6,1,0,9,5,-1,10,22,0.455,0,2,0.0,2,3,0.667,5,7,12,6,5,2,8,10,1
0020300862,2004-02-29,2003-04,regular_season,False,1610612746,LAC,Los Angeles Clippers,1610612765,DET,Detroit Pistons,22,27,L,10,21,0.476,1,3,0.333,1,1,1.0,4,5,9,7,0,1,3,8,-5,7,17,0.412,2,5,0.4,11,12,0.917,2,6,8,4,0,1,0,1,5
0020300863,2004-03-01,2003-04,regular_season,False,1610612738,BOS,Boston Celtics,1610612753,ORL,Orlando Magic,29,31,L,11,23,0.478,2,6,0.333,5,9,0.556,5,8,13,8,1,0,2,4,-2,12,25,0.48,2,6,0.333,5,6,0.833,4,8,12,8,2,1,1,8,2
0020300864,2004-03-01,2003-04,regular_season,False,1610612764,WAS,Washington Wizards,1610612740,NOH,New Orleans Hornets,28,14,W,11,21,0.524,2,5,0.4,4,8,0.5,3,9,12,7,3,1,2,3,14,5,21,0.238,0,5,0.0,4,4,1.0,6,8,14,1,2,0,7,8,-14
0020300865,2004-03-01,2003-04,regular_season,False,1610612741,CHI,Chicago Bulls,1610612739,CLE,Cleveland Cavaliers,30,14,W,10,17,0.588,2,2,1.0,8,9,0.889,2,5,7,8,3,4,6,4,16,5,20,0.25,0,3,0.0,4,6,0.667,6,5,11,4,3,1,8,6,-16
0020300866,2004-03-01,2003-04,regular_season,False,1610612759,SAS,San Antonio Spurs,1610612763,MEM,Memphis Grizzlies,21,22,L,9,20,0.45,2,6,0.333,1,3,0.333,1,8,9,8,1,1,3,9,-1,8,19,0.421,1,1,1.0,5,5,1.0,2,7,9,4,0,1,2,3,1
0020300867,2004-03-01,2003-04,regular_season,False,1610612762,UTA,Utah Jazz,1610612765,DET,Detroit Pistons,17,27,L,6,18,0.333,1,1,1.0,4,4,1.0,0,7,7,3,3,2,7,10,-10,7,17,0.412,1,3,0.333,12,14,0.857,1,10,11,4,4,3,4,6,10
0020300871,2004-03-02,2003-04,regular_season,False,1610612743,DEN,Denver Nuggets,1610612751,NJN,New Jersey Nets,18,20,L,7,19,0.368,0,2,0.0,4,7,0.571,3,8,11,6,4,0,7,7,-2,8,20,0.4,0,6,0.0,4,4,1.0,1,8,9,6,4,1,4,4,2
0020300872,2004-03-02,2003-04,regular_season,False,1610612758,SAC,Sacramento Kings,1610612746,LAC,Los Angeles Clippers,27,21,W,12,26,0.462,1,3,0.333,2,5,0.4,3,7,10,7,5,0,2,5,6,8,19,0.421,2,5,0.4,3,3,1.0,3,8,11,4,1,4,8,6,-6
0020300873,2004-03-02,2003-04,regular_season,False,1610612744,GSW,Golden State Warriors,1610612754,IND,Indiana Pacers,19,24,L,7,22,0.318,0,3,0.0,5,6,0.833,3,11,14,6,3,2,3,5,-5,8,22,0.364,3,6,0.5,5,6,0.833,4,12,16,8,3,3,4,8,5
0020300870,2004-03-02,2003-04,regular_season,False,1610612742,DAL,Dallas Mavericks,1610612760,SEA,Seattle SuperSonics,27,20,W,12,21,0.571,1,3,0.333,2,2,1.0,2,11,13,10,1,1,3,3,7,6,20,0.3,2,7,0.286,6,6,1.0,3,7,10,3,3,0,3,4,-7
0020300868,2004-03-02,2003-04,regular_season,False,1610612748,MIA,Miami Heat,1610612761,TOR,Toronto Raptors,24,37,L,10,17,0.588,0,1,0.0,4,5,0.8,1,2,3,4,3,0,2,5,-13,13,17,0.765,6,6,1.0,5,6,0.833,2,5,7,6,2,2,3,3,13
0020300869,2004-03-02,2003-04,regular_season,False,1610612737,ATL,Atlanta Hawks,1610612747,LAL,Los Angeles Lakers,20,17,W,7,23,0.304,1,7,0.143,5,6,0.833,5,8,13,6,1,1,0,6,3,7,20,0.35,0,1,0.0,3,5,0.6,5,8,13,4,0,1,3,5,-3
0020300883,2004-03-03,2003-04,regular_season,False,1610612746,LAC,Los Angeles Clippers,1610612754,IND,Indiana Pacers,31,24,W,13,21,0.619,1,2,0.5,4,4,1.0,4,6,10,9,1,1,2,3,7,7,17,0.412,5,8,0.625,5,7,0.714,3,4,7,7,2,1,5,3,-7
0020300882,2004-03-03,2003-04,regular_season,False,1610612756,PHX,Phoenix Suns,1610612751,NJN,New Jersey Nets,19,15,W,8,23,0.348,3,4,0.75,0,0,0.0,3,9,12,2,2,1,1,6,4,3,13,0.231,1,4,0.25,8,9,0.889,1,6,7,1,0,0,4,5,-4
0020300881,2004-03-03,2003-04,regular_season,False,1610612745,HOU,Houston Rockets,1610612747,LAL,Los Angeles Lakers,28,14,W,12,17,0.706,3,5,0.6,1,2,0.5,1,11,12,10,2,0,6,7,14,5,20,0.25,1,5,0.2,3,4,0.75,1,4,5,3,3,0,4,4,-14
0020300879,2004-03-03,2003-04,regular_season,False,1610612750,MIN,Minnesota Timberwolves,1610612742,DAL,Dallas Mavericks,33,39,L,14,24,0.583,3,6,0.5,2,2,1.0,0,9,9,8,0,1,1,6,-6,15,31,0.484,0,4,0.0,9,10,0.9,8,9,17,12,1,0,0,1,6
0020300878,2004-03-03,2003-04,regular_season,False,1610612740,NOH,New Orleans Hornets,1610612741,CHI,Chicago Bulls,20,22,L,6,19,0.316,0,4,0.0,8,10,0.8,1,11,12,5,2,2,3,4,-2,9,25,0.36,2,7,0.286,2,3,0.667,3,9,12,6,2,5,2,8,2
0020300880,2004-03-03,2003-04,regular_season,False,1610612759,SAS,San Antonio Spurs,1610612760,SEA,Seattle SuperSonics,15,23,L,7,21,0.333,1,5,0.2,0,0,0.0,4,8,12,5,2,1,5,6,-8,10,17,0.588,1,2,0.5,2,4,0.5,0,8,8,6,2,2,3,4,8
0020300876,2004-03-03,2003-04,regular_season,False,1610612739,CLE,Cleveland Cavaliers,1610612737,ATL,Atlanta Hawks,27,22,W,10,21,0.476,0,2,0.0,7,8,0.875,3,12,15,6,2,2,3,6,5,9,22,0.409,1,2,0.5,3,5,0.6,1,7,8,6,3,1,2,5,-5
0020300875,2004-03-03,2003-04,regular_season,False,1610612753,ORL,Orlando Magic,1610612749,MIL,Milwaukee Bucks,23,16,W,9,20,0.45,4,6,0.667,1,2,0.5,1,11,12,5,4,3,4,5,7,8,24,0.333,0,4,0.0,0,4,0.0,3,9,12,4,3,2,5,3,-7
0020300874,2004-03-03,2003-04,regular_season,False,1610612764,WAS,Washington Wizards,1610612761,TOR,Toronto Raptors,20,24,L,5,12,0.417,0,0,0.0,10,11,0.909,3,8,11,1,0,2,8,6,-4,9,22,0.409,2,6,0.333,4,6,0.667,5,3,8,8,6,1,1,6,4
0020300491,2004-03-03,2003-04,regular_season,False,1610612757,POR,Portland Trail Blazers,1610612763,MEM,Memphis Grizzlies,26,24,W,11,21,0.524,1,2,0.5,3,3,1.0,3,7,10,6,1,3,2,5,2,9,21,0.429,1,3,0.333,5,5,1.0,1,7,8,6,1,3,2,5,-2
0020300877,2004-03-03,2003-04,regular_season,False,1610612752,NYK,New York Knicks,1610612755,PHI,Philadelphia 76ers,21,14,W,7,18,0.389,1,3,0.333,6,8,0.75,5,10,15,5,6,1,6,13,7,3,17,0.176,0,2,0.0,8,13,0.615,4,5,9,1,0,3,6,6,-7
0020300884,2004-03-04,2003-04,regular_season,False,1610612755,PHI,Philadelphia 76ers,1610612758,SAC,Sacramento Kings,19,30,L,7,19,0.368,1,6,0.167,4,6,0.667,4,7,11,3,0,0,8,9,-11,9,19,0.474,2,5,0.4,10,11,0.909,3,7,10,9,5,0,3,5,11
0020300885,2004-03-04,2003-04,regular_season,False,1610612748,MIA,Miami Heat,1610612749,MIL,Milwaukee Bucks,21,26,L,8,22,0.364,0,4,0.0,5,6,0.833,5,8,13,2,1,1,3,6,-5,10,19,0.526,0,1,0.0,6,7,0.857,1,8,9,8,2,1,2,5,5
0020300886,2004-03-04,2003-04,regular_season,False,1610612757,POR,Portland Trail Blazers,1610612765,DET,Detroit Pistons,13,19,L,5,16,0.312,1,3,0.333,2,4,0.5,1,10,11,1,0,1,6,8,-6,7,20,0.35,0,4,0.0,5,8,0.625,2,11,13,5,4,1,1,6,6
0020300893,2004-03-05,2003-04,regular_season,False,1610612762,UTA,Utah Jazz,1610612754,IND,Indiana Pacers,21,22,L,7,19,0.368,1,2,0.5,6,8,0.75,5,7,12,5,1,2,4,9,-1,5,13,0.385,1,2,0.5,11,14,0.786,0,4,4,4,3,0,3,6,1
0020300895,2004-03-05,2003-04,regular_season,False,1610612744,GSW,Golden State Warriors,1610612751,NJN,New Jersey Nets,21,17,W,10,18,0.556,1,3,0.333,0,0,0.0,0,7,7,8,2,2,2,4,4,8,17,0.471,0,2,0.0,1,2,0.5,0,8,8,5,1,2,3,3,-4
0020300894,2004-03-05,2003-04,regular_season,False,1610612747,LAL,Los Angeles Lakers,1610612760,SEA,Seattle SuperSonics,28,25,W,12,22,0.545,3,8,0.375,1,1,1.0,2,7,9,8,2,1,2,5,3,10,18,0.556,1,2,0.5,4,4,1.0,0,6,6,7,1,1,2,2,-3
0020300892,2004-03-05,2003-04,regular_season,False,1610612759,SAS,San Antonio Spurs,1610612742,DAL,Dallas Mavericks,30,15,W,12,21,0.571,0,2,0.0,6,7,0.857,4,9,13,7,4,2,3,6,15,5,21,0.238,0,1,0.0,5,6,0.833,4,5,9,3,1,0,6,5,-15
0020300888,2004-03-05,2003-04,regular_season,False,1610612761,TOR,Toronto Raptors,1610612752,NYK,New York Knicks,25,28,L,10,18,0.556,2,5,0.4,3,4,0.75,2,6,8,6,1,2,6,2,-3,13,30,0.433,1,1,1.0,1,1,1.0,9,5,14,4,4,2,4,7,3
0020300890,2004-03-05,2003-04,regular_season,False,1610612740,NOH,New Orleans Hornets,1610612739,CLE,Cleveland Cavaliers,20,18,W,8,18,0.444,1,5,0.2,3,4,0.75,0,7,7,7,4,0,3,3,2,8,20,0.4,1,5,0.2,1,3,0.333,5,8,13,5,0,1,5,3,-2
0020300889,2004-03-05,2003-04,regular_season,False,1610612738,BOS,Boston Celtics,1610612764,WAS,Washington Wizards,22,25,L,10,25,0.4,1,7,0.143,1,3,0.333,4,7,11,7,5,1,6,4,-3,10,19,0.526,1,3,0.333,4,5,0.8,1,8,9,6,4,4,6,5,3
0020300887,2004-03-05,2003-04,regular_season,False,1610612753,ORL,Orlando Magic,1610612737,ATL,Atlanta Hawks,31,23,W,14,22,0.636,2,3,0.667,1,4,0.25,1,3,4,4,6,1,2,5,8,8,17,0.471,1,5,0.2,6,7,0.857,5,7,12,2,1,1,10,5,-8
0020300891,2004-03-05,2003-04,regular_season,False,1610612750,MIN,Minnesota Timberwolves,1610612745,HOU,Houston Rockets,37,28,W,14,20,0.7,3,3,1.0,6,7,0.857,2,5,7,11,3,1,1,5,9,10,18,0.556,2,3,0.667,6,6,1.0,2,5,7,8,1,0,4,5,-9
0020300896,2004-03-06,2003-04,regular_season,False,1610612748,MIA,Miami Heat,1610612758,SAC,Sacramento Kings,25,16,W,11,24,0.458,3,7,0.429,0,0,0.0,2,13,15,6,2,1,3,5,9,6,21,0.286,1,4,0.25,3,6,0.5,3,11,14,4,2,2,3,0,-9
0020300897,2004-03-06,2003-04,regular_season,False,1610612746,LAC,Los Angeles Clippers,1610612763,MEM,Memphis Grizzlies,29,26,W,12,20,0.6,3,6,0.5,2,3,0.667,2,5,7,9,3,0,6,8,3,8,16,0.5,0,5,0.0,10,12,0.833,1,4,5,6,3,2,3,4,-3
0020300898,2004-03-06,2003-04,regular_season,False,1610612755,PHI,Philadelphia 76ers,1610612741,CHI,Chicago Bulls,18,23,L,6,16,0.375,1,3,0.333,5,6,0.833,2,4,6,3,1,1,5,7,-5,5,13,0.385,1,3,0.333,12,12,1.0,3,5,8,3,2,0,5,5,5
0020300899,2004-03-06,2003-04,regular_season,False,1610612739,CLE,Cleveland Cavaliers,1610612749,MIL,Milwaukee Bucks,22,24,L,9,16,0.562,0,2,0.0,4,6,0.667,0,8,8,7,2,4,8,9,-2,7,19,0.368,0,2,0.0,10,13,0.769,2,6,8,5,5,1,7,5,2
0020300900,2004-03-06,2003-04,regular_season,False,1610612743,DEN,Denver Nuggets,1610612765,DET,Detroit Pistons,16,35,L,6,22,0.273,1,3,0.333,3,6,0.5,6,3,9,6,3,0,5,7,-19,11,18,0.611,2,3,0.667,11,13,0.846,5,7,12,9,4,4,3,6,19
0020300901,2004-03-06,2003-04,regular_season,False,1610612756,PHX,Phoenix Suns,1610612759,SAS,San Antonio Spurs,23,31,L,9,16,0.562,0,0,0.0,5,6,0.833,2,4,6,4,0,2,7,4,-8,13,22,0.591,3,4,0.75,2,2,1.0,3,3,6,7,4,1,4,4,8
0020300902,2004-03-06,2003-04,regular_season,False,1610612757,POR,Portland Trail Blazers,1610612762,UTA,Utah Jazz,15,19,L,6,16,0.375,3,8,0.375,0,0,0.0,2,8,10,6,1,5,7,9,-4,7,21,0.333,1,4,0.25,4,8,0.5,6,6,12,7,2,1,2,4,4
0020300909,2004-03-07,2003-04,regular_season,False,1610612744,GSW,Golden State Warriors,1610612763,MEM,Memphis Grizzlies,25,20,W,11,17,0.647,0,1,0.0,3,4,0.75,2,7,9,7,3,0,4,4,5,10,20,0.5,0,2,0.0,0,0,0.0,2,4,6,3,2,0,4,6,-5
0020300911,2004-03-07,2003-04,regular_season,False,1610612746,LAC,Los Angeles Clippers,1610612757,POR,Portland Trail Blazers,26,21,W,11,20,0.55,0,0,0.0,4,6,0.667,3,7,10,8,3,5,3,4,5,9,20,0.45,1,3,0.333,2,5,0.4,3,5,8,4,2,1,4,4,-5
0020300912,2004-03-07,2003-04,regular_season,False,1610612743,DEN,Denver Nuggets,1610612754,IND,Indiana Pacers,19,24,L,7,16,0.438,0,1,0.0,5,8,0.625,2,10,12,3,0,1,3,6,-5,9,22,0.409,2,6,0.333,4,7,0.571,4,5,9,7,1,2,0,4,5
0020300908,2004-03-07,2003-04,regular_season,False,1610612750,MIN,Minnesota Timberwolves,1610612738,BOS,Boston Celtics,23,24,L,10,22,0.455,0,3,0.0,3,4,0.75,4,12,16,8,1,1,4,8,-1,8,23,0.348,3,11,0.273,5,7,0.714,0,8,8,4,1,0,1,5,1
0020300910,2004-03-07,2003-04,regular_season,False,1610612760,SEA,Seattle SuperSonics,1610612765,DET,Detroit Pistons,20,26,L,8,15,0.533,2,3,0.667,2,2,1.0,1,6,7,5,2,0,7,5,-6,8,19,0.421,2,6,0.333,8,8,1.0,4,5,9,5,3,1,2,4,6
0020300906,2004-03-07,2003-04,regular_season,False,1610612747,LAL,Los Angeles Lakers,1610612751,NJN,New Jersey Nets,23,24,L,8,16,0.5,2,3,0.667,5,7,0.714,2,11,13,4,0,2,5,5,-1,10,25,0.4,1,4,0.25,3,5,0.6,4,8,12,8,3,0,0,5,1
0020300905,2004-03-07,2003-04,regular_season,False,1610612764,WAS,Washington Wizards,1610612752,NYK,New York Knicks,24,28,L,9,20,0.45,2,5,0.4,4,4,1.0,1,6,7,4,3,1,3,4,-4,10,21,0.476,2,6,0.333,6,6,1.0,4,7,11,8,1,0,4,2,4
0020300904,2004-03-07,2003-04,regular_season,False,1610612745,HOU,Houston Rockets,1610612742,DAL,Dallas Mavericks,24,21,W,11,25,0.44,2,3,0.667,0,0,0.0,7,6,13,8,2,0,6,5,3,9,21,0.429,1,4,0.25,2,4,0.5,5,6,11,2,3,3,4,4,-3
0020300903,2004-03-07,2003-04,regular_season,False,1610612761,TOR,Toronto Raptors,1610612740,NOH,New Orleans Hornets,23,23,W,9,19,0.474,3,6,0.5,2,6,0.333,5,6,11,5,0,0,2,6,0,7,19,0.368,1,6,0.167,8,10,0.8,6,6,12,2,0,0,2,4,0
0020300907,2004-03-07,2003-04,regular_season,False,1610612753,ORL,Orlando Magic,1610612758,SAC,Sacramento Kings,28,28,L,12,24,0.5,1,4,0.25,3,3,1.0,3,9,12,8,1,1,3,4,0,10,23,0.435,3,3,1.0,5,5,1.0,4,7,11,7,1,0,2,2,0
0020300913,2004-03-08,2003-04,regular_season,False,1610612755,PHI,Philadelphia 76ers,1610612749,MIL,Milwaukee Bucks,31,30,W,12,16,0.75,1,2,0.5,6,9,0.667,2,6,8,8,1,1,4,5,1,14,20,0.7,1,3,0.333,1,2,0.5,0,3,3,11,3,0,1,6,-1
0020300914,2004-03-08,2003-04,regular_season,False,1610612737,ATL,Atlanta Hawks,1610612739,CLE,Cleveland Cavaliers,36,16,W,11,21,0.524,1,5,0.2,13,16,0.812,4,11,15,4,3,0,3,10,20,3,15,0.2,0,3,0.0,10,15,0.667,3,2,5,2,2,0,8,13,-20
0020300915,2004-03-08,2003-04,regular_season,False,1610612742,DAL,Dallas Mavericks,1610612756,PHX,Phoenix Suns,29,18,W,12,26,0.462,0,4,0.0,5,6,0.833,9,8,17,4,3,1,0,5,11,5,15,0.333,1,7,0.143,7,8,0.875,3,5,8,4,0,0,6,5,-11
0020300916,2004-03-08,2003-04,regular_season,False,1610612762,UTA,Utah Jazz,1610612747,LAL,Los Angeles Lakers,25,16,W,8,18,0.444,0,2,0.0,9,10,0.9,1,8,9,6,6,3,5,8,9,5,16,0.312,1,3,0.333,5,9,0.556,3,5,8,2,2,3,9,8,-9
0020300925,2004-03-09,2003-04,regular_season,False,1610612760,SEA,Seattle SuperSonics,1610612750,MIN,Minnesota Timberwolves,27,23,W,12,17,0.706,1,3,0.333,2,2,1.0,1,8,9,6,0,1,4,4,4,9,20,0.45,1,3,0.333,4,5,0.8,3,3,6,5,1,1,2,5,-4
0020300924,2004-03-09,2003-04,regular_season,False,1610612758,SAC,Sacramento Kings,1610612744,GSW,Golden State Warriors,22,22,W,10,27,0.37,1,1,1.0,1,2,0.5,6,6,12,7,2,0,2,5,0,9,17,0.529,1,3,0.333,3,5,0.6,3,6,9,6,1,4,4,4,0
0020300923,2004-03-09,2003-04,regular_season,False,1610612745,HOU,Houston Rockets,1610612746,LAC,Los Angeles Clippers,18,19,L,7,20,0.35,0,3,0.0,4,7,0.571,2,9,11,4,4,2,6,5,-1,8,17,0.471,0,1,0.0,3,5,0.6,1,10,11,6,5,0,7,7,1
0020300922,2004-03-09,2003-04,regular_season,False,1610612741,CHI,Chicago Bulls,1610612755,PHI,Philadelphia 76ers,18,13,W,8,24,0.333,0,5,0.0,2,3,0.667,2,13,15,6,2,2,2,4,5,5,21,0.238,2,7,0.286,1,2,0.5,3,13,16,4,0,3,5,7,-5
0020300919,2004-03-09,2003-04,regular_season,False,1610612752,NYK,New York Knicks,1610612738,BOS,Boston Celtics,23,28,L,8,20,0.4,0,1,0.0,7,9,0.778,3,5,8,5,2,1,3,6,-5,9,15,0.6,3,5,0.6,7,10,0.7,1,6,7,6,2,3,4,7,5
0020300920,2004-03-09,2003-04,regular_season,False,1610612748,MIA,Miami Heat,1610612753,ORL,Orlando Magic,25,23,W,8,22,0.364,1,3,0.333,8,9,0.889,5,7,12,4,3,1,2,3,2,10,20,0.5,1,4,0.25,2,3,0.667,1,10,11,4,1,1,4,5,-2
0020300918,2004-03-09,2003-04,regular_season,False,1610612754,IND,Indiana Pacers,1610612761,TOR,Toronto Raptors,21,24,L,8,16,0.5,3,6,0.5,2,6,0.333,3,4,7,5,2,0,3,3,-3,11,18,0.611,1,3,0.333,1,1,1.0,3,7,10,7,1,2,4,6,3
0020300917,2004-03-09,2003-04,regular_season,False,1610612764,WAS,Washington Wizards,1610612743,DEN,Denver Nuggets,16,25,L,6,18,0.333,2,4,0.5,2,2,1.0,2,5,7,5,1,2,7,4,-9,12,24,0.5,1,6,0.167,0,2,0.0,4,8,12,4,2,0,4,4,9
0020300921,2004-03-09,2003-04,regular_season,False,1610612763,MEM,Memphis Grizzlies,1610612759,SAS,San Antonio Spurs,22,18,W,10,25,0.4,0,2,0.0,2,2,1.0,9,11,20,5,2,3,8,8,4,5,22,0.227,1,3,0.333,7,9,0.778,3,5,8,4,5,1,3,4,-4
0020300935,2004-03-10,2003-04,regular_season,False,1610612757,POR,Portland Trail Blazers,1610612750,MIN,Minnesota Timberwolves,27,14,W,11,21,0.524,0,4,0.0,5,6,0.833,5,7,12,5,6,1,3,4,13,6,18,0.333,1,2,0.5,1,2,0.5,4,5,9,5,3,1,7,5,-13
0020300934,2004-03-10,2003-04,regular_season,False,1610612762,UTA,Utah Jazz,1610612744,GSW,Golden State Warriors,31,16,W,12,22,0.545,3,4,0.75,4,4,1.0,3,6,9,9,4,2,4,5,15,5,14,0.357,0,2,0.0,6,7,0.857,2,4,6,3,4,2,8,3,-15
0020300933,2004-03-10,2003-04,regular_season,False,1610612759,SAS,San Antonio Spurs,1610612746,LAC,Los Angeles Clippers,32,24,W,13,23,0.565,3,3,1.0,3,3,1.0,1,7,8,11,2,1,1,9,8,9,20,0.45,1,2,0.5,5,9,0.556,3,9,12,4,0,1,3,6,-8
0020300932,2004-03-10,2003-04,regular_season,False,1610612749,MIL,Milwaukee Bucks,1610612737,ATL,Atlanta Hawks,23,12,W,9,20,0.45,0,2,0.0,5,7,0.714,2,9,11,6,3,1,1,6,11,4,16,0.25,0,4,0.0,4,6,0.667,2,8,10,2,0,0,6,8,-11
0020300931,2004-03-10,2003-04,regular_season,False,1610612740,NOH,New Orleans Hornets,1610612748,MIA,Miami Heat,22,30,L,6,19,0.316,2,4,0.5,8,8,1.0,5,5,10,4,0,0,4,6,-8,13,20,0.65,1,4,0.25,3,3,1.0,2,7,9,9,1,1,2,7,8
0020300929,2004-03-10,2003-04,regular_season,False,1610612751,NJN,New Jersey Nets,1610612743,DEN,Denver Nuggets,27,14,W,11,17,0.647,1,1,1.0,4,5,0.8,1,10,11,8,4,1,5,5,13,4,18,0.222,0,0,0.0,6,7,0.857,3,5,8,3,1,0,6,7,-13
0020300928,2004-03-10,2003-04,regular_season,False,1610612761,TOR,Toronto Raptors,1610612739,CLE,Cleveland Cavaliers,26,30,L,11,21,0.524,1,1,1.0,3,4,0.75,2,5,7,6,0,1,2,5,-4,12,21,0.571,1,3,0.333,5,5,1.0,3,8,11,8,2,2,2,6,4
0020300927,2004-03-10,2003-04,regular_season,False,1610612753,ORL,Orlando Magic,1610612764,WAS,Washington Wizards,34,26,W,13,23,0.565,2,7,0.286,6,9,0.667,3,9,12,8,2,2,3,7,8,9,22,0.409,1,3,0.333,7,9,0.778,4,5,9,2,3,1,2,8,-8
0020300926,2004-03-10,2003-04,regular_season,False,1610612738,BOS,Boston Celtics,1610612747,LAL,Los Angeles Lakers,32,36,L,12,19,0.632,2,4,0.5,6,6,1.0,1,7,8,4,2,1,5,9,-4,11,20,0.55,5,9,0.556,9,12,0.75,2,5,7,9,2,0,2,6,4
0020300930,2004-03-10,2003-04,regular_season,False,1610612765,DET,Detroit Pistons,1610612741,CHI,Chicago Bulls,29,20,W,12,18,0.667,1,3,0.333,4,4,1.0,1,8,9,8,4,0,7,3,9,7,23,0.304,1,2,0.5,5,5,1.0,5,5,10,2,5,0,6,4,-9
0020300936,2004-03-11,2003-04,regular_season,False,1610612745,HOU,Houston Rockets,1610612740,NOH,New Orleans Hornets,28,13,W,11,18,0.611,4,8,0.5,2,4,0.5,2,10,12,7,3,4,3,5,15,5,20,0.25,1,4,0.25,2,4,0.5,4,6,10,3,2,0,4,5,-15
0020300937,2004-03-11,2003-04,regular_season,False,1610612758,SAC,Sacramento Kings,1610612742,DAL,Dallas Mavericks,27,25,W,10,21,0.476,2,4,0.5,5,6,0.833,1,12,13,9,0,1,5,2,2,10,29,0.345,3,6,0.5,2,2,1.0,3,9,12,9,3,1,0,3,-2
0020300948,2004-03-12,2003-04,regular_season,False,1610612757,POR,Portland Trail Blazers,1610612758,SAC,Sacramento Kings,23,15,W,11,17,0.647,0,1,0.0,1,2,0.5,3,9,12,7,5,3,7,4,8,7,21,0.333,0,3,0.0,1,3,0.333,5,4,9,4,3,0,6,1,-8
0020300947,2004-03-12,2003-04,regular_season,False,1610612756,PHX,Phoenix Suns,1610612762,UTA,Utah Jazz,18,21,L,7,25,0.28,1,8,0.125,3,6,0.5,7,8,15,3,2,1,1,7,-3,7,16,0.438,1,2,0.5,6,10,0.6,2,10,12,3,1,1,3,4,3
0020300946,2004-03-12,2003-04,regular_season,False,1610612759,SAS,San Antonio Spurs,1610612744,GSW,Golden State Warriors,31,21,W,12,19,0.632,3,5,0.6,4,7,0.571,4,7,11,9,3,3,2,4,10,9,23,0.391,1,4,0.25,2,6,0.333,6,2,8,5,2,1,4,6,-10
0020300945,2004-03-12,2003-04,regular_season,False,1610612749,MIL,Milwaukee Bucks,1610612743,DEN,Denver Nuggets,21,22,L,9,20,0.45,0,3,0.0,3,6,0.5,3,4,7,8,0,2,3,6,-1,8,15,0.533,0,1,0.0,6,8,0.75,1,6,7,2,1,0,2,3,1
0020300944,2004-03-12,2003-04,regular_season,False,1610612763,MEM,Memphis Grizzlies,1610612746,LAC,Los Angeles Clippers,20,17,W,8,19,0.421,1,3,0.333,3,5,0.6,2,8,10,5,6,0,5,7,3,5,21,0.238,0,2,0.0,7,9,0.778,8,8,16,3,3,2,7,7,-3
0020300941,2004-03-12,2003-04,regular_season,False,1610612748,MIA,Miami Heat,1610612760,SEA,Seattle SuperSonics,16,17,L,7,18,0.389,0,4,0.0,2,2,1.0,3,8,11,1,3,1,6,5,-1,8,20,0.4,0,5,0.0,1,2,0.5,2,7,9,1,2,1,3,1,1
0020300942,2004-03-12,2003-04,regular_season,False,1610612737,ATL,Atlanta Hawks,1610612764,WAS,Washington Wizards,29,30,L,9,21,0.429,3,4,0.75,8,9,0.889,4,5,9,6,5,0,3,7,-1,13,20,0.65,1,4,0.25,3,5,0.6,2,8,10,9,1,1,5,5,1
0020300940,2004-03-12,2003-04,regular_season,False,1610612751,NJN,New Jersey Nets,1610612741,CHI,Chicago Bulls,16,22,L,7,18,0.389,1,4,0.25,1,2,0.5,3,7,10,7,2,0,5,7,-6,10,19,0.526,1,3,0.333,1,1,1.0,1,7,8,5,2,2,4,2,6
0020300939,2004-03-12,2003-04,regular_season,False,1610612738,BOS,Boston Celtics,1610612754,IND,Indiana Pacers,19,26,L,8,19,0.421,1,5,0.2,2,3,0.667,2,6,8,3,2,1,7,7,-7,11,21,0.524,0,2,0.0,4,8,0.5,4,6,10,4,4,1,4,6,7
0020300938,2004-03-12,2003-04,regular_season,False,1610612755,PHI,Philadelphia 76ers,1610612752,NYK,New York Knicks,12,26,L,3,11,0.273,0,2,0.0,6,10,0.6,0,7,7,2,0,0,6,8,-14,10,17,0.588,1,1,1.0,5,8,0.625,1,7,8,7,4,0,1,8,14
0020300943,2004-03-12,2003-04,regular_season,False,1610612750,MIN,Minnesota Timberwolves,1610612747,LAL,Los Angeles Lakers,22,20,W,9,22,0.409,0,3,0.0,4,4,1.0,1,11,12,5,0,2,2,7,2,6,22,0.273,0,2,0.0,8,8,1.0,3,10,13,4,2,1,3,3,-2
0020300953,2004-03-13,2003-04,regular_season,False,1610612745,HOU,Houston Rockets,1610612763,MEM,Memphis Grizzlies,29,20,W,11,20,0.55,4,6,0.667,3,3,1.0,0,9,9,7,1,1,1,7,9,7,19,0.368,0,3,0.0,6,6,1.0,3,8,11,4,1,1,4,6,-9
0020300952,2004-03-13,2003-04,regular_season,False,1610612741,CHI,Chicago Bulls,1610612747,LAL,Los Angeles Lakers,18,21,L,8,21,0.381,0,2,0.0,2,8,0.25,3,8,11,3,4,0,2,5,-3,7,19,0.368,2,4,0.5,5,7,0.714,3,13,16,5,0,2,6,5,3
0020300954,2004-03-13,2003-04,regular_season,False,1610612756,PHX,Phoenix Suns,1610612742,DAL,Dallas Mavericks,21,32,L,8,19,0.421,0,3,0.0,5,6,0.833,2,7,9,2,1,1,5,7,-11,11,21,0.524,3,5,0.6,7,10,0.7,4,9,13,7,3,0,3,5,11
0020300950,2004-03-13,2003-04,regular_season,False,1610612753,ORL,Orlando Magic,1610612760,SEA,Seattle SuperSonics,20,26,L,8,20,0.4,2,3,0.667,2,4,0.5,3,7,10,4,1,1,2,4,-6,11,19,0.579,3,4,0.75,1,2,0.5,1,6,7,7,1,1,1,4,6
0020300949,2004-03-13,2003-04,regular_season,False,1610612764,WAS,Washington Wizards,1610612738,BOS,Boston Celtics,30,27,W,11,18,0.611,1,2,0.5,7,9,0.778,1,6,7,7,5,1,4,5,3,11,24,0.458,2,5,0.4,3,5,0.6,6,6,12,5,4,0,8,8,-3
0020300951,2004-03-13,2003-04,regular_season,False,1610612740,NOH,New Orleans Hornets,1610612744,GSW,Golden State Warriors,23,26,L,10,17,0.588,0,0,0.0,3,5,0.6,1,6,7,8,1,0,5,5,-3,11,22,0.5,0,2,0.0,4,5,0.8,4,5,9,7,2,2,3,4,3
0020300963,2004-03-14,2003-04,regular_season,False,1610612746,LAC,Los Angeles Clippers,1610612742,DAL,Dallas Mavericks,19,23,L,5,20,0.25,2,4,0.5,7,8,0.875,2,9,11,4,0,1,1,4,-4,10,23,0.435,0,0,0.0,3,4,0.75,3,12,15,5,1,0,1,6,4
0020300962,2004-03-14,2003-04,regular_season,False,1610612743,DEN,Denver Nuggets,1610612762,UTA,Utah Jazz,19,16,W,4,18,0.222,0,3,0.0,11,13,0.846,3,6,9,2,5,2,3,4,3,7,16,0.438,0,2,0.0,2,4,0.5,1,10,11,6,2,1,8,8,-3
0020300961,2004-03-14,2003-04,regular_season,False,1610612748,MIA,Miami Heat,1610612751,NJN,New Jersey Nets,27,20,W,11,21,0.524,1,1,1.0,4,4,1.0,4,7,11,6,2,0,1,5,7,7,16,0.438,2,8,0.25,4,4,1.0,0,5,5,4,0,0,2,3,-7
0020300959,2004-03-14,2003-04,regular_season,False,1610612750,MIN,Minnesota Timberwolves,1610612757,POR,Portland Trail Blazers,23,20,W,10,21,0.476,1,4,0.25,2,2,1.0,5,6,11,7,1,0,3,5,3,7,22,0.318,1,5,0.2,5,5,1.0,8,3,11,4,2,3,3,4,-3
0020300960,2004-03-14,2003-04,regular_season,False,1610612758,SAC,Sacramento Kings,1610612759,SAS,San Antonio Spurs,21,20,W,7,18,0.389,2,5,0.4,5,9,0.556,3,7,10,5,4,0,5,4,1,8,19,0.421,1,2,0.5,3,6,0.5,3,10,13,5,4,1,5,5,-1
0020300957,2004-03-14,2003-04,regular_season,False,1610612739,CLE,Cleveland Cavaliers,1610612754,IND,Indiana Pacers,36,32,W,15,21,0.714,1,2,0.5,5,5,1.0,2,4,6,13,2,2,1,7,4,12,19,0.632,3,4,0.75,5,6,0.833,3,2,5,6,0,1,4,6,-4
0020300956,2004-03-14,2003-04,regular_season,False,1610612765,DET,Detroit Pistons,1610612755,PHI,Philadelphia 76ers,24,20,W,9,16,0.562,2,5,0.4,4,6,0.667,2,6,8,6,0,3,5,2,4,10,21,0.476,0,1,0.0,0,0,0.0,3,5,8,6,4,0,3,4,-4
0020300955,2004-03-14,2003-04,regular_season,False,1610612761,TOR,Toronto Raptors,1610612737,ATL,Atlanta Hawks,22,22,W,7,21,0.333,3,5,0.6,5,7,0.714,5,7,12,5,2,0,4,7,0,9,16,0.562,0,1,0.0,4,5,0.8,0,8,8,6,2,0,5,7,0
0020300958,2004-03-14,2003-04,regular_season,False,1610612749,MIL,Milwaukee Bucks,1610612752,NYK,New York Knicks,30,20,W,10,23,0.435,3,7,0.429,7,12,0.583,9,8,17,8,1,2,4,6,10,7,18,0.389,0,0,0.0,6,10,0.6,4,5,9,6,4,1,2,7,-10
0020300964,2004-03-15,2003-04,regular_season,False,1610612745,HOU,Houston Rockets,1610612756,PHX,Phoenix Suns,15,20,L,5,16,0.312,3,5,0.6,2,2,1.0,3,11,14,4,0,0,11,6,-5,5,20,0.25,2,5,0.4,8,10,0.8,4,5,9,3,6,0,4,5,5
0020300965,2004-03-15,2003-04,regular_season,False,1610612744,GSW,Golden State Warriors,1610612759,SAS,San Antonio Spurs,23,20,W,7,18,0.389,3,4,0.75,6,8,0.75,3,8,11,4,1,2,5,10,3,4,14,0.286,0,1,0.0,12,16,0.75,3,8,11,1,3,0,3,5,-3
0020300966,2004-03-15,2003-04,regular_season,False,1610612747,LAL,Los Angeles Lakers,1610612753,ORL,Orlando Magic,23,27,L,7,23,0.304,0,5,0.0,9,13,0.692,6,9,15,5,0,2,1,8,-4,10,20,0.5,0,2,0.0,7,11,0.636,2,8,10,3,1,1,3,8,4
0020300973,2004-03-16,2003-04,regular_season,False,1610612763,MEM,Memphis Grizzlies,1610612755,PHI,Philadelphia 76ers,18,23,L,7,16,0.438,0,3,0.0,4,4,1.0,0,6,6,4,4,6,6,6,-5,7,19,0.368,1,3,0.333,8,8,1.0,4,6,10,6,2,0,4,5,5
0020300974,2004-03-16,2003-04,regular_season,False,1610612756,PHX,Phoenix Suns,1610612746,LAC,Los Angeles Clippers,26,37,L,10,20,0.5,0,0,0.0,6,8,0.75,3,7,10,3,2,0,8,9,-11,12,24,0.5,1,2,0.5,12,13,0.923,5,8,13,8,6,2,3,6,11
0020300972,2004-03-16,2003-04,regular_season,False,1610612749,MIL,Milwaukee Bucks,1610612757,POR,Portland Trail Blazers,25,27,L,10,17,0.588,1,1,1.0,4,6,0.667,1,8,9,8,1,0,5,4,-2,11,25,0.44,2,3,0.667,3,3,1.0,4,7,11,7,4,1,4,5,2
0020300971,2004-03-16,2003-04,regular_season,False,1610612737,ATL,Atlanta Hawks,1610612760,SEA,Seattle SuperSonics,17,43,L,6,24,0.25,2,9,0.222,3,4,0.75,5,2,7,3,2,0,5,8,-26,13,19,0.684,7,10,0.7,10,13,0.769,2,13,15,8,3,1,2,5,26
0020300969,2004-03-16,2003-04,regular_season,False,1610612751,NJN,New Jersey Nets,1610612758,SAC,Sacramento Kings,28,26,W,11,19,0.579,3,5,0.6,3,3,1.0,0,8,8,10,1,1,5,8,2,10,22,0.455,0,1,0.0,6,7,0.857,2,8,10,5,2,0,3,2,-2
0020300968,2004-03-16,2003-04,regular_season,False,1610612752,NYK,New York Knicks,1610612764,WAS,Washington Wizards,28,22,W,12,26,0.462,0,1,0.0,4,6,0.667,6,7,13,6,4,2,3,4,6,9,19,0.474,1,2,0.5,3,6,0.5,2,9,11,5,1,0,6,4,-6
0020300967,2004-03-16,2003-04,regular_season,False,1610612739,CLE,Cleveland Cavaliers,1610612741,CHI,Chicago Bulls,22,20,W,9,25,0.36,2,5,0.4,2,2,1.0,6,6,12,7,3,5,5,4,2,9,25,0.36,0,2,0.0,2,4,0.5,7,8,15,5,2,3,4,1,-2
0020300970,2004-03-16,2003-04,regular_season,False,1610612748,MIA,Miami Heat,1610612740,NOH,New Orleans Hornets,26,30,L,10,24,0.417,1,4,0.25,5,7,0.714,5,7,12,7,1,1,1,7,-4,8,20,0.4,1,5,0.2,13,14,0.929,4,8,12,1,1,1,1,5,4
0020300980,2004-03-17,2003-04,regular_season,False,1610612742,DAL,Dallas Mavericks,1610612737,ATL,Atlanta Hawks,19,29,L,8,25,0.32,0,2,0.0,3,4,0.75,7,6,13,5,0,0,3,3,-10,13,22,0.591,3,9,0.333,0,2,0.0,4,8,12,9,3,1,2,5,10
0020300975,2004-03-17,2003-04,regular_season,False,1610612738,BOS,Boston Celtics,1610612743,DEN,Denver Nuggets,23,29,L,8,16,0.5,2,4,0.5,5,10,0.5,0,6,6,7,3,2,4,4,-6,14,24,0.583,1,3,0.333,0,1,0.0,2,9,11,7,3,0,4,7,6
0020300976,2004-03-17,2003-04,regular_season,False,1610612764,WAS,Washington Wizards,1610612758,SAC,Sacramento Kings,19,24,L,8,24,0.333,3,5,0.6,0,0,0.0,4,6,10,7,4,0,4,4,-5,11,18,0.611,1,3,0.333,1,2,0.5,2,10,12,10,3,2,6,2,5
0020300977,2004-03-17,2003-04,regular_season,False,1610612754,IND,Indiana Pacers,1610612757,POR,Portland Trail Blazers,12,24,L,6,23,0.261,0,4,0.0,0,1,0.0,4,7,11,6,1,0,4,7,-12,7,12,0.583,1,2,0.5,9,13,0.692,1,11,12,3,2,6,4,4,12
0020300978,2004-03-17,2003-04,regular_season,False,1610612761,TOR,Toronto Raptors,1610612762,UTA,Utah Jazz,21,16,W,9,19,0.474,2,5,0.4,1,2,0.5,2,11,13,5,3,3,6,5,5,5,19,0.263,0,3,0.0,6,6,1.0,1,8,9,5,3,1,5,5,-5
0020300979,2004-03-17,2003-04,regular_season,False,1610612740,NOH,New Orleans Hornets,1610612755,PHI,Philadelphia 76ers,25,29,L,9,28,0.321,2,9,0.222,5,8,0.625,9,3,12,7,4,0,2,6,-4,10,16,0.625,2,2,1.0,7,8,0.875,2,9,11,10,1,0,5,5,4
0020300981,2004-03-17,2003-04,regular_season,False,1610612746,LAC,Los Angeles Clippers,1610612747,LAL,Los Angeles Lakers,25,29,L,9,20,0.45,0,2,0.0,7,9,0.778,4,4,8,5,2,3,7,5,-4,13,25,0.52,1,3,0.333,2,3,0.667,4,6,10,12,5,1,4,6,4
0020300982,2004-03-17,2003-04,regular_season,False,1610612744,GSW,Golden State Warriors,1610612753,ORL,Orlando Magic,31,24,W,10,17,0.588,2,2,1.0,9,12,0.75,5,10,15,6,1,3,4,2,7,10,25,0.4,2,3,0.667,2,2,1.0,4,4,8,6,1,1,2,7,-7
0020300983,2004-03-18,2003-04,regular_season,False,1610612751,NJN,New Jersey Nets,1610612765,DET,Detroit Pistons,16,34,L,4,13,0.308,0,3,0.0,8,12,0.667,2,6,8,3,2,4,6,9,-18,12,21,0.571,2,3,0.667,8,9,0.889,3,10,13,8,4,1,2,7,18
0020300984,2004-03-18,2003-04,regular_season,False,1610612763,MEM,Memphis Grizzlies,1610612760,SEA,Seattle SuperSonics,21,26,L,9,19,0.474,2,5,0.4,1,4,0.25,2,7,9,7,4,3,4,5,-5,10,20,0.5,0,3,0.0,6,6,1.0,3,6,9,5,2,3,4,4,5
0020300985,2004-03-18,2003-04,regular_season,False,1610612759,SAS,San Antonio Spurs,1610612750,MIN,Minnesota Timberwolves,22,22,W,9,18,0.5,1,2,0.5,3,5,0.6,3,4,7,4,2,0,4,6,0,10,16,0.625,0,2,0.0,2,3,0.667,2,4,6,5,0,0,6,6,0
0020300994,2004-03-19,2003-04,regular_season,False,1610612756,PHX,Phoenix Suns,1610612750,MIN,Minnesota Timberwolves,20,19,W,7,21,0.333,2,6,0.333,4,6,0.667,4,8,12,3,1,1,4,4,1,7,22,0.318,1,4,0.25,4,4,1.0,5,8,13,4,2,2,3,5,-1
0020300993,2004-03-19,2003-04,regular_season,False,1610612742,DAL,Dallas Mavericks,1610612738,BOS,Boston Celtics,27,32,L,11,21,0.524,0,1,0.0,5,5,1.0,5,4,9,7,2,4,4,8,-5,10,19,0.526,2,3,0.667,10,10,1.0,2,5,7,8,2,0,3,5,5
0020300996,2004-03-19,2003-04,regular_season,False,1610612744,GSW,Golden State Warriors,1610612745,HOU,Houston Rockets,21,18,W,10,22,0.455,1,1,1.0,0,0,0.0,2,8,10,5,1,0,2,5,3,8,21,0.381,0,2,0.0,2,4,0.5,5,8,13,2,1,3,4,4,-3
0020300995,2004-03-19,2003-04,regular_season,False,1610612747,LAL,Los Angeles Lakers,1610612746,LAC,Los Angeles Clippers,32,22,W,12,18,0.667,1,3,0.333,7,13,0.538,3,5,8,6,4,3,4,5,10,8,23,0.348,0,1,0.0,6,7,0.857,5,5,10,4,2,0,6,10,-10
0020300992,2004-03-19,2003-04,regular_season,False,1610612765,DET,Detroit Pistons,1610612743,DEN,Denver Nuggets,24,20,W,11,23,0.478,1,3,0.333,1,2,0.5,2,4,6,8,3,1,4,2,4,9,16,0.562,0,3,0.0,2,3,0.667,1,7,8,2,2,1,10,3,-4
0020300990,2004-03-19,2003-04,regular_season,False,1610612754,IND,Indiana Pacers,1610612758,SAC,Sacramento Kings,23,25,L,7,17,0.412,1,4,0.25,8,9,0.889,2,5,7,5,5,2,3,4,-2,10,20,0.5,1,4,0.25,4,6,0.667,5,8,13,7,2,3,5,7,2
0020300989,2004-03-19,2003-04,regular_season,False,1610612739,CLE,Cleveland Cavaliers,1610612762,UTA,Utah Jazz,22,22,L,8,20,0.4,0,1,0.0,6,8,0.75,2,7,9,4,4,3,2,6,0,8,17,0.471,0,0,0.0,6,7,0.857,3,10,13,6,2,1,6,5,0
0020300988,2004-03-19,2003-04,regular_season,False,1610612752,NYK,New York Knicks,1610612751,NJN,New Jersey Nets,17,19,L,8,24,0.333,0,2,0.0,1,5,0.2,10,7,17,4,1,0,4,9,-2,6,16,0.375,0,0,0.0,7,11,0.636,3,5,8,3,1,1,1,4,2
0020300987,2004-03-19,2003-04,regular_season,False,1610612761,TOR,Toronto Raptors,1610612741,CHI,Chicago Bulls,22,17,W,10,21,0.476,0,1,0.0,2,5,0.4,3,6,9,5,5,1,3,3,5,8,22,0.364,1,2,0.5,0,0,0.0,6,8,14,6,2,4,6,6,-5
0020300986,2004-03-19,2003-04,regular_season,False,1610612764,WAS,Washington Wizards,1610612737,ATL,Atlanta Hawks,23,29,L,6,17,0.353,2,7,0.286,9,10,0.9,0,10,10,3,1,1,5,4,-6,11,25,0.44,3,6,0.5,4,4,1.0,3,8,11,7,4,1,2,6,6
0020300991,2004-03-19,2003-04,regular_season,False,1610612740,NOH,New Orleans Hornets,1610612760,SEA,Seattle SuperSonics,14,21,L,7,21,0.333,0,8,0.0,0,0,0.0,6,5,11,4,1,1,3,2,-7,9,21,0.429,1,5,0.2,2,2,1.0,5,6,11,7,2,0,2,2,7
0020300997,2004-03-20,2003-04,regular_season,False,1610612748,MIA,Miami Heat,1610612755,PHI,Philadelphia 76ers,24,14,W,8,18,0.444,3,8,0.375,5,8,0.625,1,13,14,5,3,1,3,4,10,6,19,0.316,1,3,0.333,1,3,0.333,0,9,9,3,3,1,4,5,-10
0020300998,2004-03-20,2003-04,regular_season,False,1610612737,ATL,Atlanta Hawks,1610612762,UTA,Utah Jazz,24,25,L,6,20,0.3,1,4,0.25,11,13,0.846,4,10,14,3,1,1,4,2,-1,11,24,0.458,1,3,0.333,2,2,1.0,3,11,14,6,2,3,3,8,1
0020300999,2004-03-20,2003-04,regular_season,False,1610612763,MEM,Memphis Grizzlies,1610612754,IND,Indiana Pacers,27,20,W,12,20,0.6,2,4,0.5,1,2,0.5,3,8,11,12,3,4,5,6,7,6,20,0.3,1,2,0.5,7,9,0.778,7,4,11,1,3,1,6,4,-7
0020301000,2004-03-20,2003-04,regular_season,False,1610612741,CHI,Chicago Bulls,1610612752,NYK,New York Knicks,23,22,W,8,16,0.5,1,5,0.2,6,6,1.0,2,6,8,7,2,4,4,6,1,8,18,0.444,1,3,0.333,5,8,0.625,4,3,7,5,1,0,5,6,-1
0020301001,2004-03-20,2003-04,regular_season,False,1610612759,SAS,San Antonio Spurs,1610612738,BOS,Boston Celtics,27,26,W,11,21,0.524,1,4,0.25,4,4,1.0,4,7,11,4,2,3,5,4,1,10,19,0.526,2,3,0.667,4,4,1.0,2,6,8,7,2,1,4,4,-1
0020301002,2004-03-20,2003-04,regular_season,False,1610612756,PHX,Phoenix Suns,1610612749,MIL,Milwaukee Bucks,35,27,W,11,20,0.55,5,7,0.714,8,10,0.8,4,6,10,7,1,0,3,5,8,11,17,0.647,0,2,0.0,5,5,1.0,0,6,6,5,2,0,3,9,-8
0020301003,2004-03-20,2003-04,regular_season,False,1610612757,POR,Portland Trail Blazers,1610612753,ORL,Orlando Magic,15,17,L,7,21,0.333,0,4,0.0,1,2,0.5,3,7,10,3,2,2,4,3,-2,7,21,0.333,0,3,0.0,3,6,0.5,7,9,16,3,2,0,4,4,2
0020301010,2004-03-21,2003-04,regular_season,False,1610612758,SAC,Sacramento Kings,1610612745,HOU,Houston Rockets,26,28,L,9,20,0.45,2,4,0.5,6,6,1.0,1,6,7,7,2,1,4,4,-2,10,22,0.455,3,3,1.0,5,6,0.833,6,8,14,4,4,2,5,4,2
0020301012,2004-03-21,2003-04,regular_season,False,1610612747,LAL,Los Angeles Lakers,1610612749,MIL,Milwaukee Bucks,35,24,W,14,19,0.737,1,2,0.5,6,7,0.857,2,8,10,10,3,2,3,5,11,10,19,0.526,0,1,0.0,4,7,0.571,1,4,5,7,3,1,3,6,-11
0020301011,2004-03-21,2003-04,regular_season,False,1610612760,SEA,Seattle SuperSonics,1610612753,ORL,Orlando Magic,24,27,L,10,21,0.476,2,7,0.286,2,2,1.0,3,7,10,8,2,0,2,6,-3,10,17,0.588,3,5,0.6,4,7,0.571,2,6,8,7,2,1,3,4,3
0020301009,2004-03-21,2003-04,regular_season,False,1610612740,NOH,New Orleans Hornets,1610612761,TOR,Toronto Raptors,37,26,W,13,20,0.65,2,4,0.5,9,13,0.692,4,8,12,10,2,2,2,6,11,9,18,0.5,1,3,0.333,7,8,0.875,2,5,7,9,1,1,3,7,-11
0020301008,2004-03-21,2003-04,regular_season,False,1610612739,CLE,Cleveland Cavaliers,1610612765,DET,Detroit Pistons,13,26,L,4,19,0.211,1,3,0.333,4,6,0.667,3,7,10,2,1,2,4,7,-13,9,18,0.5,1,4,0.25,7,8,0.875,0,9,9,7,2,2,2,5,13
0020301007,2004-03-21,2003-04,regular_season,False,1610612764,WAS,Washington Wizards,1610612748,MIA,Miami Heat,15,32,L,7,16,0.438,0,3,0.0,1,2,0.5,2,6,8,4,1,2,9,2,-17,15,23,0.652,1,3,0.333,1,2,0.5,3,6,9,7,4,1,2,3,17
0020301006,2004-03-21,2003-04,regular_season,False,1610612746,LAC,Los Angeles Clippers,1610612744,GSW,Golden State Warriors,28,29,L,11,21,0.524,1,4,0.25,5,6,0.833,3,7,10,5,4,0,5,2,-1,11,20,0.55,3,6,0.5,4,6,0.667,2,4,6,7,3,1,5,5,1
0020301005,2004-03-21,2003-04,regular_season,False,1610612750,MIN,Minnesota Timberwolves,1610612743,DEN,Denver Nuggets,23,10,W,9,18,0.5,2,2,1.0,3,4,0.75,2,13,15,7,1,2,3,5,13,4,19,0.211,0,5,0.0,2,4,0.5,1,6,7,1,1,0,2,4,-13
0020301004,2004-03-21,2003-04,regular_season,False,1610612751,NJN,New Jersey Nets,1610612742,DAL,Dallas Mavericks,20,26,L,7,18,0.389,0,3,0.0,6,7,0.857,2,6,8,5,1,1,4,4,-6,12,22,0.545,0,1,0.0,2,2,1.0,4,8,12,6,3,0,4,7,6
0020301016,2004-03-22,2003-04,regular_season,False,1610612743,DEN,Denver Nuggets,1610612746,LAC,Los Angeles Clippers,22,30,L,10,24,0.417,2,4,0.5,0,0,0.0,6,2,8,4,2,0,3,7,-8,10,17,0.588,0,1,0.0,10,10,1.0,5,8,13,6,1,1,4,4,8
0020301015,2004-03-22,2003-04,regular_season,False,1610612752,NYK,New York Knicks,1610612737,ATL,Atlanta Hawks,25,15,W,10,29,0.345,1,4,0.25,4,4,1.0,8,11,19,3,2,0,2,6,10,4,17,0.235,2,7,0.286,5,7,0.714,3,8,11,3,2,4,6,6,-10
0020301017,2004-03-22,2003-04,regular_season,False,1610612757,POR,Portland Trail Blazers,1610612745,HOU,Houston Rockets,27,26,W,9,19,0.474,0,2,0.0,9,12,0.75,6,5,11,5,4,2,1,4,1,11,16,0.688,3,4,0.75,1,1,1.0,0,4,4,10,0,3,4,7,-1
0020301013,2004-03-22,2003-04,regular_season,False,1610612755,PHI,Philadelphia 76ers,1610612742,DAL,Dallas Mavericks,35,34,W,12,18,0.667,5,6,0.833,6,6,1.0,1,3,4,8,1,1,4,7,1,13,20,0.65,1,1,1.0,7,11,0.636,4,3,7,8,4,0,1,4,-1
0020301014,2004-03-22,2003-04,regular_season,False,1610612754,IND,Indiana Pacers,1610612741,CHI,Chicago Bulls,20,14,W,7,20,0.35,1,3,0.333,5,5,1.0,3,5,8,4,4,1,2,5,6,5,12,0.417,1,2,0.5,3,4,0.75,0,9,9,4,2,4,6,8,-6
0020301024,2004-03-23,2003-04,regular_season,False,1610612758,SAC,Sacramento Kings,1610612749,MIL,Milwaukee Bucks,24,21,W,8,25,0.32,2,6,0.333,6,7,0.857,4,13,17,5,2,1,4,5,3,9,25,0.36,2,6,0.333,1,3,0.333,3,8,11,5,2,1,3,7,-3
0020301018,2004-03-23,2003-04,regular_season,False,1610612739,CLE,Cleveland Cavaliers,1610612756,PHX,Phoenix Suns,17,26,L,7,21,0.333,1,2,0.5,2,2,1.0,2,3,5,5,0,2,3,3,-9,11,19,0.579,0,2,0.0,4,6,0.667,3,9,12,9,2,1,3,5,9
0020301019,2004-03-23,2003-04,regular_season,False,1610612740,NOH,New Orleans Hornets,1610612765,DET,Detroit Pistons,23,12,W,8,19,0.421,3,7,0.429,4,9,0.444,2,11,13,7,5,2,3,6,11,3,15,0.2,0,3,0.0,6,8,0.75,2,12,14,1,1,2,7,7,-11
0020301020,2004-03-23,2003-04,regular_season,False,1610612750,MIN,Minnesota Timberwolves,1610612759,SAS,San Antonio Spurs,12,25,L,4,16,0.25,0,0,0.0,4,5,0.8,2,5,7,3,3,1,5,6,-13,10,19,0.526,1,3,0.333,4,6,0.667,4,10,14,9,3,2,4,6,13
0020301021,2004-03-23,2003-04,regular_season,False,1610612763,MEM,Memphis Grizzlies,1610612761,TOR,Toronto Raptors,31,15,W,10,20,0.5,1,3,0.333,10,13,0.769,2,13,15,7,3,1,1,7,16,4,17,0.235,0,2,0.0,7,10,0.7,2,8,10,3,1,1,6,9,-16
0020301022,2004-03-23,2003-04,regular_season,False,1610612741,CHI,Chicago Bulls,1610612751,NJN,New Jersey Nets,23,15,W,9,18,0.5,3,4,0.75,2,6,0.333,3,4,7,6,4,1,4,6,8,6,16,0.375,0,1,0.0,3,4,0.75,4,5,9,5,1,1,7,8,-8
0020301023,2004-03-23,2003-04,regular_season,False,1610612762,UTA,Utah Jazz,1610612764,WAS,Washington Wizards,29,19,W,13,23,0.565,0,2,0.0,3,5,0.6,2,8,10,9,5,2,2,4,10,7,18,0.389,2,5,0.4,3,7,0.429,5,8,13,2,2,0,8,8,-10
0020301033,2004-03-24,2003-04,regular_season,False,1610612747,LAL,Los Angeles Lakers,1610612758,SAC,Sacramento Kings,32,33,L,12,20,0.6,1,2,0.5,7,9,0.778,2,7,9,7,2,0,3,6,-1,13,23,0.565,2,5,0.4,5,7,0.714,2,5,7,11,3,1,2,4,1
0020301032,2004-03-24,2003-04,regular_season,False,1610612760,SEA,Seattle SuperSonics,1610612762,UTA,Utah Jazz,27,15,W,7,19,0.368,2,9,0.222,11,12,0.917,5,9,14,2,1,2,2,5,12,5,21,0.238,0,4,0.0,5,7,0.714,5,6,11,2,1,1,2,8,-12
0020301034,2004-03-24,2003-04,regular_season,False,1610612744,GSW,Golden State Warriors,1610612749,MIL,Milwaukee Bucks,21,20,W,7,16,0.438,1,1,1.0,6,11,0.545,4,9,13,4,2,1,6,6,1,6,13,0.462,0,3,0.0,8,12,0.667,0,8,8,4,4,0,3,9,-1
0020301031,2004-03-24,2003-04,regular_season,False,1610612757,POR,Portland Trail Blazers,1610612746,LAC,Los Angeles Clippers,22,24,L,10,22,0.455,0,6,0.0,2,2,1.0,5,4,9,4,2,1,3,4,-2,9,19,0.474,0,1,0.0,6,6,1.0,4,7,11,6,3,0,4,6,2
0020301030,2004-03-24,2003-04,regular_season,False,1610612743,DEN,Denver Nuggets,1610612750,MIN,Minnesota Timberwolves,27,28,L,8,19,0.421,2,2,1.0,9,10,0.9,1,3,4,6,1,0,1,7,-1,11,20,0.55,0,1,0.0,6,6,1.0,4,9,13,8,0,2,4,9,1
0020301028,2004-03-24,2003-04,regular_season,False,1610612754,IND,Indiana Pacers,1610612742,DAL,Dallas Mavericks,20,25,L,7,19,0.368,2,6,0.333,4,5,0.8,2,5,7,5,4,1,4,5,-5,11,22,0.5,1,1,1.0,2,3,0.667,4,10,14,6,3,4,5,3,5
0020301027,2004-03-24,2003-04,regular_season,False,1610612752,NYK,New York Knicks,1610612763,MEM,Memphis Grizzlies,29,34,L,9,20,0.45,1,1,1.0,10,11,0.909,6,6,12,2,5,3,7,9,-5,8,18,0.444,3,4,0.75,15,16,0.938,3,5,8,7,3,2,5,8,5
0020301026,2004-03-24,2003-04,regular_season,False,1610612753,ORL,Orlando Magic,1610612748,MIA,Miami Heat,22,29,L,8,22,0.364,3,6,0.5,3,4,0.75,3,4,7,5,2,1,5,7,-7,10,18,0.556,1,1,1.0,8,8,1.0,2,11,13,6,2,1,7,6,7
0020301025,2004-03-24,2003-04,regular_season,False,1610612755,PHI,Philadelphia 76ers,1610612756,PHX,Phoenix Suns,27,29,L,10,18,0.556,0,1,0.0,7,9,0.778,5,6,11,5,2,0,5,8,-2,10,22,0.455,2,7,0.286,7,8,0.875,4,5,9,6,3,1,2,6,2
0020301029,2004-03-24,2003-04,regular_season,False,1610612745,HOU,Houston Rockets,1610612761,TOR,Toronto Raptors,22,19,W,8,16,0.5,2,2,1.0,4,5,0.8,0,10,10,6,0,0,4,6,3,7,18,0.389,0,1,0.0,5,6,0.833,2,6,8,3,2,0,3,3,-3
0020301035,2004-03-25,2003-04,regular_season,False,1610612737,ATL,Atlanta Hawks,1610612740,NOH,New Orleans Hornets,21,20,W,10,20,0.5,1,4,0.25,0,0,0.0,3,6,9,8,0,4,2,5,1,7,18,0.389,2,7,0.286,4,5,0.8,3,6,9,4,1,1,2,3,-1
0020301036,2004-03-25,2003-04,regular_season,False,1610612759,SAS,San Antonio Spurs,1610612765,DET,Detroit Pistons,20,23,L,6,14,0.429,1,3,0.333,7,10,0.7,2,6,8,3,2,2,7,5,-3,10,19,0.526,1,3,0.333,2,5,0.4,1,6,7,6,6,1,3,7,3
0020301037,2004-03-25,2003-04,regular_season,False,1610612746,LAC,Los Angeles Clippers,1610612764,WAS,Washington Wizards,30,28,W,7,20,0.35,2,4,0.5,14,15,0.933,3,10,13,5,0,1,2,4,2,10,24,0.417,6,12,0.5,2,2,1.0,1,7,8,10,1,2,1,11,-2
0020301048,2004-03-26,2003-04,regular_season,False,1610612760,SEA,Seattle SuperSonics,1610612743,DEN,Denver Nuggets,26,22,W,8,20,0.4,0,4,0.0,10,10,1.0,5,6,11,2,3,1,3,2,4,10,21,0.476,2,3,0.667,0,1,0.0,4,6,10,5,0,2,5,7,-4
0020301047,2004-03-26,2003-04,regular_season,False,1610612744,GSW,Golden State Warriors,1610612764,WAS,Washington Wizards,30,21,W,13,25,0.52,0,1,0.0,4,4,1.0,6,5,11,6,2,2,1,4,9,8,16,0.5,1,3,0.333,4,4,1.0,3,5,8,4,1,2,7,4,-9
0020301045,2004-03-26,2003-04,regular_season,False,1610612741,CHI,Chicago Bulls,1610612749,MIL,Milwaukee Bucks,28,27,W,11,20,0.55,5,7,0.714,1,2,0.5,2,6,8,9,1,0,4,5,1,11,18,0.611,1,3,0.333,4,6,0.667,2,6,8,9,2,2,4,5,-1
0020301044,2004-03-26,2003-04,regular_season,False,1610612763,MEM,Memphis Grizzlies,1610612745,HOU,Houston Rockets,20,23,L,5,21,0.238,1,4,0.25,9,11,0.818,3,9,12,1,3,1,2,8,-3,7,20,0.35,0,3,0.0,9,9,1.0,2,12,14,4,0,4,3,7,3
0020301043,2004-03-26,2003-04,regular_season,False,1610612740,NOH,New Orleans Hornets,1610612756,PHX,Phoenix Suns,21,25,L,9,16,0.562,0,2,0.0,3,4,0.75,1,8,9,7,2,2,4,4,-4,12,27,0.444,1,2,0.5,0,1,0.0,6,7,13,4,1,0,2,4,4
0020301046,2004-03-26,2003-04,regular_season,False,1610612747,LAL,Los Angeles Lakers,1610612750,MIN,Minnesota Timberwolves,25,21,W,8,20,0.4,0,1,0.0,9,9,1.0,4,8,12,5,4,1,6,6,4,7,17,0.412,1,2,0.5,6,10,0.6,1,6,7,5,5,1,6,10,-4
0020301041,2004-03-26,2003-04,regular_season,False,1610612748,MIA,Miami Heat,1610612742,DAL,Dallas Mavericks,29,25,W,12,22,0.545,2,6,0.333,3,7,0.429,2,12,14,7,2,2,4,4,4,9,25,0.36,0,0,0.0,7,7,1.0,2,10,12,8,2,2,2,5,-4
0020301040,2004-03-26,2003-04,regular_season,False,1610612752,NYK,New York Knicks,1610612761,TOR,Toronto Raptors,25,26,L,10,21,0.476,1,2,0.5,4,6,0.667,5,6,11,8,2,1,2,6,-1,9,20,0.45,4,5,0.8,4,7,0.571,4,6,10,6,2,0,2,3,1
0020301039,2004-03-26,2003-04,regular_season,False,1610612753,ORL,Orlando Magic,1610612754,IND,Indiana Pacers,21,29,L,9,17,0.529,0,0,0.0,3,6,0.5,3,6,9,5,1,1,5,5,-8,11,24,0.458,3,3,1.0,4,7,0.571,5,3,8,7,3,0,2,5,8
0020301038,2004-03-26,2003-04,regular_season,False,1610612755,PHI,Philadelphia 76ers,1610612739,CLE,Cleveland Cavaliers,19,18,W,7,21,0.333,2,4,0.5,3,5,0.6,7,8,15,4,1,1,5,8,1,3,11,0.273,0,1,0.0,12,16,0.75,1,5,6,2,2,2,3,5,-1
0020301042,2004-03-26,2003-04,regular_season,False,1610612738,BOS,Boston Celtics,1610612751,NJN,New Jersey Nets,28,23,W,10,16,0.625,1,3,0.333,7,9,0.778,2,5,7,4,1,1,5,4,5,9,17,0.529,1,5,0.2,4,5,0.8,0,4,4,9,3,0,5,7,-5
0020301055,2004-03-27,2003-04,regular_season,False,1610612746,LAC,Los Angeles Clippers,1610612750,MIN,Minnesota Timberwolves,26,26,L,9,16,0.562,1,2,0.5,7,9,0.778,1,7,8,6,1,0,3,2,0,11,23,0.478,4,7,0.571,0,0,0.0,3,8,11,9,1,0,2,7,0
0020301054,2004-03-27,2003-04,regular_season,False,1610612757,POR,Portland Trail Blazers,1610612760,SEA,Seattle SuperSonics,24,23,W,10,17,0.588,1,3,0.333,3,4,0.75,1,8,9,7,3,0,5,2,1,10,19,0.526,3,8,0.375,0,0,0.0,0,5,5,8,3,1,3,2,-1
0020301052,2004-03-27,2003-04,regular_season,False,1610612759,SAS,San Antonio Spurs,1610612756,PHX,Phoenix Suns,29,22,W,11,22,0.5,2,4,0.5,5,7,0.714,5,8,13,9,1,1,1,4,7,9,21,0.429,0,0,0.0,4,6,0.667,3,8,11,5,0,1,2,7,-7
0020301053,2004-03-27,2003-04,regular_season,False,1610612762,UTA,Utah Jazz,1610612743,DEN,Denver Nuggets,21,21,W,7,21,0.333,1,1,1.0,6,7,0.857,5,3,8,3,5,1,7,7,0,7,14,0.5,1,4,0.25,6,6,1.0,2,4,6,4,6,5,10,8,0
0020301050,2004-03-27,2003-04,regular_season,False,1610612739,CLE,Cleveland Cavaliers,1610612751,NJN,New Jersey Nets,20,24,L,8,20,0.4,2,3,0.667,2,2,1.0,3,9,12,4,0,1,3,5,-4,9,21,0.429,3,4,0.75,3,5,0.6,3,7,10,5,2,1,1,4,4
0020301049,2004-03-27,2003-04,regular_season,False,1610612737,ATL,Atlanta Hawks,1610612741,CHI,Chicago Bulls,29,20,W,10,21,0.476,1,5,0.2,8,9,0.889,3,5,8,5,2,1,3,5,9,9,19,0.474,1,3,0.333,1,4,0.25,5,7,12,4,1,1,7,7,-9
0020301051,2004-03-27,2003-04,regular_season,False,1610612765,DET,Detroit Pistons,1610612752,NYK,New York Knicks,35,28,W,13,20,0.65,1,1,1.0,8,8,1.0,2,5,7,7,3,2,2,6,7,10,20,0.5,2,3,0.667,6,6,1.0,5,2,7,5,1,3,4,8,-7
0020301062,2004-03-28,2003-04,regular_season,False,1610612758,SAC,Sacramento Kings,1610612764,WAS,Washington Wizards,22,28,L,8,20,0.4,2,4,0.5,4,7,0.571,1,7,8,4,5,2,6,5,-6,11,20,0.55,0,2,0.0,6,7,0.857,3,12,15,6,3,3,8,4,6
0020301056,2004-03-28,2003-04,regular_season,False,1610612761,TOR,Toronto Raptors,1610612763,MEM,Memphis Grizzlies,21,29,L,10,22,0.455,0,2,0.0,1,2,0.5,1,6,7,6,3,1,2,7,-8,11,18,0.611,1,1,1.0,6,8,0.75,2,11,13,7,2,1,4,1,8
0020301057,2004-03-28,2003-04,regular_season,False,1610612753,ORL,Orlando Magic,1610612742,DAL,Dallas Mavericks,20,34,L,6,18,0.333,1,2,0.5,7,8,0.875,2,5,7,3,0,0,5,3,-14,15,23,0.652,0,0,0.0,4,4,1.0,3,11,14,10,3,3,3,6,14
0020301058,2004-03-28,2003-04,regular_season,False,1610612749,MIL,Milwaukee Bucks,1610612745,HOU,Houston Rockets,22,32,L,7,15,0.467,0,1,0.0,8,16,0.5,3,6,9,3,1,1,4,8,-10,10,18,0.556,2,3,0.667,10,11,0.909,3,8,11,6,1,1,3,11,10
0020301059,2004-03-28,2003-04,regular_season,False,1610612754,IND,Indiana Pacers,1610612748,MIA,Miami Heat,25,21,W,7,16,0.438,3,3,1.0,8,11,0.727,4,8,12,7,2,0,6,5,4,8,20,0.4,4,7,0.571,1,1,1.0,3,6,9,6,3,5,5,8,-4
0020301060,2004-03-28,2003-04,regular_season,False,1610612738,BOS,Boston Celtics,1610612755,PHI,Philadelphia 76ers,22,9,W,9,21,0.429,2,8,0.25,2,4,0.5,4,8,12,6,4,0,2,6,13,3,18,0.167,1,8,0.125,2,4,0.5,6,7,13,2,0,1,7,3,-13
0020301061,2004-03-28,2003-04,regular_season,False,1610612744,GSW,Golden State Warriors,1610612746,LAC,Los Angeles Clippers,23,20,W,10,23,0.435,1,3,0.333,2,3,0.667,7,10,17,5,0,1,3,4,3,10,21,0.476,0,2,0.0,0,1,0.0,1,6,7,7,2,0,1,3,-3
0020301063,2004-03-28,2003-04,regular_season,False,1610612747,LAL,Los Angeles Lakers,1610612762,UTA,Utah Jazz,21,18,W,7,19,0.368,1,6,0.167,6,8,0.75,5,9,14,4,1,2,3,5,3,8,20,0.4,1,2,0.5,1,5,0.2,5,6,11,6,0,1,3,7,-3
0020301069,2004-03-29,2003-04,regular_season,False,1610612759,SAS,San Antonio Spurs,1610612739,CLE,Cleveland Cavaliers,33,22,W,14,21,0.667,0,0,0.0,5,7,0.714,4,8,12,8,0,2,3,5,11,8,17,0.471,0,1,0.0,6,7,0.857,1,1,2,4,2,1,3,8,-11
0020301070,2004-03-29,2003-04,regular_season,False,1610612756,PHX,Phoenix Suns,1610612764,WAS,Washington Wizards,28,19,W,10,18,0.556,1,3,0.333,7,9,0.778,2,7,9,4,2,1,4,10,9,5,16,0.312,0,3,0.0,9,12,0.75,1,5,6,1,1,2,5,6,-9
0020301067,2004-03-29,2003-04,regular_season,False,1610612737,ATL,Atlanta Hawks,1610612763,MEM,Memphis Grizzlies,28,28,L,11,23,0.478,1,3,0.333,5,7,0.714,3,5,8,6,3,1,1,7,0,9,18,0.5,1,3,0.333,9,10,0.9,2,6,8,6,1,2,4,7,0
0020301068,2004-03-29,2003-04,regular_season,False,1610612745,HOU,Houston Rockets,1610612750,MIN,Minnesota Timberwolves,23,14,W,10,22,0.455,1,5,0.2,2,3,0.667,4,12,16,5,3,1,7,3,9,5,17,0.294,2,5,0.4,2,2,1.0,0,5,5,4,3,4,5,5,-9
0020301066,2004-03-29,2003-04,regular_season,False,1610612748,MIA,Miami Heat,1610612741,CHI,Chicago Bulls,26,24,W,8,20,0.4,1,5,0.2,9,9,1.0,3,4,7,3,4,1,2,5,2,9,15,0.6,0,1,0.0,6,7,0.857,0,9,9,4,2,1,6,8,-2
0020301065,2004-03-29,2003-04,regular_season,False,1610612751,NJN,New Jersey Nets,1610612738,BOS,Boston Celtics,19,23,L,6,20,0.3,0,3,0.0,7,10,0.7,4,8,12,4,2,0,4,6,-4,8,19,0.421,1,5,0.2,6,9,0.667,3,10,13,3,2,1,4,6,4
0020301064,2004-03-29,2003-04,regular_season,False,1610612752,NYK,New York Knicks,1610612757,POR,Portland Trail Blazers,24,27,L,8,19,0.421,1,4,0.25,7,7,1.0,3,3,6,6,2,1,3,8,-3,8,13,0.615,0,0,0.0,11,13,0.846,2,5,7,6,3,2,3,5,3
0020301071,2004-03-30,2003-04,regular_season,False,1610612755,PHI,Philadelphia 76ers,1610612744,GSW,Golden State Warriors,24,22,W,9,27,0.333,0,4,0.0,6,8,0.75,6,8,14,4,3,1,0,4,2,8,17,0.471,1,1,1.0,5,7,0.714,2,13,15,4,0,3,6,6,-2
0020301072,2004-03-30,2003-04,regular_season,False,1610612749,MIL,Milwaukee Bucks,1610612754,IND,Indiana Pacers,32,25,W,10,18,0.556,1,1,1.0,11,12,0.917,2,6,8,8,1,3,3,3,7,10,20,0.5,3,6,0.5,2,2,1.0,2,5,7,7,2,0,4,9,-7
0020301073,2004-03-30,2003-04,regular_season,False,1610612742,DAL,Dallas Mavericks,1610612739,CLE,Cleveland Cavaliers,36,28,W,15,25,0.6,3,4,0.75,3,4,0.75,5,4,9,9,3,0,3,7,8,11,19,0.579,0,0,0.0,7,10,0.7,3,6,9,6,2,0,4,5,-8
0020301074,2004-03-30,2003-04,regular_season,False,1610612743,DEN,Denver Nuggets,1610612760,SEA,Seattle SuperSonics,32,30,W,12,25,0.48,2,4,0.5,6,6,1.0,6,6,12,9,1,4,2,4,2,13,23,0.565,2,5,0.4,2,3,0.667,4,6,10,7,1,1,3,6,-2
0020301075,2004-03-30,2003-04,regular_season,False,1610612747,LAL,Los Angeles Lakers,1610612740,NOH,New Orleans Hornets,31,22,W,14,23,0.609,3,6,0.5,0,0,0.0,2,7,9,10,2,0,5,4,9,9,18,0.5,0,3,0.0,4,4,1.0,1,6,7,5,3,2,5,4,-9
0020301084,2004-03-31,2003-04,regular_season,False,1610612759,SAS,San Antonio Spurs,1610612758,SAC,Sacramento Kings,28,18,W,11,21,0.524,2,5,0.4,4,4,1.0,2,12,14,8,2,3,2,6,10,6,18,0.333,1,2,0.5,5,8,0.625,1,8,9,3,1,1,2,3,-10
0020301083,2004-03-31,2003-04,regular_season,False,1610612750,MIN,Minnesota Timberwolves,1610612760,SEA,Seattle SuperSonics,17,16,W,6,18,0.333,1,3,0.333,4,6,0.667,6,10,16,5,1,0,6,4,1,7,18,0.389,2,5,0.4,0,0,0.0,1,6,7,6,1,1,4,6,-1
0020301082,2004-03-31,2003-04,regular_season,False,1610612765,DET,Detroit Pistons,1610612746,LAC,Los Angeles Clippers,28,29,L,12,21,0.571,1,4,0.25,3,4,0.75,3,7,10,11,5,3,6,11,-1,10,19,0.526,0,1,0.0,9,10,0.9,0,4,4,4,4,1,5,4,1
0020301081,2004-03-31,2003-04,regular_season,False,1610612761,TOR,Toronto Raptors,1610612744,GSW,Golden State Warriors,14,22,L,6,20,0.3,0,3,0.0,2,2,1.0,3,7,10,3,2,1,5,6,-8,8,18,0.444,0,1,0.0,6,8,0.75,2,11,13,3,5,1,3,2,8
0020301085,2004-03-31,2003-04,regular_season,False,1610612762,UTA,Utah Jazz,1610612740,NOH,New Orleans Hornets,22,24,L,9,18,0.5,1,2,0.5,3,5,0.6,0,6,6,7,3,1,5,7,-2,7,17,0.412,1,4,0.25,9,10,0.9,2,9,11,5,3,1,4,6,2
0020301079,2004-03-31,2003-04,regular_season,False,1610612754,IND,Indiana Pacers,1610612749,MIL,Milwaukee Bucks,20,24,L,10,19,0.526,0,4,0.0,0,2,0.0,3,8,11,6,1,0,4,6,-4,9,19,0.474,3,6,0.5,3,6,0.5,3,5,8,6,2,0,2,1,4
0020301078,2004-03-31,2003-04,regular_season,False,1610612753,ORL,Orlando Magic,1610612741,CHI,Chicago Bulls,21,21,L,8,24,0.333,2,8,0.25,3,4,0.75,6,10,16,7,1,0,4,6,0,8,25,0.32,1,4,0.25,4,5,0.8,7,10,17,3,2,2,4,4,0
0020301076,2004-03-31,2003-04,regular_season,False,1610612738,BOS,Boston Celtics,1610612757,POR,Portland Trail Blazers,23,24,L,9,23,0.391,3,6,0.5,2,4,0.5,4,3,7,6,4,1,0,1,-1,11,18,0.611,0,1,0.0,2,3,0.667,3,10,13,7,0,1,5,5,1
0020301080,2004-03-31,2003-04,regular_season,False,1610612737,ATL,Atlanta Hawks,1610612748,MIA,Miami Heat,24,25,L,8,23,0.348,2,7,0.286,6,7,0.857,5,8,13,8,2,0,2,3,-1,9,18,0.5,5,6,0.833,2,2,1.0,1,7,8,7,0,0,3,5,1
0020301077,2004-03-31,2003-04,regular_season,False,1610612764,WAS,Washington Wizards,1610612751,NJN,New Jersey Nets,23,17,W,8,17,0.471,4,7,0.571,3,4,0.75,1,5,6,6,3,1,5,3,6,8,18,0.444,1,4,0.25,0,0,0.0,2,7,9,8,2,1,6,4,-6
0020301088,2004-04-01,2003-04,regular_season,False,1610612747,LAL,Los Angeles Lakers,1610612745,HOU,Houston Rockets,29,17,W,13,24,0.542,2,3,0.667,1,3,0.333,5,13,18,9,2,0,4,5,12,6,20,0.3,0,3,0.0,5,6,0.833,1,3,4,4,2,2,2,2,-12
0020301087,2004-04-01,2003-04,regular_season,False,1610612742,DAL,Dallas Mavericks,1610612758,SAC,Sacramento Kings,37,20,W,16,26,0.615,1,3,0.333,4,6,0.667,5,11,16,8,4,2,2,3,17,9,24,0.375,1,6,0.167,1,1,1.0,4,5,9,6,0,0,6,5,-17
0020301086,2004-04-01,2003-04,regular_season,False,1610612755,PHI,Philadelphia 76ers,1610612757,POR,Portland Trail Blazers,25,24,W,8,16,0.5,3,3,1.0,6,7,0.857,3,6,9,4,2,1,5,4,1,10,20,0.5,1,5,0.2,3,4,0.75,4,6,10,6,3,2,3,4,-1
0020301089,2004-04-02,2003-04,regular_season,False,1610612753,ORL,Orlando Magic,1610612737,ATL,Atlanta Hawks,26,24,W,9,19,0.474,2,3,0.667,6,9,0.667,5,8,13,3,3,0,6,8,2,8,19,0.421,1,7,0.143,7,12,0.583,2,5,7,6,5,1,3,7,-2
0020301090,2004-04-02,2003-04,regular_season,False,1610612738,BOS,Boston Celtics,1610612744,GSW,Golden State Warriors,31,29,W,12,19,0.632,1,3,0.333,6,7,0.857,0,7,7,7,5,0,6,8,2,8,19,0.421,4,5,0.8,9,10,0.9,1,6,7,5,3,2,9,4,-2
0020301091,2004-04-02,2003-04,regular_season,False,1610612754,IND,Indiana Pacers,1610612761,TOR,Toronto Raptors,17,10,W,6,19,0.316,0,2,0.0,5,5,1.0,5,13,18,3,1,0,5,3,7,5,21,0.238,0,3,0.0,0,0,0.0,1,8,9,5,3,1,3,5,-7
0020301092,2004-04-02,2003-04,regular_season,False,1610612751,NJN,New Jersey Nets,1610612752,NYK,New York Knicks,27,21,W,9,13,0.692,1,3,0.333,8,10,0.8,1,7,8,8,5,1,6,8,6,6,17,0.353,0,2,0.0,9,12,0.75,4,4,8,3,3,0,6,9,-6
0020301093,2004-04-02,2003-04,regular_season,False,1610612765,DET,Detroit Pistons,1610612748,MIA,Miami Heat,17,24,L,6,22,0.273,2,3,0.667,3,3,1.0,5,6,11,4,3,3,5,6,-7,9,19,0.474,3,4,0.75,3,4,0.75,1,9,10,7,2,1,5,5,7
0020301094,2004-04-02,2003-04,regular_season,False,1610612750,MIN,Minnesota Timberwolves,1610612764,WAS,Washington Wizards,23,13,W,10,25,0.4,3,6,0.5,0,0,0.0,7,6,13,7,2,0,2,3,10,5,16,0.312,0,4,0.0,3,3,1.0,4,6,10,2,1,4,7,3,-10
0020301095,2004-04-02,2003-04,regular_season,False,1610612763,MEM,Memphis Grizzlies,1610612756,PHX,Phoenix Suns,30,20,W,13,23,0.565,1,3,0.333,3,7,0.429,3,10,13,11,4,1,2,5,10,8,19,0.421,1,3,0.333,3,5,0.6,2,9,11,3,1,2,5,5,-10
0020301096,2004-04-02,2003-04,regular_season,False,1610612741,CHI,Chicago Bulls,1610612746,LAC,Los Angeles Clippers,27,27,W,10,28,0.357,1,3,0.333,6,9,0.667,6,10,16,7,2,2,1,9,0,6,20,0.3,1,1,1.0,14,16,0.875,4,12,16,5,0,0,2,7,0
0020301097,2004-04-02,2003-04,regular_season,False,1610612749,MIL,Milwaukee Bucks,1610612739,CLE,Cleveland Cavaliers,24,25,L,10,21,0.476,1,4,0.25,3,4,0.75,3,3,6,6,4,2,2,4,-1,11,20,0.55,1,1,1.0,2,5,0.4,6,7,13,6,2,1,5,5,1
0020301098,2004-04-02,2003-04,regular_season,False,1610612743,DEN,Denver Nuggets,1610612745,HOU,Houston Rockets,27,29,L,9,21,0.429,1,4,0.25,8,11,0.727,1,10,11,7,3,1,4,3,-2,12,23,0.522,3,7,0.429,2,3,0.667,2,11,13,10,2,0,6,6,2
0020301099,2004-04-02,2003-04,regular_season,False,1610612762,UTA,Utah Jazz,1610612759,SAS,San Antonio Spurs,15,28,L,5,17,0.294,0,1,0.0,5,5,1.0,1,5,6,1,1,1,5,10,-13,9,17,0.529,0,1,0.0,10,12,0.833,1,8,9,4,2,3,3,5,13
0020301100,2004-04-02,2003-04,regular_season,False,1610612760,SEA,Seattle SuperSonics,1610612747,LAL,Los Angeles Lakers,26,30,L,11,19,0.579,2,3,0.667,2,3,0.667,3,6,9,7,1,0,4,6,-4,12,19,0.632,4,6,0.667,2,3,0.667,2,6,8,7,1,0,3,3,4
0020301104,2004-04-03,2003-04,regular_season,False,1610612742,DAL,Dallas Mavericks,1610612756,PHX,Phoenix Suns,34,21,W,14,17,0.824,1,3,0.333,5,6,0.833,1,9,10,10,3,2,5,6,13,7,21,0.333,1,3,0.333,6,6,1.0,4,2,6,4,0,0,4,5,-13
0020301103,2004-04-03,2003-04,regular_season,False,1610612741,CHI,Chicago Bulls,1610612748,MIA,Miami Heat,16,22,L,6,20,0.3,1,5,0.2,3,5,0.6,4,7,11,4,1,1,4,5,-6,9,23,0.391,3,7,0.429,1,2,0.5,3,11,14,6,2,2,5,7,6
0020301105,2004-04-03,2003-04,regular_season,False,1610612757,POR,Portland Trail Blazers,1610612740,NOH,New Orleans Hornets,22,28,L,8,20,0.4,1,5,0.2,5,5,1.0,5,5,10,5,1,1,4,4,-6,11,18,0.611,1,4,0.25,5,5,1.0,2,7,9,7,2,0,3,3,6
0020301101,2004-04-03,2003-04,regular_season,False,1610612755,PHI,Philadelphia 76ers,1610612752,NYK,New York Knicks,20,27,L,6,16,0.375,0,1,0.0,8,9,0.889,3,8,11,4,1,2,5,4,-7,12,23,0.522,1,2,0.5,2,3,0.667,3,6,9,10,1,0,2,8,7
0020301102,2004-04-03,2003-04,regular_season,False,1610612739,CLE,Cleveland Cavaliers,1610612744,GSW,Golden State Warriors,26,27,L,10,27,0.37,0,2,0.0,6,10,0.6,10,5,15,5,1,3,0,4,-1,11,19,0.579,1,3,0.333,4,5,0.8,2,9,11,9,0,1,5,8,1
0020301114,2004-04-04,2003-04,regular_season,False,1610612746,LAC,Los Angeles Clippers,1610612762,UTA,Utah Jazz,19,15,W,8,17,0.471,0,2,0.0,3,4,0.75,1,6,7,5,3,2,3,7,4,6,19,0.316,0,2,0.0,3,4,0.75,5,8,13,4,1,2,4,4,-4
0020301111,2004-04-04,2003-04,regular_season,False,1610612765,DET,Detroit Pistons,1610612754,IND,Indiana Pacers,24,15,W,7,16,0.438,2,3,0.667,8,9,0.889,1,9,10,4,2,2,3,4,9,6,18,0.333,1,3,0.333,2,2,1.0,3,6,9,3,2,0,6,7,-9
0020301113,2004-04-04,2003-04,regular_season,False,1610612760,SEA,Seattle SuperSonics,1610612740,NOH,New Orleans Hornets,24,24,W,11,20,0.55,2,5,0.4,0,0,0.0,2,9,11,7,1,1,4,6,0,9,22,0.409,1,5,0.2,5,6,0.833,4,7,11,7,2,1,2,1,0
0020301110,2004-04-04,2003-04,regular_season,False,1610612747,LAL,Los Angeles Lakers,1610612759,SAS,San Antonio Spurs,20,32,L,5,16,0.312,1,6,0.167,9,10,0.9,1,6,7,4,0,3,5,7,-12,11,20,0.55,4,6,0.667,6,9,0.667,1,10,11,8,2,1,2,7,12
0020301112,2004-04-04,2003-04,regular_season,False,1610612751,NJN,New Jersey Nets,1610612737,ATL,Atlanta Hawks,21,21,W,10,22,0.455,0,2,0.0,1,2,0.5,2,10,12,7,1,3,3,6,0,6,21,0.286,0,3,0.0,9,9,1.0,4,6,10,4,2,2,2,5,0
0020301108,2004-04-04,2003-04,regular_season,False,1610612764,WAS,Washington Wizards,1610612738,BOS,Boston Celtics,27,32,L,10,17,0.588,2,4,0.5,5,8,0.625,2,5,7,8,3,2,7,5,-5,12,20,0.6,1,2,0.5,7,7,1.0,1,6,7,9,7,0,3,7,5
0020301106,2004-04-04,2003-04,regular_season,False,1610612761,TOR,Toronto Raptors,1610612749,MIL,Milwaukee Bucks,24,16,W,12,18,0.667,0,2,0.0,0,0,0.0,0,13,13,7,2,0,7,4,8,6,21,0.286,2,4,0.5,2,2,1.0,1,4,5,3,4,1,4,0,-8
0020301109,2004-04-04,2003-04,regular_season,False,1610612750,MIN,Minnesota Timberwolves,1610612763,MEM,Memphis Grizzlies,27,22,W,8,19,0.421,1,2,0.5,10,11,0.909,3,9,12,4,2,2,4,3,5,9,26,0.346,2,4,0.5,2,4,0.5,6,7,13,6,1,1,4,6,-5
0020301107,2004-04-04,2003-04,regular_season,False,1610612745,HOU,Houston Rockets,1610612758,SAC,Sacramento Kings,29,23,W,13,23,0.565,1,6,0.167,2,2,1.0,3,11,14,7,4,1,6,4,6,9,19,0.474,2,3,0.667,3,6,0.5,1,6,7,7,4,1,4,4,-6
0020300501,2004-04-05,2003-04,regular_season,False,1610612762,UTA,Utah Jazz,1610612763,MEM,Memphis Grizzlies,17,20,L,7,17,0.412,2,5,0.4,1,1,1.0,2,7,9,5,1,0,6,6,-3,8,14,0.571,3,7,0.429,1,3,0.333,0,7,7,8,3,2,6,4,3
0020301115,2004-04-06,2003-04,regular_season,False,1610612739,CLE,Cleveland Cavaliers,1610612761,TOR,Toronto Raptors,24,24,L,9,22,0.409,0,0,0.0,6,8,0.75,6,5,11,5,5,0,4,6,0,8,17,0.471,1,2,0.5,7,9,0.778,1,6,7,6,3,4,5,7,0
0020301116,2004-04-06,2003-04,regular_season,False,1610612751,NJN,New Jersey Nets,1610612749,MIL,Milwaukee Bucks,30,26,W,11,21,0.524,4,8,0.5,4,5,0.8,3,6,9,7,4,1,3,5,4,10,22,0.455,1,5,0.2,5,5,1.0,4,6,10,5,3,1,4,6,-4
0020301117,2004-04-06,2003-04,regular_season,False,1610612737,ATL,Atlanta Hawks,1610612755,PHI,Philadelphia 76ers,12,24,L,5,22,0.227,1,5,0.2,1,4,0.25,3,10,13,3,2,3,3,4,-12,9,23,0.391,4,8,0.5,2,2,1.0,3,14,17,7,2,3,2,4,12
0020301118,2004-04-06,2003-04,regular_season,False,1610612765,DET,Detroit Pistons,1610612753,ORL,Orlando Magic,34,23,W,14,22,0.636,2,3,0.667,4,5,0.8,1,7,8,12,4,1,2,5,11,8,19,0.421,1,4,0.25,6,6,1.0,3,5,8,2,2,0,6,5,-11
0020301119,2004-04-06,2003-04,regular_season,False,1610612754,IND,Indiana Pacers,1610612752,NYK,New York Knicks,20,13,W,8,22,0.364,1,4,0.25,3,5,0.6,1,8,9,5,4,0,2,6,7,5,18,0.278,0,2,0.0,3,5,0.6,2,12,14,3,1,1,6,6,-7
0020301120,2004-04-06,2003-04,regular_season,False,1610612742,DAL,Dallas Mavericks,1610612760,SEA,Seattle SuperSonics,24,30,L,12,24,0.5,0,5,0.0,0,0,0.0,4,7,11,8,0,1,3,2,-6,13,25,0.52,1,8,0.125,3,3,1.0,4,7,11,7,2,3,1,1,6
0020301121,2004-04-06,2003-04,regular_season,False,1610612747,LAL,Los Angeles Lakers,1610612757,POR,Portland Trail Blazers,19,14,W,8,19,0.421,1,2,0.5,2,2,1.0,5,6,11,5,4,1,9,4,5,7,15,0.467,0,1,0.0,0,1,0.0,2,5,7,5,6,3,11,5,-5
0020301122,2004-04-06,2003-04,regular_season,False,1610612758,SAC,Sacramento Kings,1610612740,NOH,New Orleans Hornets,33,19,W,15,19,0.789,1,2,0.5,2,2,1.0,2,6,8,11,6,2,9,7,14,6,19,0.316,0,4,0.0,7,8,0.875,6,2,8,1,4,0,10,2,-14
0020301123,2004-04-06,2003-04,regular_season,False,1610612744,GSW,Golden State Warriors,1610612745,HOU,Houston Rockets,32,22,W,12,19,0.632,2,5,0.4,6,7,0.857,2,6,8,8,2,1,3,7,10,7,16,0.438,0,0,0.0,8,9,0.889,3,4,7,1,2,0,5,4,-10
0020301131,2004-04-07,2003-04,regular_season,False,1610612757,POR,Portland Trail Blazers,1610612744,GSW,Golden State Warriors,26,14,W,12,20,0.6,2,2,1.0,0,0,0.0,0,7,7,10,3,5,0,2,12,7,25,0.28,0,1,0.0,0,0,0.0,8,8,16,4,0,0,6,4,-12
0020301132,2004-04-07,2003-04,regular_season,False,1610612746,LAC,Los Angeles Clippers,1610612745,HOU,Houston Rockets,21,30,L,8,23,0.348,1,1,1.0,4,7,0.571,4,5,9,3,3,0,2,2,-9,14,22,0.636,2,5,0.4,0,0,0.0,2,10,12,12,2,2,3,4,9
0020301129,2004-04-07,2003-04,regular_season,False,1610612759,SAS,San Antonio Spurs,1610612760,SEA,Seattle SuperSonics,17,17,W,8,18,0.444,1,5,0.2,0,0,0.0,2,9,11,3,0,0,5,2,0,7,18,0.389,1,3,0.333,2,2,1.0,2,6,8,2,3,1,4,5,0
0020301128,2004-04-07,2003-04,regular_season,False,1610612763,MEM,Memphis Grizzlies,1610612739,CLE,Cleveland Cavaliers,27,22,W,9,22,0.409,0,1,0.0,9,12,0.75,5,9,14,8,3,1,4,5,5,7,17,0.412,1,1,1.0,7,9,0.778,1,10,11,4,2,2,5,9,-5
0020301130,2004-04-07,2003-04,regular_season,False,1610612756,PHX,Phoenix Suns,1610612743,DEN,Denver Nuggets,23,30,L,9,20,0.45,1,1,1.0,4,6,0.667,3,8,11,6,0,1,6,5,-7,12,26,0.462,2,5,0.4,4,4,1.0,6,6,12,6,3,2,1,5,7
0020301126,2004-04-07,2003-04,regular_season,False,1610612761,TOR,Toronto Raptors,1610612754,IND,Indiana Pacers,17,23,L,7,18,0.389,2,5,0.4,1,2,0.5,2,5,7,5,1,0,4,7,-6,10,21,0.476,0,4,0.0,3,3,1.0,6,7,13,5,0,2,4,6,6
0020301125,2004-04-07,2003-04,regular_season,False,1610612748,MIA,Miami Heat,1610612738,BOS,Boston Celtics,37,27,W,11,22,0.5,5,8,0.625,10,11,0.909,4,7,11,9,5,2,3,6,10,9,17,0.529,0,4,0.0,9,10,0.9,1,8,9,4,2,2,5,8,-10
0020301124,2004-04-07,2003-04,regular_season,False,1610612752,NYK,New York Knicks,1610612741,CHI,Chicago Bulls,28,17,W,9,21,0.429,0,1,0.0,10,10,1.0,6,10,16,7,5,2,4,5,11,7,17,0.412,2,3,0.667,1,2,0.5,1,5,6,4,2,2,7,7,-11
0020301127,2004-04-07,2003-04,regular_season,False,1610612749,MIL,Milwaukee Bucks,1610612764,WAS,Washington Wizards,29,33,L,12,22,0.545,1,3,0.333,4,4,1.0,3,7,10,9,0,1,5,3,-4,13,26,0.5,4,6,0.667,3,3,1.0,4,6,10,8,3,0,2,8,4
0020301133,2004-04-08,2003-04,regular_season,False,1610612751,NJN,New Jersey Nets,1610612753,ORL,Orlando Magic,26,22,W,11,20,0.55,3,3,1.0,1,2,0.5,3,7,10,10,1,0,2,7,4,9,15,0.6,0,2,0.0,4,8,0.5,1,6,7,5,2,0,2,4,-4
0020301134,2004-04-08,2003-04,regular_season,False,1610612742,DAL,Dallas Mavericks,1610612762,UTA,Utah Jazz,27,29,L,10,21,0.476,4,5,0.8,3,3,1.0,3,4,7,8,1,1,1,4,-2,10,16,0.625,2,3,0.667,7,8,0.875,2,7,9,7,0,1,2,4,2
0020301135,2004-04-08,2003-04,regular_season,False,1610612758,SAC,Sacramento Kings,1610612750,MIN,Minnesota Timberwolves,25,20,W,10,20,0.5,1,3,0.333,4,4,1.0,2,9,11,5,1,0,1,4,5,9,24,0.375,0,2,0.0,2,2,1.0,5,7,12,2,1,1,1,5,-5
0020301146,2004-04-09,2003-04,regular_season,False,1610612744,GSW,Golden State Warriors,1610612750,MIN,Minnesota Timberwolves,32,21,W,10,21,0.476,0,2,0.0,12,15,0.8,2,9,11,8,2,0,3,8,11,7,23,0.304,0,3,0.0,7,11,0.636,6,6,12,4,1,3,4,9,-11
0020301145,2004-04-09,2003-04,regular_season,False,1610612747,LAL,Los Angeles Lakers,1610612763,MEM,Memphis Grizzlies,29,24,W,11,16,0.688,0,4,0.0,7,8,0.875,0,6,6,8,6,0,7,4,5,10,20,0.5,0,2,0.0,4,4,1.0,4,2,6,9,5,0,9,7,-5
0020301144,2004-04-09,2003-04,regular_season,False,1610612756,PHX,Phoenix Suns,1610612758,SAC,Sacramento Kings,27,22,W,7,15,0.467,3,3,1.0,10,10,1.0,2,11,13,5,2,1,6,5,5,9,22,0.409,0,3,0.0,4,6,0.667,4,6,10,5,3,1,3,7,-5
0020301143,2004-04-09,2003-04,regular_season,False,1610612745,HOU,Houston Rockets,1610612743,DEN,Denver Nuggets,21,26,L,7,21,0.333,1,8,0.125,6,7,0.857,4,8,12,4,1,2,5,4,-5,11,20,0.55,0,1,0.0,4,4,1.0,1,9,10,4,2,2,1,5,5
0020301142,2004-04-09,2003-04,regular_season,False,1610612741,CHI,Chicago Bulls,1610612737,ATL,Atlanta Hawks,24,24,L,11,26,0.423,2,4,0.5,0,0,0.0,3,9,12,6,1,1,3,4,0,9,20,0.45,1,6,0.167,5,5,1.0,2,9,11,6,1,5,4,4,0
0020301139,2004-04-09,2003-04,regular_season,False,1610612765,DET,Detroit Pistons,1610612761,TOR,Toronto Raptors,19,17,W,5,15,0.333,1,4,0.25,8,12,0.667,3,11,14,5,2,0,8,6,2,6,18,0.333,1,3,0.333,4,6,0.667,2,5,7,5,4,0,5,9,-2
0020301140,2004-04-09,2003-04,regular_season,False,1610612759,SAS,San Antonio Spurs,1610612757,POR,Portland Trail Blazers,21,16,W,9,16,0.562,1,3,0.333,2,3,0.667,2,10,12,5,4,2,7,3,5,6,21,0.286,1,2,0.5,3,4,0.75,5,5,10,4,5,0,4,5,-5
0020301138,2004-04-09,2003-04,regular_season,False,1610612740,NOH,New Orleans Hornets,1610612738,BOS,Boston Celtics,17,26,L,5,17,0.294,1,3,0.333,6,9,0.667,2,9,11,4,1,1,7,7,-9,9,22,0.409,1,7,0.143,7,9,0.778,3,11,14,3,5,1,3,6,9
0020301137,2004-04-09,2003-04,regular_season,False,1610612748,MIA,Miami Heat,1610612739,CLE,Cleveland Cavaliers,23,17,W,6,16,0.375,0,0,0.0,11,16,0.688,1,7,8,4,2,0,2,3,6,7,15,0.467,0,1,0.0,3,5,0.6,1,9,10,4,0,1,8,11,-6
0020301136,2004-04-09,2003-04,regular_season,False,1610612755,PHI,Philadelphia 76ers,1610612764,WAS,Washington Wizards,20,22,L,7,25,0.28,0,1,0.0,6,6,1.0,7,1,8,4,4,2,1,7,-2,7,13,0.538,2,3,0.667,6,10,0.6,3,9,12,4,0,3,6,6,2
0020301141,2004-04-09,2003-04,regular_season,False,1610612754,IND,Indiana Pacers,1610612751,NJN,New Jersey Nets,26,22,W,9,17,0.529,4,5,0.8,4,4,1.0,1,4,5,6,4,0,4,8,4,7,14,0.5,1,3,0.333,7,10,0.7,2,6,8,5,1,0,6,4,-4
0020301151,2004-04-10,2003-04,regular_season,False,1610612739,CLE,Cleveland Cavaliers,1610612748,MIA,Miami Heat,30,18,W,13,24,0.542,3,6,0.5,1,2,0.5,4,9,13,10,0,2,1,5,12,6,17,0.353,2,3,0.667,4,6,0.667,3,3,6,2,1,0,1,3,-12
0020301153,2004-04-10,2003-04,regular_season,False,1610612743,DEN,Denver Nuggets,1610612757,POR,Portland Trail Blazers,18,23,L,7,25,0.28,0,4,0.0,4,4,1.0,7,6,13,3,1,0,3,5,-5,9,15,0.6,0,0,0.0,5,10,0.5,2,8,10,2,3,3,3,4,5
0020301152,2004-04-10,2003-04,regular_season,False,1610612749,MIL,Milwaukee Bucks,1610612740,NOH,New Orleans Hornets,16,21,L,6,22,0.273,0,4,0.0,4,5,0.8,5,8,13,4,0,1,3,9,-5,5,21,0.238,1,4,0.25,10,14,0.714,9,10,19,3,3,2,2,4,5
0020301154,2004-04-10,2003-04,regular_season,False,1610612762,UTA,Utah Jazz,1610612745,HOU,Houston Rockets,23,24,L,9,13,0.692,1,2,0.5,4,4,1.0,1,6,7,6,1,0,8,6,-1,9,15,0.6,0,2,0.0,6,7,0.857,0,2,2,3,4,1,3,5,1
0020301150,2004-04-10,2003-04,regular_season,False,1610612737,ATL,Atlanta Hawks,1610612738,BOS,Boston Celtics,28,23,W,8,17,0.471,2,3,0.667,10,11,0.909,4,10,14,6,0,1,7,9,5,6,16,0.375,3,9,0.333,8,15,0.533,1,6,7,2,3,2,3,7,-5
0020301148,2004-04-10,2003-04,regular_season,False,1610612764,WAS,Washington Wizards,1610612752,NYK,New York Knicks,22,24,L,10,20,0.5,1,4,0.25,1,1,1.0,1,6,7,5,3,1,5,5,-2,9,19,0.474,1,3,0.333,5,5,1.0,3,8,11,5,2,1,6,3,2
0020301147,2004-04-10,2003-04,regular_season,False,1610612760,SEA,Seattle SuperSonics,1610612742,DAL,Dallas Mavericks,38,25,W,16,23,0.696,6,10,0.6,0,0,0.0,0,8,8,12,3,0,2,3,13,11,22,0.5,1,3,0.333,2,2,1.0,3,5,8,5,0,2,3,3,-13
0020301149,2004-04-10,2003-04,regular_season,False,1610612753,ORL,Orlando Magic,1610612765,DET,Detroit Pistons,20,29,L,8,16,0.5,0,3,0.0,4,5,0.8,1,0,1,4,1,1,4,5,-9,12,18,0.667,1,3,0.333,4,6,0.667,4,5,9,8,2,1,2,4,9
0020301155,2004-04-11,2003-04,regular_season,False,1610612751,NJN,New Jersey Nets,1610612755,PHI,Philadelphia 76ers,21,16,W,7,18,0.389,2,3,0.667,5,6,0.833,2,12,14,6,0,0,4,5,5,6,18,0.333,1,1,1.0,3,6,0.5,0,9,9,3,3,1,3,4,-5
0020301156,2004-04-11,2003-04,regular_season,False,1610612761,TOR,Toronto Raptors,1610612741,CHI,Chicago Bulls,21,21,L,9,21,0.429,0,4,0.0,3,4,0.75,2,9,11,4,1,0,4,8,0,5,16,0.312,2,7,0.286,9,13,0.692,2,10,12,3,2,1,4,6,0
0020301157,2004-04-11,2003-04,regular_season,False,1610612758,SAC,Sacramento Kings,1610612747,LAL,Los Angeles Lakers,23,20,W,7,21,0.333,4,4,1.0,5,5,1.0,6,7,13,6,1,2,4,4,3,9,21,0.429,1,6,0.167,1,2,0.5,4,7,11,7,2,0,3,4,-3
0020301158,2004-04-11,2003-04,regular_season,False,1610612756,PHX,Phoenix Suns,1610612763,MEM,Memphis Grizzlies,23,19,W,7,10,0.7,0,0,0.0,9,12,0.75,1,10,11,2,2,1,11,10,4,6,23,0.261,1,5,0.2,6,8,0.75,5,4,9,2,4,1,5,12,-4
0020301159,2004-04-11,2003-04,regular_season,False,1610612744,GSW,Golden State Warriors,1610612742,DAL,Dallas Mavericks,21,23,L,10,26,0.385,0,2,0.0,1,2,0.5,7,7,14,2,1,1,4,5,-2,11,25,0.44,0,0,0.0,1,1,1.0,3,9,12,6,2,1,3,4,2
0020301160,2004-04-11,2003-04,regular_season,False,1610612746,LAC,Los Angeles Clippers,1610612759,SAS,San Antonio Spurs,23,18,W,9,24,0.375,0,1,0.0,5,5,1.0,7,7,14,7,0,0,3,6,5,7,14,0.5,0,1,0.0,4,7,0.571,0,7,7,4,2,3,5,6,-5
0020301170,2004-04-12,2003-04,regular_season,False,1610612757,POR,Portland Trail Blazers,1610612759,SAS,San Antonio Spurs,10,15,L,4,23,0.174,2,6,0.333,0,0,0.0,2,9,11,1,3,2,3,5,-5,6,15,0.4,1,2,0.5,2,4,0.5,1,15,16,3,1,3,7,2,5
0020301169,2004-04-12,2003-04,regular_season,False,1610612743,DEN,Denver Nuggets,1610612758,SAC,Sacramento Kings,33,26,W,14,26,0.538,0,3,0.0,5,6,0.833,4,6,10,7,4,1,2,6,7,8,19,0.421,0,2,0.0,10,11,0.909,2,6,8,5,2,4,7,8,-7
0020301168,2004-04-12,2003-04,regular_season,False,1610612741,CHI,Chicago Bulls,1610612753,ORL,Orlando Magic,21,28,L,6,19,0.316,2,5,0.4,7,14,0.5,3,7,10,5,1,1,2,7,-7,10,23,0.435,0,1,0.0,8,11,0.727,6,11,17,5,1,1,2,8,7
0020301167,2004-04-12,2003-04,regular_season,False,1610612750,MIN,Minnesota Timberwolves,1610612762,UTA,Utah Jazz,27,13,W,9,19,0.474,1,4,0.25,8,10,0.8,4,9,13,4,0,4,2,7,14,3,17,0.176,0,4,0.0,7,8,0.875,4,5,9,2,1,1,6,7,-14
0020301166,2004-04-12,2003-04,regular_season,False,1610612740,NOH,New Orleans Hornets,1610612752,NYK,New York Knicks,31,22,W,10,15,0.667,1,1,1.0,10,15,0.667,0,8,8,10,5,2,2,6,9,7,18,0.389,1,4,0.25,7,11,0.636,3,6,9,6,2,1,5,9,-9
0020301171,2004-04-12,2003-04,regular_season,False,1610612760,SEA,Seattle SuperSonics,1610612745,HOU,Houston Rockets,28,22,W,11,21,0.524,2,4,0.5,4,6,0.667,4,6,10,5,3,1,1,9,6,6,15,0.4,1,4,0.25,9,11,0.818,1,8,9,2,1,1,6,5,-6
0020301164,2004-04-12,2003-04,regular_season,False,1610612737,ATL,Atlanta Hawks,1610612751,NJN,New Jersey Nets,30,21,W,11,19,0.579,6,9,0.667,2,2,1.0,2,6,8,8,1,0,2,7,9,7,16,0.438,1,6,0.167,6,10,0.6,3,6,9,5,0,0,3,4,-9
0020301163,2004-04-12,2003-04,regular_season,False,1610612755,PHI,Philadelphia 76ers,1610612754,IND,Indiana Pacers,27,25,W,10,22,0.455,1,2,0.5,6,6,1.0,3,5,8,6,3,0,5,6,2,8,15,0.533,1,3,0.333,8,10,0.8,0,7,7,4,4,0,7,6,-2
0020301162,2004-04-12,2003-04,regular_season,False,1610612739,CLE,Cleveland Cavaliers,1610612749,MIL,Milwaukee Bucks,18,31,L,7,18,0.389,1,2,0.5,3,4,0.75,1,3,4,6,2,1,4,7,-13,11,17,0.647,1,2,0.5,8,10,0.8,2,10,12,7,2,0,4,5,13
0020301161,2004-04-12,2003-04,regular_season,False,1610612738,BOS,Boston Celtics,1610612748,MIA,Miami Heat,17,17,L,5,15,0.333,0,3,0.0,7,9,0.778,2,9,11,2,4,1,5,6,0,7,19,0.368,2,6,0.333,1,2,0.5,3,7,10,4,2,1,6,4,0
0020301165,2004-04-12,2003-04,regular_season,False,1610612765,DET,Detroit Pistons,1610612764,WAS,Washington Wizards,20,22,L,9,16,0.562,0,1,0.0,2,2,1.0,1,7,8,4,2,2,10,2,-2,10,21,0.476,2,5,0.4,0,0,0.0,0,4,4,6,5,2,6,4,2
0020301172,2004-04-13,2003-04,regular_season,False,1610612761,TOR,Toronto Raptors,1610612765,DET,Detroit Pistons,20,18,W,7,15,0.467,1,4,0.25,5,5,1.0,0,8,8,2,3,0,4,3,2,8,19,0.421,0,1,0.0,2,2,1.0,2,8,10,5,1,1,4,5,-2
0020301173,2004-04-13,2003-04,regular_season,False,1610612742,DAL,Dallas Mavericks,1610612763,MEM,Memphis Grizzlies,31,28,W,14,20,0.7,1,3,0.333,2,3,0.667,0,5,5,9,5,0,4,3,3,11,19,0.579,2,4,0.5,4,5,0.8,1,5,6,7,2,0,5,3,-3
0020301174,2004-04-13,2003-04,regular_season,False,1610612756,PHX,Phoenix Suns,1610612746,LAC,Los Angeles Clippers,17,28,L,7,23,0.304,0,2,0.0,3,7,0.429,2,9,11,4,2,0,1,7,-11,11,21,0.524,0,2,0.0,6,9,0.667,2,15,17,8,1,5,3,5,11
0020301175,2004-04-13,2003-04,regular_season,False,1610612747,LAL,Los Angeles Lakers,1610612744,GSW,Golden State Warriors,22,30,L,9,19,0.474,0,1,0.0,4,6,0.667,1,9,10,3,0,1,3,8,-8,10,22,0.455,2,6,0.333,8,9,0.889,3,10,13,3,0,0,0,6,8
0020301189,2004-04-14,2003-04,regular_season,False,1610612744,GSW,Golden State Warriors,1610612758,SAC,Sacramento Kings,32,18,W,13,27,0.481,1,5,0.2,5,7,0.714,5,10,15,6,2,1,0,3,14,7,21,0.333,0,1,0.0,4,5,0.8,5,8,13,4,0,3,5,6,-14
0020301188,2004-04-14,2003-04,regular_season,False,1610612746,LAC,Los Angeles Clippers,1610612760,SEA,Seattle SuperSonics,26,36,L,9,20,0.45,1,2,0.5,7,9,0.778,5,4,9,6,1,0,2,6,-10,12,18,0.667,5,7,0.714,7,7,1.0,1,5,6,8,1,0,1,5,10
0020301187,2004-04-14,2003-04,regular_season,False,1610612757,POR,Portland Trail Blazers,1610612747,LAL,Los Angeles Lakers,22,23,L,10,19,0.526,2,3,0.667,0,1,0.0,4,5,9,5,0,0,4,3,-1,11,22,0.5,1,5,0.2,0,0,0.0,4,5,9,7,0,0,2,2,1
0020301186,2004-04-14,2003-04,regular_season,False,1610612745,HOU,Houston Rockets,1610612742,DAL,Dallas Mavericks,14,21,L,6,14,0.429,0,4,0.0,2,6,0.333,2,9,11,3,3,0,8,6,-7,8,19,0.421,1,6,0.167,4,8,0.5,2,8,10,3,6,1,3,6,7
0020301185,2004-04-14,2003-04,regular_season,False,1610612762,UTA,Utah Jazz,1610612756,PHX,Phoenix Suns,26,25,W,12,23,0.522,1,2,0.5,1,3,0.333,2,3,5,6,4,0,2,3,1,11,18,0.611,1,3,0.333,2,2,1.0,3,7,10,8,2,2,9,8,-1
0020301184,2004-04-14,2003-04,regular_season,False,1610612759,SAS,San Antonio Spurs,1610612743,DEN,Denver Nuggets,19,12,W,5,13,0.385,0,5,0.0,9,12,0.75,2,12,14,5,2,4,6,6,7,6,25,0.24,0,1,0.0,0,0,0.0,7,7,14,1,1,1,4,8,-7
0020301183,2004-04-14,2003-04,regular_season,False,1610612763,MEM,Memphis Grizzlies,1610612750,MIN,Minnesota Timberwolves,18,27,L,8,22,0.364,1,2,0.5,1,2,0.5,1,4,5,4,7,0,3,6,-9,9,16,0.562,1,1,1.0,8,8,1.0,3,12,15,5,2,0,7,5,9
0020301179,2004-04-14,2003-04,regular_season,False,1610612752,NYK,New York Knicks,1610612739,CLE,Cleveland Cavaliers,15,25,L,7,21,0.333,0,1,0.0,1,3,0.333,3,7,10,2,4,0,6,4,-10,9,20,0.45,1,3,0.333,6,6,1.0,3,11,14,5,4,3,4,3,10
0020301181,2004-04-14,2003-04,regular_season,False,1610612754,IND,Indiana Pacers,1610612741,CHI,Chicago Bulls,23,24,L,7,20,0.35,2,5,0.4,7,9,0.778,4,13,17,6,1,3,3,5,-1,8,20,0.4,4,10,0.4,4,8,0.5,1,9,10,7,2,2,2,7,1
0020301180,2004-04-14,2003-04,regular_season,False,1610612748,MIA,Miami Heat,1610612751,NJN,New Jersey Nets,23,14,W,8,17,0.471,3,5,0.6,4,5,0.8,2,10,12,4,3,2,6,6,9,5,21,0.238,2,6,0.333,2,4,0.5,5,6,11,4,5,0,6,8,-9
0020301178,2004-04-14,2003-04,regular_season,False,1610612753,ORL,Orlando Magic,1610612755,PHI,Philadelphia 76ers,22,20,W,10,24,0.417,0,5,0.0,2,3,0.667,8,8,16,5,5,0,5,6,2,8,18,0.444,0,3,0.0,4,5,0.8,3,4,7,5,2,1,5,5,-2
0020301177,2004-04-14,2003-04,regular_season,False,1610612764,WAS,Washington Wizards,1610612740,NOH,New Orleans Hornets,19,33,L,6,18,0.333,1,4,0.25,6,8,0.75,3,4,7,2,3,0,6,4,-14,13,18,0.722,5,7,0.714,2,6,0.333,2,9,11,9,4,1,5,6,14
0020301176,2004-04-14,2003-04,regular_season,False,1610612738,BOS,Boston Celtics,1610612737,ATL,Atlanta Hawks,29,43,L,9,24,0.375,2,6,0.333,9,11,0.818,4,6,10,4,3,0,5,12,-14,12,21,0.571,3,7,0.429,16,19,0.842,4,9,13,10,4,1,3,7,14
0020301182,2004-04-14,2003-04,regular_season,False,1610612749,MIL,Milwaukee Bucks,1610612761,TOR,Toronto Raptors,24,25,L,7,14,0.5,0,2,0.0,10,11,0.909,0,5,5,6,0,0,4,4,-1,10,19,0.526,3,3,1.0,2,2,1.0,4,7,11,6,1,0,6,6,1
0040300161,2004-04-17,2003-04,playoffs,False,1610612759,SAS,San Antonio Spurs,1610612763,MEM,Memphis Grizzlies,21,15,W,10,18,0.556,0,3,0.0,1,2,0.5,0,8,8,6,1,1,4,4,6,6,18,0.333,1,6,0.167,2,2,1.0,3,7,10,3,1,2,4,5,-6
0040300151,2004-04-17,2003-04,playoffs,False,1610612747,LAL,Los Angeles Lakers,1610612745,HOU,Houston Rockets,20,16,W,7,15,0.467,1,3,0.333,5,8,0.625,0,6,6,6,5,2,5,4,4,6,19,0.316,1,1,1.0,3,4,0.75,4,7,11,1,3,0,9,5,-4
0040300101,2004-04-17,2003-04,playoffs,False,1610612754,IND,Indiana Pacers,1610612738,BOS,Boston Celtics,35,14,W,12,22,0.545,2,3,0.667,9,13,0.692,5,9,14,5,5,2,2,5,21,3,19,0.158,1,3,0.333,7,7,1.0,3,6,9,2,1,2,8,9,-21
0040300111,2004-04-17,2003-04,playoffs,False,1610612751,NJN,New Jersey Nets,1610612752,NYK,New York Knicks,32,31,W,9,19,0.474,3,6,0.5,11,13,0.846,3,5,8,7,2,1,3,8,1,10,20,0.5,1,3,0.333,10,13,0.769,3,6,9,4,2,2,3,11,-1
0040300121,2004-04-18,2003-04,playoffs,False,1610612765,DET,Detroit Pistons,1610612749,MIL,Milwaukee Bucks,25,22,W,10,22,0.455,1,4,0.25,4,6,0.667,4,9,13,6,5,2,5,7,3,8,17,0.471,2,6,0.333,4,7,0.571,2,6,8,6,2,2,6,5,-3
0040300131,2004-04-18,2003-04,playoffs,False,1610612748,MIA,Miami Heat,1610612740,NOH,New Orleans Hornets,18,22,L,5,20,0.25,1,5,0.2,7,11,0.636,5,7,12,1,1,1,3,7,-4,7,15,0.467,2,5,0.4,6,7,0.857,0,12,12,4,1,2,6,8,4
0040300141,2004-04-18,2003-04,playoffs,False,1610612750,MIN,Minnesota Timberwolves,1610612743,DEN,Denver Nuggets,20,20,W,9,26,0.346,1,3,0.333,1,1,1.0,7,8,15,4,0,1,5,6,0,7,19,0.368,0,6,0.0,6,8,0.75,2,7,9,4,2,4,2,3,0
0040300171,2004-04-18,2003-04,playoffs,False,1610612758,SAC,Sacramento Kings,1610612742,DAL,Dallas Mavericks,29,34,L,10,22,0.455,3,6,0.5,6,7,0.857,2,5,7,8,3,1,3,9,-5,12,19,0.632,1,2,0.5,9,11,0.818,3,7,10,6,2,3,5,6,5
0040300152,2004-04-19,2003-04,playoffs,False,1610612747,LAL,Los Angeles Lakers,1610612745,HOU,Houston Rockets,21,24,L,7,19,0.368,2,3,0.667,5,6,0.833,1,6,7,7,0,1,1,6,-3,8,17,0.471,1,3,0.333,7,10,0.7,1,9,10,5,0,0,1,4,3
0040300162,2004-04-19,2003-04,playoffs,False,1610612759,SAS,San Antonio Spurs,1610612763,MEM,Memphis Grizzlies,20,14,W,8,19,0.421,0,2,0.0,4,7,0.571,2,10,12,3,2,3,3,4,6,7,20,0.35,0,3,0.0,0,2,0.0,1,10,11,3,2,1,4,8,-6
0040300172,2004-04-20,2003-04,playoffs,False,1610612758,SAC,Sacramento Kings,1610612742,DAL,Dallas Mavericks,23,23,W,9,23,0.391,2,6,0.333,3,4,0.75,5,9,14,7,3,0,3,3,0,9,19,0.474,1,4,0.25,4,5,0.8,1,8,9,5,2,1,4,5,0
0040300112,2004-04-20,2003-04,playoffs,False,1610612751,NJN,New Jersey Nets,1610612752,NYK,New York Knicks,26,15,W,10,19,0.526,1,6,0.167,5,7,0.714,3,9,12,9,6,1,5,5,11,6,18,0.333,0,5,0.0,3,3,1.0,3,5,8,3,3,1,6,4,-11
0040300102,2004-04-20,2003-04,playoffs,False,1610612754,IND,Indiana Pacers,1610612738,BOS,Boston Celtics,24,24,W,11,24,0.458,1,3,0.333,1,1,1.0,4,10,14,6,2,1,5,6,0,9,20,0.45,0,2,0.0,6,7,0.857,1,7,8,6,3,1,2,4,0
0040300122,2004-04-21,2003-04,playoffs,False,1610612765,DET,Detroit Pistons,1610612749,MIL,Milwaukee Bucks,16,23,L,6,20,0.3,1,7,0.143,3,4,0.75,3,7,10,5,4,1,5,6,-7,8,24,0.333,0,2,0.0,7,7,1.0,7,11,18,4,3,1,6,4,7
0040300132,2004-04-21,2003-04,playoffs,False,1610612748,MIA,Miami Heat,1610612740,NOH,New Orleans Hornets,15,17,L,5,21,0.238,0,5,0.0,5,5,1.0,5,9,14,2,0,1,5,6,-2,4,18,0.222,0,4,0.0,9,9,1.0,5,10,15,3,4,3,4,4,2
0040300142,2004-04-21,2003-04,playoffs,False,1610612750,MIN,Minnesota Timberwolves,1610612743,DEN,Denver Nuggets,22,9,W,10,22,0.455,2,4,0.5,0,0,0.0,3,9,12,4,3,1,5,6,13,4,17,0.235,0,1,0.0,1,3,0.333,3,7,10,1,3,0,7,6,-13
0040300113,2004-04-22,2003-04,playoffs,False,1610612752,NYK,New York Knicks,1610612751,NJN,New Jersey Nets,25,15,W,11,23,0.478,0,1,0.0,3,5,0.6,3,7,10,5,4,0,3,5,10,4,14,0.286,1,5,0.2,6,7,0.857,1,10,11,3,3,1,10,6,-10
0040300163,2004-04-22,2003-04,playoffs,False,1610612763,MEM,Memphis Grizzlies,1610612759,SAS,San Antonio Spurs,29,21,W,13,22,0.591,2,4,0.5,1,1,1.0,2,6,8,8,4,1,2,8,8,7,18,0.389,2,4,0.5,5,8,0.625,7,6,13,5,1,2,6,1,-8
0040300103,2004-04-23,2003-04,playoffs,False,1610612738,BOS,Boston Celtics,1610612754,IND,Indiana Pacers,20,30,L,9,19,0.474,0,3,0.0,2,2,1.0,1,6,7,5,1,1,3,6,-10,13,22,0.591,2,5,0.4,2,4,0.5,3,7,10,9,3,3,2,6,10
0040300153,2004-04-23,2003-04,playoffs,False,1610612745,HOU,Houston Rockets,1610612747,LAL,Los Angeles Lakers,27,20,W,8,15,0.533,3,6,0.5,8,10,0.8,0,12,12,5,0,0,4,4,7,8,21,0.381,1,2,0.5,3,4,0.75,2,5,7,4,4,0,1,5,-7
0040300173,2004-04-24,2003-04,playoffs,False,1610612742,DAL,Dallas Mavericks,1610612758,SAC,Sacramento Kings,16,17,L,7,22,0.318,0,2,0.0,2,2,1.0,4,9,13,4,4,2,6,5,-1,7,23,0.304,0,3,0.0,3,4,0.75,5,11,16,3,3,0,5,3,1
0040300143,2004-04-24,2003-04,playoffs,False,1610612743,DEN,Denver Nuggets,1610612750,MIN,Minnesota Timberwolves,24,23,W,11,30,0.367,0,3,0.0,2,2,1.0,8,7,15,7,1,0,1,5,1,9,18,0.5,2,3,0.667,3,3,1.0,1,9,10,7,1,2,5,6,-1
0040300123,2004-04-24,2003-04,playoffs,False,1610612749,MIL,Milwaukee Bucks,1610612765,DET,Detroit Pistons,19,20,L,8,20,0.4,2,8,0.25,1,1,1.0,0,6,6,6,2,0,4,6,-1,8,17,0.471,2,5,0.4,2,3,0.667,1,10,11,4,2,2,8,5,1
0040300133,2004-04-24,2003-04,playoffs,False,1610612740,NOH,New Orleans Hornets,1610612748,MIA,Miami Heat,22,15,W,6,18,0.333,2,6,0.333,8,9,0.889,0,7,7,4,7,0,3,4,7,6,15,0.4,1,3,0.333,2,6,0.333,2,10,12,2,2,3,9,9,-7
0040300104,2004-04-25,2003-04,playoffs,False,1610612738,BOS,Boston Celtics,1610612754,IND,Indiana Pacers,13,25,L,5,19,0.263,0,2,0.0,3,5,0.6,5,8,13,2,1,2,7,6,-12,9,16,0.562,2,3,0.667,5,7,0.714,0,9,9,5,6,2,3,6,12
0040300114,2004-04-25,2003-04,playoffs,False,1610612752,NYK,New York Knicks,1610612751,NJN,New Jersey Nets,25,23,W,7,14,0.5,2,5,0.4,9,12,0.75,0,7,7,5,3,1,5,8,2,9,20,0.45,0,1,0.0,5,7,0.714,2,7,9,6,3,0,3,8,-2
0040300154,2004-04-25,2003-04,playoffs,False,1610612745,HOU,Houston Rockets,1610612747,LAL,Los Angeles Lakers,17,24,L,7,21,0.333,1,8,0.125,2,2,1.0,1,9,10,4,1,0,4,11,-7,9,17,0.529,0,1,0.0,6,12,0.5,1,11,12,7,2,0,2,4,7
0040300164,2004-04-25,2003-04,playoffs,False,1610612763,MEM,Memphis Grizzlies,1610612759,SAS,San Antonio Spurs,24,25,L,10,22,0.455,1,3,0.333,3,3,1.0,5,4,9,7,3,0,2,5,-1,11,17,0.647,2,5,0.4,1,2,0.5,2,7,9,7,0,2,5,4,1
0040300124,2004-04-26,2003-04,playoffs,False,1610612749,MIL,Milwaukee Bucks,1610612765,DET,Detroit Pistons,22,24,L,9,20,0.45,2,3,0.667,2,6,0.333,6,8,14,6,2,0,5,4,-2,9,19,0.474,1,3,0.333,5,6,0.833,3,5,8,6,4,2,3,4,2
0040300174,2004-04-26,2003-04,playoffs,False,1610612742,DAL,Dallas Mavericks,1610612758,SAC,Sacramento Kings,26,18,W,9,23,0.391,1,4,0.25,7,15,0.467,5,9,14,4,4,0,2,4,8,9,27,0.333,0,4,0.0,0,0,0.0,7,11,18,3,1,0,6,10,-8
0040300144,2004-04-27,2003-04,playoffs,False,1610612743,DEN,Denver Nuggets,1610612750,MIN,Minnesota Timberwolves,16,16,L,7,23,0.304,1,2,0.5,1,4,0.25,6,9,15,3,2,0,3,4,0,7,18,0.389,0,1,0.0,2,2,1.0,2,8,10,4,2,1,4,7,0
0040300134,2004-04-27,2003-04,playoffs,False,1610612740,NOH,New Orleans Hornets,1610612748,MIA,Miami Heat,28,27,W,11,16,0.688,2,3,0.667,4,6,0.667,1,4,5,9,2,3,3,2,1,11,25,0.44,3,6,0.5,2,2,1.0,5,5,10,9,2,0,3,5,-1
0040300155,2004-04-28,2003-04,playoffs,False,1610612747,LAL,Los Angeles Lakers,1610612745,HOU,Houston Rockets,23,21,W,8,18,0.444,0,3,0.0,7,11,0.636,2,8,10,6,8,0,4,5,2,8,17,0.471,1,2,0.5,4,5,0.8,2,8,10,4,3,2,8,8,-2
0040300125,2004-04-29,2003-04,playoffs,False,1610612765,DET,Detroit Pistons,1610612749,MIL,Milwaukee Bucks,15,10,W,7,22,0.318,1,6,0.167,0,0,0.0,7,12,19,6,2,2,8,4,5,3,18,0.167,0,2,0.0,4,4,1.0,2,5,7,1,6,1,5,3,-5
0040300175,2004-04-29,2003-04,playoffs,False,1610612758,SAC,Sacramento Kings,1610612742,DAL,Dallas Mavericks,39,29,W,18,28,0.643,3,6,0.5,0,0,0.0,2,8,10,6,5,0,2,2,10,11,21,0.524,2,3,0.667,5,5,1.0,1,4,5,7,0,3,5,2,-10
0040300135,2004-04-30,2003-04,playoffs,False,1610612748,MIA,Miami Heat,1610612740,NOH,New Orleans Hornets,28,22,W,11,22,0.5,2,4,0.5,4,5,0.8,2,5,7,5,2,1,0,3,6,9,16,0.562,2,2,1.0,2,4,0.5,3,6,9,4,0,1,4,4,-6
0040300145,2004-04-30,2003-04,playoffs,False,1610612750,MIN,Minnesota Timberwolves,1610612743,DEN,Denver Nuggets,29,26,W,10,17,0.588,2,4,0.5,7,9,0.778,1,7,8,8,5,2,7,3,3,12,24,0.5,1,4,0.25,1,1,1.0,5,5,10,8,3,3,6,4,-3
0040300136,2004-05-02,2003-04,playoffs,False,1610612740,NOH,New Orleans Hornets,1610612748,MIA,Miami Heat,22,19,W,10,19,0.526,1,4,0.25,1,1,1.0,1,8,9,5,1,0,4,7,3,6,18,0.333,2,5,0.4,5,6,0.833,5,7,12,3,1,0,5,2,-3
0040300231,2004-05-02,2003-04,playoffs,False,1610612759,SAS,San Antonio Spurs,1610612747,LAL,Los Angeles Lakers,20,19,W,9,21,0.429,2,4,0.5,0,4,0.0,3,9,12,4,1,1,4,12,1,5,18,0.278,1,1,1.0,8,16,0.5,6,9,15,4,1,3,3,6,-1
0040300211,2004-05-03,2003-04,playoffs,False,1610612765,DET,Detroit Pistons,1610612751,NJN,New Jersey Nets,19,11,W,7,16,0.438,2,5,0.4,3,6,0.5,1,10,11,4,6,2,4,5,8,4,15,0.267,1,5,0.2,2,2,1.0,0,8,8,2,3,1,7,7,-8
0040300137,2004-05-04,2003-04,playoffs,False,1610612748,MIA,Miami Heat,1610612740,NOH,New Orleans Hornets,16,13,W,7,22,0.318,1,6,0.167,1,2,0.5,3,13,16,3,3,1,3,5,3,6,21,0.286,1,5,0.2,0,0,0.0,2,9,11,3,0,1,4,2,-3
0040300221,2004-05-04,2003-04,playoffs,False,1610612750,MIN,Minnesota Timberwolves,1610612758,SAC,Sacramento Kings,20,14,W,9,20,0.45,2,6,0.333,0,0,0.0,3,11,14,7,0,0,4,4,6,7,22,0.318,0,5,0.0,0,0,0.0,2,7,9,5,3,1,1,4,-6
0040300232,2004-05-05,2003-04,playoffs,False,1610612759,SAS,San Antonio Spurs,1610612747,LAL,Los Angeles Lakers,28,28,W,9,17,0.529,1,2,0.5,9,13,0.692,2,8,10,6,2,2,1,7,0,13,21,0.619,1,2,0.5,1,5,0.2,2,8,10,6,0,1,2,8,0
0040300201,2004-05-06,2003-04,playoffs,False,1610612754,IND,Indiana Pacers,1610612748,MIA,Miami Heat,23,21,W,10,16,0.625,1,2,0.5,2,3,0.667,1,7,8,3,1,3,6,5,2,9,20,0.45,1,3,0.333,2,4,0.5,4,5,9,7,2,0,4,4,-2
0040300212,2004-05-07,2003-04,playoffs,False,1610612765,DET,Detroit Pistons,1610612751,NJN,New Jersey Nets,16,27,L,7,21,0.333,0,3,0.0,2,3,0.667,6,5,11,3,0,2,4,5,-11,12,22,0.545,1,6,0.167,2,6,0.333,5,8,13,8,1,2,2,4,11
0040300202,2004-05-08,2003-04,playoffs,False,1610612754,IND,Indiana Pacers,1610612748,MIA,Miami Heat,23,17,W,8,19,0.421,2,7,0.286,5,8,0.625,5,7,12,4,2,1,3,7,6,5,16,0.312,0,0,0.0,7,10,0.7,5,6,11,4,1,4,5,7,-6
0040300222,2004-05-08,2003-04,playoffs,False,1610612750,MIN,Minnesota Timberwolves,1610612758,SAC,Sacramento Kings,32,27,W,13,19,0.684,3,4,0.75,3,4,0.75,1,7,8,9,3,2,2,6,5,8,19,0.421,1,2,0.5,10,10,1.0,2,5,7,6,2,1,3,3,-5
0040300213,2004-05-09,2003-04,playoffs,False,1610612751,NJN,New Jersey Nets,1610612765,DET,Detroit Pistons,16,25,L,6,16,0.375,1,2,0.5,3,6,0.5,3,7,10,4,1,1,5,12,-9,5,19,0.263,0,1,0.0,15,19,0.789,7,8,15,4,4,0,2,5,9
0040300233,2004-05-09,2003-04,playoffs,False,1610612747,LAL,Los Angeles Lakers,1610612759,SAS,San Antonio Spurs,14,16,L,6,15,0.4,0,5,0.0,2,8,0.25,3,8,11,3,4,3,5,4,-2,6,19,0.316,3,6,0.5,1,1,1.0,3,10,13,5,1,1,5,7,2
0040300203,2004-05-10,2003-04,playoffs,False,1610612748,MIA,Miami Heat,1610612754,IND,Indiana Pacers,25,15,W,11,18,0.611,2,4,0.5,1,2,0.5,0,10,10,6,2,0,2,3,10,6,17,0.353,2,3,0.667,1,2,0.5,1,7,8,3,2,0,4,3,-10
0040300223,2004-05-10,2003-04,playoffs,False,1610612758,SAC,Sacramento Kings,1610612750,MIN,Minnesota Timberwolves,28,24,W,9,21,0.429,2,5,0.4,8,10,0.8,3,11,14,4,0,1,3,3,4,9,21,0.429,2,5,0.4,4,6,0.667,1,8,9,5,3,1,1,8,-4
0040300234,2004-05-11,2003-04,playoffs,False,1610612747,LAL,Los Angeles Lakers,1610612759,SAS,San Antonio Spurs,22,26,L,8,16,0.5,0,1,0.0,6,7,0.857,0,6,6,5,2,2,2,6,-4,11,22,0.5,0,0,0.0,4,7,0.571,5,7,12,9,1,1,3,6,4
0040300214,2004-05-11,2003-04,playoffs,False,1610612751,NJN,New Jersey Nets,1610612765,DET,Detroit Pistons,26,22,W,11,24,0.458,1,3,0.333,3,5,0.6,7,3,10,8,4,0,3,8,4,6,16,0.375,0,3,0.0,10,10,1.0,6,6,12,3,2,4,7,5,-4
0040300204,2004-05-12,2003-04,playoffs,False,1610612748,MIA,Miami Heat,1610612754,IND,Indiana Pacers,27,23,W,9,14,0.643,2,3,0.667,7,8,0.875,0,6,6,5,1,0,2,7,4,8,17,0.471,1,2,0.5,6,8,0.75,2,4,6,4,1,0,3,7,-4
0040300224,2004-05-12,2003-04,playoffs,False,1610612758,SAC,Sacramento Kings,1610612750,MIN,Minnesota Timberwolves,21,16,W,8,18,0.444,0,3,0.0,5,5,1.0,1,8,9,4,2,1,3,5,5,5,18,0.278,1,3,0.333,5,7,0.714,3,8,11,4,3,0,4,5,-5
0040300235,2004-05-13,2003-04,playoffs,False,1610612759,SAS,San Antonio Spurs,1610612747,LAL,Los Angeles Lakers,17,18,L,6,14,0.429,2,4,0.5,3,9,0.333,4,8,12,3,1,1,9,5,-1,8,21,0.381,2,4,0.5,0,0,0.0,1,7,8,6,4,2,4,6,1
0040300215,2004-05-14,2003-04,playoffs,False,1610612765,DET,Detroit Pistons,1610612751,NJN,New Jersey Nets,25,18,W,9,16,0.562,1,4,0.25,6,6,1.0,2,5,7,7,5,1,6,5,7,7,17,0.412,3,7,0.429,1,3,0.333,4,3,7,4,2,0,10,9,-7
0040300225,2004-05-14,2003-04,playoffs,False,1610612750,MIN,Minnesota Timberwolves,1610612758,SAC,Sacramento Kings,20,16,W,7,16,0.438,0,2,0.0,6,9,0.667,1,12,13,3,3,1,4,4,4,7,23,0.304,0,2,0.0,2,2,1.0,2,9,11,6,2,0,3,7,-4
0040300205,2004-05-15,2003-04,playoffs,False,1610612754,IND,Indiana Pacers,1610612748,MIA,Miami Heat,25,18,W,9,21,0.429,2,4,0.5,5,7,0.714,6,11,17,6,1,0,2,4,7,7,18,0.389,2,6,0.333,2,3,0.667,1,6,7,6,1,1,2,5,-7
0040300236,2004-05-15,2003-04,playoffs,False,1610612747,LAL,Los Angeles Lakers,1610612759,SAS,San Antonio Spurs,16,18,L,7,20,0.35,1,5,0.2,1,2,0.5,3,4,7,5,2,0,3,4,-2,8,19,0.421,0,3,0.0,2,3,0.667,5,8,13,3,1,0,6,4,2
0040300226,2004-05-16,2003-04,playoffs,False,1610612758,SAC,Sacramento Kings,1610612750,MIN,Minnesota Timberwolves,33,14,W,13,21,0.619,4,6,0.667,3,7,0.429,3,6,9,11,4,0,3,5,19,6,17,0.353,1,2,0.5,1,2,0.5,2,5,7,1,3,1,7,8,-19
0040300216,2004-05-16,2003-04,playoffs,False,1610612751,NJN,New Jersey Nets,1610612765,DET,Detroit Pistons,11,27,L,3,16,0.188,1,8,0.125,4,4,1.0,2,2,4,3,4,2,7,8,-16,11,17,0.647,3,4,0.75,2,4,0.5,3,10,13,6,4,3,6,5,16
0040300206,2004-05-18,2003-04,playoffs,False,1610612748,MIA,Miami Heat,1610612754,IND,Indiana Pacers,13,20,L,5,18,0.278,0,5,0.0,3,3,1.0,3,6,9,1,0,1,5,4,-7,7,14,0.5,2,3,0.667,4,6,0.667,1,8,9,2,1,1,3,5,7
0040300227,2004-05-19,2003-04,playoffs,False,1610612750,MIN,Minnesota Timberwolves,1610612758,SAC,Sacramento Kings,19,15,W,6,18,0.333,1,2,0.5,6,6,1.0,3,13,16,3,2,1,4,8,4,5,18,0.278,1,4,0.25,4,10,0.4,3,8,11,4,1,0,2,3,-4
0040300217,2004-05-20,2003-04,playoffs,False,1610612765,DET,Detroit Pistons,1610612751,NJN,New Jersey Nets,22,17,W,9,24,0.375,2,4,0.5,2,2,1.0,3,7,10,7,1,3,0,5,5,6,16,0.375,1,2,0.5,4,6,0.667,3,9,12,3,0,3,4,4,-5
0040300311,2004-05-21,2003-04,playoffs,False,1610612750,MIN,Minnesota Timberwolves,1610612747,LAL,Los Angeles Lakers,20,23,L,7,15,0.467,2,4,0.5,4,4,1.0,1,10,11,3,3,0,8,7,-3,9,20,0.45,1,1,1.0,4,6,0.667,1,7,8,6,3,2,3,5,3
0040300301,2004-05-22,2003-04,playoffs,False,1610612754,IND,Indiana Pacers,1610612765,DET,Detroit Pistons,26,15,W,10,19,0.526,0,4,0.0,6,8,0.75,3,8,11,2,4,3,4,5,11,7,24,0.292,0,1,0.0,1,1,1.0,6,5,11,3,2,0,6,8,-11
0040300312,2004-05-23,2003-04,playoffs,False,1610612750,MIN,Minnesota Timberwolves,1610612747,LAL,Los Angeles Lakers,19,13,W,7,23,0.304,1,9,0.111,4,6,0.667,6,9,15,5,1,2,0,6,6,4,14,0.286,2,5,0.4,3,6,0.5,2,10,12,4,0,0,3,6,-6
0040300302,2004-05-24,2003-04,playoffs,False,1610612754,IND,Indiana Pacers,1610612765,DET,Detroit Pistons,26,25,W,8,20,0.4,2,5,0.4,8,8,1.0,2,9,11,5,1,0,2,8,1,9,18,0.5,2,4,0.5,5,8,0.625,1,8,9,5,1,4,2,7,-1
0040300313,2004-05-25,2003-04,playoffs,False,1610612747,LAL,Los Angeles Lakers,1610612750,MIN,Minnesota Timberwolves,20,18,W,9,17,0.529,2,5,0.4,0,1,0.0,0,7,7,7,2,1,3,3,2,8,20,0.4,2,6,0.333,0,0,0.0,3,8,11,4,0,0,4,4,-2
0040300303,2004-05-26,2003-04,playoffs,False,1610612765,DET,Detroit Pistons,1610612754,IND,Indiana Pacers,9,16,L,3,12,0.25,0,3,0.0,3,4,0.75,2,4,6,2,2,3,10,6,-7,7,18,0.389,0,0,0.0,2,2,1.0,4,6,10,3,6,1,6,9,7
0040300314,2004-05-27,2003-04,playoffs,False,1610612747,LAL,Los Angeles Lakers,1610612750,MIN,Minnesota Timberwolves,22,16,W,10,24,0.417,1,4,0.25,1,1,1.0,8,9,17,7,0,2,3,5,6,7,20,0.35,0,2,0.0,2,2,1.0,1,4,5,2,2,1,1,5,-6
0040300304,2004-05-28,2003-04,playoffs,False,1610612765,DET,Detroit Pistons,1610612754,IND,Indiana Pacers,22,20,W,8,16,0.5,2,4,0.5,4,6,0.667,2,9,11,5,1,2,5,5,2,7,18,0.389,2,4,0.5,4,4,1.0,0,7,7,3,1,1,3,6,-2
0040300315,2004-05-29,2003-04,playoffs,False,1610612750,MIN,Minnesota Timberwolves,1610612747,LAL,Los Angeles Lakers,32,19,W,15,25,0.6,1,4,0.25,1,1,1.0,3,11,14,7,3,0,1,5,13,7,18,0.389,3,7,0.429,2,5,0.4,2,5,7,4,1,1,4,4,-13
0040300305,2004-05-30,2003-04,playoffs,False,1610612754,IND,Indiana Pacers,1610612765,DET,Detroit Pistons,19,16,W,4,16,0.25,2,6,0.333,9,10,0.9,3,10,13,4,3,5,5,5,3,6,20,0.3,1,3,0.333,3,3,1.0,4,8,12,2,2,2,6,8,-3
0040300316,2004-05-31,2003-04,playoffs,False,1610612747,LAL,Los Angeles Lakers,1610612750,MIN,Minnesota Timberwolves,20,29,L,8,16,0.5,2,4,0.5,2,10,0.2,2,5,7,8,0,0,3,14,-9,6,17,0.353,1,2,0.5,16,17,0.941,4,9,13,4,1,1,1,9,9
0040300306,2004-06-01,2003-04,playoffs,False,1610612765,DET,Detroit Pistons,1610612754,IND,Indiana Pacers,16,10,W,7,25,0.28,1,2,0.5,1,2,0.5,6,6,12,5,4,0,4,3,6,3,14,0.214,2,6,0.333,2,2,1.0,3,8,11,3,3,2,7,6,-6
0040300401,2004-06-06,2003-04,playoffs,False,1610612747,LAL,Los Angeles Lakers,1610612765,DET,Detroit Pistons,22,18,W,6,15,0.4,1,2,0.5,9,10,0.9,2,5,7,3,2,2,3,7,4,5,14,0.357,1,3,0.333,7,10,0.7,5,6,11,4,2,0,6,6,-4
0040300402,2004-06-08,2003-04,playoffs,False,1610612747,LAL,Los Angeles Lakers,1610612765,DET,Detroit Pistons,26,20,W,10,23,0.435,1,3,0.333,5,8,0.625,3,8,11,8,3,0,2,4,6,7,17,0.412,1,2,0.5,5,9,0.556,3,8,11,3,1,1,6,7,-6
0040300403,2004-06-10,2003-04,playoffs,False,1610612765,DET,Detroit Pistons,1610612747,LAL,Los Angeles Lakers,15,16,L,4,15,0.267,0,0,0.0,7,12,0.583,2,7,9,3,3,0,1,5,-1,7,18,0.389,1,5,0.2,1,1,1.0,2,12,14,5,0,2,6,9,1
0040300404,2004-06-13,2003-04,playoffs,False,1610612765,DET,Detroit Pistons,1610612747,LAL,Los Angeles Lakers,20,17,W,5,17,0.294,0,3,0.0,10,15,0.667,0,13,13,3,2,2,2,5,3,6,21,0.286,1,4,0.25,4,6,0.667,2,13,15,4,1,0,3,11,-3
0040300405,2004-06-15,2003-04,playoffs,False,1610612765,DET,Detroit Pistons,1610612747,LAL,Los Angeles Lakers,30,21,W,11,19,0.579,1,4,0.25,7,10,0.7,4,7,11,9,4,0,2,10,9,6,13,0.462,2,2,1.0,7,11,0.636,1,5,6,4,2,1,5,6,-9
