game_id,game_date,season,game_type,neutral_site,team_id_home,team_abbreviation_home,team_name_home,team_id_road,team_abbreviation_road,team_name_road,pts_home,pts_road,wl_home,fgm_home,fga_home,fg_pct_home,fg3m_home,fg3a_home,fg3_pct_home,ftm_home,fta_home,ft_pct_home,oreb_home,dreb_home,reb_home,ast_home,stl_home,blk_home,tov_home,pf_home,plus_minus_home,fgm_road,fga_road,fg_pct_road,fg3m_road,fg3a_road,fg3_pct_road,ftm_road,fta_road,ft_pct_road,oreb_road,dreb_road,reb_road,ast_road,stl_road,blk_road,tov_road,pf_road,plus_minus_road
0022000003,2020-12-23,2020-21,regular_season,False,1610612738,BOS,Boston Celtics,1610612749,MIL,Milwaukee Bucks,9,10,L,4,9,0.444,1,5,0.2,0,0,0.0,0,3,3,0,0,1,0,2,-1,3,9,0.333,1,4,0.25,3,4,0.75,1,6,7,1,0,0,0,1,1
0022000004,2020-12-23,2020-21,regular_season,False,1610612756,PHX,Phoenix Suns,1610612742,DAL,Dallas Mavericks,12,10,W,3,7,0.429,0,2,0.0,6,8,0.75,2,4,6,1,1,0,0,2,2,4,7,0.571,0,3,0.0,2,3,0.667,0,2,2,1,0,0,1,4,-2
0022000010,2020-12-23,2020-21,regular_season,False,1610612739,CLE,Cleveland Cavaliers,1610612766,CHA,Charlotte Hornets,1,0,W,0,0,0.0,0,0,0.0,1,1,1.0,0,0,0,0,0,0,0,0,1,0,0,0.0,0,0,0.0,0,0,0.0,0,0,0,0,0,0,0,1,-1
0022000012,2020-12-23,2020-21,regular_season,False,1610612753,ORL,Orlando Magic,1610612748,MIA,Miami Heat,16,8,W,6,7,0.857,2,3,0.667,2,2,1.0,0,4,4,5,0,0,1,2,8,3,8,0.375,1,3,0.333,1,2,0.5,1,1,2,3,1,0,0,1,-8
0022000013,2020-12-23,2020-21,regular_season,False,1610612755,PHI,Philadelphia 76ers,1610612764,WAS,Washington Wizards,18,10,W,6,11,0.545,0,3,0.0,6,8,0.75,3,5,8,3,1,2,0,2,8,4,11,0.364,1,3,0.333,1,2,0.5,2,3,5,2,0,1,1,4,-8
0022000018,2020-12-23,2020-21,regular_season,False,1610612750,MIN,Minnesota Timberwolves,1610612765,DET,Detroit Pistons,12,6,W,3,7,0.429,3,4,0.75,3,3,1.0,0,4,4,3,0,0,0,1,6,3,7,0.429,0,3,0.0,0,0,0.0,0,3,3,2,0,1,0,2,-6
0022000019,2020-12-23,2020-21,regular_season,False,1610612743,DEN,Denver Nuggets,1610612758,SAC,Sacramento Kings,20,19,W,8,14,0.571,0,4,0.0,4,5,0.8,2,8,10,4,2,2,5,4,1,8,20,0.4,1,5,0.2,2,6,0.333,3,4,7,3,2,1,2,5,-1
0022000021,2020-12-26,2020-21,regular_season,False,1610612763,MEM,Memphis Grizzlies,1610612737,ATL,Atlanta Hawks,3,13,L,0,3,0.0,0,1,0.0,3,3,1.0,0,1,1,0,0,0,0,3,-10,2,4,0.5,1,2,0.5,8,9,0.889,2,3,5,1,0,0,0,1,10
0022000022,2020-12-26,2020-21,regular_season,False,1610612766,CHA,Charlotte Hornets,1610612760,OKC,Oklahoma City Thunder,6,6,L,2,3,0.667,2,3,0.667,0,0,0.0,0,0,0,2,0,0,0,3,0,1,1,1.0,0,0,0.0,4,5,0.8,0,0,0,0,0,0,0,0,0
0022000023,2020-12-26,2020-21,regular_season,False,1610612765,DET,Detroit Pistons,1610612739,CLE,Cleveland Cavaliers,11,16,L,4,15,0.267,2,6,0.333,1,2,0.5,4,4,8,2,0,0,4,3,-5,5,8,0.625,1,1,1.0,5,7,0.714,0,8,8,1,2,1,1,2,5
0022000024,2020-12-26,2020-21,regular_season,False,1610612764,WAS,Washington Wizards,1610612753,ORL,Orlando Magic,0,7,L,0,1,0.0,0,0,0.0,0,0,0.0,0,1,1,0,0,0,0,0,-7,3,5,0.6,1,3,0.333,0,0,0.0,1,1,2,2,0,0,0,0,7
0022000027,2020-12-26,2020-21,regular_season,False,1610612759,SAS,San Antonio Spurs,1610612761,TOR,Toronto Raptors,16,8,W,5,10,0.5,2,3,0.667,4,4,1.0,2,5,7,3,0,0,1,1,8,3,9,0.333,2,5,0.4,0,0,0.0,0,2,2,2,0,2,1,4,-8
0022000028,2020-12-26,2020-21,regular_season,False,1610612762,UTA,Utah Jazz,1610612750,MIN,Minnesota Timberwolves,4,7,L,1,3,0.333,0,1,0.0,2,2,1.0,1,1,2,0,1,0,1,3,-3,2,3,0.667,0,0,0.0,3,4,0.75,0,0,0,1,0,0,1,0,3
0022000029,2020-12-26,2020-21,regular_season,False,1610612757,POR,Portland Trail Blazers,1610612745,HOU,Houston Rockets,28,20,W,12,19,0.632,2,6,0.333,2,4,0.5,2,3,5,9,2,0,0,1,8,8,13,0.615,3,6,0.5,1,1,1.0,2,5,7,5,0,0,3,2,-8
0022000030,2020-12-26,2020-21,regular_season,False,1610612758,SAC,Sacramento Kings,1610612756,PHX,Phoenix Suns,13,10,W,3,8,0.375,0,1,0.0,7,9,0.778,2,3,5,0,1,0,1,1,3,4,10,0.4,1,5,0.2,1,2,0.5,3,2,5,3,1,0,1,5,-3
0022000032,2020-12-27,2020-21,regular_season,False,1610612766,CHA,Charlotte Hornets,1610612751,BKN,Brooklyn Nets,9,6,W,3,6,0.5,1,2,0.5,2,4,0.5,2,3,5,3,0,1,3,3,3,2,4,0.5,1,1,1.0,1,2,0.5,0,2,2,2,0,0,2,4,-3
0022000033,2020-12-27,2020-21,regular_season,False,1610612764,WAS,Washington Wizards,1610612753,ORL,Orlando Magic,10,18,L,5,11,0.455,0,3,0.0,0,0,0.0,1,2,3,2,0,0,2,4,-8,5,7,0.714,1,1,1.0,7,7,1.0,0,5,5,2,2,0,1,0,8
0022000034,2020-12-27,2020-21,regular_season,False,1610612740,NOP,New Orleans Pelicans,1610612759,SAS,San Antonio Spurs,8,4,W,2,9,0.222,0,1,0.0,4,8,0.5,2,9,11,0,0,2,3,3,4,2,12,0.167,0,5,0.0,0,0,0.0,1,6,7,0,3,2,0,4,-4
0022000037,2020-12-27,2020-21,regular_season,False,1610612754,IND,Indiana Pacers,1610612738,BOS,Boston Celtics,8,11,L,3,9,0.333,1,4,0.25,1,3,0.333,1,2,3,1,1,1,2,4,-3,4,9,0.444,0,3,0.0,3,4,0.75,2,6,8,1,3,1,2,3,3
0022000038,2020-12-27,2020-21,regular_season,False,1610612741,CHI,Chicago Bulls,1610612744,GSW,Golden State Warriors,11,13,L,3,8,0.375,2,5,0.4,2,3,0.667,2,3,5,1,0,0,1,2,-2,4,10,0.4,2,4,0.5,3,3,1.0,3,4,7,1,1,0,0,2,2
0022000041,2020-12-28,2020-21,regular_season,False,1610612737,ATL,Atlanta Hawks,1610612765,DET,Detroit Pistons,1,0,W,0,1,0.0,0,0,0.0,1,1,1.0,0,1,1,0,0,0,0,0,1,0,1,0.0,0,0,0.0,0,0,0.0,0,1,1,0,0,0,0,1,-1
0022000042,2020-12-28,2020-21,regular_season,False,1610612751,BKN,Brooklyn Nets,1610612763,MEM,Memphis Grizzlies,14,18,L,5,19,0.263,2,9,0.222,2,2,1.0,3,8,11,2,2,1,4,5,-4,6,17,0.353,0,4,0.0,6,8,0.75,2,9,11,1,4,1,3,2,4
0022000043,2020-12-28,2020-21,regular_season,False,1610612760,OKC,Oklahoma City Thunder,1610612762,UTA,Utah Jazz,9,8,W,4,10,0.4,1,4,0.25,0,0,0.0,1,3,4,2,1,1,2,1,1,3,7,0.429,0,3,0.0,2,2,1.0,1,2,3,1,0,2,1,1,-1
0022000045,2020-12-28,2020-21,regular_season,False,1610612747,LAL,Los Angeles Lakers,1610612757,POR,Portland Trail Blazers,2,10,L,1,3,0.333,0,0,0.0,0,0,0.0,0,0,0,0,0,0,1,0,-8,4,6,0.667,2,3,0.667,0,0,0.0,0,2,2,1,1,1,0,0,8
0022000047,2020-12-29,2020-21,regular_season,False,1610612765,DET,Detroit Pistons,1610612744,GSW,Golden State Warriors,0,3,L,0,0,0.0,0,0,0.0,0,0,0.0,0,0,0,0,0,0,0,0,-3,1,1,1.0,1,1,1.0,0,0,0.0,0,0,0,1,0,0,0,0,3
0022000048,2020-12-29,2020-21,regular_season,False,1610612754,IND,Indiana Pacers,1610612738,BOS,Boston Celtics,5,10,L,2,4,0.5,0,1,0.0,1,1,1.0,0,2,2,0,1,1,3,4,-5,2,4,0.5,1,2,0.5,5,7,0.714,0,1,1,1,3,0,0,0,5
0022000049,2020-12-29,2020-21,regular_season,False,1610612755,PHI,Philadelphia 76ers,1610612761,TOR,Toronto Raptors,11,4,W,2,4,0.5,1,2,0.5,6,8,0.75,0,3,3,2,2,2,2,1,7,1,7,0.143,0,2,0.0,2,2,1.0,1,2,3,0,1,0,4,5,-7
0022000055,2020-12-29,2020-21,regular_season,False,1610612758,SAC,Sacramento Kings,1610612743,DEN,Denver Nuggets,2,0,W,1,1,1.0,0,0,0.0,0,0,0.0,0,0,0,0,1,0,0,1,2,0,0,0.0,0,0,0.0,0,0,0.0,0,1,1,0,0,0,1,0,-2
0022000057,2020-12-30,2020-21,regular_season,False,1610612751,BKN,Brooklyn Nets,1610612737,ATL,Atlanta Hawks,18,15,W,5,9,0.556,2,4,0.5,6,6,1.0,0,4,4,2,0,0,1,2,3,5,10,0.5,1,5,0.2,4,4,1.0,1,5,6,2,0,0,2,4,-3
0022000063,2020-12-31,2020-21,regular_season,False,1610612764,WAS,Washington Wizards,1610612741,CHI,Chicago Bulls,13,15,L,3,9,0.333,2,3,0.667,5,6,0.833,0,3,3,2,1,1,2,4,-2,4,8,0.5,0,2,0.0,7,7,1.0,0,4,4,2,2,1,1,3,2
0022000065,2020-12-31,2020-21,regular_season,False,1610612745,HOU,Houston Rockets,1610612758,SAC,Sacramento Kings,19,11,W,4,10,0.4,2,4,0.5,9,9,1.0,3,4,7,2,1,0,1,1,8,4,12,0.333,1,6,0.167,2,2,1.0,2,3,5,2,0,0,1,5,-8
0022000068,2020-12-31,2020-21,regular_season,False,1610612762,UTA,Utah Jazz,1610612756,PHX,Phoenix Suns,0,2,L,0,0,0.0,0,0,0.0,0,0,0.0,0,0,0,0,0,0,0,0,-2,1,1,1.0,0,0,0.0,0,0,0.0,0,0,0,1,0,0,0,0,2
0022000070,2021-01-01,2020-21,regular_season,False,1610612765,DET,Detroit Pistons,1610612738,BOS,Boston Celtics,10,5,W,3,10,0.3,0,4,0.0,4,6,0.667,5,8,13,0,0,0,2,3,5,2,13,0.154,1,8,0.125,0,0,0.0,2,4,6,2,0,2,0,4,-5
0022000075,2021-01-01,2020-21,regular_season,False,1610612759,SAS,San Antonio Spurs,1610612747,LAL,Los Angeles Lakers,6,12,L,2,8,0.25,0,3,0.0,2,2,1.0,0,2,2,0,0,2,0,3,-6,4,12,0.333,2,3,0.667,2,2,1.0,4,6,10,2,0,1,0,2,6
0022000076,2021-01-01,2020-21,regular_season,False,1610612743,DEN,Denver Nuggets,1610612756,PHX,Phoenix Suns,12,11,W,5,10,0.5,2,3,0.667,0,0,0.0,1,3,4,2,1,1,0,3,1,3,6,0.5,1,3,0.333,4,4,1.0,0,2,2,0,0,0,1,0,-1
0022000077,2021-01-01,2020-21,regular_season,False,1610612762,UTA,Utah Jazz,1610612746,LAC,LA Clippers,10,4,W,3,5,0.6,1,3,0.333,3,3,1.0,0,1,1,3,0,0,0,0,6,1,3,0.333,1,2,0.5,1,1,1.0,1,1,2,0,0,0,0,3,-6
0022000080,2021-01-02,2020-21,regular_season,False,1610612754,IND,Indiana Pacers,1610612752,NYK,New York Knicks,2,10,L,1,6,0.167,0,4,0.0,0,0,0.0,0,3,3,1,0,1,2,2,-8,4,8,0.5,1,3,0.333,1,1,1.0,0,3,3,3,1,1,0,1,8
0022000081,2021-01-02,2020-21,regular_season,False,1610612753,ORL,Orlando Magic,1610612760,OKC,Oklahoma City Thunder,0,5,L,0,0,0.0,0,0,0.0,0,1,0.0,0,1,1,0,0,0,1,0,-5,2,4,0.5,1,3,0.333,0,0,0.0,1,1,2,0,1,0,0,1,5
0022000083,2021-01-02,2020-21,regular_season,False,1610612737,ATL,Atlanta Hawks,1610612739,CLE,Cleveland Cavaliers,5,10,L,2,9,0.222,1,4,0.25,0,0,0.0,0,2,2,2,2,1,3,4,-5,2,5,0.4,1,2,0.5,5,6,0.833,1,5,6,1,1,0,5,1,5
0022000084,2021-01-02,2020-21,regular_season,False,1610612740,NOP,New Orleans Pelicans,1610612761,TOR,Toronto Raptors,11,11,W,1,5,0.2,1,3,0.333,8,10,0.8,2,1,3,1,2,1,3,2,0,4,7,0.571,2,3,0.667,1,2,0.5,1,2,3,1,0,1,4,5,0
0022000085,2021-01-03,2020-21,regular_season,False,1610612765,DET,Detroit Pistons,1610612738,BOS,Boston Celtics,9,14,L,1,9,0.111,0,6,0.0,7,8,0.875,1,2,3,1,1,0,1,3,-5,5,7,0.714,1,2,0.5,3,4,0.75,0,3,3,4,0,3,3,5,5
0022000086,2021-01-03,2020-21,regular_season,False,1610612751,BKN,Brooklyn Nets,1610612764,WAS,Washington Wizards,13,12,W,4,9,0.444,2,6,0.333,3,4,0.75,1,4,5,3,1,0,1,1,1,5,11,0.455,1,3,0.333,1,2,0.5,2,5,7,3,1,0,0,3,-1
0022000087,2021-01-03,2020-21,regular_season,False,1610612763,MEM,Memphis Grizzlies,1610612747,LAL,Los Angeles Lakers,0,1,L,0,0,0.0,0,0,0.0,0,0,0.0,0,0,0,0,0,0,0,1,-1,0,0,0.0,0,0,0.0,1,1,1.0,0,0,0,0,0,0,0,0,1
0022000090,2021-01-03,2020-21,regular_season,False,1610612741,CHI,Chicago Bulls,1610612742,DAL,Dallas Mavericks,10,2,W,3,4,0.75,1,2,0.5,3,4,0.75,1,2,3,1,0,0,2,1,8,0,3,0.0,0,2,0.0,2,2,1.0,0,0,0,0,0,0,0,2,-8
0022000091,2021-01-03,2020-21,regular_season,False,1610612756,PHX,Phoenix Suns,1610612746,LAC,LA Clippers,2,3,L,1,4,0.25,0,1,0.0,0,1,0.0,1,3,4,0,0,0,0,0,-1,1,5,0.2,1,1,1.0,0,0,0.0,1,2,3,1,0,0,0,1,1
0022000095,2021-01-04,2020-21,regular_season,False,1610612737,ATL,Atlanta Hawks,1610612752,NYK,New York Knicks,7,14,L,3,12,0.25,1,7,0.143,0,0,0.0,2,1,3,1,0,0,1,6,-7,3,6,0.5,1,2,0.5,7,9,0.778,1,5,6,2,0,2,3,0,7
0022000100,2021-01-04,2020-21,regular_season,False,1610612740,NOP,New Orleans Pelicans,1610612754,IND,Indiana Pacers,11,15,L,5,10,0.5,1,3,0.333,0,1,0.0,2,3,5,1,2,0,3,2,-4,6,9,0.667,2,4,0.5,1,1,1.0,0,3,3,4,2,0,1,1,4
0022000103,2021-01-05,2020-21,regular_season,False,1610612763,MEM,Memphis Grizzlies,1610612747,LAL,Los Angeles Lakers,9,14,L,4,10,0.4,1,2,0.5,0,1,0.0,2,2,4,1,2,0,3,1,-5,6,7,0.857,1,2,0.5,1,1,1.0,0,5,5,4,2,2,3,0,5
0022000104,2021-01-05,2020-21,regular_season,False,1610612743,DEN,Denver Nuggets,1610612750,MIN,Minnesota Timberwolves,5,0,W,2,3,0.667,0,1,0.0,1,1,1.0,0,0,0,1,0,0,0,0,5,0,2,0.0,0,2,0.0,0,0,0.0,1,1,2,0,0,0,0,1,-5
0022000105,2021-01-05,2020-21,regular_season,False,1610612746,LAC,LA Clippers,1610612759,SAS,San Antonio Spurs,2,1,W,0,3,0.0,0,3,0.0,2,2,1.0,0,1,1,0,1,0,0,1,1,0,2,0.0,0,0,0.0,1,2,0.5,1,1,2,0,0,0,1,1,-1
0022000106,2021-01-05,2020-21,regular_season,False,1610612757,POR,Portland Trail Blazers,1610612741,CHI,Chicago Bulls,7,13,L,1,9,0.111,1,8,0.125,4,4,1.0,0,4,4,1,0,0,0,3,-6,4,8,0.5,1,2,0.5,4,4,1.0,1,7,8,3,0,0,1,2,6
0022000107,2021-01-06,2020-21,regular_season,False,1610612754,IND,Indiana Pacers,1610612745,HOU,Houston Rockets,10,4,W,3,8,0.375,1,2,0.5,3,4,0.75,1,3,4,1,1,1,2,1,6,1,4,0.25,0,2,0.0,2,2,1.0,0,1,1,0,0,1,2,3,-6
0022000109,2021-01-06,2020-21,regular_season,False,1610612755,PHI,Philadelphia 76ers,1610612764,WAS,Washington Wizards,11,5,W,3,5,0.6,1,1,1.0,4,4,1.0,0,4,4,3,2,1,3,1,6,2,7,0.286,0,3,0.0,1,3,0.333,2,2,4,1,3,1,2,3,-6
0022000110,2021-01-06,2020-21,regular_season,False,1610612737,ATL,Atlanta Hawks,1610612766,CHA,Charlotte Hornets,0,13,L,0,2,0.0,0,2,0.0,0,0,0.0,0,0,0,0,0,0,0,5,-13,4,5,0.8,1,1,1.0,4,5,0.8,1,1,2,1,0,0,0,0,13
0022000111,2021-01-06,2020-21,regular_season,False,1610612748,MIA,Miami Heat,1610612738,BOS,Boston Celtics,6,15,L,1,6,0.167,1,5,0.2,3,3,1.0,1,2,3,1,0,1,0,1,-9,6,10,0.6,3,3,1.0,0,0,0.0,2,4,6,4,0,0,0,3,9
0022000112,2021-01-06,2020-21,regular_season,False,1610612752,NYK,New York Knicks,1610612762,UTA,Utah Jazz,8,2,W,3,4,0.75,2,2,1.0,0,0,0.0,1,1,2,1,0,0,0,0,6,1,2,0.5,0,1,0.0,0,0,0.0,0,1,1,0,0,1,1,0,-6
0022000114,2021-01-06,2020-21,regular_season,False,1610612740,NOP,New Orleans Pelicans,1610612760,OKC,Oklahoma City Thunder,14,14,L,6,11,0.545,0,3,0.0,2,2,1.0,1,4,5,3,1,0,0,5,0,3,7,0.429,2,5,0.4,6,6,1.0,1,3,4,2,0,2,1,2,0
0022000116,2021-01-06,2020-21,regular_season,False,1610612744,GSW,Golden State Warriors,1610612746,LAC,LA Clippers,4,10,L,2,2,1.0,0,0,0.0,0,0,0.0,0,0,0,2,0,0,0,1,-6,2,2,1.0,2,2,1.0,4,4,1.0,0,0,0,2,0,0,0,0,6
0022000117,2021-01-06,2020-21,regular_season,False,1610612758,SAC,Sacramento Kings,1610612741,CHI,Chicago Bulls,16,9,W,5,9,0.556,3,7,0.429,3,4,0.75,2,2,4,5,0,1,1,2,7,3,7,0.429,0,4,0.0,3,3,1.0,1,3,4,2,0,0,1,3,-7
0022000119,2021-01-07,2020-21,regular_season,False,1610612763,MEM,Memphis Grizzlies,1610612739,CLE,Cleveland Cavaliers,4,11,L,1,7,0.143,0,3,0.0,2,2,1.0,2,6,8,1,0,0,3,4,-7,4,10,0.4,1,3,0.333,2,4,0.5,2,2,4,3,1,2,0,2,7
0022000120,2021-01-07,2020-21,regular_season,False,1610612743,DEN,Denver Nuggets,1610612742,DAL,Dallas Mavericks,14,29,L,6,16,0.375,1,4,0.25,1,2,0.5,2,4,6,3,1,0,2,4,-15,10,16,0.625,5,9,0.556,4,6,0.667,1,9,10,6,2,2,1,3,15
0022000123,2021-01-08,2020-21,regular_season,False,1610612765,DET,Detroit Pistons,1610612756,PHX,Phoenix Suns,25,9,W,9,14,0.643,3,5,0.6,4,6,0.667,2,8,10,6,0,1,1,2,16,4,14,0.286,1,8,0.125,0,1,0.0,1,4,5,2,1,1,2,4,-16
0022000124,2021-01-08,2020-21,regular_season,False,1610612738,BOS,Boston Celtics,1610612764,WAS,Washington Wizards,3,0,W,1,3,0.333,1,2,0.5,0,0,0.0,1,1,2,1,0,0,0,0,3,0,1,0.0,0,0,0.0,0,0,0.0,0,1,1,0,0,0,0,0,-3
0022000126,2021-01-08,2020-21,regular_season,False,1610612740,NOP,New Orleans Pelicans,1610612766,CHA,Charlotte Hornets,2,9,L,0,3,0.0,0,2,0.0,2,2,1.0,0,1,1,0,0,0,2,2,-7,2,4,0.5,2,4,0.5,3,4,0.75,1,3,4,2,1,0,1,2,7
0022000128,2021-01-08,2020-21,regular_season,False,1610612763,MEM,Memphis Grizzlies,1610612751,BKN,Brooklyn Nets,15,3,W,6,9,0.667,1,4,0.25,2,3,0.667,2,3,5,4,3,1,1,0,12,1,4,0.25,1,2,0.5,0,0,0.0,0,2,2,1,0,0,3,2,-12
0022000130,2021-01-08,2020-21,regular_season,False,1610612744,GSW,Golden State Warriors,1610612746,LAC,LA Clippers,9,4,W,4,6,0.667,1,3,0.333,0,0,0.0,2,1,3,2,0,0,0,1,5,1,2,0.5,1,1,1.0,1,2,0.5,0,0,0,1,0,0,0,0,-5
0022000131,2021-01-08,2020-21,regular_season,False,1610612747,LAL,Los Angeles Lakers,1610612741,CHI,Chicago Bulls,11,10,W,4,8,0.5,2,4,0.5,1,3,0.333,0,2,2,1,0,0,1,1,1,4,6,0.667,1,1,1.0,1,2,0.5,0,5,5,4,2,0,1,2,-1
0022000136,2021-01-09,2020-21,regular_season,False,1610612764,WAS,Washington Wizards,1610612748,MIA,Miami Heat,0,1,L,0,3,0.0,0,2,0.0,0,0,0.0,0,2,2,0,0,0,0,1,-1,0,2,0.0,0,1,0.0,1,1,1.0,0,3,3,0,0,1,1,0,1
0022000138,2021-01-09,2020-21,regular_season,False,1610612750,MIN,Minnesota Timberwolves,1610612759,SAS,San Antonio Spurs,17,27,L,7,17,0.412,3,5,0.6,0,0,0.0,3,4,7,3,1,0,2,4,-10,9,13,0.692,2,4,0.5,7,9,0.778,1,7,8,3,1,1,1,1,10
0022000141,2021-01-10,2020-21,regular_season,False,1610612765,DET,Detroit Pistons,1610612762,UTA,Utah Jazz,0,1,L,0,1,0.0,0,0,0.0,0,0,0.0,0,0,0,0,1,0,0,1,-1,0,0,0.0,0,0,0.0,1,1,1.0,0,1,1,0,0,1,1,0,1
0022000142,2021-01-10,2020-21,regular_season,False,1610612746,LAC,LA Clippers,1610612741,CHI,Chicago Bulls,15,13,W,3,7,0.429,1,3,0.333,8,9,0.889,1,2,3,1,1,0,0,3,2,4,8,0.5,1,3,0.333,4,4,1.0,0,4,4,1,0,0,2,5,-2
0022000147,2021-01-10,2020-21,regular_season,False,1610612750,MIN,Minnesota Timberwolves,1610612759,SAS,San Antonio Spurs,12,5,W,3,6,0.5,1,2,0.5,5,7,0.714,1,4,5,3,0,0,0,2,7,2,9,0.222,0,4,0.0,1,1,1.0,0,3,3,0,0,1,0,4,-7
0022000148,2021-01-10,2020-21,regular_season,False,1610612744,GSW,Golden State Warriors,1610612761,TOR,Toronto Raptors,9,12,L,2,7,0.286,1,4,0.25,4,4,1.0,1,4,5,2,0,2,3,2,-3,4,11,0.364,2,5,0.4,2,4,0.5,2,3,5,2,0,1,0,2,3
0022000150,2021-01-11,2020-21,regular_season,False,1610612739,CLE,Cleveland Cavaliers,1610612763,MEM,Memphis Grizzlies,4,10,L,2,4,0.5,0,1,0.0,0,1,0.0,0,3,3,1,0,1,2,2,-6,3,8,0.375,1,1,1.0,3,3,1.0,2,4,6,1,0,0,0,1,6
0022000155,2021-01-11,2020-21,regular_season,False,1610612757,POR,Portland Trail Blazers,1610612761,TOR,Toronto Raptors,13,7,W,5,7,0.714,3,5,0.6,0,0,0.0,0,6,6,2,0,2,2,1,6,3,10,0.3,1,4,0.25,0,0,0.0,0,2,2,3,0,0,0,0,-6
0022000156,2021-01-11,2020-21,regular_season,False,1610612758,SAC,Sacramento Kings,1610612754,IND,Indiana Pacers,13,7,W,3,7,0.429,2,4,0.5,5,6,0.833,2,5,7,1,2,2,3,1,6,3,8,0.375,0,3,0.0,1,1,1.0,0,2,2,1,3,0,1,3,-6
0022000157,2021-01-12,2020-21,regular_season,False,1610612755,PHI,Philadelphia 76ers,1610612748,MIA,Miami Heat,26,27,L,9,19,0.474,3,13,0.231,5,7,0.714,7,3,10,4,2,3,6,6,-1,8,19,0.421,2,8,0.25,9,11,0.818,4,4,8,2,3,2,2,9,1
0022000158,2021-01-12,2020-21,regular_season,False,1610612751,BKN,Brooklyn Nets,1610612743,DEN,Denver Nuggets,14,6,W,6,7,0.857,1,1,1.0,1,1,1.0,1,3,4,4,0,0,1,0,8,3,8,0.375,0,2,0.0,0,0,0.0,1,0,1,0,2,0,1,2,-8
0022000162,2021-01-12,2020-21,regular_season,False,1610612760,OKC,Oklahoma City Thunder,1610612759,SAS,San Antonio Spurs,1,6,L,0,1,0.0,0,1,0.0,1,1,1.0,0,1,1,0,0,0,0,0,-5,3,4,0.75,0,0,0.0,0,0,0.0,0,1,1,2,0,0,0,0,5
0022000163,2021-01-12,2020-21,regular_season,False,1610612744,GSW,Golden State Warriors,1610612754,IND,Indiana Pacers,0,10,L,0,7,0.0,0,2,0.0,0,0,0.0,2,1,3,0,0,0,0,0,-10,4,5,0.8,2,2,1.0,0,0,0.0,0,4,4,3,0,2,1,0,10
0022000168,2021-01-13,2020-21,regular_season,False,1610612752,NYK,New York Knicks,1610612751,BKN,Brooklyn Nets,0,1,L,0,0,0.0,0,0,0.0,0,0,0.0,0,0,0,0,0,0,0,1,-1,0,0,0.0,0,0,0.0,1,1,1.0,0,0,0,0,0,0,0,0,1
0022000172,2021-01-13,2020-21,regular_season,False,1610612746,LAC,LA Clippers,1610612740,NOP,New Orleans Pelicans,0,0,W,0,0,0.0,0,0,0.0,0,0,0.0,0,0,0,0,0,0,0,0,0,0,0,0.0,0,0,0.0,0,0,0.0,0,0,0,0,0,0,0,0,0
0022000173,2021-01-13,2020-21,regular_season,False,1610612758,SAC,Sacramento Kings,1610612757,POR,Portland Trail Blazers,3,12,L,1,5,0.2,1,4,0.25,0,0,0.0,2,1,3,1,0,1,0,4,-9,3,5,0.6,1,2,0.5,5,7,0.714,2,2,4,1,0,0,0,0,9
0022000175,2021-01-14,2020-21,regular_season,False,1610612761,TOR,Toronto Raptors,1610612766,CHA,Charlotte Hornets,2,4,L,1,4,0.25,0,1,0.0,0,0,0.0,1,1,2,1,0,0,1,0,-2,2,5,0.4,0,3,0.0,0,0,0.0,1,0,1,1,1,1,0,1,2
0022000176,2021-01-14,2020-21,regular_season,False,1610612759,SAS,San Antonio Spurs,1610612745,HOU,Houston Rockets,6,13,L,3,8,0.375,0,1,0.0,0,0,0.0,1,0,1,1,0,0,1,2,-7,4,6,0.667,1,1,1.0,4,4,1.0,1,4,5,1,0,2,1,1,7
0022000181,2021-01-15,2020-21,regular_season,False,1610612739,CLE,Cleveland Cavaliers,1610612752,NYK,New York Knicks,13,15,L,2,3,0.667,1,1,1.0,8,10,0.8,0,3,3,1,3,0,4,6,-2,5,6,0.833,0,1,0.0,5,7,0.714,0,2,2,1,2,0,3,5,2
0022000182,2021-01-15,2020-21,regular_season,False,1610612749,MIL,Milwaukee Bucks,1610612742,DAL,Dallas Mavericks,12,10,W,3,8,0.375,3,6,0.5,3,4,0.75,0,5,5,0,0,0,0,1,2,4,10,0.4,1,5,0.2,1,2,0.5,1,6,7,1,0,0,0,2,-2
0022000184,2021-01-15,2020-21,regular_season,False,1610612760,OKC,Oklahoma City Thunder,1610612741,CHI,Chicago Bulls,14,7,W,5,10,0.5,2,6,0.333,2,3,0.667,1,5,6,3,1,0,3,3,7,2,10,0.2,2,7,0.286,1,2,0.5,1,3,4,1,1,0,4,6,-7
0022000189,2021-01-16,2020-21,regular_season,False,1610612759,SAS,San Antonio Spurs,1610612745,HOU,Houston Rockets,3,0,W,1,2,0.5,1,2,0.5,0,0,0.0,0,1,1,1,1,0,0,0,3,0,1,0.0,0,1,0.0,0,0,0.0,0,1,1,0,0,0,0,1,-3
0022000190,2021-01-16,2020-21,regular_season,False,1610612751,BKN,Brooklyn Nets,1610612753,ORL,Orlando Magic,7,0,W,1,3,0.333,1,1,1.0,4,4,1.0,0,2,2,0,0,0,0,0,7,0,2,0.0,0,0,0.0,0,0,0.0,0,1,1,0,0,1,0,4,-7
0022000191,2021-01-16,2020-21,regular_season,False,1610612761,TOR,Toronto Raptors,1610612766,CHA,Charlotte Hornets,12,14,L,2,6,0.333,0,2,0.0,8,8,1.0,0,3,3,1,1,1,0,1,-2,5,11,0.455,4,8,0.5,0,0,0.0,2,3,5,4,0,0,2,5,2
0022000193,2021-01-16,2020-21,regular_season,False,1610612763,MEM,Memphis Grizzlies,1610612755,PHI,Philadelphia 76ers,5,4,W,1,7,0.143,1,2,0.5,2,3,0.667,1,3,4,1,1,0,1,1,1,2,6,0.333,0,4,0.0,0,2,0.0,1,5,6,1,0,2,2,2,-1
0022000195,2021-01-16,2020-21,regular_season,False,1610612757,POR,Portland Trail Blazers,1610612737,ATL,Atlanta Hawks,9,7,W,1,6,0.167,1,4,0.25,6,6,1.0,2,1,3,1,2,0,1,0,2,3,6,0.5,0,2,0.0,1,1,1.0,1,4,5,1,0,0,3,4,-2
0022000200,2021-01-17,2020-21,regular_season,False,1610612743,DEN,Denver Nuggets,1610612762,UTA,Utah Jazz,8,13,L,3,9,0.333,2,5,0.4,0,0,0.0,3,2,5,3,0,0,0,3,-5,5,5,1.0,0,0,0.0,3,5,0.6,0,1,1,3,0,0,0,0,5
0022000201,2021-01-17,2020-21,regular_season,False,1610612758,SAC,Sacramento Kings,1610612740,NOP,New Orleans Pelicans,8,12,L,4,8,0.5,0,3,0.0,0,0,0.0,0,1,1,1,0,1,0,5,-4,1,4,0.25,0,1,0.0,10,10,1.0,1,3,4,0,0,0,1,2,4
0022000203,2021-01-18,2020-21,regular_season,False,1610612752,NYK,New York Knicks,1610612753,ORL,Orlando Magic,12,8,W,3,7,0.429,0,1,0.0,6,9,0.667,1,5,6,0,1,0,0,1,4,3,9,0.333,2,5,0.4,0,0,0.0,2,3,5,2,0,1,1,6,-4
0022000206,2021-01-18,2020-21,regular_season,False,1610612748,MIA,Miami Heat,1610612765,DET,Detroit Pistons,10,3,W,2,3,0.667,0,0,0.0,6,6,1.0,0,1,1,1,1,1,0,0,7,1,2,0.5,0,0,0.0,1,2,0.5,0,1,1,0,0,0,1,5,-7
0022000208,2021-01-18,2020-21,regular_season,False,1610612763,MEM,Memphis Grizzlies,1610612756,PHX,Phoenix Suns,16,13,W,4,7,0.571,1,1,1.0,7,8,0.875,1,5,6,2,1,0,0,2,3,5,13,0.385,2,7,0.286,1,3,0.333,4,3,7,3,0,0,2,5,-3
0022000209,2021-01-18,2020-21,regular_season,False,1610612751,BKN,Brooklyn Nets,1610612749,MIL,Milwaukee Bucks,15,13,W,6,10,0.6,2,4,0.5,1,2,0.5,1,4,5,4,0,0,1,0,2,6,12,0.5,1,6,0.167,0,0,0.0,2,2,4,2,1,1,0,2,-2
0022000211,2021-01-18,2020-21,regular_season,False,1610612741,CHI,Chicago Bulls,1610612745,HOU,Houston Rockets,9,2,W,3,5,0.6,2,3,0.667,1,1,1.0,0,1,1,2,0,1,0,1,7,0,2,0.0,0,1,0.0,2,2,1.0,0,2,2,0,0,0,0,1,-7
0022000212,2021-01-18,2020-21,regular_season,False,1610612747,LAL,Los Angeles Lakers,1610612744,GSW,Golden State Warriors,6,12,L,1,7,0.143,0,4,0.0,4,5,0.8,2,3,5,0,0,0,2,2,-6,4,7,0.571,1,3,0.333,3,3,1.0,0,2,2,3,0,0,0,3,6
0022000216,2021-01-20,2020-21,regular_season,False,1610612739,CLE,Cleveland Cavaliers,1610612751,BKN,Brooklyn Nets,32,22,W,12,23,0.522,6,10,0.6,2,6,0.333,3,9,12,6,2,1,3,6,10,7,20,0.35,2,5,0.4,6,7,0.857,4,9,13,3,1,5,4,6,-10
0022000218,2021-01-20,2020-21,regular_season,False,1610612755,PHI,Philadelphia 76ers,1610612738,BOS,Boston Celtics,11,6,W,2,4,0.5,1,2,0.5,6,8,0.75,1,2,3,1,2,1,1,0,5,3,7,0.429,0,2,0.0,0,0,0.0,2,2,4,1,1,0,2,4,-5
0022000219,2021-01-20,2020-21,regular_season,False,1610612737,ATL,Atlanta Hawks,1610612765,DET,Detroit Pistons,21,10,W,5,9,0.556,2,3,0.667,9,12,0.75,1,9,10,3,0,1,1,3,11,3,12,0.25,0,2,0.0,4,5,0.8,0,3,3,1,1,1,0,6,-11
0022000221,2021-01-20,2020-21,regular_season,False,1610612750,MIN,Minnesota Timberwolves,1610612753,ORL,Orlando Magic,5,11,L,2,5,0.4,0,0,0.0,1,3,0.333,0,1,1,2,0,0,0,0,-6,4,7,0.571,3,5,0.6,0,0,0.0,2,3,5,2,0,1,0,2,6
0022000222,2021-01-20,2020-21,regular_season,False,1610612745,HOU,Houston Rockets,1610612756,PHX,Phoenix Suns,3,6,L,1,2,0.5,0,1,0.0,1,1,1.0,0,1,1,1,0,0,0,2,-3,1,3,0.333,0,1,0.0,4,4,1.0,1,1,2,0,0,0,0,0,3
0022000226,2021-01-21,2020-21,regular_season,False,1610612749,MIL,Milwaukee Bucks,1610612747,LAL,Los Angeles Lakers,4,11,L,1,2,0.5,0,0,0.0,2,3,0.667,0,1,1,1,1,0,0,1,-7,4,5,0.8,3,3,1.0,0,0,0.0,0,1,1,4,0,0,1,2,7
0022000230,2021-01-22,2020-21,regular_season,False,1610612765,DET,Detroit Pistons,1610612745,HOU,Houston Rockets,10,8,W,3,9,0.333,2,3,0.667,2,7,0.286,4,6,10,1,0,1,1,4,2,1,7,0.143,0,3,0.0,6,8,0.75,1,4,5,0,1,2,0,4,-2
0022000231,2021-01-22,2020-21,regular_season,False,1610612754,IND,Indiana Pacers,1610612753,ORL,Orlando Magic,20,15,W,8,19,0.421,1,6,0.167,3,4,0.75,3,7,10,5,3,0,1,5,5,5,15,0.333,2,7,0.286,3,5,0.6,1,8,9,3,0,0,4,3,-5
0022000233,2021-01-22,2020-21,regular_season,False,1610612755,PHI,Philadelphia 76ers,1610612738,BOS,Boston Celtics,5,0,W,2,3,0.667,0,0,0.0,1,1,1.0,1,0,1,0,0,0,0,0,5,0,0,0.0,0,0,0.0,0,0,0.0,0,0,0,0,0,0,0,1,-5
0022000237,2021-01-22,2020-21,regular_season,False,1610612759,SAS,San Antonio Spurs,1610612742,DAL,Dallas Mavericks,6,9,L,1,6,0.167,0,1,0.0,5,6,0.833,2,3,5,0,0,0,0,3,-3,2,5,0.4,1,4,0.25,4,4,1.0,0,2,2,1,0,0,0,2,3
0022000238,2021-01-22,2020-21,regular_season,False,1610612756,PHX,Phoenix Suns,1610612743,DEN,Denver Nuggets,22,24,L,8,18,0.444,1,4,0.25,5,5,1.0,3,5,8,2,2,0,3,6,-2,8,14,0.571,0,1,0.0,8,8,1.0,2,5,7,3,1,0,2,5,2
0022000241,2021-01-22,2020-21,regular_season,False,1610612758,SAC,Sacramento Kings,1610612752,NYK,New York Knicks,4,2,W,0,2,0.0,0,1,0.0,4,4,1.0,0,3,3,0,0,2,0,1,2,0,3,0.0,0,1,0.0,2,2,1.0,0,3,3,0,0,0,0,2,-2
0022000243,2021-01-23,2020-21,regular_season,False,1610612765,DET,Detroit Pistons,1610612755,PHI,Philadelphia 76ers,9,10,L,3,6,0.5,1,2,0.5,2,2,1.0,0,3,3,2,1,0,2,4,-1,2,7,0.286,1,3,0.333,5,6,0.833,1,2,3,0,0,1,1,2,1
0022000244,2021-01-23,2020-21,regular_season,False,1610612751,BKN,Brooklyn Nets,1610612748,MIA,Miami Heat,12,9,W,3,7,0.429,1,3,0.333,5,6,0.833,0,2,2,2,0,0,1,3,3,2,4,0.5,1,3,0.333,5,7,0.714,0,5,5,2,0,0,3,4,-3
0022000248,2021-01-23,2020-21,regular_season,False,1610612756,PHX,Phoenix Suns,1610612743,DEN,Denver Nuggets,21,24,L,8,20,0.4,2,9,0.222,3,5,0.6,1,9,10,3,1,1,0,7,-3,7,19,0.368,2,5,0.4,8,9,0.889,3,13,16,2,0,0,3,4,3
0022000249,2021-01-24,2020-21,regular_season,False,1610612754,IND,Indiana Pacers,1610612761,TOR,Toronto Raptors,12,15,L,4,8,0.5,2,3,0.667,2,3,0.667,1,1,2,3,2,0,1,5,-3,3,5,0.6,1,2,0.5,8,10,0.8,1,2,3,2,0,2,2,2,3
0022000252,2021-01-24,2020-21,regular_season,False,1610612753,ORL,Orlando Magic,1610612766,CHA,Charlotte Hornets,3,5,L,1,1,1.0,1,1,1.0,0,0,0.0,0,1,1,1,0,0,1,2,-2,2,4,0.5,0,1,0.0,1,4,0.25,2,0,2,1,0,0,0,0,2
0022000256,2021-01-24,2020-21,regular_season,False,1610612757,POR,Portland Trail Blazers,1610612752,NYK,New York Knicks,10,7,W,0,1,0.0,0,1,0.0,10,10,1.0,0,0,0,0,0,1,0,0,3,2,3,0.667,0,0,0.0,3,3,1.0,0,1,1,1,0,0,0,6,-3
0022000258,2021-01-25,2020-21,regular_season,False,1610612754,IND,Indiana Pacers,1610612761,TOR,Toronto Raptors,3,0,W,1,2,0.5,0,0,0.0,1,1,1.0,0,0,0,0,0,0,0,0,3,0,0,0.0,0,0,0.0,0,0,0.0,0,1,1,0,0,1,1,1,-3
0022000260,2021-01-25,2020-21,regular_season,False,1610612751,BKN,Brooklyn Nets,1610612748,MIA,Miami Heat,2,0,W,1,1,1.0,0,0,0.0,0,0,0.0,0,0,0,0,1,0,0,0,2,0,0,0.0,0,0,0.0,0,0,0.0,0,0,0,0,0,0,1,0,-2
0022000261,2021-01-25,2020-21,regular_season,False,1610612739,CLE,Cleveland Cavaliers,1610612747,LAL,Los Angeles Lakers,0,8,L,0,1,0.0,0,0,0.0,0,0,0.0,0,0,0,0,0,0,0,0,-8,3,3,1.0,2,2,1.0,0,0,0.0,0,1,1,1,0,1,0,0,8
0022000265,2021-01-25,2020-21,regular_season,False,1610612742,DAL,Dallas Mavericks,1610612743,DEN,Denver Nuggets,3,10,L,1,5,0.2,0,3,0.0,1,2,0.5,1,3,4,0,0,0,3,2,-7,4,8,0.5,2,5,0.4,0,0,0.0,0,3,3,4,2,0,1,1,7
0022000267,2021-01-25,2020-21,regular_season,False,1610612757,POR,Portland Trail Blazers,1610612760,OKC,Oklahoma City Thunder,2,3,L,1,1,1.0,0,0,0.0,0,0,0.0,0,1,1,0,0,0,0,3,-1,0,0,0.0,0,0,0.0,3,6,0.5,0,0,0,0,0,0,0,0,1
0022000268,2021-01-26,2020-21,regular_season,False,1610612737,ATL,Atlanta Hawks,1610612746,LAC,LA Clippers,5,0,W,2,4,0.5,1,3,0.333,0,0,0.0,1,1,2,1,0,0,0,0,5,0,1,0.0,0,1,0.0,0,0,0.0,0,1,1,0,0,0,0,1,-5
0022000274,2021-01-27,2020-21,regular_season,False,1610612737,ATL,Atlanta Hawks,1610612751,BKN,Brooklyn Nets,18,27,L,7,12,0.583,1,4,0.25,3,4,0.75,0,3,3,6,0,0,3,4,-9,10,16,0.625,2,7,0.286,5,6,0.833,3,2,5,6,2,1,1,5,9
0022000276,2021-01-27,2020-21,regular_season,False,1610612755,PHI,Philadelphia 76ers,1610612747,LAL,Los Angeles Lakers,2,5,L,1,4,0.25,0,1,0.0,0,0,0.0,1,0,1,1,0,0,1,1,-3,2,3,0.667,1,2,0.5,0,0,0.0,0,1,1,2,0,0,0,0,3
0022000277,2021-01-27,2020-21,regular_season,False,1610612761,TOR,Toronto Raptors,1610612749,MIL,Milwaukee Bucks,0,7,L,0,1,0.0,0,1,0.0,0,0,0.0,0,0,0,0,1,0,0,0,-7,3,3,1.0,1,1,1.0,0,0,0.0,0,1,1,2,0,0,1,0,7
0022000280,2021-01-27,2020-21,regular_season,False,1610612759,SAS,San Antonio Spurs,1610612738,BOS,Boston Celtics,13,12,W,4,6,0.667,0,1,0.0,5,6,0.833,0,5,5,1,1,0,2,1,1,5,10,0.5,1,3,0.333,1,1,1.0,0,3,3,1,1,0,1,3,-1
0022000281,2021-01-27,2020-21,regular_season,False,1610612756,PHX,Phoenix Suns,1610612760,OKC,Oklahoma City Thunder,6,13,L,1,9,0.111,1,5,0.2,3,4,0.75,3,5,8,1,1,0,4,7,-7,3,7,0.429,1,3,0.333,6,8,0.75,1,5,6,1,2,0,1,3,7
0022000285,2021-01-28,2020-21,regular_season,False,1610612748,MIA,Miami Heat,1610612746,LAC,LA Clippers,2,1,W,1,4,0.25,0,3,0.0,0,0,0.0,2,0,2,1,0,0,0,1,1,0,0,0.0,0,0,0.0,1,2,0.5,0,1,1,0,0,0,0,0,-1
0022000287,2021-01-28,2020-21,regular_season,False,1610612745,HOU,Houston Rockets,1610612757,POR,Portland Trail Blazers,9,10,L,2,9,0.222,0,2,0.0,5,6,0.833,2,5,7,0,0,1,0,0,-1,4,13,0.308,2,6,0.333,0,0,0.0,2,6,8,2,0,1,1,5,1
0022000288,2021-01-29,2020-21,regular_season,False,1610612766,CHA,Charlotte Hornets,1610612754,IND,Indiana Pacers,12,11,W,5,11,0.455,2,3,0.667,0,0,0.0,3,4,7,4,0,1,1,1,1,5,9,0.556,1,2,0.5,0,0,0.0,0,2,2,4,0,1,0,1,-1
0022000292,2021-01-29,2020-21,regular_season,False,1610612761,TOR,Toronto Raptors,1610612758,SAC,Sacramento Kings,12,12,L,5,8,0.625,1,4,0.25,1,2,0.5,1,1,2,3,0,0,0,5,0,2,3,0.667,2,2,1.0,6,9,0.667,1,1,2,2,0,0,2,2,0
0022000293,2021-01-29,2020-21,regular_season,False,1610612740,NOP,New Orleans Pelicans,1610612749,MIL,Milwaukee Bucks,2,0,W,0,0,0.0,0,0,0.0,2,3,0.667,0,0,0,0,0,0,0,0,2,0,0,0.0,0,0,0.0,0,0,0.0,0,0,0,0,0,0,1,2,-2
0022000298,2021-01-30,2020-21,regular_season,False,1610612741,CHI,Chicago Bulls,1610612757,POR,Portland Trail Blazers,12,12,L,4,9,0.444,2,5,0.4,2,2,1.0,0,4,4,2,1,2,1,0,0,5,10,0.5,2,4,0.5,0,0,0.0,2,4,6,2,1,0,3,4,0
0022000299,2021-01-30,2020-21,regular_season,False,1610612766,CHA,Charlotte Hornets,1610612749,MIL,Milwaukee Bucks,6,3,W,2,5,0.4,1,3,0.333,1,1,1.0,1,1,2,2,3,1,2,1,3,1,2,0.5,1,1,1.0,0,0,0.0,0,3,3,1,2,1,4,1,-3
0022000301,2021-01-30,2020-21,regular_season,False,1610612748,MIA,Miami Heat,1610612758,SAC,Sacramento Kings,8,10,L,2,6,0.333,0,2,0.0,4,4,1.0,1,5,6,1,0,2,4,2,-2,4,11,0.364,1,4,0.25,1,2,0.5,2,2,4,0,2,0,0,3,2
0022000302,2021-01-30,2020-21,regular_season,False,1610612738,BOS,Boston Celtics,1610612747,LAL,Los Angeles Lakers,4,4,L,2,4,0.5,0,0,0.0,0,2,0.0,1,4,5,1,0,1,1,0,0,2,7,0.286,0,2,0.0,0,0,0.0,1,1,2,2,1,0,1,1,0
0022000303,2021-01-30,2020-21,regular_season,False,1610612742,DAL,Dallas Mavericks,1610612756,PHX,Phoenix Suns,3,14,L,1,6,0.167,0,3,0.0,1,1,1.0,0,1,1,1,0,1,0,4,-11,4,6,0.667,1,2,0.5,5,6,0.833,0,5,5,1,0,0,0,1,11
0022000307,2021-01-31,2020-21,regular_season,False,1610612754,IND,Indiana Pacers,1610612755,PHI,Philadelphia 76ers,4,14,L,0,5,0.0,0,3,0.0,4,6,0.667,1,1,2,0,0,0,2,5,-10,4,7,0.571,0,1,0.0,6,8,0.75,1,5,6,1,1,0,1,4,10
0022000310,2021-01-31,2020-21,regular_season,False,1610612764,WAS,Washington Wizards,1610612751,BKN,Brooklyn Nets,22,16,W,6,9,0.667,3,5,0.6,7,7,1.0,0,3,3,3,1,0,0,5,6,3,6,0.5,1,2,0.5,9,10,0.9,0,2,2,1,0,0,1,4,-6
0022000311,2021-01-31,2020-21,regular_season,False,1610612750,MIN,Minnesota Timberwolves,1610612739,CLE,Cleveland Cavaliers,2,0,W,0,0,0.0,0,0,0.0,2,2,1.0,0,0,0,0,0,0,0,0,2,0,0,0.0,0,0,0.0,0,0,0.0,0,0,0,0,0,0,0,1,-2
0022000312,2021-02-01,2020-21,regular_season,False,1610612739,CLE,Cleveland Cavaliers,1610612750,MIN,Minnesota Timberwolves,8,4,W,2,4,0.5,0,0,0.0,4,4,1.0,0,1,1,0,0,0,1,1,4,2,5,0.4,0,3,0.0,0,0,0.0,2,1,3,0,0,0,0,3,-4
0022000313,2021-02-01,2020-21,regular_season,False,1610612737,ATL,Atlanta Hawks,1610612747,LAL,Los Angeles Lakers,6,9,L,2,3,0.667,1,1,1.0,1,2,0.5,0,1,1,1,0,0,0,1,-3,4,6,0.667,1,1,1.0,0,0,0.0,1,1,2,2,0,1,0,1,3
0022000314,2021-02-01,2020-21,regular_season,False,1610612748,MIA,Miami Heat,1610612766,CHA,Charlotte Hornets,6,14,L,2,9,0.222,0,3,0.0,2,2,1.0,0,2,2,1,1,0,1,2,-8,5,7,0.714,2,3,0.667,2,2,1.0,0,5,5,2,0,1,1,2,8
0022000315,2021-02-01,2020-21,regular_season,False,1610612741,CHI,Chicago Bulls,1610612752,NYK,New York Knicks,12,10,W,5,10,0.5,2,4,0.5,0,1,0.0,1,2,3,2,1,0,0,0,2,4,9,0.444,2,4,0.5,0,0,0.0,2,4,6,3,0,0,1,1,-2
0022000317,2021-02-01,2020-21,regular_season,False,1610612740,NOP,New Orleans Pelicans,1610612758,SAC,Sacramento Kings,5,8,L,2,7,0.286,0,1,0.0,1,1,1.0,1,3,4,0,1,0,2,1,-3,3,6,0.5,0,1,0.0,2,2,1.0,0,4,4,1,1,1,2,1,3
0022000319,2021-02-01,2020-21,regular_season,False,1610612742,DAL,Dallas Mavericks,1610612756,PHX,Phoenix Suns,11,12,L,3,8,0.375,1,4,0.25,5,5,1.0,1,3,4,2,0,2,0,1,-1,4,14,0.286,2,4,0.5,2,2,1.0,5,2,7,2,0,0,0,3,1
0022000324,2021-02-02,2020-21,regular_season,False,1610612751,BKN,Brooklyn Nets,1610612746,LAC,LA Clippers,14,7,W,4,4,1.0,2,2,1.0,4,5,0.8,0,3,3,2,0,0,1,5,7,1,4,0.25,1,3,0.333,4,6,0.667,0,1,1,1,0,0,0,4,-7
0022000325,2021-02-02,2020-21,regular_season,False,1610612762,UTA,Utah Jazz,1610612765,DET,Detroit Pistons,3,1,W,1,2,0.5,1,1,1.0,0,0,0.0,0,1,1,1,0,0,0,0,2,0,1,0.0,0,1,0.0,1,1,1.0,0,1,1,0,0,0,0,0,-2
0022000326,2021-02-02,2020-21,regular_season,False,1610612744,GSW,Golden State Warriors,1610612738,BOS,Boston Celtics,3,6,L,1,4,0.25,0,2,0.0,1,1,1.0,1,3,4,1,0,0,0,4,-3,1,2,0.5,0,1,0.0,4,7,0.571,1,1,2,0,0,0,0,0,3
0022000559,2021-02-02,2020-21,regular_season,False,1610612764,WAS,Washington Wizards,1610612757,POR,Portland Trail Blazers,0,3,L,0,1,0.0,0,1,0.0,0,0,0.0,0,1,1,0,0,1,0,0,-3,1,2,0.5,1,1,1.0,0,0,0.0,0,1,1,1,0,0,0,0,3
0022000327,2021-02-03,2020-21,regular_season,False,1610612766,CHA,Charlotte Hornets,1610612755,PHI,Philadelphia 76ers,0,2,L,0,0,0.0,0,0,0.0,0,1,0.0,0,0,0,0,0,0,0,2,-2,0,0,0.0,0,0,0.0,2,2,1.0,0,0,0,0,0,0,0,0,2
0022000330,2021-02-03,2020-21,regular_season,False,1610612737,ATL,Atlanta Hawks,1610612742,DAL,Dallas Mavericks,4,7,L,2,3,0.667,0,1,0.0,0,0,0.0,0,0,0,1,0,0,0,4,-3,1,2,0.5,0,0,0.0,5,6,0.833,1,1,2,0,0,0,0,0,3
0022000331,2021-02-03,2020-21,regular_season,False,1610612748,MIA,Miami Heat,1610612764,WAS,Washington Wizards,9,7,W,4,11,0.364,1,4,0.25,0,0,0.0,1,4,5,4,2,0,1,3,2,1,5,0.2,0,2,0.0,5,6,0.833,1,4,5,0,1,0,3,1,-2
0022000332,2021-02-03,2020-21,regular_season,False,1610612741,CHI,Chicago Bulls,1610612752,NYK,New York Knicks,2,3,L,1,4,0.25,0,3,0.0,0,0,0.0,1,3,4,0,2,0,1,2,-1,1,4,0.25,0,0,0.0,1,2,0.5,1,2,3,0,1,0,2,0,1
0022000334,2021-02-03,2020-21,regular_season,False,1610612759,SAS,San Antonio Spurs,1610612750,MIN,Minnesota Timberwolves,12,9,W,4,6,0.667,0,1,0.0,4,7,0.571,1,4,5,3,0,1,0,2,3,4,10,0.4,0,1,0.0,1,2,0.5,2,3,5,1,0,0,0,4,-3
0022000336,2021-02-03,2020-21,regular_season,False,1610612758,SAC,Sacramento Kings,1610612738,BOS,Boston Celtics,21,14,W,6,10,0.6,2,4,0.5,7,7,1.0,2,4,6,2,0,0,1,5,7,4,9,0.444,2,4,0.5,4,7,0.571,2,0,2,3,0,0,0,4,-7
0022000343,2021-02-05,2020-21,regular_season,False,1610612754,IND,Indiana Pacers,1610612740,NOP,New Orleans Pelicans,14,13,W,5,9,0.556,4,6,0.667,0,0,0.0,0,1,1,5,3,0,1,3,1,4,8,0.5,2,2,1.0,3,4,0.75,3,4,7,2,0,0,3,1,-1
0022000344,2021-02-05,2020-21,regular_season,False,1610612753,ORL,Orlando Magic,1610612741,CHI,Chicago Bulls,13,11,W,3,6,0.5,0,1,0.0,7,8,0.875,1,7,8,2,0,0,3,4,2,2,13,0.154,1,5,0.2,6,6,1.0,3,3,6,2,2,1,0,5,-2
0022000345,2021-02-05,2020-21,regular_season,False,1610612751,BKN,Brooklyn Nets,1610612761,TOR,Toronto Raptors,4,18,L,1,3,0.333,0,1,0.0,2,3,0.667,1,1,2,0,0,0,2,2,-14,6,7,0.857,4,5,0.8,2,2,1.0,1,1,2,4,1,0,0,1,14
0022000348,2021-02-05,2020-21,regular_season,False,1610612760,OKC,Oklahoma City Thunder,1610612750,MIN,Minnesota Timberwolves,8,11,L,3,11,0.273,1,5,0.2,1,2,0.5,1,4,5,2,2,0,0,0,-3,5,9,0.556,1,2,0.5,0,0,0.0,0,6,6,2,0,2,2,0,3
0022000350,2021-02-05,2020-21,regular_season,False,1610612746,LAC,LA Clippers,1610612738,BOS,Boston Celtics,13,15,L,5,9,0.556,2,5,0.4,1,2,0.5,0,4,4,2,1,0,2,6,-2,2,6,0.333,0,1,0.0,11,11,1.0,0,4,4,0,3,0,2,1,2
0022000352,2021-02-06,2020-21,regular_season,False,1610612758,SAC,Sacramento Kings,1610612743,DEN,Denver Nuggets,7,4,W,1,1,1.0,0,0,0.0,5,6,0.833,0,0,0,0,0,0,0,0,3,2,3,0.667,0,1,0.0,0,0,0.0,1,0,1,0,0,0,0,4,-3
0022000355,2021-02-06,2020-21,regular_season,False,1610612740,NOP,New Orleans Pelicans,1610612763,MEM,Memphis Grizzlies,7,0,W,3,4,0.75,1,1,1.0,0,0,0.0,0,3,3,2,0,2,0,0,7,0,5,0.0,0,2,0.0,0,0,0.0,1,2,3,0,0,0,1,1,-7
0022000356,2021-02-06,2020-21,regular_season,False,1610612737,ATL,Atlanta Hawks,1610612761,TOR,Toronto Raptors,3,0,W,1,2,0.5,0,0,0.0,1,1,1.0,0,1,1,1,0,1,0,0,3,0,1,0.0,0,0,0.0,0,0,0.0,0,1,1,0,0,0,0,1,-3
0022000358,2021-02-06,2020-21,regular_season,False,1610612745,HOU,Houston Rockets,1610612759,SAS,San Antonio Spurs,12,13,L,4,8,0.5,1,5,0.2,3,4,0.75,1,4,5,2,1,2,2,7,-1,1,5,0.2,0,0,0.0,11,11,1.0,0,2,2,0,1,0,1,2,1
0022000359,2021-02-06,2020-21,regular_season,False,1610612760,OKC,Oklahoma City Thunder,1610612750,MIN,Minnesota Timberwolves,11,10,W,5,6,0.833,0,0,0.0,1,1,1.0,0,3,3,1,2,0,3,2,1,4,8,0.5,0,1,0.0,2,2,1.0,1,1,2,1,3,0,2,1,-1
0022000360,2021-02-06,2020-21,regular_season,False,1610612742,DAL,Dallas Mavericks,1610612744,GSW,Golden State Warriors,11,6,W,4,8,0.5,3,5,0.6,0,0,0.0,2,2,4,4,0,0,1,2,5,2,5,0.4,0,1,0.0,2,2,1.0,1,1,2,0,1,1,0,1,-5
0022000361,2021-02-06,2020-21,regular_season,False,1610612747,LAL,Los Angeles Lakers,1610612765,DET,Detroit Pistons,33,20,W,11,22,0.5,4,6,0.667,7,7,1.0,3,7,10,5,2,3,4,3,13,8,18,0.444,0,5,0.0,4,4,1.0,2,8,10,0,3,0,4,8,-13
0022000363,2021-02-07,2020-21,regular_season,False,1610612754,IND,Indiana Pacers,1610612762,UTA,Utah Jazz,0,10,L,0,3,0.0,0,1,0.0,0,0,0.0,1,1,2,0,0,0,0,0,-10,4,6,0.667,2,3,0.667,0,0,0.0,1,2,3,3,0,0,0,0,10
0022000364,2021-02-07,2020-21,regular_season,False,1610612752,NYK,New York Knicks,1610612748,MIA,Miami Heat,5,12,L,2,8,0.25,1,4,0.25,0,0,0.0,1,3,4,2,0,2,0,3,-7,3,5,0.6,1,2,0.5,5,5,1.0,0,5,5,2,0,0,0,0,7
0022000365,2021-02-07,2020-21,regular_season,False,1610612756,PHX,Phoenix Suns,1610612738,BOS,Boston Celtics,6,0,W,2,2,1.0,1,1,1.0,1,1,1.0,0,0,0,1,0,0,0,0,6,0,1,0.0,0,1,0.0,0,0,0.0,0,0,0,0,0,0,0,1,-6
0022000366,2021-02-07,2020-21,regular_season,False,1610612746,LAC,LA Clippers,1610612758,SAC,Sacramento Kings,9,13,L,3,9,0.333,0,2,0.0,3,4,0.75,1,3,4,1,0,0,1,2,-4,5,10,0.5,1,3,0.333,2,2,1.0,2,3,5,2,0,0,0,2,4
0022000368,2021-02-08,2020-21,regular_season,False,1610612741,CHI,Chicago Bulls,1610612764,WAS,Washington Wizards,6,6,L,1,6,0.167,0,0,0.0,4,4,1.0,2,3,5,1,1,0,0,4,0,0,2,0.0,0,0,0.0,6,8,0.75,0,3,3,0,0,0,1,2,0
0022000370,2021-02-08,2020-21,regular_season,False,1610612742,DAL,Dallas Mavericks,1610612750,MIN,Minnesota Timberwolves,3,2,W,1,2,0.5,0,0,0.0,1,1,1.0,0,1,1,0,0,0,0,0,1,1,3,0.333,0,2,0.0,0,0,0.0,1,1,2,0,0,1,0,1,-1
0022000371,2021-02-08,2020-21,regular_season,False,1610612759,SAS,San Antonio Spurs,1610612744,GSW,Golden State Warriors,12,11,W,2,6,0.333,2,4,0.5,6,7,0.857,0,4,4,1,2,0,3,3,1,3,8,0.375,1,4,0.25,4,6,0.667,1,5,6,2,2,0,3,6,-1
0022000372,2021-02-08,2020-21,regular_season,False,1610612756,PHX,Phoenix Suns,1610612739,CLE,Cleveland Cavaliers,15,6,W,4,7,0.571,2,4,0.5,5,6,0.833,0,4,4,2,1,1,0,2,9,1,8,0.125,1,2,0.5,3,4,0.75,1,3,4,1,0,0,2,5,-9
0022000374,2021-02-08,2020-21,regular_season,False,1610612747,LAL,Los Angeles Lakers,1610612760,OKC,Oklahoma City Thunder,22,12,W,9,15,0.6,3,7,0.429,1,2,0.5,0,8,8,6,1,2,0,2,10,3,14,0.214,3,7,0.429,3,3,1.0,0,6,6,2,0,1,3,2,-10
0022000376,2021-02-09,2020-21,regular_season,False,1610612748,MIA,Miami Heat,1610612752,NYK,New York Knicks,10,8,W,2,7,0.286,2,4,0.5,4,7,0.571,1,5,6,2,1,0,1,1,2,4,12,0.333,0,2,0.0,0,0,0.0,2,4,6,1,1,0,2,3,-2
0022000379,2021-02-09,2020-21,regular_season,False,1610612762,UTA,Utah Jazz,1610612738,BOS,Boston Celtics,6,1,W,2,3,0.667,2,3,0.667,0,0,0.0,0,1,1,2,0,0,0,1,5,0,0,0.0,0,0,0.0,1,2,0.5,0,0,0,0,0,0,0,0,-5
0022000381,2021-02-09,2020-21,regular_season,False,1610612758,SAC,Sacramento Kings,1610612755,PHI,Philadelphia 76ers,0,10,L,0,2,0.0,0,0,0.0,0,1,0.0,0,1,1,0,0,0,0,2,-10,3,5,0.6,1,1,1.0,3,3,1.0,1,3,4,2,0,0,1,2,10
0022000384,2021-02-10,2020-21,regular_season,False,1610612742,DAL,Dallas Mavericks,1610612737,ATL,Atlanta Hawks,11,15,L,5,8,0.625,1,2,0.5,0,0,0.0,0,3,3,3,0,0,1,1,-4,5,9,0.556,3,4,0.75,2,2,1.0,0,3,3,4,0,0,0,2,4
0022000389,2021-02-10,2020-21,regular_season,False,1610612756,PHX,Phoenix Suns,1610612749,MIL,Milwaukee Bucks,5,7,L,1,6,0.167,0,1,0.0,3,4,0.75,1,1,2,0,3,0,1,2,-2,2,4,0.5,1,2,0.5,2,3,0.667,1,5,6,2,1,0,4,2,2
0022000390,2021-02-10,2020-21,regular_season,False,1610612747,LAL,Los Angeles Lakers,1610612760,OKC,Oklahoma City Thunder,19,19,W,6,17,0.353,3,7,0.429,4,4,1.0,2,5,7,2,1,0,3,3,0,7,15,0.467,0,3,0.0,5,5,1.0,2,7,9,3,3,0,3,4,0
0022000392,2021-02-11,2020-21,regular_season,False,1610612745,HOU,Houston Rockets,1610612748,MIA,Miami Heat,0,3,L,0,0,0.0,0,0,0.0,0,0,0.0,0,0,0,0,0,0,1,2,-3,0,2,0.0,0,1,0.0,3,3,1.0,2,0,2,0,1,0,0,0,3
0022000393,2021-02-11,2020-21,regular_season,False,1610612744,GSW,Golden State Warriors,1610612753,ORL,Orlando Magic,2,0,W,0,0,0.0,0,0,0.0,2,2,1.0,0,0,0,0,0,0,0,0,2,0,0,0.0,0,0,0.0,0,0,0.0,0,0,0,0,0,0,0,1,-2
0022000394,2021-02-11,2020-21,regular_season,False,1610612757,POR,Portland Trail Blazers,1610612755,PHI,Philadelphia 76ers,10,9,W,2,9,0.222,1,3,0.333,5,6,0.833,3,1,4,1,1,1,0,1,1,3,7,0.429,1,3,0.333,2,2,1.0,3,5,8,2,0,1,3,5,-1
0022000395,2021-02-12,2020-21,regular_season,False,1610612766,CHA,Charlotte Hornets,1610612750,MIN,Minnesota Timberwolves,13,6,W,3,6,0.5,3,5,0.6,4,4,1.0,0,3,3,2,0,0,1,0,7,2,7,0.286,2,4,0.5,0,0,0.0,1,3,4,2,0,0,0,3,-7
0022000401,2021-02-12,2020-21,regular_season,False,1610612743,DEN,Denver Nuggets,1610612760,OKC,Oklahoma City Thunder,11,6,W,3,5,0.6,1,2,0.5,4,6,0.667,0,2,2,3,1,0,0,1,5,2,6,0.333,0,3,0.0,2,2,1.0,2,3,5,1,0,0,3,4,-5
0022000412,2021-02-12,2020-21,regular_season,False,1610612738,BOS,Boston Celtics,1610612765,DET,Detroit Pistons,7,12,L,1,4,0.25,0,2,0.0,5,5,1.0,0,3,3,0,0,1,1,6,-5,2,7,0.286,2,5,0.4,6,8,0.75,1,2,3,2,0,0,0,2,5
0022000407,2021-02-13,2020-21,regular_season,False,1610612737,ATL,Atlanta Hawks,1610612754,IND,Indiana Pacers,0,4,L,0,1,0.0,0,0,0.0,0,0,0.0,0,0,0,0,0,0,1,0,-4,2,2,1.0,0,0,0.0,0,0,0.0,0,0,0,2,1,1,0,0,4
0022000411,2021-02-14,2020-21,regular_season,False,1610612742,DAL,Dallas Mavericks,1610612757,POR,Portland Trail Blazers,11,9,W,3,5,0.6,1,3,0.333,4,4,1.0,1,1,2,1,0,0,0,1,2,3,4,0.75,1,2,0.5,2,2,1.0,0,0,0,1,0,0,1,3,-2
0022000413,2021-02-14,2020-21,regular_season,False,1610612761,TOR,Toronto Raptors,1610612750,MIN,Minnesota Timberwolves,10,13,L,3,8,0.375,0,1,0.0,4,5,0.8,0,1,1,2,1,1,0,5,-3,3,4,0.75,1,1,1.0,6,7,0.857,0,5,5,3,1,1,4,3,3
0022000415,2021-02-14,2020-21,regular_season,False,1610612760,OKC,Oklahoma City Thunder,1610612749,MIL,Milwaukee Bucks,12,6,W,3,7,0.429,2,2,1.0,4,5,0.8,0,5,5,2,0,0,1,1,6,3,10,0.3,0,4,0.0,0,0,0.0,2,3,5,1,0,1,0,3,-6
0022000420,2021-02-15,2020-21,regular_season,False,1610612754,IND,Indiana Pacers,1610612741,CHI,Chicago Bulls,15,26,L,5,15,0.333,0,4,0.0,5,5,1.0,3,6,9,0,2,1,3,5,-11,10,17,0.588,3,7,0.429,3,4,0.75,2,7,9,4,1,1,2,1,11
0022000422,2021-02-15,2020-21,regular_season,False,1610612752,NYK,New York Knicks,1610612737,ATL,Atlanta Hawks,10,5,W,4,5,0.8,2,3,0.667,0,0,0.0,1,2,3,4,0,1,1,1,5,2,6,0.333,1,2,0.5,0,0,0.0,1,0,1,0,0,0,0,0,-5
0022000423,2021-02-15,2020-21,regular_season,False,1610612762,UTA,Utah Jazz,1610612755,PHI,Philadelphia 76ers,2,0,W,1,2,0.5,0,0,0.0,0,0,0.0,1,0,1,0,0,0,0,0,2,0,0,0.0,0,0,0.0,0,0,0.0,0,0,0,0,0,0,0,0,-2
0022000425,2021-02-15,2020-21,regular_season,False,1610612746,LAC,LA Clippers,1610612748,MIA,Miami Heat,3,0,W,1,1,1.0,0,0,0.0,1,1,1.0,0,0,0,1,0,0,0,0,3,0,0,0.0,0,0,0.0,0,0,0.0,0,0,0,0,0,0,0,1,-3
0022000430,2021-02-16,2020-21,regular_season,False,1610612749,MIL,Milwaukee Bucks,1610612761,TOR,Toronto Raptors,0,3,L,0,1,0.0,0,0,0.0,0,0,0.0,0,1,1,0,0,0,0,0,-3,1,2,0.5,1,2,0.5,0,0,0.0,0,1,1,1,0,0,0,0,3
0022000431,2021-02-16,2020-21,regular_season,False,1610612750,MIN,Minnesota Timberwolves,1610612747,LAL,Los Angeles Lakers,0,2,L,0,3,0.0,0,0,0.0,0,0,0.0,1,1,2,0,0,0,1,1,-2,1,2,0.5,0,1,0.0,0,0,0.0,0,1,1,0,0,1,1,0,2
0022000432,2021-02-16,2020-21,regular_season,False,1610612760,OKC,Oklahoma City Thunder,1610612757,POR,Portland Trail Blazers,2,15,L,0,3,0.0,0,1,0.0,2,2,1.0,0,2,2,0,0,1,1,1,-13,5,9,0.556,5,5,1.0,0,0,0.0,2,2,4,3,0,1,0,1,13
0022000433,2021-02-16,2020-21,regular_season,False,1610612756,PHX,Phoenix Suns,1610612751,BKN,Brooklyn Nets,8,9,L,3,8,0.375,2,6,0.333,0,0,0.0,1,0,1,1,0,0,0,1,-1,3,3,1.0,1,1,1.0,2,2,1.0,0,4,4,0,0,0,0,0,1
0022000437,2021-02-17,2020-21,regular_season,False,1610612764,WAS,Washington Wizards,1610612743,DEN,Denver Nuggets,7,10,L,1,4,0.25,0,0,0.0,5,5,1.0,0,2,2,0,0,0,0,1,-3,3,5,0.6,3,5,0.6,1,1,1.0,0,3,3,0,0,1,0,2,3
0022000438,2021-02-17,2020-21,regular_season,False,1610612738,BOS,Boston Celtics,1610612737,ATL,Atlanta Hawks,1,2,L,0,0,0.0,0,0,0.0,1,1,1.0,0,0,0,0,0,0,0,1,-1,0,0,0.0,0,0,0.0,2,2,1.0,0,0,0,0,0,0,0,0,1
0022000439,2021-02-17,2020-21,regular_season,False,1610612755,PHI,Philadelphia 76ers,1610612745,HOU,Houston Rockets,5,3,W,1,1,1.0,0,0,0.0,3,4,0.75,0,3,3,0,0,1,2,3,2,0,2,0.0,0,1,0.0,3,4,0.75,0,1,1,0,1,0,0,2,-2
0022000440,2021-02-17,2020-21,regular_season,False,1610612750,MIN,Minnesota Timberwolves,1610612754,IND,Indiana Pacers,24,31,L,9,17,0.529,4,9,0.444,2,2,1.0,1,3,4,8,1,1,1,4,-7,10,15,0.667,4,4,1.0,7,8,0.875,1,7,8,6,1,0,2,3,7
0022000441,2021-02-17,2020-21,regular_season,False,1610612740,NOP,New Orleans Pelicans,1610612757,POR,Portland Trail Blazers,16,17,L,4,9,0.444,2,4,0.5,6,6,1.0,2,1,3,3,2,0,0,1,-1,7,8,0.875,2,2,1.0,1,1,1.0,0,2,2,3,1,1,2,3,1
0022000443,2021-02-17,2020-21,regular_season,False,1610612744,GSW,Golden State Warriors,1610612748,MIA,Miami Heat,24,10,W,10,20,0.5,4,9,0.444,0,1,0.0,5,7,12,4,2,0,1,1,14,5,13,0.385,0,5,0.0,0,0,0.0,0,6,6,2,0,1,2,1,-14
0022000564,2021-02-17,2020-21,regular_season,False,1610612741,CHI,Chicago Bulls,1610612765,DET,Detroit Pistons,20,19,W,6,8,0.75,3,5,0.6,5,9,0.556,0,3,3,4,0,0,0,4,1,6,11,0.545,1,5,0.2,6,7,0.857,2,2,4,3,1,0,0,5,-1
0022000449,2021-02-19,2020-21,regular_season,False,1610612753,ORL,Orlando Magic,1610612744,GSW,Golden State Warriors,14,5,W,4,7,0.571,2,4,0.5,4,5,0.8,1,4,5,4,2,0,0,1,9,2,8,0.25,1,3,0.333,0,0,0.0,1,2,3,1,0,0,2,3,-9
0022000450,2021-02-19,2020-21,regular_season,False,1610612755,PHI,Philadelphia 76ers,1610612741,CHI,Chicago Bulls,11,9,W,3,5,0.6,1,1,1.0,4,4,1.0,0,1,1,2,0,1,0,0,2,4,8,0.5,1,2,0.5,0,0,0.0,2,2,4,1,0,1,1,2,-2
0022000452,2021-02-19,2020-21,regular_season,False,1610612763,MEM,Memphis Grizzlies,1610612765,DET,Detroit Pistons,2,0,W,1,2,0.5,0,0,0.0,0,0,0.0,1,1,2,0,0,0,1,0,2,0,0,0.0,0,0,0.0,0,1,0.0,0,0,0,0,0,0,1,0,-2
0022000454,2021-02-19,2020-21,regular_season,False,1610612750,MIN,Minnesota Timberwolves,1610612761,TOR,Toronto Raptors,2,10,L,1,7,0.143,0,5,0.0,0,0,0.0,0,3,3,1,0,1,4,3,-8,3,8,0.375,1,4,0.25,3,4,0.75,2,5,7,2,1,1,1,3,8
0022000457,2021-02-19,2020-21,regular_season,False,1610612746,LAC,LA Clippers,1610612762,UTA,Utah Jazz,11,5,W,1,1,1.0,1,1,1.0,8,8,1.0,0,2,2,1,0,0,0,0,6,1,3,0.333,1,2,0.5,2,3,0.667,1,0,1,0,0,0,0,4,-6
0022000459,2021-02-20,2020-21,regular_season,False,1610612766,CHA,Charlotte Hornets,1610612744,GSW,Golden State Warriors,13,9,W,4,6,0.667,3,3,1.0,2,2,1.0,0,2,2,1,1,0,0,2,4,2,5,0.4,2,4,0.5,3,4,0.75,1,2,3,1,0,0,1,1,-4
0022000460,2021-02-20,2020-21,regular_season,False,1610612741,CHI,Chicago Bulls,1610612758,SAC,Sacramento Kings,2,1,W,1,1,1.0,0,0,0.0,0,0,0.0,0,0,0,0,0,0,0,0,1,0,0,0.0,0,0,0.0,1,1,1.0,0,0,0,0,0,0,0,1,-1
0022000463,2021-02-20,2020-21,regular_season,False,1610612747,LAL,Los Angeles Lakers,1610612748,MIA,Miami Heat,7,7,L,3,9,0.333,0,5,0.0,1,2,0.5,1,3,4,1,1,0,0,4,0,1,4,0.25,0,1,0.0,5,6,0.833,1,4,5,1,0,0,2,3,0
0022000464,2021-02-20,2020-21,regular_season,False,1610612757,POR,Portland Trail Blazers,1610612764,WAS,Washington Wizards,3,4,L,1,3,0.333,1,2,0.5,0,0,0.0,0,2,2,1,0,1,1,0,-1,2,4,0.5,0,1,0.0,0,0,0.0,0,2,2,2,0,0,1,1,1
0022000465,2021-02-21,2020-21,regular_season,False,1610612740,NOP,New Orleans Pelicans,1610612738,BOS,Boston Celtics,27,15,W,7,17,0.412,3,10,0.3,10,14,0.714,1,8,9,4,2,1,0,4,12,5,17,0.294,1,7,0.143,4,6,0.667,2,7,9,2,0,4,3,10,-12
0022000468,2021-02-21,2020-21,regular_season,False,1610612761,TOR,Toronto Raptors,1610612755,PHI,Philadelphia 76ers,1,0,W,0,0,0.0,0,0,0.0,1,1,1.0,0,0,0,0,0,0,0,0,1,0,0,0.0,0,0,0.0,0,0,0.0,0,0,0,0,0,0,0,1,-1
0022000469,2021-02-21,2020-21,regular_season,False,1610612752,NYK,New York Knicks,1610612750,MIN,Minnesota Timberwolves,8,8,W,1,7,0.143,0,1,0.0,6,7,0.857,1,7,8,0,0,2,1,4,0,2,10,0.2,0,2,0.0,4,5,0.8,0,6,6,2,1,2,1,4,0
0022000472,2021-02-21,2020-21,regular_season,False,1610612746,LAC,LA Clippers,1610612751,BKN,Brooklyn Nets,7,9,L,1,4,0.25,1,3,0.333,4,4,1.0,2,3,5,1,0,0,1,4,-2,3,7,0.429,0,2,0.0,3,6,0.5,3,1,4,2,0,0,0,1,2
0022000479,2021-02-22,2020-21,regular_season,False,1610612747,LAL,Los Angeles Lakers,1610612764,WAS,Washington Wizards,25,24,W,9,19,0.474,4,10,0.4,3,7,0.429,5,5,10,4,1,0,1,7,1,8,13,0.615,2,3,0.667,6,8,0.75,0,9,9,3,0,0,2,6,-1
0022000480,2021-02-23,2020-21,regular_season,False,1610612739,CLE,Cleveland Cavaliers,1610612737,ATL,Atlanta Hawks,10,4,W,4,6,0.667,1,1,1.0,1,2,0.5,1,6,7,2,0,0,3,2,6,2,8,0.25,0,2,0.0,0,2,0.0,1,1,2,1,1,0,1,1,-6
0022000482,2021-02-23,2020-21,regular_season,False,1610612751,BKN,Brooklyn Nets,1610612758,SAC,Sacramento Kings,2,0,W,1,1,1.0,0,0,0.0,0,0,0.0,0,0,0,0,0,0,0,0,2,0,0,0.0,0,0,0.0,0,0,0.0,0,0,0,0,0,0,0,0,-2
0022000483,2021-02-23,2020-21,regular_season,False,1610612752,NYK,New York Knicks,1610612744,GSW,Golden State Warriors,11,12,L,2,9,0.222,0,1,0.0,7,9,0.778,3,6,9,0,0,0,0,2,-1,4,9,0.444,1,3,0.333,3,3,1.0,0,4,4,3,0,1,0,5,1
0022000484,2021-02-23,2020-21,regular_season,False,1610612761,TOR,Toronto Raptors,1610612755,PHI,Philadelphia 76ers,0,1,L,0,0,0.0,0,0,0.0,0,0,0.0,0,0,0,0,0,0,0,1,-1,0,0,0.0,0,0,0.0,1,1,1.0,0,0,0,0,0,0,0,0,1
0022000485,2021-02-23,2020-21,regular_season,False,1610612742,DAL,Dallas Mavericks,1610612738,BOS,Boston Celtics,7,7,W,2,5,0.4,2,4,0.5,1,1,1.0,0,1,1,0,1,0,2,1,0,3,4,0.75,1,2,0.5,0,0,0.0,0,2,2,1,1,0,1,0,0
0022000487,2021-02-23,2020-21,regular_season,False,1610612743,DEN,Denver Nuggets,1610612757,POR,Portland Trail Blazers,13,0,W,4,4,1.0,0,0,0.0,5,5,1.0,0,2,2,2,0,0,0,0,13,0,3,0.0,0,3,0.0,0,0,0.0,0,0,0,0,0,0,0,4,-13
0022000489,2021-02-24,2020-21,regular_season,False,1610612754,IND,Indiana Pacers,1610612744,GSW,Golden State Warriors,5,12,L,2,6,0.333,0,4,0.0,1,1,1.0,1,2,3,1,1,0,3,4,-7,3,5,0.6,0,1,0.0,6,6,1.0,0,2,2,2,3,0,2,1,7
0022000492,2021-02-24,2020-21,regular_season,False,1610612748,MIA,Miami Heat,1610612761,TOR,Toronto Raptors,5,0,W,2,2,1.0,1,1,1.0,0,0,0.0,0,1,1,0,2,0,2,1,5,0,1,0.0,0,1,0.0,0,0,0.0,0,0,0,0,2,0,1,0,-5
0022000493,2021-02-24,2020-21,regular_season,False,1610612741,CHI,Chicago Bulls,1610612750,MIN,Minnesota Timberwolves,20,11,W,7,12,0.583,2,5,0.4,4,5,0.8,0,6,6,4,1,0,2,3,9,2,11,0.182,1,4,0.25,6,6,1.0,3,3,6,2,1,0,4,8,-9
0022000495,2021-02-24,2020-21,regular_season,False,1610612760,OKC,Oklahoma City Thunder,1610612759,SAS,San Antonio Spurs,11,8,W,4,8,0.5,3,7,0.429,0,0,0.0,0,2,2,3,0,0,1,1,3,4,6,0.667,0,1,0.0,0,0,0.0,0,4,4,2,0,0,2,1,-3
0022000496,2021-02-24,2020-21,regular_season,False,1610612756,PHX,Phoenix Suns,1610612766,CHA,Charlotte Hornets,8,12,L,2,5,0.4,0,1,0.0,4,6,0.667,1,1,2,1,1,0,1,2,-4,4,6,0.667,1,3,0.333,3,3,1.0,1,2,3,2,1,0,1,5,4
0022000502,2021-02-25,2020-21,regular_season,False,1610612743,DEN,Denver Nuggets,1610612764,WAS,Washington Wizards,7,11,L,2,6,0.333,0,3,0.0,3,4,0.75,0,4,4,1,0,1,2,3,-4,3,8,0.375,0,2,0.0,5,5,1.0,2,3,5,0,1,0,1,2,4
0022000503,2021-02-25,2020-21,regular_season,False,1610612749,MIL,Milwaukee Bucks,1610612740,NOP,New Orleans Pelicans,11,6,W,5,10,0.5,0,2,0.0,1,2,0.5,1,5,6,1,0,1,1,0,5,3,10,0.3,0,5,0.0,0,0,0.0,0,5,5,3,1,0,1,3,-5
0022000504,2021-02-26,2020-21,regular_season,False,1610612765,DET,Detroit Pistons,1610612758,SAC,Sacramento Kings,11,15,L,3,9,0.333,1,4,0.25,4,8,0.5,2,2,4,3,0,0,0,5,-4,4,9,0.444,1,4,0.25,6,10,0.6,2,5,7,3,0,1,0,4,4
0022000505,2021-02-26,2020-21,regular_season,False,1610612738,BOS,Boston Celtics,1610612754,IND,Indiana Pacers,8,2,W,2,3,0.667,1,1,1.0,3,3,1.0,0,3,3,2,0,0,1,0,6,1,5,0.2,0,4,0.0,0,0,0.0,0,2,2,0,0,0,0,3,-6
0022000507,2021-02-26,2020-21,regular_season,False,1610612748,MIA,Miami Heat,1610612762,UTA,Utah Jazz,6,5,W,1,4,0.25,0,0,0.0,4,5,0.8,1,3,4,0,0,0,2,3,1,1,6,0.167,0,3,0.0,3,4,0.75,2,2,4,1,1,1,2,5,-1
0022000508,2021-02-26,2020-21,regular_season,False,1610612741,CHI,Chicago Bulls,1610612756,PHX,Phoenix Suns,0,5,L,0,0,0.0,0,0,0.0,0,0,0.0,0,0,0,0,0,0,2,1,-5,2,2,1.0,1,1,1.0,0,0,0.0,0,0,0,2,1,0,0,0,5
0022000513,2021-02-27,2020-21,regular_season,False,1610612755,PHI,Philadelphia 76ers,1610612739,CLE,Cleveland Cavaliers,16,26,L,5,12,0.417,1,3,0.333,5,8,0.625,0,6,6,4,1,2,5,10,-10,7,16,0.438,1,4,0.25,11,14,0.786,4,7,11,3,3,0,3,6,10
0022000514,2021-02-27,2020-21,regular_season,False,1610612759,SAS,San Antonio Spurs,1610612740,NOP,New Orleans Pelicans,9,6,W,3,6,0.5,0,2,0.0,3,4,0.75,0,3,3,2,0,1,0,2,3,1,7,0.143,0,2,0.0,4,5,0.8,2,4,6,1,0,0,0,2,-3
0022000515,2021-02-27,2020-21,regular_season,False,1610612752,NYK,New York Knicks,1610612754,IND,Indiana Pacers,17,9,W,4,5,0.8,2,2,1.0,7,9,0.778,0,4,4,2,3,0,2,3,8,3,6,0.5,2,4,0.5,1,2,0.5,0,2,2,3,1,0,3,6,-8
0022000520,2021-02-28,2020-21,regular_season,False,1610612749,MIL,Milwaukee Bucks,1610612746,LAC,LA Clippers,12,5,W,3,7,0.429,1,1,1.0,5,7,0.714,0,5,5,2,1,1,0,1,7,2,11,0.182,1,7,0.143,0,0,0.0,2,4,6,1,0,0,2,4,-7
0022000522,2021-02-28,2020-21,regular_season,False,1610612748,MIA,Miami Heat,1610612737,ATL,Atlanta Hawks,10,7,W,3,4,0.75,2,3,0.667,2,2,1.0,1,2,3,3,1,0,2,2,3,1,3,0.333,1,3,0.333,4,4,1.0,0,1,1,1,2,0,1,2,-3
0022000524,2021-02-28,2020-21,regular_season,False,1610612738,BOS,Boston Celtics,1610612764,WAS,Washington Wizards,8,14,L,4,7,0.571,0,1,0.0,0,0,0.0,0,1,1,2,1,0,1,2,-6,5,8,0.625,2,4,0.5,2,2,1.0,0,3,3,3,0,1,1,0,6
0022000528,2021-02-28,2020-21,regular_season,False,1610612758,SAC,Sacramento Kings,1610612766,CHA,Charlotte Hornets,8,10,L,3,4,0.75,1,2,0.5,1,4,0.25,0,0,0,1,0,0,0,3,-2,2,2,1.0,1,1,1.0,5,5,1.0,0,1,1,1,0,0,0,2,2
0022000529,2021-03-01,2020-21,regular_season,False,1610612753,ORL,Orlando Magic,1610612742,DAL,Dallas Mavericks,0,1,L,0,1,0.0,0,1,0.0,0,0,0.0,0,0,0,0,1,0,0,1,-1,0,0,0.0,0,0,0.0,1,1,1.0,0,1,1,0,0,0,1,0,1
0022000531,2021-03-01,2020-21,regular_season,False,1610612741,CHI,Chicago Bulls,1610612743,DEN,Denver Nuggets,13,21,L,5,11,0.455,1,6,0.167,2,2,1.0,3,2,5,3,0,1,2,3,-8,6,9,0.667,2,2,1.0,7,7,1.0,1,2,3,3,0,1,0,1,8
0022000533,2021-03-01,2020-21,regular_season,False,1610612740,NOP,New Orleans Pelicans,1610612762,UTA,Utah Jazz,5,4,W,1,3,0.333,0,0,0.0,3,3,1.0,0,2,2,1,0,0,0,0,1,1,5,0.2,1,2,0.5,1,1,1.0,1,2,3,1,0,0,0,2,-1
0022000534,2021-03-01,2020-21,regular_season,False,1610612759,SAS,San Antonio Spurs,1610612751,BKN,Brooklyn Nets,4,8,L,2,5,0.4,0,2,0.0,0,0,0.0,1,2,3,1,0,0,0,1,-4,3,6,0.5,2,3,0.667,0,0,0.0,1,2,3,2,0,0,0,0,4
0022000537,2021-03-02,2020-21,regular_season,False,1610612738,BOS,Boston Celtics,1610612746,LAC,LA Clippers,4,4,W,0,4,0.0,0,2,0.0,4,6,0.667,2,3,5,0,0,0,2,2,0,1,4,0.25,1,4,0.25,1,2,0.5,0,1,1,1,1,1,0,3,0
0022000543,2021-03-03,2020-21,regular_season,False,1610612739,CLE,Cleveland Cavaliers,1610612754,IND,Indiana Pacers,12,11,W,4,8,0.5,1,3,0.333,3,4,0.75,2,4,6,2,0,0,3,1,1,4,8,0.5,1,3,0.333,2,2,1.0,0,3,3,2,1,1,2,3,-1
0022000544,2021-03-03,2020-21,regular_season,False,1610612753,ORL,Orlando Magic,1610612737,ATL,Atlanta Hawks,6,10,L,1,8,0.125,0,3,0.0,4,4,1.0,1,4,5,0,0,1,0,2,-4,2,6,0.333,2,3,0.667,4,4,1.0,0,6,6,1,0,1,0,3,4
0022000545,2021-03-03,2020-21,regular_season,False,1610612755,PHI,Philadelphia 76ers,1610612762,UTA,Utah Jazz,25,17,W,9,15,0.6,2,3,0.667,5,6,0.833,3,8,11,1,1,2,3,4,8,5,18,0.278,3,8,0.375,4,5,0.8,5,4,9,3,1,0,2,4,-8
0022000548,2021-03-03,2020-21,regular_season,False,1610612740,NOP,New Orleans Pelicans,1610612741,CHI,Chicago Bulls,5,9,L,1,2,0.5,1,2,0.5,2,5,0.4,0,1,1,1,0,0,0,4,-4,1,3,0.333,0,1,0.0,7,8,0.875,1,2,3,0,0,0,0,2,4
0022000550,2021-03-03,2020-21,regular_season,False,1610612757,POR,Portland Trail Blazers,1610612744,GSW,Golden State Warriors,12,10,W,4,8,0.5,2,6,0.333,2,4,0.5,0,5,5,0,0,0,0,0,2,4,13,0.308,2,7,0.286,0,0,0.0,4,4,8,2,0,0,1,4,-2
0022000551,2021-03-03,2020-21,regular_season,False,1610612758,SAC,Sacramento Kings,1610612747,LAL,Los Angeles Lakers,12,12,W,5,8,0.625,0,2,0.0,2,2,1.0,1,2,3,2,0,0,2,3,0,4,11,0.364,1,3,0.333,3,3,1.0,4,2,6,3,1,0,2,3,0
0022000552,2021-03-04,2020-21,regular_season,False,1610612738,BOS,Boston Celtics,1610612761,TOR,Toronto Raptors,8,2,W,2,2,1.0,0,0,0.0,4,7,0.571,0,1,1,0,0,0,0,1,6,0,1,0.0,0,1,0.0,2,2,1.0,0,0,0,0,0,0,1,5,-6
0022000554,2021-03-04,2020-21,regular_season,False,1610612764,WAS,Washington Wizards,1610612746,LAC,LA Clippers,16,9,W,3,6,0.5,2,4,0.5,8,10,0.8,1,5,6,3,0,0,0,2,7,1,6,0.167,1,4,0.25,6,6,1.0,0,3,3,0,0,0,0,5,-7
0022000555,2021-03-04,2020-21,regular_season,False,1610612763,MEM,Memphis Grizzlies,1610612749,MIL,Milwaukee Bucks,11,17,L,4,8,0.5,0,3,0.0,3,4,0.75,1,2,3,2,0,1,2,3,-6,4,7,0.571,1,2,0.5,8,8,1.0,0,3,3,2,2,0,0,2,6
0022000556,2021-03-04,2020-21,regular_season,False,1610612759,SAS,San Antonio Spurs,1610612760,OKC,Oklahoma City Thunder,4,10,L,1,4,0.25,0,2,0.0,2,2,1.0,0,2,2,1,1,0,1,2,-6,3,7,0.429,1,5,0.2,3,3,1.0,2,3,5,1,0,0,1,1,6
0022000557,2021-03-04,2020-21,regular_season,False,1610612740,NOP,New Orleans Pelicans,1610612748,MIA,Miami Heat,0,3,L,0,0,0.0,0,0,0.0,0,0,0.0,0,0,0,0,0,0,1,2,-3,1,2,0.5,0,0,0.0,1,2,0.5,0,0,0,1,0,0,0,1,3
0022000558,2021-03-04,2020-21,regular_season,False,1610612757,POR,Portland Trail Blazers,1610612758,SAC,Sacramento Kings,20,9,W,6,9,0.667,2,4,0.5,6,6,1.0,2,5,7,3,1,2,2,1,11,3,8,0.375,2,3,0.667,1,2,0.5,0,1,1,1,0,0,1,4,-11
0022000567,2021-03-10,2020-21,regular_season,False,1610612742,DAL,Dallas Mavericks,1610612759,SAS,San Antonio Spurs,2,0,W,1,4,0.25,0,2,0.0,0,0,0.0,1,1,2,0,0,0,0,0,2,0,4,0.0,0,1,0.0,0,0,0.0,2,2,4,0,0,0,0,1,-2
0022000568,2021-03-11,2020-21,regular_season,False,1610612766,CHA,Charlotte Hornets,1610612765,DET,Detroit Pistons,21,15,W,6,10,0.6,3,4,0.75,6,6,1.0,3,0,3,4,2,0,0,2,6,4,7,0.571,3,6,0.5,4,4,1.0,2,1,3,3,0,0,2,4,-6
0022000569,2021-03-11,2020-21,regular_season,False,1610612751,BKN,Brooklyn Nets,1610612738,BOS,Boston Celtics,8,3,W,3,5,0.6,2,4,0.5,0,0,0.0,0,1,1,1,1,0,1,0,5,1,2,0.5,0,1,0.0,1,1,1.0,0,1,1,0,0,0,1,1,-5
0022000570,2021-03-11,2020-21,regular_season,False,1610612761,TOR,Toronto Raptors,1610612737,ATL,Atlanta Hawks,8,9,L,2,6,0.333,2,3,0.667,2,4,0.5,1,2,3,2,0,0,2,3,-1,3,5,0.6,1,3,0.333,4,4,1.0,0,3,3,1,1,1,0,2,1
0022000571,2021-03-11,2020-21,regular_season,False,1610612748,MIA,Miami Heat,1610612753,ORL,Orlando Magic,1,0,W,0,1,0.0,0,1,0.0,1,1,1.0,0,2,2,0,0,0,0,0,1,0,4,0.0,0,1,0.0,0,0,0.0,2,1,3,0,0,0,0,2,-1
0022000575,2021-03-11,2020-21,regular_season,False,1610612760,OKC,Oklahoma City Thunder,1610612742,DAL,Dallas Mavericks,10,4,W,3,5,0.6,1,1,1.0,3,3,1.0,1,1,2,1,0,1,0,2,6,0,1,0.0,0,0,0.0,4,5,0.8,0,1,1,0,0,0,0,2,-6
0022000580,2021-03-12,2020-21,regular_season,False,1610612763,MEM,Memphis Grizzlies,1610612743,DEN,Denver Nuggets,14,13,W,6,8,0.75,2,2,1.0,0,0,0.0,0,4,4,5,0,1,1,2,1,5,9,0.556,3,4,0.75,0,0,0.0,0,2,2,4,1,0,0,0,-1
0022000585,2021-03-12,2020-21,regular_season,False,1610612747,LAL,Los Angeles Lakers,1610612754,IND,Indiana Pacers,9,4,W,3,9,0.333,0,1,0.0,3,5,0.6,0,3,3,0,4,0,1,1,5,1,8,0.125,0,3,0.0,2,2,1.0,2,8,10,0,1,0,4,3,-5
0022000587,2021-03-13,2020-21,regular_season,False,1610612751,BKN,Brooklyn Nets,1610612765,DET,Detroit Pistons,10,8,W,3,7,0.429,0,2,0.0,4,4,1.0,1,4,5,0,1,0,1,2,2,3,7,0.429,0,2,0.0,2,4,0.5,1,2,3,2,0,0,1,3,-2
0022000589,2021-03-13,2020-21,regular_season,False,1610612764,WAS,Washington Wizards,1610612749,MIL,Milwaukee Bucks,8,16,L,3,7,0.429,2,5,0.4,0,1,0.0,0,1,1,1,1,0,0,3,-8,4,6,0.667,2,3,0.667,6,6,1.0,2,5,7,2,0,0,2,2,8
0022000591,2021-03-13,2020-21,regular_season,False,1610612750,MIN,Minnesota Timberwolves,1610612757,POR,Portland Trail Blazers,7,13,L,2,6,0.333,0,1,0.0,3,3,1.0,0,4,4,0,0,1,0,3,-6,4,8,0.5,1,4,0.25,4,4,1.0,0,4,4,3,0,1,0,1,6
0022000593,2021-03-14,2020-21,regular_season,False,1610612760,OKC,Oklahoma City Thunder,1610612763,MEM,Memphis Grizzlies,8,0,W,2,2,1.0,2,2,1.0,2,3,0.667,0,2,2,0,0,0,0,0,8,0,1,0.0,0,0,0.0,0,1,0.0,1,0,1,0,0,0,0,3,-8
0022000596,2021-03-14,2020-21,regular_season,False,1610612753,ORL,Orlando Magic,1610612748,MIA,Miami Heat,7,12,L,3,10,0.3,1,6,0.167,0,0,0.0,3,3,6,2,1,0,3,1,-5,4,8,0.5,2,5,0.4,2,2,1.0,1,4,5,2,1,0,2,2,5
0022000599,2021-03-14,2020-21,regular_season,False,1610612750,MIN,Minnesota Timberwolves,1610612757,POR,Portland Trail Blazers,9,10,L,0,3,0.0,0,3,0.0,9,9,1.0,1,1,2,0,0,0,0,1,-1,2,5,0.4,1,3,0.333,5,5,1.0,2,2,4,1,0,0,1,6,1
0022000602,2021-03-15,2020-21,regular_season,False,1610612766,CHA,Charlotte Hornets,1610612758,SAC,Sacramento Kings,16,5,W,5,6,0.833,2,3,0.667,4,6,0.667,0,8,8,5,1,0,2,2,11,2,9,0.222,0,5,0.0,1,2,0.5,1,2,3,1,2,0,1,4,-11
0022000604,2021-03-15,2020-21,regular_season,False,1610612751,BKN,Brooklyn Nets,1610612752,NYK,New York Knicks,9,2,W,2,4,0.5,0,1,0.0,5,7,0.714,0,5,5,1,0,0,2,1,7,1,7,0.143,0,4,0.0,0,0,0.0,1,3,4,1,2,0,1,4,-7
0022000605,2021-03-15,2020-21,regular_season,False,1610612742,DAL,Dallas Mavericks,1610612746,LAC,LA Clippers,0,4,L,0,1,0.0,0,0,0.0,0,0,0.0,0,1,1,0,0,0,1,0,-4,2,5,0.4,0,0,0.0,0,0,0.0,1,1,2,0,1,0,0,0,4
0022000609,2021-03-16,2020-21,regular_season,False,1610612738,BOS,Boston Celtics,1610612762,UTA,Utah Jazz,4,9,L,2,5,0.4,0,1,0.0,0,0,0.0,0,4,4,0,0,0,1,3,-5,3,8,0.375,3,7,0.429,0,0,0.0,1,3,4,1,0,0,1,1,5
0022000611,2021-03-16,2020-21,regular_season,False,1610612755,PHI,Philadelphia 76ers,1610612752,NYK,New York Knicks,9,7,W,2,9,0.222,0,2,0.0,5,6,0.833,3,4,7,0,1,0,0,2,2,2,6,0.333,0,1,0.0,3,4,0.75,1,4,5,1,0,0,2,4,-2
0022000614,2021-03-16,2020-21,regular_season,False,1610612757,POR,Portland Trail Blazers,1610612740,NOP,New Orleans Pelicans,12,7,W,3,5,0.6,1,3,0.333,5,5,1.0,0,2,2,0,0,1,0,3,5,3,8,0.375,1,2,0.5,0,2,0.0,2,2,4,1,0,0,1,3,-5
0022000616,2021-03-17,2020-21,regular_season,False,1610612765,DET,Detroit Pistons,1610612761,TOR,Toronto Raptors,11,5,W,3,4,0.75,1,1,1.0,4,4,1.0,0,4,4,2,0,0,1,1,6,2,4,0.5,1,3,0.333,0,2,0.0,0,1,1,2,0,0,0,2,-6
0022000617,2021-03-17,2020-21,regular_season,False,1610612754,IND,Indiana Pacers,1610612751,BKN,Brooklyn Nets,0,4,L,0,0,0.0,0,0,0.0,0,0,0.0,0,0,0,0,0,0,0,2,-4,1,1,1.0,0,0,0.0,2,2,1.0,0,0,0,0,0,0,0,0,4
0022000618,2021-03-17,2020-21,regular_season,False,1610612755,PHI,Philadelphia 76ers,1610612749,MIL,Milwaukee Bucks,20,29,L,8,20,0.4,4,10,0.4,0,0,0.0,5,7,12,5,3,2,4,8,-9,10,15,0.667,4,6,0.667,5,6,0.833,0,6,6,6,2,0,3,1,9
0022000619,2021-03-17,2020-21,regular_season,False,1610612764,WAS,Washington Wizards,1610612758,SAC,Sacramento Kings,13,11,W,5,9,0.556,1,4,0.25,2,2,1.0,1,3,4,2,1,0,1,4,2,2,7,0.286,0,3,0.0,7,7,1.0,1,2,3,0,0,0,2,1,-2
0022000620,2021-03-17,2020-21,regular_season,False,1610612739,CLE,Cleveland Cavaliers,1610612738,BOS,Boston Celtics,8,2,W,2,3,0.667,0,1,0.0,4,5,0.8,0,3,3,1,0,0,1,1,6,0,2,0.0,0,1,0.0,2,4,0.5,0,1,1,0,0,0,0,4,-6
0022000621,2021-03-17,2020-21,regular_season,False,1610612741,CHI,Chicago Bulls,1610612759,SAS,San Antonio Spurs,0,6,L,0,1,0.0,0,0,0.0,0,0,0.0,0,0,0,0,1,0,2,2,-6,2,2,1.0,0,0,0.0,2,2,1.0,0,2,2,0,0,1,1,0,6
0022000623,2021-03-17,2020-21,regular_season,False,1610612763,MEM,Memphis Grizzlies,1610612748,MIA,Miami Heat,7,6,W,1,7,0.143,0,4,0.0,5,5,1.0,2,2,4,0,2,0,2,1,1,2,8,0.25,0,4,0.0,2,2,1.0,2,3,5,0,1,0,2,3,-1
0022000627,2021-03-18,2020-21,regular_season,False,1610612752,NYK,New York Knicks,1610612753,ORL,Orlando Magic,9,6,W,4,8,0.5,1,3,0.333,0,1,0.0,0,3,3,1,2,1,1,1,3,2,7,0.286,1,4,0.25,1,2,0.5,0,5,5,2,1,0,2,3,-3
0022000628,2021-03-18,2020-21,regular_season,False,1610612756,PHX,Phoenix Suns,1610612750,MIN,Minnesota Timberwolves,12,16,L,5,10,0.5,0,5,0.0,2,4,0.5,1,4,5,2,1,1,1,7,-4,4,6,0.667,1,2,0.5,7,12,0.583,1,5,6,4,1,0,2,2,4
0022000629,2021-03-18,2020-21,regular_season,False,1610612757,POR,Portland Trail Blazers,1610612740,NOP,New Orleans Pelicans,4,0,W,1,3,0.333,1,3,0.333,1,1,1.0,1,1,2,1,0,0,0,0,4,0,1,0.0,0,1,0.0,0,0,0.0,0,1,1,0,0,0,0,1,-4
0022000435,2021-03-19,2020-21,regular_season,False,1610612739,CLE,Cleveland Cavaliers,1610612759,SAS,San Antonio Spurs,0,2,L,0,0,0.0,0,0,0.0,0,0,0.0,0,0,0,0,0,0,0,1,-2,0,0,0.0,0,0,0.0,2,2,1.0,0,0,0,0,0,0,0,0,2
0022000631,2021-03-19,2020-21,regular_season,False,1610612738,BOS,Boston Celtics,1610612758,SAC,Sacramento Kings,4,10,L,2,6,0.333,0,1,0.0,0,0,0.0,1,1,2,1,0,0,0,0,-6,4,5,0.8,2,2,1.0,0,0,0.0,0,3,3,2,0,1,1,2,6
0022000634,2021-03-19,2020-21,regular_season,False,1610612761,TOR,Toronto Raptors,1610612762,UTA,Utah Jazz,18,16,W,6,11,0.545,4,7,0.571,2,2,1.0,1,2,3,5,0,0,0,6,2,3,5,0.6,0,2,0.0,10,11,0.909,0,4,4,0,0,0,0,2,-2
0022000637,2021-03-19,2020-21,regular_season,False,1610612743,DEN,Denver Nuggets,1610612741,CHI,Chicago Bulls,20,16,W,8,13,0.615,2,4,0.5,2,2,1.0,1,4,5,4,2,0,2,4,4,4,10,0.4,1,5,0.2,7,7,1.0,1,3,4,2,1,1,4,2,-4
0022000639,2021-03-19,2020-21,regular_season,False,1610612757,POR,Portland Trail Blazers,1610612742,DAL,Dallas Mavericks,15,2,W,6,10,0.6,3,5,0.6,0,0,0.0,2,5,7,3,1,0,0,1,13,1,7,0.143,0,2,0.0,0,0,0.0,0,2,2,0,0,0,1,0,-13
0022000640,2021-03-20,2020-21,regular_season,False,1610612747,LAL,Los Angeles Lakers,1610612737,ATL,Atlanta Hawks,0,1,L,0,0,0.0,0,0,0.0,0,0,0.0,0,0,0,0,0,0,0,1,-1,0,0,0.0,0,0,0.0,1,1,1.0,0,0,0,0,0,0,0,0,1
0022000642,2021-03-20,2020-21,regular_season,False,1610612763,MEM,Memphis Grizzlies,1610612744,GSW,Golden State Warriors,14,8,W,5,9,0.556,0,0,0.0,4,4,1.0,1,3,4,1,2,2,1,0,6,3,7,0.429,2,3,0.667,0,0,0.0,0,3,3,1,1,1,3,4,-6
0022000016,2021-03-21,2020-21,regular_season,False,1610612745,HOU,Houston Rockets,1610612760,OKC,Oklahoma City Thunder,12,9,W,3,9,0.333,2,5,0.4,4,6,0.667,2,4,6,1,0,1,1,2,3,3,6,0.5,1,3,0.333,2,4,0.5,0,5,5,2,1,1,2,3,-3
0022000645,2021-03-21,2020-21,regular_season,False,1610612748,MIA,Miami Heat,1610612754,IND,Indiana Pacers,11,15,L,4,14,0.286,1,6,0.167,2,3,0.667,1,7,8,3,2,1,2,0,-4,6,14,0.429,3,6,0.5,0,0,0.0,0,7,7,5,1,2,3,2,4
0022000646,2021-03-21,2020-21,regular_season,False,1610612743,DEN,Denver Nuggets,1610612740,NOP,New Orleans Pelicans,10,18,L,4,10,0.4,0,3,0.0,2,4,0.5,4,0,4,3,0,0,0,5,-8,5,5,1.0,0,0,0.0,8,8,1.0,0,4,4,2,0,2,1,3,8
0022000647,2021-03-21,2020-21,regular_season,False,1610612751,BKN,Brooklyn Nets,1610612764,WAS,Washington Wizards,11,6,W,3,8,0.375,0,3,0.0,5,5,1.0,0,4,4,3,1,1,0,1,5,3,8,0.375,0,4,0.0,0,0,0.0,1,4,5,0,0,0,1,4,-5
0022000648,2021-03-21,2020-21,regular_season,False,1610612739,CLE,Cleveland Cavaliers,1610612761,TOR,Toronto Raptors,2,0,W,1,1,1.0,0,0,0.0,0,0,0.0,0,0,0,1,0,0,0,0,2,0,0,0.0,0,0,0.0,0,0,0.0,0,0,0,0,0,0,0,0,-2
0022000650,2021-03-21,2020-21,regular_season,False,1610612752,NYK,New York Knicks,1610612755,PHI,Philadelphia 76ers,22,20,W,9,21,0.429,4,7,0.571,0,1,0.0,3,5,8,4,4,0,1,5,2,6,12,0.5,4,5,0.8,4,8,0.5,2,7,9,3,0,1,5,1,-2
0022000655,2021-03-22,2020-21,regular_season,False,1610612759,SAS,San Antonio Spurs,1610612766,CHA,Charlotte Hornets,10,14,L,3,8,0.375,0,2,0.0,4,5,0.8,0,4,4,0,0,0,1,4,-4,3,8,0.375,2,4,0.5,6,6,1.0,0,5,5,2,1,1,1,3,4
0022000658,2021-03-22,2020-21,regular_season,False,1610612763,MEM,Memphis Grizzlies,1610612738,BOS,Boston Celtics,21,16,W,8,23,0.348,1,6,0.167,4,7,0.571,6,8,14,5,1,1,0,3,5,7,14,0.5,0,3,0.0,2,5,0.4,0,10,10,3,0,4,1,7,-5
0022000660,2021-03-22,2020-21,regular_season,False,1610612746,LAC,LA Clippers,1610612737,ATL,Atlanta Hawks,15,5,W,5,5,1.0,3,3,1.0,2,2,1.0,0,4,4,4,0,3,0,1,10,2,7,0.286,1,2,0.5,0,0,0.0,1,0,1,0,0,0,0,2,-10
0022000665,2021-03-23,2020-21,regular_season,False,1610612744,GSW,Golden State Warriors,1610612755,PHI,Philadelphia 76ers,4,9,L,2,4,0.5,0,0,0.0,0,0,0.0,0,1,1,1,0,0,0,1,-5,3,4,0.75,0,1,0.0,3,3,1.0,0,2,2,1,0,0,0,0,5
0022000666,2021-03-23,2020-21,regular_season,False,1610612757,POR,Portland Trail Blazers,1610612751,BKN,Brooklyn Nets,7,6,W,3,9,0.333,0,5,0.0,1,2,0.5,2,5,7,1,0,0,1,2,1,2,7,0.286,0,2,0.0,2,2,1.0,0,3,3,2,1,0,1,2,-1
0022000667,2021-03-24,2020-21,regular_season,False,1610612754,IND,Indiana Pacers,1610612765,DET,Detroit Pistons,5,5,W,1,5,0.2,1,3,0.333,2,2,1.0,0,0,0,1,1,0,1,2,0,1,1,1.0,0,0,0.0,3,5,0.6,0,3,3,0,1,0,2,2,0
0022000669,2021-03-24,2020-21,regular_season,False,1610612749,MIL,Milwaukee Bucks,1610612738,BOS,Boston Celtics,2,3,L,1,2,0.5,0,1,0.0,0,0,0.0,0,2,2,0,0,2,2,1,-1,1,5,0.2,1,3,0.333,0,0,0.0,0,1,1,1,1,0,0,0,1
0022000670,2021-03-24,2020-21,regular_season,False,1610612753,ORL,Orlando Magic,1610612756,PHX,Phoenix Suns,10,9,W,4,8,0.5,0,2,0.0,2,3,0.667,1,5,6,0,1,0,3,3,1,2,7,0.286,1,3,0.333,4,4,1.0,0,3,3,1,3,0,2,4,-1
0022000677,2021-03-24,2020-21,regular_season,False,1610612758,SAC,Sacramento Kings,1610612737,ATL,Atlanta Hawks,13,12,W,4,8,0.5,0,2,0.0,5,5,1.0,1,3,4,2,0,0,1,2,1,4,7,0.571,2,3,0.667,2,4,0.5,0,2,2,1,0,0,1,3,-1
0022000678,2021-03-25,2020-21,regular_season,False,1610612748,MIA,Miami Heat,1610612757,POR,Portland Trail Blazers,12,18,L,6,10,0.6,0,0,0.0,0,0,0.0,1,4,5,4,0,2,0,4,-6,6,12,0.5,1,4,0.25,5,6,0.833,3,3,6,2,0,1,0,0,6
0022000679,2021-03-25,2020-21,regular_season,False,1610612752,NYK,New York Knicks,1610612764,WAS,Washington Wizards,18,5,W,5,8,0.625,1,1,1.0,7,7,1.0,1,3,4,0,2,0,0,2,13,1,5,0.2,1,4,0.25,2,3,0.667,0,2,2,1,0,1,1,4,-13
0022000680,2021-03-25,2020-21,regular_season,False,1610612759,SAS,San Antonio Spurs,1610612746,LAC,LA Clippers,2,5,L,1,3,0.333,0,0,0.0,0,0,0.0,0,1,1,1,1,0,0,0,-3,2,3,0.667,1,2,0.5,0,0,0.0,0,1,1,1,0,0,1,0,3
0022000681,2021-03-25,2020-21,regular_season,False,1610612747,LAL,Los Angeles Lakers,1610612755,PHI,Philadelphia 76ers,1,6,L,0,0,0.0,0,0,0.0,1,2,0.5,0,1,1,0,1,0,1,1,-5,2,3,0.667,1,1,1.0,1,1,1.0,0,0,0,2,1,0,1,2,5
0022000683,2021-03-26,2020-21,regular_season,False,1610612765,DET,Detroit Pistons,1610612751,BKN,Brooklyn Nets,10,11,L,2,5,0.4,0,1,0.0,6,13,0.462,2,5,7,1,1,0,2,3,-1,4,11,0.364,1,3,0.333,2,3,0.667,2,3,5,2,1,0,1,7,1
0022000684,2021-03-26,2020-21,regular_season,False,1610612761,TOR,Toronto Raptors,1610612756,PHX,Phoenix Suns,4,4,L,1,5,0.2,0,3,0.0,2,2,1.0,0,3,3,0,0,0,0,3,0,0,5,0.0,0,0,0.0,4,4,1.0,1,3,4,0,0,1,0,1,0
0022000686,2021-03-26,2020-21,regular_season,False,1610612766,CHA,Charlotte Hornets,1610612748,MIA,Miami Heat,5,2,W,1,2,0.5,0,0,0.0,3,4,0.75,0,0,0,1,0,1,0,0,3,1,2,0.5,0,1,0.0,0,0,0.0,1,0,1,1,0,0,0,3,-3
0022000687,2021-03-26,2020-21,regular_season,False,1610612753,ORL,Orlando Magic,1610612757,POR,Portland Trail Blazers,0,12,L,0,2,0.0,0,0,0.0,0,0,0.0,0,1,1,0,1,0,1,3,-12,5,8,0.625,1,3,0.333,1,1,1.0,2,2,4,1,2,1,2,1,12
0022000688,2021-03-26,2020-21,regular_season,False,1610612750,MIN,Minnesota Timberwolves,1610612745,HOU,Houston Rockets,11,0,W,2,6,0.333,1,3,0.333,6,6,1.0,0,6,6,2,0,1,0,1,11,0,9,0.0,0,3,0.0,0,0,0.0,0,4,4,0,0,0,2,3,-11
0022000689,2021-03-26,2020-21,regular_season,False,1610612740,NOP,New Orleans Pelicans,1610612743,DEN,Denver Nuggets,8,14,L,3,8,0.375,0,3,0.0,2,2,1.0,1,2,3,1,1,1,2,2,-6,5,8,0.625,2,2,1.0,2,2,1.0,1,3,4,3,0,1,0,1,6
0022000691,2021-03-26,2020-21,regular_season,False,1610612762,UTA,Utah Jazz,1610612763,MEM,Memphis Grizzlies,0,0,W,0,1,0.0,0,0,0.0,0,0,0.0,0,1,1,0,0,0,0,0,0,0,1,0.0,0,1,0.0,0,0,0.0,0,0,0,0,0,0,0,0,0
0022000695,2021-03-27,2020-21,regular_season,False,1610612749,MIL,Milwaukee Bucks,1610612752,NYK,New York Knicks,7,8,L,3,8,0.375,1,5,0.2,0,0,0.0,0,5,5,2,2,1,2,4,-1,2,7,0.286,1,5,0.2,3,5,0.6,1,3,4,1,1,0,3,2,1
0022000698,2021-03-27,2020-21,regular_season,False,1610612740,NOP,New Orleans Pelicans,1610612742,DAL,Dallas Mavericks,16,2,W,6,7,0.857,1,2,0.5,3,4,0.75,1,3,4,1,0,1,0,0,14,1,5,0.2,0,1,0.0,0,0,0.0,1,0,1,1,0,0,1,2,-14
0022000702,2021-03-27,2020-21,regular_season,False,1610612758,SAC,Sacramento Kings,1610612739,CLE,Cleveland Cavaliers,13,9,W,5,9,0.556,1,2,0.5,2,2,1.0,0,4,4,1,0,1,3,3,4,3,9,0.333,0,1,0.0,3,6,0.5,0,3,3,0,2,0,2,2,-4
0022000703,2021-03-28,2020-21,regular_season,False,1610612766,CHA,Charlotte Hornets,1610612756,PHX,Phoenix Suns,10,11,L,2,9,0.222,2,8,0.25,4,4,1.0,0,5,5,1,1,0,1,6,-1,1,11,0.091,1,5,0.2,8,8,1.0,5,6,11,1,1,0,2,3,1
0022000704,2021-03-28,2020-21,regular_season,False,1610612761,TOR,Toronto Raptors,1610612757,POR,Portland Trail Blazers,9,10,L,3,4,0.75,1,2,0.5,2,5,0.4,0,3,3,2,1,0,3,5,-1,3,5,0.6,0,1,0.0,4,6,0.667,0,3,3,0,1,0,1,1,1
0022000706,2021-03-28,2020-21,regular_season,False,1610612747,LAL,Los Angeles Lakers,1610612753,ORL,Orlando Magic,6,3,W,1,8,0.125,1,5,0.2,3,5,0.6,2,4,6,1,1,0,0,1,3,1,5,0.2,0,3,0.0,1,2,0.5,0,4,4,1,0,0,1,4,-3
0022000707,2021-03-29,2020-21,regular_season,False,1610612764,WAS,Washington Wizards,1610612754,IND,Indiana Pacers,12,2,W,5,5,1.0,2,2,1.0,0,0,0.0,0,4,4,2,0,1,2,0,10,1,5,0.2,0,2,0.0,0,0,0.0,0,0,0,1,1,0,1,1,-10
0022000708,2021-03-29,2020-21,regular_season,False,1610612738,BOS,Boston Celtics,1610612740,NOP,New Orleans Pelicans,0,4,L,0,1,0.0,0,0,0.0,0,0,0.0,0,0,0,0,0,0,0,2,-4,1,1,1.0,0,0,0.0,2,2,1.0,0,1,1,1,0,0,0,0,4
0022000709,2021-03-29,2020-21,regular_season,False,1610612751,BKN,Brooklyn Nets,1610612750,MIN,Minnesota Timberwolves,4,4,W,0,1,0.0,0,1,0.0,4,4,1.0,0,4,4,0,0,0,2,1,0,2,6,0.333,0,3,0.0,0,1,0.0,1,1,2,0,1,0,0,3,0
0022000712,2021-03-29,2020-21,regular_season,False,1610612745,HOU,Houston Rockets,1610612763,MEM,Memphis Grizzlies,1,2,L,0,2,0.0,0,2,0.0,1,1,1.0,1,0,1,0,0,1,0,0,-1,1,2,0.5,0,1,0.0,0,0,0.0,1,1,2,0,0,0,1,0,1
0022000171,2021-03-30,2020-21,regular_season,False,1610612756,PHX,Phoenix Suns,1610612737,ATL,Atlanta Hawks,12,9,W,5,9,0.556,1,3,0.333,1,1,1.0,1,3,4,2,1,0,1,1,3,3,6,0.5,1,2,0.5,2,2,1.0,0,3,3,2,1,0,1,2,-3
0022000718,2021-03-30,2020-21,regular_season,False,1610612764,WAS,Washington Wizards,1610612766,CHA,Charlotte Hornets,2,5,L,1,3,0.333,0,1,0.0,0,0,0.0,0,2,2,0,0,0,0,3,-3,2,4,0.5,0,1,0.0,1,1,1.0,0,2,2,0,0,1,0,0,3
0022000720,2021-03-30,2020-21,regular_season,False,1610612746,LAC,LA Clippers,1610612753,ORL,Orlando Magic,4,14,L,1,6,0.167,1,3,0.333,1,1,1.0,1,1,2,1,1,0,4,5,-10,4,6,0.667,0,1,0.0,6,8,0.75,2,3,5,1,3,2,1,1,10
0022000722,2021-03-31,2020-21,regular_season,False,1610612754,IND,Indiana Pacers,1610612748,MIA,Miami Heat,0,7,L,0,7,0.0,0,5,0.0,0,0,0.0,0,5,5,0,0,0,0,2,-7,2,6,0.333,0,2,0.0,3,4,0.75,0,5,5,1,0,1,1,1,7
0022000723,2021-03-31,2020-21,regular_season,False,1610612738,BOS,Boston Celtics,1610612742,DAL,Dallas Mavericks,3,4,L,1,4,0.25,0,2,0.0,1,2,0.5,1,0,1,0,1,0,0,2,-1,0,0,0.0,0,0,0.0,4,4,1.0,0,1,1,0,0,0,1,1,1
0022000724,2021-03-31,2020-21,regular_season,False,1610612751,BKN,Brooklyn Nets,1610612745,HOU,Houston Rockets,7,0,W,3,3,1.0,1,1,1.0,0,0,0.0,0,1,1,2,0,1,0,0,7,0,1,0.0,0,1,0.0,0,0,0.0,1,0,1,0,0,0,1,0,-7
0022000725,2021-03-31,2020-21,regular_season,False,1610612763,MEM,Memphis Grizzlies,1610612762,UTA,Utah Jazz,7,17,L,2,5,0.4,0,1,0.0,3,5,0.6,1,1,2,1,1,0,1,4,-10,4,6,0.667,1,3,0.333,8,8,1.0,0,3,3,1,1,0,2,3,10
0022000726,2021-03-31,2020-21,regular_season,False,1610612750,MIN,Minnesota Timberwolves,1610612752,NYK,New York Knicks,10,7,W,4,7,0.571,1,2,0.5,1,2,0.5,1,5,6,1,0,3,3,1,3,3,11,0.273,0,1,0.0,1,2,0.5,1,2,3,0,2,0,1,1,-3
0022000727,2021-03-31,2020-21,regular_season,False,1610612760,OKC,Oklahoma City Thunder,1610612761,TOR,Toronto Raptors,2,0,W,1,2,0.5,0,1,0.0,0,0,0.0,0,3,3,0,0,1,2,0,2,0,3,0.0,0,0,0.0,0,0,0.0,0,1,1,0,1,0,0,0,-2
0022000730,2021-03-31,2020-21,regular_season,False,1610612756,PHX,Phoenix Suns,1610612741,CHI,Chicago Bulls,9,5,W,1,4,0.25,0,1,0.0,7,8,0.875,0,2,2,0,1,0,0,1,4,1,5,0.2,0,2,0.0,3,4,0.75,2,3,5,1,0,0,1,5,-4
0022000734,2021-04-01,2020-21,regular_season,False,1610612740,NOP,New Orleans Pelicans,1610612753,ORL,Orlando Magic,21,23,L,7,17,0.412,3,6,0.5,4,6,0.667,3,8,11,4,1,1,4,5,-2,9,20,0.45,1,5,0.2,4,4,1.0,2,9,11,5,2,1,1,3,2
0022000735,2021-04-01,2020-21,regular_season,False,1610612759,SAS,San Antonio Spurs,1610612737,ATL,Atlanta Hawks,28,32,L,10,22,0.455,2,8,0.25,6,6,1.0,2,4,6,6,3,1,1,5,-4,12,21,0.571,4,5,0.8,4,6,0.667,2,11,13,6,1,2,4,4,4
0022000736,2021-04-01,2020-21,regular_season,False,1610612746,LAC,LA Clippers,1610612743,DEN,Denver Nuggets,2,7,L,1,3,0.333,0,1,0.0,0,0,0.0,1,1,2,0,0,1,1,3,-5,3,4,0.75,1,1,1.0,0,0,0.0,0,1,1,1,1,0,0,1,5
0022000743,2021-04-02,2020-21,regular_season,False,1610612762,UTA,Utah Jazz,1610612741,CHI,Chicago Bulls,5,0,W,1,1,1.0,0,0,0.0,3,3,1.0,0,1,1,0,0,0,0,0,5,0,1,0.0,0,1,0.0,0,0,0.0,0,0,0,0,0,0,0,3,-5
0022000750,2021-04-03,2020-21,regular_season,False,1610612755,PHI,Philadelphia 76ers,1610612750,MIN,Minnesota Timberwolves,8,1,W,3,3,1.0,0,0,0.0,2,3,0.667,0,0,0,2,0,0,0,0,7,0,0,0.0,0,0,0.0,1,1,1.0,0,0,0,0,0,0,0,2,-7
0022000751,2021-04-03,2020-21,regular_season,False,1610612759,SAS,San Antonio Spurs,1610612754,IND,Indiana Pacers,13,22,L,4,11,0.364,0,2,0.0,5,8,0.625,2,3,5,3,1,0,2,3,-9,8,13,0.615,1,4,0.25,5,6,0.833,1,5,6,4,1,1,2,4,9
0022000754,2021-04-03,2020-21,regular_season,False,1610612758,SAC,Sacramento Kings,1610612749,MIL,Milwaukee Bucks,14,11,W,6,11,0.545,2,4,0.5,0,0,0.0,1,1,2,2,1,1,0,5,3,2,6,0.333,0,1,0.0,7,9,0.778,2,4,6,0,0,0,1,1,-3
0022000759,2021-04-04,2020-21,regular_season,False,1610612737,ATL,Atlanta Hawks,1610612744,GSW,Golden State Warriors,8,3,W,3,7,0.429,0,0,0.0,2,2,1.0,2,1,3,1,1,0,1,1,5,1,3,0.333,1,3,0.333,0,0,0.0,0,2,2,1,1,2,1,1,-5
0022000760,2021-04-04,2020-21,regular_season,False,1610612745,HOU,Houston Rockets,1610612740,NOP,New Orleans Pelicans,1,17,L,0,7,0.0,0,3,0.0,1,1,1.0,2,4,6,0,0,0,1,6,-16,5,8,0.625,3,3,1.0,4,7,0.571,1,6,7,5,1,2,1,2,16
0022000761,2021-04-04,2020-21,regular_season,False,1610612743,DEN,Denver Nuggets,1610612753,ORL,Orlando Magic,11,4,W,4,6,0.667,1,1,1.0,2,2,1.0,2,2,4,2,1,1,0,1,7,2,4,0.5,0,1,0.0,0,0,0.0,0,0,0,2,0,0,0,2,-7
0022000762,2021-04-05,2020-21,regular_season,False,1610612751,BKN,Brooklyn Nets,1610612752,NYK,New York Knicks,12,9,W,2,9,0.222,1,3,0.333,7,7,1.0,3,3,6,1,0,0,1,2,3,3,6,0.5,1,2,0.5,2,4,0.5,0,3,3,1,0,1,0,4,-3
0022000763,2021-04-05,2020-21,regular_season,False,1610612761,TOR,Toronto Raptors,1610612764,WAS,Washington Wizards,7,9,L,3,6,0.5,1,3,0.333,0,0,0.0,0,3,3,1,0,2,2,2,-2,2,7,0.286,1,2,0.5,4,4,1.0,2,2,4,0,1,0,0,0,2
0022000765,2021-04-05,2020-21,regular_season,False,1610612750,MIN,Minnesota Timberwolves,1610612758,SAC,Sacramento Kings,5,0,W,1,1,1.0,1,1,1.0,2,2,1.0,0,0,0,1,0,0,0,0,5,0,0,0.0,0,0,0.0,0,0,0.0,0,0,0,0,0,0,0,1,-5
0022000768,2021-04-05,2020-21,regular_season,False,1610612745,HOU,Houston Rockets,1610612756,PHX,Phoenix Suns,6,8,L,0,0,0.0,0,0,0.0,6,6,1.0,0,1,1,0,1,0,1,2,-2,1,2,0.5,1,1,1.0,5,6,0.833,0,0,0,1,1,0,1,3,2
0022000774,2021-04-06,2020-21,regular_season,False,1610612744,GSW,Golden State Warriors,1610612749,MIL,Milwaukee Bucks,11,5,W,4,7,0.571,1,3,0.333,2,2,1.0,2,2,4,1,1,1,0,4,6,1,7,0.143,0,3,0.0,3,4,0.75,3,0,3,0,0,1,1,2,-6
0022000456,2021-04-07,2020-21,regular_season,False,1610612745,HOU,Houston Rockets,1610612742,DAL,Dallas Mavericks,10,6,W,4,7,0.571,0,2,0.0,2,2,1.0,1,3,4,1,0,1,0,1,4,2,6,0.333,1,4,0.25,1,2,0.5,1,2,3,1,0,1,0,3,-4
0022000776,2021-04-07,2020-21,regular_season,False,1610612754,IND,Indiana Pacers,1610612750,MIN,Minnesota Timberwolves,14,5,W,4,5,0.8,3,4,0.75,3,4,0.75,1,1,2,3,0,0,0,1,9,1,2,0.5,1,2,0.5,2,3,0.667,0,0,0,1,0,0,0,3,-9
0022000778,2021-04-07,2020-21,regular_season,False,1610612738,BOS,Boston Celtics,1610612752,NYK,New York Knicks,17,11,W,5,8,0.625,2,4,0.5,5,6,0.833,2,6,8,3,2,1,2,2,6,4,9,0.444,2,5,0.4,1,2,0.5,0,2,2,3,1,0,3,4,-6
0022000783,2021-04-07,2020-21,regular_season,False,1610612756,PHX,Phoenix Suns,1610612762,UTA,Utah Jazz,22,18,W,8,20,0.4,3,8,0.375,3,4,0.75,5,6,11,3,0,0,0,5,4,7,16,0.438,2,10,0.2,2,3,0.667,1,7,8,3,0,0,1,6,-4
0022000784,2021-04-08,2020-21,regular_season,False,1610612748,MIA,Miami Heat,1610612747,LAL,Los Angeles Lakers,5,0,W,2,3,0.667,1,1,1.0,0,0,0.0,0,2,2,2,0,0,0,1,5,0,3,0.0,0,2,0.0,0,0,0.0,1,1,2,0,0,1,0,0,-5
0022000786,2021-04-08,2020-21,regular_season,False,1610612742,DAL,Dallas Mavericks,1610612749,MIL,Milwaukee Bucks,3,0,W,1,1,1.0,1,1,1.0,0,0,0.0,0,1,1,1,1,0,1,0,3,0,0,0.0,0,0,0.0,0,0,0.0,0,0,0,0,1,0,1,0,-3
0022000790,2021-04-09,2020-21,regular_season,False,1610612753,ORL,Orlando Magic,1610612754,IND,Indiana Pacers,2,3,L,0,1,0.0,0,0,0.0,2,2,1.0,0,1,1,0,0,0,0,2,-1,0,1,0.0,0,1,0.0,3,4,0.75,0,1,1,0,0,0,0,1,1
0022000791,2021-04-09,2020-21,regular_season,False,1610612737,ATL,Atlanta Hawks,1610612741,CHI,Chicago Bulls,5,0,W,2,2,1.0,1,1,1.0,0,0,0.0,0,0,0,2,1,0,0,0,5,0,0,0.0,0,0,0.0,0,0,0.0,0,0,0,0,0,0,1,0,-5
0022000792,2021-04-09,2020-21,regular_season,False,1610612738,BOS,Boston Celtics,1610612750,MIN,Minnesota Timberwolves,20,11,W,6,11,0.545,4,7,0.571,4,4,1.0,2,3,5,6,0,0,1,1,9,4,7,0.571,2,5,0.4,1,1,1.0,0,3,3,3,0,0,1,3,-9
0022000793,2021-04-09,2020-21,regular_season,False,1610612752,NYK,New York Knicks,1610612763,MEM,Memphis Grizzlies,26,16,W,7,12,0.583,3,3,1.0,9,11,0.818,1,6,7,3,1,0,1,4,10,5,12,0.417,1,4,0.25,5,8,0.625,0,3,3,4,0,1,2,6,-10
0022000797,2021-04-09,2020-21,regular_season,False,1610612743,DEN,Denver Nuggets,1610612759,SAS,San Antonio Spurs,7,6,W,1,3,0.333,0,0,0.0,5,6,0.833,0,0,0,0,1,1,0,2,1,1,4,0.25,0,0,0.0,4,4,1.0,2,3,5,0,0,0,1,4,-1
0022000798,2021-04-09,2020-21,regular_season,False,1610612744,GSW,Golden State Warriors,1610612764,WAS,Washington Wizards,12,16,L,4,7,0.571,0,2,0.0,4,6,0.667,1,1,2,3,2,1,1,3,-4,5,8,0.625,1,2,0.5,5,5,1.0,1,4,5,3,1,0,2,4,4
0022000801,2021-04-10,2020-21,regular_season,False,1610612762,UTA,Utah Jazz,1610612758,SAC,Sacramento Kings,5,2,W,1,2,0.5,0,0,0.0,3,4,0.75,0,2,2,0,2,0,1,0,3,1,3,0.333,0,2,0.0,0,0,0.0,0,2,2,0,1,0,2,2,-3
0022000805,2021-04-11,2020-21,regular_season,False,1610612766,CHA,Charlotte Hornets,1610612737,ATL,Atlanta Hawks,4,13,L,2,9,0.222,0,6,0.0,0,0,0.0,2,2,4,1,1,0,2,2,-9,5,8,0.625,1,2,0.5,2,2,1.0,1,5,6,4,0,0,1,0,9
0022000807,2021-04-11,2020-21,regular_season,False,1610612739,CLE,Cleveland Cavaliers,1610612740,NOP,New Orleans Pelicans,7,12,L,3,10,0.3,1,7,0.143,0,0,0.0,0,2,2,2,1,0,0,3,-5,5,8,0.625,0,1,0.0,2,3,0.667,1,7,8,3,0,0,1,1,5
0022000809,2021-04-11,2020-21,regular_season,False,1610612752,NYK,New York Knicks,1610612761,TOR,Toronto Raptors,15,9,W,3,5,0.6,2,2,1.0,7,8,0.875,0,5,5,3,0,0,2,2,6,4,10,0.4,0,3,0.0,1,2,0.5,1,4,5,1,1,1,1,4,-6
0022000810,2021-04-11,2020-21,regular_season,False,1610612742,DAL,Dallas Mavericks,1610612759,SAS,San Antonio Spurs,11,10,W,4,7,0.571,1,2,0.5,2,2,1.0,2,3,5,2,0,0,1,3,1,3,6,0.5,0,2,0.0,4,4,1.0,0,0,0,1,1,0,0,2,-1
0022000811,2021-04-11,2020-21,regular_season,False,1610612763,MEM,Memphis Grizzlies,1610612754,IND,Indiana Pacers,8,11,L,2,7,0.286,0,1,0.0,4,4,1.0,1,3,4,0,1,1,1,2,-3,5,12,0.417,0,4,0.0,1,1,1.0,3,4,7,2,1,2,1,3,3
0022000812,2021-04-11,2020-21,regular_season,False,1610612750,MIN,Minnesota Timberwolves,1610612741,CHI,Chicago Bulls,16,8,W,6,7,0.857,2,3,0.667,2,2,1.0,0,3,3,6,0,0,2,3,8,4,9,0.444,0,3,0.0,0,1,0.0,2,1,3,0,2,0,2,1,-8
0022000813,2021-04-11,2020-21,regular_season,False,1610612746,LAC,LA Clippers,1610612765,DET,Detroit Pistons,3,2,W,0,4,0.0,0,1,0.0,3,4,0.75,2,1,3,0,0,0,0,0,1,1,3,0.333,0,1,0.0,0,0,0.0,0,1,1,0,0,1,1,3,-1
0022000278,2021-04-12,2020-21,regular_season,False,1610612763,MEM,Memphis Grizzlies,1610612741,CHI,Chicago Bulls,10,0,W,3,3,1.0,1,1,1.0,3,3,1.0,0,1,1,3,1,0,0,1,10,0,1,0.0,0,1,0.0,0,0,0.0,0,0,0,0,0,0,1,2,-10
0022000819,2021-04-12,2020-21,regular_season,False,1610612740,NOP,New Orleans Pelicans,1610612758,SAC,Sacramento Kings,4,1,W,0,1,0.0,0,0,0.0,4,5,0.8,0,3,3,0,0,0,0,0,3,0,3,0.0,0,3,0.0,1,1,1.0,0,1,1,0,0,0,0,4,-3
0022000820,2021-04-12,2020-21,regular_season,False,1610612762,UTA,Utah Jazz,1610612764,WAS,Washington Wizards,3,6,L,1,2,0.5,0,1,0.0,1,1,1.0,0,1,1,0,0,0,0,4,-3,1,1,1.0,0,0,0.0,4,6,0.667,0,0,0,0,0,0,0,0,3
0022000824,2021-04-13,2020-21,regular_season,False,1610612761,TOR,Toronto Raptors,1610612737,ATL,Atlanta Hawks,3,3,L,1,3,0.333,1,2,0.5,0,0,0.0,0,2,2,1,0,0,0,4,0,0,0,0.0,0,0,0.0,3,6,0.5,0,1,1,0,0,0,0,0,0
0022000825,2021-04-13,2020-21,regular_season,False,1610612766,CHA,Charlotte Hornets,1610612747,LAL,Los Angeles Lakers,5,10,L,2,3,0.667,1,2,0.5,0,0,0.0,0,2,2,1,0,0,1,3,-5,2,4,0.5,2,3,0.667,4,4,1.0,0,1,1,2,1,0,0,1,5
0022000828,2021-04-13,2020-21,regular_season,False,1610612757,POR,Portland Trail Blazers,1610612738,BOS,Boston Celtics,13,9,W,4,11,0.364,3,8,0.375,2,2,1.0,2,4,6,4,2,0,0,3,4,3,7,0.429,1,4,0.25,2,4,0.5,1,4,5,1,0,0,2,1,-4
0022000830,2021-04-14,2020-21,regular_season,False,1610612755,PHI,Philadelphia 76ers,1610612751,BKN,Brooklyn Nets,8,6,W,0,0,0.0,0,0,0.0,8,10,0.8,0,1,1,0,1,2,0,1,2,2,6,0.333,0,1,0.0,2,3,0.667,4,0,4,0,0,0,1,6,-2
0022000831,2021-04-14,2020-21,regular_season,False,1610612761,TOR,Toronto Raptors,1610612759,SAS,San Antonio Spurs,3,0,W,0,0,0.0,0,0,0.0,3,4,0.75,0,1,1,0,0,0,0,0,3,0,1,0.0,0,1,0.0,0,0,0.0,0,0,0,0,0,0,0,2,-3
0022000832,2021-04-14,2020-21,regular_season,False,1610612765,DET,Detroit Pistons,1610612746,LAC,LA Clippers,3,9,L,0,4,0.0,0,2,0.0,3,3,1.0,1,0,1,0,1,0,2,0,-6,4,5,0.8,1,2,0.5,0,0,0.0,1,2,3,1,2,0,1,4,6
0022000837,2021-04-14,2020-21,regular_season,False,1610612763,MEM,Memphis Grizzlies,1610612742,DAL,Dallas Mavericks,11,13,L,2,7,0.286,1,3,0.333,6,8,0.75,1,4,5,2,1,0,1,2,-2,5,9,0.556,2,4,0.5,1,2,0.5,1,5,6,3,0,1,1,4,2
0022000842,2021-04-15,2020-21,regular_season,False,1610612747,LAL,Los Angeles Lakers,1610612738,BOS,Boston Celtics,0,4,L,0,0,0.0,0,0,0.0,0,0,0.0,0,0,0,0,0,0,0,0,-4,2,2,1.0,0,0,0.0,0,0,0.0,0,0,0,1,0,0,0,0,4
0022000843,2021-04-15,2020-21,regular_season,False,1610612756,PHX,Phoenix Suns,1610612758,SAC,Sacramento Kings,2,0,W,1,2,0.5,0,1,0.0,0,0,0.0,1,0,1,1,0,0,0,0,2,0,0,0.0,0,0,0.0,0,0,0.0,0,0,0,0,0,0,1,1,-2
0022000844,2021-04-16,2020-21,regular_season,False,1610612762,UTA,Utah Jazz,1610612754,IND,Indiana Pacers,2,0,W,1,1,1.0,0,0,0.0,0,0,0.0,0,0,0,1,0,0,0,0,2,0,0,0.0,0,0,0.0,0,0,0.0,0,0,0,0,0,0,0,0,-2
0022000845,2021-04-16,2020-21,regular_season,False,1610612765,DET,Detroit Pistons,1610612760,OKC,Oklahoma City Thunder,8,2,W,2,6,0.333,0,1,0.0,4,4,1.0,2,2,4,0,1,0,0,0,6,1,5,0.2,0,2,0.0,0,0,0.0,2,2,4,0,0,0,1,2,-6
0022000846,2021-04-16,2020-21,regular_season,False,1610612755,PHI,Philadelphia 76ers,1610612746,LAC,LA Clippers,14,7,W,2,7,0.286,1,4,0.25,9,10,0.9,1,2,3,2,3,0,1,0,7,3,8,0.375,1,5,0.2,0,0,0.0,3,4,7,2,1,2,4,6,-7
0022000847,2021-04-16,2020-21,regular_season,False,1610612764,WAS,Washington Wizards,1610612740,NOP,New Orleans Pelicans,17,10,W,5,15,0.333,2,7,0.286,5,5,1.0,1,11,12,4,1,3,3,2,7,3,19,0.158,0,6,0.0,4,4,1.0,3,8,11,1,2,2,2,4,-7
0022000852,2021-04-16,2020-21,regular_season,False,1610612750,MIN,Minnesota Timberwolves,1610612748,MIA,Miami Heat,4,1,W,2,3,0.667,0,1,0.0,0,0,0.0,1,0,1,1,0,0,0,0,3,0,0,0.0,0,0,0.0,1,1,1.0,0,0,0,0,0,0,0,0,-3
0022000853,2021-04-16,2020-21,regular_season,False,1610612759,SAS,San Antonio Spurs,1610612757,POR,Portland Trail Blazers,11,12,L,5,10,0.5,1,3,0.333,0,0,0.0,3,4,7,1,0,0,3,0,-1,6,10,0.6,0,3,0.0,0,0,0.0,0,2,2,5,2,0,0,0,1
0022000855,2021-04-17,2020-21,regular_season,False,1610612747,LAL,Los Angeles Lakers,1610612762,UTA,Utah Jazz,20,16,W,7,13,0.538,1,6,0.167,5,6,0.833,4,5,9,4,0,1,0,2,4,6,12,0.5,4,9,0.444,0,0,0.0,0,4,4,5,0,0,0,3,-4
0022000857,2021-04-17,2020-21,regular_season,False,1610612741,CHI,Chicago Bulls,1610612739,CLE,Cleveland Cavaliers,5,0,W,1,2,0.5,1,2,0.5,2,2,1.0,0,3,3,1,0,0,2,0,5,0,3,0.0,0,2,0.0,0,0,0.0,0,1,1,0,0,0,0,1,-5
0022000858,2021-04-17,2020-21,regular_season,False,1610612738,BOS,Boston Celtics,1610612744,GSW,Golden State Warriors,15,8,W,4,8,0.5,3,6,0.5,4,5,0.8,1,5,6,2,2,0,0,1,7,3,8,0.375,2,5,0.4,0,2,0.0,1,2,3,0,0,0,2,2,-7
0022000861,2021-04-18,2020-21,regular_season,False,1610612737,ATL,Atlanta Hawks,1610612754,IND,Indiana Pacers,10,4,W,3,4,0.75,2,3,0.667,2,2,1.0,1,0,1,3,0,0,0,0,6,2,2,1.0,0,0,0.0,0,0,0.0,0,0,0,1,0,0,1,0,-6
0022000862,2021-04-18,2020-21,regular_season,False,1610612752,NYK,New York Knicks,1610612740,NOP,New Orleans Pelicans,18,13,W,6,11,0.545,3,5,0.6,3,3,1.0,1,3,4,4,3,2,0,4,5,3,8,0.375,1,2,0.5,6,6,1.0,1,4,5,2,0,0,2,4,-5
0022000863,2021-04-18,2020-21,regular_season,False,1610612748,MIA,Miami Heat,1610612751,BKN,Brooklyn Nets,6,7,L,3,8,0.375,0,3,0.0,0,1,0.0,1,5,6,1,0,0,1,2,-1,2,7,0.286,1,4,0.25,2,2,1.0,0,4,4,1,1,0,0,2,1
0022000864,2021-04-18,2020-21,regular_season,False,1610612753,ORL,Orlando Magic,1610612745,HOU,Houston Rockets,7,9,L,2,8,0.25,1,3,0.333,2,2,1.0,1,3,4,1,1,1,0,5,-2,1,4,0.25,0,1,0.0,7,10,0.7,1,3,4,0,0,1,2,1,2
0022000865,2021-04-18,2020-21,regular_season,False,1610612761,TOR,Toronto Raptors,1610612760,OKC,Oklahoma City Thunder,13,5,W,3,7,0.429,2,2,1.0,5,7,0.714,0,5,5,3,1,0,0,3,8,1,7,0.143,0,3,0.0,3,3,1.0,1,5,6,0,0,0,2,4,-8
0022000868,2021-04-19,2020-21,regular_season,False,1610612765,DET,Detroit Pistons,1610612739,CLE,Cleveland Cavaliers,15,11,W,6,10,0.6,0,2,0.0,3,5,0.6,3,4,7,3,0,0,1,2,4,3,6,0.5,1,4,0.25,4,5,0.8,0,2,2,3,0,1,2,5,-4
0022000869,2021-04-19,2020-21,regular_season,False,1610612738,BOS,Boston Celtics,1610612741,CHI,Chicago Bulls,8,14,L,2,8,0.25,1,2,0.5,3,3,1.0,1,4,5,0,1,0,2,4,-6,4,8,0.5,0,1,0.0,6,6,1.0,0,4,4,1,2,2,2,2,6
0022000870,2021-04-19,2020-21,regular_season,False,1610612755,PHI,Philadelphia 76ers,1610612744,GSW,Golden State Warriors,4,10,L,1,2,0.5,0,1,0.0,2,2,1.0,0,0,0,1,0,0,1,1,-6,3,3,1.0,2,2,1.0,2,2,1.0,0,1,1,1,1,0,0,1,6
0022000872,2021-04-19,2020-21,regular_season,False,1610612764,WAS,Washington Wizards,1610612760,OKC,Oklahoma City Thunder,3,0,W,1,1,1.0,1,1,1.0,0,0,0.0,0,0,0,1,0,0,0,0,3,0,0,0.0,0,0,0.0,0,0,0.0,0,0,0,0,0,0,0,1,-3
0022000873,2021-04-19,2020-21,regular_season,False,1610612749,MIL,Milwaukee Bucks,1610612756,PHX,Phoenix Suns,17,24,L,6,17,0.353,3,7,0.429,2,2,1.0,0,8,8,4,0,1,2,2,-7,9,17,0.529,3,9,0.333,3,4,0.75,0,9,9,6,2,2,0,1,7
0022000874,2021-04-19,2020-21,regular_season,False,1610612743,DEN,Denver Nuggets,1610612763,MEM,Memphis Grizzlies,28,23,W,10,18,0.556,4,7,0.571,4,4,1.0,2,10,12,5,2,1,4,4,5,8,20,0.4,3,7,0.429,4,5,0.8,3,7,10,3,4,1,5,4,-5
0022000878,2021-04-20,2020-21,regular_season,False,1610612740,NOP,New Orleans Pelicans,1610612751,BKN,Brooklyn Nets,13,18,L,3,7,0.429,1,5,0.2,6,9,0.667,1,3,4,1,0,0,2,5,-5,6,8,0.75,0,2,0.0,6,8,0.75,0,5,5,2,1,0,0,5,5
0022000879,2021-04-20,2020-21,regular_season,False,1610612757,POR,Portland Trail Blazers,1610612746,LAC,LA Clippers,10,9,W,4,9,0.444,2,5,0.4,0,0,0.0,0,1,1,2,0,0,0,1,1,3,4,0.75,0,1,0.0,3,3,1.0,0,4,4,1,0,0,0,0,-1
0022000880,2021-04-20,2020-21,regular_season,False,1610612758,SAC,Sacramento Kings,1610612750,MIN,Minnesota Timberwolves,0,2,L,0,0,0.0,0,0,0.0,0,0,0.0,0,0,0,0,0,0,0,0,-2,1,1,1.0,0,0,0.0,0,0,0.0,0,1,1,1,0,0,0,0,2
0022000882,2021-04-21,2020-21,regular_season,False,1610612754,IND,Indiana Pacers,1610612760,OKC,Oklahoma City Thunder,9,3,W,1,2,0.5,0,1,0.0,7,8,0.875,0,2,2,0,1,0,1,0,6,1,2,0.5,1,1,1.0,0,0,0.0,0,1,1,1,1,0,1,4,-6
0022000883,2021-04-21,2020-21,regular_season,False,1610612755,PHI,Philadelphia 76ers,1610612756,PHX,Phoenix Suns,3,7,L,1,2,0.5,1,2,0.5,0,0,0.0,0,1,1,1,0,1,0,2,-4,2,4,0.5,0,1,0.0,3,4,0.75,1,0,1,1,0,0,0,0,4
0022000884,2021-04-21,2020-21,regular_season,False,1610612761,TOR,Toronto Raptors,1610612751,BKN,Brooklyn Nets,1,0,W,0,1,0.0,0,1,0.0,1,1,1.0,0,1,1,0,0,0,0,0,1,0,1,0.0,0,0,0.0,0,0,0.0,0,1,1,0,0,0,0,1,-1
0022000885,2021-04-21,2020-21,regular_season,False,1610612764,WAS,Washington Wizards,1610612744,GSW,Golden State Warriors,18,10,W,6,6,1.0,1,1,1.0,5,5,1.0,0,5,5,2,0,0,1,1,8,4,11,0.364,0,4,0.0,2,2,1.0,2,0,2,1,1,0,0,3,-8
0022000886,2021-04-21,2020-21,regular_season,False,1610612752,NYK,New York Knicks,1610612737,ATL,Atlanta Hawks,14,11,W,5,10,0.5,2,3,0.667,2,2,1.0,0,3,3,3,1,1,0,2,3,4,8,0.5,2,5,0.4,1,2,0.5,1,3,4,2,0,1,1,1,-3
0022000889,2021-04-21,2020-21,regular_season,False,1610612746,LAC,LA Clippers,1610612763,MEM,Memphis Grizzlies,5,2,W,2,2,1.0,1,1,1.0,0,0,0.0,0,0,0,2,0,0,0,0,3,0,0,0.0,0,0,0.0,2,2,1.0,0,0,0,0,0,0,0,0,-3
0022000890,2021-04-21,2020-21,regular_season,False,1610612757,POR,Portland Trail Blazers,1610612743,DEN,Denver Nuggets,6,7,L,3,14,0.214,0,3,0.0,0,0,0.0,5,4,9,1,1,0,0,3,-1,2,8,0.25,0,4,0.0,3,4,0.75,2,4,6,1,0,1,1,0,1
0022000891,2021-04-21,2020-21,regular_season,False,1610612758,SAC,Sacramento Kings,1610612750,MIN,Minnesota Timberwolves,18,10,W,5,7,0.714,3,4,0.75,5,6,0.833,2,5,7,4,0,0,1,1,8,3,10,0.3,2,3,0.667,2,2,1.0,1,0,1,3,1,0,0,3,-8
0022000897,2021-04-22,2020-21,regular_season,False,1610612742,DAL,Dallas Mavericks,1610612747,LAL,Los Angeles Lakers,5,0,W,1,3,0.333,1,2,0.5,2,3,0.667,0,2,2,1,0,1,0,0,5,0,4,0.0,0,1,0.0,0,0,0.0,1,3,4,0,0,0,0,3,-5
0022000225,2021-04-23,2020-21,regular_season,False,1610612757,POR,Portland Trail Blazers,1610612763,MEM,Memphis Grizzlies,12,13,L,5,12,0.417,0,3,0.0,2,4,0.5,2,4,6,2,0,1,1,4,-1,4,8,0.5,0,3,0.0,5,7,0.714,0,4,4,3,1,1,1,1,1
0022000899,2021-04-23,2020-21,regular_season,False,1610612751,BKN,Brooklyn Nets,1610612738,BOS,Boston Celtics,9,1,W,1,4,0.25,1,2,0.5,6,6,1.0,0,1,1,1,0,0,0,2,8,0,0,0.0,0,0,0.0,1,3,0.333,0,3,3,0,0,0,2,4,-8
0022000900,2021-04-23,2020-21,regular_season,False,1610612766,CHA,Charlotte Hornets,1610612739,CLE,Cleveland Cavaliers,9,4,W,3,4,0.75,1,2,0.5,2,2,1.0,1,1,2,2,0,0,0,2,5,1,2,0.5,0,1,0.0,2,2,1.0,0,0,0,0,0,0,0,1,-5
0022000901,2021-04-23,2020-21,regular_season,False,1610612745,HOU,Houston Rockets,1610612746,LAC,LA Clippers,5,9,L,1,6,0.167,0,4,0.0,3,4,0.75,1,2,3,1,1,1,0,3,-4,2,5,0.4,0,2,0.0,5,5,1.0,2,3,5,0,0,0,1,3,4
0022000264,2021-04-24,2020-21,regular_season,False,1610612740,NOP,New Orleans Pelicans,1610612759,SAS,San Antonio Spurs,14,16,L,5,10,0.5,2,5,0.4,2,3,0.667,1,1,2,4,2,0,1,5,-2,5,8,0.625,1,1,1.0,5,5,1.0,2,3,5,1,0,0,1,2,2
0022000906,2021-04-24,2020-21,regular_season,False,1610612754,IND,Indiana Pacers,1610612765,DET,Detroit Pistons,15,1,W,4,4,1.0,2,2,1.0,5,8,0.625,0,4,4,4,1,0,0,0,14,0,4,0.0,0,1,0.0,1,1,1.0,0,1,1,0,0,0,1,6,-14
0022000907,2021-04-24,2020-21,regular_season,False,1610612748,MIA,Miami Heat,1610612741,CHI,Chicago Bulls,7,3,W,2,4,0.5,0,1,0.0,3,4,0.75,0,2,2,2,0,0,1,0,4,1,4,0.25,0,3,0.0,1,1,1.0,0,3,3,0,0,0,0,2,-4
0022000908,2021-04-24,2020-21,regular_season,False,1610612742,DAL,Dallas Mavericks,1610612747,LAL,Los Angeles Lakers,9,2,W,3,5,0.6,1,1,1.0,2,2,1.0,1,2,3,2,1,0,0,1,7,0,2,0.0,0,0,0.0,2,2,1.0,0,1,1,0,0,0,1,1,-7
0022000909,2021-04-24,2020-21,regular_season,False,1610612762,UTA,Utah Jazz,1610612750,MIN,Minnesota Timberwolves,6,9,L,2,9,0.222,2,7,0.286,0,0,0.0,3,0,3,2,3,1,3,4,-3,2,4,0.5,0,1,0.0,5,6,0.833,0,3,3,0,2,0,4,4,3
0022000197,2021-04-25,2020-21,regular_season,False,1610612764,WAS,Washington Wizards,1610612739,CLE,Cleveland Cavaliers,9,3,W,4,8,0.5,1,4,0.25,0,0,0.0,2,5,7,3,1,2,2,1,6,1,6,0.167,0,1,0.0,1,2,0.5,0,2,2,1,1,0,2,0,-6
0022000240,2021-04-25,2020-21,regular_season,False,1610612757,POR,Portland Trail Blazers,1610612763,MEM,Memphis Grizzlies,3,5,L,1,3,0.333,0,1,0.0,1,1,1.0,1,0,1,1,1,0,2,3,-2,0,0,0.0,0,0,0.0,5,5,1.0,0,0,0,0,2,1,1,1,2
0022000913,2021-04-25,2020-21,regular_season,False,1610612737,ATL,Atlanta Hawks,1610612749,MIL,Milwaukee Bucks,3,0,W,1,1,1.0,1,1,1.0,0,0,0.0,0,0,0,1,0,0,0,0,3,0,0,0.0,0,0,0.0,0,0,0.0,0,0,0,0,0,0,0,0,-3
0022000915,2021-04-25,2020-21,regular_season,False,1610612744,GSW,Golden State Warriors,1610612758,SAC,Sacramento Kings,14,7,W,5,10,0.5,0,3,0.0,4,5,0.8,3,5,8,3,0,0,2,2,7,3,7,0.429,0,1,0.0,1,4,0.25,1,1,2,0,1,0,2,4,-7
0022000917,2021-04-26,2020-21,regular_season,False,1610612753,ORL,Orlando Magic,1610612747,LAL,Los Angeles Lakers,0,4,L,0,0,0.0,0,0,0.0,0,0,0.0,0,0,0,0,0,0,0,0,-4,2,2,1.0,0,0,0.0,0,0,0.0,0,0,0,1,0,0,0,0,4
0022000919,2021-04-26,2020-21,regular_season,False,1610612764,WAS,Washington Wizards,1610612759,SAS,San Antonio Spurs,25,29,L,12,22,0.545,1,4,0.25,0,0,0.0,5,5,10,2,0,2,2,4,-4,10,18,0.556,2,3,0.667,7,7,1.0,2,4,6,5,2,0,0,2,4
0022000920,2021-04-26,2020-21,regular_season,False,1610612752,NYK,New York Knicks,1610612756,PHX,Phoenix Suns,0,10,L,0,1,0.0,0,0,0.0,0,0,0.0,0,0,0,0,0,0,1,0,-10,4,5,0.8,2,2,1.0,0,0,0.0,1,1,2,1,0,0,1,1,10
0022000922,2021-04-26,2020-21,regular_season,False,1610612748,MIA,Miami Heat,1610612741,CHI,Chicago Bulls,5,9,L,2,10,0.2,1,5,0.2,0,0,0.0,1,3,4,1,2,0,0,3,-4,3,6,0.5,1,2,0.5,2,4,0.5,1,7,8,2,0,1,2,1,4
0022000923,2021-04-26,2020-21,regular_season,False,1610612750,MIN,Minnesota Timberwolves,1610612762,UTA,Utah Jazz,8,12,L,3,7,0.429,1,5,0.2,1,2,0.5,0,3,3,2,2,0,1,2,-4,4,8,0.5,2,5,0.4,2,4,0.5,1,4,5,2,1,0,2,2,4
0022000926,2021-04-26,2020-21,regular_season,False,1610612758,SAC,Sacramento Kings,1610612742,DAL,Dallas Mavericks,9,4,W,3,5,0.6,1,2,0.5,2,2,1.0,0,4,4,1,0,1,3,1,5,2,7,0.286,0,4,0.0,0,2,0.0,1,0,1,0,2,0,0,3,-5
0022000927,2021-04-27,2020-21,regular_season,False,1610612738,BOS,Boston Celtics,1610612760,OKC,Oklahoma City Thunder,7,13,L,0,3,0.0,0,3,0.0,7,8,0.875,0,0,0,0,2,0,0,4,-6,2,2,1.0,0,0,0.0,9,10,0.9,0,3,3,2,0,0,2,4,6
0022000928,2021-04-27,2020-21,regular_season,False,1610612766,CHA,Charlotte Hornets,1610612749,MIL,Milwaukee Bucks,2,4,L,0,2,0.0,0,1,0.0,2,2,1.0,0,1,1,0,0,0,0,0,-2,2,3,0.667,0,0,0.0,0,0,0.0,0,2,2,0,0,1,1,1,2
0022000931,2021-04-27,2020-21,regular_season,False,1610612745,HOU,Houston Rockets,1610612750,MIN,Minnesota Timberwolves,5,6,L,2,4,0.5,1,1,1.0,0,1,0.0,1,2,3,1,0,0,2,1,-1,2,7,0.286,0,3,0.0,2,2,1.0,3,2,5,1,1,1,1,2,1
0022000933,2021-04-28,2020-21,regular_season,False,1610612739,CLE,Cleveland Cavaliers,1610612753,ORL,Orlando Magic,8,10,L,2,3,0.667,1,2,0.5,3,3,1.0,0,0,0,2,1,0,1,3,-2,3,3,1.0,0,0,0.0,4,5,0.8,1,1,2,1,1,0,1,2,2
0022000938,2021-04-28,2020-21,regular_season,False,1610612748,MIA,Miami Heat,1610612759,SAS,San Antonio Spurs,7,4,W,1,3,0.333,0,1,0.0,5,5,1.0,1,1,2,0,0,0,0,0,3,2,3,0.667,0,1,0.0,0,0,0.0,0,1,1,2,0,0,0,3,-3
0022000940,2021-04-28,2020-21,regular_season,False,1610612743,DEN,Denver Nuggets,1610612740,NOP,New Orleans Pelicans,4,3,W,1,1,1.0,0,0,0.0,2,4,0.5,0,2,2,1,0,2,2,0,1,1,3,0.333,1,2,0.5,0,0,0.0,0,1,1,0,2,0,0,2,-1
0022000941,2021-04-28,2020-21,regular_season,False,1610612756,PHX,Phoenix Suns,1610612746,LAC,LA Clippers,4,0,W,2,2,1.0,0,0,0.0,0,0,0.0,1,0,1,1,0,0,0,0,4,0,0,0.0,0,0,0.0,0,0,0.0,0,0,0,0,0,0,0,0,-4
0022000943,2021-04-29,2020-21,regular_season,False,1610612765,DET,Detroit Pistons,1610612742,DAL,Dallas Mavericks,9,15,L,3,4,0.75,2,3,0.667,1,2,0.5,0,2,2,3,0,0,2,3,-6,4,9,0.444,1,1,1.0,6,6,1.0,2,2,4,1,1,0,0,1,6
0022000945,2021-04-29,2020-21,regular_season,False,1610612745,HOU,Houston Rockets,1610612749,MIL,Milwaukee Bucks,16,9,W,5,8,0.625,4,5,0.8,2,2,1.0,2,1,3,0,0,0,1,2,7,3,4,0.75,1,1,1.0,2,2,1.0,0,1,1,1,0,0,1,2,-7
0022000946,2021-04-29,2020-21,regular_season,False,1610612750,MIN,Minnesota Timberwolves,1610612744,GSW,Golden State Warriors,3,0,W,1,1,1.0,1,1,1.0,0,0,0.0,0,0,0,1,0,0,0,0,3,0,0,0.0,0,0,0.0,0,0,0.0,0,0,0,0,0,0,0,0,-3
0022000950,2021-04-30,2020-21,regular_season,False,1610612738,BOS,Boston Celtics,1610612759,SAS,San Antonio Spurs,25,22,W,8,15,0.533,2,5,0.4,7,9,0.778,1,7,8,2,1,1,3,4,3,7,15,0.467,1,1,1.0,7,7,1.0,0,5,5,5,1,0,3,5,-3
0022000956,2021-04-30,2020-21,regular_season,False,1610612747,LAL,Los Angeles Lakers,1610612758,SAC,Sacramento Kings,10,13,L,4,7,0.571,1,4,0.25,1,2,0.5,1,3,4,2,0,3,3,3,-3,3,7,0.429,1,2,0.5,6,6,1.0,0,1,1,3,1,1,1,2,3
0022000961,2021-05-01,2020-21,regular_season,False,1610612753,ORL,Orlando Magic,1610612763,MEM,Memphis Grizzlies,8,8,W,2,3,0.667,2,2,1.0,2,2,1.0,0,2,2,1,0,0,0,1,0,3,8,0.375,1,1,1.0,1,1,1.0,1,1,2,1,0,0,1,2,0
0022000962,2021-05-01,2020-21,regular_season,False,1610612750,MIN,Minnesota Timberwolves,1610612740,NOP,New Orleans Pelicans,8,20,L,3,9,0.333,0,3,0.0,2,2,1.0,0,2,2,2,0,0,2,3,-12,7,11,0.636,1,4,0.25,5,5,1.0,2,4,6,3,0,0,0,1,12
0022000964,2021-05-01,2020-21,regular_season,False,1610612742,DAL,Dallas Mavericks,1610612764,WAS,Washington Wizards,14,13,W,5,9,0.556,2,3,0.667,2,2,1.0,1,3,4,3,0,0,1,4,1,3,7,0.429,1,3,0.333,6,6,1.0,1,3,4,2,0,1,1,3,-1
0022000965,2021-05-01,2020-21,regular_season,False,1610612762,UTA,Utah Jazz,1610612761,TOR,Toronto Raptors,5,6,L,2,9,0.222,0,3,0.0,1,2,0.5,1,7,8,1,1,0,2,0,-1,3,11,0.273,0,3,0.0,0,0,0.0,1,6,7,1,0,1,0,2,1
0022000966,2021-05-01,2020-21,regular_season,False,1610612746,LAC,LA Clippers,1610612743,DEN,Denver Nuggets,2,5,L,1,2,0.5,0,1,0.0,0,0,0.0,0,0,0,0,2,0,0,3,-3,0,0,0.0,0,0,0.0,5,5,1.0,0,1,1,0,0,0,2,0,3
0022000967,2021-05-02,2020-21,regular_season,False,1610612749,MIL,Milwaukee Bucks,1610612751,BKN,Brooklyn Nets,9,4,W,4,9,0.444,1,4,0.25,0,2,0.0,1,4,5,1,0,0,0,0,5,1,5,0.2,0,3,0.0,2,3,0.667,0,4,4,0,0,0,0,2,-5
0022000968,2021-05-02,2020-21,regular_season,False,1610612738,BOS,Boston Celtics,1610612757,POR,Portland Trail Blazers,2,9,L,0,1,0.0,0,1,0.0,2,2,1.0,0,0,0,0,0,0,1,1,-7,3,4,0.75,2,3,0.667,1,1,1.0,0,1,1,2,1,0,2,3,7
0022000970,2021-05-02,2020-21,regular_season,False,1610612742,DAL,Dallas Mavericks,1610612758,SAC,Sacramento Kings,0,2,L,0,0,0.0,0,0,0.0,0,0,0.0,0,0,0,0,0,0,0,0,-2,1,1,1.0,0,0,0.0,0,0,0.0,0,0,0,0,0,0,0,0,2
0022000972,2021-05-02,2020-21,regular_season,False,1610612760,OKC,Oklahoma City Thunder,1610612756,PHX,Phoenix Suns,1,2,L,0,1,0.0,0,1,0.0,1,1,1.0,0,0,0,0,0,0,0,1,-1,0,0,0.0,0,0,0.0,2,2,1.0,0,1,1,0,0,0,2,1,1
0022000973,2021-05-02,2020-21,regular_season,False,1610612759,SAS,San Antonio Spurs,1610612755,PHI,Philadelphia 76ers,13,13,L,5,12,0.417,2,5,0.4,1,2,0.5,1,5,6,1,3,0,4,7,0,4,12,0.333,1,4,0.25,4,4,1.0,1,7,8,1,1,2,5,4,0
0022000975,2021-05-03,2020-21,regular_season,False,1610612765,DET,Detroit Pistons,1610612753,ORL,Orlando Magic,4,9,L,2,3,0.667,0,1,0.0,0,0,0.0,1,0,1,0,1,0,0,2,-5,3,3,1.0,1,1,1.0,2,3,0.667,0,0,0,2,0,0,1,0,5
0022000979,2021-05-03,2020-21,regular_season,False,1610612741,CHI,Chicago Bulls,1610612755,PHI,Philadelphia 76ers,0,3,L,0,0,0.0,0,0,0.0,0,0,0.0,0,0,0,0,0,0,0,0,-3,1,1,1.0,0,0,0.0,1,1,1.0,0,0,0,0,0,0,0,0,3
0022000980,2021-05-03,2020-21,regular_season,False,1610612763,MEM,Memphis Grizzlies,1610612752,NYK,New York Knicks,0,5,L,0,2,0.0,0,1,0.0,0,0,0.0,0,1,1,0,1,0,0,0,-5,2,3,0.667,1,1,1.0,0,0,0.0,0,2,2,1,0,0,0,0,5
0022000982,2021-05-03,2020-21,regular_season,False,1610612747,LAL,Los Angeles Lakers,1610612743,DEN,Denver Nuggets,4,5,L,2,7,0.286,0,1,0.0,0,0,0.0,2,3,5,1,0,2,1,1,-1,1,4,0.25,0,2,0.0,3,3,1.0,0,3,3,1,1,1,1,1,1
0022000983,2021-05-04,2020-21,regular_season,False,1610612739,CLE,Cleveland Cavaliers,1610612756,PHX,Phoenix Suns,13,16,L,5,12,0.417,2,4,0.5,1,1,1.0,3,2,5,2,0,0,3,0,-3,7,11,0.636,2,3,0.667,0,0,0.0,1,2,3,6,2,4,0,3,3
0022000984,2021-05-04,2020-21,regular_season,False,1610612765,DET,Detroit Pistons,1610612766,CHA,Charlotte Hornets,10,14,L,3,7,0.429,2,5,0.4,2,4,0.5,1,2,3,3,1,1,2,3,-4,6,10,0.6,0,0,0.0,2,3,0.667,2,1,3,2,2,0,2,2,4
0022000985,2021-05-04,2020-21,regular_season,False,1610612749,MIL,Milwaukee Bucks,1610612751,BKN,Brooklyn Nets,3,1,W,0,0,0.0,0,0,0.0,3,3,1.0,0,1,1,0,0,0,1,0,2,0,2,0.0,0,2,0.0,1,1,1.0,1,0,1,0,1,0,0,2,-2
0022000987,2021-05-04,2020-21,regular_season,False,1610612740,NOP,New Orleans Pelicans,1610612744,GSW,Golden State Warriors,18,8,W,6,9,0.667,2,2,1.0,4,6,0.667,2,3,5,4,2,0,2,1,10,3,8,0.375,2,6,0.333,0,1,0.0,1,2,3,2,1,1,4,3,-10
0022000988,2021-05-04,2020-21,regular_season,False,1610612760,OKC,Oklahoma City Thunder,1610612758,SAC,Sacramento Kings,5,5,L,2,8,0.25,0,3,0.0,1,1,1.0,2,3,5,0,0,0,1,2,0,2,6,0.333,0,3,0.0,1,2,0.5,1,3,4,1,1,2,1,2,0
0022000989,2021-05-04,2020-21,regular_season,False,1610612746,LAC,LA Clippers,1610612761,TOR,Toronto Raptors,15,6,W,5,6,0.833,3,4,0.75,2,2,1.0,0,5,5,3,0,1,1,3,9,2,9,0.222,0,5,0.0,2,3,0.667,1,1,2,1,1,0,1,3,-9
0022000183,2021-05-05,2020-21,regular_season,False,1610612750,MIN,Minnesota Timberwolves,1610612763,MEM,Memphis Grizzlies,14,16,L,5,7,0.714,1,3,0.333,3,3,1.0,0,0,0,2,0,0,1,1,-2,6,8,0.75,3,4,0.75,1,2,0.5,1,1,2,3,0,0,1,2,2
0022000235,2021-05-05,2020-21,regular_season,False,1610612749,MIL,Milwaukee Bucks,1610612764,WAS,Washington Wizards,14,15,L,5,10,0.5,3,6,0.5,1,2,0.5,2,2,4,4,1,2,4,3,-1,5,12,0.417,2,4,0.5,3,6,0.5,2,4,6,4,2,1,1,1,1
0022000997,2021-05-06,2020-21,regular_season,False,1610612761,TOR,Toronto Raptors,1610612764,WAS,Washington Wizards,29,32,L,9,20,0.45,3,10,0.3,8,11,0.727,4,3,7,5,3,0,1,13,-3,6,13,0.462,0,2,0.0,20,24,0.833,2,7,9,4,0,3,3,7,3
0022000998,2021-05-06,2020-21,regular_season,False,1610612742,DAL,Dallas Mavericks,1610612751,BKN,Brooklyn Nets,10,4,W,4,4,1.0,1,1,1.0,1,2,0.5,0,1,1,2,0,0,1,2,6,0,1,0.0,0,1,0.0,4,4,1.0,0,0,0,0,1,0,0,1,-6
0022000999,2021-05-06,2020-21,regular_season,False,1610612765,DET,Detroit Pistons,1610612763,MEM,Memphis Grizzlies,6,0,W,3,3,1.0,0,0,0.0,0,0,0.0,1,0,1,1,0,0,0,0,6,0,0,0.0,0,0,0.0,0,0,0.0,0,0,0,0,0,1,0,0,-6
0022001000,2021-05-06,2020-21,regular_season,False,1610612754,IND,Indiana Pacers,1610612737,ATL,Atlanta Hawks,9,4,W,3,6,0.5,0,2,0.0,3,3,1.0,0,6,6,0,0,0,2,0,5,2,8,0.25,0,3,0.0,0,0,0.0,0,3,3,2,1,1,0,4,-5
0022001003,2021-05-07,2020-21,regular_season,False,1610612755,PHI,Philadelphia 76ers,1610612740,NOP,New Orleans Pelicans,7,6,W,2,9,0.222,1,3,0.333,2,2,1.0,1,6,7,2,1,1,2,1,1,2,10,0.2,0,4,0.0,2,2,1.0,1,6,7,2,1,1,2,2,-1
0022001008,2021-05-07,2020-21,regular_season,False,1610612762,UTA,Utah Jazz,1610612743,DEN,Denver Nuggets,14,1,W,4,8,0.5,3,5,0.6,3,4,0.75,2,2,4,2,2,1,1,1,13,0,1,0.0,0,0,0.0,1,3,0.333,0,1,1,0,1,1,2,5,-13
0022001010,2021-05-07,2020-21,regular_season,False,1610612757,POR,Portland Trail Blazers,1610612747,LAL,Los Angeles Lakers,10,6,W,2,6,0.333,1,3,0.333,5,5,1.0,1,2,3,1,0,0,0,1,4,2,4,0.5,0,1,0.0,2,2,1.0,0,3,3,1,0,1,1,3,-4
0022001011,2021-05-07,2020-21,regular_season,False,1610612758,SAC,Sacramento Kings,1610612759,SAS,San Antonio Spurs,7,9,L,3,6,0.5,1,2,0.5,0,0,0.0,0,0,0,0,2,0,1,1,-2,4,4,1.0,0,0,0.0,1,2,0.5,0,2,2,1,0,1,2,0,2
0022001012,2021-05-08,2020-21,regular_season,False,1610612754,IND,Indiana Pacers,1610612764,WAS,Washington Wizards,15,21,L,7,16,0.438,1,2,0.5,0,2,0.0,0,8,8,2,0,1,1,3,-6,8,20,0.4,1,6,0.167,4,4,1.0,5,7,12,3,1,2,0,2,6
0022001014,2021-05-08,2020-21,regular_season,False,1610612761,TOR,Toronto Raptors,1610612763,MEM,Memphis Grizzlies,0,2,L,0,0,0.0,0,0,0.0,0,0,0.0,0,0,0,0,0,0,0,0,-2,1,1,1.0,0,0,0.0,0,0,0.0,0,0,0,0,0,0,0,0,2
0022001015,2021-05-08,2020-21,regular_season,False,1610612743,DEN,Denver Nuggets,1610612751,BKN,Brooklyn Nets,9,12,L,3,8,0.375,0,2,0.0,3,3,1.0,1,3,4,1,2,0,2,4,-3,2,4,0.5,0,1,0.0,8,9,0.889,0,4,4,0,2,0,3,4,3
0022001019,2021-05-09,2020-21,regular_season,False,1610612746,LAC,LA Clippers,1610612752,NYK,New York Knicks,0,3,L,0,0,0.0,0,0,0.0,0,0,0.0,0,0,0,0,0,0,0,2,-3,0,0,0.0,0,0,0.0,3,3,1.0,0,0,0,0,0,0,0,0,3
0022001020,2021-05-09,2020-21,regular_season,False,1610612766,CHA,Charlotte Hornets,1610612740,NOP,New Orleans Pelicans,10,8,W,4,8,0.5,1,3,0.333,1,4,0.25,0,3,3,1,0,2,1,3,2,3,8,0.375,0,4,0.0,2,4,0.5,1,4,5,3,1,1,1,1,-2
0022001026,2021-05-10,2020-21,regular_season,False,1610612737,ATL,Atlanta Hawks,1610612764,WAS,Washington Wizards,10,12,L,3,7,0.429,0,1,0.0,4,4,1.0,0,2,2,0,0,0,0,0,-2,5,8,0.625,2,4,0.5,0,0,0.0,0,3,3,3,0,1,1,2,2
0022001027,2021-05-10,2020-21,regular_season,False,1610612739,CLE,Cleveland Cavaliers,1610612754,IND,Indiana Pacers,0,13,L,0,2,0.0,0,0,0.0,0,0,0.0,0,0,0,0,0,0,0,3,-13,4,5,0.8,2,2,1.0,3,3,1.0,0,3,3,3,0,1,0,0,13
0022001028,2021-05-10,2020-21,regular_season,False,1610612763,MEM,Memphis Grizzlies,1610612740,NOP,New Orleans Pelicans,9,6,W,3,6,0.5,1,3,0.333,2,4,0.5,2,1,3,1,2,0,1,0,3,2,4,0.5,2,3,0.667,0,0,0.0,1,1,2,1,1,0,2,3,-3
0022001030,2021-05-10,2020-21,regular_season,False,1610612744,GSW,Golden State Warriors,1610612762,UTA,Utah Jazz,7,9,L,2,5,0.4,1,2,0.5,2,2,1.0,1,2,3,2,0,0,1,2,-2,3,6,0.5,1,3,0.333,2,2,1.0,0,2,2,0,1,0,0,1,2
0022000448,2021-05-11,2020-21,regular_season,False,1610612766,CHA,Charlotte Hornets,1610612743,DEN,Denver Nuggets,6,11,L,1,6,0.167,1,5,0.2,3,4,0.75,2,2,4,1,0,1,0,3,-5,4,7,0.571,1,1,1.0,2,3,0.667,2,2,4,2,0,0,1,3,5
0022001035,2021-05-11,2020-21,regular_season,False,1610612754,IND,Indiana Pacers,1610612755,PHI,Philadelphia 76ers,11,0,W,4,5,0.8,1,2,0.5,2,2,1.0,0,5,5,2,1,1,3,0,11,0,7,0.0,0,2,0.0,0,0,0.0,1,2,3,0,1,0,2,2,-11
0022001039,2021-05-11,2020-21,regular_season,False,1610612744,GSW,Golden State Warriors,1610612756,PHX,Phoenix Suns,15,8,W,5,10,0.5,3,5,0.6,2,2,1.0,2,3,5,4,2,0,1,1,7,3,5,0.6,2,3,0.667,0,0,0.0,0,2,2,2,0,2,3,3,-7
0022001041,2021-05-11,2020-21,regular_season,False,1610612747,LAL,Los Angeles Lakers,1610612752,NYK,New York Knicks,19,12,W,7,13,0.538,3,5,0.6,2,2,1.0,2,7,9,6,1,0,4,2,7,5,17,0.294,2,6,0.333,0,0,0.0,2,4,6,3,1,1,3,3,-7
0022001042,2021-05-12,2020-21,regular_season,False,1610612737,ATL,Atlanta Hawks,1610612764,WAS,Washington Wizards,15,6,W,4,6,0.667,2,4,0.5,5,6,0.833,0,7,7,1,1,1,3,1,9,2,12,0.167,0,4,0.0,2,2,1.0,1,3,4,0,2,0,1,4,-9
0022001046,2021-05-12,2020-21,regular_season,False,1610612747,LAL,Los Angeles Lakers,1610612745,HOU,Houston Rockets,5,6,L,2,4,0.5,0,0,0.0,1,2,0.5,0,4,4,0,1,0,2,4,-1,1,3,0.333,1,2,0.5,3,6,0.5,0,3,3,1,1,0,1,2,1
0022000255,2021-05-13,2020-21,regular_season,False,1610612763,MEM,Memphis Grizzlies,1610612758,SAC,Sacramento Kings,13,8,W,4,5,0.8,1,1,1.0,4,4,1.0,0,3,3,3,0,0,1,0,5,3,7,0.429,2,5,0.4,0,0,0.0,1,1,2,2,0,0,3,2,-5
0022000458,2021-05-13,2020-21,regular_season,False,1610612752,NYK,New York Knicks,1610612759,SAS,San Antonio Spurs,12,13,L,3,9,0.333,1,6,0.167,5,5,1.0,1,4,5,2,0,1,0,4,-1,5,9,0.556,0,1,0.0,3,4,0.75,0,5,5,2,0,0,0,4,1
0022001053,2021-05-13,2020-21,regular_season,False,1610612756,PHX,Phoenix Suns,1610612757,POR,Portland Trail Blazers,11,14,L,2,5,0.4,0,2,0.0,7,10,0.7,0,3,3,0,0,0,2,4,-3,4,7,0.571,1,3,0.333,5,8,0.625,0,4,4,3,1,0,0,5,3
0022000263,2021-05-14,2020-21,regular_season,False,1610612763,MEM,Memphis Grizzlies,1610612758,SAC,Sacramento Kings,13,12,W,4,7,0.571,1,3,0.333,4,13,0.308,0,6,6,3,1,1,1,0,1,5,13,0.385,2,7,0.286,0,0,0.0,1,8,9,2,1,0,1,7,-1
0022001057,2021-05-14,2020-21,regular_season,False,1610612742,DAL,Dallas Mavericks,1610612761,TOR,Toronto Raptors,10,4,W,2,3,0.667,2,2,1.0,4,4,1.0,0,1,1,2,0,0,0,1,6,1,3,0.333,0,2,0.0,2,2,1.0,0,1,1,0,0,0,0,3,-6
0022001059,2021-05-14,2020-21,regular_season,False,1610612744,GSW,Golden State Warriors,1610612740,NOP,New Orleans Pelicans,6,7,L,2,7,0.286,0,2,0.0,2,2,1.0,1,5,6,1,0,2,2,0,-1,3,10,0.3,1,4,0.25,0,0,0.0,1,4,5,1,0,0,0,2,1
0022001061,2021-05-15,2020-21,regular_season,False,1610612754,IND,Indiana Pacers,1610612747,LAL,Los Angeles Lakers,2,5,L,1,3,0.333,0,2,0.0,0,0,0.0,0,3,3,0,0,1,0,3,-3,1,7,0.143,1,2,0.5,2,2,1.0,2,2,4,0,0,0,0,0,3
0022001064,2021-05-15,2020-21,regular_season,False,1610612752,NYK,New York Knicks,1610612766,CHA,Charlotte Hornets,10,5,W,3,10,0.3,2,4,0.5,2,2,1.0,1,7,8,2,0,0,1,3,5,2,9,0.222,0,6,0.0,1,2,0.5,0,6,6,1,0,0,2,3,-5
0022001068,2021-05-16,2020-21,regular_season,False,1610612741,CHI,Chicago Bulls,1610612749,MIL,Milwaukee Bucks,2,0,W,0,0,0.0,0,0,0.0,2,4,0.5,0,1,1,0,0,0,0,0,2,0,1,0.0,0,1,0.0,0,0,0.0,0,0,0,0,0,0,0,2,-2
0022001070,2021-05-16,2020-21,regular_season,False,1610612744,GSW,Golden State Warriors,1610612763,MEM,Memphis Grizzlies,8,2,W,3,4,0.75,2,3,0.667,0,0,0.0,1,1,2,2,1,0,0,0,6,1,2,0.5,0,1,0.0,0,0,0.0,1,0,1,0,0,0,1,0,-6
0022001073,2021-05-16,2020-21,regular_season,False,1610612752,NYK,New York Knicks,1610612738,BOS,Boston Celtics,5,5,W,2,5,0.4,0,2,0.0,1,2,0.5,0,5,5,1,0,2,3,2,0,2,10,0.2,0,5,0.0,1,2,0.5,1,2,3,0,2,0,0,2,0
0022001074,2021-05-16,2020-21,regular_season,False,1610612760,OKC,Oklahoma City Thunder,1610612746,LAC,LA Clippers,12,8,W,4,9,0.444,2,3,0.667,2,3,0.667,2,4,6,0,0,0,1,1,4,4,11,0.364,0,4,0.0,0,0,0.0,2,4,6,2,0,0,0,3,-4
0022001078,2021-05-16,2020-21,regular_season,False,1610612759,SAS,San Antonio Spurs,1610612756,PHX,Phoenix Suns,8,6,W,3,6,0.5,1,3,0.333,1,2,0.5,2,4,6,2,0,0,1,1,2,2,8,0.25,2,5,0.4,0,0,0.0,2,1,3,1,1,1,0,1,-2
0022001080,2021-05-16,2020-21,regular_season,False,1610612764,WAS,Washington Wizards,1610612766,CHA,Charlotte Hornets,12,4,W,5,10,0.5,0,1,0.0,2,2,1.0,2,6,8,2,1,0,0,1,8,2,10,0.2,0,5,0.0,0,0,0.0,2,3,5,1,0,0,2,1,-8
0052000121,2021-05-19,2020-21,play_in,False,1610612747,LAL,Los Angeles Lakers,1610612744,GSW,Golden State Warriors,10,7,W,3,8,0.375,1,3,0.333,3,4,0.75,2,3,5,2,1,0,1,2,3,2,5,0.4,1,2,0.5,2,2,1.0,0,4,4,1,1,0,4,4,-3
0052000131,2021-05-19,2020-21,play_in,False,1610612763,MEM,Memphis Grizzlies,1610612759,SAS,San Antonio Spurs,11,2,W,4,5,0.8,1,1,1.0,2,6,0.333,1,3,4,1,0,0,1,3,9,0,5,0.0,0,1,0.0,2,3,0.667,2,1,3,0,0,0,1,4,-9
0052000211,2021-05-21,2020-21,play_in,False,1610612744,GSW,Golden State Warriors,1610612763,MEM,Memphis Grizzlies,20,20,L,6,10,0.6,3,5,0.6,5,5,1.0,1,4,5,5,0,2,2,3,0,7,13,0.538,3,5,0.6,3,3,1.0,2,1,3,4,1,0,1,3,0
0042000121,2021-05-22,2020-21,playoffs,False,1610612749,MIL,Milwaukee Bucks,1610612748,MIA,Miami Heat,10,8,W,5,14,0.357,1,4,0.25,8,16,0.5,4,9,13,0,2,0,2,4,2,5,15,0.333,3,9,0.333,4,5,0.8,1,8,9,4,1,1,3,8,-2
0042000171,2021-05-22,2020-21,playoffs,False,1610612746,LAC,LA Clippers,1610612742,DAL,Dallas Mavericks,2,12,L,1,5,0.2,0,3,0.0,0,2,0.0,1,2,3,1,1,1,1,2,-10,4,8,0.5,2,4,0.5,2,2,1.0,2,5,7,4,0,0,1,2,10
0042000101,2021-05-23,2020-21,playoffs,False,1610612755,PHI,Philadelphia 76ers,1610612764,WAS,Washington Wizards,2,0,W,0,1,0.0,0,1,0.0,2,4,0.5,1,2,3,0,0,0,2,2,2,0,2,0.0,0,2,0.0,0,0,0.0,0,1,1,0,0,0,1,3,-2
0042000131,2021-05-23,2020-21,playoffs,False,1610612752,NYK,New York Knicks,1610612737,ATL,Atlanta Hawks,13,20,L,5,9,0.556,2,4,0.5,1,2,0.5,1,1,2,3,0,1,0,3,-7,6,7,0.857,3,3,1.0,5,5,1.0,0,4,4,3,0,0,1,1,7
0042000141,2021-05-23,2020-21,playoffs,False,1610612762,UTA,Utah Jazz,1610612763,MEM,Memphis Grizzlies,5,6,L,0,2,0.0,0,2,0.0,5,5,1.0,1,2,3,0,0,1,0,1,-1,3,5,0.6,0,1,0.0,0,0,0.0,0,1,1,1,0,0,0,2,1
0042000152,2021-05-25,2020-21,playoffs,False,1610612756,PHX,Phoenix Suns,1610612747,LAL,Los Angeles Lakers,2,10,L,1,4,0.25,0,1,0.0,0,0,0.0,0,0,0,0,0,0,0,2,-8,3,3,1.0,1,1,1.0,3,3,1.0,0,3,3,2,0,1,1,0,8
0042000172,2021-05-25,2020-21,playoffs,False,1610612746,LAC,LA Clippers,1610612742,DAL,Dallas Mavericks,0,8,L,0,1,0.0,0,1,0.0,0,0,0.0,0,1,1,0,0,0,0,3,-8,2,4,0.5,1,1,1.0,3,3,1.0,1,1,2,1,0,0,0,0,8
0042000132,2021-05-26,2020-21,playoffs,False,1610612752,NYK,New York Knicks,1610612737,ATL,Atlanta Hawks,5,0,W,2,5,0.4,1,4,0.25,0,0,0.0,0,5,5,2,0,0,0,1,5,0,5,0.0,0,4,0.0,0,0,0.0,0,2,2,0,0,0,0,0,-5
0042000163,2021-05-27,2020-21,playoffs,False,1610612757,POR,Portland Trail Blazers,1610612743,DEN,Denver Nuggets,0,13,L,0,2,0.0,0,2,0.0,0,0,0.0,0,0,0,0,0,0,0,3,-13,4,6,0.667,3,3,1.0,2,4,0.5,3,1,4,2,0,0,0,0,13
0042000113,2021-05-28,2020-21,playoffs,False,1610612738,BOS,Boston Celtics,1610612751,BKN,Brooklyn Nets,4,0,W,2,2,1.0,0,0,0.0,0,0,0.0,0,0,0,1,0,0,0,0,4,0,0,0.0,0,0,0.0,0,0,0.0,0,0,0,0,0,0,0,0,-4
0042000143,2021-05-29,2020-21,playoffs,False,1610612763,MEM,Memphis Grizzlies,1610612762,UTA,Utah Jazz,2,8,L,1,5,0.2,0,2,0.0,0,0,0.0,3,0,3,0,0,0,1,1,-6,3,3,1.0,1,1,1.0,1,1,1.0,0,1,1,2,1,0,0,0,6
0042000104,2021-05-31,2020-21,playoffs,False,1610612764,WAS,Washington Wizards,1610612755,PHI,Philadelphia 76ers,12,10,W,5,8,0.625,1,2,0.5,1,2,0.5,1,2,3,4,0,0,1,4,2,3,7,0.429,0,2,0.0,4,8,0.5,3,3,6,0,0,1,1,2,-2
0042000144,2021-05-31,2020-21,playoffs,False,1610612763,MEM,Memphis Grizzlies,1610612762,UTA,Utah Jazz,2,5,L,1,3,0.333,0,0,0.0,0,0,0.0,1,2,3,0,0,0,0,2,-3,1,2,0.5,1,1,1.0,2,3,0.667,0,2,2,0,0,1,0,0,3
0042000165,2021-06-01,2020-21,playoffs,False,1610612743,DEN,Denver Nuggets,1610612757,POR,Portland Trail Blazers,28,26,W,8,17,0.471,4,8,0.5,8,11,0.727,1,9,10,6,0,1,2,2,2,9,22,0.409,6,14,0.429,2,2,1.0,2,8,10,2,2,0,3,11,-2
0042000175,2021-06-02,2020-21,playoffs,False,1610612746,LAC,LA Clippers,1610612742,DAL,Dallas Mavericks,3,7,L,1,4,0.25,0,2,0.0,1,1,1.0,0,2,2,1,1,0,1,3,-4,1,4,0.25,1,2,0.5,4,4,1.0,1,3,4,1,1,0,2,1,4
0042000166,2021-06-03,2020-21,playoffs,False,1610612757,POR,Portland Trail Blazers,1610612743,DEN,Denver Nuggets,0,2,L,0,0,0.0,0,0,0.0,0,0,0.0,0,0,0,0,0,0,0,1,-2,0,0,0.0,0,0,0.0,2,2,1.0,0,1,1,0,0,0,0,0,2
0042000176,2021-06-04,2020-21,playoffs,False,1610612742,DAL,Dallas Mavericks,1610612746,LAC,LA Clippers,0,8,L,0,4,0.0,0,2,0.0,0,0,0.0,0,0,0,0,2,0,0,1,-8,3,3,1.0,2,2,1.0,0,0,0.0,0,4,4,0,0,0,3,1,8
0042000201,2021-06-06,2020-21,playoffs,False,1610612755,PHI,Philadelphia 76ers,1610612737,ATL,Atlanta Hawks,7,9,L,3,4,0.75,0,1,0.0,1,2,0.5,0,0,0,0,2,0,0,2,-2,2,2,1.0,1,1,1.0,4,4,1.0,0,2,2,2,0,0,3,1,2
0042000221,2021-06-08,2020-21,playoffs,False,1610612762,UTA,Utah Jazz,1610612746,LAC,LA Clippers,4,0,W,2,3,0.667,0,0,0.0,0,0,0.0,0,0,0,0,0,1,0,0,4,0,1,0.0,0,1,0.0,0,0,0.0,1,1,2,0,0,0,0,0,-4
0042000213,2021-06-10,2020-21,playoffs,False,1610612749,MIL,Milwaukee Bucks,1610612751,BKN,Brooklyn Nets,10,7,W,4,11,0.364,0,3,0.0,2,2,1.0,0,7,7,2,0,1,0,0,3,3,10,0.3,1,3,0.333,0,0,0.0,0,4,4,1,0,1,0,3,-3
0042000222,2021-06-10,2020-21,playoffs,False,1610612762,UTA,Utah Jazz,1610612746,LAC,LA Clippers,7,0,W,2,2,1.0,1,1,1.0,2,2,1.0,0,1,1,1,0,0,0,0,7,0,1,0.0,0,1,0.0,0,0,0.0,0,0,0,0,0,0,0,2,-7
0042000234,2021-06-13,2020-21,playoffs,False,1610612743,DEN,Denver Nuggets,1610612756,PHX,Phoenix Suns,0,2,L,0,0,0.0,0,0,0.0,0,0,0.0,0,0,0,0,0,0,0,2,-2,0,0,0.0,0,0,0.0,2,2,1.0,0,0,0,0,0,0,0,0,2
0042000204,2021-06-14,2020-21,playoffs,False,1610612737,ATL,Atlanta Hawks,1610612755,PHI,Philadelphia 76ers,9,8,W,2,8,0.25,1,3,0.333,4,4,1.0,1,4,5,1,1,1,1,3,1,1,7,0.143,1,4,0.25,5,6,0.833,1,5,6,1,0,0,1,2,-1
0042000215,2021-06-15,2020-21,playoffs,False,1610612751,BKN,Brooklyn Nets,1610612749,MIL,Milwaukee Bucks,13,10,W,2,6,0.333,2,5,0.4,7,8,0.875,0,5,5,2,1,0,1,3,3,4,8,0.5,0,2,0.0,2,4,0.5,1,4,5,2,0,0,1,4,-3
0042000205,2021-06-16,2020-21,playoffs,False,1610612755,PHI,Philadelphia 76ers,1610612737,ATL,Atlanta Hawks,2,9,L,1,6,0.167,0,2,0.0,0,2,0.0,1,1,2,0,0,0,1,2,-7,2,3,0.667,0,1,0.0,5,5,1.0,0,3,3,0,0,1,0,1,7
0042000225,2021-06-16,2020-21,playoffs,False,1610612762,UTA,Utah Jazz,1610612746,LAC,LA Clippers,0,7,L,0,3,0.0,0,3,0.0,0,0,0.0,0,1,1,0,0,0,0,3,-7,2,3,0.667,0,1,0.0,3,5,0.6,0,2,2,0,0,1,1,0,7
0042000206,2021-06-18,2020-21,playoffs,False,1610612737,ATL,Atlanta Hawks,1610612755,PHI,Philadelphia 76ers,9,12,L,4,7,0.571,1,2,0.5,0,0,0.0,1,3,4,1,0,0,1,5,-3,2,5,0.4,0,0,0.0,8,10,0.8,1,1,2,1,1,0,0,0,3
0042000226,2021-06-18,2020-21,playoffs,False,1610612746,LAC,LA Clippers,1610612762,UTA,Utah Jazz,2,0,W,1,1,1.0,0,0,0.0,0,0,0.0,0,0,0,0,0,0,0,0,2,0,0,0.0,0,0,0.0,0,0,0.0,0,0,0,0,0,0,0,0,-2
0042000217,2021-06-19,2020-21,playoffs,False,1610612751,BKN,Brooklyn Nets,1610612749,MIL,Milwaukee Bucks,13,21,L,6,18,0.333,1,6,0.167,0,0,0.0,4,5,9,2,1,0,2,6,-8,7,14,0.5,2,4,0.5,5,7,0.714,3,7,10,2,2,1,2,2,8
0042000207,2021-06-20,2020-21,playoffs,False,1610612755,PHI,Philadelphia 76ers,1610612737,ATL,Atlanta Hawks,6,15,L,2,4,0.5,0,1,0.0,2,4,0.5,0,2,2,1,1,0,1,5,-9,4,5,0.8,1,2,0.5,6,7,0.857,0,3,3,2,1,0,2,3,9
0042000311,2021-06-20,2020-21,playoffs,False,1610612756,PHX,Phoenix Suns,1610612746,LAC,LA Clippers,6,3,W,2,3,0.667,0,0,0.0,2,2,1.0,0,1,1,2,0,1,0,0,3,1,5,0.2,1,4,0.25,0,0,0.0,3,1,4,1,0,0,0,1,-3
0042000312,2021-06-22,2020-21,playoffs,False,1610612756,PHX,Phoenix Suns,1610612746,LAC,LA Clippers,11,10,W,5,9,0.556,1,4,0.25,0,0,0.0,0,5,5,4,0,0,3,4,1,4,7,0.571,0,3,0.0,2,4,0.5,0,3,3,2,0,1,0,0,-1
0042000301,2021-06-23,2020-21,playoffs,False,1610612749,MIL,Milwaukee Bucks,1610612737,ATL,Atlanta Hawks,15,16,L,5,11,0.455,1,4,0.25,4,5,0.8,1,1,2,4,0,1,0,4,-1,4,10,0.4,1,5,0.2,7,7,1.0,3,5,8,2,0,0,1,3,1
0042000314,2021-06-26,2020-21,playoffs,False,1610612746,LAC,LA Clippers,1610612756,PHX,Phoenix Suns,6,9,L,1,7,0.143,0,3,0.0,4,8,0.5,2,3,5,1,0,0,1,5,-3,1,5,0.2,0,1,0.0,7,8,0.875,1,4,5,0,0,1,2,6,3
0042000303,2021-06-27,2020-21,playoffs,False,1610612737,ATL,Atlanta Hawks,1610612749,MIL,Milwaukee Bucks,2,6,L,1,3,0.333,0,1,0.0,0,0,0.0,1,0,1,0,0,0,0,0,-4,3,4,0.75,0,1,0.0,0,0,0.0,1,2,3,1,0,0,0,0,4
0042000404,2021-07-14,2020-21,playoffs,False,1610612749,MIL,Milwaukee Bucks,1610612756,PHX,Phoenix Suns,15,4,W,5,13,0.385,1,2,0.5,4,4,1.0,3,6,9,2,2,2,0,1,11,1,6,0.167,0,0,0.0,2,2,1.0,0,4,4,0,0,2,2,4,-11
0042000405,2021-07-17,2020-21,playoffs,False,1610612756,PHX,Phoenix Suns,1610612749,MIL,Milwaukee Bucks,2,6,L,1,2,0.5,0,0,0.0,0,0,0.0,1,2,3,0,0,0,1,3,-4,2,3,0.667,1,1,1.0,1,5,0.2,1,0,1,1,1,0,0,0,4
0042000406,2021-07-20,2020-21,playoffs,False,1610612749,MIL,Milwaukee Bucks,1610612756,PHX,Phoenix Suns,4,1,W,2,2,1.0,0,0,0.0,0,0,0.0,0,0,0,1,0,0,0,0,3,0,0,0.0,0,0,0.0,1,1,1.0,0,0,0,0,0,0,0,0,-3
