game_id,game_date,season,game_type,neutral_site,team_id_home,team_abbreviation_home,team_name_home,team_id_road,team_abbreviation_road,team_name_road,pts_home,pts_road,wl_home,fgm_home,fga_home,fg_pct_home,fg3m_home,fg3a_home,fg3_pct_home,ftm_home,fta_home,ft_pct_home,oreb_home,dreb_home,reb_home,ast_home,stl_home,blk_home,tov_home,pf_home,plus_minus_home,fgm_road,fga_road,fg_pct_road,fg3m_road,fg3a_road,fg3_pct_road,ftm_road,fta_road,ft_pct_road,oreb_road,dreb_road,reb_road,ast_road,stl_road,blk_road,tov_road,pf_road,plus_minus_road
0021400001,2014-10-28,2014-15,regular_season,False,1610612740,NOP,New Orleans Pelicans,1610612753,ORL,Orlando Magic,23,20,W,8,18,0.444,0,3,0.0,7,11,0.636,3,9,12,5,3,4,5,7,3,9,22,0.409,0,1,0.0,2,4,0.5,5,9,14,4,2,1,5,9,-3
0021400002,2014-10-28,2014-15,regular_season,False,1610612759,SAS,San Antonio Spurs,1610612742,DAL,Dallas Mavericks,25,27,L,10,14,0.714,5,7,0.714,0,1,0.0,0,7,7,8,0,1,8,6,-2,9,17,0.529,3,8,0.375,6,8,0.75,1,5,6,4,4,0,2,4,2
0021400003,2014-10-28,2014-15,regular_season,False,1610612747,LAL,Los Angeles Lakers,1610612745,HOU,Houston Rockets,21,23,L,6,18,0.333,0,2,0.0,9,12,0.75,1,7,8,5,3,1,4,11,-2,5,16,0.312,2,8,0.25,11,17,0.647,4,9,13,5,3,0,5,8,2
0021400015,2014-10-29,2014-15,regular_season,False,1610612757,POR,Portland Trail Blazers,1610612760,OKC,Oklahoma City Thunder,31,12,W,12,22,0.545,6,7,0.857,1,1,1.0,3,10,13,8,2,2,1,5,19,5,19,0.263,0,5,0.0,2,3,0.667,3,6,9,2,1,2,4,6,-19
0021400014,2014-10-29,2014-15,regular_season,False,1610612758,SAC,Sacramento Kings,1610612744,GSW,Golden State Warriors,14,22,L,5,17,0.294,0,5,0.0,4,4,1.0,2,8,10,2,1,1,6,3,-8,9,18,0.5,3,9,0.333,1,1,1.0,1,8,9,5,3,1,5,5,8
0021400013,2014-10-29,2014-15,regular_season,False,1610612756,PHX,Phoenix Suns,1610612747,LAL,Los Angeles Lakers,21,26,L,9,20,0.45,3,8,0.375,0,0,0.0,2,9,11,4,1,2,4,7,-5,10,20,0.5,2,5,0.4,4,6,0.667,1,9,10,6,3,1,1,2,5
0021400011,2014-10-29,2014-15,regular_season,False,1610612743,DEN,Denver Nuggets,1610612765,DET,Detroit Pistons,24,16,W,5,22,0.227,2,7,0.286,12,16,0.75,6,10,16,2,1,1,2,3,8,7,22,0.318,1,8,0.125,1,2,0.5,2,9,11,3,1,1,5,10,-8
0021400010,2014-10-29,2014-15,regular_season,False,1610612752,NYK,New York Knicks,1610612741,CHI,Chicago Bulls,20,20,L,8,21,0.381,1,5,0.2,3,3,1.0,4,8,12,5,4,1,6,6,0,6,15,0.4,1,5,0.2,7,7,1.0,1,9,10,4,5,0,6,3,0
0021400012,2014-10-29,2014-15,regular_season,False,1610612762,UTA,Utah Jazz,1610612745,HOU,Houston Rockets,21,29,L,8,24,0.333,0,5,0.0,5,7,0.714,6,4,10,3,4,1,4,4,-8,11,17,0.647,3,7,0.429,4,5,0.8,2,9,11,6,3,2,7,7,8
0021400008,2014-10-29,2014-15,regular_season,False,1610612761,TOR,Toronto Raptors,1610612737,ATL,Atlanta Hawks,23,31,L,6,18,0.333,1,6,0.167,10,14,0.714,4,4,8,6,4,2,4,6,-8,12,17,0.706,4,5,0.8,3,4,0.75,1,7,8,7,2,1,6,9,8
0021400007,2014-10-29,2014-15,regular_season,False,1610612748,MIA,Miami Heat,1610612764,WAS,Washington Wizards,35,25,W,13,21,0.619,4,7,0.571,5,6,0.833,2,10,12,5,1,0,3,9,10,7,17,0.412,1,5,0.2,10,14,0.714,1,6,7,3,1,0,1,4,-10
0021400006,2014-10-29,2014-15,regular_season,False,1610612738,BOS,Boston Celtics,1610612751,BKN,Brooklyn Nets,20,33,L,8,21,0.381,0,6,0.0,4,7,0.571,1,4,5,3,4,0,4,10,-13,10,17,0.588,3,6,0.5,10,13,0.769,1,11,12,5,2,1,6,4,13
0021400005,2014-10-29,2014-15,regular_season,False,1610612754,IND,Indiana Pacers,1610612755,PHI,Philadelphia 76ers,25,18,W,8,17,0.471,3,8,0.375,6,9,0.667,2,11,13,5,1,4,4,5,7,6,25,0.24,1,7,0.143,5,7,0.714,6,8,14,5,1,0,2,8,-7
0021400004,2014-10-29,2014-15,regular_season,False,1610612766,CHA,Charlotte Hornets,1610612749,MIL,Milwaukee Bucks,32,17,W,12,27,0.444,3,7,0.429,5,8,0.625,5,6,11,6,3,2,1,7,15,5,12,0.417,0,1,0.0,7,8,0.875,0,6,6,2,1,5,7,9,-15
0021400009,2014-10-29,2014-15,regular_season,False,1610612763,MEM,Memphis Grizzlies,1610612750,MIN,Minnesota Timberwolves,24,27,L,8,19,0.421,0,5,0.0,8,9,0.889,3,4,7,3,1,1,2,6,-3,10,21,0.476,2,4,0.5,5,6,0.833,4,8,12,7,1,0,4,9,3
0021400016,2014-10-30,2014-15,regular_season,False,1610612753,ORL,Orlando Magic,1610612764,WAS,Washington Wizards,32,23,W,10,18,0.556,2,2,1.0,10,11,0.909,1,7,8,5,0,0,1,6,9,7,17,0.412,1,2,0.5,8,12,0.667,2,7,9,3,1,0,2,10,-9
0021400017,2014-10-30,2014-15,regular_season,False,1610612750,MIN,Minnesota Timberwolves,1610612765,DET,Detroit Pistons,22,26,L,8,18,0.444,2,4,0.5,4,6,0.667,0,6,6,5,2,1,1,7,-4,10,24,0.417,3,7,0.429,3,6,0.5,5,10,15,5,0,1,3,6,4
0021400018,2014-10-30,2014-15,regular_season,False,1610612739,CLE,Cleveland Cavaliers,1610612752,NYK,New York Knicks,26,28,L,10,16,0.625,3,8,0.375,3,5,0.6,2,3,5,6,1,1,5,7,-2,10,18,0.556,1,2,0.5,7,9,0.778,4,4,8,6,2,0,4,7,2
0021400019,2014-10-30,2014-15,regular_season,False,1610612742,DAL,Dallas Mavericks,1610612762,UTA,Utah Jazz,27,29,L,11,22,0.5,3,7,0.429,2,2,1.0,4,6,10,8,3,0,2,5,-2,10,18,0.556,4,5,0.8,5,7,0.714,3,7,10,7,1,0,4,2,2
0021400020,2014-10-30,2014-15,regular_season,False,1610612746,LAC,Los Angeles Clippers,1610612760,OKC,Oklahoma City Thunder,23,28,L,8,21,0.381,3,10,0.3,4,6,0.667,4,5,9,4,2,1,3,8,-5,8,17,0.471,4,6,0.667,8,11,0.727,2,10,12,6,1,0,5,9,5
0021400025,2014-10-31,2014-15,regular_season,False,1610612758,SAC,Sacramento Kings,1610612757,POR,Portland Trail Blazers,32,23,W,6,18,0.333,1,3,0.333,19,20,0.95,4,12,16,3,1,2,0,8,9,6,23,0.261,5,13,0.385,6,7,0.857,3,5,8,3,0,1,1,13,-9
0021400026,2014-10-31,2014-15,regular_season,False,1610612747,LAL,Los Angeles Lakers,1610612746,LAC,Los Angeles Clippers,21,32,L,8,20,0.4,3,7,0.429,2,2,1.0,2,7,9,4,0,1,4,12,-11,6,14,0.429,2,6,0.333,18,19,0.947,1,9,10,5,2,1,1,5,11
0021400024,2014-10-31,2014-15,regular_season,False,1610612756,PHX,Phoenix Suns,1610612759,SAS,San Antonio Spurs,27,18,W,11,22,0.5,1,6,0.167,4,4,1.0,4,11,15,4,1,1,1,5,9,6,17,0.353,4,8,0.5,2,6,0.333,1,7,8,5,0,1,4,5,-9
0021400023,2014-10-31,2014-15,regular_season,False,1610612749,MIL,Milwaukee Bucks,1610612755,PHI,Philadelphia 76ers,20,7,W,8,24,0.333,3,7,0.429,1,1,1.0,5,9,14,4,5,0,5,3,13,3,18,0.167,1,8,0.125,0,0,0.0,4,6,10,3,0,3,8,3,-13
0021400022,2014-10-31,2014-15,regular_season,False,1610612741,CHI,Chicago Bulls,1610612739,CLE,Cleveland Cavaliers,29,20,W,11,23,0.478,5,8,0.625,2,2,1.0,3,8,11,8,2,3,4,7,9,7,24,0.292,0,5,0.0,6,6,1.0,2,8,10,4,1,1,3,4,-9
0021400021,2014-10-31,2014-15,regular_season,False,1610612754,IND,Indiana Pacers,1610612763,MEM,Memphis Grizzlies,22,19,W,7,17,0.412,1,6,0.167,7,8,0.875,1,8,9,4,2,0,2,2,3,7,18,0.389,2,4,0.5,3,4,0.75,3,8,11,4,0,0,3,8,-3
0021400038,2014-11-01,2014-15,regular_season,False,1610612744,GSW,Golden State Warriors,1610612747,LAL,Los Angeles Lakers,34,18,W,11,19,0.579,2,5,0.4,10,12,0.833,2,8,10,6,5,2,6,8,16,5,18,0.278,1,2,0.5,7,9,0.778,4,6,10,3,3,0,11,11,-16
0021400037,2014-11-01,2014-15,regular_season,False,1610612762,UTA,Utah Jazz,1610612756,PHX,Phoenix Suns,29,16,W,12,20,0.6,2,6,0.333,3,5,0.6,2,12,14,7,3,1,4,5,13,6,21,0.286,1,6,0.167,3,4,0.75,3,5,8,2,4,0,4,5,-13
0021400036,2014-11-01,2014-15,regular_season,False,1610612760,OKC,Oklahoma City Thunder,1610612743,DEN,Denver Nuggets,26,35,L,9,23,0.391,2,9,0.222,6,7,0.857,3,7,10,5,0,0,3,4,-9,13,21,0.619,4,11,0.364,5,6,0.833,1,10,11,8,1,3,3,6,9
0021400034,2014-11-01,2014-15,regular_season,False,1610612745,HOU,Houston Rockets,1610612738,BOS,Boston Celtics,23,28,L,9,22,0.409,3,8,0.375,2,4,0.5,1,10,11,6,0,4,4,7,-5,11,29,0.379,1,7,0.143,5,7,0.714,6,11,17,7,4,3,0,3,5
0021400033,2014-11-01,2014-15,regular_season,False,1610612765,DET,Detroit Pistons,1610612751,BKN,Brooklyn Nets,15,21,L,4,16,0.25,0,5,0.0,7,9,0.778,1,7,8,4,0,1,2,4,-6,10,20,0.5,1,7,0.143,0,0,0.0,2,12,14,2,1,0,3,8,6
0021400035,2014-11-01,2014-15,regular_season,False,1610612750,MIN,Minnesota Timberwolves,1610612741,CHI,Chicago Bulls,24,21,W,7,23,0.304,2,5,0.4,8,11,0.727,6,9,15,5,0,2,2,8,3,5,16,0.312,1,6,0.167,10,11,0.909,0,10,10,2,0,3,5,8,-3
0021400031,2014-11-01,2014-15,regular_season,False,1610612764,WAS,Washington Wizards,1610612749,MIL,Milwaukee Bucks,25,29,L,11,17,0.647,1,3,0.333,2,4,0.5,1,7,8,7,1,2,5,6,-4,9,19,0.474,2,3,0.667,9,9,1.0,1,5,6,2,4,0,3,6,4
0021400030,2014-11-01,2014-15,regular_season,False,1610612755,PHI,Philadelphia 76ers,1610612748,MIA,Miami Heat,13,27,L,4,15,0.267,0,5,0.0,5,6,0.833,0,6,6,2,4,2,8,4,-14,10,20,0.5,2,5,0.4,5,5,1.0,2,12,14,8,5,0,6,6,14
0021400029,2014-11-01,2014-15,regular_season,False,1610612753,ORL,Orlando Magic,1610612761,TOR,Toronto Raptors,17,21,L,6,17,0.353,0,4,0.0,5,11,0.455,1,8,9,2,1,5,2,8,-4,6,22,0.273,1,6,0.167,8,10,0.8,7,12,19,3,0,0,2,8,4
0021400028,2014-11-01,2014-15,regular_season,False,1610612766,CHA,Charlotte Hornets,1610612763,MEM,Memphis Grizzlies,23,20,W,9,16,0.562,2,3,0.667,3,5,0.6,0,8,8,5,3,2,4,2,3,9,22,0.409,1,1,1.0,1,1,1.0,3,7,10,7,2,0,4,6,-3
0021400027,2014-11-01,2014-15,regular_season,False,1610612740,NOP,New Orleans Pelicans,1610612742,DAL,Dallas Mavericks,15,23,L,4,18,0.222,0,5,0.0,7,9,0.778,2,11,13,2,2,0,7,6,-8,11,21,0.524,1,5,0.2,0,4,0.0,1,11,12,8,2,1,2,8,8
0021400032,2014-11-01,2014-15,regular_season,False,1610612737,ATL,Atlanta Hawks,1610612754,IND,Indiana Pacers,32,29,W,9,17,0.529,2,5,0.4,12,16,0.75,1,7,8,6,2,0,2,5,3,9,20,0.45,4,10,0.4,7,8,0.875,4,8,12,7,0,2,6,11,-3
0021400039,2014-11-02,2014-15,regular_season,False,1610612746,LAC,Los Angeles Clippers,1610612758,SAC,Sacramento Kings,18,28,L,8,26,0.308,0,12,0.0,2,2,1.0,3,4,7,7,3,2,1,7,-10,9,16,0.562,0,2,0.0,10,12,0.833,2,13,15,6,0,2,7,3,10
0021400040,2014-11-02,2014-15,regular_season,False,1610612748,MIA,Miami Heat,1610612761,TOR,Toronto Raptors,20,25,L,4,17,0.235,1,8,0.125,11,19,0.579,5,7,12,2,3,2,3,6,-5,9,19,0.474,2,5,0.4,5,9,0.556,2,8,10,3,3,3,5,10,5
0021400041,2014-11-02,2014-15,regular_season,False,1610612752,NYK,New York Knicks,1610612766,CHA,Charlotte Hornets,17,13,W,7,17,0.412,1,2,0.5,2,6,0.333,2,7,9,3,2,0,5,5,4,6,15,0.4,0,1,0.0,1,1,1.0,2,8,10,5,1,0,7,6,-4
0021400042,2014-11-02,2014-15,regular_season,False,1610612757,POR,Portland Trail Blazers,1610612744,GSW,Golden State Warriors,22,27,L,10,20,0.5,2,7,0.286,0,0,0.0,3,6,9,6,3,0,8,6,-5,9,16,0.562,2,3,0.667,7,8,0.875,2,6,8,6,3,0,6,3,5
0021400047,2014-11-03,2014-15,regular_season,False,1610612743,DEN,Denver Nuggets,1610612758,SAC,Sacramento Kings,28,31,L,10,23,0.435,2,9,0.222,6,7,0.857,4,7,11,6,1,1,5,11,-3,9,18,0.5,1,4,0.25,12,13,0.923,2,6,8,6,3,0,3,7,3
0021400048,2014-11-03,2014-15,regular_season,False,1610612746,LAC,Los Angeles Clippers,1610612762,UTA,Utah Jazz,34,31,W,12,20,0.6,1,2,0.5,9,10,0.9,0,7,7,6,2,1,2,6,3,9,17,0.529,4,10,0.4,9,9,1.0,1,6,7,6,1,1,6,8,-3
0021400046,2014-11-03,2014-15,regular_season,False,1610612742,DAL,Dallas Mavericks,1610612738,BOS,Boston Celtics,27,34,L,10,20,0.5,3,5,0.6,4,4,1.0,4,4,8,6,2,4,7,6,-7,12,25,0.48,4,10,0.4,6,7,0.857,9,4,13,10,4,3,4,7,7
0021400043,2014-11-03,2014-15,regular_season,False,1610612755,PHI,Philadelphia 76ers,1610612745,HOU,Houston Rockets,19,25,L,5,17,0.294,2,6,0.333,7,10,0.7,3,8,11,3,2,2,3,7,-6,7,19,0.368,6,9,0.667,5,9,0.556,4,9,13,4,2,0,4,5,6
0021400044,2014-11-03,2014-15,regular_season,False,1610612751,BKN,Brooklyn Nets,1610612760,OKC,Oklahoma City Thunder,31,23,W,12,21,0.571,3,6,0.5,4,4,1.0,3,8,11,6,3,2,2,7,8,7,20,0.35,2,3,0.667,7,9,0.778,5,6,11,4,1,0,5,4,-8
0021400045,2014-11-03,2014-15,regular_season,False,1610612763,MEM,Memphis Grizzlies,1610612740,NOP,New Orleans Pelicans,29,25,W,9,16,0.562,1,1,1.0,10,12,0.833,2,7,9,5,1,0,3,6,4,9,20,0.45,1,6,0.167,6,8,0.75,5,4,9,6,0,1,3,10,-4
0021400049,2014-11-04,2014-15,regular_season,False,1610612754,IND,Indiana Pacers,1610612749,MIL,Milwaukee Bucks,20,18,W,7,19,0.368,2,8,0.25,4,5,0.8,4,7,11,2,1,1,5,4,2,8,16,0.5,1,3,0.333,1,1,1.0,1,6,7,4,4,3,4,5,-2
0021400050,2014-11-04,2014-15,regular_season,False,1610612748,MIA,Miami Heat,1610612745,HOU,Houston Rockets,14,25,L,4,20,0.2,3,10,0.3,3,4,0.75,2,6,8,3,1,0,4,3,-11,9,19,0.474,5,12,0.417,2,2,1.0,2,13,15,5,2,3,3,6,11
0021400051,2014-11-04,2014-15,regular_season,False,1610612752,NYK,New York Knicks,1610612764,WAS,Washington Wizards,23,26,L,6,19,0.316,3,5,0.6,8,9,0.889,5,4,9,4,2,1,3,4,-3,10,19,0.526,3,6,0.5,3,3,1.0,2,7,9,5,0,2,4,10,3
0021400052,2014-11-04,2014-15,regular_season,False,1610612761,TOR,Toronto Raptors,1610612760,OKC,Oklahoma City Thunder,27,18,W,9,21,0.429,2,10,0.2,7,7,1.0,2,5,7,4,2,2,2,5,9,6,15,0.4,2,7,0.286,4,6,0.667,3,10,13,5,1,0,8,7,-9
0021400053,2014-11-04,2014-15,regular_season,False,1610612741,CHI,Chicago Bulls,1610612753,ORL,Orlando Magic,29,21,W,8,14,0.571,3,6,0.5,10,10,1.0,1,8,9,6,3,4,4,4,8,9,21,0.429,2,3,0.667,1,3,0.333,4,5,9,5,3,0,4,5,-8
0021400054,2014-11-04,2014-15,regular_season,False,1610612740,NOP,New Orleans Pelicans,1610612766,CHA,Charlotte Hornets,27,26,W,12,21,0.571,1,5,0.2,2,2,1.0,4,8,12,7,0,1,2,4,1,12,21,0.571,2,6,0.333,0,0,0.0,1,5,6,7,1,0,1,2,-1
0021400055,2014-11-04,2014-15,regular_season,False,1610612757,POR,Portland Trail Blazers,1610612739,CLE,Cleveland Cavaliers,25,13,W,8,17,0.471,2,5,0.4,7,8,0.875,2,12,14,4,1,1,2,6,12,5,21,0.238,1,4,0.25,2,2,1.0,4,7,11,3,1,2,2,7,-12
0021400056,2014-11-04,2014-15,regular_season,False,1610612747,LAL,Los Angeles Lakers,1610612756,PHX,Phoenix Suns,31,33,L,9,22,0.409,1,5,0.2,12,12,1.0,4,7,11,2,1,1,2,6,-2,12,21,0.571,3,5,0.6,6,9,0.667,2,9,11,10,0,0,3,10,2
0021400068,2014-11-05,2014-15,regular_season,False,1610612744,GSW,Golden State Warriors,1610612746,LAC,Los Angeles Clippers,19,29,L,6,18,0.333,2,6,0.333,5,5,1.0,1,9,10,5,2,0,8,7,-10,9,21,0.429,2,5,0.4,9,12,0.75,3,10,13,5,3,1,3,5,10
0021400067,2014-11-05,2014-15,regular_season,False,1610612758,SAC,Sacramento Kings,1610612743,DEN,Denver Nuggets,26,37,L,10,21,0.476,2,7,0.286,4,5,0.8,4,4,8,5,1,0,7,13,-11,12,20,0.6,3,9,0.333,10,12,0.833,2,7,9,7,1,3,3,6,11
0021400065,2014-11-05,2014-15,regular_season,False,1610612756,PHX,Phoenix Suns,1610612763,MEM,Memphis Grizzlies,20,26,L,7,18,0.389,2,7,0.286,4,4,1.0,1,8,9,4,1,1,4,7,-6,9,19,0.474,3,6,0.5,5,7,0.714,2,8,10,8,3,0,3,5,6
0021400064,2014-11-05,2014-15,regular_season,False,1610612759,SAS,San Antonio Spurs,1610612737,ATL,Atlanta Hawks,26,30,L,6,17,0.353,1,5,0.2,13,18,0.722,3,9,12,6,2,2,4,4,-4,12,24,0.5,3,9,0.333,3,3,1.0,3,10,13,7,4,1,4,9,4
0021400063,2014-11-05,2014-15,regular_season,False,1610612764,WAS,Washington Wizards,1610612754,IND,Indiana Pacers,18,23,L,6,16,0.375,1,5,0.2,5,6,0.833,1,6,7,5,2,0,3,7,-5,9,17,0.529,1,3,0.333,4,6,0.667,2,9,11,2,1,2,4,6,5
0021400066,2014-11-05,2014-15,regular_season,False,1610612762,UTA,Utah Jazz,1610612739,CLE,Cleveland Cavaliers,26,25,W,8,16,0.5,1,3,0.333,9,12,0.75,5,8,13,5,0,2,6,8,1,8,19,0.421,1,3,0.333,8,10,0.8,0,3,3,2,2,0,2,10,-1
0021400061,2014-11-05,2014-15,regular_season,False,1610612765,DET,Detroit Pistons,1610612752,NYK,New York Knicks,23,36,L,8,20,0.4,2,6,0.333,5,12,0.417,3,7,10,4,2,0,3,6,-13,14,25,0.56,5,8,0.625,3,5,0.6,2,10,12,10,1,3,2,8,13
0021400060,2014-11-05,2014-15,regular_season,False,1610612751,BKN,Brooklyn Nets,1610612750,MIN,Minnesota Timberwolves,25,26,L,10,23,0.435,2,7,0.286,3,6,0.5,2,9,11,5,2,1,3,5,-1,11,22,0.5,1,3,0.333,3,3,1.0,1,11,12,6,1,0,4,6,1
0021400059,2014-11-05,2014-15,regular_season,False,1610612738,BOS,Boston Celtics,1610612761,TOR,Toronto Raptors,21,22,L,5,15,0.333,3,8,0.375,8,8,1.0,5,10,15,4,1,0,9,4,-1,10,23,0.435,1,4,0.25,1,1,1.0,1,5,6,5,4,1,2,5,1
0021400058,2014-11-05,2014-15,regular_season,False,1610612755,PHI,Philadelphia 76ers,1610612753,ORL,Orlando Magic,14,16,L,5,18,0.278,0,7,0.0,4,4,1.0,1,12,13,3,2,4,11,5,-2,9,26,0.346,0,3,0.0,0,0,0.0,2,7,9,3,7,0,5,5,2
0021400057,2014-11-05,2014-15,regular_season,False,1610612766,CHA,Charlotte Hornets,1610612748,MIA,Miami Heat,24,27,L,6,18,0.333,2,5,0.4,10,12,0.833,2,6,8,4,1,0,4,8,-3,10,22,0.455,0,5,0.0,7,8,0.875,3,6,9,5,2,2,3,9,3
0021400062,2014-11-05,2014-15,regular_season,False,1610612749,MIL,Milwaukee Bucks,1610612741,CHI,Chicago Bulls,16,23,L,6,21,0.286,0,4,0.0,4,4,1.0,4,9,13,3,3,2,5,11,-7,6,13,0.462,2,4,0.5,9,14,0.643,0,8,8,5,1,0,3,5,7
0021400069,2014-11-06,2014-15,regular_season,False,1610612745,HOU,Houston Rockets,1610612759,SAS,San Antonio Spurs,17,26,L,5,20,0.25,4,12,0.333,3,8,0.375,5,10,15,3,2,2,7,8,-9,9,26,0.346,1,3,0.333,7,8,0.875,5,8,13,3,4,1,2,5,9
0021400070,2014-11-06,2014-15,regular_season,False,1610612757,POR,Portland Trail Blazers,1610612742,DAL,Dallas Mavericks,27,19,W,9,19,0.474,4,8,0.5,5,5,1.0,4,10,14,4,1,0,6,6,8,7,19,0.368,0,6,0.0,5,5,1.0,1,5,6,3,2,1,3,5,-8
0021400081,2014-11-07,2014-15,regular_season,False,1610612743,DEN,Denver Nuggets,1610612739,CLE,Cleveland Cavaliers,30,25,W,12,20,0.6,2,5,0.4,4,7,0.571,3,4,7,7,2,0,3,3,5,10,16,0.625,1,5,0.2,4,4,1.0,2,5,7,4,1,0,5,6,-5
0021400080,2014-11-07,2014-15,regular_season,False,1610612762,UTA,Utah Jazz,1610612742,DAL,Dallas Mavericks,20,27,L,8,14,0.571,2,5,0.4,2,4,0.5,1,6,7,6,1,2,6,4,-7,12,22,0.545,2,7,0.286,1,1,1.0,3,5,8,9,4,0,3,5,7
0021400079,2014-11-07,2014-15,regular_season,False,1610612756,PHX,Phoenix Suns,1610612758,SAC,Sacramento Kings,11,22,L,4,18,0.222,1,7,0.143,2,4,0.5,0,4,4,3,0,0,2,6,-11,8,17,0.471,0,4,0.0,6,6,1.0,2,14,16,4,1,2,4,6,11
0021400078,2014-11-07,2014-15,regular_season,False,1610612760,OKC,Oklahoma City Thunder,1610612763,MEM,Memphis Grizzlies,27,25,W,10,20,0.5,5,9,0.556,2,8,0.25,3,9,12,5,2,0,4,5,2,8,20,0.4,5,11,0.455,4,6,0.667,2,9,11,4,2,0,2,7,-2
0021400077,2014-11-07,2014-15,regular_season,False,1610612761,TOR,Toronto Raptors,1610612764,WAS,Washington Wizards,21,26,L,6,16,0.375,1,3,0.333,8,12,0.667,3,7,10,5,1,0,4,7,-5,10,18,0.556,2,5,0.4,4,6,0.667,2,8,10,5,2,1,3,9,5
0021400074,2014-11-07,2014-15,regular_season,False,1610612738,BOS,Boston Celtics,1610612754,IND,Indiana Pacers,28,23,W,10,20,0.5,2,5,0.4,6,6,1.0,3,6,9,8,3,1,4,6,5,8,22,0.364,1,5,0.2,6,6,1.0,8,3,11,4,1,1,4,7,-5
0021400075,2014-11-07,2014-15,regular_season,False,1610612751,BKN,Brooklyn Nets,1610612752,NYK,New York Knicks,24,31,L,10,21,0.476,4,9,0.444,0,0,0.0,2,8,10,4,2,0,5,5,-7,12,21,0.571,4,7,0.571,3,4,0.75,2,8,10,8,3,0,4,2,7
0021400073,2014-11-07,2014-15,regular_season,False,1610612755,PHI,Philadelphia 76ers,1610612741,CHI,Chicago Bulls,39,26,W,13,24,0.542,6,11,0.545,7,12,0.583,4,5,9,9,2,1,1,8,13,8,13,0.615,3,3,1.0,7,10,0.7,0,6,6,5,0,2,7,9,-13
0021400072,2014-11-07,2014-15,regular_season,False,1610612753,ORL,Orlando Magic,1610612750,MIN,Minnesota Timberwolves,20,17,W,7,24,0.292,1,3,0.333,5,5,1.0,4,12,16,3,1,2,3,5,3,7,23,0.304,0,2,0.0,3,3,1.0,2,9,11,5,2,3,2,4,-3
0021400071,2014-11-07,2014-15,regular_season,False,1610612766,CHA,Charlotte Hornets,1610612737,ATL,Atlanta Hawks,27,19,W,12,21,0.571,2,3,0.667,1,2,0.5,4,7,11,7,1,0,3,6,8,7,18,0.389,1,6,0.167,4,4,1.0,2,5,7,5,1,0,3,3,-8
0021400076,2014-11-07,2014-15,regular_season,False,1610612765,DET,Detroit Pistons,1610612749,MIL,Milwaukee Bucks,22,23,L,9,22,0.409,2,9,0.222,2,4,0.5,3,6,9,4,2,2,3,7,-1,7,18,0.389,1,5,0.2,8,10,0.8,4,9,13,4,2,3,4,6,1
0021400087,2014-11-08,2014-15,regular_season,False,1610612745,HOU,Houston Rockets,1610612744,GSW,Golden State Warriors,18,22,L,7,16,0.438,2,9,0.222,2,2,1.0,1,6,7,2,3,0,6,6,-4,9,21,0.429,2,6,0.333,2,5,0.4,5,8,13,3,4,1,7,2,4
0021400089,2014-11-08,2014-15,regular_season,False,1610612759,SAS,San Antonio Spurs,1610612740,NOP,New Orleans Pelicans,28,19,W,11,19,0.579,0,2,0.0,6,7,0.857,3,6,9,6,2,1,4,3,9,9,17,0.529,1,4,0.25,0,0,0.0,1,3,4,6,2,3,6,6,-9
0021400088,2014-11-08,2014-15,regular_season,False,1610612749,MIL,Milwaukee Bucks,1610612763,MEM,Memphis Grizzlies,27,20,W,10,20,0.5,2,6,0.333,5,6,0.833,3,9,12,6,1,0,2,4,7,8,25,0.32,1,5,0.2,3,4,0.75,7,7,14,3,2,1,1,5,-7
0021400086,2014-11-08,2014-15,regular_season,False,1610612741,CHI,Chicago Bulls,1610612738,BOS,Boston Celtics,34,23,W,14,25,0.56,3,5,0.6,3,5,0.6,4,5,9,6,2,1,1,7,11,7,15,0.467,0,1,0.0,9,13,0.692,2,6,8,4,1,1,4,7,-11
0021400082,2014-11-08,2014-15,regular_season,False,1610612746,LAC,Los Angeles Clippers,1610612757,POR,Portland Trail Blazers,27,23,W,11,21,0.524,0,3,0.0,5,8,0.625,2,9,11,4,1,0,1,3,4,9,18,0.5,3,9,0.333,2,4,0.5,1,8,9,4,0,0,4,8,-4
0021400084,2014-11-08,2014-15,regular_season,False,1610612737,ATL,Atlanta Hawks,1610612752,NYK,New York Knicks,28,22,W,10,18,0.556,4,8,0.5,4,4,1.0,1,10,11,6,1,1,4,3,6,8,20,0.4,3,8,0.375,3,4,0.75,3,5,8,4,0,0,3,5,-6
0021400085,2014-11-08,2014-15,regular_season,False,1610612748,MIA,Miami Heat,1610612750,MIN,Minnesota Timberwolves,22,23,L,7,21,0.333,0,4,0.0,8,8,1.0,6,8,14,1,2,0,3,6,-1,8,19,0.421,2,5,0.4,5,8,0.625,5,8,13,2,2,2,4,5,1
0021400083,2014-11-08,2014-15,regular_season,False,1610612754,IND,Indiana Pacers,1610612764,WAS,Washington Wizards,25,24,W,9,22,0.409,2,9,0.222,5,5,1.0,1,6,7,4,2,0,1,8,1,7,17,0.412,0,3,0.0,10,10,1.0,4,11,15,4,1,2,4,6,-1
0021400090,2014-11-09,2014-15,regular_season,False,1610612751,BKN,Brooklyn Nets,1610612753,ORL,Orlando Magic,23,19,W,8,20,0.4,1,4,0.25,6,6,1.0,5,8,13,5,1,1,4,6,4,6,16,0.375,2,4,0.5,5,6,0.833,1,6,7,4,2,0,3,8,-4
0021400091,2014-11-09,2014-15,regular_season,False,1610612765,DET,Detroit Pistons,1610612762,UTA,Utah Jazz,17,23,L,8,26,0.308,0,5,0.0,1,4,0.25,7,6,13,4,3,0,3,7,-6,6,15,0.4,3,7,0.429,8,10,0.8,3,9,12,4,1,1,5,4,6
0021400092,2014-11-09,2014-15,regular_season,False,1610612760,OKC,Oklahoma City Thunder,1610612758,SAC,Sacramento Kings,34,28,W,9,17,0.529,2,6,0.333,14,16,0.875,2,7,9,4,1,1,1,6,6,11,21,0.524,2,9,0.222,4,7,0.571,3,7,10,8,0,0,2,10,-6
0021400093,2014-11-09,2014-15,regular_season,False,1610612761,TOR,Toronto Raptors,1610612755,PHI,Philadelphia 76ers,32,25,W,13,22,0.591,4,6,0.667,2,4,0.5,0,10,10,8,3,2,2,5,7,9,22,0.409,2,8,0.25,5,6,0.833,2,8,10,6,1,3,4,3,-7
0021400094,2014-11-09,2014-15,regular_season,False,1610612742,DAL,Dallas Mavericks,1610612748,MIA,Miami Heat,29,22,W,11,21,0.524,3,6,0.5,4,5,0.8,4,7,11,9,3,2,4,3,7,9,18,0.5,2,8,0.25,2,7,0.286,2,5,7,6,2,1,5,6,-7
0021400096,2014-11-09,2014-15,regular_season,False,1610612757,POR,Portland Trail Blazers,1610612743,DEN,Denver Nuggets,31,27,W,12,21,0.571,4,7,0.571,3,6,0.5,3,8,11,5,1,3,3,5,4,9,23,0.391,1,4,0.25,8,11,0.727,6,8,14,4,3,2,4,7,-4
0021400097,2014-11-09,2014-15,regular_season,False,1610612747,LAL,Los Angeles Lakers,1610612766,CHA,Charlotte Hornets,31,28,W,13,21,0.619,2,4,0.5,3,5,0.6,1,3,4,11,4,0,2,12,3,7,12,0.583,0,1,0.0,14,18,0.778,2,6,8,3,1,0,5,4,-3
0021400095,2014-11-09,2014-15,regular_season,False,1610612756,PHX,Phoenix Suns,1610612744,GSW,Golden State Warriors,36,16,W,10,23,0.435,5,11,0.455,11,12,0.917,3,10,13,5,3,2,1,4,20,6,18,0.333,0,4,0.0,4,6,0.667,1,8,9,2,0,2,4,7,-20
0021400098,2014-11-10,2014-15,regular_season,False,1610612739,CLE,Cleveland Cavaliers,1610612740,NOP,New Orleans Pelicans,33,32,W,9,20,0.45,6,10,0.6,9,11,0.818,4,8,12,7,0,1,3,3,1,12,23,0.522,3,6,0.5,5,6,0.833,3,8,11,10,3,2,2,8,-1
0021400099,2014-11-10,2014-15,regular_season,False,1610612754,IND,Indiana Pacers,1610612762,UTA,Utah Jazz,25,17,W,10,22,0.455,3,6,0.5,2,2,1.0,4,10,14,5,1,2,3,5,8,5,18,0.278,3,7,0.429,4,4,1.0,1,8,9,3,2,0,3,4,-8
0021400100,2014-11-10,2014-15,regular_season,False,1610612752,NYK,New York Knicks,1610612737,ATL,Atlanta Hawks,26,27,L,11,25,0.44,1,8,0.125,3,6,0.5,6,7,13,5,1,0,2,9,-1,6,16,0.375,2,8,0.25,13,14,0.929,3,7,10,3,2,0,2,5,1
0021400101,2014-11-10,2014-15,regular_season,False,1610612741,CHI,Chicago Bulls,1610612765,DET,Detroit Pistons,24,21,W,7,21,0.333,1,5,0.2,9,11,0.818,2,10,12,3,2,2,2,3,3,8,17,0.471,2,4,0.5,3,6,0.5,0,11,11,3,2,1,5,8,-3
0021400102,2014-11-10,2014-15,regular_season,False,1610612746,LAC,Los Angeles Clippers,1610612759,SAS,San Antonio Spurs,15,25,L,4,14,0.286,1,5,0.2,6,6,1.0,3,7,10,3,1,0,8,11,-10,7,18,0.389,0,3,0.0,11,15,0.733,4,6,10,5,6,0,1,5,10
0021400108,2014-11-11,2014-15,regular_season,False,1610612744,GSW,Golden State Warriors,1610612759,SAS,San Antonio Spurs,30,31,L,11,17,0.647,2,5,0.4,6,7,0.857,0,7,7,7,1,1,4,7,-1,12,21,0.571,3,7,0.429,4,6,0.667,2,5,7,8,2,0,3,6,1
0021400107,2014-11-11,2014-15,regular_season,False,1610612757,POR,Portland Trail Blazers,1610612766,CHA,Charlotte Hornets,27,15,W,11,22,0.5,2,7,0.286,3,4,0.75,6,9,15,6,2,1,4,7,12,3,14,0.214,1,6,0.167,8,8,1.0,1,6,7,2,1,0,6,3,-12
0021400106,2014-11-11,2014-15,regular_season,False,1610612742,DAL,Dallas Mavericks,1610612758,SAC,Sacramento Kings,28,26,W,12,20,0.6,3,7,0.429,1,2,0.5,1,1,2,8,6,1,3,8,2,9,14,0.643,1,2,0.5,7,9,0.778,4,6,10,5,2,0,9,7,-2
0021400104,2014-11-11,2014-15,regular_season,False,1610612763,MEM,Memphis Grizzlies,1610612747,LAL,Los Angeles Lakers,24,27,L,10,18,0.556,1,1,1.0,3,6,0.5,2,7,9,5,3,1,7,7,-3,10,21,0.476,3,9,0.333,4,5,0.8,1,6,7,4,3,3,4,7,3
0021400103,2014-11-11,2014-15,regular_season,False,1610612761,TOR,Toronto Raptors,1610612753,ORL,Orlando Magic,32,17,W,9,15,0.6,4,7,0.571,10,12,0.833,0,10,10,5,2,1,2,2,15,7,20,0.35,3,8,0.375,0,0,0.0,1,7,8,5,1,0,6,10,-15
0021400105,2014-11-11,2014-15,regular_season,False,1610612749,MIL,Milwaukee Bucks,1610612760,OKC,Oklahoma City Thunder,16,14,W,5,19,0.263,0,6,0.0,6,9,0.667,3,12,15,2,2,0,2,6,2,5,20,0.25,1,7,0.143,3,5,0.6,2,10,12,2,1,3,3,6,-2
0021400117,2014-11-12,2014-15,regular_season,False,1610612750,MIN,Minnesota Timberwolves,1610612745,HOU,Houston Rockets,31,29,W,9,15,0.6,2,5,0.4,11,13,0.846,1,9,10,7,2,0,4,2,2,11,23,0.478,5,10,0.5,2,4,0.5,4,5,9,7,3,1,3,10,-2
0021400115,2014-11-12,2014-15,regular_season,False,1610612743,DEN,Denver Nuggets,1610612757,POR,Portland Trail Blazers,35,19,W,11,21,0.524,5,7,0.714,8,9,0.889,4,9,13,6,2,0,1,5,16,6,16,0.375,3,8,0.375,4,6,0.667,1,7,8,4,1,0,4,7,-16
0021400114,2014-11-12,2014-15,regular_season,False,1610612740,NOP,New Orleans Pelicans,1610612747,LAL,Los Angeles Lakers,24,30,L,8,17,0.471,4,7,0.571,4,8,0.5,2,7,9,4,0,4,5,11,-6,8,17,0.471,1,5,0.2,13,19,0.684,4,8,12,3,4,1,1,5,6
0021400113,2014-11-12,2014-15,regular_season,False,1610612752,NYK,New York Knicks,1610612753,ORL,Orlando Magic,19,23,L,7,20,0.35,2,8,0.25,3,4,0.75,2,8,10,2,0,1,2,9,-4,7,17,0.412,1,2,0.5,8,11,0.727,1,11,12,3,1,0,2,5,4
0021400116,2014-11-12,2014-15,regular_season,False,1610612756,PHX,Phoenix Suns,1610612751,BKN,Brooklyn Nets,34,20,W,10,20,0.5,2,5,0.4,12,12,1.0,2,14,16,7,3,1,4,5,14,6,25,0.24,2,7,0.286,6,8,0.75,5,8,13,4,3,2,4,9,-14
0021400111,2014-11-12,2014-15,regular_season,False,1610612738,BOS,Boston Celtics,1610612760,OKC,Oklahoma City Thunder,22,33,L,9,20,0.45,4,8,0.5,0,0,0.0,2,3,5,6,1,0,2,4,-11,14,19,0.737,4,7,0.571,1,2,0.5,3,6,9,9,0,1,2,3,11
0021400110,2014-11-12,2014-15,regular_season,False,1610612737,ATL,Atlanta Hawks,1610612762,UTA,Utah Jazz,18,9,W,7,19,0.368,1,5,0.2,3,4,0.75,4,14,18,2,1,2,5,2,9,4,18,0.222,0,5,0.0,1,3,0.333,0,8,8,2,2,3,2,4,-9
0021400109,2014-11-12,2014-15,regular_season,False,1610612764,WAS,Washington Wizards,1610612765,DET,Detroit Pistons,25,18,W,10,20,0.5,1,3,0.333,4,6,0.667,3,12,15,9,1,2,3,6,7,6,20,0.3,1,6,0.167,5,6,0.833,1,8,9,4,3,0,3,5,-7
0021400112,2014-11-12,2014-15,regular_season,False,1610612748,MIA,Miami Heat,1610612754,IND,Indiana Pacers,17,18,L,6,17,0.353,2,7,0.286,3,4,0.75,2,7,9,4,2,2,4,7,-1,5,17,0.294,1,5,0.2,7,7,1.0,3,9,12,0,2,1,5,4,1
0021400118,2014-11-13,2014-15,regular_season,False,1610612763,MEM,Memphis Grizzlies,1610612758,SAC,Sacramento Kings,35,19,W,12,19,0.632,4,4,1.0,7,10,0.7,1,10,11,10,4,0,2,6,16,7,18,0.389,1,5,0.2,4,7,0.571,3,5,8,2,0,1,4,7,-16
0021400119,2014-11-13,2014-15,regular_season,False,1610612761,TOR,Toronto Raptors,1610612741,CHI,Chicago Bulls,27,20,W,9,26,0.346,4,12,0.333,5,7,0.714,5,9,14,5,4,3,6,11,7,6,19,0.316,0,3,0.0,8,13,0.615,3,7,10,6,1,3,7,7,-7
0021400120,2014-11-13,2014-15,regular_season,False,1610612742,DAL,Dallas Mavericks,1610612755,PHI,Philadelphia 76ers,28,17,W,10,21,0.476,3,10,0.3,5,6,0.833,2,10,12,8,6,2,4,7,11,6,21,0.286,2,10,0.2,3,6,0.5,6,9,15,1,2,2,9,5,-11
0021400121,2014-11-13,2014-15,regular_season,False,1610612744,GSW,Golden State Warriors,1610612751,BKN,Brooklyn Nets,20,24,L,8,24,0.333,2,10,0.2,2,2,1.0,5,7,12,6,2,3,2,3,-4,10,23,0.435,2,6,0.333,2,2,1.0,3,10,13,4,0,0,2,5,4
0021400131,2014-11-14,2014-15,regular_season,False,1610612747,LAL,Los Angeles Lakers,1610612759,SAS,San Antonio Spurs,23,25,L,9,18,0.5,0,3,0.0,5,8,0.625,3,6,9,2,1,0,2,4,-2,8,18,0.444,3,4,0.75,6,7,0.857,4,7,11,7,1,0,2,8,2
0021400130,2014-11-14,2014-15,regular_season,False,1610612756,PHX,Phoenix Suns,1610612766,CHA,Charlotte Hornets,20,29,L,8,21,0.381,0,8,0.0,4,4,1.0,4,5,9,2,1,1,3,8,-9,11,20,0.55,3,3,1.0,4,4,1.0,3,7,10,6,0,2,4,6,9
0021400129,2014-11-14,2014-15,regular_season,False,1610612760,OKC,Oklahoma City Thunder,1610612765,DET,Detroit Pistons,16,15,W,7,21,0.333,2,8,0.25,0,0,0.0,2,9,11,5,0,3,3,2,1,6,21,0.286,2,8,0.25,1,2,0.5,6,8,14,3,1,2,3,5,-1
0021400128,2014-11-14,2014-15,regular_season,False,1610612740,NOP,New Orleans Pelicans,1610612750,MIN,Minnesota Timberwolves,21,19,W,9,17,0.529,3,4,0.75,0,0,0.0,0,6,6,5,4,0,6,8,2,4,14,0.286,1,6,0.167,10,12,0.833,3,8,11,2,0,0,7,2,-2
0021400127,2014-11-14,2014-15,regular_season,False,1610612745,HOU,Houston Rockets,1610612755,PHI,Philadelphia 76ers,25,19,W,7,20,0.35,2,6,0.333,9,12,0.75,4,9,13,3,7,2,6,10,6,6,15,0.4,3,6,0.5,4,8,0.5,2,7,9,4,1,3,8,9,-6
0021400125,2014-11-14,2014-15,regular_season,False,1610612738,BOS,Boston Celtics,1610612739,CLE,Cleveland Cavaliers,20,38,L,8,16,0.5,1,3,0.333,3,4,0.75,1,6,7,4,0,0,7,10,-18,10,18,0.556,4,8,0.5,14,17,0.824,2,6,8,3,0,0,1,6,18
0021400124,2014-11-14,2014-15,regular_season,False,1610612737,ATL,Atlanta Hawks,1610612748,MIA,Miami Heat,28,24,W,11,21,0.524,2,6,0.333,4,5,0.8,0,11,11,7,2,0,2,6,4,6,18,0.333,3,8,0.375,9,9,1.0,1,10,11,5,2,2,3,6,-4
0021400123,2014-11-14,2014-15,regular_season,False,1610612753,ORL,Orlando Magic,1610612749,MIL,Milwaukee Bucks,21,17,W,9,21,0.429,2,7,0.286,1,2,0.5,4,11,15,4,1,1,5,5,4,8,20,0.4,0,5,0.0,1,3,0.333,1,7,8,3,1,1,3,3,-4
0021400122,2014-11-14,2014-15,regular_season,False,1610612754,IND,Indiana Pacers,1610612743,DEN,Denver Nuggets,20,16,W,7,18,0.389,4,10,0.4,2,7,0.286,2,11,13,6,0,2,4,2,4,7,20,0.35,1,5,0.2,1,3,0.333,2,9,11,4,4,0,3,7,-4
0021400126,2014-11-14,2014-15,regular_season,False,1610612752,NYK,New York Knicks,1610612762,UTA,Utah Jazz,28,27,W,10,21,0.476,2,3,0.667,6,6,1.0,3,5,8,2,4,0,3,10,1,7,14,0.5,1,2,0.5,12,13,0.923,1,7,8,3,2,3,5,7,-1
0021400132,2014-11-15,2014-15,regular_season,False,1610612764,WAS,Washington Wizards,1610612753,ORL,Orlando Magic,29,31,L,13,19,0.684,1,1,1.0,2,4,0.5,0,4,4,11,1,1,2,3,-2,14,19,0.737,1,1,1.0,2,5,0.4,3,5,8,2,0,1,4,7,2
0021400133,2014-11-15,2014-15,regular_season,False,1610612739,CLE,Cleveland Cavaliers,1610612737,ATL,Atlanta Hawks,26,25,W,10,22,0.455,5,8,0.625,1,2,0.5,4,11,15,9,4,1,6,5,1,10,22,0.455,1,6,0.167,4,5,0.8,0,7,7,9,1,2,4,1,-1
0021400134,2014-11-15,2014-15,regular_season,False,1610612761,TOR,Toronto Raptors,1610612762,UTA,Utah Jazz,35,21,W,12,21,0.571,5,11,0.455,6,8,0.75,3,9,12,6,2,1,2,7,14,6,19,0.316,0,4,0.0,9,10,0.9,4,6,10,2,2,1,4,5,-14
0021400135,2014-11-15,2014-15,regular_season,False,1610612741,CHI,Chicago Bulls,1610612754,IND,Indiana Pacers,25,30,L,8,22,0.364,3,7,0.429,6,8,0.75,4,8,12,5,0,2,5,10,-5,8,22,0.364,4,9,0.444,10,13,0.769,4,10,14,3,1,1,3,6,5
0021400136,2014-11-15,2014-15,regular_season,False,1610612763,MEM,Memphis Grizzlies,1610612765,DET,Detroit Pistons,26,24,W,8,23,0.348,0,5,0.0,10,10,1.0,8,7,15,4,1,1,4,6,2,8,19,0.421,4,8,0.5,4,4,1.0,2,6,8,5,2,3,3,7,-2
0021400137,2014-11-15,2014-15,regular_season,False,1610612742,DAL,Dallas Mavericks,1610612750,MIN,Minnesota Timberwolves,30,35,L,12,22,0.545,1,5,0.2,5,7,0.714,1,7,8,7,1,3,4,6,-5,12,21,0.571,2,4,0.5,9,10,0.9,2,10,12,9,0,0,5,9,5
0021400138,2014-11-15,2014-15,regular_season,False,1610612757,POR,Portland Trail Blazers,1610612751,BKN,Brooklyn Nets,17,21,L,4,13,0.308,1,5,0.2,8,8,1.0,1,11,12,3,0,1,7,6,-4,7,26,0.269,1,8,0.125,6,7,0.857,6,8,14,3,3,0,2,8,4
0021400139,2014-11-15,2014-15,regular_season,False,1610612758,SAC,Sacramento Kings,1610612759,SAS,San Antonio Spurs,24,25,L,8,22,0.364,0,3,0.0,8,10,0.8,3,8,11,4,2,2,2,9,-1,7,18,0.389,1,6,0.167,10,12,0.833,3,10,13,5,1,3,3,7,1
0021400140,2014-11-15,2014-15,regular_season,False,1610612744,GSW,Golden State Warriors,1610612766,CHA,Charlotte Hornets,16,19,L,7,18,0.389,0,3,0.0,2,3,0.667,4,10,14,3,0,1,6,5,-3,8,22,0.364,2,7,0.286,1,3,0.333,2,7,9,3,1,1,2,2,3
0021400141,2014-11-15,2014-15,regular_season,False,1610612746,LAC,Los Angeles Clippers,1610612756,PHX,Phoenix Suns,24,33,L,6,15,0.4,2,5,0.4,10,14,0.714,2,8,10,1,2,1,8,10,-9,10,24,0.417,3,8,0.375,10,11,0.909,5,7,12,5,2,1,3,9,9
0021400144,2014-11-16,2014-15,regular_season,False,1610612760,OKC,Oklahoma City Thunder,1610612745,HOU,Houston Rockets,14,18,L,5,17,0.294,1,6,0.167,3,5,0.6,3,7,10,2,1,1,4,11,-4,4,15,0.267,3,9,0.333,7,13,0.538,4,7,11,2,1,3,4,5,4
0021400145,2014-11-16,2014-15,regular_season,False,1610612747,LAL,Los Angeles Lakers,1610612744,GSW,Golden State Warriors,36,21,W,12,21,0.571,0,1,0.0,12,14,0.857,6,6,12,7,6,0,2,9,15,6,14,0.429,1,2,0.5,8,11,0.727,4,5,9,4,1,0,9,10,-15
0021400142,2014-11-16,2014-15,regular_season,False,1610612752,NYK,New York Knicks,1610612743,DEN,Denver Nuggets,23,19,W,5,15,0.333,2,3,0.667,11,13,0.846,3,11,14,1,2,1,6,7,4,6,19,0.316,2,11,0.182,5,7,0.714,0,9,9,4,4,0,4,9,-4
0021400143,2014-11-16,2014-15,regular_season,False,1610612748,MIA,Miami Heat,1610612749,MIL,Milwaukee Bucks,25,27,L,8,18,0.444,5,10,0.5,4,8,0.5,1,9,10,5,0,1,2,8,-2,9,19,0.474,3,7,0.429,6,10,0.6,2,8,10,4,1,0,2,7,2
0021400154,2014-11-17,2014-15,regular_season,False,1610612746,LAC,Los Angeles Clippers,1610612741,CHI,Chicago Bulls,25,26,L,10,16,0.625,1,3,0.333,4,10,0.4,2,4,6,4,0,1,3,4,-1,10,16,0.625,2,3,0.667,4,6,0.667,0,6,6,7,1,0,3,9,1
0021400152,2014-11-17,2014-15,regular_season,False,1610612759,SAS,San Antonio Spurs,1610612755,PHI,Philadelphia 76ers,27,18,W,8,19,0.421,3,8,0.375,8,10,0.8,1,13,14,6,2,1,3,7,9,6,21,0.286,1,8,0.125,5,9,0.556,2,7,9,3,2,2,3,7,-9
0021400151,2014-11-17,2014-15,regular_season,False,1610612763,MEM,Memphis Grizzlies,1610612745,HOU,Houston Rockets,22,27,L,9,21,0.429,0,3,0.0,4,6,0.667,2,6,8,6,2,1,2,2,-5,12,23,0.522,3,10,0.3,0,1,0.0,4,7,11,7,1,2,3,4,5
0021400150,2014-11-17,2014-15,regular_season,False,1610612765,DET,Detroit Pistons,1610612753,ORL,Orlando Magic,17,29,L,7,22,0.318,1,8,0.125,2,2,1.0,2,5,7,3,1,1,3,5,-12,11,18,0.611,4,8,0.5,3,3,1.0,1,9,10,9,2,0,4,4,12
0021400153,2014-11-17,2014-15,regular_season,False,1610612757,POR,Portland Trail Blazers,1610612740,NOP,New Orleans Pelicans,34,13,W,10,18,0.556,4,6,0.667,10,11,0.909,3,11,14,9,1,1,2,6,21,4,24,0.167,0,6,0.0,5,6,0.833,7,6,13,0,0,1,2,8,-21
0021400148,2014-11-17,2014-15,regular_season,False,1610612738,BOS,Boston Celtics,1610612756,PHX,Phoenix Suns,26,29,L,11,20,0.55,1,4,0.25,3,6,0.5,3,4,7,7,3,1,6,7,-3,12,22,0.545,2,4,0.5,3,3,1.0,3,6,9,5,4,0,6,5,3
0021400147,2014-11-17,2014-15,regular_season,False,1610612739,CLE,Cleveland Cavaliers,1610612743,DEN,Denver Nuggets,22,25,L,7,20,0.35,2,10,0.2,6,6,1.0,2,9,11,4,1,1,3,6,-3,8,19,0.421,4,10,0.4,5,6,0.833,1,9,10,6,1,0,2,6,3
0021400146,2014-11-17,2014-15,regular_season,False,1610612766,CHA,Charlotte Hornets,1610612742,DAL,Dallas Mavericks,19,19,L,7,20,0.35,3,6,0.5,2,3,0.667,3,7,10,4,0,0,5,2,0,9,19,0.474,1,6,0.167,0,0,0.0,2,8,10,5,2,1,4,5,0
0021400149,2014-11-17,2014-15,regular_season,False,1610612751,BKN,Brooklyn Nets,1610612748,MIA,Miami Heat,19,25,L,4,14,0.286,2,8,0.25,9,12,0.75,3,6,9,4,1,1,2,6,-6,7,18,0.389,2,6,0.333,9,10,0.9,3,7,10,5,0,0,2,7,6
0021400155,2014-11-18,2014-15,regular_season,False,1610612737,ATL,Atlanta Hawks,1610612747,LAL,Los Angeles Lakers,26,23,W,8,18,0.444,3,7,0.429,7,10,0.7,1,8,9,5,1,2,2,5,3,9,25,0.36,0,4,0.0,5,8,0.625,6,9,15,3,0,0,2,8,-3
0021400156,2014-11-18,2014-15,regular_season,False,1610612749,MIL,Milwaukee Bucks,1610612752,NYK,New York Knicks,22,33,L,6,12,0.5,2,5,0.4,8,10,0.8,1,5,6,5,1,0,6,6,-11,13,23,0.565,3,9,0.333,4,4,1.0,5,4,9,5,4,0,3,8,11
0021400157,2014-11-18,2014-15,regular_season,False,1610612762,UTA,Utah Jazz,1610612760,OKC,Oklahoma City Thunder,26,22,W,10,22,0.455,3,10,0.3,3,3,1.0,3,9,12,7,1,1,1,4,4,8,20,0.4,3,8,0.375,3,4,0.75,2,9,11,5,1,1,4,2,-4
0021400158,2014-11-18,2014-15,regular_season,False,1610612758,SAC,Sacramento Kings,1610612740,NOP,New Orleans Pelicans,31,30,W,11,22,0.5,1,2,0.5,8,12,0.667,5,6,11,7,3,0,3,7,1,9,15,0.6,1,2,0.5,11,14,0.786,0,6,6,4,3,2,3,7,-1
0021400166,2014-11-19,2014-15,regular_season,False,1610612761,TOR,Toronto Raptors,1610612763,MEM,Memphis Grizzlies,27,17,W,10,20,0.5,3,5,0.6,4,5,0.8,3,8,11,6,2,1,0,8,10,4,14,0.286,0,0,0.0,9,12,0.75,2,8,10,1,0,1,3,5,-10
0021400169,2014-11-19,2014-15,regular_season,False,1610612745,HOU,Houston Rockets,1610612747,LAL,Los Angeles Lakers,17,28,L,5,18,0.278,2,10,0.2,5,7,0.714,2,7,9,3,1,1,5,10,-11,8,22,0.364,0,4,0.0,12,12,1.0,3,8,11,1,1,0,1,6,11
0021400168,2014-11-19,2014-15,regular_season,False,1610612743,DEN,Denver Nuggets,1610612760,OKC,Oklahoma City Thunder,19,26,L,5,19,0.263,3,12,0.25,6,8,0.75,3,9,12,4,0,2,3,7,-7,7,18,0.389,3,8,0.375,9,11,0.818,3,9,12,4,2,0,1,7,7
0021400167,2014-11-19,2014-15,regular_season,False,1610612750,MIN,Minnesota Timberwolves,1610612752,NYK,New York Knicks,22,26,L,9,20,0.45,1,3,0.333,3,4,0.75,3,7,10,5,2,1,3,8,-4,9,16,0.562,0,1,0.0,8,11,0.727,2,7,9,4,1,1,3,4,4
0021400165,2014-11-19,2014-15,regular_season,False,1610612765,DET,Detroit Pistons,1610612756,PHX,Phoenix Suns,22,23,L,7,21,0.333,4,10,0.4,4,4,1.0,4,5,9,6,2,0,4,5,-1,9,16,0.562,0,1,0.0,5,6,0.833,2,7,9,4,2,1,5,4,1
0021400163,2014-11-19,2014-15,regular_season,False,1610612764,WAS,Washington Wizards,1610612742,DAL,Dallas Mavericks,29,29,L,11,22,0.5,4,9,0.444,3,4,0.75,5,6,11,6,1,1,3,8,0,11,20,0.55,2,3,0.667,5,6,0.833,2,6,8,6,0,3,2,5,0
0021400164,2014-11-19,2014-15,regular_season,False,1610612751,BKN,Brooklyn Nets,1610612749,MIL,Milwaukee Bucks,23,26,L,7,18,0.389,2,7,0.286,7,9,0.778,3,4,7,5,2,0,3,4,-3,11,20,0.55,2,5,0.4,2,2,1.0,3,8,11,6,2,1,5,7,3
0021400162,2014-11-19,2014-15,regular_season,False,1610612755,PHI,Philadelphia 76ers,1610612738,BOS,Boston Celtics,22,28,L,7,18,0.389,1,3,0.333,7,7,1.0,0,9,9,4,0,0,3,5,-6,12,22,0.545,2,5,0.4,2,4,0.5,1,10,11,10,1,1,1,7,6
0021400161,2014-11-19,2014-15,regular_season,False,1610612753,ORL,Orlando Magic,1610612746,LAC,Los Angeles Clippers,22,30,L,9,23,0.391,2,6,0.333,2,4,0.5,4,7,11,4,1,0,4,1,-8,13,21,0.619,4,7,0.571,0,0,0.0,0,9,9,9,3,3,3,6,8
0021400160,2014-11-19,2014-15,regular_season,False,1610612754,IND,Indiana Pacers,1610612766,CHA,Charlotte Hornets,23,20,W,9,25,0.36,1,4,0.25,4,4,1.0,8,9,17,4,0,2,1,4,3,8,20,0.4,1,3,0.333,3,5,0.6,4,8,12,4,1,1,0,5,-3
0021400159,2014-11-19,2014-15,regular_season,False,1610612739,CLE,Cleveland Cavaliers,1610612759,SAS,San Antonio Spurs,21,20,W,8,21,0.381,1,4,0.25,4,6,0.667,4,7,11,4,2,1,3,10,1,4,13,0.308,1,3,0.333,11,14,0.786,2,9,11,3,2,1,5,7,-1
0021400170,2014-11-20,2014-15,regular_season,False,1610612748,MIA,Miami Heat,1610612746,LAC,Los Angeles Clippers,27,22,W,7,15,0.467,2,6,0.333,11,14,0.786,1,7,8,2,5,1,3,4,5,8,18,0.444,4,10,0.4,2,4,0.5,1,7,8,7,1,0,7,8,-5
0021400171,2014-11-20,2014-15,regular_season,False,1610612758,SAC,Sacramento Kings,1610612741,CHI,Chicago Bulls,23,20,W,8,20,0.4,0,0,0.0,7,7,1.0,5,7,12,6,1,1,3,5,3,8,20,0.4,0,1,0.0,4,6,0.667,5,6,11,5,1,2,3,5,-3
0021400183,2014-11-21,2014-15,regular_season,False,1610612757,POR,Portland Trail Blazers,1610612741,CHI,Chicago Bulls,16,22,L,5,18,0.278,1,3,0.333,5,6,0.833,0,10,10,3,3,1,5,8,-6,6,15,0.4,2,6,0.333,8,14,0.571,2,14,16,2,2,0,6,3,6
0021400181,2014-11-21,2014-15,regular_season,False,1610612743,DEN,Denver Nuggets,1610612740,NOP,New Orleans Pelicans,31,24,W,12,22,0.545,4,8,0.5,3,3,1.0,2,9,11,8,1,2,2,9,7,8,20,0.4,1,3,0.333,7,10,0.7,2,8,10,7,1,0,2,4,-7
0021400180,2014-11-21,2014-15,regular_season,False,1610612742,DAL,Dallas Mavericks,1610612747,LAL,Los Angeles Lakers,30,23,W,12,22,0.545,5,10,0.5,1,2,0.5,4,10,14,8,0,1,2,7,7,8,18,0.444,1,2,0.5,6,12,0.5,2,6,8,4,0,0,0,1,-7
0021400179,2014-11-21,2014-15,regular_season,False,1610612764,WAS,Washington Wizards,1610612739,CLE,Cleveland Cavaliers,11,13,L,5,17,0.294,1,3,0.333,0,2,0.0,2,12,14,3,1,4,4,7,-2,3,18,0.167,1,9,0.111,6,8,0.75,1,10,11,2,3,1,3,6,2
0021400178,2014-11-21,2014-15,regular_season,False,1610612760,OKC,Oklahoma City Thunder,1610612751,BKN,Brooklyn Nets,18,23,L,6,22,0.273,1,8,0.125,5,7,0.714,3,6,9,1,1,3,3,8,-5,5,15,0.333,1,4,0.25,12,13,0.923,3,10,13,3,0,2,5,6,5
0021400182,2014-11-21,2014-15,regular_season,False,1610612744,GSW,Golden State Warriors,1610612762,UTA,Utah Jazz,16,31,L,5,17,0.294,1,4,0.25,5,6,0.833,3,6,9,1,2,2,6,4,-15,13,21,0.619,3,7,0.429,2,2,1.0,2,9,11,11,6,2,4,6,15
0021400176,2014-11-21,2014-15,regular_season,False,1610612763,MEM,Memphis Grizzlies,1610612738,BOS,Boston Celtics,35,30,W,15,24,0.625,3,4,0.75,2,2,1.0,2,8,10,9,0,0,3,7,5,9,19,0.474,4,10,0.4,8,10,0.8,2,6,8,5,2,3,3,2,-5
0021400175,2014-11-21,2014-15,regular_season,False,1610612761,TOR,Toronto Raptors,1610612749,MIL,Milwaukee Bucks,23,25,L,10,20,0.5,3,5,0.6,0,2,0.0,6,9,15,7,1,1,6,8,-2,9,18,0.5,2,5,0.4,5,8,0.625,1,4,5,6,4,0,1,1,2
0021400174,2014-11-21,2014-15,regular_season,False,1610612737,ATL,Atlanta Hawks,1610612765,DET,Detroit Pistons,25,25,W,8,19,0.421,2,9,0.222,7,12,0.583,4,11,15,5,1,2,3,7,0,7,22,0.318,0,4,0.0,11,11,1.0,3,7,10,0,1,0,1,7,0
0021400173,2014-11-21,2014-15,regular_season,False,1610612755,PHI,Philadelphia 76ers,1610612756,PHX,Phoenix Suns,29,30,L,10,17,0.588,1,4,0.25,8,12,0.667,1,8,9,6,3,0,7,5,-1,10,21,0.476,4,8,0.5,6,6,1.0,3,6,9,7,5,0,4,10,1
0021400172,2014-11-21,2014-15,regular_season,False,1610612766,CHA,Charlotte Hornets,1610612753,ORL,Orlando Magic,21,41,L,9,28,0.321,1,7,0.143,2,2,1.0,4,6,10,4,0,0,0,7,-20,15,21,0.714,3,5,0.6,8,13,0.615,2,12,14,6,0,3,0,2,20
0021400177,2014-11-21,2014-15,regular_season,False,1610612750,MIN,Minnesota Timberwolves,1610612759,SAS,San Antonio Spurs,30,30,L,12,22,0.545,1,3,0.333,5,7,0.714,3,5,8,6,3,0,2,2,0,13,22,0.591,4,5,0.8,0,1,0.0,5,6,11,8,1,4,5,7,0
0021400192,2014-11-22,2014-15,regular_season,False,1610612762,UTA,Utah Jazz,1610612740,NOP,New Orleans Pelicans,22,29,L,9,24,0.375,0,5,0.0,4,4,1.0,6,9,15,3,1,1,4,9,-7,9,23,0.391,1,4,0.25,10,12,0.833,5,8,13,3,3,2,1,3,7
0021400191,2014-11-22,2014-15,regular_season,False,1610612759,SAS,San Antonio Spurs,1610612751,BKN,Brooklyn Nets,20,23,L,7,15,0.467,1,3,0.333,5,6,0.833,1,10,11,4,0,2,4,3,-3,9,22,0.409,2,6,0.333,3,3,1.0,3,7,10,5,1,1,0,4,3
0021400190,2014-11-22,2014-15,regular_season,False,1610612749,MIL,Milwaukee Bucks,1610612764,WAS,Washington Wizards,30,37,L,10,19,0.526,2,4,0.5,8,10,0.8,3,3,6,6,1,2,3,4,-7,16,24,0.667,3,3,1.0,2,3,0.667,5,5,10,12,2,0,4,8,7
0021400188,2014-11-22,2014-15,regular_season,False,1610612745,HOU,Houston Rockets,1610612742,DAL,Dallas Mavericks,18,24,L,4,16,0.25,0,5,0.0,10,11,0.909,4,5,9,2,3,0,6,8,-6,8,20,0.4,1,10,0.1,7,10,0.7,5,7,12,3,1,3,4,9,6
0021400189,2014-11-22,2014-15,regular_season,False,1610612750,MIN,Minnesota Timberwolves,1610612758,SAC,Sacramento Kings,24,29,L,10,22,0.455,2,5,0.4,2,4,0.5,4,5,9,7,3,3,2,6,-5,9,19,0.474,2,7,0.286,9,9,1.0,5,8,13,3,1,0,4,4,5
0021400186,2014-11-22,2014-15,regular_season,False,1610612739,CLE,Cleveland Cavaliers,1610612761,TOR,Toronto Raptors,22,25,L,7,16,0.438,0,3,0.0,8,11,0.727,1,11,12,4,0,2,7,11,-3,4,17,0.235,0,6,0.0,17,18,0.944,2,5,7,3,5,0,2,9,3
0021400185,2014-11-22,2014-15,regular_season,False,1610612753,ORL,Orlando Magic,1610612748,MIA,Miami Heat,25,31,L,7,14,0.5,1,4,0.25,10,13,0.769,2,4,6,3,4,0,5,7,-6,11,18,0.611,4,7,0.571,5,8,0.625,5,6,11,6,4,1,5,9,6
0021400184,2014-11-22,2014-15,regular_season,False,1610612754,IND,Indiana Pacers,1610612756,PHX,Phoenix Suns,19,26,L,7,23,0.304,1,6,0.167,4,8,0.5,5,8,13,3,2,2,2,5,-7,8,19,0.421,3,9,0.333,7,9,0.778,3,12,15,4,2,0,2,6,7
0021400187,2014-11-22,2014-15,regular_season,False,1610612752,NYK,New York Knicks,1610612755,PHI,Philadelphia 76ers,20,29,L,6,16,0.375,2,5,0.4,6,6,1.0,3,6,9,2,0,0,7,5,-9,10,18,0.556,6,11,0.545,3,4,0.75,2,7,9,7,3,1,5,5,9
0021400193,2014-11-23,2014-15,regular_season,False,1610612763,MEM,Memphis Grizzlies,1610612746,LAC,Los Angeles Clippers,19,19,W,7,20,0.35,3,8,0.375,2,3,0.667,3,10,13,4,0,1,4,5,0,6,17,0.353,1,8,0.125,6,7,0.857,1,9,10,4,2,0,1,5,0
0021400194,2014-11-23,2014-15,regular_season,False,1610612738,BOS,Boston Celtics,1610612757,POR,Portland Trail Blazers,16,22,L,6,23,0.261,3,11,0.273,1,1,1.0,3,7,10,4,3,1,3,3,-6,9,19,0.474,3,6,0.5,1,2,0.5,2,12,14,6,3,1,4,4,6
0021400195,2014-11-23,2014-15,regular_season,False,1610612748,MIA,Miami Heat,1610612766,CHA,Charlotte Hornets,27,21,W,5,12,0.417,3,7,0.429,14,15,0.933,0,9,9,4,1,3,4,2,6,8,20,0.4,3,4,0.75,2,3,0.667,1,7,8,2,1,0,4,10,-6
0021400196,2014-11-23,2014-15,regular_season,False,1610612760,OKC,Oklahoma City Thunder,1610612744,GSW,Golden State Warriors,20,21,L,7,21,0.333,2,8,0.25,4,8,0.5,5,14,19,4,0,4,4,7,-1,8,24,0.333,0,6,0.0,5,7,0.714,3,9,12,6,2,2,1,6,1
0021400197,2014-11-23,2014-15,regular_season,False,1610612747,LAL,Los Angeles Lakers,1610612743,DEN,Denver Nuggets,11,14,L,4,23,0.174,0,7,0.0,3,5,0.6,2,10,12,2,2,1,0,7,-3,5,21,0.238,1,8,0.125,3,8,0.375,7,15,22,1,0,0,4,5,3
0021400202,2014-11-24,2014-15,regular_season,False,1610612745,HOU,Houston Rockets,1610612752,NYK,New York Knicks,22,17,W,6,16,0.375,3,9,0.333,7,8,0.875,1,8,9,3,3,1,3,4,5,8,18,0.444,1,5,0.2,0,0,0.0,1,7,8,6,1,0,4,6,-5
0021400203,2014-11-24,2014-15,regular_season,False,1610612742,DAL,Dallas Mavericks,1610612754,IND,Indiana Pacers,22,26,L,8,19,0.421,1,8,0.125,5,9,0.556,1,12,13,2,1,1,2,9,-4,6,19,0.316,6,12,0.5,8,15,0.533,3,12,15,5,2,1,2,5,4
0021400201,2014-11-24,2014-15,regular_season,False,1610612761,TOR,Toronto Raptors,1610612756,PHX,Phoenix Suns,23,34,L,7,21,0.333,1,7,0.143,8,8,1.0,3,2,5,4,2,0,2,5,-11,11,16,0.688,7,10,0.7,5,5,1.0,1,8,9,8,1,0,6,9,11
0021400204,2014-11-24,2014-15,regular_season,False,1610612762,UTA,Utah Jazz,1610612741,CHI,Chicago Bulls,18,19,L,8,25,0.32,0,5,0.0,2,2,1.0,4,10,14,6,0,2,2,5,-1,8,20,0.4,1,5,0.2,2,3,0.667,2,8,10,3,2,1,2,4,1
0021400199,2014-11-24,2014-15,regular_season,False,1610612739,CLE,Cleveland Cavaliers,1610612753,ORL,Orlando Magic,25,16,W,10,20,0.5,2,7,0.286,3,4,0.75,3,7,10,7,6,3,4,5,9,6,18,0.333,2,2,1.0,2,2,1.0,2,6,8,5,1,0,8,5,-9
0021400198,2014-11-24,2014-15,regular_season,False,1610612766,CHA,Charlotte Hornets,1610612746,LAC,Los Angeles Clippers,22,35,L,7,16,0.438,1,7,0.143,7,10,0.7,1,5,6,5,1,1,3,6,-13,12,20,0.6,6,9,0.667,5,5,1.0,1,7,8,5,0,0,1,7,13
0021400200,2014-11-24,2014-15,regular_season,False,1610612755,PHI,Philadelphia 76ers,1610612757,POR,Portland Trail Blazers,24,25,L,8,17,0.471,0,2,0.0,8,11,0.727,1,8,9,4,2,1,2,5,-1,9,24,0.375,3,8,0.375,4,5,0.8,6,9,15,6,1,1,3,8,1
0021400205,2014-11-25,2014-15,regular_season,False,1610612764,WAS,Washington Wizards,1610612737,ATL,Atlanta Hawks,35,38,L,12,25,0.48,4,7,0.571,7,9,0.778,6,5,11,8,1,2,9,13,-3,11,27,0.407,2,9,0.222,16,20,0.8,5,7,12,7,9,1,4,7,3
0021400206,2014-11-25,2014-15,regular_season,False,1610612748,MIA,Miami Heat,1610612744,GSW,Golden State Warriors,11,23,L,3,17,0.176,0,5,0.0,5,9,0.556,3,6,9,1,1,0,5,7,-12,6,16,0.375,3,10,0.3,8,9,0.889,3,12,15,4,3,1,4,8,12
0021400207,2014-11-25,2014-15,regular_season,False,1610612749,MIL,Milwaukee Bucks,1610612765,DET,Detroit Pistons,19,19,W,7,21,0.333,1,6,0.167,4,6,0.667,8,9,17,4,2,0,2,6,0,8,16,0.5,2,5,0.4,1,3,0.333,0,7,7,5,1,0,2,6,0
0021400208,2014-11-25,2014-15,regular_season,False,1610612740,NOP,New Orleans Pelicans,1610612758,SAC,Sacramento Kings,19,24,L,7,14,0.5,0,2,0.0,5,8,0.625,1,6,7,2,0,2,4,7,-5,8,17,0.471,1,5,0.2,7,10,0.7,1,7,8,1,4,1,3,8,5
0021400209,2014-11-25,2014-15,regular_season,False,1610612743,DEN,Denver Nuggets,1610612741,CHI,Chicago Bulls,28,33,L,9,20,0.45,1,4,0.25,9,10,0.9,5,7,12,3,2,4,5,8,-5,10,25,0.4,2,7,0.286,11,11,1.0,7,5,12,5,3,2,2,6,5
0021400222,2014-11-26,2014-15,regular_season,False,1610612747,LAL,Los Angeles Lakers,1610612763,MEM,Memphis Grizzlies,19,19,L,6,20,0.3,1,8,0.125,6,7,0.857,3,8,11,2,2,2,1,4,0,6,17,0.353,1,8,0.125,6,6,1.0,2,11,13,4,1,2,4,6,0
0021400221,2014-11-26,2014-15,regular_season,False,1610612756,PHX,Phoenix Suns,1610612743,DEN,Denver Nuggets,27,26,W,11,20,0.55,4,8,0.5,1,4,0.25,5,9,14,8,1,3,5,2,1,11,26,0.423,3,9,0.333,1,3,0.333,7,4,11,5,1,1,3,5,-1
0021400220,2014-11-26,2014-15,regular_season,False,1610612759,SAS,San Antonio Spurs,1610612754,IND,Indiana Pacers,29,24,W,11,17,0.647,3,4,0.75,4,9,0.444,0,12,12,7,2,1,4,6,5,9,20,0.45,4,9,0.444,2,6,0.333,0,8,8,6,1,0,4,7,-5
0021400219,2014-11-26,2014-15,regular_season,False,1610612760,OKC,Oklahoma City Thunder,1610612762,UTA,Utah Jazz,23,20,W,9,16,0.562,2,7,0.286,3,6,0.5,3,8,11,6,2,1,7,7,3,7,15,0.467,1,4,0.25,5,10,0.5,1,6,7,2,3,0,3,6,-3
0021400218,2014-11-26,2014-15,regular_season,False,1610612750,MIN,Minnesota Timberwolves,1610612749,MIL,Milwaukee Bucks,16,31,L,6,20,0.3,0,4,0.0,4,8,0.5,3,4,7,2,1,1,5,9,-15,8,17,0.471,2,5,0.4,13,14,0.929,3,9,12,4,3,3,5,5,15
0021400217,2014-11-26,2014-15,regular_season,False,1610612745,HOU,Houston Rockets,1610612758,SAC,Sacramento Kings,25,16,W,11,23,0.478,2,8,0.25,1,3,0.333,1,8,9,5,3,1,0,6,9,5,16,0.312,0,4,0.0,6,6,1.0,2,10,12,4,0,1,6,6,-9
0021400215,2014-11-26,2014-15,regular_season,False,1610612737,ATL,Atlanta Hawks,1610612761,TOR,Toronto Raptors,27,35,L,11,23,0.478,1,7,0.143,4,4,1.0,4,4,8,9,0,3,5,9,-8,11,23,0.478,4,7,0.571,10,11,0.909,5,6,11,7,1,2,1,8,8
0021400214,2014-11-26,2014-15,regular_season,False,1610612742,DAL,Dallas Mavericks,1610612752,NYK,New York Knicks,24,22,W,7,22,0.318,0,6,0.0,10,11,0.909,4,11,15,3,1,1,1,3,2,10,24,0.417,2,4,0.5,0,0,0.0,2,9,11,4,1,1,3,10,-2
0021400213,2014-11-26,2014-15,regular_season,False,1610612755,PHI,Philadelphia 76ers,1610612751,BKN,Brooklyn Nets,24,27,L,9,21,0.429,3,8,0.375,3,4,0.75,2,6,8,6,1,1,4,12,-3,6,13,0.462,1,4,0.25,14,17,0.824,1,10,11,3,3,2,6,6,3
0021400212,2014-11-26,2014-15,regular_season,False,1610612753,ORL,Orlando Magic,1610612744,GSW,Golden State Warriors,31,19,W,12,22,0.545,2,8,0.25,5,5,1.0,3,10,13,10,4,0,5,5,12,8,19,0.421,1,5,0.2,2,4,0.5,2,7,9,3,2,2,8,5,-12
0021400211,2014-11-26,2014-15,regular_season,False,1610612739,CLE,Cleveland Cavaliers,1610612764,WAS,Washington Wizards,32,20,W,12,20,0.6,2,3,0.667,6,6,1.0,2,4,6,8,3,0,1,3,12,8,18,0.444,1,2,0.5,3,4,0.75,3,4,7,8,0,2,4,5,-12
0021400210,2014-11-26,2014-15,regular_season,False,1610612766,CHA,Charlotte Hornets,1610612757,POR,Portland Trail Blazers,21,26,L,8,23,0.348,3,7,0.429,2,5,0.4,4,9,13,8,0,2,2,5,-5,10,23,0.435,4,9,0.444,2,4,0.5,2,12,14,7,1,2,3,7,5
0021400216,2014-11-26,2014-15,regular_season,False,1610612765,DET,Detroit Pistons,1610612746,LAC,Los Angeles Clippers,25,32,L,8,18,0.444,4,10,0.4,5,6,0.833,1,4,5,6,2,0,5,6,-7,11,17,0.647,5,7,0.714,5,6,0.833,2,9,11,7,3,2,5,5,7
0021400230,2014-11-28,2014-15,regular_season,False,1610612754,IND,Indiana Pacers,1610612753,ORL,Orlando Magic,26,24,W,11,20,0.55,1,5,0.2,3,3,1.0,2,10,12,7,1,1,3,5,2,9,19,0.474,1,3,0.333,5,5,1.0,0,6,6,4,1,1,1,4,-2
0021400234,2014-11-28,2014-15,regular_season,False,1610612747,LAL,Los Angeles Lakers,1610612750,MIN,Minnesota Timberwolves,23,27,L,10,22,0.455,1,7,0.143,2,6,0.333,4,4,8,6,2,1,2,5,-4,10,19,0.526,4,5,0.8,3,4,0.75,3,8,11,10,0,0,3,5,4
0021400233,2014-11-28,2014-15,regular_season,False,1610612757,POR,Portland Trail Blazers,1610612763,MEM,Memphis Grizzlies,29,29,L,11,24,0.458,2,8,0.25,5,7,0.714,3,4,7,7,2,2,1,9,0,9,19,0.474,1,3,0.333,10,11,0.909,3,7,10,6,1,0,4,5,0
0021400232,2014-11-28,2014-15,regular_season,False,1610612743,DEN,Denver Nuggets,1610612756,PHX,Phoenix Suns,23,27,L,9,21,0.429,2,5,0.4,3,4,0.75,5,8,13,4,4,1,8,6,-4,11,23,0.478,2,5,0.4,3,4,0.75,4,5,9,2,2,2,4,2,4
0021400231,2014-11-28,2014-15,regular_season,False,1610612759,SAS,San Antonio Spurs,1610612758,SAC,Sacramento Kings,24,24,W,10,23,0.435,2,7,0.286,2,2,1.0,0,9,9,8,3,2,0,5,0,7,19,0.368,3,5,0.6,7,8,0.875,3,13,16,4,0,0,5,4,0
0021400229,2014-11-28,2014-15,regular_season,False,1610612760,OKC,Oklahoma City Thunder,1610612752,NYK,New York Knicks,23,28,L,8,18,0.444,3,9,0.333,4,4,1.0,2,4,6,5,3,0,5,9,-5,10,16,0.625,1,3,0.333,7,8,0.875,2,8,10,8,1,0,4,5,5
0021400223,2014-11-28,2014-15,regular_season,False,1610612738,BOS,Boston Celtics,1610612741,CHI,Chicago Bulls,11,24,L,5,26,0.192,0,8,0.0,1,5,0.2,3,8,11,4,2,0,3,9,-13,7,22,0.318,0,4,0.0,10,11,0.909,6,13,19,4,1,6,4,6,13
0021400227,2014-11-28,2014-15,regular_season,False,1610612761,TOR,Toronto Raptors,1610612742,DAL,Dallas Mavericks,38,35,W,14,25,0.56,6,11,0.545,4,4,1.0,4,11,15,6,1,0,6,9,3,11,22,0.5,3,7,0.429,10,12,0.833,1,6,7,5,4,1,1,4,-3
0021400226,2014-11-28,2014-15,regular_season,False,1610612765,DET,Detroit Pistons,1610612749,MIL,Milwaukee Bucks,19,30,L,8,24,0.333,2,8,0.25,1,2,0.5,5,5,10,6,2,1,2,5,-11,11,17,0.647,7,11,0.636,1,1,1.0,1,10,11,8,1,2,4,2,11
0021400225,2014-11-28,2014-15,regular_season,False,1610612737,ATL,Atlanta Hawks,1610612740,NOP,New Orleans Pelicans,38,40,L,10,16,0.625,3,5,0.6,15,15,1.0,3,5,8,7,0,1,3,6,-2,15,26,0.577,5,7,0.714,5,6,0.833,5,3,8,9,3,1,0,8,2
0021400224,2014-11-28,2014-15,regular_season,False,1610612766,CHA,Charlotte Hornets,1610612744,GSW,Golden State Warriors,21,32,L,8,28,0.286,0,6,0.0,5,7,0.714,5,5,10,3,1,2,3,5,-11,12,20,0.6,1,2,0.5,7,8,0.875,3,11,14,10,2,2,4,9,11
0021400228,2014-11-28,2014-15,regular_season,False,1610612745,HOU,Houston Rockets,1610612746,LAC,Los Angeles Clippers,13,17,L,4,22,0.182,2,11,0.182,3,5,0.6,2,9,11,2,3,1,3,8,-4,7,18,0.389,0,4,0.0,3,6,0.5,2,13,15,7,1,1,6,5,4
0021400235,2014-11-29,2014-15,regular_season,False,1610612755,PHI,Philadelphia 76ers,1610612742,DAL,Dallas Mavericks,17,20,L,5,19,0.263,1,6,0.167,6,8,0.75,10,9,19,4,1,1,7,6,-3,8,18,0.444,2,6,0.333,2,2,1.0,1,5,6,4,4,0,1,6,3
0021400236,2014-11-29,2014-15,regular_season,False,1610612764,WAS,Washington Wizards,1610612740,NOP,New Orleans Pelicans,18,23,L,8,24,0.333,2,4,0.5,0,2,0.0,6,8,14,5,1,1,0,6,-5,8,18,0.444,3,5,0.6,4,9,0.444,4,11,15,6,0,0,2,1,5
0021400237,2014-11-29,2014-15,regular_season,False,1610612737,ATL,Atlanta Hawks,1610612766,CHA,Charlotte Hornets,21,24,L,9,21,0.429,2,8,0.25,1,1,1.0,1,7,8,7,3,0,4,9,-3,9,20,0.45,2,5,0.4,4,4,1.0,3,10,13,4,0,1,5,4,3
0021400238,2014-11-29,2014-15,regular_season,False,1610612739,CLE,Cleveland Cavaliers,1610612754,IND,Indiana Pacers,22,26,L,9,19,0.474,1,5,0.2,3,8,0.375,3,10,13,2,0,1,4,9,-4,6,18,0.333,2,4,0.5,12,15,0.8,4,10,14,5,1,0,1,6,4
0021400239,2014-11-29,2014-15,regular_season,False,1610612762,UTA,Utah Jazz,1610612746,LAC,Los Angeles Clippers,20,22,L,6,21,0.286,1,6,0.167,7,10,0.7,6,10,16,2,2,2,3,2,-2,8,19,0.421,5,12,0.417,1,1,1.0,0,8,8,4,1,1,3,8,2
0021400240,2014-11-29,2014-15,regular_season,False,1610612749,MIL,Milwaukee Bucks,1610612745,HOU,Houston Rockets,31,32,L,11,19,0.579,2,7,0.286,7,8,0.875,1,4,5,7,1,1,2,4,-1,13,21,0.619,4,11,0.364,2,2,1.0,1,7,8,9,1,1,3,7,1
0021400246,2014-11-30,2014-15,regular_season,False,1610612756,PHX,Phoenix Suns,1610612753,ORL,Orlando Magic,32,24,W,11,21,0.524,3,9,0.333,7,8,0.875,3,7,10,8,3,0,5,11,8,7,16,0.438,0,3,0.0,10,17,0.588,4,8,12,1,2,0,8,5,-8
0021400248,2014-11-30,2014-15,regular_season,False,1610612747,LAL,Los Angeles Lakers,1610612761,TOR,Toronto Raptors,28,29,L,10,22,0.455,3,6,0.5,5,10,0.5,4,8,12,5,1,1,3,6,-1,9,22,0.409,3,6,0.5,8,9,0.889,4,9,13,5,3,3,3,9,1
0021400247,2014-11-30,2014-15,regular_season,False,1610612757,POR,Portland Trail Blazers,1610612750,MIN,Minnesota Timberwolves,32,32,W,12,23,0.522,3,7,0.429,5,10,0.5,4,7,11,6,3,3,4,7,0,12,21,0.571,0,1,0.0,8,10,0.8,3,9,12,9,3,2,3,8,0
0021400245,2014-11-30,2014-15,regular_season,False,1610612752,NYK,New York Knicks,1610612748,MIA,Miami Heat,20,23,L,9,26,0.346,0,9,0.0,2,3,0.667,6,7,13,3,4,3,4,9,-3,8,19,0.421,1,4,0.25,6,13,0.462,4,9,13,2,2,0,5,3,3
0021400242,2014-11-30,2014-15,regular_season,False,1610612751,BKN,Brooklyn Nets,1610612741,CHI,Chicago Bulls,21,26,L,6,19,0.316,0,1,0.0,9,11,0.818,1,6,7,3,4,0,2,5,-5,9,15,0.6,4,7,0.571,4,6,0.667,1,10,11,6,1,2,6,11,5
0021400243,2014-11-30,2014-15,regular_season,False,1610612765,DET,Detroit Pistons,1610612744,GSW,Golden State Warriors,22,22,L,8,22,0.364,3,7,0.429,3,7,0.429,5,7,12,4,3,0,5,6,0,7,18,0.389,1,2,0.5,7,9,0.778,4,7,11,6,2,1,5,7,0
0021400241,2014-11-30,2014-15,regular_season,False,1610612738,BOS,Boston Celtics,1610612759,SAS,San Antonio Spurs,16,33,L,5,17,0.294,0,5,0.0,6,8,0.75,1,8,9,3,2,0,6,7,-17,13,22,0.591,3,4,0.75,4,5,0.8,2,11,13,5,3,0,3,5,17
0021400244,2014-11-30,2014-15,regular_season,False,1610612758,SAC,Sacramento Kings,1610612763,MEM,Memphis Grizzlies,20,23,L,7,15,0.467,0,2,0.0,6,9,0.667,2,7,9,3,3,1,6,11,-3,6,15,0.4,0,3,0.0,11,15,0.733,2,7,9,4,2,0,4,9,3
0021400249,2014-12-01,2014-15,regular_season,False,1610612755,PHI,Philadelphia 76ers,1610612759,SAS,San Antonio Spurs,30,25,W,12,24,0.5,4,9,0.444,2,5,0.4,3,7,10,5,3,1,4,9,5,7,17,0.412,2,8,0.25,9,12,0.75,2,8,10,5,2,0,5,5,-5
0021400250,2014-12-01,2014-15,regular_season,False,1610612764,WAS,Washington Wizards,1610612748,MIA,Miami Heat,26,20,W,9,16,0.562,2,5,0.4,6,7,0.857,1,9,10,7,2,0,4,8,6,5,19,0.263,0,9,0.0,10,12,0.833,4,6,10,2,2,0,3,6,-6
0021400251,2014-12-01,2014-15,regular_season,False,1610612762,UTA,Utah Jazz,1610612743,DEN,Denver Nuggets,24,20,W,8,24,0.333,2,6,0.333,6,8,0.75,5,11,16,2,1,1,2,4,4,7,19,0.368,2,7,0.286,4,5,0.8,2,9,11,4,0,2,3,6,-4
0021400252,2014-12-01,2014-15,regular_season,False,1610612746,LAC,Los Angeles Clippers,1610612750,MIN,Minnesota Timberwolves,26,33,L,8,19,0.421,4,10,0.4,6,8,0.75,1,7,8,8,2,0,3,8,-7,12,20,0.6,0,1,0.0,9,12,0.75,2,10,12,8,1,2,2,5,7
0021400262,2014-12-02,2014-15,regular_season,False,1610612744,GSW,Golden State Warriors,1610612753,ORL,Orlando Magic,25,22,W,8,19,0.421,5,12,0.417,4,6,0.667,3,7,10,3,4,2,2,3,3,9,19,0.474,2,2,1.0,2,2,1.0,1,8,9,6,2,1,4,5,-3
0021400261,2014-12-02,2014-15,regular_season,False,1610612758,SAC,Sacramento Kings,1610612761,TOR,Toronto Raptors,26,25,W,10,25,0.4,1,4,0.25,5,9,0.556,9,4,13,6,0,0,1,6,1,10,24,0.417,1,3,0.333,4,4,1.0,6,5,11,4,0,2,1,7,-1
0021400260,2014-12-02,2014-15,regular_season,False,1610612756,PHX,Phoenix Suns,1610612754,IND,Indiana Pacers,33,20,W,12,22,0.545,4,9,0.444,5,6,0.833,3,9,12,5,5,0,3,6,13,7,21,0.333,0,3,0.0,6,8,0.75,4,7,11,3,3,0,7,8,-13
0021400259,2014-12-02,2014-15,regular_season,False,1610612743,DEN,Denver Nuggets,1610612757,POR,Portland Trail Blazers,18,27,L,7,19,0.368,2,7,0.286,2,2,1.0,1,8,9,3,2,2,3,5,-9,11,23,0.478,2,7,0.286,3,3,1.0,0,10,10,7,2,2,2,4,9
0021400258,2014-12-02,2014-15,regular_season,False,1610612740,NOP,New Orleans Pelicans,1610612760,OKC,Oklahoma City Thunder,27,30,L,10,20,0.5,0,4,0.0,7,10,0.7,3,6,9,5,3,3,3,5,-3,11,20,0.55,2,7,0.286,6,7,0.857,2,9,11,5,2,0,4,7,3
0021400256,2014-12-02,2014-15,regular_season,False,1610612752,NYK,New York Knicks,1610612751,BKN,Brooklyn Nets,29,21,W,11,25,0.44,5,11,0.455,2,3,0.667,6,6,12,8,2,0,2,6,8,8,19,0.421,1,3,0.333,4,7,0.571,5,7,12,5,2,2,4,7,-8
0021400255,2014-12-02,2014-15,regular_season,False,1610612765,DET,Detroit Pistons,1610612747,LAL,Los Angeles Lakers,31,25,W,10,23,0.435,3,10,0.3,8,12,0.667,5,6,11,6,3,1,1,6,6,8,16,0.5,3,4,0.75,6,8,0.75,4,9,13,6,1,1,6,7,-6
0021400254,2014-12-02,2014-15,regular_season,False,1610612737,ATL,Atlanta Hawks,1610612738,BOS,Boston Celtics,29,20,W,12,20,0.6,2,6,0.333,3,4,0.75,1,7,8,9,2,1,3,3,9,7,17,0.412,3,7,0.429,3,3,1.0,1,7,8,6,1,0,8,5,-9
0021400253,2014-12-02,2014-15,regular_season,False,1610612739,CLE,Cleveland Cavaliers,1610612749,MIL,Milwaukee Bucks,32,29,W,9,18,0.5,2,10,0.2,12,15,0.8,3,8,11,6,0,2,3,6,3,11,24,0.458,1,5,0.2,6,6,1.0,4,9,13,6,2,0,2,8,-3
0021400257,2014-12-02,2014-15,regular_season,False,1610612741,CHI,Chicago Bulls,1610612742,DAL,Dallas Mavericks,34,28,W,12,20,0.6,3,6,0.5,7,8,0.875,2,7,9,9,0,1,1,2,6,10,21,0.476,5,10,0.5,3,3,1.0,3,6,9,8,1,0,4,7,-6
0021400269,2014-12-03,2014-15,regular_season,False,1610612749,MIL,Milwaukee Bucks,1610612742,DAL,Dallas Mavericks,27,27,L,10,21,0.476,2,2,1.0,5,10,0.5,4,9,13,5,3,1,5,7,0,10,24,0.417,2,12,0.167,5,9,0.556,7,9,16,4,2,4,4,6,0
0021400272,2014-12-03,2014-15,regular_season,False,1610612746,LAC,Los Angeles Clippers,1610612753,ORL,Orlando Magic,30,24,W,11,19,0.579,5,10,0.5,3,4,0.75,0,7,7,11,4,0,5,5,6,9,18,0.5,2,5,0.4,4,6,0.667,2,9,11,8,3,1,5,5,-6
0021400271,2014-12-03,2014-15,regular_season,False,1610612762,UTA,Utah Jazz,1610612761,TOR,Toronto Raptors,22,26,L,8,19,0.421,3,9,0.333,3,4,0.75,4,7,11,5,1,3,3,4,-4,9,19,0.474,2,5,0.4,6,6,1.0,1,7,8,4,2,2,1,4,4
0021400270,2014-12-03,2014-15,regular_season,False,1610612750,MIN,Minnesota Timberwolves,1610612755,PHI,Philadelphia 76ers,21,28,L,9,21,0.429,1,7,0.143,2,2,1.0,3,10,13,4,1,1,5,7,-7,10,20,0.5,4,7,0.571,4,7,0.571,2,9,11,7,2,1,2,2,7
0021400268,2014-12-03,2014-15,regular_season,False,1610612745,HOU,Houston Rockets,1610612763,MEM,Memphis Grizzlies,11,28,L,4,21,0.19,1,6,0.167,2,6,0.333,6,7,13,2,2,3,6,8,-17,12,20,0.6,0,2,0.0,4,9,0.444,2,12,14,9,2,2,2,4,17
0021400264,2014-12-03,2014-15,regular_season,False,1610612764,WAS,Washington Wizards,1610612747,LAL,Los Angeles Lakers,33,26,W,13,21,0.619,2,3,0.667,5,5,1.0,3,7,10,10,4,0,4,3,7,9,20,0.45,4,8,0.5,4,4,1.0,2,5,7,4,3,2,4,6,-7
0021400266,2014-12-03,2014-15,regular_season,False,1610612751,BKN,Brooklyn Nets,1610612759,SAS,San Antonio Spurs,20,30,L,7,22,0.318,1,2,0.5,5,6,0.833,2,10,12,5,0,0,2,1,-10,12,25,0.48,4,10,0.4,2,2,1.0,3,11,14,9,1,3,0,4,10
0021400265,2014-12-03,2014-15,regular_season,False,1610612738,BOS,Boston Celtics,1610612765,DET,Detroit Pistons,27,30,L,8,14,0.571,2,3,0.667,9,10,0.9,1,5,6,7,2,3,3,6,-3,11,25,0.44,4,8,0.5,4,7,0.571,6,4,10,3,2,3,3,7,3
0021400267,2014-12-03,2014-15,regular_season,False,1610612748,MIA,Miami Heat,1610612737,ATL,Atlanta Hawks,30,24,W,11,18,0.611,1,4,0.25,7,9,0.778,1,8,9,6,2,1,2,8,6,6,17,0.353,3,6,0.5,9,10,0.9,2,8,10,2,1,0,3,6,-6
0021400263,2014-12-03,2014-15,regular_season,False,1610612766,CHA,Charlotte Hornets,1610612741,CHI,Chicago Bulls,24,30,L,10,26,0.385,1,6,0.167,3,4,0.75,3,8,11,5,2,0,1,6,-6,10,18,0.556,5,8,0.625,5,5,1.0,0,13,13,8,0,0,4,5,6
0021400273,2014-12-04,2014-15,regular_season,False,1610612752,NYK,New York Knicks,1610612739,CLE,Cleveland Cavaliers,14,22,L,7,19,0.368,0,4,0.0,0,0,0.0,5,6,11,2,2,0,8,8,-8,7,14,0.5,1,4,0.25,7,8,0.875,1,5,6,5,2,1,6,4,8
0021400274,2014-12-04,2014-15,regular_season,False,1610612757,POR,Portland Trail Blazers,1610612754,IND,Indiana Pacers,26,23,W,8,21,0.381,1,7,0.143,9,11,0.818,2,13,15,4,2,0,1,6,3,9,24,0.375,2,8,0.25,3,6,0.5,4,9,13,7,1,1,2,7,-3
0021400275,2014-12-04,2014-15,regular_season,False,1610612744,GSW,Golden State Warriors,1610612740,NOP,New Orleans Pelicans,32,19,W,12,21,0.571,3,4,0.75,5,9,0.556,4,12,16,11,4,1,2,2,13,9,21,0.429,1,4,0.25,0,2,0.0,1,7,8,5,2,0,5,6,-13
0021400287,2014-12-05,2014-15,regular_season,False,1610612758,SAC,Sacramento Kings,1610612754,IND,Indiana Pacers,16,24,L,5,17,0.294,0,1,0.0,6,8,0.75,4,7,11,1,0,0,5,4,-8,10,24,0.417,1,8,0.125,3,3,1.0,3,6,9,3,2,1,0,7,8
0021400283,2014-12-05,2014-15,regular_season,False,1610612750,MIN,Minnesota Timberwolves,1610612745,HOU,Houston Rockets,31,22,W,12,24,0.5,1,2,0.5,6,9,0.667,5,7,12,5,2,1,2,3,9,8,18,0.444,2,8,0.25,4,4,1.0,1,6,7,4,0,1,6,9,-9
0021400286,2014-12-05,2014-15,regular_season,False,1610612762,UTA,Utah Jazz,1610612753,ORL,Orlando Magic,29,27,W,11,20,0.55,4,4,1.0,3,5,0.6,3,8,11,7,2,1,4,9,2,9,17,0.529,2,6,0.333,7,9,0.778,2,7,9,5,3,2,3,4,-2
0021400285,2014-12-05,2014-15,regular_season,False,1610612749,MIL,Milwaukee Bucks,1610612748,MIA,Miami Heat,29,14,W,11,17,0.647,4,6,0.667,3,4,0.75,1,14,15,5,2,0,6,8,15,4,15,0.267,1,6,0.167,5,11,0.455,0,6,6,2,2,1,3,4,-15
0021400284,2014-12-05,2014-15,regular_season,False,1610612742,DAL,Dallas Mavericks,1610612756,PHX,Phoenix Suns,20,25,L,7,23,0.304,0,8,0.0,6,8,0.75,5,11,16,3,1,1,2,5,-5,9,20,0.45,1,6,0.167,6,6,1.0,0,12,12,3,0,0,1,6,5
0021400282,2014-12-05,2014-15,regular_season,False,1610612763,MEM,Memphis Grizzlies,1610612759,SAS,San Antonio Spurs,33,29,W,11,20,0.55,3,5,0.6,8,8,1.0,0,9,9,8,0,1,2,7,4,10,26,0.385,3,5,0.6,6,6,1.0,6,7,13,6,0,2,1,6,-4
0021400280,2014-12-05,2014-15,regular_season,False,1610612751,BKN,Brooklyn Nets,1610612737,ATL,Atlanta Hawks,20,20,L,7,16,0.438,0,6,0.0,6,9,0.667,0,9,9,4,0,1,6,5,0,8,21,0.381,1,6,0.167,3,6,0.5,3,10,13,3,5,0,4,9,0
0021400279,2014-12-05,2014-15,regular_season,False,1610612738,BOS,Boston Celtics,1610612747,LAL,Los Angeles Lakers,27,26,W,10,16,0.625,1,3,0.333,6,7,0.857,1,10,11,5,2,0,8,6,1,9,24,0.375,3,6,0.5,5,7,0.714,3,5,8,3,2,0,2,6,-1
0021400278,2014-12-05,2014-15,regular_season,False,1610612764,WAS,Washington Wizards,1610612743,DEN,Denver Nuggets,29,20,W,14,23,0.609,1,4,0.25,0,2,0.0,3,10,13,10,2,2,3,5,9,8,19,0.421,0,4,0.0,4,9,0.444,3,5,8,3,1,2,4,4,-9
0021400277,2014-12-05,2014-15,regular_season,False,1610612755,PHI,Philadelphia 76ers,1610612760,OKC,Oklahoma City Thunder,24,21,W,11,22,0.5,1,8,0.125,1,2,0.5,5,7,12,8,3,1,5,5,3,7,15,0.467,2,5,0.4,5,8,0.625,1,6,7,7,3,0,4,4,-3
0021400276,2014-12-05,2014-15,regular_season,False,1610612766,CHA,Charlotte Hornets,1610612752,NYK,New York Knicks,18,33,L,9,23,0.391,0,5,0.0,0,0,0.0,2,6,8,3,0,4,1,5,-15,12,21,0.571,6,9,0.667,3,3,1.0,0,11,11,8,1,1,0,1,15
0021400281,2014-12-05,2014-15,regular_season,False,1610612761,TOR,Toronto Raptors,1610612739,CLE,Cleveland Cavaliers,27,29,L,9,20,0.45,4,7,0.571,5,6,0.833,3,7,10,8,0,1,2,6,-2,12,23,0.522,0,2,0.0,5,6,0.833,4,7,11,6,0,1,0,7,2
0021400288,2014-12-06,2014-15,regular_season,False,1610612765,DET,Detroit Pistons,1610612755,PHI,Philadelphia 76ers,18,23,L,7,20,0.35,1,3,0.333,3,5,0.6,0,9,9,5,2,1,3,9,-5,7,19,0.368,2,6,0.333,7,12,0.583,3,10,13,6,0,3,3,5,5
0021400289,2014-12-06,2014-15,regular_season,False,1610612741,CHI,Chicago Bulls,1610612744,GSW,Golden State Warriors,22,33,L,7,24,0.292,2,8,0.25,6,6,1.0,6,9,15,2,1,0,5,9,-11,10,24,0.417,3,9,0.333,10,13,0.769,6,9,15,9,4,3,2,6,11
0021400290,2014-12-06,2014-15,regular_season,False,1610612745,HOU,Houston Rockets,1610612756,PHX,Phoenix Suns,20,28,L,3,17,0.176,2,7,0.286,12,18,0.667,6,7,13,3,2,2,5,7,-8,10,25,0.4,1,4,0.25,7,10,0.7,6,9,15,4,5,1,4,10,8
0021400291,2014-12-06,2014-15,regular_season,False,1610612759,SAS,San Antonio Spurs,1610612750,MIN,Minnesota Timberwolves,27,25,W,11,19,0.579,0,3,0.0,5,6,0.833,1,9,10,5,0,2,4,6,2,9,22,0.409,1,5,0.2,6,7,0.857,1,7,8,3,3,0,1,4,-2
0021400292,2014-12-06,2014-15,regular_season,False,1610612758,SAC,Sacramento Kings,1610612753,ORL,Orlando Magic,30,28,W,12,22,0.545,4,6,0.667,2,3,0.667,1,6,7,8,1,1,2,6,2,10,21,0.476,2,7,0.286,6,6,1.0,4,9,13,4,0,1,2,4,-2
0021400293,2014-12-06,2014-15,regular_season,False,1610612746,LAC,Los Angeles Clippers,1610612740,NOP,New Orleans Pelicans,27,22,W,11,22,0.5,3,8,0.375,2,3,0.667,3,10,13,8,1,1,2,7,5,7,19,0.368,0,1,0.0,8,11,0.727,3,8,11,5,1,0,2,4,-5
0021400299,2014-12-07,2014-15,regular_season,False,1610612752,NYK,New York Knicks,1610612757,POR,Portland Trail Blazers,24,20,W,11,21,0.524,1,5,0.2,1,1,1.0,1,9,10,4,0,1,1,5,4,5,19,0.263,3,9,0.333,7,9,0.778,4,8,12,3,1,0,2,5,-4
0021400298,2014-12-07,2014-15,regular_season,False,1610612742,DAL,Dallas Mavericks,1610612749,MIL,Milwaukee Bucks,35,31,W,14,22,0.636,5,10,0.5,2,2,1.0,2,4,6,10,5,0,2,7,4,13,17,0.765,0,2,0.0,5,8,0.625,2,4,6,3,1,1,6,2,-4
0021400297,2014-12-07,2014-15,regular_season,False,1610612765,DET,Detroit Pistons,1610612760,OKC,Oklahoma City Thunder,19,19,L,7,20,0.35,4,8,0.5,1,2,0.5,1,10,11,6,1,1,2,3,0,8,24,0.333,2,8,0.25,1,1,1.0,6,11,17,5,1,1,4,4,0
0021400300,2014-12-07,2014-15,regular_season,False,1610612747,LAL,Los Angeles Lakers,1610612740,NOP,New Orleans Pelicans,28,25,W,10,17,0.588,3,5,0.6,5,8,0.625,1,4,5,6,2,0,4,4,3,12,19,0.632,0,2,0.0,1,2,0.5,1,5,6,8,2,1,5,5,-3
0021400295,2014-12-07,2014-15,regular_season,False,1610612737,ATL,Atlanta Hawks,1610612743,DEN,Denver Nuggets,19,18,W,8,20,0.4,2,4,0.5,1,1,1.0,4,7,11,5,2,4,4,4,1,8,28,0.286,2,11,0.182,0,0,0.0,8,7,15,5,3,1,3,4,-1
0021400294,2014-12-07,2014-15,regular_season,False,1610612738,BOS,Boston Celtics,1610612764,WAS,Washington Wizards,24,34,L,7,18,0.389,4,7,0.571,6,6,1.0,2,12,14,7,2,3,8,5,-10,13,29,0.448,6,11,0.545,2,2,1.0,3,7,10,6,4,2,2,4,10
0021400296,2014-12-07,2014-15,regular_season,False,1610612763,MEM,Memphis Grizzlies,1610612748,MIA,Miami Heat,21,12,W,8,17,0.471,2,4,0.5,3,4,0.75,1,12,13,4,4,1,6,4,9,5,18,0.278,1,4,0.25,1,2,0.5,1,7,8,3,4,0,5,4,-9
0021400301,2014-12-08,2014-15,regular_season,False,1610612754,IND,Indiana Pacers,1610612737,ATL,Atlanta Hawks,28,23,W,8,23,0.348,6,14,0.429,6,8,0.75,4,8,12,6,4,1,4,8,5,9,17,0.529,1,4,0.25,4,7,0.571,1,13,14,4,2,3,7,8,-5
0021400302,2014-12-08,2014-15,regular_season,False,1610612764,WAS,Washington Wizards,1610612738,BOS,Boston Celtics,18,34,L,6,16,0.375,1,4,0.25,5,8,0.625,2,7,9,2,0,0,8,8,-16,12,24,0.5,3,6,0.5,7,8,0.875,6,8,14,6,5,1,2,5,16
0021400303,2014-12-08,2014-15,regular_season,False,1610612751,BKN,Brooklyn Nets,1610612739,CLE,Cleveland Cavaliers,21,25,L,9,19,0.474,1,3,0.333,2,4,0.5,2,4,6,5,2,1,3,4,-4,10,21,0.476,2,8,0.25,3,3,1.0,4,8,12,6,2,3,3,5,4
0021400304,2014-12-08,2014-15,regular_season,False,1610612761,TOR,Toronto Raptors,1610612743,DEN,Denver Nuggets,20,21,L,6,19,0.316,2,12,0.167,6,9,0.667,2,9,11,4,1,2,3,4,-1,9,26,0.346,0,8,0.0,3,3,1.0,6,12,18,2,1,1,4,7,1
0021400305,2014-12-08,2014-15,regular_season,False,1610612750,MIN,Minnesota Timberwolves,1610612744,GSW,Golden State Warriors,23,23,L,8,25,0.32,1,5,0.2,6,10,0.6,7,7,14,5,3,1,3,2,0,12,21,0.571,1,2,0.5,2,2,1.0,1,10,11,8,2,0,4,6,0
0021400306,2014-12-08,2014-15,regular_season,False,1610612758,SAC,Sacramento Kings,1610612762,UTA,Utah Jazz,33,24,W,10,18,0.556,2,2,1.0,11,13,0.846,4,11,15,7,0,0,5,9,9,7,18,0.389,2,6,0.333,8,12,0.667,1,3,4,5,2,2,1,11,-9
0021400307,2014-12-08,2014-15,regular_season,False,1610612746,LAC,Los Angeles Clippers,1610612756,PHX,Phoenix Suns,23,32,L,6,19,0.316,1,7,0.143,10,13,0.769,1,7,8,3,1,1,2,7,-9,10,19,0.526,3,9,0.333,9,10,0.9,0,10,10,5,1,2,3,9,9
0021400315,2014-12-09,2014-15,regular_season,False,1610612747,LAL,Los Angeles Lakers,1610612758,SAC,Sacramento Kings,20,14,W,6,22,0.273,2,7,0.286,6,8,0.75,3,13,16,6,1,3,0,5,6,5,17,0.294,0,2,0.0,4,10,0.4,1,12,13,2,0,2,3,7,-6
0021400314,2014-12-09,2014-15,regular_season,False,1610612762,UTA,Utah Jazz,1610612759,SAS,San Antonio Spurs,22,24,L,8,14,0.571,1,2,0.5,5,10,0.5,0,10,10,3,3,1,6,7,-2,10,22,0.455,0,8,0.0,4,6,0.667,3,6,9,5,3,2,3,8,2
0021400313,2014-12-09,2014-15,regular_season,False,1610612756,PHX,Phoenix Suns,1610612748,MIA,Miami Heat,25,30,L,9,15,0.6,7,11,0.636,0,0,0.0,1,5,6,6,1,1,8,6,-5,10,20,0.5,4,5,0.8,6,8,0.75,5,4,9,6,5,0,3,2,5
0021400312,2014-12-09,2014-15,regular_season,False,1610612760,OKC,Oklahoma City Thunder,1610612749,MIL,Milwaukee Bucks,27,23,W,10,17,0.588,2,7,0.286,5,8,0.625,0,12,12,5,1,3,4,10,4,7,21,0.333,1,8,0.125,8,11,0.727,4,7,11,3,1,0,3,7,-4
0021400308,2014-12-09,2014-15,regular_season,False,1610612739,CLE,Cleveland Cavaliers,1610612761,TOR,Toronto Raptors,24,13,W,6,18,0.333,2,9,0.222,10,11,0.909,5,6,11,4,1,1,2,4,11,6,20,0.3,1,6,0.167,0,0,0.0,4,6,10,4,0,1,4,11,-11
0021400310,2014-12-09,2014-15,regular_season,False,1610612763,MEM,Memphis Grizzlies,1610612742,DAL,Dallas Mavericks,22,26,L,8,18,0.444,2,3,0.667,4,4,1.0,1,8,9,4,1,0,1,5,-4,10,25,0.4,5,12,0.417,1,2,0.5,6,8,14,4,1,1,1,5,4
0021400309,2014-12-09,2014-15,regular_season,False,1610612765,DET,Detroit Pistons,1610612757,POR,Portland Trail Blazers,24,22,W,11,28,0.393,1,9,0.111,1,1,1.0,4,8,12,8,2,0,2,1,2,9,19,0.474,4,9,0.444,0,0,0.0,1,9,10,6,0,1,3,2,-2
0021400311,2014-12-09,2014-15,regular_season,False,1610612740,NOP,New Orleans Pelicans,1610612752,NYK,New York Knicks,27,20,W,10,20,0.5,1,4,0.25,6,8,0.75,2,8,10,6,1,2,3,5,7,7,17,0.412,2,6,0.333,4,6,0.667,1,7,8,4,1,4,3,6,-7
0021400321,2014-12-10,2014-15,regular_season,False,1610612750,MIN,Minnesota Timberwolves,1610612757,POR,Portland Trail Blazers,24,31,L,6,16,0.375,0,3,0.0,12,16,0.75,5,9,14,4,0,1,6,5,-7,10,21,0.476,4,11,0.364,7,8,0.875,2,5,7,7,3,3,1,10,7
0021400323,2014-12-10,2014-15,regular_season,False,1610612742,DAL,Dallas Mavericks,1610612740,NOP,New Orleans Pelicans,35,29,W,13,22,0.591,4,7,0.571,5,5,1.0,2,6,8,6,1,1,2,5,6,11,21,0.524,3,5,0.6,4,6,0.667,3,6,9,4,2,0,4,7,-6
0021400322,2014-12-10,2014-15,regular_season,False,1610612759,SAS,San Antonio Spurs,1610612752,NYK,New York Knicks,15,22,L,6,17,0.353,0,2,0.0,3,4,0.75,4,9,13,4,2,1,5,5,-7,8,18,0.444,3,6,0.5,3,5,0.6,2,7,9,6,2,0,4,6,7
0021400320,2014-12-10,2014-15,regular_season,False,1610612741,CHI,Chicago Bulls,1610612751,BKN,Brooklyn Nets,28,12,W,8,19,0.421,3,6,0.5,9,12,0.75,4,12,16,6,2,2,2,4,16,4,20,0.2,0,4,0.0,4,4,1.0,2,8,10,2,0,1,3,10,-16
0021400324,2014-12-10,2014-15,regular_season,False,1610612744,GSW,Golden State Warriors,1610612745,HOU,Houston Rockets,32,17,W,14,20,0.7,1,2,0.5,3,4,0.75,1,9,10,6,3,3,3,3,15,6,20,0.3,2,9,0.222,3,4,0.75,0,6,6,3,1,1,4,5,-15
0021400318,2014-12-10,2014-15,regular_season,False,1610612753,ORL,Orlando Magic,1610612764,WAS,Washington Wizards,14,24,L,6,22,0.273,1,4,0.25,1,2,0.5,2,10,12,1,1,1,3,4,-10,11,23,0.478,1,5,0.2,1,3,0.333,3,11,14,3,2,2,2,4,10
0021400317,2014-12-10,2014-15,regular_season,False,1610612754,IND,Indiana Pacers,1610612746,LAC,Los Angeles Clippers,31,21,W,11,24,0.458,3,7,0.429,6,6,1.0,5,9,14,8,1,0,3,5,10,8,18,0.444,1,5,0.2,4,5,0.8,0,7,7,3,3,1,3,5,-10
0021400316,2014-12-10,2014-15,regular_season,False,1610612766,CHA,Charlotte Hornets,1610612738,BOS,Boston Celtics,23,21,W,9,24,0.375,1,6,0.167,4,4,1.0,3,7,10,5,2,0,2,3,2,9,17,0.529,2,7,0.286,1,2,0.5,1,11,12,6,0,1,6,5,-2
0021400319,2014-12-10,2014-15,regular_season,False,1610612737,ATL,Atlanta Hawks,1610612755,PHI,Philadelphia 76ers,27,21,W,12,25,0.48,2,3,0.667,1,2,0.5,6,9,15,8,3,0,4,5,6,7,16,0.438,2,9,0.222,5,9,0.556,2,5,7,7,2,3,4,5,-6
0021400325,2014-12-10,2014-15,regular_season,False,1610612743,DEN,Denver Nuggets,1610612748,MIA,Miami Heat,23,20,W,6,19,0.316,2,7,0.286,9,12,0.75,5,9,14,4,3,0,1,3,3,7,19,0.368,2,7,0.286,4,5,0.8,3,7,10,4,0,3,4,7,-3
0021400327,2014-12-11,2014-15,regular_season,False,1610612758,SAC,Sacramento Kings,1610612745,HOU,Houston Rockets,26,34,L,10,16,0.625,2,3,0.667,4,7,0.571,1,4,5,4,1,0,6,7,-8,11,23,0.478,7,13,0.538,5,6,0.833,4,6,10,7,3,2,3,5,8
0021400326,2014-12-11,2014-15,regular_season,False,1610612760,OKC,Oklahoma City Thunder,1610612739,CLE,Cleveland Cavaliers,25,28,L,10,23,0.435,2,7,0.286,3,4,0.75,3,5,8,5,3,3,1,9,-3,9,20,0.45,2,7,0.286,8,9,0.889,5,9,14,6,0,1,4,5,3
0021400328,2014-12-12,2014-15,regular_season,False,1610612741,CHI,Chicago Bulls,1610612757,POR,Portland Trail Blazers,33,28,W,13,19,0.684,0,4,0.0,7,8,0.875,2,9,11,3,0,2,2,3,5,10,25,0.4,4,10,0.4,4,6,0.667,5,4,9,3,1,1,2,6,-5
0021400329,2014-12-12,2014-15,regular_season,False,1610612764,WAS,Washington Wizards,1610612746,LAC,Los Angeles Clippers,24,29,L,9,18,0.5,2,5,0.4,4,4,1.0,3,5,8,7,3,1,7,8,-5,6,17,0.353,3,6,0.5,14,15,0.933,4,5,9,1,3,1,4,5,5
0021400330,2014-12-12,2014-15,regular_season,False,1610612737,ATL,Atlanta Hawks,1610612753,ORL,Orlando Magic,23,17,W,7,18,0.389,3,7,0.429,6,8,0.75,3,9,12,4,4,2,4,2,6,7,21,0.333,1,7,0.143,2,2,1.0,4,9,13,3,1,1,5,7,-6
0021400331,2014-12-12,2014-15,regular_season,False,1610612738,BOS,Boston Celtics,1610612752,NYK,New York Knicks,26,26,L,8,22,0.364,3,7,0.429,7,8,0.875,1,9,10,6,1,2,2,7,0,8,21,0.381,1,4,0.25,9,10,0.9,4,11,15,3,2,2,2,8,0
0021400332,2014-12-12,2014-15,regular_season,False,1610612751,BKN,Brooklyn Nets,1610612755,PHI,Philadelphia 76ers,25,10,W,9,17,0.529,1,3,0.333,6,8,0.75,3,9,12,6,6,0,5,1,15,4,15,0.267,2,8,0.25,0,0,0.0,1,3,4,3,3,1,8,7,-15
0021400333,2014-12-12,2014-15,regular_season,False,1610612761,TOR,Toronto Raptors,1610612754,IND,Indiana Pacers,26,22,W,11,21,0.524,2,5,0.4,2,3,0.667,2,8,10,6,1,2,1,7,4,8,19,0.421,1,5,0.2,5,6,0.833,2,8,10,6,0,1,4,4,-4
0021400334,2014-12-12,2014-15,regular_season,False,1610612763,MEM,Memphis Grizzlies,1610612766,CHA,Charlotte Hornets,23,20,W,9,17,0.529,0,3,0.0,5,7,0.714,1,5,6,7,3,0,4,2,3,8,18,0.444,1,4,0.25,3,3,1.0,3,7,10,3,2,2,6,6,-3
0021400335,2014-12-12,2014-15,regular_season,False,1610612750,MIN,Minnesota Timberwolves,1610612760,OKC,Oklahoma City Thunder,15,18,L,5,16,0.312,0,2,0.0,5,8,0.625,1,8,9,3,4,2,6,5,-3,8,22,0.364,1,11,0.091,1,2,0.5,4,7,11,5,6,0,6,5,3
0021400336,2014-12-12,2014-15,regular_season,False,1610612740,NOP,New Orleans Pelicans,1610612739,CLE,Cleveland Cavaliers,30,38,L,9,16,0.562,4,8,0.5,8,8,1.0,1,5,6,2,2,2,2,3,-8,15,25,0.6,6,10,0.6,2,2,1.0,4,5,9,8,1,1,2,7,8
0021400337,2014-12-12,2014-15,regular_season,False,1610612756,PHX,Phoenix Suns,1610612765,DET,Detroit Pistons,27,30,L,9,17,0.529,1,8,0.125,8,10,0.8,3,5,8,1,3,2,4,9,-3,11,19,0.579,3,6,0.5,5,8,0.625,2,5,7,5,2,0,4,8,3
0021400338,2014-12-12,2014-15,regular_season,False,1610612762,UTA,Utah Jazz,1610612748,MIA,Miami Heat,21,22,L,6,16,0.375,1,6,0.167,8,10,0.8,0,11,11,2,3,1,4,6,-1,7,18,0.389,2,7,0.286,6,8,0.75,2,9,11,4,1,1,4,6,1
0021400339,2014-12-12,2014-15,regular_season,False,1610612759,SAS,San Antonio Spurs,1610612747,LAL,Los Angeles Lakers,26,15,W,8,23,0.348,4,10,0.4,6,10,0.6,5,11,16,2,6,4,3,5,11,7,21,0.333,1,2,0.5,0,2,0.0,3,10,13,4,2,2,7,5,-11
0021400347,2014-12-13,2014-15,regular_season,False,1610612758,SAC,Sacramento Kings,1610612765,DET,Detroit Pistons,30,28,W,12,24,0.5,4,9,0.444,2,2,1.0,6,6,12,6,0,1,3,8,2,8,21,0.381,1,3,0.333,11,12,0.917,4,6,10,4,2,1,0,4,-2
0021400345,2014-12-13,2014-15,regular_season,False,1610612755,PHI,Philadelphia 76ers,1610612763,MEM,Memphis Grizzlies,29,41,L,8,14,0.571,3,5,0.6,10,12,0.833,2,4,6,4,1,2,6,6,-12,14,24,0.583,8,12,0.667,5,7,0.714,3,5,8,12,4,1,2,7,12
0021400344,2014-12-13,2014-15,regular_season,False,1610612749,MIL,Milwaukee Bucks,1610612746,LAC,Los Angeles Clippers,39,35,W,13,20,0.65,4,6,0.667,9,10,0.9,2,7,9,7,0,1,1,9,4,12,24,0.5,5,8,0.625,6,10,0.6,3,4,7,4,0,1,2,11,-4
0021400346,2014-12-13,2014-15,regular_season,False,1610612745,HOU,Houston Rockets,1610612743,DEN,Denver Nuggets,28,23,W,11,21,0.524,1,7,0.143,5,9,0.556,1,10,11,4,2,1,2,1,5,10,23,0.435,2,10,0.2,1,1,1.0,1,9,10,3,1,1,5,6,-5
0021400342,2014-12-13,2014-15,regular_season,False,1610612754,IND,Indiana Pacers,1610612757,POR,Portland Trail Blazers,19,13,W,7,20,0.35,1,4,0.25,4,4,1.0,2,12,14,4,3,2,4,5,6,5,21,0.238,1,5,0.2,2,2,1.0,4,8,12,2,2,2,4,6,-6
0021400341,2014-12-13,2014-15,regular_season,False,1610612766,CHA,Charlotte Hornets,1610612751,BKN,Brooklyn Nets,28,29,L,10,22,0.455,3,9,0.333,5,8,0.625,1,8,9,4,1,1,1,5,-1,10,18,0.556,3,5,0.6,6,7,0.857,0,12,12,6,1,0,5,6,1
0021400343,2014-12-13,2014-15,regular_season,False,1610612753,ORL,Orlando Magic,1610612737,ATL,Atlanta Hawks,28,27,W,9,21,0.429,2,5,0.4,8,9,0.889,2,8,10,5,0,1,0,4,1,9,18,0.5,1,5,0.2,8,8,1.0,0,10,10,7,0,0,1,7,-1
0021400340,2014-12-13,2014-15,regular_season,False,1610612742,DAL,Dallas Mavericks,1610612744,GSW,Golden State Warriors,30,18,W,8,22,0.364,2,8,0.25,12,14,0.857,4,13,17,2,4,0,5,9,12,5,18,0.278,0,9,0.0,8,12,0.667,2,9,11,2,2,4,4,8,-12
0021400353,2014-12-14,2014-15,regular_season,False,1610612752,NYK,New York Knicks,1610612761,TOR,Toronto Raptors,19,14,W,7,19,0.368,3,6,0.5,2,2,1.0,3,9,12,3,5,0,6,4,5,4,17,0.235,2,9,0.222,4,4,1.0,2,8,10,3,2,1,6,5,-5
0021400352,2014-12-14,2014-15,regular_season,False,1610612760,OKC,Oklahoma City Thunder,1610612756,PHX,Phoenix Suns,23,24,L,10,18,0.556,1,3,0.333,2,3,0.667,2,14,16,7,0,2,7,4,-1,10,29,0.345,2,6,0.333,2,5,0.4,5,6,11,8,6,1,0,3,1
0021400351,2014-12-14,2014-15,regular_season,False,1610612750,MIN,Minnesota Timberwolves,1610612747,LAL,Los Angeles Lakers,25,29,L,9,24,0.375,2,5,0.4,5,6,0.833,5,8,13,4,2,0,3,7,-4,10,22,0.455,2,3,0.667,7,8,0.875,4,7,11,5,2,1,2,4,4
0021400354,2014-12-14,2014-15,regular_season,False,1610612743,DEN,Denver Nuggets,1610612759,SAS,San Antonio Spurs,30,28,W,11,23,0.478,1,4,0.25,7,10,0.7,5,6,11,6,2,0,4,11,2,7,15,0.467,1,4,0.25,13,18,0.722,2,9,11,4,4,1,3,8,-2
0021400349,2014-12-14,2014-15,regular_season,False,1610612748,MIA,Miami Heat,1610612741,CHI,Chicago Bulls,27,21,W,9,19,0.474,3,9,0.333,6,6,1.0,0,8,8,5,2,2,1,5,6,7,17,0.412,3,7,0.429,4,4,1.0,1,9,10,5,1,2,5,5,-6
0021400348,2014-12-14,2014-15,regular_season,False,1610612740,NOP,New Orleans Pelicans,1610612744,GSW,Golden State Warriors,22,22,L,8,18,0.444,2,6,0.333,4,4,1.0,0,9,9,5,4,2,6,10,0,6,18,0.333,1,7,0.143,9,13,0.692,3,7,10,3,2,2,5,3,0
0021400350,2014-12-14,2014-15,regular_season,False,1610612764,WAS,Washington Wizards,1610612762,UTA,Utah Jazz,26,26,W,13,24,0.542,0,1,0.0,0,2,0.0,3,7,10,4,2,4,1,9,0,6,18,0.333,1,3,0.333,13,16,0.812,5,9,14,3,1,1,3,3,0
0021400355,2014-12-15,2014-15,regular_season,False,1610612739,CLE,Cleveland Cavaliers,1610612766,CHA,Charlotte Hornets,17,20,L,7,21,0.333,1,7,0.143,2,2,1.0,3,10,13,5,2,2,4,6,-3,8,18,0.444,0,3,0.0,4,8,0.5,1,9,10,5,1,0,2,4,3
0021400356,2014-12-15,2014-15,regular_season,False,1610612754,IND,Indiana Pacers,1610612747,LAL,Los Angeles Lakers,21,33,L,9,21,0.429,3,10,0.3,0,0,0.0,2,5,7,3,1,0,2,9,-12,11,18,0.611,3,6,0.5,8,12,0.667,4,8,12,6,2,1,1,1,12
0021400357,2014-12-15,2014-15,regular_season,False,1610612755,PHI,Philadelphia 76ers,1610612738,BOS,Boston Celtics,23,17,W,8,22,0.364,0,6,0.0,7,8,0.875,3,8,11,6,2,5,4,7,6,6,22,0.273,0,4,0.0,5,6,0.833,7,7,14,4,3,1,5,7,-6
0021400358,2014-12-15,2014-15,regular_season,False,1610612737,ATL,Atlanta Hawks,1610612741,CHI,Chicago Bulls,20,22,L,7,19,0.368,0,3,0.0,6,8,0.75,0,11,11,6,1,1,2,3,-2,9,23,0.391,3,12,0.25,1,2,0.5,2,13,15,5,1,1,3,6,2
0021400359,2014-12-15,2014-15,regular_season,False,1610612761,TOR,Toronto Raptors,1610612753,ORL,Orlando Magic,24,17,W,9,20,0.45,2,9,0.222,4,5,0.8,4,5,9,5,1,1,4,2,7,7,17,0.412,2,5,0.4,1,1,1.0,2,6,8,3,2,1,7,6,-7
0021400360,2014-12-15,2014-15,regular_season,False,1610612756,PHX,Phoenix Suns,1610612749,MIL,Milwaukee Bucks,22,29,L,7,16,0.438,4,9,0.444,4,4,1.0,3,7,10,3,2,1,7,7,-7,12,22,0.545,4,7,0.571,1,3,0.333,2,6,8,8,3,1,4,6,7
0021400361,2014-12-15,2014-15,regular_season,False,1610612757,POR,Portland Trail Blazers,1610612759,SAS,San Antonio Spurs,32,27,W,12,23,0.522,2,5,0.4,6,7,0.857,3,5,8,4,1,0,2,8,5,10,15,0.667,0,0,0.0,7,10,0.7,0,8,8,1,1,2,4,9,-5
0021400362,2014-12-15,2014-15,regular_season,False,1610612746,LAC,Los Angeles Clippers,1610612765,DET,Detroit Pistons,27,28,L,10,17,0.588,4,6,0.667,3,4,0.75,3,7,10,8,1,0,5,5,-1,11,21,0.524,3,9,0.333,3,3,1.0,1,4,5,7,2,0,1,4,1
0021400367,2014-12-16,2014-15,regular_season,False,1610612752,NYK,New York Knicks,1610612742,DAL,Dallas Mavericks,19,26,L,9,22,0.409,1,4,0.25,0,0,0.0,2,6,8,6,3,2,2,2,-7,10,20,0.5,5,9,0.556,1,1,1.0,4,9,13,9,1,2,4,4,7
0021400368,2014-12-16,2014-15,regular_season,False,1610612758,SAC,Sacramento Kings,1610612760,OKC,Oklahoma City Thunder,21,23,L,9,21,0.429,1,5,0.2,2,3,0.667,4,7,11,5,2,0,8,5,-2,10,21,0.476,0,6,0.0,3,3,1.0,2,6,8,3,4,1,4,5,2
0021400366,2014-12-16,2014-15,regular_season,False,1610612740,NOP,New Orleans Pelicans,1610612762,UTA,Utah Jazz,41,22,W,14,21,0.667,4,4,1.0,9,9,1.0,4,9,13,8,2,5,4,5,19,7,24,0.292,1,6,0.167,7,9,0.778,7,2,9,2,2,2,5,7,-19
0021400365,2014-12-16,2014-15,regular_season,False,1610612763,MEM,Memphis Grizzlies,1610612744,GSW,Golden State Warriors,25,29,L,8,21,0.381,1,4,0.25,8,8,1.0,2,9,11,6,1,1,4,2,-4,12,26,0.462,2,10,0.2,3,3,1.0,4,9,13,7,3,1,1,5,4
0021400364,2014-12-16,2014-15,regular_season,False,1610612751,BKN,Brooklyn Nets,1610612748,MIA,Miami Heat,25,19,W,9,23,0.391,3,8,0.375,4,6,0.667,4,7,11,6,3,0,4,8,6,5,12,0.417,2,6,0.333,7,12,0.583,0,9,9,3,2,1,7,5,-6
0021400363,2014-12-16,2014-15,regular_season,False,1610612764,WAS,Washington Wizards,1610612750,MIN,Minnesota Timberwolves,35,26,W,14,22,0.636,3,4,0.75,4,6,0.667,2,8,10,11,3,1,2,9,9,7,16,0.438,1,3,0.333,11,15,0.733,2,6,8,4,1,2,3,6,-9
0021400378,2014-12-17,2014-15,regular_season,False,1610612743,DEN,Denver Nuggets,1610612745,HOU,Houston Rockets,21,24,L,7,24,0.292,3,8,0.375,4,4,1.0,5,9,14,4,4,0,6,9,-3,6,19,0.316,3,8,0.375,9,13,0.692,3,12,15,4,3,0,6,5,3
0021400376,2014-12-17,2014-15,regular_season,False,1610612757,POR,Portland Trail Blazers,1610612749,MIL,Milwaukee Bucks,36,27,W,13,21,0.619,1,4,0.25,9,20,0.45,4,12,16,7,0,1,1,8,9,9,22,0.409,1,6,0.167,8,11,0.727,1,6,7,4,0,0,0,13,-9
0021400375,2014-12-17,2014-15,regular_season,False,1610612759,SAS,San Antonio Spurs,1610612763,MEM,Memphis Grizzlies,24,19,W,9,22,0.409,4,6,0.667,2,4,0.5,6,9,15,7,1,2,2,3,5,8,22,0.364,2,8,0.25,1,2,0.5,3,7,10,6,1,1,2,6,-5
0021400374,2014-12-17,2014-15,regular_season,False,1610612761,TOR,Toronto Raptors,1610612751,BKN,Brooklyn Nets,29,16,W,12,22,0.545,5,9,0.556,0,2,0.0,2,11,13,8,2,0,2,8,13,5,13,0.385,1,4,0.25,5,13,0.385,2,9,11,3,0,1,6,4,-13
0021400377,2014-12-17,2014-15,regular_season,False,1610612746,LAC,Los Angeles Clippers,1610612754,IND,Indiana Pacers,24,28,L,7,20,0.35,1,2,0.5,9,13,0.692,4,9,13,2,0,1,3,5,-4,11,24,0.458,1,5,0.2,5,7,0.714,3,10,13,5,1,2,1,10,4
0021400372,2014-12-17,2014-15,regular_season,False,1610612765,DET,Detroit Pistons,1610612742,DAL,Dallas Mavericks,33,34,L,12,20,0.6,5,8,0.625,4,4,1.0,2,7,9,7,0,0,3,9,-1,11,17,0.647,4,6,0.667,8,13,0.615,2,6,8,10,2,0,1,3,1
0021400371,2014-12-17,2014-15,regular_season,False,1610612738,BOS,Boston Celtics,1610612753,ORL,Orlando Magic,31,19,W,13,19,0.684,0,3,0.0,5,7,0.714,1,9,10,8,5,1,3,5,12,6,15,0.4,1,4,0.25,6,7,0.857,0,4,4,2,0,0,6,5,-12
0021400370,2014-12-17,2014-15,regular_season,False,1610612739,CLE,Cleveland Cavaliers,1610612737,ATL,Atlanta Hawks,23,32,L,8,21,0.381,3,8,0.375,4,6,0.667,3,6,9,4,0,0,1,5,-9,12,20,0.6,2,3,0.667,6,7,0.857,3,10,13,10,0,3,1,4,9
0021400369,2014-12-17,2014-15,regular_season,False,1610612766,CHA,Charlotte Hornets,1610612756,PHX,Phoenix Suns,19,28,L,8,23,0.348,3,11,0.273,0,0,0.0,3,6,9,3,3,1,4,6,-9,9,17,0.529,3,7,0.429,7,10,0.7,2,11,13,6,2,1,4,1,9
0021400373,2014-12-17,2014-15,regular_season,False,1610612748,MIA,Miami Heat,1610612762,UTA,Utah Jazz,28,28,L,8,18,0.444,3,7,0.429,9,10,0.9,1,4,5,2,5,0,2,7,0,9,17,0.529,4,7,0.571,6,7,0.857,3,8,11,4,0,0,7,8,0
0021400379,2014-12-18,2014-15,regular_season,False,1610612741,CHI,Chicago Bulls,1610612752,NYK,New York Knicks,30,23,W,8,16,0.5,5,9,0.556,9,10,0.9,2,5,7,6,3,1,1,5,7,7,17,0.412,2,4,0.5,7,8,0.875,5,7,12,3,1,1,4,7,-7
0021400380,2014-12-18,2014-15,regular_season,False,1610612745,HOU,Houston Rockets,1610612740,NOP,New Orleans Pelicans,22,34,L,9,19,0.474,1,3,0.333,3,7,0.429,3,8,11,4,0,1,5,5,-12,13,23,0.565,2,6,0.333,6,7,0.857,3,9,12,8,2,2,0,4,12
0021400381,2014-12-18,2014-15,regular_season,False,1610612758,SAC,Sacramento Kings,1610612749,MIL,Milwaukee Bucks,26,27,L,8,16,0.5,1,2,0.5,9,11,0.818,1,8,9,4,1,0,5,6,-1,9,20,0.45,1,5,0.2,8,9,0.889,1,6,7,7,1,0,1,9,1
0021400382,2014-12-18,2014-15,regular_season,False,1610612744,GSW,Golden State Warriors,1610612760,OKC,Oklahoma City Thunder,20,20,W,9,22,0.409,1,8,0.125,1,2,0.5,4,10,14,4,0,1,4,3,0,7,20,0.35,1,5,0.2,5,6,0.833,1,8,9,2,3,0,1,2,0
0021400389,2014-12-19,2014-15,regular_season,False,1610612763,MEM,Memphis Grizzlies,1610612741,CHI,Chicago Bulls,31,30,W,12,25,0.48,1,6,0.167,6,7,0.857,3,6,9,5,1,1,1,11,1,5,16,0.312,2,7,0.286,18,19,0.947,3,10,13,3,0,0,3,6,-1
0021400392,2014-12-19,2014-15,regular_season,False,1610612747,LAL,Los Angeles Lakers,1610612760,OKC,Oklahoma City Thunder,30,22,W,13,25,0.52,2,4,0.5,2,2,1.0,3,11,14,6,1,0,2,6,8,9,24,0.375,0,3,0.0,4,7,0.571,4,7,11,5,0,3,3,6,-8
0021400391,2014-12-19,2014-15,regular_season,False,1610612743,DEN,Denver Nuggets,1610612746,LAC,Los Angeles Clippers,38,32,W,10,18,0.556,2,6,0.333,16,18,0.889,2,3,5,8,5,0,4,10,6,8,16,0.5,1,3,0.333,15,18,0.833,5,5,10,2,2,0,6,10,-6
0021400390,2014-12-19,2014-15,regular_season,False,1610612759,SAS,San Antonio Spurs,1610612757,POR,Portland Trail Blazers,23,28,L,8,18,0.444,1,3,0.333,6,8,0.75,3,9,12,4,1,0,4,4,-5,10,22,0.455,4,8,0.5,4,4,1.0,2,7,9,4,2,1,1,7,5
0021400388,2014-12-19,2014-15,regular_season,False,1610612748,MIA,Miami Heat,1610612764,WAS,Washington Wizards,24,29,L,10,19,0.526,3,7,0.429,1,3,0.333,0,7,7,4,0,0,4,11,-5,9,18,0.5,0,3,0.0,11,17,0.647,3,9,12,5,2,0,1,4,5
0021400385,2014-12-19,2014-15,regular_season,False,1610612738,BOS,Boston Celtics,1610612750,MIN,Minnesota Timberwolves,31,21,W,11,17,0.647,5,9,0.556,4,4,1.0,1,8,9,9,3,0,6,5,10,8,17,0.471,2,4,0.5,3,6,0.5,0,5,5,6,4,0,5,3,-10
0021400386,2014-12-19,2014-15,regular_season,False,1610612739,CLE,Cleveland Cavaliers,1610612751,BKN,Brooklyn Nets,21,20,W,8,17,0.471,1,5,0.2,4,6,0.667,2,7,9,4,2,1,5,5,1,8,18,0.444,1,7,0.143,3,3,1.0,0,7,7,5,2,2,5,5,-1
0021400384,2014-12-19,2014-15,regular_season,False,1610612755,PHI,Philadelphia 76ers,1610612766,CHA,Charlotte Hornets,19,24,L,6,19,0.316,3,10,0.3,4,4,1.0,1,6,7,4,5,4,5,6,-5,10,22,0.455,2,5,0.4,2,3,0.667,4,12,16,7,2,0,8,4,5
0021400383,2014-12-19,2014-15,regular_season,False,1610612753,ORL,Orlando Magic,1610612762,UTA,Utah Jazz,28,20,W,11,23,0.478,2,5,0.4,4,5,0.8,3,7,10,9,1,2,1,6,8,7,16,0.438,1,2,0.5,5,8,0.625,2,8,10,5,0,1,4,4,-8
0021400387,2014-12-19,2014-15,regular_season,False,1610612765,DET,Detroit Pistons,1610612761,TOR,Toronto Raptors,30,29,W,10,21,0.476,6,11,0.545,4,4,1.0,2,8,10,6,1,0,2,5,1,10,17,0.588,4,7,0.571,5,8,0.625,0,8,8,6,1,2,2,3,-1
0021400393,2014-12-20,2014-15,regular_season,False,1610612752,NYK,New York Knicks,1610612756,PHX,Phoenix Suns,22,32,L,9,21,0.429,0,5,0.0,4,4,1.0,4,5,9,3,3,0,2,8,-10,10,18,0.556,4,8,0.5,8,9,0.889,4,7,11,3,0,1,3,4,10
0021400394,2014-12-20,2014-15,regular_season,False,1610612740,NOP,New Orleans Pelicans,1610612757,POR,Portland Trail Blazers,26,20,W,7,19,0.368,2,5,0.4,10,10,1.0,3,11,14,3,3,0,5,3,6,8,20,0.4,1,5,0.2,3,5,0.6,2,9,11,2,2,0,5,8,-6
0021400395,2014-12-20,2014-15,regular_season,False,1610612766,CHA,Charlotte Hornets,1610612762,UTA,Utah Jazz,20,23,L,8,20,0.4,3,7,0.429,1,2,0.5,1,11,12,4,2,1,2,3,-3,8,23,0.348,4,13,0.308,3,4,0.75,3,9,12,5,1,1,2,2,3
0021400396,2014-12-20,2014-15,regular_season,False,1610612745,HOU,Houston Rockets,1610612737,ATL,Atlanta Hawks,23,30,L,8,22,0.364,3,12,0.25,4,5,0.8,5,5,10,4,2,1,5,12,-7,8,15,0.533,2,5,0.4,12,14,0.857,2,9,11,6,0,1,4,5,7
0021400397,2014-12-20,2014-15,regular_season,False,1610612742,DAL,Dallas Mavericks,1610612759,SAS,San Antonio Spurs,24,16,W,11,22,0.5,1,4,0.25,1,2,0.5,2,8,10,4,5,0,3,7,8,5,16,0.312,0,4,0.0,6,6,1.0,2,9,11,2,2,0,8,4,-8
0021400398,2014-12-20,2014-15,regular_season,False,1610612743,DEN,Denver Nuggets,1610612754,IND,Indiana Pacers,21,18,W,7,23,0.304,2,7,0.286,5,5,1.0,5,10,15,3,0,2,3,5,3,7,25,0.28,2,7,0.286,2,2,1.0,4,9,13,3,0,1,3,6,-3
0021400399,2014-12-20,2014-15,regular_season,False,1610612746,LAC,Los Angeles Clippers,1610612749,MIL,Milwaukee Bucks,24,19,W,6,16,0.375,2,6,0.333,10,12,0.833,2,8,10,4,2,1,1,4,5,8,18,0.444,2,8,0.25,1,3,0.333,2,8,10,4,0,0,4,6,-5
0021400405,2014-12-21,2014-15,regular_season,False,1610612753,ORL,Orlando Magic,1610612755,PHI,Philadelphia 76ers,28,32,L,10,20,0.5,3,9,0.333,5,9,0.556,3,4,7,6,2,2,5,7,-4,12,20,0.6,3,6,0.5,5,7,0.714,2,9,11,9,5,2,5,7,4
0021400408,2014-12-21,2014-15,regular_season,False,1610612760,OKC,Oklahoma City Thunder,1610612740,NOP,New Orleans Pelicans,18,25,L,7,22,0.318,1,4,0.25,3,4,0.75,5,8,13,1,0,0,3,4,-7,11,23,0.478,2,6,0.333,1,1,1.0,1,9,10,10,3,5,1,4,7
0021400406,2014-12-21,2014-15,regular_season,False,1610612764,WAS,Washington Wizards,1610612756,PHX,Phoenix Suns,21,25,L,7,18,0.389,1,6,0.167,6,9,0.667,3,7,10,2,2,1,3,4,-4,10,20,0.5,1,3,0.333,4,4,1.0,2,8,10,4,0,0,2,8,4
0021400404,2014-12-21,2014-15,regular_season,False,1610612748,MIA,Miami Heat,1610612738,BOS,Boston Celtics,28,23,W,12,23,0.522,2,8,0.25,2,2,1.0,2,9,11,5,2,1,3,7,5,7,20,0.35,3,8,0.375,6,8,0.75,4,6,10,4,1,1,5,3,-5
0021400407,2014-12-21,2014-15,regular_season,False,1610612750,MIN,Minnesota Timberwolves,1610612754,IND,Indiana Pacers,28,25,W,10,20,0.5,2,4,0.5,6,6,1.0,3,9,12,7,2,1,4,8,3,10,22,0.455,1,6,0.167,4,6,0.667,4,4,8,4,2,1,2,6,-3
0021400402,2014-12-21,2014-15,regular_season,False,1610612758,SAC,Sacramento Kings,1610612747,LAL,Los Angeles Lakers,27,21,W,9,18,0.5,3,9,0.333,6,7,0.857,1,9,10,5,2,2,5,7,6,6,22,0.273,2,10,0.2,7,8,0.875,4,7,11,4,3,1,5,6,-6
0021400401,2014-12-21,2014-15,regular_season,False,1610612739,CLE,Cleveland Cavaliers,1610612763,MEM,Memphis Grizzlies,28,21,W,12,19,0.632,2,4,0.5,2,3,0.667,1,10,11,7,1,3,4,5,7,9,25,0.36,0,4,0.0,3,4,0.75,5,7,12,5,2,0,2,5,-7
0021400403,2014-12-21,2014-15,regular_season,False,1610612751,BKN,Brooklyn Nets,1610612765,DET,Detroit Pistons,27,27,W,9,16,0.562,1,4,0.25,8,11,0.727,1,7,8,6,4,1,5,5,0,11,19,0.579,4,8,0.5,1,4,0.25,1,8,9,8,3,0,5,9,0
0021400400,2014-12-21,2014-15,regular_season,False,1610612761,TOR,Toronto Raptors,1610612752,NYK,New York Knicks,27,33,L,9,22,0.409,4,9,0.444,5,6,0.833,4,5,9,4,1,0,4,8,-6,11,20,0.55,0,2,0.0,11,11,1.0,2,7,9,7,3,1,1,4,6
0021400409,2014-12-22,2014-15,regular_season,False,1610612766,CHA,Charlotte Hornets,1610612743,DEN,Denver Nuggets,26,25,W,9,15,0.6,3,7,0.429,5,8,0.625,0,10,10,5,0,0,5,7,1,8,21,0.381,0,2,0.0,9,11,0.818,4,7,11,3,3,1,1,6,-1
0021400410,2014-12-22,2014-15,regular_season,False,1610612741,CHI,Chicago Bulls,1610612761,TOR,Toronto Raptors,49,37,W,14,20,0.7,2,2,1.0,19,22,0.864,5,5,10,6,1,4,3,8,12,14,26,0.538,1,9,0.111,8,12,0.667,4,2,6,4,1,1,1,12,-12
0021400411,2014-12-22,2014-15,regular_season,False,1610612745,HOU,Houston Rockets,1610612757,POR,Portland Trail Blazers,14,19,L,6,16,0.375,2,10,0.2,0,2,0.0,1,10,11,3,2,1,8,4,-5,8,19,0.421,2,6,0.333,1,1,1.0,1,8,9,3,5,1,7,7,5
0021400412,2014-12-22,2014-15,regular_season,False,1610612763,MEM,Memphis Grizzlies,1610612762,UTA,Utah Jazz,23,27,L,8,25,0.32,3,10,0.3,4,4,1.0,2,8,10,5,1,1,1,9,-4,7,15,0.467,1,3,0.333,12,15,0.8,1,14,15,4,0,2,4,5,4
0021400413,2014-12-22,2014-15,regular_season,False,1610612742,DAL,Dallas Mavericks,1610612737,ATL,Atlanta Hawks,39,23,W,14,23,0.609,4,8,0.5,7,10,0.7,4,8,12,6,5,1,6,10,16,5,14,0.357,2,6,0.333,11,13,0.846,1,7,8,4,2,0,10,9,-16
0021400414,2014-12-22,2014-15,regular_season,False,1610612759,SAS,San Antonio Spurs,1610612746,LAC,Los Angeles Clippers,30,28,W,10,18,0.556,3,7,0.429,7,12,0.583,0,9,9,9,1,1,2,3,2,11,24,0.458,2,9,0.222,4,5,0.8,3,8,11,5,1,1,3,11,-2
0021400415,2014-12-22,2014-15,regular_season,False,1610612744,GSW,Golden State Warriors,1610612758,SAC,Sacramento Kings,35,32,W,13,22,0.591,4,7,0.571,5,5,1.0,1,7,8,8,0,0,1,4,3,13,24,0.542,2,6,0.333,4,6,0.667,4,8,12,10,0,2,1,4,-3
0021400425,2014-12-23,2014-15,regular_season,False,1610612756,PHX,Phoenix Suns,1610612742,DAL,Dallas Mavericks,35,41,L,11,20,0.55,4,7,0.571,9,10,0.9,2,5,7,7,0,0,4,11,-6,12,19,0.632,4,8,0.5,13,16,0.812,1,7,8,6,1,0,2,7,6
0021400424,2014-12-23,2014-15,regular_season,False,1610612760,OKC,Oklahoma City Thunder,1610612757,POR,Portland Trail Blazers,25,25,L,11,24,0.458,2,6,0.333,1,2,0.5,1,9,10,6,2,1,2,6,0,8,21,0.381,3,10,0.3,6,6,1.0,2,10,12,6,2,1,4,4,0
0021400423,2014-12-23,2014-15,regular_season,False,1610612749,MIL,Milwaukee Bucks,1610612766,CHA,Charlotte Hornets,21,20,W,8,23,0.348,1,7,0.143,4,5,0.8,2,11,13,4,2,1,4,8,1,6,20,0.3,2,4,0.5,6,10,0.6,3,12,15,5,1,4,3,5,-1
0021400422,2014-12-23,2014-15,regular_season,False,1610612748,MIA,Miami Heat,1610612755,PHI,Philadelphia 76ers,9,18,L,4,19,0.211,0,9,0.0,1,2,0.5,4,3,7,0,3,1,4,6,-9,6,16,0.375,1,4,0.25,5,7,0.714,4,9,13,3,2,0,5,4,9
0021400421,2014-12-23,2014-15,regular_season,False,1610612751,BKN,Brooklyn Nets,1610612743,DEN,Denver Nuggets,26,19,W,10,23,0.435,1,6,0.167,5,7,0.714,4,9,13,5,3,2,0,4,7,7,18,0.389,1,5,0.2,4,5,0.8,1,10,11,1,0,0,4,5,-7
0021400426,2014-12-23,2014-15,regular_season,False,1610612747,LAL,Los Angeles Lakers,1610612744,GSW,Golden State Warriors,20,32,L,7,20,0.35,1,5,0.2,5,8,0.625,4,4,8,5,1,2,4,5,-12,12,20,0.6,4,8,0.5,4,5,0.8,2,11,13,8,2,0,5,6,12
0021400419,2014-12-23,2014-15,regular_season,False,1610612764,WAS,Washington Wizards,1610612741,CHI,Chicago Bulls,26,29,L,9,24,0.375,1,3,0.333,7,9,0.778,2,9,11,5,0,1,1,6,-3,10,19,0.526,1,3,0.333,8,10,0.8,1,14,15,5,1,3,2,5,3
0021400418,2014-12-23,2014-15,regular_season,False,1610612753,ORL,Orlando Magic,1610612738,BOS,Boston Celtics,15,35,L,3,15,0.2,1,3,0.333,8,16,0.5,1,10,11,2,0,1,5,7,-20,12,24,0.5,4,10,0.4,7,9,0.778,1,14,15,10,4,1,1,11,20
0021400417,2014-12-23,2014-15,regular_season,False,1610612754,IND,Indiana Pacers,1610612740,NOP,New Orleans Pelicans,26,23,W,8,18,0.444,2,3,0.667,8,10,0.8,1,11,12,4,1,1,1,6,3,8,21,0.381,1,4,0.25,6,8,0.75,2,10,12,4,0,1,2,6,-3
0021400416,2014-12-23,2014-15,regular_season,False,1610612739,CLE,Cleveland Cavaliers,1610612750,MIN,Minnesota Timberwolves,29,25,W,9,20,0.45,2,6,0.333,9,12,0.75,3,9,12,5,3,1,5,8,4,8,22,0.364,0,4,0.0,9,12,0.75,2,8,10,5,4,3,4,8,-4
0021400420,2014-12-23,2014-15,regular_season,False,1610612737,ATL,Atlanta Hawks,1610612746,LAC,Los Angeles Clippers,26,21,W,8,18,0.444,2,4,0.5,8,10,0.8,2,9,11,7,1,0,1,6,5,7,25,0.28,1,6,0.167,6,10,0.6,8,7,15,4,1,2,2,6,-5
0021400427,2014-12-25,2014-15,regular_season,False,1610612752,NYK,New York Knicks,1610612764,WAS,Washington Wizards,21,18,W,10,21,0.476,0,7,0.0,1,2,0.5,2,9,11,5,1,1,1,6,3,6,19,0.316,1,3,0.333,5,6,0.833,4,9,13,5,0,1,1,5,-3
0021400428,2014-12-25,2014-15,regular_season,False,1610612759,SAS,San Antonio Spurs,1610612760,OKC,Oklahoma City Thunder,29,38,L,10,23,0.435,3,7,0.429,6,8,0.75,3,8,11,8,2,1,4,9,-9,13,18,0.722,3,4,0.75,9,15,0.6,0,9,9,8,2,3,2,5,9
0021400429,2014-12-25,2014-15,regular_season,False,1610612748,MIA,Miami Heat,1610612739,CLE,Cleveland Cavaliers,24,17,W,10,18,0.556,1,3,0.333,3,3,1.0,1,9,10,7,2,2,4,7,7,6,19,0.316,2,8,0.25,3,7,0.429,3,6,9,4,4,1,4,3,-7
0021400430,2014-12-25,2014-15,regular_season,False,1610612741,CHI,Chicago Bulls,1610612747,LAL,Los Angeles Lakers,30,16,W,9,21,0.429,3,8,0.375,9,12,0.75,6,12,18,8,1,4,4,2,14,7,24,0.292,0,5,0.0,2,4,0.5,3,6,9,6,3,1,1,8,-14
0021400431,2014-12-25,2014-15,regular_season,False,1610612746,LAC,Los Angeles Clippers,1610612744,GSW,Golden State Warriors,27,16,W,10,17,0.588,2,6,0.333,5,8,0.625,0,14,14,6,1,1,3,5,11,5,22,0.227,1,10,0.1,5,7,0.714,4,9,13,3,2,1,3,5,-11
0021400442,2014-12-26,2014-15,regular_season,False,1610612758,SAC,Sacramento Kings,1610612756,PHX,Phoenix Suns,16,21,L,6,21,0.286,1,8,0.125,3,5,0.6,5,9,14,3,0,0,4,4,-5,9,23,0.391,2,9,0.222,1,2,0.5,5,6,11,4,1,4,2,3,5
0021400441,2014-12-26,2014-15,regular_season,False,1610612757,POR,Portland Trail Blazers,1610612755,PHI,Philadelphia 76ers,26,19,W,11,25,0.44,4,11,0.364,0,0,0.0,3,13,16,6,3,4,6,8,7,6,18,0.333,0,2,0.0,7,13,0.538,1,9,10,3,2,4,4,2,-7
0021400440,2014-12-26,2014-15,regular_season,False,1610612743,DEN,Denver Nuggets,1610612750,MIN,Minnesota Timberwolves,27,28,L,9,22,0.409,0,2,0.0,9,12,0.75,5,10,15,4,0,2,8,11,-1,10,28,0.357,0,5,0.0,8,14,0.571,7,5,12,6,3,0,3,9,1
0021400439,2014-12-26,2014-15,regular_season,False,1610612742,DAL,Dallas Mavericks,1610612747,LAL,Los Angeles Lakers,30,36,L,9,22,0.409,3,8,0.375,9,15,0.6,1,9,10,6,2,2,1,6,-6,12,25,0.48,7,13,0.538,5,5,1.0,3,14,17,7,0,3,3,11,6
0021400438,2014-12-26,2014-15,regular_season,False,1610612760,OKC,Oklahoma City Thunder,1610612766,CHA,Charlotte Hornets,17,19,L,7,23,0.304,1,9,0.111,2,2,1.0,2,9,11,5,2,2,1,8,-2,5,19,0.263,1,8,0.125,8,10,0.8,4,14,18,2,1,1,4,3,2
0021400434,2014-12-26,2014-15,regular_season,False,1610612737,ATL,Atlanta Hawks,1610612749,MIL,Milwaukee Bucks,19,26,L,8,19,0.421,2,5,0.4,1,2,0.5,1,8,9,6,0,0,4,4,-7,11,20,0.55,0,1,0.0,4,6,0.667,1,10,11,9,3,1,1,4,7
0021400436,2014-12-26,2014-15,regular_season,False,1610612763,MEM,Memphis Grizzlies,1610612745,HOU,Houston Rockets,23,25,L,9,27,0.333,3,8,0.375,2,5,0.4,8,6,14,7,0,1,2,4,-2,9,18,0.5,5,9,0.556,2,2,1.0,1,9,10,5,1,3,2,6,2
0021400435,2014-12-26,2014-15,regular_season,False,1610612765,DET,Detroit Pistons,1610612754,IND,Indiana Pacers,26,27,L,8,16,0.5,1,5,0.2,9,16,0.562,2,6,8,5,3,1,4,5,-1,12,22,0.545,3,7,0.429,0,3,0.0,3,9,12,5,1,0,5,11,1
0021400433,2014-12-26,2014-15,regular_season,False,1610612753,ORL,Orlando Magic,1610612739,CLE,Cleveland Cavaliers,14,27,L,5,21,0.238,2,7,0.286,2,2,1.0,2,6,8,3,1,0,4,7,-13,9,20,0.45,1,7,0.143,8,10,0.8,3,12,15,3,2,3,1,4,13
0021400432,2014-12-26,2014-15,regular_season,False,1610612738,BOS,Boston Celtics,1610612751,BKN,Brooklyn Nets,21,30,L,9,20,0.45,3,6,0.5,0,0,0.0,2,7,9,7,0,0,4,6,-9,12,23,0.522,2,7,0.286,4,7,0.571,4,7,11,3,2,1,1,1,9
0021400437,2014-12-26,2014-15,regular_season,False,1610612740,NOP,New Orleans Pelicans,1610612759,SAS,San Antonio Spurs,27,26,W,9,19,0.474,2,5,0.4,7,8,0.875,0,8,8,7,3,0,2,4,1,10,18,0.556,2,5,0.4,4,4,1.0,0,8,8,7,1,0,5,7,-1
0021400452,2014-12-27,2014-15,regular_season,False,1610612744,GSW,Golden State Warriors,1610612750,MIN,Minnesota Timberwolves,22,30,L,9,19,0.474,1,3,0.333,3,4,0.75,1,8,9,5,3,2,4,7,-8,10,20,0.5,5,9,0.556,5,10,0.5,5,8,13,9,3,0,4,4,8
0021400451,2014-12-27,2014-15,regular_season,False,1610612758,SAC,Sacramento Kings,1610612752,NYK,New York Knicks,28,37,L,11,21,0.524,1,3,0.333,5,6,0.833,3,4,7,6,2,3,4,8,-9,13,23,0.565,2,3,0.667,9,13,0.692,6,7,13,6,4,4,2,5,9
0021400450,2014-12-27,2014-15,regular_season,False,1610612762,UTA,Utah Jazz,1610612755,PHI,Philadelphia 76ers,29,16,W,10,21,0.476,2,4,0.5,7,8,0.875,5,11,16,6,0,3,3,6,13,5,17,0.294,0,6,0.0,6,8,0.75,2,7,9,2,1,2,2,6,-13
0021400449,2014-12-27,2014-15,regular_season,False,1610612749,MIL,Milwaukee Bucks,1610612737,ATL,Atlanta Hawks,22,24,L,8,23,0.348,4,12,0.333,2,3,0.667,3,8,11,5,2,5,3,6,-2,8,19,0.421,0,3,0.0,8,8,1.0,2,11,13,5,2,1,4,4,2
0021400448,2014-12-27,2014-15,regular_season,False,1610612751,BKN,Brooklyn Nets,1610612754,IND,Indiana Pacers,20,31,L,7,18,0.389,1,8,0.125,5,8,0.625,1,7,8,4,0,0,3,5,-11,12,19,0.632,4,6,0.667,3,6,0.5,0,8,8,12,3,1,0,6,11
0021400446,2014-12-27,2014-15,regular_season,False,1610612748,MIA,Miami Heat,1610612763,MEM,Memphis Grizzlies,26,31,L,10,22,0.455,1,7,0.143,5,5,1.0,2,5,7,5,1,1,0,13,-5,6,15,0.4,1,4,0.25,18,23,0.783,3,7,10,4,0,1,1,5,5
0021400445,2014-12-27,2014-15,regular_season,False,1610612764,WAS,Washington Wizards,1610612738,BOS,Boston Celtics,21,25,L,10,23,0.435,0,3,0.0,1,1,1.0,4,10,14,6,1,1,5,7,-4,10,21,0.476,1,5,0.2,4,6,0.667,1,7,8,4,2,1,2,3,4
0021400444,2014-12-27,2014-15,regular_season,False,1610612766,CHA,Charlotte Hornets,1610612753,ORL,Orlando Magic,26,21,W,8,20,0.4,1,4,0.25,9,12,0.75,1,10,11,3,0,4,1,8,5,7,20,0.35,1,4,0.25,6,10,0.6,1,10,11,2,0,1,1,8,-5
0021400443,2014-12-27,2014-15,regular_season,False,1610612746,LAC,Los Angeles Clippers,1610612761,TOR,Toronto Raptors,20,30,L,9,20,0.45,2,6,0.333,0,0,0.0,0,9,9,9,0,3,2,6,-10,11,22,0.5,5,11,0.455,3,4,0.75,3,10,13,7,1,0,2,2,10
0021400447,2014-12-27,2014-15,regular_season,False,1610612741,CHI,Chicago Bulls,1610612740,NOP,New Orleans Pelicans,27,29,L,11,18,0.611,1,3,0.333,4,5,0.8,1,4,5,4,2,0,2,4,-2,12,24,0.5,1,5,0.2,4,4,1.0,5,7,12,3,1,1,3,4,2
0021400453,2014-12-28,2014-15,regular_season,False,1610612739,CLE,Cleveland Cavaliers,1610612765,DET,Detroit Pistons,19,26,L,7,18,0.389,1,9,0.111,4,8,0.5,2,10,12,7,1,2,4,4,-7,10,23,0.435,4,5,0.8,2,4,0.5,3,8,11,7,3,1,2,6,7
0021400454,2014-12-28,2014-15,regular_season,False,1610612759,SAS,San Antonio Spurs,1610612745,HOU,Houston Rockets,25,22,W,7,16,0.438,2,9,0.222,9,11,0.818,1,8,9,3,4,1,6,6,3,9,17,0.529,2,8,0.25,2,7,0.286,2,8,10,5,5,0,8,10,-3
0021400455,2014-12-28,2014-15,regular_season,False,1610612742,DAL,Dallas Mavericks,1610612760,OKC,Oklahoma City Thunder,31,19,W,11,21,0.524,1,6,0.167,8,10,0.8,3,6,9,5,2,2,2,1,12,9,22,0.409,1,3,0.333,0,2,0.0,4,7,11,4,1,1,5,9,-12
0021400456,2014-12-28,2014-15,regular_season,False,1610612757,POR,Portland Trail Blazers,1610612752,NYK,New York Knicks,25,21,W,10,21,0.476,3,6,0.5,2,2,1.0,3,9,12,4,3,2,3,5,4,7,21,0.333,3,7,0.429,4,6,0.667,4,8,12,4,1,1,4,2,-4
0021400457,2014-12-28,2014-15,regular_season,False,1610612743,DEN,Denver Nuggets,1610612761,TOR,Toronto Raptors,15,28,L,5,18,0.278,0,4,0.0,5,6,0.833,3,7,10,2,0,1,3,7,-13,9,18,0.5,3,7,0.429,7,7,1.0,1,9,10,7,0,1,1,5,13
0021400458,2014-12-28,2014-15,regular_season,False,1610612747,LAL,Los Angeles Lakers,1610612756,PHX,Phoenix Suns,26,28,L,10,19,0.526,3,7,0.429,3,5,0.6,0,7,7,3,1,2,3,7,-2,9,18,0.5,2,4,0.5,8,9,0.889,2,9,11,5,2,1,3,4,2
0021400464,2014-12-29,2014-15,regular_season,False,1610612746,LAC,Los Angeles Clippers,1610612762,UTA,Utah Jazz,24,20,W,9,20,0.45,1,3,0.333,5,7,0.714,2,10,12,6,1,5,4,6,4,7,26,0.269,1,2,0.5,5,11,0.455,8,6,14,5,2,1,1,7,-4
0021400463,2014-12-29,2014-15,regular_season,False,1610612745,HOU,Houston Rockets,1610612764,WAS,Washington Wizards,36,26,W,13,22,0.591,5,9,0.556,5,6,0.833,4,5,9,4,2,1,5,8,10,6,16,0.375,2,4,0.5,12,12,1.0,2,3,5,5,1,0,6,7,-10
0021400462,2014-12-29,2014-15,regular_season,False,1610612748,MIA,Miami Heat,1610612753,ORL,Orlando Magic,24,25,L,6,16,0.375,1,3,0.333,11,14,0.786,3,7,10,2,1,0,2,7,-1,9,15,0.6,0,3,0.0,7,9,0.778,1,5,6,2,2,1,3,8,1
0021400459,2014-12-29,2014-15,regular_season,False,1610612766,CHA,Charlotte Hornets,1610612749,MIL,Milwaukee Bucks,22,15,W,8,22,0.364,3,9,0.333,3,3,1.0,3,11,14,5,2,2,5,3,7,6,20,0.3,1,8,0.125,2,2,1.0,1,9,10,3,1,3,4,6,-7
0021400460,2014-12-29,2014-15,regular_season,False,1610612754,IND,Indiana Pacers,1610612741,CHI,Chicago Bulls,25,11,W,11,21,0.524,2,5,0.4,1,5,0.2,1,13,14,7,0,2,5,6,14,2,21,0.095,1,3,0.333,6,6,1.0,3,4,7,1,2,1,3,5,-14
0021400461,2014-12-29,2014-15,regular_season,False,1610612751,BKN,Brooklyn Nets,1610612758,SAC,Sacramento Kings,25,30,L,9,23,0.391,3,6,0.5,4,7,0.571,3,6,9,7,0,1,0,6,-5,10,19,0.526,4,8,0.5,6,9,0.667,2,12,14,6,0,0,3,7,5
0021400474,2014-12-30,2014-15,regular_season,False,1610612744,GSW,Golden State Warriors,1610612755,PHI,Philadelphia 76ers,30,23,W,9,16,0.562,2,6,0.333,10,12,0.833,1,9,10,9,5,3,2,7,7,9,22,0.409,2,7,0.286,3,8,0.375,7,7,14,4,2,0,6,6,-7
0021400473,2014-12-30,2014-15,regular_season,False,1610612757,POR,Portland Trail Blazers,1610612761,TOR,Toronto Raptors,24,17,W,9,19,0.474,3,6,0.5,3,5,0.6,3,9,12,5,0,4,3,4,7,6,24,0.25,1,5,0.2,4,4,1.0,4,6,10,2,2,1,2,8,-7
0021400472,2014-12-30,2014-15,regular_season,False,1610612762,UTA,Utah Jazz,1610612750,MIN,Minnesota Timberwolves,28,22,W,10,20,0.5,2,5,0.4,6,8,0.75,5,8,13,5,4,0,3,4,6,9,17,0.529,3,6,0.5,1,4,0.25,1,5,6,7,1,2,4,7,-6
0021400471,2014-12-30,2014-15,regular_season,False,1610612743,DEN,Denver Nuggets,1610612747,LAL,Los Angeles Lakers,32,28,W,13,23,0.565,3,9,0.333,3,4,0.75,2,6,8,10,6,2,2,10,4,7,15,0.467,2,6,0.333,12,16,0.75,2,9,11,5,1,0,7,5,-4
0021400470,2014-12-30,2014-15,regular_season,False,1610612742,DAL,Dallas Mavericks,1610612764,WAS,Washington Wizards,25,23,W,10,20,0.5,1,5,0.2,4,7,0.571,0,6,6,4,1,1,0,5,2,10,18,0.556,1,3,0.333,2,5,0.4,1,11,12,6,0,1,4,6,-2
0021400468,2014-12-30,2014-15,regular_season,False,1610612763,MEM,Memphis Grizzlies,1610612759,SAS,San Antonio Spurs,21,24,L,8,16,0.5,1,5,0.2,4,4,1.0,4,6,10,5,2,1,7,3,-3,11,19,0.579,0,4,0.0,2,2,1.0,2,3,5,5,2,0,2,5,3
0021400467,2014-12-30,2014-15,regular_season,False,1610612741,CHI,Chicago Bulls,1610612751,BKN,Brooklyn Nets,13,12,W,5,15,0.333,1,5,0.2,2,4,0.5,1,11,12,5,1,3,4,4,1,4,18,0.222,0,3,0.0,4,4,1.0,1,8,9,3,3,2,2,6,-1
0021400466,2014-12-30,2014-15,regular_season,False,1610612737,ATL,Atlanta Hawks,1610612739,CLE,Cleveland Cavaliers,31,28,W,11,19,0.579,2,5,0.4,7,9,0.778,3,9,12,6,3,2,5,4,3,11,23,0.478,5,11,0.455,1,2,0.5,2,6,8,8,5,1,5,7,-3
0021400465,2014-12-30,2014-15,regular_season,False,1610612753,ORL,Orlando Magic,1610612765,DET,Detroit Pistons,16,29,L,7,22,0.318,1,5,0.2,1,3,0.333,4,7,11,5,2,0,7,5,-13,10,19,0.526,4,8,0.5,5,5,1.0,1,9,10,6,4,4,3,7,13
0021400469,2014-12-30,2014-15,regular_season,False,1610612740,NOP,New Orleans Pelicans,1610612756,PHX,Phoenix Suns,29,27,W,9,19,0.474,3,6,0.5,8,9,0.889,3,9,12,3,1,0,4,9,2,8,19,0.421,0,3,0.0,11,13,0.846,3,8,11,2,2,1,2,6,-2
0021400481,2014-12-31,2014-15,regular_season,False,1610612759,SAS,San Antonio Spurs,1610612740,NOP,New Orleans Pelicans,22,24,L,9,20,0.45,1,6,0.167,3,4,0.75,1,6,7,6,1,2,1,5,-2,9,22,0.409,2,6,0.333,4,4,1.0,5,10,15,5,1,0,3,5,2
0021400480,2014-12-31,2014-15,regular_season,False,1610612760,OKC,Oklahoma City Thunder,1610612756,PHX,Phoenix Suns,28,34,L,8,23,0.348,2,8,0.25,10,11,0.909,3,3,6,2,3,0,1,5,-6,13,20,0.65,2,4,0.5,6,7,0.857,2,9,11,4,0,1,4,7,6
0021400478,2014-12-31,2014-15,regular_season,False,1610612745,HOU,Houston Rockets,1610612766,CHA,Charlotte Hornets,26,15,W,10,24,0.417,5,13,0.385,1,1,1.0,2,11,13,6,2,3,1,8,11,3,20,0.15,0,6,0.0,9,11,0.818,3,12,15,2,0,2,3,3,-11
0021400479,2014-12-31,2014-15,regular_season,False,1610612739,CLE,Cleveland Cavaliers,1610612749,MIL,Milwaukee Bucks,26,25,W,8,18,0.444,3,7,0.429,7,8,0.875,4,9,13,5,0,1,4,4,1,10,23,0.435,3,7,0.429,2,4,0.5,5,6,11,7,4,1,1,7,-1
0021400476,2014-12-31,2014-15,regular_season,False,1610612754,IND,Indiana Pacers,1610612748,MIA,Miami Heat,28,25,W,7,20,0.35,4,10,0.4,10,12,0.833,4,8,12,3,0,2,2,6,3,9,21,0.429,3,7,0.429,4,5,0.8,2,8,10,3,2,1,2,9,-3
0021400475,2014-12-31,2014-15,regular_season,False,1610612738,BOS,Boston Celtics,1610612758,SAC,Sacramento Kings,29,23,W,12,24,0.5,2,7,0.286,3,3,1.0,4,8,12,9,3,0,4,5,6,10,19,0.526,0,2,0.0,3,4,0.75,1,7,8,3,2,0,5,3,-6
0021400477,2014-12-31,2014-15,regular_season,False,1610612746,LAC,Los Angeles Clippers,1610612752,NYK,New York Knicks,25,20,W,8,20,0.4,5,13,0.385,4,4,1.0,0,12,12,6,2,0,1,3,5,8,21,0.381,2,6,0.333,2,3,0.667,1,10,11,6,1,0,2,3,-5
0021400482,2015-01-01,2014-15,regular_season,False,1610612741,CHI,Chicago Bulls,1610612743,DEN,Denver Nuggets,29,27,W,12,25,0.48,1,3,0.333,4,4,1.0,5,7,12,6,3,2,2,4,2,10,22,0.455,1,5,0.2,6,6,1.0,4,7,11,5,1,3,4,7,-2
0021400483,2015-01-01,2014-15,regular_season,False,1610612750,MIN,Minnesota Timberwolves,1610612758,SAC,Sacramento Kings,27,26,W,10,23,0.435,3,11,0.273,4,8,0.5,7,4,11,6,4,3,3,7,1,8,18,0.444,1,3,0.333,9,9,1.0,5,9,14,4,1,2,6,8,-1
0021400491,2015-01-02,2014-15,regular_season,False,1610612756,PHX,Phoenix Suns,1610612755,PHI,Philadelphia 76ers,28,17,W,11,22,0.5,3,7,0.429,3,3,1.0,2,11,13,8,3,2,3,7,11,6,19,0.316,1,8,0.125,4,9,0.444,4,7,11,4,3,2,5,4,-11
0021400494,2015-01-02,2014-15,regular_season,False,1610612747,LAL,Los Angeles Lakers,1610612763,MEM,Memphis Grizzlies,29,29,L,11,18,0.611,3,5,0.6,4,5,0.8,0,7,7,7,3,0,2,9,0,10,19,0.526,1,3,0.333,8,11,0.727,4,6,10,7,0,0,3,4,0
0021400493,2015-01-02,2014-15,regular_season,False,1610612744,GSW,Golden State Warriors,1610612761,TOR,Toronto Raptors,29,21,W,12,24,0.5,3,7,0.429,2,4,0.5,6,8,14,7,1,2,1,3,8,9,20,0.45,1,4,0.25,2,4,0.5,3,5,8,4,1,1,3,4,-8
0021400492,2015-01-02,2014-15,regular_season,False,1610612762,UTA,Utah Jazz,1610612737,ATL,Atlanta Hawks,24,16,W,7,22,0.318,2,11,0.182,8,11,0.727,5,11,16,3,1,4,2,6,8,6,19,0.316,0,3,0.0,4,8,0.5,2,9,11,5,1,0,3,6,-8
0021400490,2015-01-02,2014-15,regular_season,False,1610612749,MIL,Milwaukee Bucks,1610612754,IND,Indiana Pacers,23,28,L,9,24,0.375,1,7,0.143,4,6,0.667,3,7,10,6,2,1,0,8,-5,8,17,0.471,3,6,0.5,9,12,0.75,3,12,15,4,0,3,3,5,5
0021400489,2015-01-02,2014-15,regular_season,False,1610612760,OKC,Oklahoma City Thunder,1610612764,WAS,Washington Wizards,27,20,W,10,22,0.455,3,6,0.5,4,5,0.8,1,9,10,3,3,1,0,2,7,9,22,0.409,2,7,0.286,0,0,0.0,2,11,13,8,0,0,5,6,-7
0021400488,2015-01-02,2014-15,regular_season,False,1610612740,NOP,New Orleans Pelicans,1610612745,HOU,Houston Rockets,22,23,L,9,22,0.409,0,3,0.0,4,6,0.667,6,7,13,5,3,1,6,4,-1,10,18,0.556,1,3,0.333,2,4,0.5,2,7,9,6,3,1,6,6,1
0021400487,2015-01-02,2014-15,regular_season,False,1610612752,NYK,New York Knicks,1610612765,DET,Detroit Pistons,29,15,W,11,23,0.478,5,12,0.417,2,5,0.4,3,9,12,4,4,2,2,4,14,6,18,0.333,3,10,0.3,0,0,0.0,2,8,10,4,1,2,5,5,-14
0021400486,2015-01-02,2014-15,regular_season,False,1610612738,BOS,Boston Celtics,1610612742,DAL,Dallas Mavericks,37,27,W,14,23,0.609,4,8,0.5,5,5,1.0,2,7,9,10,3,0,3,6,10,10,21,0.476,3,5,0.6,4,4,1.0,3,5,8,7,2,0,5,7,-10
0021400485,2015-01-02,2014-15,regular_season,False,1610612753,ORL,Orlando Magic,1610612751,BKN,Brooklyn Nets,37,14,W,14,23,0.609,5,10,0.5,4,6,0.667,2,12,14,6,3,1,3,6,23,5,15,0.333,1,4,0.25,3,8,0.375,0,7,7,4,3,0,8,4,-23
0021400484,2015-01-02,2014-15,regular_season,False,1610612766,CHA,Charlotte Hornets,1610612739,CLE,Cleveland Cavaliers,23,19,W,7,23,0.304,1,9,0.111,8,11,0.727,6,5,11,3,1,3,1,6,4,7,23,0.304,0,3,0.0,5,6,0.833,5,10,15,3,0,0,2,8,-4
0021400495,2015-01-03,2014-15,regular_season,False,1610612753,ORL,Orlando Magic,1610612766,CHA,Charlotte Hornets,36,28,W,13,27,0.481,2,6,0.333,8,9,0.889,7,9,16,7,1,0,0,9,8,9,21,0.429,0,5,0.0,10,14,0.714,5,5,10,4,0,2,1,6,-8
0021400496,2015-01-03,2014-15,regular_season,False,1610612741,CHI,Chicago Bulls,1610612738,BOS,Boston Celtics,30,30,W,10,24,0.417,1,5,0.2,9,12,0.75,7,8,15,5,0,3,2,5,0,12,23,0.522,2,2,1.0,4,4,1.0,1,5,6,8,2,1,0,7,0
0021400497,2015-01-03,2014-15,regular_season,False,1610612745,HOU,Houston Rockets,1610612748,MIA,Miami Heat,21,19,W,7,22,0.318,3,10,0.3,4,7,0.571,7,8,15,2,3,1,3,1,2,8,18,0.444,1,6,0.167,2,2,1.0,2,9,11,6,1,2,5,5,-2
0021400498,2015-01-03,2014-15,regular_season,False,1610612750,MIN,Minnesota Timberwolves,1610612762,UTA,Utah Jazz,28,24,W,11,20,0.55,2,5,0.4,4,6,0.667,2,8,10,4,2,0,2,8,4,7,20,0.35,2,4,0.5,8,12,0.667,5,8,13,3,1,0,2,5,-4
0021400499,2015-01-03,2014-15,regular_season,False,1610612759,SAS,San Antonio Spurs,1610612764,WAS,Washington Wizards,23,15,W,8,16,0.5,1,3,0.333,6,12,0.5,3,10,13,7,1,2,1,4,8,6,23,0.261,1,5,0.2,2,2,1.0,6,6,12,3,0,2,2,8,-8
0021400500,2015-01-03,2014-15,regular_season,False,1610612743,DEN,Denver Nuggets,1610612763,MEM,Memphis Grizzlies,31,25,W,11,21,0.524,2,4,0.5,7,9,0.778,1,12,13,8,1,0,1,5,6,10,21,0.476,1,5,0.2,4,6,0.667,1,9,10,7,1,0,2,6,-6
0021400501,2015-01-03,2014-15,regular_season,False,1610612757,POR,Portland Trail Blazers,1610612737,ATL,Atlanta Hawks,32,32,L,13,29,0.448,2,10,0.2,4,6,0.667,4,5,9,5,4,1,2,10,0,10,17,0.588,2,2,1.0,10,15,0.667,3,11,14,4,1,2,7,5,0
0021400502,2015-01-03,2014-15,regular_season,False,1610612746,LAC,Los Angeles Clippers,1610612755,PHI,Philadelphia 76ers,39,17,W,15,23,0.652,6,10,0.6,3,3,1.0,2,9,11,11,7,0,2,6,22,5,18,0.278,1,5,0.2,6,10,0.6,5,6,11,3,1,0,7,2,-22
0021400507,2015-01-04,2014-15,regular_season,False,1610612756,PHX,Phoenix Suns,1610612761,TOR,Toronto Raptors,27,33,L,8,24,0.333,1,7,0.143,10,11,0.909,3,12,15,6,1,1,3,9,-6,10,23,0.435,2,7,0.286,11,13,0.846,1,13,14,8,1,1,2,8,6
0021400506,2015-01-04,2014-15,regular_season,False,1610612752,NYK,New York Knicks,1610612749,MIL,Milwaukee Bucks,18,19,L,7,19,0.368,1,8,0.125,3,4,0.75,1,6,7,4,3,0,4,4,-1,8,17,0.471,0,4,0.0,3,5,0.6,3,10,13,4,1,0,6,4,1
0021400508,2015-01-04,2014-15,regular_season,False,1610612747,LAL,Los Angeles Lakers,1610612754,IND,Indiana Pacers,25,18,W,7,17,0.412,2,4,0.5,9,9,1.0,1,12,13,2,0,1,2,6,7,6,23,0.261,2,7,0.286,4,7,0.571,4,8,12,3,1,1,3,7,-7
0021400504,2015-01-04,2014-15,regular_season,False,1610612765,DET,Detroit Pistons,1610612758,SAC,Sacramento Kings,30,17,W,11,21,0.524,4,9,0.444,4,6,0.667,2,10,12,5,2,1,2,6,13,5,15,0.333,2,5,0.4,5,6,0.833,0,8,8,3,2,0,4,7,-13
0021400503,2015-01-04,2014-15,regular_season,False,1610612739,CLE,Cleveland Cavaliers,1610612742,DAL,Dallas Mavericks,19,20,L,8,20,0.4,1,4,0.25,2,2,1.0,2,8,10,4,2,2,4,3,-1,8,17,0.471,4,7,0.571,0,0,0.0,0,8,8,6,3,1,5,6,1
0021400505,2015-01-04,2014-15,regular_season,False,1610612748,MIA,Miami Heat,1610612751,BKN,Brooklyn Nets,24,25,L,8,15,0.533,0,2,0.0,8,9,0.889,0,8,8,4,0,3,3,6,-1,11,24,0.458,1,7,0.143,2,2,1.0,2,6,8,6,1,0,0,6,1
0021400519,2015-01-05,2014-15,regular_season,False,1610612746,LAC,Los Angeles Clippers,1610612737,ATL,Atlanta Hawks,29,30,L,10,16,0.625,2,5,0.4,7,9,0.778,2,8,10,5,1,2,6,6,-1,9,19,0.474,3,6,0.5,9,10,0.9,1,5,6,6,3,0,2,7,1
0021400518,2015-01-05,2014-15,regular_season,False,1610612744,GSW,Golden State Warriors,1610612760,OKC,Oklahoma City Thunder,33,26,W,12,19,0.632,4,5,0.8,5,10,0.5,3,9,12,7,1,0,2,2,7,11,25,0.44,2,8,0.25,2,4,0.5,5,6,11,5,1,1,3,10,-7
0021400517,2015-01-05,2014-15,regular_season,False,1610612757,POR,Portland Trail Blazers,1610612747,LAL,Los Angeles Lakers,28,21,W,8,20,0.4,4,7,0.571,8,9,0.889,3,11,14,2,0,1,3,5,7,6,18,0.333,0,2,0.0,9,11,0.818,0,10,10,2,1,0,2,8,-7
0021400515,2015-01-05,2014-15,regular_season,False,1610612740,NOP,New Orleans Pelicans,1610612764,WAS,Washington Wizards,21,23,L,8,17,0.471,3,5,0.6,2,4,0.5,2,6,8,6,3,1,5,6,-2,9,21,0.429,0,1,0.0,5,6,0.833,5,7,12,3,3,3,4,3,2
0021400514,2015-01-05,2014-15,regular_season,False,1610612750,MIN,Minnesota Timberwolves,1610612743,DEN,Denver Nuggets,32,23,W,10,22,0.455,4,8,0.5,8,8,1.0,5,9,14,6,2,1,2,3,9,10,21,0.476,2,6,0.333,1,5,0.2,2,7,9,7,2,1,3,7,-9
0021400516,2015-01-05,2014-15,regular_season,False,1610612762,UTA,Utah Jazz,1610612754,IND,Indiana Pacers,39,31,W,13,24,0.542,2,9,0.222,11,12,0.917,5,9,14,6,2,0,2,12,8,6,18,0.333,1,3,0.333,18,20,0.9,4,4,8,2,2,2,2,8,-8
0021400512,2015-01-05,2014-15,regular_season,False,1610612741,CHI,Chicago Bulls,1610612745,HOU,Houston Rockets,31,16,W,9,22,0.409,3,7,0.429,10,11,0.909,6,11,17,7,3,3,5,6,15,6,23,0.261,2,12,0.167,2,2,1.0,2,7,9,4,2,3,6,10,-15
0021400511,2015-01-05,2014-15,regular_season,False,1610612751,BKN,Brooklyn Nets,1610612742,DAL,Dallas Mavericks,17,17,L,6,17,0.353,2,6,0.333,3,4,0.75,1,12,13,3,1,2,4,7,0,5,16,0.312,3,8,0.375,4,8,0.5,1,8,9,4,3,1,2,4,0
0021400510,2015-01-05,2014-15,regular_season,False,1610612738,BOS,Boston Celtics,1610612766,CHA,Charlotte Hornets,33,25,W,12,27,0.444,3,9,0.333,6,8,0.75,5,2,7,6,4,3,0,8,8,8,14,0.571,2,4,0.5,7,7,1.0,2,6,8,3,0,2,9,9,-8
0021400509,2015-01-05,2014-15,regular_season,False,1610612755,PHI,Philadelphia 76ers,1610612739,CLE,Cleveland Cavaliers,35,24,W,15,22,0.682,1,4,0.25,4,5,0.8,0,8,8,11,1,0,0,6,11,8,19,0.421,2,4,0.5,6,8,0.75,1,7,8,7,0,0,3,4,-11
0021400513,2015-01-05,2014-15,regular_season,False,1610612763,MEM,Memphis Grizzlies,1610612752,NYK,New York Knicks,21,21,W,9,20,0.45,1,5,0.2,2,6,0.333,6,8,14,7,2,1,6,7,0,8,19,0.421,3,7,0.429,2,6,0.333,4,5,9,5,3,2,3,6,0
0021400520,2015-01-06,2014-15,regular_season,False,1610612749,MIL,Milwaukee Bucks,1610612756,PHX,Phoenix Suns,24,31,L,9,22,0.409,1,5,0.2,5,6,0.833,5,6,11,4,0,1,3,11,-7,10,18,0.556,2,5,0.4,9,13,0.692,2,7,9,3,3,2,1,3,7
0021400521,2015-01-06,2014-15,regular_season,False,1610612759,SAS,San Antonio Spurs,1610612765,DET,Detroit Pistons,27,23,W,8,15,0.533,5,7,0.714,6,12,0.5,3,8,11,5,1,0,5,6,4,9,19,0.474,0,5,0.0,5,8,0.625,1,6,7,4,2,0,3,10,-4
0021400530,2015-01-07,2014-15,regular_season,False,1610612743,DEN,Denver Nuggets,1610612753,ORL,Orlando Magic,30,32,L,7,16,0.438,2,2,1.0,14,14,1.0,1,10,11,5,0,0,5,6,-2,12,25,0.48,5,9,0.556,3,6,0.5,4,6,10,8,3,1,2,9,2
0021400534,2015-01-07,2014-15,regular_season,False,1610612746,LAC,Los Angeles Clippers,1610612747,LAL,Los Angeles Lakers,15,26,L,6,17,0.353,2,7,0.286,1,2,0.5,0,6,6,4,1,1,3,7,-11,11,20,0.55,1,4,0.25,3,6,0.5,1,11,12,5,1,0,2,2,11
0021400533,2015-01-07,2014-15,regular_season,False,1610612744,GSW,Golden State Warriors,1610612754,IND,Indiana Pacers,33,26,W,12,20,0.6,3,8,0.375,6,7,0.857,3,8,11,8,3,0,4,8,7,7,19,0.368,3,11,0.273,9,9,1.0,2,4,6,4,1,0,4,6,-7
0021400532,2015-01-07,2014-15,regular_season,False,1610612758,SAC,Sacramento Kings,1610612760,OKC,Oklahoma City Thunder,26,26,W,10,21,0.476,4,6,0.667,2,2,1.0,0,10,10,7,3,1,6,7,0,8,23,0.348,2,7,0.286,8,11,0.727,6,6,12,3,2,5,3,3,0
0021400531,2015-01-07,2014-15,regular_season,False,1610612750,MIN,Minnesota Timberwolves,1610612756,PHX,Phoenix Suns,33,42,L,12,23,0.522,1,6,0.167,8,8,1.0,4,6,10,8,2,1,4,8,-9,15,24,0.625,3,6,0.5,9,11,0.818,4,6,10,2,3,3,2,5,9
0021400528,2015-01-07,2014-15,regular_season,False,1610612741,CHI,Chicago Bulls,1610612762,UTA,Utah Jazz,26,34,L,7,16,0.438,4,9,0.444,8,9,0.889,0,6,6,6,2,1,4,7,-8,13,19,0.684,2,4,0.5,6,7,0.857,1,9,10,6,2,0,3,6,8
0021400529,2015-01-07,2014-15,regular_season,False,1610612742,DAL,Dallas Mavericks,1610612765,DET,Detroit Pistons,27,34,L,11,24,0.458,3,6,0.5,2,4,0.5,3,5,8,7,1,0,1,5,-7,12,21,0.571,3,5,0.6,7,7,1.0,4,12,16,4,1,0,4,5,7
0021400526,2015-01-07,2014-15,regular_season,False,1610612737,ATL,Atlanta Hawks,1610612763,MEM,Memphis Grizzlies,26,27,L,8,19,0.421,2,5,0.4,8,8,1.0,3,9,12,4,1,1,2,5,-1,10,19,0.526,1,5,0.2,6,6,1.0,0,7,7,6,1,0,1,6,1
0021400525,2015-01-07,2014-15,regular_season,False,1610612764,WAS,Washington Wizards,1610612752,NYK,New York Knicks,24,24,W,10,16,0.625,2,3,0.667,2,2,1.0,1,8,9,7,1,2,6,3,0,8,22,0.364,6,11,0.545,2,3,0.667,3,5,8,5,4,0,3,4,0
0021400524,2015-01-07,2014-15,regular_season,False,1610612755,PHI,Philadelphia 76ers,1610612749,MIL,Milwaukee Bucks,17,20,L,5,18,0.278,0,6,0.0,7,8,0.875,1,12,13,3,3,3,8,5,-3,8,21,0.381,2,7,0.286,2,3,0.667,1,11,12,6,5,1,8,8,3
0021400523,2015-01-07,2014-15,regular_season,False,1610612739,CLE,Cleveland Cavaliers,1610612745,HOU,Houston Rockets,19,32,L,6,17,0.353,1,7,0.143,6,9,0.667,1,4,5,5,3,0,4,6,-13,10,19,0.526,5,11,0.455,7,10,0.7,4,11,15,8,1,1,5,8,13
0021400522,2015-01-07,2014-15,regular_season,False,1610612766,CHA,Charlotte Hornets,1610612740,NOP,New Orleans Pelicans,31,24,W,8,23,0.348,2,6,0.333,13,16,0.812,3,10,13,4,3,1,0,5,7,9,20,0.45,2,8,0.25,4,5,0.8,0,11,11,7,0,3,3,10,-7
0021400527,2015-01-07,2014-15,regular_season,False,1610612751,BKN,Brooklyn Nets,1610612738,BOS,Boston Celtics,19,20,L,7,20,0.35,0,3,0.0,5,9,0.556,6,11,17,2,1,1,4,4,-1,8,26,0.308,0,4,0.0,4,5,0.8,6,8,14,3,0,1,1,9,1
0021400535,2015-01-08,2014-15,regular_season,False,1610612761,TOR,Toronto Raptors,1610612766,CHA,Charlotte Hornets,29,28,W,10,22,0.455,3,10,0.3,6,7,0.857,5,8,13,4,1,1,5,9,1,8,18,0.444,3,8,0.375,9,12,0.75,1,7,8,4,2,0,2,6,-1
0021400536,2015-01-08,2014-15,regular_season,False,1610612752,NYK,New York Knicks,1610612745,HOU,Houston Rockets,27,27,L,10,21,0.476,2,3,0.667,5,8,0.625,2,8,10,3,4,0,4,5,0,9,18,0.5,3,9,0.333,6,8,0.75,2,8,10,6,2,2,6,7,0
0021400537,2015-01-08,2014-15,regular_season,False,1610612757,POR,Portland Trail Blazers,1610612748,MIA,Miami Heat,23,19,W,8,24,0.333,3,9,0.333,4,4,1.0,5,10,15,4,0,2,1,6,4,6,20,0.3,1,4,0.25,6,8,0.75,2,11,13,3,1,3,2,4,-4
0021400547,2015-01-09,2014-15,regular_season,False,1610612744,GSW,Golden State Warriors,1610612739,CLE,Cleveland Cavaliers,28,18,W,11,21,0.524,1,5,0.2,5,5,1.0,3,9,12,9,3,0,3,5,10,6,17,0.353,2,5,0.4,4,6,0.667,2,7,9,2,1,0,5,4,-10
0021400548,2015-01-09,2014-15,regular_season,False,1610612747,LAL,Los Angeles Lakers,1610612753,ORL,Orlando Magic,28,17,W,8,20,0.4,1,2,0.5,11,15,0.733,5,12,17,3,0,3,4,8,11,5,17,0.294,0,1,0.0,7,9,0.778,1,7,8,3,2,0,4,12,-11
0021400546,2015-01-09,2014-15,regular_season,False,1610612758,SAC,Sacramento Kings,1610612743,DEN,Denver Nuggets,33,28,W,10,21,0.476,0,5,0.0,13,16,0.812,6,9,15,3,2,1,5,8,5,10,19,0.526,1,5,0.2,7,9,0.778,1,3,4,6,3,3,3,12,-5
0021400545,2015-01-09,2014-15,regular_season,False,1610612759,SAS,San Antonio Spurs,1610612756,PHX,Phoenix Suns,41,26,W,13,22,0.591,6,9,0.667,9,12,0.75,0,7,7,8,4,1,2,9,15,6,15,0.4,4,10,0.4,10,12,0.833,0,10,10,4,2,1,7,10,-15
0021400544,2015-01-09,2014-15,regular_season,False,1610612749,MIL,Milwaukee Bucks,1610612750,MIN,Minnesota Timberwolves,26,26,W,9,15,0.6,5,6,0.833,3,4,0.75,0,9,9,8,2,2,7,7,0,11,24,0.458,2,9,0.222,2,2,1.0,3,7,10,7,4,0,3,4,0
0021400540,2015-01-09,2014-15,regular_season,False,1610612765,DET,Detroit Pistons,1610612737,ATL,Atlanta Hawks,28,16,W,10,25,0.4,5,15,0.333,3,5,0.6,1,12,13,6,4,2,4,7,12,6,20,0.3,2,4,0.5,2,6,0.333,2,10,12,4,2,1,7,3,-12
0021400542,2015-01-09,2014-15,regular_season,False,1610612760,OKC,Oklahoma City Thunder,1610612762,UTA,Utah Jazz,25,18,W,12,24,0.5,1,4,0.25,0,0,0.0,1,10,11,10,3,0,1,8,7,4,14,0.286,0,6,0.0,10,16,0.625,2,11,13,2,1,3,5,3,-7
0021400541,2015-01-09,2014-15,regular_season,False,1610612740,NOP,New Orleans Pelicans,1610612763,MEM,Memphis Grizzlies,24,24,W,10,22,0.455,1,3,0.333,3,5,0.6,5,9,14,3,0,1,3,3,0,10,19,0.526,3,5,0.6,1,2,0.5,1,6,7,6,3,1,1,5,0
0021400539,2015-01-09,2014-15,regular_season,False,1610612751,BKN,Brooklyn Nets,1610612755,PHI,Philadelphia 76ers,17,26,L,5,15,0.333,1,4,0.25,6,8,0.75,3,4,7,4,2,0,6,4,-9,11,16,0.688,1,1,1.0,3,3,1.0,0,6,6,8,4,0,3,6,9
0021400538,2015-01-09,2014-15,regular_season,False,1610612754,IND,Indiana Pacers,1610612738,BOS,Boston Celtics,29,34,L,9,16,0.562,2,4,0.5,9,11,0.818,1,5,6,6,0,2,4,6,-5,12,18,0.667,6,8,0.75,4,7,0.571,0,6,6,9,3,3,3,7,5
0021400543,2015-01-09,2014-15,regular_season,False,1610612764,WAS,Washington Wizards,1610612741,CHI,Chicago Bulls,22,18,W,9,21,0.429,2,4,0.5,2,3,0.667,3,9,12,7,5,2,3,4,4,6,17,0.353,5,8,0.625,1,2,0.5,2,10,12,6,2,3,7,3,-4
0021400555,2015-01-10,2014-15,regular_season,False,1610612745,HOU,Houston Rockets,1610612762,UTA,Utah Jazz,19,25,L,7,19,0.368,4,12,0.333,1,2,0.5,1,7,8,7,3,3,7,7,-6,8,24,0.333,2,7,0.286,7,8,0.875,4,9,13,4,7,3,5,3,6
0021400557,2015-01-10,2014-15,regular_season,False,1610612757,POR,Portland Trail Blazers,1610612753,ORL,Orlando Magic,31,22,W,8,15,0.533,3,6,0.5,12,15,0.8,1,10,11,5,3,1,7,8,9,7,20,0.35,0,5,0.0,8,10,0.8,3,6,9,4,4,0,5,12,-9
0021400556,2015-01-10,2014-15,regular_season,False,1610612750,MIN,Minnesota Timberwolves,1610612759,SAS,San Antonio Spurs,29,24,W,9,19,0.474,1,5,0.2,10,10,1.0,0,9,9,4,3,0,4,6,5,6,17,0.353,3,5,0.6,9,10,0.9,2,7,9,3,3,0,6,7,-5
0021400554,2015-01-10,2014-15,regular_season,False,1610612741,CHI,Chicago Bulls,1610612749,MIL,Milwaukee Bucks,27,25,W,10,19,0.526,1,3,0.333,6,6,1.0,4,5,9,6,1,0,3,4,2,11,18,0.611,1,2,0.5,2,2,1.0,2,5,7,5,3,2,4,7,-2
0021400549,2015-01-10,2014-15,regular_season,False,1610612752,NYK,New York Knicks,1610612766,CHA,Charlotte Hornets,38,21,W,14,22,0.636,5,10,0.5,5,6,0.833,1,8,9,7,3,2,2,3,17,9,19,0.474,1,3,0.333,2,3,0.667,2,5,7,4,1,1,5,6,-17
0021400552,2015-01-10,2014-15,regular_season,False,1610612755,PHI,Philadelphia 76ers,1610612754,IND,Indiana Pacers,21,22,L,8,24,0.333,0,3,0.0,5,8,0.625,6,9,15,6,2,1,2,4,-1,8,22,0.364,2,4,0.5,4,6,0.667,5,9,14,5,0,2,2,6,1
0021400551,2015-01-10,2014-15,regular_season,False,1610612765,DET,Detroit Pistons,1610612751,BKN,Brooklyn Nets,24,24,W,9,21,0.429,4,11,0.364,2,6,0.333,1,7,8,8,3,0,1,2,0,11,20,0.55,2,7,0.286,0,0,0.0,2,10,12,6,1,1,5,5,0
0021400550,2015-01-10,2014-15,regular_season,False,1610612746,LAC,Los Angeles Clippers,1610612742,DAL,Dallas Mavericks,32,28,W,12,20,0.6,5,9,0.556,3,5,0.6,3,9,12,6,1,3,3,4,4,9,19,0.474,6,8,0.75,4,6,0.667,1,6,7,8,1,1,1,4,-4
0021400553,2015-01-10,2014-15,regular_season,False,1610612761,TOR,Toronto Raptors,1610612738,BOS,Boston Celtics,27,31,L,9,19,0.474,5,11,0.455,4,7,0.571,3,7,10,4,2,1,4,7,-4,11,23,0.478,2,8,0.25,7,9,0.778,4,7,11,5,3,2,3,4,4
0021400558,2015-01-11,2014-15,regular_season,False,1610612737,ATL,Atlanta Hawks,1610612764,WAS,Washington Wizards,33,12,W,12,20,0.6,5,5,1.0,4,4,1.0,2,11,13,10,1,2,2,4,21,5,20,0.25,0,5,0.0,2,4,0.5,2,4,6,4,0,2,3,4,-21
0021400559,2015-01-11,2014-15,regular_season,False,1610612746,LAC,Los Angeles Clippers,1610612748,MIA,Miami Heat,14,18,L,5,17,0.294,0,8,0.0,4,7,0.571,3,8,11,2,1,0,5,7,-4,5,15,0.333,1,4,0.25,7,9,0.778,2,7,9,3,3,1,3,8,4
0021400560,2015-01-11,2014-15,regular_season,False,1610612763,MEM,Memphis Grizzlies,1610612756,PHX,Phoenix Suns,26,35,L,10,21,0.476,2,3,0.667,4,6,0.667,4,5,9,4,1,1,4,8,-9,12,18,0.667,3,5,0.6,8,10,0.8,3,6,9,5,3,1,3,7,9
0021400561,2015-01-11,2014-15,regular_season,False,1610612758,SAC,Sacramento Kings,1610612739,CLE,Cleveland Cavaliers,18,20,L,7,20,0.35,2,4,0.5,2,4,0.5,2,11,13,5,1,1,1,2,-2,8,22,0.364,3,11,0.273,1,1,1.0,1,12,13,4,0,2,2,5,2
0021400562,2015-01-11,2014-15,regular_season,False,1610612747,LAL,Los Angeles Lakers,1610612757,POR,Portland Trail Blazers,25,34,L,8,18,0.444,2,6,0.333,7,8,0.875,0,10,10,7,1,2,3,7,-9,12,23,0.522,6,8,0.75,4,6,0.667,2,9,11,5,1,0,2,5,9
0021400565,2015-01-12,2014-15,regular_season,False,1610612761,TOR,Toronto Raptors,1610612765,DET,Detroit Pistons,28,32,L,11,22,0.5,3,9,0.333,3,4,0.75,4,9,13,5,1,2,5,5,-4,11,25,0.44,2,8,0.25,8,8,1.0,5,6,11,9,3,1,1,4,4
0021400563,2015-01-12,2014-15,regular_season,False,1610612738,BOS,Boston Celtics,1610612740,NOP,New Orleans Pelicans,36,24,W,10,20,0.5,4,8,0.5,12,14,0.857,5,10,15,6,0,4,2,8,12,5,23,0.217,0,3,0.0,14,16,0.875,8,3,11,2,2,2,1,8,-12
0021400564,2015-01-12,2014-15,regular_season,False,1610612751,BKN,Brooklyn Nets,1610612745,HOU,Houston Rockets,29,27,W,10,23,0.435,2,7,0.286,7,7,1.0,3,11,14,4,2,2,3,4,2,11,25,0.44,4,11,0.364,1,2,0.5,2,9,11,6,2,1,2,5,-2
0021400566,2015-01-12,2014-15,regular_season,False,1610612741,CHI,Chicago Bulls,1610612753,ORL,Orlando Magic,36,28,W,11,24,0.458,4,13,0.308,10,14,0.714,6,6,12,7,2,1,1,11,8,7,13,0.538,1,2,0.5,13,19,0.684,0,7,7,4,0,2,4,8,-8
0021400572,2015-01-13,2014-15,regular_season,False,1610612758,SAC,Sacramento Kings,1610612742,DAL,Dallas Mavericks,16,19,L,6,20,0.3,0,4,0.0,4,5,0.8,2,13,15,2,1,1,4,7,-3,7,24,0.292,1,5,0.2,4,9,0.444,6,11,17,5,1,3,2,5,3
0021400573,2015-01-13,2014-15,regular_season,False,1610612747,LAL,Los Angeles Lakers,1610612748,MIA,Miami Heat,22,17,W,9,23,0.391,3,7,0.429,1,1,1.0,3,10,13,6,3,2,4,5,5,7,20,0.35,0,6,0.0,3,4,0.75,3,9,12,3,2,3,4,1,-5
0021400571,2015-01-13,2014-15,regular_season,False,1610612762,UTA,Utah Jazz,1610612744,GSW,Golden State Warriors,25,19,W,8,17,0.471,2,4,0.5,7,9,0.778,3,13,16,3,1,2,6,5,6,6,24,0.25,1,3,0.333,6,6,1.0,2,6,8,3,5,1,1,6,-6
0021400570,2015-01-13,2014-15,regular_season,False,1610612756,PHX,Phoenix Suns,1610612739,CLE,Cleveland Cavaliers,22,21,W,6,16,0.375,0,2,0.0,10,12,0.833,3,7,10,1,4,1,2,5,1,9,22,0.409,2,9,0.222,1,1,1.0,4,7,11,2,1,0,4,8,-1
0021400569,2015-01-13,2014-15,regular_season,False,1610612764,WAS,Washington Wizards,1610612759,SAS,San Antonio Spurs,26,21,W,12,22,0.545,0,0,0.0,2,3,0.667,4,8,12,5,2,4,2,6,5,9,25,0.36,1,5,0.2,2,4,0.5,3,5,8,5,0,1,4,3,-5
0021400568,2015-01-13,2014-15,regular_season,False,1610612755,PHI,Philadelphia 76ers,1610612737,ATL,Atlanta Hawks,32,31,W,11,19,0.579,4,7,0.571,6,9,0.667,4,6,10,7,1,1,4,7,1,13,27,0.481,1,3,0.333,4,8,0.5,8,5,13,9,3,0,2,7,-1
0021400567,2015-01-13,2014-15,regular_season,False,1610612754,IND,Indiana Pacers,1610612750,MIN,Minnesota Timberwolves,26,41,L,8,16,0.5,2,7,0.286,8,15,0.533,2,5,7,4,0,3,5,7,-15,12,24,0.5,5,10,0.5,12,12,1.0,5,8,13,7,3,0,4,10,15
0021400583,2015-01-14,2014-15,regular_season,False,1610612757,POR,Portland Trail Blazers,1610612746,LAC,Los Angeles Clippers,22,28,L,9,20,0.45,3,8,0.375,1,2,0.5,1,10,11,5,1,0,4,9,-6,7,19,0.368,1,3,0.333,13,13,1.0,1,9,10,3,2,1,1,4,6
0021400582,2015-01-14,2014-15,regular_season,False,1610612744,GSW,Golden State Warriors,1610612748,MIA,Miami Heat,23,26,L,7,16,0.438,3,7,0.429,6,10,0.6,0,7,7,5,1,0,3,7,-3,9,20,0.45,1,6,0.167,7,8,0.875,4,10,14,5,1,0,4,9,3
0021400580,2015-01-14,2014-15,regular_season,False,1610612738,BOS,Boston Celtics,1610612737,ATL,Atlanta Hawks,17,16,W,6,17,0.353,2,8,0.25,3,4,0.75,1,10,11,2,1,1,4,6,1,5,19,0.263,2,10,0.2,4,4,1.0,2,8,10,3,2,1,3,3,-1
0021400579,2015-01-14,2014-15,regular_season,False,1610612741,CHI,Chicago Bulls,1610612764,WAS,Washington Wizards,30,29,W,8,17,0.471,5,10,0.5,9,12,0.75,2,8,10,5,1,1,4,9,1,9,16,0.562,2,4,0.5,9,13,0.692,1,7,8,6,1,3,2,11,-1
0021400581,2015-01-14,2014-15,regular_season,False,1610612743,DEN,Denver Nuggets,1610612742,DAL,Dallas Mavericks,24,29,L,6,16,0.375,0,4,0.0,12,16,0.75,3,10,13,3,1,2,6,7,-5,11,26,0.423,4,15,0.267,3,4,0.75,2,8,10,6,3,1,2,11,5
0021400577,2015-01-14,2014-15,regular_season,False,1610612765,DET,Detroit Pistons,1610612740,NOP,New Orleans Pelicans,28,22,W,11,18,0.611,3,6,0.5,3,4,0.75,0,9,9,6,1,3,1,4,6,8,19,0.421,3,6,0.5,3,6,0.5,3,8,11,5,0,3,2,3,-6
0021400576,2015-01-14,2014-15,regular_season,False,1610612751,BKN,Brooklyn Nets,1610612763,MEM,Memphis Grizzlies,27,21,W,8,13,0.615,3,6,0.5,8,10,0.8,1,7,8,4,2,0,8,6,6,9,19,0.474,0,3,0.0,3,5,0.6,4,4,8,7,7,0,5,9,-6
0021400575,2015-01-14,2014-15,regular_season,False,1610612753,ORL,Orlando Magic,1610612745,HOU,Houston Rockets,36,28,W,13,19,0.684,2,4,0.5,8,9,0.889,0,8,8,6,3,0,4,6,8,9,20,0.45,1,4,0.25,9,9,1.0,3,4,7,5,3,2,4,6,-8
0021400574,2015-01-14,2014-15,regular_season,False,1610612766,CHA,Charlotte Hornets,1610612759,SAS,San Antonio Spurs,25,22,W,8,26,0.308,3,9,0.333,6,10,0.6,5,7,12,3,4,1,1,7,3,7,13,0.538,2,5,0.4,6,7,0.857,0,11,11,2,1,3,7,8,-3
0021400578,2015-01-14,2014-15,regular_season,False,1610612761,TOR,Toronto Raptors,1610612755,PHI,Philadelphia 76ers,29,23,W,10,20,0.5,4,8,0.5,5,5,1.0,2,12,14,10,2,0,5,10,6,7,19,0.368,1,6,0.167,8,12,0.667,1,7,8,2,3,2,2,5,-6
0021400584,2015-01-15,2014-15,regular_season,False,1610612745,HOU,Houston Rockets,1610612760,OKC,Oklahoma City Thunder,24,26,L,8,23,0.348,4,11,0.364,4,5,0.8,4,11,15,6,1,0,4,3,-2,10,23,0.435,3,11,0.273,3,3,1.0,1,11,12,6,1,3,3,5,2
0021400585,2015-01-15,2014-15,regular_season,False,1610612749,MIL,Milwaukee Bucks,1610612752,NYK,New York Knicks,13,23,L,2,13,0.154,1,4,0.25,8,10,0.8,3,6,9,2,2,0,5,3,-10,10,17,0.588,3,6,0.5,0,0,0.0,0,10,10,7,1,1,4,10,10
0021400586,2015-01-15,2014-15,regular_season,False,1610612747,LAL,Los Angeles Lakers,1610612739,CLE,Cleveland Cavaliers,27,30,L,8,14,0.571,3,8,0.375,8,12,0.667,1,6,7,4,1,0,3,8,-3,9,21,0.429,3,8,0.375,9,12,0.75,5,6,11,3,1,0,1,7,3
0021400595,2015-01-16,2014-15,regular_season,False,1610612759,SAS,San Antonio Spurs,1610612757,POR,Portland Trail Blazers,19,17,W,8,21,0.381,0,5,0.0,3,4,0.75,5,10,15,8,1,1,4,2,2,7,17,0.412,1,5,0.2,2,2,1.0,0,9,9,3,2,0,3,5,-2
0021400599,2015-01-16,2014-15,regular_season,False,1610612746,LAC,Los Angeles Clippers,1610612739,CLE,Cleveland Cavaliers,26,34,L,10,21,0.476,0,3,0.0,6,7,0.857,0,5,5,6,3,0,4,9,-8,10,17,0.588,4,7,0.571,10,14,0.714,4,10,14,5,3,0,9,8,8
0021400598,2015-01-16,2014-15,regular_season,False,1610612758,SAC,Sacramento Kings,1610612748,MIA,Miami Heat,22,20,W,10,19,0.526,2,2,1.0,0,0,0.0,2,7,9,6,1,0,2,7,2,8,17,0.471,1,4,0.25,3,4,0.75,2,7,9,5,0,0,2,2,-2
0021400597,2015-01-16,2014-15,regular_season,False,1610612762,UTA,Utah Jazz,1610612747,LAL,Los Angeles Lakers,24,22,W,9,21,0.429,5,10,0.5,1,1,1.0,3,7,10,7,1,2,1,5,2,6,14,0.429,2,6,0.333,8,8,1.0,1,9,10,0,0,3,3,2,-2
0021400596,2015-01-16,2014-15,regular_season,False,1610612756,PHX,Phoenix Suns,1610612750,MIN,Minnesota Timberwolves,24,24,W,11,23,0.478,2,5,0.4,0,1,0.0,5,6,11,5,1,2,2,6,0,10,20,0.5,2,6,0.333,2,4,0.5,3,7,10,6,0,0,2,2,0
0021400594,2015-01-16,2014-15,regular_season,False,1610612742,DAL,Dallas Mavericks,1610612743,DEN,Denver Nuggets,24,24,W,6,16,0.375,0,5,0.0,12,15,0.8,4,8,12,2,1,1,3,5,0,10,21,0.476,2,8,0.25,2,4,0.5,3,8,11,7,0,0,3,10,0
0021400593,2015-01-16,2014-15,regular_season,False,1610612760,OKC,Oklahoma City Thunder,1610612744,GSW,Golden State Warriors,29,24,W,11,22,0.5,2,6,0.333,5,6,0.833,4,9,13,9,1,1,2,6,5,8,23,0.348,0,1,0.0,8,9,0.889,6,7,13,4,1,0,2,5,-5
0021400592,2015-01-16,2014-15,regular_season,False,1610612761,TOR,Toronto Raptors,1610612737,ATL,Atlanta Hawks,21,25,L,7,20,0.35,1,7,0.143,6,6,1.0,2,6,8,5,1,1,2,6,-4,9,17,0.529,0,2,0.0,7,8,0.875,2,9,11,6,0,1,3,3,4
0021400591,2015-01-16,2014-15,regular_season,False,1610612738,BOS,Boston Celtics,1610612741,CHI,Chicago Bulls,17,31,L,8,20,0.4,1,5,0.2,0,0,0.0,1,5,6,7,2,1,3,4,-14,12,18,0.667,7,9,0.778,0,0,0.0,1,9,10,5,1,2,3,5,14
0021400590,2015-01-16,2014-15,regular_season,False,1610612764,WAS,Washington Wizards,1610612751,BKN,Brooklyn Nets,22,31,L,8,16,0.5,0,4,0.0,6,6,1.0,3,6,9,5,0,1,6,10,-9,10,18,0.556,1,4,0.25,10,12,0.833,1,5,6,5,3,0,1,4,9
0021400589,2015-01-16,2014-15,regular_season,False,1610612755,PHI,Philadelphia 76ers,1610612740,NOP,New Orleans Pelicans,23,22,W,7,18,0.389,2,5,0.4,7,10,0.7,4,7,11,4,1,1,5,7,1,7,17,0.412,1,6,0.167,7,11,0.636,2,8,10,5,2,4,2,6,-1
0021400588,2015-01-16,2014-15,regular_season,False,1610612753,ORL,Orlando Magic,1610612763,MEM,Memphis Grizzlies,22,25,L,8,20,0.4,4,10,0.4,2,5,0.4,1,10,11,4,0,0,3,5,-3,11,21,0.524,0,1,0.0,3,5,0.6,1,11,12,10,2,0,2,5,3
0021400587,2015-01-16,2014-15,regular_season,False,1610612754,IND,Indiana Pacers,1610612765,DET,Detroit Pistons,20,19,W,7,17,0.412,1,5,0.2,5,7,0.714,3,8,11,3,1,1,4,6,1,5,18,0.278,3,8,0.375,6,7,0.857,3,7,10,4,2,1,4,5,-1
0021400607,2015-01-17,2014-15,regular_season,False,1610612758,SAC,Sacramento Kings,1610612746,LAC,Los Angeles Clippers,30,34,L,8,21,0.381,2,7,0.286,12,14,0.857,7,9,16,4,0,1,4,8,-4,11,19,0.579,2,6,0.333,10,16,0.625,1,6,7,6,2,1,0,8,4
0021400606,2015-01-17,2014-15,regular_season,False,1610612743,DEN,Denver Nuggets,1610612750,MIN,Minnesota Timberwolves,22,28,L,8,21,0.381,3,11,0.273,3,5,0.6,1,4,5,4,2,1,1,5,-6,11,21,0.524,2,5,0.4,4,5,0.8,5,12,17,4,0,0,4,6,6
0021400604,2015-01-17,2014-15,regular_season,False,1610612763,MEM,Memphis Grizzlies,1610612757,POR,Portland Trail Blazers,24,28,L,9,21,0.429,1,2,0.5,5,6,0.833,3,10,13,5,1,1,3,3,-4,10,24,0.417,4,12,0.333,4,4,1.0,3,7,10,5,2,3,1,5,4
0021400605,2015-01-17,2014-15,regular_season,False,1610612751,BKN,Brooklyn Nets,1610612764,WAS,Washington Wizards,20,22,L,7,18,0.389,1,5,0.2,5,7,0.714,4,9,13,1,0,0,4,7,-2,8,16,0.5,0,1,0.0,6,11,0.545,2,7,9,5,2,2,2,3,2
0021400602,2015-01-17,2014-15,regular_season,False,1610612741,CHI,Chicago Bulls,1610612737,ATL,Atlanta Hawks,32,31,W,12,24,0.5,2,9,0.222,6,6,1.0,3,7,10,7,0,0,2,9,1,8,18,0.444,2,4,0.5,13,16,0.812,4,7,11,7,1,2,2,5,-1
0021400601,2015-01-17,2014-15,regular_season,False,1610612765,DET,Detroit Pistons,1610612755,PHI,Philadelphia 76ers,26,27,L,8,19,0.421,2,9,0.222,8,9,0.889,2,8,10,6,4,0,3,4,-1,11,20,0.55,3,6,0.5,2,2,1.0,1,10,11,6,2,1,4,5,1
0021400600,2015-01-17,2014-15,regular_season,False,1610612766,CHA,Charlotte Hornets,1610612754,IND,Indiana Pacers,18,17,W,5,22,0.227,1,4,0.25,7,9,0.778,2,9,11,2,1,3,0,6,1,5,20,0.25,0,6,0.0,7,8,0.875,3,10,13,3,0,0,1,6,-1
0021400603,2015-01-17,2014-15,regular_season,False,1610612745,HOU,Houston Rockets,1610612744,GSW,Golden State Warriors,26,29,L,10,21,0.476,3,8,0.375,3,7,0.429,1,7,8,5,4,0,6,4,-3,12,21,0.571,2,3,0.667,3,5,0.6,2,8,10,8,3,2,4,6,3
0021400608,2015-01-18,2014-15,regular_season,False,1610612761,TOR,Toronto Raptors,1610612740,NOP,New Orleans Pelicans,22,31,L,4,14,0.286,1,4,0.25,13,16,0.812,1,6,7,1,1,0,3,6,-9,12,19,0.632,1,3,0.333,6,9,0.667,2,9,11,6,1,0,3,9,9
0021400609,2015-01-18,2014-15,regular_season,False,1610612753,ORL,Orlando Magic,1610612760,OKC,Oklahoma City Thunder,23,24,L,8,17,0.471,2,4,0.5,5,9,0.556,2,7,9,5,1,0,6,5,-1,11,24,0.458,2,6,0.333,0,0,0.0,2,10,12,7,3,0,4,7,1
0021400610,2015-01-18,2014-15,regular_season,False,1610612759,SAS,San Antonio Spurs,1610612762,UTA,Utah Jazz,23,22,W,8,19,0.421,4,6,0.667,3,3,1.0,2,9,11,7,2,0,3,4,1,9,21,0.429,0,0,0.0,4,4,1.0,2,8,10,8,1,6,3,3,-1
0021400618,2015-01-19,2014-15,regular_season,False,1610612752,NYK,New York Knicks,1610612740,NOP,New Orleans Pelicans,21,27,L,7,19,0.368,2,4,0.5,5,6,0.833,3,6,9,4,1,1,1,6,-6,10,23,0.435,3,9,0.333,4,5,0.8,7,9,16,3,0,0,1,5,6
0021400622,2015-01-19,2014-15,regular_season,False,1610612756,PHX,Phoenix Suns,1610612747,LAL,Los Angeles Lakers,28,23,W,10,22,0.455,5,11,0.455,3,4,0.75,6,4,10,4,3,1,5,7,5,7,16,0.438,4,7,0.571,5,7,0.714,3,6,9,5,4,1,8,7,-5
0021400621,2015-01-19,2014-15,regular_season,False,1610612757,POR,Portland Trail Blazers,1610612758,SAC,Sacramento Kings,31,19,W,10,22,0.455,3,11,0.273,8,15,0.533,4,5,9,4,5,1,0,5,12,6,15,0.4,0,2,0.0,7,7,1.0,1,9,10,1,0,1,8,10,-12
0021400620,2015-01-19,2014-15,regular_season,False,1610612739,CLE,Cleveland Cavaliers,1610612741,CHI,Chicago Bulls,24,32,L,9,19,0.474,2,4,0.5,4,6,0.667,3,6,9,4,1,0,2,6,-8,9,17,0.529,2,4,0.5,12,12,1.0,1,8,9,4,1,1,1,4,8
0021400619,2015-01-19,2014-15,regular_season,False,1610612749,MIL,Milwaukee Bucks,1610612761,TOR,Toronto Raptors,27,24,W,9,19,0.474,1,6,0.167,8,10,0.8,2,13,15,4,1,2,6,7,3,10,28,0.357,1,8,0.125,3,8,0.375,6,10,16,6,4,0,2,7,-3
0021400617,2015-01-19,2014-15,regular_season,False,1610612745,HOU,Houston Rockets,1610612754,IND,Indiana Pacers,21,30,L,7,17,0.412,1,6,0.167,6,9,0.667,3,6,9,2,1,0,7,7,-9,11,21,0.524,2,7,0.286,6,7,0.857,4,9,13,6,4,0,4,5,9
0021400611,2015-01-19,2014-15,regular_season,False,1610612766,CHA,Charlotte Hornets,1610612750,MIN,Minnesota Timberwolves,22,28,L,8,20,0.4,3,6,0.5,3,6,0.5,1,10,11,5,3,1,4,5,-6,12,25,0.48,4,9,0.444,0,2,0.0,4,10,14,6,2,2,5,6,6
0021400615,2015-01-19,2014-15,regular_season,False,1610612744,GSW,Golden State Warriors,1610612743,DEN,Denver Nuggets,33,19,W,12,17,0.706,2,4,0.5,7,10,0.7,2,14,16,8,2,2,5,4,14,7,23,0.304,2,7,0.286,4,4,1.0,1,5,6,4,3,0,2,7,-14
0021400614,2015-01-19,2014-15,regular_season,False,1610612746,LAC,Los Angeles Clippers,1610612738,BOS,Boston Celtics,28,31,L,9,18,0.5,2,6,0.333,8,12,0.667,3,6,9,6,2,0,1,4,-3,11,16,0.688,5,8,0.625,4,7,0.571,0,7,7,7,1,0,3,9,3
0021400613,2015-01-19,2014-15,regular_season,False,1610612737,ATL,Atlanta Hawks,1610612765,DET,Detroit Pistons,25,21,W,11,19,0.579,1,5,0.2,2,5,0.4,2,8,10,10,3,0,4,2,4,8,23,0.348,3,14,0.214,2,2,1.0,5,7,12,4,1,1,5,6,-4
0021400612,2015-01-19,2014-15,regular_season,False,1610612764,WAS,Washington Wizards,1610612755,PHI,Philadelphia 76ers,26,18,W,11,19,0.579,2,3,0.667,2,4,0.5,4,11,15,3,2,2,7,7,8,7,22,0.318,1,6,0.167,3,7,0.429,4,3,7,6,3,2,4,2,-8
0021400616,2015-01-19,2014-15,regular_season,False,1610612763,MEM,Memphis Grizzlies,1610612742,DAL,Dallas Mavericks,20,21,L,7,23,0.304,1,9,0.111,5,5,1.0,4,8,12,3,2,1,2,5,-1,7,16,0.438,0,4,0.0,7,10,0.7,4,8,12,3,1,2,4,5,1
0021400623,2015-01-20,2014-15,regular_season,False,1610612748,MIA,Miami Heat,1610612760,OKC,Oklahoma City Thunder,19,22,L,8,20,0.4,2,7,0.286,1,2,0.5,2,8,10,6,1,0,4,5,-3,10,19,0.526,1,5,0.2,1,2,0.5,1,8,9,3,3,2,3,2,3
0021400624,2015-01-20,2014-15,regular_season,False,1610612743,DEN,Denver Nuggets,1610612759,SAS,San Antonio Spurs,23,29,L,8,18,0.444,0,3,0.0,7,9,0.778,1,8,9,7,1,0,3,6,-6,10,22,0.455,4,9,0.444,5,7,0.714,3,11,14,7,2,2,3,7,6
0021400636,2015-01-21,2014-15,regular_season,False,1610612744,GSW,Golden State Warriors,1610612745,HOU,Houston Rockets,24,35,L,10,25,0.4,2,6,0.333,2,2,1.0,4,8,12,7,2,3,6,4,-11,12,25,0.48,5,11,0.455,6,7,0.857,4,9,13,7,3,0,3,4,11
0021400635,2015-01-21,2014-15,regular_season,False,1610612758,SAC,Sacramento Kings,1610612751,BKN,Brooklyn Nets,31,21,W,11,20,0.55,1,4,0.25,8,10,0.8,5,11,16,3,2,1,4,7,10,5,18,0.278,2,9,0.222,9,11,0.818,3,6,9,1,3,1,4,8,-10
0021400633,2015-01-21,2014-15,regular_season,False,1610612764,WAS,Washington Wizards,1610612760,OKC,Oklahoma City Thunder,22,26,L,8,23,0.348,2,8,0.25,4,8,0.5,4,9,13,4,1,0,1,5,-4,9,20,0.45,3,10,0.3,5,7,0.714,1,11,12,7,0,2,1,5,4
0021400632,2015-01-21,2014-15,regular_season,False,1610612740,NOP,New Orleans Pelicans,1610612747,LAL,Los Angeles Lakers,27,12,W,11,23,0.478,1,4,0.25,4,4,1.0,2,13,15,7,2,2,0,1,15,4,20,0.2,1,7,0.143,3,4,0.75,3,9,12,2,0,1,4,5,-15
0021400631,2015-01-21,2014-15,regular_season,False,1610612750,MIN,Minnesota Timberwolves,1610612742,DAL,Dallas Mavericks,18,23,L,7,19,0.368,0,3,0.0,4,6,0.667,3,7,10,5,2,0,5,3,-5,10,18,0.556,1,6,0.167,2,2,1.0,1,9,10,8,2,1,4,4,5
0021400634,2015-01-21,2014-15,regular_season,False,1610612756,PHX,Phoenix Suns,1610612757,POR,Portland Trail Blazers,27,37,L,8,19,0.421,1,4,0.25,10,16,0.625,3,10,13,4,0,0,3,7,-10,10,21,0.476,6,11,0.545,11,13,0.846,2,11,13,7,2,2,1,10,10
0021400629,2015-01-21,2014-15,regular_season,False,1610612765,DET,Detroit Pistons,1610612753,ORL,Orlando Magic,32,34,L,10,23,0.435,3,7,0.429,9,11,0.818,3,8,11,7,5,3,5,9,-2,11,25,0.44,0,3,0.0,12,12,1.0,5,9,14,8,4,4,6,8,2
0021400628,2015-01-21,2014-15,regular_season,False,1610612737,ATL,Atlanta Hawks,1610612754,IND,Indiana Pacers,22,27,L,6,17,0.353,1,5,0.2,9,11,0.818,2,7,9,5,3,0,5,10,-5,7,19,0.368,1,8,0.125,12,13,0.923,3,11,14,5,3,0,4,9,5
0021400627,2015-01-21,2014-15,regular_season,False,1610612755,PHI,Philadelphia 76ers,1610612752,NYK,New York Knicks,29,24,W,7,14,0.5,2,3,0.667,13,15,0.867,2,5,7,3,3,5,4,5,5,7,21,0.333,2,6,0.333,8,8,1.0,6,5,11,3,2,1,4,7,-5
0021400626,2015-01-21,2014-15,regular_season,False,1610612739,CLE,Cleveland Cavaliers,1610612762,UTA,Utah Jazz,24,30,L,10,20,0.5,1,7,0.143,3,4,0.75,4,4,8,4,4,0,4,3,-6,12,21,0.571,2,7,0.286,4,4,1.0,4,7,11,8,3,0,4,6,6
0021400625,2015-01-21,2014-15,regular_season,False,1610612766,CHA,Charlotte Hornets,1610612748,MIA,Miami Heat,13,21,L,3,13,0.231,0,4,0.0,7,12,0.583,3,8,11,2,1,2,5,6,-8,8,20,0.4,3,9,0.333,2,2,1.0,2,8,10,4,1,1,2,7,8
0021400630,2015-01-21,2014-15,regular_season,False,1610612763,MEM,Memphis Grizzlies,1610612761,TOR,Toronto Raptors,32,25,W,12,20,0.6,1,3,0.333,7,12,0.583,2,14,16,6,3,2,3,7,7,6,22,0.273,3,10,0.3,10,12,0.833,3,9,12,3,0,1,4,9,-7
0021400637,2015-01-22,2014-15,regular_season,False,1610612741,CHI,Chicago Bulls,1610612759,SAS,San Antonio Spurs,27,21,W,9,17,0.529,0,1,0.0,9,12,0.75,2,10,12,5,2,1,2,6,6,8,22,0.364,1,4,0.25,4,6,0.667,4,7,11,3,0,0,4,9,-6
0021400638,2015-01-22,2014-15,regular_season,False,1610612749,MIL,Milwaukee Bucks,1610612762,UTA,Utah Jazz,20,25,L,9,24,0.375,1,4,0.25,1,2,0.5,5,7,12,6,1,3,4,8,-5,6,16,0.375,1,6,0.167,12,13,0.923,2,10,12,4,3,0,3,2,5
0021400639,2015-01-22,2014-15,regular_season,False,1610612757,POR,Portland Trail Blazers,1610612738,BOS,Boston Celtics,17,23,L,4,23,0.174,1,9,0.111,8,11,0.727,6,8,14,0,2,1,3,3,-6,10,22,0.455,1,4,0.25,2,2,1.0,3,10,13,5,2,2,3,6,6
0021400640,2015-01-22,2014-15,regular_season,False,1610612746,LAC,Los Angeles Clippers,1610612751,BKN,Brooklyn Nets,26,28,L,10,22,0.455,1,5,0.2,5,5,1.0,2,8,10,8,2,2,3,6,-2,11,25,0.44,2,5,0.4,4,8,0.5,8,8,16,6,2,1,2,2,2
0021400649,2015-01-23,2014-15,regular_season,False,1610612743,DEN,Denver Nuggets,1610612738,BOS,Boston Celtics,25,25,L,10,20,0.5,1,3,0.333,4,6,0.667,3,7,10,5,0,1,4,9,0,7,16,0.438,3,4,0.75,8,14,0.571,3,8,11,5,2,0,4,7,0
0021400648,2015-01-23,2014-15,regular_season,False,1610612759,SAS,San Antonio Spurs,1610612747,LAL,Los Angeles Lakers,23,24,L,9,20,0.45,2,7,0.286,3,3,1.0,3,9,12,5,3,1,6,5,-1,9,20,0.45,3,5,0.6,3,6,0.5,2,7,9,8,2,0,3,3,1
0021400647,2015-01-23,2014-15,regular_season,False,1610612750,MIN,Minnesota Timberwolves,1610612740,NOP,New Orleans Pelicans,21,23,L,8,22,0.364,0,1,0.0,5,6,0.833,2,8,10,6,2,0,3,4,-2,10,22,0.455,1,1,1.0,2,4,0.5,4,8,12,5,2,2,3,4,2
0021400646,2015-01-23,2014-15,regular_season,False,1610612742,DAL,Dallas Mavericks,1610612741,CHI,Chicago Bulls,23,22,W,7,21,0.333,0,4,0.0,9,9,1.0,3,6,9,3,2,1,1,4,1,8,16,0.5,0,1,0.0,6,9,0.667,2,10,12,5,1,2,6,8,-1
0021400641,2015-01-23,2014-15,regular_season,False,1610612755,PHI,Philadelphia 76ers,1610612761,TOR,Toronto Raptors,24,28,L,8,23,0.348,1,9,0.111,7,9,0.778,5,4,9,5,4,0,2,6,-4,7,13,0.538,3,5,0.6,11,12,0.917,2,9,11,4,1,1,6,6,4
0021400644,2015-01-23,2014-15,regular_season,False,1610612748,MIA,Miami Heat,1610612754,IND,Indiana Pacers,14,23,L,5,16,0.312,2,5,0.4,2,4,0.5,2,7,9,3,2,0,7,7,-9,9,21,0.429,0,4,0.0,5,6,0.833,2,8,10,3,4,0,3,4,9
0021400643,2015-01-23,2014-15,regular_season,False,1610612739,CLE,Cleveland Cavaliers,1610612766,CHA,Charlotte Hornets,26,27,L,9,22,0.409,2,8,0.25,6,7,0.857,1,13,14,8,1,0,3,8,-1,11,24,0.458,0,5,0.0,5,8,0.625,3,10,13,6,2,3,2,6,1
0021400642,2015-01-23,2014-15,regular_season,False,1610612737,ATL,Atlanta Hawks,1610612760,OKC,Oklahoma City Thunder,24,18,W,9,22,0.409,2,8,0.25,4,4,1.0,4,10,14,6,2,1,2,6,6,6,20,0.3,3,11,0.273,3,6,0.5,2,9,11,5,0,1,4,4,-6
0021400650,2015-01-23,2014-15,regular_season,False,1610612756,PHX,Phoenix Suns,1610612745,HOU,Houston Rockets,34,26,W,13,22,0.591,3,5,0.6,5,6,0.833,3,8,11,6,0,0,2,5,8,11,20,0.55,1,6,0.167,3,4,0.75,1,6,7,5,2,1,3,5,-8
0021400645,2015-01-23,2014-15,regular_season,False,1610612752,NYK,New York Knicks,1610612753,ORL,Orlando Magic,31,28,W,11,22,0.5,3,5,0.6,6,8,0.75,4,9,13,7,0,2,3,5,3,12,26,0.462,0,7,0.0,4,5,0.8,4,7,11,5,3,1,2,6,-3
0021400651,2015-01-23,2014-15,regular_season,False,1610612744,GSW,Golden State Warriors,1610612758,SAC,Sacramento Kings,29,28,W,10,27,0.37,1,8,0.125,8,9,0.889,6,8,14,8,4,0,2,8,1,11,20,0.55,0,2,0.0,6,9,0.667,3,9,12,4,1,2,5,5,-1
0021400655,2015-01-24,2014-15,regular_season,False,1610612762,UTA,Utah Jazz,1610612751,BKN,Brooklyn Nets,27,14,W,11,22,0.5,2,7,0.286,3,3,1.0,0,11,11,7,4,2,5,2,13,6,21,0.286,1,5,0.2,1,2,0.5,3,8,11,5,2,4,8,2,-13
0021400654,2015-01-24,2014-15,regular_season,False,1610612763,MEM,Memphis Grizzlies,1610612755,PHI,Philadelphia 76ers,20,22,L,8,19,0.421,1,3,0.333,3,4,0.75,2,7,9,4,2,0,5,5,-2,8,17,0.471,2,6,0.333,4,8,0.5,4,9,13,5,3,0,7,4,2
0021400656,2015-01-24,2014-15,regular_season,False,1610612757,POR,Portland Trail Blazers,1610612764,WAS,Washington Wizards,34,26,W,7,17,0.412,5,11,0.455,15,15,1.0,3,9,12,6,3,0,4,6,8,11,21,0.524,1,5,0.2,3,4,0.75,0,6,6,5,3,0,3,10,-8
0021400652,2015-01-24,2014-15,regular_season,False,1610612766,CHA,Charlotte Hornets,1610612752,NYK,New York Knicks,19,17,W,7,18,0.389,1,3,0.333,4,8,0.5,4,4,8,3,2,2,3,6,2,5,15,0.333,2,4,0.5,5,10,0.5,6,8,14,3,1,0,7,7,-2
0021400653,2015-01-24,2014-15,regular_season,False,1610612749,MIL,Milwaukee Bucks,1610612765,DET,Detroit Pistons,10,19,L,5,13,0.385,0,0,0.0,0,2,0.0,0,8,8,4,3,2,8,7,-9,6,20,0.3,2,6,0.333,5,7,0.714,6,9,15,4,3,0,7,3,9
0021400667,2015-01-25,2014-15,regular_season,False,1610612747,LAL,Los Angeles Lakers,1610612745,HOU,Houston Rockets,27,19,W,9,16,0.562,0,2,0.0,9,13,0.692,3,13,16,3,1,0,5,7,8,5,19,0.263,2,11,0.182,7,9,0.778,2,6,8,4,3,0,4,8,-8
0021400666,2015-01-25,2014-15,regular_season,False,1610612743,DEN,Denver Nuggets,1610612764,WAS,Washington Wizards,21,22,L,6,17,0.353,2,7,0.286,7,10,0.7,1,5,6,3,2,1,2,5,-1,10,20,0.5,0,1,0.0,2,3,0.667,3,10,13,4,1,1,6,8,1
0021400665,2015-01-25,2014-15,regular_season,False,1610612744,GSW,Golden State Warriors,1610612738,BOS,Boston Celtics,25,34,L,9,23,0.391,1,3,0.333,6,6,1.0,4,10,14,7,1,1,6,9,-9,10,22,0.455,2,6,0.333,12,13,0.923,3,9,12,5,2,1,2,6,9
0021400663,2015-01-25,2014-15,regular_season,False,1610612759,SAS,San Antonio Spurs,1610612749,MIL,Milwaukee Bucks,32,28,W,10,18,0.556,3,5,0.6,9,10,0.9,3,8,11,7,0,1,4,5,4,12,23,0.522,2,4,0.5,2,4,0.5,4,4,8,9,4,2,1,6,-4
0021400662,2015-01-25,2014-15,regular_season,False,1610612753,ORL,Orlando Magic,1610612754,IND,Indiana Pacers,17,31,L,6,17,0.353,0,3,0.0,5,7,0.714,2,8,10,2,2,2,6,6,-14,11,21,0.524,5,7,0.714,4,6,0.667,3,10,13,9,4,3,3,6,14
0021400664,2015-01-25,2014-15,regular_season,False,1610612761,TOR,Toronto Raptors,1610612765,DET,Detroit Pistons,25,31,L,7,18,0.389,0,2,0.0,11,13,0.846,1,10,11,2,1,2,3,10,-6,10,26,0.385,3,13,0.231,8,12,0.667,4,8,12,6,2,1,2,8,6
0021400660,2015-01-25,2014-15,regular_season,False,1610612740,NOP,New Orleans Pelicans,1610612742,DAL,Dallas Mavericks,20,22,L,6,17,0.353,2,5,0.4,6,8,0.75,2,8,10,4,2,1,3,6,-2,10,24,0.417,2,9,0.222,0,0,0.0,4,8,12,5,0,2,2,5,2
0021400659,2015-01-25,2014-15,regular_season,False,1610612756,PHX,Phoenix Suns,1610612746,LAC,Los Angeles Clippers,23,31,L,6,17,0.353,4,12,0.333,7,9,0.778,1,7,8,3,1,3,5,12,-8,7,19,0.368,3,7,0.429,14,20,0.7,5,11,16,3,2,2,3,4,8
0021400658,2015-01-25,2014-15,regular_season,False,1610612739,CLE,Cleveland Cavaliers,1610612760,OKC,Oklahoma City Thunder,25,20,W,8,19,0.421,5,11,0.455,4,10,0.4,2,9,11,5,3,3,2,6,5,6,19,0.316,2,6,0.333,6,8,0.75,2,9,11,4,1,2,5,8,-5
0021400657,2015-01-25,2014-15,regular_season,False,1610612741,CHI,Chicago Bulls,1610612748,MIA,Miami Heat,22,22,L,8,21,0.381,3,6,0.5,3,5,0.6,4,5,9,4,1,5,2,6,0,9,22,0.409,0,2,0.0,4,6,0.667,6,8,14,4,1,5,3,3,0
0021400661,2015-01-25,2014-15,regular_season,False,1610612737,ATL,Atlanta Hawks,1610612750,MIN,Minnesota Timberwolves,26,23,W,12,20,0.6,2,6,0.333,0,2,0.0,4,3,7,8,1,0,1,3,3,10,13,0.769,1,2,0.5,2,4,0.5,1,5,6,8,0,0,5,2,-3
0021400670,2015-01-26,2014-15,regular_season,False,1610612763,MEM,Memphis Grizzlies,1610612753,ORL,Orlando Magic,14,21,L,7,20,0.35,0,3,0.0,0,0,0.0,0,7,7,4,4,2,5,7,-7,8,17,0.471,0,2,0.0,5,6,0.833,3,12,15,3,2,1,7,6,7
0021400671,2015-01-26,2014-15,regular_season,False,1610612740,NOP,New Orleans Pelicans,1610612755,PHI,Philadelphia 76ers,14,12,W,6,18,0.333,1,2,0.5,1,1,1.0,3,12,15,2,3,6,7,5,2,5,24,0.208,0,3,0.0,2,3,0.667,7,7,14,2,4,4,4,4,-2
0021400672,2015-01-26,2014-15,regular_season,False,1610612760,OKC,Oklahoma City Thunder,1610612750,MIN,Minnesota Timberwolves,27,28,L,11,23,0.478,2,6,0.333,3,4,0.75,4,9,13,6,1,1,4,9,-1,7,18,0.389,2,4,0.5,12,17,0.706,2,8,10,3,1,1,1,4,1
0021400673,2015-01-26,2014-15,regular_season,False,1610612762,UTA,Utah Jazz,1610612738,BOS,Boston Celtics,24,28,L,8,23,0.348,4,10,0.4,4,6,0.667,4,10,14,4,1,2,5,9,-4,9,19,0.474,0,4,0.0,10,12,0.833,1,9,10,4,3,2,1,5,4
0021400674,2015-01-26,2014-15,regular_season,False,1610612746,LAC,Los Angeles Clippers,1610612743,DEN,Denver Nuggets,33,21,W,10,16,0.625,3,6,0.5,10,11,0.909,3,9,12,8,3,2,4,5,12,9,22,0.409,1,6,0.167,2,4,0.5,4,3,7,6,2,0,3,5,-12
0021400680,2015-01-27,2014-15,regular_season,False,1610612747,LAL,Los Angeles Lakers,1610612764,WAS,Washington Wizards,16,23,L,6,20,0.3,0,5,0.0,4,6,0.667,2,8,10,2,2,2,2,5,-7,9,21,0.429,1,5,0.2,4,5,0.8,5,14,19,2,0,0,4,5,7
0021400679,2015-01-27,2014-15,regular_season,False,1610612744,GSW,Golden State Warriors,1610612741,CHI,Chicago Bulls,26,28,L,11,25,0.44,0,5,0.0,4,8,0.5,5,7,12,6,3,0,2,5,-2,9,22,0.409,2,6,0.333,8,9,0.889,4,10,14,4,1,1,4,6,2
0021400678,2015-01-27,2014-15,regular_season,False,1610612742,DAL,Dallas Mavericks,1610612763,MEM,Memphis Grizzlies,18,23,L,8,21,0.381,2,9,0.222,0,2,0.0,2,7,9,4,0,0,0,6,-5,8,17,0.471,1,5,0.2,6,8,0.75,2,12,14,4,0,0,0,4,5
0021400676,2015-01-27,2014-15,regular_season,False,1610612765,DET,Detroit Pistons,1610612739,CLE,Cleveland Cavaliers,31,28,W,10,27,0.37,3,7,0.429,8,8,1.0,9,8,17,8,1,1,5,8,3,7,19,0.368,2,9,0.222,12,12,1.0,3,7,10,2,3,2,4,6,-3
0021400675,2015-01-27,2014-15,regular_season,False,1610612754,IND,Indiana Pacers,1610612761,TOR,Toronto Raptors,23,27,L,6,17,0.353,3,7,0.429,8,10,0.8,0,6,6,3,1,0,3,7,-4,8,17,0.471,4,8,0.5,7,8,0.875,3,10,13,5,3,1,5,10,4
0021400677,2015-01-27,2014-15,regular_season,False,1610612748,MIA,Miami Heat,1610612749,MIL,Milwaukee Bucks,20,27,L,8,20,0.4,1,7,0.143,3,8,0.375,3,7,10,3,1,0,2,8,-7,9,15,0.6,1,3,0.333,8,11,0.727,1,10,11,5,0,1,3,5,7
0021400688,2015-01-28,2014-15,regular_season,False,1610612752,NYK,New York Knicks,1610612760,OKC,Oklahoma City Thunder,32,25,W,10,17,0.588,3,4,0.75,9,12,0.75,1,12,13,8,0,2,3,6,7,7,24,0.292,2,12,0.167,9,9,1.0,2,6,8,2,2,1,2,8,-7
0021400691,2015-01-28,2014-15,regular_season,False,1610612756,PHX,Phoenix Suns,1610612764,WAS,Washington Wizards,26,32,L,8,20,0.4,3,6,0.5,7,8,0.875,3,8,11,3,1,0,5,7,-6,10,19,0.526,2,6,0.333,10,13,0.769,2,9,11,5,1,0,1,5,6
0021400690,2015-01-28,2014-15,regular_season,False,1610612762,UTA,Utah Jazz,1610612746,LAC,Los Angeles Clippers,17,26,L,6,24,0.25,0,9,0.0,5,7,0.714,9,6,15,1,0,1,4,4,-9,9,17,0.529,3,6,0.5,5,6,0.833,1,7,8,1,3,3,1,7,9
0021400689,2015-01-28,2014-15,regular_season,False,1610612759,SAS,San Antonio Spurs,1610612766,CHA,Charlotte Hornets,26,22,W,11,27,0.407,4,11,0.364,0,1,0.0,7,8,15,8,2,2,2,3,4,7,19,0.368,4,9,0.444,4,4,1.0,4,8,12,5,1,2,4,3,-4
0021400686,2015-01-28,2014-15,regular_season,False,1610612750,MIN,Minnesota Timberwolves,1610612738,BOS,Boston Celtics,29,24,W,6,15,0.4,3,4,0.75,14,17,0.824,1,11,12,3,2,0,3,3,5,10,24,0.417,1,7,0.143,3,3,1.0,2,9,11,4,2,2,3,10,-5
0021400687,2015-01-28,2014-15,regular_season,False,1610612740,NOP,New Orleans Pelicans,1610612743,DEN,Denver Nuggets,15,23,L,5,19,0.263,1,4,0.25,4,6,0.667,6,7,13,1,1,2,2,3,-8,9,21,0.429,3,6,0.5,2,2,1.0,3,8,11,5,0,5,1,5,8
0021400684,2015-01-28,2014-15,regular_season,False,1610612761,TOR,Toronto Raptors,1610612758,SAC,Sacramento Kings,26,26,W,8,21,0.381,2,8,0.25,8,8,1.0,2,7,9,4,5,0,3,7,0,7,14,0.5,2,5,0.4,10,11,0.909,0,9,9,4,2,1,6,5,0
0021400683,2015-01-28,2014-15,regular_season,False,1610612737,ATL,Atlanta Hawks,1610612751,BKN,Brooklyn Nets,24,21,W,10,21,0.476,2,8,0.25,2,2,1.0,1,10,11,7,0,2,2,4,3,8,21,0.381,3,8,0.375,2,2,1.0,2,8,10,4,0,2,0,3,-3
0021400682,2015-01-28,2014-15,regular_season,False,1610612755,PHI,Philadelphia 76ers,1610612765,DET,Detroit Pistons,21,14,W,7,15,0.467,1,3,0.333,6,7,0.857,2,10,12,6,4,5,7,2,7,5,19,0.263,1,7,0.143,3,4,0.75,2,6,8,3,3,2,6,7,-7
0021400681,2015-01-28,2014-15,regular_season,False,1610612739,CLE,Cleveland Cavaliers,1610612757,POR,Portland Trail Blazers,20,20,W,6,21,0.286,2,9,0.222,6,6,1.0,6,8,14,2,0,0,3,4,0,7,19,0.368,4,11,0.364,2,2,1.0,2,6,8,3,0,2,2,7,0
0021400685,2015-01-28,2014-15,regular_season,False,1610612745,HOU,Houston Rockets,1610612742,DAL,Dallas Mavericks,18,16,W,5,16,0.312,2,6,0.333,6,6,1.0,2,9,11,3,2,3,7,7,2,5,19,0.263,2,5,0.4,4,6,0.667,2,8,10,3,5,2,6,6,-2
0021400695,2015-01-29,2014-15,regular_season,False,1610612747,LAL,Los Angeles Lakers,1610612741,CHI,Chicago Bulls,18,22,L,8,22,0.364,0,3,0.0,2,3,0.667,4,9,13,2,2,1,4,4,-4,9,25,0.36,1,5,0.2,3,3,1.0,6,9,15,4,4,1,3,6,4
0021400692,2015-01-29,2014-15,regular_season,False,1610612753,ORL,Orlando Magic,1610612749,MIL,Milwaukee Bucks,29,19,W,10,17,0.588,3,7,0.429,6,10,0.6,1,10,11,4,4,3,5,6,10,7,19,0.368,2,4,0.5,3,5,0.6,2,7,9,5,3,2,6,7,-10
0021400693,2015-01-29,2014-15,regular_season,False,1610612763,MEM,Memphis Grizzlies,1610612743,DEN,Denver Nuggets,25,20,W,10,22,0.455,0,2,0.0,5,6,0.833,4,9,13,5,3,2,3,3,5,7,20,0.35,1,9,0.111,5,5,1.0,3,8,11,5,3,2,5,5,-5
0021400694,2015-01-29,2014-15,regular_season,False,1610612754,IND,Indiana Pacers,1610612752,NYK,New York Knicks,14,21,L,6,16,0.375,0,3,0.0,2,2,1.0,0,10,10,3,1,1,6,3,-7,10,23,0.435,1,5,0.2,0,0,0.0,2,8,10,6,2,3,3,3,7
0021400703,2015-01-30,2014-15,regular_season,False,1610612762,UTA,Utah Jazz,1610612744,GSW,Golden State Warriors,29,32,L,10,24,0.417,3,7,0.429,6,11,0.545,4,7,11,7,1,2,0,3,-3,12,25,0.48,3,8,0.375,5,6,0.833,4,12,16,8,0,1,2,7,3
0021400702,2015-01-30,2014-15,regular_season,False,1610612748,MIA,Miami Heat,1610612742,DAL,Dallas Mavericks,12,33,L,5,17,0.294,2,5,0.4,0,2,0.0,2,5,7,2,2,1,5,1,-21,13,26,0.5,7,15,0.467,0,0,0.0,8,11,19,9,3,1,3,3,21
0021400704,2015-01-30,2014-15,regular_season,False,1610612756,PHX,Phoenix Suns,1610612741,CHI,Chicago Bulls,31,26,W,11,23,0.478,1,6,0.167,8,9,0.889,4,9,13,6,1,0,2,4,5,10,23,0.435,2,4,0.5,4,4,1.0,3,6,9,7,1,1,2,5,-5
0021400701,2015-01-30,2014-15,regular_season,False,1610612740,NOP,New Orleans Pelicans,1610612746,LAC,Los Angeles Clippers,20,27,L,8,22,0.364,1,2,0.5,3,3,1.0,3,10,13,4,0,2,4,2,-7,10,23,0.435,3,8,0.375,4,4,1.0,3,8,11,3,3,2,0,5,7
0021400696,2015-01-30,2014-15,regular_season,False,1610612755,PHI,Philadelphia 76ers,1610612750,MIN,Minnesota Timberwolves,25,17,W,8,15,0.533,2,4,0.5,7,10,0.7,1,8,9,4,6,3,6,4,8,7,21,0.333,0,1,0.0,3,4,0.75,4,7,11,4,3,1,9,7,-8
0021400699,2015-01-30,2014-15,regular_season,False,1610612751,BKN,Brooklyn Nets,1610612761,TOR,Toronto Raptors,31,22,W,11,20,0.55,2,4,0.5,7,11,0.636,4,10,14,5,0,1,3,5,9,8,22,0.364,0,6,0.0,6,6,1.0,2,6,8,6,2,0,1,7,-9
0021400698,2015-01-30,2014-15,regular_season,False,1610612738,BOS,Boston Celtics,1610612745,HOU,Houston Rockets,23,24,L,8,26,0.308,3,13,0.231,4,6,0.667,2,11,13,4,2,0,2,8,-1,7,18,0.389,2,9,0.222,8,11,0.727,2,13,15,5,2,0,5,5,1
0021400697,2015-01-30,2014-15,regular_season,False,1610612737,ATL,Atlanta Hawks,1610612757,POR,Portland Trail Blazers,36,25,W,15,21,0.714,4,6,0.667,2,2,1.0,0,11,11,10,2,2,4,6,11,7,23,0.304,2,7,0.286,9,10,0.9,4,6,10,5,3,0,2,3,-11
0021400700,2015-01-30,2014-15,regular_season,False,1610612739,CLE,Cleveland Cavaliers,1610612758,SAC,Sacramento Kings,15,25,L,6,16,0.375,1,8,0.125,2,4,0.5,0,7,7,3,5,0,5,6,-10,9,18,0.5,0,5,0.0,7,8,0.875,2,10,12,5,3,1,5,4,10
0021400715,2015-01-31,2014-15,regular_season,False,1610612744,GSW,Golden State Warriors,1610612756,PHX,Phoenix Suns,28,17,W,11,24,0.458,2,6,0.333,4,5,0.8,4,8,12,7,3,3,2,5,11,6,21,0.286,1,6,0.167,4,5,0.8,3,10,13,5,1,2,5,6,-11
0021400714,2015-01-31,2014-15,regular_season,False,1610612759,SAS,San Antonio Spurs,1610612746,LAC,Los Angeles Clippers,16,21,L,4,15,0.267,2,8,0.25,6,10,0.6,1,10,11,3,3,0,5,4,-5,8,23,0.348,1,4,0.25,4,5,0.8,6,9,15,3,5,1,3,7,5
0021400713,2015-01-31,2014-15,regular_season,False,1610612743,DEN,Denver Nuggets,1610612766,CHA,Charlotte Hornets,34,24,W,13,24,0.542,3,7,0.429,5,6,0.833,4,9,13,7,0,5,3,7,10,9,24,0.375,0,3,0.0,6,8,0.75,5,5,10,5,3,3,4,6,-10
0021400712,2015-01-31,2014-15,regular_season,False,1610612749,MIL,Milwaukee Bucks,1610612757,POR,Portland Trail Blazers,19,23,L,8,19,0.421,3,5,0.6,0,0,0.0,1,11,12,4,1,3,5,6,-4,8,21,0.381,2,8,0.25,5,6,0.833,2,9,11,3,2,2,2,2,4
0021400710,2015-01-31,2014-15,regular_season,False,1610612763,MEM,Memphis Grizzlies,1610612760,OKC,Oklahoma City Thunder,17,12,W,6,22,0.273,0,1,0.0,5,6,0.833,8,6,14,5,5,2,5,7,5,4,16,0.25,1,7,0.143,3,6,0.5,4,8,12,1,1,0,8,7,-5
0021400711,2015-01-31,2014-15,regular_season,False,1610612750,MIN,Minnesota Timberwolves,1610612739,CLE,Cleveland Cavaliers,11,30,L,3,19,0.158,0,3,0.0,5,6,0.833,3,4,7,1,0,0,5,5,-19,9,16,0.562,4,9,0.444,8,10,0.8,2,10,12,4,3,3,2,6,19
0021400708,2015-01-31,2014-15,regular_season,False,1610612737,ATL,Atlanta Hawks,1610612755,PHI,Philadelphia 76ers,20,19,W,6,16,0.375,1,8,0.125,7,10,0.7,2,8,10,4,1,1,2,2,1,7,20,0.35,3,10,0.3,2,2,1.0,2,9,11,5,1,1,2,7,-1
0021400707,2015-01-31,2014-15,regular_season,False,1610612764,WAS,Washington Wizards,1610612761,TOR,Toronto Raptors,31,15,W,9,19,0.474,2,6,0.333,11,13,0.846,5,12,17,5,1,0,4,2,16,6,20,0.3,0,4,0.0,3,4,0.75,0,5,5,2,2,4,1,9,-16
0021400706,2015-01-31,2014-15,regular_season,False,1610612753,ORL,Orlando Magic,1610612742,DAL,Dallas Mavericks,23,20,W,9,18,0.5,4,9,0.444,1,3,0.333,2,7,9,6,1,0,4,6,3,8,14,0.571,0,1,0.0,4,7,0.571,0,8,8,3,3,0,3,4,-3
0021400705,2015-01-31,2014-15,regular_season,False,1610612754,IND,Indiana Pacers,1610612758,SAC,Sacramento Kings,27,20,W,6,17,0.353,2,9,0.222,13,14,0.929,3,9,12,4,2,4,3,7,7,8,21,0.381,0,4,0.0,4,7,0.571,3,8,11,1,1,0,4,10,-7
0021400709,2015-01-31,2014-15,regular_season,False,1610612765,DET,Detroit Pistons,1610612745,HOU,Houston Rockets,28,32,L,7,15,0.467,3,7,0.429,11,15,0.733,1,7,8,2,2,3,6,5,-4,12,21,0.571,4,10,0.4,4,8,0.5,2,6,8,6,6,0,2,9,4
0021400716,2015-02-01,2014-15,regular_season,False,1610612738,BOS,Boston Celtics,1610612748,MIA,Miami Heat,16,22,L,6,20,0.3,2,6,0.333,2,4,0.5,2,9,11,5,2,1,6,6,-6,9,19,0.474,1,3,0.333,3,7,0.429,3,9,12,5,2,1,6,3,6
0021400717,2015-02-01,2014-15,regular_season,False,1610612752,NYK,New York Knicks,1610612747,LAL,Los Angeles Lakers,20,23,L,7,19,0.368,3,9,0.333,3,4,0.75,3,5,8,4,1,0,3,5,-3,8,15,0.533,2,3,0.667,5,6,0.833,1,8,9,5,2,1,5,5,3
0021400723,2015-02-02,2014-15,regular_season,False,1610612760,OKC,Oklahoma City Thunder,1610612753,ORL,Orlando Magic,22,30,L,8,17,0.471,2,3,0.667,4,6,0.667,3,7,10,5,0,0,6,7,-8,9,19,0.474,4,10,0.4,8,8,1.0,1,6,7,6,1,1,1,5,8
0021400725,2015-02-02,2014-15,regular_season,False,1610612756,PHX,Phoenix Suns,1610612763,MEM,Memphis Grizzlies,29,25,W,11,18,0.611,3,5,0.6,4,4,1.0,1,8,9,5,3,1,5,8,4,7,18,0.389,1,5,0.2,10,13,0.769,3,6,9,4,5,2,4,4,-4
0021400724,2015-02-02,2014-15,regular_season,False,1610612742,DAL,Dallas Mavericks,1610612750,MIN,Minnesota Timberwolves,19,21,L,8,18,0.444,0,7,0.0,3,4,0.75,2,7,9,4,2,2,4,5,-2,6,19,0.316,1,5,0.2,8,8,1.0,4,8,12,4,3,0,4,5,2
0021400722,2015-02-02,2014-15,regular_season,False,1610612740,NOP,New Orleans Pelicans,1610612737,ATL,Atlanta Hawks,27,26,W,10,20,0.5,3,6,0.5,4,5,0.8,4,9,13,7,0,4,4,4,1,12,26,0.462,1,2,0.5,1,3,0.333,4,4,8,5,2,0,0,5,-1
0021400718,2015-02-02,2014-15,regular_season,False,1610612739,CLE,Cleveland Cavaliers,1610612755,PHI,Philadelphia 76ers,28,19,W,10,18,0.556,5,10,0.5,3,4,0.75,3,6,9,6,1,0,5,5,9,7,17,0.412,3,10,0.3,2,3,0.667,3,4,7,5,3,0,7,5,-9
0021400720,2015-02-02,2014-15,regular_season,False,1610612751,BKN,Brooklyn Nets,1610612746,LAC,Los Angeles Clippers,32,28,W,12,23,0.522,6,13,0.462,2,8,0.25,4,9,13,4,0,0,2,6,4,12,22,0.545,1,6,0.167,3,8,0.375,4,10,14,4,1,0,1,7,-4
0021400719,2015-02-02,2014-15,regular_season,False,1610612764,WAS,Washington Wizards,1610612766,CHA,Charlotte Hornets,22,22,L,8,22,0.364,1,3,0.333,5,5,1.0,2,9,11,5,2,0,2,8,0,8,18,0.444,2,6,0.333,4,8,0.5,2,12,14,5,0,1,4,4,0
0021400721,2015-02-02,2014-15,regular_season,False,1610612761,TOR,Toronto Raptors,1610612749,MIL,Milwaukee Bucks,15,9,W,4,17,0.235,2,10,0.2,5,6,0.833,2,11,13,2,3,0,3,4,6,3,19,0.158,1,4,0.25,2,4,0.5,2,12,14,2,1,2,4,3,-6
0021400726,2015-02-03,2014-15,regular_season,False,1610612755,PHI,Philadelphia 76ers,1610612743,DEN,Denver Nuggets,20,30,L,5,18,0.278,1,6,0.167,9,11,0.818,2,8,10,4,5,2,8,4,-10,11,20,0.55,3,7,0.429,5,6,0.833,1,9,10,8,5,0,5,8,10
0021400727,2015-02-03,2014-15,regular_season,False,1610612765,DET,Detroit Pistons,1610612748,MIA,Miami Heat,23,24,L,9,19,0.474,2,6,0.333,3,4,0.75,3,6,9,7,1,2,3,5,-1,8,15,0.533,3,5,0.6,5,8,0.625,1,7,8,5,0,0,3,4,1
0021400728,2015-02-03,2014-15,regular_season,False,1610612752,NYK,New York Knicks,1610612738,BOS,Boston Celtics,25,28,L,11,20,0.55,1,5,0.2,2,2,1.0,3,3,6,4,4,1,5,4,-3,12,18,0.667,1,5,0.2,3,4,0.75,2,5,7,8,0,0,6,3,3
0021400729,2015-02-03,2014-15,regular_season,False,1610612757,POR,Portland Trail Blazers,1610612762,UTA,Utah Jazz,31,32,L,9,19,0.474,4,7,0.571,9,12,0.75,4,7,11,5,1,2,1,4,-1,11,26,0.423,4,7,0.571,6,7,0.857,8,6,14,5,1,2,1,7,1
0021400730,2015-02-03,2014-15,regular_season,False,1610612758,SAC,Sacramento Kings,1610612744,GSW,Golden State Warriors,16,27,L,5,15,0.333,0,1,0.0,6,7,0.857,1,5,6,2,1,3,5,7,-11,9,24,0.375,2,6,0.333,7,9,0.778,8,8,16,3,2,1,2,7,11
0021400737,2015-02-04,2014-15,regular_season,False,1610612750,MIN,Minnesota Timberwolves,1610612748,MIA,Miami Heat,26,18,W,8,17,0.471,2,5,0.4,8,10,0.8,3,8,11,6,2,1,3,7,8,6,17,0.353,2,4,0.5,4,4,1.0,3,6,9,3,1,1,5,7,-8
0021400741,2015-02-04,2014-15,regular_season,False,1610612744,GSW,Golden State Warriors,1610612742,DAL,Dallas Mavericks,27,16,W,9,18,0.5,3,8,0.375,6,8,0.75,1,13,14,5,2,2,3,6,11,5,26,0.192,0,6,0.0,6,9,0.667,8,8,16,3,2,0,3,4,-11
0021400739,2015-02-04,2014-15,regular_season,False,1610612759,SAS,San Antonio Spurs,1610612753,ORL,Orlando Magic,32,29,W,12,20,0.6,4,9,0.444,4,5,0.8,1,8,9,10,0,0,3,5,3,11,19,0.579,2,4,0.5,5,8,0.625,1,8,9,7,2,0,2,5,-3
0021400738,2015-02-04,2014-15,regular_season,False,1610612740,NOP,New Orleans Pelicans,1610612760,OKC,Oklahoma City Thunder,15,25,L,6,27,0.222,1,7,0.143,2,2,1.0,7,8,15,3,2,0,2,4,-10,11,18,0.611,2,3,0.667,1,3,0.333,1,13,14,5,1,3,4,4,10
0021400736,2015-02-04,2014-15,regular_season,False,1610612749,MIL,Milwaukee Bucks,1610612747,LAL,Los Angeles Lakers,20,26,L,7,20,0.35,3,9,0.333,3,4,0.75,3,5,8,3,2,2,5,7,-6,10,24,0.417,1,7,0.143,5,6,0.833,6,10,16,4,2,1,4,6,6
0021400740,2015-02-04,2014-15,regular_season,False,1610612762,UTA,Utah Jazz,1610612763,MEM,Memphis Grizzlies,19,23,L,8,20,0.4,2,6,0.333,1,2,0.5,5,4,9,2,2,1,4,5,-4,8,16,0.5,0,1,0.0,7,8,0.875,4,5,9,4,2,1,3,5,4
0021400734,2015-02-04,2014-15,regular_season,False,1610612761,TOR,Toronto Raptors,1610612751,BKN,Brooklyn Nets,21,33,L,6,22,0.273,1,10,0.1,8,10,0.8,5,6,11,2,1,1,0,6,-12,9,17,0.529,3,6,0.5,12,13,0.923,2,8,10,6,0,1,3,6,12
0021400733,2015-02-04,2014-15,regular_season,False,1610612738,BOS,Boston Celtics,1610612743,DEN,Denver Nuggets,21,22,L,7,23,0.304,1,8,0.125,6,8,0.75,6,8,14,4,3,0,1,5,-1,6,20,0.3,1,9,0.111,9,10,0.9,7,7,14,4,1,2,5,6,1
0021400732,2015-02-04,2014-15,regular_season,False,1610612737,ATL,Atlanta Hawks,1610612764,WAS,Washington Wizards,28,22,W,9,17,0.529,3,7,0.429,7,9,0.778,2,11,13,3,1,1,5,5,6,9,24,0.375,0,3,0.0,4,7,0.571,4,6,10,2,3,0,2,7,-6
0021400735,2015-02-04,2014-15,regular_season,False,1610612745,HOU,Houston Rockets,1610612741,CHI,Chicago Bulls,26,20,W,9,20,0.45,3,5,0.6,5,8,0.625,1,9,10,7,3,2,2,5,6,6,22,0.273,1,5,0.2,7,9,0.778,6,11,17,1,1,1,5,6,-6
0021400731,2015-02-04,2014-15,regular_season,False,1610612754,IND,Indiana Pacers,1610612765,DET,Detroit Pistons,33,33,W,12,18,0.667,5,6,0.833,4,6,0.667,1,4,5,5,3,1,4,4,0,13,24,0.542,3,8,0.375,4,5,0.8,5,4,9,6,2,1,4,8,0
0021400742,2015-02-05,2014-15,regular_season,False,1610612766,CHA,Charlotte Hornets,1610612764,WAS,Washington Wizards,25,13,W,8,19,0.421,0,4,0.0,9,9,1.0,6,12,18,1,4,4,4,4,12,5,19,0.263,2,4,0.5,1,2,0.5,2,4,6,4,0,0,4,7,-12
0021400743,2015-02-05,2014-15,regular_season,False,1610612739,CLE,Cleveland Cavaliers,1610612746,LAC,Los Angeles Clippers,11,31,L,2,14,0.143,0,8,0.0,7,8,0.875,4,9,13,2,1,3,9,7,-20,12,27,0.444,2,5,0.4,5,7,0.714,4,7,11,6,5,0,1,6,20
0021400744,2015-02-05,2014-15,regular_season,False,1610612758,SAC,Sacramento Kings,1610612742,DAL,Dallas Mavericks,18,18,L,7,25,0.28,1,7,0.143,3,5,0.6,3,13,16,2,1,4,2,3,0,8,25,0.32,1,7,0.143,1,2,0.5,2,12,14,7,2,3,1,4,0
0021400745,2015-02-05,2014-15,regular_season,False,1610612757,POR,Portland Trail Blazers,1610612756,PHX,Phoenix Suns,42,22,W,15,22,0.682,5,6,0.833,7,8,0.875,3,11,14,7,3,2,2,5,20,9,22,0.409,0,7,0.0,4,5,0.8,2,5,7,4,2,0,4,7,-20
0021400756,2015-02-06,2014-15,regular_season,False,1610612756,PHX,Phoenix Suns,1610612762,UTA,Utah Jazz,24,22,W,7,22,0.318,3,9,0.333,7,10,0.7,6,10,16,3,3,0,2,5,2,9,21,0.429,1,6,0.167,3,4,0.75,1,10,11,5,1,0,3,9,-2
0021400755,2015-02-06,2014-15,regular_season,False,1610612760,OKC,Oklahoma City Thunder,1610612740,NOP,New Orleans Pelicans,32,33,L,11,27,0.407,2,5,0.4,8,10,0.8,4,5,9,4,4,0,2,9,-1,8,13,0.615,1,3,0.333,16,20,0.8,1,10,11,4,0,2,7,7,1
0021400754,2015-02-06,2014-15,regular_season,False,1610612750,MIN,Minnesota Timberwolves,1610612763,MEM,Memphis Grizzlies,25,20,W,9,22,0.409,2,4,0.5,5,6,0.833,5,7,12,3,3,1,3,5,5,8,15,0.533,0,1,0.0,4,5,0.8,0,6,6,4,2,4,5,5,-5
0021400753,2015-02-06,2014-15,regular_season,False,1610612745,HOU,Houston Rockets,1610612749,MIL,Milwaukee Bucks,21,29,L,4,19,0.211,2,10,0.2,11,14,0.786,4,12,16,4,2,2,6,9,-8,10,24,0.417,0,7,0.0,9,12,0.75,2,11,13,4,2,1,2,10,8
0021400752,2015-02-06,2014-15,regular_season,False,1610612761,TOR,Toronto Raptors,1610612746,LAC,Los Angeles Clippers,28,28,W,10,17,0.588,4,9,0.444,4,5,0.8,2,9,11,6,2,0,4,3,0,11,19,0.579,2,3,0.667,4,5,0.8,0,5,5,4,1,2,2,3,0
0021400757,2015-02-06,2014-15,regular_season,False,1610612759,SAS,San Antonio Spurs,1610612748,MIA,Miami Heat,21,24,L,9,21,0.429,2,5,0.4,1,1,1.0,4,5,9,7,5,1,5,8,-3,9,20,0.45,2,5,0.4,4,4,1.0,3,8,11,4,2,1,5,1,3
0021400750,2015-02-06,2014-15,regular_season,False,1610612738,BOS,Boston Celtics,1610612755,PHI,Philadelphia 76ers,32,27,W,12,25,0.48,3,8,0.375,5,5,1.0,3,11,14,7,2,0,0,7,5,11,23,0.478,4,11,0.364,1,8,0.125,5,8,13,9,0,0,3,4,-5
0021400749,2015-02-06,2014-15,regular_season,False,1610612737,ATL,Atlanta Hawks,1610612744,GSW,Golden State Warriors,35,31,W,9,14,0.643,3,5,0.6,14,15,0.933,0,8,8,7,3,1,4,4,4,14,32,0.438,2,11,0.182,1,2,0.5,9,5,14,8,3,1,3,8,-4
0021400748,2015-02-06,2014-15,regular_season,False,1610612753,ORL,Orlando Magic,1610612747,LAL,Los Angeles Lakers,22,13,W,9,18,0.5,2,2,1.0,2,3,0.667,2,10,12,4,2,2,3,4,9,5,20,0.25,0,7,0.0,3,4,0.75,3,7,10,3,2,2,2,4,-9
0021400747,2015-02-06,2014-15,regular_season,False,1610612754,IND,Indiana Pacers,1610612739,CLE,Cleveland Cavaliers,36,29,W,10,19,0.526,4,7,0.571,12,14,0.857,3,7,10,6,3,0,2,3,7,12,25,0.48,4,13,0.308,1,2,0.5,5,4,9,4,2,1,5,9,-7
0021400746,2015-02-06,2014-15,regular_season,False,1610612751,BKN,Brooklyn Nets,1610612752,NYK,New York Knicks,24,18,W,9,17,0.529,2,3,0.667,4,4,1.0,1,9,10,6,0,2,2,5,6,6,21,0.286,2,7,0.286,4,4,1.0,4,6,10,4,2,1,0,5,-6
0021400751,2015-02-06,2014-15,regular_season,False,1610612765,DET,Detroit Pistons,1610612743,DEN,Denver Nuggets,18,26,L,4,18,0.222,0,6,0.0,10,10,1.0,4,10,14,3,1,1,9,7,-8,8,20,0.4,2,9,0.222,8,10,0.8,3,8,11,5,3,3,4,9,8
0021400763,2015-02-07,2014-15,regular_season,False,1610612749,MIL,Milwaukee Bucks,1610612738,BOS,Boston Celtics,16,18,L,7,21,0.333,0,2,0.0,2,2,1.0,2,10,12,4,1,1,2,7,-2,6,18,0.333,1,7,0.143,5,7,0.714,1,10,11,2,1,0,2,3,2
0021400762,2015-02-07,2014-15,regular_season,False,1610612742,DAL,Dallas Mavericks,1610612757,POR,Portland Trail Blazers,26,13,W,11,28,0.393,4,10,0.4,0,0,0.0,7,9,16,6,4,0,4,3,13,4,15,0.267,1,7,0.143,4,4,1.0,2,10,12,2,1,1,9,6,-13
0021400761,2015-02-07,2014-15,regular_season,False,1610612755,PHI,Philadelphia 76ers,1610612766,CHA,Charlotte Hornets,19,20,L,8,17,0.471,2,4,0.5,1,2,0.5,1,10,11,6,0,2,4,4,-1,7,21,0.333,2,7,0.286,4,4,1.0,1,9,10,6,3,1,2,4,1
0021400764,2015-02-07,2014-15,regular_season,False,1610612762,UTA,Utah Jazz,1610612758,SAC,Sacramento Kings,27,29,L,11,20,0.55,1,5,0.2,4,7,0.571,3,3,6,8,3,1,2,8,-2,10,19,0.526,2,4,0.5,7,9,0.778,5,6,11,5,1,0,7,7,2
0021400759,2015-02-07,2014-15,regular_season,False,1610612764,WAS,Washington Wizards,1610612751,BKN,Brooklyn Nets,25,16,W,9,21,0.429,2,5,0.4,5,6,0.833,4,7,11,6,4,1,3,6,9,5,14,0.357,2,4,0.5,4,7,0.571,1,7,8,5,2,1,5,3,-9
0021400758,2015-02-07,2014-15,regular_season,False,1610612740,NOP,New Orleans Pelicans,1610612741,CHI,Chicago Bulls,16,26,L,7,18,0.389,1,5,0.2,1,4,0.25,1,7,8,5,2,1,4,4,-10,10,21,0.476,2,7,0.286,4,4,1.0,1,8,9,4,4,0,3,3,10
0021400760,2015-02-07,2014-15,regular_season,False,1610612752,NYK,New York Knicks,1610612744,GSW,Golden State Warriors,18,15,W,7,23,0.304,2,6,0.333,2,3,0.667,5,9,14,3,2,1,4,4,3,5,19,0.263,2,8,0.25,3,4,0.75,6,9,15,1,1,0,5,5,-3
0021400765,2015-02-08,2014-15,regular_season,False,1610612760,OKC,Oklahoma City Thunder,1610612746,LAC,Los Angeles Clippers,30,33,L,10,20,0.5,3,8,0.375,7,9,0.778,3,7,10,6,3,0,3,4,-3,12,20,0.6,6,11,0.545,3,4,0.75,0,7,7,11,2,0,4,7,3
0021400766,2015-02-08,2014-15,regular_season,False,1610612739,CLE,Cleveland Cavaliers,1610612747,LAL,Los Angeles Lakers,24,26,L,8,17,0.471,4,7,0.571,4,6,0.667,1,10,11,4,2,3,5,1,-2,10,24,0.417,4,8,0.5,2,2,1.0,4,10,14,7,4,1,3,4,2
0021400767,2015-02-08,2014-15,regular_season,False,1610612763,MEM,Memphis Grizzlies,1610612737,ATL,Atlanta Hawks,25,22,W,8,19,0.421,3,4,0.75,6,7,0.857,4,10,14,5,0,3,3,2,3,9,21,0.429,4,7,0.571,0,0,0.0,0,7,7,4,2,2,2,5,-3
0021400768,2015-02-08,2014-15,regular_season,False,1610612766,CHA,Charlotte Hornets,1610612754,IND,Indiana Pacers,19,28,L,7,21,0.333,3,4,0.75,2,4,0.5,2,6,8,6,1,0,1,7,-9,9,19,0.474,2,5,0.4,8,10,0.8,1,12,13,4,0,0,2,4,9
0021400769,2015-02-08,2014-15,regular_season,False,1610612765,DET,Detroit Pistons,1610612750,MIN,Minnesota Timberwolves,28,31,L,10,24,0.417,1,11,0.091,8,8,1.0,5,5,10,4,2,0,4,9,-3,8,15,0.533,2,3,0.667,13,15,0.867,2,9,11,5,0,0,5,7,3
0021400770,2015-02-08,2014-15,regular_season,False,1610612753,ORL,Orlando Magic,1610612741,CHI,Chicago Bulls,23,24,L,10,20,0.5,3,6,0.5,0,0,0.0,3,6,9,4,6,0,5,5,-1,7,16,0.438,4,9,0.444,6,6,1.0,2,5,7,5,3,0,6,1,1
0021400771,2015-02-08,2014-15,regular_season,False,1610612745,HOU,Houston Rockets,1610612757,POR,Portland Trail Blazers,18,28,L,7,24,0.292,2,11,0.182,2,4,0.5,3,5,8,6,0,0,1,6,-10,10,17,0.588,2,7,0.286,6,7,0.857,0,16,16,6,1,0,2,4,10
0021400772,2015-02-08,2014-15,regular_season,False,1610612761,TOR,Toronto Raptors,1610612759,SAS,San Antonio Spurs,23,24,L,9,18,0.5,1,4,0.25,4,6,0.667,2,6,8,4,4,1,4,5,-1,9,23,0.391,3,9,0.333,3,4,0.75,7,6,13,6,2,1,6,6,1
0021400773,2015-02-08,2014-15,regular_season,False,1610612758,SAC,Sacramento Kings,1610612756,PHX,Phoenix Suns,12,24,L,6,21,0.286,0,4,0.0,0,0,0.0,1,7,8,1,0,0,4,5,-12,8,19,0.421,1,7,0.143,7,8,0.875,3,11,14,5,0,1,2,6,12
0021400779,2015-02-09,2014-15,regular_season,False,1610612750,MIN,Minnesota Timberwolves,1610612737,ATL,Atlanta Hawks,33,31,W,13,20,0.65,2,3,0.667,5,5,1.0,2,6,8,7,2,3,6,7,2,11,23,0.478,1,3,0.333,8,8,1.0,5,5,10,5,6,2,5,4,-2
0021400781,2015-02-09,2014-15,regular_season,False,1610612742,DAL,Dallas Mavericks,1610612746,LAC,Los Angeles Clippers,18,21,L,5,17,0.294,2,8,0.25,6,8,0.75,1,11,12,3,1,0,3,9,-3,5,20,0.25,0,5,0.0,11,13,0.846,5,10,15,1,3,1,1,7,3
0021400782,2015-02-09,2014-15,regular_season,False,1610612743,DEN,Denver Nuggets,1610612760,OKC,Oklahoma City Thunder,22,18,W,8,19,0.421,3,9,0.333,3,4,0.75,3,8,11,5,0,0,3,7,4,7,16,0.438,0,2,0.0,4,8,0.5,2,9,11,5,0,1,4,5,-4
0021400778,2015-02-09,2014-15,regular_season,False,1610612749,MIL,Milwaukee Bucks,1610612751,BKN,Brooklyn Nets,24,29,L,8,16,0.5,1,4,0.25,7,8,0.875,0,6,6,6,2,2,3,3,-5,12,26,0.462,3,9,0.333,2,2,1.0,6,8,14,4,1,1,2,5,5
0021400780,2015-02-09,2014-15,regular_season,False,1610612740,NOP,New Orleans Pelicans,1610612762,UTA,Utah Jazz,29,29,L,11,26,0.423,4,6,0.667,3,3,1.0,6,6,12,7,1,3,4,6,0,10,20,0.5,2,3,0.667,7,8,0.875,3,7,10,8,4,2,3,5,0
0021400776,2015-02-09,2014-15,regular_season,False,1610612764,WAS,Washington Wizards,1610612753,ORL,Orlando Magic,22,26,L,6,18,0.333,3,8,0.375,7,8,0.875,3,9,12,4,1,1,5,1,-4,11,21,0.524,3,8,0.375,1,2,0.5,2,6,8,7,4,1,1,6,4
0021400774,2015-02-09,2014-15,regular_season,False,1610612754,IND,Indiana Pacers,1610612759,SAS,San Antonio Spurs,14,30,L,6,22,0.273,0,5,0.0,2,2,1.0,4,10,14,3,0,2,5,6,-16,11,26,0.423,2,10,0.2,6,6,1.0,3,10,13,5,3,2,0,4,16
0021400777,2015-02-09,2014-15,regular_season,False,1610612748,MIA,Miami Heat,1610612752,NYK,New York Knicks,32,21,W,12,18,0.667,4,5,0.8,4,4,1.0,2,3,5,12,3,3,1,4,11,9,20,0.45,1,5,0.2,2,2,1.0,6,4,10,3,0,1,5,3,-11
0021400775,2015-02-09,2014-15,regular_season,False,1610612755,PHI,Philadelphia 76ers,1610612744,GSW,Golden State Warriors,23,22,W,8,19,0.421,3,8,0.375,4,5,0.8,1,9,10,4,2,0,5,7,1,8,18,0.444,0,2,0.0,6,8,0.75,1,9,10,6,2,1,4,3,-1
0021400783,2015-02-10,2014-15,regular_season,False,1610612766,CHA,Charlotte Hornets,1610612765,DET,Detroit Pistons,18,23,L,7,22,0.318,1,7,0.143,3,4,0.75,3,6,9,5,0,2,1,2,-5,9,19,0.474,1,3,0.333,4,4,1.0,3,11,14,7,1,1,3,7,5
0021400784,2015-02-10,2014-15,regular_season,False,1610612756,PHX,Phoenix Suns,1610612745,HOU,Houston Rockets,29,39,L,11,19,0.579,4,7,0.571,3,4,0.75,0,2,2,6,3,1,1,4,-10,15,20,0.75,4,6,0.667,5,5,1.0,2,8,10,6,0,1,3,4,10
0021400785,2015-02-10,2014-15,regular_season,False,1610612741,CHI,Chicago Bulls,1610612758,SAC,Sacramento Kings,20,22,L,8,20,0.4,0,5,0.0,4,4,1.0,3,5,8,4,1,0,2,4,-2,10,20,0.5,0,4,0.0,2,4,0.5,4,9,13,5,1,1,2,4,2
0021400786,2015-02-10,2014-15,regular_season,False,1610612763,MEM,Memphis Grizzlies,1610612751,BKN,Brooklyn Nets,20,24,L,6,20,0.3,2,6,0.333,6,8,0.75,5,9,14,4,2,1,4,5,-4,10,20,0.5,1,5,0.2,3,5,0.6,3,7,10,5,3,1,2,6,4
0021400787,2015-02-10,2014-15,regular_season,False,1610612747,LAL,Los Angeles Lakers,1610612743,DEN,Denver Nuggets,25,35,L,11,20,0.55,2,6,0.333,1,3,0.333,2,6,8,5,0,0,5,8,-10,12,16,0.75,2,3,0.667,9,14,0.643,0,7,7,7,5,1,0,4,10
0021400791,2015-02-11,2014-15,regular_season,False,1610612761,TOR,Toronto Raptors,1610612764,WAS,Washington Wizards,20,17,W,7,16,0.438,4,6,0.667,2,4,0.5,0,9,9,4,1,1,3,4,3,7,22,0.318,2,7,0.286,1,2,0.5,3,8,11,4,0,1,2,3,-3
0021400799,2015-02-11,2014-15,regular_season,False,1610612746,LAC,Los Angeles Clippers,1610612745,HOU,Houston Rockets,30,16,W,9,18,0.5,1,3,0.333,11,21,0.524,5,15,20,3,2,2,3,5,14,5,24,0.208,2,14,0.143,4,4,1.0,4,7,11,3,2,2,3,13,-14
0021400798,2015-02-11,2014-15,regular_season,False,1610612757,POR,Portland Trail Blazers,1610612747,LAL,Los Angeles Lakers,14,21,L,5,22,0.227,3,10,0.3,1,2,0.5,3,9,12,5,1,1,3,2,-7,9,22,0.409,3,4,0.75,0,0,0.0,2,13,15,5,1,2,3,6,7
0021400797,2015-02-11,2014-15,regular_season,False,1610612742,DAL,Dallas Mavericks,1610612762,UTA,Utah Jazz,23,25,L,4,17,0.235,1,6,0.167,14,18,0.778,2,5,7,3,5,2,2,9,-2,8,14,0.571,3,5,0.6,6,12,0.5,1,12,13,4,2,1,7,11,2
0021400796,2015-02-11,2014-15,regular_season,False,1610612739,CLE,Cleveland Cavaliers,1610612748,MIA,Miami Heat,28,24,W,9,19,0.474,3,6,0.5,7,8,0.875,3,6,9,6,2,0,3,8,4,7,18,0.389,2,6,0.333,8,8,1.0,4,6,10,4,0,1,5,6,-4
0021400795,2015-02-11,2014-15,regular_season,False,1610612760,OKC,Oklahoma City Thunder,1610612763,MEM,Memphis Grizzlies,20,20,W,9,25,0.36,0,6,0.0,2,2,1.0,5,7,12,6,3,2,5,6,0,7,15,0.467,1,2,0.5,5,10,0.5,1,10,11,3,2,0,7,5,0
0021400790,2015-02-11,2014-15,regular_season,False,1610612765,DET,Detroit Pistons,1610612759,SAS,San Antonio Spurs,24,22,W,9,21,0.429,2,5,0.4,4,5,0.8,2,7,9,4,0,2,2,5,2,10,22,0.455,1,5,0.2,1,2,0.5,2,8,10,5,2,1,3,6,-2
0021400793,2015-02-11,2014-15,regular_season,False,1610612750,MIN,Minnesota Timberwolves,1610612744,GSW,Golden State Warriors,24,21,W,7,18,0.389,1,3,0.333,9,10,0.9,1,12,13,4,1,1,3,3,3,9,23,0.391,1,4,0.25,2,2,1.0,1,8,9,6,2,0,1,5,-3
0021400792,2015-02-11,2014-15,regular_season,False,1610612749,MIL,Milwaukee Bucks,1610612758,SAC,Sacramento Kings,24,34,L,6,15,0.4,2,2,1.0,10,14,0.714,1,7,8,4,1,1,4,10,-10,10,18,0.556,2,5,0.4,12,14,0.857,3,11,14,8,3,1,2,8,10
0021400789,2015-02-11,2014-15,regular_season,False,1610612738,BOS,Boston Celtics,1610612737,ATL,Atlanta Hawks,28,16,W,9,19,0.474,2,4,0.5,8,8,1.0,1,10,11,6,3,0,3,5,12,5,16,0.312,1,6,0.167,5,7,0.714,1,8,9,4,1,1,6,4,-12
0021400788,2015-02-11,2014-15,regular_season,False,1610612753,ORL,Orlando Magic,1610612752,NYK,New York Knicks,25,23,W,8,15,0.533,1,2,0.5,8,8,1.0,1,9,10,4,1,3,4,10,2,4,16,0.25,1,4,0.25,14,16,0.875,4,5,9,4,2,0,2,6,-2
0021400794,2015-02-11,2014-15,regular_season,False,1610612740,NOP,New Orleans Pelicans,1610612754,IND,Indiana Pacers,33,17,W,13,19,0.684,2,3,0.667,5,8,0.625,0,10,10,10,2,0,1,4,16,5,16,0.312,1,4,0.25,6,6,1.0,1,6,7,4,1,0,5,7,-16
0021400800,2015-02-12,2014-15,regular_season,False,1610612741,CHI,Chicago Bulls,1610612739,CLE,Cleveland Cavaliers,26,21,W,9,22,0.409,4,9,0.444,4,8,0.5,4,11,15,6,3,0,4,5,5,9,21,0.429,1,9,0.111,2,3,0.667,1,9,10,4,3,1,5,8,-5
0021400802,2015-02-19,2014-15,regular_season,False,1610612746,LAC,Los Angeles Clippers,1610612759,SAS,San Antonio Spurs,29,27,W,6,13,0.462,1,2,0.5,16,27,0.593,1,9,10,2,5,0,3,6,2,12,22,0.545,2,7,0.286,1,3,0.333,2,9,11,10,2,0,6,15,-2
0021400801,2015-02-19,2014-15,regular_season,False,1610612760,OKC,Oklahoma City Thunder,1610612742,DAL,Dallas Mavericks,21,24,L,10,20,0.5,1,4,0.25,0,0,0.0,3,10,13,3,1,0,6,1,-3,10,21,0.476,4,7,0.571,0,0,0.0,1,6,7,6,2,0,2,2,3
0021400803,2015-02-20,2014-15,regular_season,False,1610612753,ORL,Orlando Magic,1610612740,NOP,New Orleans Pelicans,22,13,W,10,22,0.455,2,7,0.286,0,0,0.0,3,10,13,5,1,0,2,6,9,3,16,0.188,0,6,0.0,7,8,0.875,2,8,10,0,1,1,2,4,-9
0021400815,2015-02-20,2014-15,regular_season,False,1610612747,LAL,Los Angeles Lakers,1610612751,BKN,Brooklyn Nets,28,18,W,9,21,0.429,1,8,0.125,9,15,0.6,5,11,16,5,3,0,2,7,10,5,19,0.263,0,3,0.0,8,9,0.889,2,8,10,3,2,1,3,9,-10
0021400814,2015-02-20,2014-15,regular_season,False,1610612744,GSW,Golden State Warriors,1610612759,SAS,San Antonio Spurs,21,31,L,8,21,0.381,5,11,0.455,0,0,0.0,2,9,11,8,0,1,2,6,-10,11,21,0.524,3,7,0.429,6,8,0.75,3,11,14,8,1,2,0,0,10
0021400812,2015-02-20,2014-15,regular_season,False,1610612762,UTA,Utah Jazz,1610612757,POR,Portland Trail Blazers,27,17,W,11,18,0.611,4,8,0.5,1,2,0.5,3,10,13,6,1,2,3,8,10,4,18,0.222,1,8,0.125,8,9,0.889,2,3,5,0,1,0,1,2,-10
0021400811,2015-02-20,2014-15,regular_season,False,1610612749,MIL,Milwaukee Bucks,1610612743,DEN,Denver Nuggets,19,16,W,7,20,0.35,1,5,0.2,4,6,0.667,1,9,10,3,0,1,2,6,3,5,16,0.312,2,7,0.286,4,6,0.667,1,8,9,4,1,3,4,6,-3
0021400810,2015-02-20,2014-15,regular_season,False,1610612742,DAL,Dallas Mavericks,1610612745,HOU,Houston Rockets,24,33,L,7,20,0.35,1,8,0.125,9,12,0.75,3,10,13,5,3,1,4,6,-9,12,25,0.48,5,13,0.385,4,9,0.444,5,11,16,5,3,2,4,8,9
0021400813,2015-02-20,2014-15,regular_season,False,1610612758,SAC,Sacramento Kings,1610612738,BOS,Boston Celtics,27,27,W,6,18,0.333,0,3,0.0,15,20,0.75,7,8,15,4,4,2,3,2,0,11,26,0.423,2,4,0.5,3,3,1.0,7,7,14,6,3,0,5,13,0
0021400808,2015-02-20,2014-15,regular_season,False,1610612750,MIN,Minnesota Timberwolves,1610612756,PHX,Phoenix Suns,31,32,L,10,18,0.556,1,4,0.25,10,14,0.714,4,9,13,6,0,4,4,9,-1,11,27,0.407,2,6,0.333,8,10,0.8,7,6,13,7,2,1,0,8,1
0021400807,2015-02-20,2014-15,regular_season,False,1610612752,NYK,New York Knicks,1610612748,MIA,Miami Heat,19,24,L,8,22,0.364,2,6,0.333,1,2,0.5,4,7,11,5,3,4,4,3,-5,9,21,0.429,4,8,0.5,2,2,1.0,0,9,9,7,3,0,4,3,5
0021400806,2015-02-20,2014-15,regular_season,False,1610612765,DET,Detroit Pistons,1610612741,CHI,Chicago Bulls,23,23,W,5,11,0.455,0,4,0.0,13,23,0.565,0,8,8,4,4,1,7,10,0,7,19,0.368,1,5,0.2,8,10,0.8,3,10,13,2,0,1,8,13,0
0021400805,2015-02-20,2014-15,regular_season,False,1610612737,ATL,Atlanta Hawks,1610612761,TOR,Toronto Raptors,22,28,L,9,24,0.375,3,13,0.231,1,1,1.0,6,8,14,7,0,0,3,1,-6,11,25,0.44,6,12,0.5,0,0,0.0,6,9,15,8,1,1,2,2,6
0021400804,2015-02-20,2014-15,regular_season,False,1610612755,PHI,Philadelphia 76ers,1610612754,IND,Indiana Pacers,27,19,W,12,26,0.462,3,12,0.25,0,2,0.0,5,9,14,7,2,2,1,5,8,6,19,0.316,1,6,0.167,6,7,0.857,2,8,10,4,1,0,2,4,-8
0021400809,2015-02-20,2014-15,regular_season,False,1610612764,WAS,Washington Wizards,1610612739,CLE,Cleveland Cavaliers,18,33,L,7,19,0.368,1,3,0.333,3,7,0.429,3,8,11,6,2,1,5,9,-15,8,16,0.5,4,9,0.444,13,16,0.812,0,11,11,7,3,0,2,6,15
0021400816,2015-02-21,2014-15,regular_season,False,1610612766,CHA,Charlotte Hornets,1610612760,OKC,Oklahoma City Thunder,20,24,L,7,25,0.28,2,8,0.25,4,5,0.8,5,8,13,6,3,3,1,5,-4,9,23,0.391,1,3,0.333,5,7,0.714,6,13,19,3,1,4,3,3,4
0021400817,2015-02-21,2014-15,regular_season,False,1610612748,MIA,Miami Heat,1610612740,NOP,New Orleans Pelicans,26,20,W,8,19,0.421,2,7,0.286,8,8,1.0,1,14,15,4,0,2,3,7,6,6,23,0.261,1,8,0.125,7,8,0.875,2,7,9,5,2,0,0,7,-6
0021400818,2015-02-21,2014-15,regular_season,False,1610612741,CHI,Chicago Bulls,1610612756,PHX,Phoenix Suns,31,24,W,12,20,0.6,3,5,0.6,4,4,1.0,5,10,15,8,0,1,3,1,7,11,24,0.458,2,8,0.25,0,0,0.0,3,3,6,5,2,0,0,5,-7
0021400819,2015-02-21,2014-15,regular_season,False,1610612745,HOU,Houston Rockets,1610612761,TOR,Toronto Raptors,30,23,W,9,23,0.391,0,4,0.0,12,16,0.75,6,12,18,5,2,1,4,7,7,7,23,0.304,1,3,0.333,8,9,0.889,3,7,10,2,4,3,2,10,-7
0021400820,2015-02-21,2014-15,regular_season,False,1610612746,LAC,Los Angeles Clippers,1610612758,SAC,Sacramento Kings,29,34,L,10,25,0.4,4,13,0.308,5,5,1.0,1,9,10,6,4,4,2,9,-5,10,23,0.435,2,4,0.5,12,16,0.75,5,14,19,6,0,1,4,3,5
0021400827,2015-02-22,2014-15,regular_season,False,1610612742,DAL,Dallas Mavericks,1610612766,CHA,Charlotte Hornets,25,25,W,10,22,0.455,0,5,0.0,5,6,0.833,2,10,12,2,1,1,1,2,0,11,23,0.478,2,6,0.333,1,3,0.333,2,9,11,7,0,0,2,5,0
0021400829,2015-02-22,2014-15,regular_season,False,1610612747,LAL,Los Angeles Lakers,1610612738,BOS,Boston Celtics,33,28,W,11,20,0.55,4,7,0.571,7,11,0.636,1,6,7,6,3,0,2,8,5,10,17,0.588,3,7,0.429,5,8,0.625,3,8,11,6,0,0,7,11,-5
0021400828,2015-02-22,2014-15,regular_season,False,1610612757,POR,Portland Trail Blazers,1610612763,MEM,Memphis Grizzlies,15,34,L,4,23,0.174,2,9,0.222,5,7,0.714,3,7,10,3,0,2,3,8,-19,13,24,0.542,0,2,0.0,8,10,0.8,4,14,18,7,2,2,0,5,19
0021400826,2015-02-22,2014-15,regular_season,False,1610612760,OKC,Oklahoma City Thunder,1610612743,DEN,Denver Nuggets,21,25,L,8,19,0.421,2,6,0.333,3,6,0.5,3,8,11,3,2,1,7,4,-4,11,24,0.458,1,6,0.167,2,2,1.0,4,7,11,7,6,2,4,4,4
0021400821,2015-02-22,2014-15,regular_season,False,1610612752,NYK,New York Knicks,1610612739,CLE,Cleveland Cavaliers,28,20,W,11,24,0.458,2,9,0.222,4,4,1.0,4,9,13,3,1,0,0,2,8,8,16,0.5,4,11,0.364,0,2,0.0,0,8,8,6,0,0,4,3,-8
0021400824,2015-02-22,2014-15,regular_season,False,1610612754,IND,Indiana Pacers,1610612744,GSW,Golden State Warriors,23,20,W,9,21,0.429,2,6,0.333,3,5,0.6,3,12,15,5,1,0,4,8,3,5,19,0.263,1,6,0.167,9,10,0.9,2,10,12,4,2,3,2,6,-3
0021400823,2015-02-22,2014-15,regular_season,False,1610612765,DET,Detroit Pistons,1610612764,WAS,Washington Wizards,24,18,W,6,20,0.3,3,11,0.273,9,10,0.9,5,9,14,4,4,0,4,5,6,6,18,0.333,3,5,0.6,3,6,0.5,4,8,12,5,0,1,5,5,-6
0021400822,2015-02-22,2014-15,regular_season,False,1610612749,MIL,Milwaukee Bucks,1610612737,ATL,Atlanta Hawks,22,31,L,8,21,0.381,1,6,0.167,5,5,1.0,1,8,9,5,2,2,3,4,-9,12,23,0.522,5,10,0.5,2,2,1.0,3,9,12,9,2,1,4,6,9
0021400825,2015-02-22,2014-15,regular_season,False,1610612753,ORL,Orlando Magic,1610612755,PHI,Philadelphia 76ers,27,29,L,7,14,0.5,2,3,0.667,11,17,0.647,2,5,7,4,2,1,4,6,-2,11,21,0.524,3,11,0.273,4,4,1.0,3,7,10,7,3,1,5,12,2
0021400837,2015-02-23,2014-15,regular_season,False,1610612746,LAC,Los Angeles Clippers,1610612763,MEM,Memphis Grizzlies,19,24,L,6,16,0.375,2,7,0.286,5,6,0.833,0,8,8,3,3,0,5,6,-5,7,17,0.412,1,3,0.333,9,12,0.75,1,7,8,4,4,1,3,6,5
0021400835,2015-02-23,2014-15,regular_season,False,1610612756,PHX,Phoenix Suns,1610612738,BOS,Boston Celtics,31,26,W,12,27,0.444,4,12,0.333,3,3,1.0,3,12,15,8,2,2,5,13,5,5,20,0.25,3,7,0.429,13,17,0.765,1,12,13,2,3,0,5,4,-5
0021400834,2015-02-23,2014-15,regular_season,False,1610612743,DEN,Denver Nuggets,1610612751,BKN,Brooklyn Nets,13,25,L,6,27,0.222,0,8,0.0,1,2,0.5,8,6,14,2,1,0,3,7,-12,8,21,0.381,0,5,0.0,9,10,0.9,5,11,16,5,1,3,2,1,12
0021400836,2015-02-23,2014-15,regular_season,False,1610612762,UTA,Utah Jazz,1610612759,SAS,San Antonio Spurs,17,17,W,8,20,0.4,0,2,0.0,1,2,0.5,1,11,12,4,4,2,3,8,0,5,18,0.278,0,5,0.0,7,9,0.778,4,10,14,4,2,0,6,3,0
0021400832,2015-02-23,2014-15,regular_season,False,1610612745,HOU,Houston Rockets,1610612750,MIN,Minnesota Timberwolves,29,27,W,9,25,0.36,4,9,0.444,7,9,0.778,8,10,18,5,2,1,4,10,2,6,19,0.316,2,3,0.667,13,14,0.929,1,9,10,3,1,0,4,5,-2
0021400831,2015-02-23,2014-15,regular_season,False,1610612741,CHI,Chicago Bulls,1610612749,MIL,Milwaukee Bucks,23,22,W,6,16,0.375,2,4,0.5,9,10,0.9,4,11,15,3,0,2,6,3,1,10,26,0.385,0,5,0.0,2,3,0.667,4,5,9,4,3,0,1,6,-1
0021400830,2015-02-23,2014-15,regular_season,False,1610612748,MIA,Miami Heat,1610612755,PHI,Philadelphia 76ers,28,29,L,10,20,0.5,2,5,0.4,6,6,1.0,3,7,10,5,1,1,4,8,-1,8,18,0.444,4,11,0.364,9,14,0.643,3,7,10,5,1,2,4,7,1
0021400833,2015-02-23,2014-15,regular_season,False,1610612740,NOP,New Orleans Pelicans,1610612761,TOR,Toronto Raptors,33,23,W,13,18,0.722,4,6,0.667,3,4,0.75,0,11,11,9,2,2,3,6,10,8,23,0.348,1,7,0.143,6,7,0.857,4,5,9,2,2,0,2,5,-10
0021400838,2015-02-24,2014-15,regular_season,False,1610612764,WAS,Washington Wizards,1610612744,GSW,Golden State Warriors,24,28,L,9,18,0.5,2,5,0.4,4,6,0.667,3,7,10,6,0,0,5,6,-4,11,19,0.579,1,3,0.333,5,7,0.714,1,7,8,6,4,1,1,4,4
0021400839,2015-02-24,2014-15,regular_season,False,1610612765,DET,Detroit Pistons,1610612739,CLE,Cleveland Cavaliers,19,25,L,8,21,0.381,2,7,0.286,1,4,0.25,4,6,10,3,1,0,3,6,-6,8,15,0.533,3,8,0.375,6,7,0.857,1,8,9,3,2,1,5,6,6
0021400840,2015-02-24,2014-15,regular_season,False,1610612760,OKC,Oklahoma City Thunder,1610612754,IND,Indiana Pacers,25,23,W,10,28,0.357,4,8,0.5,1,2,0.5,5,9,14,5,3,1,0,2,2,10,20,0.5,3,7,0.429,0,0,0.0,0,11,11,7,0,2,3,3,-2
0021400841,2015-02-24,2014-15,regular_season,False,1610612742,DAL,Dallas Mavericks,1610612761,TOR,Toronto Raptors,25,15,W,11,19,0.579,3,7,0.429,0,1,0.0,1,8,9,5,4,0,6,5,10,6,19,0.316,2,7,0.286,1,2,0.5,3,7,10,2,2,2,6,4,-10
0021400849,2015-02-25,2014-15,regular_season,False,1610612740,NOP,New Orleans Pelicans,1610612751,BKN,Brooklyn Nets,26,23,W,10,17,0.588,3,4,0.75,3,6,0.5,0,9,9,7,3,2,3,6,3,7,19,0.368,4,8,0.5,5,7,0.714,0,8,8,4,2,1,4,5,-3
0021400853,2015-02-25,2014-15,regular_season,False,1610612757,POR,Portland Trail Blazers,1610612759,SAS,San Antonio Spurs,30,24,W,10,24,0.417,5,9,0.556,5,7,0.714,6,9,15,5,4,1,1,6,6,7,19,0.368,3,9,0.333,7,8,0.875,2,8,10,2,0,3,4,5,-6
0021400852,2015-02-25,2014-15,regular_season,False,1610612758,SAC,Sacramento Kings,1610612763,MEM,Memphis Grizzlies,26,13,W,8,17,0.471,1,4,0.25,9,11,0.818,3,11,14,5,3,1,5,3,13,5,21,0.238,1,6,0.167,2,2,1.0,4,6,10,4,3,1,5,8,-13
0021400851,2015-02-25,2014-15,regular_season,False,1610612762,UTA,Utah Jazz,1610612747,LAL,Los Angeles Lakers,19,31,L,6,22,0.273,1,4,0.25,6,13,0.462,7,7,14,3,0,0,4,5,-12,12,23,0.522,0,3,0.0,7,7,1.0,4,10,14,5,4,2,2,8,12
0021400850,2015-02-25,2014-15,regular_season,False,1610612743,DEN,Denver Nuggets,1610612756,PHX,Phoenix Suns,23,27,L,7,17,0.412,4,8,0.5,5,8,0.625,1,6,7,5,2,1,2,2,-4,10,22,0.455,3,5,0.6,4,5,0.8,6,8,14,4,1,1,3,6,4
0021400848,2015-02-25,2014-15,regular_season,False,1610612750,MIN,Minnesota Timberwolves,1610612764,WAS,Washington Wizards,23,17,W,10,18,0.556,1,4,0.25,2,3,0.667,0,11,11,5,2,1,4,4,6,7,17,0.412,1,1,1.0,2,3,0.667,0,7,7,4,0,1,4,5,-6
0021400843,2015-02-25,2014-15,regular_season,False,1610612737,ATL,Atlanta Hawks,1610612742,DAL,Dallas Mavericks,27,19,W,9,20,0.45,3,9,0.333,6,6,1.0,1,11,12,6,1,1,1,6,8,8,28,0.286,0,10,0.0,3,4,0.75,8,9,17,3,0,1,2,5,-8
0021400846,2015-02-25,2014-15,regular_season,False,1610612745,HOU,Houston Rockets,1610612746,LAC,Los Angeles Clippers,26,20,W,9,20,0.45,4,11,0.364,4,7,0.571,1,14,15,6,3,4,4,4,6,8,25,0.32,3,10,0.3,1,5,0.2,4,9,13,5,0,2,3,6,-6
0021400845,2015-02-25,2014-15,regular_season,False,1610612741,CHI,Chicago Bulls,1610612766,CHA,Charlotte Hornets,21,31,L,8,20,0.4,0,7,0.0,5,6,0.833,2,8,10,4,0,2,2,8,-10,12,20,0.6,1,2,0.5,6,10,0.6,2,10,12,4,0,1,1,6,10
0021400844,2015-02-25,2014-15,regular_season,False,1610612738,BOS,Boston Celtics,1610612752,NYK,New York Knicks,35,22,W,11,19,0.579,8,13,0.615,5,5,1.0,1,7,8,10,5,0,4,7,13,7,16,0.438,0,5,0.0,8,9,0.889,0,7,7,5,2,0,6,4,-13
0021400842,2015-02-25,2014-15,regular_season,False,1610612753,ORL,Orlando Magic,1610612748,MIA,Miami Heat,24,24,L,7,17,0.412,1,5,0.2,9,12,0.75,4,9,13,1,1,1,4,4,0,8,18,0.444,4,11,0.364,4,7,0.571,2,5,7,3,2,2,3,8,0
0021400847,2015-02-25,2014-15,regular_season,False,1610612749,MIL,Milwaukee Bucks,1610612755,PHI,Philadelphia 76ers,22,28,L,9,16,0.562,1,3,0.333,3,5,0.6,2,6,8,6,3,2,7,3,-6,10,19,0.526,5,8,0.625,3,3,1.0,2,7,9,8,4,1,6,6,6
0021400854,2015-02-26,2014-15,regular_season,False,1610612739,CLE,Cleveland Cavaliers,1610612744,GSW,Golden State Warriors,20,21,L,6,14,0.429,1,4,0.25,7,12,0.583,2,12,14,4,2,0,4,7,-1,9,22,0.409,2,7,0.286,1,4,0.25,4,8,12,7,3,1,3,9,1
0021400855,2015-02-26,2014-15,regular_season,False,1610612756,PHX,Phoenix Suns,1610612760,OKC,Oklahoma City Thunder,23,25,L,10,22,0.455,1,6,0.167,2,3,0.667,2,11,13,6,1,1,4,8,-2,8,21,0.381,2,5,0.4,7,8,0.875,0,10,10,3,3,2,1,6,2
0021400865,2015-02-27,2014-15,regular_season,False,1610612740,NOP,New Orleans Pelicans,1610612748,MIA,Miami Heat,31,20,W,9,16,0.562,1,2,0.5,12,15,0.8,2,9,11,6,0,4,2,5,11,7,22,0.318,3,8,0.375,3,4,0.75,0,5,5,5,0,2,2,10,-11
0021400869,2015-02-27,2014-15,regular_season,False,1610612757,POR,Portland Trail Blazers,1610612760,OKC,Oklahoma City Thunder,37,23,W,10,20,0.5,3,5,0.6,14,18,0.778,4,9,13,4,1,3,1,5,14,8,27,0.296,0,5,0.0,7,8,0.875,6,5,11,2,1,1,3,10,-14
0021400868,2015-02-27,2014-15,regular_season,False,1610612747,LAL,Los Angeles Lakers,1610612749,MIL,Milwaukee Bucks,36,21,W,14,23,0.609,3,5,0.6,5,8,0.625,3,14,17,8,2,2,1,9,15,4,19,0.211,1,5,0.2,12,16,0.75,2,7,9,2,1,1,3,5,-15
0021400867,2015-02-27,2014-15,regular_season,False,1610612758,SAC,Sacramento Kings,1610612759,SAS,San Antonio Spurs,18,27,L,6,14,0.429,1,2,0.5,5,6,0.833,2,6,8,0,1,0,8,9,-9,9,20,0.45,3,9,0.333,6,6,1.0,4,7,11,4,4,0,3,4,9
0021400866,2015-02-27,2014-15,regular_season,False,1610612743,DEN,Denver Nuggets,1610612762,UTA,Utah Jazz,29,24,W,9,21,0.429,1,7,0.143,10,15,0.667,5,3,8,6,2,1,4,4,5,9,14,0.643,2,2,1.0,4,7,0.571,3,5,8,4,4,4,8,10,-5
0021400863,2015-02-27,2014-15,regular_season,False,1610612745,HOU,Houston Rockets,1610612751,BKN,Brooklyn Nets,28,25,W,9,18,0.5,2,6,0.333,8,10,0.8,1,9,10,6,2,1,1,7,3,10,23,0.435,0,3,0.0,5,7,0.714,6,9,15,3,1,0,2,7,-3
0021400864,2015-02-27,2014-15,regular_season,False,1610612763,MEM,Memphis Grizzlies,1610612746,LAC,Los Angeles Clippers,17,28,L,8,25,0.32,0,4,0.0,1,3,0.333,4,6,10,3,1,0,5,10,-11,9,16,0.562,1,3,0.333,9,12,0.75,1,11,12,4,3,5,2,6,11
0021400861,2015-02-27,2014-15,regular_season,False,1610612761,TOR,Toronto Raptors,1610612744,GSW,Golden State Warriors,32,15,W,12,19,0.632,1,7,0.143,7,8,0.875,1,10,11,6,3,0,3,1,17,6,20,0.3,1,6,0.167,2,2,1.0,2,6,8,5,1,0,7,7,-17
0021400860,2015-02-27,2014-15,regular_season,False,1610612765,DET,Detroit Pistons,1610612752,NYK,New York Knicks,26,29,L,10,20,0.5,1,6,0.167,5,7,0.714,1,6,7,5,1,3,3,7,-3,11,24,0.458,1,4,0.25,6,7,0.857,4,9,13,6,3,1,3,7,3
0021400859,2015-02-27,2014-15,regular_season,False,1610612738,BOS,Boston Celtics,1610612766,CHA,Charlotte Hornets,37,23,W,13,25,0.52,5,14,0.357,6,8,0.75,7,8,15,6,1,0,1,7,14,6,16,0.375,2,6,0.333,9,10,0.9,3,4,7,3,1,0,5,7,-14
0021400858,2015-02-27,2014-15,regular_season,False,1610612737,ATL,Atlanta Hawks,1610612753,ORL,Orlando Magic,19,21,L,6,20,0.3,1,4,0.25,6,6,1.0,5,7,12,3,1,3,3,6,-2,9,20,0.45,2,5,0.4,1,2,0.5,3,8,11,7,1,3,4,7,2
0021400857,2015-02-27,2014-15,regular_season,False,1610612755,PHI,Philadelphia 76ers,1610612764,WAS,Washington Wizards,26,20,W,7,16,0.438,2,3,0.667,10,18,0.556,4,10,14,6,1,0,5,9,6,6,25,0.24,2,6,0.333,6,8,0.75,6,5,11,4,0,0,4,9,-6
0021400856,2015-02-27,2014-15,regular_season,False,1610612754,IND,Indiana Pacers,1610612739,CLE,Cleveland Cavaliers,19,25,L,6,19,0.316,2,6,0.333,5,8,0.625,2,8,10,5,3,0,1,5,-6,9,23,0.391,3,10,0.3,4,4,1.0,4,11,15,6,1,1,5,5,6
0021400862,2015-02-27,2014-15,regular_season,False,1610612741,CHI,Chicago Bulls,1610612750,MIN,Minnesota Timberwolves,23,22,W,10,21,0.476,2,7,0.286,1,2,0.5,3,9,12,4,2,1,5,5,1,8,20,0.4,0,4,0.0,6,8,0.75,3,8,11,4,3,1,4,4,-1
0021400876,2015-02-28,2014-15,regular_season,False,1610612762,UTA,Utah Jazz,1610612749,MIL,Milwaukee Bucks,24,20,W,7,18,0.389,2,5,0.4,8,11,0.727,3,7,10,5,5,2,4,6,4,6,16,0.375,2,7,0.286,6,6,1.0,2,9,11,4,3,1,7,8,-4
0021400875,2015-02-28,2014-15,regular_season,False,1610612756,PHX,Phoenix Suns,1610612759,SAS,San Antonio Spurs,33,26,W,12,20,0.6,4,4,1.0,5,6,0.833,0,7,7,6,4,0,6,4,7,11,23,0.478,2,6,0.333,2,2,1.0,2,9,11,4,3,0,6,9,-7
0021400874,2015-02-28,2014-15,regular_season,False,1610612742,DAL,Dallas Mavericks,1610612751,BKN,Brooklyn Nets,22,22,L,8,20,0.4,3,10,0.3,3,3,1.0,2,7,9,6,1,1,2,7,0,7,16,0.438,2,5,0.4,6,10,0.6,2,9,11,3,0,0,2,6,0
0021400871,2015-02-28,2014-15,regular_season,False,1610612748,MIA,Miami Heat,1610612737,ATL,Atlanta Hawks,38,29,W,12,17,0.706,3,5,0.6,11,11,1.0,1,7,8,8,2,1,4,6,9,10,18,0.556,3,7,0.429,6,10,0.6,1,4,5,8,4,0,4,8,-9
0021400872,2015-02-28,2014-15,regular_season,False,1610612752,NYK,New York Knicks,1610612761,TOR,Toronto Raptors,28,27,W,10,17,0.588,2,3,0.667,6,11,0.545,0,10,10,8,3,2,4,6,1,9,21,0.429,2,9,0.222,7,7,1.0,1,7,8,5,3,1,4,7,-1
0021400870,2015-02-28,2014-15,regular_season,False,1610612764,WAS,Washington Wizards,1610612765,DET,Detroit Pistons,19,25,L,6,21,0.286,0,5,0.0,11,16,0.688,6,6,12,1,5,0,2,5,-6,14,23,0.609,2,8,0.25,3,5,0.6,3,12,15,3,1,1,5,11,6
0021400873,2015-02-28,2014-15,regular_season,False,1610612750,MIN,Minnesota Timberwolves,1610612763,MEM,Memphis Grizzlies,27,29,L,10,26,0.385,5,11,0.455,2,2,1.0,5,3,8,5,1,0,2,8,-2,9,14,0.643,1,2,0.5,10,13,0.769,1,10,11,7,2,1,3,5,2
0021400884,2015-03-01,2014-15,regular_season,False,1610612743,DEN,Denver Nuggets,1610612740,NOP,New Orleans Pelicans,27,34,L,10,22,0.455,2,9,0.222,5,10,0.5,4,4,8,5,2,2,4,10,-7,10,18,0.556,2,4,0.5,12,16,0.75,4,7,11,6,3,1,3,8,7
0021400883,2015-03-01,2014-15,regular_season,False,1610612745,HOU,Houston Rockets,1610612739,CLE,Cleveland Cavaliers,16,24,L,5,17,0.294,2,6,0.333,4,5,0.8,2,5,7,4,0,2,5,4,-8,9,22,0.409,3,9,0.333,3,4,0.75,7,8,15,5,2,1,1,6,8
0021400881,2015-03-01,2014-15,regular_season,False,1610612754,IND,Indiana Pacers,1610612755,PHI,Philadelphia 76ers,21,10,W,7,21,0.333,1,6,0.167,6,6,1.0,3,13,16,5,3,2,2,2,11,4,22,0.182,1,10,0.1,1,2,0.5,4,11,15,1,1,0,5,7,-11
0021400882,2015-03-01,2014-15,regular_season,False,1610612753,ORL,Orlando Magic,1610612766,CHA,Charlotte Hornets,23,27,L,9,22,0.409,1,4,0.25,4,4,1.0,3,9,12,2,0,0,4,6,-4,10,20,0.5,2,7,0.286,5,7,0.714,3,9,12,2,2,0,4,4,4
0021400879,2015-03-01,2014-15,regular_season,False,1610612758,SAC,Sacramento Kings,1610612757,POR,Portland Trail Blazers,24,25,L,10,18,0.556,1,3,0.333,3,4,0.75,0,6,6,8,1,0,2,1,-1,12,21,0.571,1,2,0.5,0,0,0.0,2,8,10,5,0,1,3,4,1
0021400878,2015-03-01,2014-15,regular_season,False,1610612747,LAL,Los Angeles Lakers,1610612760,OKC,Oklahoma City Thunder,29,24,W,10,23,0.435,3,9,0.333,6,8,0.75,2,11,13,3,3,0,2,7,5,9,23,0.391,2,7,0.286,4,7,0.571,3,9,12,4,2,3,4,5,-5
0021400877,2015-03-01,2014-15,regular_season,False,1610612741,CHI,Chicago Bulls,1610612746,LAC,Los Angeles Clippers,17,27,L,6,23,0.261,1,7,0.143,4,6,0.667,3,9,12,5,0,1,5,10,-10,8,17,0.471,1,4,0.25,10,16,0.625,1,14,15,3,2,3,2,6,10
0021400880,2015-03-01,2014-15,regular_season,False,1610612738,BOS,Boston Celtics,1610612744,GSW,Golden State Warriors,15,31,L,6,25,0.24,2,11,0.182,1,2,0.5,6,7,13,3,1,0,5,6,-16,11,22,0.5,3,7,0.429,6,7,0.857,3,12,15,6,2,3,2,4,16
0021400885,2015-03-02,2014-15,regular_season,False,1610612755,PHI,Philadelphia 76ers,1610612761,TOR,Toronto Raptors,27,31,L,10,17,0.588,2,5,0.4,5,7,0.714,1,8,9,7,1,3,5,3,-4,12,25,0.48,3,10,0.3,4,4,1.0,4,6,10,7,1,1,2,4,4
0021400886,2015-03-02,2014-15,regular_season,False,1610612751,BKN,Brooklyn Nets,1610612744,GSW,Golden State Warriors,24,28,L,10,23,0.435,3,8,0.375,1,1,1.0,5,6,11,5,2,0,5,4,-4,9,19,0.474,5,13,0.385,5,6,0.833,3,8,11,5,5,2,4,3,4
0021400887,2015-03-02,2014-15,regular_season,False,1610612748,MIA,Miami Heat,1610612756,PHX,Phoenix Suns,30,24,W,11,19,0.579,4,5,0.8,4,5,0.8,1,11,12,5,2,0,3,8,6,8,21,0.381,1,13,0.077,7,12,0.583,5,7,12,4,0,1,3,6,-6
0021400888,2015-03-02,2014-15,regular_season,False,1610612750,MIN,Minnesota Timberwolves,1610612746,LAC,Los Angeles Clippers,18,24,L,1,14,0.071,0,3,0.0,16,17,0.941,1,13,14,1,1,2,5,8,-6,9,23,0.391,2,7,0.286,4,8,0.5,2,12,14,4,2,2,3,10,6
0021400889,2015-03-02,2014-15,regular_season,False,1610612742,DAL,Dallas Mavericks,1610612740,NOP,New Orleans Pelicans,22,22,W,7,20,0.35,2,5,0.4,6,6,1.0,2,6,8,2,3,1,1,4,0,8,14,0.571,1,2,0.5,5,6,0.833,1,9,10,5,1,0,5,5,0
0021400895,2015-03-03,2014-15,regular_season,False,1610612743,DEN,Denver Nuggets,1610612749,MIL,Milwaukee Bucks,30,25,W,11,23,0.478,4,9,0.444,4,4,1.0,3,9,12,5,1,2,1,6,5,9,21,0.429,2,5,0.4,5,6,0.833,3,9,12,5,0,2,1,5,-5
0021400894,2015-03-03,2014-15,regular_season,False,1610612763,MEM,Memphis Grizzlies,1610612762,UTA,Utah Jazz,21,29,L,8,18,0.444,0,4,0.0,5,8,0.625,2,3,5,3,1,1,3,1,-8,12,18,0.667,2,4,0.5,3,3,1.0,2,9,11,9,3,1,5,6,8
0021400893,2015-03-03,2014-15,regular_season,False,1610612741,CHI,Chicago Bulls,1610612764,WAS,Washington Wizards,23,25,L,7,23,0.304,3,8,0.375,6,9,0.667,3,10,13,4,2,2,4,6,-2,8,21,0.381,3,8,0.375,6,7,0.857,3,9,12,8,1,3,3,7,2
0021400890,2015-03-03,2014-15,regular_season,False,1610612766,CHA,Charlotte Hornets,1610612747,LAL,Los Angeles Lakers,30,33,L,9,17,0.529,2,5,0.4,10,15,0.667,1,6,7,8,4,0,2,5,-3,14,22,0.636,1,4,0.25,4,4,1.0,1,7,8,8,1,1,4,8,3
0021400891,2015-03-03,2014-15,regular_season,False,1610612739,CLE,Cleveland Cavaliers,1610612738,BOS,Boston Celtics,15,26,L,5,20,0.25,2,8,0.25,3,3,1.0,4,6,10,3,2,0,3,6,-11,9,22,0.409,5,12,0.417,3,3,1.0,4,10,14,7,0,3,3,6,11
0021400669,2015-03-03,2014-15,regular_season,False,1610612752,NYK,New York Knicks,1610612758,SAC,Sacramento Kings,18,24,L,5,17,0.294,2,6,0.333,6,9,0.667,2,5,7,3,5,3,6,5,-6,10,20,0.5,1,5,0.2,3,4,0.75,3,11,14,6,3,0,7,6,6
0021400892,2015-03-03,2014-15,regular_season,False,1610612737,ATL,Atlanta Hawks,1610612745,HOU,Houston Rockets,32,15,W,11,21,0.524,3,9,0.333,7,7,1.0,1,12,13,8,2,3,3,3,17,5,21,0.238,5,15,0.333,0,2,0.0,3,6,9,5,2,1,7,8,-17
0021400903,2015-03-04,2014-15,regular_season,False,1610612740,NOP,New Orleans Pelicans,1610612765,DET,Detroit Pistons,23,22,W,11,18,0.611,0,1,0.0,1,2,0.5,0,9,9,8,0,3,5,4,1,9,22,0.409,1,4,0.25,3,4,0.75,3,7,10,4,2,1,4,5,-1
0021400907,2015-03-04,2014-15,regular_season,False,1610612744,GSW,Golden State Warriors,1610612749,MIL,Milwaukee Bucks,30,22,W,11,20,0.55,5,9,0.556,3,7,0.429,2,8,10,8,5,1,2,6,8,8,15,0.533,1,5,0.2,5,7,0.714,1,7,8,3,1,0,5,4,-8
0021400906,2015-03-04,2014-15,regular_season,False,1610612759,SAS,San Antonio Spurs,1610612758,SAC,Sacramento Kings,27,24,W,11,22,0.5,4,7,0.571,1,1,1.0,3,10,13,7,2,3,4,4,3,9,21,0.429,1,4,0.25,5,6,0.833,1,6,7,3,2,0,2,1,-3
0021400908,2015-03-04,2014-15,regular_season,False,1610612746,LAC,Los Angeles Clippers,1610612757,POR,Portland Trail Blazers,19,21,L,8,21,0.381,1,6,0.167,2,10,0.2,4,9,13,4,0,0,1,5,-2,8,19,0.421,3,10,0.3,2,2,1.0,1,13,14,6,1,0,5,11,2
0021400904,2015-03-04,2014-15,regular_season,False,1610612760,OKC,Oklahoma City Thunder,1610612755,PHI,Philadelphia 76ers,26,20,W,9,22,0.409,1,5,0.2,7,7,1.0,4,8,12,3,5,4,4,5,6,6,19,0.316,4,8,0.5,4,4,1.0,4,7,11,4,2,3,8,4,-6
0021400902,2015-03-04,2014-15,regular_season,False,1610612750,MIN,Minnesota Timberwolves,1610612743,DEN,Denver Nuggets,20,23,L,6,17,0.353,2,6,0.333,6,9,0.667,2,9,11,5,1,2,3,4,-3,9,20,0.45,1,6,0.167,4,4,1.0,2,9,11,5,2,0,2,7,3
0021400905,2015-03-04,2014-15,regular_season,False,1610612748,MIA,Miami Heat,1610612747,LAL,Los Angeles Lakers,24,21,W,7,21,0.333,1,5,0.2,9,14,0.643,6,12,18,4,1,2,3,4,3,9,25,0.36,1,7,0.143,2,3,0.667,2,10,12,4,3,1,2,8,-3
0021400900,2015-03-04,2014-15,regular_season,False,1610612761,TOR,Toronto Raptors,1610612739,CLE,Cleveland Cavaliers,38,36,W,13,20,0.65,5,6,0.833,7,8,0.875,2,5,7,6,0,0,1,9,2,10,16,0.625,6,9,0.667,10,12,0.833,1,4,5,7,1,0,0,3,-2
0021400899,2015-03-04,2014-15,regular_season,False,1610612751,BKN,Brooklyn Nets,1610612766,CHA,Charlotte Hornets,25,27,L,11,28,0.393,1,3,0.333,2,2,1.0,5,7,12,6,2,0,2,5,-2,10,18,0.556,1,5,0.2,6,7,0.857,1,11,12,5,0,1,5,5,2
0021400898,2015-03-04,2014-15,regular_season,False,1610612738,BOS,Boston Celtics,1610612762,UTA,Utah Jazz,24,29,L,9,22,0.409,2,6,0.333,4,6,0.667,4,3,7,6,1,2,0,6,-5,11,18,0.611,1,4,0.25,6,7,0.857,2,8,10,6,0,2,2,5,5
0021400897,2015-03-04,2014-15,regular_season,False,1610612753,ORL,Orlando Magic,1610612756,PHX,Phoenix Suns,31,28,W,12,25,0.48,3,6,0.5,4,6,0.667,5,7,12,6,4,1,5,6,3,10,20,0.5,2,5,0.4,6,7,0.857,4,4,8,6,4,0,6,5,-3
0021400896,2015-03-04,2014-15,regular_season,False,1610612754,IND,Indiana Pacers,1610612752,NYK,New York Knicks,17,18,L,4,18,0.222,3,8,0.375,6,8,0.75,1,11,12,3,0,2,2,7,-1,4,20,0.2,2,6,0.333,8,10,0.8,4,13,17,4,0,1,2,6,1
0021400901,2015-03-04,2014-15,regular_season,False,1610612745,HOU,Houston Rockets,1610612763,MEM,Memphis Grizzlies,21,23,L,9,22,0.409,2,5,0.4,1,1,1.0,3,5,8,4,0,0,1,2,-2,10,20,0.5,1,5,0.2,2,2,1.0,3,10,13,4,1,2,3,6,2
0021400909,2015-03-05,2014-15,regular_season,False,1610612741,CHI,Chicago Bulls,1610612760,OKC,Oklahoma City Thunder,36,26,W,12,16,0.75,4,5,0.8,8,10,0.8,1,8,9,10,0,1,3,5,10,10,23,0.435,3,6,0.5,3,4,0.75,5,4,9,6,3,0,3,6,-10
0021400910,2015-03-05,2014-15,regular_season,False,1610612757,POR,Portland Trail Blazers,1610612742,DAL,Dallas Mavericks,23,18,W,7,21,0.333,2,3,0.667,7,8,0.875,3,15,18,3,1,2,3,1,5,9,27,0.333,0,6,0.0,0,0,0.0,2,11,13,7,2,1,1,6,-5
0021400922,2015-03-06,2014-15,regular_season,False,1610612744,GSW,Golden State Warriors,1610612742,DAL,Dallas Mavericks,22,25,L,8,17,0.471,1,3,0.333,5,5,1.0,1,9,10,7,0,0,5,4,-3,10,23,0.435,2,6,0.333,3,4,0.75,1,8,9,4,4,0,2,6,3
0021400920,2015-03-06,2014-15,regular_season,False,1610612764,WAS,Washington Wizards,1610612748,MIA,Miami Heat,11,24,L,3,11,0.273,0,2,0.0,5,7,0.714,1,4,5,1,0,1,7,7,-13,10,17,0.588,2,6,0.333,2,2,1.0,2,8,10,3,2,0,4,6,13
0021400919,2015-03-06,2014-15,regular_season,False,1610612740,NOP,New Orleans Pelicans,1610612738,BOS,Boston Celtics,30,33,L,10,22,0.455,4,10,0.4,6,7,0.857,1,9,10,6,1,0,3,7,-3,9,18,0.5,3,6,0.5,12,12,1.0,0,11,11,3,2,0,3,7,3
0021400918,2015-03-06,2014-15,regular_season,False,1610612763,MEM,Memphis Grizzlies,1610612747,LAL,Los Angeles Lakers,30,19,W,7,16,0.438,0,1,0.0,16,19,0.842,2,10,12,4,3,0,2,5,11,8,21,0.381,0,4,0.0,3,4,0.75,1,9,10,3,2,2,4,12,-11
0021400917,2015-03-06,2014-15,regular_season,False,1610612745,HOU,Houston Rockets,1610612765,DET,Detroit Pistons,23,24,L,7,19,0.368,1,9,0.111,8,10,0.8,0,12,12,5,3,3,3,6,-1,10,31,0.323,2,9,0.222,2,5,0.4,9,10,19,4,3,1,4,7,1
0021400921,2015-03-06,2014-15,regular_season,False,1610612759,SAS,San Antonio Spurs,1610612743,DEN,Denver Nuggets,30,28,W,7,15,0.467,1,4,0.25,15,18,0.833,0,9,9,3,1,2,1,4,2,13,24,0.542,1,5,0.2,1,2,0.5,1,7,8,8,1,1,2,11,-2
0021400915,2015-03-06,2014-15,regular_season,False,1610612737,ATL,Atlanta Hawks,1610612739,CLE,Cleveland Cavaliers,25,18,W,10,23,0.435,3,9,0.333,2,2,1.0,4,9,13,8,3,2,3,4,7,5,17,0.294,3,10,0.3,5,8,0.625,3,7,10,3,2,2,5,2,-7
0021400914,2015-03-06,2014-15,regular_season,False,1610612755,PHI,Philadelphia 76ers,1610612762,UTA,Utah Jazz,28,25,W,9,26,0.346,5,10,0.5,5,8,0.625,5,5,10,6,3,1,2,10,3,5,13,0.385,0,0,0.0,15,18,0.833,2,9,11,3,2,0,5,7,-3
0021400913,2015-03-06,2014-15,regular_season,False,1610612753,ORL,Orlando Magic,1610612758,SAC,Sacramento Kings,27,28,L,9,19,0.474,3,5,0.6,6,7,0.857,2,9,11,5,3,0,6,8,-1,7,18,0.389,4,6,0.667,10,12,0.833,2,6,8,4,3,3,5,9,1
0021400912,2015-03-06,2014-15,regular_season,False,1610612754,IND,Indiana Pacers,1610612741,CHI,Chicago Bulls,32,18,W,10,20,0.5,1,4,0.25,11,16,0.688,7,10,17,5,1,0,3,8,14,4,17,0.235,0,6,0.0,10,10,1.0,2,6,8,3,2,0,5,11,-14
0021400911,2015-03-06,2014-15,regular_season,False,1610612766,CHA,Charlotte Hornets,1610612761,TOR,Toronto Raptors,26,23,W,6,20,0.3,0,6,0.0,14,16,0.875,5,12,17,4,0,0,6,3,3,8,23,0.348,4,9,0.444,3,3,1.0,1,5,6,3,2,1,2,11,-3
0021400916,2015-03-06,2014-15,regular_season,False,1610612751,BKN,Brooklyn Nets,1610612756,PHX,Phoenix Suns,12,23,L,5,20,0.25,0,3,0.0,2,3,0.667,5,7,12,3,1,1,8,11,-11,5,17,0.294,2,8,0.25,11,12,0.917,4,7,11,3,4,0,2,4,11
0021400930,2015-03-07,2014-15,regular_season,False,1610612743,DEN,Denver Nuggets,1610612745,HOU,Houston Rockets,27,26,W,10,24,0.417,3,11,0.273,4,5,0.8,1,6,7,5,5,1,2,6,1,9,16,0.562,2,5,0.4,6,7,0.857,1,10,11,4,1,1,8,8,-1
0021400929,2015-03-07,2014-15,regular_season,False,1610612749,MIL,Milwaukee Bucks,1610612764,WAS,Washington Wizards,26,22,W,9,21,0.429,4,7,0.571,4,4,1.0,4,10,14,8,1,2,1,4,4,9,24,0.375,2,9,0.222,2,5,0.4,6,8,14,5,1,0,1,4,-4
0021400927,2015-03-07,2014-15,regular_season,False,1610612755,PHI,Philadelphia 76ers,1610612737,ATL,Atlanta Hawks,20,15,W,6,22,0.273,2,8,0.25,6,9,0.667,7,8,15,5,4,0,3,5,5,6,18,0.333,2,6,0.333,1,2,0.5,1,8,9,4,1,0,4,6,-5
0021400928,2015-03-07,2014-15,regular_season,False,1610612750,MIN,Minnesota Timberwolves,1610612757,POR,Portland Trail Blazers,40,36,W,12,18,0.667,2,2,1.0,14,18,0.778,0,10,10,8,2,0,1,5,4,13,25,0.52,5,11,0.455,5,5,1.0,2,5,7,6,0,1,3,11,-4
0021400925,2015-03-07,2014-15,regular_season,False,1610612748,MIA,Miami Heat,1610612758,SAC,Sacramento Kings,28,18,W,10,18,0.556,3,7,0.429,5,8,0.625,1,6,7,7,5,0,1,4,10,7,16,0.438,0,5,0.0,4,5,0.8,2,8,10,5,0,0,7,6,-10
0021400924,2015-03-07,2014-15,regular_season,False,1610612739,CLE,Cleveland Cavaliers,1610612756,PHX,Phoenix Suns,9,27,L,3,20,0.15,1,5,0.2,2,2,1.0,6,4,10,1,2,0,5,2,-18,11,18,0.611,4,7,0.571,1,2,0.5,4,9,13,7,2,4,4,3,18
0021400923,2015-03-07,2014-15,regular_season,False,1610612740,NOP,New Orleans Pelicans,1610612763,MEM,Memphis Grizzlies,24,22,W,9,21,0.429,2,6,0.333,4,6,0.667,5,6,11,4,1,2,2,2,2,9,20,0.45,2,6,0.333,2,4,0.5,3,8,11,7,2,3,2,7,-2
0021400926,2015-03-07,2014-15,regular_season,False,1610612752,NYK,New York Knicks,1610612754,IND,Indiana Pacers,23,32,L,8,22,0.364,1,2,0.5,6,9,0.667,5,4,9,5,2,0,3,7,-9,10,15,0.667,3,4,0.75,9,10,0.9,1,9,10,6,1,1,3,8,9
0021400931,2015-03-08,2014-15,regular_season,False,1610612759,SAS,San Antonio Spurs,1610612741,CHI,Chicago Bulls,29,28,W,13,25,0.52,3,7,0.429,0,1,0.0,1,4,5,5,4,1,2,6,1,9,16,0.562,1,2,0.5,9,9,1.0,1,10,11,6,2,1,9,6,-1
0021400932,2015-03-08,2014-15,regular_season,False,1610612744,GSW,Golden State Warriors,1610612746,LAC,Los Angeles Clippers,19,30,L,7,20,0.35,2,4,0.5,3,6,0.5,3,6,9,4,5,0,4,4,-11,11,18,0.611,5,7,0.714,3,4,0.75,0,9,9,7,2,1,6,6,11
0021400933,2015-03-08,2014-15,regular_season,False,1610612751,BKN,Brooklyn Nets,1610612762,UTA,Utah Jazz,25,29,L,10,18,0.556,2,4,0.5,3,7,0.429,1,6,7,7,2,1,4,6,-4,9,16,0.562,3,6,0.5,8,10,0.8,2,9,11,6,2,1,4,5,4
0021400934,2015-03-08,2014-15,regular_season,False,1610612765,DET,Detroit Pistons,1610612766,CHA,Charlotte Hornets,17,30,L,6,23,0.261,0,3,0.0,5,7,0.714,4,7,11,2,2,1,3,5,-13,11,18,0.611,2,4,0.5,6,8,0.75,0,12,12,9,2,2,2,5,13
0021400935,2015-03-08,2014-15,regular_season,False,1610612753,ORL,Orlando Magic,1610612738,BOS,Boston Celtics,34,29,W,10,21,0.476,2,4,0.5,12,19,0.632,6,10,16,3,2,3,4,6,5,9,20,0.45,5,10,0.5,6,7,0.857,2,8,10,7,2,2,6,12,-5
0021400936,2015-03-08,2014-15,regular_season,False,1610612760,OKC,Oklahoma City Thunder,1610612761,TOR,Toronto Raptors,22,25,L,8,15,0.533,2,4,0.5,4,8,0.5,2,8,10,7,1,4,5,5,-3,12,28,0.429,1,6,0.167,0,0,0.0,4,5,9,2,3,1,1,5,3
0021400937,2015-03-08,2014-15,regular_season,False,1610612747,LAL,Los Angeles Lakers,1610612742,DAL,Dallas Mavericks,16,25,L,6,19,0.316,0,5,0.0,4,6,0.667,4,7,11,3,1,1,8,9,-9,9,18,0.5,2,5,0.4,5,7,0.714,1,7,8,3,6,3,3,6,9
0021400943,2015-03-09,2014-15,regular_season,False,1610612743,DEN,Denver Nuggets,1610612752,NYK,New York Knicks,15,19,L,6,17,0.353,1,5,0.2,2,2,1.0,2,7,9,3,1,2,5,6,-4,7,18,0.389,0,1,0.0,5,9,0.556,2,8,10,6,1,5,2,2,4
0021400945,2015-03-09,2014-15,regular_season,False,1610612746,LAC,Los Angeles Clippers,1610612750,MIN,Minnesota Timberwolves,15,14,W,7,21,0.333,1,9,0.111,0,0,0.0,2,10,12,7,4,1,5,6,1,6,20,0.3,1,4,0.25,1,4,0.25,2,11,13,4,4,0,4,3,-1
0021400942,2015-03-09,2014-15,regular_season,False,1610612749,MIL,Milwaukee Bucks,1610612740,NOP,New Orleans Pelicans,19,27,L,6,15,0.4,0,5,0.0,7,10,0.7,2,7,9,1,0,1,4,5,-8,9,18,0.5,1,2,0.5,8,10,0.8,2,9,11,4,2,0,2,5,8
0021400944,2015-03-09,2014-15,regular_season,False,1610612756,PHX,Phoenix Suns,1610612744,GSW,Golden State Warriors,19,22,L,8,20,0.4,0,0,0.0,3,3,1.0,1,9,10,3,3,0,5,5,-3,7,17,0.412,4,6,0.667,4,7,0.571,1,10,11,1,3,3,5,3,3
0021400940,2015-03-09,2014-15,regular_season,False,1610612748,MIA,Miami Heat,1610612738,BOS,Boston Celtics,26,27,L,5,13,0.385,1,7,0.143,15,18,0.833,1,4,5,1,1,0,1,6,-1,10,19,0.526,1,5,0.2,6,6,1.0,3,7,10,5,1,0,2,10,1
0021400938,2015-03-09,2014-15,regular_season,False,1610612766,CHA,Charlotte Hornets,1610612764,WAS,Washington Wizards,9,18,L,3,16,0.188,0,4,0.0,3,4,0.75,0,9,9,2,0,3,4,2,-9,9,21,0.429,0,2,0.0,0,0,0.0,3,11,14,4,2,1,4,5,9
0021400941,2015-03-09,2014-15,regular_season,False,1610612741,CHI,Chicago Bulls,1610612763,MEM,Memphis Grizzlies,26,28,L,10,19,0.526,5,9,0.556,1,1,1.0,0,7,7,6,3,1,5,6,-2,9,17,0.529,1,2,0.5,9,13,0.692,4,9,13,5,4,0,4,2,2
0021400939,2015-03-09,2014-15,regular_season,False,1610612737,ATL,Atlanta Hawks,1610612758,SAC,Sacramento Kings,25,23,W,11,18,0.611,3,7,0.429,0,0,0.0,1,8,9,8,2,2,6,4,2,9,21,0.429,3,5,0.6,2,2,1.0,3,5,8,6,4,1,4,1,-2
0021400946,2015-03-10,2014-15,regular_season,False,1610612754,IND,Indiana Pacers,1610612753,ORL,Orlando Magic,32,16,W,14,26,0.538,2,5,0.4,2,2,1.0,6,11,17,12,2,0,2,3,16,7,23,0.304,1,8,0.125,1,4,0.25,7,6,13,3,1,2,3,4,-16
0021400947,2015-03-10,2014-15,regular_season,False,1610612751,BKN,Brooklyn Nets,1610612740,NOP,New Orleans Pelicans,30,33,L,12,21,0.571,3,6,0.5,3,3,1.0,3,5,8,7,1,1,5,1,-3,13,18,0.722,5,7,0.714,2,2,1.0,0,4,4,9,4,0,4,4,3
0021400948,2015-03-10,2014-15,regular_season,False,1610612742,DAL,Dallas Mavericks,1610612739,CLE,Cleveland Cavaliers,18,28,L,6,14,0.429,1,6,0.167,5,10,0.5,2,7,9,4,1,2,5,2,-10,11,24,0.458,6,14,0.429,0,0,0.0,4,7,11,9,3,0,5,9,10
0021400949,2015-03-10,2014-15,regular_season,False,1610612759,SAS,San Antonio Spurs,1610612761,TOR,Toronto Raptors,32,36,L,8,17,0.471,3,4,0.75,13,18,0.722,2,10,12,4,0,0,3,7,-4,13,33,0.394,6,15,0.4,4,7,0.571,8,8,16,5,2,2,0,11,4
0021400950,2015-03-10,2014-15,regular_season,False,1610612762,UTA,Utah Jazz,1610612752,NYK,New York Knicks,22,17,W,7,17,0.412,1,3,0.333,7,9,0.778,2,12,14,3,1,0,3,7,5,5,21,0.238,1,3,0.333,6,6,1.0,2,8,10,3,1,2,2,7,-5
0021400951,2015-03-10,2014-15,regular_season,False,1610612747,LAL,Los Angeles Lakers,1610612765,DET,Detroit Pistons,26,24,W,7,17,0.412,0,2,0.0,12,14,0.857,1,9,10,6,6,0,4,3,2,9,26,0.346,3,11,0.273,3,6,0.5,7,10,17,5,4,4,6,8,-2
0021400954,2015-03-11,2014-15,regular_season,False,1610612738,BOS,Boston Celtics,1610612763,MEM,Memphis Grizzlies,31,29,W,9,19,0.474,4,8,0.5,9,12,0.75,4,4,8,7,0,2,2,2,2,13,24,0.542,3,6,0.5,0,0,0.0,5,7,12,6,1,1,3,9,-2
0021400961,2015-03-11,2014-15,regular_season,False,1610612757,POR,Portland Trail Blazers,1610612745,HOU,Houston Rockets,25,26,L,8,20,0.4,1,6,0.167,8,9,0.889,5,10,15,6,1,1,7,5,-1,9,23,0.391,4,11,0.364,4,6,0.667,2,6,8,6,6,0,2,9,1
0021400960,2015-03-11,2014-15,regular_season,False,1610612744,GSW,Golden State Warriors,1610612765,DET,Detroit Pistons,26,22,W,10,19,0.526,2,3,0.667,4,5,0.8,1,7,8,8,5,0,4,5,4,8,18,0.444,2,5,0.4,4,4,1.0,3,8,11,3,1,1,8,7,-4
0021400959,2015-03-11,2014-15,regular_season,False,1610612756,PHX,Phoenix Suns,1610612750,MIN,Minnesota Timberwolves,28,28,W,11,22,0.5,1,5,0.2,5,7,0.714,3,7,10,5,4,0,3,8,0,8,15,0.533,1,4,0.25,11,13,0.846,0,7,7,6,2,1,4,6,0
0021400958,2015-03-11,2014-15,regular_season,False,1610612743,DEN,Denver Nuggets,1610612737,ATL,Atlanta Hawks,17,34,L,5,23,0.217,1,9,0.111,6,7,0.857,6,7,13,4,3,2,6,8,-17,9,19,0.474,3,8,0.375,13,14,0.929,2,9,11,6,3,1,3,4,17
0021400952,2015-03-11,2014-15,regular_season,False,1610612766,CHA,Charlotte Hornets,1610612758,SAC,Sacramento Kings,28,35,L,10,25,0.4,0,4,0.0,8,10,0.8,2,7,9,7,3,3,2,9,-7,12,20,0.6,2,5,0.4,9,10,0.9,1,9,10,8,1,1,4,8,7
0021400956,2015-03-11,2014-15,regular_season,False,1610612749,MIL,Milwaukee Bucks,1610612753,ORL,Orlando Magic,25,19,W,9,18,0.5,3,5,0.6,4,4,1.0,3,11,14,6,0,1,5,4,6,7,23,0.304,3,8,0.375,2,2,1.0,4,4,8,5,3,1,1,4,-6
0021400955,2015-03-11,2014-15,regular_season,False,1610612748,MIA,Miami Heat,1610612751,BKN,Brooklyn Nets,22,31,L,7,18,0.389,3,7,0.429,5,12,0.417,5,5,10,5,3,0,5,11,-9,9,14,0.643,1,2,0.5,12,18,0.667,2,7,9,4,4,1,4,8,9
0021400953,2015-03-11,2014-15,regular_season,False,1610612755,PHI,Philadelphia 76ers,1610612741,CHI,Chicago Bulls,29,20,W,9,22,0.409,4,9,0.444,7,12,0.583,4,10,14,5,3,2,2,2,9,9,20,0.45,2,4,0.5,0,2,0.0,2,8,10,4,2,1,4,7,-9
0021400957,2015-03-11,2014-15,regular_season,False,1610612760,OKC,Oklahoma City Thunder,1610612746,LAC,Los Angeles Clippers,23,20,W,8,19,0.421,0,4,0.0,7,8,0.875,2,10,12,5,2,0,5,14,3,3,15,0.2,1,4,0.25,13,24,0.542,6,7,13,3,2,1,4,6,-3
0021400965,2015-03-12,2014-15,regular_season,False,1610612762,UTA,Utah Jazz,1610612745,HOU,Houston Rockets,27,26,W,12,22,0.545,3,11,0.273,0,2,0.0,2,9,11,7,1,2,4,4,1,11,22,0.5,2,9,0.222,2,2,1.0,0,9,9,7,2,0,2,4,-1
0021400966,2015-03-12,2014-15,regular_season,False,1610612747,LAL,Los Angeles Lakers,1610612752,NYK,New York Knicks,20,21,L,8,23,0.348,3,9,0.333,1,2,0.5,4,10,14,3,2,1,4,9,-1,5,15,0.333,1,3,0.333,10,15,0.667,1,9,10,4,0,2,2,3,1
0021400963,2015-03-12,2014-15,regular_season,False,1610612764,WAS,Washington Wizards,1610612763,MEM,Memphis Grizzlies,18,16,W,5,17,0.294,1,4,0.25,7,10,0.7,2,8,10,4,3,1,5,7,2,5,18,0.278,0,5,0.0,6,10,0.6,5,8,13,2,4,0,7,10,-2
0021400962,2015-03-12,2014-15,regular_season,False,1610612754,IND,Indiana Pacers,1610612749,MIL,Milwaukee Bucks,14,22,L,6,17,0.353,0,3,0.0,2,2,1.0,1,9,10,2,2,2,3,6,-8,10,24,0.417,0,3,0.0,2,4,0.5,7,9,16,4,1,1,3,1,8
0021400964,2015-03-12,2014-15,regular_season,False,1610612759,SAS,San Antonio Spurs,1610612739,CLE,Cleveland Cavaliers,26,31,L,9,19,0.474,2,6,0.333,6,9,0.667,4,7,11,6,2,1,3,8,-5,10,18,0.556,3,5,0.6,8,9,0.889,1,8,9,5,1,0,3,7,5
0021400974,2015-03-13,2014-15,regular_season,False,1610612756,PHX,Phoenix Suns,1610612737,ATL,Atlanta Hawks,14,31,L,7,17,0.412,0,5,0.0,0,1,0.0,1,6,7,4,2,1,7,2,-17,12,20,0.6,5,7,0.714,2,2,1.0,2,6,8,9,5,0,2,3,17
0021400973,2015-03-13,2014-15,regular_season,False,1610612743,DEN,Denver Nuggets,1610612744,GSW,Golden State Warriors,32,20,W,10,18,0.556,4,6,0.667,8,13,0.615,4,10,14,6,1,1,2,5,12,9,22,0.409,1,2,0.5,1,3,0.333,3,4,7,8,0,5,2,8,-12
0021400972,2015-03-13,2014-15,regular_season,False,1610612742,DAL,Dallas Mavericks,1610612746,LAC,Los Angeles Clippers,38,21,W,13,17,0.765,6,9,0.667,6,7,0.857,1,9,10,8,2,0,4,3,17,8,20,0.4,4,10,0.4,1,2,0.5,2,3,5,5,2,1,3,5,-17
0021400971,2015-03-13,2014-15,regular_season,False,1610612760,OKC,Oklahoma City Thunder,1610612750,MIN,Minnesota Timberwolves,34,27,W,12,29,0.414,6,9,0.667,4,4,1.0,5,8,13,10,2,3,2,8,7,8,17,0.471,0,1,0.0,11,12,0.917,2,9,11,3,1,2,5,7,-7
0021400975,2015-03-13,2014-15,regular_season,False,1610612757,POR,Portland Trail Blazers,1610612765,DET,Detroit Pistons,23,21,W,10,18,0.556,3,7,0.429,0,0,0.0,2,11,13,6,1,1,6,5,2,8,22,0.364,1,8,0.125,4,4,1.0,2,6,8,5,3,1,1,2,-2
0021400969,2015-03-13,2014-15,regular_season,False,1610612738,BOS,Boston Celtics,1610612753,ORL,Orlando Magic,29,16,W,10,18,0.556,3,8,0.375,6,10,0.6,1,11,12,5,3,1,5,5,13,7,21,0.333,0,4,0.0,2,4,0.5,2,8,10,4,4,1,4,9,-13
0021400968,2015-03-13,2014-15,regular_season,False,1610612755,PHI,Philadelphia 76ers,1610612758,SAC,Sacramento Kings,26,25,W,8,16,0.5,1,4,0.25,9,13,0.692,5,8,13,5,3,4,9,10,1,7,30,0.233,0,8,0.0,11,12,0.917,9,6,15,3,4,0,3,8,-1
0021400967,2015-03-13,2014-15,regular_season,False,1610612766,CHA,Charlotte Hornets,1610612741,CHI,Chicago Bulls,24,21,W,8,21,0.381,1,3,0.333,7,9,0.778,4,8,12,4,0,1,2,6,3,7,22,0.318,3,10,0.3,4,6,0.667,1,9,10,2,1,1,2,7,-3
0021400970,2015-03-13,2014-15,regular_season,False,1610612761,TOR,Toronto Raptors,1610612748,MIA,Miami Heat,24,29,L,6,16,0.375,4,9,0.444,8,11,0.727,5,8,13,4,1,0,7,7,-5,11,21,0.524,2,5,0.4,5,7,0.714,2,7,9,3,4,0,2,7,5
0021400976,2015-03-14,2014-15,regular_season,False,1610612754,IND,Indiana Pacers,1610612738,BOS,Boston Celtics,29,26,W,11,23,0.478,4,7,0.571,3,3,1.0,4,7,11,4,0,0,3,8,3,9,22,0.409,2,9,0.222,6,9,0.667,3,7,10,6,2,0,2,4,-3
0021400977,2015-03-14,2014-15,regular_season,False,1610612764,WAS,Washington Wizards,1610612758,SAC,Sacramento Kings,29,12,W,11,22,0.5,4,7,0.571,3,3,1.0,3,15,18,10,2,1,4,5,17,4,19,0.211,1,5,0.2,3,7,0.429,2,8,10,2,1,1,4,4,-17
0021400978,2015-03-14,2014-15,regular_season,False,1610612755,PHI,Philadelphia 76ers,1610612751,BKN,Brooklyn Nets,21,20,W,8,22,0.364,2,8,0.25,3,5,0.6,4,7,11,5,2,3,3,8,1,7,19,0.368,0,3,0.0,6,8,0.75,4,7,11,4,2,2,5,6,-1
0021400979,2015-03-14,2014-15,regular_season,False,1610612763,MEM,Memphis Grizzlies,1610612749,MIL,Milwaukee Bucks,18,22,L,7,19,0.368,3,6,0.5,1,2,0.5,0,6,6,5,2,0,2,4,-4,9,19,0.474,0,3,0.0,4,4,1.0,2,13,15,5,2,0,4,3,4
0021400980,2015-03-14,2014-15,regular_season,False,1610612762,UTA,Utah Jazz,1610612765,DET,Detroit Pistons,26,30,L,10,16,0.625,1,2,0.5,5,9,0.556,0,6,6,6,2,2,3,3,-4,12,25,0.48,4,10,0.4,2,3,0.667,6,8,14,6,1,0,2,6,4
0021400981,2015-03-14,2014-15,regular_season,False,1610612744,GSW,Golden State Warriors,1610612752,NYK,New York Knicks,14,21,L,5,22,0.227,1,6,0.167,3,3,1.0,3,8,11,4,3,3,2,4,-7,9,28,0.321,2,6,0.333,1,3,0.333,10,12,22,6,1,4,3,5,7
0021400989,2015-03-15,2014-15,regular_season,False,1610612747,LAL,Los Angeles Lakers,1610612737,ATL,Atlanta Hawks,28,23,W,11,22,0.5,3,6,0.5,3,3,1.0,5,7,12,8,2,1,4,9,5,6,17,0.353,1,5,0.2,10,12,0.833,3,4,7,3,2,1,4,3,-5
0021400988,2015-03-15,2014-15,regular_season,False,1610612756,PHX,Phoenix Suns,1610612752,NYK,New York Knicks,27,23,W,11,23,0.478,2,6,0.333,3,5,0.6,7,9,16,5,3,0,2,6,4,7,16,0.438,2,4,0.5,7,10,0.7,2,6,8,5,2,1,3,4,-4
0021400987,2015-03-15,2014-15,regular_season,False,1610612761,TOR,Toronto Raptors,1610612757,POR,Portland Trail Blazers,18,22,L,7,17,0.412,0,5,0.0,4,8,0.5,2,9,11,5,3,2,5,4,-4,10,21,0.476,1,5,0.2,1,3,0.333,2,10,12,4,4,2,4,5,4
0021400986,2015-03-15,2014-15,regular_season,False,1610612759,SAS,San Antonio Spurs,1610612750,MIN,Minnesota Timberwolves,30,34,L,11,19,0.579,4,7,0.571,4,5,0.8,2,7,9,8,2,0,4,3,-4,12,21,0.571,5,9,0.556,5,5,1.0,2,7,9,9,3,0,2,5,4
0021400984,2015-03-15,2014-15,regular_season,False,1610612740,NOP,New Orleans Pelicans,1610612743,DEN,Denver Nuggets,24,30,L,10,21,0.476,2,4,0.5,2,2,1.0,4,8,12,5,0,4,5,3,-6,14,23,0.609,2,6,0.333,0,0,0.0,1,6,7,6,3,2,0,3,6
0021400983,2015-03-15,2014-15,regular_season,False,1610612746,LAC,Los Angeles Clippers,1610612745,HOU,Houston Rockets,24,16,W,9,17,0.529,2,3,0.667,4,5,0.8,0,12,12,5,2,1,6,7,8,6,21,0.286,1,5,0.2,3,5,0.6,4,7,11,2,2,1,5,7,-8
0021400985,2015-03-15,2014-15,regular_season,False,1610612753,ORL,Orlando Magic,1610612739,CLE,Cleveland Cavaliers,22,23,L,8,17,0.471,2,5,0.4,4,6,0.667,3,4,7,4,1,0,4,2,-1,7,14,0.5,4,8,0.5,5,5,1.0,1,5,6,4,3,1,6,7,1
0021400982,2015-03-15,2014-15,regular_season,False,1610612760,OKC,Oklahoma City Thunder,1610612741,CHI,Chicago Bulls,34,30,W,12,23,0.522,4,9,0.444,6,10,0.6,3,8,11,5,2,0,4,11,4,7,17,0.412,2,6,0.333,14,19,0.737,2,6,8,5,1,0,4,8,-4
0021400998,2015-03-16,2014-15,regular_season,False,1610612758,SAC,Sacramento Kings,1610612737,ATL,Atlanta Hawks,27,28,L,10,17,0.588,0,3,0.0,7,9,0.778,1,5,6,5,4,0,3,8,-1,9,16,0.562,4,9,0.444,6,8,0.75,2,5,7,7,0,0,4,6,1
0021400996,2015-03-16,2014-15,regular_season,False,1610612742,DAL,Dallas Mavericks,1610612760,OKC,Oklahoma City Thunder,27,23,W,8,19,0.421,1,5,0.2,10,16,0.625,2,9,11,3,1,2,1,4,4,10,26,0.385,1,9,0.111,2,2,1.0,3,10,13,3,1,1,5,12,-4
0021400995,2015-03-16,2014-15,regular_season,False,1610612748,MIA,Miami Heat,1610612739,CLE,Cleveland Cavaliers,23,29,L,9,19,0.474,1,7,0.143,4,5,0.8,3,6,9,3,2,2,4,6,-6,9,19,0.474,4,8,0.5,7,7,1.0,3,7,10,6,1,1,4,6,6
0021400994,2015-03-16,2014-15,regular_season,False,1610612750,MIN,Minnesota Timberwolves,1610612751,BKN,Brooklyn Nets,27,24,W,13,27,0.481,0,3,0.0,1,1,1.0,4,6,10,7,2,2,0,2,3,10,19,0.526,2,3,0.667,2,2,1.0,3,8,11,3,0,1,6,3,-3
0021400999,2015-03-16,2014-15,regular_season,False,1610612744,GSW,Golden State Warriors,1610612747,LAL,Los Angeles Lakers,26,27,L,9,21,0.429,1,5,0.2,7,8,0.875,3,7,10,6,3,1,4,9,-1,8,18,0.444,0,3,0.0,11,12,0.917,2,9,11,4,3,2,5,6,1
0021400992,2015-03-16,2014-15,regular_season,False,1610612738,BOS,Boston Celtics,1610612755,PHI,Philadelphia 76ers,19,21,L,8,19,0.421,0,3,0.0,3,4,0.75,1,9,10,5,3,1,4,7,-2,8,21,0.381,2,6,0.333,3,6,0.5,3,8,11,4,2,1,5,7,2
0021400991,2015-03-16,2014-15,regular_season,False,1610612764,WAS,Washington Wizards,1610612757,POR,Portland Trail Blazers,24,23,W,9,22,0.409,2,2,1.0,4,5,0.8,2,11,13,7,0,3,1,3,1,9,27,0.333,1,8,0.125,4,4,1.0,6,11,17,4,1,1,1,5,-1
0021400990,2015-03-16,2014-15,regular_season,False,1610612754,IND,Indiana Pacers,1610612761,TOR,Toronto Raptors,17,29,L,4,18,0.222,0,7,0.0,9,10,0.9,1,8,9,4,2,1,2,8,-12,6,14,0.429,3,5,0.6,14,16,0.875,1,13,14,3,1,0,3,8,12
0021400993,2015-03-16,2014-15,regular_season,False,1610612763,MEM,Memphis Grizzlies,1610612743,DEN,Denver Nuggets,27,18,W,10,19,0.526,1,2,0.5,6,6,1.0,1,13,14,7,2,3,3,3,9,7,22,0.318,2,5,0.4,2,2,1.0,2,8,10,4,3,0,3,6,-9
0021400997,2015-03-16,2014-15,regular_season,False,1610612762,UTA,Utah Jazz,1610612766,CHA,Charlotte Hornets,9,20,L,3,17,0.176,1,4,0.25,2,2,1.0,1,10,11,0,1,0,5,5,-11,7,20,0.35,2,5,0.4,4,4,1.0,3,9,12,3,1,2,1,1,11
0021401004,2015-03-17,2014-15,regular_season,False,1610612746,LAC,Los Angeles Clippers,1610612766,CHA,Charlotte Hornets,22,18,W,4,16,0.25,1,7,0.143,13,18,0.722,2,11,13,1,0,2,1,4,4,7,21,0.333,0,3,0.0,4,6,0.667,3,11,14,2,0,1,2,10,-4
0021401000,2015-03-17,2014-15,regular_season,False,1610612765,DET,Detroit Pistons,1610612763,MEM,Memphis Grizzlies,30,19,W,11,20,0.55,2,7,0.286,6,9,0.667,3,9,12,5,1,1,3,4,11,6,20,0.3,3,4,0.75,4,4,1.0,4,6,10,6,3,0,6,10,-11
0021401001,2015-03-17,2014-15,regular_season,False,1610612752,NYK,New York Knicks,1610612759,SAS,San Antonio Spurs,28,21,W,12,19,0.632,1,3,0.333,3,4,0.75,3,6,9,8,1,3,3,4,7,7,19,0.368,0,3,0.0,7,9,0.778,3,4,7,3,1,0,2,5,-7
0021401002,2015-03-17,2014-15,regular_season,False,1610612745,HOU,Houston Rockets,1610612753,ORL,Orlando Magic,30,16,W,10,16,0.625,4,5,0.8,6,8,0.75,1,11,12,6,3,2,3,3,14,7,19,0.368,0,7,0.0,2,2,1.0,0,7,7,3,1,1,3,5,-14
0021401003,2015-03-17,2014-15,regular_season,False,1610612740,NOP,New Orleans Pelicans,1610612749,MIL,Milwaukee Bucks,15,22,L,4,20,0.2,1,4,0.25,6,8,0.75,3,9,12,4,0,3,3,7,-7,7,22,0.318,0,6,0.0,8,8,1.0,3,15,18,5,1,3,1,6,7
0021401013,2015-03-18,2014-15,regular_season,False,1610612758,SAC,Sacramento Kings,1610612746,LAC,Los Angeles Clippers,32,36,L,9,18,0.5,1,5,0.2,13,16,0.812,2,7,9,4,2,0,0,5,-4,13,21,0.619,8,12,0.667,2,4,0.5,3,7,10,11,0,2,4,10,4
0021401007,2015-03-18,2014-15,regular_season,False,1610612748,MIA,Miami Heat,1610612757,POR,Portland Trail Blazers,29,23,W,11,20,0.55,1,3,0.333,6,8,0.75,2,8,10,2,2,2,0,2,6,10,23,0.435,3,10,0.3,0,1,0.0,5,9,14,3,0,0,4,6,-6
0021401015,2015-03-18,2014-15,regular_season,False,1610612762,UTA,Utah Jazz,1610612764,WAS,Washington Wizards,23,21,W,8,16,0.5,2,6,0.333,5,8,0.625,3,4,7,6,1,2,5,9,2,6,15,0.4,1,2,0.5,8,10,0.8,3,5,8,1,1,0,7,5,-2
0021401012,2015-03-18,2014-15,regular_season,False,1610612742,DAL,Dallas Mavericks,1610612753,ORL,Orlando Magic,21,32,L,5,21,0.238,1,8,0.125,10,13,0.769,3,7,10,3,2,2,3,4,-11,12,21,0.571,4,5,0.8,4,4,1.0,2,11,13,8,1,2,4,9,11
0021401014,2015-03-18,2014-15,regular_season,False,1610612744,GSW,Golden State Warriors,1610612737,ATL,Atlanta Hawks,31,31,W,12,22,0.545,4,6,0.667,3,3,1.0,3,5,8,11,3,1,3,6,0,11,24,0.458,2,6,0.333,7,9,0.778,6,7,13,9,2,0,3,4,0
0021401011,2015-03-18,2014-15,regular_season,False,1610612760,OKC,Oklahoma City Thunder,1610612738,BOS,Boston Celtics,29,37,L,8,21,0.381,1,7,0.143,12,14,0.857,6,8,14,5,2,0,5,11,-8,10,21,0.476,5,14,0.357,12,18,0.667,3,6,9,7,3,0,4,11,8
0021401005,2015-03-18,2014-15,regular_season,False,1610612739,CLE,Cleveland Cavaliers,1610612751,BKN,Brooklyn Nets,23,19,W,9,21,0.429,4,8,0.5,1,2,0.5,4,8,12,5,0,1,4,4,4,8,18,0.444,1,4,0.25,2,6,0.333,2,6,8,5,1,2,2,4,-4
0021401009,2015-03-18,2014-15,regular_season,False,1610612741,CHI,Chicago Bulls,1610612754,IND,Indiana Pacers,27,18,W,8,19,0.421,2,5,0.4,9,10,0.9,3,14,17,5,1,1,3,3,9,8,23,0.348,2,7,0.286,0,2,0.0,2,7,9,2,0,1,2,8,-9
0021401008,2015-03-18,2014-15,regular_season,False,1610612761,TOR,Toronto Raptors,1610612750,MIN,Minnesota Timberwolves,23,25,L,8,20,0.4,3,9,0.333,4,7,0.571,2,8,10,7,1,0,2,1,-2,12,25,0.48,1,6,0.167,0,0,0.0,4,10,14,5,1,1,3,4,2
0021401006,2015-03-18,2014-15,regular_season,False,1610612755,PHI,Philadelphia 76ers,1610612765,DET,Detroit Pistons,26,18,W,8,18,0.444,4,8,0.5,6,10,0.6,2,9,11,5,0,4,5,6,8,6,24,0.25,3,10,0.3,3,4,0.75,2,8,10,3,3,2,3,8,-8
0021401010,2015-03-18,2014-15,regular_season,False,1610612749,MIL,Milwaukee Bucks,1610612759,SAS,San Antonio Spurs,23,23,L,10,21,0.476,1,3,0.333,2,3,0.667,2,9,11,5,1,0,2,8,0,7,16,0.438,1,4,0.25,8,10,0.8,0,9,9,6,1,0,3,3,0
0021401016,2015-03-19,2014-15,regular_season,False,1610612752,NYK,New York Knicks,1610612750,MIN,Minnesota Timberwolves,16,16,L,6,14,0.429,1,4,0.25,3,4,0.75,1,6,7,3,2,0,4,2,0,8,20,0.4,0,2,0.0,0,0,0.0,4,4,8,1,2,0,5,4,0
0021401017,2015-03-19,2014-15,regular_season,False,1610612745,HOU,Houston Rockets,1610612743,DEN,Denver Nuggets,28,35,L,9,24,0.375,3,9,0.333,7,10,0.7,4,7,11,5,2,1,2,6,-7,13,22,0.591,5,11,0.455,4,8,0.5,1,10,11,8,2,2,2,7,7
0021401018,2015-03-19,2014-15,regular_season,False,1610612756,PHX,Phoenix Suns,1610612740,NOP,New Orleans Pelicans,19,19,W,7,19,0.368,1,6,0.167,4,7,0.571,6,12,18,1,0,3,6,4,0,7,20,0.35,3,7,0.429,2,2,1.0,1,4,5,5,3,2,1,5,0
0021401019,2015-03-19,2014-15,regular_season,False,1610612747,LAL,Los Angeles Lakers,1610612762,UTA,Utah Jazz,18,22,L,7,20,0.35,1,4,0.25,3,5,0.6,1,8,9,5,2,0,5,9,-4,6,13,0.462,1,3,0.333,9,13,0.692,0,7,7,4,3,2,3,6,4
0021401028,2015-03-20,2014-15,regular_season,False,1610612759,SAS,San Antonio Spurs,1610612738,BOS,Boston Celtics,17,26,L,8,23,0.348,0,8,0.0,1,2,0.5,1,11,12,6,1,1,1,7,-9,9,23,0.391,1,6,0.167,7,12,0.583,5,13,18,3,0,0,1,3,9
0021401029,2015-03-20,2014-15,regular_season,False,1610612758,SAC,Sacramento Kings,1610612766,CHA,Charlotte Hornets,21,22,L,6,19,0.316,0,5,0.0,9,13,0.692,4,11,15,5,1,0,7,2,-1,8,22,0.364,2,8,0.25,4,4,1.0,1,10,11,4,5,0,4,10,1
0021401027,2015-03-20,2014-15,regular_season,False,1610612742,DAL,Dallas Mavericks,1610612763,MEM,Memphis Grizzlies,33,29,W,10,18,0.556,1,5,0.2,12,16,0.75,1,9,10,3,2,0,4,11,4,9,17,0.529,2,5,0.4,9,15,0.6,1,6,7,3,2,1,5,11,-4
0021401031,2015-03-20,2014-15,regular_season,False,1610612746,LAC,Los Angeles Clippers,1610612764,WAS,Washington Wizards,23,22,W,10,22,0.455,1,3,0.333,2,3,0.667,3,11,14,7,2,0,5,5,1,7,21,0.333,2,6,0.333,6,8,0.75,2,10,12,4,3,0,3,3,-1
0021401030,2015-03-20,2014-15,regular_season,False,1610612744,GSW,Golden State Warriors,1610612740,NOP,New Orleans Pelicans,26,28,L,11,20,0.55,0,2,0.0,4,6,0.667,3,5,8,8,4,4,3,5,-2,9,18,0.5,5,7,0.714,5,7,0.714,3,6,9,7,2,0,6,3,2
0021401026,2015-03-20,2014-15,regular_season,False,1610612760,OKC,Oklahoma City Thunder,1610612737,ATL,Atlanta Hawks,33,20,W,10,20,0.5,5,8,0.625,8,8,1.0,4,10,14,6,1,3,1,4,13,8,23,0.348,0,4,0.0,4,6,0.667,4,6,10,1,1,1,1,5,-13
0021401024,2015-03-20,2014-15,regular_season,False,1610612748,MIA,Miami Heat,1610612743,DEN,Denver Nuggets,21,13,W,8,18,0.444,2,6,0.333,3,5,0.6,3,14,17,4,1,3,6,7,8,5,21,0.238,1,10,0.1,2,8,0.25,4,7,11,3,4,2,2,6,-8
0021401023,2015-03-20,2014-15,regular_season,False,1610612739,CLE,Cleveland Cavaliers,1610612754,IND,Indiana Pacers,23,20,W,9,22,0.409,3,10,0.3,2,2,1.0,2,9,11,3,1,3,1,5,3,7,22,0.318,3,8,0.375,3,4,0.75,4,10,14,5,0,2,2,3,-3
0021401022,2015-03-20,2014-15,regular_season,False,1610612751,BKN,Brooklyn Nets,1610612749,MIL,Milwaukee Bucks,22,17,W,8,16,0.5,3,6,0.5,3,4,0.75,1,4,5,5,2,2,4,1,5,8,23,0.348,1,2,0.5,0,0,0.0,8,6,14,3,2,3,7,4,-5
0021401021,2015-03-20,2014-15,regular_season,False,1610612755,PHI,Philadelphia 76ers,1610612752,NYK,New York Knicks,17,15,W,7,21,0.333,3,8,0.375,0,0,0.0,3,11,14,3,1,1,5,7,2,3,19,0.158,1,5,0.2,8,8,1.0,2,8,10,2,1,1,2,2,-2
0021401020,2015-03-20,2014-15,regular_season,False,1610612753,ORL,Orlando Magic,1610612757,POR,Portland Trail Blazers,36,23,W,10,22,0.455,1,2,0.5,15,15,1.0,6,10,16,6,2,0,2,5,13,10,21,0.476,1,5,0.2,2,4,0.5,2,5,7,4,1,0,3,10,-13
0021401025,2015-03-20,2014-15,regular_season,False,1610612741,CHI,Chicago Bulls,1610612761,TOR,Toronto Raptors,22,24,L,8,17,0.471,1,6,0.167,5,5,1.0,4,7,11,4,0,4,3,6,-2,7,23,0.304,2,6,0.333,8,9,0.889,7,4,11,4,2,1,1,5,2
0021401032,2015-03-21,2014-15,regular_season,False,1610612754,IND,Indiana Pacers,1610612751,BKN,Brooklyn Nets,24,35,L,11,23,0.478,0,8,0.0,2,3,0.667,3,4,7,2,1,0,4,8,-11,12,16,0.75,2,2,1.0,9,11,0.818,0,7,7,5,2,0,3,5,11
0021401033,2015-03-21,2014-15,regular_season,False,1610612765,DET,Detroit Pistons,1610612741,CHI,Chicago Bulls,27,12,W,10,23,0.435,4,6,0.667,3,3,1.0,1,15,16,6,3,4,0,3,15,6,23,0.261,0,6,0.0,0,1,0.0,3,11,14,2,0,1,3,3,-15
0021401034,2015-03-21,2014-15,regular_season,False,1610612745,HOU,Houston Rockets,1610612756,PHX,Phoenix Suns,16,18,L,7,19,0.368,2,10,0.2,0,0,0.0,1,11,12,3,2,1,7,6,-2,7,20,0.35,1,5,0.2,3,4,0.75,1,8,9,4,4,0,5,5,2
0021401035,2015-03-21,2014-15,regular_season,False,1610612763,MEM,Memphis Grizzlies,1610612757,POR,Portland Trail Blazers,20,24,L,8,19,0.421,1,6,0.167,3,3,1.0,0,9,9,5,4,0,4,5,-4,9,19,0.474,3,6,0.5,3,3,1.0,1,10,11,3,2,1,5,4,4
0021401036,2015-03-21,2014-15,regular_season,False,1610612744,GSW,Golden State Warriors,1610612762,UTA,Utah Jazz,21,18,W,5,18,0.278,1,4,0.25,10,12,0.833,3,7,10,3,3,1,2,7,3,5,16,0.312,1,3,0.333,7,9,0.778,2,7,9,4,1,1,4,6,-3
0021401043,2015-03-22,2014-15,regular_season,False,1610612738,BOS,Boston Celtics,1610612765,DET,Detroit Pistons,19,25,L,8,25,0.32,2,6,0.333,1,2,0.5,2,10,12,6,2,1,2,3,-6,10,21,0.476,3,9,0.333,2,2,1.0,0,14,14,6,2,4,4,3,6
0021401047,2015-03-22,2014-15,regular_season,False,1610612747,LAL,Los Angeles Lakers,1610612755,PHI,Philadelphia 76ers,27,12,W,9,20,0.45,0,1,0.0,9,10,0.9,2,12,14,5,1,4,2,5,15,4,22,0.182,1,7,0.143,3,4,0.75,3,6,9,3,0,2,4,9,-15
0021401046,2015-03-22,2014-15,regular_season,False,1610612756,PHX,Phoenix Suns,1610612742,DAL,Dallas Mavericks,22,17,W,7,17,0.412,2,6,0.333,6,9,0.667,1,14,15,4,4,1,8,7,5,7,24,0.292,1,4,0.25,2,7,0.286,3,8,11,1,1,0,5,9,-5
0021401045,2015-03-22,2014-15,regular_season,False,1610612750,MIN,Minnesota Timberwolves,1610612766,CHA,Charlotte Hornets,20,27,L,9,21,0.429,0,2,0.0,2,2,1.0,2,5,7,6,1,0,2,4,-7,12,22,0.545,2,4,0.5,1,1,1.0,5,8,13,7,1,2,1,4,7
0021401044,2015-03-22,2014-15,regular_season,False,1610612753,ORL,Orlando Magic,1610612743,DEN,Denver Nuggets,28,17,W,11,24,0.458,1,5,0.2,5,6,0.833,6,8,14,4,3,1,3,2,11,7,22,0.318,2,8,0.25,1,2,0.5,5,8,13,6,1,1,6,5,-11
0021401041,2015-03-22,2014-15,regular_season,False,1610612761,TOR,Toronto Raptors,1610612752,NYK,New York Knicks,32,23,W,11,16,0.688,1,2,0.5,9,10,0.9,0,13,13,5,1,0,4,2,9,9,24,0.375,4,9,0.444,1,1,1.0,2,6,8,9,2,0,1,6,-9
0021401040,2015-03-22,2014-15,regular_season,False,1610612746,LAC,Los Angeles Clippers,1610612740,NOP,New Orleans Pelicans,26,23,W,9,20,0.45,1,6,0.167,7,10,0.7,2,8,10,4,1,1,3,5,3,7,19,0.368,2,5,0.4,7,8,0.875,2,8,10,3,3,1,3,6,-3
0021401039,2015-03-22,2014-15,regular_season,False,1610612737,ATL,Atlanta Hawks,1610612759,SAS,San Antonio Spurs,30,31,L,12,23,0.522,4,7,0.571,2,2,1.0,3,6,9,6,2,0,3,1,-1,14,22,0.636,3,6,0.5,0,0,0.0,2,7,9,6,1,0,3,4,1
0021401038,2015-03-22,2014-15,regular_season,False,1610612760,OKC,Oklahoma City Thunder,1610612748,MIA,Miami Heat,27,17,W,11,23,0.478,1,5,0.2,4,5,0.8,6,8,14,7,3,2,4,2,10,7,16,0.438,1,5,0.2,2,4,0.5,0,7,7,2,1,1,4,4,-10
0021401037,2015-03-22,2014-15,regular_season,False,1610612749,MIL,Milwaukee Bucks,1610612739,CLE,Cleveland Cavaliers,17,33,L,7,15,0.467,1,4,0.25,2,4,0.5,1,4,5,2,2,1,5,6,-16,11,16,0.688,6,9,0.667,5,8,0.625,1,9,10,7,5,0,2,3,16
0021401042,2015-03-22,2014-15,regular_season,False,1610612758,SAC,Sacramento Kings,1610612764,WAS,Washington Wizards,19,16,W,6,17,0.353,4,5,0.8,3,3,1.0,1,7,8,4,5,0,3,4,3,7,19,0.368,0,3,0.0,2,2,1.0,4,10,14,1,2,2,5,2,-3
0021401048,2015-03-23,2014-15,regular_season,False,1610612754,IND,Indiana Pacers,1610612745,HOU,Houston Rockets,32,34,L,11,23,0.478,3,10,0.3,7,10,0.7,4,4,8,5,0,1,2,11,-2,6,12,0.5,3,6,0.5,19,20,0.95,0,8,8,2,2,1,3,9,2
0021401049,2015-03-23,2014-15,regular_season,False,1610612751,BKN,Brooklyn Nets,1610612738,BOS,Boston Celtics,17,27,L,6,19,0.316,0,6,0.0,5,7,0.714,1,7,8,2,2,0,4,4,-10,12,22,0.545,1,5,0.2,2,4,0.5,3,13,16,7,4,0,3,6,10
0021401050,2015-03-23,2014-15,regular_season,False,1610612752,NYK,New York Knicks,1610612763,MEM,Memphis Grizzlies,21,29,L,7,16,0.438,1,4,0.25,6,7,0.857,0,5,5,6,0,4,3,3,-8,12,22,0.545,4,6,0.667,1,2,0.5,3,9,12,6,0,0,2,8,8
0021401051,2015-03-23,2014-15,regular_season,False,1610612741,CHI,Chicago Bulls,1610612766,CHA,Charlotte Hornets,24,17,W,9,20,0.45,1,5,0.2,5,7,0.714,2,13,15,4,1,4,2,6,7,3,19,0.158,0,5,0.0,11,13,0.846,4,10,14,0,1,1,2,6,-7
0021401052,2015-03-23,2014-15,regular_season,False,1610612762,UTA,Utah Jazz,1610612750,MIN,Minnesota Timberwolves,33,36,L,10,20,0.5,1,4,0.25,12,17,0.706,4,7,11,6,1,2,1,3,-3,13,22,0.591,6,9,0.667,4,4,1.0,1,6,7,8,1,1,2,9,3
0021401053,2015-03-23,2014-15,regular_season,False,1610612744,GSW,Golden State Warriors,1610612764,WAS,Washington Wizards,26,19,W,10,24,0.417,2,6,0.333,4,6,0.667,4,11,15,6,1,3,1,5,7,6,19,0.316,0,2,0.0,7,9,0.778,1,9,10,2,1,1,2,4,-7
0021401058,2015-03-24,2014-15,regular_season,False,1610612758,SAC,Sacramento Kings,1610612755,PHI,Philadelphia 76ers,20,22,L,6,22,0.273,1,5,0.2,7,10,0.7,6,6,12,3,6,3,5,4,-2,7,16,0.438,3,6,0.5,5,6,0.833,2,10,12,4,3,3,10,7,2
0021401057,2015-03-24,2014-15,regular_season,False,1610612742,DAL,Dallas Mavericks,1610612759,SAS,San Antonio Spurs,25,28,L,9,22,0.409,1,5,0.2,6,7,0.857,5,11,16,3,1,0,5,7,-3,10,22,0.455,3,9,0.333,5,7,0.714,1,9,10,5,2,1,2,8,3
0021401059,2015-03-24,2014-15,regular_season,False,1610612757,POR,Portland Trail Blazers,1610612744,GSW,Golden State Warriors,28,29,L,10,20,0.5,5,9,0.556,3,5,0.6,3,5,8,6,5,0,5,8,-1,11,17,0.647,2,6,0.333,5,6,0.833,0,8,8,7,3,2,5,4,1
0021401055,2015-03-24,2014-15,regular_season,False,1610612749,MIL,Milwaukee Bucks,1610612748,MIA,Miami Heat,24,9,W,10,21,0.476,3,7,0.429,1,2,0.5,3,11,14,6,3,2,5,6,15,3,14,0.214,0,3,0.0,3,4,0.75,1,6,7,1,3,1,8,5,-15
0021401054,2015-03-24,2014-15,regular_season,False,1610612765,DET,Detroit Pistons,1610612761,TOR,Toronto Raptors,23,29,L,8,22,0.364,2,5,0.4,5,11,0.455,5,5,10,4,0,0,2,6,-6,9,20,0.45,3,9,0.333,8,8,1.0,4,10,14,5,1,1,3,8,6
0021401056,2015-03-24,2014-15,regular_season,False,1610612760,OKC,Oklahoma City Thunder,1610612747,LAL,Los Angeles Lakers,27,29,L,11,21,0.524,5,9,0.556,0,0,0.0,3,8,11,6,0,1,5,6,-2,10,20,0.5,2,4,0.5,7,9,0.778,1,6,7,5,1,1,1,1,2
0021401070,2015-03-25,2014-15,regular_season,False,1610612762,UTA,Utah Jazz,1610612757,POR,Portland Trail Blazers,24,37,L,7,21,0.333,1,5,0.2,9,12,0.75,4,7,11,2,0,0,2,6,-13,13,23,0.565,3,10,0.3,8,9,0.889,3,10,13,6,1,1,0,7,13
0021401069,2015-03-25,2014-15,regular_season,False,1610612743,DEN,Denver Nuggets,1610612755,PHI,Philadelphia 76ers,9,27,L,4,22,0.182,0,8,0.0,1,4,0.25,4,11,15,1,1,0,6,9,-18,8,20,0.4,3,8,0.375,8,12,0.667,2,13,15,3,6,3,1,4,18
0021401072,2015-03-25,2014-15,regular_season,False,1610612756,PHX,Phoenix Suns,1610612758,SAC,Sacramento Kings,29,25,W,10,21,0.476,2,9,0.222,7,8,0.875,2,8,10,4,4,1,5,8,4,7,16,0.438,3,6,0.5,8,8,1.0,1,9,10,6,2,0,8,7,-4
0021401067,2015-03-25,2014-15,regular_season,False,1610612750,MIN,Minnesota Timberwolves,1610612747,LAL,Los Angeles Lakers,24,17,W,7,17,0.412,1,3,0.333,9,10,0.9,3,9,12,4,1,0,2,3,7,7,24,0.292,1,4,0.25,2,2,1.0,5,8,13,4,1,0,2,8,-7
0021401071,2015-03-25,2014-15,regular_season,False,1610612759,SAS,San Antonio Spurs,1610612760,OKC,Oklahoma City Thunder,30,17,W,13,24,0.542,4,7,0.571,0,1,0.0,5,13,18,9,0,0,2,2,13,7,21,0.333,1,5,0.2,2,2,1.0,1,7,8,2,2,1,0,1,-13
0021401066,2015-03-25,2014-15,regular_season,False,1610612763,MEM,Memphis Grizzlies,1610612739,CLE,Cleveland Cavaliers,23,20,W,10,20,0.5,1,4,0.25,2,2,1.0,3,3,6,6,3,0,1,2,3,8,18,0.444,4,10,0.4,0,0,0.0,6,7,13,4,1,0,8,6,-3
0021401068,2015-03-25,2014-15,regular_season,False,1610612740,NOP,New Orleans Pelicans,1610612745,HOU,Houston Rockets,23,17,W,8,18,0.444,1,2,0.5,6,10,0.6,5,9,14,4,2,1,4,4,6,7,18,0.389,2,7,0.286,1,2,0.5,1,5,6,5,2,1,4,7,-6
0021401064,2015-03-25,2014-15,regular_season,False,1610612738,BOS,Boston Celtics,1610612748,MIA,Miami Heat,24,11,W,8,20,0.4,3,10,0.3,5,8,0.625,2,10,12,4,4,1,3,8,13,3,17,0.176,0,5,0.0,5,9,0.556,2,9,11,2,1,2,7,6,-13
0021401060,2015-03-25,2014-15,regular_season,False,1610612766,CHA,Charlotte Hornets,1610612751,BKN,Brooklyn Nets,24,23,W,8,18,0.444,0,3,0.0,8,10,0.8,3,10,13,6,1,3,5,7,1,7,18,0.389,1,3,0.333,8,8,1.0,0,8,8,7,2,0,3,7,-1
0021401061,2015-03-25,2014-15,regular_season,False,1610612752,NYK,New York Knicks,1610612746,LAC,Los Angeles Clippers,26,21,W,11,22,0.5,1,5,0.2,3,5,0.6,2,7,9,6,4,1,4,2,5,9,19,0.474,2,6,0.333,1,2,0.5,0,7,7,6,3,2,5,5,-5
0021401065,2015-03-25,2014-15,regular_season,False,1610612761,TOR,Toronto Raptors,1610612741,CHI,Chicago Bulls,21,39,L,6,18,0.333,1,6,0.167,8,8,1.0,4,5,9,0,0,0,4,3,-18,15,20,0.75,4,6,0.667,5,5,1.0,0,8,8,10,2,0,0,5,18
0021401063,2015-03-25,2014-15,regular_season,False,1610612764,WAS,Washington Wizards,1610612754,IND,Indiana Pacers,25,33,L,8,18,0.444,1,4,0.25,8,10,0.8,1,10,11,3,0,1,3,9,-8,12,19,0.632,1,4,0.25,8,15,0.533,1,7,8,5,3,0,0,6,8
0021401062,2015-03-25,2014-15,regular_season,False,1610612753,ORL,Orlando Magic,1610612737,ATL,Atlanta Hawks,12,27,L,4,16,0.25,1,4,0.25,3,5,0.6,3,6,9,3,1,0,7,5,-15,11,20,0.55,5,10,0.5,0,0,0.0,2,7,9,7,3,3,3,5,15
0021401073,2015-03-26,2014-15,regular_season,False,1610612749,MIL,Milwaukee Bucks,1610612754,IND,Indiana Pacers,26,33,L,7,13,0.538,1,3,0.333,11,15,0.733,2,3,5,2,1,1,6,12,-7,7,16,0.438,5,10,0.5,14,16,0.875,2,6,8,7,2,2,4,10,7
0021401086,2015-03-27,2014-15,regular_season,False,1610612756,PHX,Phoenix Suns,1610612757,POR,Portland Trail Blazers,15,27,L,6,23,0.261,1,5,0.2,2,3,0.667,2,6,8,1,3,0,2,6,-12,11,19,0.579,1,4,0.25,4,7,0.571,2,15,17,4,1,1,4,4,12
0021401085,2015-03-27,2014-15,regular_season,False,1610612743,DEN,Denver Nuggets,1610612762,UTA,Utah Jazz,32,28,W,11,17,0.647,3,5,0.6,7,8,0.875,1,8,9,7,2,0,6,5,4,10,21,0.476,2,9,0.222,6,9,0.667,4,4,8,7,4,2,3,5,-4
0021401084,2015-03-27,2014-15,regular_season,False,1610612759,SAS,San Antonio Spurs,1610612742,DAL,Dallas Mavericks,25,15,W,9,18,0.5,1,4,0.25,6,8,0.75,5,10,15,6,2,1,5,4,10,7,21,0.333,0,2,0.0,1,2,0.5,4,4,8,3,3,0,4,6,-10
0021401083,2015-03-27,2014-15,regular_season,False,1610612740,NOP,New Orleans Pelicans,1610612758,SAC,Sacramento Kings,28,22,W,12,20,0.6,3,5,0.6,1,2,0.5,1,7,8,9,2,2,2,4,6,9,21,0.429,1,4,0.25,3,6,0.5,6,7,13,1,2,0,3,3,-6
0021401082,2015-03-27,2014-15,regular_season,False,1610612763,MEM,Memphis Grizzlies,1610612744,GSW,Golden State Warriors,19,22,L,8,18,0.444,2,6,0.333,1,3,0.333,2,11,13,5,1,1,5,4,-3,8,26,0.308,3,7,0.429,3,4,0.75,7,8,15,3,3,1,2,4,3
0021401081,2015-03-27,2014-15,regular_season,False,1610612745,HOU,Houston Rockets,1610612750,MIN,Minnesota Timberwolves,30,30,W,12,23,0.522,5,12,0.417,1,3,0.333,1,9,10,10,1,2,2,7,0,10,24,0.417,1,6,0.167,9,9,1.0,3,11,14,7,0,0,2,4,0
0021401079,2015-03-27,2014-15,regular_season,False,1610612752,NYK,New York Knicks,1610612738,BOS,Boston Celtics,29,26,W,12,26,0.462,3,11,0.273,2,4,0.5,2,6,8,8,3,0,2,14,3,5,14,0.357,0,4,0.0,16,23,0.696,1,11,12,1,1,0,5,5,-3
0021401078,2015-03-27,2014-15,regular_season,False,1610612751,BKN,Brooklyn Nets,1610612739,CLE,Cleveland Cavaliers,27,19,W,7,16,0.438,2,6,0.333,11,12,0.917,1,10,11,2,1,1,1,6,8,6,17,0.353,1,5,0.2,6,9,0.667,2,8,10,4,1,1,4,9,-8
0021401076,2015-03-27,2014-15,regular_season,False,1610612764,WAS,Washington Wizards,1610612766,CHA,Charlotte Hornets,21,17,W,9,27,0.333,2,6,0.333,1,4,0.25,6,12,18,3,1,1,3,8,4,3,18,0.167,1,4,0.25,10,12,0.833,1,11,12,3,1,4,1,5,-4
0021401075,2015-03-27,2014-15,regular_season,False,1610612755,PHI,Philadelphia 76ers,1610612746,LAC,Los Angeles Clippers,30,25,W,12,21,0.571,4,5,0.8,2,6,0.333,1,8,9,4,4,0,4,5,5,9,18,0.5,3,6,0.5,4,4,1.0,0,11,11,7,2,0,6,5,-5
0021401074,2015-03-27,2014-15,regular_season,False,1610612753,ORL,Orlando Magic,1610612765,DET,Detroit Pistons,21,24,L,9,21,0.429,0,2,0.0,3,3,1.0,2,8,10,6,1,0,3,8,-3,8,18,0.444,0,2,0.0,8,10,0.8,2,9,11,3,2,4,2,4,3
0021401080,2015-03-27,2014-15,regular_season,False,1610612761,TOR,Toronto Raptors,1610612747,LAL,Los Angeles Lakers,23,17,W,9,19,0.474,2,4,0.5,3,4,0.75,2,11,13,5,3,0,4,6,6,5,19,0.263,0,3,0.0,7,10,0.7,2,8,10,2,2,1,4,4,-6
0021401077,2015-03-27,2014-15,regular_season,False,1610612737,ATL,Atlanta Hawks,1610612748,MIA,Miami Heat,10,19,L,4,17,0.235,1,6,0.167,1,2,0.5,1,7,8,4,4,2,6,2,-9,7,23,0.304,2,11,0.182,3,3,1.0,4,11,15,2,5,3,6,3,9
0021401090,2015-03-28,2014-15,regular_season,False,1610612762,UTA,Utah Jazz,1610612760,OKC,Oklahoma City Thunder,18,23,L,6,22,0.273,1,6,0.167,5,8,0.625,6,9,15,2,2,2,4,10,-5,7,21,0.333,2,7,0.286,7,13,0.538,5,8,13,2,0,2,3,5,5
0021401091,2015-03-28,2014-15,regular_season,False,1610612757,POR,Portland Trail Blazers,1610612743,DEN,Denver Nuggets,34,36,L,12,17,0.706,2,5,0.4,8,8,1.0,0,9,9,8,2,2,5,5,-2,14,27,0.519,2,5,0.4,6,6,1.0,4,5,9,6,3,0,2,7,2
0021401088,2015-03-28,2014-15,regular_season,False,1610612741,CHI,Chicago Bulls,1610612752,NYK,New York Knicks,27,27,W,12,19,0.632,0,1,0.0,3,3,1.0,3,8,11,8,1,2,6,8,0,8,19,0.421,2,6,0.333,9,11,0.818,3,3,6,6,4,2,2,2,0
0021401087,2015-03-28,2014-15,regular_season,False,1610612766,CHA,Charlotte Hornets,1610612737,ATL,Atlanta Hawks,25,24,W,7,15,0.467,4,7,0.571,7,8,0.875,2,9,11,6,1,1,7,6,1,8,17,0.471,3,6,0.5,5,6,0.833,0,5,5,6,4,1,3,7,-1
0021401089,2015-03-28,2014-15,regular_season,False,1610612749,MIL,Milwaukee Bucks,1610612744,GSW,Golden State Warriors,32,26,W,13,25,0.52,1,6,0.167,5,7,0.714,4,11,15,10,3,1,1,4,6,10,24,0.417,4,6,0.667,2,3,0.667,2,8,10,6,1,2,3,5,-6
0021401100,2015-03-29,2014-15,regular_season,False,1610612756,PHX,Phoenix Suns,1610612760,OKC,Oklahoma City Thunder,18,33,L,6,16,0.375,0,4,0.0,6,8,0.75,3,5,8,2,2,0,6,6,-15,12,24,0.5,6,12,0.5,3,6,0.5,6,8,14,6,4,1,3,5,15
0021401098,2015-03-29,2014-15,regular_season,False,1610612759,SAS,San Antonio Spurs,1610612763,MEM,Memphis Grizzlies,33,23,W,13,18,0.722,1,1,1.0,6,8,0.75,2,9,11,8,1,1,2,2,10,10,19,0.526,1,3,0.333,2,2,1.0,0,4,4,8,0,0,1,6,-10
0021401097,2015-03-29,2014-15,regular_season,False,1610612764,WAS,Washington Wizards,1610612745,HOU,Houston Rockets,24,23,W,6,16,0.375,2,6,0.333,10,12,0.833,3,6,9,4,3,2,5,11,1,5,16,0.312,2,7,0.286,11,16,0.688,7,5,12,2,3,2,5,8,-1
0021401096,2015-03-29,2014-15,regular_season,False,1610612748,MIA,Miami Heat,1610612765,DET,Detroit Pistons,38,37,W,10,19,0.526,3,6,0.5,15,17,0.882,3,10,13,4,0,0,1,6,1,14,25,0.56,3,10,0.3,6,9,0.667,3,7,10,8,0,1,1,11,-1
0021401099,2015-03-29,2014-15,regular_season,False,1610612754,IND,Indiana Pacers,1610612742,DAL,Dallas Mavericks,26,20,W,8,22,0.364,4,7,0.571,6,6,1.0,1,9,10,2,1,0,1,4,6,9,21,0.429,0,4,0.0,2,2,1.0,1,12,13,4,0,2,4,7,-6
0021401094,2015-03-29,2014-15,regular_season,False,1610612740,NOP,New Orleans Pelicans,1610612750,MIN,Minnesota Timberwolves,33,18,W,11,18,0.611,1,3,0.333,10,11,0.909,1,8,9,8,6,3,3,6,15,6,19,0.316,0,3,0.0,6,6,1.0,4,6,10,3,0,0,7,6,-15
0021401093,2015-03-29,2014-15,regular_season,False,1610612751,BKN,Brooklyn Nets,1610612747,LAL,Los Angeles Lakers,22,25,L,6,16,0.375,2,5,0.4,8,8,1.0,0,11,11,4,2,1,4,1,-3,10,24,0.417,3,6,0.5,2,2,1.0,2,9,11,7,4,1,2,4,3
0021401092,2015-03-29,2014-15,regular_season,False,1610612739,CLE,Cleveland Cavaliers,1610612755,PHI,Philadelphia 76ers,15,17,L,7,25,0.28,1,6,0.167,0,0,0.0,6,14,20,2,1,1,2,6,-2,5,18,0.278,3,10,0.3,4,10,0.4,2,11,13,4,1,0,1,4,2
0021401095,2015-03-29,2014-15,regular_season,False,1610612738,BOS,Boston Celtics,1610612746,LAC,Los Angeles Clippers,27,14,W,11,27,0.407,3,8,0.375,2,3,0.667,3,13,16,8,4,0,4,12,13,3,16,0.188,1,8,0.125,7,16,0.438,3,10,13,1,0,2,6,5,-13
0021401101,2015-03-30,2014-15,regular_season,False,1610612766,CHA,Charlotte Hornets,1610612738,BOS,Boston Celtics,35,31,W,13,25,0.52,4,14,0.286,5,5,1.0,2,7,9,5,1,2,2,10,4,8,16,0.5,2,6,0.333,13,16,0.812,1,6,7,6,0,0,4,6,-4
0021401102,2015-03-30,2014-15,regular_season,False,1610612755,PHI,Philadelphia 76ers,1610612747,LAL,Los Angeles Lakers,31,26,W,8,16,0.5,3,6,0.5,12,14,0.857,1,6,7,7,5,0,2,8,5,7,15,0.467,2,2,1.0,10,14,0.714,4,8,12,4,1,0,5,7,-5
0021401103,2015-03-30,2014-15,regular_season,False,1610612737,ATL,Atlanta Hawks,1610612749,MIL,Milwaukee Bucks,29,24,W,11,20,0.55,3,7,0.429,4,5,0.8,5,9,14,9,1,1,2,10,5,7,20,0.35,0,5,0.0,10,15,0.667,7,3,10,2,1,1,1,5,-5
0021401104,2015-03-30,2014-15,regular_season,False,1610612761,TOR,Toronto Raptors,1610612745,HOU,Houston Rockets,25,20,W,8,22,0.364,2,6,0.333,7,11,0.636,6,8,14,6,4,2,1,3,5,8,20,0.4,2,8,0.25,2,4,0.5,4,8,12,5,1,2,5,8,-5
0021401105,2015-03-30,2014-15,regular_season,False,1610612763,MEM,Memphis Grizzlies,1610612758,SAC,Sacramento Kings,22,19,W,7,17,0.412,4,7,0.571,4,8,0.5,2,10,12,5,3,4,6,7,3,7,20,0.35,1,4,0.25,4,7,0.571,2,9,11,6,1,0,3,6,-3
0021401106,2015-03-30,2014-15,regular_season,False,1610612750,MIN,Minnesota Timberwolves,1610612762,UTA,Utah Jazz,27,23,W,7,14,0.5,1,2,0.5,12,14,0.857,0,5,5,7,2,1,3,5,4,9,20,0.45,1,8,0.125,4,5,0.8,3,8,11,5,2,1,5,8,-4
0021401107,2015-03-30,2014-15,regular_season,False,1610612757,POR,Portland Trail Blazers,1610612756,PHX,Phoenix Suns,17,21,L,8,19,0.421,1,6,0.167,0,0,0.0,3,11,14,4,0,2,6,5,-4,9,22,0.409,0,3,0.0,3,5,0.6,3,6,9,4,2,2,0,3,4
0021401111,2015-03-31,2014-15,regular_season,False,1610612746,LAC,Los Angeles Clippers,1610612744,GSW,Golden State Warriors,18,28,L,3,13,0.231,0,4,0.0,12,12,1.0,1,7,8,1,1,2,7,9,-10,7,17,0.412,1,3,0.333,13,15,0.867,2,7,9,6,3,1,3,7,10
0021401110,2015-03-31,2014-15,regular_season,False,1610612748,MIA,Miami Heat,1610612759,SAS,San Antonio Spurs,21,24,L,7,16,0.438,1,3,0.333,6,6,1.0,3,4,7,0,0,0,6,6,-3,9,19,0.474,1,3,0.333,5,7,0.714,4,4,8,5,5,0,3,8,3
0021401108,2015-03-31,2014-15,regular_season,False,1610612751,BKN,Brooklyn Nets,1610612754,IND,Indiana Pacers,27,27,W,10,20,0.5,1,2,0.5,6,7,0.857,1,10,11,4,0,2,3,9,0,9,22,0.409,2,6,0.333,7,8,0.875,2,7,9,6,1,3,1,7,0
0021401109,2015-03-31,2014-15,regular_season,False,1610612765,DET,Detroit Pistons,1610612737,ATL,Atlanta Hawks,29,23,W,12,23,0.522,3,7,0.429,2,2,1.0,2,7,9,3,2,5,1,3,6,9,23,0.391,2,6,0.333,3,3,1.0,4,6,10,6,1,0,3,2,-6
0021401121,2015-04-01,2014-15,regular_season,False,1610612762,UTA,Utah Jazz,1610612743,DEN,Denver Nuggets,17,25,L,7,17,0.412,1,2,0.5,2,5,0.4,4,7,11,5,1,5,7,2,-8,10,24,0.417,1,6,0.167,4,4,1.0,2,7,9,4,2,3,2,5,8
0021401123,2015-04-01,2014-15,regular_season,False,1610612747,LAL,Los Angeles Lakers,1610612740,NOP,New Orleans Pelicans,22,23,L,8,20,0.4,1,4,0.25,5,7,0.714,1,8,9,4,2,1,3,7,-1,7,17,0.412,1,4,0.25,8,11,0.727,2,9,11,6,1,2,3,5,1
0021401122,2015-04-01,2014-15,regular_season,False,1610612757,POR,Portland Trail Blazers,1610612746,LAC,Los Angeles Clippers,30,41,L,8,21,0.381,4,9,0.444,10,12,0.833,4,5,9,4,0,1,3,11,-11,12,20,0.6,6,10,0.6,11,16,0.688,3,9,12,7,2,1,1,9,11
0021401120,2015-04-01,2014-15,regular_season,False,1610612760,OKC,Oklahoma City Thunder,1610612742,DAL,Dallas Mavericks,30,34,L,10,25,0.4,3,11,0.273,7,8,0.875,5,6,11,5,3,1,3,3,-4,15,22,0.682,0,1,0.0,4,5,0.8,1,9,10,10,2,1,4,8,4
0021401118,2015-04-01,2014-15,regular_season,False,1610612749,MIL,Milwaukee Bucks,1610612741,CHI,Chicago Bulls,25,17,W,11,20,0.55,1,3,0.333,2,4,0.5,3,7,10,3,2,1,4,7,8,6,18,0.333,0,11,0.0,5,9,0.556,4,4,8,1,3,1,7,7,-8
0021401119,2015-04-01,2014-15,regular_season,False,1610612750,MIN,Minnesota Timberwolves,1610612761,TOR,Toronto Raptors,30,27,W,11,21,0.524,2,3,0.667,6,8,0.75,2,6,8,6,2,0,2,3,3,10,18,0.556,2,6,0.333,5,7,0.714,2,9,11,4,2,1,4,6,-3
0021401116,2015-04-01,2014-15,regular_season,False,1610612752,NYK,New York Knicks,1610612751,BKN,Brooklyn Nets,27,15,W,10,19,0.526,3,7,0.429,4,4,1.0,3,9,12,4,3,0,3,4,12,7,20,0.35,1,4,0.25,0,0,0.0,3,5,8,5,2,3,3,4,-12
0021401115,2015-04-01,2014-15,regular_season,False,1610612738,BOS,Boston Celtics,1610612754,IND,Indiana Pacers,32,25,W,11,21,0.524,3,10,0.3,7,8,0.875,1,9,10,7,3,0,1,8,7,9,21,0.429,2,5,0.4,5,10,0.5,4,6,10,3,1,0,3,7,-7
0021401114,2015-04-01,2014-15,regular_season,False,1610612764,WAS,Washington Wizards,1610612755,PHI,Philadelphia 76ers,13,31,L,4,12,0.333,0,2,0.0,5,6,0.833,1,8,9,1,2,2,9,5,-18,13,26,0.5,5,10,0.5,0,1,0.0,3,7,10,8,6,1,2,4,18
0021401113,2015-04-01,2014-15,regular_season,False,1610612753,ORL,Orlando Magic,1610612759,SAS,San Antonio Spurs,31,21,W,12,21,0.571,3,4,0.75,4,4,1.0,1,11,12,6,0,2,1,5,10,7,23,0.304,2,8,0.25,5,6,0.833,4,8,12,4,1,0,2,4,-10
0021401112,2015-04-01,2014-15,regular_season,False,1610612766,CHA,Charlotte Hornets,1610612765,DET,Detroit Pistons,29,16,W,11,21,0.524,3,5,0.6,4,6,0.667,6,12,18,6,1,0,4,6,13,6,21,0.286,0,7,0.0,4,7,0.571,4,3,7,4,2,0,2,5,-13
0021401117,2015-04-01,2014-15,regular_season,False,1610612745,HOU,Houston Rockets,1610612758,SAC,Sacramento Kings,18,25,L,6,17,0.353,2,4,0.5,4,7,0.571,2,9,11,3,2,1,8,5,-7,10,19,0.526,2,5,0.4,3,5,0.6,0,10,10,6,5,1,5,8,7
0021401126,2015-04-02,2014-15,regular_season,False,1610612744,GSW,Golden State Warriors,1610612756,PHX,Phoenix Suns,30,35,L,11,23,0.478,5,9,0.556,3,4,0.75,6,5,11,9,1,0,4,5,-5,15,23,0.652,2,5,0.4,3,5,0.6,2,6,8,9,3,0,2,4,5
0021401124,2015-04-02,2014-15,regular_season,False,1610612739,CLE,Cleveland Cavaliers,1610612748,MIA,Miami Heat,23,16,W,9,20,0.45,4,10,0.4,1,2,0.5,3,10,13,6,2,1,4,7,7,5,21,0.238,1,8,0.125,5,6,0.833,5,8,13,2,2,0,3,4,-7
0021401125,2015-04-02,2014-15,regular_season,False,1610612742,DAL,Dallas Mavericks,1610612745,HOU,Houston Rockets,18,31,L,5,19,0.263,3,8,0.375,5,8,0.625,1,5,6,3,1,1,2,10,-13,9,16,0.562,3,5,0.6,10,10,1.0,2,14,16,6,1,1,5,6,13
0021401134,2015-04-03,2014-15,regular_season,False,1610612759,SAS,San Antonio Spurs,1610612743,DEN,Denver Nuggets,23,23,W,8,22,0.364,2,9,0.222,5,6,0.833,5,10,15,6,4,1,5,4,0,10,23,0.435,1,3,0.333,2,2,1.0,3,9,12,3,3,0,5,3,0
0021401130,2015-04-03,2014-15,regular_season,False,1610612751,BKN,Brooklyn Nets,1610612761,TOR,Toronto Raptors,37,30,W,13,22,0.591,1,4,0.25,10,12,0.833,6,4,10,6,2,0,1,4,7,10,19,0.526,5,10,0.5,5,9,0.556,2,5,7,4,1,0,4,9,-7
0021401136,2015-04-03,2014-15,regular_season,False,1610612747,LAL,Los Angeles Lakers,1610612757,POR,Portland Trail Blazers,14,33,L,4,16,0.25,2,3,0.667,4,8,0.5,1,6,7,2,1,1,5,2,-19,13,21,0.619,2,4,0.5,5,5,1.0,2,14,16,6,3,2,1,5,19
0021401135,2015-04-03,2014-15,regular_season,False,1610612758,SAC,Sacramento Kings,1610612740,NOP,New Orleans Pelicans,24,27,L,9,21,0.429,1,5,0.2,5,8,0.625,1,12,13,6,1,1,3,9,-3,8,24,0.333,3,6,0.5,8,14,0.571,5,12,17,3,1,2,1,6,3
0021401133,2015-04-03,2014-15,regular_season,False,1610612750,MIN,Minnesota Timberwolves,1610612753,ORL,Orlando Magic,19,25,L,5,10,0.5,0,0,0.0,9,12,0.75,0,6,6,2,2,1,5,7,-6,9,22,0.409,2,5,0.4,5,7,0.714,6,8,14,6,3,1,3,8,6
0021401128,2015-04-03,2014-15,regular_season,False,1610612764,WAS,Washington Wizards,1610612752,NYK,New York Knicks,18,20,L,7,22,0.318,1,3,0.333,3,4,0.75,3,9,12,6,1,2,3,5,-2,8,22,0.364,0,4,0.0,4,4,1.0,2,12,14,2,1,2,2,3,2
0021401131,2015-04-03,2014-15,regular_season,False,1610612741,CHI,Chicago Bulls,1610612765,DET,Detroit Pistons,29,23,W,11,20,0.55,2,4,0.5,5,5,1.0,2,3,5,5,2,2,2,5,6,9,17,0.529,1,3,0.333,4,6,0.667,3,7,10,3,2,1,4,5,-6
0021401129,2015-04-03,2014-15,regular_season,False,1610612738,BOS,Boston Celtics,1610612749,MIL,Milwaukee Bucks,26,24,W,11,21,0.524,2,5,0.4,2,2,1.0,5,7,12,4,1,0,7,5,2,9,16,0.562,2,5,0.4,4,6,0.667,1,3,4,5,4,3,4,3,-2
0021401127,2015-04-03,2014-15,regular_season,False,1610612754,IND,Indiana Pacers,1610612766,CHA,Charlotte Hornets,23,27,L,9,18,0.5,2,4,0.5,3,4,0.75,3,9,12,4,4,0,8,7,-4,11,20,0.55,1,5,0.2,4,5,0.8,1,7,8,3,3,0,5,3,4
0021401132,2015-04-03,2014-15,regular_season,False,1610612763,MEM,Memphis Grizzlies,1610612760,OKC,Oklahoma City Thunder,23,23,W,8,21,0.381,1,5,0.2,6,6,1.0,2,12,14,4,1,1,1,8,0,7,22,0.318,2,8,0.25,7,9,0.778,3,11,14,4,0,0,2,4,0
0021401145,2015-04-04,2014-15,regular_season,False,1610612756,PHX,Phoenix Suns,1610612762,UTA,Utah Jazz,22,17,W,8,19,0.421,3,7,0.429,3,4,0.75,3,8,11,3,2,1,5,6,5,5,19,0.263,1,6,0.167,6,8,0.75,3,7,10,5,2,0,2,5,-5
0021401137,2015-04-04,2014-15,regular_season,False,1610612766,CHA,Charlotte Hornets,1610612755,PHI,Philadelphia 76ers,20,22,L,9,21,0.429,1,5,0.2,1,1,1.0,2,8,10,3,0,1,2,6,-2,6,16,0.375,6,9,0.667,4,10,0.4,4,8,12,5,0,4,3,3,2
0021401138,2015-04-04,2014-15,regular_season,False,1610612737,ATL,Atlanta Hawks,1610612751,BKN,Brooklyn Nets,23,28,L,7,17,0.412,3,9,0.333,6,6,1.0,2,8,10,6,4,2,6,4,-5,10,20,0.5,3,7,0.429,5,7,0.714,2,8,10,6,3,1,4,4,5
0021401139,2015-04-04,2014-15,regular_season,False,1610612765,DET,Detroit Pistons,1610612748,MIA,Miami Heat,27,17,W,10,17,0.588,2,6,0.333,5,7,0.714,1,5,6,3,4,1,4,5,10,5,19,0.263,0,5,0.0,7,8,0.875,5,6,11,3,1,0,6,5,-10
0021401140,2015-04-04,2014-15,regular_season,False,1610612761,TOR,Toronto Raptors,1610612738,BOS,Boston Celtics,34,23,W,12,17,0.706,1,2,0.5,9,10,0.9,0,11,11,5,1,0,2,6,11,10,22,0.455,1,9,0.111,2,6,0.333,2,4,6,4,1,0,1,7,-11
0021401141,2015-04-04,2014-15,regular_season,False,1610612763,MEM,Memphis Grizzlies,1610612764,WAS,Washington Wizards,24,21,W,10,25,0.4,0,4,0.0,4,5,0.8,5,11,16,6,1,1,3,5,3,8,19,0.421,3,8,0.375,2,2,1.0,0,9,9,7,1,0,3,6,-3
0021401142,2015-04-04,2014-15,regular_season,False,1610612742,DAL,Dallas Mavericks,1610612744,GSW,Golden State Warriors,34,33,W,9,18,0.5,2,7,0.286,14,15,0.933,2,4,6,4,1,1,4,9,1,9,17,0.529,3,6,0.5,12,15,0.8,3,8,11,6,2,0,6,12,-1
0021401143,2015-04-04,2014-15,regular_season,False,1610612749,MIL,Milwaukee Bucks,1610612753,ORL,Orlando Magic,17,25,L,8,19,0.421,0,6,0.0,1,5,0.2,2,5,7,4,1,1,2,4,-8,11,20,0.55,2,4,0.5,1,2,0.5,3,10,13,6,0,0,2,3,8
0021401144,2015-04-04,2014-15,regular_season,False,1610612743,DEN,Denver Nuggets,1610612746,LAC,Los Angeles Clippers,22,25,L,7,19,0.368,3,6,0.5,5,6,0.833,2,8,10,3,1,0,6,9,-3,6,16,0.375,4,10,0.4,9,13,0.692,2,8,10,4,3,3,5,8,3
0021401146,2015-04-04,2014-15,regular_season,False,1610612757,POR,Portland Trail Blazers,1610612740,NOP,New Orleans Pelicans,24,18,W,8,21,0.381,1,5,0.2,7,7,1.0,5,8,13,3,1,1,1,0,6,8,20,0.4,2,5,0.4,0,0,0.0,3,8,11,3,0,1,4,5,-6
0021401151,2015-04-05,2014-15,regular_season,False,1610612752,NYK,New York Knicks,1610612755,PHI,Philadelphia 76ers,22,19,W,7,14,0.5,0,1,0.0,8,8,1.0,3,6,9,4,3,3,5,6,3,9,19,0.474,1,5,0.2,0,1,0.0,2,3,5,6,1,0,5,7,-3
0021401152,2015-04-05,2014-15,regular_season,False,1610612758,SAC,Sacramento Kings,1610612762,UTA,Utah Jazz,22,25,L,10,19,0.526,1,3,0.333,1,3,0.333,2,7,9,4,4,0,5,6,-3,10,21,0.476,2,8,0.25,3,3,1.0,2,9,11,4,2,1,4,4,3
0021401153,2015-04-05,2014-15,regular_season,False,1610612747,LAL,Los Angeles Lakers,1610612746,LAC,Los Angeles Clippers,24,23,W,8,15,0.533,3,5,0.6,5,10,0.5,2,7,9,3,1,2,3,2,1,9,19,0.474,5,9,0.556,0,0,0.0,2,8,10,4,2,0,3,8,-1
0021401149,2015-04-05,2014-15,regular_season,False,1610612754,IND,Indiana Pacers,1610612748,MIA,Miami Heat,35,23,W,13,22,0.591,4,7,0.571,5,5,1.0,4,7,11,8,1,1,2,7,12,9,19,0.474,1,7,0.143,4,9,0.444,3,4,7,4,1,2,3,3,-12
0021401148,2015-04-05,2014-15,regular_season,False,1610612739,CLE,Cleveland Cavaliers,1610612741,CHI,Chicago Bulls,20,23,L,7,15,0.467,2,5,0.4,4,8,0.5,1,8,9,5,1,1,5,4,-3,8,21,0.381,4,11,0.364,3,5,0.6,5,10,15,6,2,0,5,6,3
0021401147,2015-04-05,2014-15,regular_season,False,1610612760,OKC,Oklahoma City Thunder,1610612745,HOU,Houston Rockets,35,32,W,11,26,0.423,6,11,0.545,7,12,0.583,7,7,14,6,0,1,2,9,3,11,20,0.55,2,4,0.5,8,14,0.571,4,8,12,2,2,2,2,10,-3
0021401150,2015-04-05,2014-15,regular_season,False,1610612759,SAS,San Antonio Spurs,1610612744,GSW,Golden State Warriors,18,25,L,8,21,0.381,2,9,0.222,0,0,0.0,2,9,11,6,0,0,2,3,-7,11,22,0.5,2,5,0.4,1,2,0.5,2,11,13,6,1,0,0,3,7
0021400668,2015-04-06,2014-15,regular_season,False,1610612751,BKN,Brooklyn Nets,1610612757,POR,Portland Trail Blazers,29,32,L,10,20,0.5,1,4,0.25,8,8,1.0,1,7,8,5,1,2,2,1,-3,15,28,0.536,2,7,0.286,0,0,0.0,5,9,14,7,0,0,2,7,3
0021401154,2015-04-07,2014-15,regular_season,False,1610612737,ATL,Atlanta Hawks,1610612756,PHX,Phoenix Suns,27,13,W,11,21,0.524,1,5,0.2,4,4,1.0,0,12,12,8,1,2,0,1,14,5,22,0.227,2,6,0.333,1,2,0.5,4,8,12,2,0,2,3,2,-14
0021401155,2015-04-07,2014-15,regular_season,False,1610612748,MIA,Miami Heat,1610612766,CHA,Charlotte Hornets,23,25,L,8,19,0.421,1,4,0.25,6,7,0.857,2,9,11,4,2,3,3,7,-2,7,21,0.333,1,3,0.333,10,12,0.833,5,8,13,1,2,1,3,6,2
0021401156,2015-04-07,2014-15,regular_season,False,1610612740,NOP,New Orleans Pelicans,1610612744,GSW,Golden State Warriors,24,22,W,7,16,0.438,1,4,0.25,9,12,0.75,0,9,9,4,3,1,3,3,2,10,23,0.435,2,7,0.286,0,0,0.0,2,9,11,5,2,2,4,7,-2
0021401157,2015-04-07,2014-15,regular_season,False,1610612760,OKC,Oklahoma City Thunder,1610612759,SAS,San Antonio Spurs,31,25,W,13,23,0.565,1,5,0.2,4,6,0.667,3,9,12,4,0,0,0,4,6,10,24,0.417,1,10,0.1,4,6,0.667,5,8,13,4,0,0,0,6,-6
0021401158,2015-04-07,2014-15,regular_season,False,1610612758,SAC,Sacramento Kings,1610612750,MIN,Minnesota Timberwolves,26,37,L,8,18,0.444,1,6,0.167,9,14,0.643,2,4,6,3,1,1,3,4,-11,15,22,0.682,3,3,1.0,4,5,0.8,3,10,13,9,2,1,5,11,11
0021401159,2015-04-07,2014-15,regular_season,False,1610612746,LAC,Los Angeles Clippers,1610612747,LAL,Los Angeles Lakers,29,31,L,9,16,0.562,2,5,0.4,9,14,0.643,1,8,9,5,0,1,3,6,-2,11,20,0.55,3,6,0.5,6,7,0.857,1,6,7,6,1,0,3,10,2
0021401172,2015-04-08,2014-15,regular_season,False,1610612757,POR,Portland Trail Blazers,1610612750,MIN,Minnesota Timberwolves,32,29,W,11,23,0.478,4,7,0.571,6,8,0.75,4,8,12,7,2,0,4,8,3,9,15,0.6,2,5,0.4,9,12,0.75,0,5,5,5,4,0,2,6,-3
0021401171,2015-04-08,2014-15,regular_season,False,1610612742,DAL,Dallas Mavericks,1610612756,PHX,Phoenix Suns,22,19,W,10,24,0.417,1,5,0.2,1,2,0.5,4,10,14,3,0,1,2,3,3,7,20,0.35,1,8,0.125,4,4,1.0,3,7,10,3,2,1,4,6,-3
0021401170,2015-04-08,2014-15,regular_season,False,1610612762,UTA,Utah Jazz,1610612758,SAC,Sacramento Kings,28,18,W,9,16,0.562,3,10,0.3,7,11,0.636,2,9,11,7,3,2,2,5,10,7,17,0.412,3,5,0.6,1,2,0.5,1,6,7,3,2,0,4,8,-10
0021401169,2015-04-08,2014-15,regular_season,False,1610612743,DEN,Denver Nuggets,1610612747,LAL,Los Angeles Lakers,26,30,L,11,21,0.524,3,8,0.375,1,2,0.5,3,3,6,9,2,1,2,7,-4,11,17,0.647,1,3,0.333,7,10,0.7,4,7,11,5,2,0,4,3,4
0021401168,2015-04-08,2014-15,regular_season,False,1610612759,SAS,San Antonio Spurs,1610612745,HOU,Houston Rockets,25,27,L,11,27,0.407,3,7,0.429,0,0,0.0,3,7,10,5,4,1,0,1,-2,12,22,0.545,3,5,0.6,0,0,0.0,2,13,15,8,0,3,5,2,2
0021401167,2015-04-08,2014-15,regular_season,False,1610612749,MIL,Milwaukee Bucks,1610612739,CLE,Cleveland Cavaliers,27,30,L,11,21,0.524,1,4,0.25,4,4,1.0,3,4,7,6,1,0,2,7,-3,11,20,0.55,2,8,0.25,6,7,0.857,5,5,10,6,1,1,2,4,3
0021401164,2015-04-08,2014-15,regular_season,False,1610612765,DET,Detroit Pistons,1610612738,BOS,Boston Celtics,29,22,W,13,24,0.542,3,6,0.5,0,2,0.0,5,11,16,10,0,2,3,5,7,7,22,0.318,2,9,0.222,6,6,1.0,3,7,10,2,2,1,0,4,-7
0021401165,2015-04-08,2014-15,regular_season,False,1610612752,NYK,New York Knicks,1610612754,IND,Indiana Pacers,31,19,W,9,23,0.391,4,7,0.571,9,9,1.0,3,4,7,5,3,0,1,6,12,5,16,0.312,2,10,0.2,7,8,0.875,3,10,13,4,0,1,7,8,-12
0021401163,2015-04-08,2014-15,regular_season,False,1610612751,BKN,Brooklyn Nets,1610612737,ATL,Atlanta Hawks,29,20,W,11,27,0.407,1,8,0.125,6,6,1.0,7,11,18,6,1,1,2,5,9,7,18,0.389,3,8,0.375,3,6,0.5,1,7,8,5,1,1,3,5,-9
0021401162,2015-04-08,2014-15,regular_season,False,1610612755,PHI,Philadelphia 76ers,1610612764,WAS,Washington Wizards,13,24,L,4,23,0.174,0,9,0.0,5,8,0.625,4,9,13,2,1,1,0,5,-11,11,21,0.524,0,4,0.0,2,3,0.667,1,15,16,7,0,3,2,6,11
0021401161,2015-04-08,2014-15,regular_season,False,1610612753,ORL,Orlando Magic,1610612741,CHI,Chicago Bulls,26,16,W,9,19,0.474,3,10,0.3,5,8,0.625,2,7,9,4,3,2,2,3,10,6,18,0.333,2,3,0.667,2,3,0.667,3,9,12,4,0,0,7,6,-10
0021401160,2015-04-08,2014-15,regular_season,False,1610612766,CHA,Charlotte Hornets,1610612761,TOR,Toronto Raptors,29,23,W,11,21,0.524,7,9,0.778,0,0,0.0,2,4,6,5,1,0,2,4,6,9,16,0.562,2,4,0.5,3,5,0.6,3,6,9,2,1,2,3,5,-6
0021401166,2015-04-08,2014-15,regular_season,False,1610612763,MEM,Memphis Grizzlies,1610612740,NOP,New Orleans Pelicans,29,19,W,12,22,0.545,2,4,0.5,3,4,0.75,4,7,11,9,3,1,4,3,10,8,22,0.364,0,4,0.0,3,4,0.75,5,6,11,1,4,1,4,5,-10
0021401173,2015-04-09,2014-15,regular_season,False,1610612748,MIA,Miami Heat,1610612741,CHI,Chicago Bulls,19,24,L,8,21,0.381,0,6,0.0,3,4,0.75,2,8,10,3,1,0,4,4,-5,8,19,0.421,2,6,0.333,6,6,1.0,0,8,8,6,3,0,3,4,5
0021401174,2015-04-09,2014-15,regular_season,False,1610612744,GSW,Golden State Warriors,1610612757,POR,Portland Trail Blazers,32,21,W,13,22,0.591,3,4,0.75,3,3,1.0,3,9,12,6,2,0,4,1,11,10,20,0.5,1,5,0.2,0,0,0.0,1,6,7,8,2,1,4,2,-11
0021401182,2015-04-10,2014-15,regular_season,False,1610612740,NOP,New Orleans Pelicans,1610612756,PHX,Phoenix Suns,20,15,W,10,20,0.5,0,4,0.0,0,4,0.0,4,9,13,8,1,4,2,4,5,7,21,0.333,1,3,0.333,0,0,0.0,3,8,11,4,2,0,3,4,-5
0021401185,2015-04-10,2014-15,regular_season,False,1610612762,UTA,Utah Jazz,1610612763,MEM,Memphis Grizzlies,16,16,L,5,18,0.278,3,5,0.6,3,5,0.6,4,9,13,3,2,1,5,6,0,7,21,0.333,0,2,0.0,2,3,0.667,4,9,13,3,2,0,2,5,0
0021401184,2015-04-10,2014-15,regular_season,False,1610612743,DEN,Denver Nuggets,1610612742,DAL,Dallas Mavericks,32,28,W,14,28,0.5,2,4,0.5,2,2,1.0,8,5,13,8,3,0,4,5,4,11,19,0.579,3,5,0.6,3,4,0.75,3,5,8,5,2,2,5,3,-4
0021401183,2015-04-10,2014-15,regular_season,False,1610612760,OKC,Oklahoma City Thunder,1610612758,SAC,Sacramento Kings,34,27,W,12,26,0.462,2,6,0.333,8,10,0.8,6,6,12,7,2,2,2,6,7,10,19,0.526,3,5,0.6,4,7,0.571,3,8,11,6,1,2,5,6,-7
0021401181,2015-04-10,2014-15,regular_season,False,1610612745,HOU,Houston Rockets,1610612759,SAS,San Antonio Spurs,28,24,W,7,15,0.467,2,5,0.4,12,20,0.6,2,9,11,5,2,1,7,10,4,8,22,0.364,0,3,0.0,8,10,0.8,5,8,13,6,4,1,7,15,-4
0021401186,2015-04-10,2014-15,regular_season,False,1610612747,LAL,Los Angeles Lakers,1610612750,MIN,Minnesota Timberwolves,26,27,L,9,22,0.409,0,3,0.0,8,12,0.667,7,9,16,8,0,1,4,8,-1,8,21,0.381,2,8,0.25,9,10,0.9,3,6,9,4,1,2,1,7,1
0021401179,2015-04-10,2014-15,regular_season,False,1610612765,DET,Detroit Pistons,1610612754,IND,Indiana Pacers,24,28,L,9,25,0.36,4,9,0.444,2,8,0.25,5,5,10,6,1,1,1,9,-4,7,18,0.389,2,3,0.667,12,12,1.0,4,11,15,4,0,1,2,7,4
0021401178,2015-04-10,2014-15,regular_season,False,1610612739,CLE,Cleveland Cavaliers,1610612738,BOS,Boston Celtics,13,20,L,5,16,0.312,1,7,0.143,2,3,0.667,4,8,12,4,1,1,7,7,-7,7,21,0.333,2,6,0.333,4,4,1.0,5,8,13,5,3,1,5,4,7
0021401177,2015-04-10,2014-15,regular_season,False,1610612751,BKN,Brooklyn Nets,1610612764,WAS,Washington Wizards,42,18,W,12,21,0.571,5,6,0.833,13,14,0.929,6,10,16,7,2,0,2,7,24,6,19,0.316,1,8,0.125,5,8,0.625,3,3,6,6,1,2,4,10,-24
0021401176,2015-04-10,2014-15,regular_season,False,1610612737,ATL,Atlanta Hawks,1610612766,CHA,Charlotte Hornets,34,20,W,13,21,0.619,6,11,0.545,2,3,0.667,3,8,11,10,5,0,4,6,14,7,18,0.389,2,5,0.4,4,5,0.8,3,6,9,4,3,1,5,3,-14
0021401175,2015-04-10,2014-15,regular_season,False,1610612753,ORL,Orlando Magic,1610612761,TOR,Toronto Raptors,23,25,L,10,25,0.4,2,8,0.25,1,1,1.0,5,6,11,3,4,3,2,4,-2,11,28,0.393,2,7,0.286,1,1,1.0,7,8,15,6,1,0,4,4,2
0021401180,2015-04-10,2014-15,regular_season,False,1610612752,NYK,New York Knicks,1610612749,MIL,Milwaukee Bucks,26,18,W,9,21,0.429,2,4,0.5,6,8,0.75,2,10,12,4,3,1,4,7,8,5,13,0.385,3,5,0.6,5,9,0.556,0,7,7,4,3,1,7,6,-8
0021401187,2015-04-11,2014-15,regular_season,False,1610612753,ORL,Orlando Magic,1610612752,NYK,New York Knicks,29,19,W,11,22,0.5,3,8,0.375,4,6,0.667,3,8,11,5,3,1,1,4,10,7,17,0.412,2,4,0.5,3,3,1.0,2,7,9,4,0,1,6,5,-10
0021401188,2015-04-11,2014-15,regular_season,False,1610612748,MIA,Miami Heat,1610612761,TOR,Toronto Raptors,23,28,L,7,21,0.333,3,7,0.429,6,10,0.6,3,11,14,3,0,1,2,8,-5,8,22,0.364,3,9,0.333,9,10,0.9,3,10,13,2,2,1,1,6,5
0021401189,2015-04-11,2014-15,regular_season,False,1610612741,CHI,Chicago Bulls,1610612755,PHI,Philadelphia 76ers,33,29,W,13,24,0.542,4,9,0.444,3,5,0.6,3,8,11,7,1,1,2,6,4,8,18,0.444,4,9,0.444,9,12,0.75,1,8,9,6,0,0,2,5,-4
0021401190,2015-04-11,2014-15,regular_season,False,1610612746,LAC,Los Angeles Clippers,1610612763,MEM,Memphis Grizzlies,25,18,W,8,22,0.364,3,7,0.429,6,7,0.857,6,10,16,5,1,2,3,7,7,6,19,0.316,0,3,0.0,6,8,0.75,4,6,10,3,1,0,2,7,-7
0021401191,2015-04-11,2014-15,regular_season,False,1610612757,POR,Portland Trail Blazers,1610612762,UTA,Utah Jazz,25,34,L,11,24,0.458,1,6,0.167,2,2,1.0,3,9,12,5,0,1,3,12,-9,9,21,0.429,0,3,0.0,16,21,0.762,6,9,15,4,2,3,0,2,9
0021401192,2015-04-11,2014-15,regular_season,False,1610612744,GSW,Golden State Warriors,1610612750,MIN,Minnesota Timberwolves,24,32,L,9,23,0.391,4,11,0.364,2,3,0.667,4,7,11,8,3,0,5,5,-8,13,21,0.619,4,9,0.444,2,3,0.667,2,8,10,9,5,0,4,6,8
0021401200,2015-04-12,2014-15,regular_season,False,1610612759,SAS,San Antonio Spurs,1610612756,PHX,Phoenix Suns,31,26,W,10,15,0.667,2,4,0.5,9,9,1.0,0,8,8,4,3,1,4,6,5,10,22,0.455,3,8,0.375,3,4,0.75,5,5,10,7,3,0,5,5,-5
0021401199,2015-04-12,2014-15,regular_season,False,1610612745,HOU,Houston Rockets,1610612740,NOP,New Orleans Pelicans,35,28,W,9,17,0.529,1,5,0.2,16,25,0.64,2,11,13,4,1,4,2,4,7,10,24,0.417,3,8,0.375,5,6,0.833,1,9,10,5,2,0,3,15,-7
0021401198,2015-04-12,2014-15,regular_season,False,1610612764,WAS,Washington Wizards,1610612737,ATL,Atlanta Hawks,18,24,L,5,13,0.385,0,1,0.0,8,10,0.8,3,7,10,3,2,2,9,9,-6,7,20,0.35,2,9,0.222,8,13,0.615,4,5,9,4,3,0,2,9,6
0021401197,2015-04-12,2014-15,regular_season,False,1610612754,IND,Indiana Pacers,1610612760,OKC,Oklahoma City Thunder,34,28,W,11,16,0.688,3,5,0.6,9,16,0.562,2,11,13,7,0,0,2,8,6,10,24,0.417,4,10,0.4,4,10,0.4,5,7,12,4,1,2,1,10,-6
0021401201,2015-04-12,2014-15,regular_season,False,1610612747,LAL,Los Angeles Lakers,1610612742,DAL,Dallas Mavericks,24,31,L,6,14,0.429,2,2,1.0,10,14,0.714,1,6,7,2,3,0,7,6,-7,11,17,0.647,4,6,0.667,5,7,0.714,1,8,9,10,2,2,5,6,7
0021401195,2015-04-12,2014-15,regular_season,False,1610612765,DET,Detroit Pistons,1610612766,CHA,Charlotte Hornets,34,23,W,13,22,0.591,6,7,0.857,2,4,0.5,4,11,15,10,0,2,4,6,11,8,22,0.364,3,6,0.5,4,7,0.571,2,6,8,3,1,0,1,2,-11
0021401194,2015-04-12,2014-15,regular_season,False,1610612738,BOS,Boston Celtics,1610612739,CLE,Cleveland Cavaliers,33,23,W,12,19,0.632,3,6,0.5,6,8,0.75,3,7,10,7,2,0,1,6,10,9,20,0.45,1,5,0.2,4,8,0.5,2,4,6,2,0,0,2,6,-10
0021401193,2015-04-12,2014-15,regular_season,False,1610612749,MIL,Milwaukee Bucks,1610612751,BKN,Brooklyn Nets,23,14,W,9,19,0.474,2,5,0.4,3,5,0.6,1,12,13,8,5,4,6,6,9,5,20,0.25,1,3,0.333,3,6,0.5,4,9,13,4,2,4,6,7,-9
0021401196,2015-04-12,2014-15,regular_season,False,1610612743,DEN,Denver Nuggets,1610612758,SAC,Sacramento Kings,28,27,W,12,23,0.522,2,7,0.286,2,2,1.0,4,11,15,9,3,0,6,11,1,7,17,0.412,0,2,0.0,13,19,0.684,1,5,6,5,4,0,3,2,-1
0021401213,2015-04-13,2014-15,regular_season,False,1610612746,LAC,Los Angeles Clippers,1610612743,DEN,Denver Nuggets,27,25,W,8,21,0.381,2,4,0.5,9,12,0.75,4,5,9,4,3,1,4,7,2,8,21,0.381,3,7,0.429,6,11,0.545,6,11,17,2,0,0,6,10,-2
0021401212,2015-04-13,2014-15,regular_season,False,1610612744,GSW,Golden State Warriors,1610612763,MEM,Memphis Grizzlies,18,41,L,2,15,0.133,0,3,0.0,14,20,0.7,3,4,7,1,3,1,7,7,-23,15,25,0.6,4,6,0.667,7,8,0.875,3,10,13,7,2,2,6,11,23
0021401211,2015-04-13,2014-15,regular_season,False,1610612758,SAC,Sacramento Kings,1610612747,LAL,Los Angeles Lakers,27,18,W,8,17,0.471,1,4,0.25,10,10,1.0,1,5,6,4,3,2,3,3,9,6,21,0.286,2,6,0.333,4,6,0.667,8,8,16,3,2,2,7,8,-9
0021401209,2015-04-13,2014-15,regular_season,False,1610612760,OKC,Oklahoma City Thunder,1610612757,POR,Portland Trail Blazers,20,20,W,6,21,0.286,1,7,0.143,7,8,0.875,3,13,16,4,1,1,2,6,0,8,22,0.364,2,7,0.286,2,2,1.0,1,11,12,6,0,2,2,5,0
0021401208,2015-04-13,2014-15,regular_season,False,1610612750,MIN,Minnesota Timberwolves,1610612740,NOP,New Orleans Pelicans,26,27,L,10,19,0.526,2,5,0.4,4,6,0.667,5,9,14,8,0,2,4,7,-1,10,21,0.476,1,5,0.2,6,8,0.75,2,4,6,2,2,0,1,4,1
0021401210,2015-04-13,2014-15,regular_season,False,1610612762,UTA,Utah Jazz,1610612742,DAL,Dallas Mavericks,22,23,L,8,19,0.421,2,7,0.286,4,10,0.4,3,10,13,5,2,2,3,6,-1,7,22,0.318,2,3,0.667,7,10,0.7,5,10,15,2,1,2,3,9,1
0021401206,2015-04-13,2014-15,regular_season,False,1610612751,BKN,Brooklyn Nets,1610612741,CHI,Chicago Bulls,21,26,L,8,22,0.364,1,5,0.2,4,4,1.0,1,7,8,4,1,0,2,1,-5,11,20,0.55,1,5,0.2,3,3,1.0,2,9,11,5,2,2,3,5,5
0021401205,2015-04-13,2014-15,regular_season,False,1610612737,ATL,Atlanta Hawks,1610612752,NYK,New York Knicks,30,29,W,9,22,0.409,6,11,0.545,6,7,0.857,3,7,10,8,2,1,1,6,1,11,20,0.55,3,6,0.5,4,5,0.8,1,6,7,7,1,1,3,6,-1
0021401204,2015-04-13,2014-15,regular_season,False,1610612755,PHI,Philadelphia 76ers,1610612749,MIL,Milwaukee Bucks,19,27,L,6,25,0.24,0,8,0.0,7,9,0.778,7,3,10,3,3,2,8,7,-8,11,18,0.611,1,2,0.5,4,7,0.571,2,8,10,8,3,5,9,8,8
0021401203,2015-04-13,2014-15,regular_season,False,1610612739,CLE,Cleveland Cavaliers,1610612765,DET,Detroit Pistons,16,24,L,7,17,0.412,1,4,0.25,1,4,0.25,2,7,9,5,2,1,4,5,-8,9,20,0.45,1,8,0.125,5,5,1.0,2,8,10,5,1,0,2,3,8
0021401202,2015-04-13,2014-15,regular_season,False,1610612766,CHA,Charlotte Hornets,1610612745,HOU,Houston Rockets,15,17,L,5,19,0.263,3,8,0.375,2,2,1.0,1,10,11,3,1,0,4,3,-2,7,22,0.318,1,8,0.125,2,4,0.5,4,12,16,4,3,7,4,3,2
0021401207,2015-04-13,2014-15,regular_season,False,1610612748,MIA,Miami Heat,1610612753,ORL,Orlando Magic,16,27,L,6,21,0.286,1,2,0.5,3,4,0.75,3,8,11,3,0,0,4,5,-11,9,20,0.45,3,7,0.429,6,7,0.857,2,11,13,5,3,0,3,6,11
0021401214,2015-04-14,2014-15,regular_season,False,1610612738,BOS,Boston Celtics,1610612761,TOR,Toronto Raptors,22,23,L,10,24,0.417,1,4,0.25,1,3,0.333,4,7,11,6,3,1,3,3,-1,10,18,0.556,2,5,0.4,1,3,0.333,1,7,8,3,1,5,4,3,1
0021401215,2015-04-14,2014-15,regular_season,False,1610612754,IND,Indiana Pacers,1610612764,WAS,Washington Wizards,25,22,W,9,18,0.5,2,6,0.333,5,8,0.625,2,10,12,5,1,1,3,6,3,8,22,0.364,1,3,0.333,5,6,0.833,3,7,10,4,3,0,1,7,-3
0021401216,2015-04-14,2014-15,regular_season,False,1610612756,PHX,Phoenix Suns,1610612746,LAC,Los Angeles Clippers,31,21,W,9,18,0.5,5,8,0.625,8,11,0.727,3,8,11,5,4,1,4,4,10,6,18,0.333,4,10,0.4,5,7,0.714,2,8,10,3,4,0,5,7,-10
0021401225,2015-04-15,2014-15,regular_season,False,1610612739,CLE,Cleveland Cavaliers,1610612764,WAS,Washington Wizards,27,22,W,11,22,0.5,4,6,0.667,1,3,0.333,3,5,8,7,3,1,5,3,5,7,15,0.467,2,4,0.5,6,7,0.857,1,7,8,4,3,1,7,5,-5
0021401229,2015-04-15,2014-15,regular_season,False,1610612744,GSW,Golden State Warriors,1610612743,DEN,Denver Nuggets,33,26,W,10,21,0.476,2,4,0.5,11,13,0.846,3,8,11,6,2,1,3,5,7,10,23,0.435,3,5,0.6,3,4,0.75,2,7,9,6,2,2,6,9,-7
0021401228,2015-04-15,2014-15,regular_season,False,1610612761,TOR,Toronto Raptors,1610612766,CHA,Charlotte Hornets,14,20,L,6,22,0.273,2,9,0.222,0,0,0.0,3,8,11,4,1,2,2,4,-6,7,19,0.368,4,12,0.333,2,2,1.0,3,10,13,3,2,2,4,2,6
0021401227,2015-04-15,2014-15,regular_season,False,1610612755,PHI,Philadelphia 76ers,1610612748,MIA,Miami Heat,30,30,L,11,24,0.458,1,9,0.111,7,8,0.875,5,10,15,7,2,2,6,5,0,10,26,0.385,2,9,0.222,8,8,1.0,4,8,12,5,4,1,3,6,0
0021401226,2015-04-15,2014-15,regular_season,False,1610612752,NYK,New York Knicks,1610612765,DET,Detroit Pistons,20,28,L,8,26,0.308,1,6,0.167,3,4,0.75,8,6,14,4,1,0,2,2,-8,12,21,0.571,2,4,0.5,2,4,0.5,4,10,14,6,2,1,3,3,8
0021401224,2015-04-15,2014-15,regular_season,False,1610612751,BKN,Brooklyn Nets,1610612753,ORL,Orlando Magic,26,13,W,11,19,0.579,3,7,0.429,1,3,0.333,1,8,9,7,2,1,1,3,13,5,15,0.333,1,6,0.167,2,3,0.667,1,9,10,1,0,0,6,5,-13
0021401230,2015-04-15,2014-15,regular_season,False,1610612747,LAL,Los Angeles Lakers,1610612758,SAC,Sacramento Kings,22,26,L,10,29,0.345,1,5,0.2,1,1,1.0,5,9,14,8,4,2,5,6,-4,10,18,0.556,3,6,0.5,3,9,0.333,1,10,11,7,3,4,6,2,4
0021401222,2015-04-15,2014-15,regular_season,False,1610612750,MIN,Minnesota Timberwolves,1610612760,OKC,Oklahoma City Thunder,28,32,L,10,21,0.476,3,5,0.6,5,8,0.625,3,8,11,8,3,0,2,4,-4,13,21,0.619,5,8,0.625,1,2,0.5,1,8,9,8,0,4,3,6,4
0021401221,2015-04-15,2014-15,regular_season,False,1610612749,MIL,Milwaukee Bucks,1610612738,BOS,Boston Celtics,28,32,L,11,22,0.5,2,6,0.333,4,5,0.8,3,6,9,10,1,0,2,3,-4,12,21,0.571,4,9,0.444,4,4,1.0,1,8,9,12,2,1,1,5,4
0021401220,2015-04-15,2014-15,regular_season,False,1610612763,MEM,Memphis Grizzlies,1610612754,IND,Indiana Pacers,22,22,W,9,19,0.474,0,2,0.0,4,7,0.571,5,8,13,4,2,1,5,6,0,8,21,0.381,1,8,0.125,5,6,0.833,4,5,9,3,2,2,2,7,0
0021401219,2015-04-15,2014-15,regular_season,False,1610612745,HOU,Houston Rockets,1610612762,UTA,Utah Jazz,24,31,L,8,15,0.533,2,5,0.4,6,10,0.6,0,11,11,4,1,0,8,7,-7,14,26,0.538,0,5,0.0,3,5,0.6,1,7,8,8,6,1,1,6,7
0021401218,2015-04-15,2014-15,regular_season,False,1610612742,DAL,Dallas Mavericks,1610612757,POR,Portland Trail Blazers,23,26,L,9,27,0.333,2,10,0.2,3,3,1.0,7,8,15,4,2,3,3,5,-3,9,18,0.5,3,5,0.6,5,5,1.0,1,11,12,4,0,1,4,3,3
0021401217,2015-04-15,2014-15,regular_season,False,1610612741,CHI,Chicago Bulls,1610612737,ATL,Atlanta Hawks,21,13,W,7,16,0.438,2,6,0.333,5,6,0.833,1,11,12,2,2,2,4,4,8,5,21,0.238,2,8,0.25,1,2,0.5,4,5,9,2,3,2,2,5,-8
0021401223,2015-04-15,2014-15,regular_season,False,1610612740,NOP,New Orleans Pelicans,1610612759,SAS,San Antonio Spurs,26,32,L,6,17,0.353,1,3,0.333,13,18,0.722,1,10,11,4,3,3,2,7,-6,12,24,0.5,1,4,0.25,7,9,0.778,2,10,12,10,2,0,3,12,6
0041400141,2015-04-18,2014-15,playoffs,False,1610612744,GSW,Golden State Warriors,1610612740,NOP,New Orleans Pelicans,22,33,L,4,16,0.25,2,9,0.222,12,20,0.6,2,9,11,3,1,3,3,7,-11,12,25,0.48,2,4,0.5,7,8,0.875,4,12,16,9,1,2,1,12,11
0041400151,2015-04-18,2014-15,playoffs,False,1610612745,HOU,Houston Rockets,1610612742,DAL,Dallas Mavericks,34,31,W,7,21,0.333,3,8,0.375,17,23,0.739,4,10,14,4,1,1,1,6,3,13,26,0.5,2,4,0.5,3,4,0.75,4,9,13,6,0,3,2,13,-3
0041400121,2015-04-18,2014-15,playoffs,False,1610612741,CHI,Chicago Bulls,1610612749,MIL,Milwaukee Bucks,17,16,W,7,19,0.368,3,8,0.375,0,2,0.0,2,12,14,6,1,1,5,5,1,6,21,0.286,0,4,0.0,4,6,0.667,3,9,12,4,3,1,1,3,-1
0041400131,2015-04-18,2014-15,playoffs,False,1610612761,TOR,Toronto Raptors,1610612764,WAS,Washington Wizards,26,17,W,10,21,0.476,4,7,0.571,2,3,0.667,3,9,12,5,2,1,3,8,9,7,20,0.35,1,3,0.333,2,3,0.667,2,7,9,2,1,1,4,5,-9
0041400101,2015-04-19,2014-15,playoffs,False,1610612737,ATL,Atlanta Hawks,1610612751,BKN,Brooklyn Nets,25,30,L,6,15,0.4,2,7,0.286,11,11,1.0,0,9,9,3,3,1,5,4,-5,11,22,0.5,3,8,0.375,5,5,1.0,1,9,10,8,2,0,3,8,5
0041400111,2015-04-19,2014-15,playoffs,False,1610612739,CLE,Cleveland Cavaliers,1610612738,BOS,Boston Celtics,22,24,L,6,15,0.4,2,6,0.333,8,11,0.727,1,10,11,3,0,2,3,6,-2,9,21,0.429,3,7,0.429,3,5,0.6,2,9,11,8,2,0,2,10,2
0041400161,2015-04-19,2014-15,playoffs,False,1610612746,LAC,Los Angeles Clippers,1610612759,SAS,San Antonio Spurs,28,28,W,12,22,0.545,3,6,0.5,1,1,1.0,3,7,10,3,2,1,4,4,0,9,19,0.474,5,14,0.357,5,6,0.833,2,6,8,6,1,1,3,3,0
0041400171,2015-04-19,2014-15,playoffs,False,1610612763,MEM,Memphis Grizzlies,1610612757,POR,Portland Trail Blazers,14,24,L,7,24,0.292,0,3,0.0,0,1,0.0,1,10,11,5,4,4,4,6,-10,7,22,0.318,4,8,0.5,6,7,0.857,3,14,17,5,3,3,5,4,10
0041400122,2015-04-20,2014-15,playoffs,False,1610612741,CHI,Chicago Bulls,1610612749,MIL,Milwaukee Bucks,20,14,W,6,22,0.273,4,9,0.444,4,6,0.667,4,15,19,4,0,2,3,4,6,5,23,0.217,0,4,0.0,4,4,1.0,3,12,15,2,1,4,0,6,-6
0041400142,2015-04-20,2014-15,playoffs,False,1610612744,GSW,Golden State Warriors,1610612740,NOP,New Orleans Pelicans,26,16,W,11,23,0.478,2,7,0.286,2,3,0.667,4,9,13,8,3,1,1,5,10,4,15,0.267,1,5,0.2,7,9,0.778,2,8,10,3,1,1,5,4,-10
0041400152,2015-04-21,2014-15,playoffs,False,1610612745,HOU,Houston Rockets,1610612742,DAL,Dallas Mavericks,30,19,W,12,19,0.632,1,4,0.25,5,6,0.833,1,11,12,10,0,0,2,5,11,6,20,0.3,1,3,0.333,6,7,0.857,2,4,6,1,1,1,1,5,-11
0041400112,2015-04-21,2014-15,playoffs,False,1610612739,CLE,Cleveland Cavaliers,1610612738,BOS,Boston Celtics,24,23,W,8,15,0.533,1,5,0.2,7,8,0.875,4,8,12,2,0,1,7,9,1,7,17,0.412,0,1,0.0,9,11,0.818,1,3,4,3,1,1,2,6,-1
0041400132,2015-04-21,2014-15,playoffs,False,1610612761,TOR,Toronto Raptors,1610612764,WAS,Washington Wizards,31,20,W,13,24,0.542,3,8,0.375,2,2,1.0,2,7,9,6,4,1,3,9,11,6,18,0.333,2,5,0.4,6,11,0.545,4,8,12,3,1,2,7,3,-11
0041400172,2015-04-22,2014-15,playoffs,False,1610612763,MEM,Memphis Grizzlies,1610612757,POR,Portland Trail Blazers,24,22,W,8,17,0.471,2,5,0.4,6,6,1.0,2,9,11,5,0,2,2,6,2,6,18,0.333,3,7,0.429,7,8,0.875,0,5,5,4,1,2,0,4,-2
0041400102,2015-04-22,2014-15,playoffs,False,1610612737,ATL,Atlanta Hawks,1610612751,BKN,Brooklyn Nets,21,24,L,7,19,0.368,1,7,0.143,6,9,0.667,1,8,9,5,0,2,2,2,-3,10,22,0.455,2,7,0.286,2,2,1.0,3,10,13,6,1,0,1,6,3
0041400162,2015-04-22,2014-15,playoffs,False,1610612746,LAC,Los Angeles Clippers,1610612759,SAS,San Antonio Spurs,20,17,W,5,19,0.263,1,4,0.25,9,21,0.429,8,9,17,3,3,1,2,3,3,7,22,0.318,1,4,0.25,2,2,1.0,4,10,14,3,2,2,3,13,-3
0041400113,2015-04-23,2014-15,playoffs,False,1610612738,BOS,Boston Celtics,1610612739,CLE,Cleveland Cavaliers,19,19,L,8,19,0.421,1,4,0.25,2,3,0.667,3,9,12,4,0,1,4,6,0,7,20,0.35,2,5,0.4,3,4,0.75,3,7,10,3,1,4,1,5,0
0041400123,2015-04-23,2014-15,playoffs,False,1610612749,MIL,Milwaukee Bucks,1610612741,CHI,Chicago Bulls,24,21,W,9,21,0.429,2,4,0.5,4,7,0.571,2,6,8,6,3,3,0,3,3,7,20,0.35,4,8,0.5,3,4,0.75,4,11,15,5,0,2,3,5,-3
0041400143,2015-04-23,2014-15,playoffs,False,1610612740,NOP,New Orleans Pelicans,1610612744,GSW,Golden State Warriors,19,39,L,7,19,0.368,0,4,0.0,5,6,0.833,3,4,7,3,0,0,5,6,-20,14,28,0.5,2,10,0.2,9,12,0.75,10,8,18,5,3,3,0,5,20
0041400133,2015-04-24,2014-15,playoffs,False,1610612764,WAS,Washington Wizards,1610612761,TOR,Toronto Raptors,34,29,W,11,16,0.688,5,8,0.625,7,12,0.583,0,11,11,6,0,5,6,8,5,8,26,0.308,3,12,0.25,10,12,0.833,1,7,8,5,6,0,0,7,-5
0041400153,2015-04-24,2014-15,playoffs,False,1610612742,DAL,Dallas Mavericks,1610612745,HOU,Houston Rockets,29,29,L,9,19,0.474,2,5,0.4,9,11,0.818,5,7,12,4,3,0,3,11,0,10,19,0.526,2,5,0.4,7,10,0.7,5,6,11,5,2,1,5,8,0
0041400163,2015-04-24,2014-15,playoffs,False,1610612759,SAS,San Antonio Spurs,1610612746,LAC,Los Angeles Clippers,30,24,W,11,18,0.611,3,6,0.5,5,5,1.0,1,11,12,8,1,0,4,3,6,11,24,0.458,2,6,0.333,0,0,0.0,1,6,7,4,2,1,1,3,-6
0041400144,2015-04-25,2014-15,playoffs,False,1610612740,NOP,New Orleans Pelicans,1610612744,GSW,Golden State Warriors,31,21,W,13,21,0.619,3,10,0.3,2,2,1.0,3,7,10,8,1,0,3,6,10,7,15,0.467,2,5,0.4,5,6,0.833,1,3,4,4,1,1,4,4,-10
0041400173,2015-04-25,2014-15,playoffs,False,1610612757,POR,Portland Trail Blazers,1610612763,MEM,Memphis Grizzlies,34,30,W,11,24,0.458,4,9,0.444,8,10,0.8,3,8,11,5,0,2,1,11,4,6,19,0.316,0,3,0.0,18,20,0.9,3,8,11,3,0,1,1,7,-4
0041400124,2015-04-25,2014-15,playoffs,False,1610612749,MIL,Milwaukee Bucks,1610612741,CHI,Chicago Bulls,19,19,W,8,22,0.364,3,7,0.429,0,3,0.0,5,3,8,7,5,5,5,4,0,8,19,0.421,2,5,0.4,1,1,1.0,1,8,9,3,2,3,7,3,0
0041400103,2015-04-25,2014-15,playoffs,False,1610612751,BKN,Brooklyn Nets,1610612737,ATL,Atlanta Hawks,24,21,W,7,17,0.412,1,3,0.333,9,10,0.9,1,11,12,4,3,1,5,4,3,9,24,0.375,1,7,0.143,2,4,0.5,4,10,14,4,5,1,3,8,-3
0041400114,2015-04-26,2014-15,playoffs,False,1610612738,BOS,Boston Celtics,1610612739,CLE,Cleveland Cavaliers,32,31,W,10,21,0.476,2,8,0.25,10,12,0.833,3,6,9,5,1,1,3,11,1,8,15,0.533,1,5,0.2,14,16,0.875,0,8,8,1,2,0,3,9,-1
0041400134,2015-04-26,2014-15,playoffs,False,1610612764,WAS,Washington Wizards,1610612761,TOR,Toronto Raptors,23,24,L,9,18,0.5,2,7,0.286,3,3,1.0,0,8,8,5,2,0,3,7,-1,8,17,0.471,1,2,0.5,7,11,0.636,3,9,12,6,1,0,4,5,1
0041400154,2015-04-26,2014-15,playoffs,False,1610612742,DAL,Dallas Mavericks,1610612745,HOU,Houston Rockets,27,34,L,10,22,0.455,1,8,0.125,6,7,0.857,5,5,10,4,2,1,4,2,-7,14,22,0.636,5,10,0.5,1,1,1.0,2,8,10,7,2,0,4,9,7
0041400164,2015-04-26,2014-15,playoffs,False,1610612759,SAS,San Antonio Spurs,1610612746,LAC,Los Angeles Clippers,29,33,L,9,19,0.474,2,8,0.25,9,13,0.692,1,9,10,3,1,2,2,8,-4,12,22,0.545,1,2,0.5,8,10,0.8,2,11,13,5,2,0,1,6,4
0041400104,2015-04-27,2014-15,playoffs,False,1610612751,BKN,Brooklyn Nets,1610612737,ATL,Atlanta Hawks,30,22,W,11,20,0.55,7,8,0.875,1,2,0.5,1,7,8,7,3,1,2,7,8,8,20,0.4,2,7,0.286,4,7,0.571,5,8,13,3,2,1,4,4,-8
0041400125,2015-04-27,2014-15,playoffs,False,1610612741,CHI,Chicago Bulls,1610612749,MIL,Milwaukee Bucks,18,18,L,7,30,0.233,0,5,0.0,4,5,0.8,4,7,11,2,3,2,0,5,0,7,18,0.389,0,2,0.0,4,4,1.0,2,14,16,3,0,8,6,3,0
0041400174,2015-04-27,2014-15,playoffs,False,1610612757,POR,Portland Trail Blazers,1610612763,MEM,Memphis Grizzlies,31,17,W,7,20,0.35,2,8,0.25,15,17,0.882,4,14,18,2,1,0,1,4,14,7,22,0.318,1,3,0.333,2,2,1.0,0,8,8,3,0,0,1,10,-14
0041400155,2015-04-28,2014-15,playoffs,False,1610612745,HOU,Houston Rockets,1610612742,DAL,Dallas Mavericks,21,19,W,8,21,0.381,2,10,0.2,3,3,1.0,2,8,10,4,3,2,5,4,2,8,18,0.444,1,4,0.25,2,2,1.0,1,9,10,6,3,1,7,7,-2
0041400165,2015-04-28,2014-15,playoffs,False,1610612746,LAC,Los Angeles Clippers,1610612759,SAS,San Antonio Spurs,25,29,L,11,23,0.478,0,3,0.0,3,7,0.429,4,8,12,4,2,0,5,8,-4,9,19,0.474,3,6,0.5,8,11,0.727,3,7,10,5,3,1,3,6,4
0041400175,2015-04-29,2014-15,playoffs,False,1610612763,MEM,Memphis Grizzlies,1610612757,POR,Portland Trail Blazers,31,27,W,9,22,0.409,0,3,0.0,13,17,0.765,2,14,16,4,1,2,0,5,4,9,26,0.346,5,13,0.385,4,5,0.8,2,10,12,5,0,2,2,10,-4
0041400105,2015-04-29,2014-15,playoffs,False,1610612737,ATL,Atlanta Hawks,1610612751,BKN,Brooklyn Nets,25,27,L,9,18,0.5,3,9,0.333,4,6,0.667,3,8,11,5,2,0,5,1,-2,11,21,0.524,5,10,0.5,0,0,0.0,1,7,8,6,1,0,3,6,2
0041400126,2015-04-30,2014-15,playoffs,False,1610612749,MIL,Milwaukee Bucks,1610612741,CHI,Chicago Bulls,14,29,L,6,25,0.24,1,6,0.167,1,2,0.5,7,6,13,5,0,0,1,3,-15,11,22,0.5,5,9,0.556,2,2,1.0,4,11,15,4,0,1,2,1,15
0041400166,2015-04-30,2014-15,playoffs,False,1610612759,SAS,San Antonio Spurs,1610612746,LAC,Los Angeles Clippers,24,26,L,10,23,0.435,2,7,0.286,2,4,0.5,2,10,12,8,1,0,2,7,-2,10,19,0.526,2,7,0.286,4,6,0.667,0,10,10,6,0,2,1,4,2
0041400106,2015-05-01,2014-15,playoffs,False,1610612751,BKN,Brooklyn Nets,1610612737,ATL,Atlanta Hawks,21,19,W,7,21,0.333,1,4,0.25,6,7,0.857,3,8,11,5,1,2,2,3,2,8,24,0.333,1,9,0.111,2,2,1.0,6,11,17,4,2,1,4,5,-2
0041400167,2015-05-02,2014-15,playoffs,False,1610612746,LAC,Los Angeles Clippers,1610612759,SAS,San Antonio Spurs,32,31,W,10,15,0.667,4,5,0.8,8,9,0.889,1,8,9,7,2,3,3,6,1,12,27,0.444,3,6,0.5,4,6,0.667,9,5,14,7,2,1,2,6,-1
0041400201,2015-05-03,2014-15,playoffs,False,1610612737,ATL,Atlanta Hawks,1610612764,WAS,Washington Wizards,15,23,L,5,28,0.179,1,10,0.1,4,5,0.8,9,9,18,2,1,1,2,6,-8,8,20,0.4,1,5,0.2,6,6,1.0,2,12,14,6,0,1,1,5,8
0041400221,2015-05-03,2014-15,playoffs,False,1610612744,GSW,Golden State Warriors,1610612763,MEM,Memphis Grizzlies,18,20,L,6,17,0.353,2,6,0.333,4,6,0.667,0,10,10,5,4,0,5,6,-2,7,19,0.368,1,4,0.25,5,8,0.625,3,11,14,5,4,0,5,4,2
0041400211,2015-05-04,2014-15,playoffs,False,1610612739,CLE,Cleveland Cavaliers,1610612741,CHI,Chicago Bulls,22,18,W,8,21,0.381,1,9,0.111,5,5,1.0,3,9,12,5,2,1,2,7,4,6,19,0.316,1,5,0.2,5,10,0.5,5,9,14,3,1,1,4,4,-4
0041400231,2015-05-04,2014-15,playoffs,False,1610612745,HOU,Houston Rockets,1610612746,LAC,Los Angeles Clippers,24,34,L,9,23,0.391,3,11,0.273,3,7,0.429,1,5,6,4,1,2,2,7,-10,10,21,0.476,5,10,0.5,9,10,0.9,3,12,15,8,2,3,3,7,10
0041400222,2015-05-05,2014-15,playoffs,False,1610612744,GSW,Golden State Warriors,1610612763,MEM,Memphis Grizzlies,27,24,W,9,20,0.45,0,6,0.0,9,13,0.692,4,9,13,2,0,0,3,7,3,8,19,0.421,1,1,1.0,7,8,0.875,2,7,9,4,2,0,3,8,-3
0041400202,2015-05-05,2014-15,playoffs,False,1610612737,ATL,Atlanta Hawks,1610612764,WAS,Washington Wizards,26,15,W,9,21,0.429,2,6,0.333,6,6,1.0,4,7,11,7,4,1,2,7,11,4,15,0.267,2,4,0.5,5,9,0.556,1,7,8,3,2,1,6,8,-11
0041400212,2015-05-06,2014-15,playoffs,False,1610612739,CLE,Cleveland Cavaliers,1610612741,CHI,Chicago Bulls,19,20,L,5,17,0.294,1,6,0.167,8,11,0.727,2,11,13,4,2,1,2,7,-1,6,22,0.273,2,9,0.222,6,6,1.0,3,9,12,2,0,1,2,5,1
0041400232,2015-05-06,2014-15,playoffs,False,1610612745,HOU,Houston Rockets,1610612746,LAC,Los Angeles Clippers,32,24,W,8,18,0.444,3,9,0.333,13,18,0.722,3,9,12,3,1,2,2,7,8,8,17,0.471,2,5,0.4,6,10,0.6,0,10,10,4,2,0,4,12,-8
0041400213,2015-05-08,2014-15,playoffs,False,1610612741,CHI,Chicago Bulls,1610612739,CLE,Cleveland Cavaliers,25,23,W,7,18,0.389,2,7,0.286,9,10,0.9,2,8,10,3,2,1,3,6,2,7,19,0.368,3,10,0.3,6,6,1.0,1,7,8,5,1,1,3,7,-2
0041400233,2015-05-08,2014-15,playoffs,False,1610612746,LAC,Los Angeles Clippers,1610612745,HOU,Houston Rockets,25,23,W,7,15,0.467,4,7,0.571,7,8,0.875,1,9,10,5,4,1,6,7,2,8,19,0.421,3,9,0.333,4,9,0.444,3,8,11,4,3,2,4,4,-2
0041400203,2015-05-09,2014-15,playoffs,False,1610612764,WAS,Washington Wizards,1610612737,ATL,Atlanta Hawks,18,35,L,6,17,0.353,0,4,0.0,6,11,0.545,3,8,11,3,0,0,5,6,-17,12,22,0.545,4,11,0.364,7,7,1.0,1,8,9,5,2,0,0,7,17
0041400223,2015-05-09,2014-15,playoffs,False,1610612763,MEM,Memphis Grizzlies,1610612744,GSW,Golden State Warriors,20,25,L,7,19,0.368,1,6,0.167,5,6,0.833,2,8,10,5,3,0,5,13,-5,6,14,0.429,1,6,0.167,12,18,0.667,2,7,9,5,5,2,4,6,5
0041400214,2015-05-10,2014-15,playoffs,False,1610612741,CHI,Chicago Bulls,1610612739,CLE,Cleveland Cavaliers,16,25,L,5,19,0.263,3,6,0.5,3,3,1.0,4,5,9,3,1,3,5,6,-9,8,17,0.471,3,6,0.5,6,6,1.0,1,9,10,4,2,3,4,6,9
0041400234,2015-05-10,2014-15,playoffs,False,1610612746,LAC,Los Angeles Clippers,1610612745,HOU,Houston Rockets,25,16,W,10,21,0.476,3,9,0.333,2,4,0.5,1,9,10,8,6,1,4,5,9,5,15,0.333,2,5,0.4,4,7,0.571,3,10,13,3,3,0,9,3,-9
0041400224,2015-05-11,2014-15,playoffs,False,1610612763,MEM,Memphis Grizzlies,1610612744,GSW,Golden State Warriors,20,19,W,7,18,0.389,1,4,0.25,5,6,0.833,2,12,14,6,2,1,4,6,1,6,17,0.353,3,9,0.333,4,6,0.667,1,8,9,6,2,4,4,7,-1
0041400204,2015-05-11,2014-15,playoffs,False,1610612764,WAS,Washington Wizards,1610612737,ATL,Atlanta Hawks,26,21,W,12,25,0.48,0,5,0.0,2,3,0.667,4,12,16,4,2,3,5,5,5,7,22,0.318,2,4,0.5,5,7,0.714,4,6,10,4,2,2,4,4,-5
0041400235,2015-05-12,2014-15,playoffs,False,1610612745,HOU,Houston Rockets,1610612746,LAC,Los Angeles Clippers,34,27,W,11,18,0.611,4,9,0.444,8,13,0.615,1,11,12,9,0,0,1,10,7,8,19,0.421,3,11,0.273,8,12,0.667,0,8,8,4,0,0,1,9,-7
0041400215,2015-05-12,2014-15,playoffs,False,1610612739,CLE,Cleveland Cavaliers,1610612741,CHI,Chicago Bulls,26,30,L,7,16,0.438,2,7,0.286,10,13,0.769,2,7,9,5,1,5,3,5,-4,10,23,0.435,4,10,0.4,6,6,1.0,2,8,10,7,2,1,2,9,4
0041400205,2015-05-13,2014-15,playoffs,False,1610612737,ATL,Atlanta Hawks,1610612764,WAS,Washington Wizards,19,19,W,7,20,0.35,2,6,0.333,3,4,0.75,5,11,16,5,2,4,6,4,0,7,20,0.35,2,7,0.286,3,4,0.75,1,7,8,5,3,2,4,5,0
0041400225,2015-05-13,2014-15,playoffs,False,1610612744,GSW,Golden State Warriors,1610612763,MEM,Memphis Grizzlies,24,21,W,10,17,0.588,3,5,0.6,1,1,1.0,1,6,7,9,3,1,3,5,3,8,18,0.444,3,5,0.6,2,4,0.5,3,6,9,6,1,0,5,5,-3
0041400216,2015-05-14,2014-15,playoffs,False,1610612741,CHI,Chicago Bulls,1610612739,CLE,Cleveland Cavaliers,13,21,L,5,20,0.25,1,5,0.2,2,2,1.0,1,4,5,3,3,1,1,4,-8,8,16,0.5,1,5,0.2,4,5,0.8,4,13,17,3,0,4,6,2,8
0041400236,2015-05-14,2014-15,playoffs,False,1610612746,LAC,Los Angeles Clippers,1610612745,HOU,Houston Rockets,15,40,L,4,22,0.182,2,9,0.222,5,5,1.0,0,5,5,1,2,1,2,11,-25,12,19,0.632,7,11,0.636,9,19,0.474,5,16,21,6,2,3,2,4,25
0041400206,2015-05-15,2014-15,playoffs,False,1610612764,WAS,Washington Wizards,1610612737,ATL,Atlanta Hawks,27,22,W,9,24,0.375,1,5,0.2,8,12,0.667,4,9,13,6,3,1,2,6,5,8,16,0.5,0,4,0.0,6,8,0.75,0,10,10,4,1,2,6,10,-5
0041400226,2015-05-15,2014-15,playoffs,False,1610612763,MEM,Memphis Grizzlies,1610612744,GSW,Golden State Warriors,27,32,L,10,22,0.455,2,4,0.5,5,7,0.714,4,5,9,5,2,1,1,6,-5,9,16,0.562,5,8,0.625,9,10,0.9,2,7,9,5,0,1,2,7,5
0041400237,2015-05-17,2014-15,playoffs,False,1610612745,HOU,Houston Rockets,1610612746,LAC,Los Angeles Clippers,28,32,L,6,18,0.333,2,7,0.286,14,17,0.824,1,7,8,5,1,0,3,7,-4,14,26,0.538,1,9,0.111,3,5,0.6,5,10,15,9,3,3,2,13,4
0041400311,2015-05-19,2014-15,playoffs,False,1610612744,GSW,Golden State Warriors,1610612745,HOU,Houston Rockets,26,27,L,10,26,0.385,2,6,0.333,4,6,0.667,7,4,11,4,2,1,3,6,-1,10,19,0.526,2,6,0.333,5,6,0.833,4,8,12,4,2,1,6,4,1
0041400301,2015-05-20,2014-15,playoffs,False,1610612737,ATL,Atlanta Hawks,1610612739,CLE,Cleveland Cavaliers,22,23,L,8,22,0.364,1,8,0.125,5,7,0.714,2,9,11,5,1,2,1,6,-1,7,19,0.368,3,6,0.5,6,10,0.6,1,11,12,4,1,2,3,5,1
0041400312,2015-05-21,2014-15,playoffs,False,1610612744,GSW,Golden State Warriors,1610612745,HOU,Houston Rockets,22,23,L,10,20,0.5,0,5,0.0,2,5,0.4,3,4,7,6,3,3,3,7,-1,8,15,0.533,1,3,0.333,6,10,0.6,2,7,9,4,1,2,4,5,1
0041400302,2015-05-22,2014-15,playoffs,False,1610612737,ATL,Atlanta Hawks,1610612739,CLE,Cleveland Cavaliers,16,10,W,6,16,0.375,1,8,0.125,3,4,0.75,2,11,13,3,1,0,5,4,6,4,20,0.2,0,8,0.0,2,4,0.5,2,7,9,3,4,0,2,3,-6
0041400313,2015-05-23,2014-15,playoffs,False,1610612745,HOU,Houston Rockets,1610612744,GSW,Golden State Warriors,19,23,L,8,19,0.421,0,5,0.0,3,6,0.5,2,9,11,5,3,0,6,3,-4,10,25,0.4,3,7,0.429,0,0,0.0,5,8,13,4,4,0,5,6,4
0041400303,2015-05-24,2014-15,playoffs,False,1610612739,CLE,Cleveland Cavaliers,1610612737,ATL,Atlanta Hawks,23,28,L,7,16,0.438,3,8,0.375,6,8,0.75,3,9,12,5,0,1,6,10,-5,6,18,0.333,1,5,0.2,15,15,1.0,1,5,6,1,4,0,1,7,5
0041400314,2015-05-25,2014-15,playoffs,False,1610612745,HOU,Houston Rockets,1610612744,GSW,Golden State Warriors,29,31,L,9,17,0.529,3,8,0.375,8,17,0.471,1,11,12,4,3,3,3,4,-2,12,27,0.444,7,15,0.467,0,0,0.0,2,13,15,6,1,2,3,11,2
0041400304,2015-05-26,2014-15,playoffs,False,1610612739,CLE,Cleveland Cavaliers,1610612737,ATL,Atlanta Hawks,33,28,W,10,18,0.556,5,8,0.625,8,10,0.8,2,7,9,4,1,1,2,5,5,12,20,0.6,2,8,0.25,2,4,0.5,2,7,9,9,0,0,2,6,-5
0041400315,2015-05-27,2014-15,playoffs,False,1610612744,GSW,Golden State Warriors,1610612745,HOU,Houston Rockets,30,22,W,11,22,0.5,1,3,0.333,7,13,0.538,4,10,14,6,2,0,3,4,8,8,21,0.381,0,6,0.0,6,7,0.857,3,9,12,4,2,0,5,10,-8
0041400401,2015-06-04,2014-15,playoffs,False,1610612744,GSW,Golden State Warriors,1610612739,CLE,Cleveland Cavaliers,25,25,W,9,20,0.45,3,5,0.6,4,4,1.0,4,6,10,7,0,1,2,3,0,10,21,0.476,2,6,0.333,3,3,1.0,2,5,7,4,1,1,1,2,0
0041400402,2015-06-07,2014-15,playoffs,False,1610612744,GSW,Golden State Warriors,1610612739,CLE,Cleveland Cavaliers,28,25,W,9,20,0.45,3,9,0.333,7,8,0.875,4,7,11,3,2,0,2,10,3,7,19,0.368,4,8,0.5,7,12,0.583,3,8,11,3,1,0,3,7,-3
0041400403,2015-06-09,2014-15,playoffs,False,1610612739,CLE,Cleveland Cavaliers,1610612744,GSW,Golden State Warriors,24,36,L,6,16,0.375,1,4,0.25,11,15,0.733,1,9,10,2,2,1,6,6,-12,13,25,0.52,7,14,0.5,3,5,0.6,4,7,11,5,2,2,3,9,12
0041400404,2015-06-11,2014-15,playoffs,False,1610612739,CLE,Cleveland Cavaliers,1610612744,GSW,Golden State Warriors,12,27,L,2,18,0.111,0,6,0.0,8,10,0.8,3,7,10,1,0,0,3,5,-15,11,19,0.579,3,6,0.5,2,6,0.333,2,13,15,8,2,1,1,7,15
0041400405,2015-06-14,2014-15,playoffs,False,1610612744,GSW,Golden State Warriors,1610612739,CLE,Cleveland Cavaliers,31,24,W,9,17,0.529,5,10,0.5,8,16,0.5,5,9,14,4,3,2,5,7,7,9,21,0.429,4,8,0.5,2,4,0.5,3,4,7,6,3,0,3,11,-7
0041400406,2015-06-16,2014-15,playoffs,False,1610612739,CLE,Cleveland Cavaliers,1610612744,GSW,Golden State Warriors,36,32,W,12,28,0.429,4,15,0.267,8,10,0.8,4,9,13,6,1,2,2,11,4,9,19,0.474,5,10,0.5,9,16,0.562,2,10,12,6,1,1,3,8,-4
