game_id,game_date,season,game_type,neutral_site,team_id_home,team_abbreviation_home,team_name_home,team_id_road,team_abbreviation_road,team_name_road,pts_home,pts_road,wl_home,fgm_home,fga_home,fg_pct_home,fg3m_home,fg3a_home,fg3_pct_home,ftm_home,fta_home,ft_pct_home,oreb_home,dreb_home,reb_home,ast_home,stl_home,blk_home,tov_home,pf_home,plus_minus_home,fgm_road,fga_road,fg_pct_road,fg3m_road,fg3a_road,fg3_pct_road,ftm_road,fta_road,ft_pct_road,oreb_road,dreb_road,reb_road,ast_road,stl_road,blk_road,tov_road,pf_road,plus_minus_road
0022400061,2024-10-22,2024-25,regular_season,False,1610612738,BOS,Boston Celtics,1610612752,NYK,New York Knicks,31,31,W,11,22,0.5,7,15,0.467,2,2,1.0,3,7,10,7,1,1,1,5,0,11,18,0.611,3,7,0.429,6,7,0.857,0,8,8,4,0,0,2,2,0
0022400062,2024-10-22,2024-25,regular_season,False,1610612747,LAL,Los Angeles Lakers,1610612750,MIN,Minnesota Timberwolves,33,19,W,14,27,0.519,1,8,0.125,4,5,0.8,5,9,14,6,3,1,1,4,14,7,21,0.333,3,11,0.273,2,3,0.667,3,8,11,2,1,1,5,6,-14
0022400072,2024-10-23,2024-25,regular_season,False,1610612757,POR,Portland Trail Blazers,1610612744,GSW,Golden State Warriors,29,41,L,11,25,0.44,1,7,0.143,6,6,1.0,2,7,9,6,2,1,3,4,-12,14,26,0.538,8,15,0.533,5,6,0.833,4,12,16,13,3,2,5,7,12
0022400071,2024-10-23,2024-25,regular_season,False,1610612746,LAC,LA Clippers,1610612756,PHX,Phoenix Suns,17,24,L,7,21,0.333,1,7,0.143,2,4,0.5,4,10,14,4,3,0,8,3,-7,8,18,0.444,6,12,0.5,2,2,1.0,0,9,9,6,3,4,6,3,7
0022400069,2024-10-23,2024-25,regular_season,False,1610612740,NOP,New Orleans Pelicans,1610612741,CHI,Chicago Bulls,30,33,L,9,24,0.375,6,15,0.4,6,6,1.0,3,7,10,7,2,0,2,4,-3,13,23,0.565,4,12,0.333,3,4,0.75,2,9,11,7,0,0,4,6,3
0022400068,2024-10-23,2024-25,regular_season,False,1610612745,HOU,Houston Rockets,1610612766,CHA,Charlotte Hornets,34,28,W,14,29,0.483,4,12,0.333,2,2,1.0,4,5,9,9,4,1,1,5,6,9,17,0.529,4,11,0.364,6,8,0.75,2,6,8,5,0,2,6,4,-6
0022400070,2024-10-23,2024-25,regular_season,False,1610612762,UTA,Utah Jazz,1610612763,MEM,Memphis Grizzlies,27,32,L,7,18,0.389,1,6,0.167,12,13,0.923,3,8,11,3,2,3,7,6,-5,11,24,0.458,6,11,0.545,4,6,0.667,3,6,9,10,4,3,5,10,5
0022400066,2024-10-23,2024-25,regular_season,False,1610612755,PHI,Philadelphia 76ers,1610612749,MIL,Milwaukee Bucks,24,36,L,10,26,0.385,1,9,0.111,3,4,0.75,5,9,14,4,1,0,4,8,-12,14,24,0.583,5,10,0.5,3,5,0.6,2,10,12,9,2,3,2,4,12
0022400065,2024-10-23,2024-25,regular_season,False,1610612748,MIA,Miami Heat,1610612753,ORL,Orlando Magic,22,26,L,6,24,0.25,3,11,0.273,7,8,0.875,4,10,14,3,1,3,0,6,-4,7,25,0.28,6,15,0.4,6,7,0.857,5,14,19,5,0,2,3,6,4
0022400064,2024-10-23,2024-25,regular_season,False,1610612737,ATL,Atlanta Hawks,1610612751,BKN,Brooklyn Nets,21,31,L,9,20,0.45,1,8,0.125,2,6,0.333,4,8,12,5,2,1,5,3,-10,13,26,0.5,5,11,0.455,0,1,0.0,4,9,13,9,1,1,3,6,10
0022400063,2024-10-23,2024-25,regular_season,False,1610612765,DET,Detroit Pistons,1610612754,IND,Indiana Pacers,27,24,W,10,22,0.455,1,6,0.167,6,7,0.857,2,7,9,7,2,1,1,4,3,10,22,0.455,2,8,0.25,2,2,1.0,4,9,13,8,1,3,5,7,-3
0022400067,2024-10-23,2024-25,regular_season,False,1610612761,TOR,Toronto Raptors,1610612739,CLE,Cleveland Cavaliers,17,36,L,6,21,0.286,2,7,0.286,3,6,0.5,2,6,8,5,1,0,8,6,-19,15,23,0.652,1,3,0.333,5,5,1.0,0,10,10,10,4,6,3,7,19
0022400073,2024-10-24,2024-25,regular_season,False,1610612764,WAS,Washington Wizards,1610612738,BOS,Boston Celtics,22,31,L,9,22,0.409,1,8,0.125,3,4,0.75,3,7,10,4,2,0,5,3,-9,10,22,0.455,4,12,0.333,7,7,1.0,3,10,13,4,2,0,4,5,9
0022400074,2024-10-24,2024-25,regular_season,False,1610612742,DAL,Dallas Mavericks,1610612759,SAS,San Antonio Spurs,27,27,W,11,26,0.423,4,12,0.333,1,3,0.333,5,7,12,5,3,2,3,4,0,10,24,0.417,3,9,0.333,4,4,1.0,4,10,14,9,3,2,4,3,0
0022400075,2024-10-24,2024-25,regular_season,False,1610612743,DEN,Denver Nuggets,1610612760,OKC,Oklahoma City Thunder,27,27,L,11,23,0.478,1,7,0.143,4,4,1.0,5,11,16,6,2,3,6,4,0,12,29,0.414,2,7,0.286,1,3,0.333,5,6,11,7,1,3,3,3,0
0022400076,2024-10-24,2024-25,regular_season,False,1610612758,SAC,Sacramento Kings,1610612750,MIN,Minnesota Timberwolves,27,26,W,8,20,0.4,2,7,0.286,9,10,0.9,1,10,11,5,0,0,2,6,1,9,22,0.409,3,11,0.273,5,5,1.0,1,9,10,5,0,1,2,7,-1
0022400084,2024-10-25,2024-25,regular_season,False,1610612762,UTA,Utah Jazz,1610612744,GSW,Golden State Warriors,18,24,L,6,24,0.25,0,6,0.0,6,7,0.857,2,11,13,2,3,1,5,3,-6,10,27,0.37,4,11,0.364,0,0,0.0,5,15,20,10,3,3,7,5,6
0022400086,2024-10-25,2024-25,regular_season,False,1610612757,POR,Portland Trail Blazers,1610612740,NOP,New Orleans Pelicans,20,22,L,7,22,0.318,3,10,0.3,3,3,1.0,3,8,11,5,2,3,6,6,-2,8,21,0.381,2,4,0.5,4,7,0.571,3,10,13,5,3,1,6,6,2
0022400085,2024-10-25,2024-25,regular_season,False,1610612747,LAL,Los Angeles Lakers,1610612756,PHX,Phoenix Suns,29,23,W,10,19,0.526,4,9,0.444,5,6,0.833,0,5,5,8,4,2,3,4,6,9,17,0.529,4,7,0.571,1,2,0.5,1,9,10,6,1,1,8,5,-6
0022400082,2024-10-25,2024-25,regular_season,False,1610612745,HOU,Houston Rockets,1610612763,MEM,Memphis Grizzlies,21,27,L,6,23,0.261,3,11,0.273,6,8,0.75,7,9,16,2,2,2,7,5,-6,12,25,0.48,2,5,0.4,1,4,0.25,4,9,13,7,3,2,4,6,6
0022400083,2024-10-25,2024-25,regular_season,False,1610612749,MIL,Milwaukee Bucks,1610612741,CHI,Chicago Bulls,32,33,L,12,22,0.545,3,9,0.333,5,9,0.556,1,9,10,6,3,1,2,1,-1,12,24,0.5,7,14,0.5,2,2,1.0,2,10,12,10,2,0,4,5,1
0022400080,2024-10-25,2024-25,regular_season,False,1610612739,CLE,Cleveland Cavaliers,1610612765,DET,Detroit Pistons,37,26,W,14,23,0.609,3,8,0.375,6,6,1.0,3,7,10,9,3,2,1,3,11,11,22,0.5,3,4,0.75,1,1,1.0,4,5,9,6,0,1,5,5,-11
0022400079,2024-10-25,2024-25,regular_season,False,1610612737,ATL,Atlanta Hawks,1610612766,CHA,Charlotte Hornets,34,42,L,9,18,0.5,3,9,0.333,13,13,1.0,2,3,5,7,1,1,3,8,-8,13,26,0.5,7,15,0.467,9,10,0.9,9,6,15,9,1,0,3,8,8
0022400078,2024-10-25,2024-25,regular_season,False,1610612761,TOR,Toronto Raptors,1610612755,PHI,Philadelphia 76ers,32,25,W,9,18,0.5,2,6,0.333,12,12,1.0,3,11,14,9,3,7,6,9,7,8,27,0.296,1,6,0.167,8,13,0.615,8,5,13,5,2,0,3,6,-7
0022400077,2024-10-25,2024-25,regular_season,False,1610612753,ORL,Orlando Magic,1610612751,BKN,Brooklyn Nets,27,23,W,10,21,0.476,4,9,0.444,3,6,0.5,2,9,11,6,3,3,4,6,4,8,21,0.381,4,8,0.5,3,4,0.75,2,9,11,5,1,1,6,7,-4
0022400081,2024-10-25,2024-25,regular_season,False,1610612752,NYK,New York Knicks,1610612754,IND,Indiana Pacers,36,21,W,14,21,0.667,4,6,0.667,4,4,1.0,2,13,15,7,1,2,2,3,15,9,24,0.375,2,13,0.154,1,3,0.333,3,5,8,6,1,1,2,3,-15
0022400096,2024-10-26,2024-25,regular_season,False,1610612747,LAL,Los Angeles Lakers,1610612758,SAC,Sacramento Kings,36,34,W,12,20,0.6,5,8,0.625,7,8,0.875,4,6,10,6,1,0,4,7,2,10,21,0.476,4,12,0.333,10,11,0.909,2,3,5,8,2,0,2,6,-2
0022400095,2024-10-26,2024-25,regular_season,False,1610612756,PHX,Phoenix Suns,1610612742,DAL,Dallas Mavericks,35,29,W,12,22,0.545,4,9,0.444,7,9,0.778,3,8,11,8,0,1,2,4,6,10,22,0.455,6,11,0.545,3,4,0.75,3,6,9,7,0,0,3,7,-6
0022400093,2024-10-26,2024-25,regular_season,False,1610612750,MIN,Minnesota Timberwolves,1610612761,TOR,Toronto Raptors,24,26,L,7,21,0.333,3,7,0.429,7,8,0.875,3,5,8,4,4,1,4,3,-2,12,20,0.6,1,3,0.333,1,1,1.0,1,9,10,10,2,2,7,4,2
0022400092,2024-10-26,2024-25,regular_season,False,1610612763,MEM,Memphis Grizzlies,1610612753,ORL,Orlando Magic,35,19,W,13,20,0.65,2,6,0.333,7,11,0.636,2,13,15,12,5,0,5,5,16,7,23,0.304,2,14,0.143,3,8,0.375,5,6,11,2,4,1,7,6,-16
0022400094,2024-10-26,2024-25,regular_season,False,1610612759,SAS,San Antonio Spurs,1610612745,HOU,Houston Rockets,24,10,W,9,19,0.474,1,5,0.2,5,5,1.0,2,14,16,7,4,3,6,4,14,4,23,0.174,1,10,0.1,1,2,0.5,1,7,8,3,3,0,5,5,-14
0022400090,2024-10-26,2024-25,regular_season,False,1610612764,WAS,Washington Wizards,1610612739,CLE,Cleveland Cavaliers,28,31,L,10,23,0.435,5,10,0.5,3,4,0.75,2,8,10,5,2,2,4,2,-3,13,24,0.542,3,10,0.3,2,2,1.0,1,11,12,5,3,3,4,3,3
0022400089,2024-10-26,2024-25,regular_season,False,1610612765,DET,Detroit Pistons,1610612738,BOS,Boston Celtics,31,31,L,13,21,0.619,4,10,0.4,1,3,0.333,2,9,11,9,2,2,5,5,0,11,27,0.407,7,16,0.438,2,2,1.0,6,7,13,5,4,0,3,3,0
0022400088,2024-10-26,2024-25,regular_season,False,1610612766,CHA,Charlotte Hornets,1610612748,MIA,Miami Heat,25,33,L,10,26,0.385,2,11,0.182,3,4,0.75,7,8,15,6,1,1,3,5,-8,12,22,0.545,3,6,0.5,6,7,0.857,2,9,11,9,2,1,1,4,8
0022400087,2024-10-26,2024-25,regular_season,False,1610612743,DEN,Denver Nuggets,1610612746,LAC,LA Clippers,23,21,W,6,23,0.261,4,11,0.364,7,8,0.875,4,8,12,4,4,1,4,5,2,8,22,0.364,1,6,0.167,4,5,0.8,4,8,12,4,2,4,6,7,-2
0022400091,2024-10-26,2024-25,regular_season,False,1610612741,CHI,Chicago Bulls,1610612760,OKC,Oklahoma City Thunder,18,33,L,6,19,0.316,3,15,0.2,3,6,0.5,1,10,11,4,2,1,9,5,-15,12,27,0.444,3,9,0.333,6,6,1.0,3,10,13,5,3,0,2,5,15
0022400097,2024-10-27,2024-25,regular_season,False,1610612754,IND,Indiana Pacers,1610612755,PHI,Philadelphia 76ers,35,24,W,12,20,0.6,5,6,0.833,6,9,0.667,1,7,8,11,2,0,2,5,11,9,20,0.45,2,8,0.25,4,6,0.667,3,7,10,4,2,1,6,8,-11
0022400098,2024-10-27,2024-25,regular_season,False,1610612751,BKN,Brooklyn Nets,1610612749,MIL,Milwaukee Bucks,21,20,W,8,24,0.333,4,13,0.308,1,2,0.5,0,12,12,5,2,1,0,4,1,7,23,0.304,2,10,0.2,4,4,1.0,4,15,19,2,0,2,3,1,-1
0022400099,2024-10-27,2024-25,regular_season,False,1610612757,POR,Portland Trail Blazers,1610612740,NOP,New Orleans Pelicans,33,22,W,13,28,0.464,3,10,0.3,4,6,0.667,7,7,14,8,2,4,3,5,11,8,22,0.364,0,7,0.0,6,6,1.0,5,6,11,5,2,3,4,6,-11
0022400100,2024-10-27,2024-25,regular_season,False,1610612760,OKC,Oklahoma City Thunder,1610612737,ATL,Atlanta Hawks,34,31,W,12,23,0.522,5,10,0.5,5,7,0.714,3,8,11,8,2,3,3,9,3,9,21,0.429,2,7,0.286,11,11,1.0,3,9,12,6,2,0,4,7,-3
0022400101,2024-10-27,2024-25,regular_season,False,1610612744,GSW,Golden State Warriors,1610612746,LAC,LA Clippers,20,25,L,7,18,0.389,2,8,0.25,4,7,0.571,1,10,11,3,2,2,8,7,-5,9,25,0.36,2,8,0.25,5,7,0.714,5,9,14,6,4,1,5,8,5
0022400109,2024-10-28,2024-25,regular_season,False,1610612759,SAS,San Antonio Spurs,1610612745,HOU,Houston Rockets,30,33,L,11,19,0.579,2,6,0.333,6,7,0.857,2,8,10,6,3,1,6,4,-3,12,25,0.48,7,13,0.538,2,3,0.667,4,4,8,8,1,0,3,5,3
0022400112,2024-10-28,2024-25,regular_season,False,1610612758,SAC,Sacramento Kings,1610612757,POR,Portland Trail Blazers,26,23,W,9,21,0.429,2,9,0.222,6,7,0.857,1,8,9,6,2,4,4,10,3,6,17,0.353,1,5,0.2,10,13,0.769,2,10,12,4,1,2,7,8,-3
0022400111,2024-10-28,2024-25,regular_season,False,1610612756,PHX,Phoenix Suns,1610612747,LAL,Los Angeles Lakers,25,14,W,8,21,0.381,3,10,0.3,6,6,1.0,5,12,17,5,2,5,5,5,11,6,22,0.273,1,5,0.2,1,1,1.0,2,5,7,4,4,1,5,6,-11
0022400110,2024-10-28,2024-25,regular_season,False,1610612742,DAL,Dallas Mavericks,1610612762,UTA,Utah Jazz,22,24,L,9,23,0.391,1,10,0.1,3,4,0.75,3,10,13,5,3,5,5,9,-2,7,23,0.304,1,8,0.125,9,10,0.9,3,9,12,5,3,1,4,4,2
0022400108,2024-10-28,2024-25,regular_season,False,1610612763,MEM,Memphis Grizzlies,1610612741,CHI,Chicago Bulls,36,32,W,15,29,0.517,6,9,0.667,0,3,0.0,6,8,14,10,2,0,2,4,4,12,23,0.522,6,12,0.5,2,2,1.0,2,7,9,9,0,2,3,4,-4
0022400103,2024-10-28,2024-25,regular_season,False,1610612737,ATL,Atlanta Hawks,1610612764,WAS,Washington Wizards,33,29,W,10,20,0.5,3,8,0.375,10,14,0.714,2,9,11,9,3,2,3,4,4,11,23,0.478,4,10,0.4,3,3,1.0,2,8,10,6,1,2,4,7,-4
0022400106,2024-10-28,2024-25,regular_season,False,1610612752,NYK,New York Knicks,1610612739,CLE,Cleveland Cavaliers,34,23,W,15,27,0.556,3,8,0.375,1,2,0.5,7,8,15,5,3,0,3,3,11,9,20,0.45,2,7,0.286,3,3,1.0,2,4,6,4,3,0,4,5,-11
0022400105,2024-10-28,2024-25,regular_season,False,1610612748,MIA,Miami Heat,1610612765,DET,Detroit Pistons,36,23,W,13,22,0.591,5,11,0.455,5,5,1.0,1,7,8,8,6,1,1,3,13,9,21,0.429,3,9,0.333,2,2,1.0,4,7,11,3,1,1,6,4,-13
0022400104,2024-10-28,2024-25,regular_season,False,1610612738,BOS,Boston Celtics,1610612749,MIL,Milwaukee Bucks,25,27,L,8,21,0.381,4,12,0.333,5,6,0.833,1,7,8,6,2,0,4,3,-2,9,23,0.391,2,9,0.222,7,7,1.0,4,11,15,6,2,3,4,8,2
0022400102,2024-10-28,2024-25,regular_season,False,1610612753,ORL,Orlando Magic,1610612754,IND,Indiana Pacers,36,23,W,14,26,0.538,5,11,0.455,3,4,0.75,1,14,15,9,1,3,2,3,13,9,22,0.409,3,5,0.6,2,5,0.4,0,9,9,7,2,3,3,4,-13
0022400107,2024-10-28,2024-25,regular_season,False,1610612761,TOR,Toronto Raptors,1610612743,DEN,Denver Nuggets,32,25,W,14,24,0.583,2,5,0.4,2,2,1.0,1,9,10,8,3,1,3,7,7,9,19,0.474,2,2,1.0,5,8,0.625,3,7,10,7,2,3,6,5,-7
0022400113,2024-10-29,2024-25,regular_season,False,1610612751,BKN,Brooklyn Nets,1610612743,DEN,Denver Nuggets,32,36,L,9,21,0.429,5,11,0.455,9,9,1.0,1,7,8,7,0,3,1,5,-4,11,21,0.524,5,7,0.714,9,10,0.9,2,9,11,10,0,1,0,7,4
0022400114,2024-10-29,2024-25,regular_season,False,1610612750,MIN,Minnesota Timberwolves,1610612742,DAL,Dallas Mavericks,25,35,L,10,19,0.526,4,9,0.444,1,2,0.5,2,3,5,9,3,0,7,4,-10,14,21,0.667,4,7,0.571,3,4,0.75,4,7,11,7,4,1,7,3,10
0022400115,2024-10-29,2024-25,regular_season,False,1610612762,UTA,Utah Jazz,1610612758,SAC,Sacramento Kings,30,27,W,10,25,0.4,4,13,0.308,6,6,1.0,3,7,10,7,4,2,1,2,3,10,22,0.455,5,11,0.455,2,2,1.0,2,10,12,10,0,2,6,6,-3
0022400116,2024-10-29,2024-25,regular_season,False,1610612744,GSW,Golden State Warriors,1610612740,NOP,New Orleans Pelicans,33,20,W,12,28,0.429,4,10,0.4,5,6,0.833,8,6,14,9,7,2,2,7,13,8,18,0.444,0,4,0.0,4,8,0.5,3,8,11,3,1,3,9,5,-13
0022400127,2024-10-30,2024-25,regular_season,False,1610612746,LAC,LA Clippers,1610612757,POR,Portland Trail Blazers,24,30,L,11,26,0.423,2,8,0.25,0,0,0.0,4,6,10,7,2,0,4,7,-6,11,19,0.579,2,5,0.4,6,6,1.0,1,10,11,6,3,1,4,3,6
0022400125,2024-10-30,2024-25,regular_season,False,1610612760,OKC,Oklahoma City Thunder,1610612759,SAS,San Antonio Spurs,33,25,W,13,24,0.542,7,12,0.583,0,0,0.0,2,8,10,11,5,2,5,4,8,9,23,0.391,3,10,0.3,4,4,1.0,5,8,13,6,3,2,5,0,-8
0022400124,2024-10-30,2024-25,regular_season,False,1610612763,MEM,Memphis Grizzlies,1610612751,BKN,Brooklyn Nets,33,33,L,13,18,0.722,3,5,0.6,4,5,0.8,2,6,8,9,5,1,8,6,0,11,21,0.524,5,14,0.357,6,8,0.75,4,4,8,10,5,0,6,3,0
0022400123,2024-10-30,2024-25,regular_season,False,1610612741,CHI,Chicago Bulls,1610612753,ORL,Orlando Magic,34,29,W,14,23,0.609,3,6,0.5,3,5,0.6,2,10,12,9,0,0,2,6,5,9,21,0.429,3,13,0.231,8,10,0.8,3,6,9,6,2,3,1,5,-5
0022400122,2024-10-30,2024-25,regular_season,False,1610612748,MIA,Miami Heat,1610612752,NYK,New York Knicks,26,26,L,9,22,0.409,5,13,0.385,3,4,0.75,2,10,12,7,3,3,5,5,0,8,21,0.381,2,10,0.2,8,8,1.0,1,10,11,5,5,1,4,3,0
0022400126,2024-10-30,2024-25,regular_season,False,1610612744,GSW,Golden State Warriors,1610612740,NOP,New Orleans Pelicans,20,24,L,8,16,0.5,4,8,0.5,0,0,0.0,0,6,6,7,1,4,7,4,-4,9,23,0.391,4,8,0.5,2,4,0.5,3,8,11,7,4,1,5,5,4
0022400120,2024-10-30,2024-25,regular_season,False,1610612755,PHI,Philadelphia 76ers,1610612765,DET,Detroit Pistons,19,32,L,6,19,0.316,1,5,0.2,6,10,0.6,3,9,12,3,3,1,4,4,-13,12,25,0.48,6,13,0.462,2,2,1.0,3,12,15,8,1,3,3,5,13
0022400119,2024-10-30,2024-25,regular_season,False,1610612754,IND,Indiana Pacers,1610612738,BOS,Boston Celtics,32,26,W,13,25,0.52,4,7,0.571,2,4,0.5,2,11,13,9,2,1,2,6,6,8,25,0.32,5,14,0.357,5,5,1.0,3,9,12,5,0,3,3,5,-6
0022400118,2024-10-30,2024-25,regular_season,False,1610612739,CLE,Cleveland Cavaliers,1610612747,LAL,Los Angeles Lakers,25,25,W,11,24,0.458,1,8,0.125,2,2,1.0,2,5,7,6,4,1,1,8,0,8,19,0.421,0,7,0.0,9,9,1.0,2,10,12,3,0,0,5,1,0
0022400117,2024-10-30,2024-25,regular_season,False,1610612766,CHA,Charlotte Hornets,1610612761,TOR,Toronto Raptors,34,43,L,13,24,0.542,7,15,0.467,1,2,0.5,3,2,5,9,1,1,4,5,-9,17,22,0.773,5,8,0.625,4,6,0.667,2,8,10,15,2,1,2,3,9
0022400121,2024-10-30,2024-25,regular_season,False,1610612764,WAS,Washington Wizards,1610612737,ATL,Atlanta Hawks,24,31,L,7,20,0.35,4,11,0.364,6,6,1.0,1,5,6,5,1,1,5,3,-7,14,30,0.467,2,11,0.182,1,2,0.5,7,9,16,7,3,0,4,5,7
0022400128,2024-10-31,2024-25,regular_season,False,1610612763,MEM,Memphis Grizzlies,1610612749,MIL,Milwaukee Bucks,30,24,W,10,23,0.435,2,6,0.333,8,8,1.0,3,12,15,8,1,0,2,4,6,11,25,0.44,2,13,0.154,0,1,0.0,3,8,11,5,2,1,2,7,-6
0022400129,2024-10-31,2024-25,regular_season,False,1610612742,DAL,Dallas Mavericks,1610612745,HOU,Houston Rockets,23,23,L,8,18,0.444,1,5,0.2,6,8,0.75,4,5,9,6,3,2,4,7,0,9,26,0.346,1,7,0.143,4,6,0.667,7,5,12,3,1,1,4,6,0
0022400130,2024-10-31,2024-25,regular_season,False,1610612762,UTA,Utah Jazz,1610612759,SAS,San Antonio Spurs,23,28,L,6,18,0.333,1,9,0.111,10,11,0.909,4,10,14,3,0,1,5,5,-5,11,25,0.44,4,13,0.308,2,4,0.5,4,6,10,7,2,0,1,6,5
0022400131,2024-10-31,2024-25,regular_season,False,1610612746,LAC,LA Clippers,1610612756,PHX,Phoenix Suns,33,32,W,11,24,0.458,4,9,0.444,7,9,0.778,8,9,17,7,2,1,4,8,1,8,18,0.444,4,10,0.4,12,15,0.8,4,5,9,6,4,1,2,6,-1
0022400140,2024-11-01,2024-25,regular_season,False,1610612757,POR,Portland Trail Blazers,1610612760,OKC,Oklahoma City Thunder,44,31,W,17,27,0.63,7,11,0.636,3,4,0.75,2,9,11,10,2,0,1,2,13,12,21,0.571,4,12,0.333,3,4,0.75,1,5,6,5,1,4,3,4,-13
0022400139,2024-11-01,2024-25,regular_season,False,1610612750,MIN,Minnesota Timberwolves,1610612743,DEN,Denver Nuggets,31,32,L,13,21,0.619,4,9,0.444,1,2,0.5,3,4,7,10,2,3,3,6,-1,12,23,0.522,3,10,0.3,5,5,1.0,4,5,9,9,2,1,4,3,1
0022400138,2024-11-01,2024-25,regular_season,False,1610612740,NOP,New Orleans Pelicans,1610612754,IND,Indiana Pacers,27,27,W,10,23,0.435,4,9,0.444,3,3,1.0,2,10,12,7,0,0,2,3,0,12,26,0.462,3,8,0.375,0,0,0.0,2,11,13,8,1,1,1,4,0
0022400137,2024-11-01,2024-25,regular_season,False,1610612761,TOR,Toronto Raptors,1610612747,LAL,Los Angeles Lakers,32,33,L,13,31,0.419,2,9,0.222,4,4,1.0,7,7,14,9,2,1,3,6,-1,12,22,0.545,2,6,0.333,7,8,0.875,2,10,12,5,2,1,4,5,1
0022400134,2024-11-01,2024-25,regular_season,False,1610612765,DET,Detroit Pistons,1610612752,NYK,New York Knicks,33,30,W,14,21,0.667,3,8,0.375,2,2,1.0,2,8,10,6,2,4,4,2,3,12,27,0.444,5,10,0.5,1,2,0.5,4,5,9,6,3,0,4,4,-3
0022400135,2024-11-01,2024-25,regular_season,False,1610612737,ATL,Atlanta Hawks,1610612758,SAC,Sacramento Kings,33,36,L,10,22,0.455,3,12,0.25,10,12,0.833,2,7,9,8,3,0,2,5,-3,13,24,0.542,3,9,0.333,7,7,1.0,4,10,14,9,1,0,4,8,3
0022400133,2024-11-01,2024-25,regular_season,False,1610612739,CLE,Cleveland Cavaliers,1610612753,ORL,Orlando Magic,29,28,W,11,22,0.5,4,11,0.364,3,3,1.0,2,9,11,8,3,1,4,5,1,11,21,0.524,4,7,0.571,2,4,0.5,0,8,8,8,3,1,5,4,-1
0022400132,2024-11-01,2024-25,regular_season,False,1610612766,CHA,Charlotte Hornets,1610612738,BOS,Boston Celtics,42,31,W,16,25,0.64,9,16,0.562,1,2,0.5,1,7,8,8,2,2,2,4,11,11,21,0.524,3,10,0.3,6,6,1.0,3,7,10,5,2,0,4,3,-11
0022400136,2024-11-01,2024-25,regular_season,False,1610612751,BKN,Brooklyn Nets,1610612741,CHI,Chicago Bulls,31,30,W,13,21,0.619,3,8,0.375,2,2,1.0,1,8,9,10,4,1,3,3,1,11,20,0.55,8,12,0.667,0,2,0.0,0,6,6,8,1,1,4,1,-1
0022400147,2024-11-02,2024-25,regular_season,False,1610612748,MIA,Miami Heat,1610612764,WAS,Washington Wizards,25,27,L,9,30,0.3,3,9,0.333,4,6,0.667,7,10,17,3,0,2,3,4,-2,11,26,0.423,3,14,0.214,2,2,1.0,1,12,13,9,2,7,2,5,2
0022400150,2024-11-02,2024-25,regular_season,False,1610612746,LAC,LA Clippers,1610612760,OKC,Oklahoma City Thunder,29,34,L,10,15,0.667,3,5,0.6,6,12,0.5,1,9,10,7,3,0,8,9,-5,10,20,0.5,5,9,0.556,9,10,0.9,0,6,6,5,5,0,3,8,5
0022400149,2024-11-02,2024-25,regular_season,False,1610612756,PHX,Phoenix Suns,1610612757,POR,Portland Trail Blazers,21,29,L,6,24,0.25,4,16,0.25,5,5,1.0,7,12,19,3,1,2,5,3,-8,11,28,0.393,6,10,0.6,1,2,0.5,3,10,13,5,2,0,1,4,8
0022400148,2024-11-02,2024-25,regular_season,False,1610612743,DEN,Denver Nuggets,1610612762,UTA,Utah Jazz,28,30,L,9,22,0.409,4,9,0.444,6,6,1.0,3,8,11,7,0,0,5,6,-2,10,22,0.455,4,13,0.308,6,6,1.0,2,7,9,6,2,1,2,5,2
0022400146,2024-11-02,2024-25,regular_season,False,1610612759,SAS,San Antonio Spurs,1610612750,MIN,Minnesota Timberwolves,30,25,W,13,21,0.619,1,8,0.125,3,3,1.0,1,8,9,9,3,3,4,4,5,9,21,0.429,3,10,0.3,4,4,1.0,3,5,8,5,3,0,6,4,-5
0022400145,2024-11-02,2024-25,regular_season,False,1610612749,MIL,Milwaukee Bucks,1610612739,CLE,Cleveland Cavaliers,24,31,L,11,25,0.44,2,8,0.25,0,1,0.0,2,8,10,5,0,0,2,7,-7,11,23,0.478,3,10,0.3,6,7,0.857,2,12,14,9,0,0,2,5,7
0022400144,2024-11-02,2024-25,regular_season,False,1610612745,HOU,Houston Rockets,1610612744,GSW,Golden State Warriors,23,33,L,7,22,0.318,4,11,0.364,5,6,0.833,2,6,8,6,2,1,3,8,-10,10,18,0.556,4,8,0.5,9,14,0.643,2,11,13,8,3,2,3,4,10
0022400143,2024-11-02,2024-25,regular_season,False,1610612761,TOR,Toronto Raptors,1610612758,SAC,Sacramento Kings,29,34,L,11,18,0.611,3,7,0.429,4,6,0.667,2,8,10,8,3,1,8,6,-5,12,23,0.522,3,9,0.333,7,7,1.0,2,4,6,7,7,0,5,4,5
0022400142,2024-11-02,2024-25,regular_season,False,1610612755,PHI,Philadelphia 76ers,1610612763,MEM,Memphis Grizzlies,24,35,L,8,24,0.333,3,11,0.273,5,5,1.0,1,5,6,4,4,3,3,5,-11,14,21,0.667,3,3,1.0,4,6,0.667,2,13,15,11,1,1,5,5,11
0022400141,2024-11-02,2024-25,regular_season,False,1610612766,CHA,Charlotte Hornets,1610612738,BOS,Boston Celtics,26,30,L,10,27,0.37,4,10,0.4,2,2,1.0,5,8,13,4,3,0,3,7,-4,8,20,0.4,5,15,0.333,9,9,1.0,3,12,15,7,1,1,5,5,4
0022400151,2024-11-03,2024-25,regular_season,False,1610612751,BKN,Brooklyn Nets,1610612765,DET,Detroit Pistons,32,23,W,9,17,0.529,3,8,0.375,11,15,0.733,2,5,7,5,5,0,5,6,9,7,16,0.438,1,6,0.167,8,8,1.0,2,5,7,5,1,2,8,11,-9
0022400152,2024-11-03,2024-25,regular_season,False,1610612740,NOP,New Orleans Pelicans,1610612737,ATL,Atlanta Hawks,29,25,W,9,18,0.5,4,6,0.667,7,9,0.778,3,7,10,7,3,1,5,5,4,9,20,0.45,4,12,0.333,3,3,1.0,2,6,8,8,2,1,7,6,-4
0022400153,2024-11-03,2024-25,regular_season,False,1610612742,DAL,Dallas Mavericks,1610612753,ORL,Orlando Magic,35,18,W,13,23,0.565,6,12,0.5,3,5,0.6,2,9,11,9,5,1,2,4,17,7,21,0.333,2,10,0.2,2,2,1.0,3,6,9,5,2,1,7,6,-17
0022400167,2024-11-04,2024-25,regular_season,False,1610612756,PHX,Phoenix Suns,1610612755,PHI,Philadelphia 76ers,37,37,W,13,22,0.591,2,6,0.333,9,9,1.0,2,7,9,7,0,1,1,5,0,12,23,0.522,6,13,0.462,7,7,1.0,2,5,7,9,0,1,2,7,0
0022400166,2024-11-04,2024-25,regular_season,False,1610612743,DEN,Denver Nuggets,1610612761,TOR,Toronto Raptors,25,27,L,10,22,0.455,2,7,0.286,3,4,0.75,3,8,11,7,1,2,3,3,-2,11,23,0.478,4,7,0.571,1,2,0.5,0,9,9,9,2,2,1,5,2
0022400165,2024-11-04,2024-25,regular_season,False,1610612742,DAL,Dallas Mavericks,1610612754,IND,Indiana Pacers,30,27,W,11,22,0.5,6,12,0.5,2,2,1.0,1,11,12,10,0,2,4,4,3,12,27,0.444,1,10,0.1,2,4,0.5,2,10,12,4,3,1,1,1,-3
0022400164,2024-11-04,2024-25,regular_season,False,1610612740,NOP,New Orleans Pelicans,1610612757,POR,Portland Trail Blazers,25,27,L,9,21,0.429,3,10,0.3,4,6,0.667,4,6,10,4,1,2,4,2,-2,12,23,0.522,1,5,0.2,2,3,0.667,5,6,11,7,3,1,3,4,2
0022400163,2024-11-04,2024-25,regular_season,False,1610612760,OKC,Oklahoma City Thunder,1610612753,ORL,Orlando Magic,19,17,W,7,21,0.333,2,10,0.2,3,4,0.75,1,13,14,4,3,1,4,3,2,7,23,0.304,0,9,0.0,3,4,0.75,1,10,11,5,4,1,3,3,-2
0022400162,2024-11-04,2024-25,regular_season,False,1610612750,MIN,Minnesota Timberwolves,1610612766,CHA,Charlotte Hornets,33,21,W,12,25,0.48,5,13,0.385,4,7,0.571,4,8,12,7,4,3,1,5,12,7,18,0.389,2,8,0.25,5,6,0.833,1,8,9,5,1,0,5,6,-12
0022400161,2024-11-04,2024-25,regular_season,False,1610612745,HOU,Houston Rockets,1610612752,NYK,New York Knicks,30,30,W,11,24,0.458,3,10,0.3,5,6,0.833,5,9,14,5,0,1,4,8,0,10,21,0.476,4,9,0.444,6,7,0.857,2,7,9,6,2,0,3,6,0
0022400168,2024-11-04,2024-25,regular_season,False,1610612746,LAC,LA Clippers,1610612759,SAS,San Antonio Spurs,34,16,W,13,26,0.5,4,8,0.5,4,4,1.0,7,7,14,7,3,2,0,6,18,5,19,0.263,0,9,0.0,6,7,0.857,4,6,10,4,0,2,5,5,-18
0022400159,2024-11-04,2024-25,regular_season,False,1610612748,MIA,Miami Heat,1610612758,SAC,Sacramento Kings,36,26,W,12,21,0.571,6,11,0.545,6,8,0.75,2,10,12,10,1,0,2,3,10,11,24,0.458,2,9,0.222,2,3,0.667,2,6,8,8,1,0,2,8,-10
0022400158,2024-11-04,2024-25,regular_season,False,1610612751,BKN,Brooklyn Nets,1610612763,MEM,Memphis Grizzlies,27,19,W,10,19,0.526,3,10,0.3,4,8,0.5,4,10,14,8,1,0,4,4,8,8,26,0.308,1,10,0.1,2,2,1.0,4,6,10,6,2,1,4,5,-8
0022400157,2024-11-04,2024-25,regular_season,False,1610612737,ATL,Atlanta Hawks,1610612738,BOS,Boston Celtics,23,40,L,10,25,0.4,1,10,0.1,2,2,1.0,2,7,9,8,2,1,6,5,-17,13,24,0.542,8,17,0.471,6,7,0.857,1,10,11,9,5,2,3,3,17
0022400156,2024-11-04,2024-25,regular_season,False,1610612765,DET,Detroit Pistons,1610612747,LAL,Los Angeles Lakers,34,31,W,14,25,0.56,1,9,0.111,5,6,0.833,5,8,13,6,2,1,5,8,3,11,20,0.55,2,4,0.5,7,10,0.7,1,5,6,7,5,0,4,4,-3
0022400155,2024-11-04,2024-25,regular_season,False,1610612764,WAS,Washington Wizards,1610612744,GSW,Golden State Warriors,25,25,L,8,17,0.471,1,6,0.167,8,8,1.0,0,11,11,5,2,3,4,5,0,9,25,0.36,2,8,0.25,5,7,0.714,6,9,15,6,2,0,4,6,0
0022400154,2024-11-04,2024-25,regular_season,False,1610612739,CLE,Cleveland Cavaliers,1610612749,MIL,Milwaukee Bucks,38,29,W,16,23,0.696,5,6,0.833,1,2,0.5,1,8,9,10,4,2,2,7,9,10,22,0.455,3,7,0.429,6,6,1.0,3,6,9,5,2,0,4,2,-9
0022400160,2024-11-04,2024-25,regular_season,False,1610612741,CHI,Chicago Bulls,1610612762,UTA,Utah Jazz,26,32,L,10,27,0.37,4,10,0.4,2,2,1.0,3,8,11,9,1,2,1,4,-6,11,23,0.478,4,12,0.333,6,8,0.75,2,13,15,11,1,3,3,1,6
0022400180,2024-11-06,2024-25,regular_season,False,1610612758,SAC,Sacramento Kings,1610612761,TOR,Toronto Raptors,27,21,W,8,22,0.364,4,12,0.333,7,7,1.0,4,9,13,8,2,1,3,3,6,10,23,0.435,0,7,0.0,3,4,0.75,4,9,13,3,2,0,3,6,-6
0022400179,2024-11-06,2024-25,regular_season,False,1610612746,LAC,LA Clippers,1610612755,PHI,Philadelphia 76ers,27,24,W,10,23,0.435,4,8,0.5,3,3,1.0,5,4,9,7,2,0,2,3,3,10,17,0.588,1,2,0.5,3,5,0.6,3,8,11,3,1,1,5,4,-3
0022400178,2024-11-06,2024-25,regular_season,False,1610612756,PHX,Phoenix Suns,1610612748,MIA,Miami Heat,29,33,L,9,20,0.45,6,14,0.429,5,7,0.714,3,10,13,6,1,2,6,4,-4,11,26,0.423,3,7,0.429,8,8,1.0,4,10,14,8,6,1,2,4,4
0022400177,2024-11-06,2024-25,regular_season,False,1610612743,DEN,Denver Nuggets,1610612760,OKC,Oklahoma City Thunder,25,34,L,8,20,0.4,3,8,0.375,6,8,0.75,3,9,12,5,3,0,7,7,-9,13,22,0.591,3,8,0.375,5,7,0.714,1,8,9,7,6,1,4,7,9
0022400176,2024-11-06,2024-25,regular_season,False,1610612742,DAL,Dallas Mavericks,1610612741,CHI,Chicago Bulls,24,21,W,8,18,0.444,2,9,0.222,6,6,1.0,0,8,8,6,2,2,4,3,3,9,21,0.429,2,10,0.2,1,2,0.5,3,9,12,7,2,0,7,5,-3
0022400175,2024-11-06,2024-25,regular_season,False,1610612740,NOP,New Orleans Pelicans,1610612739,CLE,Cleveland Cavaliers,25,30,L,9,20,0.45,3,7,0.429,4,4,1.0,0,5,5,4,3,2,4,6,-5,11,21,0.524,3,7,0.429,5,7,0.714,3,9,12,7,2,2,4,4,5
0022400173,2024-11-06,2024-25,regular_season,False,1610612745,HOU,Houston Rockets,1610612759,SAS,San Antonio Spurs,32,19,W,14,23,0.609,3,6,0.5,1,3,0.333,3,8,11,10,2,2,4,1,13,7,21,0.333,3,10,0.3,2,2,1.0,3,7,10,4,3,1,6,4,-13
0022400172,2024-11-06,2024-25,regular_season,False,1610612738,BOS,Boston Celtics,1610612744,GSW,Golden State Warriors,16,32,L,7,18,0.389,2,8,0.25,0,1,0.0,0,8,8,3,3,0,5,5,-16,12,21,0.571,6,11,0.545,2,3,0.667,2,10,12,8,3,1,4,3,16
0022400171,2024-11-06,2024-25,regular_season,False,1610612737,ATL,Atlanta Hawks,1610612752,NYK,New York Knicks,39,39,W,14,28,0.5,7,14,0.5,4,5,0.8,4,7,11,9,4,1,0,1,0,14,25,0.56,10,14,0.714,1,1,1.0,3,8,11,9,0,1,4,4,0
0022400170,2024-11-06,2024-25,regular_season,False,1610612754,IND,Indiana Pacers,1610612753,ORL,Orlando Magic,23,31,L,7,20,0.35,3,8,0.375,6,6,1.0,2,6,8,4,2,0,3,6,-8,12,20,0.6,3,6,0.5,4,5,0.8,2,9,11,9,2,3,5,6,8
0022400169,2024-11-06,2024-25,regular_season,False,1610612766,CHA,Charlotte Hornets,1610612765,DET,Detroit Pistons,23,21,W,6,17,0.353,3,10,0.3,8,8,1.0,1,15,16,4,0,2,7,5,2,8,26,0.308,4,11,0.364,1,2,0.5,2,8,10,8,2,0,2,8,-2
0022400174,2024-11-06,2024-25,regular_season,False,1610612763,MEM,Memphis Grizzlies,1610612747,LAL,Los Angeles Lakers,24,26,L,8,23,0.348,1,7,0.143,7,9,0.778,3,10,13,3,0,1,3,2,-2,12,25,0.48,1,10,0.1,1,1,1.0,3,11,14,4,2,0,3,6,2
0022400181,2024-11-07,2024-25,regular_season,False,1610612741,CHI,Chicago Bulls,1610612750,MIN,Minnesota Timberwolves,31,28,W,10,18,0.556,4,9,0.444,7,8,0.875,2,6,8,7,3,1,5,6,3,12,26,0.462,1,9,0.111,3,3,1.0,5,5,10,5,2,1,4,7,-3
0022400182,2024-11-07,2024-25,regular_season,False,1610612749,MIL,Milwaukee Bucks,1610612762,UTA,Utah Jazz,26,32,L,8,21,0.381,3,10,0.3,7,11,0.636,5,9,14,3,2,1,4,6,-6,11,24,0.458,7,10,0.7,3,3,1.0,3,7,10,8,2,1,3,5,6
0022400183,2024-11-07,2024-25,regular_season,False,1610612759,SAS,San Antonio Spurs,1610612757,POR,Portland Trail Blazers,23,28,L,10,20,0.5,2,8,0.25,1,1,1.0,1,9,10,8,1,0,4,2,-5,12,24,0.5,3,9,0.333,1,2,0.5,4,9,13,7,1,2,3,2,5
0022400192,2024-11-08,2024-25,regular_season,False,1610612760,OKC,Oklahoma City Thunder,1610612745,HOU,Houston Rockets,44,20,W,14,20,0.7,6,8,0.75,10,11,0.909,0,12,12,7,0,1,0,5,24,7,24,0.292,2,12,0.167,4,4,1.0,3,7,10,3,0,1,2,5,-24
0022400196,2024-11-08,2024-25,regular_season,False,1610612758,SAC,Sacramento Kings,1610612746,LAC,LA Clippers,17,17,L,5,18,0.278,1,10,0.1,6,7,0.857,0,10,10,5,3,1,4,4,0,7,20,0.35,2,7,0.286,1,2,0.5,2,12,14,4,1,1,7,6,0
0022400195,2024-11-08,2024-25,regular_season,False,1610612747,LAL,Los Angeles Lakers,1610612755,PHI,Philadelphia 76ers,32,31,W,13,21,0.619,5,9,0.556,1,1,1.0,2,9,11,8,0,2,5,7,1,11,23,0.478,3,8,0.375,6,11,0.545,3,4,7,6,3,0,1,3,-1
0022400194,2024-11-08,2024-25,regular_season,False,1610612743,DEN,Denver Nuggets,1610612748,MIA,Miami Heat,31,33,L,11,21,0.524,5,12,0.417,4,4,1.0,1,9,10,8,1,1,6,7,-2,10,24,0.417,7,15,0.467,6,8,0.75,1,9,10,8,4,1,3,3,2
0022400193,2024-11-08,2024-25,regular_season,False,1610612750,MIN,Minnesota Timberwolves,1610612757,POR,Portland Trail Blazers,29,34,L,9,19,0.474,7,14,0.5,4,5,0.8,1,8,9,6,1,0,9,10,-5,10,19,0.526,3,5,0.6,11,15,0.733,3,5,8,6,6,2,4,6,5
0022400191,2024-11-08,2024-25,regular_season,False,1610612763,MEM,Memphis Grizzlies,1610612764,WAS,Washington Wizards,32,25,W,11,23,0.478,3,7,0.429,7,9,0.778,4,7,11,9,3,1,4,5,7,8,19,0.421,4,10,0.4,5,6,0.833,2,7,9,6,3,2,8,10,-7
0022400188,2024-11-08,2024-25,regular_season,False,1610612739,CLE,Cleveland Cavaliers,1610612744,GSW,Golden State Warriors,44,20,W,16,25,0.64,7,12,0.583,5,8,0.625,4,9,13,14,3,2,2,3,24,7,17,0.412,3,7,0.429,3,4,0.75,0,5,5,6,2,1,9,7,-24
0022400189,2024-11-08,2024-25,regular_season,False,1610612752,NYK,New York Knicks,1610612749,MIL,Milwaukee Bucks,34,22,W,13,25,0.52,4,13,0.308,4,5,0.8,4,10,14,11,2,1,1,5,12,8,21,0.381,1,6,0.167,5,8,0.625,5,7,12,6,0,0,3,3,-12
0022400187,2024-11-08,2024-25,regular_season,False,1610612738,BOS,Boston Celtics,1610612751,BKN,Brooklyn Nets,25,23,W,10,20,0.5,3,12,0.25,2,2,1.0,0,9,9,5,0,2,4,4,2,8,25,0.32,1,11,0.091,6,6,1.0,3,9,12,5,1,1,2,4,-2
0022400186,2024-11-08,2024-25,regular_season,False,1610612753,ORL,Orlando Magic,1610612740,NOP,New Orleans Pelicans,20,24,L,7,19,0.368,1,11,0.091,5,6,0.833,2,5,7,5,1,2,5,3,-4,9,19,0.474,3,9,0.333,3,3,1.0,0,8,8,4,4,0,4,6,4
0022400185,2024-11-08,2024-25,regular_season,False,1610612765,DET,Detroit Pistons,1610612737,ATL,Atlanta Hawks,26,30,L,9,26,0.346,3,11,0.273,5,5,1.0,5,8,13,5,0,2,7,6,-4,11,22,0.5,3,7,0.429,5,6,0.833,2,10,12,8,4,1,6,5,4
0022400184,2024-11-08,2024-25,regular_season,False,1610612766,CHA,Charlotte Hornets,1610612754,IND,Indiana Pacers,15,18,L,6,24,0.25,1,10,0.1,2,4,0.5,3,12,15,3,1,2,5,4,-3,7,21,0.333,2,6,0.333,2,4,0.5,2,10,12,5,4,2,5,6,3
0022400190,2024-11-08,2024-25,regular_season,False,1610612742,DAL,Dallas Mavericks,1610612756,PHX,Phoenix Suns,24,27,L,9,21,0.429,3,9,0.333,3,3,1.0,2,7,9,6,1,0,3,6,-3,10,22,0.455,2,9,0.222,5,6,0.833,4,8,12,5,1,0,2,4,3
0022400197,2024-11-09,2024-25,regular_season,False,1610612759,SAS,San Antonio Spurs,1610612762,UTA,Utah Jazz,23,28,L,8,24,0.333,4,16,0.25,3,4,0.75,1,5,6,6,3,1,2,6,-5,7,15,0.467,3,6,0.5,11,12,0.917,1,12,13,4,1,1,8,5,5
0022400198,2024-11-09,2024-25,regular_season,False,1610612737,ATL,Atlanta Hawks,1610612741,CHI,Chicago Bulls,33,36,L,10,19,0.526,4,7,0.571,9,11,0.818,2,4,6,6,2,2,4,5,-3,13,23,0.565,5,9,0.556,5,6,0.833,3,5,8,9,3,2,4,5,3
0022400199,2024-11-09,2024-25,regular_season,False,1610612739,CLE,Cleveland Cavaliers,1610612751,BKN,Brooklyn Nets,23,27,L,9,22,0.409,3,11,0.273,2,2,1.0,1,7,8,5,4,0,4,7,-4,8,17,0.471,3,9,0.333,8,8,1.0,2,8,10,4,0,1,5,2,4
0022400200,2024-11-09,2024-25,regular_season,False,1610612746,LAC,LA Clippers,1610612761,TOR,Toronto Raptors,24,25,L,8,17,0.471,4,8,0.5,4,6,0.667,1,12,13,4,0,4,4,2,-1,10,26,0.385,4,10,0.4,1,2,0.5,2,9,11,7,1,2,1,3,1
0022400211,2024-11-10,2024-25,regular_season,False,1610612747,LAL,Los Angeles Lakers,1610612761,TOR,Toronto Raptors,27,21,W,8,18,0.444,3,9,0.333,8,9,0.889,1,6,7,4,3,1,4,1,6,9,25,0.36,2,10,0.2,1,2,0.5,6,8,14,8,1,1,7,8,-6
0022400209,2024-11-10,2024-25,regular_season,False,1610612756,PHX,Phoenix Suns,1610612758,SAC,Sacramento Kings,22,24,L,9,25,0.36,4,16,0.25,0,0,0.0,1,13,14,6,2,1,4,3,-2,10,28,0.357,4,14,0.286,0,0,0.0,0,14,14,5,2,0,2,3,2
0022400208,2024-11-10,2024-25,regular_season,False,1610612743,DEN,Denver Nuggets,1610612742,DAL,Dallas Mavericks,25,34,L,11,23,0.478,3,7,0.429,0,3,0.0,1,7,8,6,2,2,4,3,-9,13,22,0.591,1,5,0.2,7,7,1.0,1,12,13,10,3,2,3,3,9
0022400207,2024-11-10,2024-25,regular_season,False,1610612760,OKC,Oklahoma City Thunder,1610612744,GSW,Golden State Warriors,25,39,L,8,18,0.444,2,7,0.286,7,7,1.0,1,8,9,5,1,1,6,3,-14,14,24,0.583,9,14,0.643,2,3,0.667,0,6,6,12,3,0,2,6,14
0022400206,2024-11-10,2024-25,regular_season,False,1610612750,MIN,Minnesota Timberwolves,1610612748,MIA,Miami Heat,31,25,W,12,20,0.6,4,7,0.571,3,3,1.0,2,9,11,8,3,1,6,6,6,9,20,0.45,4,6,0.667,3,4,0.75,1,6,7,5,4,2,6,5,-6
0022400210,2024-11-10,2024-25,regular_season,False,1610612757,POR,Portland Trail Blazers,1610612763,MEM,Memphis Grizzlies,27,33,L,11,28,0.393,0,8,0.0,5,6,0.833,5,5,10,6,2,0,4,7,-6,11,19,0.579,3,8,0.375,8,8,1.0,2,9,11,8,3,4,7,6,6
0022400204,2024-11-10,2024-25,regular_season,False,1610612753,ORL,Orlando Magic,1610612764,WAS,Washington Wizards,35,34,W,12,25,0.48,6,12,0.5,5,5,1.0,2,7,9,8,0,1,1,3,1,12,20,0.6,7,12,0.583,3,4,0.75,0,9,9,8,0,2,3,4,-1
0022400203,2024-11-10,2024-25,regular_season,False,1610612754,IND,Indiana Pacers,1610612752,NYK,New York Knicks,29,35,L,10,22,0.455,4,11,0.364,5,6,0.833,1,7,8,3,2,0,2,4,-6,14,23,0.609,5,10,0.5,2,3,0.667,3,9,12,8,2,0,4,5,6
0022400202,2024-11-10,2024-25,regular_season,False,1610612749,MIL,Milwaukee Bucks,1610612738,BOS,Boston Celtics,29,28,W,11,21,0.524,5,8,0.625,2,2,1.0,1,8,9,7,2,2,3,4,1,10,23,0.435,4,12,0.333,4,4,1.0,3,7,10,7,0,0,3,4,-1
0022400201,2024-11-10,2024-25,regular_season,False,1610612765,DET,Detroit Pistons,1610612745,HOU,Houston Rockets,28,23,W,10,20,0.5,5,11,0.455,3,4,0.75,3,8,11,7,2,1,5,6,5,9,21,0.429,1,9,0.111,4,5,0.8,3,8,11,7,3,1,6,4,-5
0022400205,2024-11-10,2024-25,regular_season,False,1610612755,PHI,Philadelphia 76ers,1610612766,CHA,Charlotte Hornets,30,30,W,12,20,0.6,0,6,0.0,6,9,0.667,1,9,10,7,2,0,3,7,0,9,17,0.529,3,9,0.333,9,11,0.818,0,9,9,8,2,0,5,7,0
0022400212,2024-11-11,2024-25,regular_season,False,1610612741,CHI,Chicago Bulls,1610612739,CLE,Cleveland Cavaliers,31,33,L,11,21,0.524,5,11,0.455,4,4,1.0,0,11,11,8,2,2,6,4,-2,12,27,0.444,4,13,0.308,5,6,0.833,4,8,12,8,3,1,2,3,2
0022400213,2024-11-11,2024-25,regular_season,False,1610612745,HOU,Houston Rockets,1610612764,WAS,Washington Wizards,27,21,W,12,23,0.522,3,6,0.5,0,2,0.0,3,12,15,3,3,2,5,2,6,9,22,0.409,3,10,0.3,0,0,0.0,1,8,9,5,3,1,5,2,-6
0022400214,2024-11-11,2024-25,regular_season,False,1610612740,NOP,New Orleans Pelicans,1610612751,BKN,Brooklyn Nets,34,28,W,13,25,0.52,6,11,0.545,2,2,1.0,3,10,13,9,2,1,2,3,6,10,21,0.476,4,9,0.444,4,4,1.0,1,8,9,8,1,3,2,4,-6
0022400215,2024-11-11,2024-25,regular_season,False,1610612760,OKC,Oklahoma City Thunder,1610612746,LAC,LA Clippers,41,29,W,13,26,0.5,7,13,0.538,8,8,1.0,2,5,7,7,5,0,2,2,12,11,21,0.524,6,13,0.462,1,2,0.5,3,10,13,7,1,3,10,9,-12
0022400216,2024-11-11,2024-25,regular_season,False,1610612759,SAS,San Antonio Spurs,1610612758,SAC,Sacramento Kings,38,29,W,15,24,0.625,7,13,0.538,1,1,1.0,3,10,13,11,1,3,5,3,9,11,26,0.423,5,12,0.417,2,2,1.0,4,5,9,6,3,1,2,4,-9
0022400008,2024-11-12,2024-25,regular_season,False,1610612757,POR,Portland Trail Blazers,1610612750,MIN,Minnesota Timberwolves,32,36,L,12,18,0.667,6,9,0.667,2,2,1.0,2,4,6,11,1,0,6,8,-4,12,19,0.632,5,12,0.417,7,7,1.0,1,4,5,8,2,0,3,7,4
0022400007,2024-11-12,2024-25,regular_season,False,1610612744,GSW,Golden State Warriors,1610612742,DAL,Dallas Mavericks,26,36,L,10,20,0.5,1,7,0.143,5,9,0.556,4,7,11,8,1,1,6,2,-10,15,24,0.625,3,8,0.375,3,4,0.75,2,7,9,9,4,0,1,6,10
0022400006,2024-11-12,2024-25,regular_season,False,1610612762,UTA,Utah Jazz,1610612756,PHX,Phoenix Suns,28,31,L,12,28,0.429,3,9,0.333,1,3,0.333,8,5,13,7,3,0,3,3,-3,12,19,0.632,4,7,0.571,3,4,0.75,1,9,10,6,2,6,5,4,3
0022400005,2024-11-12,2024-25,regular_season,False,1610612749,MIL,Milwaukee Bucks,1610612761,TOR,Toronto Raptors,28,22,W,11,24,0.458,4,13,0.308,2,4,0.5,2,10,12,6,6,2,4,7,6,6,17,0.353,1,3,0.333,9,11,0.818,1,10,11,5,4,2,8,3,-6
0022400002,2024-11-12,2024-25,regular_season,False,1610612765,DET,Detroit Pistons,1610612748,MIA,Miami Heat,25,30,L,9,25,0.36,2,8,0.25,5,5,1.0,6,11,17,8,0,0,2,4,-5,11,29,0.379,6,13,0.462,2,2,1.0,5,9,14,6,1,2,0,3,5
0022400003,2024-11-12,2024-25,regular_season,False,1610612753,ORL,Orlando Magic,1610612766,CHA,Charlotte Hornets,27,18,W,12,25,0.48,2,12,0.167,1,1,1.0,1,5,6,4,5,1,2,7,9,6,14,0.429,3,5,0.6,3,5,0.6,1,11,12,4,1,1,10,5,-9
0022400001,2024-11-12,2024-25,regular_season,False,1610612738,BOS,Boston Celtics,1610612737,ATL,Atlanta Hawks,34,25,W,11,21,0.524,6,13,0.462,6,6,1.0,1,9,10,10,1,3,3,2,9,10,23,0.435,3,11,0.273,2,4,0.5,3,6,9,7,2,0,4,4,-9
0022400004,2024-11-12,2024-25,regular_season,False,1610612755,PHI,Philadelphia 76ers,1610612752,NYK,New York Knicks,25,27,L,5,19,0.263,2,8,0.25,13,13,1.0,4,8,12,3,2,3,3,4,-2,11,26,0.423,2,10,0.2,3,3,1.0,4,9,13,6,2,1,4,7,2
0022400224,2024-11-13,2024-25,regular_season,False,1610612759,SAS,San Antonio Spurs,1610612764,WAS,Washington Wizards,35,36,L,14,26,0.538,3,12,0.25,4,5,0.8,3,8,11,11,1,2,2,3,-1,14,26,0.538,5,11,0.455,3,3,1.0,3,8,11,10,1,1,4,3,1
0022400227,2024-11-13,2024-25,regular_season,False,1610612758,SAC,Sacramento Kings,1610612756,PHX,Phoenix Suns,26,27,L,11,19,0.579,4,8,0.5,0,0,0.0,0,9,9,9,1,2,4,6,-1,9,24,0.375,4,11,0.364,5,8,0.625,7,8,15,6,3,0,2,1,1
0022400226,2024-11-13,2024-25,regular_season,False,1610612757,POR,Portland Trail Blazers,1610612750,MIN,Minnesota Timberwolves,25,15,W,10,24,0.417,0,6,0.0,5,5,1.0,4,12,16,1,7,1,4,3,10,6,20,0.3,1,10,0.1,2,3,0.667,2,9,11,3,4,0,7,4,-10
0022400225,2024-11-13,2024-25,regular_season,False,1610612747,LAL,Los Angeles Lakers,1610612763,MEM,Memphis Grizzlies,27,38,L,7,17,0.412,4,10,0.4,9,12,0.75,1,5,6,4,3,1,6,7,-11,14,20,0.7,3,5,0.6,7,10,0.7,1,7,8,9,3,1,4,6,11
0022400223,2024-11-13,2024-25,regular_season,False,1610612749,MIL,Milwaukee Bucks,1610612765,DET,Detroit Pistons,23,33,L,9,22,0.409,4,10,0.4,1,2,0.5,3,6,9,7,3,1,5,4,-10,12,20,0.6,4,6,0.667,5,5,1.0,0,8,8,8,4,0,4,4,10
0022400220,2024-11-13,2024-25,regular_season,False,1610612755,PHI,Philadelphia 76ers,1610612739,CLE,Cleveland Cavaliers,27,17,W,11,22,0.5,5,11,0.455,0,0,0.0,1,13,14,7,3,1,5,3,10,6,20,0.3,1,9,0.111,4,5,0.8,2,9,11,5,2,0,4,2,-10
0022400221,2024-11-13,2024-25,regular_season,False,1610612760,OKC,Oklahoma City Thunder,1610612740,NOP,New Orleans Pelicans,21,22,L,8,23,0.348,2,10,0.2,3,4,0.75,1,5,6,4,4,2,1,5,-1,8,21,0.381,1,8,0.125,5,9,0.556,8,12,20,3,1,1,7,5,1
0022400222,2024-11-13,2024-25,regular_season,False,1610612745,HOU,Houston Rockets,1610612746,LAC,LA Clippers,33,28,W,12,23,0.522,4,11,0.364,5,6,0.833,4,10,14,8,3,2,3,6,5,9,19,0.474,2,8,0.25,8,8,1.0,0,6,6,8,2,0,4,4,-5
0022400219,2024-11-13,2024-25,regular_season,False,1610612752,NYK,New York Knicks,1610612741,CHI,Chicago Bulls,25,30,L,10,25,0.4,4,13,0.308,1,2,0.5,4,6,10,8,1,2,4,3,-5,10,19,0.526,4,9,0.444,6,6,1.0,0,9,9,5,2,2,5,5,5
0022400218,2024-11-13,2024-25,regular_season,False,1610612751,BKN,Brooklyn Nets,1610612738,BOS,Boston Celtics,26,33,L,8,18,0.444,3,9,0.333,7,9,0.778,1,7,8,3,0,1,2,4,-7,13,25,0.52,5,11,0.455,2,4,0.5,4,10,14,9,2,1,2,6,7
0022400217,2024-11-13,2024-25,regular_season,False,1610612753,ORL,Orlando Magic,1610612754,IND,Indiana Pacers,23,18,W,8,22,0.364,3,11,0.273,4,6,0.667,4,8,12,6,1,1,3,5,5,6,19,0.316,1,8,0.125,5,6,0.833,2,9,11,4,1,2,5,5,-5
0022400228,2024-11-14,2024-25,regular_season,False,1610612762,UTA,Utah Jazz,1610612742,DAL,Dallas Mavericks,34,36,L,13,23,0.565,5,11,0.455,3,4,0.75,4,3,7,7,1,1,4,11,-2,11,19,0.579,3,9,0.333,11,14,0.786,4,3,7,8,2,3,3,3,2
0022400020,2024-11-15,2024-25,regular_season,False,1610612758,SAC,Sacramento Kings,1610612750,MIN,Minnesota Timberwolves,27,30,L,11,19,0.579,3,7,0.429,2,2,1.0,2,11,13,4,0,1,4,4,-3,10,21,0.476,5,10,0.5,5,7,0.714,2,4,6,7,2,1,0,2,3
0022400019,2024-11-15,2024-25,regular_season,False,1610612744,GSW,Golden State Warriors,1610612763,MEM,Memphis Grizzlies,26,20,W,10,27,0.37,4,9,0.444,2,2,1.0,3,12,15,6,4,3,5,5,6,9,30,0.3,1,13,0.077,1,1,1.0,6,12,18,5,3,4,6,4,-6
0022400018,2024-11-15,2024-25,regular_season,False,1610612760,OKC,Oklahoma City Thunder,1610612756,PHX,Phoenix Suns,19,22,L,7,25,0.28,3,12,0.25,2,2,1.0,4,9,13,5,2,2,3,6,-3,8,20,0.4,2,8,0.25,4,9,0.444,5,13,18,6,1,3,5,3,3
0022400017,2024-11-15,2024-25,regular_season,False,1610612740,NOP,New Orleans Pelicans,1610612743,DEN,Denver Nuggets,27,32,L,10,22,0.455,3,7,0.429,4,4,1.0,2,6,8,5,2,2,3,1,-5,13,20,0.65,5,9,0.556,1,1,1.0,0,10,10,10,3,0,4,4,5
0022400016,2024-11-15,2024-25,regular_season,False,1610612745,HOU,Houston Rockets,1610612746,LAC,LA Clippers,37,25,W,12,20,0.6,7,10,0.7,6,8,0.75,3,10,13,9,4,0,4,3,12,10,22,0.455,4,12,0.333,1,1,1.0,1,6,7,3,1,2,5,6,-12
0022400015,2024-11-15,2024-25,regular_season,False,1610612759,SAS,San Antonio Spurs,1610612747,LAL,Los Angeles Lakers,30,37,L,11,24,0.458,5,13,0.385,3,6,0.5,5,8,13,6,1,2,4,4,-7,15,25,0.6,5,7,0.714,2,2,1.0,1,8,9,12,4,0,2,3,7
0022400012,2024-11-15,2024-25,regular_season,False,1610612737,ATL,Atlanta Hawks,1610612764,WAS,Washington Wizards,30,11,W,12,28,0.429,3,11,0.273,3,3,1.0,5,15,20,8,4,5,5,2,19,5,30,0.167,1,11,0.091,0,0,0.0,6,10,16,1,4,2,7,5,-19
0022400013,2024-11-15,2024-25,regular_season,False,1610612739,CLE,Cleveland Cavaliers,1610612741,CHI,Chicago Bulls,28,39,L,9,21,0.429,4,9,0.444,6,7,0.857,1,8,9,6,0,0,4,3,-11,16,24,0.667,6,10,0.6,1,2,0.5,0,9,9,11,0,1,0,5,11
0022400011,2024-11-15,2024-25,regular_season,False,1610612761,TOR,Toronto Raptors,1610612765,DET,Detroit Pistons,25,23,W,8,24,0.333,2,7,0.286,7,9,0.778,1,9,10,4,2,0,4,4,2,9,21,0.429,1,10,0.1,4,7,0.571,1,14,15,3,1,2,5,6,-2
0022400010,2024-11-15,2024-25,regular_season,False,1610612753,ORL,Orlando Magic,1610612755,PHI,Philadelphia 76ers,19,24,L,7,18,0.389,2,7,0.286,3,4,0.75,2,4,6,4,3,1,5,4,-5,10,20,0.5,2,7,0.286,2,2,1.0,2,9,11,7,3,1,5,6,5
0022400009,2024-11-15,2024-25,regular_season,False,1610612754,IND,Indiana Pacers,1610612748,MIA,Miami Heat,26,35,L,10,18,0.556,4,9,0.444,2,3,0.667,0,7,7,7,2,0,5,5,-9,13,21,0.619,5,11,0.455,4,6,0.667,1,7,8,7,2,0,2,2,9
0022400014,2024-11-15,2024-25,regular_season,False,1610612752,NYK,New York Knicks,1610612751,BKN,Brooklyn Nets,31,27,W,11,18,0.611,2,7,0.286,7,8,0.875,1,12,13,5,1,2,5,6,4,8,26,0.308,3,14,0.214,8,8,1.0,3,5,8,6,4,0,1,6,-4
0022400233,2024-11-16,2024-25,regular_season,False,1610612758,SAC,Sacramento Kings,1610612762,UTA,Utah Jazz,29,32,L,10,21,0.476,3,9,0.333,6,6,1.0,2,5,7,5,1,1,1,6,-3,12,21,0.571,4,8,0.5,4,7,0.571,3,6,9,5,0,1,4,4,3
0022400231,2024-11-16,2024-25,regular_season,False,1610612740,NOP,New Orleans Pelicans,1610612747,LAL,Los Angeles Lakers,26,25,W,10,23,0.435,2,7,0.286,4,5,0.8,7,10,17,6,0,0,4,6,1,10,24,0.417,3,10,0.3,2,3,0.667,4,5,9,5,1,1,0,4,-1
0022400232,2024-11-16,2024-25,regular_season,False,1610612742,DAL,Dallas Mavericks,1610612759,SAS,San Antonio Spurs,32,23,W,13,23,0.565,3,8,0.375,3,5,0.6,5,9,14,7,2,2,5,3,9,8,23,0.348,3,11,0.273,4,4,1.0,4,5,9,3,5,2,3,3,-9
0022400229,2024-11-16,2024-25,regular_season,False,1610612766,CHA,Charlotte Hornets,1610612749,MIL,Milwaukee Bucks,26,24,W,10,25,0.4,2,12,0.167,4,4,1.0,6,11,17,5,1,2,4,5,2,10,20,0.5,2,7,0.286,2,5,0.4,0,8,8,6,1,0,2,6,-2
0022400230,2024-11-16,2024-25,regular_season,False,1610612738,BOS,Boston Celtics,1610612761,TOR,Toronto Raptors,28,28,W,11,25,0.44,3,11,0.273,3,3,1.0,2,8,10,7,0,1,0,5,0,10,21,0.476,2,5,0.4,6,8,0.75,4,11,15,9,0,1,2,4,0
0022400243,2024-11-17,2024-25,regular_season,False,1610612746,LAC,LA Clippers,1610612762,UTA,Utah Jazz,31,20,W,12,23,0.522,2,9,0.222,5,5,1.0,3,9,12,9,2,3,1,4,11,8,20,0.4,2,10,0.2,2,4,0.5,3,6,9,5,0,1,3,3,-11
0022400242,2024-11-17,2024-25,regular_season,False,1610612760,OKC,Oklahoma City Thunder,1610612742,DAL,Dallas Mavericks,24,27,L,9,22,0.409,3,11,0.273,3,3,1.0,2,6,8,7,2,0,3,8,-3,7,17,0.412,1,4,0.25,10,11,0.909,5,9,14,5,0,2,4,4,3
0022400240,2024-11-17,2024-25,regular_season,False,1610612752,NYK,New York Knicks,1610612751,BKN,Brooklyn Nets,30,28,W,12,21,0.571,4,9,0.444,2,4,0.5,3,9,12,10,1,2,2,6,2,9,19,0.474,5,10,0.5,5,6,0.833,1,7,8,9,0,1,1,3,-2
0022400239,2024-11-17,2024-25,regular_season,False,1610612757,POR,Portland Trail Blazers,1610612737,ATL,Atlanta Hawks,35,31,W,14,27,0.519,4,12,0.333,3,4,0.75,4,3,7,7,6,0,3,6,4,9,18,0.5,4,8,0.5,7,9,0.778,6,7,13,7,3,2,10,4,-4
0022400241,2024-11-17,2024-25,regular_season,False,1610612741,CHI,Chicago Bulls,1610612745,HOU,Houston Rockets,26,41,L,6,21,0.286,3,10,0.3,11,11,1.0,1,8,9,3,2,1,5,5,-15,16,27,0.593,3,7,0.429,6,9,0.667,5,13,18,10,3,2,3,9,15
0022400237,2024-11-17,2024-25,regular_season,False,1610612764,WAS,Washington Wizards,1610612765,DET,Detroit Pistons,35,37,L,14,24,0.583,3,5,0.6,4,6,0.667,3,9,12,7,2,1,2,2,-2,14,28,0.5,6,13,0.462,3,3,1.0,4,8,12,7,1,1,2,5,2
0022400236,2024-11-17,2024-25,regular_season,False,1610612739,CLE,Cleveland Cavaliers,1610612766,CHA,Charlotte Hornets,34,31,W,12,18,0.667,4,8,0.5,6,6,1.0,1,10,11,5,2,1,5,1,3,11,27,0.407,7,18,0.389,2,2,1.0,4,5,9,11,3,1,2,5,-3
0022400235,2024-11-17,2024-25,regular_season,False,1610612754,IND,Indiana Pacers,1610612748,MIA,Miami Heat,24,29,L,10,24,0.417,2,9,0.222,2,3,0.667,2,7,9,6,3,1,4,1,-5,11,25,0.44,5,10,0.5,2,2,1.0,6,7,13,7,2,0,5,1,5
0022400234,2024-11-17,2024-25,regular_season,False,1610612750,MIN,Minnesota Timberwolves,1610612756,PHX,Phoenix Suns,32,33,L,10,19,0.526,6,11,0.545,6,8,0.75,3,4,7,9,2,1,5,2,-1,14,21,0.667,2,6,0.333,3,3,1.0,3,7,10,8,4,0,5,6,1
0022400238,2024-11-17,2024-25,regular_season,False,1610612763,MEM,Memphis Grizzlies,1610612743,DEN,Denver Nuggets,27,18,W,11,23,0.478,5,12,0.417,0,0,0.0,3,11,14,8,2,1,4,2,9,8,20,0.4,1,5,0.2,1,2,0.5,1,8,9,6,4,2,4,3,-9
0022400250,2024-11-18,2024-25,regular_season,False,1610612758,SAC,Sacramento Kings,1610612737,ATL,Atlanta Hawks,35,32,W,13,23,0.565,7,11,0.636,2,3,0.667,3,10,13,9,0,0,6,6,3,11,23,0.478,3,11,0.273,7,7,1.0,0,5,5,11,4,2,1,4,-3
0022400244,2024-11-18,2024-25,regular_season,False,1610612765,DET,Detroit Pistons,1610612741,CHI,Chicago Bulls,32,29,W,12,23,0.522,6,11,0.545,2,3,0.667,1,9,10,10,1,1,3,5,3,11,24,0.458,4,11,0.364,3,4,0.75,2,10,12,10,0,3,3,3,-3
0022400245,2024-11-18,2024-25,regular_season,False,1610612748,MIA,Miami Heat,1610612755,PHI,Philadelphia 76ers,28,23,W,8,20,0.4,3,9,0.333,9,10,0.9,3,11,14,8,1,1,3,1,5,10,23,0.435,3,14,0.214,0,0,0.0,1,7,8,5,2,2,3,8,-5
0022400246,2024-11-18,2024-25,regular_season,False,1610612752,NYK,New York Knicks,1610612764,WAS,Washington Wizards,33,27,W,13,23,0.565,3,9,0.333,4,4,1.0,1,6,7,9,1,0,0,2,6,11,20,0.55,4,7,0.571,1,4,0.25,3,8,11,6,0,0,4,5,-6
0022400247,2024-11-18,2024-25,regular_season,False,1610612761,TOR,Toronto Raptors,1610612754,IND,Indiana Pacers,35,30,W,14,24,0.583,3,7,0.429,4,4,1.0,4,9,13,8,3,3,7,5,5,12,27,0.444,5,11,0.455,1,1,1.0,3,4,7,11,5,1,5,5,-5
0022400248,2024-11-18,2024-25,regular_season,False,1610612749,MIL,Milwaukee Bucks,1610612745,HOU,Houston Rockets,30,17,W,12,23,0.522,6,11,0.545,0,0,0.0,1,11,12,7,2,1,4,6,13,7,26,0.269,0,5,0.0,3,4,0.75,4,7,11,2,2,2,3,1,-13
0022400249,2024-11-18,2024-25,regular_season,False,1610612756,PHX,Phoenix Suns,1610612753,ORL,Orlando Magic,26,38,L,9,21,0.429,2,11,0.182,6,10,0.6,5,5,10,5,2,0,4,8,-12,12,20,0.6,6,10,0.6,8,8,1.0,2,6,8,8,1,1,2,6,12
0022400251,2024-11-18,2024-25,regular_season,False,1610612746,LAC,LA Clippers,1610612744,GSW,Golden State Warriors,29,23,W,11,22,0.5,5,9,0.556,2,2,1.0,2,10,12,8,3,0,7,6,6,9,20,0.45,3,11,0.273,2,6,0.333,2,8,10,5,4,3,6,4,-6
0022400025,2024-11-19,2024-25,regular_season,False,1610612759,SAS,San Antonio Spurs,1610612760,OKC,Oklahoma City Thunder,28,22,W,9,18,0.5,4,9,0.444,6,8,0.75,1,11,12,8,0,1,6,4,6,7,25,0.28,4,17,0.235,4,4,1.0,3,7,10,4,5,1,3,7,-6
0022400026,2024-11-19,2024-25,regular_season,False,1610612747,LAL,Los Angeles Lakers,1610612762,UTA,Utah Jazz,23,22,W,9,18,0.5,1,8,0.125,4,7,0.571,1,10,11,6,2,1,4,5,1,8,25,0.32,2,12,0.167,4,6,0.667,7,10,17,2,3,0,4,5,-1
0022400024,2024-11-19,2024-25,regular_season,False,1610612742,DAL,Dallas Mavericks,1610612740,NOP,New Orleans Pelicans,19,22,L,8,23,0.348,1,6,0.167,2,3,0.667,3,6,9,3,2,3,2,4,-3,7,20,0.35,2,10,0.2,6,7,0.857,4,11,15,3,2,2,4,4,3
0022400021,2024-11-19,2024-25,regular_season,False,1610612738,BOS,Boston Celtics,1610612739,CLE,Cleveland Cavaliers,39,28,W,14,21,0.667,9,11,0.818,2,2,1.0,2,7,9,10,0,1,2,3,11,11,21,0.524,4,8,0.5,2,2,1.0,2,4,6,7,1,0,2,4,-11
0022400022,2024-11-19,2024-25,regular_season,False,1610612751,BKN,Brooklyn Nets,1610612766,CHA,Charlotte Hornets,31,22,W,10,22,0.455,5,10,0.5,6,7,0.857,3,8,11,8,3,2,4,1,9,8,24,0.333,3,9,0.333,3,3,1.0,5,9,14,5,2,2,7,6,-9
0022400023,2024-11-19,2024-25,regular_season,False,1610612763,MEM,Memphis Grizzlies,1610612743,DEN,Denver Nuggets,33,37,L,14,30,0.467,2,5,0.4,3,6,0.5,9,9,18,6,1,1,6,8,-4,14,24,0.583,5,11,0.455,4,8,0.5,3,7,10,11,3,3,4,8,4
0022400259,2024-11-20,2024-25,regular_season,False,1610612746,LAC,LA Clippers,1610612753,ORL,Orlando Magic,28,29,L,10,17,0.588,4,6,0.667,4,5,0.8,4,6,10,7,2,0,8,4,-1,10,18,0.556,3,10,0.3,6,6,1.0,0,2,2,6,4,2,4,6,1
0022400257,2024-11-20,2024-25,regular_season,False,1610612756,PHX,Phoenix Suns,1610612752,NYK,New York Knicks,30,32,L,13,26,0.5,4,10,0.4,0,0,0.0,3,6,9,6,3,0,5,6,-2,11,22,0.5,2,8,0.25,8,9,0.889,3,9,12,2,3,0,3,1,2
0022400256,2024-11-20,2024-25,regular_season,False,1610612760,OKC,Oklahoma City Thunder,1610612757,POR,Portland Trail Blazers,26,21,W,11,20,0.55,3,7,0.429,1,2,0.5,2,9,11,9,6,2,7,4,5,7,22,0.318,2,6,0.333,5,6,0.833,6,6,12,2,3,0,8,4,-5
0022400258,2024-11-20,2024-25,regular_season,False,1610612744,GSW,Golden State Warriors,1610612737,ATL,Atlanta Hawks,26,20,W,11,30,0.367,2,13,0.154,2,2,1.0,3,12,15,8,6,2,4,7,6,7,27,0.259,2,9,0.222,4,10,0.4,6,15,21,5,2,2,7,2,-6
0022400254,2024-11-20,2024-25,regular_season,False,1610612745,HOU,Houston Rockets,1610612754,IND,Indiana Pacers,32,30,W,13,28,0.464,2,6,0.333,4,5,0.8,3,9,12,6,2,1,3,5,2,11,22,0.5,2,5,0.4,6,6,1.0,0,8,8,4,2,3,3,8,-2
0022400253,2024-11-20,2024-25,regular_season,False,1610612749,MIL,Milwaukee Bucks,1610612741,CHI,Chicago Bulls,33,27,W,12,20,0.6,2,6,0.333,7,7,1.0,2,7,9,8,4,0,4,5,6,10,20,0.5,3,8,0.375,4,4,1.0,2,5,7,6,2,0,6,6,-6
0022400252,2024-11-20,2024-25,regular_season,False,1610612739,CLE,Cleveland Cavaliers,1610612740,NOP,New Orleans Pelicans,40,31,W,16,25,0.64,8,13,0.615,0,0,0.0,4,6,10,8,2,2,2,4,9,13,26,0.5,3,6,0.5,2,4,0.5,8,3,11,6,2,0,2,1,-9
0022400255,2024-11-20,2024-25,regular_season,False,1610612763,MEM,Memphis Grizzlies,1610612755,PHI,Philadelphia 76ers,32,22,W,12,24,0.5,8,15,0.533,0,0,0.0,3,8,11,9,1,4,5,2,10,10,27,0.37,2,6,0.333,0,1,0.0,8,5,13,7,4,1,4,4,-10
0022400260,2024-11-21,2024-25,regular_season,False,1610612766,CHA,Charlotte Hornets,1610612765,DET,Detroit Pistons,30,32,L,11,24,0.458,6,15,0.4,2,2,1.0,2,6,8,6,2,0,3,5,-2,12,25,0.48,4,11,0.364,4,6,0.667,6,11,17,6,2,0,5,4,2
0022400261,2024-11-21,2024-25,regular_season,False,1610612761,TOR,Toronto Raptors,1610612750,MIN,Minnesota Timberwolves,20,24,L,7,21,0.333,3,9,0.333,3,4,0.75,5,7,12,3,3,1,5,5,-4,8,19,0.421,3,7,0.429,5,6,0.833,2,10,12,5,5,2,6,4,4
0022400262,2024-11-21,2024-25,regular_season,False,1610612759,SAS,San Antonio Spurs,1610612762,UTA,Utah Jazz,34,35,L,13,25,0.52,4,12,0.333,4,6,0.667,3,8,11,12,2,3,2,4,-1,13,24,0.542,6,12,0.5,3,4,0.75,2,8,10,7,0,1,2,4,1
0022400263,2024-11-21,2024-25,regular_season,False,1610612747,LAL,Los Angeles Lakers,1610612753,ORL,Orlando Magic,29,24,W,11,24,0.458,2,5,0.4,5,6,0.833,5,9,14,3,1,1,2,3,5,10,31,0.323,2,12,0.167,2,3,0.667,11,8,19,6,2,3,5,6,-5
0022400034,2024-11-22,2024-25,regular_season,False,1610612746,LAC,LA Clippers,1610612758,SAC,Sacramento Kings,25,17,W,8,25,0.32,4,11,0.364,5,5,1.0,3,14,17,7,2,1,3,6,8,6,20,0.3,1,8,0.125,4,7,0.571,1,12,13,5,2,4,2,3,-8
0022400033,2024-11-22,2024-25,regular_season,False,1610612743,DEN,Denver Nuggets,1610612742,DAL,Dallas Mavericks,22,40,L,8,24,0.333,2,7,0.286,4,4,1.0,7,3,10,4,1,0,6,9,-18,15,24,0.625,3,5,0.6,7,10,0.7,5,7,12,8,4,1,3,4,18
0022400031,2024-11-22,2024-25,regular_season,False,1610612745,HOU,Houston Rockets,1610612757,POR,Portland Trail Blazers,34,25,W,12,21,0.571,2,8,0.25,8,9,0.889,2,7,9,5,3,1,2,6,9,9,22,0.409,2,8,0.25,5,6,0.833,3,5,8,4,1,3,4,6,-9
0022400032,2024-11-22,2024-25,regular_season,False,1610612740,NOP,New Orleans Pelicans,1610612744,GSW,Golden State Warriors,33,28,W,13,23,0.565,2,6,0.333,5,6,0.833,4,8,12,7,2,2,3,5,5,10,25,0.4,4,12,0.333,4,5,0.8,4,4,8,6,2,2,4,4,-5
0022400029,2024-11-22,2024-25,regular_season,False,1610612749,MIL,Milwaukee Bucks,1610612754,IND,Indiana Pacers,24,22,W,9,24,0.375,4,13,0.308,2,6,0.333,1,9,10,7,3,0,1,2,2,9,20,0.45,2,9,0.222,2,4,0.5,2,15,17,5,0,1,6,4,-2
0022400028,2024-11-22,2024-25,regular_season,False,1610612764,WAS,Washington Wizards,1610612738,BOS,Boston Celtics,24,20,W,10,27,0.37,1,10,0.1,3,4,0.75,6,14,20,4,2,0,6,7,4,7,21,0.333,3,16,0.188,3,5,0.6,2,6,8,6,3,1,3,4,-4
0022400027,2024-11-22,2024-25,regular_season,False,1610612755,PHI,Philadelphia 76ers,1610612751,BKN,Brooklyn Nets,24,26,L,7,20,0.35,3,9,0.333,7,9,0.778,4,7,11,6,1,3,4,4,-2,10,21,0.476,4,10,0.4,2,2,1.0,1,9,10,8,0,1,3,6,2
0022400030,2024-11-22,2024-25,regular_season,False,1610612741,CHI,Chicago Bulls,1610612737,ATL,Atlanta Hawks,30,26,W,10,22,0.455,3,8,0.375,7,8,0.875,1,10,11,7,4,1,5,2,4,11,27,0.407,3,9,0.333,1,2,0.5,6,8,14,7,3,2,5,5,-4
0022400269,2024-11-23,2024-25,regular_season,False,1610612759,SAS,San Antonio Spurs,1610612744,GSW,Golden State Warriors,21,21,W,8,21,0.381,4,14,0.286,1,2,0.5,1,12,13,7,0,3,2,3,0,8,27,0.296,3,13,0.231,2,3,0.667,5,11,16,8,1,0,2,4,0
0022400268,2024-11-23,2024-25,regular_season,False,1610612749,MIL,Milwaukee Bucks,1610612766,CHA,Charlotte Hornets,31,23,W,10,23,0.435,5,10,0.5,6,8,0.75,3,12,15,4,0,5,1,6,8,8,27,0.296,3,10,0.3,4,5,0.8,4,8,12,5,1,1,0,5,-8
0022400267,2024-11-23,2024-25,regular_season,False,1610612745,HOU,Houston Rockets,1610612757,POR,Portland Trail Blazers,29,26,W,9,22,0.409,3,10,0.3,8,13,0.615,6,8,14,5,2,3,3,7,3,7,23,0.304,5,11,0.455,7,10,0.7,4,6,10,5,2,1,2,8,-3
0022400270,2024-11-23,2024-25,regular_season,False,1610612747,LAL,Los Angeles Lakers,1610612743,DEN,Denver Nuggets,36,26,W,13,23,0.565,5,8,0.625,5,5,1.0,1,11,12,9,3,1,3,4,10,11,21,0.524,3,9,0.333,1,4,0.25,1,8,9,9,2,1,3,4,-10
0022400265,2024-11-23,2024-25,regular_season,False,1610612753,ORL,Orlando Magic,1610612765,DET,Detroit Pistons,23,32,L,8,19,0.421,1,6,0.167,6,6,1.0,3,8,11,6,5,4,7,6,-9,11,24,0.458,5,9,0.556,5,7,0.714,5,7,12,5,4,4,5,6,9
0022400264,2024-11-23,2024-25,regular_season,False,1610612762,UTA,Utah Jazz,1610612752,NYK,New York Knicks,38,23,W,13,19,0.684,7,10,0.7,5,7,0.714,0,9,9,9,0,1,2,5,15,9,24,0.375,2,10,0.2,3,3,1.0,3,7,10,5,0,1,3,6,-15
0022400266,2024-11-23,2024-25,regular_season,False,1610612741,CHI,Chicago Bulls,1610612763,MEM,Memphis Grizzlies,38,34,W,14,24,0.583,5,9,0.556,5,6,0.833,4,6,10,10,1,2,3,8,4,10,21,0.476,6,11,0.545,8,12,0.667,3,6,9,8,1,0,3,5,-4
0022400271,2024-11-24,2024-25,regular_season,False,1610612738,BOS,Boston Celtics,1610612750,MIN,Minnesota Timberwolves,31,25,W,8,18,0.444,6,14,0.429,9,11,0.818,3,11,14,6,0,1,4,6,6,10,23,0.435,4,11,0.364,1,3,0.333,2,7,9,6,2,0,1,7,-6
0022400272,2024-11-24,2024-25,regular_season,False,1610612754,IND,Indiana Pacers,1610612764,WAS,Washington Wizards,26,31,L,9,22,0.409,2,5,0.4,6,10,0.6,5,8,13,7,0,0,2,2,-5,13,22,0.591,3,7,0.429,2,2,1.0,0,8,8,7,2,3,1,7,5
0022400273,2024-11-24,2024-25,regular_season,False,1610612748,MIA,Miami Heat,1610612742,DAL,Dallas Mavericks,23,23,W,8,28,0.286,1,10,0.1,6,11,0.545,6,8,14,2,2,1,1,6,0,9,21,0.429,1,8,0.125,4,4,1.0,4,16,20,6,1,3,8,10,0
0022400274,2024-11-24,2024-25,regular_season,False,1610612755,PHI,Philadelphia 76ers,1610612746,LAC,LA Clippers,23,23,L,8,23,0.348,2,8,0.25,5,6,0.833,1,8,9,6,4,1,2,4,0,8,19,0.421,2,8,0.25,5,7,0.714,1,10,11,8,1,4,4,5,0
0022400275,2024-11-24,2024-25,regular_season,False,1610612739,CLE,Cleveland Cavaliers,1610612761,TOR,Toronto Raptors,27,33,L,9,22,0.409,4,11,0.364,5,7,0.714,3,9,12,4,3,0,6,7,-6,10,22,0.455,3,9,0.333,10,12,0.833,3,11,14,6,5,2,4,6,6
0022400276,2024-11-24,2024-25,regular_season,False,1610612758,SAC,Sacramento Kings,1610612751,BKN,Brooklyn Nets,29,28,W,8,20,0.4,3,8,0.375,10,14,0.714,2,9,11,5,4,0,3,7,1,8,17,0.471,6,9,0.667,6,11,0.545,2,9,11,6,1,4,5,8,-1
0022400285,2024-11-25,2024-25,regular_season,False,1610612758,SAC,Sacramento Kings,1610612760,OKC,Oklahoma City Thunder,32,32,L,12,25,0.48,4,12,0.333,4,4,1.0,4,8,12,8,2,2,2,7,0,12,18,0.667,2,5,0.4,6,8,0.75,0,6,6,6,1,1,2,2,0
0022400284,2024-11-25,2024-25,regular_season,False,1610612744,GSW,Golden State Warriors,1610612751,BKN,Brooklyn Nets,37,24,W,15,27,0.556,6,15,0.4,1,3,0.333,5,9,14,12,1,1,1,8,13,7,16,0.438,2,5,0.4,8,12,0.667,2,6,8,2,0,1,3,3,-13
0022400283,2024-11-25,2024-25,regular_season,False,1610612743,DEN,Denver Nuggets,1610612752,NYK,New York Knicks,29,40,L,10,23,0.435,3,9,0.333,6,7,0.857,1,8,9,7,2,0,4,6,-11,15,27,0.556,5,12,0.417,5,5,1.0,3,11,14,11,3,1,3,5,11
0022400282,2024-11-25,2024-25,regular_season,False,1610612763,MEM,Memphis Grizzlies,1610612757,POR,Portland Trail Blazers,29,30,L,10,26,0.385,1,4,0.25,8,9,0.889,8,9,17,8,1,4,3,5,-1,11,27,0.407,1,8,0.125,7,7,1.0,7,7,14,7,1,4,2,6,1
0022400279,2024-11-25,2024-25,regular_season,False,1610612754,IND,Indiana Pacers,1610612740,NOP,New Orleans Pelicans,30,32,L,12,22,0.545,5,12,0.417,1,3,0.333,0,7,7,8,1,1,3,6,-2,12,23,0.522,3,8,0.375,5,9,0.556,3,10,13,10,2,1,2,4,2
0022400280,2024-11-25,2024-25,regular_season,False,1610612737,ATL,Atlanta Hawks,1610612742,DAL,Dallas Mavericks,36,33,W,13,26,0.5,1,5,0.2,9,10,0.9,2,11,13,10,2,2,5,5,3,11,27,0.407,3,9,0.333,8,9,0.889,3,10,13,5,3,1,3,6,-3
0022400278,2024-11-25,2024-25,regular_season,False,1610612765,DET,Detroit Pistons,1610612761,TOR,Toronto Raptors,19,26,L,6,16,0.375,2,10,0.2,5,6,0.833,1,7,8,5,1,3,5,6,-7,11,21,0.524,3,8,0.375,1,2,0.5,2,7,9,8,2,1,4,8,7
0022400277,2024-11-25,2024-25,regular_season,False,1610612766,CHA,Charlotte Hornets,1610612753,ORL,Orlando Magic,21,24,L,8,19,0.421,4,11,0.364,1,2,0.5,5,9,14,1,1,1,8,7,-3,10,24,0.417,2,10,0.2,2,4,0.5,3,5,8,6,3,2,2,4,3
0022400281,2024-11-25,2024-25,regular_season,False,1610612738,BOS,Boston Celtics,1610612746,LAC,LA Clippers,51,29,W,17,24,0.708,12,17,0.706,5,6,0.833,1,7,8,14,3,5,3,3,22,11,22,0.5,2,5,0.4,5,6,0.833,2,5,7,5,2,0,4,5,-22
0022400035,2024-11-26,2024-25,regular_season,False,1610612764,WAS,Washington Wizards,1610612741,CHI,Chicago Bulls,18,40,L,8,22,0.364,2,10,0.2,0,0,0.0,2,4,6,7,2,0,7,7,-22,13,21,0.619,4,7,0.571,10,10,1.0,4,8,12,5,3,1,3,0,22
0022400036,2024-11-26,2024-25,regular_season,False,1610612748,MIA,Miami Heat,1610612749,MIL,Milwaukee Bucks,31,34,L,9,16,0.562,2,2,1.0,11,15,0.733,2,5,7,8,3,0,1,1,-3,13,22,0.591,8,10,0.8,0,0,0.0,3,7,10,9,0,2,4,10,3
0022400037,2024-11-26,2024-25,regular_season,False,1610612750,MIN,Minnesota Timberwolves,1610612745,HOU,Houston Rockets,21,25,L,8,18,0.444,2,9,0.222,3,4,0.75,0,10,10,5,2,1,7,2,-4,10,24,0.417,4,8,0.5,1,2,0.5,2,9,11,6,6,2,4,7,4
0022400038,2024-11-26,2024-25,regular_season,False,1610612762,UTA,Utah Jazz,1610612759,SAS,San Antonio Spurs,31,34,L,11,20,0.55,5,10,0.5,4,5,0.8,0,8,8,8,0,1,7,4,-3,14,25,0.56,3,9,0.333,3,3,1.0,1,7,8,10,5,1,3,7,3
0022400039,2024-11-26,2024-25,regular_season,False,1610612756,PHX,Phoenix Suns,1610612747,LAL,Los Angeles Lakers,31,35,L,12,25,0.48,3,12,0.25,4,5,0.8,2,8,10,9,4,1,3,6,-4,13,21,0.619,3,5,0.6,6,10,0.6,0,9,9,9,3,1,4,4,4
0022400299,2024-11-27,2024-25,regular_season,False,1610612744,GSW,Golden State Warriors,1610612760,OKC,Oklahoma City Thunder,27,23,W,8,22,0.364,4,10,0.4,7,10,0.7,5,11,16,4,4,2,6,6,4,8,23,0.348,2,11,0.182,5,9,0.556,4,10,14,5,3,0,7,5,-4
0022400297,2024-11-27,2024-25,regular_season,False,1610612756,PHX,Phoenix Suns,1610612751,BKN,Brooklyn Nets,26,29,L,10,21,0.476,2,9,0.222,4,5,0.8,2,10,12,5,2,3,4,9,-3,9,22,0.409,3,10,0.3,8,8,1.0,3,7,10,6,1,0,3,3,3
0022400296,2024-11-27,2024-25,regular_season,False,1610612759,SAS,San Antonio Spurs,1610612747,LAL,Los Angeles Lakers,24,26,L,8,21,0.381,1,6,0.167,7,8,0.875,2,9,11,6,3,0,4,3,-2,10,22,0.455,4,7,0.571,2,2,1.0,2,11,13,6,2,2,7,6,2
0022400295,2024-11-27,2024-25,regular_season,False,1610612740,NOP,New Orleans Pelicans,1610612761,TOR,Toronto Raptors,26,35,L,10,22,0.455,6,9,0.667,0,1,0.0,1,7,8,7,3,2,4,5,-9,13,22,0.591,8,12,0.667,1,3,0.333,4,10,14,12,2,1,4,3,9
0022400294,2024-11-27,2024-25,regular_season,False,1610612750,MIN,Minnesota Timberwolves,1610612758,SAC,Sacramento Kings,24,38,L,6,17,0.353,1,8,0.125,11,12,0.917,2,8,10,3,2,2,6,8,-14,14,27,0.519,4,12,0.333,6,8,0.75,3,8,11,10,3,1,2,7,14
0022400293,2024-11-27,2024-25,regular_season,False,1610612763,MEM,Memphis Grizzlies,1610612765,DET,Detroit Pistons,37,18,W,16,26,0.615,5,10,0.5,0,2,0.0,5,10,15,9,5,1,3,5,19,8,22,0.364,1,6,0.167,1,4,0.25,4,6,10,3,2,1,6,3,-19
0022400298,2024-11-27,2024-25,regular_season,False,1610612762,UTA,Utah Jazz,1610612743,DEN,Denver Nuggets,18,29,L,8,24,0.333,2,11,0.182,0,4,0.0,8,4,12,4,2,1,5,3,-11,11,21,0.524,3,7,0.429,4,4,1.0,4,9,13,4,5,2,4,5,11
0022400291,2024-11-27,2024-25,regular_season,False,1610612764,WAS,Washington Wizards,1610612746,LAC,LA Clippers,18,24,L,8,22,0.364,0,8,0.0,2,2,1.0,4,5,9,5,3,1,5,7,-6,8,20,0.4,0,5,0.0,8,11,0.727,8,9,17,4,4,1,7,3,6
0022400290,2024-11-27,2024-25,regular_season,False,1610612755,PHI,Philadelphia 76ers,1610612745,HOU,Houston Rockets,27,20,W,11,22,0.5,2,7,0.286,3,4,0.75,2,11,13,6,2,2,4,4,7,8,23,0.348,0,8,0.0,4,6,0.667,3,8,11,4,3,2,5,4,-7
0022400289,2024-11-27,2024-25,regular_season,False,1610612753,ORL,Orlando Magic,1610612741,CHI,Chicago Bulls,35,29,W,10,21,0.476,4,10,0.4,11,12,0.917,2,9,11,8,2,2,3,7,6,9,21,0.429,6,14,0.429,5,9,0.556,3,6,9,6,3,2,4,8,-6
0022400288,2024-11-27,2024-25,regular_season,False,1610612754,IND,Indiana Pacers,1610612757,POR,Portland Trail Blazers,34,29,W,12,24,0.5,2,6,0.333,8,10,0.8,6,3,9,6,5,1,3,6,5,11,21,0.524,3,9,0.333,4,4,1.0,5,4,9,8,1,0,6,6,-5
0022400287,2024-11-27,2024-25,regular_season,False,1610612739,CLE,Cleveland Cavaliers,1610612737,ATL,Atlanta Hawks,29,26,W,11,22,0.5,5,12,0.417,2,2,1.0,1,12,13,8,1,3,4,4,3,10,30,0.333,2,9,0.222,4,4,1.0,5,9,14,9,2,1,2,4,-3
0022400286,2024-11-27,2024-25,regular_season,False,1610612766,CHA,Charlotte Hornets,1610612748,MIA,Miami Heat,13,24,L,6,22,0.273,1,8,0.125,0,1,0.0,1,9,10,3,2,2,4,3,-11,9,21,0.429,3,9,0.333,3,3,1.0,0,14,14,5,1,0,5,1,11
0022400292,2024-11-27,2024-25,regular_season,False,1610612742,DAL,Dallas Mavericks,1610612752,NYK,New York Knicks,32,23,W,12,19,0.632,6,8,0.75,2,2,1.0,1,11,12,7,3,1,8,6,9,7,21,0.333,2,8,0.25,7,7,1.0,1,4,5,3,6,1,4,5,-9
0022400049,2024-11-29,2024-25,regular_season,False,1610612757,POR,Portland Trail Blazers,1610612758,SAC,Sacramento Kings,29,20,W,11,21,0.524,2,7,0.286,5,7,0.714,3,7,10,8,4,1,6,5,9,5,16,0.312,1,8,0.125,9,12,0.75,4,6,10,3,3,3,9,9,-9
0022400048,2024-11-29,2024-25,regular_season,False,1610612747,LAL,Los Angeles Lakers,1610612760,OKC,Oklahoma City Thunder,24,19,W,7,16,0.438,1,7,0.143,9,10,0.9,1,10,11,6,2,1,4,5,5,8,21,0.381,2,8,0.25,1,2,0.5,3,9,12,5,1,0,4,7,-5
0022400047,2024-11-29,2024-25,regular_season,False,1610612741,CHI,Chicago Bulls,1610612738,BOS,Boston Celtics,37,28,W,14,23,0.609,7,12,0.583,2,2,1.0,2,9,11,9,2,0,3,6,9,9,21,0.429,3,11,0.273,7,8,0.875,2,7,9,3,2,0,3,3,-9
0022400045,2024-11-29,2024-25,regular_season,False,1610612754,IND,Indiana Pacers,1610612765,DET,Detroit Pistons,29,30,L,11,24,0.458,3,9,0.333,4,4,1.0,2,8,10,7,2,1,3,3,-1,11,22,0.5,2,8,0.25,6,6,1.0,2,11,13,7,2,3,5,3,1
0022400046,2024-11-29,2024-25,regular_season,False,1610612748,MIA,Miami Heat,1610612761,TOR,Toronto Raptors,38,40,L,14,24,0.583,5,10,0.5,5,6,0.833,1,3,4,10,3,0,4,6,-2,15,20,0.75,4,7,0.571,6,7,0.857,1,5,6,12,2,2,3,4,2
0022400043,2024-11-29,2024-25,regular_season,False,1610612751,BKN,Brooklyn Nets,1610612753,ORL,Orlando Magic,20,28,L,8,18,0.444,3,6,0.5,1,3,0.333,1,7,8,6,1,2,6,7,-8,9,21,0.429,5,9,0.556,5,6,0.833,5,5,10,5,3,2,4,5,8
0022400042,2024-11-29,2024-25,regular_season,False,1610612763,MEM,Memphis Grizzlies,1610612740,NOP,New Orleans Pelicans,35,28,W,14,25,0.56,6,14,0.429,1,1,1.0,3,7,10,11,3,0,5,6,7,10,20,0.5,1,7,0.143,7,8,0.875,3,6,9,4,3,2,5,2,-7
0022400041,2024-11-29,2024-25,regular_season,False,1610612737,ATL,Atlanta Hawks,1610612739,CLE,Cleveland Cavaliers,23,23,W,8,22,0.364,2,9,0.222,5,5,1.0,3,13,16,5,1,2,4,5,0,8,26,0.308,4,13,0.308,3,4,0.75,5,10,15,5,1,0,2,6,0
0022400040,2024-11-29,2024-25,regular_season,False,1610612766,CHA,Charlotte Hornets,1610612752,NYK,New York Knicks,26,31,L,10,21,0.476,4,10,0.4,2,4,0.5,3,4,7,8,2,3,5,4,-5,12,24,0.5,4,7,0.571,3,3,1.0,6,8,14,8,3,0,5,5,5
0022400044,2024-11-29,2024-25,regular_season,False,1610612750,MIN,Minnesota Timberwolves,1610612746,LAC,LA Clippers,27,22,W,8,16,0.5,3,7,0.429,8,8,1.0,3,10,13,6,2,1,7,3,5,9,19,0.474,1,6,0.167,3,4,0.75,1,3,4,3,6,0,3,6,-5
0022400300,2024-11-30,2024-25,regular_season,False,1610612766,CHA,Charlotte Hornets,1610612737,ATL,Atlanta Hawks,18,26,L,5,18,0.278,2,10,0.2,6,8,0.75,2,8,10,4,4,2,5,6,-8,9,23,0.391,4,12,0.333,4,4,1.0,5,10,15,4,1,1,5,5,8
0022400301,2024-11-30,2024-25,regular_season,False,1610612765,DET,Detroit Pistons,1610612755,PHI,Philadelphia 76ers,32,20,W,13,26,0.5,5,10,0.5,1,3,0.333,4,10,14,8,1,2,1,3,12,7,19,0.368,3,7,0.429,3,3,1.0,2,9,11,5,1,1,4,5,-12
0022400302,2024-11-30,2024-25,regular_season,False,1610612749,MIL,Milwaukee Bucks,1610612764,WAS,Washington Wizards,35,29,W,12,21,0.571,6,10,0.6,5,6,0.833,2,8,10,9,0,2,2,7,6,10,19,0.526,1,3,0.333,8,8,1.0,1,7,8,5,0,1,1,5,-6
0022400303,2024-11-30,2024-25,regular_season,False,1610612756,PHX,Phoenix Suns,1610612744,GSW,Golden State Warriors,31,20,W,11,22,0.5,7,11,0.636,2,2,1.0,3,12,15,10,1,2,5,3,11,7,20,0.35,4,12,0.333,2,2,1.0,0,8,8,6,3,2,3,4,-11
0022400304,2024-11-30,2024-25,regular_season,False,1610612762,UTA,Utah Jazz,1610612742,DAL,Dallas Mavericks,27,16,W,8,25,0.32,3,9,0.333,8,11,0.727,8,13,21,5,4,3,3,3,11,6,22,0.273,3,12,0.25,1,5,0.2,4,9,13,6,2,1,5,8,-11
0022400311,2024-12-01,2024-25,regular_season,False,1610612762,UTA,Utah Jazz,1610612747,LAL,Los Angeles Lakers,29,32,L,12,22,0.545,5,14,0.357,0,2,0.0,1,9,10,10,2,1,3,7,-3,12,24,0.5,3,8,0.375,5,6,0.833,3,9,12,5,2,0,2,3,3
0022400313,2024-12-01,2024-25,regular_season,False,1610612758,SAC,Sacramento Kings,1610612759,SAS,San Antonio Spurs,23,30,L,7,27,0.259,1,7,0.143,8,12,0.667,10,9,19,2,2,2,4,5,-7,10,23,0.435,8,14,0.571,2,3,0.667,2,13,15,10,4,4,4,7,7
0022400314,2024-12-01,2024-25,regular_season,False,1610612746,LAC,LA Clippers,1610612743,DEN,Denver Nuggets,27,36,L,11,26,0.423,4,8,0.5,1,3,0.333,6,7,13,5,2,1,4,2,-9,16,24,0.667,3,6,0.5,1,1,1.0,1,10,11,11,3,0,3,2,9
0022400312,2024-12-01,2024-25,regular_season,False,1610612757,POR,Portland Trail Blazers,1610612742,DAL,Dallas Mavericks,29,36,L,12,23,0.522,2,3,0.667,3,5,0.6,1,7,8,7,3,0,4,9,-7,13,23,0.565,5,8,0.625,5,6,0.833,2,10,12,8,2,0,5,6,7
0022400310,2024-12-01,2024-25,regular_season,False,1610612745,HOU,Houston Rockets,1610612760,OKC,Oklahoma City Thunder,29,32,L,10,24,0.417,3,10,0.3,6,9,0.667,4,8,12,5,2,2,4,4,-3,12,23,0.522,4,9,0.444,4,4,1.0,2,12,14,10,2,0,3,6,3
0022400306,2024-12-01,2024-25,regular_season,False,1610612763,MEM,Memphis Grizzlies,1610612754,IND,Indiana Pacers,34,23,W,12,25,0.48,2,11,0.182,8,8,1.0,3,9,12,9,2,1,2,4,11,10,21,0.476,3,10,0.3,0,0,0.0,0,9,9,7,2,0,7,8,-11
0022400308,2024-12-01,2024-25,regular_season,False,1610612752,NYK,New York Knicks,1610612740,NOP,New Orleans Pelicans,24,18,W,7,21,0.333,4,11,0.364,6,6,1.0,3,13,16,3,5,5,5,4,6,8,25,0.32,1,9,0.111,1,2,0.5,4,9,13,5,4,3,6,6,-6
0022400307,2024-12-01,2024-25,regular_season,False,1610612739,CLE,Cleveland Cavaliers,1610612738,BOS,Boston Celtics,23,25,L,7,19,0.368,3,9,0.333,6,8,0.75,2,12,14,3,2,3,6,3,-2,9,24,0.375,4,13,0.308,3,3,1.0,1,11,12,6,5,0,4,5,2
0022400305,2024-12-01,2024-25,regular_season,False,1610612751,BKN,Brooklyn Nets,1610612753,ORL,Orlando Magic,21,24,L,5,21,0.238,1,9,0.111,10,11,0.909,4,8,12,3,3,1,4,8,-3,7,19,0.368,2,7,0.286,8,11,0.727,4,10,14,4,3,2,6,8,3
0022400309,2024-12-01,2024-25,regular_season,False,1610612761,TOR,Toronto Raptors,1610612748,MIA,Miami Heat,31,36,L,13,20,0.65,3,5,0.6,2,4,0.5,4,7,11,6,0,2,8,7,-5,11,23,0.478,5,10,0.5,9,10,0.9,4,5,9,9,5,1,3,3,5
0022400315,2024-12-02,2024-25,regular_season,False,1610612737,ATL,Atlanta Hawks,1610612740,NOP,New Orleans Pelicans,32,31,W,12,27,0.444,2,14,0.143,6,7,0.857,4,11,15,9,1,3,4,6,1,11,26,0.423,2,9,0.222,7,10,0.7,3,8,11,5,4,0,2,6,-1
0022400316,2024-12-02,2024-25,regular_season,False,1610612738,BOS,Boston Celtics,1610612748,MIA,Miami Heat,32,20,W,11,23,0.478,7,15,0.467,3,4,0.75,2,12,14,8,1,4,2,8,12,6,24,0.25,0,6,0.0,8,9,0.889,5,10,15,3,1,0,2,2,-12
0022400317,2024-12-02,2024-25,regular_season,False,1610612741,CHI,Chicago Bulls,1610612751,BKN,Brooklyn Nets,27,21,W,11,24,0.458,4,13,0.308,1,1,1.0,3,10,13,8,2,1,5,1,6,9,25,0.36,3,9,0.333,0,0,0.0,5,8,13,3,1,2,5,2,-6
0022400318,2024-12-02,2024-25,regular_season,False,1610612750,MIN,Minnesota Timberwolves,1610612747,LAL,Los Angeles Lakers,34,24,W,12,22,0.545,6,12,0.5,4,5,0.8,2,8,10,10,2,1,2,3,10,10,22,0.455,4,8,0.5,0,2,0.0,5,6,11,4,1,0,6,5,-10
0022400060,2024-12-03,2024-25,regular_season,False,1610612746,LAC,LA Clippers,1610612757,POR,Portland Trail Blazers,27,27,W,12,22,0.545,1,7,0.143,2,2,1.0,3,8,11,7,2,3,4,2,0,11,24,0.458,2,8,0.25,3,3,1.0,3,5,8,7,2,0,4,3,0
0022400058,2024-12-03,2024-25,regular_season,False,1610612743,DEN,Denver Nuggets,1610612744,GSW,Golden State Warriors,24,26,L,9,20,0.45,3,7,0.429,3,3,1.0,0,8,8,9,3,1,6,4,-2,9,21,0.429,3,11,0.273,5,6,0.833,1,10,11,9,5,0,4,5,2
0022400057,2024-12-03,2024-25,regular_season,False,1610612756,PHX,Phoenix Suns,1610612759,SAS,San Antonio Spurs,23,20,W,9,21,0.429,2,8,0.25,3,4,0.75,2,9,11,5,5,2,4,5,3,8,21,0.381,0,6,0.0,4,7,0.571,4,9,13,6,3,1,7,3,-3
0022400056,2024-12-03,2024-25,regular_season,False,1610612742,DAL,Dallas Mavericks,1610612763,MEM,Memphis Grizzlies,35,31,W,13,22,0.591,5,9,0.556,4,8,0.5,4,9,13,8,3,4,8,7,4,13,24,0.542,2,7,0.286,3,4,0.75,0,6,6,10,5,1,3,6,-4
0022400055,2024-12-03,2024-25,regular_season,False,1610612760,OKC,Oklahoma City Thunder,1610612762,UTA,Utah Jazz,30,25,W,12,27,0.444,5,11,0.455,1,2,0.5,5,3,8,9,7,1,7,5,5,9,12,0.75,3,5,0.6,4,6,0.667,1,6,7,4,3,5,12,3,-5
0022400059,2024-12-03,2024-25,regular_season,False,1610612758,SAC,Sacramento Kings,1610612745,HOU,Houston Rockets,33,27,W,12,20,0.6,4,7,0.571,5,5,1.0,1,5,6,7,2,1,4,7,6,10,19,0.526,4,10,0.4,3,5,0.6,2,6,8,4,1,1,6,5,-6
0022400053,2024-12-03,2024-25,regular_season,False,1610612752,NYK,New York Knicks,1610612753,ORL,Orlando Magic,35,24,W,13,26,0.5,2,6,0.333,7,7,1.0,5,10,15,10,2,3,3,7,11,9,23,0.391,0,7,0.0,6,8,0.75,3,5,8,3,1,1,3,6,-11
0022400052,2024-12-03,2024-25,regular_season,False,1610612765,DET,Detroit Pistons,1610612749,MIL,Milwaukee Bucks,28,42,L,9,18,0.5,1,4,0.25,9,11,0.818,2,5,7,5,3,1,5,9,-14,14,19,0.737,10,13,0.769,4,8,0.5,1,7,8,11,3,1,5,6,14
0022400051,2024-12-03,2024-25,regular_season,False,1610612739,CLE,Cleveland Cavaliers,1610612764,WAS,Washington Wizards,25,22,W,10,22,0.455,4,11,0.364,1,2,0.5,2,12,14,9,2,1,4,7,3,7,20,0.35,2,8,0.25,6,7,0.857,2,9,11,4,1,2,4,4,-3
0022400050,2024-12-03,2024-25,regular_season,False,1610612766,CHA,Charlotte Hornets,1610612755,PHI,Philadelphia 76ers,24,23,W,6,16,0.375,2,8,0.25,10,14,0.714,4,10,14,3,2,2,5,3,1,9,24,0.375,4,11,0.364,1,2,0.5,3,7,10,6,2,1,2,7,-1
0022400054,2024-12-03,2024-25,regular_season,False,1610612761,TOR,Toronto Raptors,1610612754,IND,Indiana Pacers,34,25,W,13,20,0.65,6,10,0.6,2,2,1.0,1,9,10,6,2,0,6,9,9,6,16,0.375,2,6,0.333,11,12,0.917,0,4,4,5,3,2,6,4,-9
0022400323,2024-12-04,2024-25,regular_season,False,1610612749,MIL,Milwaukee Bucks,1610612737,ATL,Atlanta Hawks,24,32,L,8,24,0.333,4,13,0.308,4,5,0.8,3,8,11,5,5,0,5,5,-8,10,24,0.417,4,7,0.571,8,8,1.0,4,13,17,7,4,1,6,5,8
0022400322,2024-12-04,2024-25,regular_season,False,1610612755,PHI,Philadelphia 76ers,1610612753,ORL,Orlando Magic,31,19,W,13,21,0.619,4,8,0.5,1,3,0.333,3,10,13,8,1,0,2,4,12,7,22,0.318,3,10,0.3,2,2,1.0,4,5,9,5,2,0,2,4,-12
0022400324,2024-12-04,2024-25,regular_season,False,1610612746,LAC,LA Clippers,1610612750,MIN,Minnesota Timberwolves,18,26,L,6,20,0.3,3,10,0.3,3,4,0.75,2,10,12,3,1,1,8,5,-8,9,21,0.429,2,10,0.2,6,6,1.0,1,11,12,6,5,0,4,3,8
0022400320,2024-12-04,2024-25,regular_season,False,1610612751,BKN,Brooklyn Nets,1610612754,IND,Indiana Pacers,27,18,W,9,25,0.36,5,13,0.385,4,5,0.8,2,7,9,8,9,2,2,3,9,6,16,0.375,3,7,0.429,3,4,0.75,3,13,16,3,1,2,12,5,-9
0022400319,2024-12-04,2024-25,regular_season,False,1610612738,BOS,Boston Celtics,1610612765,DET,Detroit Pistons,33,34,L,13,25,0.52,4,13,0.308,3,3,1.0,3,7,10,9,2,3,3,4,-1,12,20,0.6,6,8,0.75,4,5,0.8,1,7,8,8,2,2,5,3,1
0022400321,2024-12-04,2024-25,regular_season,False,1610612748,MIA,Miami Heat,1610612747,LAL,Los Angeles Lakers,35,26,W,14,20,0.7,4,8,0.5,3,3,1.0,1,10,11,10,3,1,5,6,9,10,22,0.455,1,7,0.143,5,7,0.714,2,4,6,7,3,1,3,3,-9
0022400325,2024-12-05,2024-25,regular_season,False,1610612739,CLE,Cleveland Cavaliers,1610612743,DEN,Denver Nuggets,29,35,L,12,26,0.462,5,13,0.385,0,3,0.0,4,9,13,9,0,0,4,5,-6,15,25,0.6,1,7,0.143,4,5,0.8,1,12,13,6,2,2,2,4,6
0022400326,2024-12-05,2024-25,regular_season,False,1610612764,WAS,Washington Wizards,1610612742,DAL,Dallas Mavericks,28,37,L,9,21,0.429,3,7,0.429,7,10,0.7,1,6,7,7,3,2,3,7,-9,12,23,0.522,5,10,0.5,8,9,0.889,5,13,18,5,1,3,4,6,9
0022400327,2024-12-05,2024-25,regular_season,False,1610612752,NYK,New York Knicks,1610612766,CHA,Charlotte Hornets,35,30,W,14,21,0.667,4,9,0.444,3,5,0.6,0,8,8,12,2,0,2,3,5,12,20,0.6,5,6,0.833,1,5,0.2,2,6,8,8,0,0,3,4,-5
0022400328,2024-12-05,2024-25,regular_season,False,1610612761,TOR,Toronto Raptors,1610612760,OKC,Oklahoma City Thunder,25,33,L,9,20,0.45,4,12,0.333,3,4,0.75,5,9,14,8,3,2,8,2,-8,13,24,0.542,7,10,0.7,0,2,0.0,3,7,10,10,7,2,4,4,8
0022400329,2024-12-05,2024-25,regular_season,False,1610612763,MEM,Memphis Grizzlies,1610612758,SAC,Sacramento Kings,30,30,W,11,22,0.5,5,11,0.455,3,3,1.0,1,10,11,8,1,2,3,5,0,9,24,0.375,4,11,0.364,8,8,1.0,3,9,12,4,2,0,2,4,0
0022400330,2024-12-05,2024-25,regular_season,False,1610612740,NOP,New Orleans Pelicans,1610612756,PHX,Phoenix Suns,20,32,L,8,28,0.286,1,9,0.111,3,5,0.6,5,6,11,3,4,0,2,5,-12,12,19,0.632,4,10,0.4,4,4,1.0,0,14,14,12,2,2,6,4,12
0022400331,2024-12-05,2024-25,regular_season,False,1610612759,SAS,San Antonio Spurs,1610612741,CHI,Chicago Bulls,35,37,L,12,22,0.545,2,5,0.4,9,15,0.6,3,3,6,6,4,0,1,6,-2,13,23,0.565,6,11,0.545,5,8,0.625,7,9,16,8,0,2,6,8,2
0022400332,2024-12-05,2024-25,regular_season,False,1610612744,GSW,Golden State Warriors,1610612745,HOU,Houston Rockets,31,21,W,12,24,0.5,4,7,0.571,3,6,0.5,2,10,12,5,2,0,1,3,10,9,21,0.429,2,8,0.25,1,2,0.5,1,10,11,4,1,3,4,6,-10
0022400338,2024-12-06,2024-25,regular_season,False,1610612744,GSW,Golden State Warriors,1610612750,MIN,Minnesota Timberwolves,15,25,L,5,20,0.25,1,9,0.111,4,4,1.0,1,7,8,4,3,2,6,2,-10,10,25,0.4,3,12,0.25,2,3,0.667,5,13,18,8,5,0,7,4,10
0022400339,2024-12-06,2024-25,regular_season,False,1610612757,POR,Portland Trail Blazers,1610612762,UTA,Utah Jazz,27,34,L,10,24,0.417,2,9,0.222,5,9,0.556,3,7,10,4,1,2,1,4,-7,14,26,0.538,3,7,0.429,3,3,1.0,4,13,17,10,0,3,4,5,7
0022400337,2024-12-06,2024-25,regular_season,False,1610612759,SAS,San Antonio Spurs,1610612758,SAC,Sacramento Kings,26,36,L,9,24,0.375,4,11,0.364,4,5,0.8,2,5,7,9,1,1,2,8,-10,9,16,0.562,3,9,0.333,15,16,0.938,2,13,15,6,2,1,3,5,10
0022400333,2024-12-06,2024-25,regular_season,False,1610612755,PHI,Philadelphia 76ers,1610612753,ORL,Orlando Magic,25,14,W,10,23,0.435,1,9,0.111,4,6,0.667,4,8,12,9,2,0,1,6,11,4,20,0.2,0,13,0.0,6,7,0.857,5,8,13,3,0,1,5,5,-11
0022400335,2024-12-06,2024-25,regular_season,False,1610612738,BOS,Boston Celtics,1610612749,MIL,Milwaukee Bucks,24,30,L,9,24,0.375,0,12,0.0,6,6,1.0,4,7,11,5,2,1,2,3,-6,13,25,0.52,3,7,0.429,1,1,1.0,4,10,14,4,1,1,5,6,6
0022400334,2024-12-06,2024-25,regular_season,False,1610612737,ATL,Atlanta Hawks,1610612747,LAL,Los Angeles Lakers,38,35,W,14,23,0.609,3,8,0.375,7,8,0.875,3,8,11,11,3,0,5,7,3,13,22,0.591,3,7,0.429,6,7,0.857,1,6,7,8,3,1,4,6,-3
0022400336,2024-12-06,2024-25,regular_season,False,1610612741,CHI,Chicago Bulls,1610612754,IND,Indiana Pacers,19,36,L,8,23,0.348,0,8,0.0,3,4,0.75,2,5,7,7,2,1,3,2,-17,16,26,0.615,4,7,0.571,0,0,0.0,3,12,15,10,3,1,2,3,17
0022400340,2024-12-07,2024-25,regular_season,False,1610612766,CHA,Charlotte Hornets,1610612739,CLE,Cleveland Cavaliers,34,23,W,15,25,0.6,4,8,0.5,0,1,0.0,4,12,16,9,0,3,2,7,11,7,23,0.304,3,9,0.333,6,8,0.75,4,6,10,3,2,1,2,4,-11
0022400341,2024-12-07,2024-25,regular_season,False,1610612764,WAS,Washington Wizards,1610612743,DEN,Denver Nuggets,33,28,W,10,20,0.5,5,8,0.625,8,10,0.8,3,5,8,6,4,2,5,6,5,10,17,0.588,1,5,0.2,7,12,0.583,2,7,9,6,4,1,5,8,-5
0022400342,2024-12-07,2024-25,regular_season,False,1610612740,NOP,New Orleans Pelicans,1610612760,OKC,Oklahoma City Thunder,28,42,L,8,19,0.421,3,8,0.375,9,9,1.0,1,6,7,5,2,0,3,6,-14,14,22,0.636,4,9,0.444,10,11,0.909,3,10,13,10,3,2,2,7,14
0022400343,2024-12-07,2024-25,regular_season,False,1610612752,NYK,New York Knicks,1610612765,DET,Detroit Pistons,35,30,W,12,19,0.632,5,10,0.5,6,9,0.667,1,7,8,5,2,1,2,2,5,10,21,0.476,6,8,0.75,4,5,0.8,2,7,9,5,1,0,5,6,-5
0022400344,2024-12-07,2024-25,regular_season,False,1610612761,TOR,Toronto Raptors,1610612742,DAL,Dallas Mavericks,26,35,L,10,24,0.417,2,7,0.286,4,4,1.0,2,7,9,10,3,0,4,8,-9,8,16,0.5,5,10,0.5,14,16,0.875,1,11,12,5,3,2,5,5,9
0022400345,2024-12-07,2024-25,regular_season,False,1610612738,BOS,Boston Celtics,1610612763,MEM,Memphis Grizzlies,27,35,L,8,20,0.4,2,8,0.25,9,10,0.9,2,8,10,4,2,3,6,3,-8,14,26,0.538,4,7,0.571,3,4,0.75,4,8,12,8,6,0,4,7,8
0022400346,2024-12-07,2024-25,regular_season,False,1610612748,MIA,Miami Heat,1610612756,PHX,Phoenix Suns,27,29,L,12,24,0.5,3,10,0.3,0,0,0.0,4,8,12,9,1,1,2,4,-2,10,22,0.455,5,12,0.417,4,4,1.0,3,8,11,9,1,0,2,1,2
0022400357,2024-12-08,2024-25,regular_season,False,1610612758,SAC,Sacramento Kings,1610612762,UTA,Utah Jazz,36,22,W,15,25,0.6,6,12,0.5,0,0,0.0,3,6,9,11,3,2,1,5,14,6,18,0.333,4,10,0.4,6,6,1.0,5,6,11,5,0,0,6,3,-14
0022400356,2024-12-08,2024-25,regular_season,False,1610612746,LAC,LA Clippers,1610612745,HOU,Houston Rockets,24,34,L,8,24,0.333,4,11,0.364,4,4,1.0,6,2,8,6,3,0,4,8,-10,10,16,0.625,5,10,0.5,9,10,0.9,4,8,12,6,2,1,6,4,10
0022400355,2024-12-08,2024-25,regular_season,False,1610612744,GSW,Golden State Warriors,1610612750,MIN,Minnesota Timberwolves,28,28,W,9,23,0.391,6,14,0.429,4,5,0.8,5,6,11,5,3,1,4,5,0,10,19,0.526,6,13,0.462,2,3,0.667,2,9,11,8,2,2,7,5,0
0022400354,2024-12-08,2024-25,regular_season,False,1610612759,SAS,San Antonio Spurs,1610612740,NOP,New Orleans Pelicans,43,28,W,16,24,0.667,6,13,0.462,5,5,1.0,3,10,13,13,4,4,3,3,15,12,24,0.5,3,8,0.375,1,2,0.5,2,5,7,7,3,0,4,5,-15
0022400353,2024-12-08,2024-25,regular_season,False,1610612764,WAS,Washington Wizards,1610612763,MEM,Memphis Grizzlies,29,38,L,9,26,0.346,2,8,0.25,9,9,1.0,5,8,13,5,2,2,2,5,-9,15,28,0.536,3,12,0.25,5,7,0.714,4,11,15,10,2,2,2,7,9
0022400358,2024-12-08,2024-25,regular_season,False,1610612747,LAL,Los Angeles Lakers,1610612757,POR,Portland Trail Blazers,37,17,W,12,21,0.571,6,10,0.6,7,8,0.875,2,11,13,10,4,2,2,4,20,7,21,0.333,1,8,0.125,2,3,0.667,1,7,8,4,1,0,4,6,-20
0022400351,2024-12-08,2024-25,regular_season,False,1610612748,MIA,Miami Heat,1610612739,CLE,Cleveland Cavaliers,38,26,W,11,25,0.44,3,11,0.273,13,13,1.0,5,9,14,4,2,0,1,4,12,8,20,0.4,3,11,0.273,7,7,1.0,2,8,10,4,1,0,5,8,-12
0022400350,2024-12-08,2024-25,regular_season,False,1610612737,ATL,Atlanta Hawks,1610612743,DEN,Denver Nuggets,25,33,L,10,28,0.357,2,11,0.182,3,4,0.75,5,6,11,9,4,1,1,8,-8,13,20,0.65,2,5,0.4,5,8,0.625,1,12,13,11,0,0,5,4,8
0022400349,2024-12-08,2024-25,regular_season,False,1610612754,IND,Indiana Pacers,1610612766,CHA,Charlotte Hornets,38,35,W,14,23,0.609,5,12,0.417,5,5,1.0,0,6,6,8,2,3,3,5,3,13,19,0.684,5,6,0.833,4,6,0.667,0,7,7,6,2,1,6,5,-3
0022400348,2024-12-08,2024-25,regular_season,False,1610612751,BKN,Brooklyn Nets,1610612749,MIL,Milwaukee Bucks,27,24,W,11,20,0.55,2,5,0.4,3,4,0.75,2,6,8,6,3,2,4,6,3,9,15,0.6,4,8,0.5,2,4,0.5,0,5,5,6,1,2,6,2,-3
0022400347,2024-12-08,2024-25,regular_season,False,1610612741,CHI,Chicago Bulls,1610612755,PHI,Philadelphia 76ers,17,39,L,5,20,0.25,2,12,0.167,5,6,0.833,1,6,7,5,3,1,6,6,-22,16,25,0.64,2,8,0.25,5,5,1.0,2,13,15,10,3,0,4,5,22
0022400352,2024-12-08,2024-25,regular_season,False,1610612753,ORL,Orlando Magic,1610612756,PHX,Phoenix Suns,28,28,W,11,22,0.5,3,11,0.273,3,6,0.5,3,8,11,4,1,2,2,4,0,11,22,0.5,3,6,0.5,3,3,1.0,2,7,9,8,1,0,3,7,0
0022400359,2024-12-09,2024-25,regular_season,False,1610612761,TOR,Toronto Raptors,1610612752,NYK,New York Knicks,34,26,W,12,27,0.444,4,12,0.333,6,6,1.0,4,11,15,8,1,1,0,3,8,10,23,0.435,4,14,0.286,2,4,0.5,3,9,12,8,0,3,2,6,-8
0022401201,2024-12-10,2024-25,regular_season,False,1610612749,MIL,Milwaukee Bucks,1610612753,ORL,Orlando Magic,35,26,W,14,23,0.609,3,7,0.429,4,7,0.571,3,8,11,8,3,2,2,2,9,11,23,0.478,2,5,0.4,2,3,0.667,3,7,10,5,1,1,5,8,-9
0022401203,2024-12-10,2024-25,regular_season,False,1610612760,OKC,Oklahoma City Thunder,1610612742,DAL,Dallas Mavericks,25,30,L,9,25,0.36,5,15,0.333,2,3,0.667,3,9,12,5,4,2,5,6,-5,11,21,0.524,4,6,0.667,4,7,0.571,1,13,14,7,4,0,5,2,5
0022401202,2024-12-11,2024-25,regular_season,False,1610612752,NYK,New York Knicks,1610612737,ATL,Atlanta Hawks,26,25,W,10,22,0.455,2,10,0.2,4,7,0.571,3,12,15,6,2,4,5,5,1,10,24,0.417,2,9,0.222,3,8,0.375,2,9,11,6,2,1,2,5,-1
0022401204,2024-12-11,2024-25,regular_season,False,1610612745,HOU,Houston Rockets,1610612744,GSW,Golden State Warriors,24,19,W,11,21,0.524,0,3,0.0,2,2,1.0,3,8,11,6,4,2,8,2,5,9,23,0.391,1,10,0.1,0,0,0.0,3,4,7,5,7,4,7,2,-5
0022401206,2024-12-12,2024-25,regular_season,False,1610612748,MIA,Miami Heat,1610612761,TOR,Toronto Raptors,35,24,W,12,18,0.667,5,8,0.625,6,9,0.667,2,8,10,6,0,0,5,5,11,9,17,0.529,1,4,0.25,5,7,0.714,0,6,6,7,2,0,6,7,-11
0022401207,2024-12-12,2024-25,regular_season,False,1610612740,NOP,New Orleans Pelicans,1610612758,SAC,Sacramento Kings,29,25,W,9,21,0.429,5,12,0.417,6,8,0.75,5,8,13,4,4,1,5,8,4,8,22,0.364,2,8,0.25,7,8,0.875,5,7,12,4,3,0,5,5,-4
0022401205,2024-12-12,2024-25,regular_season,False,1610612738,BOS,Boston Celtics,1610612765,DET,Detroit Pistons,32,28,W,11,23,0.478,6,15,0.4,4,4,1.0,1,9,10,9,2,1,1,3,4,12,23,0.522,2,7,0.286,2,2,1.0,1,10,11,6,0,0,3,4,-4
0022401208,2024-12-13,2024-25,regular_season,False,1610612739,CLE,Cleveland Cavaliers,1610612764,WAS,Washington Wizards,32,29,W,8,21,0.381,5,15,0.333,11,15,0.733,3,9,12,6,3,1,3,5,3,12,24,0.5,3,9,0.333,2,4,0.5,2,8,10,6,1,2,4,9,-3
0022401209,2024-12-13,2024-25,regular_season,False,1610612755,PHI,Philadelphia 76ers,1610612754,IND,Indiana Pacers,28,30,L,10,19,0.526,2,5,0.4,6,7,0.857,1,9,10,6,2,2,6,4,-2,12,26,0.462,3,10,0.3,3,3,1.0,2,6,8,10,4,1,3,4,2
0022401210,2024-12-13,2024-25,regular_season,False,1610612750,MIN,Minnesota Timberwolves,1610612747,LAL,Los Angeles Lakers,18,21,L,7,24,0.292,1,10,0.1,3,5,0.6,3,11,14,5,1,1,2,3,-3,9,24,0.375,1,8,0.125,2,6,0.333,3,13,16,6,1,1,3,5,3
0022401211,2024-12-13,2024-25,regular_season,False,1610612763,MEM,Memphis Grizzlies,1610612751,BKN,Brooklyn Nets,30,20,W,12,26,0.462,2,9,0.222,4,8,0.5,4,13,17,6,0,2,1,6,10,7,26,0.269,3,16,0.188,3,6,0.5,4,10,14,5,1,2,1,8,-10
0022401212,2024-12-13,2024-25,regular_season,False,1610612741,CHI,Chicago Bulls,1610612766,CHA,Charlotte Hornets,28,18,W,11,23,0.478,3,12,0.25,3,4,0.75,3,11,14,8,5,3,7,4,10,7,20,0.35,0,6,0.0,4,4,1.0,1,10,11,4,2,0,7,4,-10
0022401213,2024-12-13,2024-25,regular_season,False,1610612743,DEN,Denver Nuggets,1610612746,LAC,LA Clippers,19,25,L,8,21,0.381,1,9,0.111,2,4,0.5,2,11,13,3,5,0,9,7,-6,9,20,0.45,3,10,0.3,4,9,0.444,1,10,11,5,8,0,6,4,6
0022401214,2024-12-13,2024-25,regular_season,False,1610612762,UTA,Utah Jazz,1610612756,PHX,Phoenix Suns,32,38,L,10,18,0.556,7,10,0.7,5,7,0.714,1,6,7,6,2,4,6,5,-6,13,22,0.591,4,7,0.571,8,8,1.0,2,9,11,8,5,2,3,5,6
0022401215,2024-12-13,2024-25,regular_season,False,1610612757,POR,Portland Trail Blazers,1610612759,SAS,San Antonio Spurs,17,19,L,6,19,0.316,2,11,0.182,3,4,0.75,1,13,14,4,2,1,6,5,-2,8,23,0.348,1,7,0.143,2,3,0.667,3,11,14,8,1,1,3,4,2
0022401229,2024-12-14,2024-25,nba_cup_semi,True,1610612737,ATL,Atlanta Hawks,1610612749,MIL,Milwaukee Bucks,21,29,L,7,21,0.333,3,8,0.375,4,7,0.571,1,12,13,5,2,2,4,6,-8,10,23,0.435,4,12,0.333,5,8,0.625,1,12,13,8,4,1,2,6,8
0022401230,2024-12-14,2024-25,nba_cup_semi,True,1610612745,HOU,Houston Rockets,1610612760,OKC,Oklahoma City Thunder,22,23,L,10,27,0.37,2,10,0.2,0,1,0.0,3,8,11,5,1,1,1,10,-1,7,19,0.368,0,5,0.0,9,13,0.692,1,13,14,3,0,1,2,4,1
0022401227,2024-12-15,2024-25,regular_season,False,1610612753,ORL,Orlando Magic,1610612752,NYK,New York Knicks,19,29,L,7,24,0.292,2,10,0.2,3,3,1.0,2,7,9,5,2,6,4,3,-10,12,25,0.48,3,7,0.429,2,2,1.0,4,14,18,8,4,0,4,3,10
0022401228,2024-12-15,2024-25,regular_season,False,1610612744,GSW,Golden State Warriors,1610612742,DAL,Dallas Mavericks,41,35,W,15,29,0.517,11,19,0.579,0,1,0.0,5,4,9,14,3,0,1,5,6,12,22,0.545,4,12,0.333,7,7,1.0,5,9,14,11,1,1,4,1,-6
0022401220,2024-12-15,2024-25,regular_season,False,1610612747,LAL,Los Angeles Lakers,1610612763,MEM,Memphis Grizzlies,34,26,W,11,22,0.5,2,7,0.286,10,14,0.714,1,8,9,8,4,2,3,5,8,9,26,0.346,1,8,0.125,7,8,0.875,7,10,17,4,1,3,7,10,-8
0022401217,2024-12-15,2024-25,regular_season,False,1610612764,WAS,Washington Wizards,1610612738,BOS,Boston Celtics,29,33,L,13,25,0.52,3,8,0.375,0,0,0.0,4,9,13,9,1,3,5,9,-4,10,20,0.5,4,8,0.5,9,14,0.643,4,7,11,7,2,1,3,2,4
0022401218,2024-12-15,2024-25,regular_season,False,1610612759,SAS,San Antonio Spurs,1610612750,MIN,Minnesota Timberwolves,18,24,L,7,21,0.333,1,12,0.083,3,4,0.75,3,11,14,6,2,2,4,4,-6,8,22,0.364,4,14,0.286,4,4,1.0,3,10,13,6,2,1,4,4,6
0022401216,2024-12-15,2024-25,regular_season,False,1610612754,IND,Indiana Pacers,1610612740,NOP,New Orleans Pelicans,28,14,W,9,22,0.409,4,9,0.444,6,6,1.0,3,14,17,6,1,6,6,5,14,5,25,0.2,1,8,0.125,3,4,0.75,4,8,12,3,4,3,6,5,-14
0022401219,2024-12-15,2024-25,regular_season,False,1610612756,PHX,Phoenix Suns,1610612757,POR,Portland Trail Blazers,24,30,L,10,20,0.5,3,10,0.3,1,2,0.5,1,8,9,6,3,0,4,1,-6,13,24,0.542,3,10,0.3,1,1,1.0,3,9,12,8,2,1,4,5,6
0022401221,2024-12-16,2024-25,regular_season,False,1610612765,DET,Detroit Pistons,1610612748,MIA,Miami Heat,30,27,W,9,18,0.5,4,7,0.571,8,10,0.8,2,12,14,6,1,1,7,7,3,9,23,0.391,2,9,0.222,7,7,1.0,2,7,9,6,5,0,2,7,-3
0022401222,2024-12-16,2024-25,regular_season,False,1610612766,CHA,Charlotte Hornets,1610612755,PHI,Philadelphia 76ers,26,23,W,10,17,0.588,2,5,0.4,4,6,0.667,2,7,9,8,3,2,5,6,3,9,23,0.391,3,12,0.25,2,3,0.667,4,6,10,4,3,2,5,7,-3
0022401223,2024-12-16,2024-25,regular_season,False,1610612761,TOR,Toronto Raptors,1610612741,CHI,Chicago Bulls,25,20,W,10,23,0.435,2,7,0.286,3,4,0.75,4,9,13,4,3,1,5,5,5,8,20,0.4,2,8,0.25,2,2,1.0,1,8,9,8,3,1,7,6,-5
0022401224,2024-12-16,2024-25,regular_season,False,1610612751,BKN,Brooklyn Nets,1610612739,CLE,Cleveland Cavaliers,23,35,L,6,21,0.286,4,12,0.333,7,8,0.875,4,5,9,5,2,1,6,6,-12,13,22,0.591,6,13,0.462,3,4,0.75,2,10,12,10,4,1,4,7,12
0022401225,2024-12-16,2024-25,regular_season,False,1610612758,SAC,Sacramento Kings,1610612743,DEN,Denver Nuggets,47,34,W,16,24,0.667,3,6,0.5,12,12,1.0,0,8,8,8,4,3,4,4,13,15,29,0.517,1,5,0.2,3,5,0.6,3,8,11,12,4,2,5,8,-13
0022401226,2024-12-16,2024-25,regular_season,False,1610612746,LAC,LA Clippers,1610612762,UTA,Utah Jazz,37,27,W,12,21,0.571,5,9,0.556,8,11,0.727,3,8,11,8,2,3,2,3,10,10,22,0.455,3,8,0.375,4,5,0.8,4,6,10,6,0,0,5,8,-10
0062400001,2024-12-17,2024-25,nba_cup_final,True,1610612749,MIL,Milwaukee Bucks,1610612760,OKC,Oklahoma City Thunder,24,22,W,10,23,0.435,2,9,0.222,2,3,0.667,3,10,13,7,0,0,4,9,2,6,23,0.261,0,11,0.0,10,12,0.833,4,9,13,3,2,0,1,4,-2
0022400372,2024-12-19,2024-25,regular_season,False,1610612758,SAC,Sacramento Kings,1610612747,LAL,Los Angeles Lakers,30,25,W,10,21,0.476,3,8,0.375,7,12,0.583,1,9,10,6,4,2,2,8,5,8,20,0.4,2,4,0.5,7,11,0.636,4,10,14,4,1,3,5,6,-5
0022400371,2024-12-19,2024-25,regular_season,False,1610612757,POR,Portland Trail Blazers,1610612743,DEN,Denver Nuggets,36,31,W,15,24,0.625,5,11,0.455,1,3,0.333,0,11,11,9,1,3,2,4,5,11,27,0.407,6,11,0.545,3,4,0.75,4,8,12,9,1,1,2,3,-5
0022400370,2024-12-19,2024-25,regular_season,False,1610612759,SAS,San Antonio Spurs,1610612737,ATL,Atlanta Hawks,24,37,L,9,21,0.429,2,6,0.333,4,6,0.667,4,6,10,5,1,2,6,2,-13,14,24,0.583,6,12,0.5,3,3,1.0,3,8,11,10,6,3,3,5,13
0022400368,2024-12-19,2024-25,regular_season,False,1610612742,DAL,Dallas Mavericks,1610612746,LAC,LA Clippers,19,26,L,8,22,0.364,1,8,0.125,2,3,0.667,0,12,12,6,1,2,3,3,-7,9,23,0.391,4,11,0.364,4,4,1.0,1,13,14,6,1,0,1,3,7
0022400367,2024-12-19,2024-25,regular_season,False,1610612750,MIN,Minnesota Timberwolves,1610612752,NYK,New York Knicks,18,41,L,7,22,0.318,3,10,0.3,1,4,0.25,3,8,11,3,2,2,5,5,-23,14,27,0.519,6,14,0.429,7,8,0.875,6,13,19,10,5,1,3,2,23
0022400366,2024-12-19,2024-25,regular_season,False,1610612763,MEM,Memphis Grizzlies,1610612744,GSW,Golden State Warriors,32,23,W,11,23,0.478,5,10,0.5,5,8,0.625,3,14,17,9,1,4,3,3,9,7,24,0.292,5,14,0.357,4,6,0.667,0,9,9,5,2,2,3,6,-9
0022400369,2024-12-19,2024-25,regular_season,False,1610612756,PHX,Phoenix Suns,1610612754,IND,Indiana Pacers,30,28,W,9,18,0.5,3,8,0.375,9,9,1.0,0,13,13,6,1,0,5,5,2,8,26,0.308,4,13,0.308,8,9,0.889,5,8,13,6,3,1,2,6,-2
0022400364,2024-12-19,2024-25,regular_season,False,1610612761,TOR,Toronto Raptors,1610612751,BKN,Brooklyn Nets,22,28,L,7,22,0.318,3,12,0.25,5,6,0.833,2,7,9,5,1,2,1,7,-6,10,25,0.4,4,9,0.444,4,6,0.667,5,12,17,8,0,2,3,6,6
0022400363,2024-12-19,2024-25,regular_season,False,1610612738,BOS,Boston Celtics,1610612741,CHI,Chicago Bulls,32,33,L,11,20,0.55,3,8,0.375,7,9,0.778,1,9,10,9,1,1,1,4,-1,11,23,0.478,7,16,0.438,4,5,0.8,1,7,8,7,0,0,1,7,1
0022400362,2024-12-19,2024-25,regular_season,False,1610612764,WAS,Washington Wizards,1610612766,CHA,Charlotte Hornets,31,28,W,10,16,0.625,2,7,0.286,9,11,0.818,1,6,7,7,2,2,4,5,3,12,26,0.462,2,7,0.286,2,5,0.4,9,6,15,8,2,0,3,8,-3
0022400361,2024-12-19,2024-25,regular_season,False,1610612753,ORL,Orlando Magic,1610612760,OKC,Oklahoma City Thunder,18,36,L,7,19,0.368,1,9,0.111,3,4,0.75,3,8,11,6,1,0,8,7,-18,12,22,0.545,5,12,0.417,7,7,1.0,1,8,9,8,6,1,2,3,18
0022400360,2024-12-19,2024-25,regular_season,False,1610612765,DET,Detroit Pistons,1610612762,UTA,Utah Jazz,35,19,W,12,27,0.444,4,12,0.333,7,8,0.875,6,5,11,7,3,3,0,6,16,6,16,0.375,1,6,0.167,6,6,1.0,4,10,14,1,0,1,10,7,-16
0022400365,2024-12-19,2024-25,regular_season,False,1610612745,HOU,Houston Rockets,1610612740,NOP,New Orleans Pelicans,27,27,W,10,26,0.385,5,12,0.417,2,4,0.5,2,13,15,8,1,2,3,5,0,10,26,0.385,2,7,0.286,5,7,0.714,2,14,16,7,2,2,3,6,0
0022400373,2024-12-20,2024-25,regular_season,False,1610612755,PHI,Philadelphia 76ers,1610612766,CHA,Charlotte Hornets,17,23,L,7,21,0.333,1,8,0.125,2,4,0.5,1,9,10,5,3,0,6,4,-6,9,20,0.45,2,6,0.333,3,3,1.0,2,11,13,6,3,2,5,7,6
0022400374,2024-12-20,2024-25,regular_season,False,1610612739,CLE,Cleveland Cavaliers,1610612749,MIL,Milwaukee Bucks,40,31,W,16,25,0.64,7,13,0.538,1,2,0.5,2,9,11,11,2,0,3,2,9,14,25,0.56,1,4,0.25,2,4,0.5,4,7,11,5,2,1,4,3,-9
0022400375,2024-12-20,2024-25,regular_season,False,1610612748,MIA,Miami Heat,1610612760,OKC,Oklahoma City Thunder,22,20,W,8,19,0.421,3,9,0.333,3,5,0.6,2,11,13,5,3,1,5,2,2,8,21,0.381,3,9,0.333,1,1,1.0,2,10,12,5,1,1,3,5,-2
0022400386,2024-12-21,2024-25,regular_season,False,1610612759,SAS,San Antonio Spurs,1610612757,POR,Portland Trail Blazers,35,24,W,13,22,0.591,5,8,0.625,4,5,0.8,4,8,12,9,1,4,5,3,11,10,21,0.476,4,10,0.4,0,1,0.0,0,4,4,4,3,1,6,5,-11
0022400385,2024-12-21,2024-25,regular_season,False,1610612742,DAL,Dallas Mavericks,1610612746,LAC,LA Clippers,31,18,W,11,23,0.478,3,10,0.3,6,7,0.857,5,7,12,6,4,2,4,5,13,4,18,0.222,1,12,0.083,9,9,1.0,3,5,8,4,2,1,7,4,-13
0022400384,2024-12-21,2024-25,regular_season,False,1610612740,NOP,New Orleans Pelicans,1610612752,NYK,New York Knicks,21,17,W,7,21,0.333,4,10,0.4,3,6,0.5,4,8,12,5,2,0,3,5,4,6,25,0.24,2,11,0.182,3,4,0.75,9,8,17,3,2,1,6,6,-4
0022400383,2024-12-21,2024-25,regular_season,False,1610612750,MIN,Minnesota Timberwolves,1610612744,GSW,Golden State Warriors,22,24,L,6,22,0.273,3,9,0.333,7,8,0.875,3,11,14,4,1,0,5,5,-2,8,25,0.32,5,14,0.357,3,7,0.429,5,10,15,8,3,3,2,8,2
0022400382,2024-12-21,2024-25,regular_season,False,1610612749,MIL,Milwaukee Bucks,1610612764,WAS,Washington Wizards,27,14,W,10,24,0.417,5,13,0.385,2,2,1.0,5,14,19,8,3,0,5,4,13,5,21,0.238,1,11,0.091,3,5,0.6,3,6,9,2,5,1,5,6,-13
0022400377,2024-12-21,2024-25,regular_season,False,1610612753,ORL,Orlando Magic,1610612748,MIA,Miami Heat,28,36,L,6,21,0.286,2,10,0.2,14,17,0.824,3,5,8,3,2,0,1,5,-8,11,19,0.579,4,10,0.4,10,14,0.714,3,11,14,4,1,1,4,11,8
0022400380,2024-12-21,2024-25,regular_season,False,1610612739,CLE,Cleveland Cavaliers,1610612755,PHI,Philadelphia 76ers,36,25,W,12,21,0.571,7,9,0.778,5,6,0.833,2,8,10,8,3,0,1,3,11,9,17,0.529,4,9,0.444,3,4,0.75,0,7,7,6,0,1,4,4,-11
0022400379,2024-12-21,2024-25,regular_season,False,1610612751,BKN,Brooklyn Nets,1610612762,UTA,Utah Jazz,21,31,L,10,24,0.417,1,7,0.143,0,0,0.0,4,7,11,6,3,1,5,4,-10,12,25,0.48,6,12,0.5,1,2,0.5,5,8,13,6,3,1,4,4,10
0022400378,2024-12-21,2024-25,regular_season,False,1610612737,ATL,Atlanta Hawks,1610612763,MEM,Memphis Grizzlies,22,30,L,9,23,0.391,1,10,0.1,3,3,1.0,2,8,10,8,1,2,4,2,-8,12,24,0.5,5,12,0.417,1,3,0.333,2,10,12,8,2,1,2,4,8
0022400376,2024-12-21,2024-25,regular_season,False,1610612758,SAC,Sacramento Kings,1610612747,LAL,Los Angeles Lakers,27,25,W,11,29,0.379,3,10,0.3,2,3,0.667,5,9,14,6,2,0,2,6,2,9,21,0.429,2,9,0.222,5,7,0.714,3,11,14,4,1,3,3,4,-2
0022400387,2024-12-21,2024-25,regular_season,False,1610612756,PHX,Phoenix Suns,1610612765,DET,Detroit Pistons,33,23,W,11,18,0.611,4,9,0.444,7,8,0.875,2,10,12,9,4,0,4,1,10,11,24,0.458,1,8,0.125,0,0,0.0,3,6,9,8,3,1,4,4,-10
0022400381,2024-12-21,2024-25,regular_season,False,1610612741,CHI,Chicago Bulls,1610612738,BOS,Boston Celtics,26,33,L,10,24,0.417,3,12,0.25,3,4,0.75,3,7,10,7,1,1,3,2,-7,13,25,0.52,3,12,0.25,4,4,1.0,4,10,14,9,1,1,2,2,7
0022400390,2024-12-22,2024-25,regular_season,False,1610612740,NOP,New Orleans Pelicans,1610612743,DEN,Denver Nuggets,38,31,W,13,24,0.542,6,12,0.5,6,6,1.0,1,11,12,10,3,4,5,5,7,11,25,0.44,1,6,0.167,8,9,0.889,4,8,12,6,4,0,3,3,-7
0022400389,2024-12-22,2024-25,regular_season,False,1610612758,SAC,Sacramento Kings,1610612754,IND,Indiana Pacers,29,31,L,10,24,0.417,4,8,0.5,5,6,0.833,6,3,9,7,1,1,1,1,-2,13,18,0.722,5,8,0.625,0,0,0.0,2,9,11,11,1,1,5,5,2
0022400388,2024-12-22,2024-25,regular_season,False,1610612761,TOR,Toronto Raptors,1610612745,HOU,Houston Rockets,22,27,L,9,22,0.409,3,11,0.273,1,1,1.0,0,10,10,6,3,0,5,7,-5,8,20,0.4,3,9,0.333,8,10,0.8,2,11,13,5,3,1,5,4,5
0022400404,2024-12-23,2024-25,regular_season,False,1610612747,LAL,Los Angeles Lakers,1610612765,DET,Detroit Pistons,32,28,W,11,17,0.647,4,8,0.5,6,6,1.0,1,6,7,8,2,1,3,3,4,11,19,0.579,2,5,0.4,4,4,1.0,1,5,6,8,2,0,2,4,-4
0022400403,2024-12-23,2024-25,regular_season,False,1610612744,GSW,Golden State Warriors,1610612754,IND,Indiana Pacers,22,29,L,8,22,0.364,3,8,0.375,3,5,0.6,3,4,7,6,2,2,2,3,-7,11,22,0.5,3,9,0.333,4,4,1.0,4,10,14,3,0,1,3,5,7
0022400402,2024-12-23,2024-25,regular_season,False,1610612743,DEN,Denver Nuggets,1610612756,PHX,Phoenix Suns,28,25,W,10,20,0.5,3,8,0.375,5,5,1.0,1,9,10,8,0,1,5,5,3,8,21,0.381,3,8,0.375,6,9,0.667,2,8,10,5,3,2,3,5,-3
0022400400,2024-12-23,2024-25,regular_season,False,1610612760,OKC,Oklahoma City Thunder,1610612764,WAS,Washington Wizards,38,31,W,13,24,0.542,4,10,0.4,8,9,0.889,4,9,13,8,5,1,3,3,7,10,23,0.435,6,16,0.375,5,6,0.833,3,8,11,7,2,1,5,6,-7
0022400399,2024-12-23,2024-25,regular_season,False,1610612763,MEM,Memphis Grizzlies,1610612746,LAC,LA Clippers,28,23,W,11,26,0.423,5,11,0.455,1,2,0.5,7,9,16,6,3,2,7,2,5,10,25,0.4,2,5,0.4,1,1,1.0,4,8,12,5,5,0,6,6,-5
0022400398,2024-12-23,2024-25,regular_season,False,1610612741,CHI,Chicago Bulls,1610612749,MIL,Milwaukee Bucks,28,26,W,11,24,0.458,3,13,0.231,3,3,1.0,3,12,15,11,1,1,5,4,2,10,25,0.4,5,12,0.417,1,2,0.5,2,10,12,4,3,0,3,5,-2
0022400401,2024-12-23,2024-25,regular_season,False,1610612742,DAL,Dallas Mavericks,1610612757,POR,Portland Trail Blazers,34,22,W,12,21,0.571,3,10,0.3,7,12,0.583,3,6,9,8,3,0,1,2,12,10,24,0.417,2,9,0.222,0,0,0.0,5,9,14,6,0,0,4,8,-12
0022400396,2024-12-23,2024-25,regular_season,False,1610612748,MIA,Miami Heat,1610612751,BKN,Brooklyn Nets,19,29,L,5,20,0.25,2,10,0.2,7,8,0.875,1,12,13,5,2,1,6,7,-10,9,21,0.429,3,7,0.429,8,10,0.8,1,12,13,7,3,1,4,5,10
0022400395,2024-12-23,2024-25,regular_season,False,1610612737,ATL,Atlanta Hawks,1610612750,MIN,Minnesota Timberwolves,17,36,L,5,21,0.238,3,12,0.25,4,4,1.0,2,7,9,4,2,3,5,1,-19,14,27,0.519,8,14,0.571,0,0,0.0,6,12,18,10,2,2,3,3,19
0022400394,2024-12-23,2024-25,regular_season,False,1610612755,PHI,Philadelphia 76ers,1610612759,SAS,San Antonio Spurs,29,25,W,10,21,0.476,5,12,0.417,4,4,1.0,2,9,11,8,2,0,5,5,4,8,18,0.444,2,9,0.222,7,7,1.0,0,5,5,7,2,3,5,3,-4
0022400393,2024-12-23,2024-25,regular_season,False,1610612753,ORL,Orlando Magic,1610612738,BOS,Boston Celtics,22,26,L,8,24,0.333,2,9,0.222,4,4,1.0,1,8,9,7,4,0,4,7,-4,8,19,0.421,1,8,0.125,9,10,0.9,1,13,14,4,3,2,6,3,4
0022400392,2024-12-23,2024-25,regular_season,False,1610612739,CLE,Cleveland Cavaliers,1610612762,UTA,Utah Jazz,31,29,W,10,21,0.476,5,12,0.417,6,8,0.75,2,6,8,10,3,0,3,5,2,10,25,0.4,5,10,0.5,4,4,1.0,5,9,14,7,2,0,6,8,-2
0022400391,2024-12-23,2024-25,regular_season,False,1610612766,CHA,Charlotte Hornets,1610612745,HOU,Houston Rockets,16,31,L,6,21,0.286,1,9,0.111,3,8,0.375,5,7,12,2,4,2,4,4,-15,11,23,0.478,6,13,0.462,3,3,1.0,5,12,17,7,1,4,5,5,15
0022400397,2024-12-23,2024-25,regular_season,False,1610612752,NYK,New York Knicks,1610612761,TOR,Toronto Raptors,40,24,W,14,25,0.56,6,12,0.5,6,8,0.75,3,8,11,11,3,0,3,6,16,8,16,0.5,1,5,0.2,7,10,0.7,0,8,8,4,1,0,6,8,-16
0022400405,2024-12-25,2024-25,regular_season,False,1610612752,NYK,New York Knicks,1610612759,SAS,San Antonio Spurs,23,31,L,9,23,0.391,3,10,0.3,2,2,1.0,0,4,4,6,4,0,2,1,-8,14,22,0.636,3,8,0.375,0,0,0.0,3,13,16,12,1,0,7,2,8
0022400406,2024-12-25,2024-25,regular_season,False,1610612742,DAL,Dallas Mavericks,1610612750,MIN,Minnesota Timberwolves,16,31,L,5,20,0.25,3,12,0.25,3,3,1.0,2,6,8,3,3,0,3,7,-15,10,18,0.556,6,12,0.5,5,6,0.833,3,12,15,7,2,1,3,4,15
0022400407,2024-12-25,2024-25,regular_season,False,1610612738,BOS,Boston Celtics,1610612755,PHI,Philadelphia 76ers,33,36,L,12,25,0.48,6,12,0.5,3,3,1.0,4,7,11,5,0,0,2,4,-3,13,24,0.542,6,12,0.5,4,4,1.0,2,6,8,9,2,2,0,6,3
0022400408,2024-12-25,2024-25,regular_season,False,1610612744,GSW,Golden State Warriors,1610612747,LAL,Los Angeles Lakers,29,32,L,12,24,0.5,4,11,0.364,1,3,0.333,4,6,10,5,0,3,3,6,-3,10,23,0.435,3,11,0.273,9,9,1.0,4,7,11,7,3,1,1,4,3
0022400409,2024-12-25,2024-25,regular_season,False,1610612756,PHX,Phoenix Suns,1610612743,DEN,Denver Nuggets,20,22,L,9,25,0.36,1,7,0.143,1,2,0.5,5,8,13,7,2,1,1,1,-2,10,24,0.417,2,11,0.182,0,0,0.0,4,11,15,4,0,0,3,4,2
0022400416,2024-12-26,2024-25,regular_season,False,1610612740,NOP,New Orleans Pelicans,1610612745,HOU,Houston Rockets,21,22,L,7,27,0.259,4,13,0.308,3,4,0.75,6,10,16,6,3,1,3,3,-1,8,24,0.333,1,13,0.077,5,6,0.833,5,12,17,4,1,2,4,3,1
0022400418,2024-12-26,2024-25,regular_season,False,1610612758,SAC,Sacramento Kings,1610612765,DET,Detroit Pistons,31,19,W,9,20,0.45,5,12,0.417,8,8,1.0,1,11,12,5,0,0,3,3,12,7,21,0.333,1,9,0.111,4,4,1.0,0,10,10,4,1,1,4,7,-12
0022400417,2024-12-26,2024-25,regular_season,False,1610612757,POR,Portland Trail Blazers,1610612762,UTA,Utah Jazz,32,31,W,12,23,0.522,6,13,0.462,2,3,0.667,2,7,9,10,4,2,3,3,1,12,24,0.5,6,12,0.5,1,2,0.5,4,10,14,9,2,2,4,3,-1
0022400415,2024-12-26,2024-25,regular_season,False,1610612749,MIL,Milwaukee Bucks,1610612751,BKN,Brooklyn Nets,34,24,W,12,22,0.545,7,12,0.583,3,4,0.75,2,8,10,8,2,2,5,4,10,10,22,0.455,1,9,0.111,3,5,0.6,2,4,6,7,2,0,4,2,-10
0022400410,2024-12-26,2024-25,regular_season,False,1610612754,IND,Indiana Pacers,1610612760,OKC,Oklahoma City Thunder,32,34,L,12,24,0.5,5,7,0.714,3,4,0.75,1,9,10,7,0,3,1,4,-2,14,24,0.583,3,7,0.429,3,5,0.6,1,11,12,4,1,1,0,4,2
0022400413,2024-12-26,2024-25,regular_season,False,1610612737,ATL,Atlanta Hawks,1610612741,CHI,Chicago Bulls,32,31,W,11,22,0.5,5,11,0.455,5,5,1.0,3,7,10,8,1,2,5,3,1,14,25,0.56,3,7,0.429,0,0,0.0,3,7,10,8,3,0,4,5,-1
0022400412,2024-12-26,2024-25,regular_season,False,1610612764,WAS,Washington Wizards,1610612766,CHA,Charlotte Hornets,34,25,W,14,25,0.56,3,8,0.375,3,5,0.6,2,8,10,10,3,1,2,6,9,8,22,0.364,3,10,0.3,6,6,1.0,4,8,12,6,1,0,5,4,-9
0022400411,2024-12-26,2024-25,regular_season,False,1610612753,ORL,Orlando Magic,1610612748,MIA,Miami Heat,21,19,W,9,20,0.45,0,9,0.0,3,3,1.0,4,6,10,4,3,2,7,5,2,8,17,0.471,2,4,0.5,1,2,0.5,1,4,5,4,5,1,5,3,-2
0022400414,2024-12-26,2024-25,regular_season,False,1610612763,MEM,Memphis Grizzlies,1610612761,TOR,Toronto Raptors,35,35,W,14,27,0.519,4,11,0.364,3,5,0.6,4,11,15,6,2,2,6,3,0,14,29,0.483,4,12,0.333,3,3,1.0,2,8,10,10,1,0,3,4,0
0022400419,2024-12-27,2024-25,regular_season,False,1610612753,ORL,Orlando Magic,1610612752,NYK,New York Knicks,25,28,L,9,23,0.391,2,9,0.222,5,6,0.833,3,4,7,6,0,1,2,9,-3,9,13,0.692,1,3,0.333,9,15,0.6,1,5,6,5,2,0,2,7,3
0022400420,2024-12-27,2024-25,regular_season,False,1610612738,BOS,Boston Celtics,1610612754,IND,Indiana Pacers,28,23,W,12,25,0.48,4,13,0.308,0,0,0.0,6,9,15,9,3,3,5,4,5,9,24,0.375,5,12,0.417,0,0,0.0,3,6,9,8,1,0,5,1,-5
0022400421,2024-12-27,2024-25,regular_season,False,1610612751,BKN,Brooklyn Nets,1610612759,SAS,San Antonio Spurs,19,30,L,7,21,0.333,3,10,0.3,2,5,0.4,4,6,10,6,2,0,7,11,-11,7,15,0.467,3,7,0.429,13,15,0.867,1,7,8,5,3,1,4,4,11
0022400422,2024-12-27,2024-25,regular_season,False,1610612745,HOU,Houston Rockets,1610612750,MIN,Minnesota Timberwolves,31,35,L,12,22,0.545,1,8,0.125,6,8,0.75,5,6,11,2,0,1,4,3,-4,13,24,0.542,8,14,0.571,1,2,0.5,4,5,9,8,4,2,2,8,4
0022400423,2024-12-27,2024-25,regular_season,False,1610612740,NOP,New Orleans Pelicans,1610612763,MEM,Memphis Grizzlies,36,42,L,13,27,0.481,4,11,0.364,6,7,0.857,3,7,10,8,5,1,5,5,-6,14,22,0.636,8,13,0.615,6,6,1.0,1,8,9,12,3,3,5,6,6
0022400424,2024-12-27,2024-25,regular_season,False,1610612743,DEN,Denver Nuggets,1610612739,CLE,Cleveland Cavaliers,27,40,L,11,23,0.478,1,6,0.167,4,4,1.0,1,9,10,7,2,1,4,6,-13,15,27,0.556,6,15,0.4,4,7,0.571,3,9,12,11,2,2,3,2,13
0022400425,2024-12-27,2024-25,regular_season,False,1610612756,PHX,Phoenix Suns,1610612742,DAL,Dallas Mavericks,14,27,L,5,20,0.25,2,8,0.25,2,4,0.5,3,6,9,2,3,3,5,5,-13,10,20,0.5,1,5,0.2,6,7,0.857,3,8,11,6,2,2,4,5,13
0022400426,2024-12-27,2024-25,regular_season,False,1610612746,LAC,LA Clippers,1610612744,GSW,Golden State Warriors,30,22,W,12,19,0.632,4,8,0.5,2,2,1.0,0,10,10,6,1,5,5,6,8,8,23,0.348,3,9,0.333,3,4,0.75,2,5,7,7,3,2,2,3,-8
0022400433,2024-12-28,2024-25,regular_season,False,1610612762,UTA,Utah Jazz,1610612755,PHI,Philadelphia 76ers,18,35,L,8,21,0.381,1,9,0.111,1,1,1.0,2,6,8,6,1,1,7,10,-17,11,19,0.579,3,5,0.6,10,12,0.833,1,8,9,7,3,1,3,4,17
0022400435,2024-12-28,2024-25,regular_season,False,1610612747,LAL,Los Angeles Lakers,1610612758,SAC,Sacramento Kings,25,35,L,7,18,0.389,3,9,0.333,8,13,0.615,3,5,8,5,1,2,4,5,-10,15,30,0.5,0,8,0.0,5,5,1.0,7,9,16,12,4,1,2,11,10
0022400434,2024-12-28,2024-25,regular_season,False,1610612757,POR,Portland Trail Blazers,1610612742,DAL,Dallas Mavericks,33,34,L,12,23,0.522,4,8,0.5,5,7,0.714,1,8,9,9,1,2,2,7,-1,11,22,0.5,3,7,0.429,9,12,0.75,4,9,13,6,1,3,2,5,1
0022400432,2024-12-28,2024-25,regular_season,False,1610612743,DEN,Denver Nuggets,1610612765,DET,Detroit Pistons,31,23,W,14,23,0.609,1,3,0.333,2,3,0.667,1,11,12,8,1,1,1,3,8,8,25,0.32,4,12,0.333,3,5,0.6,6,9,15,5,1,0,2,4,-8
0022400431,2024-12-28,2024-25,regular_season,False,1610612744,GSW,Golden State Warriors,1610612756,PHX,Phoenix Suns,27,38,L,11,21,0.524,4,10,0.4,1,1,1.0,4,3,7,7,0,1,7,5,-11,15,27,0.556,3,7,0.429,5,6,0.833,6,5,11,10,5,2,0,2,11
0022400430,2024-12-28,2024-25,regular_season,False,1610612741,CHI,Chicago Bulls,1610612749,MIL,Milwaukee Bucks,29,35,L,12,22,0.545,5,10,0.5,0,2,0.0,0,8,8,10,0,1,3,4,-6,14,25,0.56,4,8,0.5,3,3,1.0,0,9,9,10,1,2,0,3,6
0022400429,2024-12-28,2024-25,regular_season,False,1610612764,WAS,Washington Wizards,1610612752,NYK,New York Knicks,27,28,L,11,24,0.458,5,12,0.417,0,0,0.0,3,9,12,7,1,2,6,4,-1,12,25,0.48,0,10,0.0,4,5,0.8,4,6,10,7,3,0,4,1,1
0022400428,2024-12-28,2024-25,regular_season,False,1610612766,CHA,Charlotte Hornets,1610612760,OKC,Oklahoma City Thunder,24,33,L,8,13,0.615,3,5,0.6,5,6,0.833,0,11,11,5,0,3,7,7,-9,14,26,0.538,4,9,0.444,1,3,0.333,2,6,8,8,2,0,3,3,9
0022400427,2024-12-28,2024-25,regular_season,False,1610612737,ATL,Atlanta Hawks,1610612748,MIA,Miami Heat,26,30,L,11,20,0.55,2,8,0.25,2,3,0.667,2,8,10,8,2,1,5,3,-4,11,22,0.5,5,12,0.417,3,3,1.0,1,8,9,6,4,0,3,4,4
0022400440,2024-12-29,2024-25,regular_season,False,1610612760,OKC,Oklahoma City Thunder,1610612763,MEM,Memphis Grizzlies,42,19,W,16,24,0.667,5,10,0.5,5,5,1.0,1,12,13,11,3,4,4,5,23,6,21,0.286,2,10,0.2,5,7,0.714,3,5,8,6,4,1,7,6,-23
0022400439,2024-12-29,2024-25,regular_season,False,1610612745,HOU,Houston Rockets,1610612748,MIA,Miami Heat,23,22,W,10,21,0.476,2,7,0.286,1,2,0.5,2,8,10,8,0,0,3,8,1,8,21,0.381,1,10,0.1,5,8,0.625,7,7,14,7,0,1,4,3,-1
0022400441,2024-12-29,2024-25,regular_season,False,1610612750,MIN,Minnesota Timberwolves,1610612759,SAS,San Antonio Spurs,32,12,W,13,26,0.5,6,15,0.4,0,2,0.0,3,14,17,9,1,3,2,4,20,4,21,0.19,2,12,0.167,2,2,1.0,2,8,10,4,1,0,4,5,-20
0022400437,2024-12-29,2024-25,regular_season,False,1610612738,BOS,Boston Celtics,1610612754,IND,Indiana Pacers,29,38,L,11,21,0.524,3,11,0.273,4,6,0.667,2,6,8,7,1,1,1,7,-9,13,20,0.65,4,7,0.571,8,10,0.8,2,8,10,5,1,1,1,5,9
0022400436,2024-12-29,2024-25,regular_season,False,1610612753,ORL,Orlando Magic,1610612751,BKN,Brooklyn Nets,22,34,L,7,19,0.368,2,7,0.286,6,8,0.75,5,4,9,4,1,1,5,6,-12,10,20,0.5,5,9,0.556,9,11,0.818,4,7,11,7,2,1,3,6,12
0022400438,2024-12-29,2024-25,regular_season,False,1610612761,TOR,Toronto Raptors,1610612737,ATL,Atlanta Hawks,33,29,W,12,18,0.667,2,6,0.333,7,8,0.875,2,9,11,9,3,1,7,10,4,8,21,0.381,1,6,0.167,12,14,0.857,5,2,7,3,3,1,4,5,-4
0022400442,2024-12-30,2024-25,regular_season,False,1610612766,CHA,Charlotte Hornets,1610612741,CHI,Chicago Bulls,22,37,L,9,23,0.391,3,12,0.25,1,1,1.0,1,9,10,5,1,2,2,5,-15,12,21,0.571,7,12,0.583,6,10,0.6,1,13,14,11,1,2,1,1,15
0022400443,2024-12-30,2024-25,regular_season,False,1610612764,WAS,Washington Wizards,1610612752,NYK,New York Knicks,27,32,L,10,21,0.476,2,10,0.2,5,8,0.625,1,7,8,7,1,3,2,6,-5,11,22,0.5,5,12,0.417,5,7,0.714,3,10,13,10,1,0,3,9,5
0022400444,2024-12-30,2024-25,regular_season,False,1610612740,NOP,New Orleans Pelicans,1610612746,LAC,LA Clippers,25,25,L,9,21,0.429,4,11,0.364,3,4,0.75,1,10,11,7,3,2,5,6,0,8,21,0.381,3,10,0.3,6,10,0.6,3,9,12,6,3,1,4,4,0
0022400445,2024-12-30,2024-25,regular_season,False,1610612762,UTA,Utah Jazz,1610612743,DEN,Denver Nuggets,29,28,W,10,24,0.417,1,8,0.125,8,8,1.0,5,9,14,6,2,0,2,5,1,12,24,0.5,1,8,0.125,3,4,0.75,2,9,11,10,1,0,2,5,-1
0022400446,2024-12-30,2024-25,regular_season,False,1610612744,GSW,Golden State Warriors,1610612739,CLE,Cleveland Cavaliers,11,20,L,4,24,0.167,0,8,0.0,3,4,0.75,4,11,15,1,1,2,5,5,-9,8,22,0.364,2,13,0.154,2,2,1.0,3,14,17,5,3,2,5,5,9
0022400447,2024-12-30,2024-25,regular_season,False,1610612757,POR,Portland Trail Blazers,1610612755,PHI,Philadelphia 76ers,23,31,L,9,17,0.529,3,10,0.3,2,4,0.5,2,4,6,7,1,1,6,5,-8,12,17,0.706,2,4,0.5,5,5,1.0,1,6,7,5,3,2,4,4,8
0022400448,2024-12-30,2024-25,regular_season,False,1610612758,SAC,Sacramento Kings,1610612742,DAL,Dallas Mavericks,33,23,W,13,30,0.433,2,9,0.222,5,5,1.0,6,11,17,8,1,0,3,7,10,6,22,0.273,1,11,0.091,10,11,0.909,2,8,10,5,1,5,1,5,-10
0022400454,2024-12-31,2024-25,regular_season,False,1610612747,LAL,Los Angeles Lakers,1610612739,CLE,Cleveland Cavaliers,23,24,L,10,27,0.37,1,10,0.1,2,3,0.667,2,10,12,4,3,2,0,0,-1,10,24,0.417,4,11,0.364,0,0,0.0,3,14,17,8,0,2,4,3,1
0022400453,2024-12-31,2024-25,regular_season,False,1610612756,PHX,Phoenix Suns,1610612763,MEM,Memphis Grizzlies,29,33,L,10,22,0.455,3,10,0.3,6,7,0.857,3,8,11,5,1,0,4,4,-4,12,25,0.48,7,15,0.467,2,4,0.5,2,8,10,8,4,1,2,7,4
0022400452,2024-12-31,2024-25,regular_season,False,1610612760,OKC,Oklahoma City Thunder,1610612750,MIN,Minnesota Timberwolves,25,28,L,10,21,0.476,2,9,0.222,3,7,0.429,2,9,11,4,3,0,4,1,-3,12,24,0.5,4,11,0.364,0,0,0.0,3,9,12,8,0,1,4,6,3
0022400450,2024-12-31,2024-25,regular_season,False,1610612754,IND,Indiana Pacers,1610612749,MIL,Milwaukee Bucks,36,23,W,13,23,0.565,2,7,0.286,8,12,0.667,3,12,15,7,6,1,4,4,13,8,20,0.4,2,11,0.182,5,6,0.833,1,9,10,7,2,0,7,8,-13
0022400449,2024-12-31,2024-25,regular_season,False,1610612738,BOS,Boston Celtics,1610612761,TOR,Toronto Raptors,22,23,L,9,23,0.391,3,9,0.333,1,4,0.25,4,7,11,5,4,1,3,2,-1,8,21,0.381,6,11,0.545,1,1,1.0,3,11,14,5,2,2,8,6,1
0022400451,2024-12-31,2024-25,regular_season,False,1610612759,SAS,San Antonio Spurs,1610612746,LAC,LA Clippers,32,26,W,10,22,0.455,4,13,0.308,8,9,0.889,3,10,13,7,3,1,3,4,6,9,21,0.429,4,12,0.333,4,4,1.0,2,7,9,6,3,0,4,5,-6
0022400462,2025-01-01,2024-25,regular_season,False,1610612758,SAC,Sacramento Kings,1610612755,PHI,Philadelphia 76ers,32,27,W,11,20,0.55,5,12,0.417,5,6,0.833,3,8,11,9,1,1,3,2,5,11,23,0.478,4,13,0.308,1,2,0.5,3,6,9,6,2,1,2,4,-5
0022400461,2025-01-01,2024-25,regular_season,False,1610612743,DEN,Denver Nuggets,1610612737,ATL,Atlanta Hawks,34,38,L,13,20,0.65,2,7,0.286,6,6,1.0,0,8,8,11,1,1,4,3,-4,15,29,0.517,6,15,0.4,2,4,0.5,4,6,10,13,4,0,3,3,4
0022400459,2025-01-01,2024-25,regular_season,False,1610612761,TOR,Toronto Raptors,1610612751,BKN,Brooklyn Nets,39,31,W,16,27,0.593,5,8,0.625,2,2,1.0,2,7,9,13,3,2,1,5,8,11,23,0.478,2,8,0.25,7,7,1.0,1,7,8,6,1,0,4,4,-8
0022400460,2025-01-01,2024-25,regular_season,False,1610612745,HOU,Houston Rockets,1610612742,DAL,Dallas Mavericks,37,22,W,15,23,0.652,3,6,0.5,4,6,0.667,1,9,10,6,4,0,2,2,15,9,20,0.45,4,8,0.5,0,1,0.0,2,7,9,2,1,3,5,6,-15
0022400457,2025-01-01,2024-25,regular_season,False,1610612748,MIA,Miami Heat,1610612740,NOP,New Orleans Pelicans,20,27,L,8,20,0.4,4,12,0.333,0,0,0.0,0,6,6,5,1,0,5,3,-7,11,21,0.524,1,7,0.143,4,4,1.0,2,5,7,7,2,4,2,2,7
0022400456,2025-01-01,2024-25,regular_season,False,1610612764,WAS,Washington Wizards,1610612741,CHI,Chicago Bulls,28,26,W,9,20,0.45,3,9,0.333,7,7,1.0,1,11,12,7,2,2,7,2,2,11,25,0.44,4,11,0.364,0,1,0.0,1,8,9,7,5,1,4,4,-2
0022400455,2025-01-01,2024-25,regular_season,False,1610612765,DET,Detroit Pistons,1610612753,ORL,Orlando Magic,34,28,W,13,16,0.812,6,7,0.857,2,2,1.0,0,10,10,12,1,1,7,6,6,10,23,0.435,2,9,0.222,6,8,0.75,2,3,5,5,7,0,2,4,-6
0022400458,2025-01-01,2024-25,regular_season,False,1610612752,NYK,New York Knicks,1610612762,UTA,Utah Jazz,32,21,W,13,21,0.619,3,8,0.375,3,3,1.0,1,11,12,8,3,1,4,4,11,9,25,0.36,3,11,0.273,0,0,0.0,3,7,10,6,2,1,5,4,-11
0022400468,2025-01-02,2024-25,regular_season,False,1610612747,LAL,Los Angeles Lakers,1610612757,POR,Portland Trail Blazers,33,20,W,12,22,0.545,6,14,0.429,3,4,0.75,1,9,10,9,4,2,4,5,13,7,18,0.389,2,6,0.333,4,6,0.667,1,10,11,6,3,1,7,5,-13
0022400463,2025-01-02,2024-25,regular_season,False,1610612748,MIA,Miami Heat,1610612754,IND,Indiana Pacers,25,28,L,9,15,0.6,3,7,0.429,4,7,0.571,1,9,10,7,1,0,6,2,-3,12,23,0.522,1,7,0.143,3,3,1.0,1,5,6,11,3,0,2,4,3
0022400464,2025-01-02,2024-25,regular_season,False,1610612750,MIN,Minnesota Timberwolves,1610612738,BOS,Boston Celtics,16,34,L,6,19,0.316,2,9,0.222,2,2,1.0,4,4,8,2,0,0,5,4,-18,13,22,0.591,7,12,0.583,1,2,0.5,4,8,12,8,3,3,2,3,18
0022400465,2025-01-02,2024-25,regular_season,False,1610612749,MIL,Milwaukee Bucks,1610612751,BKN,Brooklyn Nets,31,36,L,13,21,0.619,4,8,0.5,1,3,0.333,2,6,8,8,3,0,5,5,-5,13,24,0.542,4,11,0.364,6,7,0.857,4,6,10,9,3,0,3,4,5
0022400466,2025-01-02,2024-25,regular_season,False,1610612760,OKC,Oklahoma City Thunder,1610612746,LAC,LA Clippers,26,22,W,9,21,0.429,5,11,0.455,3,4,0.75,0,8,8,5,0,3,2,5,4,8,20,0.4,2,6,0.333,4,7,0.571,3,10,13,6,1,1,4,5,-4
0022400467,2025-01-02,2024-25,regular_season,False,1610612744,GSW,Golden State Warriors,1610612755,PHI,Philadelphia 76ers,33,33,W,13,24,0.542,6,12,0.5,1,2,0.5,3,6,9,10,2,2,3,6,0,10,19,0.526,4,8,0.5,9,9,1.0,1,6,7,5,2,2,2,2,0
0022400477,2025-01-03,2024-25,regular_season,False,1610612747,LAL,Los Angeles Lakers,1610612737,ATL,Atlanta Hawks,34,29,W,11,19,0.579,4,7,0.571,8,9,0.889,4,8,12,6,1,1,5,4,5,14,28,0.5,1,8,0.125,0,1,0.0,3,4,7,8,0,0,2,5,-5
0022400475,2025-01-03,2024-25,regular_season,False,1610612743,DEN,Denver Nuggets,1610612759,SAS,San Antonio Spurs,22,28,L,7,19,0.368,2,6,0.333,6,9,0.667,1,10,11,4,2,5,3,4,-6,11,26,0.423,5,11,0.455,1,3,0.333,4,13,17,9,1,0,4,7,6
0022400476,2025-01-03,2024-25,regular_season,False,1610612758,SAC,Sacramento Kings,1610612763,MEM,Memphis Grizzlies,32,40,L,13,25,0.52,4,11,0.364,2,3,0.667,2,5,7,8,0,3,2,6,-8,15,27,0.556,2,7,0.286,8,11,0.727,5,10,15,10,1,1,1,3,8
0022400474,2025-01-03,2024-25,regular_season,False,1610612742,DAL,Dallas Mavericks,1610612739,CLE,Cleveland Cavaliers,32,37,L,10,19,0.526,5,9,0.556,7,10,0.7,4,7,11,7,0,0,5,5,-5,15,25,0.6,4,10,0.4,3,4,0.75,3,6,9,11,2,1,0,5,5
0022400470,2025-01-03,2024-25,regular_season,False,1610612761,TOR,Toronto Raptors,1610612753,ORL,Orlando Magic,26,25,W,9,23,0.391,4,13,0.308,4,4,1.0,2,11,13,6,1,0,2,4,1,8,23,0.348,4,16,0.25,5,6,0.833,4,8,12,7,2,1,1,3,-1
0022400472,2025-01-03,2024-25,regular_season,False,1610612740,NOP,New Orleans Pelicans,1610612764,WAS,Washington Wizards,33,31,W,12,22,0.545,6,12,0.5,3,3,1.0,2,5,7,11,1,2,3,9,2,10,16,0.625,2,4,0.5,9,12,0.75,2,7,9,4,3,0,4,4,-2
0022400469,2025-01-03,2024-25,regular_season,False,1610612765,DET,Detroit Pistons,1610612766,CHA,Charlotte Hornets,26,34,L,11,20,0.55,2,8,0.25,2,2,1.0,0,7,7,6,3,2,6,11,-8,11,21,0.524,1,5,0.2,11,17,0.647,3,6,9,7,4,0,3,3,8
0022400473,2025-01-03,2024-25,regular_season,False,1610612760,OKC,Oklahoma City Thunder,1610612752,NYK,New York Knicks,21,36,L,8,21,0.381,0,3,0.0,5,5,1.0,2,7,9,5,2,2,6,4,-15,13,23,0.565,5,8,0.625,5,6,0.833,2,11,13,8,3,2,3,6,15
0022400471,2025-01-03,2024-25,regular_season,False,1610612745,HOU,Houston Rockets,1610612738,BOS,Boston Celtics,25,28,L,9,23,0.391,4,9,0.444,3,3,1.0,1,10,11,4,1,2,3,7,-3,10,23,0.435,5,11,0.455,3,6,0.5,4,8,12,4,1,3,1,2,3
0022400486,2025-01-04,2024-25,regular_season,False,1610612746,LAC,LA Clippers,1610612737,ATL,Atlanta Hawks,45,26,W,17,27,0.63,7,11,0.636,4,5,0.8,1,12,13,11,4,1,3,2,19,10,26,0.385,4,14,0.286,2,4,0.5,4,7,11,8,2,1,6,4,-19
0022400478,2025-01-04,2024-25,regular_season,False,1610612751,BKN,Brooklyn Nets,1610612755,PHI,Philadelphia 76ers,28,35,L,9,16,0.562,2,8,0.25,8,10,0.8,1,8,9,5,3,1,8,8,-7,12,21,0.571,1,7,0.143,10,13,0.769,2,7,9,8,5,0,4,6,7
0022400479,2025-01-04,2024-25,regular_season,False,1610612765,DET,Detroit Pistons,1610612750,MIN,Minnesota Timberwolves,22,15,W,9,26,0.346,3,10,0.3,1,2,0.5,6,12,18,4,4,1,5,6,7,5,20,0.25,3,13,0.231,2,2,1.0,1,6,7,2,1,3,5,2,-7
0022400480,2025-01-04,2024-25,regular_season,False,1610612754,IND,Indiana Pacers,1610612756,PHX,Phoenix Suns,26,27,L,10,26,0.385,4,13,0.308,2,2,1.0,3,9,12,9,2,1,1,3,-1,11,22,0.5,3,8,0.375,2,3,0.667,2,11,13,10,0,4,2,1,1
0022400481,2025-01-04,2024-25,regular_season,False,1610612748,MIA,Miami Heat,1610612762,UTA,Utah Jazz,19,40,L,6,20,0.3,1,12,0.083,6,6,1.0,0,1,1,5,4,0,3,1,-21,17,22,0.773,4,7,0.571,2,2,1.0,2,14,16,10,2,1,7,5,21
0022400482,2025-01-04,2024-25,regular_season,False,1610612741,CHI,Chicago Bulls,1610612752,NYK,New York Knicks,34,39,L,11,23,0.478,3,8,0.375,9,9,1.0,2,6,8,8,2,0,3,6,-5,13,22,0.591,3,10,0.3,10,11,0.909,3,10,13,7,1,0,5,6,5
0022400483,2025-01-04,2024-25,regular_season,False,1610612749,MIL,Milwaukee Bucks,1610612757,POR,Portland Trail Blazers,20,26,L,8,22,0.364,3,10,0.3,1,1,1.0,0,7,7,5,5,0,3,1,-6,11,20,0.55,4,11,0.364,0,1,0.0,3,13,16,7,2,1,7,2,6
0022400484,2025-01-04,2024-25,regular_season,False,1610612759,SAS,San Antonio Spurs,1610612743,DEN,Denver Nuggets,28,24,W,12,22,0.545,2,8,0.25,2,2,1.0,0,11,11,11,0,1,3,2,4,11,24,0.458,1,7,0.143,1,2,0.5,2,9,11,8,3,1,3,5,-4
0022400485,2025-01-04,2024-25,regular_season,False,1610612744,GSW,Golden State Warriors,1610612763,MEM,Memphis Grizzlies,28,25,W,10,19,0.526,4,7,0.571,4,8,0.5,2,6,8,7,4,0,5,4,3,10,24,0.417,3,7,0.429,2,3,0.667,5,8,13,4,2,3,6,7,-3
0022400491,2025-01-05,2024-25,regular_season,False,1610612745,HOU,Houston Rockets,1610612747,LAL,Los Angeles Lakers,31,27,W,13,26,0.5,3,13,0.231,2,6,0.333,8,7,15,4,0,1,2,6,4,10,19,0.526,1,7,0.143,6,9,0.667,2,4,6,8,1,0,1,4,-4
0022400490,2025-01-05,2024-25,regular_season,False,1610612753,ORL,Orlando Magic,1610612762,UTA,Utah Jazz,18,21,L,8,28,0.286,2,15,0.133,0,0,0.0,3,8,11,4,2,2,2,4,-3,8,20,0.4,2,7,0.286,3,3,1.0,3,14,17,6,1,0,7,4,3
0022400492,2025-01-05,2024-25,regular_season,False,1610612744,GSW,Golden State Warriors,1610612758,SAC,Sacramento Kings,30,39,L,8,19,0.421,5,7,0.714,9,11,0.818,3,5,8,5,1,2,5,7,-9,13,23,0.565,6,11,0.545,7,8,0.875,1,8,9,9,3,1,3,9,9
0022400488,2025-01-05,2024-25,regular_season,False,1610612739,CLE,Cleveland Cavaliers,1610612766,CHA,Charlotte Hornets,34,25,W,12,25,0.48,5,11,0.455,5,7,0.714,3,9,12,8,3,1,3,6,9,6,19,0.316,4,13,0.308,9,12,0.75,3,11,14,3,3,3,7,5,-9
0022400487,2025-01-05,2024-25,regular_season,False,1610612760,OKC,Oklahoma City Thunder,1610612738,BOS,Boston Celtics,23,30,L,8,25,0.32,5,14,0.357,2,3,0.667,4,5,9,5,2,0,3,4,-7,13,22,0.591,1,8,0.125,3,3,1.0,3,11,14,8,0,3,3,5,7
0022400489,2025-01-05,2024-25,regular_season,False,1610612764,WAS,Washington Wizards,1610612740,NOP,New Orleans Pelicans,23,27,L,10,24,0.417,1,10,0.1,2,3,0.667,1,11,12,7,1,1,3,6,-4,8,22,0.364,5,13,0.385,6,6,1.0,2,10,12,7,1,2,4,3,4
0022400501,2025-01-06,2024-25,regular_season,False,1610612758,SAC,Sacramento Kings,1610612748,MIA,Miami Heat,27,19,W,11,25,0.44,1,11,0.091,4,6,0.667,5,14,19,8,2,1,3,3,8,6,22,0.273,3,12,0.25,4,6,0.667,2,10,12,4,3,0,2,4,-8
0022400500,2025-01-06,2024-25,regular_season,False,1610612750,MIN,Minnesota Timberwolves,1610612746,LAC,LA Clippers,30,26,W,12,25,0.48,6,14,0.429,0,2,0.0,4,5,9,8,3,1,1,5,4,9,16,0.562,3,6,0.5,5,6,0.833,2,10,12,8,0,2,5,4,-4
0022400499,2025-01-06,2024-25,regular_season,False,1610612763,MEM,Memphis Grizzlies,1610612742,DAL,Dallas Mavericks,30,19,W,10,25,0.4,3,9,0.333,7,9,0.778,5,15,20,6,0,1,2,3,11,8,25,0.32,2,7,0.286,1,4,0.25,2,10,12,6,0,5,2,7,-11
0022400498,2025-01-06,2024-25,regular_season,False,1610612741,CHI,Chicago Bulls,1610612759,SAS,San Antonio Spurs,30,36,L,13,27,0.481,3,10,0.3,1,1,1.0,7,6,13,7,1,1,7,2,-6,16,28,0.571,3,10,0.3,1,2,0.5,6,5,11,12,5,2,2,4,6
0022400494,2025-01-06,2024-25,regular_season,False,1610612755,PHI,Philadelphia 76ers,1610612756,PHX,Phoenix Suns,23,26,L,7,22,0.318,5,9,0.556,4,6,0.667,4,10,14,6,1,2,3,4,-3,11,23,0.478,3,9,0.333,1,3,0.333,1,12,13,8,2,0,2,4,3
0022400496,2025-01-06,2024-25,regular_season,False,1610612752,NYK,New York Knicks,1610612753,ORL,Orlando Magic,23,29,L,7,22,0.318,1,10,0.1,8,8,1.0,5,5,10,2,2,0,4,4,-6,13,23,0.565,3,9,0.333,0,0,0.0,3,7,10,7,1,1,5,7,6
0022400495,2025-01-06,2024-25,regular_season,False,1610612751,BKN,Brooklyn Nets,1610612754,IND,Indiana Pacers,17,31,L,7,20,0.35,3,9,0.333,0,2,0.0,2,6,8,5,3,0,6,3,-14,12,20,0.6,3,5,0.6,4,4,1.0,2,7,9,6,4,0,5,4,14
0022400493,2025-01-06,2024-25,regular_season,False,1610612765,DET,Detroit Pistons,1610612757,POR,Portland Trail Blazers,28,32,L,10,20,0.5,4,11,0.364,4,4,1.0,1,5,6,4,4,0,5,5,-4,12,21,0.571,7,13,0.538,1,1,1.0,2,8,10,10,2,0,7,4,4
0022400497,2025-01-06,2024-25,regular_season,False,1610612761,TOR,Toronto Raptors,1610612749,MIL,Milwaukee Bucks,28,38,L,11,17,0.647,0,1,0.0,6,9,0.667,1,7,8,5,2,1,6,5,-10,12,22,0.545,7,12,0.583,7,8,0.875,1,6,7,11,3,0,2,6,10
0022400502,2025-01-07,2024-25,regular_season,False,1610612766,CHA,Charlotte Hornets,1610612756,PHX,Phoenix Suns,37,17,W,13,23,0.565,4,8,0.5,7,9,0.778,4,16,20,8,2,2,3,6,20,7,28,0.25,0,10,0.0,3,4,0.75,3,5,8,5,0,1,2,5,-20
0022400503,2025-01-07,2024-25,regular_season,False,1610612764,WAS,Washington Wizards,1610612745,HOU,Houston Rockets,25,37,L,9,20,0.45,5,15,0.333,2,4,0.5,3,5,8,4,2,0,7,5,-12,15,25,0.6,3,8,0.375,4,4,1.0,5,9,14,9,6,0,3,5,12
0022400504,2025-01-07,2024-25,regular_season,False,1610612742,DAL,Dallas Mavericks,1610612747,LAL,Los Angeles Lakers,31,23,W,9,22,0.409,6,11,0.545,7,10,0.7,3,10,13,7,0,0,1,5,8,7,18,0.389,2,7,0.286,7,8,0.875,1,9,10,6,0,3,2,8,-8
0022400505,2025-01-07,2024-25,regular_season,False,1610612740,NOP,New Orleans Pelicans,1610612750,MIN,Minnesota Timberwolves,21,20,W,6,23,0.261,4,12,0.333,5,7,0.714,4,13,17,4,3,3,5,5,1,7,23,0.304,3,13,0.231,3,5,0.6,0,11,11,6,4,3,3,3,-1
0022400506,2025-01-07,2024-25,regular_season,False,1610612762,UTA,Utah Jazz,1610612737,ATL,Atlanta Hawks,30,29,W,9,24,0.375,3,12,0.25,9,10,0.9,4,8,12,5,2,4,3,4,1,12,28,0.429,4,11,0.364,1,2,0.5,4,8,12,9,1,3,2,7,-1
0022400507,2025-01-07,2024-25,regular_season,False,1610612743,DEN,Denver Nuggets,1610612738,BOS,Boston Celtics,32,20,W,12,19,0.632,4,8,0.5,4,6,0.667,4,9,13,5,3,2,6,3,12,7,18,0.389,1,5,0.2,5,6,0.833,2,2,4,7,5,0,3,4,-12
0022400508,2025-01-07,2024-25,regular_season,False,1610612744,GSW,Golden State Warriors,1610612748,MIA,Miami Heat,25,32,L,10,27,0.37,5,17,0.294,0,0,0.0,4,6,10,9,4,0,3,2,-7,13,24,0.542,5,11,0.455,1,1,1.0,4,11,15,8,1,0,4,1,7
0022400514,2025-01-08,2024-25,regular_season,False,1610612740,NOP,New Orleans Pelicans,1610612757,POR,Portland Trail Blazers,18,35,L,6,21,0.286,2,10,0.2,4,5,0.8,4,5,9,2,3,1,8,2,-17,15,23,0.652,5,12,0.417,0,0,0.0,3,8,11,8,7,4,4,5,17
0022400515,2025-01-08,2024-25,regular_season,False,1610612743,DEN,Denver Nuggets,1610612746,LAC,LA Clippers,33,31,W,13,27,0.481,5,10,0.5,2,3,0.667,3,7,10,7,2,0,1,6,2,10,18,0.556,1,6,0.167,10,10,1.0,1,8,9,5,0,2,3,2,-2
0022400516,2025-01-08,2024-25,regular_season,False,1610612749,MIL,Milwaukee Bucks,1610612759,SAS,San Antonio Spurs,34,19,W,12,26,0.462,6,10,0.6,4,5,0.8,3,16,19,6,1,1,2,3,15,6,23,0.261,4,12,0.333,3,4,0.75,1,9,10,3,1,2,1,5,-15
0022400513,2025-01-08,2024-25,regular_season,False,1610612751,BKN,Brooklyn Nets,1610612765,DET,Detroit Pistons,24,32,L,10,20,0.5,1,5,0.2,3,3,1.0,2,8,10,6,1,2,5,3,-8,13,29,0.448,6,13,0.462,0,0,0.0,4,6,10,9,3,3,1,5,8
0022400511,2025-01-08,2024-25,regular_season,False,1610612752,NYK,New York Knicks,1610612761,TOR,Toronto Raptors,27,27,W,10,21,0.476,3,8,0.375,4,4,1.0,2,4,6,6,2,2,6,5,0,11,20,0.55,2,6,0.333,3,4,0.75,2,5,7,7,2,2,4,4,0
0022400509,2025-01-08,2024-25,regular_season,False,1610612739,CLE,Cleveland Cavaliers,1610612760,OKC,Oklahoma City Thunder,37,27,W,13,23,0.565,2,6,0.333,9,11,0.818,5,7,12,9,3,0,4,3,10,12,21,0.571,2,7,0.286,1,2,0.5,1,6,7,10,2,2,6,9,-10
0022400512,2025-01-08,2024-25,regular_season,False,1610612755,PHI,Philadelphia 76ers,1610612764,WAS,Washington Wizards,27,23,W,11,26,0.423,3,12,0.25,2,3,0.667,3,10,13,5,4,5,3,4,4,9,24,0.375,2,5,0.4,3,6,0.5,5,9,14,6,0,0,6,5,-4
0022400510,2025-01-08,2024-25,regular_season,False,1610612754,IND,Indiana Pacers,1610612741,CHI,Chicago Bulls,34,26,W,13,24,0.542,5,10,0.5,3,4,0.75,2,6,8,12,4,0,3,2,8,11,22,0.5,3,10,0.3,1,1,1.0,2,9,11,6,2,0,7,6,-8
0022400522,2025-01-09,2024-25,regular_season,False,1610612756,PHX,Phoenix Suns,1610612737,ATL,Atlanta Hawks,30,41,L,11,23,0.478,3,9,0.333,5,5,1.0,4,4,8,8,0,2,3,4,-11,16,24,0.667,5,6,0.833,4,5,0.8,3,8,11,11,2,0,0,4,11
0022400517,2025-01-09,2024-25,regular_season,False,1610612739,CLE,Cleveland Cavaliers,1610612761,TOR,Toronto Raptors,34,28,W,12,26,0.462,5,15,0.333,5,7,0.714,7,9,16,8,2,1,1,5,6,11,24,0.458,4,9,0.444,2,6,0.333,3,8,11,9,0,0,2,4,-6
0022400518,2025-01-09,2024-25,regular_season,False,1610612765,DET,Detroit Pistons,1610612744,GSW,Golden State Warriors,24,32,L,9,21,0.429,4,9,0.444,2,2,1.0,2,8,10,5,3,1,8,6,-8,11,22,0.5,8,16,0.5,2,4,0.5,2,7,9,8,5,3,6,4,8
0022400519,2025-01-09,2024-25,regular_season,False,1610612753,ORL,Orlando Magic,1610612750,MIN,Minnesota Timberwolves,21,23,L,8,21,0.381,2,9,0.222,3,4,0.75,2,10,12,4,1,1,3,4,-2,8,21,0.381,3,10,0.3,4,6,0.667,4,10,14,4,2,0,1,3,2
0022400520,2025-01-09,2024-25,regular_season,False,1610612763,MEM,Memphis Grizzlies,1610612745,HOU,Houston Rockets,27,23,W,11,24,0.458,1,8,0.125,4,6,0.667,5,11,16,5,2,3,6,6,4,8,25,0.32,4,9,0.444,3,5,0.6,3,7,10,6,5,1,4,8,-4
0022400521,2025-01-09,2024-25,regular_season,False,1610612742,DAL,Dallas Mavericks,1610612757,POR,Portland Trail Blazers,33,30,W,12,25,0.48,5,12,0.417,4,5,0.8,5,6,11,10,4,1,3,5,3,10,17,0.588,4,6,0.667,6,7,0.857,1,5,6,8,0,0,5,4,-3
0022400523,2025-01-09,2024-25,regular_season,False,1610612762,UTA,Utah Jazz,1610612748,MIA,Miami Heat,14,26,L,4,20,0.2,1,8,0.125,5,6,0.833,3,5,8,2,3,1,6,3,-12,10,20,0.5,4,12,0.333,2,4,0.5,4,12,16,9,6,3,6,4,12
0022400531,2025-01-10,2024-25,regular_season,False,1610612743,DEN,Denver Nuggets,1610612751,BKN,Brooklyn Nets,33,23,W,11,24,0.458,2,7,0.286,9,10,0.9,4,10,14,7,3,1,2,6,10,7,26,0.269,1,14,0.071,8,11,0.727,7,10,17,4,2,2,4,6,-10
0022400530,2025-01-10,2024-25,regular_season,False,1610612741,CHI,Chicago Bulls,1610612764,WAS,Washington Wizards,32,32,W,12,23,0.522,5,14,0.357,3,5,0.6,1,11,12,10,5,0,5,4,0,12,23,0.522,6,9,0.667,2,3,0.667,1,10,11,7,3,1,5,4,0
0022400529,2025-01-10,2024-25,regular_season,False,1610612752,NYK,New York Knicks,1610612760,OKC,Oklahoma City Thunder,26,39,L,7,22,0.318,1,9,0.111,11,11,1.0,3,3,6,4,3,0,2,3,-13,16,23,0.696,6,8,0.75,1,1,1.0,3,11,14,10,1,2,6,9,13
0022400525,2025-01-10,2024-25,regular_season,False,1610612754,IND,Indiana Pacers,1610612744,GSW,Golden State Warriors,23,21,W,8,20,0.4,3,10,0.3,4,4,1.0,2,11,13,6,4,3,6,3,2,8,24,0.333,2,7,0.286,3,5,0.6,5,9,14,6,6,1,6,5,-2
0022400527,2025-01-10,2024-25,regular_season,False,1610612755,PHI,Philadelphia 76ers,1610612740,NOP,New Orleans Pelicans,23,25,L,7,16,0.438,2,4,0.5,7,8,0.875,0,12,12,4,0,1,4,10,-2,7,21,0.333,5,12,0.417,6,10,0.6,2,8,10,7,3,2,1,6,2
0022400526,2025-01-10,2024-25,regular_season,False,1610612753,ORL,Orlando Magic,1610612749,MIL,Milwaukee Bucks,20,21,L,9,26,0.346,1,10,0.1,1,2,0.5,4,12,16,5,2,2,3,4,-1,9,22,0.409,1,7,0.143,2,5,0.4,1,11,12,5,3,3,2,2,1
0022400528,2025-01-10,2024-25,regular_season,False,1610612738,BOS,Boston Celtics,1610612758,SAC,Sacramento Kings,28,19,W,10,24,0.417,2,11,0.182,6,7,0.857,3,12,15,5,1,2,1,5,9,7,25,0.28,1,12,0.083,4,4,1.0,4,11,15,2,1,4,3,5,-9
0022400535,2025-01-11,2024-25,regular_season,False,1610612750,MIN,Minnesota Timberwolves,1610612763,MEM,Memphis Grizzlies,32,29,W,13,21,0.619,5,12,0.417,1,3,0.333,2,10,12,9,1,2,4,3,3,12,31,0.387,3,9,0.333,2,3,0.667,8,6,14,7,3,0,3,4,-3
0022400536,2025-01-11,2024-25,regular_season,False,1610612757,POR,Portland Trail Blazers,1610612748,MIA,Miami Heat,25,37,L,8,20,0.4,2,7,0.286,7,7,1.0,2,7,9,6,1,2,5,1,-12,14,24,0.583,9,13,0.692,0,1,0.0,0,10,10,12,4,1,3,6,12
0022400534,2025-01-11,2024-25,regular_season,False,1610612765,DET,Detroit Pistons,1610612761,TOR,Toronto Raptors,33,34,L,12,23,0.522,6,8,0.75,3,4,0.75,0,7,7,9,4,1,4,5,-1,11,21,0.524,5,8,0.625,7,7,1.0,2,10,12,7,3,1,6,6,1
0022400533,2025-01-11,2024-25,regular_season,False,1610612756,PHX,Phoenix Suns,1610612762,UTA,Utah Jazz,34,27,W,13,23,0.565,3,10,0.3,5,6,0.833,4,8,12,6,3,1,1,5,7,11,27,0.407,2,10,0.2,3,4,0.75,6,7,13,8,0,1,4,5,-7
0022400547,2025-01-12,2024-25,regular_season,False,1610612756,PHX,Phoenix Suns,1610612766,CHA,Charlotte Hornets,34,28,W,11,21,0.524,6,12,0.5,6,6,1.0,3,7,10,7,2,2,3,7,6,9,27,0.333,3,12,0.25,7,8,0.875,8,7,15,6,3,1,4,7,-6
0022400539,2025-01-12,2024-25,regular_season,False,1610612752,NYK,New York Knicks,1610612749,MIL,Milwaukee Bucks,39,29,W,14,26,0.538,6,15,0.4,5,5,1.0,6,8,14,8,1,2,3,6,10,11,21,0.524,2,8,0.25,5,7,0.714,2,4,6,7,2,0,2,3,-10
0022400540,2025-01-12,2024-25,regular_season,False,1610612742,DAL,Dallas Mavericks,1610612743,DEN,Denver Nuggets,29,41,L,8,16,0.5,5,8,0.625,8,8,1.0,1,3,4,7,1,1,5,7,-12,16,26,0.615,4,8,0.5,5,9,0.556,7,7,14,7,2,0,3,4,12
0022400541,2025-01-12,2024-25,regular_season,False,1610612741,CHI,Chicago Bulls,1610612758,SAC,Sacramento Kings,33,29,W,11,24,0.458,5,11,0.455,6,9,0.667,2,14,16,9,0,1,3,5,4,11,26,0.423,3,11,0.273,4,6,0.667,2,12,14,7,2,2,1,5,-4
0022400542,2025-01-12,2024-25,regular_season,False,1610612738,BOS,Boston Celtics,1610612740,NOP,New Orleans Pelicans,33,26,W,12,22,0.545,5,13,0.385,4,5,0.8,1,11,12,8,2,3,3,4,7,8,22,0.364,4,10,0.4,6,6,1.0,3,7,10,6,3,0,2,5,-7
0022400543,2025-01-12,2024-25,regular_season,False,1610612739,CLE,Cleveland Cavaliers,1610612754,IND,Indiana Pacers,34,19,W,14,23,0.609,6,13,0.462,0,0,0.0,1,10,11,12,0,2,0,6,15,7,23,0.304,1,7,0.143,4,6,0.667,4,8,12,6,0,1,4,2,-15
0022400544,2025-01-12,2024-25,regular_season,False,1610612753,ORL,Orlando Magic,1610612755,PHI,Philadelphia 76ers,25,27,L,10,21,0.476,4,12,0.333,1,2,0.5,2,6,8,6,3,3,5,7,-2,10,21,0.476,2,4,0.5,5,5,1.0,2,9,11,5,2,0,5,5,2
0022400545,2025-01-12,2024-25,regular_season,False,1610612764,WAS,Washington Wizards,1610612760,OKC,Oklahoma City Thunder,18,30,L,7,25,0.28,2,15,0.133,2,2,1.0,4,5,9,4,2,1,4,7,-12,9,22,0.409,0,3,0.0,12,12,1.0,5,12,17,5,2,1,4,3,12
0022400546,2025-01-12,2024-25,regular_season,False,1610612762,UTA,Utah Jazz,1610612751,BKN,Brooklyn Nets,23,21,W,8,19,0.421,5,15,0.333,2,4,0.5,2,9,11,6,2,2,4,6,2,7,20,0.35,2,10,0.2,5,6,0.833,2,9,11,5,3,0,4,3,-2
0022400548,2025-01-13,2024-25,regular_season,False,1610612764,WAS,Washington Wizards,1610612750,MIN,Minnesota Timberwolves,27,26,W,10,19,0.526,4,7,0.571,3,4,0.75,0,4,4,6,7,0,3,7,1,7,14,0.5,2,7,0.286,10,11,0.909,3,8,11,2,3,0,9,4,-1
0022400549,2025-01-13,2024-25,regular_season,False,1610612752,NYK,New York Knicks,1610612765,DET,Detroit Pistons,37,22,W,11,20,0.55,5,9,0.556,10,12,0.833,1,13,14,7,1,1,4,5,15,8,24,0.333,2,9,0.222,4,4,1.0,3,6,9,5,2,1,5,7,-15
0022400550,2025-01-13,2024-25,regular_season,False,1610612761,TOR,Toronto Raptors,1610612744,GSW,Golden State Warriors,24,24,W,10,28,0.357,4,13,0.308,0,0,0.0,4,10,14,7,0,2,1,6,0,7,20,0.35,3,12,0.25,7,11,0.636,3,14,17,6,1,2,4,1,0
0022400551,2025-01-13,2024-25,regular_season,False,1610612745,HOU,Houston Rockets,1610612763,MEM,Memphis Grizzlies,34,30,W,12,26,0.462,6,12,0.5,4,5,0.8,5,3,8,8,7,2,6,6,4,10,18,0.556,2,6,0.333,8,10,0.8,3,7,10,4,4,1,8,5,-4
0022400552,2025-01-13,2024-25,regular_season,False,1610612747,LAL,Los Angeles Lakers,1610612759,SAS,San Antonio Spurs,36,25,W,14,22,0.636,5,12,0.417,3,4,0.75,2,10,12,9,2,0,3,4,11,9,22,0.409,4,13,0.308,3,4,0.75,3,5,8,5,1,1,2,5,-11
0022400553,2025-01-13,2024-25,regular_season,False,1610612746,LAC,LA Clippers,1610612748,MIA,Miami Heat,15,13,W,7,22,0.318,1,10,0.1,0,0,0.0,1,16,17,6,2,1,3,5,2,3,19,0.158,1,13,0.077,6,6,1.0,0,14,14,2,2,0,3,1,-2
0022400560,2025-01-14,2024-25,regular_season,False,1610612757,POR,Portland Trail Blazers,1610612751,BKN,Brooklyn Nets,31,26,W,11,21,0.524,4,7,0.571,5,7,0.714,4,8,12,7,1,1,6,3,5,11,24,0.458,3,10,0.3,1,2,0.5,3,6,9,8,4,0,5,7,-5
0022400559,2025-01-14,2024-25,regular_season,False,1610612742,DAL,Dallas Mavericks,1610612743,DEN,Denver Nuggets,24,35,L,8,23,0.348,5,10,0.5,3,4,0.75,4,4,8,7,3,2,3,6,-11,11,21,0.524,3,6,0.5,10,12,0.833,4,11,15,7,2,2,3,3,11
0022400557,2025-01-14,2024-25,regular_season,False,1610612741,CHI,Chicago Bulls,1610612740,NOP,New Orleans Pelicans,26,24,W,9,23,0.391,3,8,0.375,5,6,0.833,3,13,16,6,1,2,4,4,2,7,22,0.318,1,9,0.111,9,9,1.0,2,9,11,6,4,1,2,4,-2
0022400558,2025-01-14,2024-25,regular_season,False,1610612749,MIL,Milwaukee Bucks,1610612758,SAC,Sacramento Kings,28,28,W,11,24,0.458,2,10,0.2,4,5,0.8,4,9,13,5,1,1,3,6,0,10,21,0.476,3,9,0.333,5,6,0.833,1,9,10,6,1,0,2,4,0
0022400555,2025-01-14,2024-25,regular_season,False,1610612755,PHI,Philadelphia 76ers,1610612760,OKC,Oklahoma City Thunder,22,21,W,8,18,0.444,3,9,0.333,3,6,0.5,2,7,9,5,3,0,7,6,1,8,18,0.444,2,10,0.2,3,3,1.0,2,5,7,5,3,0,8,7,-1
0022400554,2025-01-14,2024-25,regular_season,False,1610612754,IND,Indiana Pacers,1610612739,CLE,Cleveland Cavaliers,31,25,W,11,22,0.5,1,4,0.25,8,12,0.667,3,7,10,6,4,2,4,3,6,10,22,0.455,1,8,0.125,4,4,1.0,3,5,8,6,2,1,6,9,-6
0022400556,2025-01-14,2024-25,regular_season,False,1610612737,ATL,Atlanta Hawks,1610612756,PHX,Phoenix Suns,31,25,W,12,26,0.462,3,8,0.375,4,5,0.8,2,9,11,5,2,3,1,4,6,9,24,0.375,2,9,0.222,5,6,0.833,3,10,13,4,1,0,4,3,-6
0022400561,2025-01-15,2024-25,regular_season,False,1610612755,PHI,Philadelphia 76ers,1610612752,NYK,New York Knicks,26,30,L,11,22,0.5,1,6,0.167,3,3,1.0,5,4,9,6,1,0,2,5,-4,9,16,0.562,5,11,0.455,7,7,1.0,2,6,8,6,2,1,3,4,4
0022400562,2025-01-15,2024-25,regular_season,False,1610612761,TOR,Toronto Raptors,1610612738,BOS,Boston Celtics,30,24,W,12,24,0.5,3,11,0.273,3,4,0.75,2,11,13,9,3,3,2,5,6,9,22,0.409,6,13,0.462,0,1,0.0,3,10,13,8,2,2,6,4,-6
0022400563,2025-01-15,2024-25,regular_season,False,1610612741,CHI,Chicago Bulls,1610612737,ATL,Atlanta Hawks,22,34,L,9,24,0.375,1,10,0.1,3,3,1.0,2,12,14,5,1,1,6,6,-12,12,28,0.429,2,12,0.167,8,10,0.8,4,11,15,7,4,1,2,4,12
0022400564,2025-01-15,2024-25,regular_season,False,1610612749,MIL,Milwaukee Bucks,1610612753,ORL,Orlando Magic,28,25,W,12,20,0.6,0,1,0.0,4,5,0.8,0,12,12,6,3,3,5,6,3,9,23,0.391,2,9,0.222,5,7,0.714,2,8,10,6,3,0,4,4,-3
0022400565,2025-01-15,2024-25,regular_season,False,1610612750,MIN,Minnesota Timberwolves,1610612744,GSW,Golden State Warriors,30,21,W,11,23,0.478,6,12,0.5,2,2,1.0,3,7,10,6,3,4,2,3,9,8,21,0.381,3,8,0.375,2,2,1.0,3,6,9,6,2,0,5,4,-9
0022400566,2025-01-15,2024-25,regular_season,False,1610612740,NOP,New Orleans Pelicans,1610612742,DAL,Dallas Mavericks,30,34,L,9,26,0.346,2,13,0.154,10,11,0.909,4,10,14,4,3,3,2,5,-4,13,28,0.464,4,9,0.444,4,5,0.8,4,14,18,8,1,0,3,6,4
0022400567,2025-01-15,2024-25,regular_season,False,1610612759,SAS,San Antonio Spurs,1610612763,MEM,Memphis Grizzlies,33,23,W,10,22,0.455,6,12,0.5,7,10,0.7,1,13,14,8,2,5,3,3,10,9,27,0.333,3,9,0.333,2,4,0.5,3,10,13,6,2,1,2,6,-10
0022400568,2025-01-15,2024-25,regular_season,False,1610612743,DEN,Denver Nuggets,1610612745,HOU,Houston Rockets,25,41,L,10,19,0.526,3,7,0.429,2,5,0.4,3,6,9,4,0,1,4,5,-16,15,25,0.6,6,10,0.6,5,6,0.833,5,8,13,8,3,1,1,5,16
0022400569,2025-01-15,2024-25,regular_season,False,1610612762,UTA,Utah Jazz,1610612766,CHA,Charlotte Hornets,29,29,L,12,26,0.462,4,12,0.333,1,5,0.2,3,8,11,9,3,0,2,3,0,11,23,0.478,4,13,0.308,3,3,1.0,2,11,13,7,1,1,4,4,0
0022400570,2025-01-15,2024-25,regular_season,False,1610612747,LAL,Los Angeles Lakers,1610612748,MIA,Miami Heat,20,28,L,8,23,0.348,2,11,0.182,2,3,0.667,1,7,8,4,3,1,3,6,-8,8,16,0.5,3,6,0.5,9,10,0.9,1,13,14,4,1,1,5,4,8
0022400571,2025-01-15,2024-25,regular_season,False,1610612746,LAC,LA Clippers,1610612751,BKN,Brooklyn Nets,37,14,W,11,19,0.579,3,6,0.5,12,13,0.923,2,9,11,8,3,0,2,6,23,4,18,0.222,0,5,0.0,6,10,0.6,4,5,9,1,1,1,7,7,-23
0022400575,2025-01-16,2024-25,regular_season,False,1610612757,POR,Portland Trail Blazers,1610612746,LAC,LA Clippers,16,20,L,6,22,0.273,2,11,0.182,2,2,1.0,3,7,10,4,3,0,6,5,-4,7,17,0.412,1,4,0.25,5,6,0.833,0,12,12,4,1,3,8,3,4
0022400574,2025-01-16,2024-25,regular_season,False,1610612760,OKC,Oklahoma City Thunder,1610612739,CLE,Cleveland Cavaliers,43,35,W,16,23,0.696,5,9,0.556,6,6,1.0,0,5,5,6,4,0,1,6,8,12,19,0.632,4,9,0.444,7,7,1.0,2,7,9,7,0,0,6,4,-8
0022400576,2025-01-16,2024-25,regular_season,False,1610612758,SAC,Sacramento Kings,1610612745,HOU,Houston Rockets,35,27,W,15,26,0.577,4,8,0.5,1,2,0.5,3,10,13,9,0,1,2,3,8,11,21,0.524,3,7,0.429,2,5,0.4,1,9,10,8,2,1,3,4,-8
0022400572,2025-01-16,2024-25,regular_season,False,1610612765,DET,Detroit Pistons,1610612754,IND,Indiana Pacers,30,40,L,10,20,0.5,4,11,0.364,6,7,0.857,3,7,10,6,0,2,6,8,-10,13,23,0.565,3,6,0.5,11,12,0.917,1,6,7,8,3,0,1,5,10
0022400573,2025-01-16,2024-25,regular_season,False,1610612764,WAS,Washington Wizards,1610612756,PHX,Phoenix Suns,34,35,L,13,21,0.619,3,9,0.333,5,5,1.0,0,5,5,10,6,1,5,3,-1,14,22,0.636,5,9,0.556,2,2,1.0,3,7,10,10,5,0,7,4,1
0022400585,2025-01-17,2024-25,regular_season,False,1610612747,LAL,Los Angeles Lakers,1610612751,BKN,Brooklyn Nets,27,22,W,10,24,0.417,2,7,0.286,5,6,0.833,4,5,9,7,3,1,4,2,5,8,13,0.615,3,6,0.5,3,4,0.75,0,7,7,7,1,4,10,4,-5
0022400583,2025-01-17,2024-25,regular_season,False,1610612742,DAL,Dallas Mavericks,1610612760,OKC,Oklahoma City Thunder,41,17,W,13,18,0.722,7,10,0.7,8,10,0.8,1,11,12,9,7,1,7,5,24,6,25,0.24,3,12,0.25,2,2,1.0,5,4,9,4,4,1,8,7,-24
0022400582,2025-01-17,2024-25,regular_season,False,1610612759,SAS,San Antonio Spurs,1610612763,MEM,Memphis Grizzlies,35,35,L,10,17,0.588,3,7,0.429,12,13,0.923,4,4,8,8,2,1,4,2,0,14,25,0.56,5,13,0.385,2,2,1.0,4,3,7,10,1,0,3,7,0
0022400581,2025-01-17,2024-25,regular_season,False,1610612740,NOP,New Orleans Pelicans,1610612762,UTA,Utah Jazz,19,30,L,7,21,0.333,1,8,0.125,4,9,0.444,6,10,16,3,0,3,6,7,-11,11,21,0.524,3,8,0.375,5,8,0.625,1,7,8,8,3,4,0,5,11
0022400584,2025-01-17,2024-25,regular_season,False,1610612741,CHI,Chicago Bulls,1610612766,CHA,Charlotte Hornets,42,37,W,16,26,0.615,8,15,0.533,2,2,1.0,2,8,10,12,2,2,4,5,5,15,26,0.577,4,8,0.5,3,3,1.0,2,6,8,8,4,0,2,3,-5
0022400579,2025-01-17,2024-25,regular_season,False,1610612748,MIA,Miami Heat,1610612743,DEN,Denver Nuggets,31,37,L,13,23,0.565,2,10,0.2,3,3,1.0,0,7,7,11,1,0,1,4,-6,15,23,0.652,3,9,0.333,4,5,0.8,1,9,10,8,1,0,1,4,6
0022400578,2025-01-17,2024-25,regular_season,False,1610612752,NYK,New York Knicks,1610612750,MIN,Minnesota Timberwolves,38,35,W,15,27,0.556,6,8,0.75,2,2,1.0,5,3,8,6,3,1,2,4,3,13,20,0.65,7,9,0.778,2,2,1.0,2,6,8,7,1,0,4,3,-3
0022400577,2025-01-17,2024-25,regular_season,False,1610612738,BOS,Boston Celtics,1610612753,ORL,Orlando Magic,31,26,W,13,23,0.565,4,10,0.4,1,2,0.5,1,6,7,5,2,1,2,7,5,8,17,0.471,1,4,0.25,9,12,0.75,2,9,11,3,0,1,3,4,-5
0022400580,2025-01-17,2024-25,regular_season,False,1610612749,MIL,Milwaukee Bucks,1610612761,TOR,Toronto Raptors,35,35,W,10,21,0.476,4,9,0.444,11,13,0.846,4,7,11,7,3,0,4,5,0,12,24,0.5,5,9,0.556,6,7,0.857,5,7,12,9,1,0,4,8,0
0022400586,2025-01-18,2024-25,regular_season,False,1610612765,DET,Detroit Pistons,1610612756,PHX,Phoenix Suns,31,31,L,12,23,0.522,2,9,0.222,5,7,0.714,2,9,11,7,2,2,4,7,0,9,19,0.474,2,6,0.333,11,13,0.846,1,8,9,5,3,0,3,6,0
0022400587,2025-01-18,2024-25,regular_season,False,1610612738,BOS,Boston Celtics,1610612737,ATL,Atlanta Hawks,15,31,L,5,21,0.238,0,8,0.0,5,6,0.833,7,7,14,4,4,2,6,2,-16,11,22,0.5,5,10,0.5,4,5,0.8,3,9,12,10,4,0,4,3,16
0022400588,2025-01-18,2024-25,regular_season,False,1610612754,IND,Indiana Pacers,1610612755,PHI,Philadelphia 76ers,33,36,L,12,24,0.5,4,11,0.364,5,8,0.625,5,5,10,8,3,0,4,6,-3,14,28,0.5,2,10,0.2,6,6,1.0,7,8,15,8,2,0,5,7,3
0022400589,2025-01-18,2024-25,regular_season,False,1610612744,GSW,Golden State Warriors,1610612764,WAS,Washington Wizards,28,31,L,11,27,0.407,5,14,0.357,1,2,0.5,2,7,9,8,2,0,0,5,-3,9,17,0.529,7,10,0.7,6,7,0.857,2,11,13,8,0,1,6,4,3
0022400590,2025-01-18,2024-25,regular_season,False,1610612750,MIN,Minnesota Timberwolves,1610612739,CLE,Cleveland Cavaliers,28,31,L,11,26,0.423,2,9,0.222,4,4,1.0,5,9,14,7,0,3,3,4,-3,12,23,0.522,5,10,0.5,2,2,1.0,0,7,7,5,1,1,1,4,3
0022400591,2025-01-18,2024-25,regular_season,False,1610612757,POR,Portland Trail Blazers,1610612745,HOU,Houston Rockets,27,26,W,10,22,0.455,4,11,0.364,3,5,0.6,3,8,11,6,2,1,2,5,1,11,31,0.355,2,7,0.286,2,4,0.5,10,10,20,4,1,1,2,5,-1
0022400596,2025-01-19,2024-25,regular_season,False,1610612746,LAC,LA Clippers,1610612747,LAL,Los Angeles Lakers,32,23,W,14,23,0.609,3,9,0.333,1,2,0.5,1,7,8,8,3,1,4,4,9,7,16,0.438,2,8,0.25,7,8,0.875,0,6,6,6,0,0,5,2,-9
0022400597,2025-01-19,2024-25,regular_season,False,1610612757,POR,Portland Trail Blazers,1610612741,CHI,Chicago Bulls,31,19,W,12,24,0.5,4,10,0.4,3,4,0.75,4,9,13,7,2,2,4,6,12,5,19,0.263,1,11,0.091,8,8,1.0,3,6,9,2,2,2,6,4,-12
0022400595,2025-01-19,2024-25,regular_season,False,1610612760,OKC,Oklahoma City Thunder,1610612751,BKN,Brooklyn Nets,30,30,W,12,19,0.632,2,5,0.4,4,5,0.8,1,6,7,7,1,1,2,3,0,12,22,0.545,5,9,0.556,1,2,0.5,3,7,10,7,1,1,4,5,0
0022400598,2025-01-19,2024-25,regular_season,False,1610612758,SAC,Sacramento Kings,1610612764,WAS,Washington Wizards,30,22,W,12,23,0.522,2,9,0.222,4,4,1.0,3,10,13,8,2,2,5,4,8,8,25,0.32,3,12,0.25,3,4,0.75,3,8,11,5,2,0,4,4,-8
0022400593,2025-01-19,2024-25,regular_season,False,1610612753,ORL,Orlando Magic,1610612743,DEN,Denver Nuggets,23,26,L,8,24,0.333,3,7,0.429,4,7,0.571,4,7,11,6,4,3,1,8,-3,8,20,0.4,0,4,0.0,10,13,0.769,5,12,17,3,1,3,5,6,3
0022400592,2025-01-19,2024-25,regular_season,False,1610612748,MIA,Miami Heat,1610612759,SAS,San Antonio Spurs,26,11,W,10,23,0.435,4,8,0.5,2,2,1.0,2,15,17,4,2,4,3,2,15,5,25,0.2,1,10,0.1,0,2,0.0,5,10,15,4,1,3,3,2,-15
0022400594,2025-01-19,2024-25,regular_season,False,1610612749,MIL,Milwaukee Bucks,1610612755,PHI,Philadelphia 76ers,29,29,W,9,23,0.391,3,9,0.333,8,10,0.8,3,12,15,8,1,1,2,3,0,10,21,0.476,5,11,0.455,4,6,0.667,1,11,12,8,2,0,2,9,0
0022400611,2025-01-20,2024-25,regular_season,False,1610612746,LAC,LA Clippers,1610612741,CHI,Chicago Bulls,32,23,W,14,25,0.56,1,8,0.125,3,4,0.75,3,7,10,10,2,4,1,5,9,7,27,0.259,4,15,0.267,5,6,0.833,10,6,16,4,1,0,3,4,-9
0022400604,2025-01-20,2024-25,regular_season,False,1610612744,GSW,Golden State Warriors,1610612738,BOS,Boston Celtics,21,25,L,8,22,0.364,2,12,0.167,3,4,0.75,2,10,12,6,2,0,3,5,-4,11,26,0.423,2,13,0.154,1,1,1.0,1,11,12,7,2,1,2,2,4
0022400603,2025-01-20,2024-25,regular_season,False,1610612739,CLE,Cleveland Cavaliers,1610612756,PHX,Phoenix Suns,32,19,W,11,19,0.579,5,9,0.556,5,7,0.714,1,11,12,5,1,0,2,5,13,6,19,0.316,3,8,0.375,4,6,0.667,0,5,5,5,1,0,3,7,-13
0022400605,2025-01-20,2024-25,regular_season,False,1610612740,NOP,New Orleans Pelicans,1610612762,UTA,Utah Jazz,30,31,L,8,19,0.421,4,11,0.364,10,11,0.909,1,11,12,5,4,2,6,7,-1,11,29,0.379,2,13,0.154,7,8,0.875,6,9,15,6,3,1,4,6,1
0022400601,2025-01-20,2024-25,regular_season,False,1610612763,MEM,Memphis Grizzlies,1610612750,MIN,Minnesota Timberwolves,22,26,L,7,18,0.389,1,9,0.111,7,11,0.636,1,10,11,5,1,2,5,7,-4,8,25,0.32,2,11,0.182,8,11,0.727,5,10,15,6,3,2,2,7,4
0022400600,2025-01-20,2024-25,regular_season,False,1610612745,HOU,Houston Rockets,1610612765,DET,Detroit Pistons,28,17,W,10,26,0.385,2,10,0.2,6,9,0.667,4,8,12,6,7,0,0,3,11,8,26,0.308,1,8,0.125,0,0,0.0,7,11,18,3,0,1,8,6,-11
0022400599,2025-01-20,2024-25,regular_season,False,1610612766,CHA,Charlotte Hornets,1610612742,DAL,Dallas Mavericks,31,28,W,10,27,0.37,6,9,0.667,5,6,0.833,5,6,11,9,2,0,2,7,3,9,20,0.45,1,8,0.125,9,10,0.9,4,8,12,5,1,2,3,5,-3
0022400602,2025-01-20,2024-25,regular_season,False,1610612752,NYK,New York Knicks,1610612737,ATL,Atlanta Hawks,28,35,L,12,23,0.522,2,5,0.4,2,2,1.0,1,5,6,7,2,1,4,6,-7,12,22,0.545,6,10,0.6,5,6,0.833,5,8,13,8,4,2,6,6,7
0022400606,2025-01-21,2024-25,regular_season,False,1610612751,BKN,Brooklyn Nets,1610612752,NYK,New York Knicks,25,35,L,8,21,0.381,3,11,0.273,6,6,1.0,3,6,9,5,1,1,6,7,-10,13,22,0.591,3,7,0.429,6,8,0.75,2,6,8,8,3,0,3,5,10
0022400607,2025-01-21,2024-25,regular_season,False,1610612748,MIA,Miami Heat,1610612757,POR,Portland Trail Blazers,17,27,L,8,26,0.308,0,12,0.0,1,2,0.5,4,11,15,4,0,0,1,2,-10,10,24,0.417,4,11,0.364,3,4,0.75,2,13,15,5,0,0,0,1,10
0022400608,2025-01-21,2024-25,regular_season,False,1610612761,TOR,Toronto Raptors,1610612753,ORL,Orlando Magic,21,13,W,7,19,0.368,3,9,0.333,4,5,0.8,0,12,12,5,4,0,2,7,8,4,19,0.211,1,6,0.167,4,7,0.571,5,11,16,1,2,0,6,5,-8
0022400609,2025-01-21,2024-25,regular_season,False,1610612743,DEN,Denver Nuggets,1610612755,PHI,Philadelphia 76ers,42,40,W,12,18,0.667,6,8,0.75,12,12,1.0,1,4,5,10,2,1,2,5,2,14,23,0.609,7,11,0.636,5,5,1.0,2,5,7,9,1,0,4,7,-2
0022400610,2025-01-21,2024-25,regular_season,False,1610612747,LAL,Los Angeles Lakers,1610612764,WAS,Washington Wizards,30,26,W,11,21,0.524,3,9,0.333,5,8,0.625,2,11,13,9,2,3,3,3,4,10,24,0.417,4,9,0.444,2,3,0.667,0,8,8,8,3,3,2,7,-4
0022400620,2025-01-22,2024-25,regular_season,False,1610612746,LAC,LA Clippers,1610612738,BOS,Boston Celtics,25,27,L,9,17,0.529,3,6,0.5,4,5,0.8,3,10,13,2,2,2,7,6,-2,10,26,0.385,4,15,0.267,3,5,0.6,5,5,10,6,3,1,3,4,2
0022400619,2025-01-22,2024-25,regular_season,False,1610612758,SAC,Sacramento Kings,1610612744,GSW,Golden State Warriors,28,41,L,7,17,0.412,5,9,0.556,9,10,0.9,1,6,7,6,1,2,3,5,-13,14,24,0.583,8,13,0.615,5,7,0.714,4,9,13,10,2,0,3,11,13
0022400616,2025-01-22,2024-25,regular_season,False,1610612763,MEM,Memphis Grizzlies,1610612766,CHA,Charlotte Hornets,40,23,W,13,27,0.481,6,14,0.429,8,9,0.889,4,8,12,11,4,3,3,6,17,7,18,0.389,2,7,0.286,7,7,1.0,1,7,8,5,2,2,9,8,-17
0022400618,2025-01-22,2024-25,regular_season,False,1610612760,OKC,Oklahoma City Thunder,1610612762,UTA,Utah Jazz,26,26,W,11,25,0.44,2,9,0.222,2,2,1.0,4,7,11,3,3,0,7,6,0,10,23,0.435,3,10,0.3,3,4,0.75,7,7,14,6,2,1,10,3,0
0022400614,2025-01-22,2024-25,regular_season,False,1610612742,DAL,Dallas Mavericks,1610612750,MIN,Minnesota Timberwolves,31,38,L,13,23,0.565,2,6,0.333,3,4,0.75,2,6,8,7,1,1,3,5,-7,13,21,0.619,2,6,0.333,10,10,1.0,2,8,10,9,2,1,1,2,7
0022400613,2025-01-22,2024-25,regular_season,False,1610612751,BKN,Brooklyn Nets,1610612756,PHX,Phoenix Suns,26,26,L,9,22,0.409,3,6,0.5,5,7,0.714,5,10,15,5,1,0,2,2,0,10,24,0.417,6,17,0.353,0,2,0.0,4,9,13,7,1,0,2,5,0
0022400612,2025-01-22,2024-25,regular_season,False,1610612737,ATL,Atlanta Hawks,1610612765,DET,Detroit Pistons,25,33,L,7,22,0.318,1,10,0.1,10,10,1.0,3,6,9,5,2,1,4,3,-8,12,26,0.462,5,12,0.417,4,4,1.0,6,10,16,8,1,1,4,7,8
0022400615,2025-01-22,2024-25,regular_season,False,1610612745,HOU,Houston Rockets,1610612739,CLE,Cleveland Cavaliers,22,21,W,9,21,0.429,2,7,0.286,2,3,0.667,3,9,12,5,3,1,6,8,1,7,25,0.28,3,11,0.273,4,5,0.8,8,8,16,5,3,0,6,4,-1
0022400983,2025-01-23,2024-25,regular_season,False,1610612746,LAC,LA Clippers,1610612764,WAS,Washington Wizards,33,21,W,13,20,0.65,5,8,0.625,2,2,1.0,0,15,15,11,2,2,6,5,12,7,24,0.292,3,15,0.2,4,5,0.8,3,6,9,6,4,0,3,4,-12
0022400628,2025-01-23,2024-25,regular_season,False,1610612744,GSW,Golden State Warriors,1610612741,CHI,Chicago Bulls,33,31,W,12,22,0.545,8,14,0.571,1,1,1.0,3,6,9,10,1,1,6,3,2,11,20,0.55,6,7,0.857,3,4,0.75,3,5,8,4,2,1,5,2,-2
0022400626,2025-01-23,2024-25,regular_season,False,1610612743,DEN,Denver Nuggets,1610612758,SAC,Sacramento Kings,34,21,W,14,29,0.483,2,8,0.25,4,6,0.667,9,12,21,4,1,4,5,5,13,7,26,0.269,1,7,0.143,6,8,0.75,5,5,10,3,2,0,3,4,-13
0022400625,2025-01-23,2024-25,regular_season,False,1610612760,OKC,Oklahoma City Thunder,1610612742,DAL,Dallas Mavericks,28,27,W,10,21,0.476,5,11,0.455,3,5,0.6,1,7,8,10,3,3,5,5,1,9,20,0.45,3,6,0.5,6,7,0.857,2,9,11,8,4,0,4,5,-1
0022400629,2025-01-23,2024-25,regular_season,False,1610612747,LAL,Los Angeles Lakers,1610612738,BOS,Boston Celtics,33,25,W,11,22,0.5,6,10,0.6,5,5,1.0,3,9,12,8,0,0,3,5,8,9,22,0.409,2,9,0.222,5,5,1.0,3,6,9,4,1,2,2,5,-8
0022400623,2025-01-23,2024-25,regular_season,False,1610612737,ATL,Atlanta Hawks,1610612761,TOR,Toronto Raptors,34,30,W,13,24,0.542,4,9,0.444,4,6,0.667,2,4,6,9,4,0,5,5,4,13,21,0.619,1,4,0.25,3,4,0.75,2,8,10,8,4,1,8,6,-4
0022400622,2025-01-23,2024-25,regular_season,False,1610612753,ORL,Orlando Magic,1610612757,POR,Portland Trail Blazers,18,29,L,6,17,0.353,1,6,0.167,5,5,1.0,3,6,9,4,2,2,7,5,-11,10,22,0.455,5,11,0.455,4,5,0.8,3,7,10,4,4,3,3,5,11
0022400621,2025-01-23,2024-25,regular_season,False,1610612754,IND,Indiana Pacers,1610612759,SAS,San Antonio Spurs,28,30,L,12,23,0.522,2,10,0.2,2,2,1.0,1,5,6,7,4,0,2,3,-2,13,21,0.619,4,8,0.5,0,0,0.0,3,9,12,10,1,0,6,4,2
0022400624,2025-01-23,2024-25,regular_season,False,1610612749,MIL,Milwaukee Bucks,1610612748,MIA,Miami Heat,44,25,W,14,24,0.583,6,12,0.5,10,10,1.0,4,8,12,10,0,2,1,4,19,9,24,0.375,2,14,0.143,5,5,1.0,5,5,10,7,1,1,4,6,-19
0022400630,2025-01-24,2024-25,regular_season,False,1610612766,CHA,Charlotte Hornets,1610612757,POR,Portland Trail Blazers,24,28,L,9,21,0.429,1,7,0.143,5,5,1.0,3,6,9,5,3,2,5,7,-4,7,17,0.412,5,8,0.625,9,12,0.75,4,4,8,7,4,0,6,5,4
0022400631,2025-01-24,2024-25,regular_season,False,1610612755,PHI,Philadelphia 76ers,1610612739,CLE,Cleveland Cavaliers,25,34,L,9,20,0.45,4,9,0.444,3,3,1.0,1,4,5,6,1,1,5,5,-9,12,21,0.571,6,11,0.545,4,4,1.0,1,8,9,7,3,2,3,4,9
0022400632,2025-01-24,2024-25,regular_season,False,1610612763,MEM,Memphis Grizzlies,1610612740,NOP,New Orleans Pelicans,29,42,L,12,26,0.462,5,13,0.385,0,0,0.0,3,5,8,6,3,2,4,6,-13,14,24,0.583,5,9,0.556,9,11,0.818,4,10,14,11,3,1,3,0,13
0022400641,2025-01-25,2024-25,regular_season,False,1610612752,NYK,New York Knicks,1610612758,SAC,Sacramento Kings,34,42,L,12,28,0.429,3,7,0.429,7,7,1.0,5,6,11,7,1,1,3,5,-8,17,29,0.586,3,10,0.3,5,5,1.0,3,8,11,10,2,2,1,5,8
0022400646,2025-01-25,2024-25,regular_season,False,1610612746,LAC,LA Clippers,1610612749,MIL,Milwaukee Bucks,30,31,L,11,29,0.379,4,13,0.308,4,4,1.0,6,7,13,6,1,2,1,7,-1,8,18,0.444,4,10,0.4,11,12,0.917,1,12,13,6,1,1,3,4,1
0022400645,2025-01-25,2024-25,regular_season,False,1610612756,PHX,Phoenix Suns,1610612764,WAS,Washington Wizards,33,29,W,10,25,0.4,2,10,0.2,11,11,1.0,5,10,15,4,1,2,1,2,4,12,26,0.462,4,9,0.444,1,1,1.0,2,9,11,6,1,1,2,5,-4
0022400644,2025-01-25,2024-25,regular_season,False,1610612744,GSW,Golden State Warriors,1610612747,LAL,Los Angeles Lakers,32,32,L,12,24,0.5,4,11,0.364,4,5,0.8,3,8,11,9,2,0,2,6,0,13,25,0.52,2,8,0.25,4,7,0.571,3,9,12,4,2,1,2,5,0
0022400643,2025-01-25,2024-25,regular_season,False,1610612763,MEM,Memphis Grizzlies,1610612762,UTA,Utah Jazz,30,26,W,10,22,0.455,3,8,0.375,7,11,0.636,4,6,10,7,1,1,5,5,4,10,25,0.4,1,13,0.077,5,6,0.833,4,8,12,6,2,2,3,7,-4
0022400642,2025-01-25,2024-25,regular_season,False,1610612741,CHI,Chicago Bulls,1610612755,PHI,Philadelphia 76ers,25,30,L,8,26,0.308,4,12,0.333,5,8,0.625,4,10,14,7,2,0,1,6,-5,10,23,0.435,3,10,0.3,7,8,0.875,3,12,15,8,1,1,2,5,5
0022400640,2025-01-25,2024-25,regular_season,False,1610612739,CLE,Cleveland Cavaliers,1610612745,HOU,Houston Rockets,27,35,L,10,21,0.476,3,6,0.5,4,6,0.667,0,7,7,7,2,2,4,3,-8,14,25,0.56,4,7,0.571,3,3,1.0,3,9,12,5,2,2,3,5,8
0022400635,2025-01-25,2024-25,regular_season,False,1610612742,DAL,Dallas Mavericks,1610612738,BOS,Boston Celtics,20,34,L,8,22,0.364,1,3,0.333,3,3,1.0,3,8,11,1,0,0,5,4,-14,12,25,0.48,7,15,0.467,3,3,1.0,2,11,13,9,1,1,0,5,14
0022400638,2025-01-25,2024-25,regular_season,False,1610612753,ORL,Orlando Magic,1610612765,DET,Detroit Pistons,36,23,W,11,23,0.478,4,11,0.364,10,13,0.769,4,10,14,6,1,3,1,7,13,7,23,0.304,1,5,0.2,8,9,0.889,4,7,11,4,0,1,2,6,-13
0022400633,2025-01-25,2024-25,regular_season,False,1610612754,IND,Indiana Pacers,1610612759,SAS,San Antonio Spurs,32,26,W,13,28,0.464,4,9,0.444,2,2,1.0,6,7,13,7,2,5,3,4,6,9,20,0.45,3,6,0.5,5,6,0.833,3,7,10,6,2,2,6,5,-6
0022400634,2025-01-25,2024-25,regular_season,False,1610612750,MIN,Minnesota Timberwolves,1610612743,DEN,Denver Nuggets,31,29,W,12,24,0.5,2,6,0.333,5,5,1.0,6,6,12,7,5,0,6,3,2,12,25,0.48,2,7,0.286,3,3,1.0,7,4,11,7,4,2,6,3,-2
0022400639,2025-01-25,2024-25,regular_season,False,1610612737,ATL,Atlanta Hawks,1610612761,TOR,Toronto Raptors,21,33,L,8,25,0.32,3,11,0.273,2,3,0.667,3,9,12,7,3,1,5,4,-12,12,22,0.545,5,10,0.5,4,5,0.8,1,12,13,9,3,3,4,4,12
0022400636,2025-01-25,2024-25,regular_season,False,1610612751,BKN,Brooklyn Nets,1610612748,MIA,Miami Heat,32,29,W,9,19,0.474,6,11,0.545,8,9,0.889,3,5,8,9,1,0,3,6,3,9,20,0.45,3,8,0.375,8,8,1.0,4,8,12,6,2,0,5,7,-3
0022400637,2025-01-25,2024-25,regular_season,False,1610612766,CHA,Charlotte Hornets,1610612740,NOP,New Orleans Pelicans,32,22,W,10,19,0.526,4,10,0.4,8,12,0.667,0,11,11,6,2,1,1,3,10,8,22,0.364,2,10,0.2,4,6,0.667,1,8,9,6,1,2,2,6,-10
0022400647,2025-01-26,2024-25,regular_season,False,1610612757,POR,Portland Trail Blazers,1610612760,OKC,Oklahoma City Thunder,26,39,L,8,17,0.471,4,9,0.444,6,8,0.75,0,6,6,7,0,2,3,9,-13,12,23,0.522,4,9,0.444,11,13,0.846,5,9,14,8,2,1,1,7,13
0022400648,2025-01-27,2024-25,regular_season,False,1610612766,CHA,Charlotte Hornets,1610612747,LAL,Los Angeles Lakers,32,20,W,11,21,0.524,5,11,0.455,5,5,1.0,4,4,8,8,1,2,2,4,12,8,21,0.381,1,8,0.125,3,4,0.75,2,6,8,3,0,1,7,5,-12
0022400649,2025-01-27,2024-25,regular_season,False,1610612739,CLE,Cleveland Cavaliers,1610612765,DET,Detroit Pistons,29,22,W,11,26,0.423,2,12,0.167,5,7,0.714,5,10,15,7,1,3,1,2,7,9,26,0.346,4,9,0.444,0,0,0.0,3,8,11,6,1,1,2,5,-7
0022400650,2025-01-27,2024-25,regular_season,False,1610612738,BOS,Boston Celtics,1610612745,HOU,Houston Rockets,25,23,W,8,19,0.421,4,9,0.444,5,6,0.833,1,9,10,5,1,1,4,6,2,9,24,0.375,4,14,0.286,1,3,0.333,4,8,12,7,2,0,3,7,-2
0022400651,2025-01-27,2024-25,regular_season,False,1610612751,BKN,Brooklyn Nets,1610612758,SAC,Sacramento Kings,24,25,L,5,18,0.278,2,9,0.222,12,13,0.923,4,6,10,4,3,3,3,5,-1,11,23,0.478,0,3,0.0,3,6,0.5,3,10,13,6,0,1,4,10,1
0022400652,2025-01-27,2024-25,regular_season,False,1610612748,MIA,Miami Heat,1610612753,ORL,Orlando Magic,28,30,L,12,21,0.571,2,5,0.4,2,4,0.5,0,7,7,8,2,0,3,7,-2,10,20,0.5,4,9,0.444,6,10,0.6,2,8,10,7,3,1,2,5,2
0022400653,2025-01-27,2024-25,regular_season,False,1610612752,NYK,New York Knicks,1610612763,MEM,Memphis Grizzlies,26,21,W,11,26,0.423,2,8,0.25,2,2,1.0,2,6,8,4,7,2,2,2,5,9,20,0.45,1,4,0.25,2,2,1.0,4,10,14,5,1,2,8,4,-5
0022400654,2025-01-27,2024-25,regular_season,False,1610612761,TOR,Toronto Raptors,1610612740,NOP,New Orleans Pelicans,31,20,W,11,28,0.393,4,12,0.333,5,5,1.0,3,12,15,8,3,0,2,9,11,8,18,0.444,1,6,0.167,3,9,0.333,1,9,10,4,1,6,5,4,-11
0022400655,2025-01-27,2024-25,regular_season,False,1610612741,CHI,Chicago Bulls,1610612743,DEN,Denver Nuggets,29,33,L,10,22,0.455,7,14,0.5,2,2,1.0,2,8,10,7,3,2,6,6,-4,13,27,0.481,2,6,0.333,5,5,1.0,6,7,13,9,5,3,3,3,4
0022400656,2025-01-27,2024-25,regular_season,False,1610612750,MIN,Minnesota Timberwolves,1610612737,ATL,Atlanta Hawks,32,23,W,13,23,0.565,4,6,0.667,2,2,1.0,2,9,11,5,4,0,2,4,9,9,21,0.429,4,13,0.308,1,1,1.0,2,8,10,7,0,0,6,3,-9
0022400657,2025-01-27,2024-25,regular_season,False,1610612742,DAL,Dallas Mavericks,1610612764,WAS,Washington Wizards,31,27,W,12,27,0.444,4,13,0.308,3,5,0.6,8,8,16,10,1,3,2,5,4,10,27,0.37,2,9,0.222,5,5,1.0,7,8,15,4,1,2,3,5,-4
0022400658,2025-01-27,2024-25,regular_season,False,1610612762,UTA,Utah Jazz,1610612749,MIL,Milwaukee Bucks,33,33,L,11,24,0.458,4,14,0.286,7,8,0.875,2,7,9,8,1,0,1,5,0,14,22,0.636,3,10,0.3,2,3,0.667,1,10,11,10,0,1,2,7,0
0022400659,2025-01-27,2024-25,regular_season,False,1610612756,PHX,Phoenix Suns,1610612746,LAC,LA Clippers,26,17,W,10,24,0.417,6,14,0.429,0,0,0.0,4,10,14,5,2,3,5,3,9,8,21,0.381,0,8,0.0,1,1,1.0,0,10,10,4,4,0,4,2,-9
0022400661,2025-01-28,2024-25,regular_season,False,1610612744,GSW,Golden State Warriors,1610612762,UTA,Utah Jazz,35,24,W,12,25,0.48,5,15,0.333,6,7,0.857,3,10,13,11,0,1,2,4,11,10,23,0.435,2,9,0.222,2,3,0.667,1,9,10,7,1,1,2,6,-11
0022400662,2025-01-28,2024-25,regular_season,False,1610612757,POR,Portland Trail Blazers,1610612749,MIL,Milwaukee Bucks,33,25,W,12,21,0.571,2,4,0.5,7,7,1.0,5,9,14,6,0,0,3,5,8,10,20,0.5,2,8,0.25,3,6,0.5,2,4,6,5,1,1,1,5,-8
0022400532,2025-01-28,2024-25,regular_season,False,1610612737,ATL,Atlanta Hawks,1610612745,HOU,Houston Rockets,23,27,L,10,24,0.417,2,12,0.167,1,2,0.5,3,5,8,4,7,1,5,2,-4,12,18,0.667,3,7,0.429,0,0,0.0,0,12,12,4,3,0,10,4,4
0022400660,2025-01-28,2024-25,regular_season,False,1610612755,PHI,Philadelphia 76ers,1610612747,LAL,Los Angeles Lakers,48,32,W,14,21,0.667,5,8,0.625,15,16,0.938,3,5,8,10,4,2,0,4,16,12,17,0.706,3,5,0.6,5,5,1.0,0,4,4,11,0,0,5,9,-16
0022400673,2025-01-29,2024-25,regular_season,False,1610612744,GSW,Golden State Warriors,1610612760,OKC,Oklahoma City Thunder,28,24,W,10,20,0.5,3,9,0.333,5,6,0.833,0,8,8,7,3,1,4,8,4,8,24,0.333,3,11,0.273,5,5,1.0,6,10,16,5,2,1,6,7,-4
0022400672,2025-01-29,2024-25,regular_season,False,1610612756,PHX,Phoenix Suns,1610612750,MIN,Minnesota Timberwolves,30,33,L,11,21,0.524,2,7,0.286,6,7,0.857,1,7,8,9,2,0,2,6,-3,11,18,0.611,4,6,0.667,7,7,1.0,0,8,8,6,0,3,3,5,3
0022400670,2025-01-29,2024-25,regular_season,False,1610612740,NOP,New Orleans Pelicans,1610612742,DAL,Dallas Mavericks,31,22,W,12,22,0.545,3,8,0.375,4,7,0.571,0,11,11,7,6,2,3,4,9,7,22,0.318,4,13,0.308,4,5,0.8,3,11,14,5,2,3,8,6,-9
0022400669,2025-01-29,2024-25,regular_season,False,1610612755,PHI,Philadelphia 76ers,1610612758,SAC,Sacramento Kings,32,26,W,12,21,0.571,5,8,0.625,3,3,1.0,1,7,8,8,1,1,3,7,6,10,24,0.417,2,9,0.222,4,5,0.8,6,7,13,9,1,0,3,3,-6
0022400668,2025-01-29,2024-25,regular_season,False,1610612752,NYK,New York Knicks,1610612743,DEN,Denver Nuggets,29,27,W,12,24,0.5,3,7,0.429,2,4,0.5,2,7,9,6,2,0,2,7,2,9,20,0.45,1,7,0.143,8,10,0.8,3,8,11,4,1,1,3,3,-2
0022400671,2025-01-29,2024-25,regular_season,False,1610612759,SAS,San Antonio Spurs,1610612746,LAC,LA Clippers,28,35,L,10,23,0.435,2,10,0.2,6,8,0.75,3,6,9,6,4,1,2,5,-7,12,25,0.48,5,10,0.5,6,6,1.0,6,11,17,8,2,0,4,4,7
0022400666,2025-01-29,2024-25,regular_season,False,1610612738,BOS,Boston Celtics,1610612741,CHI,Chicago Bulls,41,28,W,15,23,0.652,6,12,0.5,5,6,0.833,0,8,8,12,4,1,0,0,13,11,21,0.524,6,13,0.462,0,0,0.0,0,8,8,10,0,1,6,4,-13
0022400665,2025-01-29,2024-25,regular_season,False,1610612764,WAS,Washington Wizards,1610612761,TOR,Toronto Raptors,20,26,L,7,15,0.467,0,5,0.0,6,9,0.667,0,10,10,4,2,2,10,5,-6,11,25,0.44,3,9,0.333,1,3,0.333,3,10,13,5,6,1,5,7,6
0022400664,2025-01-29,2024-25,regular_season,False,1610612754,IND,Indiana Pacers,1610612765,DET,Detroit Pistons,34,31,W,13,24,0.542,2,8,0.25,6,9,0.667,0,9,9,6,1,3,2,6,3,11,25,0.44,4,11,0.364,5,9,0.556,4,9,13,8,1,1,4,6,-3
0022400663,2025-01-29,2024-25,regular_season,False,1610612766,CHA,Charlotte Hornets,1610612751,BKN,Brooklyn Nets,18,27,L,5,18,0.278,1,8,0.125,7,10,0.7,2,9,11,2,1,2,3,5,-9,9,23,0.391,2,11,0.182,7,7,1.0,4,11,15,7,3,2,2,6,9
0022400667,2025-01-29,2024-25,regular_season,False,1610612748,MIA,Miami Heat,1610612739,CLE,Cleveland Cavaliers,20,28,L,8,22,0.364,2,11,0.182,2,3,0.667,1,8,9,8,2,1,1,1,-8,12,22,0.545,4,9,0.444,0,0,0.0,1,13,14,10,0,0,2,3,8
0022400674,2025-01-30,2024-25,regular_season,False,1610612764,WAS,Washington Wizards,1610612747,LAL,Los Angeles Lakers,16,36,L,5,25,0.2,1,11,0.091,5,7,0.714,3,6,9,0,2,3,4,4,-20,13,22,0.591,4,7,0.571,6,6,1.0,2,13,15,9,3,3,2,6,20
0022400675,2025-01-30,2024-25,regular_season,False,1610612739,CLE,Cleveland Cavaliers,1610612737,ATL,Atlanta Hawks,32,34,L,13,23,0.565,2,9,0.222,4,6,0.667,3,12,15,9,0,0,5,9,-2,10,20,0.5,3,10,0.3,11,16,0.688,0,9,9,6,4,0,0,4,2
0022400676,2025-01-30,2024-25,regular_season,False,1610612763,MEM,Memphis Grizzlies,1610612745,HOU,Houston Rockets,23,28,L,9,25,0.36,0,6,0.0,5,7,0.714,4,7,11,3,1,0,4,5,-5,10,24,0.417,4,11,0.364,4,6,0.667,4,7,11,6,3,2,1,4,5
0022400677,2025-01-30,2024-25,regular_season,False,1610612762,UTA,Utah Jazz,1610612750,MIN,Minnesota Timberwolves,22,30,L,7,18,0.389,3,7,0.429,5,7,0.714,1,6,7,3,2,2,5,6,-8,10,17,0.588,5,7,0.714,5,7,0.714,1,9,10,9,4,3,4,5,8
0022400678,2025-01-30,2024-25,regular_season,False,1610612757,POR,Portland Trail Blazers,1610612753,ORL,Orlando Magic,34,18,W,12,19,0.632,3,4,0.75,7,8,0.875,3,13,16,6,1,3,4,5,16,7,23,0.304,2,10,0.2,2,3,0.667,2,3,5,2,3,1,2,5,-16
0022400684,2025-01-31,2024-25,regular_season,False,1610612759,SAS,San Antonio Spurs,1610612749,MIL,Milwaukee Bucks,35,36,L,11,26,0.423,6,14,0.429,7,9,0.778,3,9,12,7,1,1,1,5,-1,13,25,0.52,4,8,0.5,6,7,0.857,3,9,12,9,1,1,2,8,1
0022400685,2025-01-31,2024-25,regular_season,False,1610612744,GSW,Golden State Warriors,1610612756,PHX,Phoenix Suns,24,32,L,10,24,0.417,3,8,0.375,1,2,0.5,4,12,16,8,1,0,4,6,-8,13,23,0.565,4,10,0.4,2,5,0.4,0,9,9,11,2,3,2,3,8
0022400683,2025-01-31,2024-25,regular_season,False,1610612740,NOP,New Orleans Pelicans,1610612738,BOS,Boston Celtics,19,28,L,8,20,0.4,1,7,0.143,2,2,1.0,1,11,12,3,2,1,8,1,-9,12,26,0.462,4,14,0.286,0,0,0.0,2,9,11,10,5,2,3,1,9
0022400682,2025-01-31,2024-25,regular_season,False,1610612761,TOR,Toronto Raptors,1610612741,CHI,Chicago Bulls,23,25,L,9,23,0.391,4,9,0.444,1,2,0.5,1,10,11,7,1,2,3,2,-2,10,22,0.455,4,10,0.4,1,2,0.5,2,10,12,9,1,4,3,2,2
0022400681,2025-01-31,2024-25,regular_season,False,1610612755,PHI,Philadelphia 76ers,1610612743,DEN,Denver Nuggets,33,35,L,12,24,0.5,5,12,0.417,4,6,0.667,3,2,5,7,2,1,1,4,-2,14,20,0.7,3,6,0.5,4,4,1.0,3,7,10,11,0,1,3,6,2
0022400680,2025-01-31,2024-25,regular_season,False,1610612765,DET,Detroit Pistons,1610612742,DAL,Dallas Mavericks,34,26,W,13,29,0.448,3,8,0.375,5,6,0.833,7,8,15,5,5,3,3,2,8,11,26,0.423,2,6,0.333,2,3,0.667,6,7,13,7,3,5,5,5,-8
0022400679,2025-01-31,2024-25,regular_season,False,1610612766,CHA,Charlotte Hornets,1610612746,LAC,LA Clippers,25,30,L,10,24,0.417,3,10,0.3,2,2,1.0,4,6,10,6,3,3,2,5,-5,10,19,0.526,3,7,0.429,7,8,0.875,1,10,11,5,1,1,4,4,5
0022400694,2025-02-01,2024-25,regular_season,False,1610612757,POR,Portland Trail Blazers,1610612756,PHX,Phoenix Suns,30,19,W,12,21,0.571,2,6,0.333,4,5,0.8,2,11,13,6,2,1,3,4,11,8,22,0.364,1,8,0.125,2,2,1.0,2,5,7,7,1,0,3,3,-11
0022400692,2025-02-01,2024-25,regular_season,False,1610612752,NYK,New York Knicks,1610612747,LAL,Los Angeles Lakers,22,27,L,8,23,0.348,3,11,0.273,3,3,1.0,5,9,14,6,2,0,4,3,-5,10,20,0.5,6,12,0.5,1,2,0.5,1,9,10,8,3,0,3,4,5
0022400691,2025-02-01,2024-25,regular_season,False,1610612760,OKC,Oklahoma City Thunder,1610612758,SAC,Sacramento Kings,46,24,W,17,27,0.63,8,12,0.667,4,4,1.0,4,14,18,12,0,1,1,5,22,7,26,0.269,4,13,0.308,6,8,0.75,4,5,9,5,1,1,1,4,-22
0022400690,2025-02-01,2024-25,regular_season,False,1610612750,MIN,Minnesota Timberwolves,1610612764,WAS,Washington Wizards,31,31,L,12,26,0.462,4,10,0.4,3,5,0.6,4,8,12,9,2,0,3,3,0,11,19,0.579,6,11,0.545,3,5,0.6,1,10,11,9,2,2,6,6,0
0022400693,2025-02-01,2024-25,regular_season,False,1610612759,SAS,San Antonio Spurs,1610612748,MIA,Miami Heat,23,27,L,8,24,0.333,3,12,0.25,4,5,0.8,4,8,12,5,1,1,3,4,-4,10,21,0.476,5,9,0.556,2,4,0.5,1,12,13,7,0,0,4,5,4
0022400688,2025-02-01,2024-25,regular_season,False,1610612766,CHA,Charlotte Hornets,1610612743,DEN,Denver Nuggets,26,27,L,11,26,0.423,3,8,0.375,1,2,0.5,1,8,9,10,4,0,2,4,-1,10,20,0.5,1,8,0.125,6,7,0.857,3,9,12,5,2,2,5,4,1
0022400687,2025-02-01,2024-25,regular_season,False,1610612762,UTA,Utah Jazz,1610612753,ORL,Orlando Magic,28,26,W,8,16,0.5,2,6,0.333,10,10,1.0,0,12,12,5,1,3,6,6,2,10,29,0.345,2,10,0.2,4,5,0.8,5,8,13,4,3,1,2,9,-2
0022400686,2025-02-01,2024-25,regular_season,False,1610612754,IND,Indiana Pacers,1610612737,ATL,Atlanta Hawks,28,40,L,10,22,0.455,1,8,0.125,7,8,0.875,2,8,10,9,1,3,4,8,-12,13,26,0.5,4,11,0.364,10,12,0.833,3,8,11,10,2,1,1,6,12
0022400689,2025-02-01,2024-25,regular_season,False,1610612745,HOU,Houston Rockets,1610612751,BKN,Brooklyn Nets,15,27,L,5,22,0.227,3,11,0.273,2,2,1.0,1,7,8,4,2,1,4,5,-12,11,21,0.524,1,5,0.2,4,6,0.667,5,10,15,5,1,3,4,5,12
0022400695,2025-02-02,2024-25,regular_season,False,1610612765,DET,Detroit Pistons,1610612741,CHI,Chicago Bulls,34,19,W,14,27,0.519,3,10,0.3,3,5,0.6,2,11,13,9,3,1,1,5,15,6,19,0.316,2,13,0.154,5,6,0.833,2,11,13,1,1,1,6,4,-15
0022400696,2025-02-02,2024-25,regular_season,False,1610612739,CLE,Cleveland Cavaliers,1610612742,DAL,Dallas Mavericks,41,27,W,15,25,0.6,7,11,0.636,4,4,1.0,0,10,10,13,3,3,0,5,14,10,28,0.357,2,8,0.25,5,7,0.714,6,9,15,3,0,1,3,4,-14
0022400697,2025-02-02,2024-25,regular_season,False,1610612761,TOR,Toronto Raptors,1610612746,LAC,LA Clippers,25,29,L,9,22,0.409,3,7,0.429,4,5,0.8,3,8,11,5,2,2,4,2,-4,12,24,0.5,3,6,0.5,2,2,1.0,4,8,12,4,2,3,4,3,4
0022400698,2025-02-02,2024-25,regular_season,False,1610612755,PHI,Philadelphia 76ers,1610612738,BOS,Boston Celtics,32,23,W,11,25,0.44,5,10,0.5,5,5,1.0,4,11,15,6,1,1,1,6,9,7,19,0.368,3,11,0.273,6,8,0.75,1,9,10,7,1,2,1,5,-9
0022400699,2025-02-02,2024-25,regular_season,False,1610612749,MIL,Milwaukee Bucks,1610612763,MEM,Memphis Grizzlies,30,25,W,11,25,0.44,5,12,0.417,3,4,0.75,1,8,9,9,4,1,3,6,5,8,23,0.348,3,12,0.25,6,8,0.75,5,11,16,7,2,2,5,2,-5
0022400706,2025-02-03,2024-25,regular_season,False,1610612743,DEN,Denver Nuggets,1610612740,NOP,New Orleans Pelicans,35,27,W,13,25,0.52,3,6,0.5,6,7,0.857,6,9,15,6,0,1,2,2,8,11,24,0.458,4,10,0.4,1,2,0.5,4,5,9,8,2,3,1,8,-8
0022400709,2025-02-03,2024-25,regular_season,False,1610612757,POR,Portland Trail Blazers,1610612756,PHX,Phoenix Suns,18,24,L,6,16,0.375,1,7,0.143,5,5,1.0,1,7,8,5,2,0,6,6,-6,7,20,0.35,5,12,0.417,5,5,1.0,5,9,14,7,5,2,7,5,6
0022400708,2025-02-03,2024-25,regular_season,False,1610612744,GSW,Golden State Warriors,1610612753,ORL,Orlando Magic,25,17,W,10,18,0.556,3,9,0.333,2,5,0.4,0,11,11,7,4,0,5,5,8,7,24,0.292,0,7,0.0,3,7,0.429,7,8,15,3,3,0,5,5,-8
0022400707,2025-02-03,2024-25,regular_season,False,1610612762,UTA,Utah Jazz,1610612754,IND,Indiana Pacers,29,33,L,12,19,0.632,3,4,0.75,2,4,0.5,2,10,12,10,1,2,8,3,-4,14,24,0.583,4,10,0.4,1,2,0.5,0,5,5,13,5,1,2,4,4
0022400705,2025-02-03,2024-25,regular_season,False,1610612760,OKC,Oklahoma City Thunder,1610612749,MIL,Milwaukee Bucks,39,22,W,15,23,0.652,6,11,0.545,3,3,1.0,2,10,12,9,2,0,4,2,17,9,24,0.375,2,12,0.167,2,4,0.5,4,5,9,7,4,1,3,2,-17
0022400702,2025-02-03,2024-25,regular_season,False,1610612752,NYK,New York Knicks,1610612745,HOU,Houston Rockets,27,30,L,11,23,0.478,3,10,0.3,2,3,0.667,2,7,9,7,3,1,5,2,-3,13,28,0.464,2,7,0.286,2,2,1.0,3,10,13,7,4,1,4,6,3
0022400703,2025-02-03,2024-25,regular_season,False,1610612763,MEM,Memphis Grizzlies,1610612759,SAS,San Antonio Spurs,27,21,W,9,24,0.375,2,8,0.25,7,7,1.0,1,12,13,9,6,1,5,3,6,8,22,0.364,2,11,0.182,3,3,1.0,1,14,15,6,4,1,8,4,-6
0022400701,2025-02-03,2024-25,regular_season,False,1610612765,DET,Detroit Pistons,1610612737,ATL,Atlanta Hawks,29,39,L,6,17,0.353,2,5,0.4,15,17,0.882,1,5,6,5,3,0,2,5,-10,14,23,0.609,4,8,0.5,7,7,1.0,2,11,13,8,1,1,4,8,10
0022400700,2025-02-03,2024-25,regular_season,False,1610612766,CHA,Charlotte Hornets,1610612764,WAS,Washington Wizards,25,46,L,8,19,0.421,2,5,0.4,7,8,0.875,1,4,5,6,1,0,5,4,-21,16,27,0.593,9,17,0.529,5,5,1.0,6,8,14,13,2,3,3,6,21
0022400704,2025-02-03,2024-25,regular_season,False,1610612750,MIN,Minnesota Timberwolves,1610612758,SAC,Sacramento Kings,25,29,L,8,23,0.348,2,11,0.182,7,7,1.0,5,2,7,5,2,2,2,3,-4,12,24,0.5,2,6,0.333,3,3,1.0,4,9,13,7,2,0,4,5,4
0022400710,2025-02-04,2024-25,regular_season,False,1610612739,CLE,Cleveland Cavaliers,1610612738,BOS,Boston Celtics,29,26,W,9,24,0.375,2,8,0.25,9,10,0.9,6,10,16,5,3,0,3,4,3,10,28,0.357,4,11,0.364,2,2,1.0,7,8,15,5,2,2,4,5,-3
0022400711,2025-02-04,2024-25,regular_season,False,1610612751,BKN,Brooklyn Nets,1610612745,HOU,Houston Rockets,22,23,L,7,18,0.389,2,4,0.5,6,8,0.75,1,8,9,3,5,3,7,6,-1,8,24,0.333,4,13,0.308,3,5,0.6,5,7,12,7,4,3,8,6,1
0022400712,2025-02-04,2024-25,regular_season,False,1610612755,PHI,Philadelphia 76ers,1610612742,DAL,Dallas Mavericks,22,34,L,8,20,0.4,1,10,0.1,5,9,0.556,4,5,9,5,3,2,4,6,-12,13,21,0.619,4,6,0.667,4,7,0.571,4,10,14,10,3,0,3,6,12
0022400713,2025-02-04,2024-25,regular_season,False,1610612761,TOR,Toronto Raptors,1610612752,NYK,New York Knicks,17,38,L,7,21,0.333,0,7,0.0,3,3,1.0,3,1,4,2,1,0,4,9,-21,12,20,0.6,2,3,0.667,12,14,0.857,4,9,13,5,3,1,3,5,21
0022400714,2025-02-04,2024-25,regular_season,False,1610612741,CHI,Chicago Bulls,1610612748,MIA,Miami Heat,28,33,L,11,22,0.5,2,8,0.25,4,4,1.0,2,7,9,8,1,0,4,6,-5,10,18,0.556,5,11,0.455,8,8,1.0,1,8,9,9,3,1,3,4,5
0022400715,2025-02-04,2024-25,regular_season,False,1610612746,LAC,LA Clippers,1610612747,LAL,Los Angeles Lakers,21,28,L,8,20,0.4,3,8,0.375,2,2,1.0,0,7,7,5,3,2,4,3,-7,10,22,0.455,4,8,0.5,4,5,0.8,4,10,14,6,3,2,4,3,7
0022400716,2025-02-04,2024-25,regular_season,False,1610612757,POR,Portland Trail Blazers,1610612754,IND,Indiana Pacers,18,20,L,6,23,0.261,2,9,0.222,4,4,1.0,4,9,13,3,2,0,5,5,-2,8,18,0.444,0,2,0.0,4,5,0.8,2,9,11,5,3,2,5,5,2
0022400724,2025-02-05,2024-25,regular_season,False,1610612760,OKC,Oklahoma City Thunder,1610612756,PHX,Phoenix Suns,24,30,L,9,25,0.36,2,13,0.154,4,4,1.0,4,5,9,2,4,0,1,4,-6,10,16,0.625,5,10,0.5,5,6,0.833,1,12,13,6,1,0,6,2,6
0022400727,2025-02-05,2024-25,regular_season,False,1610612758,SAC,Sacramento Kings,1610612753,ORL,Orlando Magic,29,25,W,10,18,0.556,4,6,0.667,5,5,1.0,2,8,10,6,1,2,6,5,4,10,21,0.476,1,5,0.2,4,5,0.8,1,6,7,3,3,1,2,5,-4
0022400726,2025-02-05,2024-25,regular_season,False,1610612743,DEN,Denver Nuggets,1610612740,NOP,New Orleans Pelicans,32,32,W,14,26,0.538,1,11,0.091,3,3,1.0,3,10,13,10,2,1,1,4,0,12,27,0.444,4,9,0.444,4,4,1.0,4,8,12,8,1,0,2,2,0
0022400725,2025-02-05,2024-25,regular_season,False,1610612762,UTA,Utah Jazz,1610612744,GSW,Golden State Warriors,28,33,L,12,25,0.48,2,11,0.182,2,3,0.667,3,4,7,7,1,1,1,3,-5,14,23,0.609,4,10,0.4,1,4,0.25,4,9,13,7,1,1,2,5,5
0022400722,2025-02-05,2024-25,regular_season,False,1610612761,TOR,Toronto Raptors,1610612763,MEM,Memphis Grizzlies,30,31,L,12,27,0.444,5,12,0.417,1,1,1.0,3,8,11,9,3,1,2,6,-1,11,25,0.44,4,9,0.444,5,9,0.556,7,10,17,8,1,2,3,2,1
0022400723,2025-02-05,2024-25,regular_season,False,1610612750,MIN,Minnesota Timberwolves,1610612741,CHI,Chicago Bulls,23,30,L,8,26,0.308,3,10,0.3,4,4,1.0,5,9,14,4,1,1,4,5,-7,10,20,0.5,3,10,0.3,7,9,0.778,1,9,10,6,3,1,2,4,7
0022400721,2025-02-05,2024-25,regular_season,False,1610612755,PHI,Philadelphia 76ers,1610612748,MIA,Miami Heat,32,33,L,11,22,0.5,6,10,0.6,4,6,0.667,1,6,7,10,3,1,1,3,-1,12,24,0.5,5,11,0.455,4,6,0.667,5,10,15,9,1,2,5,4,1
0022400720,2025-02-05,2024-25,regular_season,False,1610612751,BKN,Brooklyn Nets,1610612764,WAS,Washington Wizards,35,32,W,13,21,0.619,5,9,0.556,4,6,0.667,1,6,7,11,3,1,1,4,3,11,22,0.5,6,12,0.5,4,4,1.0,3,6,9,10,0,1,4,6,-3
0022400719,2025-02-05,2024-25,regular_season,False,1610612737,ATL,Atlanta Hawks,1610612759,SAS,San Antonio Spurs,29,37,L,10,22,0.455,2,11,0.182,7,10,0.7,1,10,11,7,0,2,7,5,-8,14,24,0.583,2,8,0.25,7,8,0.875,1,9,10,7,5,0,3,10,8
0022400718,2025-02-05,2024-25,regular_season,False,1610612765,DET,Detroit Pistons,1610612739,CLE,Cleveland Cavaliers,30,31,L,11,26,0.423,4,10,0.4,4,7,0.571,5,7,12,8,3,0,4,7,-1,11,23,0.478,4,10,0.4,5,6,0.833,3,10,13,9,4,1,6,6,1
0022400717,2025-02-05,2024-25,regular_season,False,1610612766,CHA,Charlotte Hornets,1610612749,MIL,Milwaukee Bucks,30,28,W,12,20,0.6,2,8,0.25,4,7,0.571,2,9,11,8,2,0,2,5,2,9,20,0.45,5,11,0.455,5,6,0.833,2,8,10,5,1,0,3,5,-2
0022400728,2025-02-06,2024-25,regular_season,False,1610612738,BOS,Boston Celtics,1610612742,DAL,Dallas Mavericks,33,35,L,13,24,0.542,5,11,0.455,2,3,0.667,3,8,11,8,0,1,1,4,-2,15,24,0.625,2,5,0.4,3,4,0.75,2,7,9,11,0,1,0,3,2
0022400729,2025-02-06,2024-25,regular_season,False,1610612750,MIN,Minnesota Timberwolves,1610612745,HOU,Houston Rockets,34,38,L,10,19,0.526,5,10,0.5,9,11,0.818,1,6,7,7,2,1,3,4,-4,15,24,0.625,5,8,0.625,3,4,0.75,4,9,13,9,3,0,5,7,4
0022400730,2025-02-06,2024-25,regular_season,False,1610612743,DEN,Denver Nuggets,1610612753,ORL,Orlando Magic,34,24,W,13,24,0.542,6,12,0.5,2,2,1.0,5,9,14,12,0,1,2,6,10,7,19,0.368,1,4,0.25,9,11,0.818,3,3,6,5,1,1,0,2,-10
0022400731,2025-02-06,2024-25,regular_season,False,1610612747,LAL,Los Angeles Lakers,1610612744,GSW,Golden State Warriors,35,28,W,12,22,0.545,5,12,0.417,6,6,1.0,1,15,16,7,0,0,4,4,7,10,27,0.37,3,14,0.214,5,6,0.833,1,8,9,6,2,1,1,4,-7
0022400732,2025-02-06,2024-25,regular_season,False,1610612757,POR,Portland Trail Blazers,1610612758,SAC,Sacramento Kings,27,23,W,10,21,0.476,5,9,0.556,2,2,1.0,2,10,12,7,1,3,5,8,4,7,24,0.292,2,8,0.25,7,9,0.778,5,8,13,5,3,2,4,2,-4
0022400733,2025-02-06,2024-25,regular_season,False,1610612746,LAC,LA Clippers,1610612754,IND,Indiana Pacers,19,42,L,8,21,0.381,3,8,0.375,0,0,0.0,4,6,10,5,2,2,8,6,-23,15,26,0.577,5,9,0.556,7,8,0.875,4,9,13,12,5,0,2,1,23
0022400739,2025-02-07,2024-25,regular_season,False,1610612760,OKC,Oklahoma City Thunder,1610612761,TOR,Toronto Raptors,23,22,W,9,26,0.346,2,11,0.182,3,3,1.0,4,9,13,7,2,3,1,5,1,7,21,0.333,4,9,0.444,4,6,0.667,2,11,13,7,1,1,3,5,-1
0022400738,2025-02-07,2024-25,regular_season,False,1610612765,DET,Detroit Pistons,1610612755,PHI,Philadelphia 76ers,36,22,W,13,27,0.481,5,11,0.455,5,6,0.833,6,11,17,9,2,1,2,4,14,11,24,0.458,0,3,0.0,0,0,0.0,2,7,9,8,2,1,2,3,-14
0022400737,2025-02-07,2024-25,regular_season,False,1610612751,BKN,Brooklyn Nets,1610612748,MIA,Miami Heat,25,27,L,8,21,0.381,1,7,0.143,8,9,0.889,4,9,13,3,2,3,4,4,-2,9,21,0.429,5,10,0.5,4,5,0.8,1,8,9,7,2,1,3,6,2
0022400740,2025-02-07,2024-25,regular_season,False,1610612756,PHX,Phoenix Suns,1610612762,UTA,Utah Jazz,35,25,W,12,24,0.5,5,9,0.556,6,6,1.0,3,10,13,7,0,5,2,4,10,9,25,0.36,3,8,0.375,4,4,1.0,4,5,9,8,1,3,2,4,-10
0022400735,2025-02-07,2024-25,regular_season,False,1610612764,WAS,Washington Wizards,1610612739,CLE,Cleveland Cavaliers,34,29,W,13,24,0.542,6,11,0.545,2,3,0.667,4,9,13,7,1,1,4,6,5,9,20,0.45,4,9,0.444,7,8,0.875,2,8,10,5,2,0,3,2,-5
0022400734,2025-02-07,2024-25,regular_season,False,1610612766,CHA,Charlotte Hornets,1610612759,SAS,San Antonio Spurs,28,28,W,11,19,0.579,5,10,0.5,1,1,1.0,2,11,13,8,2,1,8,4,0,11,25,0.44,4,12,0.333,2,3,0.667,3,2,5,9,6,0,2,4,0
0022400736,2025-02-07,2024-25,regular_season,False,1610612737,ATL,Atlanta Hawks,1610612749,MIL,Milwaukee Bucks,19,47,L,8,17,0.471,1,8,0.125,2,5,0.4,1,5,6,4,0,0,6,6,-28,17,27,0.63,11,15,0.733,2,3,0.667,4,8,12,14,3,0,1,5,28
0022400751,2025-02-08,2024-25,regular_season,False,1610612746,LAC,LA Clippers,1610612762,UTA,Utah Jazz,29,26,W,11,23,0.478,1,6,0.167,6,6,1.0,1,8,9,9,4,2,5,4,3,10,24,0.417,2,10,0.2,4,5,0.8,5,10,15,6,3,1,7,5,-3
0022400750,2025-02-08,2024-25,regular_season,False,1610612758,SAC,Sacramento Kings,1610612740,NOP,New Orleans Pelicans,30,34,L,12,18,0.667,2,7,0.286,4,8,0.5,1,9,10,7,2,1,8,5,-4,12,21,0.571,5,8,0.625,5,7,0.714,2,7,9,9,5,1,6,6,4
0022400749,2025-02-08,2024-25,regular_season,False,1610612756,PHX,Phoenix Suns,1610612743,DEN,Denver Nuggets,23,26,L,9,23,0.391,4,14,0.286,1,1,1.0,3,8,11,6,0,1,2,5,-3,11,28,0.393,2,9,0.222,2,2,1.0,7,10,17,7,1,0,1,3,3
0022400747,2025-02-08,2024-25,regular_season,False,1610612750,MIN,Minnesota Timberwolves,1610612757,POR,Portland Trail Blazers,23,38,L,6,14,0.429,1,4,0.25,10,17,0.588,1,7,8,3,2,0,5,3,-15,16,28,0.571,4,6,0.667,2,2,1.0,5,8,13,6,4,3,3,10,15
0022400746,2025-02-08,2024-25,regular_season,False,1610612763,MEM,Memphis Grizzlies,1610612760,OKC,Oklahoma City Thunder,26,35,L,10,23,0.435,3,8,0.375,3,4,0.75,3,5,8,6,1,2,2,5,-9,12,30,0.4,4,10,0.4,7,7,1.0,9,10,19,4,1,2,1,4,9
0022400748,2025-02-08,2024-25,regular_season,False,1610612752,NYK,New York Knicks,1610612738,BOS,Boston Celtics,29,31,L,8,19,0.421,3,6,0.5,10,10,1.0,1,8,9,4,3,0,3,4,-2,11,23,0.478,5,10,0.5,4,6,0.667,4,9,13,4,1,1,3,5,2
0022400744,2025-02-08,2024-25,regular_season,False,1610612764,WAS,Washington Wizards,1610612737,ATL,Atlanta Hawks,28,37,L,11,23,0.478,2,8,0.25,4,4,1.0,4,8,12,7,1,0,5,3,-9,13,24,0.542,6,11,0.545,5,5,1.0,2,7,9,10,0,3,4,5,9
0022400743,2025-02-08,2024-25,regular_season,False,1610612753,ORL,Orlando Magic,1610612759,SAS,San Antonio Spurs,25,30,L,10,24,0.417,3,8,0.375,2,2,1.0,3,9,12,3,1,0,2,3,-5,11,23,0.478,4,9,0.444,4,4,1.0,3,9,12,6,1,0,1,1,5
0022400742,2025-02-08,2024-25,regular_season,False,1610612747,LAL,Los Angeles Lakers,1610612754,IND,Indiana Pacers,22,28,L,7,19,0.368,2,8,0.25,6,6,1.0,1,9,10,5,1,0,7,7,-6,9,19,0.474,3,11,0.273,7,7,1.0,0,7,7,7,3,1,3,5,6
0022400741,2025-02-08,2024-25,regular_season,False,1610612742,DAL,Dallas Mavericks,1610612745,HOU,Houston Rockets,32,28,W,10,22,0.455,5,9,0.556,7,9,0.778,5,8,13,7,0,5,2,6,4,9,28,0.321,2,8,0.25,8,10,0.8,6,5,11,6,1,1,1,5,-4
0022400745,2025-02-08,2024-25,regular_season,False,1610612741,CHI,Chicago Bulls,1610612744,GSW,Golden State Warriors,38,21,W,12,18,0.667,6,8,0.75,8,8,1.0,1,10,11,5,1,1,4,5,17,7,23,0.304,3,15,0.2,4,5,0.8,4,1,5,5,1,1,5,5,-17
0022400752,2025-02-09,2024-25,regular_season,False,1610612765,DET,Detroit Pistons,1610612766,CHA,Charlotte Hornets,27,31,L,10,23,0.435,2,10,0.2,5,6,0.833,5,7,12,9,2,0,4,5,-4,10,20,0.5,5,9,0.556,6,6,1.0,2,6,8,8,3,0,4,6,4
0022400753,2025-02-09,2024-25,regular_season,False,1610612745,HOU,Houston Rockets,1610612761,TOR,Toronto Raptors,19,20,L,5,23,0.217,1,11,0.091,8,11,0.727,5,17,22,2,3,1,6,7,-1,7,25,0.28,2,13,0.154,4,7,0.571,3,12,15,4,2,1,3,8,1
0022400754,2025-02-09,2024-25,regular_season,False,1610612749,MIL,Milwaukee Bucks,1610612755,PHI,Philadelphia 76ers,25,24,W,10,32,0.312,4,17,0.235,1,1,1.0,9,8,17,6,1,1,2,7,1,8,20,0.4,1,4,0.25,7,9,0.778,4,12,16,4,2,1,4,5,-1
0022400761,2025-02-10,2024-25,regular_season,False,1610612760,OKC,Oklahoma City Thunder,1610612740,NOP,New Orleans Pelicans,39,30,W,14,24,0.583,9,14,0.643,2,3,0.667,2,6,8,9,4,2,2,2,9,11,22,0.5,4,6,0.667,4,4,1.0,4,6,10,5,1,1,7,4,-9
0022400768,2025-02-10,2024-25,regular_season,False,1610612747,LAL,Los Angeles Lakers,1610612762,UTA,Utah Jazz,35,22,W,13,23,0.565,3,10,0.3,6,6,1.0,3,11,14,8,3,1,2,5,13,8,21,0.381,2,10,0.2,4,6,0.667,2,6,8,6,2,0,3,6,-13
0022400763,2025-02-10,2024-25,regular_season,False,1610612743,DEN,Denver Nuggets,1610612757,POR,Portland Trail Blazers,32,28,W,14,22,0.636,2,6,0.333,2,3,0.667,1,8,9,11,1,0,2,6,4,11,24,0.458,3,12,0.25,3,3,1.0,1,8,9,6,0,1,1,4,-4
0022400760,2025-02-10,2024-25,regular_season,False,1610612749,MIL,Milwaukee Bucks,1610612744,GSW,Golden State Warriors,24,29,L,10,22,0.455,3,10,0.3,1,4,0.25,1,7,8,7,2,2,4,4,-5,11,24,0.458,2,8,0.25,5,7,0.714,3,12,15,8,3,0,3,4,5
0022400762,2025-02-10,2024-25,regular_season,False,1610612742,DAL,Dallas Mavericks,1610612758,SAC,Sacramento Kings,26,34,L,10,22,0.455,1,9,0.111,5,6,0.833,1,5,6,5,3,1,2,3,-8,14,20,0.7,5,8,0.625,1,1,1.0,1,10,11,9,0,1,4,5,8
0022400758,2025-02-10,2024-25,regular_season,False,1610612751,BKN,Brooklyn Nets,1610612766,CHA,Charlotte Hornets,27,19,W,10,23,0.435,3,10,0.3,4,4,1.0,6,6,12,7,1,1,5,6,8,7,17,0.412,1,6,0.167,4,4,1.0,3,3,6,4,2,1,3,3,-8
0022400757,2025-02-10,2024-25,regular_season,False,1610612764,WAS,Washington Wizards,1610612759,SAS,San Antonio Spurs,33,26,W,12,24,0.5,5,13,0.385,4,5,0.8,2,11,13,5,0,1,3,6,7,9,23,0.391,3,10,0.3,5,6,0.833,4,8,12,4,2,1,3,6,-7
0022400756,2025-02-10,2024-25,regular_season,False,1610612753,ORL,Orlando Magic,1610612737,ATL,Atlanta Hawks,35,25,W,12,15,0.8,4,5,0.8,7,8,0.875,0,8,8,8,3,2,6,7,10,8,21,0.381,4,9,0.444,5,6,0.833,4,4,8,7,2,0,6,7,-10
0022400755,2025-02-10,2024-25,regular_season,False,1610612739,CLE,Cleveland Cavaliers,1610612750,MIN,Minnesota Timberwolves,36,32,W,13,20,0.65,7,10,0.7,3,3,1.0,1,7,8,10,3,2,6,5,4,13,24,0.542,4,10,0.4,2,3,0.667,2,6,8,4,4,1,6,6,-4
0022400759,2025-02-10,2024-25,regular_season,False,1610612748,MIA,Miami Heat,1610612738,BOS,Boston Celtics,19,34,L,6,26,0.231,3,16,0.188,4,4,1.0,4,8,12,3,2,0,2,3,-15,12,20,0.6,7,14,0.5,3,3,1.0,0,16,16,9,2,1,4,3,15
0022400764,2025-02-11,2024-25,regular_season,False,1610612755,PHI,Philadelphia 76ers,1610612761,TOR,Toronto Raptors,34,24,W,11,21,0.524,3,9,0.333,9,10,0.9,2,9,11,7,3,1,2,5,10,9,21,0.429,2,8,0.25,4,4,1.0,3,8,11,5,1,2,5,8,-10
0022400765,2025-02-11,2024-25,regular_season,False,1610612754,IND,Indiana Pacers,1610612752,NYK,New York Knicks,34,41,L,12,23,0.522,4,9,0.444,6,6,1.0,1,3,4,12,1,1,3,5,-7,14,21,0.667,4,6,0.667,9,10,0.9,1,9,10,10,2,1,5,4,7
0022400766,2025-02-11,2024-25,regular_season,False,1610612741,CHI,Chicago Bulls,1610612765,DET,Detroit Pistons,11,37,L,4,27,0.148,1,15,0.067,2,5,0.4,5,7,12,3,3,1,6,3,-26,13,23,0.565,4,7,0.571,7,7,1.0,2,18,20,8,3,2,3,4,26
0022400767,2025-02-11,2024-25,regular_season,False,1610612756,PHX,Phoenix Suns,1610612763,MEM,Memphis Grizzlies,30,32,L,11,21,0.524,3,8,0.375,5,7,0.714,1,11,12,9,0,2,5,5,-2,11,28,0.393,3,14,0.214,7,8,0.875,6,8,14,7,3,0,1,7,2
0022400783,2025-02-12,2024-25,regular_season,False,1610612746,LAC,LA Clippers,1610612763,MEM,Memphis Grizzlies,38,24,W,15,28,0.536,2,6,0.333,6,6,1.0,4,9,13,6,4,0,2,5,14,9,21,0.429,2,7,0.286,4,7,0.571,4,8,12,4,0,1,6,5,-14
0022400782,2025-02-12,2024-25,regular_season,False,1610612742,DAL,Dallas Mavericks,1610612744,GSW,Golden State Warriors,25,25,W,10,23,0.435,4,10,0.4,1,2,0.5,2,9,11,6,2,3,4,2,0,11,26,0.423,3,10,0.3,0,1,0.0,5,9,14,9,1,2,4,3,0
0022400780,2025-02-12,2024-25,regular_season,False,1610612743,DEN,Denver Nuggets,1610612757,POR,Portland Trail Blazers,35,29,W,13,26,0.5,6,12,0.5,3,6,0.5,6,13,19,4,0,4,7,3,6,11,25,0.44,4,10,0.4,3,4,0.75,1,7,8,7,5,4,1,6,-6
0022400779,2025-02-12,2024-25,regular_season,False,1610612745,HOU,Houston Rockets,1610612756,PHX,Phoenix Suns,19,23,L,8,23,0.348,2,13,0.154,1,2,0.5,2,8,10,5,1,1,2,3,-4,10,25,0.4,1,7,0.143,2,2,1.0,5,11,16,7,1,1,3,2,4
0022400778,2025-02-12,2024-25,regular_season,False,1610612760,OKC,Oklahoma City Thunder,1610612748,MIA,Miami Heat,29,28,W,11,23,0.478,3,10,0.3,4,5,0.8,3,7,10,7,3,0,4,7,1,10,18,0.556,2,9,0.222,6,9,0.667,2,9,11,7,1,0,4,4,-1
0022400777,2025-02-12,2024-25,regular_season,False,1610612740,NOP,New Orleans Pelicans,1610612758,SAC,Sacramento Kings,37,31,W,15,25,0.6,3,7,0.429,4,5,0.8,3,8,11,11,1,2,1,6,6,11,25,0.44,4,12,0.333,5,7,0.714,4,7,11,7,0,1,2,4,-6
0022400776,2025-02-12,2024-25,regular_season,False,1610612750,MIN,Minnesota Timberwolves,1610612749,MIL,Milwaukee Bucks,26,15,W,9,25,0.36,2,13,0.154,6,7,0.857,4,15,19,9,3,2,3,2,11,7,23,0.304,0,8,0.0,1,2,0.5,2,11,13,1,1,0,5,5,-11
0022400781,2025-02-12,2024-25,regular_season,False,1610612762,UTA,Utah Jazz,1610612747,LAL,Los Angeles Lakers,31,26,W,11,23,0.478,4,11,0.364,5,6,0.833,4,12,16,7,2,2,6,4,5,9,22,0.409,4,11,0.364,4,6,0.667,1,7,8,8,3,0,4,4,-5
0022400774,2025-02-12,2024-25,regular_season,False,1610612761,TOR,Toronto Raptors,1610612739,CLE,Cleveland Cavaliers,26,27,L,9,22,0.409,3,8,0.375,5,8,0.625,3,6,9,5,2,1,4,5,-1,10,22,0.455,1,10,0.1,6,7,0.857,3,11,14,6,4,0,5,6,1
0022400773,2025-02-12,2024-25,regular_season,False,1610612752,NYK,New York Knicks,1610612737,ATL,Atlanta Hawks,30,31,L,11,23,0.478,3,8,0.375,5,8,0.625,2,8,10,6,0,0,5,6,-1,13,28,0.464,0,4,0.0,5,10,0.5,7,10,17,10,3,1,3,6,1
0022400772,2025-02-12,2024-25,regular_season,False,1610612751,BKN,Brooklyn Nets,1610612755,PHI,Philadelphia 76ers,24,22,W,8,22,0.364,2,9,0.222,6,9,0.667,4,11,15,4,3,1,2,4,2,8,19,0.421,1,7,0.143,5,7,0.714,0,12,12,4,1,3,3,7,-2
0022400771,2025-02-12,2024-25,regular_season,False,1610612764,WAS,Washington Wizards,1610612754,IND,Indiana Pacers,33,22,W,13,23,0.565,7,11,0.636,0,0,0.0,1,8,9,8,2,3,2,3,11,8,21,0.381,3,6,0.5,3,3,1.0,3,7,10,8,1,1,4,2,-11
0022400770,2025-02-12,2024-25,regular_season,False,1610612753,ORL,Orlando Magic,1610612766,CHA,Charlotte Hornets,16,26,L,7,24,0.292,2,10,0.2,0,0,0.0,4,7,11,3,1,4,4,6,-10,8,19,0.421,2,7,0.286,8,9,0.889,2,11,13,5,2,1,4,3,10
0022400769,2025-02-12,2024-25,regular_season,False,1610612738,BOS,Boston Celtics,1610612759,SAS,San Antonio Spurs,29,28,W,10,21,0.476,6,15,0.4,3,4,0.75,2,11,13,7,1,3,5,3,1,11,27,0.407,2,10,0.2,4,5,0.8,5,8,13,6,3,0,2,3,-1
0022400775,2025-02-12,2024-25,regular_season,False,1610612741,CHI,Chicago Bulls,1610612765,DET,Detroit Pistons,27,34,L,9,19,0.474,2,9,0.222,7,8,0.875,0,7,7,6,0,2,3,9,-7,11,25,0.44,3,9,0.333,9,11,0.818,3,11,14,7,2,0,1,5,7
0022400784,2025-02-13,2024-25,regular_season,False,1610612745,HOU,Houston Rockets,1610612744,GSW,Golden State Warriors,29,34,L,10,21,0.476,5,10,0.5,4,8,0.5,2,10,12,6,1,0,6,6,-5,10,23,0.435,3,12,0.25,11,12,0.917,3,6,9,7,3,1,3,7,5
0022400785,2025-02-13,2024-25,regular_season,False,1610612740,NOP,New Orleans Pelicans,1610612758,SAC,Sacramento Kings,32,36,L,11,22,0.5,6,15,0.4,4,5,0.8,0,6,6,9,2,2,3,3,-4,15,26,0.577,4,9,0.444,2,4,0.5,4,11,15,13,2,0,4,2,4
0022400786,2025-02-13,2024-25,regular_season,False,1610612742,DAL,Dallas Mavericks,1610612748,MIA,Miami Heat,34,34,W,13,23,0.565,4,7,0.571,4,4,1.0,1,4,5,10,1,0,3,7,0,13,22,0.591,2,6,0.333,6,9,0.667,4,8,12,7,2,1,3,4,0
0022400787,2025-02-13,2024-25,regular_season,False,1610612750,MIN,Minnesota Timberwolves,1610612760,OKC,Oklahoma City Thunder,27,32,L,12,29,0.414,2,13,0.154,1,1,1.0,6,7,13,7,1,1,2,7,-5,10,21,0.476,4,7,0.571,8,11,0.727,3,11,14,6,1,3,1,2,5
0022401004,2025-02-13,2024-25,regular_season,False,1610612762,UTA,Utah Jazz,1610612746,LAC,LA Clippers,27,28,L,11,19,0.579,4,9,0.444,1,2,0.5,1,8,9,7,1,0,6,5,-1,9,22,0.409,2,7,0.286,8,10,0.8,4,7,11,4,3,1,3,5,1
0022400524,2025-02-19,2024-25,regular_season,False,1610612747,LAL,Los Angeles Lakers,1610612766,CHA,Charlotte Hornets,20,16,W,9,24,0.375,2,14,0.143,0,0,0.0,1,11,12,8,3,1,2,3,4,6,21,0.286,2,6,0.333,2,2,1.0,2,12,14,3,1,1,6,3,-4
0022400788,2025-02-20,2024-25,regular_season,False,1610612754,IND,Indiana Pacers,1610612763,MEM,Memphis Grizzlies,50,26,W,16,23,0.696,7,12,0.583,11,11,1.0,1,9,10,11,1,1,0,5,24,10,26,0.385,3,14,0.214,3,4,0.75,4,6,10,7,0,2,4,8,-24
0022400789,2025-02-20,2024-25,regular_season,False,1610612755,PHI,Philadelphia 76ers,1610612738,BOS,Boston Celtics,28,36,L,11,26,0.423,1,8,0.125,5,5,1.0,4,8,12,5,1,0,2,4,-8,13,23,0.565,7,13,0.538,3,3,1.0,2,10,12,10,1,1,2,4,8
0022400790,2025-02-20,2024-25,regular_season,False,1610612737,ATL,Atlanta Hawks,1610612753,ORL,Orlando Magic,25,38,L,9,23,0.391,1,7,0.143,6,8,0.75,3,5,8,5,1,0,3,6,-13,15,21,0.714,1,3,0.333,7,9,0.778,2,9,11,4,2,4,2,6,13
0022400791,2025-02-20,2024-25,regular_season,False,1610612751,BKN,Brooklyn Nets,1610612739,CLE,Cleveland Cavaliers,31,24,W,11,23,0.478,4,9,0.444,5,6,0.833,5,7,12,5,2,2,5,6,7,8,22,0.364,3,10,0.3,5,8,0.625,4,6,10,2,1,1,6,6,-7
0022400792,2025-02-20,2024-25,regular_season,False,1610612752,NYK,New York Knicks,1610612741,CHI,Chicago Bulls,31,22,W,11,28,0.393,4,17,0.235,5,6,0.833,3,14,17,4,2,3,1,3,9,9,25,0.36,2,7,0.286,2,3,0.667,2,11,13,5,0,3,3,5,-9
0022400793,2025-02-20,2024-25,regular_season,False,1610612749,MIL,Milwaukee Bucks,1610612746,LAC,LA Clippers,29,21,W,10,21,0.476,5,15,0.333,4,4,1.0,0,12,12,5,1,0,2,2,8,9,25,0.36,1,6,0.167,2,2,1.0,3,11,14,4,2,1,2,5,-8
0022400794,2025-02-20,2024-25,regular_season,False,1610612743,DEN,Denver Nuggets,1610612766,CHA,Charlotte Hornets,28,28,W,11,24,0.458,3,13,0.231,3,3,1.0,2,11,13,8,0,1,5,3,0,11,25,0.44,3,9,0.333,3,3,1.0,2,11,13,8,4,0,4,5,0
0022400795,2025-02-20,2024-25,regular_season,False,1610612759,SAS,San Antonio Spurs,1610612756,PHX,Phoenix Suns,29,33,L,12,24,0.5,5,13,0.385,0,0,0.0,2,7,9,10,3,1,2,5,-4,12,20,0.6,5,10,0.5,4,5,0.8,2,10,12,8,2,0,3,1,4
0022400796,2025-02-20,2024-25,regular_season,False,1610612757,POR,Portland Trail Blazers,1610612747,LAL,Los Angeles Lakers,32,27,W,10,19,0.526,3,8,0.375,9,12,0.75,2,6,8,5,2,2,3,5,5,11,19,0.579,1,6,0.167,4,5,0.8,3,7,10,4,1,1,5,7,-5
0022400804,2025-02-21,2024-25,regular_season,False,1610612762,UTA,Utah Jazz,1610612760,OKC,Oklahoma City Thunder,25,39,L,10,25,0.4,2,8,0.25,3,7,0.429,4,4,8,7,2,1,5,3,-14,14,27,0.519,5,11,0.455,6,6,1.0,6,11,17,12,4,6,3,6,14
0022400803,2025-02-21,2024-25,regular_season,False,1610612742,DAL,Dallas Mavericks,1610612740,NOP,New Orleans Pelicans,24,31,L,9,23,0.391,3,11,0.273,3,4,0.75,1,6,7,6,3,2,5,6,-7,10,20,0.5,3,8,0.375,8,12,0.667,4,11,15,9,4,2,5,4,7
0022400802,2025-02-21,2024-25,regular_season,False,1610612759,SAS,San Antonio Spurs,1610612765,DET,Detroit Pistons,35,27,W,14,24,0.583,5,9,0.556,2,4,0.5,3,7,10,10,2,1,3,5,8,10,24,0.417,5,11,0.455,2,4,0.5,6,5,11,8,0,2,4,4,-8
0022400805,2025-02-21,2024-25,regular_season,False,1610612758,SAC,Sacramento Kings,1610612744,GSW,Golden State Warriors,25,37,L,10,21,0.476,0,6,0.0,5,5,1.0,4,5,9,2,0,1,5,6,-12,14,23,0.609,6,11,0.545,3,3,1.0,2,5,7,11,1,2,2,5,12
0022400800,2025-02-21,2024-25,regular_season,False,1610612761,TOR,Toronto Raptors,1610612748,MIA,Miami Heat,29,27,W,10,24,0.417,5,12,0.417,4,4,1.0,5,10,15,7,0,1,1,3,2,10,22,0.455,5,11,0.455,2,3,0.667,2,8,10,4,0,2,1,4,-2
0022400799,2025-02-21,2024-25,regular_season,False,1610612764,WAS,Washington Wizards,1610612749,MIL,Milwaukee Bucks,24,31,L,7,23,0.304,3,13,0.231,7,9,0.778,1,10,11,6,0,0,3,6,-7,12,22,0.545,3,10,0.3,4,6,0.667,1,12,13,10,2,1,2,5,7
0022400798,2025-02-21,2024-25,regular_season,False,1610612753,ORL,Orlando Magic,1610612763,MEM,Memphis Grizzlies,31,24,W,10,23,0.435,3,9,0.333,8,10,0.8,3,15,18,7,1,1,4,6,7,8,29,0.276,1,9,0.111,7,10,0.7,6,9,15,4,2,3,1,8,-7
0022400797,2025-02-21,2024-25,regular_season,False,1610612739,CLE,Cleveland Cavaliers,1610612752,NYK,New York Knicks,36,21,W,13,22,0.591,5,9,0.556,5,7,0.714,4,8,12,9,4,0,3,3,15,9,21,0.429,2,5,0.4,1,1,1.0,2,5,7,6,1,1,5,5,-15
0022400801,2025-02-21,2024-25,regular_season,False,1610612745,HOU,Houston Rockets,1610612750,MIN,Minnesota Timberwolves,20,29,L,8,23,0.348,3,8,0.375,1,3,0.333,4,11,15,3,1,1,7,3,-9,12,22,0.545,3,8,0.375,2,4,0.5,1,10,11,7,5,3,2,4,9
0022400806,2025-02-22,2024-25,regular_season,False,1610612741,CHI,Chicago Bulls,1610612756,PHX,Phoenix Suns,28,40,L,11,25,0.44,3,10,0.3,3,3,1.0,2,3,5,8,4,1,2,5,-12,16,21,0.762,3,5,0.6,5,6,0.833,2,11,13,11,1,2,5,3,12
0022400807,2025-02-22,2024-25,regular_season,False,1610612755,PHI,Philadelphia 76ers,1610612751,BKN,Brooklyn Nets,22,23,L,7,16,0.438,2,8,0.25,6,7,0.857,1,10,11,5,2,1,7,5,-1,8,23,0.348,3,14,0.214,4,5,0.8,2,7,9,7,7,3,4,6,1
0022400808,2025-02-22,2024-25,regular_season,False,1610612743,DEN,Denver Nuggets,1610612747,LAL,Los Angeles Lakers,23,25,L,7,19,0.368,3,7,0.429,6,6,1.0,2,12,14,6,0,0,7,4,-2,8,22,0.364,3,11,0.273,6,6,1.0,1,6,7,5,4,3,1,5,2
0022400809,2025-02-22,2024-25,regular_season,False,1610612762,UTA,Utah Jazz,1610612745,HOU,Houston Rockets,27,34,L,9,22,0.409,2,9,0.222,7,11,0.636,2,11,13,6,1,0,4,7,-7,15,31,0.484,2,9,0.222,2,5,0.4,4,11,15,8,2,0,1,6,7
0022400810,2025-02-22,2024-25,regular_season,False,1610612757,POR,Portland Trail Blazers,1610612766,CHA,Charlotte Hornets,35,19,W,13,24,0.542,6,13,0.462,3,5,0.6,3,13,16,7,2,1,3,5,16,7,27,0.259,1,11,0.091,4,5,0.8,5,9,14,3,0,3,3,4,-16
0022400819,2025-02-23,2024-25,regular_season,False,1610612739,CLE,Cleveland Cavaliers,1610612763,MEM,Memphis Grizzlies,29,27,W,10,23,0.435,2,11,0.182,7,11,0.636,4,7,11,5,2,2,3,5,2,10,21,0.476,2,7,0.286,5,9,0.556,4,7,11,6,1,1,5,8,-2
0022400818,2025-02-23,2024-25,regular_season,False,1610612740,NOP,New Orleans Pelicans,1610612759,SAS,San Antonio Spurs,14,23,L,6,20,0.3,2,7,0.286,0,4,0.0,4,13,17,5,1,0,6,4,-9,8,25,0.32,4,13,0.308,3,4,0.75,5,11,16,8,2,2,2,4,9
0022400817,2025-02-23,2024-25,regular_season,False,1610612749,MIL,Milwaukee Bucks,1610612748,MIA,Miami Heat,32,28,W,9,20,0.45,3,7,0.429,11,11,1.0,3,7,10,6,1,1,3,8,4,8,20,0.4,1,7,0.143,11,13,0.846,4,8,12,3,2,1,4,8,-4
0022400816,2025-02-23,2024-25,regular_season,False,1610612761,TOR,Toronto Raptors,1610612756,PHX,Phoenix Suns,38,27,W,14,21,0.667,5,7,0.714,5,8,0.625,1,11,12,11,3,0,4,6,11,11,21,0.524,0,4,0.0,5,7,0.714,1,7,8,6,4,0,4,5,-11
0022400820,2025-02-23,2024-25,regular_season,False,1610612750,MIN,Minnesota Timberwolves,1610612760,OKC,Oklahoma City Thunder,40,26,W,12,24,0.5,6,11,0.545,10,11,0.909,5,11,16,7,2,3,1,2,14,10,23,0.435,4,8,0.5,2,2,1.0,2,6,8,5,1,3,3,7,-14
0022400814,2025-02-23,2024-25,regular_season,False,1610612737,ATL,Atlanta Hawks,1610612765,DET,Detroit Pistons,38,43,L,13,26,0.5,6,15,0.4,6,9,0.667,2,7,9,7,1,1,1,4,-5,16,22,0.727,7,10,0.7,4,6,0.667,0,10,10,14,1,1,4,7,5
0022400813,2025-02-23,2024-25,regular_season,False,1610612754,IND,Indiana Pacers,1610612746,LAC,LA Clippers,35,31,W,12,24,0.5,3,10,0.3,8,8,1.0,3,10,13,6,1,2,2,7,4,12,25,0.48,2,10,0.2,5,6,0.833,0,8,8,7,1,1,1,5,-4
0022400812,2025-02-23,2024-25,regular_season,False,1610612744,GSW,Golden State Warriors,1610612742,DAL,Dallas Mavericks,28,26,W,10,25,0.4,2,9,0.222,6,6,1.0,7,7,14,6,3,1,4,2,2,10,22,0.455,4,11,0.364,2,2,1.0,3,7,10,6,4,3,4,5,-2
0022400811,2025-02-23,2024-25,regular_season,False,1610612738,BOS,Boston Celtics,1610612752,NYK,New York Knicks,26,24,W,11,24,0.458,3,9,0.333,1,1,1.0,5,7,12,4,2,3,4,5,2,8,22,0.364,3,8,0.375,5,5,1.0,2,8,10,3,2,0,4,4,-2
0022400815,2025-02-23,2024-25,regular_season,False,1610612753,ORL,Orlando Magic,1610612764,WAS,Washington Wizards,22,18,W,10,27,0.37,1,6,0.167,1,1,1.0,7,8,15,6,4,0,6,5,4,6,18,0.333,2,10,0.2,4,6,0.667,1,8,9,5,3,1,8,5,-4
0022400828,2025-02-24,2024-25,regular_season,False,1610612758,SAC,Sacramento Kings,1610612766,CHA,Charlotte Hornets,31,22,W,11,21,0.524,5,9,0.556,4,6,0.667,5,8,13,7,3,1,6,4,9,7,20,0.35,4,13,0.308,4,4,1.0,4,5,9,6,4,2,6,4,-9
0022400826,2025-02-24,2024-25,regular_season,False,1610612760,OKC,Oklahoma City Thunder,1610612750,MIN,Minnesota Timberwolves,32,17,W,12,24,0.5,4,10,0.4,4,4,1.0,3,12,15,7,2,1,2,5,15,6,19,0.316,1,9,0.111,4,6,0.667,0,8,8,5,1,1,4,5,-15
0022400825,2025-02-24,2024-25,regular_season,False,1610612737,ATL,Atlanta Hawks,1610612748,MIA,Miami Heat,27,20,W,12,23,0.522,3,10,0.3,0,0,0.0,1,14,15,8,1,0,3,4,7,8,25,0.32,2,12,0.167,2,3,0.667,2,10,12,4,2,1,2,0,-7
0022400827,2025-02-24,2024-25,regular_season,False,1610612762,UTA,Utah Jazz,1610612757,POR,Portland Trail Blazers,18,29,L,7,28,0.25,3,15,0.2,1,3,0.333,5,8,13,5,1,0,5,2,-11,13,23,0.565,3,7,0.429,0,0,0.0,1,14,15,8,3,4,4,3,11
0022400823,2025-02-24,2024-25,regular_season,False,1610612755,PHI,Philadelphia 76ers,1610612741,CHI,Chicago Bulls,28,36,L,11,25,0.44,3,10,0.3,3,3,1.0,3,7,10,7,3,0,4,3,-8,13,23,0.565,4,11,0.364,6,6,1.0,1,9,10,9,1,3,4,3,8
0022400822,2025-02-24,2024-25,regular_season,False,1610612754,IND,Indiana Pacers,1610612743,DEN,Denver Nuggets,30,28,W,10,19,0.526,3,10,0.3,7,8,0.875,1,7,8,8,6,1,6,4,2,12,24,0.5,2,6,0.333,2,4,0.5,5,6,11,6,2,1,7,7,-2
0022400821,2025-02-24,2024-25,regular_season,False,1610612765,DET,Detroit Pistons,1610612746,LAC,LA Clippers,28,32,L,7,18,0.389,3,8,0.375,11,15,0.733,1,5,6,5,3,1,4,5,-4,13,21,0.619,4,9,0.444,2,3,0.667,2,8,10,8,3,1,5,9,4
0022400824,2025-02-24,2024-25,regular_season,False,1610612764,WAS,Washington Wizards,1610612751,BKN,Brooklyn Nets,37,39,L,12,18,0.667,4,7,0.571,9,9,1.0,1,4,5,10,2,2,4,9,-2,13,22,0.591,4,5,0.8,9,9,1.0,4,5,9,8,1,2,3,9,2
0022400829,2025-02-25,2024-25,regular_season,False,1610612761,TOR,Toronto Raptors,1610612738,BOS,Boston Celtics,30,31,L,12,25,0.48,3,12,0.25,3,5,0.6,3,9,12,10,2,0,2,3,-1,13,26,0.5,4,15,0.267,1,1,1.0,2,10,12,7,2,0,3,4,1
0022400830,2025-02-25,2024-25,regular_season,False,1610612753,ORL,Orlando Magic,1610612739,CLE,Cleveland Cavaliers,27,23,W,12,22,0.545,3,6,0.5,0,2,0.0,3,7,10,8,0,2,2,3,4,8,16,0.5,5,7,0.714,2,4,0.5,0,6,6,4,0,1,2,3,-4
0022400831,2025-02-25,2024-25,regular_season,False,1610612745,HOU,Houston Rockets,1610612749,MIL,Milwaukee Bucks,27,34,L,11,23,0.478,3,7,0.429,2,3,0.667,2,8,10,3,0,1,5,2,-7,14,24,0.583,4,9,0.444,2,2,1.0,2,6,8,8,4,1,2,2,7
0022400832,2025-02-25,2024-25,regular_season,False,1610612763,MEM,Memphis Grizzlies,1610612756,PHX,Phoenix Suns,27,28,L,7,17,0.412,5,10,0.5,8,9,0.889,1,8,9,7,3,0,5,3,-1,12,24,0.5,4,11,0.364,0,0,0.0,3,9,12,9,1,2,4,6,1
0022400833,2025-02-25,2024-25,regular_season,False,1610612740,NOP,New Orleans Pelicans,1610612759,SAS,San Antonio Spurs,33,21,W,13,25,0.52,3,8,0.375,4,5,0.8,4,7,11,10,5,3,3,3,12,8,25,0.32,2,10,0.2,3,3,1.0,4,8,12,5,1,2,8,5,-12
0022400834,2025-02-25,2024-25,regular_season,False,1610612744,GSW,Golden State Warriors,1610612766,CHA,Charlotte Hornets,28,23,W,12,27,0.444,2,10,0.2,2,3,0.667,3,12,15,10,3,2,3,4,5,7,25,0.28,5,13,0.385,4,4,1.0,5,11,16,4,2,2,4,5,-5
0022400835,2025-02-25,2024-25,regular_season,False,1610612747,LAL,Los Angeles Lakers,1610612742,DAL,Dallas Mavericks,31,31,W,11,22,0.5,4,10,0.4,5,5,1.0,2,9,11,8,2,1,3,6,0,11,23,0.478,5,10,0.5,4,5,0.8,2,7,9,8,2,4,3,2,0
0022400841,2025-02-26,2024-25,regular_season,False,1610612748,MIA,Miami Heat,1610612737,ATL,Atlanta Hawks,36,37,L,13,23,0.565,7,11,0.636,3,4,0.75,3,5,8,11,2,0,3,6,-1,13,20,0.65,4,9,0.444,7,8,0.875,2,8,10,9,2,3,4,4,1
0022400844,2025-02-26,2024-25,regular_season,False,1610612745,HOU,Houston Rockets,1610612759,SAS,San Antonio Spurs,30,26,W,13,27,0.481,3,9,0.333,1,2,0.5,7,8,15,5,1,1,4,7,4,7,18,0.389,1,6,0.167,11,13,0.846,1,8,9,4,4,1,3,3,-4
0022400842,2025-02-26,2024-25,regular_season,False,1610612741,CHI,Chicago Bulls,1610612746,LAC,LA Clippers,34,28,W,15,24,0.625,2,9,0.222,2,3,0.667,2,8,10,13,4,0,2,2,6,12,20,0.6,4,8,0.5,0,2,0.0,0,8,8,10,1,1,5,3,-6
0022400840,2025-02-26,2024-25,regular_season,False,1610612751,BKN,Brooklyn Nets,1610612760,OKC,Oklahoma City Thunder,36,32,W,11,23,0.478,8,15,0.533,6,7,0.857,5,6,11,10,3,2,3,5,4,13,25,0.52,3,10,0.3,3,4,0.75,3,7,10,9,2,1,4,6,-4
0022400843,2025-02-26,2024-25,regular_season,False,1610612762,UTA,Utah Jazz,1610612758,SAC,Sacramento Kings,24,33,L,7,19,0.368,4,11,0.364,6,12,0.5,2,6,8,6,2,1,2,2,-9,13,24,0.542,5,9,0.556,2,2,1.0,3,11,14,6,1,2,3,7,9
0022400838,2025-02-26,2024-25,regular_season,False,1610612752,NYK,New York Knicks,1610612755,PHI,Philadelphia 76ers,28,24,W,12,20,0.6,1,4,0.25,3,5,0.6,0,9,9,6,2,0,3,6,4,8,20,0.4,2,9,0.222,6,8,0.75,2,9,11,6,2,2,4,2,-4
0022400836,2025-02-26,2024-25,regular_season,False,1610612765,DET,Detroit Pistons,1610612738,BOS,Boston Celtics,26,35,L,12,25,0.48,2,12,0.167,0,0,0.0,4,8,12,8,1,1,3,3,-9,12,21,0.571,11,16,0.688,0,3,0.0,1,9,10,10,2,0,3,0,9
0022400839,2025-02-26,2024-25,regular_season,False,1610612764,WAS,Washington Wizards,1610612757,POR,Portland Trail Blazers,27,21,W,10,23,0.435,3,11,0.273,4,5,0.8,1,11,12,6,3,5,5,4,6,7,27,0.259,1,8,0.125,6,6,1.0,4,9,13,4,4,1,5,7,-6
0022400837,2025-02-26,2024-25,regular_season,False,1610612754,IND,Indiana Pacers,1610612761,TOR,Toronto Raptors,25,17,W,11,23,0.478,1,8,0.125,2,2,1.0,2,10,12,5,0,3,2,3,8,6,20,0.3,3,8,0.375,2,4,0.5,3,7,10,5,1,0,4,3,-8
0022400845,2025-02-27,2024-25,regular_season,False,1610612753,ORL,Orlando Magic,1610612744,GSW,Golden State Warriors,32,29,W,13,25,0.52,3,8,0.375,3,4,0.75,5,6,11,8,5,0,5,5,3,9,18,0.5,4,10,0.4,7,7,1.0,2,6,8,4,3,2,6,4,-3
0022400846,2025-02-27,2024-25,regular_season,False,1610612749,MIL,Milwaukee Bucks,1610612743,DEN,Denver Nuggets,24,27,L,10,27,0.37,2,8,0.25,2,2,1.0,4,10,14,4,3,0,3,1,-3,12,26,0.462,3,7,0.429,0,0,0.0,4,13,17,6,2,1,5,2,3
0022400847,2025-02-27,2024-25,regular_season,False,1610612742,DAL,Dallas Mavericks,1610612766,CHA,Charlotte Hornets,25,25,W,11,29,0.379,3,13,0.231,0,0,0.0,5,9,14,5,4,1,2,4,0,10,24,0.417,3,7,0.429,2,5,0.4,4,12,16,8,0,1,5,1,0
0022400848,2025-02-27,2024-25,regular_season,False,1610612756,PHX,Phoenix Suns,1610612740,NOP,New Orleans Pelicans,32,26,W,13,26,0.5,6,14,0.429,0,0,0.0,3,13,16,9,0,3,0,3,6,10,26,0.385,4,9,0.444,2,3,0.667,2,10,12,5,0,2,0,2,-6
0022400849,2025-02-27,2024-25,regular_season,False,1610612747,LAL,Los Angeles Lakers,1610612750,MIN,Minnesota Timberwolves,25,30,L,8,20,0.4,4,11,0.364,5,8,0.625,2,8,10,6,1,0,1,5,-5,10,21,0.476,4,11,0.364,6,9,0.667,3,8,11,6,1,1,2,6,5
0022400859,2025-02-28,2024-25,regular_season,False,1610612747,LAL,Los Angeles Lakers,1610612746,LAC,LA Clippers,35,29,W,14,21,0.667,2,5,0.4,5,7,0.714,4,5,9,8,6,1,4,1,6,12,21,0.571,3,10,0.3,2,2,1.0,4,4,8,8,2,0,6,4,-6
0022400858,2025-02-28,2024-25,regular_season,False,1610612762,UTA,Utah Jazz,1610612750,MIN,Minnesota Timberwolves,18,27,L,8,23,0.348,0,8,0.0,2,2,1.0,4,11,15,3,1,1,4,2,-9,10,26,0.385,6,14,0.429,1,2,0.5,3,9,12,10,2,0,1,2,9
0022400857,2025-02-28,2024-25,regular_season,False,1610612756,PHX,Phoenix Suns,1610612740,NOP,New Orleans Pelicans,23,24,L,9,19,0.474,3,9,0.333,2,2,1.0,0,10,10,8,1,0,6,4,-1,10,26,0.385,2,7,0.286,2,3,0.667,6,5,11,8,4,0,3,3,1
0022400856,2025-02-28,2024-25,regular_season,False,1610612763,MEM,Memphis Grizzlies,1610612752,NYK,New York Knicks,27,31,L,10,24,0.417,2,11,0.182,5,6,0.833,6,8,14,6,1,2,5,4,-4,13,26,0.5,2,8,0.25,3,4,0.75,2,7,9,8,4,0,2,5,4
0022400855,2025-02-28,2024-25,regular_season,False,1610612741,CHI,Chicago Bulls,1610612761,TOR,Toronto Raptors,27,33,L,10,23,0.435,3,11,0.273,4,4,1.0,4,4,8,6,4,0,4,7,-6,10,17,0.588,4,8,0.5,9,12,0.75,2,8,10,7,1,1,4,4,6
0022400852,2025-02-28,2024-25,regular_season,False,1610612738,BOS,Boston Celtics,1610612739,CLE,Cleveland Cavaliers,36,38,L,14,23,0.609,7,12,0.583,1,1,1.0,0,6,6,6,2,0,3,4,-2,13,23,0.565,6,11,0.545,6,6,1.0,3,7,10,6,2,1,3,3,2
0022400853,2025-02-28,2024-25,regular_season,False,1610612751,BKN,Brooklyn Nets,1610612757,POR,Portland Trail Blazers,22,31,L,8,20,0.4,0,4,0.0,6,6,1.0,6,6,12,3,2,0,6,6,-9,12,19,0.632,5,11,0.455,2,5,0.4,1,5,6,9,3,0,4,5,9
0022400850,2025-02-28,2024-25,regular_season,False,1610612765,DET,Detroit Pistons,1610612743,DEN,Denver Nuggets,32,29,W,12,25,0.48,2,9,0.222,6,8,0.75,5,9,14,8,1,1,1,5,3,11,25,0.44,2,7,0.286,5,8,0.625,4,9,13,7,0,1,3,6,-3
0022400854,2025-02-28,2024-25,regular_season,False,1610612748,MIA,Miami Heat,1610612754,IND,Indiana Pacers,39,34,W,15,23,0.652,7,10,0.7,2,2,1.0,3,6,9,9,2,2,2,5,5,12,24,0.5,7,11,0.636,3,4,0.75,5,5,10,9,2,0,3,2,-5
0022400851,2025-02-28,2024-25,regular_season,False,1610612737,ATL,Atlanta Hawks,1610612760,OKC,Oklahoma City Thunder,41,31,W,13,22,0.591,6,10,0.6,9,12,0.75,4,7,11,11,3,3,2,2,10,12,24,0.5,5,12,0.417,2,2,1.0,2,5,7,8,1,0,4,7,-10
0022400865,2025-03-01,2024-25,regular_season,False,1610612742,DAL,Dallas Mavericks,1610612749,MIL,Milwaukee Bucks,27,40,L,9,24,0.375,2,11,0.182,7,7,1.0,3,5,8,4,1,0,2,5,-13,15,22,0.682,6,10,0.6,4,4,1.0,2,9,11,12,1,1,3,5,13
0022400864,2025-03-01,2024-25,regular_season,False,1610612755,PHI,Philadelphia 76ers,1610612744,GSW,Golden State Warriors,37,25,W,12,19,0.632,7,8,0.875,6,9,0.667,1,8,9,9,0,1,2,5,12,8,25,0.32,2,10,0.2,7,8,0.875,4,8,12,4,0,0,2,7,-12
0022400863,2025-03-01,2024-25,regular_season,False,1610612763,MEM,Memphis Grizzlies,1610612759,SAS,San Antonio Spurs,28,46,L,13,25,0.52,0,7,0.0,2,3,0.667,4,4,8,8,0,1,3,3,-18,19,28,0.679,7,11,0.636,1,3,0.333,5,8,13,14,2,0,0,3,18
0022400861,2025-03-01,2024-25,regular_season,False,1610612765,DET,Detroit Pistons,1610612751,BKN,Brooklyn Nets,29,23,W,8,18,0.444,2,7,0.286,11,12,0.917,1,11,12,8,3,4,6,9,6,7,26,0.269,1,10,0.1,8,10,0.8,5,7,12,4,2,2,6,8,-6
0022400860,2025-03-01,2024-25,regular_season,False,1610612766,CHA,Charlotte Hornets,1610612764,WAS,Washington Wizards,34,30,W,13,21,0.619,5,10,0.5,3,3,1.0,1,13,14,8,2,1,6,1,4,12,28,0.429,6,17,0.353,2,2,1.0,3,5,8,10,5,1,3,5,-4
0022400862,2025-03-01,2024-25,regular_season,False,1610612745,HOU,Houston Rockets,1610612758,SAC,Sacramento Kings,38,38,L,14,25,0.56,6,9,0.667,4,6,0.667,3,7,10,7,1,0,2,5,0,15,24,0.625,4,8,0.5,4,5,0.8,2,8,10,10,2,3,2,4,0
0022400873,2025-03-02,2024-25,regular_season,False,1610612756,PHX,Phoenix Suns,1610612750,MIN,Minnesota Timberwolves,17,21,L,4,20,0.2,1,9,0.111,8,8,1.0,3,14,17,4,1,3,4,5,-4,6,21,0.286,5,11,0.455,4,6,0.667,1,12,13,4,3,0,2,8,4
0022400872,2025-03-02,2024-25,regular_season,False,1610612762,UTA,Utah Jazz,1610612740,NOP,New Orleans Pelicans,31,36,L,12,22,0.545,5,11,0.455,2,3,0.667,1,6,7,9,2,1,3,3,-5,17,27,0.63,2,10,0.2,0,2,0.0,5,9,14,10,2,0,4,4,5
0022400871,2025-03-02,2024-25,regular_season,False,1610612759,SAS,San Antonio Spurs,1610612760,OKC,Oklahoma City Thunder,39,31,W,15,24,0.625,6,12,0.5,3,5,0.6,1,9,10,12,1,0,1,9,8,9,21,0.429,2,10,0.2,11,12,0.917,2,9,11,6,0,2,2,4,-8
0022400870,2025-03-02,2024-25,regular_season,False,1610612753,ORL,Orlando Magic,1610612761,TOR,Toronto Raptors,28,21,W,9,15,0.6,2,5,0.4,8,10,0.8,0,8,8,7,1,1,2,4,7,8,21,0.381,2,5,0.4,3,4,0.75,3,6,9,6,1,0,2,8,-7
0022400874,2025-03-02,2024-25,regular_season,False,1610612747,LAL,Los Angeles Lakers,1610612746,LAC,LA Clippers,22,15,W,7,20,0.35,4,14,0.286,4,4,1.0,3,11,14,5,2,0,2,3,7,6,20,0.3,2,8,0.25,1,1,1.0,0,10,10,3,1,0,3,5,-7
0022400868,2025-03-02,2024-25,regular_season,False,1610612754,IND,Indiana Pacers,1610612741,CHI,Chicago Bulls,34,36,L,14,24,0.583,6,14,0.429,0,3,0.0,2,6,8,6,1,0,2,4,-2,13,20,0.65,5,9,0.556,5,5,1.0,1,10,11,8,1,1,3,3,2
0022400867,2025-03-02,2024-25,regular_season,False,1610612739,CLE,Cleveland Cavaliers,1610612757,POR,Portland Trail Blazers,18,27,L,7,22,0.318,1,8,0.125,3,4,0.75,3,9,12,4,2,2,5,4,-9,9,24,0.375,3,13,0.231,6,6,1.0,3,9,12,4,4,0,4,3,9
0022400866,2025-03-02,2024-25,regular_season,False,1610612738,BOS,Boston Celtics,1610612743,DEN,Denver Nuggets,29,28,W,11,22,0.5,4,11,0.364,3,3,1.0,3,8,11,9,0,0,1,6,1,10,20,0.5,1,8,0.125,7,9,0.778,3,7,10,6,1,0,1,2,-1
0022400869,2025-03-02,2024-25,regular_season,False,1610612748,MIA,Miami Heat,1610612752,NYK,New York Knicks,35,23,W,13,18,0.722,4,6,0.667,5,5,1.0,0,8,8,9,0,2,2,5,12,8,24,0.333,2,12,0.167,5,6,0.833,3,5,8,5,1,1,2,6,-12
0022400875,2025-03-03,2024-25,regular_season,False,1610612766,CHA,Charlotte Hornets,1610612744,GSW,Golden State Warriors,28,30,L,10,21,0.476,3,12,0.25,5,7,0.714,1,10,11,4,1,2,7,4,-2,12,27,0.444,5,15,0.333,1,2,0.5,3,10,13,10,3,2,4,6,2
0022400876,2025-03-03,2024-25,regular_season,False,1610612755,PHI,Philadelphia 76ers,1610612757,POR,Portland Trail Blazers,29,27,W,12,28,0.429,4,11,0.364,1,2,0.5,4,10,14,8,3,1,1,4,2,11,22,0.5,2,9,0.222,3,4,0.75,2,11,13,6,1,1,4,1,-2
0022400877,2025-03-03,2024-25,regular_season,False,1610612748,MIA,Miami Heat,1610612764,WAS,Washington Wizards,23,12,W,10,23,0.435,3,10,0.3,0,0,0.0,1,16,17,7,2,1,2,4,11,3,23,0.13,0,9,0.0,6,6,1.0,3,11,14,1,1,0,3,2,-11
0022400878,2025-03-03,2024-25,regular_season,False,1610612763,MEM,Memphis Grizzlies,1610612737,ATL,Atlanta Hawks,31,42,L,10,25,0.4,3,9,0.333,8,9,0.889,4,4,8,9,2,1,6,4,-11,18,27,0.667,4,6,0.667,2,2,1.0,3,6,9,11,3,5,3,8,11
0022400879,2025-03-03,2024-25,regular_season,False,1610612760,OKC,Oklahoma City Thunder,1610612745,HOU,Houston Rockets,33,31,W,12,29,0.414,4,8,0.5,5,6,0.833,7,5,12,6,6,1,0,3,2,13,20,0.65,3,7,0.429,2,2,1.0,1,10,11,5,0,4,7,4,-2
0022400880,2025-03-03,2024-25,regular_season,False,1610612742,DAL,Dallas Mavericks,1610612758,SAC,Sacramento Kings,26,33,L,10,22,0.455,4,9,0.444,2,2,1.0,2,6,8,8,2,0,6,7,-7,11,21,0.524,3,5,0.6,8,8,1.0,1,8,9,6,0,1,2,2,7
0022400881,2025-03-03,2024-25,regular_season,False,1610612762,UTA,Utah Jazz,1610612765,DET,Detroit Pistons,25,31,L,7,21,0.333,2,7,0.286,9,10,0.9,6,9,15,1,0,0,7,2,-6,13,25,0.52,3,13,0.231,2,4,0.5,3,5,8,8,6,1,1,7,6
0022400888,2025-03-04,2024-25,regular_season,False,1610612759,SAS,San Antonio Spurs,1610612751,BKN,Brooklyn Nets,31,32,L,13,25,0.52,3,8,0.375,2,3,0.667,5,5,10,10,3,3,6,3,-1,12,22,0.545,5,9,0.556,3,4,0.75,4,7,11,11,4,0,4,5,1
0022400890,2025-03-04,2024-25,regular_season,False,1610612747,LAL,Los Angeles Lakers,1610612740,NOP,New Orleans Pelicans,33,36,L,12,25,0.48,3,15,0.2,6,6,1.0,5,8,13,10,2,1,4,3,-3,15,26,0.577,4,12,0.333,2,4,0.5,3,8,11,9,4,1,2,5,3
0022400889,2025-03-04,2024-25,regular_season,False,1610612756,PHX,Phoenix Suns,1610612746,LAC,LA Clippers,19,41,L,7,22,0.318,2,12,0.167,3,3,1.0,1,5,6,5,1,0,3,4,-22,17,22,0.773,4,7,0.571,3,3,1.0,0,12,12,10,3,0,1,2,22
0022400887,2025-03-04,2024-25,regular_season,False,1610612750,MIN,Minnesota Timberwolves,1610612755,PHI,Philadelphia 76ers,33,31,W,13,26,0.5,6,14,0.429,1,1,1.0,3,7,10,6,2,4,4,2,2,14,26,0.538,2,7,0.286,1,2,0.5,3,9,12,6,2,1,3,2,-2
0022400882,2025-03-04,2024-25,regular_season,False,1610612754,IND,Indiana Pacers,1610612745,HOU,Houston Rockets,37,27,W,14,23,0.609,5,10,0.5,4,4,1.0,1,10,11,9,2,1,2,4,10,11,26,0.423,3,7,0.429,2,6,0.333,5,8,13,6,1,0,2,3,-10
0022400885,2025-03-04,2024-25,regular_season,False,1610612752,NYK,New York Knicks,1610612744,GSW,Golden State Warriors,29,22,W,10,20,0.5,2,8,0.25,7,9,0.778,2,8,10,5,2,0,1,4,7,9,24,0.375,2,11,0.182,2,2,1.0,3,7,10,5,0,1,3,5,-7
0022400883,2025-03-04,2024-25,regular_season,False,1610612753,ORL,Orlando Magic,1610612761,TOR,Toronto Raptors,32,27,W,13,20,0.65,6,9,0.667,0,0,0.0,0,6,6,11,4,0,4,7,5,10,19,0.526,4,6,0.667,3,5,0.6,3,6,9,7,1,1,5,4,-5
0022400886,2025-03-04,2024-25,regular_season,False,1610612741,CHI,Chicago Bulls,1610612739,CLE,Cleveland Cavaliers,29,33,L,11,26,0.423,5,13,0.385,2,2,1.0,0,11,11,9,1,1,0,2,-4,12,22,0.545,6,11,0.545,3,4,0.75,0,13,13,6,0,1,2,4,4
0022400884,2025-03-04,2024-25,regular_season,False,1610612737,ATL,Atlanta Hawks,1610612749,MIL,Milwaukee Bucks,33,29,W,14,30,0.467,4,9,0.444,1,3,0.333,6,9,15,10,3,1,3,5,4,11,22,0.5,2,8,0.25,5,7,0.714,1,11,12,7,3,0,4,2,-4
0022400891,2025-03-05,2024-25,regular_season,False,1610612738,BOS,Boston Celtics,1610612757,POR,Portland Trail Blazers,35,29,W,13,26,0.5,7,16,0.438,2,3,0.667,6,8,14,9,1,0,3,4,6,12,21,0.571,4,8,0.5,1,4,0.25,2,7,9,5,1,0,3,3,-6
0022400892,2025-03-05,2024-25,regular_season,False,1610612766,CHA,Charlotte Hornets,1610612750,MIN,Minnesota Timberwolves,30,26,W,9,19,0.474,5,7,0.714,7,7,1.0,6,11,17,7,1,1,8,5,4,9,21,0.429,5,12,0.417,3,4,0.75,1,3,4,5,5,1,1,8,-4
0022400893,2025-03-05,2024-25,regular_season,False,1610612739,CLE,Cleveland Cavaliers,1610612748,MIA,Miami Heat,27,27,W,11,26,0.423,2,12,0.167,3,5,0.6,4,11,15,6,3,2,3,6,0,9,21,0.429,2,9,0.222,7,8,0.875,1,11,12,8,3,1,4,6,0
0022400894,2025-03-05,2024-25,regular_season,False,1610612764,WAS,Washington Wizards,1610612762,UTA,Utah Jazz,30,23,W,12,26,0.462,6,15,0.4,0,0,0.0,1,11,12,10,1,2,1,6,7,9,22,0.409,1,9,0.111,4,5,0.8,2,12,14,3,0,0,3,0,-7
0022400895,2025-03-05,2024-25,regular_season,False,1610612763,MEM,Memphis Grizzlies,1610612760,OKC,Oklahoma City Thunder,27,31,L,8,21,0.381,3,10,0.3,8,8,1.0,2,11,13,2,2,0,3,5,-4,9,22,0.409,5,11,0.455,8,9,0.889,2,11,13,9,2,1,3,7,4
0022400896,2025-03-05,2024-25,regular_season,False,1610612743,DEN,Denver Nuggets,1610612758,SAC,Sacramento Kings,26,23,W,6,18,0.333,3,9,0.333,11,12,0.917,1,8,9,3,1,3,4,1,3,11,26,0.423,0,1,0.0,1,1,1.0,5,9,14,4,3,3,5,7,-3
0022400897,2025-03-05,2024-25,regular_season,False,1610612749,MIL,Milwaukee Bucks,1610612742,DAL,Dallas Mavericks,29,23,W,10,19,0.526,2,7,0.286,7,7,1.0,2,13,15,5,1,3,6,4,6,10,24,0.417,2,9,0.222,3,6,0.5,0,7,7,6,4,0,3,4,-6
0022400898,2025-03-05,2024-25,regular_season,False,1610612746,LAC,LA Clippers,1610612765,DET,Detroit Pistons,25,31,L,10,18,0.556,0,2,0.0,5,6,0.833,1,6,7,1,1,2,4,5,-6,13,22,0.591,1,7,0.143,4,8,0.5,1,6,7,8,3,0,2,5,6
0022400899,2025-03-06,2024-25,regular_season,False,1610612737,ATL,Atlanta Hawks,1610612754,IND,Indiana Pacers,35,32,W,15,27,0.556,4,9,0.444,1,2,0.5,4,6,10,6,1,1,2,5,3,12,23,0.522,3,8,0.375,5,5,1.0,3,8,11,8,2,4,4,5,-3
0022400900,2025-03-06,2024-25,regular_season,False,1610612738,BOS,Boston Celtics,1610612755,PHI,Philadelphia 76ers,29,22,W,11,29,0.379,6,16,0.375,1,2,0.5,11,6,17,8,2,1,2,4,7,8,26,0.308,3,10,0.3,3,3,1.0,9,7,16,5,1,2,6,4,-7
0022400901,2025-03-06,2024-25,regular_season,False,1610612751,BKN,Brooklyn Nets,1610612744,GSW,Golden State Warriors,25,40,L,9,22,0.409,5,8,0.625,2,2,1.0,1,5,6,6,1,1,1,7,-15,13,23,0.565,6,10,0.6,8,9,0.889,5,11,16,11,0,2,2,2,15
0022400902,2025-03-06,2024-25,regular_season,False,1610612740,NOP,New Orleans Pelicans,1610612745,HOU,Houston Rockets,25,25,L,7,18,0.389,3,10,0.3,8,10,0.8,2,6,8,3,5,2,5,2,0,11,21,0.524,3,10,0.3,0,2,0.0,2,10,12,9,4,1,7,7,0
0022400903,2025-03-06,2024-25,regular_season,False,1610612747,LAL,Los Angeles Lakers,1610612752,NYK,New York Knicks,20,33,L,7,21,0.333,0,8,0.0,6,8,0.75,2,8,10,4,3,2,5,5,-13,10,24,0.417,7,16,0.438,6,7,0.857,3,8,11,9,5,0,4,5,13
0022400944,2025-03-06,2024-25,regular_season,False,1610612753,ORL,Orlando Magic,1610612741,CHI,Chicago Bulls,31,36,L,9,22,0.409,2,7,0.286,11,11,1.0,3,8,11,5,3,1,4,5,-5,12,23,0.522,5,11,0.455,7,8,0.875,3,8,11,6,2,2,4,7,5
0022400910,2025-03-07,2024-25,regular_season,False,1610612758,SAC,Sacramento Kings,1610612759,SAS,San Antonio Spurs,36,16,W,15,27,0.556,6,13,0.462,0,0,0.0,7,10,17,9,2,0,1,2,20,6,18,0.333,3,9,0.333,1,4,0.25,2,3,5,3,1,0,3,2,-20
0022400906,2025-03-07,2024-25,regular_season,False,1610612742,DAL,Dallas Mavericks,1610612763,MEM,Memphis Grizzlies,22,28,L,5,25,0.2,2,10,0.2,10,10,1.0,3,12,15,2,1,2,2,4,-6,12,29,0.414,3,6,0.5,1,2,0.5,5,13,18,6,1,5,1,6,6
0022400911,2025-03-07,2024-25,regular_season,False,1610612746,LAC,LA Clippers,1610612752,NYK,New York Knicks,29,29,W,9,22,0.409,6,9,0.667,5,5,1.0,1,7,8,7,1,2,4,5,0,10,20,0.5,3,6,0.5,6,6,1.0,1,10,11,6,1,3,4,2,0
0022400909,2025-03-07,2024-25,regular_season,False,1610612743,DEN,Denver Nuggets,1610612756,PHX,Phoenix Suns,31,28,W,12,20,0.6,6,9,0.667,1,2,0.5,0,5,5,11,2,0,1,3,3,10,18,0.556,3,7,0.429,5,5,1.0,1,8,9,6,1,0,3,2,-3
0022400904,2025-03-07,2024-25,regular_season,False,1610612766,CHA,Charlotte Hornets,1610612739,CLE,Cleveland Cavaliers,25,36,L,10,22,0.455,2,8,0.25,3,5,0.6,3,7,10,6,2,0,3,4,-11,12,20,0.6,5,10,0.5,7,8,0.875,2,9,11,5,2,1,3,4,11
0022400907,2025-03-07,2024-25,regular_season,False,1610612748,MIA,Miami Heat,1610612750,MIN,Minnesota Timberwolves,27,19,W,11,21,0.524,4,7,0.571,1,1,1.0,0,12,12,7,1,1,5,2,8,8,23,0.348,2,13,0.154,1,2,0.5,3,7,10,6,4,1,4,2,-8
0022400905,2025-03-07,2024-25,regular_season,False,1610612761,TOR,Toronto Raptors,1610612762,UTA,Utah Jazz,29,19,W,9,27,0.333,3,12,0.25,8,8,1.0,7,11,18,6,3,3,3,10,10,5,24,0.208,1,10,0.1,8,16,0.5,10,10,20,3,2,4,5,4,-10
0022400908,2025-03-07,2024-25,regular_season,False,1610612760,OKC,Oklahoma City Thunder,1610612757,POR,Portland Trail Blazers,34,21,W,12,20,0.6,3,7,0.429,7,9,0.778,0,10,10,6,5,0,4,4,13,8,22,0.364,1,12,0.083,4,6,0.667,2,8,10,1,2,0,7,7,-13
0022400912,2025-03-08,2024-25,regular_season,False,1610612766,CHA,Charlotte Hornets,1610612751,BKN,Brooklyn Nets,17,30,L,8,30,0.267,0,9,0.0,1,2,0.5,8,6,14,3,0,0,3,5,-13,12,20,0.6,3,11,0.273,3,4,0.75,2,13,15,5,1,4,3,4,13
0022400913,2025-03-08,2024-25,regular_season,False,1610612745,HOU,Houston Rockets,1610612740,NOP,New Orleans Pelicans,35,30,W,14,23,0.609,5,12,0.417,2,2,1.0,2,9,11,7,2,3,2,3,5,11,25,0.44,5,10,0.5,3,3,1.0,4,7,11,7,1,0,2,3,-5
0022400914,2025-03-08,2024-25,regular_season,False,1610612737,ATL,Atlanta Hawks,1610612754,IND,Indiana Pacers,30,33,L,12,22,0.545,2,7,0.286,4,4,1.0,3,6,9,4,1,3,3,5,-3,11,25,0.44,4,13,0.308,7,7,1.0,6,6,12,9,1,1,3,4,3
0022400915,2025-03-08,2024-25,regular_season,False,1610612761,TOR,Toronto Raptors,1610612764,WAS,Washington Wizards,26,36,L,10,25,0.4,2,4,0.5,4,4,1.0,5,5,10,5,4,1,3,7,-10,11,26,0.423,3,8,0.375,11,13,0.846,8,10,18,6,3,2,4,2,10
0022400916,2025-03-08,2024-25,regular_season,False,1610612748,MIA,Miami Heat,1610612741,CHI,Chicago Bulls,19,24,L,8,25,0.32,3,14,0.214,0,2,0.0,2,9,11,7,2,1,3,4,-5,8,20,0.4,1,7,0.143,7,8,0.875,0,14,14,5,1,0,2,1,5
0022400917,2025-03-08,2024-25,regular_season,False,1610612749,MIL,Milwaukee Bucks,1610612753,ORL,Orlando Magic,27,26,W,10,15,0.667,2,2,1.0,5,10,0.5,0,9,9,4,3,2,5,7,1,10,21,0.476,0,7,0.0,6,8,0.75,1,6,7,6,4,1,4,9,-1
0022400918,2025-03-08,2024-25,regular_season,False,1610612738,BOS,Boston Celtics,1610612747,LAL,Los Angeles Lakers,25,21,W,10,24,0.417,3,13,0.231,2,4,0.5,5,8,13,4,2,1,2,3,4,8,21,0.381,2,8,0.25,3,6,0.5,4,10,14,4,1,0,4,4,-4
0022400919,2025-03-08,2024-25,regular_season,False,1610612744,GSW,Golden State Warriors,1610612765,DET,Detroit Pistons,29,34,L,7,20,0.35,3,10,0.3,12,14,0.857,4,6,10,6,4,0,5,8,-5,12,24,0.5,1,7,0.143,9,11,0.818,5,9,14,6,3,0,4,9,5
0022400924,2025-03-09,2024-25,regular_season,False,1610612755,PHI,Philadelphia 76ers,1610612762,UTA,Utah Jazz,38,26,W,12,22,0.545,5,13,0.385,9,9,1.0,1,10,11,8,6,1,6,5,12,9,23,0.391,2,11,0.182,6,6,1.0,3,6,9,5,3,0,6,6,-12
0022400926,2025-03-09,2024-25,regular_season,False,1610612757,POR,Portland Trail Blazers,1610612765,DET,Detroit Pistons,30,33,L,10,27,0.37,6,17,0.353,4,6,0.667,3,9,12,7,1,2,3,7,-3,11,23,0.478,1,8,0.125,10,10,1.0,3,12,15,7,1,2,2,6,3
0022400925,2025-03-09,2024-25,regular_season,False,1610612750,MIN,Minnesota Timberwolves,1610612759,SAS,San Antonio Spurs,31,31,W,12,21,0.571,7,15,0.467,0,0,0.0,3,4,7,11,1,1,4,4,0,12,17,0.706,4,6,0.667,3,6,0.5,1,6,7,7,3,0,3,2,0
0022400927,2025-03-09,2024-25,regular_season,False,1610612746,LAC,LA Clippers,1610612758,SAC,Sacramento Kings,31,26,W,13,21,0.619,2,6,0.333,3,6,0.5,1,9,10,7,0,1,1,6,5,8,21,0.381,3,7,0.429,7,8,0.875,3,9,12,6,1,0,1,4,-5
0022400923,2025-03-09,2024-25,regular_season,False,1610612740,NOP,New Orleans Pelicans,1610612763,MEM,Memphis Grizzlies,37,31,W,13,24,0.542,7,11,0.636,4,5,0.8,4,8,12,8,1,1,3,3,6,12,24,0.5,4,13,0.308,3,4,0.75,3,6,9,7,2,1,2,5,-6
0022400921,2025-03-09,2024-25,regular_season,False,1610612742,DAL,Dallas Mavericks,1610612756,PHX,Phoenix Suns,30,28,W,11,21,0.524,3,9,0.333,5,7,0.714,1,6,7,9,3,1,1,4,2,10,19,0.526,2,6,0.333,6,6,1.0,1,9,10,7,0,1,4,4,-2
0022400920,2025-03-09,2024-25,regular_season,False,1610612760,OKC,Oklahoma City Thunder,1610612743,DEN,Denver Nuggets,33,31,W,13,27,0.481,3,9,0.333,4,4,1.0,2,12,14,7,1,4,1,5,2,11,25,0.44,4,9,0.444,5,9,0.556,4,10,14,7,1,3,2,4,-2
0022400922,2025-03-09,2024-25,regular_season,False,1610612749,MIL,Milwaukee Bucks,1610612739,CLE,Cleveland Cavaliers,20,28,L,8,19,0.421,2,7,0.286,2,3,0.667,2,9,11,4,1,1,6,5,-8,9,24,0.375,5,16,0.312,5,7,0.714,6,9,15,6,3,0,2,1,8
0022400928,2025-03-10,2024-25,regular_season,False,1610612737,ATL,Atlanta Hawks,1610612755,PHI,Philadelphia 76ers,33,26,W,14,26,0.538,2,8,0.25,3,3,1.0,6,9,15,7,1,2,4,5,7,10,22,0.455,1,9,0.111,5,8,0.625,3,5,8,5,3,0,3,4,-7
0022400929,2025-03-10,2024-25,regular_season,False,1610612738,BOS,Boston Celtics,1610612762,UTA,Utah Jazz,28,23,W,11,26,0.423,5,15,0.333,1,1,1.0,5,11,16,6,1,1,3,2,5,10,22,0.455,2,9,0.222,1,2,0.5,0,8,8,7,1,3,1,1,-5
0022400930,2025-03-10,2024-25,regular_season,False,1610612751,BKN,Brooklyn Nets,1610612747,LAL,Los Angeles Lakers,32,19,W,10,27,0.37,5,11,0.455,7,10,0.7,8,11,19,6,3,2,1,3,13,7,21,0.333,5,12,0.417,0,0,0.0,1,7,8,7,0,2,5,7,-13
0022400931,2025-03-10,2024-25,regular_season,False,1610612748,MIA,Miami Heat,1610612766,CHA,Charlotte Hornets,24,31,L,9,23,0.391,3,6,0.5,3,3,1.0,3,6,9,6,2,0,3,5,-7,11,21,0.524,3,9,0.333,6,6,1.0,3,7,10,9,1,4,2,3,7
0022400932,2025-03-10,2024-25,regular_season,False,1610612761,TOR,Toronto Raptors,1610612764,WAS,Washington Wizards,26,27,L,8,33,0.242,4,16,0.25,6,8,0.75,11,10,21,5,1,0,1,3,-1,10,25,0.4,5,17,0.294,2,3,0.667,2,15,17,7,1,4,2,5,1
0022400933,2025-03-10,2024-25,regular_season,False,1610612741,CHI,Chicago Bulls,1610612754,IND,Indiana Pacers,40,21,W,16,24,0.667,4,10,0.4,4,4,1.0,3,11,14,8,1,2,5,3,19,8,23,0.348,4,9,0.444,1,2,0.5,2,3,5,7,4,0,3,5,-19
0022400934,2025-03-10,2024-25,regular_season,False,1610612745,HOU,Houston Rockets,1610612753,ORL,Orlando Magic,28,27,W,10,23,0.435,3,7,0.429,5,7,0.714,8,9,17,3,1,0,5,4,1,9,20,0.45,3,12,0.25,6,7,0.857,2,5,7,5,3,1,2,5,-1
0022400935,2025-03-10,2024-25,regular_season,False,1610612763,MEM,Memphis Grizzlies,1610612756,PHX,Phoenix Suns,31,25,W,12,25,0.48,5,15,0.333,2,2,1.0,4,7,11,6,4,2,2,9,6,7,16,0.438,3,6,0.5,8,10,0.8,2,8,10,5,1,0,5,5,-6
0022400936,2025-03-10,2024-25,regular_season,False,1610612760,OKC,Oklahoma City Thunder,1610612743,DEN,Denver Nuggets,41,33,W,15,27,0.556,8,10,0.8,3,5,0.6,5,6,11,10,2,1,3,5,8,13,21,0.619,3,8,0.375,4,5,0.8,1,7,8,8,2,3,4,7,-8
0022400937,2025-03-10,2024-25,regular_season,False,1610612759,SAS,San Antonio Spurs,1610612742,DAL,Dallas Mavericks,29,32,L,11,21,0.524,4,8,0.5,3,5,0.6,0,7,7,6,1,1,1,6,-3,11,21,0.524,2,7,0.286,8,9,0.889,3,9,12,5,1,1,3,2,3
0022400938,2025-03-10,2024-25,regular_season,False,1610612744,GSW,Golden State Warriors,1610612757,POR,Portland Trail Blazers,33,22,W,11,20,0.55,6,12,0.5,5,6,0.833,3,8,11,8,6,3,5,5,11,8,21,0.381,2,8,0.25,4,4,1.0,2,7,9,4,2,0,6,4,-11
0022400939,2025-03-10,2024-25,regular_season,False,1610612758,SAC,Sacramento Kings,1610612752,NYK,New York Knicks,29,29,L,10,18,0.556,2,6,0.333,7,10,0.7,3,8,11,4,1,1,5,5,0,11,22,0.5,3,10,0.3,4,6,0.667,1,6,7,10,5,0,2,8,0
0022400942,2025-03-11,2024-25,regular_season,False,1610612754,IND,Indiana Pacers,1610612749,MIL,Milwaukee Bucks,25,27,L,10,22,0.455,5,13,0.385,0,0,0.0,1,10,11,8,3,1,5,6,-2,9,18,0.5,3,8,0.375,6,8,0.75,0,10,10,7,3,1,5,3,2
0022400943,2025-03-11,2024-25,regular_season,False,1610612740,NOP,New Orleans Pelicans,1610612746,LAC,LA Clippers,33,30,W,12,23,0.522,5,10,0.5,4,6,0.667,4,8,12,10,3,1,3,3,3,10,23,0.435,5,10,0.5,5,6,0.833,5,6,11,9,3,3,3,5,-3
0022400940,2025-03-11,2024-25,regular_season,False,1610612739,CLE,Cleveland Cavaliers,1610612751,BKN,Brooklyn Nets,24,34,L,9,23,0.391,3,12,0.25,3,3,1.0,0,9,9,6,1,1,5,2,-10,13,25,0.52,6,11,0.545,2,4,0.5,4,9,13,10,3,1,2,5,10
0022400941,2025-03-11,2024-25,regular_season,False,1610612765,DET,Detroit Pistons,1610612764,WAS,Washington Wizards,31,28,W,11,25,0.44,3,10,0.3,6,8,0.75,3,10,13,8,0,1,1,5,3,10,24,0.417,4,9,0.444,4,6,0.667,4,10,14,4,1,1,2,7,-3
0022400953,2025-03-12,2024-25,regular_season,False,1610612757,POR,Portland Trail Blazers,1610612752,NYK,New York Knicks,25,22,W,9,19,0.474,5,11,0.455,2,2,1.0,2,7,9,3,2,3,7,5,3,8,20,0.4,1,5,0.2,5,6,0.833,2,6,8,6,4,0,4,2,-3
0022400951,2025-03-12,2024-25,regular_season,False,1610612759,SAS,San Antonio Spurs,1610612742,DAL,Dallas Mavericks,44,34,W,16,27,0.593,6,10,0.6,6,6,1.0,5,6,11,9,2,1,2,4,10,13,19,0.684,6,10,0.6,2,2,1.0,0,6,6,11,2,0,6,3,-10
0022400950,2025-03-12,2024-25,regular_season,False,1610612763,MEM,Memphis Grizzlies,1610612762,UTA,Utah Jazz,34,26,W,14,25,0.56,4,8,0.5,2,3,0.667,2,12,14,8,3,1,3,5,8,9,24,0.375,3,12,0.25,5,9,0.556,4,9,13,5,3,2,4,2,-8
0022400949,2025-03-12,2024-25,regular_season,False,1610612745,HOU,Houston Rockets,1610612756,PHX,Phoenix Suns,25,25,W,9,25,0.36,3,14,0.214,4,4,1.0,5,6,11,6,4,1,3,5,0,10,18,0.556,3,8,0.375,2,3,0.667,1,9,10,5,2,2,5,4,0
0022400952,2025-03-12,2024-25,regular_season,False,1610612743,DEN,Denver Nuggets,1610612750,MIN,Minnesota Timberwolves,22,23,L,10,21,0.476,1,5,0.2,1,3,0.333,2,8,10,7,2,3,4,5,-1,7,19,0.368,2,7,0.286,7,9,0.778,3,9,12,5,2,2,5,2,1
0022400947,2025-03-12,2024-25,regular_season,False,1610612761,TOR,Toronto Raptors,1610612755,PHI,Philadelphia 76ers,40,32,W,14,24,0.583,8,12,0.667,4,6,0.667,1,9,10,12,3,3,5,3,8,12,25,0.48,2,8,0.25,6,6,1.0,2,8,10,4,5,4,4,7,-8
0022400946,2025-03-12,2024-25,regular_season,False,1610612738,BOS,Boston Celtics,1610612760,OKC,Oklahoma City Thunder,30,30,L,12,24,0.5,6,14,0.429,0,0,0.0,2,4,6,8,4,0,3,5,0,11,21,0.524,3,11,0.273,5,7,0.714,2,10,12,8,2,0,4,4,0
0022400945,2025-03-12,2024-25,regular_season,False,1610612737,ATL,Atlanta Hawks,1610612766,CHA,Charlotte Hornets,22,20,W,8,25,0.32,3,10,0.3,3,3,1.0,4,9,13,6,1,1,3,4,2,7,19,0.368,3,6,0.5,3,4,0.75,1,12,13,6,1,2,5,2,-2
0022400948,2025-03-12,2024-25,regular_season,False,1610612748,MIA,Miami Heat,1610612746,LAC,LA Clippers,32,27,W,12,22,0.545,5,9,0.556,3,3,1.0,1,6,7,8,6,1,3,3,5,11,17,0.647,2,4,0.5,3,4,0.75,1,8,9,5,2,0,7,3,-5
0022400954,2025-03-13,2024-25,regular_season,False,1610612765,DET,Detroit Pistons,1610612764,WAS,Washington Wizards,31,38,L,8,22,0.364,2,7,0.286,13,14,0.929,1,6,7,6,3,1,3,7,-7,12,19,0.632,5,7,0.714,9,11,0.818,2,11,13,6,3,0,7,9,7
0022400955,2025-03-13,2024-25,regular_season,False,1610612749,MIL,Milwaukee Bucks,1610612747,LAL,Los Angeles Lakers,38,34,W,12,22,0.545,7,15,0.467,7,7,1.0,2,5,7,11,3,1,3,5,4,14,23,0.609,3,8,0.375,3,3,1.0,1,8,9,6,1,0,3,3,-4
0022400956,2025-03-13,2024-25,regular_season,False,1610612741,CHI,Chicago Bulls,1610612751,BKN,Brooklyn Nets,31,35,L,12,21,0.571,5,11,0.455,2,2,1.0,0,4,4,7,4,0,4,5,-4,12,20,0.6,3,5,0.6,8,8,1.0,4,9,13,10,2,1,5,5,4
0022400957,2025-03-13,2024-25,regular_season,False,1610612744,GSW,Golden State Warriors,1610612758,SAC,Sacramento Kings,31,33,L,8,14,0.571,5,8,0.625,10,12,0.833,0,10,10,6,1,2,6,6,-2,12,25,0.48,6,13,0.462,3,4,0.75,2,7,9,7,4,1,3,6,2
0022401141,2025-03-13,2024-25,regular_season,False,1610612740,NOP,New Orleans Pelicans,1610612753,ORL,Orlando Magic,15,36,L,5,18,0.278,0,7,0.0,5,7,0.714,4,6,10,5,0,0,5,6,-21,13,19,0.684,4,8,0.5,6,9,0.667,2,8,10,9,2,2,0,6,21
0022400967,2025-03-14,2024-25,regular_season,False,1610612756,PHX,Phoenix Suns,1610612758,SAC,Sacramento Kings,26,35,L,9,17,0.529,6,9,0.667,2,5,0.4,0,4,4,7,3,1,4,7,-9,13,23,0.565,1,7,0.143,8,10,0.8,5,9,14,7,3,0,3,3,9
0022400966,2025-03-14,2024-25,regular_season,False,1610612762,UTA,Utah Jazz,1610612761,TOR,Toronto Raptors,32,23,W,10,21,0.476,4,8,0.5,8,10,0.8,1,8,9,6,3,1,4,5,9,8,21,0.381,2,6,0.333,5,6,0.833,2,8,10,5,3,1,5,9,-9
0022400965,2025-03-14,2024-25,regular_season,False,1610612743,DEN,Denver Nuggets,1610612747,LAL,Los Angeles Lakers,39,27,W,10,19,0.526,3,4,0.75,16,17,0.941,2,8,10,9,1,1,2,5,12,10,25,0.4,3,10,0.3,4,5,0.8,5,3,8,6,2,1,3,9,-12
0022400963,2025-03-14,2024-25,regular_season,False,1610612750,MIN,Minnesota Timberwolves,1610612753,ORL,Orlando Magic,29,28,W,10,20,0.5,5,10,0.5,4,6,0.667,1,11,12,8,2,1,3,3,1,10,22,0.455,6,10,0.6,2,3,0.667,2,8,10,7,2,0,2,3,-1
0022400964,2025-03-14,2024-25,regular_season,False,1610612759,SAS,San Antonio Spurs,1610612766,CHA,Charlotte Hornets,29,44,L,11,21,0.524,3,7,0.429,4,6,0.667,2,3,5,3,2,2,3,3,-15,15,25,0.6,10,14,0.714,4,4,1.0,3,8,11,13,1,0,3,4,15
0022400961,2025-03-14,2024-25,regular_season,False,1610612745,HOU,Houston Rockets,1610612742,DAL,Dallas Mavericks,35,24,W,15,27,0.556,3,8,0.375,2,3,0.667,5,12,17,6,1,0,1,5,11,9,20,0.45,1,1,1.0,5,6,0.833,0,5,5,3,0,2,2,3,-11
0022400960,2025-03-14,2024-25,regular_season,False,1610612737,ATL,Atlanta Hawks,1610612746,LAC,LA Clippers,35,29,W,12,20,0.6,5,11,0.455,6,6,1.0,1,9,10,10,3,2,3,4,6,11,21,0.524,4,7,0.571,3,3,1.0,0,7,7,7,3,1,5,4,-6
0022400959,2025-03-14,2024-25,regular_season,False,1610612755,PHI,Philadelphia 76ers,1610612754,IND,Indiana Pacers,25,29,L,8,20,0.4,2,7,0.286,7,9,0.778,4,7,11,2,3,5,6,5,-4,10,27,0.37,3,10,0.3,6,6,1.0,7,6,13,6,4,1,4,6,4
0022400958,2025-03-14,2024-25,regular_season,False,1610612748,MIA,Miami Heat,1610612738,BOS,Boston Celtics,27,20,W,11,18,0.611,3,8,0.375,2,5,0.4,2,13,15,5,2,3,6,3,7,6,24,0.25,4,15,0.267,4,4,1.0,3,5,8,4,3,1,3,4,-7
0022400962,2025-03-14,2024-25,regular_season,False,1610612763,MEM,Memphis Grizzlies,1610612739,CLE,Cleveland Cavaliers,29,39,L,10,21,0.476,2,8,0.25,7,9,0.778,1,11,12,6,2,1,7,4,-10,15,28,0.536,6,16,0.375,3,4,0.75,2,11,13,10,3,0,4,6,10
0022400968,2025-03-15,2024-25,regular_season,False,1610612751,BKN,Brooklyn Nets,1610612738,BOS,Boston Celtics,24,33,L,8,23,0.348,3,11,0.273,5,8,0.625,6,6,12,6,1,1,2,4,-9,14,23,0.609,3,8,0.375,2,4,0.5,4,8,12,8,1,3,1,5,9
0022400969,2025-03-15,2024-25,regular_season,False,1610612765,DET,Detroit Pistons,1610612760,OKC,Oklahoma City Thunder,31,31,L,12,21,0.571,4,8,0.5,3,4,0.75,0,9,9,8,2,1,5,7,0,12,25,0.48,2,8,0.25,5,5,1.0,3,8,11,3,2,3,3,6,0
0022400970,2025-03-15,2024-25,regular_season,False,1610612745,HOU,Houston Rockets,1610612741,CHI,Chicago Bulls,38,36,W,14,25,0.56,7,12,0.583,3,4,0.75,3,7,10,9,1,1,4,5,2,14,26,0.538,1,8,0.125,7,8,0.875,3,6,9,5,4,1,1,3,-2
0022400971,2025-03-15,2024-25,regular_season,False,1610612763,MEM,Memphis Grizzlies,1610612748,MIA,Miami Heat,25,21,W,10,22,0.455,3,10,0.3,2,2,1.0,4,10,14,10,1,2,3,4,4,8,21,0.381,3,11,0.273,2,3,0.667,3,8,11,7,2,1,4,3,-4
0022400972,2025-03-15,2024-25,regular_season,False,1610612749,MIL,Milwaukee Bucks,1610612754,IND,Indiana Pacers,27,30,L,10,20,0.5,4,9,0.444,3,4,0.75,2,9,11,7,2,0,5,2,-3,13,25,0.52,4,10,0.4,0,1,0.0,4,7,11,9,2,2,3,2,3
0022400973,2025-03-15,2024-25,regular_season,False,1610612759,SAS,San Antonio Spurs,1610612740,NOP,New Orleans Pelicans,36,35,W,14,27,0.519,4,13,0.308,4,6,0.667,3,7,10,11,6,0,1,5,1,13,23,0.565,7,13,0.538,2,2,1.0,2,12,14,10,0,0,7,4,-1
0022400974,2025-03-15,2024-25,regular_season,False,1610612744,GSW,Golden State Warriors,1610612752,NYK,New York Knicks,22,19,W,9,20,0.45,2,9,0.222,2,2,1.0,2,7,9,7,3,1,6,4,3,6,14,0.429,3,7,0.429,4,4,1.0,0,7,7,5,4,1,7,3,-3
0022400975,2025-03-15,2024-25,regular_season,False,1610612743,DEN,Denver Nuggets,1610612764,WAS,Washington Wizards,28,33,L,11,24,0.458,3,8,0.375,3,4,0.75,2,10,12,9,2,3,7,7,-5,12,30,0.4,4,11,0.364,5,5,1.0,6,9,15,10,4,0,3,5,5
0022400982,2025-03-16,2024-25,regular_season,False,1610612749,MIL,Milwaukee Bucks,1610612760,OKC,Oklahoma City Thunder,15,29,L,4,18,0.222,2,8,0.25,5,7,0.714,1,6,7,4,3,4,4,8,-14,9,20,0.45,3,10,0.3,8,11,0.727,2,13,15,7,0,1,3,4,14
0022400980,2025-03-16,2024-25,regular_season,False,1610612757,POR,Portland Trail Blazers,1610612761,TOR,Toronto Raptors,33,25,W,11,22,0.5,7,16,0.438,4,4,1.0,4,8,12,6,2,0,5,5,8,8,22,0.364,2,8,0.25,7,10,0.7,4,6,10,4,4,0,4,6,-8
0022400979,2025-03-16,2024-25,regular_season,False,1610612739,CLE,Cleveland Cavaliers,1610612753,ORL,Orlando Magic,22,22,L,8,26,0.308,2,11,0.182,4,6,0.667,4,10,14,7,1,1,0,6,0,6,19,0.316,4,9,0.444,6,9,0.667,3,11,14,4,0,1,5,6,0
0022400981,2025-03-16,2024-25,regular_season,False,1610612750,MIN,Minnesota Timberwolves,1610612762,UTA,Utah Jazz,28,31,L,10,27,0.37,2,13,0.154,6,9,0.667,5,7,12,4,3,1,3,2,-3,13,22,0.591,5,8,0.625,0,0,0.0,0,12,12,11,1,0,7,8,3
0022400977,2025-03-16,2024-25,regular_season,False,1610612747,LAL,Los Angeles Lakers,1610612756,PHX,Phoenix Suns,23,22,W,8,16,0.5,3,8,0.375,4,6,0.667,1,8,9,5,1,0,4,1,1,10,22,0.455,1,7,0.143,1,1,1.0,4,5,9,5,1,0,4,7,-1
0022400976,2025-03-16,2024-25,regular_season,False,1610612742,DAL,Dallas Mavericks,1610612755,PHI,Philadelphia 76ers,36,28,W,13,21,0.619,2,7,0.286,8,13,0.615,1,12,13,6,2,0,4,5,8,9,20,0.45,4,11,0.364,6,7,0.857,0,9,9,7,4,0,7,7,-8
0022400538,2025-03-16,2024-25,regular_season,False,1610612746,LAC,LA Clippers,1610612766,CHA,Charlotte Hornets,33,20,W,12,22,0.545,3,3,1.0,6,7,0.857,2,11,13,8,4,3,1,2,13,9,25,0.36,2,9,0.222,0,0,0.0,4,8,12,7,0,2,4,5,-13
0022400978,2025-03-16,2024-25,regular_season,False,1610612751,BKN,Brooklyn Nets,1610612737,ATL,Atlanta Hawks,23,35,L,5,14,0.357,1,4,0.25,12,15,0.8,0,8,8,3,1,2,7,5,-12,12,25,0.48,5,13,0.385,6,7,0.857,4,9,13,8,6,3,4,9,12
0022400995,2025-03-17,2024-25,regular_season,False,1610612757,POR,Portland Trail Blazers,1610612764,WAS,Washington Wizards,28,25,W,8,26,0.308,4,15,0.267,8,10,0.8,7,9,16,4,3,1,2,2,3,11,24,0.458,2,10,0.2,1,1,1.0,1,11,12,9,0,0,4,7,-3
0022400992,2025-03-17,2024-25,regular_season,False,1610612758,SAC,Sacramento Kings,1610612763,MEM,Memphis Grizzlies,28,28,W,11,24,0.458,3,11,0.273,3,4,0.75,2,8,10,7,4,2,4,4,0,10,23,0.435,4,10,0.4,4,4,1.0,5,12,17,6,2,2,6,4,0
0022400990,2025-03-17,2024-25,regular_season,False,1610612744,GSW,Golden State Warriors,1610612743,DEN,Denver Nuggets,28,33,L,11,25,0.44,3,11,0.273,3,5,0.6,3,2,5,7,7,2,4,5,-5,13,21,0.619,3,6,0.5,4,4,1.0,6,12,18,10,3,2,9,5,5
0022400989,2025-03-17,2024-25,regular_season,False,1610612762,UTA,Utah Jazz,1610612741,CHI,Chicago Bulls,31,23,W,10,21,0.476,5,13,0.385,6,7,0.857,1,14,15,7,1,2,6,4,8,9,25,0.36,3,8,0.375,2,3,0.667,1,8,9,9,5,0,3,4,-8
0022400991,2025-03-17,2024-25,regular_season,False,1610612756,PHX,Phoenix Suns,1610612761,TOR,Toronto Raptors,39,11,W,14,23,0.609,7,11,0.636,4,4,1.0,3,11,14,12,3,3,1,4,28,3,18,0.167,1,3,0.333,4,4,1.0,3,4,7,1,0,0,6,4,-28
0022400986,2025-03-17,2024-25,regular_season,False,1610612750,MIN,Minnesota Timberwolves,1610612754,IND,Indiana Pacers,16,30,L,6,24,0.25,1,11,0.091,3,4,0.75,6,7,13,3,1,0,4,3,-14,12,24,0.5,4,10,0.4,2,2,1.0,5,11,16,7,1,4,4,4,14
0022400985,2025-03-17,2024-25,regular_season,False,1610612745,HOU,Houston Rockets,1610612755,PHI,Philadelphia 76ers,29,34,L,9,20,0.45,1,8,0.125,10,11,0.909,2,5,7,7,4,0,4,7,-5,13,23,0.565,6,12,0.5,2,4,0.5,5,7,12,4,2,0,6,6,5
0022400984,2025-03-17,2024-25,regular_season,False,1610612752,NYK,New York Knicks,1610612748,MIA,Miami Heat,29,20,W,12,26,0.462,3,7,0.429,2,2,1.0,4,9,13,10,5,1,5,5,9,8,20,0.4,1,6,0.167,3,3,1.0,1,9,10,5,2,2,7,4,-9
0022400537,2025-03-17,2024-25,regular_season,False,1610612747,LAL,Los Angeles Lakers,1610612759,SAS,San Antonio Spurs,33,29,W,12,22,0.545,5,13,0.385,4,6,0.667,2,7,9,11,2,0,0,2,4,11,20,0.55,4,7,0.571,3,4,0.75,2,9,11,8,0,0,2,3,-4
0022400987,2025-03-17,2024-25,regular_season,False,1610612740,NOP,New Orleans Pelicans,1610612765,DET,Detroit Pistons,19,28,L,5,20,0.25,0,5,0.0,9,11,0.818,2,6,8,2,1,1,3,2,-9,11,20,0.55,3,8,0.375,3,4,0.75,2,11,13,10,2,1,5,8,9
0022400993,2025-03-18,2024-25,regular_season,False,1610612766,CHA,Charlotte Hornets,1610612737,ATL,Atlanta Hawks,32,38,L,13,19,0.684,3,6,0.5,3,6,0.5,1,5,6,8,4,2,4,6,-6,14,23,0.609,6,12,0.5,4,6,0.667,4,6,10,8,4,0,4,5,6
0022400994,2025-03-18,2024-25,regular_season,False,1610612738,BOS,Boston Celtics,1610612751,BKN,Brooklyn Nets,23,23,W,7,20,0.35,3,11,0.273,6,6,1.0,1,9,10,2,0,2,2,3,0,9,23,0.391,3,11,0.273,2,4,0.5,3,8,11,8,2,1,1,4,0
0022400997,2025-03-18,2024-25,regular_season,False,1610612746,LAC,LA Clippers,1610612739,CLE,Cleveland Cavaliers,31,28,W,8,18,0.444,6,10,0.6,9,10,0.9,3,7,10,5,2,1,2,7,3,10,20,0.5,4,9,0.444,4,6,0.667,3,5,8,7,1,0,3,7,-3
0022401012,2025-03-18,2024-25,regular_season,False,1610612744,GSW,Golden State Warriors,1610612749,MIL,Milwaukee Bucks,26,17,W,9,20,0.45,3,10,0.3,5,7,0.714,1,12,13,8,3,0,2,4,9,7,21,0.333,1,11,0.091,2,4,0.5,3,9,12,4,1,1,5,3,-9
0022401006,2025-03-19,2024-25,regular_season,False,1610612747,LAL,Los Angeles Lakers,1610612743,DEN,Denver Nuggets,27,30,L,10,20,0.5,3,7,0.429,4,6,0.667,1,5,6,8,7,0,6,6,-3,13,21,0.619,1,5,0.2,3,7,0.429,4,9,13,6,3,2,9,4,3
0022401009,2025-03-19,2024-25,regular_season,False,1610612758,SAC,Sacramento Kings,1610612739,CLE,Cleveland Cavaliers,32,34,L,12,24,0.5,5,8,0.625,3,3,1.0,4,5,9,9,3,0,3,5,-2,13,20,0.65,4,7,0.571,4,5,0.8,2,8,10,6,2,1,4,3,2
0022401008,2025-03-19,2024-25,regular_season,False,1610612757,POR,Portland Trail Blazers,1610612763,MEM,Memphis Grizzlies,33,29,W,10,21,0.476,8,12,0.667,5,5,1.0,3,8,11,9,0,1,6,3,4,12,22,0.545,2,6,0.333,3,4,0.75,2,6,8,6,5,0,3,7,-4
0022401007,2025-03-19,2024-25,regular_season,False,1610612756,PHX,Phoenix Suns,1610612741,CHI,Chicago Bulls,32,29,W,12,24,0.5,3,10,0.3,5,6,0.833,1,9,10,10,3,1,2,4,3,12,22,0.545,2,7,0.286,3,3,1.0,0,12,12,9,2,2,3,5,-3
0022401003,2025-03-19,2024-25,regular_season,False,1610612759,SAS,San Antonio Spurs,1610612752,NYK,New York Knicks,38,23,W,15,26,0.577,4,10,0.4,4,6,0.667,3,13,16,10,2,1,2,3,15,8,22,0.364,3,11,0.273,4,4,1.0,1,7,8,6,2,3,4,5,-15
0022401000,2025-03-19,2024-25,regular_season,False,1610612748,MIA,Miami Heat,1610612765,DET,Detroit Pistons,28,36,L,12,25,0.48,2,8,0.25,2,2,1.0,4,7,11,5,2,1,5,7,-8,14,26,0.538,2,6,0.333,6,7,0.857,3,8,11,5,1,1,2,3,8
0022401001,2025-03-19,2024-25,regular_season,False,1610612750,MIN,Minnesota Timberwolves,1610612740,NOP,New Orleans Pelicans,31,38,L,8,23,0.348,3,9,0.333,12,14,0.857,5,4,9,3,5,3,2,4,-7,14,23,0.609,7,11,0.636,3,3,1.0,0,11,11,10,0,4,7,8,7
0022400999,2025-03-19,2024-25,regular_season,False,1610612753,ORL,Orlando Magic,1610612745,HOU,Houston Rockets,29,28,W,11,24,0.458,3,10,0.3,4,4,1.0,3,5,8,7,6,1,2,2,1,11,22,0.5,3,11,0.273,3,5,0.6,4,9,13,4,2,3,7,4,-1
0022400998,2025-03-19,2024-25,regular_season,False,1610612754,IND,Indiana Pacers,1610612742,DAL,Dallas Mavericks,35,36,L,14,19,0.737,4,7,0.571,3,8,0.375,2,7,9,8,0,1,3,4,-1,14,25,0.56,6,10,0.6,2,3,0.667,4,7,11,8,1,0,1,7,1
0022400627,2025-03-19,2024-25,regular_season,False,1610612762,UTA,Utah Jazz,1610612764,WAS,Washington Wizards,33,28,W,12,22,0.545,4,12,0.333,5,6,0.833,2,9,11,11,3,1,5,4,5,9,22,0.409,5,15,0.333,5,8,0.625,4,6,10,6,5,1,6,4,-5
0022401002,2025-03-19,2024-25,regular_season,False,1610612760,OKC,Oklahoma City Thunder,1610612755,PHI,Philadelphia 76ers,28,30,L,10,22,0.455,5,13,0.385,3,4,0.75,1,9,10,6,2,1,1,4,-2,9,23,0.391,5,11,0.455,7,7,1.0,2,11,13,5,0,1,2,4,2
0022400996,2025-03-20,2024-25,regular_season,False,1610612747,LAL,Los Angeles Lakers,1610612749,MIL,Milwaukee Bucks,27,23,W,9,20,0.45,5,10,0.5,4,8,0.5,2,12,14,8,2,0,4,3,4,9,22,0.409,3,10,0.3,2,3,0.667,0,8,8,5,3,1,4,7,-4
0022401005,2025-03-20,2024-25,regular_season,False,1610612744,GSW,Golden State Warriors,1610612761,TOR,Toronto Raptors,34,31,W,12,22,0.545,6,14,0.429,4,5,0.8,3,4,7,9,4,0,5,1,3,14,22,0.636,2,7,0.286,1,2,0.5,4,5,9,13,3,1,6,5,-3
0022401010,2025-03-20,2024-25,regular_season,False,1610612766,CHA,Charlotte Hornets,1610612752,NYK,New York Knicks,27,25,W,10,21,0.476,3,8,0.375,4,5,0.8,2,9,11,5,0,2,4,6,2,9,24,0.375,2,9,0.222,5,6,0.833,4,7,11,8,2,1,2,5,-2
0022401011,2025-03-20,2024-25,regular_season,False,1610612754,IND,Indiana Pacers,1610612751,BKN,Brooklyn Nets,19,24,L,7,18,0.389,3,10,0.3,2,2,1.0,2,11,13,5,2,3,9,10,-5,7,23,0.304,4,13,0.308,6,7,0.857,4,9,13,3,2,0,4,3,5
0022401013,2025-03-20,2024-25,regular_season,False,1610612758,SAC,Sacramento Kings,1610612741,CHI,Chicago Bulls,25,27,L,8,20,0.4,2,10,0.2,7,7,1.0,3,5,8,5,1,1,4,5,-2,10,17,0.588,1,5,0.2,6,6,1.0,1,5,6,8,2,1,5,5,2
0022401023,2025-03-21,2024-25,regular_season,False,1610612746,LAC,LA Clippers,1610612763,MEM,Memphis Grizzlies,31,35,L,11,20,0.55,3,6,0.5,6,7,0.857,0,7,7,5,1,3,4,4,-4,12,23,0.522,5,11,0.455,6,7,0.857,3,8,11,9,2,1,3,6,4
0022401022,2025-03-21,2024-25,regular_season,False,1610612757,POR,Portland Trail Blazers,1610612743,DEN,Denver Nuggets,24,29,L,10,19,0.526,2,6,0.333,2,3,0.667,2,4,6,7,1,3,6,4,-5,11,24,0.458,2,6,0.333,5,6,0.833,4,4,8,8,4,0,5,5,5
0022401020,2025-03-21,2024-25,regular_season,False,1610612762,UTA,Utah Jazz,1610612738,BOS,Boston Celtics,30,25,W,11,24,0.458,3,9,0.333,5,6,0.833,5,11,16,5,1,1,4,6,5,8,24,0.333,3,11,0.273,6,7,0.857,5,6,11,5,3,1,3,7,-5
0022401019,2025-03-21,2024-25,regular_season,False,1610612742,DAL,Dallas Mavericks,1610612765,DET,Detroit Pistons,25,27,L,9,18,0.5,1,5,0.2,6,7,0.857,2,7,9,4,3,1,6,5,-2,10,21,0.476,1,6,0.167,6,6,1.0,3,6,9,8,4,1,4,5,2
0022401021,2025-03-21,2024-25,regular_season,False,1610612756,PHX,Phoenix Suns,1610612739,CLE,Cleveland Cavaliers,27,17,W,11,26,0.423,5,10,0.5,0,0,0.0,5,13,18,6,3,0,5,3,10,7,21,0.333,2,9,0.222,1,3,0.333,2,7,9,3,2,2,4,1,-10
0022401017,2025-03-21,2024-25,regular_season,False,1610612760,OKC,Oklahoma City Thunder,1610612766,CHA,Charlotte Hornets,32,35,L,10,17,0.588,3,8,0.375,9,10,0.9,1,6,7,4,3,0,5,2,-3,12,19,0.632,9,14,0.643,2,2,1.0,1,4,5,12,3,0,5,5,3
0022401016,2025-03-21,2024-25,regular_season,False,1610612750,MIN,Minnesota Timberwolves,1610612740,NOP,New Orleans Pelicans,34,26,W,12,26,0.462,4,13,0.308,6,6,1.0,7,7,14,9,3,0,4,0,8,11,20,0.55,4,12,0.333,0,0,0.0,1,5,6,7,4,2,5,6,-8
0022401015,2025-03-21,2024-25,regular_season,False,1610612748,MIA,Miami Heat,1610612745,HOU,Houston Rockets,32,28,W,10,16,0.625,4,7,0.571,8,9,0.889,0,7,7,10,2,2,2,4,4,10,21,0.476,6,9,0.667,2,4,0.5,4,7,11,6,2,0,3,4,-4
0022401014,2025-03-21,2024-25,regular_season,False,1610612764,WAS,Washington Wizards,1610612753,ORL,Orlando Magic,24,34,L,7,25,0.28,4,12,0.333,6,8,0.75,4,8,12,4,3,0,4,4,-10,12,22,0.545,7,13,0.538,3,5,0.6,2,12,14,8,3,3,4,6,10
0022401018,2025-03-21,2024-25,regular_season,False,1610612759,SAS,San Antonio Spurs,1610612755,PHI,Philadelphia 76ers,36,26,W,13,22,0.591,6,12,0.5,4,4,1.0,3,7,10,9,5,2,7,5,10,9,17,0.529,2,8,0.25,6,8,0.75,0,5,5,7,3,0,6,3,-10
0022401024,2025-03-22,2024-25,regular_season,False,1610612754,IND,Indiana Pacers,1610612751,BKN,Brooklyn Nets,33,27,W,12,22,0.545,6,10,0.6,3,3,1.0,2,8,10,11,1,0,4,4,6,12,24,0.5,3,11,0.273,0,2,0.0,4,8,12,3,2,1,4,2,-6
0022401025,2025-03-22,2024-25,regular_season,False,1610612737,ATL,Atlanta Hawks,1610612744,GSW,Golden State Warriors,29,34,L,13,24,0.542,2,9,0.222,1,2,0.5,2,10,12,10,1,0,2,4,-5,11,21,0.524,5,11,0.455,7,7,1.0,0,10,10,6,1,1,1,1,5
0022401026,2025-03-22,2024-25,regular_season,False,1610612752,NYK,New York Knicks,1610612764,WAS,Washington Wizards,35,20,W,13,27,0.481,6,10,0.6,3,4,0.75,8,8,16,9,5,1,6,6,15,6,16,0.375,1,6,0.167,7,10,0.7,1,6,7,2,4,1,7,5,-15
0022401027,2025-03-22,2024-25,regular_season,False,1610612758,SAC,Sacramento Kings,1610612749,MIL,Milwaukee Bucks,36,32,W,12,21,0.571,3,10,0.3,9,10,0.9,3,7,10,7,2,0,2,4,4,13,22,0.591,4,10,0.4,2,5,0.4,3,5,8,7,0,1,2,7,-4
0022401028,2025-03-22,2024-25,regular_season,False,1610612747,LAL,Los Angeles Lakers,1610612741,CHI,Chicago Bulls,31,33,L,11,19,0.579,7,11,0.636,2,2,1.0,2,6,8,5,2,0,7,5,-2,14,22,0.636,1,7,0.143,4,7,0.571,2,5,7,9,6,2,2,2,2
0022401036,2025-03-23,2024-25,regular_season,False,1610612746,LAC,LA Clippers,1610612760,OKC,Oklahoma City Thunder,17,33,L,6,21,0.286,1,7,0.143,4,6,0.667,2,6,8,1,2,2,4,5,-16,12,24,0.5,3,11,0.273,6,6,1.0,3,12,15,7,2,2,3,4,16
0022401035,2025-03-23,2024-25,regular_season,False,1610612745,HOU,Houston Rockets,1610612743,DEN,Denver Nuggets,30,30,L,11,18,0.611,4,9,0.444,4,6,0.667,1,10,11,8,1,2,4,3,0,13,26,0.5,3,6,0.5,1,2,0.5,2,5,7,10,4,2,1,4,0
0022401034,2025-03-23,2024-25,regular_season,False,1610612757,POR,Portland Trail Blazers,1610612738,BOS,Boston Celtics,27,30,L,11,23,0.478,5,12,0.417,0,0,0.0,3,5,8,6,1,1,2,1,-3,12,21,0.571,6,13,0.462,0,0,0.0,3,6,9,7,1,3,3,2,3
0022401033,2025-03-23,2024-25,regular_season,False,1610612761,TOR,Toronto Raptors,1610612759,SAS,San Antonio Spurs,24,26,L,11,27,0.407,2,11,0.182,0,0,0.0,4,8,12,8,2,1,3,4,-2,8,19,0.421,6,14,0.429,4,6,0.667,3,11,14,7,2,0,6,2,2
0022401029,2025-03-23,2024-25,regular_season,False,1610612765,DET,Detroit Pistons,1610612740,NOP,New Orleans Pelicans,32,32,W,11,23,0.478,3,7,0.429,7,9,0.778,3,5,8,7,0,1,0,1,0,13,25,0.52,5,11,0.455,1,2,0.5,6,9,15,12,0,3,4,7,0
0022401031,2025-03-23,2024-25,regular_season,False,1610612737,ATL,Atlanta Hawks,1610612755,PHI,Philadelphia 76ers,29,28,W,12,21,0.571,4,10,0.4,1,1,1.0,3,9,12,10,0,1,6,7,1,9,24,0.375,3,8,0.375,7,9,0.778,3,5,8,5,2,2,1,5,-1
0022401030,2025-03-23,2024-25,regular_season,False,1610612762,UTA,Utah Jazz,1610612739,CLE,Cleveland Cavaliers,23,23,L,9,27,0.333,3,14,0.214,2,5,0.4,5,13,18,8,2,1,3,9,0,8,24,0.333,0,9,0.0,7,13,0.538,5,11,16,3,1,1,2,4,0
0022401032,2025-03-23,2024-25,regular_season,False,1610612748,MIA,Miami Heat,1610612766,CHA,Charlotte Hornets,37,21,W,15,22,0.682,2,4,0.5,5,8,0.625,3,10,13,9,3,1,2,4,16,6,20,0.3,2,8,0.25,7,7,1.0,0,6,6,5,1,1,5,5,-16
0022401043,2025-03-24,2024-25,regular_season,False,1610612756,PHX,Phoenix Suns,1610612749,MIL,Milwaukee Bucks,29,28,W,12,21,0.571,4,9,0.444,1,1,1.0,2,9,11,7,1,0,4,6,1,9,18,0.5,4,10,0.4,6,8,0.75,1,6,7,6,3,0,3,3,-1
0022401044,2025-03-24,2024-25,regular_season,False,1610612758,SAC,Sacramento Kings,1610612738,BOS,Boston Celtics,22,26,L,9,21,0.429,2,5,0.4,2,2,1.0,2,9,11,5,2,0,5,5,-4,10,21,0.476,4,11,0.364,2,4,0.5,3,8,11,6,3,1,3,4,4
0022401041,2025-03-24,2024-25,regular_season,False,1610612740,NOP,New Orleans Pelicans,1610612755,PHI,Philadelphia 76ers,29,26,W,11,18,0.611,3,6,0.5,4,4,1.0,2,8,10,8,1,1,4,4,3,9,22,0.409,2,10,0.2,6,6,1.0,4,4,8,5,2,0,1,5,-3
0022401042,2025-03-24,2024-25,regular_season,False,1610612743,DEN,Denver Nuggets,1610612741,CHI,Chicago Bulls,30,38,L,11,24,0.458,2,8,0.25,6,8,0.75,2,9,11,9,1,2,0,5,-8,13,22,0.591,5,11,0.455,7,8,0.875,0,10,10,8,0,0,1,4,8
0022401039,2025-03-24,2024-25,regular_season,False,1610612764,WAS,Washington Wizards,1610612761,TOR,Toronto Raptors,18,24,L,7,23,0.304,1,8,0.125,3,6,0.5,4,12,16,5,2,7,7,7,-6,9,30,0.3,0,8,0.0,6,8,0.75,7,12,19,6,4,0,2,5,6
0022401040,2025-03-24,2024-25,regular_season,False,1610612751,BKN,Brooklyn Nets,1610612742,DAL,Dallas Mavericks,31,30,W,11,21,0.524,4,10,0.4,5,8,0.625,2,10,12,10,1,2,3,4,1,12,25,0.48,3,9,0.333,3,5,0.6,3,10,13,9,1,0,1,5,-1
0022401038,2025-03-24,2024-25,regular_season,False,1610612753,ORL,Orlando Magic,1610612747,LAL,Los Angeles Lakers,32,30,W,10,21,0.476,4,9,0.444,8,9,0.889,3,9,12,5,3,1,4,7,2,8,20,0.4,3,8,0.375,11,14,0.786,4,7,11,4,4,0,3,6,-2
0022401037,2025-03-24,2024-25,regular_season,False,1610612754,IND,Indiana Pacers,1610612750,MIN,Minnesota Timberwolves,29,25,W,12,23,0.522,2,5,0.4,3,3,1.0,1,9,10,9,3,1,3,2,4,12,26,0.462,1,8,0.125,0,1,0.0,5,9,14,4,1,1,4,4,-4
0022401052,2025-03-25,2024-25,regular_season,False,1610612758,SAC,Sacramento Kings,1610612760,OKC,Oklahoma City Thunder,21,33,L,8,23,0.348,5,12,0.417,0,2,0.0,1,9,10,7,1,1,1,1,-12,13,23,0.565,7,13,0.538,0,0,0.0,1,14,15,9,1,1,2,4,12
0022401050,2025-03-25,2024-25,regular_season,False,1610612762,UTA,Utah Jazz,1610612763,MEM,Memphis Grizzlies,30,35,L,10,22,0.455,6,12,0.5,4,4,1.0,2,7,9,10,2,0,3,4,-5,13,26,0.5,6,14,0.429,3,3,1.0,5,7,12,10,1,2,2,4,5
0022401049,2025-03-25,2024-25,regular_season,False,1610612745,HOU,Houston Rockets,1610612737,ATL,Atlanta Hawks,35,25,W,14,29,0.483,4,12,0.333,3,3,1.0,8,11,19,7,0,1,4,3,10,9,20,0.45,4,12,0.333,3,4,0.75,0,4,4,7,2,0,3,4,-10
0022401051,2025-03-25,2024-25,regular_season,False,1610612757,POR,Portland Trail Blazers,1610612739,CLE,Cleveland Cavaliers,19,27,L,6,19,0.316,4,8,0.5,3,8,0.375,5,6,11,5,3,2,7,3,-8,11,26,0.423,3,8,0.375,2,4,0.5,5,7,12,7,3,2,5,6,8
0022401047,2025-03-25,2024-25,regular_season,False,1610612748,MIA,Miami Heat,1610612744,GSW,Golden State Warriors,29,18,W,11,19,0.579,5,6,0.833,2,2,1.0,2,9,11,8,0,1,3,5,11,5,18,0.278,1,6,0.167,7,9,0.778,4,5,9,3,2,0,2,4,-11
0022401046,2025-03-25,2024-25,regular_season,False,1610612765,DET,Detroit Pistons,1610612759,SAS,San Antonio Spurs,30,12,W,12,18,0.667,4,8,0.5,2,3,0.667,2,11,13,8,3,2,5,6,18,2,19,0.105,1,11,0.091,7,8,0.875,4,3,7,1,3,0,5,4,-18
0022401045,2025-03-25,2024-25,regular_season,False,1610612766,CHA,Charlotte Hornets,1610612753,ORL,Orlando Magic,26,34,L,11,30,0.367,3,9,0.333,1,2,0.5,4,9,13,8,0,0,3,8,-8,12,28,0.429,4,16,0.25,6,7,0.857,3,13,16,5,1,1,2,5,8
0022401048,2025-03-25,2024-25,regular_season,False,1610612752,NYK,New York Knicks,1610612742,DAL,Dallas Mavericks,31,33,L,12,23,0.522,1,7,0.143,6,7,0.857,2,9,11,7,0,0,3,4,-2,13,22,0.591,1,2,0.5,6,6,1.0,0,9,9,5,3,1,2,6,2
0022401053,2025-03-26,2024-25,regular_season,False,1610612755,PHI,Philadelphia 76ers,1610612764,WAS,Washington Wizards,29,22,W,12,26,0.462,2,11,0.182,3,3,1.0,3,8,11,6,2,0,0,3,7,9,21,0.429,2,9,0.222,2,2,1.0,2,9,11,6,0,1,3,3,-7
0022401054,2025-03-26,2024-25,regular_season,False,1610612751,BKN,Brooklyn Nets,1610612761,TOR,Toronto Raptors,27,30,L,9,20,0.45,4,13,0.308,5,5,1.0,2,9,11,6,1,1,6,4,-3,11,24,0.458,4,13,0.308,4,6,0.667,4,9,13,9,3,0,2,5,3
0022401055,2025-03-26,2024-25,regular_season,False,1610612754,IND,Indiana Pacers,1610612747,LAL,Los Angeles Lakers,22,40,L,7,25,0.28,3,10,0.3,5,5,1.0,4,4,8,6,1,0,2,5,-18,12,17,0.706,4,7,0.571,12,12,1.0,1,12,13,5,0,2,3,6,18
0022401056,2025-03-26,2024-25,regular_season,False,1610612752,NYK,New York Knicks,1610612746,LAC,LA Clippers,22,34,L,10,19,0.526,2,8,0.25,0,0,0.0,0,6,6,9,1,1,4,3,-12,15,28,0.536,2,3,0.667,2,2,1.0,7,8,15,8,2,0,1,2,12
0022401057,2025-03-26,2024-25,regular_season,False,1610612743,DEN,Denver Nuggets,1610612749,MIL,Milwaukee Bucks,29,37,L,10,21,0.476,4,10,0.4,5,10,0.5,1,9,10,8,1,1,3,4,-8,14,28,0.5,6,12,0.5,3,4,0.75,6,9,15,8,2,1,2,6,8
0022401058,2025-03-26,2024-25,regular_season,False,1610612756,PHX,Phoenix Suns,1610612738,BOS,Boston Celtics,16,31,L,5,19,0.263,0,9,0.0,6,6,1.0,2,8,10,4,1,0,5,6,-15,11,25,0.44,4,15,0.267,5,5,1.0,2,11,13,7,1,2,1,6,15
0022401064,2025-03-27,2024-25,regular_season,False,1610612760,OKC,Oklahoma City Thunder,1610612763,MEM,Memphis Grizzlies,31,26,W,10,22,0.455,4,9,0.444,7,7,1.0,2,10,12,7,3,1,5,4,5,9,23,0.391,4,13,0.308,4,4,1.0,2,9,11,8,4,0,4,5,-5
0022401066,2025-03-27,2024-25,regular_season,False,1610612758,SAC,Sacramento Kings,1610612757,POR,Portland Trail Blazers,32,23,W,13,19,0.684,2,6,0.333,4,4,1.0,2,9,11,4,1,1,5,4,9,9,29,0.31,2,15,0.133,3,3,1.0,9,4,13,6,3,0,4,4,-9
0022401065,2025-03-27,2024-25,regular_season,False,1610612762,UTA,Utah Jazz,1610612745,HOU,Houston Rockets,27,26,W,9,19,0.474,4,6,0.667,5,5,1.0,1,8,9,5,2,1,4,6,1,12,26,0.462,2,9,0.222,0,2,0.0,4,8,12,7,1,0,3,3,-1
0022401063,2025-03-27,2024-25,regular_season,False,1610612741,CHI,Chicago Bulls,1610612747,LAL,Los Angeles Lakers,26,37,L,10,27,0.37,3,11,0.273,3,6,0.5,4,6,10,6,1,0,4,4,-11,14,23,0.609,2,8,0.25,7,7,1.0,1,11,12,10,2,3,3,6,11
0022401062,2025-03-27,2024-25,regular_season,False,1610612748,MIA,Miami Heat,1610612737,ATL,Atlanta Hawks,38,23,W,13,21,0.619,6,8,0.75,6,8,0.75,2,8,10,8,3,0,3,1,15,9,22,0.409,3,10,0.3,2,2,1.0,2,6,8,8,2,1,4,3,-15
0022401061,2025-03-27,2024-25,regular_season,False,1610612764,WAS,Washington Wizards,1610612754,IND,Indiana Pacers,30,38,L,11,21,0.524,4,7,0.571,4,4,1.0,2,6,8,6,1,1,2,1,-8,15,24,0.625,7,11,0.636,1,2,0.5,3,8,11,11,1,0,2,3,8
0022401060,2025-03-27,2024-25,regular_season,False,1610612753,ORL,Orlando Magic,1610612742,DAL,Dallas Mavericks,33,24,W,11,17,0.647,1,5,0.2,10,11,0.909,1,7,8,2,1,2,6,7,9,9,18,0.5,1,1,1.0,5,7,0.714,0,6,6,3,3,0,6,6,-9
0022401059,2025-03-27,2024-25,regular_season,False,1610612739,CLE,Cleveland Cavaliers,1610612759,SAS,San Antonio Spurs,24,25,L,11,24,0.458,2,8,0.25,0,0,0.0,1,13,14,7,1,3,6,4,-1,9,26,0.346,4,12,0.333,3,6,0.5,4,8,12,6,4,1,2,4,1
0022401067,2025-03-28,2024-25,regular_season,False,1610612765,DET,Detroit Pistons,1610612739,CLE,Cleveland Cavaliers,32,32,W,10,23,0.435,3,8,0.375,9,11,0.818,3,8,11,4,1,2,2,5,0,12,24,0.5,3,7,0.429,5,6,0.833,1,10,11,4,2,1,2,7,0
0022401068,2025-03-28,2024-25,regular_season,False,1610612751,BKN,Brooklyn Nets,1610612746,LAC,LA Clippers,21,42,L,8,23,0.348,3,13,0.231,2,2,1.0,0,5,5,8,2,1,3,4,-21,15,20,0.75,6,8,0.75,6,6,1.0,0,12,12,10,3,2,2,3,21
0022401069,2025-03-28,2024-25,regular_season,False,1610612761,TOR,Toronto Raptors,1610612766,CHA,Charlotte Hornets,17,27,L,7,22,0.318,1,11,0.091,2,2,1.0,2,7,9,6,1,1,1,1,-10,12,24,0.5,3,7,0.429,0,0,0.0,2,13,15,9,0,0,4,1,10
0022401070,2025-03-28,2024-25,regular_season,False,1610612749,MIL,Milwaukee Bucks,1610612752,NYK,New York Knicks,30,35,L,12,17,0.706,3,5,0.6,3,6,0.5,0,7,7,7,1,1,5,2,-5,14,24,0.583,5,9,0.556,2,2,1.0,2,5,7,8,3,0,2,4,5
0022401071,2025-03-28,2024-25,regular_season,False,1610612750,MIN,Minnesota Timberwolves,1610612756,PHX,Phoenix Suns,30,24,W,9,20,0.45,4,9,0.444,8,8,1.0,1,8,9,7,4,2,1,3,6,9,22,0.409,6,11,0.545,0,0,0.0,4,7,11,8,1,2,4,7,-6
0022401072,2025-03-28,2024-25,regular_season,False,1610612740,NOP,New Orleans Pelicans,1610612744,GSW,Golden State Warriors,25,29,L,7,21,0.333,1,5,0.2,10,13,0.769,4,8,12,5,3,2,3,4,-4,11,24,0.458,5,14,0.357,2,3,0.667,3,11,14,6,1,0,5,7,4
0022401073,2025-03-28,2024-25,regular_season,False,1610612743,DEN,Denver Nuggets,1610612762,UTA,Utah Jazz,31,32,L,12,20,0.6,2,7,0.286,5,6,0.833,1,7,8,9,4,3,7,5,-1,11,23,0.478,4,10,0.4,6,6,1.0,1,8,9,8,4,0,6,6,1
0022401080,2025-03-29,2024-25,regular_season,False,1610612759,SAS,San Antonio Spurs,1610612738,BOS,Boston Celtics,25,28,L,7,21,0.333,2,10,0.2,9,11,0.818,2,6,8,5,2,0,0,3,-3,11,21,0.524,3,9,0.333,3,4,0.75,4,12,16,7,0,2,4,7,3
0022401079,2025-03-29,2024-25,regular_season,False,1610612760,OKC,Oklahoma City Thunder,1610612754,IND,Indiana Pacers,32,22,W,13,26,0.5,3,9,0.333,3,4,0.75,2,9,11,8,4,0,2,5,10,8,17,0.471,0,6,0.0,6,8,0.75,1,7,8,4,1,1,5,3,-10
0022401078,2025-03-29,2024-25,regular_season,False,1610612763,MEM,Memphis Grizzlies,1610612747,LAL,Los Angeles Lakers,33,33,L,14,26,0.538,4,9,0.444,1,3,0.333,3,6,9,9,2,1,3,6,0,13,25,0.52,4,8,0.5,3,3,1.0,4,9,13,10,2,0,4,4,0
0022401074,2025-03-29,2024-25,regular_season,False,1610612753,ORL,Orlando Magic,1610612758,SAC,Sacramento Kings,23,25,L,9,22,0.409,3,10,0.3,2,4,0.5,3,6,9,7,4,0,3,7,-2,8,15,0.533,1,3,0.333,8,8,1.0,1,9,10,3,2,2,7,6,2
0022401076,2025-03-29,2024-25,regular_season,False,1610612755,PHI,Philadelphia 76ers,1610612748,MIA,Miami Heat,24,28,L,10,19,0.526,1,6,0.167,3,6,0.5,1,10,11,7,2,2,6,4,-4,11,27,0.407,3,8,0.375,3,5,0.6,6,7,13,7,4,2,3,4,4
0022401075,2025-03-29,2024-25,regular_season,False,1610612764,WAS,Washington Wizards,1610612751,BKN,Brooklyn Nets,31,28,W,9,19,0.474,1,7,0.143,12,14,0.857,1,10,11,7,3,0,2,4,3,9,23,0.391,5,16,0.312,5,5,1.0,2,9,11,7,1,0,4,9,-3
0022401077,2025-03-29,2024-25,regular_season,False,1610612741,CHI,Chicago Bulls,1610612742,DAL,Dallas Mavericks,21,28,L,7,23,0.304,4,10,0.4,3,4,0.75,1,12,13,5,0,1,5,3,-7,10,25,0.4,3,10,0.3,5,7,0.714,3,13,16,7,3,2,1,3,7
0022401086,2025-03-30,2024-25,regular_season,False,1610612759,SAS,San Antonio Spurs,1610612744,GSW,Golden State Warriors,17,24,L,7,24,0.292,1,13,0.077,2,3,0.667,2,7,9,6,1,0,3,6,-7,7,21,0.333,3,12,0.25,7,8,0.875,4,12,16,4,2,0,6,3,7
0022401088,2025-03-30,2024-25,regular_season,False,1610612756,PHX,Phoenix Suns,1610612745,HOU,Houston Rockets,25,46,L,11,21,0.524,2,10,0.2,1,2,0.5,0,2,2,5,2,1,7,7,-21,16,22,0.727,6,7,0.857,8,10,0.8,3,9,12,12,5,1,2,3,21
0022401087,2025-03-30,2024-25,regular_season,False,1610612755,PHI,Philadelphia 76ers,1610612761,TOR,Toronto Raptors,18,31,L,7,25,0.28,1,10,0.1,3,4,0.75,2,14,16,5,1,2,4,1,-13,13,31,0.419,4,11,0.364,1,2,0.5,3,15,18,7,2,2,2,3,13
0022401085,2025-03-30,2024-25,regular_season,False,1610612740,NOP,New Orleans Pelicans,1610612766,CHA,Charlotte Hornets,22,27,L,8,21,0.381,1,9,0.111,5,5,1.0,3,6,9,2,4,2,5,6,-5,8,21,0.381,3,11,0.273,8,9,0.889,4,9,13,5,5,1,5,5,5
0022401081,2025-03-30,2024-25,regular_season,False,1610612739,CLE,Cleveland Cavaliers,1610612746,LAC,LA Clippers,31,39,L,13,24,0.542,4,13,0.308,1,2,0.5,2,3,5,8,3,0,1,4,-8,14,22,0.636,5,11,0.455,6,7,0.857,4,9,13,5,0,1,4,2,8
0022401083,2025-03-30,2024-25,regular_season,False,1610612749,MIL,Milwaukee Bucks,1610612737,ATL,Atlanta Hawks,31,45,L,12,22,0.545,3,9,0.333,4,5,0.8,0,7,7,7,1,1,4,7,-14,15,25,0.6,6,11,0.545,9,11,0.818,3,8,11,12,3,1,2,5,14
0022401082,2025-03-30,2024-25,regular_season,False,1610612752,NYK,New York Knicks,1610612757,POR,Portland Trail Blazers,23,33,L,10,23,0.435,3,9,0.333,0,2,0.0,1,9,10,8,2,2,4,4,-10,13,21,0.619,5,9,0.556,2,3,0.667,0,10,10,7,3,2,3,2,10
0022401084,2025-03-30,2024-25,regular_season,False,1610612750,MIN,Minnesota Timberwolves,1610612765,DET,Detroit Pistons,34,26,W,11,24,0.458,0,5,0.0,12,15,0.8,3,13,16,5,1,1,2,10,8,7,22,0.318,3,10,0.3,9,11,0.818,1,6,7,5,0,0,1,9,-8
0022401095,2025-03-31,2024-25,regular_season,False,1610612742,DAL,Dallas Mavericks,1610612751,BKN,Brooklyn Nets,34,33,W,13,22,0.591,4,8,0.5,4,6,0.667,1,9,10,10,1,1,1,2,1,11,23,0.478,9,16,0.562,2,2,1.0,2,8,10,10,0,0,2,4,-1
0022401094,2025-03-31,2024-25,regular_season,False,1610612760,OKC,Oklahoma City Thunder,1610612741,CHI,Chicago Bulls,45,22,W,16,25,0.64,8,13,0.615,5,5,1.0,1,7,8,12,5,1,1,2,23,10,24,0.417,2,9,0.222,0,0,0.0,3,5,8,8,1,2,7,4,-23
0022401093,2025-03-31,2024-25,regular_season,False,1610612763,MEM,Memphis Grizzlies,1610612738,BOS,Boston Celtics,29,41,L,12,25,0.48,2,12,0.167,3,4,0.75,3,8,11,6,2,1,4,4,-12,16,31,0.516,8,18,0.444,1,1,1.0,6,10,16,12,2,0,2,2,12
0022401096,2025-03-31,2024-25,regular_season,False,1610612747,LAL,Los Angeles Lakers,1610612745,HOU,Houston Rockets,32,29,W,11,24,0.458,6,12,0.5,4,5,0.8,3,4,7,5,4,0,2,2,3,13,20,0.65,3,6,0.5,0,0,0.0,2,9,11,9,1,2,6,7,-3
0022401091,2025-03-31,2024-25,regular_season,False,1610612753,ORL,Orlando Magic,1610612746,LAC,LA Clippers,19,23,L,7,19,0.368,3,9,0.333,2,3,0.667,2,8,10,3,6,1,5,4,-4,9,20,0.45,2,4,0.5,3,3,1.0,2,11,13,4,3,1,6,2,4
0022401090,2025-03-31,2024-25,regular_season,False,1610612754,IND,Indiana Pacers,1610612758,SAC,Sacramento Kings,27,32,L,12,24,0.5,1,7,0.143,2,2,1.0,2,5,7,9,3,2,3,3,-5,13,23,0.565,4,7,0.571,2,2,1.0,1,9,10,7,2,1,4,2,5
0022401089,2025-03-31,2024-25,regular_season,False,1610612766,CHA,Charlotte Hornets,1610612762,UTA,Utah Jazz,26,26,W,10,18,0.556,5,10,0.5,1,4,0.25,3,10,13,7,0,2,5,3,0,9,26,0.346,5,18,0.278,3,3,1.0,5,5,10,7,2,1,2,3,0
0022401092,2025-03-31,2024-25,regular_season,False,1610612764,WAS,Washington Wizards,1610612748,MIA,Miami Heat,24,22,W,9,16,0.562,1,5,0.2,5,9,0.556,1,11,12,8,3,2,7,6,2,7,23,0.304,1,8,0.125,7,9,0.778,6,8,14,3,5,0,5,6,-2
0022400988,2025-04-01,2024-25,regular_season,False,1610612759,SAS,San Antonio Spurs,1610612753,ORL,Orlando Magic,27,32,L,10,19,0.526,2,8,0.25,5,6,0.833,1,7,8,7,1,1,2,4,-5,11,25,0.44,5,13,0.385,5,5,1.0,6,9,15,7,2,0,2,4,5
0022401097,2025-04-01,2024-25,regular_season,False,1610612737,ATL,Atlanta Hawks,1610612757,POR,Portland Trail Blazers,27,31,L,12,22,0.545,2,6,0.333,1,2,0.5,3,9,12,9,3,1,7,4,-4,12,28,0.429,3,12,0.25,4,4,1.0,5,6,11,6,5,1,3,2,4
0022401098,2025-04-01,2024-25,regular_season,False,1610612752,NYK,New York Knicks,1610612755,PHI,Philadelphia 76ers,24,16,W,8,22,0.364,2,7,0.286,6,8,0.75,5,7,12,4,3,3,5,4,8,7,21,0.333,1,9,0.111,1,2,0.5,6,6,12,4,3,1,10,7,-8
0022401099,2025-04-01,2024-25,regular_season,False,1610612741,CHI,Chicago Bulls,1610612761,TOR,Toronto Raptors,31,25,W,9,21,0.429,3,10,0.3,10,12,0.833,1,11,12,6,4,1,1,3,6,8,22,0.364,4,10,0.4,5,6,0.833,3,10,13,7,1,0,4,7,-6
0022401100,2025-04-01,2024-25,regular_season,False,1610612763,MEM,Memphis Grizzlies,1610612744,GSW,Golden State Warriors,34,29,W,11,27,0.407,5,14,0.357,7,7,1.0,3,10,13,7,1,0,3,3,5,10,24,0.417,5,13,0.385,4,4,1.0,2,10,12,5,2,1,3,8,-5
0022401101,2025-04-01,2024-25,regular_season,False,1610612749,MIL,Milwaukee Bucks,1610612756,PHX,Phoenix Suns,29,38,L,12,20,0.6,3,7,0.429,2,2,1.0,2,3,5,8,1,1,5,8,-9,12,19,0.632,7,12,0.583,7,8,0.875,2,5,7,9,1,0,5,6,9
0022401102,2025-04-01,2024-25,regular_season,False,1610612743,DEN,Denver Nuggets,1610612750,MIN,Minnesota Timberwolves,21,26,L,9,17,0.529,1,3,0.333,2,2,1.0,0,12,12,4,1,2,8,6,-5,10,26,0.385,4,12,0.333,2,5,0.4,6,7,13,4,3,2,3,2,5
0022401109,2025-04-02,2024-25,regular_season,False,1610612742,DAL,Dallas Mavericks,1610612737,ATL,Atlanta Hawks,35,38,L,13,22,0.591,6,9,0.667,3,4,0.75,1,9,10,10,1,0,5,7,-3,13,22,0.591,3,8,0.375,9,11,0.818,0,6,6,6,3,1,1,3,3
0022401111,2025-04-02,2024-25,regular_season,False,1610612746,LAC,LA Clippers,1610612740,NOP,New Orleans Pelicans,37,31,W,14,20,0.7,2,5,0.4,7,10,0.7,0,7,7,8,2,0,1,2,6,12,22,0.545,2,6,0.333,5,5,1.0,2,7,9,6,1,0,3,5,-6
0022401110,2025-04-02,2024-25,regular_season,False,1610612743,DEN,Denver Nuggets,1610612759,SAS,San Antonio Spurs,33,33,L,11,21,0.524,4,13,0.308,7,12,0.583,2,12,14,9,1,2,4,4,0,13,27,0.481,4,10,0.4,3,5,0.6,2,10,12,7,3,0,1,7,0
0022401108,2025-04-02,2024-25,regular_season,False,1610612760,OKC,Oklahoma City Thunder,1610612765,DET,Detroit Pistons,24,32,L,10,25,0.4,1,6,0.167,3,6,0.5,4,6,10,6,1,2,4,3,-8,12,24,0.5,3,9,0.333,5,6,0.833,4,9,13,5,1,1,2,6,8
0022401103,2025-04-02,2024-25,regular_season,False,1610612739,CLE,Cleveland Cavaliers,1610612752,NYK,New York Knicks,25,26,L,11,25,0.44,1,9,0.111,2,2,1.0,4,4,8,6,3,1,3,4,-1,11,22,0.5,4,13,0.308,0,0,0.0,4,8,12,6,2,0,7,5,1
0022401106,2025-04-02,2024-25,regular_season,False,1610612738,BOS,Boston Celtics,1610612748,MIA,Miami Heat,23,30,L,6,18,0.333,1,6,0.167,10,12,0.833,4,5,9,3,1,2,4,4,-7,12,24,0.5,2,6,0.333,4,4,1.0,2,8,10,5,3,0,2,6,7
0022401105,2025-04-02,2024-25,regular_season,False,1610612764,WAS,Washington Wizards,1610612758,SAC,Sacramento Kings,29,26,W,12,22,0.545,3,8,0.375,2,3,0.667,2,11,13,5,3,1,6,4,3,9,21,0.429,2,10,0.2,6,7,0.857,1,7,8,6,5,1,4,3,-3
0022401104,2025-04-02,2024-25,regular_season,False,1610612754,IND,Indiana Pacers,1610612766,CHA,Charlotte Hornets,21,20,W,9,26,0.346,2,10,0.2,1,2,0.5,4,11,15,6,3,0,3,5,1,7,20,0.35,2,8,0.25,4,8,0.5,3,11,14,4,2,1,4,3,-1
0022401107,2025-04-02,2024-25,regular_season,False,1610612745,HOU,Houston Rockets,1610612762,UTA,Utah Jazz,37,20,W,14,25,0.56,1,5,0.2,8,11,0.727,4,13,17,8,1,2,3,6,17,7,22,0.318,1,10,0.1,5,11,0.455,3,5,8,3,3,2,3,7,-17
0022401112,2025-04-03,2024-25,regular_season,False,1610612764,WAS,Washington Wizards,1610612753,ORL,Orlando Magic,18,29,L,8,25,0.32,0,6,0.0,2,2,1.0,2,6,8,5,2,0,3,7,-11,9,18,0.5,2,5,0.4,9,9,1.0,2,12,14,7,2,4,5,3,11
0022401113,2025-04-03,2024-25,regular_season,False,1610612751,BKN,Brooklyn Nets,1610612750,MIN,Minnesota Timberwolves,18,29,L,8,19,0.421,1,5,0.2,1,2,0.5,1,5,6,7,0,0,4,4,-11,12,22,0.545,4,11,0.364,1,1,1.0,2,8,10,9,1,2,3,3,11
0022401114,2025-04-03,2024-25,regular_season,False,1610612748,MIA,Miami Heat,1610612763,MEM,Memphis Grizzlies,23,27,L,8,24,0.333,2,7,0.286,5,8,0.625,6,10,16,4,4,1,4,7,-4,8,19,0.421,6,10,0.6,5,6,0.833,2,10,12,7,3,1,5,5,4
0022401115,2025-04-03,2024-25,regular_season,False,1610612755,PHI,Philadelphia 76ers,1610612749,MIL,Milwaukee Bucks,20,36,L,7,19,0.368,2,10,0.2,4,6,0.667,3,5,8,5,3,0,10,3,-16,14,20,0.7,5,9,0.556,3,4,0.75,1,8,9,10,4,4,4,4,16
0022401116,2025-04-03,2024-25,regular_season,False,1610612761,TOR,Toronto Raptors,1610612757,POR,Portland Trail Blazers,19,18,W,9,23,0.391,0,6,0.0,1,3,0.333,2,11,13,5,5,0,7,6,1,8,23,0.348,1,10,0.1,1,2,0.5,3,12,15,3,2,0,8,5,-1
0022401117,2025-04-03,2024-25,regular_season,False,1610612747,LAL,Los Angeles Lakers,1610612744,GSW,Golden State Warriors,25,34,L,6,14,0.429,4,7,0.571,9,11,0.818,1,7,8,5,1,1,4,5,-9,13,28,0.464,5,13,0.385,3,4,0.75,7,7,14,8,2,0,3,7,9
0022401124,2025-04-04,2024-25,regular_season,False,1610612759,SAS,San Antonio Spurs,1610612739,CLE,Cleveland Cavaliers,22,29,L,8,19,0.421,2,9,0.222,4,4,1.0,0,12,12,7,0,0,4,4,-7,10,23,0.435,5,14,0.357,4,6,0.667,3,9,12,9,2,0,1,2,7
0022401127,2025-04-04,2024-25,regular_season,False,1610612746,LAC,LA Clippers,1610612742,DAL,Dallas Mavericks,29,19,W,11,23,0.478,3,6,0.5,4,5,0.8,2,10,12,6,3,1,2,6,10,9,18,0.5,0,6,0.0,1,5,0.2,0,10,10,5,2,0,5,5,-10
0022401125,2025-04-04,2024-25,regular_season,False,1610612744,GSW,Golden State Warriors,1610612743,DEN,Denver Nuggets,32,16,W,13,29,0.448,4,10,0.4,2,3,0.667,4,10,14,6,3,0,1,3,16,7,20,0.35,2,10,0.2,0,0,0.0,3,10,13,4,0,3,8,3,-16
0022401123,2025-04-04,2024-25,regular_season,False,1610612745,HOU,Houston Rockets,1610612760,OKC,Oklahoma City Thunder,34,25,W,13,27,0.481,6,11,0.545,2,2,1.0,6,12,18,7,1,1,5,6,9,8,22,0.364,4,10,0.4,5,6,0.833,1,6,7,6,2,1,4,3,-9
0022401126,2025-04-04,2024-25,regular_season,False,1610612747,LAL,Los Angeles Lakers,1610612740,NOP,New Orleans Pelicans,37,23,W,12,18,0.667,3,9,0.333,10,12,0.833,2,6,8,7,2,0,0,6,14,9,21,0.429,2,6,0.333,3,6,0.5,5,2,7,7,0,0,3,7,-14
0022401121,2025-04-04,2024-25,regular_season,False,1610612761,TOR,Toronto Raptors,1610612765,DET,Detroit Pistons,27,36,L,10,21,0.476,4,8,0.5,3,4,0.75,5,11,16,8,0,4,7,6,-9,13,26,0.5,4,8,0.5,6,8,0.75,4,6,10,10,5,2,0,2,9
0022401120,2025-04-04,2024-25,regular_season,False,1610612738,BOS,Boston Celtics,1610612756,PHX,Phoenix Suns,29,25,W,11,21,0.524,3,6,0.5,4,5,0.8,0,12,12,7,0,1,1,3,4,10,24,0.417,3,12,0.25,2,3,0.667,3,9,12,5,1,0,1,4,-4
0022401119,2025-04-04,2024-25,regular_season,False,1610612754,IND,Indiana Pacers,1610612762,UTA,Utah Jazz,29,25,W,11,23,0.478,3,10,0.3,4,6,0.667,3,9,12,10,2,4,1,5,4,8,27,0.296,5,16,0.312,4,4,1.0,9,8,17,6,0,1,4,4,-4
0022401118,2025-04-04,2024-25,regular_season,False,1610612766,CHA,Charlotte Hornets,1610612758,SAC,Sacramento Kings,31,42,L,10,24,0.417,2,9,0.222,9,10,0.9,2,6,8,3,1,1,1,5,-11,16,27,0.593,6,11,0.545,4,6,0.667,5,8,13,12,0,2,2,9,11
0022401122,2025-04-04,2024-25,regular_season,False,1610612741,CHI,Chicago Bulls,1610612757,POR,Portland Trail Blazers,22,21,W,7,19,0.368,4,9,0.444,4,5,0.8,2,13,15,6,0,3,5,3,1,9,30,0.3,3,16,0.188,0,0,0.0,7,10,17,3,1,1,0,4,-1
0022401128,2025-04-05,2024-25,regular_season,False,1610612737,ATL,Atlanta Hawks,1610612752,NYK,New York Knicks,22,40,L,8,24,0.333,3,15,0.2,3,5,0.6,3,5,8,6,4,1,4,4,-18,15,20,0.75,7,9,0.778,3,3,1.0,0,12,12,9,2,1,4,4,18
0022401129,2025-04-05,2024-25,regular_season,False,1610612765,DET,Detroit Pistons,1610612763,MEM,Memphis Grizzlies,23,19,W,9,23,0.391,3,10,0.3,2,4,0.5,2,10,12,5,4,3,2,5,4,8,24,0.333,2,10,0.2,1,4,0.25,6,11,17,3,2,0,5,3,-4
0022401130,2025-04-05,2024-25,regular_season,False,1610612755,PHI,Philadelphia 76ers,1610612750,MIN,Minnesota Timberwolves,28,28,L,11,21,0.524,3,9,0.333,3,4,0.75,3,5,8,6,2,1,5,6,0,10,23,0.435,3,10,0.3,5,8,0.625,6,6,12,5,2,3,4,3,0
0022401131,2025-04-05,2024-25,regular_season,False,1610612748,MIA,Miami Heat,1610612749,MIL,Milwaukee Bucks,27,35,L,10,22,0.455,2,7,0.286,5,6,0.833,1,10,11,4,1,0,1,6,-8,11,20,0.55,3,9,0.333,10,13,0.769,0,11,11,5,0,0,1,4,8
0022401132,2025-04-05,2024-25,regular_season,False,1610612746,LAC,LA Clippers,1610612742,DAL,Dallas Mavericks,28,31,L,11,19,0.579,3,7,0.429,3,6,0.5,1,7,8,5,2,0,3,4,-3,12,25,0.48,3,9,0.333,4,7,0.571,6,9,15,6,3,1,3,5,3
0022401143,2025-04-06,2024-25,regular_season,False,1610612744,GSW,Golden State Warriors,1610612745,HOU,Houston Rockets,26,33,L,10,18,0.556,4,7,0.571,2,6,0.333,1,7,8,9,4,1,4,5,-7,14,27,0.519,4,10,0.4,1,7,0.143,7,9,16,9,3,0,4,4,7
0022401142,2025-04-06,2024-25,regular_season,False,1610612743,DEN,Denver Nuggets,1610612754,IND,Indiana Pacers,33,37,L,14,24,0.583,1,9,0.111,4,7,0.571,2,7,9,11,1,4,3,3,-4,14,27,0.519,5,12,0.417,4,4,1.0,4,8,12,13,3,1,3,5,4
0022401139,2025-04-06,2024-25,regular_season,False,1610612757,POR,Portland Trail Blazers,1610612759,SAS,San Antonio Spurs,21,27,L,8,21,0.381,3,14,0.214,2,5,0.4,1,11,12,4,1,2,6,5,-6,11,27,0.407,3,9,0.333,2,3,0.667,2,10,12,7,5,0,3,4,6
0022401138,2025-04-06,2024-25,regular_season,False,1610612739,CLE,Cleveland Cavaliers,1610612758,SAC,Sacramento Kings,30,25,W,13,22,0.591,3,8,0.375,1,2,0.5,3,8,11,10,3,2,4,1,5,11,23,0.478,1,6,0.167,2,2,1.0,3,7,10,6,4,0,5,2,-5
0022401137,2025-04-06,2024-25,regular_season,False,1610612738,BOS,Boston Celtics,1610612764,WAS,Washington Wizards,26,21,W,10,24,0.417,6,12,0.5,0,0,0.0,5,10,15,9,0,2,3,3,5,8,19,0.421,1,8,0.125,4,6,0.667,2,7,9,3,2,2,2,2,-5
0022401140,2025-04-06,2024-25,regular_season,False,1610612752,NYK,New York Knicks,1610612756,PHX,Phoenix Suns,26,20,W,9,17,0.529,2,5,0.4,6,8,0.75,0,13,13,8,1,1,3,2,6,9,26,0.346,1,9,0.111,1,1,1.0,3,5,8,5,3,1,2,6,-6
0022401135,2025-04-06,2024-25,regular_season,False,1610612760,OKC,Oklahoma City Thunder,1610612747,LAL,Los Angeles Lakers,24,36,L,8,22,0.364,3,8,0.375,5,8,0.625,3,6,9,5,3,1,1,4,-12,13,23,0.565,8,13,0.615,2,2,1.0,2,8,10,9,1,1,3,6,12
0022401134,2025-04-06,2024-25,regular_season,False,1610612751,BKN,Brooklyn Nets,1610612761,TOR,Toronto Raptors,23,33,L,10,20,0.5,1,7,0.143,2,3,0.667,0,10,10,8,0,0,6,7,-10,11,22,0.5,3,12,0.25,8,11,0.727,2,9,11,10,4,1,2,3,10
0022401133,2025-04-06,2024-25,regular_season,False,1610612766,CHA,Charlotte Hornets,1610612741,CHI,Chicago Bulls,27,46,L,9,19,0.474,1,8,0.125,8,10,0.8,2,6,8,5,2,0,4,6,-19,16,24,0.667,8,13,0.615,6,9,0.667,3,9,12,10,3,0,2,5,19
0022400617,2025-04-06,2024-25,regular_season,False,1610612740,NOP,New Orleans Pelicans,1610612749,MIL,Milwaukee Bucks,22,30,L,10,24,0.417,1,6,0.167,1,6,0.167,4,10,14,5,0,1,3,1,-8,13,24,0.542,3,8,0.375,1,2,0.5,2,12,14,8,3,0,1,5,8
0022401136,2025-04-06,2024-25,regular_season,False,1610612737,ATL,Atlanta Hawks,1610612762,UTA,Utah Jazz,40,36,W,15,25,0.6,9,16,0.562,1,3,0.333,2,8,10,11,1,1,1,4,4,13,25,0.52,6,13,0.462,4,4,1.0,3,8,11,9,1,1,2,4,-4
0022401144,2025-04-07,2024-25,regular_season,False,1610612765,DET,Detroit Pistons,1610612758,SAC,Sacramento Kings,35,24,W,13,28,0.464,5,14,0.357,4,5,0.8,6,8,14,10,3,0,1,6,11,8,17,0.471,0,3,0.0,8,10,0.8,2,6,8,4,1,1,4,6,-11
0022401145,2025-04-07,2024-25,regular_season,False,1610612748,MIA,Miami Heat,1610612755,PHI,Philadelphia 76ers,32,25,W,11,23,0.478,4,10,0.4,6,8,0.75,4,11,15,8,1,1,3,5,7,9,26,0.346,1,11,0.091,6,7,0.857,6,8,14,4,2,0,2,4,-7
0022401155,2025-04-08,2024-25,regular_season,False,1610612746,LAC,LA Clippers,1610612759,SAS,San Antonio Spurs,26,26,W,10,21,0.476,3,10,0.3,3,5,0.6,5,9,14,6,3,0,7,3,0,11,21,0.524,4,12,0.333,0,1,0.0,1,7,8,5,4,0,6,4,0
0022401154,2025-04-08,2024-25,regular_season,False,1610612756,PHX,Phoenix Suns,1610612744,GSW,Golden State Warriors,19,32,L,7,17,0.412,1,8,0.125,4,4,1.0,2,8,10,5,1,0,7,7,-13,10,26,0.385,2,10,0.2,10,11,0.909,7,8,15,9,5,0,2,3,13
0022401153,2025-04-08,2024-25,regular_season,False,1610612760,OKC,Oklahoma City Thunder,1610612747,LAL,Los Angeles Lakers,37,29,W,16,25,0.64,4,9,0.444,1,2,0.5,1,5,6,10,4,3,1,6,8,8,20,0.4,6,13,0.462,7,8,0.875,4,7,11,5,0,1,8,1,-8
0022401152,2025-04-08,2024-25,regular_season,False,1610612749,MIL,Milwaukee Bucks,1610612750,MIN,Minnesota Timberwolves,22,28,L,7,21,0.333,3,15,0.2,5,9,0.556,2,8,10,6,1,0,2,4,-6,12,25,0.48,2,7,0.286,2,3,0.667,4,13,17,8,1,0,2,5,6
0022401151,2025-04-08,2024-25,regular_season,False,1610612752,NYK,New York Knicks,1610612738,BOS,Boston Celtics,28,25,W,12,24,0.5,2,8,0.25,2,2,1.0,4,11,15,7,0,1,2,6,3,8,22,0.364,4,14,0.286,5,6,0.833,2,6,8,7,1,2,2,5,-3
0022401149,2025-04-08,2024-25,regular_season,False,1610612753,ORL,Orlando Magic,1610612737,ATL,Atlanta Hawks,36,26,W,12,24,0.5,4,7,0.571,8,12,0.667,3,11,14,6,4,2,2,3,10,10,25,0.4,2,12,0.167,4,4,1.0,2,9,11,5,1,2,5,9,-10
0022401148,2025-04-08,2024-25,regular_season,False,1610612754,IND,Indiana Pacers,1610612764,WAS,Washington Wizards,27,13,W,9,26,0.346,1,7,0.143,8,9,0.889,4,13,17,6,5,2,2,6,14,4,25,0.16,0,9,0.0,5,7,0.714,8,11,19,2,1,3,7,7,-14
0022401147,2025-04-08,2024-25,regular_season,False,1610612739,CLE,Cleveland Cavaliers,1610612741,CHI,Chicago Bulls,43,24,W,15,26,0.577,10,17,0.588,3,4,0.75,2,10,12,11,1,1,0,1,19,9,22,0.409,4,12,0.333,2,2,1.0,2,8,10,7,0,1,3,4,-19
0022401146,2025-04-08,2024-25,regular_season,False,1610612766,CHA,Charlotte Hornets,1610612763,MEM,Memphis Grizzlies,26,30,L,9,21,0.429,4,12,0.333,4,5,0.8,0,7,7,5,0,0,2,2,-4,12,25,0.48,4,10,0.4,2,2,1.0,5,9,14,5,1,3,5,6,4
0022401150,2025-04-08,2024-25,regular_season,False,1610612751,BKN,Brooklyn Nets,1610612740,NOP,New Orleans Pelicans,28,29,L,11,20,0.55,5,11,0.455,1,4,0.25,1,9,10,8,3,1,3,6,-1,11,21,0.524,3,6,0.5,4,7,0.571,2,7,9,7,2,2,3,3,1
0022401163,2025-04-09,2024-25,regular_season,False,1610612744,GSW,Golden State Warriors,1610612759,SAS,San Antonio Spurs,19,32,L,6,22,0.273,4,15,0.267,3,3,1.0,4,8,12,5,0,0,3,6,-13,11,25,0.44,5,14,0.357,5,7,0.714,4,11,15,4,0,1,0,5,13
0022401166,2025-04-09,2024-25,regular_season,False,1610612746,LAC,LA Clippers,1610612745,HOU,Houston Rockets,35,23,W,14,27,0.519,4,8,0.5,3,3,1.0,2,8,10,10,4,1,0,2,12,8,21,0.381,4,12,0.333,3,4,0.75,3,10,13,4,0,0,5,3,-12
0022401165,2025-04-09,2024-25,regular_season,False,1610612758,SAC,Sacramento Kings,1610612743,DEN,Denver Nuggets,33,33,L,13,24,0.542,6,11,0.545,1,1,1.0,3,9,12,10,1,2,4,6,0,13,26,0.5,3,9,0.333,4,7,0.571,4,8,12,10,4,1,2,3,0
0022401162,2025-04-09,2024-25,regular_season,False,1610612762,UTA,Utah Jazz,1610612757,POR,Portland Trail Blazers,31,24,W,12,25,0.48,4,10,0.4,3,3,1.0,5,9,14,8,5,2,6,5,7,8,23,0.348,3,14,0.214,5,7,0.714,5,7,12,4,4,1,6,4,-7
0022401164,2025-04-09,2024-25,regular_season,False,1610612756,PHX,Phoenix Suns,1610612760,OKC,Oklahoma City Thunder,28,33,L,10,21,0.476,4,9,0.444,4,6,0.667,3,5,8,6,2,1,2,3,-5,13,24,0.542,4,9,0.444,3,4,0.75,4,9,13,6,1,0,2,4,5
0022401159,2025-04-09,2024-25,regular_season,False,1610612742,DAL,Dallas Mavericks,1610612747,LAL,Los Angeles Lakers,27,34,L,11,18,0.611,1,4,0.25,4,4,1.0,2,5,7,9,1,0,5,3,-7,13,22,0.591,4,10,0.4,4,6,0.667,3,5,8,9,3,0,1,3,7
0022401158,2025-04-09,2024-25,regular_season,False,1610612761,TOR,Toronto Raptors,1610612766,CHA,Charlotte Hornets,28,22,W,11,27,0.407,5,14,0.357,1,2,0.5,4,10,14,7,1,0,2,3,6,10,25,0.4,2,9,0.222,0,1,0.0,3,11,14,7,2,1,5,3,-6
0022401160,2025-04-09,2024-25,regular_season,False,1610612741,CHI,Chicago Bulls,1610612748,MIA,Miami Heat,31,20,W,11,21,0.524,4,9,0.444,5,5,1.0,5,9,14,9,2,2,6,3,11,9,22,0.409,1,5,0.2,1,2,0.5,4,4,8,4,4,1,4,3,-11
0022401157,2025-04-09,2024-25,regular_season,False,1610612764,WAS,Washington Wizards,1610612755,PHI,Philadelphia 76ers,27,28,L,10,21,0.476,2,8,0.25,5,6,0.833,2,12,14,7,2,0,8,5,-1,10,29,0.345,4,19,0.211,4,6,0.667,7,8,15,4,6,0,5,4,1
0022401156,2025-04-09,2024-25,regular_season,False,1610612753,ORL,Orlando Magic,1610612738,BOS,Boston Celtics,22,20,W,9,26,0.346,3,9,0.333,1,1,1.0,4,12,16,4,1,1,1,2,2,9,22,0.409,2,10,0.2,0,0,0.0,1,10,11,8,1,2,2,2,-2
0022401170,2025-04-10,2024-25,regular_season,False,1610612763,MEM,Memphis Grizzlies,1610612750,MIN,Minnesota Timberwolves,41,30,W,15,20,0.75,7,10,0.7,4,4,1.0,1,6,7,9,2,1,4,7,11,10,22,0.455,3,11,0.273,7,9,0.778,2,4,6,6,2,0,5,3,-11
0022401168,2025-04-10,2024-25,regular_season,False,1610612754,IND,Indiana Pacers,1610612739,CLE,Cleveland Cavaliers,24,33,L,11,24,0.458,2,10,0.2,0,2,0.0,3,8,11,6,0,1,3,3,-9,14,26,0.538,3,8,0.375,2,2,1.0,3,11,14,5,2,0,2,3,9
0022401169,2025-04-10,2024-25,regular_season,False,1610612751,BKN,Brooklyn Nets,1610612737,ATL,Atlanta Hawks,31,36,L,9,24,0.375,6,17,0.353,7,9,0.778,2,6,8,9,3,0,2,7,-5,14,19,0.737,3,5,0.6,5,9,0.556,0,13,13,9,1,1,5,7,5
0022401161,2025-04-10,2024-25,regular_season,False,1610612749,MIL,Milwaukee Bucks,1610612740,NOP,New Orleans Pelicans,41,28,W,15,28,0.536,9,16,0.562,2,3,0.667,3,8,11,10,2,0,0,0,13,12,23,0.522,4,10,0.4,0,0,0.0,2,10,12,11,0,0,5,4,-13
0022401167,2025-04-10,2024-25,regular_season,False,1610612765,DET,Detroit Pistons,1610612752,NYK,New York Knicks,27,27,W,11,23,0.478,2,5,0.4,3,3,1.0,2,6,8,5,0,1,2,5,0,9,18,0.5,4,7,0.571,5,6,0.833,1,6,7,7,2,3,4,6,0
0022401179,2025-04-11,2024-25,regular_season,False,1610612750,MIN,Minnesota Timberwolves,1610612751,BKN,Brooklyn Nets,36,36,W,14,23,0.609,5,10,0.5,3,5,0.6,3,7,10,9,0,3,2,7,0,12,24,0.5,4,8,0.5,8,10,0.8,7,6,13,10,1,0,1,6,0
0022401184,2025-04-11,2024-25,regular_season,False,1610612758,SAC,Sacramento Kings,1610612746,LAC,LA Clippers,20,26,L,7,20,0.35,3,7,0.429,3,3,1.0,4,9,13,3,0,0,6,4,-6,11,21,0.524,2,6,0.333,2,2,1.0,1,7,8,4,3,1,2,3,6
0022401183,2025-04-11,2024-25,regular_season,False,1610612757,POR,Portland Trail Blazers,1610612744,GSW,Golden State Warriors,17,24,L,6,23,0.261,2,10,0.2,3,6,0.5,6,10,16,3,1,2,6,4,-7,7,21,0.333,4,12,0.333,6,6,1.0,1,13,14,6,3,2,3,5,7
0022401185,2025-04-11,2024-25,regular_season,False,1610612747,LAL,Los Angeles Lakers,1610612745,HOU,Houston Rockets,40,24,W,15,21,0.714,5,9,0.556,5,7,0.714,0,11,11,8,3,0,2,4,16,9,22,0.409,4,15,0.267,2,3,0.667,1,7,8,4,2,0,6,5,-16
0022401181,2025-04-11,2024-25,regular_season,False,1610612762,UTA,Utah Jazz,1610612760,OKC,Oklahoma City Thunder,24,27,L,9,26,0.346,3,17,0.176,3,5,0.6,3,13,16,6,2,1,2,2,-3,11,26,0.423,5,15,0.333,0,0,0.0,2,14,16,9,2,1,2,4,3
0022401180,2025-04-11,2024-25,regular_season,False,1610612743,DEN,Denver Nuggets,1610612763,MEM,Memphis Grizzlies,25,24,W,10,23,0.435,0,7,0.0,5,6,0.833,2,8,10,8,5,0,3,3,1,9,23,0.391,4,15,0.267,2,2,1.0,4,12,16,6,2,1,6,5,-1
0022401178,2025-04-11,2024-25,regular_season,False,1610612742,DAL,Dallas Mavericks,1610612761,TOR,Toronto Raptors,31,13,W,13,20,0.65,3,7,0.429,2,4,0.5,1,19,20,12,2,7,7,1,18,6,31,0.194,0,8,0.0,1,2,0.5,7,6,13,3,4,0,2,3,-18
0022401182,2025-04-11,2024-25,regular_season,False,1610612756,PHX,Phoenix Suns,1610612759,SAS,San Antonio Spurs,25,14,W,10,23,0.435,5,14,0.357,0,0,0.0,2,12,14,6,2,3,1,0,11,6,23,0.261,2,10,0.2,0,0,0.0,1,10,11,4,0,1,3,0,-11
0022401176,2025-04-11,2024-25,regular_season,False,1610612741,CHI,Chicago Bulls,1610612764,WAS,Washington Wizards,32,19,W,10,20,0.5,4,9,0.444,8,10,0.8,1,11,12,7,2,2,3,2,13,8,22,0.364,3,10,0.3,0,0,0.0,1,9,10,6,2,0,5,6,-13
0022401175,2025-04-11,2024-25,regular_season,False,1610612752,NYK,New York Knicks,1610612739,CLE,Cleveland Cavaliers,23,26,L,9,22,0.409,4,10,0.4,1,2,0.5,1,9,10,6,2,0,3,4,-3,9,22,0.409,3,9,0.333,5,7,0.714,3,10,13,6,2,0,3,3,3
0022401174,2025-04-11,2024-25,regular_season,False,1610612738,BOS,Boston Celtics,1610612766,CHA,Charlotte Hornets,29,28,W,9,21,0.429,6,13,0.462,5,6,0.833,3,8,11,8,1,0,1,3,1,10,23,0.435,5,12,0.417,3,4,0.75,3,8,11,8,1,2,2,4,-1
0022401173,2025-04-11,2024-25,regular_season,False,1610612755,PHI,Philadelphia 76ers,1610612737,ATL,Atlanta Hawks,40,31,W,15,25,0.6,6,8,0.75,4,5,0.8,3,7,10,9,2,1,2,4,9,12,23,0.522,4,10,0.4,3,5,0.6,5,5,10,7,2,1,4,5,-9
0022401172,2025-04-11,2024-25,regular_season,False,1610612754,IND,Indiana Pacers,1610612753,ORL,Orlando Magic,20,43,L,8,20,0.4,1,6,0.167,3,4,0.75,3,5,8,5,2,1,7,4,-23,18,25,0.72,6,9,0.667,1,3,0.333,3,8,11,8,4,2,3,4,23
0022401171,2025-04-11,2024-25,regular_season,False,1610612765,DET,Detroit Pistons,1610612749,MIL,Milwaukee Bucks,29,33,L,12,23,0.522,5,10,0.5,0,2,0.0,0,8,8,7,0,2,2,5,-4,12,24,0.5,4,9,0.444,5,6,0.833,2,9,11,9,0,2,0,3,4
0022401177,2025-04-11,2024-25,regular_season,False,1610612740,NOP,New Orleans Pelicans,1610612748,MIA,Miami Heat,30,36,L,11,25,0.44,7,12,0.583,1,1,1.0,2,10,12,6,1,0,4,4,-6,13,26,0.5,5,12,0.417,5,6,0.833,4,11,15,7,3,0,1,1,6
0022401200,2025-04-13,2024-25,regular_season,False,1610612758,SAC,Sacramento Kings,1610612756,PHX,Phoenix Suns,24,29,L,10,22,0.455,3,9,0.333,1,1,1.0,4,6,10,8,1,0,3,2,-5,12,18,0.667,4,10,0.4,1,4,0.25,1,8,9,9,1,0,3,3,5
0022401199,2025-04-13,2024-25,regular_season,False,1610612757,POR,Portland Trail Blazers,1610612747,LAL,Los Angeles Lakers,29,18,W,11,25,0.44,4,12,0.333,3,6,0.5,10,5,15,8,2,0,2,4,11,7,17,0.412,1,5,0.2,3,4,0.75,4,6,10,5,1,3,6,6,-11
0022401198,2025-04-13,2024-25,regular_season,False,1610612744,GSW,Golden State Warriors,1610612746,LAC,LA Clippers,25,35,L,9,21,0.429,4,11,0.364,3,4,0.75,1,5,6,7,4,3,3,3,-10,13,22,0.591,7,12,0.583,2,2,1.0,0,12,12,11,2,1,4,4,10
0022401197,2025-04-13,2024-25,regular_season,False,1610612759,SAS,San Antonio Spurs,1610612761,TOR,Toronto Raptors,22,37,L,7,21,0.333,2,11,0.182,6,6,1.0,2,6,8,4,2,0,3,4,-15,15,23,0.652,3,5,0.6,4,4,1.0,1,10,11,11,3,0,2,4,15
0022401196,2025-04-13,2024-25,regular_season,False,1610612740,NOP,New Orleans Pelicans,1610612760,OKC,Oklahoma City Thunder,30,26,W,10,25,0.4,1,8,0.125,9,10,0.9,3,8,11,7,2,0,2,7,4,8,21,0.381,0,8,0.0,10,10,1.0,3,9,12,1,2,1,3,8,-4
0022401195,2025-04-13,2024-25,regular_season,False,1610612750,MIN,Minnesota Timberwolves,1610612762,UTA,Utah Jazz,20,25,L,8,25,0.32,1,10,0.1,3,3,1.0,4,9,13,5,2,2,3,5,-5,10,23,0.435,3,11,0.273,2,2,1.0,3,11,14,5,1,2,4,2,5
0022401194,2025-04-13,2024-25,regular_season,False,1610612763,MEM,Memphis Grizzlies,1610612742,DAL,Dallas Mavericks,29,26,W,10,26,0.385,4,10,0.4,5,6,0.833,4,10,14,8,4,0,4,4,3,11,23,0.478,1,5,0.2,3,4,0.75,2,10,12,7,1,1,5,5,-3
0022401191,2025-04-13,2024-25,regular_season,False,1610612755,PHI,Philadelphia 76ers,1610612741,CHI,Chicago Bulls,27,20,W,11,24,0.458,4,12,0.333,1,2,0.5,1,12,13,7,2,2,4,4,7,8,28,0.286,3,11,0.273,1,2,0.5,6,11,17,3,1,1,4,4,-7
0022401192,2025-04-13,2024-25,regular_season,False,1610612749,MIL,Milwaukee Bucks,1610612765,DET,Detroit Pistons,28,30,L,10,17,0.588,5,10,0.5,3,4,0.75,1,8,9,9,1,2,5,5,-2,11,24,0.458,6,12,0.5,2,4,0.5,3,6,9,8,2,1,1,3,2
0022401190,2025-04-13,2024-25,regular_season,False,1610612748,MIA,Miami Heat,1610612764,WAS,Washington Wizards,32,36,L,13,24,0.542,3,4,0.75,3,4,0.75,1,6,7,6,3,1,2,4,-4,13,22,0.591,4,9,0.444,6,7,0.857,2,9,11,11,1,2,4,4,4
0022401189,2025-04-13,2024-25,regular_season,False,1610612739,CLE,Cleveland Cavaliers,1610612754,IND,Indiana Pacers,29,18,W,11,27,0.407,4,11,0.364,3,3,1.0,3,10,13,6,2,1,3,4,11,8,21,0.381,0,11,0.0,2,2,1.0,2,9,11,5,1,1,7,4,-11
0022401188,2025-04-13,2024-25,regular_season,False,1610612751,BKN,Brooklyn Nets,1610612752,NYK,New York Knicks,29,24,W,11,16,0.688,1,5,0.2,6,13,0.462,0,8,8,3,3,1,3,6,5,6,21,0.286,4,13,0.308,8,8,1.0,4,8,12,5,3,0,6,8,-5
0022401187,2025-04-13,2024-25,regular_season,False,1610612738,BOS,Boston Celtics,1610612766,CHA,Charlotte Hornets,21,28,L,9,22,0.409,2,10,0.2,1,2,0.5,4,7,11,7,3,2,4,3,-7,11,26,0.423,2,9,0.222,4,5,0.8,8,8,16,7,3,1,4,3,7
0022401186,2025-04-13,2024-25,regular_season,False,1610612737,ATL,Atlanta Hawks,1610612753,ORL,Orlando Magic,27,22,W,10,19,0.526,5,13,0.385,2,3,0.667,2,10,12,9,3,0,5,2,5,8,20,0.4,5,11,0.455,1,2,0.5,2,7,9,6,4,0,5,4,-5
0022401193,2025-04-13,2024-25,regular_season,False,1610612745,HOU,Houston Rockets,1610612743,DEN,Denver Nuggets,29,29,L,11,27,0.407,3,11,0.273,4,5,0.8,3,9,12,10,1,1,1,6,0,9,23,0.391,4,11,0.364,7,8,0.875,3,10,13,6,1,1,3,5,0
0052400101,2025-04-15,2024-25,play_in,False,1610612753,ORL,Orlando Magic,1610612737,ATL,Atlanta Hawks,29,30,L,12,27,0.444,2,11,0.182,3,5,0.6,4,10,14,9,1,2,1,8,-1,10,21,0.476,2,6,0.333,8,11,0.727,1,10,11,9,1,2,1,6,1
0052400121,2025-04-15,2024-25,play_in,False,1610612744,GSW,Golden State Warriors,1610612763,MEM,Memphis Grizzlies,36,30,W,11,23,0.478,5,11,0.455,9,11,0.818,6,6,12,8,3,2,3,6,6,11,23,0.478,2,6,0.333,6,7,0.857,4,7,11,5,0,0,3,9,-6
0052400111,2025-04-16,2024-25,play_in,False,1610612741,CHI,Chicago Bulls,1610612748,MIA,Miami Heat,19,32,L,8,22,0.364,3,11,0.273,0,1,0.0,3,7,10,6,2,1,6,1,-13,13,23,0.565,4,9,0.444,2,2,1.0,2,10,12,11,3,2,2,3,13
0052400131,2025-04-16,2024-25,play_in,False,1610612758,SAC,Sacramento Kings,1610612742,DAL,Dallas Mavericks,19,44,L,7,19,0.368,3,7,0.429,2,3,0.667,4,4,8,5,1,1,10,5,-25,15,22,0.682,8,11,0.727,6,6,1.0,2,6,8,12,6,2,1,4,25
0052400211,2025-04-18,2024-25,play_in,False,1610612763,MEM,Memphis Grizzlies,1610612742,DAL,Dallas Mavericks,27,25,W,11,25,0.44,2,7,0.286,3,3,1.0,2,10,12,8,1,2,1,5,2,10,25,0.4,3,13,0.231,2,4,0.5,3,10,13,4,0,1,2,3,-2
0052400201,2025-04-18,2024-25,play_in,False,1610612737,ATL,Atlanta Hawks,1610612748,MIA,Miami Heat,29,29,L,10,26,0.385,4,11,0.364,5,6,0.833,4,7,11,6,3,0,1,7,0,9,17,0.529,4,10,0.4,7,10,0.7,0,10,10,7,1,3,4,3,0
0042400121,2025-04-19,2024-25,playoffs,False,1610612752,NYK,New York Knicks,1610612765,DET,Detroit Pistons,30,28,W,11,22,0.5,2,4,0.5,6,6,1.0,2,7,9,5,4,3,3,4,2,9,20,0.45,6,10,0.6,4,4,1.0,3,6,9,6,1,1,6,5,-2
0042400131,2025-04-19,2024-25,playoffs,False,1610612754,IND,Indiana Pacers,1610612749,MIL,Milwaukee Bucks,34,18,W,11,20,0.55,2,5,0.4,10,10,1.0,1,12,13,6,3,1,1,4,16,8,22,0.364,1,11,0.091,1,3,0.333,1,8,9,4,0,1,4,7,-16
0042400161,2025-04-19,2024-25,playoffs,False,1610612747,LAL,Los Angeles Lakers,1610612750,MIN,Minnesota Timberwolves,20,38,L,6,16,0.375,1,7,0.143,7,8,0.875,1,4,5,2,1,1,3,4,-18,13,24,0.542,8,15,0.533,4,5,0.8,5,8,13,8,1,2,2,7,18
0042400171,2025-04-19,2024-25,playoffs,False,1610612743,DEN,Denver Nuggets,1610612746,LAC,LA Clippers,22,18,W,8,23,0.348,1,3,0.333,5,8,0.625,3,10,13,5,5,0,5,5,4,8,20,0.4,1,6,0.167,1,4,0.25,3,9,12,7,1,3,8,7,-4
0042400101,2025-04-20,2024-25,playoffs,False,1610612739,CLE,Cleveland Cavaliers,1610612748,MIA,Miami Heat,31,30,W,12,22,0.545,6,12,0.5,1,1,1.0,3,7,10,6,2,3,2,5,1,11,24,0.458,5,11,0.455,3,4,0.75,4,6,10,7,1,1,3,1,-1
0042400111,2025-04-20,2024-25,playoffs,False,1610612738,BOS,Boston Celtics,1610612753,ORL,Orlando Magic,22,31,L,7,20,0.35,3,7,0.429,5,5,1.0,4,4,8,4,3,2,4,2,-9,12,19,0.632,5,9,0.556,2,2,1.0,2,6,8,8,2,2,3,4,9
0042400141,2025-04-20,2024-25,playoffs,False,1610612760,OKC,Oklahoma City Thunder,1610612763,MEM,Memphis Grizzlies,36,16,W,15,26,0.577,4,11,0.364,2,2,1.0,2,10,12,10,5,0,4,4,20,6,21,0.286,0,9,0.0,4,4,1.0,3,7,10,2,2,0,8,4,-20
0042400151,2025-04-20,2024-25,playoffs,False,1610612745,HOU,Houston Rockets,1610612744,GSW,Golden State Warriors,13,29,L,6,18,0.333,1,6,0.167,0,2,0.0,3,5,8,4,4,0,7,5,-16,10,16,0.625,4,7,0.571,5,6,0.833,1,8,9,4,6,0,5,3,16
0042400172,2025-04-21,2024-25,playoffs,False,1610612743,DEN,Denver Nuggets,1610612746,LAC,LA Clippers,21,30,L,8,19,0.421,4,10,0.4,1,1,1.0,3,8,11,5,1,0,5,3,-9,11,22,0.5,5,10,0.5,3,4,0.75,2,8,10,5,2,2,2,3,9
0042400122,2025-04-21,2024-25,playoffs,False,1610612752,NYK,New York Knicks,1610612765,DET,Detroit Pistons,31,30,W,12,22,0.545,5,8,0.625,2,2,1.0,3,6,9,7,2,0,5,6,1,9,18,0.5,3,9,0.333,9,10,0.9,3,4,7,2,4,2,3,5,-1
0042400132,2025-04-22,2024-25,playoffs,False,1610612754,IND,Indiana Pacers,1610612749,MIL,Milwaukee Bucks,28,30,L,12,28,0.429,3,9,0.333,1,1,1.0,3,8,11,7,4,1,1,4,-2,10,21,0.476,4,9,0.444,6,6,1.0,2,11,13,7,1,3,5,3,2
0042400142,2025-04-22,2024-25,playoffs,False,1610612760,OKC,Oklahoma City Thunder,1610612763,MEM,Memphis Grizzlies,38,35,W,15,25,0.6,7,12,0.583,1,3,0.333,2,5,7,7,4,0,3,2,3,15,22,0.682,3,6,0.5,2,2,1.0,0,8,8,6,2,0,5,4,-3
0042400162,2025-04-22,2024-25,playoffs,False,1610612747,LAL,Los Angeles Lakers,1610612750,MIN,Minnesota Timberwolves,24,28,L,9,16,0.562,1,6,0.167,5,5,1.0,1,6,7,6,0,1,4,8,-4,10,19,0.526,0,3,0.0,8,8,1.0,2,4,6,2,1,0,2,7,4
0042400102,2025-04-23,2024-25,playoffs,False,1610612739,CLE,Cleveland Cavaliers,1610612748,MIA,Miami Heat,43,27,W,15,23,0.652,11,16,0.688,2,2,1.0,2,8,10,11,3,0,2,3,16,10,21,0.476,5,15,0.333,2,2,1.0,2,5,7,7,0,1,5,1,-16
0042400112,2025-04-23,2024-25,playoffs,False,1610612738,BOS,Boston Celtics,1610612753,ORL,Orlando Magic,27,26,W,9,20,0.45,1,8,0.125,8,11,0.727,3,10,13,5,2,1,2,5,1,10,22,0.455,1,6,0.167,5,8,0.625,3,6,9,4,2,1,2,7,-1
0042400152,2025-04-23,2024-25,playoffs,False,1610612745,HOU,Houston Rockets,1610612744,GSW,Golden State Warriors,32,28,W,10,24,0.417,5,11,0.455,7,9,0.778,6,7,13,2,3,3,2,4,4,11,22,0.5,5,8,0.625,1,2,0.5,2,6,8,7,2,1,4,6,-4
0042400173,2025-04-24,2024-25,playoffs,False,1610612746,LAC,LA Clippers,1610612743,DEN,Denver Nuggets,30,19,W,12,25,0.48,3,9,0.333,3,4,0.75,6,12,18,7,0,4,2,5,11,7,25,0.28,2,12,0.167,3,6,0.5,6,8,14,2,1,0,1,4,-11
0042400123,2025-04-24,2024-25,playoffs,False,1610612765,DET,Detroit Pistons,1610612752,NYK,New York Knicks,26,33,L,8,17,0.471,5,8,0.625,5,6,0.833,1,8,9,4,1,1,6,8,-7,11,21,0.524,3,7,0.429,8,8,1.0,1,7,8,6,5,4,2,6,7
0042400143,2025-04-24,2024-25,playoffs,False,1610612763,MEM,Memphis Grizzlies,1610612760,OKC,Oklahoma City Thunder,37,22,W,14,21,0.667,3,7,0.429,6,10,0.6,1,11,12,10,4,2,2,6,15,7,22,0.318,3,11,0.273,5,8,0.625,3,6,9,5,1,1,4,7,-15
0042400163,2025-04-25,2024-25,playoffs,False,1610612750,MIN,Minnesota Timberwolves,1610612747,LAL,Los Angeles Lakers,22,32,L,8,25,0.32,1,9,0.111,5,8,0.625,2,6,8,5,3,0,1,8,-10,11,21,0.524,5,11,0.455,5,11,0.455,4,12,16,3,1,4,4,8,10
0042400113,2025-04-25,2024-25,playoffs,False,1610612753,ORL,Orlando Magic,1610612738,BOS,Boston Celtics,18,32,L,7,23,0.304,2,8,0.25,2,2,1.0,3,4,7,4,2,1,2,4,-14,13,21,0.619,4,7,0.571,2,2,1.0,4,11,15,4,1,1,5,3,14
0042400133,2025-04-25,2024-25,playoffs,False,1610612749,MIL,Milwaukee Bucks,1610612754,IND,Indiana Pacers,21,31,L,8,24,0.333,2,14,0.143,3,5,0.6,5,8,13,4,1,2,3,4,-10,13,24,0.542,5,10,0.5,0,1,0.0,0,10,10,11,3,1,2,6,10
0042400103,2025-04-26,2024-25,playoffs,False,1610612748,MIA,Miami Heat,1610612739,CLE,Cleveland Cavaliers,22,29,L,7,17,0.412,5,13,0.385,3,5,0.6,1,5,6,5,2,0,4,5,-7,10,18,0.556,3,7,0.429,6,6,1.0,3,6,9,7,0,1,3,5,7
0042400144,2025-04-26,2024-25,playoffs,False,1610612763,MEM,Memphis Grizzlies,1610612760,OKC,Oklahoma City Thunder,28,26,W,8,18,0.444,2,5,0.4,10,10,1.0,3,12,15,6,1,3,5,6,2,10,24,0.417,3,12,0.25,3,5,0.6,3,5,8,7,3,3,3,5,-2
0042400153,2025-04-26,2024-25,playoffs,False,1610612744,GSW,Golden State Warriors,1610612745,HOU,Houston Rockets,28,27,W,9,21,0.429,4,10,0.4,6,7,0.857,2,11,13,6,0,1,3,9,1,9,21,0.429,3,8,0.375,6,14,0.429,4,9,13,5,2,2,1,6,-1
0042400174,2025-04-26,2024-25,playoffs,False,1610612746,LAC,LA Clippers,1610612743,DEN,Denver Nuggets,26,23,W,11,23,0.478,3,9,0.333,1,2,0.5,2,9,11,8,2,2,2,9,3,7,16,0.438,1,4,0.25,8,12,0.667,0,8,8,5,2,0,3,5,-3
0042400164,2025-04-27,2024-25,playoffs,False,1610612750,MIN,Minnesota Timberwolves,1610612747,LAL,Los Angeles Lakers,33,26,W,11,21,0.524,5,10,0.5,6,10,0.6,3,8,11,5,5,0,3,6,7,7,17,0.412,4,10,0.4,8,10,0.8,3,8,11,4,3,0,6,8,-7
0042400114,2025-04-27,2024-25,playoffs,False,1610612753,ORL,Orlando Magic,1610612738,BOS,Boston Celtics,19,21,L,8,21,0.381,2,7,0.286,1,2,0.5,2,8,10,7,3,2,4,5,-2,8,19,0.421,2,6,0.333,3,3,1.0,3,9,12,6,3,1,7,4,2
0042400124,2025-04-27,2024-25,playoffs,False,1610612765,DET,Detroit Pistons,1610612752,NYK,New York Knicks,24,21,W,9,24,0.375,2,10,0.2,4,5,0.8,4,10,14,4,1,1,6,7,3,5,23,0.217,1,11,0.091,10,12,0.833,6,9,15,3,2,1,2,6,-3
0042400134,2025-04-27,2024-25,playoffs,False,1610612749,MIL,Milwaukee Bucks,1610612754,IND,Indiana Pacers,28,33,L,10,22,0.455,4,10,0.4,4,4,1.0,1,6,7,7,0,0,1,5,-5,10,21,0.476,6,13,0.462,7,7,1.0,3,7,10,7,1,2,2,4,5
0042400154,2025-04-28,2024-25,playoffs,False,1610612744,GSW,Golden State Warriors,1610612745,HOU,Houston Rockets,22,31,L,7,16,0.438,5,10,0.5,3,3,1.0,0,5,5,5,2,0,8,7,-9,10,18,0.556,4,6,0.667,7,11,0.636,3,6,9,5,5,1,3,5,9
0042400104,2025-04-28,2024-25,playoffs,False,1610612748,MIA,Miami Heat,1610612739,CLE,Cleveland Cavaliers,16,29,L,6,22,0.273,2,13,0.154,2,2,1.0,3,10,13,4,3,1,6,5,-13,9,22,0.409,5,13,0.385,6,7,0.857,3,12,15,5,5,2,5,2,13
0042400115,2025-04-29,2024-25,playoffs,False,1610612738,BOS,Boston Celtics,1610612753,ORL,Orlando Magic,24,22,W,11,20,0.55,0,2,0.0,2,2,1.0,0,6,6,5,1,0,3,7,2,6,21,0.286,0,8,0.0,10,13,0.769,7,9,16,3,1,0,4,4,-2
0042400125,2025-04-29,2024-25,playoffs,False,1610612752,NYK,New York Knicks,1610612765,DET,Detroit Pistons,27,27,L,11,25,0.44,2,6,0.333,3,5,0.6,5,6,11,5,0,2,1,7,0,11,22,0.5,2,8,0.25,3,7,0.429,5,8,13,6,1,4,3,7,0
0042400135,2025-04-29,2024-25,playoffs,False,1610612754,IND,Indiana Pacers,1610612749,MIL,Milwaukee Bucks,28,17,W,11,23,0.478,3,6,0.5,3,3,1.0,2,9,11,8,3,1,4,4,11,6,19,0.316,3,9,0.333,2,4,0.5,3,9,12,6,3,2,7,2,-11
0042400175,2025-04-29,2024-25,playoffs,False,1610612743,DEN,Denver Nuggets,1610612746,LAC,LA Clippers,32,36,L,12,19,0.632,4,6,0.667,4,4,1.0,1,3,4,8,0,1,1,4,-4,14,19,0.737,5,8,0.625,3,4,0.75,2,6,8,11,1,1,2,5,4
0042400155,2025-04-30,2024-25,playoffs,False,1610612745,HOU,Houston Rockets,1610612744,GSW,Golden State Warriors,36,25,W,14,19,0.737,4,6,0.667,4,7,0.571,0,9,9,10,3,1,3,9,11,7,23,0.304,4,13,0.308,7,10,0.7,7,6,13,3,1,0,5,5,-11
0042400165,2025-04-30,2024-25,playoffs,False,1610612747,LAL,Los Angeles Lakers,1610612750,MIN,Minnesota Timberwolves,27,28,L,10,18,0.556,2,7,0.286,5,5,1.0,1,6,7,8,2,1,4,7,-1,10,24,0.417,3,14,0.214,5,8,0.625,6,6,12,8,3,1,4,6,1
0042400176,2025-05-01,2024-25,playoffs,False,1610612746,LAC,LA Clippers,1610612743,DEN,Denver Nuggets,33,29,W,11,23,0.478,3,12,0.25,8,9,0.889,3,4,7,4,4,1,2,4,4,12,19,0.632,3,7,0.429,2,3,0.667,1,8,9,8,1,0,8,6,-4
0042400126,2025-05-01,2024-25,playoffs,False,1610612765,DET,Detroit Pistons,1610612752,NYK,New York Knicks,38,22,W,14,24,0.583,6,13,0.462,4,6,0.667,1,9,10,12,1,1,2,6,16,7,19,0.368,1,8,0.125,7,7,1.0,1,8,9,4,1,0,5,5,-16
0042400156,2025-05-02,2024-25,playoffs,False,1610612744,GSW,Golden State Warriors,1610612745,HOU,Houston Rockets,27,28,L,8,22,0.364,4,12,0.333,7,8,0.875,5,10,15,6,1,2,6,5,-1,10,22,0.455,3,8,0.375,5,8,0.625,2,7,9,7,4,2,1,6,1
0042400177,2025-05-03,2024-25,playoffs,False,1610612743,DEN,Denver Nuggets,1610612746,LAC,LA Clippers,37,21,W,13,25,0.52,4,8,0.5,7,11,0.636,4,10,14,6,3,1,0,4,16,8,20,0.4,2,8,0.25,3,3,1.0,0,9,9,5,0,3,5,8,-16
0042400157,2025-05-04,2024-25,playoffs,False,1610612745,HOU,Houston Rockets,1610612744,GSW,Golden State Warriors,20,28,L,7,21,0.333,2,6,0.333,4,5,0.8,6,8,14,1,0,1,3,3,-8,11,21,0.524,5,11,0.455,1,2,0.5,0,8,8,8,3,2,0,4,8
0042400201,2025-05-04,2024-25,playoffs,False,1610612739,CLE,Cleveland Cavaliers,1610612754,IND,Indiana Pacers,33,28,W,14,27,0.519,2,8,0.25,3,3,1.0,4,7,11,7,0,0,1,4,5,10,19,0.526,3,6,0.5,5,5,1.0,1,8,9,5,1,2,4,7,-5
0042400211,2025-05-05,2024-25,playoffs,False,1610612738,BOS,Boston Celtics,1610612752,NYK,New York Knicks,35,20,W,13,24,0.542,1,9,0.111,8,9,0.889,3,11,14,4,1,0,0,7,15,7,20,0.35,1,6,0.167,5,11,0.455,2,5,7,4,0,0,2,7,-15
0042400221,2025-05-05,2024-25,playoffs,False,1610612760,OKC,Oklahoma City Thunder,1610612743,DEN,Denver Nuggets,33,24,W,11,24,0.458,7,14,0.5,4,5,0.8,2,9,11,9,4,4,3,6,9,10,25,0.4,0,4,0.0,4,5,0.8,5,10,15,3,1,2,6,5,-9
0042400202,2025-05-06,2024-25,playoffs,False,1610612739,CLE,Cleveland Cavaliers,1610612754,IND,Indiana Pacers,29,35,L,10,24,0.417,4,15,0.267,5,5,1.0,5,4,9,5,3,2,3,6,-6,11,18,0.611,4,7,0.571,9,11,0.818,2,8,10,7,3,0,5,4,6
0042400231,2025-05-06,2024-25,playoffs,False,1610612750,MIN,Minnesota Timberwolves,1610612744,GSW,Golden State Warriors,11,26,L,4,18,0.222,0,7,0.0,3,4,0.75,1,5,6,3,4,2,7,6,-15,9,21,0.429,5,9,0.556,3,4,0.75,6,11,17,7,5,0,8,2,15
0042400212,2025-05-07,2024-25,playoffs,False,1610612738,BOS,Boston Celtics,1610612752,NYK,New York Knicks,26,28,L,9,25,0.36,2,11,0.182,6,7,0.857,3,8,11,5,2,2,4,5,-2,11,21,0.524,2,5,0.4,4,4,1.0,1,8,9,6,2,1,4,5,2
0042400222,2025-05-07,2024-25,playoffs,False,1610612760,OKC,Oklahoma City Thunder,1610612743,DEN,Denver Nuggets,42,35,W,15,30,0.5,5,14,0.357,7,8,0.875,5,9,14,6,2,3,1,7,7,10,23,0.435,6,10,0.6,9,11,0.818,3,7,10,6,0,2,5,9,-7
0042400232,2025-05-08,2024-25,playoffs,False,1610612750,MIN,Minnesota Timberwolves,1610612744,GSW,Golden State Warriors,27,24,W,11,20,0.55,4,6,0.667,1,5,0.2,2,8,10,9,0,2,3,6,3,9,20,0.45,0,5,0.0,6,7,0.857,3,9,12,7,3,1,4,3,-3
0042400223,2025-05-09,2024-25,playoffs,False,1610612743,DEN,Denver Nuggets,1610612760,OKC,Oklahoma City Thunder,29,28,W,10,17,0.588,4,7,0.571,5,7,0.714,0,10,10,7,2,0,7,5,1,12,24,0.5,1,7,0.143,3,7,0.429,5,7,12,7,4,1,3,5,-1
0042400203,2025-05-09,2024-25,playoffs,False,1610612754,IND,Indiana Pacers,1610612739,CLE,Cleveland Cavaliers,13,34,L,5,22,0.227,0,11,0.0,3,5,0.6,2,7,9,4,1,3,6,7,-21,13,28,0.464,3,12,0.25,5,6,0.833,6,15,21,9,1,2,3,6,21
0042400213,2025-05-10,2024-25,playoffs,False,1610612752,NYK,New York Knicks,1610612738,BOS,Boston Celtics,26,35,L,9,20,0.45,1,5,0.2,7,8,0.875,5,4,9,3,0,0,5,4,-9,13,25,0.52,6,12,0.5,3,4,0.75,6,5,11,8,2,4,3,6,9
0042400233,2025-05-10,2024-25,playoffs,False,1610612744,GSW,Golden State Warriors,1610612750,MIN,Minnesota Timberwolves,21,19,W,8,22,0.364,0,4,0.0,5,5,1.0,5,9,14,5,2,2,4,4,2,7,21,0.333,4,12,0.333,1,2,0.5,2,8,10,6,1,1,5,6,-2
0042400204,2025-05-11,2024-25,playoffs,False,1610612754,IND,Indiana Pacers,1610612739,CLE,Cleveland Cavaliers,42,16,W,16,24,0.667,6,8,0.75,4,6,0.667,3,7,10,12,1,0,1,5,26,4,17,0.235,2,11,0.182,6,6,1.0,3,5,8,1,1,1,7,9,-26
0042400224,2025-05-11,2024-25,playoffs,False,1610612743,DEN,Denver Nuggets,1610612760,OKC,Oklahoma City Thunder,28,25,W,6,16,0.375,3,8,0.375,13,14,0.929,1,6,7,5,2,1,3,5,3,10,25,0.4,2,11,0.182,3,4,0.75,5,10,15,6,3,0,4,9,-3
0042400214,2025-05-12,2024-25,playoffs,False,1610612752,NYK,New York Knicks,1610612738,BOS,Boston Celtics,23,23,W,8,24,0.333,3,12,0.25,4,4,1.0,7,6,13,5,1,1,4,7,0,7,18,0.389,3,10,0.3,6,8,0.75,3,7,10,3,1,1,3,6,0
0042400234,2025-05-12,2024-25,playoffs,False,1610612744,GSW,Golden State Warriors,1610612750,MIN,Minnesota Timberwolves,32,31,W,9,21,0.429,2,4,0.5,12,12,1.0,7,8,15,2,3,0,4,5,1,10,20,0.5,6,12,0.5,5,5,1.0,1,5,6,5,3,2,3,6,-1
0042400205,2025-05-13,2024-25,playoffs,False,1610612739,CLE,Cleveland Cavaliers,1610612754,IND,Indiana Pacers,25,33,L,9,17,0.529,1,6,0.167,6,8,0.75,2,7,9,1,2,0,6,6,-8,10,20,0.5,7,12,0.583,6,8,0.75,2,7,9,7,3,1,3,6,8
0042400225,2025-05-13,2024-25,playoffs,False,1610612760,OKC,Oklahoma City Thunder,1610612743,DEN,Denver Nuggets,27,28,L,11,23,0.478,2,7,0.286,3,5,0.6,1,7,8,6,3,2,3,3,-1,11,25,0.44,4,8,0.5,2,2,1.0,3,11,14,7,2,2,6,7,1
0042400235,2025-05-14,2024-25,playoffs,False,1610612750,MIN,Minnesota Timberwolves,1610612744,GSW,Golden State Warriors,32,24,W,13,21,0.619,4,9,0.444,2,3,0.667,2,10,12,11,3,0,6,4,8,9,23,0.391,1,11,0.091,5,7,0.714,3,6,9,4,5,0,3,4,-8
0042400215,2025-05-14,2024-25,playoffs,False,1610612738,BOS,Boston Celtics,1610612752,NYK,New York Knicks,29,27,W,10,18,0.556,5,10,0.5,4,6,0.667,1,8,9,5,0,1,2,4,2,9,20,0.45,4,8,0.5,5,7,0.714,2,8,10,5,1,0,2,5,-2
0042400226,2025-05-15,2024-25,playoffs,False,1610612743,DEN,Denver Nuggets,1610612760,OKC,Oklahoma City Thunder,27,33,L,9,22,0.409,2,5,0.4,7,10,0.7,3,8,11,3,3,0,4,6,-6,12,20,0.6,4,7,0.571,5,10,0.5,2,10,12,6,3,1,4,9,6
0042400216,2025-05-16,2024-25,playoffs,False,1610612752,NYK,New York Knicks,1610612738,BOS,Boston Celtics,38,17,W,14,24,0.583,4,9,0.444,6,7,0.857,5,11,16,5,2,1,5,8,21,6,19,0.316,1,10,0.1,4,6,0.667,1,6,7,4,1,1,6,8,-21
0042400227,2025-05-18,2024-25,playoffs,False,1610612760,OKC,Oklahoma City Thunder,1610612743,DEN,Denver Nuggets,39,20,W,16,29,0.552,4,12,0.333,3,5,0.6,6,6,12,10,6,1,2,6,19,6,20,0.3,2,12,0.167,6,7,0.857,5,7,12,3,2,0,8,5,-19
0042400311,2025-05-20,2024-25,playoffs,False,1610612760,OKC,Oklahoma City Thunder,1610612750,MIN,Minnesota Timberwolves,24,25,L,9,23,0.391,2,3,0.667,4,4,1.0,5,12,17,9,2,1,7,6,-1,7,22,0.318,5,17,0.294,6,8,0.75,3,8,11,4,3,4,4,5,1
0042400301,2025-05-21,2024-25,playoffs,False,1610612752,NYK,New York Knicks,1610612754,IND,Indiana Pacers,33,28,W,10,26,0.385,4,13,0.308,9,9,1.0,2,13,15,6,2,2,4,7,5,9,26,0.346,3,9,0.333,7,9,0.778,3,10,13,4,1,2,2,5,-5
0042400312,2025-05-22,2024-25,playoffs,False,1610612760,OKC,Oklahoma City Thunder,1610612750,MIN,Minnesota Timberwolves,29,25,W,11,22,0.5,3,12,0.25,4,4,1.0,3,8,11,7,2,0,3,4,4,10,20,0.5,4,13,0.308,1,1,1.0,0,8,8,8,1,2,4,5,-4
0042400302,2025-05-23,2024-25,playoffs,False,1610612752,NYK,New York Knicks,1610612754,IND,Indiana Pacers,26,25,W,9,19,0.474,1,5,0.2,7,7,1.0,3,7,10,3,2,3,4,2,1,11,22,0.5,2,5,0.4,1,1,1.0,2,7,9,5,2,0,5,7,-1
0042400313,2025-05-24,2024-25,playoffs,False,1610612750,MIN,Minnesota Timberwolves,1610612760,OKC,Oklahoma City Thunder,38,27,W,14,25,0.56,3,6,0.5,7,8,0.875,3,10,13,10,1,0,2,8,11,6,19,0.316,4,12,0.333,11,13,0.846,2,7,9,3,0,0,4,8,-11
0042400303,2025-05-25,2024-25,playoffs,False,1610612754,IND,Indiana Pacers,1610612752,NYK,New York Knicks,28,19,W,10,16,0.625,1,4,0.25,7,10,0.7,1,8,9,7,3,0,3,4,9,8,19,0.421,3,10,0.3,0,0,0.0,2,4,6,5,1,0,6,9,-9
0042400314,2025-05-26,2024-25,playoffs,False,1610612750,MIN,Minnesota Timberwolves,1610612760,OKC,Oklahoma City Thunder,27,28,L,7,19,0.368,3,8,0.375,10,14,0.714,4,8,12,6,3,1,6,6,-1,10,25,0.4,4,10,0.4,4,7,0.571,6,4,10,6,5,2,4,8,1
0042400304,2025-05-27,2024-25,playoffs,False,1610612754,IND,Indiana Pacers,1610612752,NYK,New York Knicks,26,29,L,10,23,0.435,2,8,0.25,4,4,1.0,1,8,9,6,4,1,3,8,-3,9,19,0.474,2,7,0.286,9,10,0.9,2,11,13,4,2,2,5,4,3
0042400315,2025-05-28,2024-25,playoffs,False,1610612760,OKC,Oklahoma City Thunder,1610612750,MIN,Minnesota Timberwolves,39,23,W,11,21,0.524,2,8,0.25,15,17,0.882,2,9,11,5,7,1,2,4,16,9,18,0.5,4,9,0.444,1,2,0.5,0,9,9,5,2,2,10,9,-16
0042400305,2025-05-29,2024-25,playoffs,False,1610612752,NYK,New York Knicks,1610612754,IND,Indiana Pacers,29,22,W,12,22,0.545,2,5,0.4,3,3,1.0,5,11,16,5,2,0,6,4,7,8,21,0.381,3,9,0.333,3,4,0.75,2,4,6,6,3,3,3,5,-7
0042400306,2025-05-31,2024-25,playoffs,False,1610612754,IND,Indiana Pacers,1610612752,NYK,New York Knicks,33,30,W,11,19,0.579,4,7,0.571,7,9,0.778,2,4,6,7,3,3,1,7,3,11,19,0.579,1,4,0.25,7,8,0.875,1,7,8,6,1,0,4,6,-3
0042400401,2025-06-05,2024-25,playoffs,False,1610612760,OKC,Oklahoma City Thunder,1610612754,IND,Indiana Pacers,28,25,W,9,27,0.333,4,12,0.333,6,6,1.0,3,8,11,5,8,1,1,6,3,7,18,0.389,5,10,0.5,6,8,0.75,4,14,18,5,0,3,11,5,-3
0042400402,2025-06-08,2024-25,playoffs,False,1610612760,OKC,Oklahoma City Thunder,1610612754,IND,Indiana Pacers,33,21,W,13,24,0.542,3,8,0.375,4,4,1.0,4,10,14,6,4,1,5,4,12,8,22,0.364,2,8,0.25,3,5,0.6,3,7,10,7,3,1,6,5,-12
0042400403,2025-06-11,2024-25,playoffs,False,1610612754,IND,Indiana Pacers,1610612760,OKC,Oklahoma City Thunder,40,28,W,14,23,0.609,3,6,0.5,9,9,1.0,2,6,8,10,3,4,1,7,12,9,20,0.45,3,5,0.6,7,9,0.778,2,7,9,4,0,1,6,7,-12
0042400404,2025-06-13,2024-25,playoffs,False,1610612754,IND,Indiana Pacers,1610612760,OKC,Oklahoma City Thunder,25,23,W,10,24,0.417,3,11,0.273,2,3,0.667,5,9,14,6,1,1,5,5,2,8,21,0.381,0,6,0.0,7,8,0.875,3,7,10,3,4,1,3,5,-2
0042400405,2025-06-16,2024-25,playoffs,False,1610612760,OKC,Oklahoma City Thunder,1610612754,IND,Indiana Pacers,27,23,W,8,21,0.381,4,11,0.364,7,7,1.0,3,7,10,6,3,5,3,7,4,7,25,0.28,2,8,0.25,7,9,0.778,9,9,18,5,3,0,4,5,-4
0042400406,2025-06-19,2024-25,playoffs,False,1610612754,IND,Indiana Pacers,1610612760,OKC,Oklahoma City Thunder,36,17,W,15,27,0.556,4,10,0.4,2,3,0.667,4,7,11,8,4,1,2,3,19,6,17,0.353,0,5,0.0,5,5,1.0,2,5,7,0,0,1,7,5,-19
0042400407,2025-06-22,2024-25,playoffs,False,1610612760,OKC,Oklahoma City Thunder,1610612754,IND,Indiana Pacers,22,26,L,7,22,0.318,2,13,0.154,6,9,0.667,3,9,12,6,3,0,4,5,-4,8,17,0.471,4,8,0.5,6,10,0.6,1,10,11,3,3,2,5,8,4
