game_id,game_date,season,game_type,home_or_road,neutral_site,team_id,team_tricode,team_name,minutes,points,plus_minus_points,team_city,team_slug,field_goals_made,field_goals_attempted,field_goals_percentage,three_pointers_made,three_pointers_attempted,three_pointers_percentage,free_throws_made,free_throws_attempted,free_throws_percentage,rebounds_offensive,rebounds_defensive,rebounds_total,assists,steals,blocks,turnovers,fouls_personal,team_id_home,team_abbreviation_home,team_name_home,team_id_road,team_abbreviation_road,team_name_road
0022300061,2023-10-24,2023-24,regular_season,home,False,1610612743,DEN,Nuggets,240:00,119,12,Denver,nuggets,48,91,0.527,14,34,0.412,9,12,0.75,9,33,42,29,9,6,11,15,1610612743,DEN,Denver Nuggets,1610612747,LAL,Los Angeles Lakers
0022300061,2023-10-24,2023-24,regular_season,road,False,1610612747,LAL,Lakers,240:00,107,-12,Los Angeles,lakers,41,90,0.456,10,29,0.345,15,20,0.75,13,31,44,23,5,4,11,18,1610612743,DEN,Denver Nuggets,1610612747,LAL,Los Angeles Lakers
0022300062,2023-10-24,2023-24,regular_season,home,False,1610612744,GSW,Warriors,240:00,104,-4,Golden State,warriors,36,101,0.356,10,43,0.233,22,28,0.786,18,31,49,19,11,6,11,23,1610612744,GSW,Golden State Warriors,1610612756,PHX,Phoenix Suns
0022300062,2023-10-24,2023-24,regular_season,road,False,1610612756,PHX,Suns,240:00,108,4,Phoenix,suns,42,95,0.442,11,33,0.333,13,17,0.765,17,43,60,23,5,7,19,22,1610612744,GSW,Golden State Warriors,1610612756,PHX,Phoenix Suns
0022300063,2023-10-25,2023-24,regular_season,home,False,1610612766,CHA,Hornets,240:00,116,6,Charlotte,hornets,43,86,0.5,11,37,0.297,19,26,0.731,12,39,51,34,5,3,19,21,1610612766,CHA,Charlotte Hornets,1610612737,ATL,Atlanta Hawks
0022300063,2023-10-25,2023-24,regular_season,road,False,1610612737,ATL,Hawks,240:00,110,-6,Atlanta,hawks,39,93,0.419,5,29,0.172,27,33,0.818,12,30,42,24,12,1,12,19,1610612766,CHA,Charlotte Hornets,1610612737,ATL,Atlanta Hawks
0022300064,2023-10-25,2023-24,regular_season,home,False,1610612754,IND,Pacers,240:00,143,23,Indiana,pacers,56,107,0.523,20,43,0.465,11,12,0.917,10,41,51,38,10,8,12,23,1610612754,IND,Indiana Pacers,1610612764,WAS,Washington Wizards
0022300064,2023-10-25,2023-24,regular_season,road,False,1610612764,WAS,Wizards,240:00,120,-23,Washington,wizards,44,96,0.458,9,24,0.375,23,29,0.793,11,34,45,28,6,9,14,11,1610612754,IND,Indiana Pacers,1610612764,WAS,Washington Wizards
0022300065,2023-10-25,2023-24,regular_season,home,False,1610612752,NYK,Knicks,240:00,104,-4,New York,knicks,36,97,0.371,18,41,0.439,14,26,0.538,17,30,47,24,9,0,9,22,1610612752,NYK,New York Knicks,1610612738,BOS,Boston Celtics
0022300065,2023-10-25,2023-24,regular_season,road,False,1610612738,BOS,Celtics,240:00,108,4,Boston,celtics,37,77,0.481,12,39,0.308,22,26,0.846,7,39,46,18,6,11,13,22,1610612752,NYK,New York Knicks,1610612738,BOS,Boston Celtics
0022300066,2023-10-25,2023-24,regular_season,home,False,1610612753,ORL,Magic,240:00,116,30,Orlando,magic,42,87,0.483,9,34,0.265,23,26,0.885,17,40,57,19,8,6,14,20,1610612753,ORL,Orlando Magic,1610612745,HOU,Houston Rockets
0022300066,2023-10-25,2023-24,regular_season,road,False,1610612745,HOU,Rockets,240:00,86,-30,Houston,rockets,32,79,0.405,12,34,0.353,10,16,0.625,7,24,31,19,6,3,18,24,1610612753,ORL,Orlando Magic,1610612745,HOU,Houston Rockets
0022300067,2023-10-25,2023-24,regular_season,home,False,1610612751,BKN,Nets,240:00,113,-1,Brooklyn,nets,42,84,0.5,9,27,0.333,20,26,0.769,13,37,50,30,6,6,17,16,1610612751,BKN,Brooklyn Nets,1610612739,CLE,Cleveland Cavaliers
0022300067,2023-10-25,2023-24,regular_season,road,False,1610612739,CLE,Cavaliers,240:00,114,1,Cleveland,cavaliers,44,94,0.468,17,43,0.395,9,10,0.9,9,29,38,25,10,6,10,23,1610612751,BKN,Brooklyn Nets,1610612739,CLE,Cleveland Cavaliers
0022300068,2023-10-25,2023-24,regular_season,home,False,1610612748,MIA,Heat,240:00,103,1,Miami,heat,37,92,0.402,8,22,0.364,21,26,0.808,16,32,48,22,11,3,7,18,1610612748,MIA,Miami Heat,1610612765,DET,Detroit Pistons
0022300068,2023-10-25,2023-24,regular_season,road,False,1610612765,DET,Pistons,240:00,102,-1,Detroit,pistons,41,92,0.446,11,32,0.344,9,15,0.6,17,39,56,28,3,13,16,23,1610612748,MIA,Miami Heat,1610612765,DET,Detroit Pistons
0022300069,2023-10-25,2023-24,regular_season,home,False,1610612761,TOR,Raptors,240:00,97,3,Toronto,raptors,36,90,0.4,14,35,0.4,11,16,0.688,8,39,47,27,9,11,14,18,1610612761,TOR,Toronto Raptors,1610612750,MIN,Minnesota Timberwolves
0022300069,2023-10-25,2023-24,regular_season,road,False,1610612750,MIN,Timberwolves,240:00,94,-3,Minnesota,timberwolves,34,100,0.34,8,31,0.258,18,22,0.818,16,46,62,20,8,9,14,14,1610612761,TOR,Toronto Raptors,1610612750,MIN,Minnesota Timberwolves
0022300070,2023-10-25,2023-24,regular_season,home,False,1610612741,CHI,Bulls,240:00,104,-20,Chicago,bulls,39,94,0.415,12,42,0.286,14,18,0.778,13,29,42,26,10,3,12,16,1610612741,CHI,Chicago Bulls,1610612760,OKC,Oklahoma City Thunder
0022300070,2023-10-25,2023-24,regular_season,road,False,1610612760,OKC,Thunder,240:00,124,20,Oklahoma City,thunder,45,82,0.549,19,39,0.487,15,18,0.833,5,38,43,30,6,4,15,19,1610612741,CHI,Chicago Bulls,1610612760,OKC,Oklahoma City Thunder
0022300071,2023-10-25,2023-24,regular_season,home,False,1610612763,MEM,Grizzlies,240:00,104,-7,Memphis,grizzlies,38,91,0.418,12,43,0.279,16,20,0.8,8,29,37,23,8,7,13,19,1610612763,MEM,Memphis Grizzlies,1610612740,NOP,New Orleans Pelicans
0022300071,2023-10-25,2023-24,regular_season,road,False,1610612740,NOP,Pelicans,240:00,111,7,New Orleans,pelicans,40,85,0.471,14,32,0.438,17,22,0.773,11,41,52,22,8,5,21,21,1610612763,MEM,Memphis Grizzlies,1610612740,NOP,New Orleans Pelicans
0022300072,2023-10-25,2023-24,regular_season,home,False,1610612762,UTA,Jazz,240:00,114,-16,Utah,jazz,41,91,0.451,9,28,0.321,23,31,0.742,16,38,54,22,6,2,14,20,1610612762,UTA,Utah Jazz,1610612758,SAC,Sacramento Kings
0022300072,2023-10-25,2023-24,regular_season,road,False,1610612758,SAC,Kings,240:00,130,16,Sacramento,kings,47,102,0.461,19,51,0.373,17,20,0.85,15,30,45,29,6,8,11,25,1610612762,UTA,Utah Jazz,1610612758,SAC,Sacramento Kings
0022300073,2023-10-25,2023-24,regular_season,home,False,1610612759,SAS,Spurs,240:00,119,-7,San Antonio,spurs,46,89,0.517,11,35,0.314,16,22,0.727,9,36,45,33,8,5,19,23,1610612759,SAS,San Antonio Spurs,1610612742,DAL,Dallas Mavericks
0022300073,2023-10-25,2023-24,regular_season,road,False,1610612742,DAL,Mavericks,240:00,126,7,Dallas,mavericks,47,99,0.475,15,47,0.319,17,23,0.739,13,35,48,24,6,3,12,20,1610612759,SAS,San Antonio Spurs,1610612742,DAL,Dallas Mavericks
0022300074,2023-10-25,2023-24,regular_season,home,False,1610612746,LAC,Clippers,240:00,123,12,LA,clippers,47,90,0.522,16,34,0.471,13,16,0.813,14,31,45,36,11,7,17,20,1610612746,LAC,LA Clippers,1610612757,POR,Portland Trail Blazers
0022300074,2023-10-25,2023-24,regular_season,road,False,1610612757,POR,Trail Blazers,240:00,111,-12,Portland,blazers,44,93,0.473,10,32,0.313,13,17,0.765,15,25,40,20,10,4,17,20,1610612746,LAC,LA Clippers,1610612757,POR,Portland Trail Blazers
0022300075,2023-10-26,2023-24,regular_season,home,False,1610612749,MIL,Bucks,240:00,118,1,Milwaukee,bucks,41,81,0.506,11,30,0.367,25,36,0.694,8,35,43,20,9,4,14,23,1610612749,MIL,Milwaukee Bucks,1610612755,PHI,Philadelphia 76ers
0022300075,2023-10-26,2023-24,regular_season,road,False,1610612755,PHI,76ers,240:00,117,-1,Philadelphia,sixers,41,80,0.513,16,35,0.457,19,28,0.679,4,35,39,25,8,4,15,28,1610612749,MIL,Milwaukee Bucks,1610612755,PHI,Philadelphia 76ers
0022300076,2023-10-26,2023-24,regular_season,home,False,1610612747,LAL,Lakers,240:00,100,5,Los Angeles,lakers,36,84,0.429,5,29,0.172,23,29,0.793,8,34,42,24,14,7,16,23,1610612747,LAL,Los Angeles Lakers,1610612756,PHX,Phoenix Suns
0022300076,2023-10-26,2023-24,regular_season,road,False,1610612756,PHX,Suns,240:00,95,-5,Phoenix,suns,34,81,0.42,9,31,0.29,18,23,0.783,10,39,49,16,7,3,20,21,1610612747,LAL,Los Angeles Lakers,1610612756,PHX,Phoenix Suns
0022300077,2023-10-27,2023-24,regular_season,home,False,1610612766,CHA,Hornets,240:00,99,-12,Charlotte,hornets,33,88,0.375,7,28,0.25,26,34,0.765,11,30,41,20,13,7,18,23,1610612766,CHA,Charlotte Hornets,1610612765,DET,Detroit Pistons
0022300077,2023-10-27,2023-24,regular_season,road,False,1610612765,DET,Pistons,240:00,111,12,Detroit,pistons,40,88,0.455,10,30,0.333,21,25,0.84,12,41,53,28,7,6,23,29,1610612766,CHA,Charlotte Hornets,1610612765,DET,Detroit Pistons
0022300078,2023-10-27,2023-24,regular_season,home,False,1610612763,MEM,Grizzlies,240:00,104,-4,Memphis,grizzlies,37,85,0.435,10,33,0.303,20,24,0.833,13,35,48,22,13,7,20,23,1610612763,MEM,Memphis Grizzlies,1610612743,DEN,Denver Nuggets
0022300078,2023-10-27,2023-24,regular_season,road,False,1610612743,DEN,Nuggets,240:00,108,4,Denver,nuggets,41,88,0.466,14,37,0.378,12,18,0.667,6,34,40,27,11,10,17,18,1610612763,MEM,Memphis Grizzlies,1610612743,DEN,Denver Nuggets
0022300079,2023-10-27,2023-24,regular_season,home,False,1610612737,ATL,Hawks,240:00,120,-6,Atlanta,hawks,42,87,0.483,12,32,0.375,24,30,0.8,9,35,44,28,7,6,14,20,1610612737,ATL,Atlanta Hawks,1610612752,NYK,New York Knicks
0022300079,2023-10-27,2023-24,regular_season,road,False,1610612752,NYK,Knicks,240:00,126,6,New York,knicks,43,90,0.478,20,44,0.455,20,28,0.714,12,33,45,30,9,6,16,21,1610612737,ATL,Atlanta Hawks,1610612752,NYK,New York Knicks
0022300080,2023-10-27,2023-24,regular_season,home,False,1610612738,BOS,Celtics,240:00,119,8,Boston,celtics,45,95,0.474,16,39,0.41,13,19,0.684,16,39,55,20,7,6,15,19,1610612738,BOS,Boston Celtics,1610612748,MIA,Miami Heat
0022300080,2023-10-27,2023-24,regular_season,road,False,1610612748,MIA,Heat,240:00,111,-8,Miami,heat,38,89,0.427,16,33,0.485,19,23,0.826,11,34,45,24,8,6,12,16,1610612738,BOS,Boston Celtics,1610612748,MIA,Miami Heat
0022300081,2023-10-27,2023-24,regular_season,home,False,1610612739,CLE,Cavaliers,240:00,105,-3,Cleveland,cavaliers,38,92,0.413,12,45,0.267,17,23,0.739,8,40,48,20,10,8,13,16,1610612739,CLE,Cleveland Cavaliers,1610612760,OKC,Oklahoma City Thunder
0022300081,2023-10-27,2023-24,regular_season,road,False,1610612760,OKC,Thunder,240:00,108,3,Oklahoma City,thunder,40,87,0.46,13,26,0.5,15,19,0.789,6,41,47,22,8,10,18,17,1610612739,CLE,Cleveland Cavaliers,1610612760,OKC,Oklahoma City Thunder
0022300082,2023-10-27,2023-24,regular_season,home,False,1610612741,CHI,Bulls,265:00,104,1,Chicago,bulls,37,99,0.374,8,39,0.205,22,28,0.786,15,37,52,18,10,5,16,22,1610612741,CHI,Chicago Bulls,1610612761,TOR,Toronto Raptors
0022300082,2023-10-27,2023-24,regular_season,road,False,1610612761,TOR,Raptors,265:00,103,-1,Toronto,raptors,39,84,0.464,9,36,0.25,16,25,0.64,8,45,53,25,5,2,21,29,1610612741,CHI,Chicago Bulls,1610612761,TOR,Toronto Raptors
0022300083,2023-10-27,2023-24,regular_season,home,False,1610612759,SAS,Spurs,265:00,126,4,San Antonio,spurs,46,94,0.489,13,42,0.31,21,28,0.75,12,31,43,32,11,4,18,17,1610612759,SAS,San Antonio Spurs,1610612745,HOU,Houston Rockets
0022300083,2023-10-27,2023-24,regular_season,road,False,1610612745,HOU,Rockets,265:00,122,-4,Houston,rockets,52,100,0.52,8,32,0.25,10,20,0.5,11,32,43,30,7,2,18,26,1610612759,SAS,San Antonio Spurs,1610612745,HOU,Houston Rockets
0022300084,2023-10-27,2023-24,regular_season,home,False,1610612742,DAL,Mavericks,240:00,125,5,Dallas,mavericks,44,91,0.484,15,36,0.417,22,28,0.786,8,32,40,20,5,2,9,15,1610612742,DAL,Dallas Mavericks,1610612751,BKN,Brooklyn Nets
0022300084,2023-10-27,2023-24,regular_season,road,False,1610612751,BKN,Nets,240:00,120,-5,Brooklyn,nets,45,92,0.489,21,43,0.488,9,10,0.9,10,37,47,30,5,4,15,28,1610612742,DAL,Dallas Mavericks,1610612751,BKN,Brooklyn Nets
0022300085,2023-10-27,2023-24,regular_season,home,False,1610612762,UTA,Jazz,240:00,120,2,Utah,jazz,42,96,0.438,16,41,0.39,20,22,0.909,17,28,45,27,7,4,14,24,1610612762,UTA,Utah Jazz,1610612746,LAC,LA Clippers
0022300085,2023-10-27,2023-24,regular_season,road,False,1610612746,LAC,Clippers,240:00,118,-2,LA,clippers,41,77,0.532,14,35,0.4,22,28,0.786,6,30,36,17,8,6,14,22,1610612762,UTA,Utah Jazz,1610612746,LAC,LA Clippers
0022300086,2023-10-27,2023-24,regular_season,home,False,1610612757,POR,Trail Blazers,240:00,97,-5,Portland,blazers,35,88,0.398,9,32,0.281,18,21,0.857,15,32,47,15,6,1,16,24,1610612757,POR,Portland Trail Blazers,1610612753,ORL,Orlando Magic
0022300086,2023-10-27,2023-24,regular_season,road,False,1610612753,ORL,Magic,240:00,102,5,Orlando,magic,36,79,0.456,9,28,0.321,21,32,0.656,10,35,45,22,10,5,14,16,1610612757,POR,Portland Trail Blazers,1610612753,ORL,Orlando Magic
0022300087,2023-10-27,2023-24,regular_season,home,False,1610612758,SAC,Kings,240:00,114,-8,Sacramento,kings,41,94,0.436,12,40,0.3,20,29,0.69,10,31,41,24,10,3,14,16,1610612758,SAC,Sacramento Kings,1610612744,GSW,Golden State Warriors
0022300087,2023-10-27,2023-24,regular_season,road,False,1610612744,GSW,Warriors,240:00,122,8,Golden State,warriors,48,87,0.552,14,32,0.438,12,14,0.857,7,32,39,32,14,3,19,24,1610612758,SAC,Sacramento Kings,1610612744,GSW,Golden State Warriors
0022300088,2023-10-28,2023-24,regular_season,home,False,1610612765,DET,Pistons,240:00,118,16,Detroit,pistons,45,86,0.523,12,28,0.429,16,20,0.8,15,38,53,29,4,4,15,18,1610612765,DET,Detroit Pistons,1610612741,CHI,Chicago Bulls
0022300088,2023-10-28,2023-24,regular_season,road,False,1610612741,CHI,Bulls,240:00,102,-16,Chicago,bulls,39,93,0.419,11,28,0.393,13,16,0.813,13,20,33,16,10,5,8,20,1610612765,DET,Detroit Pistons,1610612741,CHI,Chicago Bulls
0022300089,2023-10-28,2023-24,regular_season,home,False,1610612764,WAS,Wizards,240:00,113,7,Washington,wizards,40,93,0.43,16,46,0.348,17,22,0.773,11,34,45,24,9,5,11,15,1610612764,WAS,Washington Wizards,1610612763,MEM,Memphis Grizzlies
0022300089,2023-10-28,2023-24,regular_season,road,False,1610612763,MEM,Grizzlies,240:00,106,-7,Memphis,grizzlies,39,91,0.429,19,47,0.404,9,9,1.0,6,39,45,27,7,8,16,21,1610612764,WAS,Washington Wizards,1610612763,MEM,Memphis Grizzlies
0022300090,2023-10-28,2023-24,regular_season,home,False,1610612740,NOP,Pelicans,240:00,96,9,New Orleans,pelicans,40,87,0.46,9,33,0.273,7,16,0.438,4,39,43,20,8,5,13,22,1610612740,NOP,New Orleans Pelicans,1610612752,NYK,New York Knicks
0022300090,2023-10-28,2023-24,regular_season,road,False,1610612752,NYK,Knicks,240:00,87,-9,New York,knicks,33,90,0.367,7,37,0.189,14,18,0.778,16,43,59,19,7,3,18,17,1610612740,NOP,New Orleans Pelicans,1610612752,NYK,New York Knicks
0022300091,2023-10-28,2023-24,regular_season,home,False,1610612739,CLE,Cavaliers,240:00,113,-12,Cleveland,cavaliers,43,99,0.434,12,31,0.387,15,24,0.625,18,33,51,29,2,6,6,16,1610612739,CLE,Cleveland Cavaliers,1610612754,IND,Indiana Pacers
0022300091,2023-10-28,2023-24,regular_season,road,False,1610612754,IND,Pacers,240:00,125,12,Indiana,pacers,48,98,0.49,15,38,0.395,14,17,0.824,11,37,48,36,3,4,7,20,1610612739,CLE,Cleveland Cavaliers,1610612754,IND,Indiana Pacers
0022300092,2023-10-28,2023-24,regular_season,home,False,1610612761,TOR,Raptors,240:00,107,-7,Toronto,raptors,38,87,0.437,17,32,0.531,14,19,0.737,13,28,41,28,5,5,13,19,1610612761,TOR,Toronto Raptors,1610612755,PHI,Philadelphia 76ers
0022300092,2023-10-28,2023-24,regular_season,road,False,1610612755,PHI,76ers,240:00,114,7,Philadelphia,sixers,43,86,0.5,10,28,0.357,18,21,0.857,9,33,42,25,8,7,9,18,1610612761,TOR,Toronto Raptors,1610612755,PHI,Philadelphia 76ers
0022300093,2023-10-28,2023-24,regular_season,home,False,1610612750,MIN,Timberwolves,240:00,106,16,Minnesota,timberwolves,44,86,0.512,12,34,0.353,6,8,0.75,7,40,47,30,9,3,14,17,1610612750,MIN,Minnesota Timberwolves,1610612748,MIA,Miami Heat
0022300093,2023-10-28,2023-24,regular_season,road,False,1610612748,MIA,Heat,240:00,90,-16,Miami,heat,35,87,0.402,12,38,0.316,8,14,0.571,9,33,42,24,6,1,14,12,1610612750,MIN,Minnesota Timberwolves,1610612748,MIA,Miami Heat
0022300094,2023-10-28,2023-24,regular_season,home,False,1610612756,PHX,Suns,240:00,126,22,Phoenix,suns,45,85,0.529,10,37,0.27,26,28,0.929,7,32,39,31,10,7,11,19,1610612756,PHX,Phoenix Suns,1610612762,UTA,Utah Jazz
0022300094,2023-10-28,2023-24,regular_season,road,False,1610612762,UTA,Jazz,240:00,104,-22,Utah,jazz,40,91,0.44,12,37,0.324,12,14,0.857,15,30,45,26,6,5,18,20,1610612756,PHX,Phoenix Suns,1610612762,UTA,Utah Jazz
0022300095,2023-10-29,2023-24,regular_season,home,False,1610612760,OKC,Thunder,240:00,95,-33,Oklahoma City,thunder,37,90,0.411,6,32,0.188,15,18,0.833,7,22,29,22,8,4,9,14,1610612760,OKC,Oklahoma City Thunder,1610612743,DEN,Denver Nuggets
0022300095,2023-10-29,2023-24,regular_season,road,False,1610612743,DEN,Nuggets,240:00,128,33,Denver,nuggets,53,88,0.602,11,27,0.407,11,13,0.846,10,38,48,34,8,5,13,21,1610612760,OKC,Oklahoma City Thunder,1610612743,DEN,Denver Nuggets
0022300096,2023-10-29,2023-24,regular_season,home,False,1610612745,HOU,Rockets,240:00,95,-11,Houston,rockets,34,90,0.378,9,33,0.273,18,19,0.947,10,32,42,22,7,4,7,20,1610612745,HOU,Houston Rockets,1610612744,GSW,Golden State Warriors
0022300096,2023-10-29,2023-24,regular_season,road,False,1610612744,GSW,Warriors,240:00,106,11,Golden State,warriors,35,81,0.432,18,45,0.4,18,23,0.783,8,41,49,27,6,6,14,18,1610612745,HOU,Houston Rockets,1610612744,GSW,Golden State Warriors
0022300097,2023-10-29,2023-24,regular_season,home,False,1610612749,MIL,Bucks,240:00,110,-17,Milwaukee,bucks,39,86,0.453,16,44,0.364,16,20,0.8,12,27,39,22,10,3,23,22,1610612749,MIL,Milwaukee Bucks,1610612737,ATL,Atlanta Hawks
0022300097,2023-10-29,2023-24,regular_season,road,False,1610612737,ATL,Hawks,240:00,127,17,Atlanta,hawks,47,93,0.505,15,37,0.405,18,22,0.818,13,33,46,32,15,2,17,17,1610612749,MIL,Milwaukee Bucks,1610612737,ATL,Atlanta Hawks
0022300098,2023-10-29,2023-24,regular_season,home,False,1610612755,PHI,76ers,240:00,126,28,Philadelphia,sixers,40,82,0.488,11,28,0.393,35,40,0.875,11,40,51,28,10,17,15,20,1610612755,PHI,Philadelphia 76ers,1610612757,POR,Portland Trail Blazers
0022300098,2023-10-29,2023-24,regular_season,road,False,1610612757,POR,Trail Blazers,240:00,98,-28,Portland,blazers,36,94,0.383,7,31,0.226,19,22,0.864,14,28,42,19,10,9,15,26,1610612755,PHI,Philadelphia 76ers,1610612757,POR,Portland Trail Blazers
0022300099,2023-10-29,2023-24,regular_season,home,False,1610612746,LAC,Clippers,240:00,123,40,LA,clippers,47,91,0.516,16,42,0.381,13,21,0.619,9,39,48,23,15,5,16,16,1610612746,LAC,LA Clippers,1610612759,SAS,San Antonio Spurs
0022300099,2023-10-29,2023-24,regular_season,road,False,1610612759,SAS,Spurs,240:00,83,-40,San Antonio,spurs,30,80,0.375,11,33,0.333,12,16,0.75,6,31,37,21,9,6,25,23,1610612746,LAC,LA Clippers,1610612759,SAS,San Antonio Spurs
0022300100,2023-10-29,2023-24,regular_season,home,False,1610612758,SAC,Kings,265:00,132,5,Sacramento,kings,49,104,0.471,17,48,0.354,17,24,0.708,6,41,47,30,6,7,10,28,1610612758,SAC,Sacramento Kings,1610612747,LAL,Los Angeles Lakers
0022300100,2023-10-29,2023-24,regular_season,road,False,1610612747,LAL,Lakers,265:00,127,-5,Los Angeles,lakers,43,98,0.439,15,45,0.333,26,34,0.765,8,45,53,27,4,4,12,22,1610612758,SAC,Sacramento Kings,1610612747,LAL,Los Angeles Lakers
0022300101,2023-10-30,2023-24,regular_season,home,False,1610612766,CHA,Hornets,240:00,121,-12,Charlotte,hornets,47,96,0.49,8,31,0.258,19,20,0.95,8,31,39,33,8,5,9,23,1610612766,CHA,Charlotte Hornets,1610612751,BKN,Brooklyn Nets
0022300101,2023-10-30,2023-24,regular_season,road,False,1610612751,BKN,Nets,240:00,133,12,Brooklyn,nets,49,87,0.563,12,33,0.364,23,32,0.719,10,36,46,25,4,8,13,19,1610612766,CHA,Charlotte Hornets,1610612751,BKN,Brooklyn Nets
0022300102,2023-10-30,2023-24,regular_season,home,False,1610612754,IND,Pacers,240:00,105,-7,Indiana,pacers,36,88,0.409,12,46,0.261,21,25,0.84,11,36,47,26,7,5,17,24,1610612754,IND,Indiana Pacers,1610612741,CHI,Chicago Bulls
0022300102,2023-10-30,2023-24,regular_season,road,False,1610612741,CHI,Bulls,240:00,112,7,Chicago,bulls,40,87,0.46,6,17,0.353,26,31,0.839,10,34,44,19,8,6,13,17,1610612754,IND,Indiana Pacers,1610612741,CHI,Chicago Bulls
0022300103,2023-10-30,2023-24,regular_season,home,False,1610612764,WAS,Wizards,240:00,107,-19,Washington,wizards,39,87,0.448,11,36,0.306,18,26,0.692,11,29,40,26,12,4,15,13,1610612764,WAS,Washington Wizards,1610612738,BOS,Boston Celtics
0022300103,2023-10-30,2023-24,regular_season,road,False,1610612738,BOS,Celtics,240:00,126,19,Boston,celtics,51,102,0.5,19,53,0.358,5,7,0.714,15,36,51,31,11,6,17,21,1610612764,WAS,Washington Wizards,1610612738,BOS,Boston Celtics
0022300104,2023-10-30,2023-24,regular_season,home,False,1610612737,ATL,Hawks,240:00,127,14,Atlanta,hawks,48,86,0.558,14,30,0.467,17,18,0.944,4,32,36,28,6,7,9,12,1610612737,ATL,Atlanta Hawks,1610612750,MIN,Minnesota Timberwolves
0022300104,2023-10-30,2023-24,regular_season,road,False,1610612750,MIN,Timberwolves,240:00,113,-14,Minnesota,timberwolves,44,90,0.489,16,33,0.485,9,15,0.6,10,28,38,24,5,5,10,17,1610612737,ATL,Atlanta Hawks,1610612750,MIN,Minnesota Timberwolves
0022300105,2023-10-30,2023-24,regular_season,home,False,1610612761,TOR,Raptors,240:00,91,-8,Toronto,raptors,38,94,0.404,4,29,0.138,11,15,0.733,14,33,47,19,10,4,11,17,1610612761,TOR,Toronto Raptors,1610612757,POR,Portland Trail Blazers
0022300105,2023-10-30,2023-24,regular_season,road,False,1610612757,POR,Trail Blazers,240:00,99,8,Portland,blazers,38,85,0.447,11,35,0.314,12,15,0.8,13,38,51,20,6,7,14,19,1610612761,TOR,Toronto Raptors,1610612757,POR,Portland Trail Blazers
0022300106,2023-10-30,2023-24,regular_season,home,False,1610612763,MEM,Grizzlies,240:00,110,-15,Memphis,grizzlies,42,92,0.457,14,37,0.378,12,20,0.6,10,34,44,22,9,4,12,22,1610612763,MEM,Memphis Grizzlies,1610612742,DAL,Dallas Mavericks
0022300106,2023-10-30,2023-24,regular_season,road,False,1610612742,DAL,Mavericks,240:00,125,15,Dallas,mavericks,42,84,0.5,23,47,0.489,18,24,0.75,6,42,48,24,4,7,15,17,1610612763,MEM,Memphis Grizzlies,1610612742,DAL,Dallas Mavericks
0022300107,2023-10-30,2023-24,regular_season,home,False,1610612749,MIL,Bucks,240:00,122,8,Milwaukee,bucks,44,87,0.506,12,37,0.324,22,30,0.733,9,34,43,24,8,5,14,23,1610612749,MIL,Milwaukee Bucks,1610612748,MIA,Miami Heat
0022300107,2023-10-30,2023-24,regular_season,road,False,1610612748,MIA,Heat,240:00,114,-8,Miami,heat,41,86,0.477,13,34,0.382,19,20,0.95,7,33,40,27,7,2,14,20,1610612749,MIL,Milwaukee Bucks,1610612748,MIA,Miami Heat
0022300108,2023-10-30,2023-24,regular_season,home,False,1610612740,NOP,Pelicans,240:00,102,-28,New Orleans,pelicans,38,93,0.409,10,39,0.256,16,26,0.615,14,25,39,23,8,3,11,18,1610612740,NOP,New Orleans Pelicans,1610612744,GSW,Golden State Warriors
0022300108,2023-10-30,2023-24,regular_season,road,False,1610612744,GSW,Warriors,240:00,130,28,Golden State,warriors,51,98,0.52,15,41,0.366,13,20,0.65,21,43,64,28,6,7,14,21,1610612740,NOP,New Orleans Pelicans,1610612744,GSW,Golden State Warriors
0022300109,2023-10-30,2023-24,regular_season,home,False,1610612760,OKC,Thunder,240:00,124,12,Oklahoma City,thunder,44,83,0.53,13,29,0.448,23,28,0.821,6,38,44,21,9,10,15,19,1610612760,OKC,Oklahoma City Thunder,1610612765,DET,Detroit Pistons
0022300109,2023-10-30,2023-24,regular_season,road,False,1610612765,DET,Pistons,240:00,112,-12,Detroit,pistons,39,91,0.429,15,28,0.536,19,24,0.792,13,28,41,31,6,5,16,25,1610612760,OKC,Oklahoma City Thunder,1610612765,DET,Detroit Pistons
0022300110,2023-10-30,2023-24,regular_season,home,False,1610612743,DEN,Nuggets,240:00,110,8,Denver,nuggets,47,84,0.56,9,28,0.321,7,17,0.412,7,36,43,32,4,8,12,14,1610612743,DEN,Denver Nuggets,1610612762,UTA,Utah Jazz
0022300110,2023-10-30,2023-24,regular_season,road,False,1610612762,UTA,Jazz,240:00,102,-8,Utah,jazz,42,98,0.429,11,37,0.297,7,15,0.467,17,34,51,30,6,2,12,21,1610612743,DEN,Denver Nuggets,1610612762,UTA,Utah Jazz
0022300111,2023-10-30,2023-24,regular_season,home,False,1610612747,LAL,Lakers,240:00,106,3,Los Angeles,lakers,42,79,0.532,8,27,0.296,14,18,0.778,3,37,40,28,7,10,16,17,1610612747,LAL,Los Angeles Lakers,1610612753,ORL,Orlando Magic
0022300111,2023-10-30,2023-24,regular_season,road,False,1610612753,ORL,Magic,240:00,103,-3,Orlando,magic,38,95,0.4,14,35,0.4,13,18,0.722,12,32,44,28,10,3,11,22,1610612747,LAL,Los Angeles Lakers,1610612753,ORL,Orlando Magic
0022300112,2023-10-31,2023-24,regular_season,home,False,1610612739,CLE,Cavaliers,240:00,91,-18,Cleveland,cavaliers,36,92,0.391,10,38,0.263,9,12,0.75,14,32,46,19,6,6,15,19,1610612739,CLE,Cleveland Cavaliers,1610612752,NYK,New York Knicks
0022300112,2023-10-31,2023-24,regular_season,road,False,1610612752,NYK,Knicks,240:00,109,18,New York,knicks,38,86,0.442,13,34,0.382,20,25,0.8,12,36,48,18,9,1,14,17,1610612739,CLE,Cleveland Cavaliers,1610612752,NYK,New York Knicks
0022300113,2023-10-31,2023-24,regular_season,home,False,1610612756,PHX,Suns,240:00,114,-1,Phoenix,suns,42,83,0.506,18,39,0.462,12,15,0.8,6,37,43,29,8,7,19,18,1610612756,PHX,Phoenix Suns,1610612759,SAS,San Antonio Spurs
0022300113,2023-10-31,2023-24,regular_season,road,False,1610612759,SAS,Spurs,240:00,115,1,San Antonio,spurs,43,92,0.467,14,37,0.378,15,20,0.75,8,29,37,25,10,9,12,17,1610612756,PHX,Phoenix Suns,1610612759,SAS,San Antonio Spurs
0022300114,2023-10-31,2023-24,regular_season,home,False,1610612746,LAC,Clippers,240:00,118,16,LA,clippers,44,89,0.494,14,31,0.452,16,23,0.696,9,35,44,29,10,4,16,26,1610612746,LAC,LA Clippers,1610612753,ORL,Orlando Magic
0022300114,2023-10-31,2023-24,regular_season,road,False,1610612753,ORL,Magic,240:00,102,-16,Orlando,magic,38,81,0.469,7,30,0.233,19,33,0.576,7,33,40,23,9,3,16,24,1610612746,LAC,LA Clippers,1610612753,ORL,Orlando Magic
0022300115,2023-11-01,2023-24,regular_season,home,False,1610612765,DET,Pistons,240:00,101,-9,Detroit,pistons,40,90,0.444,11,29,0.379,10,11,0.909,6,32,38,24,12,4,18,31,1610612765,DET,Detroit Pistons,1610612757,POR,Portland Trail Blazers
0022300115,2023-11-01,2023-24,regular_season,road,False,1610612757,POR,Trail Blazers,240:00,110,9,Portland,blazers,38,81,0.469,7,20,0.35,27,33,0.818,7,37,44,23,10,7,17,15,1610612765,DET,Detroit Pistons,1610612757,POR,Portland Trail Blazers
0022300116,2023-11-01,2023-24,regular_season,home,False,1610612761,TOR,Raptors,240:00,130,19,Toronto,raptors,51,91,0.56,15,38,0.395,13,14,0.929,15,35,50,35,7,6,16,25,1610612761,TOR,Toronto Raptors,1610612749,MIL,Milwaukee Bucks
0022300116,2023-11-01,2023-24,regular_season,road,False,1610612749,MIL,Bucks,240:00,111,-19,Milwaukee,bucks,35,76,0.461,13,34,0.382,28,38,0.737,7,22,29,19,9,2,12,17,1610612761,TOR,Toronto Raptors,1610612749,MIL,Milwaukee Bucks
0022300117,2023-11-01,2023-24,regular_season,home,False,1610612737,ATL,Hawks,240:00,130,9,Atlanta,hawks,46,92,0.5,9,32,0.281,29,32,0.906,14,43,57,26,8,3,20,16,1610612737,ATL,Atlanta Hawks,1610612764,WAS,Washington Wizards
0022300117,2023-11-01,2023-24,regular_season,road,False,1610612764,WAS,Wizards,240:00,121,-9,Washington,wizards,51,101,0.505,10,40,0.25,9,14,0.643,6,29,35,32,14,3,11,25,1610612737,ATL,Atlanta Hawks,1610612764,WAS,Washington Wizards
0022300118,2023-11-01,2023-24,regular_season,home,False,1610612738,BOS,Celtics,240:00,155,51,Boston,celtics,54,95,0.568,20,35,0.571,27,28,0.964,11,46,57,27,5,2,11,19,1610612738,BOS,Boston Celtics,1610612754,IND,Indiana Pacers
0022300118,2023-11-01,2023-24,regular_season,road,False,1610612754,IND,Pacers,240:00,104,-51,Indiana,pacers,46,101,0.455,5,37,0.135,7,12,0.583,8,23,31,26,6,6,9,20,1610612738,BOS,Boston Celtics,1610612754,IND,Indiana Pacers
0022300119,2023-11-01,2023-24,regular_season,home,False,1610612748,MIA,Heat,240:00,105,-4,Miami,heat,39,91,0.429,13,38,0.342,14,18,0.778,11,35,46,22,10,5,16,20,1610612748,MIA,Miami Heat,1610612751,BKN,Brooklyn Nets
0022300119,2023-11-01,2023-24,regular_season,road,False,1610612751,BKN,Nets,240:00,109,4,Brooklyn,nets,37,82,0.451,16,36,0.444,19,26,0.731,7,40,47,27,11,4,18,18,1610612748,MIA,Miami Heat,1610612751,BKN,Brooklyn Nets
0022300120,2023-11-01,2023-24,regular_season,home,False,1610612752,NYK,Knicks,240:00,89,-6,New York,knicks,32,92,0.348,5,30,0.167,20,30,0.667,16,34,50,18,10,3,13,16,1610612752,NYK,New York Knicks,1610612739,CLE,Cleveland Cavaliers
0022300120,2023-11-01,2023-24,regular_season,road,False,1610612739,CLE,Cavaliers,240:00,95,6,Cleveland,cavaliers,32,74,0.432,12,32,0.375,19,20,0.95,6,40,46,22,7,5,18,27,1610612752,NYK,New York Knicks,1610612739,CLE,Cleveland Cavaliers
0022300121,2023-11-01,2023-24,regular_season,home,False,1610612760,OKC,Thunder,240:00,106,-4,Oklahoma City,thunder,38,88,0.432,7,34,0.206,23,25,0.92,6,43,49,23,6,5,14,24,1610612760,OKC,Oklahoma City Thunder,1610612740,NOP,New Orleans Pelicans
0022300121,2023-11-01,2023-24,regular_season,road,False,1610612740,NOP,Pelicans,240:00,110,4,New Orleans,pelicans,40,102,0.392,13,42,0.31,17,29,0.586,22,36,58,23,8,5,10,20,1610612760,OKC,Oklahoma City Thunder,1610612740,NOP,New Orleans Pelicans
0022300122,2023-11-01,2023-24,regular_season,home,False,1610612745,HOU,Rockets,240:00,128,9,Houston,rockets,44,84,0.524,21,37,0.568,19,23,0.826,7,31,38,35,10,2,17,22,1610612745,HOU,Houston Rockets,1610612766,CHA,Charlotte Hornets
0022300122,2023-11-01,2023-24,regular_season,road,False,1610612766,CHA,Hornets,240:00,119,-9,Charlotte,hornets,45,90,0.5,11,27,0.407,18,25,0.72,15,29,44,21,9,8,16,19,1610612745,HOU,Houston Rockets,1610612766,CHA,Charlotte Hornets
0022300123,2023-11-01,2023-24,regular_season,home,False,1610612750,MIN,Timberwolves,240:00,110,21,Minnesota,timberwolves,38,83,0.458,8,21,0.381,26,27,0.963,8,39,47,20,9,5,13,15,1610612750,MIN,Minnesota Timberwolves,1610612743,DEN,Denver Nuggets
0022300123,2023-11-01,2023-24,regular_season,road,False,1610612743,DEN,Nuggets,240:00,89,-21,Denver,nuggets,38,96,0.396,6,33,0.182,7,10,0.7,12,31,43,23,6,10,15,22,1610612750,MIN,Minnesota Timberwolves,1610612743,DEN,Denver Nuggets
0022300124,2023-11-01,2023-24,regular_season,home,False,1610612742,DAL,Mavericks,240:00,114,9,Dallas,mavericks,37,81,0.457,20,48,0.417,20,28,0.714,13,32,45,23,7,2,13,11,1610612742,DAL,Dallas Mavericks,1610612741,CHI,Chicago Bulls
0022300124,2023-11-01,2023-24,regular_season,road,False,1610612741,CHI,Bulls,240:00,105,-9,Chicago,bulls,42,89,0.472,11,33,0.333,10,11,0.909,12,31,43,19,10,3,13,23,1610612742,DAL,Dallas Mavericks,1610612741,CHI,Chicago Bulls
0022300125,2023-11-01,2023-24,regular_season,home,False,1610612762,UTA,Jazz,240:00,133,24,Utah,jazz,47,87,0.54,22,43,0.512,17,24,0.708,10,40,50,35,7,3,21,22,1610612762,UTA,Utah Jazz,1610612763,MEM,Memphis Grizzlies
0022300125,2023-11-01,2023-24,regular_season,road,False,1610612763,MEM,Grizzlies,240:00,109,-24,Memphis,grizzlies,35,96,0.365,14,54,0.259,25,32,0.781,14,28,42,25,12,7,15,22,1610612762,UTA,Utah Jazz,1610612763,MEM,Memphis Grizzlies
0022300126,2023-11-01,2023-24,regular_season,home,False,1610612744,GSW,Warriors,240:00,102,1,Golden State,warriors,39,81,0.481,11,31,0.355,13,15,0.867,7,29,36,32,5,6,17,17,1610612744,GSW,Golden State Warriors,1610612758,SAC,Sacramento Kings
0022300126,2023-11-01,2023-24,regular_season,road,False,1610612758,SAC,Kings,240:00,101,-1,Sacramento,kings,36,88,0.409,11,35,0.314,18,23,0.783,14,34,48,24,8,4,12,17,1610612744,GSW,Golden State Warriors,1610612758,SAC,Sacramento Kings
0022300127,2023-11-01,2023-24,regular_season,home,False,1610612747,LAL,Lakers,265:00,130,5,Los Angeles,lakers,46,90,0.511,11,32,0.344,27,36,0.75,9,42,51,28,10,9,14,24,1610612747,LAL,Los Angeles Lakers,1610612746,LAC,LA Clippers
0022300127,2023-11-01,2023-24,regular_season,road,False,1610612746,LAC,Clippers,265:00,125,-5,LA,clippers,47,99,0.475,14,34,0.412,17,27,0.63,12,34,46,22,12,1,13,31,1610612747,LAL,Los Angeles Lakers,1610612746,LAC,LA Clippers
0022300128,2023-11-02,2023-24,regular_season,home,False,1610612755,PHI,76ers,240:00,114,15,Philadelphia,sixers,42,92,0.457,9,25,0.36,21,25,0.84,15,31,46,21,12,3,14,19,1610612755,PHI,Philadelphia 76ers,1610612761,TOR,Toronto Raptors
0022300128,2023-11-02,2023-24,regular_season,road,False,1610612761,TOR,Raptors,240:00,99,-15,Toronto,raptors,38,79,0.481,10,28,0.357,13,19,0.684,9,32,41,30,4,3,19,20,1610612755,PHI,Philadelphia 76ers,1610612761,TOR,Toronto Raptors
0022300129,2023-11-02,2023-24,regular_season,home,False,1610612740,NOP,Pelicans,240:00,125,9,New Orleans,pelicans,39,80,0.488,14,32,0.438,33,35,0.943,7,29,36,27,5,7,12,18,1610612740,NOP,New Orleans Pelicans,1610612765,DET,Detroit Pistons
0022300129,2023-11-02,2023-24,regular_season,road,False,1610612765,DET,Pistons,240:00,116,-9,Detroit,pistons,41,94,0.436,13,38,0.342,21,26,0.808,19,29,48,30,4,5,16,31,1610612740,NOP,New Orleans Pelicans,1610612765,DET,Detroit Pistons
0022300130,2023-11-02,2023-24,regular_season,home,False,1610612762,UTA,Jazz,240:00,113,-2,Utah,jazz,41,89,0.461,12,33,0.364,19,26,0.731,13,35,48,27,9,7,20,27,1610612762,UTA,Utah Jazz,1610612753,ORL,Orlando Magic
0022300130,2023-11-02,2023-24,regular_season,road,False,1610612753,ORL,Magic,240:00,115,2,Orlando,magic,39,85,0.459,10,29,0.345,27,36,0.75,10,33,43,27,17,9,17,25,1610612762,UTA,Utah Jazz,1610612753,ORL,Orlando Magic
0022300131,2023-11-02,2023-24,regular_season,home,False,1610612756,PHX,Suns,240:00,121,-11,Phoenix,suns,43,80,0.538,16,32,0.5,19,26,0.731,5,29,34,26,5,4,14,15,1610612756,PHX,Phoenix Suns,1610612759,SAS,San Antonio Spurs
0022300131,2023-11-02,2023-24,regular_season,road,False,1610612759,SAS,Spurs,240:00,132,11,San Antonio,spurs,51,98,0.52,18,37,0.486,12,13,0.923,9,32,41,37,7,5,8,21,1610612756,PHX,Phoenix Suns,1610612759,SAS,San Antonio Spurs
0022300001,2023-11-03,2023-24,regular_season,home,False,1610612754,IND,Pacers,240:00,121,5,Indiana,pacers,45,86,0.523,15,31,0.484,16,24,0.667,7,33,40,28,7,5,18,18,1610612754,IND,Indiana Pacers,1610612739,CLE,Cleveland Cavaliers
0022300001,2023-11-03,2023-24,regular_season,road,False,1610612739,CLE,Cavaliers,240:00,116,-5,Cleveland,cavaliers,44,84,0.524,8,28,0.286,20,25,0.8,5,30,35,27,10,9,13,20,1610612754,IND,Indiana Pacers,1610612739,CLE,Cleveland Cavaliers
0022300002,2023-11-03,2023-24,regular_season,home,False,1610612749,MIL,Bucks,240:00,110,5,Milwaukee,bucks,35,82,0.427,20,39,0.513,20,28,0.714,7,34,41,24,6,11,14,16,1610612749,MIL,Milwaukee Bucks,1610612752,NYK,New York Knicks
0022300002,2023-11-03,2023-24,regular_season,road,False,1610612752,NYK,Knicks,240:00,105,-5,New York,knicks,38,96,0.396,10,39,0.256,19,25,0.76,16,40,56,18,6,1,10,22,1610612749,MIL,Milwaukee Bucks,1610612752,NYK,New York Knicks
0022300003,2023-11-03,2023-24,regular_season,home,False,1610612748,MIA,Heat,240:00,121,7,Miami,heat,48,80,0.6,13,27,0.481,12,14,0.857,7,30,37,35,9,1,19,18,1610612748,MIA,Miami Heat,1610612764,WAS,Washington Wizards
0022300003,2023-11-03,2023-24,regular_season,road,False,1610612764,WAS,Wizards,240:00,114,-7,Washington,wizards,46,81,0.568,13,28,0.464,9,17,0.529,4,26,30,33,7,4,20,18,1610612748,MIA,Miami Heat,1610612764,WAS,Washington Wizards
0022300004,2023-11-03,2023-24,regular_season,home,False,1610612741,CHI,Bulls,240:00,107,-2,Chicago,bulls,43,89,0.483,11,28,0.393,10,14,0.714,9,33,42,21,4,4,10,13,1610612741,CHI,Chicago Bulls,1610612751,BKN,Brooklyn Nets
0022300004,2023-11-03,2023-24,regular_season,road,False,1610612751,BKN,Nets,240:00,109,2,Brooklyn,nets,44,96,0.458,18,45,0.4,3,5,0.6,8,31,39,32,4,4,8,12,1610612741,CHI,Chicago Bulls,1610612751,BKN,Brooklyn Nets
0022300005,2023-11-03,2023-24,regular_season,home,False,1610612760,OKC,Thunder,240:00,139,-2,Oklahoma City,thunder,50,83,0.602,15,29,0.517,24,30,0.8,7,25,32,26,3,1,19,20,1610612760,OKC,Oklahoma City Thunder,1610612744,GSW,Golden State Warriors
0022300005,2023-11-03,2023-24,regular_season,road,False,1610612744,GSW,Warriors,240:00,141,2,Golden State,warriors,49,92,0.533,18,40,0.45,25,30,0.833,13,25,38,36,9,2,15,25,1610612760,OKC,Oklahoma City Thunder,1610612744,GSW,Golden State Warriors
0022300006,2023-11-03,2023-24,regular_season,home,False,1610612743,DEN,Nuggets,240:00,125,11,Denver,nuggets,49,93,0.527,13,30,0.433,14,19,0.737,19,32,51,33,11,6,17,17,1610612743,DEN,Denver Nuggets,1610612742,DAL,Dallas Mavericks
0022300006,2023-11-03,2023-24,regular_season,road,False,1610612742,DAL,Mavericks,240:00,114,-11,Dallas,mavericks,41,86,0.477,17,42,0.405,15,17,0.882,10,24,34,27,12,6,15,19,1610612743,DEN,Denver Nuggets,1610612742,DAL,Dallas Mavericks
0022300007,2023-11-03,2023-24,regular_season,home,False,1610612757,POR,Trail Blazers,265:00,115,2,Portland,blazers,39,96,0.406,9,32,0.281,28,36,0.778,15,35,50,19,12,7,14,15,1610612757,POR,Portland Trail Blazers,1610612763,MEM,Memphis Grizzlies
0022300007,2023-11-03,2023-24,regular_season,road,False,1610612763,MEM,Grizzlies,265:00,113,-2,Memphis,grizzlies,47,96,0.49,10,35,0.286,9,13,0.692,7,41,48,29,8,10,17,25,1610612757,POR,Portland Trail Blazers,1610612763,MEM,Memphis Grizzlies
0022300132,2023-11-04,2023-24,regular_season,home,False,1610612755,PHI,76ers,240:00,112,12,Philadelphia,sixers,43,90,0.478,11,30,0.367,15,18,0.833,15,36,51,24,5,6,17,24,1610612755,PHI,Philadelphia 76ers,1610612756,PHX,Phoenix Suns
0022300132,2023-11-04,2023-24,regular_season,road,False,1610612756,PHX,Suns,240:00,100,-12,Phoenix,suns,32,89,0.36,9,35,0.257,27,33,0.818,15,27,42,22,11,12,10,11,1610612755,PHI,Philadelphia 76ers,1610612756,PHX,Phoenix Suns
0022300133,2023-11-04,2023-24,regular_season,home,False,1610612754,IND,Pacers,240:00,124,-1,Indiana,pacers,45,93,0.484,22,45,0.489,12,16,0.75,11,25,36,31,7,5,14,18,1610612754,IND,Indiana Pacers,1610612766,CHA,Charlotte Hornets
0022300133,2023-11-04,2023-24,regular_season,road,False,1610612766,CHA,Hornets,240:00,125,1,Charlotte,hornets,47,88,0.534,8,20,0.4,23,23,1.0,12,29,41,23,5,10,13,20,1610612754,IND,Indiana Pacers,1610612766,CHA,Charlotte Hornets
0022300134,2023-11-04,2023-24,regular_season,home,False,1610612753,ORL,Magic,240:00,120,19,Orlando,magic,46,101,0.455,12,33,0.364,16,19,0.842,19,32,51,29,6,9,15,18,1610612753,ORL,Orlando Magic,1610612747,LAL,Los Angeles Lakers
0022300134,2023-11-04,2023-24,regular_season,road,False,1610612747,LAL,Lakers,240:00,101,-19,Los Angeles,lakers,37,84,0.44,8,30,0.267,19,21,0.905,10,30,40,17,6,10,17,21,1610612753,ORL,Orlando Magic,1610612747,LAL,Los Angeles Lakers
0022300135,2023-11-04,2023-24,regular_season,home,False,1610612740,NOP,Pelicans,240:00,105,-18,New Orleans,pelicans,40,84,0.476,8,31,0.258,17,21,0.81,9,26,35,24,9,7,9,15,1610612740,NOP,New Orleans Pelicans,1610612737,ATL,Atlanta Hawks
0022300135,2023-11-04,2023-24,regular_season,road,False,1610612737,ATL,Hawks,240:00,123,18,Atlanta,hawks,45,93,0.484,14,41,0.341,19,24,0.792,19,33,52,28,4,6,11,16,1610612740,NOP,New Orleans Pelicans,1610612737,ATL,Atlanta Hawks
0022300136,2023-11-04,2023-24,regular_season,home,False,1610612751,BKN,Nets,240:00,114,-10,Brooklyn,nets,43,100,0.43,17,52,0.327,11,17,0.647,10,32,42,22,4,5,5,21,1610612751,BKN,Brooklyn Nets,1610612738,BOS,Boston Celtics
0022300136,2023-11-04,2023-24,regular_season,road,False,1610612738,BOS,Celtics,240:00,124,10,Boston,celtics,43,90,0.478,15,45,0.333,23,27,0.852,10,40,50,22,4,6,11,17,1610612751,BKN,Brooklyn Nets,1610612738,BOS,Boston Celtics
0022300137,2023-11-04,2023-24,regular_season,home,False,1610612745,HOU,Rockets,240:00,107,18,Houston,rockets,40,87,0.46,13,36,0.361,14,20,0.7,10,43,53,28,4,3,11,18,1610612745,HOU,Houston Rockets,1610612758,SAC,Sacramento Kings
0022300137,2023-11-04,2023-24,regular_season,road,False,1610612758,SAC,Kings,240:00,89,-18,Sacramento,kings,32,84,0.381,11,41,0.268,14,19,0.737,8,35,43,20,5,6,11,19,1610612745,HOU,Houston Rockets,1610612758,SAC,Sacramento Kings
0022300138,2023-11-04,2023-24,regular_season,home,False,1610612750,MIN,Timberwolves,240:00,123,28,Minnesota,timberwolves,45,81,0.556,9,24,0.375,24,31,0.774,9,34,43,25,10,11,10,23,1610612750,MIN,Minnesota Timberwolves,1610612762,UTA,Utah Jazz
0022300138,2023-11-04,2023-24,regular_season,road,False,1610612762,UTA,Jazz,240:00,95,-28,Utah,jazz,35,91,0.385,12,43,0.279,13,17,0.765,17,22,39,20,3,7,18,20,1610612750,MIN,Minnesota Timberwolves,1610612762,UTA,Utah Jazz
0022300139,2023-11-04,2023-24,regular_season,home,False,1610612743,DEN,Nuggets,240:00,123,22,Denver,nuggets,42,81,0.519,16,36,0.444,23,30,0.767,10,39,49,31,10,4,11,18,1610612743,DEN,Denver Nuggets,1610612741,CHI,Chicago Bulls
0022300139,2023-11-04,2023-24,regular_season,road,False,1610612741,CHI,Bulls,240:00,101,-22,Chicago,bulls,39,86,0.453,7,26,0.269,16,23,0.696,9,28,37,28,7,3,11,19,1610612743,DEN,Denver Nuggets,1610612741,CHI,Chicago Bulls
0022300140,2023-11-05,2023-24,regular_season,home,False,1610612765,DET,Pistons,240:00,106,-14,Detroit,pistons,43,87,0.494,8,23,0.348,12,14,0.857,10,23,33,25,7,6,16,23,1610612765,DET,Detroit Pistons,1610612756,PHX,Phoenix Suns
0022300140,2023-11-05,2023-24,regular_season,road,False,1610612756,PHX,Suns,240:00,120,14,Phoenix,suns,43,86,0.5,8,21,0.381,26,29,0.897,14,29,43,29,8,10,18,13,1610612765,DET,Detroit Pistons,1610612756,PHX,Phoenix Suns
0022300141,2023-11-05,2023-24,regular_season,home,False,1610612759,SAS,Spurs,265:00,116,-7,San Antonio,spurs,48,96,0.5,10,32,0.313,10,13,0.769,9,37,46,30,7,7,17,21,1610612759,SAS,San Antonio Spurs,1610612761,TOR,Toronto Raptors
0022300141,2023-11-05,2023-24,regular_season,road,False,1610612761,TOR,Raptors,265:00,123,7,Toronto,raptors,44,97,0.454,19,48,0.396,16,26,0.615,13,34,47,29,12,6,14,15,1610612759,SAS,San Antonio Spurs,1610612761,TOR,Toronto Raptors
0022300142,2023-11-05,2023-24,regular_season,home,False,1610612739,CLE,Cavaliers,240:00,115,11,Cleveland,cavaliers,41,83,0.494,11,37,0.297,22,28,0.786,13,41,54,26,8,2,18,21,1610612739,CLE,Cleveland Cavaliers,1610612744,GSW,Golden State Warriors
0022300142,2023-11-05,2023-24,regular_season,road,False,1610612744,GSW,Warriors,240:00,104,-11,Golden State,warriors,34,94,0.362,16,41,0.39,20,30,0.667,17,27,44,26,10,4,13,18,1610612739,CLE,Cleveland Cavaliers,1610612744,GSW,Golden State Warriors
0022300143,2023-11-05,2023-24,regular_season,home,False,1610612742,DAL,Mavericks,240:00,124,6,Dallas,mavericks,43,91,0.473,14,42,0.333,24,32,0.75,9,38,47,31,3,6,10,19,1610612742,DAL,Dallas Mavericks,1610612766,CHA,Charlotte Hornets
0022300143,2023-11-05,2023-24,regular_season,road,False,1610612766,CHA,Hornets,240:00,118,-6,Charlotte,hornets,49,99,0.495,8,30,0.267,12,21,0.571,10,33,43,30,5,2,8,25,1610612742,DAL,Dallas Mavericks,1610612766,CHA,Charlotte Hornets
0022300144,2023-11-05,2023-24,regular_season,home,False,1610612757,POR,Trail Blazers,240:00,100,-12,Portland,blazers,37,95,0.389,14,45,0.311,12,15,0.8,16,31,47,23,11,5,14,21,1610612757,POR,Portland Trail Blazers,1610612763,MEM,Memphis Grizzlies
0022300144,2023-11-05,2023-24,regular_season,road,False,1610612763,MEM,Grizzlies,240:00,112,12,Memphis,grizzlies,45,89,0.506,13,32,0.406,9,13,0.692,10,39,49,27,6,7,16,18,1610612757,POR,Portland Trail Blazers,1610612763,MEM,Memphis Grizzlies
0022300145,2023-11-06,2023-24,regular_season,home,False,1610612765,DET,Pistons,240:00,109,-11,Detroit,pistons,38,80,0.475,13,30,0.433,20,21,0.952,7,32,39,23,8,2,14,20,1610612765,DET,Detroit Pistons,1610612744,GSW,Golden State Warriors
0022300145,2023-11-06,2023-24,regular_season,road,False,1610612744,GSW,Warriors,240:00,120,11,Golden State,warriors,46,97,0.474,12,41,0.293,16,21,0.762,17,27,44,26,8,4,11,14,1610612765,DET,Detroit Pistons,1610612744,GSW,Golden State Warriors
0022300146,2023-11-06,2023-24,regular_season,home,False,1610612754,IND,Pacers,240:00,152,41,Indiana,pacers,55,95,0.579,20,38,0.526,22,23,0.957,9,40,49,38,7,4,14,24,1610612754,IND,Indiana Pacers,1610612759,SAS,San Antonio Spurs
0022300146,2023-11-06,2023-24,regular_season,road,False,1610612759,SAS,Spurs,240:00,111,-41,San Antonio,spurs,40,94,0.426,8,26,0.308,23,30,0.767,12,24,36,26,7,5,11,15,1610612754,IND,Indiana Pacers,1610612759,SAS,San Antonio Spurs
0022300147,2023-11-06,2023-24,regular_season,home,False,1610612753,ORL,Magic,240:00,102,-15,Orlando,magic,40,85,0.471,8,27,0.296,14,18,0.778,6,32,38,27,6,4,20,24,1610612753,ORL,Orlando Magic,1610612742,DAL,Dallas Mavericks
0022300147,2023-11-06,2023-24,regular_season,road,False,1610612742,DAL,Mavericks,240:00,117,15,Dallas,mavericks,41,82,0.5,15,40,0.375,20,28,0.714,5,26,31,21,9,6,14,20,1610612753,ORL,Orlando Magic,1610612742,DAL,Dallas Mavericks
0022300148,2023-11-06,2023-24,regular_season,home,False,1610612755,PHI,76ers,240:00,146,18,Philadelphia,sixers,51,91,0.56,12,31,0.387,32,36,0.889,10,35,45,37,12,7,15,15,1610612755,PHI,Philadelphia 76ers,1610612764,WAS,Washington Wizards
0022300148,2023-11-06,2023-24,regular_season,road,False,1610612764,WAS,Wizards,240:00,128,-18,Washington,wizards,49,96,0.51,14,34,0.412,16,20,0.8,10,28,38,31,6,10,19,26,1610612755,PHI,Philadelphia 76ers,1610612764,WAS,Washington Wizards
0022300149,2023-11-06,2023-24,regular_season,home,False,1610612751,BKN,Nets,240:00,125,-4,Brooklyn,nets,49,101,0.485,16,45,0.356,11,13,0.846,11,35,46,22,2,4,8,16,1610612751,BKN,Brooklyn Nets,1610612749,MIL,Milwaukee Bucks
0022300149,2023-11-06,2023-24,regular_season,road,False,1610612749,MIL,Bucks,240:00,129,4,Milwaukee,bucks,46,96,0.479,16,48,0.333,21,24,0.875,12,36,48,26,6,2,10,13,1610612751,BKN,Brooklyn Nets,1610612749,MIL,Milwaukee Bucks
0022300150,2023-11-06,2023-24,regular_season,home,False,1610612748,MIA,Heat,240:00,108,1,Miami,heat,41,88,0.466,12,37,0.324,14,16,0.875,11,33,44,30,11,4,17,14,1610612748,MIA,Miami Heat,1610612747,LAL,Los Angeles Lakers
0022300150,2023-11-06,2023-24,regular_season,road,False,1610612747,LAL,Lakers,240:00,107,-1,Los Angeles,lakers,44,81,0.543,8,26,0.308,11,14,0.786,5,33,38,28,6,5,17,17,1610612748,MIA,Miami Heat,1610612747,LAL,Los Angeles Lakers
0022300151,2023-11-06,2023-24,regular_season,home,False,1610612752,NYK,Knicks,240:00,111,14,New York,knicks,41,88,0.466,12,31,0.387,17,18,0.944,18,30,48,28,13,1,19,13,1610612752,NYK,New York Knicks,1610612746,LAC,LA Clippers
0022300151,2023-11-06,2023-24,regular_season,road,False,1610612746,LAC,Clippers,240:00,97,-14,LA,clippers,36,73,0.493,11,32,0.344,14,16,0.875,7,24,31,21,8,3,22,15,1610612752,NYK,New York Knicks,1610612746,LAC,LA Clippers
0022300152,2023-11-06,2023-24,regular_season,home,False,1610612741,CHI,Bulls,240:00,130,17,Chicago,bulls,48,93,0.516,18,34,0.529,16,19,0.842,10,26,36,26,12,3,8,18,1610612741,CHI,Chicago Bulls,1610612762,UTA,Utah Jazz
0022300152,2023-11-06,2023-24,regular_season,road,False,1610612762,UTA,Jazz,240:00,113,-17,Utah,jazz,41,86,0.477,16,43,0.372,15,17,0.882,17,35,52,32,1,7,22,20,1610612741,CHI,Chicago Bulls,1610612762,UTA,Utah Jazz
0022300153,2023-11-06,2023-24,regular_season,home,False,1610612745,HOU,Rockets,240:00,122,25,Houston,rockets,43,75,0.573,15,31,0.484,21,27,0.778,5,34,39,28,8,4,10,19,1610612745,HOU,Houston Rockets,1610612758,SAC,Sacramento Kings
0022300153,2023-11-06,2023-24,regular_season,road,False,1610612758,SAC,Kings,240:00,97,-25,Sacramento,kings,36,81,0.444,14,40,0.35,11,20,0.55,12,22,34,22,5,2,13,22,1610612745,HOU,Houston Rockets,1610612758,SAC,Sacramento Kings
0022300154,2023-11-06,2023-24,regular_season,home,False,1610612750,MIN,Timberwolves,265:00,114,5,Minnesota,timberwolves,44,85,0.518,13,37,0.351,13,25,0.52,6,39,45,26,7,5,23,26,1610612750,MIN,Minnesota Timberwolves,1610612738,BOS,Boston Celtics
0022300154,2023-11-06,2023-24,regular_season,road,False,1610612738,BOS,Celtics,265:00,109,-5,Boston,celtics,36,92,0.391,11,39,0.282,26,34,0.765,11,34,45,20,13,2,16,26,1610612750,MIN,Minnesota Timberwolves,1610612738,BOS,Boston Celtics
0022300155,2023-11-06,2023-24,regular_season,home,False,1610612760,OKC,Thunder,240:00,126,9,Oklahoma City,thunder,45,94,0.479,14,35,0.4,22,23,0.957,11,38,49,27,7,7,13,22,1610612760,OKC,Oklahoma City Thunder,1610612737,ATL,Atlanta Hawks
0022300155,2023-11-06,2023-24,regular_season,road,False,1610612737,ATL,Hawks,240:00,117,-9,Atlanta,hawks,38,102,0.373,14,42,0.333,27,32,0.844,25,34,59,27,8,3,15,16,1610612760,OKC,Oklahoma City Thunder,1610612737,ATL,Atlanta Hawks
0022300156,2023-11-06,2023-24,regular_season,home,False,1610612743,DEN,Nuggets,240:00,134,18,Denver,nuggets,51,95,0.537,15,39,0.385,17,23,0.739,11,34,45,37,6,5,9,16,1610612743,DEN,Denver Nuggets,1610612740,NOP,New Orleans Pelicans
0022300156,2023-11-06,2023-24,regular_season,road,False,1610612740,NOP,Pelicans,240:00,116,-18,New Orleans,pelicans,45,90,0.5,13,30,0.433,13,15,0.867,8,30,38,24,6,2,13,18,1610612743,DEN,Denver Nuggets,1610612740,NOP,New Orleans Pelicans
0022300157,2023-11-08,2023-24,regular_season,home,False,1610612766,CHA,Hornets,240:00,116,-16,Charlotte,hornets,41,79,0.519,8,25,0.32,26,35,0.743,11,36,47,17,8,5,20,22,1610612766,CHA,Charlotte Hornets,1610612764,WAS,Washington Wizards
0022300157,2023-11-08,2023-24,regular_season,road,False,1610612764,WAS,Wizards,240:00,132,16,Washington,wizards,47,97,0.485,18,43,0.419,20,25,0.8,13,27,40,26,10,6,10,26,1610612766,CHA,Charlotte Hornets,1610612764,WAS,Washington Wizards
0022300158,2023-11-08,2023-24,regular_season,home,False,1610612754,IND,Pacers,240:00,134,16,Indiana,pacers,52,101,0.515,13,41,0.317,17,20,0.85,14,32,46,26,14,7,11,15,1610612754,IND,Indiana Pacers,1610612762,UTA,Utah Jazz
0022300158,2023-11-08,2023-24,regular_season,road,False,1610612762,UTA,Jazz,240:00,118,-16,Utah,jazz,45,96,0.469,11,27,0.407,17,18,0.944,16,31,47,26,3,5,21,17,1610612754,IND,Indiana Pacers,1610612762,UTA,Utah Jazz
0022300159,2023-11-08,2023-24,regular_season,home,False,1610612755,PHI,76ers,240:00,106,3,Philadelphia,sixers,42,95,0.442,9,34,0.265,13,15,0.867,12,44,56,20,7,7,12,16,1610612755,PHI,Philadelphia 76ers,1610612738,BOS,Boston Celtics
0022300159,2023-11-08,2023-24,regular_season,road,False,1610612738,BOS,Celtics,240:00,103,-3,Boston,celtics,36,91,0.396,15,47,0.319,16,19,0.842,9,34,43,28,8,6,12,13,1610612755,PHI,Philadelphia 76ers,1610612738,BOS,Boston Celtics
0022300160,2023-11-08,2023-24,regular_season,home,False,1610612751,BKN,Nets,240:00,100,7,Brooklyn,nets,37,92,0.402,15,41,0.366,11,13,0.846,14,35,49,22,10,10,14,14,1610612751,BKN,Brooklyn Nets,1610612746,LAC,LA Clippers
0022300160,2023-11-08,2023-24,regular_season,road,False,1610612746,LAC,Clippers,240:00,93,-7,LA,clippers,36,91,0.396,8,36,0.222,13,13,1.0,11,40,51,22,10,8,15,15,1610612751,BKN,Brooklyn Nets,1610612746,LAC,LA Clippers
0022300161,2023-11-08,2023-24,regular_season,home,False,1610612752,NYK,Knicks,240:00,126,21,New York,knicks,46,100,0.46,19,42,0.452,15,22,0.682,13,34,47,28,7,0,3,14,1610612752,NYK,New York Knicks,1610612759,SAS,San Antonio Spurs
0022300161,2023-11-08,2023-24,regular_season,road,False,1610612759,SAS,Spurs,240:00,105,-21,San Antonio,spurs,44,90,0.489,9,34,0.265,8,13,0.615,11,35,46,31,2,7,13,22,1610612752,NYK,New York Knicks,1610612759,SAS,San Antonio Spurs
0022300162,2023-11-08,2023-24,regular_season,home,False,1610612741,CHI,Bulls,265:00,115,-1,Chicago,bulls,42,96,0.438,14,33,0.424,17,23,0.739,9,30,39,30,12,7,14,22,1610612741,CHI,Chicago Bulls,1610612756,PHX,Phoenix Suns
0022300162,2023-11-08,2023-24,regular_season,road,False,1610612756,PHX,Suns,265:00,116,1,Phoenix,suns,38,90,0.422,19,48,0.396,21,25,0.84,13,41,54,32,7,10,21,20,1610612741,CHI,Chicago Bulls,1610612756,PHX,Phoenix Suns
0022300163,2023-11-08,2023-24,regular_season,home,False,1610612745,HOU,Rockets,240:00,128,34,Houston,rockets,51,93,0.548,14,33,0.424,12,19,0.632,14,43,57,26,4,4,11,23,1610612745,HOU,Houston Rockets,1610612747,LAL,Los Angeles Lakers
0022300163,2023-11-08,2023-24,regular_season,road,False,1610612747,LAL,Lakers,240:00,94,-34,Los Angeles,lakers,36,85,0.424,7,25,0.28,15,24,0.625,5,29,34,20,7,6,9,18,1610612745,HOU,Houston Rockets,1610612747,LAL,Los Angeles Lakers
0022300164,2023-11-08,2023-24,regular_season,home,False,1610612763,MEM,Grizzlies,240:00,102,-6,Memphis,grizzlies,35,90,0.389,11,37,0.297,21,28,0.75,13,25,38,20,10,4,13,27,1610612763,MEM,Memphis Grizzlies,1610612748,MIA,Miami Heat
0022300164,2023-11-08,2023-24,regular_season,road,False,1610612748,MIA,Heat,240:00,108,6,Miami,heat,35,77,0.455,11,28,0.393,27,32,0.844,9,35,44,22,9,8,19,24,1610612763,MEM,Memphis Grizzlies,1610612748,MIA,Miami Heat
0022300165,2023-11-08,2023-24,regular_season,home,False,1610612749,MIL,Bucks,240:00,120,2,Milwaukee,bucks,41,90,0.456,11,37,0.297,27,32,0.844,5,31,36,19,8,7,10,18,1610612749,MIL,Milwaukee Bucks,1610612765,DET,Detroit Pistons
0022300165,2023-11-08,2023-24,regular_season,road,False,1610612765,DET,Pistons,240:00,118,-2,Detroit,pistons,48,98,0.49,7,29,0.241,15,16,0.938,11,42,53,28,2,5,17,24,1610612749,MIL,Milwaukee Bucks,1610612765,DET,Detroit Pistons
0022300166,2023-11-08,2023-24,regular_season,home,False,1610612750,MIN,Timberwolves,240:00,122,21,Minnesota,timberwolves,45,82,0.549,15,37,0.405,17,24,0.708,8,40,48,30,9,7,16,23,1610612750,MIN,Minnesota Timberwolves,1610612740,NOP,New Orleans Pelicans
0022300166,2023-11-08,2023-24,regular_season,road,False,1610612740,NOP,Pelicans,240:00,101,-21,New Orleans,pelicans,36,93,0.387,8,28,0.286,21,22,0.955,11,29,40,23,6,1,17,23,1610612750,MIN,Minnesota Timberwolves,1610612740,NOP,New Orleans Pelicans
0022300167,2023-11-08,2023-24,regular_season,home,False,1610612760,OKC,Thunder,240:00,128,8,Oklahoma City,thunder,44,86,0.512,12,28,0.429,28,30,0.933,12,29,41,23,10,8,14,27,1610612760,OKC,Oklahoma City Thunder,1610612739,CLE,Cleveland Cavaliers
0022300167,2023-11-08,2023-24,regular_season,road,False,1610612739,CLE,Cavaliers,240:00,120,-8,Cleveland,cavaliers,42,83,0.506,9,29,0.31,27,37,0.73,11,30,41,26,9,5,18,24,1610612760,OKC,Oklahoma City Thunder,1610612739,CLE,Cleveland Cavaliers
0022300168,2023-11-08,2023-24,regular_season,home,False,1610612742,DAL,Mavericks,240:00,116,-11,Dallas,mavericks,40,84,0.476,17,41,0.415,19,31,0.613,6,32,38,25,4,6,15,21,1610612742,DAL,Dallas Mavericks,1610612761,TOR,Toronto Raptors
0022300168,2023-11-08,2023-24,regular_season,road,False,1610612761,TOR,Raptors,240:00,127,11,Toronto,raptors,49,99,0.495,11,36,0.306,18,27,0.667,15,35,50,27,10,4,11,25,1610612742,DAL,Dallas Mavericks,1610612761,TOR,Toronto Raptors
0022300169,2023-11-08,2023-24,regular_season,home,False,1610612743,DEN,Nuggets,240:00,108,3,Denver,nuggets,41,92,0.446,11,35,0.314,15,22,0.682,10,35,45,24,7,4,6,20,1610612743,DEN,Denver Nuggets,1610612744,GSW,Golden State Warriors
0022300169,2023-11-08,2023-24,regular_season,road,False,1610612744,GSW,Warriors,240:00,105,-3,Golden State,warriors,37,86,0.43,11,35,0.314,20,26,0.769,11,38,49,21,5,0,9,20,1610612743,DEN,Denver Nuggets,1610612744,GSW,Golden State Warriors
0022300170,2023-11-08,2023-24,regular_season,home,False,1610612758,SAC,Kings,265:00,121,3,Sacramento,kings,41,89,0.461,11,37,0.297,28,38,0.737,15,35,50,32,11,6,21,24,1610612758,SAC,Sacramento Kings,1610612757,POR,Portland Trail Blazers
0022300170,2023-11-08,2023-24,regular_season,road,False,1610612757,POR,Trail Blazers,265:00,118,-3,Portland,blazers,44,87,0.506,8,22,0.364,22,29,0.759,7,29,36,26,10,5,18,29,1610612758,SAC,Sacramento Kings,1610612757,POR,Portland Trail Blazers
0022300171,2023-11-09,2023-24,regular_season,home,False,1610612754,IND,Pacers,240:00,126,2,Indiana,pacers,44,92,0.478,20,48,0.417,18,20,0.9,9,31,40,27,6,6,11,25,1610612754,IND,Indiana Pacers,1610612749,MIL,Milwaukee Bucks
0022300171,2023-11-09,2023-24,regular_season,road,False,1610612749,MIL,Bucks,240:00,124,-2,Milwaukee,bucks,46,87,0.529,9,27,0.333,23,26,0.885,5,36,41,23,6,5,14,19,1610612754,IND,Indiana Pacers,1610612749,MIL,Milwaukee Bucks
0022300172,2023-11-09,2023-24,regular_season,home,False,1610612753,ORL,Magic,240:00,119,-1,Orlando,magic,42,90,0.467,10,27,0.37,25,35,0.714,18,29,47,19,12,6,19,24,1610612753,ORL,Orlando Magic,1610612737,ATL,Atlanta Hawks
0022300172,2023-11-09,2023-24,regular_season,road,False,1610612737,ATL,Hawks,240:00,120,1,Atlanta,hawks,41,85,0.482,15,39,0.385,23,30,0.767,8,28,36,22,13,7,17,25,1610612753,ORL,Orlando Magic,1610612737,ATL,Atlanta Hawks
0022300008,2023-11-10,2023-24,regular_season,home,False,1610612765,DET,Pistons,240:00,106,-8,Detroit,pistons,40,86,0.465,8,28,0.286,18,22,0.818,11,37,48,28,3,5,16,26,1610612765,DET,Detroit Pistons,1610612755,PHI,Philadelphia 76ers
0022300008,2023-11-10,2023-24,regular_season,road,False,1610612755,PHI,76ers,240:00,114,8,Philadelphia,sixers,35,83,0.422,9,28,0.321,35,41,0.854,11,35,46,23,13,5,8,23,1610612765,DET,Detroit Pistons,1610612755,PHI,Philadelphia 76ers
0022300009,2023-11-10,2023-24,regular_season,home,False,1610612764,WAS,Wizards,240:00,117,-7,Washington,wizards,43,88,0.489,14,38,0.368,17,20,0.85,7,29,36,28,4,6,15,23,1610612764,WAS,Washington Wizards,1610612766,CHA,Charlotte Hornets
0022300009,2023-11-10,2023-24,regular_season,road,False,1610612766,CHA,Hornets,240:00,124,7,Charlotte,hornets,50,110,0.455,6,28,0.214,18,28,0.643,28,39,67,31,10,4,9,19,1610612764,WAS,Washington Wizards,1610612766,CHA,Charlotte Hornets
0022300010,2023-11-10,2023-24,regular_season,home,False,1610612738,BOS,Celtics,240:00,121,14,Boston,celtics,41,94,0.436,19,52,0.365,20,28,0.714,17,35,52,29,5,3,7,13,1610612738,BOS,Boston Celtics,1610612751,BKN,Brooklyn Nets
0022300010,2023-11-10,2023-24,regular_season,road,False,1610612751,BKN,Nets,240:00,107,-14,Brooklyn,nets,38,85,0.447,15,37,0.405,16,18,0.889,9,37,46,26,0,3,10,25,1610612738,BOS,Boston Celtics,1610612751,BKN,Brooklyn Nets
0022300011,2023-11-10,2023-24,regular_season,home,False,1610612745,HOU,Rockets,240:00,104,3,Houston,rockets,36,88,0.409,10,35,0.286,22,28,0.786,9,33,42,20,9,5,9,22,1610612745,HOU,Houston Rockets,1610612740,NOP,New Orleans Pelicans
0022300011,2023-11-10,2023-24,regular_season,road,False,1610612740,NOP,Pelicans,240:00,101,-3,New Orleans,pelicans,34,75,0.453,8,25,0.32,25,34,0.735,8,41,49,12,6,6,18,26,1610612745,HOU,Houston Rockets,1610612740,NOP,New Orleans Pelicans
0022300012,2023-11-10,2023-24,regular_season,home,False,1610612763,MEM,Grizzlies,240:00,121,-6,Memphis,grizzlies,46,101,0.455,19,48,0.396,10,13,0.769,14,23,37,23,5,5,11,23,1610612763,MEM,Memphis Grizzlies,1610612762,UTA,Utah Jazz
0022300012,2023-11-10,2023-24,regular_season,road,False,1610612762,UTA,Jazz,240:00,127,6,Utah,jazz,41,76,0.539,18,37,0.486,27,29,0.931,8,30,38,28,10,12,19,17,1610612763,MEM,Memphis Grizzlies,1610612762,UTA,Utah Jazz
0022300013,2023-11-10,2023-24,regular_season,home,False,1610612759,SAS,Spurs,240:00,110,-7,San Antonio,spurs,43,92,0.467,12,34,0.353,12,19,0.632,7,31,38,29,9,8,14,21,1610612759,SAS,San Antonio Spurs,1610612750,MIN,Minnesota Timberwolves
0022300013,2023-11-10,2023-24,regular_season,road,False,1610612750,MIN,Timberwolves,240:00,117,7,Minnesota,timberwolves,43,87,0.494,10,27,0.37,21,27,0.778,13,38,51,23,6,4,18,19,1610612759,SAS,San Antonio Spurs,1610612750,MIN,Minnesota Timberwolves
0022300014,2023-11-10,2023-24,regular_season,home,False,1610612742,DAL,Mavericks,240:00,144,18,Dallas,mavericks,51,98,0.52,19,42,0.452,23,26,0.885,15,26,41,30,7,1,8,23,1610612742,DAL,Dallas Mavericks,1610612746,LAC,LA Clippers
0022300014,2023-11-10,2023-24,regular_season,road,False,1610612746,LAC,Clippers,240:00,126,-18,LA,clippers,43,88,0.489,8,27,0.296,32,36,0.889,19,28,47,21,7,2,14,27,1610612742,DAL,Dallas Mavericks,1610612746,LAC,LA Clippers
0022300015,2023-11-10,2023-24,regular_season,home,False,1610612756,PHX,Suns,240:00,119,-3,Phoenix,suns,42,94,0.447,15,37,0.405,20,27,0.741,17,35,52,22,9,1,13,24,1610612756,PHX,Phoenix Suns,1610612747,LAL,Los Angeles Lakers
0022300015,2023-11-10,2023-24,regular_season,road,False,1610612747,LAL,Lakers,240:00,122,3,Los Angeles,lakers,42,84,0.5,12,27,0.444,26,34,0.765,9,34,43,27,9,7,11,20,1610612756,PHX,Phoenix Suns,1610612747,LAL,Los Angeles Lakers
0022300016,2023-11-10,2023-24,regular_season,home,False,1610612758,SAC,Kings,240:00,105,7,Sacramento,kings,38,91,0.418,13,47,0.277,16,21,0.762,16,36,52,28,10,9,17,22,1610612758,SAC,Sacramento Kings,1610612760,OKC,Oklahoma City Thunder
0022300016,2023-11-10,2023-24,regular_season,road,False,1610612760,OKC,Thunder,240:00,98,-7,Oklahoma City,thunder,39,87,0.448,7,30,0.233,13,16,0.813,5,33,38,22,9,5,16,15,1610612758,SAC,Sacramento Kings,1610612760,OKC,Oklahoma City Thunder
0022300173,2023-11-11,2023-24,regular_season,home,False,1610612753,ORL,Magic,240:00,112,15,Orlando,magic,36,84,0.429,10,26,0.385,30,35,0.857,15,28,43,24,9,2,13,17,1610612753,ORL,Orlando Magic,1610612749,MIL,Milwaukee Bucks
0022300173,2023-11-11,2023-24,regular_season,road,False,1610612749,MIL,Bucks,240:00,97,-15,Milwaukee,bucks,38,77,0.494,9,29,0.31,12,25,0.48,5,31,36,25,9,6,19,24,1610612753,ORL,Orlando Magic,1610612749,MIL,Milwaukee Bucks
0022300174,2023-11-11,2023-24,regular_season,home,False,1610612738,BOS,Celtics,240:00,117,23,Boston,celtics,47,86,0.547,15,44,0.341,8,13,0.615,5,41,46,30,1,4,12,14,1610612738,BOS,Boston Celtics,1610612761,TOR,Toronto Raptors
0022300174,2023-11-11,2023-24,regular_season,road,False,1610612761,TOR,Raptors,240:00,94,-23,Toronto,raptors,35,91,0.385,10,37,0.27,14,16,0.875,7,30,37,25,8,1,8,14,1610612738,BOS,Boston Celtics,1610612761,TOR,Toronto Raptors
0022300175,2023-11-11,2023-24,regular_season,home,False,1610612737,ATL,Hawks,240:00,109,-8,Atlanta,hawks,38,87,0.437,18,46,0.391,15,18,0.833,15,33,48,23,6,6,21,19,1610612737,ATL,Atlanta Hawks,1610612748,MIA,Miami Heat
0022300175,2023-11-11,2023-24,regular_season,road,False,1610612748,MIA,Heat,240:00,117,8,Miami,heat,41,84,0.488,12,38,0.316,23,25,0.92,7,32,39,23,10,4,15,14,1610612737,ATL,Atlanta Hawks,1610612748,MIA,Miami Heat
0022300176,2023-11-11,2023-24,regular_season,home,False,1610612744,GSW,Warriors,240:00,110,-8,Golden State,warriors,37,90,0.411,13,38,0.342,23,30,0.767,15,40,55,26,5,3,20,29,1610612744,GSW,Golden State Warriors,1610612739,CLE,Cleveland Cavaliers
0022300176,2023-11-11,2023-24,regular_season,road,False,1610612739,CLE,Cavaliers,240:00,118,8,Cleveland,cavaliers,37,86,0.43,11,30,0.367,33,43,0.767,11,34,45,23,13,3,10,24,1610612744,GSW,Golden State Warriors,1610612739,CLE,Cleveland Cavaliers
0022300177,2023-11-12,2023-24,regular_season,home,False,1610612752,NYK,Knicks,240:00,129,22,New York,knicks,47,87,0.54,15,36,0.417,20,30,0.667,10,30,40,25,8,4,9,18,1610612752,NYK,New York Knicks,1610612766,CHA,Charlotte Hornets
0022300177,2023-11-12,2023-24,regular_season,road,False,1610612766,CHA,Hornets,240:00,107,-22,Charlotte,hornets,44,94,0.468,12,35,0.343,7,11,0.636,15,21,36,21,5,4,12,25,1610612752,NYK,New York Knicks,1610612766,CHA,Charlotte Hornets
0022300178,2023-11-12,2023-24,regular_season,home,False,1610612751,BKN,Nets,240:00,102,8,Brooklyn,nets,37,98,0.378,12,49,0.245,16,20,0.8,20,46,66,22,6,6,18,18,1610612751,BKN,Brooklyn Nets,1610612764,WAS,Washington Wizards
0022300178,2023-11-12,2023-24,regular_season,road,False,1610612764,WAS,Wizards,240:00,94,-8,Washington,wizards,33,88,0.375,10,41,0.244,18,25,0.72,7,35,42,20,14,3,12,15,1610612751,BKN,Brooklyn Nets,1610612764,WAS,Washington Wizards
0022300179,2023-11-12,2023-24,regular_season,home,False,1610612746,LAC,Clippers,240:00,101,-4,LA,clippers,37,85,0.435,12,34,0.353,15,23,0.652,8,33,41,26,9,3,14,23,1610612746,LAC,LA Clippers,1610612763,MEM,Memphis Grizzlies
0022300179,2023-11-12,2023-24,regular_season,road,False,1610612763,MEM,Grizzlies,240:00,105,4,Memphis,grizzlies,37,88,0.42,13,41,0.317,18,24,0.75,11,30,41,25,7,6,16,23,1610612746,LAC,LA Clippers,1610612763,MEM,Memphis Grizzlies
0022300180,2023-11-12,2023-24,regular_season,home,False,1610612755,PHI,76ers,240:00,137,11,Philadelphia,sixers,53,105,0.505,14,33,0.424,17,20,0.85,23,31,54,28,5,7,11,15,1610612755,PHI,Philadelphia 76ers,1610612754,IND,Indiana Pacers
0022300180,2023-11-12,2023-24,regular_season,road,False,1610612754,IND,Pacers,240:00,126,-11,Indiana,pacers,47,90,0.522,16,39,0.41,16,19,0.842,8,24,32,31,8,9,10,14,1610612755,PHI,Philadelphia 76ers,1610612754,IND,Indiana Pacers
0022300181,2023-11-12,2023-24,regular_season,home,False,1610612741,CHI,Bulls,240:00,119,11,Chicago,bulls,44,91,0.484,11,30,0.367,20,25,0.8,11,29,40,22,12,6,6,21,1610612741,CHI,Chicago Bulls,1610612765,DET,Detroit Pistons
0022300181,2023-11-12,2023-24,regular_season,road,False,1610612765,DET,Pistons,240:00,108,-11,Detroit,pistons,38,88,0.432,11,32,0.344,21,26,0.808,16,33,49,26,4,6,16,19,1610612741,CHI,Chicago Bulls,1610612765,DET,Detroit Pistons
0022300182,2023-11-12,2023-24,regular_season,home,False,1610612745,HOU,Rockets,240:00,107,3,Houston,rockets,37,87,0.425,10,32,0.313,23,29,0.793,12,33,45,20,7,4,9,16,1610612745,HOU,Houston Rockets,1610612743,DEN,Denver Nuggets
0022300182,2023-11-12,2023-24,regular_season,road,False,1610612743,DEN,Nuggets,240:00,104,-3,Denver,nuggets,42,91,0.462,9,32,0.281,11,14,0.786,12,37,49,24,3,5,11,20,1610612745,HOU,Houston Rockets,1610612743,DEN,Denver Nuggets
0022300183,2023-11-12,2023-24,regular_season,home,False,1610612740,NOP,Pelicans,240:00,124,-12,New Orleans,pelicans,47,92,0.511,17,36,0.472,13,22,0.591,13,41,54,31,2,3,18,20,1610612740,NOP,New Orleans Pelicans,1610612742,DAL,Dallas Mavericks
0022300183,2023-11-12,2023-24,regular_season,road,False,1610612742,DAL,Mavericks,240:00,136,12,Dallas,mavericks,50,102,0.49,20,53,0.377,16,21,0.762,8,34,42,29,7,6,6,19,1610612740,NOP,New Orleans Pelicans,1610612742,DAL,Dallas Mavericks
0022300184,2023-11-12,2023-24,regular_season,home,False,1610612759,SAS,Spurs,240:00,113,-5,San Antonio,spurs,42,91,0.462,19,44,0.432,10,12,0.833,11,39,50,35,3,6,17,21,1610612759,SAS,San Antonio Spurs,1610612748,MIA,Miami Heat
0022300184,2023-11-12,2023-24,regular_season,road,False,1610612748,MIA,Heat,240:00,118,5,Miami,heat,39,89,0.438,12,31,0.387,28,30,0.933,11,30,41,26,7,3,4,12,1610612759,SAS,San Antonio Spurs,1610612748,MIA,Miami Heat
0022300185,2023-11-12,2023-24,regular_season,home,False,1610612756,PHX,Suns,240:00,99,-12,Phoenix,suns,32,83,0.386,9,29,0.31,26,31,0.839,16,35,51,20,4,7,17,19,1610612756,PHX,Phoenix Suns,1610612760,OKC,Oklahoma City Thunder
0022300185,2023-11-12,2023-24,regular_season,road,False,1610612760,OKC,Thunder,240:00,111,12,Oklahoma City,thunder,40,82,0.488,10,27,0.37,21,25,0.84,6,27,33,23,9,8,7,21,1610612756,PHX,Phoenix Suns,1610612760,OKC,Oklahoma City Thunder
0022300186,2023-11-12,2023-24,regular_season,home,False,1610612744,GSW,Warriors,240:00,110,-6,Golden State,warriors,37,96,0.385,12,43,0.279,24,28,0.857,19,32,51,24,9,0,14,28,1610612744,GSW,Golden State Warriors,1610612750,MIN,Minnesota Timberwolves
0022300186,2023-11-12,2023-24,regular_season,road,False,1610612750,MIN,Timberwolves,240:00,116,6,Minnesota,timberwolves,43,82,0.524,9,27,0.333,21,30,0.7,9,38,47,27,8,6,14,19,1610612744,GSW,Golden State Warriors,1610612750,MIN,Minnesota Timberwolves
0022300187,2023-11-12,2023-24,regular_season,home,False,1610612747,LAL,Lakers,240:00,116,6,Los Angeles,lakers,41,84,0.488,4,19,0.211,30,37,0.811,7,34,41,27,8,4,9,11,1610612747,LAL,Los Angeles Lakers,1610612757,POR,Portland Trail Blazers
0022300187,2023-11-12,2023-24,regular_season,road,False,1610612757,POR,Trail Blazers,240:00,110,-6,Portland,blazers,45,90,0.5,13,37,0.351,7,9,0.778,5,33,38,29,2,8,15,25,1610612747,LAL,Los Angeles Lakers,1610612757,POR,Portland Trail Blazers
0022300188,2023-11-13,2023-24,regular_season,home,False,1610612738,BOS,Celtics,240:00,114,16,Boston,celtics,40,79,0.506,19,43,0.442,15,16,0.938,8,29,37,27,3,3,11,22,1610612738,BOS,Boston Celtics,1610612752,NYK,New York Knicks
0022300188,2023-11-13,2023-24,regular_season,road,False,1610612752,NYK,Knicks,240:00,98,-16,New York,knicks,33,79,0.418,15,35,0.429,17,24,0.708,12,25,37,17,5,2,8,16,1610612738,BOS,Boston Celtics,1610612752,NYK,New York Knicks
0022300189,2023-11-13,2023-24,regular_season,home,False,1610612761,TOR,Raptors,240:00,111,4,Toronto,raptors,45,90,0.5,4,20,0.2,17,25,0.68,16,32,48,28,11,4,16,13,1610612761,TOR,Toronto Raptors,1610612764,WAS,Washington Wizards
0022300189,2023-11-13,2023-24,regular_season,road,False,1610612764,WAS,Wizards,240:00,107,-4,Washington,wizards,43,84,0.512,12,26,0.462,9,12,0.75,8,30,38,32,11,5,22,22,1610612761,TOR,Toronto Raptors,1610612764,WAS,Washington Wizards
0022300190,2023-11-13,2023-24,regular_season,home,False,1610612749,MIL,Bucks,240:00,118,9,Milwaukee,bucks,42,89,0.472,15,47,0.319,19,27,0.704,13,40,53,23,3,5,15,23,1610612749,MIL,Milwaukee Bucks,1610612741,CHI,Chicago Bulls
0022300190,2023-11-13,2023-24,regular_season,road,False,1610612741,CHI,Bulls,240:00,109,-9,Chicago,bulls,38,100,0.38,14,42,0.333,19,21,0.905,18,29,47,24,9,7,6,25,1610612749,MIL,Milwaukee Bucks,1610612741,CHI,Chicago Bulls
0022300191,2023-11-13,2023-24,regular_season,home,False,1610612758,SAC,Kings,240:00,132,12,Sacramento,kings,49,83,0.59,20,42,0.476,14,22,0.636,8,29,37,32,3,4,10,19,1610612758,SAC,Sacramento Kings,1610612739,CLE,Cleveland Cavaliers
0022300191,2023-11-13,2023-24,regular_season,road,False,1610612739,CLE,Cavaliers,240:00,120,-12,Cleveland,cavaliers,45,91,0.495,16,35,0.457,14,17,0.824,14,25,39,24,3,1,11,18,1610612758,SAC,Sacramento Kings,1610612739,CLE,Cleveland Cavaliers
0022300017,2023-11-14,2023-24,regular_season,home,False,1610612766,CHA,Hornets,240:00,105,-6,Charlotte,hornets,36,81,0.444,15,32,0.469,18,22,0.818,13,32,45,21,6,0,18,21,1610612766,CHA,Charlotte Hornets,1610612748,MIA,Miami Heat
0022300017,2023-11-14,2023-24,regular_season,road,False,1610612748,MIA,Heat,240:00,111,6,Miami,heat,40,83,0.482,8,31,0.258,23,28,0.821,10,32,42,26,12,5,7,19,1610612766,CHA,Charlotte Hornets,1610612748,MIA,Miami Heat
0022300018,2023-11-14,2023-24,regular_season,home,False,1610612765,DET,Pistons,240:00,120,-6,Detroit,pistons,47,90,0.522,10,29,0.345,16,23,0.696,14,28,42,36,9,6,17,20,1610612765,DET,Detroit Pistons,1610612737,ATL,Atlanta Hawks
0022300018,2023-11-14,2023-24,regular_season,road,False,1610612737,ATL,Hawks,240:00,126,6,Atlanta,hawks,45,87,0.517,12,33,0.364,24,26,0.923,10,31,41,28,9,7,14,19,1610612765,DET,Detroit Pistons,1610612737,ATL,Atlanta Hawks
0022300019,2023-11-14,2023-24,regular_season,home,False,1610612755,PHI,76ers,240:00,126,-6,Philadelphia,sixers,43,86,0.5,6,22,0.273,34,35,0.971,5,33,38,22,5,3,16,26,1610612755,PHI,Philadelphia 76ers,1610612754,IND,Indiana Pacers
0022300019,2023-11-14,2023-24,regular_season,road,False,1610612754,IND,Pacers,240:00,132,6,Indiana,pacers,48,93,0.516,13,37,0.351,23,33,0.697,10,31,41,32,7,5,11,28,1610612755,PHI,Philadelphia 76ers,1610612754,IND,Indiana Pacers
0022300020,2023-11-14,2023-24,regular_season,home,False,1610612751,BKN,Nets,240:00,124,20,Brooklyn,nets,46,85,0.541,19,39,0.487,13,20,0.65,13,31,44,22,13,3,15,24,1610612751,BKN,Brooklyn Nets,1610612753,ORL,Orlando Magic
0022300020,2023-11-14,2023-24,regular_season,road,False,1610612753,ORL,Magic,240:00,104,-20,Orlando,magic,36,82,0.439,16,46,0.348,16,21,0.762,9,28,37,23,9,4,14,16,1610612751,BKN,Brooklyn Nets,1610612753,ORL,Orlando Magic
0022300021,2023-11-14,2023-24,regular_season,home,False,1610612760,OKC,Thunder,240:00,123,36,Oklahoma City,thunder,46,89,0.517,15,39,0.385,16,20,0.8,4,36,40,34,19,6,15,17,1610612760,OKC,Oklahoma City Thunder,1610612759,SAS,San Antonio Spurs
0022300021,2023-11-14,2023-24,regular_season,road,False,1610612759,SAS,Spurs,240:00,87,-36,San Antonio,spurs,36,93,0.387,9,30,0.3,6,9,0.667,13,30,43,24,7,6,24,13,1610612760,OKC,Oklahoma City Thunder,1610612759,SAS,San Antonio Spurs
0022300022,2023-11-14,2023-24,regular_season,home,False,1610612740,NOP,Pelicans,240:00,131,21,New Orleans,pelicans,49,94,0.521,14,38,0.368,19,26,0.731,12,30,42,33,17,6,12,20,1610612740,NOP,New Orleans Pelicans,1610612742,DAL,Dallas Mavericks
0022300022,2023-11-14,2023-24,regular_season,road,False,1610612742,DAL,Mavericks,240:00,110,-21,Dallas,mavericks,38,90,0.422,14,42,0.333,20,26,0.769,16,29,45,25,4,3,20,16,1610612740,NOP,New Orleans Pelicans,1610612742,DAL,Dallas Mavericks
0022300023,2023-11-14,2023-24,regular_season,home,False,1610612762,UTA,Jazz,240:00,115,16,Utah,jazz,44,95,0.463,13,43,0.302,14,15,0.933,16,36,52,26,11,6,12,18,1610612762,UTA,Utah Jazz,1610612757,POR,Portland Trail Blazers
0022300023,2023-11-14,2023-24,regular_season,road,False,1610612757,POR,Trail Blazers,240:00,99,-16,Portland,blazers,37,88,0.42,11,35,0.314,14,20,0.7,13,30,43,23,5,6,17,15,1610612762,UTA,Utah Jazz,1610612757,POR,Portland Trail Blazers
0022300024,2023-11-14,2023-24,regular_season,home,False,1610612743,DEN,Nuggets,240:00,111,3,Denver,nuggets,39,73,0.534,8,23,0.348,25,32,0.781,6,30,36,26,4,2,14,19,1610612743,DEN,Denver Nuggets,1610612746,LAC,LA Clippers
0022300024,2023-11-14,2023-24,regular_season,road,False,1610612746,LAC,Clippers,240:00,108,-3,LA,clippers,37,86,0.43,13,29,0.448,21,24,0.875,14,28,42,21,10,1,10,24,1610612743,DEN,Denver Nuggets,1610612746,LAC,LA Clippers
0022300025,2023-11-14,2023-24,regular_season,home,False,1610612744,GSW,Warriors,240:00,101,-3,Golden State,warriors,37,88,0.42,13,39,0.333,14,16,0.875,13,33,46,28,11,2,19,22,1610612744,GSW,Golden State Warriors,1610612750,MIN,Minnesota Timberwolves
0022300025,2023-11-14,2023-24,regular_season,road,False,1610612750,MIN,Timberwolves,240:00,104,3,Minnesota,timberwolves,36,81,0.444,14,34,0.412,18,21,0.857,9,33,42,24,9,5,19,19,1610612744,GSW,Golden State Warriors,1610612750,MIN,Minnesota Timberwolves
0022300026,2023-11-14,2023-24,regular_season,home,False,1610612747,LAL,Lakers,240:00,134,27,Los Angeles,lakers,47,81,0.58,22,35,0.629,18,24,0.75,10,44,54,30,4,10,18,13,1610612747,LAL,Los Angeles Lakers,1610612763,MEM,Memphis Grizzlies
0022300026,2023-11-14,2023-24,regular_season,road,False,1610612763,MEM,Grizzlies,240:00,107,-27,Memphis,grizzlies,39,106,0.368,20,53,0.377,9,12,0.75,13,20,33,28,8,9,9,15,1610612747,LAL,Los Angeles Lakers,1610612763,MEM,Memphis Grizzlies
0022300192,2023-11-15,2023-24,regular_season,home,False,1610612764,WAS,Wizards,240:00,117,-13,Washington,wizards,43,89,0.483,12,36,0.333,19,23,0.826,8,38,46,23,6,1,12,22,1610612764,WAS,Washington Wizards,1610612742,DAL,Dallas Mavericks
0022300192,2023-11-15,2023-24,regular_season,road,False,1610612742,DAL,Mavericks,240:00,130,13,Dallas,mavericks,48,92,0.522,17,42,0.405,17,29,0.586,9,37,46,32,6,4,10,16,1610612764,WAS,Washington Wizards,1610612742,DAL,Dallas Mavericks
0022300193,2023-11-15,2023-24,regular_season,home,False,1610612737,ATL,Hawks,240:00,114,-2,Atlanta,hawks,41,75,0.547,12,31,0.387,20,26,0.769,6,24,30,28,11,6,15,20,1610612737,ATL,Atlanta Hawks,1610612752,NYK,New York Knicks
0022300193,2023-11-15,2023-24,regular_season,road,False,1610612752,NYK,Knicks,240:00,116,2,New York,knicks,45,94,0.479,16,34,0.471,10,11,0.909,14,28,42,29,9,2,16,20,1610612737,ATL,Atlanta Hawks,1610612752,NYK,New York Knicks
0022300194,2023-11-15,2023-24,regular_season,home,False,1610612755,PHI,76ers,240:00,107,-10,Philadelphia,sixers,39,85,0.459,11,30,0.367,18,22,0.818,10,31,41,18,5,1,9,14,1610612755,PHI,Philadelphia 76ers,1610612738,BOS,Boston Celtics
0022300194,2023-11-15,2023-24,regular_season,road,False,1610612738,BOS,Celtics,240:00,117,10,Boston,celtics,42,88,0.477,18,50,0.36,15,19,0.789,12,33,45,23,7,8,9,15,1610612755,PHI,Philadelphia 76ers,1610612738,BOS,Boston Celtics
0022300195,2023-11-15,2023-24,regular_season,home,False,1610612761,TOR,Raptors,240:00,112,-16,Toronto,raptors,38,96,0.396,9,33,0.273,27,31,0.871,26,29,55,28,10,8,14,19,1610612761,TOR,Toronto Raptors,1610612749,MIL,Milwaukee Bucks
0022300195,2023-11-15,2023-24,regular_season,road,False,1610612749,MIL,Bucks,240:00,128,16,Milwaukee,bucks,44,85,0.518,20,39,0.513,20,21,0.952,9,32,41,25,8,9,13,25,1610612761,TOR,Toronto Raptors,1610612749,MIL,Milwaukee Bucks
0022300196,2023-11-15,2023-24,regular_season,home,False,1610612741,CHI,Bulls,240:00,94,-2,Chicago,bulls,33,83,0.398,9,33,0.273,19,22,0.864,14,39,53,16,7,4,19,25,1610612741,CHI,Chicago Bulls,1610612753,ORL,Orlando Magic
0022300196,2023-11-15,2023-24,regular_season,road,False,1610612753,ORL,Magic,240:00,96,2,Orlando,magic,32,82,0.39,8,28,0.286,24,30,0.8,12,34,46,20,12,3,13,21,1610612741,CHI,Chicago Bulls,1610612753,ORL,Orlando Magic
0022300197,2023-11-15,2023-24,regular_season,home,False,1610612756,PHX,Suns,240:00,133,18,Phoenix,suns,51,85,0.6,17,31,0.548,14,15,0.933,5,27,32,31,1,4,9,21,1610612756,PHX,Phoenix Suns,1610612750,MIN,Minnesota Timberwolves
0022300197,2023-11-15,2023-24,regular_season,road,False,1610612750,MIN,Timberwolves,240:00,115,-18,Minnesota,timberwolves,42,92,0.457,5,27,0.185,26,28,0.929,16,24,40,18,8,5,6,14,1610612756,PHX,Phoenix Suns,1610612750,MIN,Minnesota Timberwolves
0022300198,2023-11-15,2023-24,regular_season,home,False,1610612747,LAL,Lakers,240:00,110,-15,Los Angeles,lakers,42,83,0.506,11,29,0.379,15,19,0.789,7,36,43,25,12,6,23,17,1610612747,LAL,Los Angeles Lakers,1610612758,SAC,Sacramento Kings
0022300198,2023-11-15,2023-24,regular_season,road,False,1610612758,SAC,Kings,240:00,125,15,Sacramento,kings,48,96,0.5,16,44,0.364,13,17,0.765,11,34,45,31,20,1,15,20,1610612747,LAL,Los Angeles Lakers,1610612758,SAC,Sacramento Kings
0022300199,2023-11-15,2023-24,regular_season,home,False,1610612757,POR,Trail Blazers,240:00,95,-14,Portland,blazers,34,91,0.374,13,38,0.342,14,16,0.875,8,22,30,24,9,3,12,21,1610612757,POR,Portland Trail Blazers,1610612739,CLE,Cleveland Cavaliers
0022300199,2023-11-15,2023-24,regular_season,road,False,1610612739,CLE,Cavaliers,240:00,109,14,Cleveland,cavaliers,42,75,0.56,9,30,0.3,16,21,0.762,7,40,47,23,5,9,17,16,1610612757,POR,Portland Trail Blazers,1610612739,CLE,Cleveland Cavaliers
0022300200,2023-11-16,2023-24,regular_season,home,False,1610612748,MIA,Heat,240:00,122,7,Miami,heat,42,81,0.519,15,35,0.429,23,24,0.958,7,25,32,26,8,3,9,20,1610612748,MIA,Miami Heat,1610612751,BKN,Brooklyn Nets
0022300200,2023-11-16,2023-24,regular_season,road,False,1610612751,BKN,Nets,240:00,115,-7,Brooklyn,nets,40,85,0.471,14,36,0.389,21,27,0.778,10,30,40,29,5,3,14,20,1610612748,MIA,Miami Heat,1610612751,BKN,Brooklyn Nets
0022300201,2023-11-16,2023-24,regular_season,home,False,1610612744,GSW,Warriors,240:00,109,-19,Golden State,warriors,40,98,0.408,14,41,0.341,15,19,0.789,20,29,49,27,5,4,16,19,1610612744,GSW,Golden State Warriors,1610612760,OKC,Oklahoma City Thunder
0022300201,2023-11-16,2023-24,regular_season,road,False,1610612760,OKC,Thunder,240:00,128,19,Oklahoma City,thunder,44,87,0.506,19,32,0.594,21,23,0.913,7,35,42,31,10,3,12,20,1610612744,GSW,Golden State Warriors,1610612760,OKC,Oklahoma City Thunder
0022300027,2023-11-17,2023-24,regular_season,home,False,1610612766,CHA,Hornets,240:00,99,-31,Charlotte,hornets,37,91,0.407,6,26,0.231,19,22,0.864,9,34,43,18,5,2,12,14,1610612766,CHA,Charlotte Hornets,1610612749,MIL,Milwaukee Bucks
0022300027,2023-11-17,2023-24,regular_season,road,False,1610612749,MIL,Bucks,240:00,130,31,Milwaukee,bucks,49,89,0.551,22,45,0.489,10,13,0.769,4,45,49,32,4,7,13,21,1610612766,CHA,Charlotte Hornets,1610612749,MIL,Milwaukee Bucks
0022300028,2023-11-17,2023-24,regular_season,home,False,1610612764,WAS,Wizards,240:00,99,-21,Washington,wizards,37,82,0.451,10,32,0.313,15,16,0.938,7,25,32,25,4,4,14,18,1610612764,WAS,Washington Wizards,1610612752,NYK,New York Knicks
0022300028,2023-11-17,2023-24,regular_season,road,False,1610612752,NYK,Knicks,240:00,120,21,New York,knicks,45,91,0.495,16,38,0.421,14,20,0.7,14,34,48,26,5,6,10,21,1610612764,WAS,Washington Wizards,1610612752,NYK,New York Knicks
0022300029,2023-11-17,2023-24,regular_season,home,False,1610612737,ATL,Hawks,240:00,116,-10,Atlanta,hawks,40,89,0.449,12,33,0.364,24,30,0.8,14,25,39,24,8,4,13,20,1610612737,ATL,Atlanta Hawks,1610612755,PHI,Philadelphia 76ers
0022300029,2023-11-17,2023-24,regular_season,road,False,1610612755,PHI,76ers,240:00,126,10,Philadelphia,sixers,43,88,0.489,13,30,0.433,27,28,0.964,13,30,43,32,9,4,15,20,1610612737,ATL,Atlanta Hawks,1610612755,PHI,Philadelphia 76ers
0022300030,2023-11-17,2023-24,regular_season,home,False,1610612739,CLE,Cavaliers,240:00,108,8,Cleveland,cavaliers,42,82,0.512,9,21,0.429,15,21,0.714,7,32,39,21,9,6,12,9,1610612739,CLE,Cleveland Cavaliers,1610612765,DET,Detroit Pistons
0022300030,2023-11-17,2023-24,regular_season,road,False,1610612765,DET,Pistons,240:00,100,-8,Detroit,pistons,39,91,0.429,9,35,0.257,13,15,0.867,18,33,51,20,8,6,17,19,1610612739,CLE,Cleveland Cavaliers,1610612765,DET,Detroit Pistons
0022300031,2023-11-17,2023-24,regular_season,home,False,1610612761,TOR,Raptors,240:00,105,-3,Toronto,raptors,42,87,0.483,12,33,0.364,9,14,0.643,5,36,41,29,4,1,13,11,1610612761,TOR,Toronto Raptors,1610612738,BOS,Boston Celtics
0022300031,2023-11-17,2023-24,regular_season,road,False,1610612738,BOS,Celtics,240:00,108,3,Boston,celtics,42,92,0.457,16,46,0.348,8,9,0.889,8,36,44,29,5,4,10,13,1610612761,TOR,Toronto Raptors,1610612738,BOS,Boston Celtics
0022300032,2023-11-17,2023-24,regular_season,home,False,1610612759,SAS,Spurs,240:00,120,-9,San Antonio,spurs,43,92,0.467,15,36,0.417,19,23,0.826,6,36,42,33,7,3,15,21,1610612759,SAS,San Antonio Spurs,1610612758,SAC,Sacramento Kings
0022300032,2023-11-17,2023-24,regular_season,road,False,1610612758,SAC,Kings,240:00,129,9,Sacramento,kings,46,85,0.541,18,42,0.429,19,24,0.792,4,38,42,31,10,2,13,22,1610612759,SAS,San Antonio Spurs,1610612758,SAC,Sacramento Kings
0022300033,2023-11-17,2023-24,regular_season,home,False,1610612741,CHI,Bulls,240:00,97,-6,Chicago,bulls,35,79,0.443,10,29,0.345,17,22,0.773,5,29,34,19,10,3,16,21,1610612741,CHI,Chicago Bulls,1610612753,ORL,Orlando Magic
0022300033,2023-11-17,2023-24,regular_season,road,False,1610612753,ORL,Magic,240:00,103,6,Orlando,magic,38,79,0.481,11,34,0.324,16,23,0.696,10,36,46,24,7,7,17,22,1610612741,CHI,Chicago Bulls,1610612753,ORL,Orlando Magic
0022300034,2023-11-17,2023-24,regular_season,home,False,1610612740,NOP,Pelicans,240:00,115,5,New Orleans,pelicans,46,88,0.523,12,23,0.522,11,21,0.524,4,35,39,33,8,5,9,13,1610612740,NOP,New Orleans Pelicans,1610612743,DEN,Denver Nuggets
0022300034,2023-11-17,2023-24,regular_season,road,False,1610612743,DEN,Nuggets,240:00,110,-5,Denver,nuggets,47,96,0.49,10,40,0.25,6,12,0.5,11,40,51,37,4,3,13,20,1610612740,NOP,New Orleans Pelicans,1610612743,DEN,Denver Nuggets
0022300035,2023-11-17,2023-24,regular_season,home,False,1610612762,UTA,Jazz,240:00,128,-3,Utah,jazz,43,85,0.506,16,36,0.444,26,31,0.839,10,29,39,27,3,10,8,23,1610612762,UTA,Utah Jazz,1610612756,PHX,Phoenix Suns
0022300035,2023-11-17,2023-24,regular_season,road,False,1610612756,PHX,Suns,240:00,131,3,Phoenix,suns,45,86,0.523,18,33,0.545,23,26,0.885,5,31,36,35,5,4,8,22,1610612762,UTA,Utah Jazz,1610612756,PHX,Phoenix Suns
0022300036,2023-11-17,2023-24,regular_season,home,False,1610612757,POR,Trail Blazers,240:00,95,-12,Portland,blazers,36,89,0.404,10,37,0.27,13,18,0.722,19,29,48,17,11,2,18,17,1610612757,POR,Portland Trail Blazers,1610612747,LAL,Los Angeles Lakers
0022300036,2023-11-17,2023-24,regular_season,road,False,1610612747,LAL,Lakers,240:00,107,12,Los Angeles,lakers,40,81,0.494,12,29,0.414,15,22,0.682,11,33,44,27,11,6,18,16,1610612757,POR,Portland Trail Blazers,1610612747,LAL,Los Angeles Lakers
0022300037,2023-11-17,2023-24,regular_season,home,False,1610612746,LAC,Clippers,240:00,106,6,LA,clippers,36,83,0.434,13,34,0.382,21,30,0.7,8,39,47,22,10,7,12,19,1610612746,LAC,LA Clippers,1610612745,HOU,Houston Rockets
0022300037,2023-11-17,2023-24,regular_season,road,False,1610612745,HOU,Rockets,240:00,100,-6,Houston,rockets,38,88,0.432,10,31,0.323,14,20,0.7,12,35,47,24,6,5,16,28,1610612746,LAC,LA Clippers,1610612745,HOU,Houston Rockets
0022300202,2023-11-18,2023-24,regular_season,home,False,1610612766,CHA,Hornets,240:00,108,-14,Charlotte,hornets,40,82,0.488,17,35,0.486,11,13,0.846,4,32,36,29,5,5,13,22,1610612766,CHA,Charlotte Hornets,1610612752,NYK,New York Knicks
0022300202,2023-11-18,2023-24,regular_season,road,False,1610612752,NYK,Knicks,240:00,122,14,New York,knicks,46,91,0.505,16,37,0.432,14,19,0.737,13,34,47,27,7,4,12,13,1610612766,CHA,Charlotte Hornets,1610612752,NYK,New York Knicks
0022300203,2023-11-18,2023-24,regular_season,home,False,1610612740,NOP,Pelicans,240:00,120,-1,New Orleans,pelicans,44,86,0.512,12,29,0.414,20,23,0.87,13,27,40,27,9,5,17,26,1610612740,NOP,New Orleans Pelicans,1610612750,MIN,Minnesota Timberwolves
0022300203,2023-11-18,2023-24,regular_season,road,False,1610612750,MIN,Timberwolves,240:00,121,1,Minnesota,timberwolves,43,80,0.538,13,31,0.419,22,27,0.815,5,28,33,29,6,7,14,21,1610612740,NOP,New Orleans Pelicans,1610612750,MIN,Minnesota Timberwolves
0022300204,2023-11-18,2023-24,regular_season,home,False,1610612741,CHI,Bulls,240:00,102,5,Chicago,bulls,36,81,0.444,16,45,0.356,14,19,0.737,10,34,44,24,9,6,12,22,1610612741,CHI,Chicago Bulls,1610612748,MIA,Miami Heat
0022300204,2023-11-18,2023-24,regular_season,road,False,1610612748,MIA,Heat,240:00,97,-5,Miami,heat,33,77,0.429,12,36,0.333,19,23,0.826,5,29,34,23,9,0,15,18,1610612741,CHI,Chicago Bulls,1610612748,MIA,Miami Heat
0022300205,2023-11-18,2023-24,regular_season,home,False,1610612749,MIL,Bucks,240:00,132,7,Milwaukee,bucks,49,94,0.521,17,45,0.378,17,20,0.85,5,36,41,29,8,3,6,16,1610612749,MIL,Milwaukee Bucks,1610612742,DAL,Dallas Mavericks
0022300205,2023-11-18,2023-24,regular_season,road,False,1610612742,DAL,Mavericks,240:00,125,-7,Dallas,mavericks,51,103,0.495,16,47,0.34,7,10,0.7,11,38,49,27,1,2,12,16,1610612749,MIL,Milwaukee Bucks,1610612742,DAL,Dallas Mavericks
0022300206,2023-11-18,2023-24,regular_season,home,False,1610612759,SAS,Spurs,240:00,108,-12,San Antonio,spurs,36,83,0.434,15,40,0.375,21,26,0.808,12,28,40,26,5,9,15,28,1610612759,SAS,San Antonio Spurs,1610612763,MEM,Memphis Grizzlies
0022300206,2023-11-18,2023-24,regular_season,road,False,1610612763,MEM,Grizzlies,240:00,120,12,Memphis,grizzlies,40,86,0.465,11,33,0.333,29,36,0.806,12,33,45,23,7,3,12,25,1610612759,SAS,San Antonio Spurs,1610612763,MEM,Memphis Grizzlies
0022300207,2023-11-18,2023-24,regular_season,home,False,1610612744,GSW,Warriors,265:00,123,-7,Golden State,warriors,44,97,0.454,18,46,0.391,17,21,0.81,14,35,49,33,6,4,16,18,1610612744,GSW,Golden State Warriors,1610612760,OKC,Oklahoma City Thunder
0022300207,2023-11-18,2023-24,regular_season,road,False,1610612760,OKC,Thunder,265:00,130,7,Oklahoma City,thunder,52,100,0.52,8,23,0.348,18,20,0.9,9,38,47,26,8,7,10,16,1610612744,GSW,Golden State Warriors,1610612760,OKC,Oklahoma City Thunder
0022300208,2023-11-19,2023-24,regular_season,home,False,1610612751,BKN,Nets,240:00,99,-22,Brooklyn,nets,38,81,0.469,11,28,0.393,12,16,0.75,9,36,45,24,2,8,15,14,1610612751,BKN,Brooklyn Nets,1610612755,PHI,Philadelphia 76ers
0022300208,2023-11-19,2023-24,regular_season,road,False,1610612755,PHI,76ers,240:00,121,22,Philadelphia,sixers,44,94,0.468,16,35,0.457,17,18,0.944,10,34,44,32,8,4,4,18,1610612751,BKN,Brooklyn Nets,1610612755,PHI,Philadelphia 76ers
0022300209,2023-11-19,2023-24,regular_season,home,False,1610612754,IND,Pacers,240:00,116,-12,Indiana,pacers,42,95,0.442,8,31,0.258,24,31,0.774,11,29,40,24,10,7,16,32,1610612754,IND,Indiana Pacers,1610612753,ORL,Orlando Magic
0022300209,2023-11-19,2023-24,regular_season,road,False,1610612753,ORL,Magic,240:00,128,12,Orlando,magic,43,87,0.494,7,20,0.35,35,42,0.833,8,34,42,21,10,10,15,23,1610612754,IND,Indiana Pacers,1610612753,ORL,Orlando Magic
0022300210,2023-11-19,2023-24,regular_season,home,False,1610612739,CLE,Cavaliers,240:00,121,12,Cleveland,cavaliers,45,82,0.549,11,27,0.407,20,26,0.769,11,36,47,30,6,5,13,18,1610612739,CLE,Cleveland Cavaliers,1610612743,DEN,Denver Nuggets
0022300210,2023-11-19,2023-24,regular_season,road,False,1610612743,DEN,Nuggets,240:00,109,-12,Denver,nuggets,39,82,0.476,14,29,0.483,17,23,0.739,9,24,33,23,7,5,11,21,1610612739,CLE,Cleveland Cavaliers,1610612743,DEN,Denver Nuggets
0022300211,2023-11-19,2023-24,regular_season,home,False,1610612761,TOR,Raptors,240:00,142,29,Toronto,raptors,55,102,0.539,14,36,0.389,18,29,0.621,12,35,47,44,10,5,7,23,1610612761,TOR,Toronto Raptors,1610612765,DET,Detroit Pistons
0022300211,2023-11-19,2023-24,regular_season,road,False,1610612765,DET,Pistons,240:00,113,-29,Detroit,pistons,39,83,0.47,9,26,0.346,26,35,0.743,7,34,41,25,3,3,17,23,1610612761,TOR,Toronto Raptors,1610612765,DET,Detroit Pistons
0022300212,2023-11-19,2023-24,regular_season,home,False,1610612742,DAL,Mavericks,240:00,113,-16,Dallas,mavericks,41,88,0.466,12,34,0.353,19,26,0.731,11,29,40,23,8,2,10,15,1610612742,DAL,Dallas Mavericks,1610612758,SAC,Sacramento Kings
0022300212,2023-11-19,2023-24,regular_season,road,False,1610612758,SAC,Kings,240:00,129,16,Sacramento,kings,48,90,0.533,17,40,0.425,16,21,0.762,14,34,48,34,9,3,12,20,1610612742,DAL,Dallas Mavericks,1610612758,SAC,Sacramento Kings
0022300213,2023-11-19,2023-24,regular_season,home,False,1610612763,MEM,Grizzlies,240:00,100,-2,Memphis,grizzlies,37,95,0.389,17,44,0.386,9,10,0.9,14,28,42,28,7,5,9,21,1610612763,MEM,Memphis Grizzlies,1610612738,BOS,Boston Celtics
0022300213,2023-11-19,2023-24,regular_season,road,False,1610612738,BOS,Celtics,240:00,102,2,Boston,celtics,35,77,0.455,12,31,0.387,20,25,0.8,9,36,45,20,6,10,17,19,1610612763,MEM,Memphis Grizzlies,1610612738,BOS,Boston Celtics
0022300214,2023-11-19,2023-24,regular_season,home,False,1610612762,UTA,Jazz,290:00,137,-3,Utah,jazz,48,115,0.417,15,46,0.326,26,32,0.813,27,32,59,27,11,5,18,27,1610612762,UTA,Utah Jazz,1610612756,PHX,Phoenix Suns
0022300214,2023-11-19,2023-24,regular_season,road,False,1610612756,PHX,Suns,290:00,140,3,Phoenix,suns,50,102,0.49,18,45,0.4,22,26,0.846,11,33,44,36,11,13,17,28,1610612762,UTA,Utah Jazz,1610612756,PHX,Phoenix Suns
0022300215,2023-11-19,2023-24,regular_season,home,False,1610612757,POR,Trail Blazers,240:00,91,-43,Portland,blazers,34,85,0.4,9,34,0.265,14,21,0.667,13,18,31,21,10,2,17,15,1610612757,POR,Portland Trail Blazers,1610612760,OKC,Oklahoma City Thunder
0022300215,2023-11-19,2023-24,regular_season,road,False,1610612760,OKC,Thunder,240:00,134,43,Oklahoma City,thunder,49,81,0.605,22,36,0.611,14,14,1.0,10,33,43,28,8,3,17,18,1610612757,POR,Portland Trail Blazers,1610612760,OKC,Oklahoma City Thunder
0022300216,2023-11-19,2023-24,regular_season,home,False,1610612747,LAL,Lakers,240:00,105,1,Los Angeles,lakers,39,83,0.47,6,29,0.207,21,29,0.724,10,32,42,26,13,1,17,13,1610612747,LAL,Los Angeles Lakers,1610612745,HOU,Houston Rockets
0022300216,2023-11-19,2023-24,regular_season,road,False,1610612745,HOU,Rockets,240:00,104,-1,Houston,rockets,41,84,0.488,14,37,0.378,8,10,0.8,6,28,34,35,7,3,18,25,1610612747,LAL,Los Angeles Lakers,1610612745,HOU,Houston Rockets
0022300217,2023-11-20,2023-24,regular_season,home,False,1610612766,CHA,Hornets,265:00,121,3,Charlotte,hornets,46,104,0.442,13,39,0.333,16,17,0.941,17,40,57,29,9,7,13,18,1610612766,CHA,Charlotte Hornets,1610612738,BOS,Boston Celtics
0022300217,2023-11-20,2023-24,regular_season,road,False,1610612738,BOS,Celtics,265:00,118,-3,Boston,celtics,42,97,0.433,16,50,0.32,18,28,0.643,11,37,48,19,6,8,13,15,1610612766,CHA,Charlotte Hornets,1610612738,BOS,Boston Celtics
0022300218,2023-11-20,2023-24,regular_season,home,False,1610612765,DET,Pistons,240:00,103,-4,Detroit,pistons,36,81,0.444,7,21,0.333,24,26,0.923,11,32,43,21,7,5,18,24,1610612765,DET,Detroit Pistons,1610612743,DEN,Denver Nuggets
0022300218,2023-11-20,2023-24,regular_season,road,False,1610612743,DEN,Nuggets,240:00,107,4,Denver,nuggets,40,87,0.46,11,28,0.393,16,21,0.762,11,32,43,30,7,8,14,17,1610612765,DET,Detroit Pistons,1610612743,DEN,Denver Nuggets
0022300219,2023-11-20,2023-24,regular_season,home,False,1610612764,WAS,Wizards,240:00,129,-13,Washington,wizards,55,99,0.556,10,29,0.345,9,11,0.818,5,21,26,29,6,4,4,19,1610612764,WAS,Washington Wizards,1610612749,MIL,Milwaukee Bucks
0022300219,2023-11-20,2023-24,regular_season,road,False,1610612749,MIL,Bucks,240:00,142,13,Milwaukee,bucks,55,94,0.585,11,29,0.379,21,28,0.75,16,39,55,33,3,6,13,13,1610612764,WAS,Washington Wizards,1610612749,MIL,Milwaukee Bucks
0022300220,2023-11-20,2023-24,regular_season,home,False,1610612741,CHI,Bulls,240:00,100,-18,Chicago,bulls,37,81,0.457,11,37,0.297,15,16,0.938,7,29,36,21,2,7,11,16,1610612741,CHI,Chicago Bulls,1610612748,MIA,Miami Heat
0022300220,2023-11-20,2023-24,regular_season,road,False,1610612748,MIA,Heat,240:00,118,18,Miami,heat,42,84,0.5,17,35,0.486,17,20,0.85,9,34,43,31,7,1,8,19,1610612741,CHI,Chicago Bulls,1610612748,MIA,Miami Heat
0022300221,2023-11-20,2023-24,regular_season,home,False,1610612750,MIN,Timberwolves,240:00,117,17,Minnesota,timberwolves,41,80,0.513,11,34,0.324,24,32,0.75,7,37,44,30,7,7,13,26,1610612750,MIN,Minnesota Timberwolves,1610612752,NYK,New York Knicks
0022300221,2023-11-20,2023-24,regular_season,road,False,1610612752,NYK,Knicks,240:00,100,-17,New York,knicks,32,92,0.348,9,38,0.237,27,34,0.794,17,33,50,16,8,3,10,23,1610612750,MIN,Minnesota Timberwolves,1610612752,NYK,New York Knicks
0022300222,2023-11-20,2023-24,regular_season,home,False,1610612740,NOP,Pelicans,240:00,129,36,New Orleans,pelicans,50,92,0.543,12,28,0.429,17,21,0.81,10,45,55,38,8,6,10,19,1610612740,NOP,New Orleans Pelicans,1610612758,SAC,Sacramento Kings
0022300222,2023-11-20,2023-24,regular_season,road,False,1610612758,SAC,Kings,240:00,93,-36,Sacramento,kings,33,87,0.379,11,45,0.244,16,24,0.667,9,27,36,27,4,5,13,21,1610612740,NOP,New Orleans Pelicans,1610612758,SAC,Sacramento Kings
0022300223,2023-11-20,2023-24,regular_season,home,False,1610612759,SAS,Spurs,240:00,99,-25,San Antonio,spurs,39,90,0.433,10,38,0.263,11,14,0.786,13,36,49,23,4,7,16,17,1610612759,SAS,San Antonio Spurs,1610612746,LAC,LA Clippers
0022300223,2023-11-20,2023-24,regular_season,road,False,1610612746,LAC,Clippers,240:00,124,25,LA,clippers,45,95,0.474,12,36,0.333,22,25,0.88,10,41,51,30,15,3,7,10,1610612759,SAS,San Antonio Spurs,1610612746,LAC,LA Clippers
0022300224,2023-11-20,2023-24,regular_season,home,False,1610612744,GSW,Warriors,240:00,121,5,Golden State,warriors,36,77,0.468,21,43,0.488,28,33,0.848,8,35,43,26,3,1,8,21,1610612744,GSW,Golden State Warriors,1610612745,HOU,Houston Rockets
0022300224,2023-11-20,2023-24,regular_season,road,False,1610612745,HOU,Rockets,240:00,116,-5,Houston,rockets,44,95,0.463,13,41,0.317,15,19,0.789,15,33,48,28,6,3,8,24,1610612744,GSW,Golden State Warriors,1610612745,HOU,Houston Rockets
0022300038,2023-11-21,2023-24,regular_season,home,False,1610612753,ORL,Magic,240:00,126,19,Orlando,magic,50,100,0.5,12,31,0.387,14,20,0.7,15,25,40,31,12,8,12,19,1610612753,ORL,Orlando Magic,1610612761,TOR,Toronto Raptors
0022300038,2023-11-21,2023-24,regular_season,road,False,1610612761,TOR,Raptors,240:00,107,-19,Toronto,raptors,38,75,0.507,14,28,0.5,17,22,0.773,5,33,38,29,6,6,23,20,1610612753,ORL,Orlando Magic,1610612761,TOR,Toronto Raptors
0022300039,2023-11-21,2023-24,regular_season,home,False,1610612737,ATL,Hawks,240:00,152,-5,Atlanta,hawks,57,95,0.6,15,31,0.484,23,28,0.821,12,27,39,28,8,4,15,23,1610612737,ATL,Atlanta Hawks,1610612754,IND,Indiana Pacers
0022300039,2023-11-21,2023-24,regular_season,road,False,1610612754,IND,Pacers,240:00,157,5,Indiana,pacers,57,94,0.606,22,45,0.489,21,28,0.75,7,22,29,35,7,11,13,25,1610612737,ATL,Atlanta Hawks,1610612754,IND,Indiana Pacers
0022300040,2023-11-21,2023-24,regular_season,home,False,1610612755,PHI,76ers,265:00,119,-3,Philadelphia,sixers,40,96,0.417,11,35,0.314,28,34,0.824,14,30,44,19,12,8,14,25,1610612755,PHI,Philadelphia 76ers,1610612739,CLE,Cleveland Cavaliers
0022300040,2023-11-21,2023-24,regular_season,road,False,1610612739,CLE,Cavaliers,265:00,122,3,Cleveland,cavaliers,46,94,0.489,9,25,0.36,21,25,0.84,14,42,56,33,9,4,15,21,1610612755,PHI,Philadelphia 76ers,1610612739,CLE,Cleveland Cavaliers
0022300041,2023-11-21,2023-24,regular_season,home,False,1610612756,PHX,Suns,240:00,120,13,Phoenix,suns,43,76,0.566,7,17,0.412,27,28,0.964,11,27,38,26,8,8,13,18,1610612756,PHX,Phoenix Suns,1610612757,POR,Portland Trail Blazers
0022300041,2023-11-21,2023-24,regular_season,road,False,1610612757,POR,Trail Blazers,240:00,107,-13,Portland,blazers,38,87,0.437,14,31,0.452,17,20,0.85,12,18,30,20,8,3,13,20,1610612756,PHX,Phoenix Suns,1610612757,POR,Portland Trail Blazers
0022300042,2023-11-21,2023-24,regular_season,home,False,1610612747,LAL,Lakers,240:00,131,32,Los Angeles,lakers,49,86,0.57,11,29,0.379,22,27,0.815,9,43,52,35,6,5,13,15,1610612747,LAL,Los Angeles Lakers,1610612762,UTA,Utah Jazz
0022300042,2023-11-21,2023-24,regular_season,road,False,1610612762,UTA,Jazz,240:00,99,-32,Utah,jazz,38,98,0.388,11,44,0.25,12,16,0.75,13,29,42,25,6,3,14,22,1610612747,LAL,Los Angeles Lakers,1610612762,UTA,Utah Jazz
0022300225,2023-11-22,2023-24,regular_season,home,False,1610612766,CHA,Hornets,240:00,117,3,Charlotte,hornets,43,91,0.473,16,37,0.432,15,21,0.714,11,38,49,27,6,4,12,15,1610612766,CHA,Charlotte Hornets,1610612764,WAS,Washington Wizards
0022300225,2023-11-22,2023-24,regular_season,road,False,1610612764,WAS,Wizards,240:00,114,-3,Washington,wizards,44,97,0.454,11,32,0.344,15,18,0.833,11,36,47,26,7,3,10,18,1610612766,CHA,Charlotte Hornets,1610612764,WAS,Washington Wizards
0022300226,2023-11-22,2023-24,regular_season,home,False,1610612753,ORL,Magic,240:00,124,5,Orlando,magic,44,81,0.543,10,29,0.345,26,30,0.867,11,30,41,27,9,7,12,21,1610612753,ORL,Orlando Magic,1610612743,DEN,Denver Nuggets
0022300226,2023-11-22,2023-24,regular_season,road,False,1610612743,DEN,Nuggets,240:00,119,-5,Denver,nuggets,44,93,0.473,15,35,0.429,16,21,0.762,17,25,42,29,6,2,10,25,1610612753,ORL,Orlando Magic,1610612743,DEN,Denver Nuggets
0022300227,2023-11-22,2023-24,regular_season,home,False,1610612737,ATL,Hawks,265:00,147,2,Atlanta,hawks,51,116,0.44,18,49,0.367,27,29,0.931,22,36,58,24,10,8,14,18,1610612737,ATL,Atlanta Hawks,1610612751,BKN,Brooklyn Nets
0022300227,2023-11-22,2023-24,regular_season,road,False,1610612751,BKN,Nets,265:00,145,-2,Brooklyn,nets,55,113,0.487,15,35,0.429,20,24,0.833,22,37,59,28,8,6,16,24,1610612737,ATL,Atlanta Hawks,1610612751,BKN,Brooklyn Nets
0022300228,2023-11-22,2023-24,regular_season,home,False,1610612738,BOS,Celtics,240:00,119,3,Boston,celtics,44,84,0.524,17,42,0.405,14,17,0.824,4,39,43,27,3,5,15,15,1610612738,BOS,Boston Celtics,1610612749,MIL,Milwaukee Bucks
0022300228,2023-11-22,2023-24,regular_season,road,False,1610612749,MIL,Bucks,240:00,116,-3,Milwaukee,bucks,45,101,0.446,13,34,0.382,13,17,0.765,13,34,47,23,9,2,9,19,1610612738,BOS,Boston Celtics,1610612749,MIL,Milwaukee Bucks
0022300229,2023-11-22,2023-24,regular_season,home,False,1610612739,CLE,Cavaliers,240:00,96,-33,Cleveland,cavaliers,36,77,0.468,14,30,0.467,10,14,0.714,7,27,34,25,5,6,19,17,1610612739,CLE,Cleveland Cavaliers,1610612748,MIA,Miami Heat
0022300229,2023-11-22,2023-24,regular_season,road,False,1610612748,MIA,Heat,240:00,129,33,Miami,heat,46,88,0.523,20,35,0.571,17,21,0.81,10,31,41,30,11,7,10,19,1610612739,CLE,Cleveland Cavaliers,1610612748,MIA,Miami Heat
0022300230,2023-11-22,2023-24,regular_season,home,False,1610612754,IND,Pacers,240:00,131,-1,Indiana,pacers,50,91,0.549,18,39,0.462,13,16,0.813,5,26,31,33,10,6,14,24,1610612754,IND,Indiana Pacers,1610612761,TOR,Toronto Raptors
0022300230,2023-11-22,2023-24,regular_season,road,False,1610612761,TOR,Raptors,240:00,132,1,Toronto,raptors,48,90,0.533,11,27,0.407,25,30,0.833,13,33,46,26,7,3,17,15,1610612754,IND,Indiana Pacers,1610612761,TOR,Toronto Raptors
0022300231,2023-11-22,2023-24,regular_season,home,False,1610612745,HOU,Rockets,240:00,111,20,Houston,rockets,40,92,0.435,14,43,0.326,17,20,0.85,6,43,49,22,6,6,6,22,1610612745,HOU,Houston Rockets,1610612763,MEM,Memphis Grizzlies
0022300231,2023-11-22,2023-24,regular_season,road,False,1610612763,MEM,Grizzlies,240:00,91,-20,Memphis,grizzlies,27,82,0.329,7,32,0.219,30,35,0.857,9,37,46,17,3,7,9,19,1610612745,HOU,Houston Rockets,1610612763,MEM,Memphis Grizzlies
0022300232,2023-11-22,2023-24,regular_season,home,False,1610612750,MIN,Timberwolves,240:00,112,13,Minnesota,timberwolves,43,89,0.483,10,26,0.385,16,24,0.667,10,38,48,28,10,8,12,21,1610612750,MIN,Minnesota Timberwolves,1610612755,PHI,Philadelphia 76ers
0022300232,2023-11-22,2023-24,regular_season,road,False,1610612755,PHI,76ers,240:00,99,-13,Philadelphia,sixers,34,87,0.391,7,32,0.219,24,30,0.8,16,32,48,21,9,12,14,23,1610612750,MIN,Minnesota Timberwolves,1610612755,PHI,Philadelphia 76ers
0022300233,2023-11-22,2023-24,regular_season,home,False,1610612740,NOP,Pelicans,240:00,117,5,New Orleans,pelicans,41,87,0.471,7,30,0.233,28,37,0.757,13,35,48,23,10,2,10,28,1610612740,NOP,New Orleans Pelicans,1610612758,SAC,Sacramento Kings
0022300233,2023-11-22,2023-24,regular_season,road,False,1610612758,SAC,Kings,240:00,112,-5,Sacramento,kings,34,76,0.447,15,44,0.341,29,35,0.829,4,34,38,22,3,1,15,25,1610612740,NOP,New Orleans Pelicans,1610612758,SAC,Sacramento Kings
0022300234,2023-11-22,2023-24,regular_season,home,False,1610612760,OKC,Thunder,240:00,116,14,Oklahoma City,thunder,37,75,0.493,11,29,0.379,31,38,0.816,11,34,45,24,4,12,12,17,1610612760,OKC,Oklahoma City Thunder,1610612741,CHI,Chicago Bulls
0022300234,2023-11-22,2023-24,regular_season,road,False,1610612741,CHI,Bulls,240:00,102,-14,Chicago,bulls,34,88,0.386,17,44,0.386,17,17,1.0,11,27,38,22,7,2,10,26,1610612760,OKC,Oklahoma City Thunder,1610612741,CHI,Chicago Bulls
0022300235,2023-11-22,2023-24,regular_season,home,False,1610612759,SAS,Spurs,240:00,102,-7,San Antonio,spurs,35,91,0.385,11,38,0.289,21,23,0.913,10,34,44,26,8,6,13,24,1610612759,SAS,San Antonio Spurs,1610612746,LAC,LA Clippers
0022300235,2023-11-22,2023-24,regular_season,road,False,1610612746,LAC,Clippers,240:00,109,7,LA,clippers,39,85,0.459,9,28,0.321,22,29,0.759,11,39,50,29,10,3,16,23,1610612759,SAS,San Antonio Spurs,1610612746,LAC,LA Clippers
0022300236,2023-11-22,2023-24,regular_season,home,False,1610612756,PHX,Suns,240:00,123,8,Phoenix,suns,34,76,0.447,11,28,0.393,44,52,0.846,11,32,43,22,9,8,15,22,1610612756,PHX,Phoenix Suns,1610612744,GSW,Golden State Warriors
0022300236,2023-11-22,2023-24,regular_season,road,False,1610612744,GSW,Warriors,240:00,115,-8,Golden State,warriors,43,90,0.478,10,32,0.313,19,29,0.655,11,32,43,29,10,3,15,34,1610612756,PHX,Phoenix Suns,1610612744,GSW,Golden State Warriors
0022300237,2023-11-22,2023-24,regular_season,home,False,1610612757,POR,Trail Blazers,240:00,121,16,Portland,blazers,47,92,0.511,17,39,0.436,10,15,0.667,14,23,37,31,9,6,13,21,1610612757,POR,Portland Trail Blazers,1610612762,UTA,Utah Jazz
0022300237,2023-11-22,2023-24,regular_season,road,False,1610612762,UTA,Jazz,240:00,105,-16,Utah,jazz,37,79,0.468,10,31,0.323,21,26,0.808,14,30,44,25,7,3,21,13,1610612757,POR,Portland Trail Blazers,1610612762,UTA,Utah Jazz
0022300238,2023-11-22,2023-24,regular_season,home,False,1610612747,LAL,Lakers,240:00,101,-3,Los Angeles,lakers,39,84,0.464,11,29,0.379,12,19,0.632,9,42,51,26,1,2,11,17,1610612747,LAL,Los Angeles Lakers,1610612742,DAL,Dallas Mavericks
0022300238,2023-11-22,2023-24,regular_season,road,False,1610612742,DAL,Mavericks,240:00,104,3,Dallas,mavericks,38,96,0.396,16,50,0.32,12,16,0.75,11,37,48,21,5,4,4,18,1610612747,LAL,Los Angeles Lakers,1610612742,DAL,Dallas Mavericks
0022300043,2023-11-24,2023-24,regular_season,home,False,1610612753,ORL,Magic,240:00,113,17,Orlando,magic,43,85,0.506,11,28,0.393,16,22,0.727,13,35,48,23,5,3,18,28,1610612753,ORL,Orlando Magic,1610612738,BOS,Boston Celtics
0022300043,2023-11-24,2023-24,regular_season,road,False,1610612738,BOS,Celtics,240:00,96,-17,Boston,celtics,31,76,0.408,7,29,0.241,27,37,0.73,4,27,31,17,10,4,14,18,1610612753,ORL,Orlando Magic,1610612738,BOS,Boston Celtics
0022300044,2023-11-24,2023-24,regular_season,home,False,1610612763,MEM,Grizzlies,240:00,89,-21,Memphis,grizzlies,37,80,0.463,9,33,0.273,6,10,0.6,6,29,35,22,6,2,13,22,1610612763,MEM,Memphis Grizzlies,1610612756,PHX,Phoenix Suns
0022300044,2023-11-24,2023-24,regular_season,road,False,1610612756,PHX,Suns,240:00,110,21,Phoenix,suns,39,76,0.513,11,31,0.355,21,28,0.75,7,34,41,22,10,6,12,12,1610612763,MEM,Memphis Grizzlies,1610612756,PHX,Phoenix Suns
0022300045,2023-11-24,2023-24,regular_season,home,False,1610612752,NYK,Knicks,240:00,100,2,New York,knicks,39,81,0.481,10,29,0.345,12,18,0.667,6,40,46,21,7,2,18,14,1610612752,NYK,New York Knicks,1610612748,MIA,Miami Heat
0022300045,2023-11-24,2023-24,regular_season,road,False,1610612748,MIA,Heat,240:00,98,-2,Miami,heat,34,87,0.391,10,37,0.27,20,21,0.952,10,31,41,20,11,0,11,19,1610612752,NYK,New York Knicks,1610612748,MIA,Miami Heat
0022300046,2023-11-24,2023-24,regular_season,home,False,1610612761,TOR,Raptors,240:00,121,13,Toronto,raptors,44,83,0.53,13,39,0.333,20,27,0.741,13,27,40,32,8,6,14,14,1610612761,TOR,Toronto Raptors,1610612741,CHI,Chicago Bulls
0022300046,2023-11-24,2023-24,regular_season,road,False,1610612741,CHI,Bulls,240:00,108,-13,Chicago,bulls,42,82,0.512,12,27,0.444,12,19,0.632,9,28,37,20,5,2,12,20,1610612761,TOR,Toronto Raptors,1610612741,CHI,Chicago Bulls
0022300047,2023-11-24,2023-24,regular_season,home,False,1610612754,IND,Pacers,240:00,136,23,Indiana,pacers,49,102,0.48,16,38,0.421,22,24,0.917,15,25,40,24,7,8,8,21,1610612754,IND,Indiana Pacers,1610612765,DET,Detroit Pistons
0022300047,2023-11-24,2023-24,regular_season,road,False,1610612765,DET,Pistons,240:00,113,-23,Detroit,pistons,43,90,0.478,7,18,0.389,20,24,0.833,14,29,43,22,6,11,14,18,1610612754,IND,Indiana Pacers,1610612765,DET,Detroit Pistons
0022300048,2023-11-24,2023-24,regular_season,home,False,1610612745,HOU,Rockets,240:00,105,19,Houston,rockets,40,82,0.488,12,29,0.414,13,15,0.867,6,43,49,25,9,9,14,21,1610612745,HOU,Houston Rockets,1610612743,DEN,Denver Nuggets
0022300048,2023-11-24,2023-24,regular_season,road,False,1610612743,DEN,Nuggets,240:00,86,-19,Denver,nuggets,32,94,0.34,7,30,0.233,15,21,0.714,16,30,46,17,8,4,15,14,1610612745,HOU,Houston Rockets,1610612743,DEN,Denver Nuggets
0022300049,2023-11-24,2023-24,regular_season,home,False,1610612749,MIL,Bucks,240:00,131,3,Milwaukee,bucks,48,92,0.522,9,31,0.29,26,33,0.788,10,40,50,28,6,6,9,22,1610612749,MIL,Milwaukee Bucks,1610612764,WAS,Washington Wizards
0022300049,2023-11-24,2023-24,regular_season,road,False,1610612764,WAS,Wizards,240:00,128,-3,Washington,wizards,48,100,0.48,15,37,0.405,17,21,0.81,12,34,46,29,3,4,8,24,1610612749,MIL,Milwaukee Bucks,1610612764,WAS,Washington Wizards
0022300050,2023-11-24,2023-24,regular_season,home,False,1610612750,MIN,Timberwolves,240:00,111,-13,Minnesota,timberwolves,36,82,0.439,12,33,0.364,27,29,0.931,10,34,44,25,6,9,18,18,1610612750,MIN,Minnesota Timberwolves,1610612758,SAC,Sacramento Kings
0022300050,2023-11-24,2023-24,regular_season,road,False,1610612758,SAC,Kings,240:00,124,13,Sacramento,kings,49,100,0.49,17,35,0.486,9,11,0.818,14,32,46,25,7,4,13,19,1610612750,MIN,Minnesota Timberwolves,1610612758,SAC,Sacramento Kings
0022300051,2023-11-24,2023-24,regular_season,home,False,1610612744,GSW,Warriors,240:00,118,6,Golden State,warriors,40,81,0.494,19,42,0.452,19,24,0.792,7,34,41,35,7,2,24,21,1610612744,GSW,Golden State Warriors,1610612759,SAS,San Antonio Spurs
0022300051,2023-11-24,2023-24,regular_season,road,False,1610612759,SAS,Spurs,240:00,112,-6,San Antonio,spurs,45,100,0.45,12,47,0.255,10,12,0.833,15,31,46,28,10,3,19,18,1610612744,GSW,Golden State Warriors,1610612759,SAS,San Antonio Spurs
0022300052,2023-11-24,2023-24,regular_season,home,False,1610612746,LAC,Clippers,240:00,106,-10,LA,clippers,42,92,0.457,11,37,0.297,11,17,0.647,8,31,39,27,11,8,11,24,1610612746,LAC,LA Clippers,1610612740,NOP,New Orleans Pelicans
0022300052,2023-11-24,2023-24,regular_season,road,False,1610612740,NOP,Pelicans,240:00,116,10,New Orleans,pelicans,43,88,0.489,10,24,0.417,20,27,0.741,12,38,50,26,6,5,15,19,1610612746,LAC,LA Clippers,1610612740,NOP,New Orleans Pelicans
0022300239,2023-11-25,2023-24,regular_season,home,False,1610612760,OKC,Thunder,240:00,123,-4,Oklahoma City,thunder,43,98,0.439,16,43,0.372,21,26,0.808,13,25,38,29,3,3,4,27,1610612760,OKC,Oklahoma City Thunder,1610612755,PHI,Philadelphia 76ers
0022300239,2023-11-25,2023-24,regular_season,road,False,1610612755,PHI,76ers,240:00,127,4,Philadelphia,sixers,38,83,0.458,14,41,0.341,37,45,0.822,17,32,49,30,2,9,12,26,1610612760,OKC,Oklahoma City Thunder,1610612755,PHI,Philadelphia 76ers
0022300240,2023-11-25,2023-24,regular_season,home,False,1610612751,BKN,Nets,240:00,112,15,Brooklyn,nets,39,78,0.5,14,36,0.389,20,23,0.87,8,34,42,27,11,9,11,18,1610612751,BKN,Brooklyn Nets,1610612748,MIA,Miami Heat
0022300240,2023-11-25,2023-24,regular_season,road,False,1610612748,MIA,Heat,240:00,97,-15,Miami,heat,38,87,0.437,11,34,0.324,10,13,0.769,13,31,44,24,6,3,17,18,1610612751,BKN,Brooklyn Nets,1610612748,MIA,Miami Heat
0022300241,2023-11-25,2023-24,regular_season,home,False,1610612764,WAS,Wizards,240:00,108,-28,Washington,wizards,43,88,0.489,10,38,0.263,12,12,1.0,8,33,41,33,5,6,20,17,1610612764,WAS,Washington Wizards,1610612737,ATL,Atlanta Hawks
0022300241,2023-11-25,2023-24,regular_season,road,False,1610612737,ATL,Hawks,240:00,136,28,Atlanta,hawks,52,102,0.51,18,37,0.486,14,20,0.7,17,32,49,29,13,2,9,15,1610612764,WAS,Washington Wizards,1610612737,ATL,Atlanta Hawks
0022300242,2023-11-25,2023-24,regular_season,home,False,1610612739,CLE,Cavaliers,240:00,115,-6,Cleveland,cavaliers,43,91,0.473,9,28,0.321,20,23,0.87,7,30,37,30,13,4,14,16,1610612739,CLE,Cleveland Cavaliers,1610612747,LAL,Los Angeles Lakers
0022300242,2023-11-25,2023-24,regular_season,road,False,1610612747,LAL,Lakers,240:00,121,6,Los Angeles,lakers,47,90,0.522,9,27,0.333,18,21,0.857,9,35,44,34,9,8,18,15,1610612739,CLE,Cleveland Cavaliers,1610612747,LAL,Los Angeles Lakers
0022300243,2023-11-25,2023-24,regular_season,home,False,1610612762,UTA,Jazz,240:00,105,5,Utah,jazz,38,87,0.437,15,43,0.349,14,17,0.824,14,38,52,23,8,6,23,13,1610612762,UTA,Utah Jazz,1610612740,NOP,New Orleans Pelicans
0022300243,2023-11-25,2023-24,regular_season,road,False,1610612740,NOP,Pelicans,240:00,100,-5,New Orleans,pelicans,39,93,0.419,11,36,0.306,11,18,0.611,13,29,42,31,15,4,13,17,1610612762,UTA,Utah Jazz,1610612740,NOP,New Orleans Pelicans
0022300244,2023-11-25,2023-24,regular_season,home,False,1610612746,LAC,Clippers,240:00,107,19,LA,clippers,38,88,0.432,8,29,0.276,23,31,0.742,17,40,57,25,2,6,12,16,1610612746,LAC,LA Clippers,1610612742,DAL,Dallas Mavericks
0022300244,2023-11-25,2023-24,regular_season,road,False,1610612742,DAL,Mavericks,240:00,88,-19,Dallas,mavericks,34,91,0.374,9,38,0.237,11,14,0.786,10,27,37,17,6,5,9,24,1610612746,LAC,LA Clippers,1610612742,DAL,Dallas Mavericks
0022300245,2023-11-26,2023-24,regular_season,home,False,1610612749,MIL,Bucks,240:00,108,6,Milwaukee,bucks,35,89,0.393,14,42,0.333,24,32,0.75,18,34,52,19,13,11,17,20,1610612749,MIL,Milwaukee Bucks,1610612757,POR,Portland Trail Blazers
0022300245,2023-11-26,2023-24,regular_season,road,False,1610612757,POR,Trail Blazers,240:00,102,-6,Portland,blazers,37,91,0.407,13,32,0.406,15,20,0.75,11,29,40,21,15,4,17,26,1610612749,MIL,Milwaukee Bucks,1610612757,POR,Portland Trail Blazers
0022300246,2023-11-26,2023-24,regular_season,home,False,1610612738,BOS,Celtics,240:00,113,10,Boston,celtics,42,95,0.442,13,47,0.277,16,20,0.8,18,40,58,24,9,3,12,19,1610612738,BOS,Boston Celtics,1610612737,ATL,Atlanta Hawks
0022300246,2023-11-26,2023-24,regular_season,road,False,1610612737,ATL,Hawks,240:00,103,-10,Atlanta,hawks,36,88,0.409,19,53,0.358,12,19,0.632,11,32,43,15,5,4,15,17,1610612738,BOS,Boston Celtics,1610612737,ATL,Atlanta Hawks
0022300247,2023-11-26,2023-24,regular_season,home,False,1610612752,NYK,Knicks,240:00,113,-3,New York,knicks,39,86,0.453,12,29,0.414,23,32,0.719,13,25,38,18,7,5,6,19,1610612752,NYK,New York Knicks,1610612756,PHX,Phoenix Suns
0022300247,2023-11-26,2023-24,regular_season,road,False,1610612756,PHX,Suns,240:00,116,3,Phoenix,suns,42,91,0.462,16,38,0.421,16,21,0.762,18,29,47,27,4,11,11,25,1610612752,NYK,New York Knicks,1610612756,PHX,Phoenix Suns
0022300248,2023-11-26,2023-24,regular_season,home,False,1610612753,ORL,Magic,240:00,130,13,Orlando,magic,47,87,0.54,10,27,0.37,26,33,0.788,7,37,44,33,10,3,14,26,1610612753,ORL,Orlando Magic,1610612766,CHA,Charlotte Hornets
0022300248,2023-11-26,2023-24,regular_season,road,False,1610612766,CHA,Hornets,240:00,117,-13,Charlotte,hornets,44,83,0.53,13,30,0.433,16,25,0.64,5,31,36,27,6,7,18,26,1610612753,ORL,Orlando Magic,1610612766,CHA,Charlotte Hornets
0022300249,2023-11-26,2023-24,regular_season,home,False,1610612763,MEM,Grizzlies,240:00,97,-22,Memphis,grizzlies,34,88,0.386,10,37,0.27,19,27,0.704,11,24,35,24,4,4,13,18,1610612763,MEM,Memphis Grizzlies,1610612750,MIN,Minnesota Timberwolves
0022300249,2023-11-26,2023-24,regular_season,road,False,1610612750,MIN,Timberwolves,240:00,119,22,Minnesota,timberwolves,43,81,0.531,15,34,0.441,18,23,0.783,6,36,42,30,5,5,14,26,1610612763,MEM,Memphis Grizzlies,1610612750,MIN,Minnesota Timberwolves
0022300250,2023-11-26,2023-24,regular_season,home,False,1610612751,BKN,Nets,240:00,118,9,Brooklyn,nets,41,83,0.494,25,53,0.472,11,15,0.733,8,31,39,29,7,2,9,19,1610612751,BKN,Brooklyn Nets,1610612741,CHI,Chicago Bulls
0022300250,2023-11-26,2023-24,regular_season,road,False,1610612741,CHI,Bulls,240:00,109,-9,Chicago,bulls,40,83,0.482,12,32,0.375,17,22,0.773,10,30,40,21,3,2,11,18,1610612751,BKN,Brooklyn Nets,1610612741,CHI,Chicago Bulls
0022300251,2023-11-26,2023-24,regular_season,home,False,1610612739,CLE,Cavaliers,240:00,105,3,Cleveland,cavaliers,45,97,0.464,10,31,0.323,5,6,0.833,12,37,49,29,2,5,14,18,1610612739,CLE,Cleveland Cavaliers,1610612761,TOR,Toronto Raptors
0022300251,2023-11-26,2023-24,regular_season,road,False,1610612761,TOR,Raptors,240:00,102,-3,Toronto,raptors,37,89,0.416,8,32,0.25,20,29,0.69,17,33,50,17,9,3,12,11,1610612739,CLE,Cleveland Cavaliers,1610612761,TOR,Toronto Raptors
0022300252,2023-11-26,2023-24,regular_season,home,False,1610612743,DEN,Nuggets,240:00,132,12,Denver,nuggets,50,89,0.562,12,28,0.429,20,25,0.8,11,34,45,38,8,3,19,25,1610612743,DEN,Denver Nuggets,1610612759,SAS,San Antonio Spurs
0022300252,2023-11-26,2023-24,regular_season,road,False,1610612759,SAS,Spurs,240:00,120,-12,San Antonio,spurs,42,93,0.452,14,37,0.378,22,26,0.846,10,25,35,34,10,6,15,22,1610612743,DEN,Denver Nuggets,1610612759,SAS,San Antonio Spurs
0022300253,2023-11-27,2023-24,regular_season,home,False,1610612765,DET,Pistons,240:00,107,-19,Detroit,pistons,43,102,0.422,8,38,0.211,13,19,0.684,18,31,49,29,7,11,16,22,1610612765,DET,Detroit Pistons,1610612764,WAS,Washington Wizards
0022300253,2023-11-27,2023-24,regular_season,road,False,1610612764,WAS,Wizards,240:00,126,19,Washington,wizards,45,89,0.506,10,29,0.345,26,28,0.929,6,40,46,29,8,6,15,19,1610612765,DET,Detroit Pistons,1610612764,WAS,Washington Wizards
0022300254,2023-11-27,2023-24,regular_season,home,False,1610612754,IND,Pacers,240:00,110,-4,Indiana,pacers,42,88,0.477,8,33,0.242,18,24,0.75,10,32,42,26,10,6,20,24,1610612754,IND,Indiana Pacers,1610612757,POR,Portland Trail Blazers
0022300254,2023-11-27,2023-24,regular_season,road,False,1610612757,POR,Trail Blazers,240:00,114,4,Portland,blazers,40,85,0.471,9,18,0.5,25,31,0.806,9,29,38,20,6,4,16,21,1610612754,IND,Indiana Pacers,1610612757,POR,Portland Trail Blazers
0022300255,2023-11-27,2023-24,regular_season,home,False,1610612755,PHI,76ers,240:00,138,44,Philadelphia,sixers,47,93,0.505,22,46,0.478,22,26,0.846,15,33,48,33,11,2,5,17,1610612755,PHI,Philadelphia 76ers,1610612747,LAL,Los Angeles Lakers
0022300255,2023-11-27,2023-24,regular_season,road,False,1610612747,LAL,Lakers,240:00,94,-44,Los Angeles,lakers,39,83,0.47,7,28,0.25,9,13,0.692,6,26,32,23,3,4,17,18,1610612755,PHI,Philadelphia 76ers,1610612747,LAL,Los Angeles Lakers
0022300256,2023-11-27,2023-24,regular_season,home,False,1610612762,UTA,Jazz,240:00,114,2,Utah,jazz,37,88,0.42,17,48,0.354,23,28,0.821,9,34,43,31,6,4,10,23,1610612762,UTA,Utah Jazz,1610612740,NOP,New Orleans Pelicans
0022300256,2023-11-27,2023-24,regular_season,road,False,1610612740,NOP,Pelicans,240:00,112,-2,New Orleans,pelicans,44,88,0.5,7,22,0.318,17,25,0.68,11,37,48,27,5,1,8,25,1610612762,UTA,Utah Jazz,1610612740,NOP,New Orleans Pelicans
0022300257,2023-11-27,2023-24,regular_season,home,False,1610612746,LAC,Clippers,240:00,104,-9,LA,clippers,35,85,0.412,6,20,0.3,28,34,0.824,16,33,49,18,6,9,13,23,1610612746,LAC,LA Clippers,1610612743,DEN,Denver Nuggets
0022300257,2023-11-27,2023-24,regular_season,road,False,1610612743,DEN,Nuggets,240:00,113,9,Denver,nuggets,44,92,0.478,10,22,0.455,15,28,0.536,18,34,52,28,8,6,11,22,1610612746,LAC,LA Clippers,1610612743,DEN,Denver Nuggets
0022300053,2023-11-28,2023-24,regular_season,home,False,1610612738,BOS,Celtics,240:00,124,27,Boston,celtics,47,90,0.522,21,49,0.429,9,12,0.75,11,41,52,36,6,9,16,18,1610612738,BOS,Boston Celtics,1610612741,CHI,Chicago Bulls
0022300053,2023-11-28,2023-24,regular_season,road,False,1610612741,CHI,Bulls,240:00,97,-27,Chicago,bulls,39,90,0.433,9,28,0.321,10,18,0.556,9,28,37,25,11,7,8,13,1610612738,BOS,Boston Celtics,1610612741,CHI,Chicago Bulls
0022300054,2023-11-28,2023-24,regular_season,home,False,1610612751,BKN,Nets,240:00,115,12,Brooklyn,nets,40,89,0.449,13,38,0.342,22,26,0.846,13,46,59,26,7,8,15,17,1610612751,BKN,Brooklyn Nets,1610612761,TOR,Toronto Raptors
0022300054,2023-11-28,2023-24,regular_season,road,False,1610612761,TOR,Raptors,240:00,103,-12,Toronto,raptors,39,101,0.386,13,36,0.361,12,19,0.632,15,31,46,27,11,3,7,21,1610612751,BKN,Brooklyn Nets,1610612761,TOR,Toronto Raptors
0022300055,2023-11-28,2023-24,regular_season,home,False,1610612739,CLE,Cavaliers,240:00,128,23,Cleveland,cavaliers,50,93,0.538,13,36,0.361,15,17,0.882,12,43,55,27,8,12,16,20,1610612739,CLE,Cleveland Cavaliers,1610612737,ATL,Atlanta Hawks
0022300055,2023-11-28,2023-24,regular_season,road,False,1610612737,ATL,Hawks,240:00,105,-23,Atlanta,hawks,35,101,0.347,13,44,0.295,22,24,0.917,14,30,44,21,9,3,10,16,1610612739,CLE,Cleveland Cavaliers,1610612737,ATL,Atlanta Hawks
0022300056,2023-11-28,2023-24,regular_season,home,False,1610612748,MIA,Heat,240:00,124,-7,Miami,heat,48,94,0.511,14,30,0.467,14,21,0.667,8,27,35,32,3,5,6,22,1610612748,MIA,Miami Heat,1610612749,MIL,Milwaukee Bucks
0022300056,2023-11-28,2023-24,regular_season,road,False,1610612749,MIL,Bucks,240:00,131,7,Milwaukee,bucks,47,88,0.534,13,35,0.371,24,27,0.889,8,37,45,26,3,4,9,21,1610612748,MIA,Miami Heat,1610612749,MIL,Milwaukee Bucks
0022300057,2023-11-28,2023-24,regular_season,home,False,1610612752,NYK,Knicks,240:00,115,24,New York,knicks,41,88,0.466,15,38,0.395,18,20,0.9,15,39,54,21,10,7,16,12,1610612752,NYK,New York Knicks,1610612766,CHA,Charlotte Hornets
0022300057,2023-11-28,2023-24,regular_season,road,False,1610612766,CHA,Hornets,240:00,91,-24,Charlotte,hornets,37,89,0.416,13,31,0.419,4,7,0.571,13,28,41,21,8,2,17,14,1610612752,NYK,New York Knicks,1610612766,CHA,Charlotte Hornets
0022300058,2023-11-28,2023-24,regular_season,home,False,1610612750,MIN,Timberwolves,240:00,106,3,Minnesota,timberwolves,33,78,0.423,14,33,0.424,26,32,0.813,10,41,51,18,3,9,19,17,1610612750,MIN,Minnesota Timberwolves,1610612760,OKC,Oklahoma City Thunder
0022300058,2023-11-28,2023-24,regular_season,road,False,1610612760,OKC,Thunder,240:00,103,-3,Oklahoma City,thunder,37,90,0.411,11,30,0.367,18,23,0.783,9,27,36,22,8,4,8,23,1610612750,MIN,Minnesota Timberwolves,1610612760,OKC,Oklahoma City Thunder
0022300059,2023-11-28,2023-24,regular_season,home,False,1610612742,DAL,Mavericks,240:00,121,6,Dallas,mavericks,42,89,0.472,12,34,0.353,25,29,0.862,9,29,38,25,5,4,7,25,1610612742,DAL,Dallas Mavericks,1610612745,HOU,Houston Rockets
0022300059,2023-11-28,2023-24,regular_season,road,False,1610612745,HOU,Rockets,240:00,115,-6,Houston,rockets,42,85,0.494,8,29,0.276,23,29,0.793,10,30,40,33,2,6,12,27,1610612742,DAL,Dallas Mavericks,1610612745,HOU,Houston Rockets
0022300060,2023-11-28,2023-24,regular_season,home,False,1610612758,SAC,Kings,240:00,124,1,Sacramento,kings,41,91,0.451,15,44,0.341,27,42,0.643,12,34,46,25,8,7,10,23,1610612758,SAC,Sacramento Kings,1610612744,GSW,Golden State Warriors
0022300060,2023-11-28,2023-24,regular_season,road,False,1610612744,GSW,Warriors,240:00,123,-1,Golden State,warriors,40,83,0.482,17,41,0.415,26,30,0.867,9,43,52,25,6,6,18,31,1610612758,SAC,Sacramento Kings,1610612744,GSW,Golden State Warriors
0022300258,2023-11-29,2023-24,regular_season,home,False,1610612765,DET,Pistons,240:00,107,-26,Detroit,pistons,40,97,0.412,15,36,0.417,12,14,0.857,10,29,39,28,8,3,14,31,1610612765,DET,Detroit Pistons,1610612747,LAL,Los Angeles Lakers
0022300258,2023-11-29,2023-24,regular_season,road,False,1610612747,LAL,Lakers,240:00,133,26,Los Angeles,lakers,45,88,0.511,12,34,0.353,31,38,0.816,8,41,49,28,7,10,12,12,1610612765,DET,Detroit Pistons,1610612747,LAL,Los Angeles Lakers
0022300259,2023-11-29,2023-24,regular_season,home,False,1610612753,ORL,Magic,240:00,139,19,Orlando,magic,51,84,0.607,17,27,0.63,20,24,0.833,9,35,44,34,5,6,18,22,1610612753,ORL,Orlando Magic,1610612764,WAS,Washington Wizards
0022300259,2023-11-29,2023-24,regular_season,road,False,1610612764,WAS,Wizards,240:00,120,-19,Washington,wizards,41,87,0.471,11,29,0.379,27,35,0.771,7,22,29,28,14,3,10,20,1610612753,ORL,Orlando Magic,1610612764,WAS,Washington Wizards
0022300260,2023-11-29,2023-24,regular_season,home,False,1610612761,TOR,Raptors,240:00,112,7,Toronto,raptors,42,93,0.452,10,27,0.37,18,21,0.857,15,34,49,25,7,5,9,22,1610612761,TOR,Toronto Raptors,1610612756,PHX,Phoenix Suns
0022300260,2023-11-29,2023-24,regular_season,road,False,1610612756,PHX,Suns,240:00,105,-7,Phoenix,suns,38,94,0.404,7,26,0.269,22,23,0.957,12,35,47,25,3,5,9,15,1610612761,TOR,Toronto Raptors,1610612756,PHX,Phoenix Suns
0022300261,2023-11-29,2023-24,regular_season,home,False,1610612763,MEM,Grizzlies,240:00,105,14,Memphis,grizzlies,43,87,0.494,13,39,0.333,6,8,0.75,12,39,51,26,9,10,15,15,1610612763,MEM,Memphis Grizzlies,1610612762,UTA,Utah Jazz
0022300261,2023-11-29,2023-24,regular_season,road,False,1610612762,UTA,Jazz,240:00,91,-14,Utah,jazz,34,90,0.378,16,39,0.41,7,12,0.583,12,27,39,26,8,8,17,14,1610612763,MEM,Memphis Grizzlies,1610612762,UTA,Utah Jazz
0022300262,2023-11-29,2023-24,regular_season,home,False,1610612740,NOP,Pelicans,240:00,124,10,New Orleans,pelicans,42,78,0.538,10,30,0.333,30,34,0.882,13,27,40,33,11,4,20,22,1610612740,NOP,New Orleans Pelicans,1610612755,PHI,Philadelphia 76ers
0022300262,2023-11-29,2023-24,regular_season,road,False,1610612755,PHI,76ers,240:00,114,-10,Philadelphia,sixers,42,81,0.519,14,34,0.412,16,18,0.889,8,22,30,28,8,7,21,26,1610612740,NOP,New Orleans Pelicans,1610612755,PHI,Philadelphia 76ers
0022300263,2023-11-29,2023-24,regular_season,home,False,1610612743,DEN,Nuggets,240:00,134,10,Denver,nuggets,48,95,0.505,19,43,0.442,19,26,0.731,13,28,41,37,4,2,3,18,1610612743,DEN,Denver Nuggets,1610612745,HOU,Houston Rockets
0022300263,2023-11-29,2023-24,regular_season,road,False,1610612745,HOU,Rockets,240:00,124,-10,Houston,rockets,47,86,0.547,16,41,0.39,14,19,0.737,8,27,35,27,3,5,8,20,1610612743,DEN,Denver Nuggets,1610612745,HOU,Houston Rockets
0022300264,2023-11-29,2023-24,regular_season,home,False,1610612758,SAC,Kings,240:00,117,-14,Sacramento,kings,40,86,0.465,13,41,0.317,24,28,0.857,13,34,47,22,1,1,14,20,1610612758,SAC,Sacramento Kings,1610612746,LAC,LA Clippers
0022300264,2023-11-29,2023-24,regular_season,road,False,1610612746,LAC,Clippers,240:00,131,14,LA,clippers,50,93,0.538,14,28,0.5,17,22,0.773,8,29,37,28,8,5,4,20,1610612758,SAC,Sacramento Kings,1610612746,LAC,LA Clippers
0022300265,2023-11-30,2023-24,regular_season,home,False,1610612739,CLE,Cavaliers,240:00,95,-8,Cleveland,cavaliers,38,89,0.427,7,32,0.219,12,12,1.0,14,21,35,25,12,2,17,15,1610612739,CLE,Cleveland Cavaliers,1610612757,POR,Portland Trail Blazers
0022300265,2023-11-30,2023-24,regular_season,road,False,1610612757,POR,Trail Blazers,240:00,103,8,Portland,blazers,39,77,0.506,14,35,0.4,11,11,1.0,9,31,40,29,10,4,22,17,1610612739,CLE,Cleveland Cavaliers,1610612757,POR,Portland Trail Blazers
0022300266,2023-11-30,2023-24,regular_season,home,False,1610612751,BKN,Nets,240:00,128,-1,Brooklyn,nets,52,105,0.495,14,36,0.389,10,15,0.667,22,30,52,21,6,4,9,11,1610612751,BKN,Brooklyn Nets,1610612766,CHA,Charlotte Hornets
0022300266,2023-11-30,2023-24,regular_season,road,False,1610612766,CHA,Hornets,240:00,129,1,Charlotte,hornets,46,91,0.505,21,36,0.583,16,16,1.0,13,28,41,30,6,7,9,16,1610612751,BKN,Brooklyn Nets,1610612766,CHA,Charlotte Hornets
0022300267,2023-11-30,2023-24,regular_season,home,False,1610612748,MIA,Heat,240:00,142,10,Miami,heat,48,86,0.558,8,21,0.381,38,45,0.844,10,38,48,25,4,1,14,28,1610612748,MIA,Miami Heat,1610612754,IND,Indiana Pacers
0022300267,2023-11-30,2023-24,regular_season,road,False,1610612754,IND,Pacers,240:00,132,-10,Indiana,pacers,50,98,0.51,11,43,0.256,21,32,0.656,10,24,34,30,11,5,9,31,1610612748,MIA,Miami Heat,1610612754,IND,Indiana Pacers
0022300268,2023-11-30,2023-24,regular_season,home,False,1610612752,NYK,Knicks,240:00,118,6,New York,knicks,41,88,0.466,16,41,0.39,20,28,0.714,12,29,41,25,8,3,11,17,1610612752,NYK,New York Knicks,1610612765,DET,Detroit Pistons
0022300268,2023-11-30,2023-24,regular_season,road,False,1610612765,DET,Pistons,240:00,112,-6,Detroit,pistons,43,81,0.531,15,35,0.429,11,17,0.647,8,34,42,22,4,3,20,25,1610612752,NYK,New York Knicks,1610612765,DET,Detroit Pistons
0022300269,2023-11-30,2023-24,regular_season,home,False,1610612741,CHI,Bulls,265:00,120,7,Chicago,bulls,45,98,0.459,13,37,0.351,17,22,0.773,14,37,51,32,14,4,21,18,1610612741,CHI,Chicago Bulls,1610612749,MIL,Milwaukee Bucks
0022300269,2023-11-30,2023-24,regular_season,road,False,1610612749,MIL,Bucks,265:00,113,-7,Milwaukee,bucks,44,98,0.449,16,48,0.333,9,13,0.692,9,34,43,28,12,6,20,21,1610612741,CHI,Chicago Bulls,1610612749,MIL,Milwaukee Bucks
0022300270,2023-11-30,2023-24,regular_season,home,False,1610612750,MIN,Timberwolves,240:00,101,11,Minnesota,timberwolves,39,89,0.438,13,35,0.371,10,13,0.769,10,32,42,29,13,7,11,16,1610612750,MIN,Minnesota Timberwolves,1610612762,UTA,Utah Jazz
0022300270,2023-11-30,2023-24,regular_season,road,False,1610612762,UTA,Jazz,240:00,90,-11,Utah,jazz,33,87,0.379,11,34,0.324,13,14,0.929,13,38,51,22,6,4,19,19,1610612750,MIN,Minnesota Timberwolves,1610612762,UTA,Utah Jazz
0022300271,2023-11-30,2023-24,regular_season,home,False,1610612760,OKC,Thunder,240:00,133,23,Oklahoma City,thunder,50,94,0.532,14,42,0.333,19,22,0.864,8,40,48,29,9,6,7,24,1610612760,OKC,Oklahoma City Thunder,1610612747,LAL,Los Angeles Lakers
0022300271,2023-11-30,2023-24,regular_season,road,False,1610612747,LAL,Lakers,240:00,110,-23,Los Angeles,lakers,36,81,0.444,11,33,0.333,27,32,0.844,7,34,41,24,6,2,13,20,1610612760,OKC,Oklahoma City Thunder,1610612747,LAL,Los Angeles Lakers
0022300272,2023-11-30,2023-24,regular_season,home,False,1610612759,SAS,Spurs,240:00,135,-2,San Antonio,spurs,48,89,0.539,18,41,0.439,21,23,0.913,11,36,47,34,4,7,21,22,1610612759,SAS,San Antonio Spurs,1610612737,ATL,Atlanta Hawks
0022300272,2023-11-30,2023-24,regular_season,road,False,1610612737,ATL,Hawks,240:00,137,2,Atlanta,hawks,49,96,0.51,14,33,0.424,25,29,0.862,8,29,37,24,14,2,10,25,1610612759,SAS,San Antonio Spurs,1610612737,ATL,Atlanta Hawks
0022300273,2023-11-30,2023-24,regular_season,home,False,1610612744,GSW,Warriors,240:00,120,6,Golden State,warriors,41,82,0.5,15,39,0.385,23,31,0.742,10,37,47,30,3,4,7,18,1610612744,GSW,Golden State Warriors,1610612746,LAC,LA Clippers
0022300273,2023-11-30,2023-24,regular_season,road,False,1610612746,LAC,Clippers,240:00,114,-6,LA,clippers,42,95,0.442,12,32,0.375,18,24,0.75,15,28,43,26,5,1,6,21,1610612744,GSW,Golden State Warriors,1610612746,LAC,LA Clippers
0022300274,2023-12-01,2023-24,regular_season,home,False,1610612753,ORL,Magic,240:00,130,5,Orlando,magic,46,89,0.517,12,31,0.387,26,33,0.788,10,34,44,35,6,8,14,23,1610612753,ORL,Orlando Magic,1610612764,WAS,Washington Wizards
0022300274,2023-12-01,2023-24,regular_season,road,False,1610612764,WAS,Wizards,240:00,125,-5,Washington,wizards,45,89,0.506,13,28,0.464,22,31,0.71,8,32,40,25,8,5,14,29,1610612753,ORL,Orlando Magic,1610612764,WAS,Washington Wizards
0022300275,2023-12-01,2023-24,regular_season,home,False,1610612738,BOS,Celtics,240:00,125,6,Boston,celtics,39,77,0.506,16,33,0.485,31,36,0.861,10,36,46,25,10,8,20,18,1610612738,BOS,Boston Celtics,1610612755,PHI,Philadelphia 76ers
0022300275,2023-12-01,2023-24,regular_season,road,False,1610612755,PHI,76ers,240:00,119,-6,Philadelphia,sixers,43,94,0.457,16,35,0.457,17,23,0.739,15,27,42,16,16,5,16,24,1610612738,BOS,Boston Celtics,1610612755,PHI,Philadelphia 76ers
0022300276,2023-12-01,2023-24,regular_season,home,False,1610612761,TOR,Raptors,240:00,106,-13,Toronto,raptors,44,100,0.44,6,32,0.188,12,17,0.706,19,29,48,32,7,6,12,19,1610612761,TOR,Toronto Raptors,1610612752,NYK,New York Knicks
0022300276,2023-12-01,2023-24,regular_season,road,False,1610612752,NYK,Knicks,240:00,119,13,New York,knicks,45,90,0.5,16,36,0.444,13,16,0.813,11,32,43,30,6,3,12,15,1610612761,TOR,Toronto Raptors,1610612752,NYK,New York Knicks
0022300277,2023-12-01,2023-24,regular_season,home,False,1610612742,DAL,Mavericks,240:00,94,-14,Dallas,mavericks,34,92,0.37,12,39,0.308,14,21,0.667,13,29,42,27,9,5,11,13,1610612742,DAL,Dallas Mavericks,1610612763,MEM,Memphis Grizzlies
0022300277,2023-12-01,2023-24,regular_season,road,False,1610612763,MEM,Grizzlies,240:00,108,14,Memphis,grizzlies,44,90,0.489,11,34,0.324,9,11,0.818,13,39,52,27,8,12,14,23,1610612742,DAL,Dallas Mavericks,1610612763,MEM,Memphis Grizzlies
0022300278,2023-12-01,2023-24,regular_season,home,False,1610612740,NOP,Pelicans,240:00,121,15,New Orleans,pelicans,42,85,0.494,10,31,0.323,27,29,0.931,10,32,42,26,8,6,11,15,1610612740,NOP,New Orleans Pelicans,1610612759,SAS,San Antonio Spurs
0022300278,2023-12-01,2023-24,regular_season,road,False,1610612759,SAS,Spurs,240:00,106,-15,San Antonio,spurs,38,83,0.458,16,39,0.41,14,17,0.824,8,31,39,28,5,5,19,21,1610612740,NOP,New Orleans Pelicans,1610612759,SAS,San Antonio Spurs
0022300279,2023-12-01,2023-24,regular_season,home,False,1610612756,PHX,Suns,240:00,111,-8,Phoenix,suns,39,84,0.464,9,27,0.333,24,26,0.923,8,35,43,22,4,9,12,17,1610612756,PHX,Phoenix Suns,1610612743,DEN,Denver Nuggets
0022300279,2023-12-01,2023-24,regular_season,road,False,1610612743,DEN,Nuggets,240:00,119,8,Denver,nuggets,50,88,0.568,12,32,0.375,7,12,0.583,4,28,32,38,8,4,9,21,1610612756,PHX,Phoenix Suns,1610612743,DEN,Denver Nuggets
0022300280,2023-12-02,2023-24,regular_season,home,False,1610612746,LAC,Clippers,240:00,113,1,LA,clippers,44,90,0.489,13,39,0.333,12,14,0.857,5,35,40,31,5,6,11,21,1610612746,LAC,LA Clippers,1610612744,GSW,Golden State Warriors
0022300280,2023-12-02,2023-24,regular_season,road,False,1610612744,GSW,Warriors,240:00,112,-1,Golden State,warriors,38,86,0.442,17,43,0.395,19,24,0.792,6,36,42,31,5,4,13,15,1610612746,LAC,LA Clippers,1610612744,GSW,Golden State Warriors
0022300281,2023-12-02,2023-24,regular_season,home,False,1610612766,CHA,Hornets,240:00,117,-6,Charlotte,hornets,44,91,0.484,12,25,0.48,17,19,0.895,10,26,36,29,6,4,8,22,1610612766,CHA,Charlotte Hornets,1610612750,MIN,Minnesota Timberwolves
0022300281,2023-12-02,2023-24,regular_season,road,False,1610612750,MIN,Timberwolves,240:00,123,6,Minnesota,timberwolves,43,84,0.512,11,31,0.355,26,30,0.867,10,31,41,26,5,3,11,16,1610612766,CHA,Charlotte Hornets,1610612750,MIN,Minnesota Timberwolves
0022300282,2023-12-02,2023-24,regular_season,home,False,1610612751,BKN,Nets,240:00,129,28,Brooklyn,nets,46,91,0.505,14,34,0.412,23,31,0.742,14,43,57,31,4,8,11,21,1610612751,BKN,Brooklyn Nets,1610612753,ORL,Orlando Magic
0022300282,2023-12-02,2023-24,regular_season,road,False,1610612753,ORL,Magic,240:00,101,-28,Orlando,magic,35,88,0.398,9,29,0.31,22,27,0.815,8,29,37,24,3,5,11,27,1610612751,BKN,Brooklyn Nets,1610612753,ORL,Orlando Magic
0022300283,2023-12-02,2023-24,regular_season,home,False,1610612765,DET,Pistons,240:00,101,-9,Detroit,pistons,39,83,0.47,8,30,0.267,15,23,0.652,10,39,49,24,9,3,16,20,1610612765,DET,Detroit Pistons,1610612739,CLE,Cleveland Cavaliers
0022300283,2023-12-02,2023-24,regular_season,road,False,1610612739,CLE,Cavaliers,240:00,110,9,Cleveland,cavaliers,44,89,0.494,10,30,0.333,12,18,0.667,8,35,43,25,11,1,11,18,1610612765,DET,Detroit Pistons,1610612739,CLE,Cleveland Cavaliers
0022300284,2023-12-02,2023-24,regular_season,home,False,1610612748,MIA,Heat,240:00,129,-15,Miami,heat,48,89,0.539,12,25,0.48,21,24,0.875,6,22,28,27,3,1,10,22,1610612748,MIA,Miami Heat,1610612754,IND,Indiana Pacers
0022300284,2023-12-02,2023-24,regular_season,road,False,1610612754,IND,Pacers,240:00,144,15,Indiana,pacers,56,85,0.659,16,32,0.5,16,20,0.8,3,29,32,35,4,8,9,24,1610612748,MIA,Miami Heat,1610612754,IND,Indiana Pacers
0022300285,2023-12-02,2023-24,regular_season,home,False,1610612741,CHI,Bulls,240:00,124,6,Chicago,bulls,48,88,0.545,17,40,0.425,11,15,0.733,12,29,41,32,6,8,13,21,1610612741,CHI,Chicago Bulls,1610612740,NOP,New Orleans Pelicans
0022300285,2023-12-02,2023-24,regular_season,road,False,1610612740,NOP,Pelicans,240:00,118,-6,New Orleans,pelicans,41,82,0.5,8,25,0.32,28,35,0.8,13,26,39,20,10,1,12,17,1610612741,CHI,Chicago Bulls,1610612740,NOP,New Orleans Pelicans
0022300286,2023-12-02,2023-24,regular_season,home,False,1610612749,MIL,Bucks,240:00,132,11,Milwaukee,bucks,53,89,0.596,14,33,0.424,12,15,0.8,8,36,44,33,5,6,15,19,1610612749,MIL,Milwaukee Bucks,1610612737,ATL,Atlanta Hawks
0022300286,2023-12-02,2023-24,regular_season,road,False,1610612737,ATL,Hawks,240:00,121,-11,Atlanta,hawks,45,101,0.446,15,38,0.395,16,21,0.762,15,25,40,23,11,4,11,14,1610612749,MIL,Milwaukee Bucks,1610612737,ATL,Atlanta Hawks
0022300287,2023-12-02,2023-24,regular_season,home,False,1610612742,DAL,Mavericks,240:00,120,-6,Dallas,mavericks,39,87,0.448,19,52,0.365,23,35,0.657,15,32,47,26,5,12,15,21,1610612742,DAL,Dallas Mavericks,1610612760,OKC,Oklahoma City Thunder
0022300287,2023-12-02,2023-24,regular_season,road,False,1610612760,OKC,Thunder,240:00,126,6,Oklahoma City,thunder,44,100,0.44,20,44,0.455,18,22,0.818,16,34,50,24,8,5,12,24,1610612742,DAL,Dallas Mavericks,1610612760,OKC,Oklahoma City Thunder
0022300288,2023-12-02,2023-24,regular_season,home,False,1610612756,PHX,Suns,240:00,116,7,Phoenix,suns,36,83,0.434,9,26,0.346,35,43,0.814,12,32,44,24,10,5,16,21,1610612756,PHX,Phoenix Suns,1610612763,MEM,Memphis Grizzlies
0022300288,2023-12-02,2023-24,regular_season,road,False,1610612763,MEM,Grizzlies,240:00,109,-7,Memphis,grizzlies,39,86,0.453,9,31,0.29,22,24,0.917,8,32,40,14,9,8,15,31,1610612756,PHX,Phoenix Suns,1610612763,MEM,Memphis Grizzlies
0022300289,2023-12-02,2023-24,regular_season,home,False,1610612762,UTA,Jazz,265:00,118,5,Utah,jazz,46,94,0.489,7,34,0.206,19,24,0.792,16,40,56,27,5,11,17,21,1610612762,UTA,Utah Jazz,1610612757,POR,Portland Trail Blazers
0022300289,2023-12-02,2023-24,regular_season,road,False,1610612757,POR,Trail Blazers,265:00,113,-5,Portland,blazers,38,95,0.4,13,40,0.325,24,27,0.889,11,29,40,17,11,5,9,20,1610612762,UTA,Utah Jazz,1610612757,POR,Portland Trail Blazers
0022300290,2023-12-02,2023-24,regular_season,home,False,1610612758,SAC,Kings,240:00,123,6,Sacramento,kings,48,99,0.485,16,34,0.471,11,15,0.733,9,38,47,33,7,5,11,14,1610612758,SAC,Sacramento Kings,1610612743,DEN,Denver Nuggets
0022300290,2023-12-02,2023-24,regular_season,road,False,1610612743,DEN,Nuggets,240:00,117,-6,Denver,nuggets,49,99,0.495,6,25,0.24,13,20,0.65,8,38,46,35,9,7,10,14,1610612758,SAC,Sacramento Kings,1610612743,DEN,Denver Nuggets
0022300291,2023-12-02,2023-24,regular_season,home,False,1610612747,LAL,Lakers,240:00,107,10,Los Angeles,lakers,40,89,0.449,8,27,0.296,19,27,0.704,9,39,48,24,11,7,9,17,1610612747,LAL,Los Angeles Lakers,1610612745,HOU,Houston Rockets
0022300291,2023-12-02,2023-24,regular_season,road,False,1610612745,HOU,Rockets,240:00,97,-10,Houston,rockets,36,89,0.404,11,31,0.355,14,18,0.778,11,43,54,24,5,7,16,23,1610612747,LAL,Los Angeles Lakers,1610612745,HOU,Houston Rockets
0022301202,2023-12-04,2023-24,regular_season,home,False,1610612754,IND,Pacers,240:00,122,10,Indiana,pacers,43,94,0.457,19,40,0.475,17,21,0.81,7,34,41,28,8,4,6,15,1610612754,IND,Indiana Pacers,1610612738,BOS,Boston Celtics
0022301202,2023-12-04,2023-24,regular_season,road,False,1610612738,BOS,Celtics,240:00,112,-10,Boston,celtics,46,97,0.474,12,41,0.293,8,12,0.667,13,43,56,27,5,9,17,19,1610612754,IND,Indiana Pacers,1610612738,BOS,Boston Celtics
0022301204,2023-12-04,2023-24,regular_season,home,False,1610612758,SAC,Kings,240:00,117,-10,Sacramento,kings,38,85,0.447,14,41,0.341,27,33,0.818,11,27,38,29,8,2,13,18,1610612758,SAC,Sacramento Kings,1610612740,NOP,New Orleans Pelicans
0022301204,2023-12-04,2023-24,regular_season,road,False,1610612740,NOP,Pelicans,240:00,127,10,New Orleans,pelicans,47,87,0.54,14,31,0.452,19,23,0.826,13,29,42,29,12,7,12,22,1610612758,SAC,Sacramento Kings,1610612740,NOP,New Orleans Pelicans
0022301201,2023-12-05,2023-24,regular_season,home,False,1610612749,MIL,Bucks,240:00,146,24,Milwaukee,bucks,55,91,0.604,23,38,0.605,13,19,0.684,12,25,37,32,12,6,12,23,1610612749,MIL,Milwaukee Bucks,1610612752,NYK,New York Knicks
0022301201,2023-12-05,2023-24,regular_season,road,False,1610612752,NYK,Knicks,240:00,122,-24,New York,knicks,43,87,0.494,7,23,0.304,29,33,0.879,12,24,36,27,8,4,16,17,1610612749,MIL,Milwaukee Bucks,1610612752,NYK,New York Knicks
0022301203,2023-12-05,2023-24,regular_season,home,False,1610612747,LAL,Lakers,240:00,106,3,Los Angeles,lakers,38,102,0.373,9,30,0.3,21,25,0.84,21,24,45,24,11,2,9,19,1610612747,LAL,Los Angeles Lakers,1610612756,PHX,Phoenix Suns
0022301203,2023-12-05,2023-24,regular_season,road,False,1610612756,PHX,Suns,240:00,103,-3,Phoenix,suns,37,75,0.493,12,25,0.48,17,21,0.81,8,36,44,25,8,5,20,21,1610612747,LAL,Los Angeles Lakers,1610612756,PHX,Phoenix Suns
0022301205,2023-12-06,2023-24,regular_season,home,False,1610612739,CLE,Cavaliers,240:00,121,10,Cleveland,cavaliers,46,86,0.535,14,34,0.412,15,20,0.75,10,35,45,29,5,2,15,27,1610612739,CLE,Cleveland Cavaliers,1610612753,ORL,Orlando Magic
0022301205,2023-12-06,2023-24,regular_season,road,False,1610612753,ORL,Magic,240:00,111,-10,Orlando,magic,41,84,0.488,2,23,0.087,27,37,0.73,7,29,36,22,10,6,11,21,1610612739,CLE,Cleveland Cavaliers,1610612753,ORL,Orlando Magic
0022301206,2023-12-06,2023-24,regular_season,home,False,1610612765,DET,Pistons,240:00,102,-14,Detroit,pistons,41,91,0.451,11,35,0.314,9,9,1.0,8,34,42,30,9,6,16,17,1610612765,DET,Detroit Pistons,1610612763,MEM,Memphis Grizzlies
0022301206,2023-12-06,2023-24,regular_season,road,False,1610612763,MEM,Grizzlies,240:00,116,14,Memphis,grizzlies,47,91,0.516,11,26,0.423,11,14,0.786,9,37,46,26,10,8,14,9,1610612765,DET,Detroit Pistons,1610612763,MEM,Memphis Grizzlies
0022301207,2023-12-06,2023-24,regular_season,home,False,1610612761,TOR,Raptors,240:00,103,-9,Toronto,raptors,37,86,0.43,14,37,0.378,15,17,0.882,8,38,46,29,3,8,14,18,1610612761,TOR,Toronto Raptors,1610612748,MIA,Miami Heat
0022301207,2023-12-06,2023-24,regular_season,road,False,1610612748,MIA,Heat,240:00,112,9,Miami,heat,41,89,0.461,14,38,0.368,16,19,0.842,8,36,44,33,5,4,7,18,1610612761,TOR,Toronto Raptors,1610612748,MIA,Miami Heat
0022301208,2023-12-06,2023-24,regular_season,home,False,1610612764,WAS,Wizards,240:00,126,-5,Washington,wizards,52,92,0.565,14,35,0.4,8,8,1.0,2,30,32,39,8,6,11,22,1610612764,WAS,Washington Wizards,1610612755,PHI,Philadelphia 76ers
0022301208,2023-12-06,2023-24,regular_season,road,False,1610612755,PHI,76ers,240:00,131,5,Philadelphia,sixers,47,92,0.511,8,27,0.296,29,34,0.853,11,32,43,29,7,2,11,14,1610612764,WAS,Washington Wizards,1610612755,PHI,Philadelphia 76ers
0022301209,2023-12-06,2023-24,regular_season,home,False,1610612737,ATL,Hawks,240:00,113,-1,Atlanta,hawks,42,94,0.447,12,35,0.343,17,18,0.944,11,38,49,25,5,4,12,23,1610612737,ATL,Atlanta Hawks,1610612751,BKN,Brooklyn Nets
0022301209,2023-12-06,2023-24,regular_season,road,False,1610612751,BKN,Nets,240:00,114,1,Brooklyn,nets,43,94,0.457,11,27,0.407,17,24,0.708,12,33,45,24,7,6,12,19,1610612737,ATL,Atlanta Hawks,1610612751,BKN,Brooklyn Nets
0022301210,2023-12-06,2023-24,regular_season,home,False,1610612750,MIN,Timberwolves,240:00,102,8,Minnesota,timberwolves,36,87,0.414,12,40,0.3,18,21,0.857,11,44,55,20,4,10,14,16,1610612750,MIN,Minnesota Timberwolves,1610612759,SAS,San Antonio Spurs
0022301210,2023-12-06,2023-24,regular_season,road,False,1610612759,SAS,Spurs,240:00,94,-8,San Antonio,spurs,38,101,0.376,8,36,0.222,10,15,0.667,13,36,49,23,7,4,11,17,1610612750,MIN,Minnesota Timberwolves,1610612759,SAS,San Antonio Spurs
0022301211,2023-12-06,2023-24,regular_season,home,False,1610612741,CHI,Bulls,240:00,111,11,Chicago,bulls,38,90,0.422,12,25,0.48,23,29,0.793,21,36,57,23,6,6,16,16,1610612741,CHI,Chicago Bulls,1610612766,CHA,Charlotte Hornets
0022301211,2023-12-06,2023-24,regular_season,road,False,1610612766,CHA,Hornets,240:00,100,-11,Charlotte,hornets,39,90,0.433,10,37,0.27,12,12,1.0,12,30,42,25,9,9,16,24,1610612741,CHI,Chicago Bulls,1610612766,CHA,Charlotte Hornets
0022301212,2023-12-06,2023-24,regular_season,home,False,1610612745,HOU,Rockets,240:00,110,9,Houston,rockets,40,83,0.482,15,33,0.455,15,22,0.682,10,43,53,28,6,5,19,16,1610612745,HOU,Houston Rockets,1610612760,OKC,Oklahoma City Thunder
0022301212,2023-12-06,2023-24,regular_season,road,False,1610612760,OKC,Thunder,240:00,101,-9,Oklahoma City,thunder,37,87,0.425,8,29,0.276,19,24,0.792,4,26,30,22,14,10,8,21,1610612745,HOU,Houston Rockets,1610612760,OKC,Oklahoma City Thunder
0022301213,2023-12-06,2023-24,regular_season,home,False,1610612742,DAL,Mavericks,240:00,147,50,Dallas,mavericks,56,101,0.554,22,49,0.449,13,19,0.684,11,36,47,37,11,5,7,14,1610612742,DAL,Dallas Mavericks,1610612762,UTA,Utah Jazz
0022301213,2023-12-06,2023-24,regular_season,road,False,1610612762,UTA,Jazz,240:00,97,-50,Utah,jazz,35,87,0.402,12,33,0.364,15,18,0.833,11,32,43,22,6,3,19,20,1610612742,DAL,Dallas Mavericks,1610612762,UTA,Utah Jazz
0022301214,2023-12-06,2023-24,regular_season,home,False,1610612744,GSW,Warriors,240:00,110,4,Golden State,warriors,36,86,0.419,10,34,0.294,28,33,0.848,15,35,50,20,4,3,17,19,1610612744,GSW,Golden State Warriors,1610612757,POR,Portland Trail Blazers
0022301214,2023-12-06,2023-24,regular_season,road,False,1610612757,POR,Trail Blazers,240:00,106,-4,Portland,blazers,39,95,0.411,16,46,0.348,12,16,0.75,11,29,40,22,8,3,10,30,1610612744,GSW,Golden State Warriors,1610612757,POR,Portland Trail Blazers
0022301215,2023-12-06,2023-24,regular_season,home,False,1610612746,LAC,Clippers,240:00,111,9,LA,clippers,40,87,0.46,12,27,0.444,19,25,0.76,13,38,51,21,7,9,11,14,1610612746,LAC,LA Clippers,1610612743,DEN,Denver Nuggets
0022301215,2023-12-06,2023-24,regular_season,road,False,1610612743,DEN,Nuggets,240:00,102,-9,Denver,nuggets,41,98,0.418,12,31,0.387,8,9,0.889,14,32,46,29,7,5,11,20,1610612746,LAC,LA Clippers,1610612743,DEN,Denver Nuggets
0022301229,2023-12-07,2023-24,nba_cup_semi,home,True,1610612749,MIL,Bucks,240:00,119,-9,Milwaukee,bucks,43,96,0.448,12,33,0.364,21,28,0.75,12,34,46,19,3,9,12,17,1610612749,MIL,Milwaukee Bucks,1610612754,IND,Indiana Pacers
0022301229,2023-12-07,2023-24,nba_cup_semi,road,True,1610612754,IND,Pacers,240:00,128,9,Indiana,pacers,50,102,0.49,7,33,0.212,21,25,0.84,15,36,51,30,9,8,9,21,1610612749,MIL,Milwaukee Bucks,1610612754,IND,Indiana Pacers
0022301230,2023-12-07,2023-24,nba_cup_semi,home,True,1610612747,LAL,Lakers,240:00,133,44,Los Angeles,lakers,47,86,0.547,17,35,0.486,22,29,0.759,11,48,59,31,6,4,14,16,1610612747,LAL,Los Angeles Lakers,1610612740,NOP,New Orleans Pelicans
0022301230,2023-12-07,2023-24,nba_cup_semi,road,True,1610612740,NOP,Pelicans,240:00,89,-44,New Orleans,pelicans,34,95,0.358,7,31,0.226,14,20,0.7,12,30,42,22,7,5,12,21,1610612747,LAL,Los Angeles Lakers,1610612740,NOP,New Orleans Pelicans
0022301216,2023-12-08,2023-24,regular_season,home,False,1610612766,CHA,Hornets,240:00,119,3,Charlotte,hornets,44,79,0.557,13,25,0.52,18,20,0.9,7,24,31,30,7,4,15,15,1610612766,CHA,Charlotte Hornets,1610612761,TOR,Toronto Raptors
0022301216,2023-12-08,2023-24,regular_season,road,False,1610612761,TOR,Raptors,240:00,116,-3,Toronto,raptors,47,93,0.505,6,32,0.188,16,21,0.762,14,28,42,32,7,2,14,21,1610612766,CHA,Charlotte Hornets,1610612761,TOR,Toronto Raptors
0022301217,2023-12-08,2023-24,regular_season,home,False,1610612753,ORL,Magic,240:00,123,32,Orlando,magic,49,89,0.551,10,26,0.385,15,19,0.789,6,39,45,26,5,4,9,20,1610612753,ORL,Orlando Magic,1610612765,DET,Detroit Pistons
0022301217,2023-12-08,2023-24,regular_season,road,False,1610612765,DET,Pistons,240:00,91,-32,Detroit,pistons,34,81,0.42,6,30,0.2,17,24,0.708,8,30,38,17,3,2,15,17,1610612753,ORL,Orlando Magic,1610612765,DET,Detroit Pistons
0022301218,2023-12-08,2023-24,regular_season,home,False,1610612755,PHI,76ers,240:00,125,11,Philadelphia,sixers,42,87,0.483,11,30,0.367,30,37,0.811,14,34,48,24,6,8,10,14,1610612755,PHI,Philadelphia 76ers,1610612737,ATL,Atlanta Hawks
0022301218,2023-12-08,2023-24,regular_season,road,False,1610612737,ATL,Hawks,240:00,114,-11,Atlanta,hawks,41,104,0.394,13,39,0.333,19,21,0.905,23,32,55,20,3,4,13,23,1610612755,PHI,Philadelphia 76ers,1610612737,ATL,Atlanta Hawks
0022301219,2023-12-08,2023-24,regular_season,home,False,1610612751,BKN,Nets,240:00,124,27,Brooklyn,nets,50,104,0.481,10,33,0.303,14,18,0.778,18,37,55,27,8,8,10,18,1610612751,BKN,Brooklyn Nets,1610612764,WAS,Washington Wizards
0022301219,2023-12-08,2023-24,regular_season,road,False,1610612764,WAS,Wizards,240:00,97,-27,Washington,wizards,38,91,0.418,6,33,0.182,15,21,0.714,12,29,41,19,4,7,16,19,1610612751,BKN,Brooklyn Nets,1610612764,WAS,Washington Wizards
0022301220,2023-12-08,2023-24,regular_season,home,False,1610612748,MIA,Heat,240:00,99,-12,Miami,heat,37,86,0.43,15,42,0.357,10,15,0.667,7,30,37,23,5,5,18,23,1610612748,MIA,Miami Heat,1610612739,CLE,Cleveland Cavaliers
0022301220,2023-12-08,2023-24,regular_season,road,False,1610612739,CLE,Cavaliers,240:00,111,12,Cleveland,cavaliers,40,87,0.46,14,38,0.368,17,26,0.654,12,39,51,21,13,2,13,17,1610612748,MIA,Miami Heat,1610612739,CLE,Cleveland Cavaliers
0022301221,2023-12-08,2023-24,regular_season,home,False,1610612763,MEM,Grizzlies,240:00,103,-24,Memphis,grizzlies,37,86,0.43,15,35,0.429,14,19,0.737,8,20,28,24,7,4,9,23,1610612763,MEM,Memphis Grizzlies,1610612750,MIN,Minnesota Timberwolves
0022301221,2023-12-08,2023-24,regular_season,road,False,1610612750,MIN,Timberwolves,240:00,127,24,Minnesota,timberwolves,44,88,0.5,15,38,0.395,24,26,0.923,15,39,54,30,4,8,13,17,1610612763,MEM,Memphis Grizzlies,1610612750,MIN,Minnesota Timberwolves
0022301222,2023-12-08,2023-24,regular_season,home,False,1610612760,OKC,Thunder,265:00,138,2,Oklahoma City,thunder,51,98,0.52,5,29,0.172,31,36,0.861,11,28,39,15,17,7,9,22,1610612760,OKC,Oklahoma City Thunder,1610612744,GSW,Golden State Warriors
0022301222,2023-12-08,2023-24,regular_season,road,False,1610612744,GSW,Warriors,265:00,136,-2,Golden State,warriors,49,104,0.471,19,48,0.396,19,23,0.826,24,36,60,29,3,2,28,28,1610612760,OKC,Oklahoma City Thunder,1610612744,GSW,Golden State Warriors
0022301223,2023-12-08,2023-24,regular_season,home,False,1610612759,SAS,Spurs,240:00,112,-9,San Antonio,spurs,39,83,0.47,17,42,0.405,17,20,0.85,10,34,44,35,4,9,12,20,1610612759,SAS,San Antonio Spurs,1610612741,CHI,Chicago Bulls
0022301223,2023-12-08,2023-24,regular_season,road,False,1610612741,CHI,Bulls,240:00,121,9,Chicago,bulls,47,102,0.461,13,28,0.464,14,24,0.583,24,32,56,27,9,2,7,19,1610612759,SAS,San Antonio Spurs,1610612741,CHI,Chicago Bulls
0022301224,2023-12-08,2023-24,regular_season,home,False,1610612743,DEN,Nuggets,240:00,106,-8,Denver,nuggets,38,90,0.422,10,28,0.357,20,27,0.741,12,35,47,22,4,5,10,24,1610612743,DEN,Denver Nuggets,1610612745,HOU,Houston Rockets
0022301224,2023-12-08,2023-24,regular_season,road,False,1610612745,HOU,Rockets,240:00,114,8,Houston,rockets,35,82,0.427,13,39,0.333,31,42,0.738,11,36,47,21,3,3,9,20,1610612743,DEN,Denver Nuggets,1610612745,HOU,Houston Rockets
0022301225,2023-12-08,2023-24,regular_season,home,False,1610612762,UTA,Jazz,240:00,103,-14,Utah,jazz,38,84,0.452,9,31,0.29,18,24,0.75,8,32,40,23,10,10,13,17,1610612762,UTA,Utah Jazz,1610612746,LAC,LA Clippers
0022301225,2023-12-08,2023-24,regular_season,road,False,1610612746,LAC,Clippers,240:00,117,14,LA,clippers,43,88,0.489,15,34,0.441,16,21,0.762,11,29,40,23,8,9,12,18,1610612762,UTA,Utah Jazz,1610612746,LAC,LA Clippers
0022301226,2023-12-08,2023-24,regular_season,home,False,1610612757,POR,Trail Blazers,240:00,112,-13,Portland,blazers,39,105,0.371,18,53,0.34,16,18,0.889,18,30,48,20,9,1,15,24,1610612757,POR,Portland Trail Blazers,1610612742,DAL,Dallas Mavericks
0022301226,2023-12-08,2023-24,regular_season,road,False,1610612742,DAL,Mavericks,240:00,125,13,Dallas,mavericks,47,91,0.516,12,39,0.308,19,22,0.864,9,33,42,26,8,5,15,23,1610612757,POR,Portland Trail Blazers,1610612742,DAL,Dallas Mavericks
0022301227,2023-12-08,2023-24,regular_season,home,False,1610612738,BOS,Celtics,240:00,133,10,Boston,celtics,48,91,0.527,19,47,0.404,18,21,0.857,8,26,34,24,8,5,7,19,1610612738,BOS,Boston Celtics,1610612752,NYK,New York Knicks
0022301227,2023-12-08,2023-24,regular_season,road,False,1610612752,NYK,Knicks,240:00,123,-10,New York,knicks,44,88,0.5,15,37,0.405,20,27,0.741,12,32,44,28,4,3,13,20,1610612738,BOS,Boston Celtics,1610612752,NYK,New York Knicks
0022301228,2023-12-08,2023-24,regular_season,home,False,1610612756,PHX,Suns,240:00,106,-8,Phoenix,suns,40,83,0.482,11,32,0.344,15,23,0.652,8,32,40,26,8,5,11,19,1610612756,PHX,Phoenix Suns,1610612758,SAC,Sacramento Kings
0022301228,2023-12-08,2023-24,regular_season,road,False,1610612758,SAC,Kings,240:00,114,8,Sacramento,kings,42,92,0.457,14,39,0.359,16,20,0.8,15,35,50,25,7,0,12,22,1610612756,PHX,Phoenix Suns,1610612758,SAC,Sacramento Kings
0062300001,2023-12-09,2023-24,nba_cup_final,home,True,1610612747,LAL,Lakers,240:00,123,14,Los Angeles,lakers,47,88,0.534,2,13,0.154,27,35,0.771,12,43,55,25,5,10,18,25,1610612747,LAL,Los Angeles Lakers,1610612754,IND,Indiana Pacers
0062300001,2023-12-09,2023-24,nba_cup_final,road,True,1610612754,IND,Pacers,240:00,109,-14,Indiana,pacers,35,95,0.368,10,41,0.244,29,33,0.879,9,23,32,27,10,7,9,33,1610612747,LAL,Los Angeles Lakers,1610612754,IND,Indiana Pacers
0022300292,2023-12-11,2023-24,regular_season,home,False,1610612766,CHA,Hornets,240:00,114,-2,Charlotte,hornets,40,84,0.476,17,41,0.415,17,22,0.773,6,25,31,31,3,2,10,22,1610612766,CHA,Charlotte Hornets,1610612748,MIA,Miami Heat
0022300292,2023-12-11,2023-24,regular_season,road,False,1610612748,MIA,Heat,240:00,116,2,Miami,heat,37,77,0.481,15,35,0.429,27,34,0.794,8,35,43,31,7,3,10,22,1610612766,CHA,Charlotte Hornets,1610612748,MIA,Miami Heat
0022300293,2023-12-11,2023-24,regular_season,home,False,1610612765,DET,Pistons,240:00,123,-8,Detroit,pistons,45,81,0.556,10,29,0.345,23,30,0.767,6,24,30,26,11,4,14,18,1610612765,DET,Detroit Pistons,1610612754,IND,Indiana Pacers
0022300293,2023-12-11,2023-24,regular_season,road,False,1610612754,IND,Pacers,240:00,131,8,Indiana,pacers,52,92,0.565,13,31,0.419,14,19,0.737,11,32,43,33,8,5,18,20,1610612765,DET,Detroit Pistons,1610612754,IND,Indiana Pacers
0022300294,2023-12-11,2023-24,regular_season,home,False,1610612753,ORL,Magic,240:00,104,10,Orlando,magic,39,84,0.464,7,26,0.269,19,25,0.76,12,31,43,22,7,8,12,22,1610612753,ORL,Orlando Magic,1610612739,CLE,Cleveland Cavaliers
0022300294,2023-12-11,2023-24,regular_season,road,False,1610612739,CLE,Cavaliers,240:00,94,-10,Cleveland,cavaliers,30,85,0.353,9,40,0.225,25,33,0.758,18,30,48,15,10,3,14,23,1610612753,ORL,Orlando Magic,1610612739,CLE,Cleveland Cavaliers
0022300295,2023-12-11,2023-24,regular_season,home,False,1610612755,PHI,76ers,240:00,146,45,Philadelphia,sixers,52,95,0.547,20,46,0.435,22,25,0.88,9,38,47,37,14,6,13,27,1610612755,PHI,Philadelphia 76ers,1610612764,WAS,Washington Wizards
0022300295,2023-12-11,2023-24,regular_season,road,False,1610612764,WAS,Wizards,240:00,101,-45,Washington,wizards,36,85,0.424,9,31,0.29,20,31,0.645,13,31,44,21,5,2,22,19,1610612755,PHI,Philadelphia 76ers,1610612764,WAS,Washington Wizards
0022300296,2023-12-11,2023-24,regular_season,home,False,1610612737,ATL,Hawks,240:00,122,-7,Atlanta,hawks,44,96,0.458,17,44,0.386,17,18,0.944,13,22,35,25,9,2,10,21,1610612737,ATL,Atlanta Hawks,1610612743,DEN,Denver Nuggets
0022300296,2023-12-11,2023-24,regular_season,road,False,1610612743,DEN,Nuggets,240:00,129,7,Denver,nuggets,47,88,0.534,12,29,0.414,23,29,0.793,14,35,49,29,9,8,16,19,1610612737,ATL,Atlanta Hawks,1610612743,DEN,Denver Nuggets
0022300297,2023-12-11,2023-24,regular_season,home,False,1610612752,NYK,Knicks,240:00,136,6,New York,knicks,52,86,0.605,17,29,0.586,15,23,0.652,14,28,42,36,5,3,15,22,1610612752,NYK,New York Knicks,1610612761,TOR,Toronto Raptors
0022300297,2023-12-11,2023-24,regular_season,road,False,1610612761,TOR,Raptors,240:00,130,-6,Toronto,raptors,47,96,0.49,14,39,0.359,22,30,0.733,17,21,38,32,12,0,10,21,1610612752,NYK,New York Knicks,1610612761,TOR,Toronto Raptors
0022300298,2023-12-11,2023-24,regular_season,home,False,1610612745,HOU,Rockets,240:00,93,11,Houston,rockets,32,93,0.344,12,39,0.308,17,20,0.85,15,45,60,20,7,2,16,18,1610612745,HOU,Houston Rockets,1610612759,SAS,San Antonio Spurs
0022300298,2023-12-11,2023-24,regular_season,road,False,1610612759,SAS,Spurs,240:00,82,-11,San Antonio,spurs,31,87,0.356,5,41,0.122,15,22,0.682,9,42,51,20,9,5,17,14,1610612745,HOU,Houston Rockets,1610612759,SAS,San Antonio Spurs
0022300299,2023-12-11,2023-24,regular_season,home,False,1610612763,MEM,Grizzlies,240:00,113,-7,Memphis,grizzlies,41,89,0.461,18,44,0.409,13,16,0.813,10,28,38,26,9,5,17,19,1610612763,MEM,Memphis Grizzlies,1610612742,DAL,Dallas Mavericks
0022300299,2023-12-11,2023-24,regular_season,road,False,1610612742,DAL,Mavericks,240:00,120,7,Dallas,mavericks,43,86,0.5,17,40,0.425,17,19,0.895,10,33,43,27,8,9,17,17,1610612763,MEM,Memphis Grizzlies,1610612742,DAL,Dallas Mavericks
0022300300,2023-12-11,2023-24,regular_season,home,False,1610612749,MIL,Bucks,265:00,133,4,Milwaukee,bucks,44,86,0.512,15,37,0.405,30,37,0.811,6,42,48,34,5,4,11,21,1610612749,MIL,Milwaukee Bucks,1610612741,CHI,Chicago Bulls
0022300300,2023-12-11,2023-24,regular_season,road,False,1610612741,CHI,Bulls,265:00,129,-4,Chicago,bulls,47,114,0.412,15,34,0.441,20,25,0.8,18,33,51,25,3,4,6,27,1610612749,MIL,Milwaukee Bucks,1610612741,CHI,Chicago Bulls
0022300301,2023-12-11,2023-24,regular_season,home,False,1610612740,NOP,Pelicans,240:00,121,14,New Orleans,pelicans,40,82,0.488,10,27,0.37,31,40,0.775,10,37,47,27,7,7,13,20,1610612740,NOP,New Orleans Pelicans,1610612750,MIN,Minnesota Timberwolves
0022300301,2023-12-11,2023-24,regular_season,road,False,1610612750,MIN,Timberwolves,240:00,107,-14,Minnesota,timberwolves,40,91,0.44,13,36,0.361,14,19,0.737,11,36,47,26,5,3,11,28,1610612740,NOP,New Orleans Pelicans,1610612750,MIN,Minnesota Timberwolves
0022300302,2023-12-11,2023-24,regular_season,home,False,1610612760,OKC,Thunder,240:00,134,14,Oklahoma City,thunder,50,96,0.521,18,38,0.474,16,17,0.941,7,32,39,35,9,7,12,17,1610612760,OKC,Oklahoma City Thunder,1610612762,UTA,Utah Jazz
0022300302,2023-12-11,2023-24,regular_season,road,False,1610612762,UTA,Jazz,240:00,120,-14,Utah,jazz,44,92,0.478,12,38,0.316,20,21,0.952,9,32,41,32,9,9,15,21,1610612760,OKC,Oklahoma City Thunder,1610612762,UTA,Utah Jazz
0022300303,2023-12-11,2023-24,regular_season,home,False,1610612758,SAC,Kings,240:00,131,13,Sacramento,kings,48,94,0.511,25,45,0.556,10,14,0.714,10,33,43,38,4,3,13,24,1610612758,SAC,Sacramento Kings,1610612751,BKN,Brooklyn Nets
0022300303,2023-12-11,2023-24,regular_season,road,False,1610612751,BKN,Nets,240:00,118,-13,Brooklyn,nets,42,88,0.477,14,29,0.483,20,21,0.952,10,31,41,24,4,6,13,13,1610612758,SAC,Sacramento Kings,1610612751,BKN,Brooklyn Nets
0022300304,2023-12-11,2023-24,regular_season,home,False,1610612746,LAC,Clippers,240:00,132,5,LA,clippers,49,89,0.551,13,34,0.382,21,22,0.955,9,26,35,33,7,9,9,20,1610612746,LAC,LA Clippers,1610612757,POR,Portland Trail Blazers
0022300304,2023-12-11,2023-24,regular_season,road,False,1610612757,POR,Trail Blazers,240:00,127,-5,Portland,blazers,43,90,0.478,19,40,0.475,22,26,0.846,11,25,36,25,5,4,12,21,1610612746,LAC,LA Clippers,1610612757,POR,Portland Trail Blazers
0022300305,2023-12-12,2023-24,regular_season,home,False,1610612738,BOS,Celtics,240:00,120,7,Boston,celtics,38,84,0.452,18,44,0.409,26,26,1.0,12,33,45,23,9,9,13,13,1610612738,BOS,Boston Celtics,1610612739,CLE,Cleveland Cavaliers
0022300305,2023-12-12,2023-24,regular_season,road,False,1610612739,CLE,Cavaliers,240:00,113,-7,Cleveland,cavaliers,44,92,0.478,19,45,0.422,6,9,0.667,6,29,35,27,6,4,12,18,1610612738,BOS,Boston Celtics,1610612739,CLE,Cleveland Cavaliers
0022300306,2023-12-12,2023-24,regular_season,home,False,1610612742,DAL,Mavericks,240:00,127,2,Dallas,mavericks,44,89,0.494,21,43,0.488,18,21,0.857,12,24,36,28,7,5,10,17,1610612742,DAL,Dallas Mavericks,1610612747,LAL,Los Angeles Lakers
0022300306,2023-12-12,2023-24,regular_season,road,False,1610612747,LAL,Lakers,240:00,125,-2,Los Angeles,lakers,49,91,0.538,15,29,0.517,12,18,0.667,10,30,40,34,4,4,15,20,1610612742,DAL,Dallas Mavericks,1610612747,LAL,Los Angeles Lakers
0022300307,2023-12-12,2023-24,regular_season,home,False,1610612741,CHI,Bulls,240:00,106,-8,Chicago,bulls,36,86,0.419,13,40,0.325,21,23,0.913,11,30,41,26,6,9,12,22,1610612741,CHI,Chicago Bulls,1610612743,DEN,Denver Nuggets
0022300307,2023-12-12,2023-24,regular_season,road,False,1610612743,DEN,Nuggets,240:00,114,8,Denver,nuggets,39,83,0.47,14,30,0.467,22,32,0.688,15,31,46,28,4,4,10,20,1610612741,CHI,Chicago Bulls,1610612743,DEN,Denver Nuggets
0022300308,2023-12-12,2023-24,regular_season,home,False,1610612756,PHX,Suns,240:00,119,3,Phoenix,suns,38,84,0.452,14,39,0.359,29,34,0.853,7,34,41,27,8,7,14,22,1610612756,PHX,Phoenix Suns,1610612744,GSW,Golden State Warriors
0022300308,2023-12-12,2023-24,regular_season,road,False,1610612744,GSW,Warriors,240:00,116,-3,Golden State,warriors,41,92,0.446,16,46,0.348,18,27,0.667,13,38,51,26,9,1,15,28,1610612756,PHX,Phoenix Suns,1610612744,GSW,Golden State Warriors
0022300309,2023-12-12,2023-24,regular_season,home,False,1610612746,LAC,Clippers,240:00,119,20,LA,clippers,44,84,0.524,11,29,0.379,20,21,0.952,6,43,49,21,7,2,15,17,1610612746,LAC,LA Clippers,1610612758,SAC,Sacramento Kings
0022300309,2023-12-12,2023-24,regular_season,road,False,1610612758,SAC,Kings,240:00,99,-20,Sacramento,kings,36,86,0.419,10,37,0.27,17,24,0.708,7,31,38,27,8,2,14,19,1610612746,LAC,LA Clippers,1610612758,SAC,Sacramento Kings
0022300310,2023-12-13,2023-24,regular_season,home,False,1610612765,DET,Pistons,240:00,111,-18,Detroit,pistons,39,88,0.443,10,33,0.303,23,30,0.767,6,29,35,24,6,3,9,22,1610612765,DET,Detroit Pistons,1610612755,PHI,Philadelphia 76ers
0022300310,2023-12-13,2023-24,regular_season,road,False,1610612755,PHI,76ers,240:00,129,18,Philadelphia,sixers,45,87,0.517,11,30,0.367,28,34,0.824,10,43,53,28,6,4,10,20,1610612765,DET,Detroit Pistons,1610612755,PHI,Philadelphia 76ers
0022300311,2023-12-13,2023-24,regular_season,home,False,1610612764,WAS,Wizards,240:00,122,-20,Washington,wizards,42,82,0.512,19,44,0.432,19,24,0.792,3,30,33,28,7,6,15,16,1610612764,WAS,Washington Wizards,1610612740,NOP,New Orleans Pelicans
0022300311,2023-12-13,2023-24,regular_season,road,False,1610612740,NOP,Pelicans,240:00,142,20,New Orleans,pelicans,50,96,0.521,16,34,0.471,26,30,0.867,10,36,46,30,11,3,9,17,1610612764,WAS,Washington Wizards,1610612740,NOP,New Orleans Pelicans
0022300312,2023-12-13,2023-24,regular_season,home,False,1610612748,MIA,Heat,240:00,115,11,Miami,heat,41,86,0.477,15,30,0.5,18,19,0.947,17,30,47,29,10,3,22,12,1610612748,MIA,Miami Heat,1610612766,CHA,Charlotte Hornets
0022300312,2023-12-13,2023-24,regular_season,road,False,1610612766,CHA,Hornets,240:00,104,-11,Charlotte,hornets,41,77,0.532,12,31,0.387,10,11,0.909,4,27,31,27,11,5,21,18,1610612748,MIA,Miami Heat,1610612766,CHA,Charlotte Hornets
0022300313,2023-12-13,2023-24,regular_season,home,False,1610612761,TOR,Raptors,240:00,135,7,Toronto,raptors,50,87,0.575,18,34,0.529,17,24,0.708,9,38,47,39,3,9,14,18,1610612761,TOR,Toronto Raptors,1610612737,ATL,Atlanta Hawks
0022300313,2023-12-13,2023-24,regular_season,road,False,1610612737,ATL,Hawks,240:00,128,-7,Atlanta,hawks,48,100,0.48,18,41,0.439,14,19,0.737,13,29,42,32,9,8,7,18,1610612761,TOR,Toronto Raptors,1610612737,ATL,Atlanta Hawks
0022300314,2023-12-13,2023-24,regular_season,home,False,1610612745,HOU,Rockets,240:00,117,13,Houston,rockets,39,86,0.453,12,32,0.375,27,37,0.73,15,43,58,23,6,3,19,28,1610612745,HOU,Houston Rockets,1610612763,MEM,Memphis Grizzlies
0022300314,2023-12-13,2023-24,regular_season,road,False,1610612763,MEM,Grizzlies,240:00,104,-13,Memphis,grizzlies,35,82,0.427,10,38,0.263,24,34,0.706,5,34,39,25,7,4,11,30,1610612745,HOU,Houston Rockets,1610612763,MEM,Memphis Grizzlies
0022300315,2023-12-13,2023-24,regular_season,home,False,1610612749,MIL,Bucks,240:00,140,14,Milwaukee,bucks,48,89,0.539,7,27,0.259,37,48,0.771,12,31,43,27,8,8,15,24,1610612749,MIL,Milwaukee Bucks,1610612754,IND,Indiana Pacers
0022300315,2023-12-13,2023-24,regular_season,road,False,1610612754,IND,Pacers,240:00,126,-14,Indiana,pacers,45,100,0.45,11,36,0.306,25,32,0.781,16,29,45,30,7,6,18,32,1610612749,MIL,Milwaukee Bucks,1610612754,IND,Indiana Pacers
0022300316,2023-12-13,2023-24,regular_season,home,False,1610612759,SAS,Spurs,240:00,119,-3,San Antonio,spurs,45,96,0.469,16,37,0.432,13,18,0.722,10,36,46,28,8,6,17,16,1610612759,SAS,San Antonio Spurs,1610612747,LAL,Los Angeles Lakers
0022300316,2023-12-13,2023-24,regular_season,road,False,1610612747,LAL,Lakers,240:00,122,3,Los Angeles,lakers,49,91,0.538,14,35,0.4,10,17,0.588,5,41,46,31,14,4,16,16,1610612759,SAS,San Antonio Spurs,1610612747,LAL,Los Angeles Lakers
0022300317,2023-12-13,2023-24,regular_season,home,False,1610612756,PHX,Suns,240:00,112,-4,Phoenix,suns,40,84,0.476,9,28,0.321,23,27,0.852,14,35,49,28,5,4,12,20,1610612756,PHX,Phoenix Suns,1610612751,BKN,Brooklyn Nets
0022300317,2023-12-13,2023-24,regular_season,road,False,1610612751,BKN,Nets,240:00,116,4,Brooklyn,nets,41,89,0.461,15,41,0.366,19,24,0.792,10,26,36,24,9,4,7,17,1610612756,PHX,Phoenix Suns,1610612751,BKN,Brooklyn Nets
0022300318,2023-12-13,2023-24,regular_season,home,False,1610612762,UTA,Jazz,240:00,117,4,Utah,jazz,43,98,0.439,16,42,0.381,15,21,0.714,15,38,53,31,5,4,15,27,1610612762,UTA,Utah Jazz,1610612752,NYK,New York Knicks
0022300318,2023-12-13,2023-24,regular_season,road,False,1610612752,NYK,Knicks,240:00,113,-4,New York,knicks,41,94,0.436,9,39,0.231,22,32,0.688,14,32,46,21,10,4,8,21,1610612762,UTA,Utah Jazz,1610612752,NYK,New York Knicks
0022300319,2023-12-14,2023-24,regular_season,home,False,1610612738,BOS,Celtics,240:00,116,9,Boston,celtics,43,85,0.506,13,36,0.361,17,20,0.85,13,31,44,22,7,8,13,15,1610612738,BOS,Boston Celtics,1610612739,CLE,Cleveland Cavaliers
0022300319,2023-12-14,2023-24,regular_season,road,False,1610612739,CLE,Cavaliers,240:00,107,-9,Cleveland,cavaliers,40,83,0.482,11,33,0.333,16,17,0.941,9,30,39,21,7,1,16,18,1610612738,BOS,Boston Celtics,1610612739,CLE,Cleveland Cavaliers
0022300320,2023-12-14,2023-24,regular_season,home,False,1610612748,MIA,Heat,240:00,116,-8,Miami,heat,37,80,0.463,15,34,0.441,27,35,0.771,8,34,42,26,2,1,10,20,1610612748,MIA,Miami Heat,1610612741,CHI,Chicago Bulls
0022300320,2023-12-14,2023-24,regular_season,road,False,1610612741,CHI,Bulls,240:00,124,8,Chicago,bulls,45,93,0.484,14,36,0.389,20,30,0.667,11,32,43,32,8,2,5,23,1610612748,MIA,Miami Heat,1610612741,CHI,Chicago Bulls
0022300321,2023-12-14,2023-24,regular_season,home,False,1610612742,DAL,Mavericks,240:00,101,-18,Dallas,mavericks,39,83,0.47,7,32,0.219,16,18,0.889,4,30,34,21,6,2,15,19,1610612742,DAL,Dallas Mavericks,1610612750,MIN,Minnesota Timberwolves
0022300321,2023-12-14,2023-24,regular_season,road,False,1610612750,MIN,Timberwolves,240:00,119,18,Minnesota,timberwolves,44,88,0.5,14,31,0.452,17,25,0.68,12,33,45,30,9,4,15,19,1610612742,DAL,Dallas Mavericks,1610612750,MIN,Minnesota Timberwolves
0022300322,2023-12-14,2023-24,regular_season,home,False,1610612743,DEN,Nuggets,240:00,124,23,Denver,nuggets,47,99,0.475,12,36,0.333,18,21,0.857,12,36,48,31,13,6,8,15,1610612743,DEN,Denver Nuggets,1610612751,BKN,Brooklyn Nets
0022300322,2023-12-14,2023-24,regular_season,road,False,1610612751,BKN,Nets,240:00,101,-23,Brooklyn,nets,39,95,0.411,8,30,0.267,15,20,0.75,18,35,53,28,5,4,16,23,1610612743,DEN,Denver Nuggets,1610612751,BKN,Brooklyn Nets
0022300323,2023-12-14,2023-24,regular_season,home,False,1610612757,POR,Trail Blazers,240:00,114,-8,Portland,blazers,43,103,0.417,16,45,0.356,12,18,0.667,21,28,49,30,9,4,11,12,1610612757,POR,Portland Trail Blazers,1610612762,UTA,Utah Jazz
0022300323,2023-12-14,2023-24,regular_season,road,False,1610612762,UTA,Jazz,240:00,122,8,Utah,jazz,49,92,0.533,11,33,0.333,13,14,0.929,13,32,45,27,9,9,11,14,1610612757,POR,Portland Trail Blazers,1610612762,UTA,Utah Jazz
0022300324,2023-12-14,2023-24,regular_season,home,False,1610612758,SAC,Kings,240:00,128,5,Sacramento,kings,47,95,0.495,18,45,0.4,16,21,0.762,11,36,47,32,6,4,17,22,1610612758,SAC,Sacramento Kings,1610612760,OKC,Oklahoma City Thunder
0022300324,2023-12-14,2023-24,regular_season,road,False,1610612760,OKC,Thunder,240:00,123,-5,Oklahoma City,thunder,44,102,0.431,11,36,0.306,24,27,0.889,16,28,44,26,8,7,13,25,1610612758,SAC,Sacramento Kings,1610612760,OKC,Oklahoma City Thunder
0022300325,2023-12-14,2023-24,regular_season,home,False,1610612746,LAC,Clippers,240:00,121,8,LA,clippers,41,81,0.506,13,32,0.406,26,30,0.867,10,30,40,27,6,9,13,20,1610612746,LAC,LA Clippers,1610612744,GSW,Golden State Warriors
0022300325,2023-12-14,2023-24,regular_season,road,False,1610612744,GSW,Warriors,240:00,113,-8,Golden State,warriors,40,92,0.435,16,45,0.356,17,19,0.895,16,27,43,22,8,2,11,24,1610612746,LAC,LA Clippers,1610612744,GSW,Golden State Warriors
0022300326,2023-12-15,2023-24,regular_season,home,False,1610612766,CHA,Hornets,240:00,107,-5,Charlotte,hornets,41,92,0.446,9,31,0.29,16,21,0.762,8,31,39,18,7,4,8,24,1610612766,CHA,Charlotte Hornets,1610612740,NOP,New Orleans Pelicans
0022300326,2023-12-15,2023-24,regular_season,road,False,1610612740,NOP,Pelicans,240:00,112,5,New Orleans,pelicans,38,80,0.475,9,27,0.333,27,32,0.844,11,38,49,24,4,5,15,17,1610612766,CHA,Charlotte Hornets,1610612740,NOP,New Orleans Pelicans
0022300327,2023-12-15,2023-24,regular_season,home,False,1610612755,PHI,76ers,240:00,124,32,Philadelphia,sixers,41,98,0.418,14,37,0.378,28,31,0.903,16,38,54,24,17,8,11,23,1610612755,PHI,Philadelphia 76ers,1610612765,DET,Detroit Pistons
0022300327,2023-12-15,2023-24,regular_season,road,False,1610612765,DET,Pistons,240:00,92,-32,Detroit,pistons,35,81,0.432,4,21,0.19,18,23,0.783,7,35,42,19,3,7,21,25,1610612755,PHI,Philadelphia 76ers,1610612765,DET,Detroit Pistons
0022300328,2023-12-15,2023-24,regular_season,home,False,1610612764,WAS,Wizards,240:00,137,14,Washington,wizards,52,92,0.565,13,27,0.481,20,26,0.769,8,39,47,36,7,8,17,18,1610612764,WAS,Washington Wizards,1610612754,IND,Indiana Pacers
0022300328,2023-12-15,2023-24,regular_season,road,False,1610612754,IND,Pacers,240:00,123,-14,Indiana,pacers,48,107,0.449,15,40,0.375,12,16,0.75,13,28,41,35,7,8,15,25,1610612764,WAS,Washington Wizards,1610612754,IND,Indiana Pacers
0022300329,2023-12-15,2023-24,regular_season,home,False,1610612738,BOS,Celtics,240:00,128,17,Boston,celtics,48,92,0.522,18,42,0.429,14,20,0.7,9,25,34,31,14,7,10,22,1610612738,BOS,Boston Celtics,1610612753,ORL,Orlando Magic
0022300329,2023-12-15,2023-24,regular_season,road,False,1610612753,ORL,Magic,240:00,111,-17,Orlando,magic,42,87,0.483,14,35,0.4,13,18,0.722,13,32,45,25,5,2,21,22,1610612738,BOS,Boston Celtics,1610612753,ORL,Orlando Magic
0022300330,2023-12-15,2023-24,regular_season,home,False,1610612761,TOR,Raptors,240:00,104,-21,Toronto,raptors,40,77,0.519,10,31,0.323,14,25,0.56,3,29,32,30,8,6,14,19,1610612761,TOR,Toronto Raptors,1610612737,ATL,Atlanta Hawks
0022300330,2023-12-15,2023-24,regular_season,road,False,1610612737,ATL,Hawks,240:00,125,21,Atlanta,hawks,52,101,0.515,16,41,0.39,5,6,0.833,16,39,55,34,4,4,12,19,1610612761,TOR,Toronto Raptors,1610612737,ATL,Atlanta Hawks
0022300331,2023-12-15,2023-24,regular_season,home,False,1610612759,SAS,Spurs,240:00,129,14,San Antonio,spurs,47,95,0.495,18,42,0.429,17,19,0.895,9,36,45,35,5,5,8,19,1610612759,SAS,San Antonio Spurs,1610612747,LAL,Los Angeles Lakers
0022300331,2023-12-15,2023-24,regular_season,road,False,1610612747,LAL,Lakers,240:00,115,-14,Los Angeles,lakers,43,89,0.483,11,36,0.306,18,28,0.643,9,34,43,32,5,5,6,15,1610612759,SAS,San Antonio Spurs,1610612747,LAL,Los Angeles Lakers
0022300332,2023-12-15,2023-24,regular_season,home,False,1610612763,MEM,Grizzlies,240:00,96,-7,Memphis,grizzlies,37,92,0.402,11,40,0.275,11,15,0.733,13,35,48,19,4,8,17,24,1610612763,MEM,Memphis Grizzlies,1610612745,HOU,Houston Rockets
0022300332,2023-12-15,2023-24,regular_season,road,False,1610612745,HOU,Rockets,240:00,103,7,Houston,rockets,32,88,0.364,11,29,0.379,28,32,0.875,15,36,51,18,10,10,11,19,1610612763,MEM,Memphis Grizzlies,1610612745,HOU,Houston Rockets
0022300333,2023-12-15,2023-24,regular_season,home,False,1610612756,PHX,Suns,240:00,122,-17,Phoenix,suns,47,90,0.522,11,28,0.393,17,21,0.81,10,23,33,30,4,3,11,17,1610612756,PHX,Phoenix Suns,1610612752,NYK,New York Knicks
0022300333,2023-12-15,2023-24,regular_season,road,False,1610612752,NYK,Knicks,240:00,139,17,New York,knicks,49,82,0.598,17,29,0.586,24,28,0.857,9,29,38,28,9,5,11,20,1610612756,PHX,Phoenix Suns,1610612752,NYK,New York Knicks
0022300334,2023-12-16,2023-24,regular_season,home,False,1610612749,MIL,Bucks,240:00,146,32,Milwaukee,bucks,50,88,0.568,19,42,0.452,27,32,0.844,8,41,49,24,5,8,14,24,1610612749,MIL,Milwaukee Bucks,1610612765,DET,Detroit Pistons
0022300334,2023-12-16,2023-24,regular_season,road,False,1610612765,DET,Pistons,240:00,114,-32,Detroit,pistons,43,96,0.448,6,28,0.214,22,26,0.846,10,26,36,25,10,4,8,23,1610612749,MIL,Milwaukee Bucks,1610612765,DET,Detroit Pistons
0022300335,2023-12-16,2023-24,regular_season,home,False,1610612766,CHA,Hornets,240:00,82,-53,Charlotte,hornets,33,91,0.363,7,35,0.2,9,11,0.818,8,28,36,15,3,4,11,14,1610612766,CHA,Charlotte Hornets,1610612755,PHI,Philadelphia 76ers
0022300335,2023-12-16,2023-24,regular_season,road,False,1610612755,PHI,76ers,240:00,135,53,Philadelphia,sixers,53,88,0.602,14,31,0.452,15,17,0.882,5,40,45,30,10,6,10,17,1610612766,CHA,Charlotte Hornets,1610612755,PHI,Philadelphia 76ers
0022300336,2023-12-16,2023-24,regular_season,home,False,1610612739,CLE,Cavaliers,240:00,127,8,Cleveland,cavaliers,49,101,0.485,16,42,0.381,13,15,0.867,18,31,49,32,8,3,10,22,1610612739,CLE,Cleveland Cavaliers,1610612737,ATL,Atlanta Hawks
0022300336,2023-12-16,2023-24,regular_season,road,False,1610612737,ATL,Hawks,240:00,119,-8,Atlanta,hawks,41,85,0.482,15,36,0.417,22,25,0.88,6,28,34,21,5,4,11,21,1610612739,CLE,Cleveland Cavaliers,1610612737,ATL,Atlanta Hawks
0022300337,2023-12-16,2023-24,regular_season,home,False,1610612748,MIA,Heat,240:00,118,2,Miami,heat,43,83,0.518,13,35,0.371,19,25,0.76,8,23,31,26,7,2,10,19,1610612748,MIA,Miami Heat,1610612741,CHI,Chicago Bulls
0022300337,2023-12-16,2023-24,regular_season,road,False,1610612741,CHI,Bulls,240:00,116,-2,Chicago,bulls,37,77,0.481,16,38,0.421,26,29,0.897,11,29,40,25,8,4,14,19,1610612748,MIA,Miami Heat,1610612741,CHI,Chicago Bulls
0022300338,2023-12-16,2023-24,regular_season,home,False,1610612750,MIN,Timberwolves,240:00,127,18,Minnesota,timberwolves,48,86,0.558,18,30,0.6,13,16,0.813,8,28,36,33,10,4,15,16,1610612750,MIN,Minnesota Timberwolves,1610612754,IND,Indiana Pacers
0022300338,2023-12-16,2023-24,regular_season,road,False,1610612754,IND,Pacers,240:00,109,-18,Indiana,pacers,45,90,0.5,6,21,0.286,13,16,0.813,13,27,40,25,10,6,13,15,1610612750,MIN,Minnesota Timberwolves,1610612754,IND,Indiana Pacers
0022300339,2023-12-16,2023-24,regular_season,home,False,1610612744,GSW,Warriors,240:00,124,4,Golden State,warriors,44,91,0.484,17,32,0.531,19,20,0.95,13,29,42,29,7,5,14,15,1610612744,GSW,Golden State Warriors,1610612751,BKN,Brooklyn Nets
0022300339,2023-12-16,2023-24,regular_season,road,False,1610612751,BKN,Nets,240:00,120,-4,Brooklyn,nets,45,93,0.484,17,43,0.395,13,15,0.867,14,28,42,31,6,8,16,21,1610612744,GSW,Golden State Warriors,1610612751,BKN,Brooklyn Nets
0022300340,2023-12-16,2023-24,regular_season,home,False,1610612743,DEN,Nuggets,240:00,117,-1,Denver,nuggets,42,93,0.452,12,32,0.375,21,24,0.875,16,30,46,30,5,0,9,22,1610612743,DEN,Denver Nuggets,1610612760,OKC,Oklahoma City Thunder
0022300340,2023-12-16,2023-24,regular_season,road,False,1610612760,OKC,Thunder,240:00,118,1,Oklahoma City,thunder,43,84,0.512,7,21,0.333,25,30,0.833,9,31,40,22,4,9,10,19,1610612743,DEN,Denver Nuggets,1610612760,OKC,Oklahoma City Thunder
0022300341,2023-12-16,2023-24,regular_season,home,False,1610612757,POR,Trail Blazers,240:00,120,-11,Portland,blazers,47,94,0.5,7,32,0.219,19,22,0.864,10,34,44,17,8,2,11,21,1610612757,POR,Portland Trail Blazers,1610612742,DAL,Dallas Mavericks
0022300341,2023-12-16,2023-24,regular_season,road,False,1610612742,DAL,Mavericks,240:00,131,11,Dallas,mavericks,48,97,0.495,16,47,0.34,19,21,0.905,11,36,47,27,7,2,12,17,1610612757,POR,Portland Trail Blazers,1610612742,DAL,Dallas Mavericks
0022300342,2023-12-16,2023-24,regular_season,home,False,1610612758,SAC,Kings,240:00,125,21,Sacramento,kings,46,85,0.541,22,45,0.489,11,15,0.733,8,37,45,36,6,2,14,17,1610612758,SAC,Sacramento Kings,1610612762,UTA,Utah Jazz
0022300342,2023-12-16,2023-24,regular_season,road,False,1610612762,UTA,Jazz,240:00,104,-21,Utah,jazz,38,86,0.442,12,37,0.324,16,21,0.762,9,28,37,28,8,3,12,12,1610612758,SAC,Sacramento Kings,1610612762,UTA,Utah Jazz
0022300343,2023-12-16,2023-24,regular_season,home,False,1610612746,LAC,Clippers,240:00,144,22,LA,clippers,50,88,0.568,16,33,0.485,28,34,0.824,8,34,42,36,8,6,8,21,1610612746,LAC,LA Clippers,1610612752,NYK,New York Knicks
0022300343,2023-12-16,2023-24,regular_season,road,False,1610612752,NYK,Knicks,240:00,122,-22,New York,knicks,44,94,0.468,11,35,0.314,23,26,0.885,12,27,39,20,7,4,10,22,1610612746,LAC,LA Clippers,1610612752,NYK,New York Knicks
0022300344,2023-12-17,2023-24,regular_season,home,False,1610612738,BOS,Celtics,240:00,114,17,Boston,celtics,45,95,0.474,17,36,0.472,7,8,0.875,10,45,55,18,4,10,14,19,1610612738,BOS,Boston Celtics,1610612753,ORL,Orlando Magic
0022300344,2023-12-17,2023-24,regular_season,road,False,1610612753,ORL,Magic,240:00,97,-17,Orlando,magic,34,89,0.382,11,36,0.306,18,24,0.75,10,33,43,18,7,4,8,16,1610612738,BOS,Boston Celtics,1610612753,ORL,Orlando Magic
0022300345,2023-12-17,2023-24,regular_season,home,False,1610612759,SAS,Spurs,240:00,110,-36,San Antonio,spurs,40,94,0.426,15,42,0.357,15,21,0.714,9,30,39,29,6,6,13,15,1610612759,SAS,San Antonio Spurs,1610612740,NOP,New Orleans Pelicans
0022300345,2023-12-17,2023-24,regular_season,road,False,1610612740,NOP,Pelicans,240:00,146,36,New Orleans,pelicans,55,98,0.561,22,42,0.524,14,22,0.636,11,40,51,38,11,3,13,19,1610612759,SAS,San Antonio Spurs,1610612740,NOP,New Orleans Pelicans
0022300346,2023-12-17,2023-24,regular_season,home,False,1610612749,MIL,Bucks,240:00,128,9,Milwaukee,bucks,45,90,0.5,13,36,0.361,25,32,0.781,16,30,46,25,4,1,15,23,1610612749,MIL,Milwaukee Bucks,1610612745,HOU,Houston Rockets
0022300346,2023-12-17,2023-24,regular_season,road,False,1610612745,HOU,Rockets,240:00,119,-9,Houston,rockets,45,85,0.529,11,27,0.407,18,21,0.857,6,25,31,26,8,4,9,21,1610612749,MIL,Milwaukee Bucks,1610612745,HOU,Houston Rockets
0022300347,2023-12-17,2023-24,regular_season,home,False,1610612756,PHX,Suns,240:00,112,4,Phoenix,suns,41,90,0.456,7,31,0.226,23,30,0.767,13,41,54,29,8,6,17,16,1610612756,PHX,Phoenix Suns,1610612764,WAS,Washington Wizards
0022300347,2023-12-17,2023-24,regular_season,road,False,1610612764,WAS,Wizards,240:00,108,-4,Washington,wizards,39,95,0.411,14,46,0.304,16,20,0.8,10,34,44,24,8,6,10,25,1610612756,PHX,Phoenix Suns,1610612764,WAS,Washington Wizards
0022300348,2023-12-17,2023-24,regular_season,home,False,1610612757,POR,Trail Blazers,240:00,114,-4,Portland,blazers,40,85,0.471,13,35,0.371,21,23,0.913,9,28,37,23,10,4,13,20,1610612757,POR,Portland Trail Blazers,1610612744,GSW,Golden State Warriors
0022300348,2023-12-17,2023-24,regular_season,road,False,1610612744,GSW,Warriors,240:00,118,4,Golden State,warriors,46,87,0.529,13,38,0.342,13,19,0.684,11,32,43,31,10,4,14,20,1610612757,POR,Portland Trail Blazers,1610612744,GSW,Golden State Warriors
0022300349,2023-12-18,2023-24,regular_season,home,False,1610612739,CLE,Cavaliers,265:00,135,5,Cleveland,cavaliers,47,97,0.485,19,48,0.396,22,34,0.647,14,24,38,29,7,8,11,25,1610612739,CLE,Cleveland Cavaliers,1610612745,HOU,Houston Rockets
0022300349,2023-12-18,2023-24,regular_season,road,False,1610612745,HOU,Rockets,265:00,130,-5,Houston,rockets,47,102,0.461,12,33,0.364,24,27,0.889,15,32,47,34,9,5,13,32,1610612739,CLE,Cleveland Cavaliers,1610612745,HOU,Houston Rockets
0022300350,2023-12-18,2023-24,regular_season,home,False,1610612754,IND,Pacers,240:00,127,-24,Indiana,pacers,49,95,0.516,12,33,0.364,17,21,0.81,11,23,34,38,6,7,11,21,1610612754,IND,Indiana Pacers,1610612746,LAC,LA Clippers
0022300350,2023-12-18,2023-24,regular_season,road,False,1610612746,LAC,Clippers,240:00,151,24,LA,clippers,56,98,0.571,19,38,0.5,20,23,0.87,14,32,46,26,4,9,11,19,1610612754,IND,Indiana Pacers,1610612746,LAC,LA Clippers
0022300351,2023-12-18,2023-24,regular_season,home,False,1610612755,PHI,76ers,240:00,104,-4,Philadelphia,sixers,38,88,0.432,11,32,0.344,17,19,0.895,9,35,44,23,8,8,12,17,1610612755,PHI,Philadelphia 76ers,1610612741,CHI,Chicago Bulls
0022300351,2023-12-18,2023-24,regular_season,road,False,1610612741,CHI,Bulls,240:00,108,4,Chicago,bulls,42,89,0.472,12,29,0.414,12,15,0.8,11,34,45,24,7,9,10,15,1610612755,PHI,Philadelphia 76ers,1610612741,CHI,Chicago Bulls
0022300352,2023-12-18,2023-24,regular_season,home,False,1610612737,ATL,Hawks,240:00,130,6,Atlanta,hawks,46,85,0.541,16,36,0.444,22,27,0.815,11,29,40,25,6,10,17,24,1610612737,ATL,Atlanta Hawks,1610612765,DET,Detroit Pistons
0022300352,2023-12-18,2023-24,regular_season,road,False,1610612765,DET,Pistons,240:00,124,-6,Detroit,pistons,48,94,0.511,9,22,0.409,19,27,0.704,12,24,36,23,7,3,13,26,1610612737,ATL,Atlanta Hawks,1610612765,DET,Detroit Pistons
0022300353,2023-12-18,2023-24,regular_season,home,False,1610612748,MIA,Heat,240:00,108,-4,Miami,heat,41,87,0.471,11,30,0.367,15,18,0.833,9,31,40,27,10,4,15,18,1610612748,MIA,Miami Heat,1610612750,MIN,Minnesota Timberwolves
0022300353,2023-12-18,2023-24,regular_season,road,False,1610612750,MIN,Timberwolves,240:00,112,4,Minnesota,timberwolves,42,85,0.494,11,29,0.379,17,19,0.895,12,33,45,27,10,9,13,19,1610612748,MIA,Miami Heat,1610612750,MIN,Minnesota Timberwolves
0022300354,2023-12-18,2023-24,regular_season,home,False,1610612761,TOR,Raptors,240:00,114,15,Toronto,raptors,44,86,0.512,8,29,0.276,18,22,0.818,15,36,51,30,4,4,17,16,1610612761,TOR,Toronto Raptors,1610612766,CHA,Charlotte Hornets
0022300354,2023-12-18,2023-24,regular_season,road,False,1610612766,CHA,Hornets,240:00,99,-15,Charlotte,hornets,39,89,0.438,8,32,0.25,13,13,1.0,10,26,36,18,8,6,12,19,1610612761,TOR,Toronto Raptors,1610612766,CHA,Charlotte Hornets
0022300355,2023-12-18,2023-24,regular_season,home,False,1610612760,OKC,Thunder,240:00,116,19,Oklahoma City,thunder,42,92,0.457,11,36,0.306,21,23,0.913,10,43,53,31,11,10,12,18,1610612760,OKC,Oklahoma City Thunder,1610612763,MEM,Memphis Grizzlies
0022300355,2023-12-18,2023-24,regular_season,road,False,1610612763,MEM,Grizzlies,240:00,97,-19,Memphis,grizzlies,30,85,0.353,19,54,0.352,18,21,0.857,7,38,45,25,6,3,22,19,1610612760,OKC,Oklahoma City Thunder,1610612763,MEM,Memphis Grizzlies
0022300356,2023-12-18,2023-24,regular_season,home,False,1610612743,DEN,Nuggets,240:00,130,26,Denver,nuggets,49,87,0.563,14,26,0.538,18,22,0.818,9,37,46,29,7,4,8,19,1610612743,DEN,Denver Nuggets,1610612742,DAL,Dallas Mavericks
0022300356,2023-12-18,2023-24,regular_season,road,False,1610612742,DAL,Mavericks,240:00,104,-26,Dallas,mavericks,41,92,0.446,13,38,0.342,9,19,0.474,15,28,43,19,2,0,11,20,1610612743,DEN,Denver Nuggets,1610612742,DAL,Dallas Mavericks
0022300357,2023-12-18,2023-24,regular_season,home,False,1610612762,UTA,Jazz,240:00,125,17,Utah,jazz,45,91,0.495,14,34,0.412,21,24,0.875,12,39,51,30,6,8,14,20,1610612762,UTA,Utah Jazz,1610612751,BKN,Brooklyn Nets
0022300357,2023-12-18,2023-24,regular_season,road,False,1610612751,BKN,Nets,240:00,108,-17,Brooklyn,nets,39,90,0.433,16,39,0.41,14,20,0.7,11,25,36,25,4,9,13,17,1610612762,UTA,Utah Jazz,1610612751,BKN,Brooklyn Nets
0022300358,2023-12-18,2023-24,regular_season,home,False,1610612758,SAC,Kings,240:00,143,12,Sacramento,kings,53,100,0.53,17,43,0.395,20,26,0.769,9,33,42,35,8,5,7,24,1610612758,SAC,Sacramento Kings,1610612764,WAS,Washington Wizards
0022300358,2023-12-18,2023-24,regular_season,road,False,1610612764,WAS,Wizards,240:00,131,-12,Washington,wizards,44,85,0.518,18,38,0.474,25,30,0.833,5,34,39,26,3,6,11,21,1610612758,SAC,Sacramento Kings,1610612764,WAS,Washington Wizards
0022300359,2023-12-18,2023-24,regular_season,home,False,1610612747,LAL,Lakers,240:00,109,-5,Los Angeles,lakers,42,99,0.424,13,41,0.317,12,13,0.923,9,32,41,29,9,3,10,17,1610612747,LAL,Los Angeles Lakers,1610612752,NYK,New York Knicks
0022300359,2023-12-18,2023-24,regular_season,road,False,1610612752,NYK,Knicks,240:00,114,5,New York,knicks,42,88,0.477,10,30,0.333,20,23,0.87,11,41,52,21,5,6,15,16,1610612747,LAL,Los Angeles Lakers,1610612752,NYK,New York Knicks
0022300360,2023-12-19,2023-24,regular_season,home,False,1610612740,NOP,Pelicans,240:00,113,-2,New Orleans,pelicans,40,85,0.471,11,25,0.44,22,24,0.917,11,28,39,23,4,3,11,23,1610612740,NOP,New Orleans Pelicans,1610612763,MEM,Memphis Grizzlies
0022300360,2023-12-19,2023-24,regular_season,road,False,1610612763,MEM,Grizzlies,240:00,115,2,Memphis,grizzlies,41,82,0.5,10,31,0.323,23,29,0.793,13,29,42,19,5,7,17,19,1610612740,NOP,New Orleans Pelicans,1610612763,MEM,Memphis Grizzlies
0022300361,2023-12-19,2023-24,regular_season,home,False,1610612749,MIL,Bucks,240:00,132,13,Milwaukee,bucks,50,106,0.472,18,49,0.367,14,18,0.778,11,36,47,34,11,7,6,15,1610612749,MIL,Milwaukee Bucks,1610612759,SAS,San Antonio Spurs
0022300361,2023-12-19,2023-24,regular_season,road,False,1610612759,SAS,Spurs,240:00,119,-13,San Antonio,spurs,46,96,0.479,9,30,0.3,18,21,0.857,8,44,52,27,4,4,16,17,1610612749,MIL,Milwaukee Bucks,1610612759,SAS,San Antonio Spurs
0022300362,2023-12-19,2023-24,regular_season,home,False,1610612744,GSW,Warriors,265:00,132,6,Golden State,warriors,50,109,0.459,20,50,0.4,12,14,0.857,18,41,59,29,4,5,10,15,1610612744,GSW,Golden State Warriors,1610612738,BOS,Boston Celtics
0022300362,2023-12-19,2023-24,regular_season,road,False,1610612738,BOS,Celtics,265:00,126,-6,Boston,celtics,47,114,0.412,17,58,0.293,15,17,0.882,18,37,55,28,6,5,8,13,1610612744,GSW,Golden State Warriors,1610612738,BOS,Boston Celtics
0022300363,2023-12-19,2023-24,regular_season,home,False,1610612757,POR,Trail Blazers,240:00,109,5,Portland,blazers,39,87,0.448,14,28,0.5,17,19,0.895,10,32,42,23,8,4,15,18,1610612757,POR,Portland Trail Blazers,1610612756,PHX,Phoenix Suns
0022300363,2023-12-19,2023-24,regular_season,road,False,1610612756,PHX,Suns,240:00,104,-5,Phoenix,suns,42,94,0.447,5,23,0.217,15,21,0.714,14,33,47,23,10,6,13,15,1610612757,POR,Portland Trail Blazers,1610612756,PHX,Phoenix Suns
0022300364,2023-12-20,2023-24,regular_season,home,False,1610612739,CLE,Cavaliers,240:00,124,8,Cleveland,cavaliers,45,96,0.469,23,51,0.451,11,16,0.688,14,30,44,34,8,3,11,23,1610612739,CLE,Cleveland Cavaliers,1610612762,UTA,Utah Jazz
0022300364,2023-12-20,2023-24,regular_season,road,False,1610612762,UTA,Jazz,240:00,116,-8,Utah,jazz,40,78,0.513,13,30,0.433,23,28,0.821,6,32,38,24,5,6,16,22,1610612739,CLE,Cleveland Cavaliers,1610612762,UTA,Utah Jazz
0022300365,2023-12-20,2023-24,regular_season,home,False,1610612754,IND,Pacers,240:00,144,31,Indiana,pacers,49,80,0.613,18,39,0.462,28,30,0.933,8,30,38,37,6,8,13,20,1610612754,IND,Indiana Pacers,1610612766,CHA,Charlotte Hornets
0022300365,2023-12-20,2023-24,regular_season,road,False,1610612766,CHA,Hornets,240:00,113,-31,Charlotte,hornets,45,95,0.474,8,31,0.258,15,19,0.789,16,21,37,23,6,0,10,18,1610612754,IND,Indiana Pacers,1610612766,CHA,Charlotte Hornets
0022300366,2023-12-20,2023-24,regular_season,home,False,1610612753,ORL,Magic,240:00,106,-9,Orlando,magic,41,89,0.461,9,36,0.25,15,19,0.789,15,34,49,29,8,5,11,24,1610612753,ORL,Orlando Magic,1610612748,MIA,Miami Heat
0022300366,2023-12-20,2023-24,regular_season,road,False,1610612748,MIA,Heat,240:00,115,9,Miami,heat,40,83,0.482,15,29,0.517,20,24,0.833,10,29,39,25,6,2,11,17,1610612753,ORL,Orlando Magic,1610612748,MIA,Miami Heat
0022300367,2023-12-20,2023-24,regular_season,home,False,1610612755,PHI,76ers,240:00,127,14,Philadelphia,sixers,45,84,0.536,8,22,0.364,29,32,0.906,7,29,36,20,9,3,12,25,1610612755,PHI,Philadelphia 76ers,1610612750,MIN,Minnesota Timberwolves
0022300367,2023-12-20,2023-24,regular_season,road,False,1610612750,MIN,Timberwolves,240:00,113,-14,Minnesota,timberwolves,42,82,0.512,9,25,0.36,20,24,0.833,9,30,39,22,4,2,18,22,1610612755,PHI,Philadelphia 76ers,1610612750,MIN,Minnesota Timberwolves
0022300368,2023-12-20,2023-24,regular_season,home,False,1610612751,BKN,Nets,240:00,102,-19,Brooklyn,nets,37,101,0.366,15,47,0.319,13,17,0.765,17,32,49,25,6,9,11,20,1610612751,BKN,Brooklyn Nets,1610612752,NYK,New York Knicks
0022300368,2023-12-20,2023-24,regular_season,road,False,1610612752,NYK,Knicks,240:00,121,19,New York,knicks,44,95,0.463,13,33,0.394,20,25,0.8,12,42,54,24,8,7,11,15,1610612751,BKN,Brooklyn Nets,1610612752,NYK,New York Knicks
0022300369,2023-12-20,2023-24,regular_season,home,False,1610612761,TOR,Raptors,240:00,104,-9,Toronto,raptors,43,90,0.478,9,27,0.333,9,13,0.692,10,31,41,26,3,5,11,12,1610612761,TOR,Toronto Raptors,1610612743,DEN,Denver Nuggets
0022300369,2023-12-20,2023-24,regular_season,road,False,1610612743,DEN,Nuggets,240:00,113,9,Denver,nuggets,49,98,0.5,12,33,0.364,3,7,0.429,15,31,46,29,9,9,8,13,1610612761,TOR,Toronto Raptors,1610612743,DEN,Denver Nuggets
0022300370,2023-12-20,2023-24,regular_season,home,False,1610612741,CHI,Bulls,240:00,124,16,Chicago,bulls,48,88,0.545,18,34,0.529,10,11,0.909,7,41,48,25,7,6,15,15,1610612741,CHI,Chicago Bulls,1610612747,LAL,Los Angeles Lakers
0022300370,2023-12-20,2023-24,regular_season,road,False,1610612747,LAL,Lakers,240:00,108,-16,Los Angeles,lakers,42,94,0.447,12,37,0.324,12,15,0.8,8,32,40,27,7,7,13,11,1610612741,CHI,Chicago Bulls,1610612747,LAL,Los Angeles Lakers
0022300371,2023-12-20,2023-24,regular_season,home,False,1610612745,HOU,Rockets,240:00,127,-7,Houston,rockets,44,89,0.494,16,34,0.471,23,23,1.0,8,29,37,25,4,6,8,23,1610612745,HOU,Houston Rockets,1610612737,ATL,Atlanta Hawks
0022300371,2023-12-20,2023-24,regular_season,road,False,1610612737,ATL,Hawks,240:00,134,7,Atlanta,hawks,47,91,0.516,17,40,0.425,23,28,0.821,12,32,44,31,4,3,9,18,1610612745,HOU,Houston Rockets,1610612737,ATL,Atlanta Hawks
0022300372,2023-12-20,2023-24,regular_season,home,False,1610612742,DAL,Mavericks,240:00,111,-9,Dallas,mavericks,39,91,0.429,14,43,0.326,19,27,0.704,13,23,36,23,8,3,6,19,1610612742,DAL,Dallas Mavericks,1610612746,LAC,LA Clippers
0022300372,2023-12-20,2023-24,regular_season,road,False,1610612746,LAC,Clippers,240:00,120,9,LA,clippers,43,77,0.558,11,31,0.355,23,25,0.92,7,37,44,27,6,4,12,22,1610612742,DAL,Dallas Mavericks,1610612746,LAC,LA Clippers
0022300373,2023-12-20,2023-24,regular_season,home,False,1610612758,SAC,Kings,240:00,119,-25,Sacramento,kings,43,91,0.473,21,44,0.477,12,23,0.522,12,25,37,29,4,8,7,15,1610612758,SAC,Sacramento Kings,1610612738,BOS,Boston Celtics
0022300373,2023-12-20,2023-24,regular_season,road,False,1610612738,BOS,Celtics,240:00,144,25,Boston,celtics,51,92,0.554,22,42,0.524,20,24,0.833,14,36,50,35,6,10,9,17,1610612758,SAC,Sacramento Kings,1610612738,BOS,Boston Celtics
0022300374,2023-12-21,2023-24,regular_season,home,False,1610612765,DET,Pistons,240:00,111,-8,Detroit,pistons,43,86,0.5,9,31,0.29,16,19,0.842,12,29,41,24,6,9,20,19,1610612765,DET,Detroit Pistons,1610612762,UTA,Utah Jazz
0022300374,2023-12-21,2023-24,regular_season,road,False,1610612762,UTA,Jazz,240:00,119,8,Utah,jazz,43,94,0.457,11,30,0.367,22,24,0.917,15,29,44,26,15,7,12,18,1610612765,DET,Detroit Pistons,1610612762,UTA,Utah Jazz
0022300375,2023-12-21,2023-24,regular_season,home,False,1610612739,CLE,Cavaliers,240:00,104,-19,Cleveland,cavaliers,41,87,0.471,17,44,0.386,5,8,0.625,6,29,35,34,4,3,11,13,1610612739,CLE,Cleveland Cavaliers,1610612740,NOP,New Orleans Pelicans
0022300375,2023-12-21,2023-24,regular_season,road,False,1610612740,NOP,Pelicans,240:00,123,19,New Orleans,pelicans,47,86,0.547,15,35,0.429,14,16,0.875,7,33,40,32,7,4,9,15,1610612739,CLE,Cleveland Cavaliers,1610612740,NOP,New Orleans Pelicans
0022300376,2023-12-21,2023-24,regular_season,home,False,1610612741,CHI,Bulls,240:00,114,19,Chicago,bulls,49,90,0.544,7,28,0.25,9,11,0.818,5,31,36,24,11,5,11,18,1610612741,CHI,Chicago Bulls,1610612759,SAS,San Antonio Spurs
0022300376,2023-12-21,2023-24,regular_season,road,False,1610612759,SAS,Spurs,240:00,95,-19,San Antonio,spurs,37,81,0.457,10,30,0.333,11,16,0.688,9,32,41,24,6,7,19,11,1610612741,CHI,Chicago Bulls,1610612759,SAS,San Antonio Spurs
0022300377,2023-12-21,2023-24,regular_season,home,False,1610612763,MEM,Grizzlies,240:00,116,13,Memphis,grizzlies,43,84,0.512,16,35,0.457,14,21,0.667,8,33,41,27,8,7,18,14,1610612763,MEM,Memphis Grizzlies,1610612754,IND,Indiana Pacers
0022300377,2023-12-21,2023-24,regular_season,road,False,1610612754,IND,Pacers,240:00,103,-13,Indiana,pacers,38,90,0.422,18,52,0.346,9,11,0.818,12,27,39,28,12,9,16,21,1610612763,MEM,Memphis Grizzlies,1610612754,IND,Indiana Pacers
0022300378,2023-12-21,2023-24,regular_season,home,False,1610612749,MIL,Bucks,240:00,118,4,Milwaukee,bucks,38,90,0.422,11,37,0.297,31,35,0.886,10,41,51,26,3,6,13,22,1610612749,MIL,Milwaukee Bucks,1610612753,ORL,Orlando Magic
0022300378,2023-12-21,2023-24,regular_season,road,False,1610612753,ORL,Magic,240:00,114,-4,Orlando,magic,45,99,0.455,8,33,0.242,16,23,0.696,13,32,45,26,6,9,7,23,1610612749,MIL,Milwaukee Bucks,1610612753,ORL,Orlando Magic
0022300379,2023-12-21,2023-24,regular_season,home,False,1610612760,OKC,Thunder,240:00,134,19,Oklahoma City,thunder,51,87,0.586,16,34,0.471,16,18,0.889,6,32,38,35,9,5,11,11,1610612760,OKC,Oklahoma City Thunder,1610612746,LAC,LA Clippers
0022300379,2023-12-21,2023-24,regular_season,road,False,1610612746,LAC,Clippers,240:00,115,-19,LA,clippers,44,93,0.473,17,43,0.395,10,12,0.833,12,28,40,23,9,5,15,18,1610612760,OKC,Oklahoma City Thunder,1610612746,LAC,LA Clippers
0022300380,2023-12-21,2023-24,regular_season,home,False,1610612750,MIN,Timberwolves,240:00,118,7,Minnesota,timberwolves,42,87,0.483,14,36,0.389,20,25,0.8,9,31,40,32,13,7,14,19,1610612750,MIN,Minnesota Timberwolves,1610612747,LAL,Los Angeles Lakers
0022300380,2023-12-21,2023-24,regular_season,road,False,1610612747,LAL,Lakers,240:00,111,-7,Los Angeles,lakers,41,83,0.494,10,24,0.417,19,24,0.792,7,31,38,21,6,6,17,18,1610612750,MIN,Minnesota Timberwolves,1610612747,LAL,Los Angeles Lakers
0022300381,2023-12-21,2023-24,regular_season,home,False,1610612757,POR,Trail Blazers,240:00,117,-1,Portland,blazers,43,95,0.453,14,30,0.467,17,23,0.739,20,31,51,24,7,6,15,27,1610612757,POR,Portland Trail Blazers,1610612764,WAS,Washington Wizards
0022300381,2023-12-21,2023-24,regular_season,road,False,1610612764,WAS,Wizards,240:00,118,1,Washington,wizards,42,84,0.5,12,30,0.4,22,32,0.688,7,30,37,26,9,6,11,17,1610612757,POR,Portland Trail Blazers,1610612764,WAS,Washington Wizards
0022300382,2023-12-22,2023-24,regular_season,home,False,1610612755,PHI,76ers,240:00,121,10,Philadelphia,sixers,44,83,0.53,14,31,0.452,19,21,0.905,3,35,38,34,6,6,13,21,1610612755,PHI,Philadelphia 76ers,1610612761,TOR,Toronto Raptors
0022300382,2023-12-22,2023-24,regular_season,road,False,1610612761,TOR,Raptors,240:00,111,-10,Toronto,raptors,39,87,0.448,9,33,0.273,24,28,0.857,11,35,46,30,9,6,12,16,1610612755,PHI,Philadelphia 76ers,1610612761,TOR,Toronto Raptors
0022300383,2023-12-22,2023-24,regular_season,home,False,1610612751,BKN,Nets,240:00,117,-5,Brooklyn,nets,43,89,0.483,13,33,0.394,18,26,0.692,14,31,45,32,4,7,10,23,1610612751,BKN,Brooklyn Nets,1610612743,DEN,Denver Nuggets
0022300383,2023-12-22,2023-24,regular_season,road,False,1610612743,DEN,Nuggets,240:00,122,5,Denver,nuggets,45,87,0.517,11,26,0.423,21,25,0.84,8,33,41,29,6,5,6,19,1610612751,BKN,Brooklyn Nets,1610612743,DEN,Denver Nuggets
0022300384,2023-12-22,2023-24,regular_season,home,False,1610612748,MIA,Heat,240:00,122,9,Miami,heat,40,86,0.465,17,39,0.436,25,30,0.833,12,36,48,21,7,2,17,18,1610612748,MIA,Miami Heat,1610612737,ATL,Atlanta Hawks
0022300384,2023-12-22,2023-24,regular_season,road,False,1610612737,ATL,Hawks,240:00,113,-9,Atlanta,hawks,42,96,0.438,19,54,0.352,10,14,0.714,12,31,43,29,9,2,13,23,1610612748,MIA,Miami Heat,1610612737,ATL,Atlanta Hawks
0022300385,2023-12-22,2023-24,regular_season,home,False,1610612745,HOU,Rockets,240:00,122,26,Houston,rockets,46,95,0.484,11,38,0.289,19,23,0.826,12,51,63,21,7,3,16,22,1610612745,HOU,Houston Rockets,1610612742,DAL,Dallas Mavericks
0022300385,2023-12-22,2023-24,regular_season,road,False,1610612742,DAL,Mavericks,240:00,96,-26,Dallas,mavericks,35,101,0.347,7,40,0.175,19,26,0.731,14,33,47,18,10,1,11,17,1610612745,HOU,Houston Rockets,1610612742,DAL,Dallas Mavericks
0022300386,2023-12-22,2023-24,regular_season,home,False,1610612744,GSW,Warriors,240:00,129,11,Golden State,warriors,47,97,0.485,18,45,0.4,17,20,0.85,14,43,57,33,5,2,12,17,1610612744,GSW,Golden State Warriors,1610612764,WAS,Washington Wizards
0022300386,2023-12-22,2023-24,regular_season,road,False,1610612764,WAS,Wizards,240:00,118,-11,Washington,wizards,44,97,0.454,11,35,0.314,19,24,0.792,9,30,39,25,7,4,9,16,1610612744,GSW,Golden State Warriors,1610612764,WAS,Washington Wizards
0022300387,2023-12-22,2023-24,regular_season,home,False,1610612758,SAC,Kings,240:00,120,15,Sacramento,kings,44,83,0.53,12,38,0.316,20,26,0.769,7,30,37,32,7,7,12,24,1610612758,SAC,Sacramento Kings,1610612756,PHX,Phoenix Suns
0022300387,2023-12-22,2023-24,regular_season,road,False,1610612756,PHX,Suns,240:00,105,-15,Phoenix,suns,39,88,0.443,5,25,0.2,22,28,0.786,15,30,45,19,8,4,15,19,1610612758,SAC,Sacramento Kings,1610612756,PHX,Phoenix Suns
0022300388,2023-12-23,2023-24,regular_season,home,False,1610612752,NYK,Knicks,240:00,111,-19,New York,knicks,41,93,0.441,9,29,0.31,20,21,0.952,11,30,41,17,5,2,11,22,1610612752,NYK,New York Knicks,1610612749,MIL,Milwaukee Bucks
0022300388,2023-12-23,2023-24,regular_season,road,False,1610612749,MIL,Bucks,240:00,130,19,Milwaukee,bucks,48,91,0.527,16,32,0.5,18,23,0.783,12,41,53,25,4,2,14,22,1610612752,NYK,New York Knicks,1610612749,MIL,Milwaukee Bucks
0022300389,2023-12-23,2023-24,regular_season,home,False,1610612746,LAC,Clippers,240:00,108,-37,LA,clippers,41,89,0.461,11,34,0.324,15,15,1.0,9,25,34,25,4,4,10,24,1610612746,LAC,LA Clippers,1610612738,BOS,Boston Celtics
0022300389,2023-12-23,2023-24,regular_season,road,False,1610612738,BOS,Celtics,240:00,145,37,Boston,celtics,49,94,0.521,25,53,0.472,22,28,0.786,15,36,51,33,4,5,9,19,1610612746,LAC,LA Clippers,1610612738,BOS,Boston Celtics
0022300390,2023-12-23,2023-24,regular_season,home,False,1610612766,CHA,Hornets,240:00,95,-7,Charlotte,hornets,34,88,0.386,8,28,0.286,19,23,0.826,13,34,47,23,8,11,17,15,1610612766,CHA,Charlotte Hornets,1610612743,DEN,Denver Nuggets
0022300390,2023-12-23,2023-24,regular_season,road,False,1610612743,DEN,Nuggets,240:00,102,7,Denver,nuggets,39,90,0.433,12,30,0.4,12,14,0.857,12,36,48,25,11,13,14,21,1610612766,CHA,Charlotte Hornets,1610612743,DEN,Denver Nuggets
0022300391,2023-12-23,2023-24,regular_season,home,False,1610612754,IND,Pacers,240:00,110,-7,Indiana,pacers,43,82,0.524,15,34,0.441,9,13,0.692,7,26,33,27,7,6,15,30,1610612754,IND,Indiana Pacers,1610612753,ORL,Orlando Magic
0022300391,2023-12-23,2023-24,regular_season,road,False,1610612753,ORL,Magic,240:00,117,7,Orlando,magic,39,73,0.534,6,18,0.333,33,41,0.805,10,29,39,22,9,5,13,18,1610612754,IND,Indiana Pacers,1610612753,ORL,Orlando Magic
0022300392,2023-12-23,2023-24,regular_season,home,False,1610612740,NOP,Pelicans,240:00,104,-2,New Orleans,pelicans,38,82,0.463,8,31,0.258,20,29,0.69,13,33,46,21,9,7,16,22,1610612740,NOP,New Orleans Pelicans,1610612745,HOU,Houston Rockets
0022300392,2023-12-23,2023-24,regular_season,road,False,1610612745,HOU,Rockets,240:00,106,2,Houston,rockets,35,82,0.427,9,29,0.31,27,35,0.771,13,31,44,21,9,2,11,20,1610612740,NOP,New Orleans Pelicans,1610612745,HOU,Houston Rockets
0022300393,2023-12-23,2023-24,regular_season,home,False,1610612737,ATL,Hawks,240:00,119,-6,Atlanta,hawks,45,96,0.469,13,43,0.302,16,20,0.8,13,28,41,28,8,5,10,22,1610612737,ATL,Atlanta Hawks,1610612763,MEM,Memphis Grizzlies
0022300393,2023-12-23,2023-24,regular_season,road,False,1610612763,MEM,Grizzlies,240:00,125,6,Memphis,grizzlies,50,97,0.515,11,33,0.333,14,22,0.636,15,36,51,29,6,7,11,16,1610612737,ATL,Atlanta Hawks,1610612763,MEM,Memphis Grizzlies
0022300394,2023-12-23,2023-24,regular_season,home,False,1610612751,BKN,Nets,240:00,126,11,Brooklyn,nets,45,86,0.523,10,24,0.417,26,32,0.813,7,31,38,32,10,3,10,22,1610612751,BKN,Brooklyn Nets,1610612765,DET,Detroit Pistons
0022300394,2023-12-23,2023-24,regular_season,road,False,1610612765,DET,Pistons,240:00,115,-11,Detroit,pistons,39,79,0.494,15,35,0.429,22,29,0.759,6,30,36,26,5,3,13,25,1610612751,BKN,Brooklyn Nets,1610612765,DET,Detroit Pistons
0022300395,2023-12-23,2023-24,regular_season,home,False,1610612761,TOR,Raptors,240:00,119,-7,Toronto,raptors,45,94,0.479,13,32,0.406,16,19,0.842,12,27,39,35,7,5,11,17,1610612761,TOR,Toronto Raptors,1610612762,UTA,Utah Jazz
0022300395,2023-12-23,2023-24,regular_season,road,False,1610612762,UTA,Jazz,240:00,126,7,Utah,jazz,48,91,0.527,17,38,0.447,13,14,0.929,8,33,41,35,7,5,11,17,1610612761,TOR,Toronto Raptors,1610612762,UTA,Utah Jazz
0022300396,2023-12-23,2023-24,regular_season,home,False,1610612741,CHI,Bulls,240:00,95,-14,Chicago,bulls,35,80,0.438,8,35,0.229,17,19,0.895,5,32,37,23,6,5,12,22,1610612741,CHI,Chicago Bulls,1610612739,CLE,Cleveland Cavaliers
0022300396,2023-12-23,2023-24,regular_season,road,False,1610612739,CLE,Cavaliers,240:00,109,14,Cleveland,cavaliers,39,88,0.443,12,45,0.267,19,26,0.731,15,33,48,28,7,4,12,16,1610612741,CHI,Chicago Bulls,1610612739,CLE,Cleveland Cavaliers
0022300397,2023-12-23,2023-24,regular_season,home,False,1610612760,OKC,Thunder,240:00,120,-9,Oklahoma City,thunder,46,95,0.484,13,41,0.317,15,19,0.789,11,31,42,24,6,7,9,17,1610612760,OKC,Oklahoma City Thunder,1610612747,LAL,Los Angeles Lakers
0022300397,2023-12-23,2023-24,regular_season,road,False,1610612747,LAL,Lakers,240:00,129,9,Los Angeles,lakers,47,90,0.522,16,32,0.5,19,23,0.826,8,36,44,37,7,7,9,13,1610612760,OKC,Oklahoma City Thunder,1610612747,LAL,Los Angeles Lakers
0022300398,2023-12-23,2023-24,regular_season,home,False,1610612742,DAL,Mavericks,240:00,144,25,Dallas,mavericks,52,100,0.52,23,45,0.511,17,21,0.81,11,41,52,26,7,6,12,18,1610612742,DAL,Dallas Mavericks,1610612759,SAS,San Antonio Spurs
0022300398,2023-12-23,2023-24,regular_season,road,False,1610612759,SAS,Spurs,240:00,119,-25,San Antonio,spurs,44,98,0.449,14,45,0.311,17,24,0.708,8,34,42,32,9,3,10,16,1610612742,DAL,Dallas Mavericks,1610612759,SAS,San Antonio Spurs
0022300399,2023-12-23,2023-24,regular_season,home,False,1610612744,GSW,Warriors,240:00,126,20,Golden State,warriors,48,83,0.578,10,33,0.303,20,24,0.833,13,36,49,38,8,2,16,14,1610612744,GSW,Golden State Warriors,1610612757,POR,Portland Trail Blazers
0022300399,2023-12-23,2023-24,regular_season,road,False,1610612757,POR,Trail Blazers,240:00,106,-20,Portland,blazers,38,84,0.452,13,35,0.371,17,25,0.68,8,22,30,26,13,3,11,20,1610612744,GSW,Golden State Warriors,1610612757,POR,Portland Trail Blazers
0022300400,2023-12-23,2023-24,regular_season,home,False,1610612758,SAC,Kings,240:00,98,-12,Sacramento,kings,37,85,0.435,8,33,0.242,16,21,0.762,8,32,40,23,10,2,11,20,1610612758,SAC,Sacramento Kings,1610612750,MIN,Minnesota Timberwolves
0022300400,2023-12-23,2023-24,regular_season,road,False,1610612750,MIN,Timberwolves,240:00,110,12,Minnesota,timberwolves,44,87,0.506,10,33,0.303,12,14,0.857,7,36,43,31,9,5,12,18,1610612758,SAC,Sacramento Kings,1610612750,MIN,Minnesota Timberwolves
0022300401,2023-12-25,2023-24,regular_season,home,False,1610612752,NYK,Knicks,240:00,129,7,New York,knicks,50,92,0.543,8,26,0.308,21,26,0.808,7,34,41,27,7,4,11,18,1610612752,NYK,New York Knicks,1610612749,MIL,Milwaukee Bucks
0022300401,2023-12-25,2023-24,regular_season,road,False,1610612749,MIL,Bucks,240:00,122,-7,Milwaukee,bucks,45,95,0.474,13,42,0.31,19,24,0.792,17,27,44,26,7,4,11,23,1610612752,NYK,New York Knicks,1610612749,MIL,Milwaukee Bucks
0022300402,2023-12-25,2023-24,regular_season,home,False,1610612743,DEN,Nuggets,240:00,120,6,Denver,nuggets,40,82,0.488,14,34,0.412,26,32,0.813,10,33,43,25,6,4,14,17,1610612743,DEN,Denver Nuggets,1610612744,GSW,Golden State Warriors
0022300402,2023-12-25,2023-24,regular_season,road,False,1610612744,GSW,Warriors,240:00,114,-6,Golden State,warriors,40,87,0.46,14,40,0.35,20,23,0.87,9,30,39,23,7,3,13,23,1610612743,DEN,Denver Nuggets,1610612744,GSW,Golden State Warriors
0022300403,2023-12-25,2023-24,regular_season,home,False,1610612747,LAL,Lakers,240:00,115,-11,Los Angeles,lakers,43,90,0.478,13,32,0.406,16,21,0.762,13,30,43,24,4,1,12,19,1610612747,LAL,Los Angeles Lakers,1610612738,BOS,Boston Celtics
0022300403,2023-12-25,2023-24,regular_season,road,False,1610612738,BOS,Celtics,240:00,126,11,Boston,celtics,46,91,0.505,13,42,0.31,21,28,0.75,11,33,44,31,8,7,8,17,1610612747,LAL,Los Angeles Lakers,1610612738,BOS,Boston Celtics
0022300404,2023-12-25,2023-24,regular_season,home,False,1610612748,MIA,Heat,240:00,119,6,Miami,heat,40,84,0.476,12,32,0.375,27,35,0.771,13,43,56,27,5,7,14,17,1610612748,MIA,Miami Heat,1610612755,PHI,Philadelphia 76ers
0022300404,2023-12-25,2023-24,regular_season,road,False,1610612755,PHI,76ers,240:00,113,-6,Philadelphia,sixers,40,94,0.426,17,45,0.378,16,25,0.64,5,31,36,23,11,4,7,22,1610612748,MIA,Miami Heat,1610612755,PHI,Philadelphia 76ers
0022300405,2023-12-25,2023-24,regular_season,home,False,1610612756,PHX,Suns,240:00,114,-14,Phoenix,suns,40,90,0.444,14,41,0.341,20,25,0.8,14,33,47,28,5,2,15,21,1610612756,PHX,Phoenix Suns,1610612742,DAL,Dallas Mavericks
0022300405,2023-12-25,2023-24,regular_season,road,False,1610612742,DAL,Mavericks,240:00,128,14,Dallas,mavericks,45,84,0.536,16,44,0.364,22,30,0.733,8,30,38,28,7,6,11,20,1610612756,PHX,Phoenix Suns,1610612742,DAL,Dallas Mavericks
0022300406,2023-12-26,2023-24,regular_season,home,False,1610612765,DET,Pistons,240:00,112,-6,Detroit,pistons,40,90,0.444,9,25,0.36,23,32,0.719,16,36,52,20,6,4,13,27,1610612765,DET,Detroit Pistons,1610612751,BKN,Brooklyn Nets
0022300406,2023-12-26,2023-24,regular_season,road,False,1610612751,BKN,Nets,240:00,118,6,Brooklyn,nets,41,82,0.5,9,22,0.409,27,43,0.628,7,35,42,22,6,7,9,22,1610612765,DET,Detroit Pistons,1610612751,BKN,Brooklyn Nets
0022300407,2023-12-26,2023-24,regular_season,home,False,1610612764,WAS,Wizards,240:00,119,-8,Washington,wizards,43,87,0.494,16,42,0.381,17,21,0.81,10,37,47,27,10,8,20,21,1610612764,WAS,Washington Wizards,1610612753,ORL,Orlando Magic
0022300407,2023-12-26,2023-24,regular_season,road,False,1610612753,ORL,Magic,240:00,127,8,Orlando,magic,49,93,0.527,12,26,0.462,17,25,0.68,7,33,40,30,11,5,16,16,1610612764,WAS,Washington Wizards,1610612753,ORL,Orlando Magic
0022300408,2023-12-26,2023-24,regular_season,home,False,1610612741,CHI,Bulls,240:00,118,5,Chicago,bulls,42,92,0.457,7,25,0.28,27,31,0.871,18,30,48,23,10,2,8,17,1610612741,CHI,Chicago Bulls,1610612737,ATL,Atlanta Hawks
0022300408,2023-12-26,2023-24,regular_season,road,False,1610612737,ATL,Hawks,240:00,113,-5,Atlanta,hawks,41,89,0.461,13,45,0.289,18,21,0.857,12,28,40,24,6,3,15,21,1610612741,CHI,Chicago Bulls,1610612737,ATL,Atlanta Hawks
0022300409,2023-12-26,2023-24,regular_season,home,False,1610612745,HOU,Rockets,240:00,117,-6,Houston,rockets,47,97,0.485,5,24,0.208,18,22,0.818,15,29,44,19,15,2,10,16,1610612745,HOU,Houston Rockets,1610612754,IND,Indiana Pacers
0022300409,2023-12-26,2023-24,regular_season,road,False,1610612754,IND,Pacers,240:00,123,6,Indiana,pacers,43,82,0.524,19,43,0.442,18,21,0.857,10,35,45,28,5,7,20,22,1610612745,HOU,Houston Rockets,1610612754,IND,Indiana Pacers
0022300410,2023-12-26,2023-24,regular_season,home,False,1610612740,NOP,Pelicans,265:00,115,-1,New Orleans,pelicans,42,97,0.433,10,31,0.323,21,33,0.636,10,36,46,18,12,6,14,26,1610612740,NOP,New Orleans Pelicans,1610612763,MEM,Memphis Grizzlies
0022300410,2023-12-26,2023-24,regular_season,road,False,1610612763,MEM,Grizzlies,265:00,116,1,Memphis,grizzlies,39,90,0.433,11,46,0.239,27,32,0.844,8,42,50,24,10,17,17,24,1610612740,NOP,New Orleans Pelicans,1610612763,MEM,Memphis Grizzlies
0022300411,2023-12-26,2023-24,regular_season,home,False,1610612760,OKC,Thunder,240:00,129,23,Oklahoma City,thunder,49,81,0.605,18,39,0.462,13,16,0.813,3,26,29,35,9,7,11,24,1610612760,OKC,Oklahoma City Thunder,1610612750,MIN,Minnesota Timberwolves
0022300411,2023-12-26,2023-24,regular_season,road,False,1610612750,MIN,Timberwolves,240:00,106,-23,Minnesota,timberwolves,34,73,0.466,12,27,0.444,26,32,0.813,8,26,34,22,8,1,21,16,1610612760,OKC,Oklahoma City Thunder,1610612750,MIN,Minnesota Timberwolves
0022300412,2023-12-26,2023-24,regular_season,home,False,1610612759,SAS,Spurs,240:00,118,-12,San Antonio,spurs,44,98,0.449,16,35,0.457,14,21,0.667,13,30,43,36,8,8,9,18,1610612759,SAS,San Antonio Spurs,1610612762,UTA,Utah Jazz
0022300412,2023-12-26,2023-24,regular_season,road,False,1610612762,UTA,Jazz,240:00,130,12,Utah,jazz,47,95,0.495,16,43,0.372,20,22,0.909,13,40,53,34,4,7,14,21,1610612759,SAS,San Antonio Spurs,1610612762,UTA,Utah Jazz
0022300413,2023-12-26,2023-24,regular_season,home,False,1610612757,POR,Trail Blazers,240:00,130,17,Portland,blazers,49,98,0.5,16,40,0.4,16,20,0.8,16,30,46,28,5,5,7,17,1610612757,POR,Portland Trail Blazers,1610612758,SAC,Sacramento Kings
0022300413,2023-12-26,2023-24,regular_season,road,False,1610612758,SAC,Kings,240:00,113,-17,Sacramento,kings,45,93,0.484,10,42,0.238,13,16,0.813,11,29,40,25,5,7,10,16,1610612757,POR,Portland Trail Blazers,1610612758,SAC,Sacramento Kings
0022300414,2023-12-26,2023-24,regular_season,home,False,1610612746,LAC,Clippers,240:00,113,9,LA,clippers,40,85,0.471,14,34,0.412,19,25,0.76,11,34,45,24,7,3,13,14,1610612746,LAC,LA Clippers,1610612766,CHA,Charlotte Hornets
0022300414,2023-12-26,2023-24,regular_season,road,False,1610612766,CHA,Hornets,240:00,104,-9,Charlotte,hornets,43,93,0.462,6,29,0.207,12,16,0.75,8,34,42,31,8,6,11,23,1610612746,LAC,LA Clippers,1610612766,CHA,Charlotte Hornets
0022300415,2023-12-27,2023-24,regular_season,home,False,1610612753,ORL,Magic,240:00,92,-20,Orlando,magic,31,79,0.392,9,33,0.273,21,24,0.875,9,34,43,17,5,11,16,18,1610612753,ORL,Orlando Magic,1610612755,PHI,Philadelphia 76ers
0022300415,2023-12-27,2023-24,regular_season,road,False,1610612755,PHI,76ers,240:00,112,20,Philadelphia,sixers,45,96,0.469,10,28,0.357,12,17,0.706,12,36,48,14,10,8,10,19,1610612753,ORL,Orlando Magic,1610612755,PHI,Philadelphia 76ers
0022300416,2023-12-27,2023-24,regular_season,home,False,1610612764,WAS,Wizards,240:00,102,-30,Washington,wizards,42,90,0.467,8,33,0.242,10,15,0.667,10,24,34,25,11,3,16,17,1610612764,WAS,Washington Wizards,1610612761,TOR,Toronto Raptors
0022300416,2023-12-27,2023-24,regular_season,road,False,1610612761,TOR,Raptors,240:00,132,30,Toronto,raptors,52,91,0.571,15,38,0.395,13,19,0.684,14,39,53,43,12,5,17,18,1610612764,WAS,Washington Wizards,1610612761,TOR,Toronto Raptors
0022300417,2023-12-27,2023-24,regular_season,home,False,1610612751,BKN,Nets,240:00,122,-22,Brooklyn,nets,45,101,0.446,7,32,0.219,25,29,0.862,17,30,47,29,7,2,9,17,1610612751,BKN,Brooklyn Nets,1610612749,MIL,Milwaukee Bucks
0022300417,2023-12-27,2023-24,regular_season,road,False,1610612749,MIL,Bucks,240:00,144,22,Milwaukee,bucks,52,89,0.584,23,51,0.451,17,23,0.739,8,33,41,41,6,8,10,18,1610612751,BKN,Brooklyn Nets,1610612749,MIL,Milwaukee Bucks
0022300418,2023-12-27,2023-24,regular_season,home,False,1610612745,HOU,Rockets,240:00,113,-16,Houston,rockets,40,96,0.417,17,41,0.415,16,22,0.727,9,24,33,20,11,3,9,21,1610612745,HOU,Houston Rockets,1610612756,PHX,Phoenix Suns
0022300418,2023-12-27,2023-24,regular_season,road,False,1610612756,PHX,Suns,240:00,129,16,Phoenix,suns,47,82,0.573,14,33,0.424,21,26,0.808,8,36,44,28,4,11,19,17,1610612745,HOU,Houston Rockets,1610612756,PHX,Phoenix Suns
0022300419,2023-12-27,2023-24,regular_season,home,False,1610612760,OKC,Thunder,240:00,129,9,Oklahoma City,thunder,49,90,0.544,14,32,0.438,17,22,0.773,3,24,27,20,6,10,4,21,1610612760,OKC,Oklahoma City Thunder,1610612752,NYK,New York Knicks
0022300419,2023-12-27,2023-24,regular_season,road,False,1610612752,NYK,Knicks,240:00,120,-9,New York,knicks,41,82,0.5,14,34,0.412,24,30,0.8,9,31,40,24,2,2,18,21,1610612760,OKC,Oklahoma City Thunder,1610612752,NYK,New York Knicks
0022300420,2023-12-27,2023-24,regular_season,home,False,1610612742,DAL,Mavericks,240:00,110,-3,Dallas,mavericks,39,88,0.443,10,37,0.27,22,26,0.846,7,30,37,21,12,7,10,21,1610612742,DAL,Dallas Mavericks,1610612739,CLE,Cleveland Cavaliers
0022300420,2023-12-27,2023-24,regular_season,road,False,1610612739,CLE,Cavaliers,240:00,113,3,Cleveland,cavaliers,40,92,0.435,17,43,0.395,16,23,0.696,18,39,57,33,7,4,16,21,1610612742,DAL,Dallas Mavericks,1610612739,CLE,Cleveland Cavaliers
0022300421,2023-12-28,2023-24,regular_season,home,False,1610612738,BOS,Celtics,265:00,128,6,Boston,celtics,48,99,0.485,11,39,0.282,21,25,0.84,11,32,43,25,10,4,12,15,1610612738,BOS,Boston Celtics,1610612765,DET,Detroit Pistons
0022300421,2023-12-28,2023-24,regular_season,road,False,1610612765,DET,Pistons,265:00,122,-6,Detroit,pistons,48,101,0.475,14,43,0.326,12,19,0.632,19,38,57,27,7,4,18,21,1610612738,BOS,Boston Celtics,1610612765,DET,Detroit Pistons
0022300422,2023-12-28,2023-24,regular_season,home,False,1610612741,CHI,Bulls,240:00,104,-16,Chicago,bulls,40,97,0.412,7,27,0.259,17,22,0.773,13,34,47,19,7,4,7,20,1610612741,CHI,Chicago Bulls,1610612754,IND,Indiana Pacers
0022300422,2023-12-28,2023-24,regular_season,road,False,1610612754,IND,Pacers,240:00,120,16,Indiana,pacers,43,85,0.506,19,42,0.452,15,22,0.682,6,41,47,30,6,9,13,21,1610612741,CHI,Chicago Bulls,1610612754,IND,Indiana Pacers
0022300423,2023-12-28,2023-24,regular_season,home,False,1610612750,MIN,Timberwolves,240:00,118,8,Minnesota,timberwolves,38,74,0.514,17,33,0.515,25,34,0.735,6,32,38,23,9,10,22,21,1610612750,MIN,Minnesota Timberwolves,1610612742,DAL,Dallas Mavericks
0022300423,2023-12-28,2023-24,regular_season,road,False,1610612742,DAL,Mavericks,240:00,110,-8,Dallas,mavericks,40,90,0.444,14,33,0.424,16,19,0.842,13,26,39,29,9,3,16,27,1610612750,MIN,Minnesota Timberwolves,1610612742,DAL,Dallas Mavericks
0022300424,2023-12-28,2023-24,regular_season,home,False,1610612740,NOP,Pelicans,240:00,112,7,New Orleans,pelicans,45,82,0.549,10,27,0.37,12,15,0.8,6,29,35,27,10,7,14,19,1610612740,NOP,New Orleans Pelicans,1610612762,UTA,Utah Jazz
0022300424,2023-12-28,2023-24,regular_season,road,False,1610612762,UTA,Jazz,240:00,105,-7,Utah,jazz,36,85,0.424,12,39,0.308,21,25,0.84,17,25,42,27,5,3,18,15,1610612740,NOP,New Orleans Pelicans,1610612762,UTA,Utah Jazz
0022300425,2023-12-28,2023-24,regular_season,home,False,1610612743,DEN,Nuggets,240:00,142,37,Denver,nuggets,55,96,0.573,20,41,0.488,12,14,0.857,12,41,53,43,6,7,11,19,1610612743,DEN,Denver Nuggets,1610612763,MEM,Memphis Grizzlies
0022300425,2023-12-28,2023-24,regular_season,road,False,1610612763,MEM,Grizzlies,240:00,105,-37,Memphis,grizzlies,37,89,0.416,13,35,0.371,18,25,0.72,11,25,36,23,8,5,11,13,1610612743,DEN,Denver Nuggets,1610612763,MEM,Memphis Grizzlies
0022300426,2023-12-28,2023-24,regular_season,home,False,1610612744,GSW,Warriors,240:00,102,-12,Golden State,warriors,37,88,0.42,8,33,0.242,20,25,0.8,12,31,43,27,4,7,13,19,1610612744,GSW,Golden State Warriors,1610612748,MIA,Miami Heat
0022300426,2023-12-28,2023-24,regular_season,road,False,1610612748,MIA,Heat,240:00,114,12,Miami,heat,44,91,0.484,10,31,0.323,16,22,0.727,10,34,44,26,6,1,7,19,1610612744,GSW,Golden State Warriors,1610612748,MIA,Miami Heat
0022300427,2023-12-28,2023-24,regular_season,home,False,1610612757,POR,Trail Blazers,240:00,105,-13,Portland,blazers,35,101,0.347,11,36,0.306,24,32,0.75,22,35,57,16,6,4,13,22,1610612757,POR,Portland Trail Blazers,1610612759,SAS,San Antonio Spurs
0022300427,2023-12-28,2023-24,regular_season,road,False,1610612759,SAS,Spurs,240:00,118,13,San Antonio,spurs,41,85,0.482,10,36,0.278,26,28,0.929,7,35,42,33,9,10,11,20,1610612757,POR,Portland Trail Blazers,1610612759,SAS,San Antonio Spurs
0022300428,2023-12-28,2023-24,regular_season,home,False,1610612747,LAL,Lakers,240:00,133,21,Los Angeles,lakers,52,97,0.536,15,30,0.5,14,14,1.0,5,37,42,41,11,7,11,21,1610612747,LAL,Los Angeles Lakers,1610612766,CHA,Charlotte Hornets
0022300428,2023-12-28,2023-24,regular_season,road,False,1610612766,CHA,Hornets,240:00,112,-21,Charlotte,hornets,40,85,0.471,15,33,0.455,17,28,0.607,8,35,43,29,5,5,19,14,1610612747,LAL,Los Angeles Lakers,1610612766,CHA,Charlotte Hornets
0022300429,2023-12-29,2023-24,regular_season,home,False,1610612753,ORL,Magic,240:00,117,9,Orlando,magic,40,89,0.449,7,33,0.212,30,40,0.75,14,35,49,24,10,6,15,20,1610612753,ORL,Orlando Magic,1610612752,NYK,New York Knicks
0022300429,2023-12-29,2023-24,regular_season,road,False,1610612752,NYK,Knicks,240:00,108,-9,New York,knicks,38,86,0.442,6,30,0.2,26,29,0.897,6,34,40,22,8,4,16,30,1610612753,ORL,Orlando Magic,1610612752,NYK,New York Knicks
0022300430,2023-12-29,2023-24,regular_season,home,False,1610612764,WAS,Wizards,240:00,110,6,Washington,wizards,46,91,0.505,15,38,0.395,3,7,0.429,8,35,43,28,5,5,6,19,1610612764,WAS,Washington Wizards,1610612751,BKN,Brooklyn Nets
0022300430,2023-12-29,2023-24,regular_season,road,False,1610612751,BKN,Nets,240:00,104,-6,Brooklyn,nets,39,91,0.429,9,28,0.321,17,27,0.63,18,36,54,24,5,4,10,13,1610612764,WAS,Washington Wizards,1610612751,BKN,Brooklyn Nets
0022300431,2023-12-29,2023-24,regular_season,home,False,1610612737,ATL,Hawks,240:00,110,-7,Atlanta,hawks,37,94,0.394,15,43,0.349,21,25,0.84,18,33,51,29,9,4,15,16,1610612737,ATL,Atlanta Hawks,1610612758,SAC,Sacramento Kings
0022300431,2023-12-29,2023-24,regular_season,road,False,1610612758,SAC,Kings,240:00,117,7,Sacramento,kings,46,89,0.517,17,45,0.378,8,15,0.533,5,33,38,35,9,3,12,20,1610612737,ATL,Atlanta Hawks,1610612758,SAC,Sacramento Kings
0022300432,2023-12-29,2023-24,regular_season,home,False,1610612738,BOS,Celtics,240:00,120,2,Boston,celtics,43,88,0.489,17,39,0.436,17,20,0.85,13,39,52,29,3,6,16,17,1610612738,BOS,Boston Celtics,1610612761,TOR,Toronto Raptors
0022300432,2023-12-29,2023-24,regular_season,road,False,1610612761,TOR,Raptors,240:00,118,-2,Toronto,raptors,44,95,0.463,17,44,0.386,13,20,0.65,9,29,38,29,10,6,4,15,1610612738,BOS,Boston Celtics,1610612761,TOR,Toronto Raptors
0022300433,2023-12-29,2023-24,regular_season,home,False,1610612739,CLE,Cavaliers,240:00,111,-8,Cleveland,cavaliers,49,103,0.476,6,43,0.14,7,9,0.778,7,30,37,28,11,7,8,20,1610612739,CLE,Cleveland Cavaliers,1610612749,MIL,Milwaukee Bucks
0022300433,2023-12-29,2023-24,regular_season,road,False,1610612749,MIL,Bucks,240:00,119,8,Milwaukee,bucks,41,80,0.513,12,29,0.414,25,28,0.893,7,36,43,26,5,6,17,15,1610612739,CLE,Cleveland Cavaliers,1610612749,MIL,Milwaukee Bucks
0022300434,2023-12-29,2023-24,regular_season,home,False,1610612745,HOU,Rockets,240:00,127,-4,Houston,rockets,49,91,0.538,14,30,0.467,15,21,0.714,14,28,42,30,8,6,16,24,1610612745,HOU,Houston Rockets,1610612755,PHI,Philadelphia 76ers
0022300434,2023-12-29,2023-24,regular_season,road,False,1610612755,PHI,76ers,240:00,131,4,Philadelphia,sixers,45,86,0.523,12,33,0.364,29,33,0.879,11,19,30,22,10,5,10,21,1610612745,HOU,Houston Rockets,1610612755,PHI,Philadelphia 76ers
0022300435,2023-12-29,2023-24,regular_season,home,False,1610612743,DEN,Nuggets,240:00,93,-26,Denver,nuggets,36,85,0.424,10,37,0.27,11,15,0.733,5,31,36,30,6,5,16,17,1610612743,DEN,Denver Nuggets,1610612760,OKC,Oklahoma City Thunder
0022300435,2023-12-29,2023-24,regular_season,road,False,1610612760,OKC,Thunder,240:00,119,26,Oklahoma City,thunder,46,91,0.505,12,35,0.343,15,16,0.938,10,41,51,29,10,8,11,20,1610612743,DEN,Denver Nuggets,1610612760,OKC,Oklahoma City Thunder
0022300436,2023-12-29,2023-24,regular_season,home,False,1610612756,PHX,Suns,240:00,133,14,Phoenix,suns,46,74,0.622,18,30,0.6,23,24,0.958,6,33,39,34,3,11,14,14,1610612756,PHX,Phoenix Suns,1610612766,CHA,Charlotte Hornets
0022300436,2023-12-29,2023-24,regular_season,road,False,1610612766,CHA,Hornets,240:00,119,-14,Charlotte,hornets,44,92,0.478,23,46,0.5,8,8,1.0,8,18,26,32,5,3,6,17,1610612756,PHX,Phoenix Suns,1610612766,CHA,Charlotte Hornets
0022300437,2023-12-29,2023-24,regular_season,home,False,1610612757,POR,Trail Blazers,240:00,134,6,Portland,blazers,48,95,0.505,16,27,0.593,22,27,0.815,16,27,43,28,8,6,14,19,1610612757,POR,Portland Trail Blazers,1610612759,SAS,San Antonio Spurs
0022300437,2023-12-29,2023-24,regular_season,road,False,1610612759,SAS,Spurs,240:00,128,-6,San Antonio,spurs,48,94,0.511,14,33,0.424,18,25,0.72,13,29,42,31,9,3,14,19,1610612757,POR,Portland Trail Blazers,1610612759,SAS,San Antonio Spurs
0022300438,2023-12-29,2023-24,regular_season,home,False,1610612746,LAC,Clippers,240:00,117,11,LA,clippers,43,87,0.494,11,39,0.282,20,25,0.8,11,43,54,28,3,6,17,19,1610612746,LAC,LA Clippers,1610612763,MEM,Memphis Grizzlies
0022300438,2023-12-29,2023-24,regular_season,road,False,1610612763,MEM,Grizzlies,240:00,106,-11,Memphis,grizzlies,38,87,0.437,13,40,0.325,17,20,0.85,3,30,33,29,10,4,12,22,1610612746,LAC,LA Clippers,1610612763,MEM,Memphis Grizzlies
0022300439,2023-12-30,2023-24,regular_season,home,False,1610612762,UTA,Jazz,240:00,117,8,Utah,jazz,43,93,0.462,11,41,0.268,20,28,0.714,9,34,43,29,8,6,10,25,1610612762,UTA,Utah Jazz,1610612748,MIA,Miami Heat
0022300439,2023-12-30,2023-24,regular_season,road,False,1610612748,MIA,Heat,240:00,109,-8,Miami,heat,34,78,0.436,9,31,0.29,32,40,0.8,8,38,46,20,8,8,16,24,1610612762,UTA,Utah Jazz,1610612748,MIA,Miami Heat
0022300440,2023-12-30,2023-24,regular_season,home,False,1610612765,DET,Pistons,240:00,129,2,Detroit,pistons,41,82,0.5,12,28,0.429,35,40,0.875,6,35,41,29,4,4,11,22,1610612765,DET,Detroit Pistons,1610612761,TOR,Toronto Raptors
0022300440,2023-12-30,2023-24,regular_season,road,False,1610612761,TOR,Raptors,240:00,127,-2,Toronto,raptors,46,91,0.505,12,24,0.5,23,28,0.821,6,27,33,26,9,5,7,27,1610612765,DET,Detroit Pistons,1610612761,TOR,Toronto Raptors
0022300441,2023-12-30,2023-24,regular_season,home,False,1610612754,IND,Pacers,240:00,140,14,Indiana,pacers,50,85,0.588,23,43,0.535,17,21,0.81,7,27,34,40,6,7,16,18,1610612754,IND,Indiana Pacers,1610612752,NYK,New York Knicks
0022300441,2023-12-30,2023-24,regular_season,road,False,1610612752,NYK,Knicks,240:00,126,-14,New York,knicks,45,95,0.474,17,37,0.459,19,27,0.704,15,27,42,24,12,2,13,19,1610612754,IND,Indiana Pacers,1610612752,NYK,New York Knicks
0022300442,2023-12-30,2023-24,regular_season,home,False,1610612741,CHI,Bulls,240:00,105,13,Chicago,bulls,40,79,0.506,7,25,0.28,18,30,0.6,12,41,53,21,5,5,16,15,1610612741,CHI,Chicago Bulls,1610612755,PHI,Philadelphia 76ers
0022300442,2023-12-30,2023-24,regular_season,road,False,1610612755,PHI,76ers,240:00,92,-13,Philadelphia,sixers,36,92,0.391,9,38,0.237,11,15,0.733,12,24,36,24,12,5,7,22,1610612741,CHI,Chicago Bulls,1610612755,PHI,Philadelphia 76ers
0022300443,2023-12-30,2023-24,regular_season,home,False,1610612750,MIN,Timberwolves,240:00,108,2,Minnesota,timberwolves,38,76,0.5,12,34,0.353,20,24,0.833,7,38,45,24,8,8,19,26,1610612750,MIN,Minnesota Timberwolves,1610612747,LAL,Los Angeles Lakers
0022300443,2023-12-30,2023-24,regular_season,road,False,1610612747,LAL,Lakers,240:00,106,-2,Los Angeles,lakers,37,88,0.42,7,24,0.292,25,32,0.781,8,31,39,23,12,4,10,15,1610612750,MIN,Minnesota Timberwolves,1610612747,LAL,Los Angeles Lakers
0022300444,2023-12-30,2023-24,regular_season,home,False,1610612744,GSW,Warriors,240:00,122,-10,Golden State,warriors,47,103,0.456,19,48,0.396,9,13,0.692,16,31,47,32,8,3,10,21,1610612744,GSW,Golden State Warriors,1610612742,DAL,Dallas Mavericks
0022300444,2023-12-30,2023-24,regular_season,road,False,1610612742,DAL,Mavericks,240:00,132,10,Dallas,mavericks,49,88,0.557,16,40,0.4,18,22,0.818,6,37,43,25,5,2,9,14,1610612744,GSW,Golden State Warriors,1610612742,DAL,Dallas Mavericks
0022300445,2023-12-31,2023-24,regular_season,home,False,1610612764,WAS,Wizards,240:00,126,-4,Washington,wizards,46,98,0.469,17,53,0.321,17,21,0.81,6,36,42,35,5,9,9,21,1610612764,WAS,Washington Wizards,1610612737,ATL,Atlanta Hawks
0022300445,2023-12-31,2023-24,regular_season,road,False,1610612737,ATL,Hawks,240:00,130,4,Atlanta,hawks,47,95,0.495,12,32,0.375,24,37,0.649,12,46,58,27,5,3,12,18,1610612764,WAS,Washington Wizards,1610612737,ATL,Atlanta Hawks
0022300446,2023-12-31,2023-24,regular_season,home,False,1610612740,NOP,Pelicans,240:00,129,20,New Orleans,pelicans,45,87,0.517,17,34,0.5,22,27,0.815,12,35,47,33,9,6,11,22,1610612740,NOP,New Orleans Pelicans,1610612747,LAL,Los Angeles Lakers
0022300446,2023-12-31,2023-24,regular_season,road,False,1610612747,LAL,Lakers,240:00,109,-20,Los Angeles,lakers,39,82,0.476,10,32,0.313,21,25,0.84,4,31,35,26,8,10,13,15,1610612740,NOP,New Orleans Pelicans,1610612747,LAL,Los Angeles Lakers
0022300447,2023-12-31,2023-24,regular_season,home,False,1610612760,OKC,Thunder,240:00,124,16,Oklahoma City,thunder,45,83,0.542,18,33,0.545,16,20,0.8,5,41,46,31,1,6,13,24,1610612760,OKC,Oklahoma City Thunder,1610612751,BKN,Brooklyn Nets
0022300447,2023-12-31,2023-24,regular_season,road,False,1610612751,BKN,Nets,240:00,108,-16,Brooklyn,nets,38,100,0.38,12,46,0.261,20,31,0.645,17,30,47,26,9,2,6,21,1610612760,OKC,Oklahoma City Thunder,1610612751,BKN,Brooklyn Nets
0022300448,2023-12-31,2023-24,regular_season,home,False,1610612759,SAS,Spurs,240:00,101,-33,San Antonio,spurs,40,94,0.426,12,45,0.267,9,12,0.75,9,30,39,28,6,1,12,17,1610612759,SAS,San Antonio Spurs,1610612738,BOS,Boston Celtics
0022300448,2023-12-31,2023-24,regular_season,road,False,1610612738,BOS,Celtics,240:00,134,33,Boston,celtics,51,95,0.537,15,42,0.357,17,22,0.773,13,44,57,29,6,7,10,12,1610612759,SAS,San Antonio Spurs,1610612738,BOS,Boston Celtics
0022300449,2023-12-31,2023-24,regular_season,home,False,1610612763,MEM,Grizzlies,240:00,92,-31,Memphis,grizzlies,30,82,0.366,12,40,0.3,20,28,0.714,1,33,34,20,4,1,8,14,1610612763,MEM,Memphis Grizzlies,1610612758,SAC,Sacramento Kings
0022300449,2023-12-31,2023-24,regular_season,road,False,1610612758,SAC,Kings,240:00,123,31,Sacramento,kings,47,92,0.511,16,33,0.485,13,17,0.765,9,50,59,28,2,4,12,22,1610612763,MEM,Memphis Grizzlies,1610612758,SAC,Sacramento Kings
0022300450,2023-12-31,2023-24,regular_season,home,False,1610612756,PHX,Suns,240:00,112,5,Phoenix,suns,44,88,0.5,8,27,0.296,16,19,0.842,6,29,35,21,11,4,6,17,1610612756,PHX,Phoenix Suns,1610612753,ORL,Orlando Magic
0022300450,2023-12-31,2023-24,regular_season,road,False,1610612753,ORL,Magic,240:00,107,-5,Orlando,magic,42,90,0.467,12,37,0.324,11,12,0.917,8,37,45,22,2,4,15,18,1610612756,PHX,Phoenix Suns,1610612753,ORL,Orlando Magic
0022300451,2024-01-01,2023-24,regular_season,home,False,1610612752,NYK,Knicks,240:00,112,6,New York,knicks,39,89,0.438,12,34,0.353,22,28,0.786,16,33,49,23,7,4,13,24,1610612752,NYK,New York Knicks,1610612750,MIN,Minnesota Timberwolves
0022300451,2024-01-01,2023-24,regular_season,road,False,1610612750,MIN,Timberwolves,240:00,106,-6,Minnesota,timberwolves,36,76,0.474,11,28,0.393,23,29,0.793,4,30,34,19,6,4,13,22,1610612752,NYK,New York Knicks,1610612750,MIN,Minnesota Timberwolves
0022300452,2024-01-01,2023-24,regular_season,home,False,1610612761,TOR,Raptors,240:00,124,3,Toronto,raptors,42,87,0.483,11,30,0.367,29,40,0.725,10,37,47,25,5,4,11,22,1610612761,TOR,Toronto Raptors,1610612739,CLE,Cleveland Cavaliers
0022300452,2024-01-01,2023-24,regular_season,road,False,1610612739,CLE,Cavaliers,240:00,121,-3,Cleveland,cavaliers,43,89,0.483,12,36,0.333,23,26,0.885,6,37,43,25,9,2,9,29,1610612761,TOR,Toronto Raptors,1610612739,CLE,Cleveland Cavaliers
0022300453,2024-01-01,2023-24,regular_season,home,False,1610612745,HOU,Rockets,240:00,136,23,Houston,rockets,51,91,0.56,15,35,0.429,19,24,0.792,6,33,39,34,11,1,9,19,1610612745,HOU,Houston Rockets,1610612765,DET,Detroit Pistons
0022300453,2024-01-01,2023-24,regular_season,road,False,1610612765,DET,Pistons,240:00,113,-23,Detroit,pistons,40,83,0.482,13,29,0.448,20,27,0.741,10,27,37,27,3,4,17,21,1610612745,HOU,Houston Rockets,1610612765,DET,Detroit Pistons
0022300454,2024-01-01,2023-24,regular_season,home,False,1610612749,MIL,Bucks,240:00,113,-9,Milwaukee,bucks,41,93,0.441,10,40,0.25,21,26,0.808,8,38,46,27,4,8,11,26,1610612749,MIL,Milwaukee Bucks,1610612754,IND,Indiana Pacers
0022300454,2024-01-01,2023-24,regular_season,road,False,1610612754,IND,Pacers,240:00,122,9,Indiana,pacers,43,97,0.443,5,35,0.143,31,38,0.816,14,38,52,23,7,5,7,24,1610612749,MIL,Milwaukee Bucks,1610612754,IND,Indiana Pacers
0022300455,2024-01-01,2023-24,regular_season,home,False,1610612743,DEN,Nuggets,240:00,111,18,Denver,nuggets,41,83,0.494,15,38,0.395,14,18,0.778,4,40,44,27,9,9,10,15,1610612743,DEN,Denver Nuggets,1610612766,CHA,Charlotte Hornets
0022300455,2024-01-01,2023-24,regular_season,road,False,1610612766,CHA,Hornets,240:00,93,-18,Charlotte,hornets,36,86,0.419,10,26,0.385,11,16,0.688,8,37,45,24,4,5,12,15,1610612743,DEN,Denver Nuggets,1610612766,CHA,Charlotte Hornets
0022300456,2024-01-01,2023-24,regular_season,home,False,1610612756,PHX,Suns,240:00,109,21,Phoenix,suns,38,80,0.475,11,29,0.379,22,33,0.667,9,38,47,24,10,5,16,20,1610612756,PHX,Phoenix Suns,1610612757,POR,Portland Trail Blazers
0022300456,2024-01-01,2023-24,regular_season,road,False,1610612757,POR,Trail Blazers,240:00,88,-21,Portland,blazers,33,80,0.413,8,30,0.267,14,19,0.737,6,30,36,21,6,10,18,19,1610612756,PHX,Phoenix Suns,1610612757,POR,Portland Trail Blazers
0022300457,2024-01-01,2023-24,regular_season,home,False,1610612762,UTA,Jazz,240:00,127,37,Utah,jazz,49,96,0.51,12,44,0.273,17,18,0.944,7,46,53,37,9,6,12,15,1610612762,UTA,Utah Jazz,1610612742,DAL,Dallas Mavericks
0022300457,2024-01-01,2023-24,regular_season,road,False,1610612742,DAL,Mavericks,240:00,90,-37,Dallas,mavericks,37,93,0.398,11,40,0.275,5,10,0.5,8,33,41,28,6,5,16,15,1610612762,UTA,Utah Jazz,1610612742,DAL,Dallas Mavericks
0022300458,2024-01-01,2023-24,regular_season,home,False,1610612746,LAC,Clippers,240:00,121,17,LA,clippers,47,80,0.588,14,29,0.483,13,14,0.929,6,31,37,25,10,3,15,20,1610612746,LAC,LA Clippers,1610612748,MIA,Miami Heat
0022300458,2024-01-01,2023-24,regular_season,road,False,1610612748,MIA,Heat,240:00,104,-17,Miami,heat,35,83,0.422,11,34,0.324,23,29,0.793,12,23,35,24,7,3,13,17,1610612746,LAC,LA Clippers,1610612748,MIA,Miami Heat
0022300459,2024-01-02,2023-24,regular_season,home,False,1610612755,PHI,76ers,240:00,110,13,Philadelphia,sixers,38,80,0.475,12,30,0.4,22,30,0.733,6,37,43,28,9,6,17,22,1610612755,PHI,Philadelphia 76ers,1610612741,CHI,Chicago Bulls
0022300459,2024-01-02,2023-24,regular_season,road,False,1610612741,CHI,Bulls,240:00,97,-13,Chicago,bulls,37,96,0.385,7,37,0.189,16,23,0.696,19,32,51,17,9,7,18,21,1610612755,PHI,Philadelphia 76ers,1610612741,CHI,Chicago Bulls
0022300460,2024-01-02,2023-24,regular_season,home,False,1610612763,MEM,Grizzlies,240:00,106,8,Memphis,grizzlies,37,80,0.463,12,38,0.316,20,25,0.8,8,38,46,24,5,8,15,23,1610612763,MEM,Memphis Grizzlies,1610612759,SAS,San Antonio Spurs
0022300460,2024-01-02,2023-24,regular_season,road,False,1610612759,SAS,Spurs,240:00,98,-8,San Antonio,spurs,36,85,0.424,10,31,0.323,16,23,0.696,6,34,40,21,6,8,14,24,1610612763,MEM,Memphis Grizzlies,1610612759,SAS,San Antonio Spurs
0022300461,2024-01-02,2023-24,regular_season,home,False,1610612740,NOP,Pelicans,240:00,112,27,New Orleans,pelicans,41,88,0.466,16,39,0.41,14,18,0.778,17,36,53,23,10,9,16,12,1610612740,NOP,New Orleans Pelicans,1610612751,BKN,Brooklyn Nets
0022300461,2024-01-02,2023-24,regular_season,road,False,1610612751,BKN,Nets,240:00,85,-27,Brooklyn,nets,35,98,0.357,11,43,0.256,4,8,0.5,18,25,43,26,7,4,12,13,1610612740,NOP,New Orleans Pelicans,1610612751,BKN,Brooklyn Nets
0022300462,2024-01-02,2023-24,regular_season,home,False,1610612760,OKC,Thunder,240:00,127,4,Oklahoma City,thunder,48,91,0.527,18,40,0.45,13,17,0.765,10,28,38,34,7,10,10,22,1610612760,OKC,Oklahoma City Thunder,1610612738,BOS,Boston Celtics
0022300462,2024-01-02,2023-24,regular_season,road,False,1610612738,BOS,Celtics,240:00,123,-4,Boston,celtics,42,92,0.457,15,40,0.375,24,29,0.828,17,30,47,33,7,10,14,15,1610612760,OKC,Oklahoma City Thunder,1610612738,BOS,Boston Celtics
0022300463,2024-01-02,2023-24,regular_season,home,False,1610612744,GSW,Warriors,240:00,121,6,Golden State,warriors,42,78,0.538,13,35,0.371,24,37,0.649,9,27,36,23,9,6,12,19,1610612744,GSW,Golden State Warriors,1610612753,ORL,Orlando Magic
0022300463,2024-01-02,2023-24,regular_season,road,False,1610612753,ORL,Magic,240:00,115,-6,Orlando,magic,41,92,0.446,14,36,0.389,19,23,0.826,16,25,41,19,8,4,17,24,1610612744,GSW,Golden State Warriors,1610612753,ORL,Orlando Magic
0022300464,2024-01-02,2023-24,regular_season,home,False,1610612758,SAC,Kings,240:00,104,-7,Sacramento,kings,40,92,0.435,14,36,0.389,10,17,0.588,15,33,48,23,8,2,20,23,1610612758,SAC,Sacramento Kings,1610612766,CHA,Charlotte Hornets
0022300464,2024-01-02,2023-24,regular_season,road,False,1610612766,CHA,Hornets,240:00,111,7,Charlotte,hornets,42,82,0.512,12,34,0.353,15,19,0.789,4,31,35,23,8,10,14,15,1610612758,SAC,Sacramento Kings,1610612766,CHA,Charlotte Hornets
0022300465,2024-01-03,2023-24,regular_season,home,False,1610612739,CLE,Cavaliers,240:00,140,39,Cleveland,cavaliers,54,101,0.535,20,42,0.476,12,16,0.75,18,44,62,37,5,8,8,13,1610612739,CLE,Cleveland Cavaliers,1610612764,WAS,Washington Wizards
0022300465,2024-01-03,2023-24,regular_season,road,False,1610612764,WAS,Wizards,240:00,101,-39,Washington,wizards,42,101,0.416,12,35,0.343,5,11,0.455,12,24,36,22,8,5,8,14,1610612739,CLE,Cleveland Cavaliers,1610612764,WAS,Washington Wizards
0022300466,2024-01-03,2023-24,regular_season,home,False,1610612754,IND,Pacers,240:00,142,12,Indiana,pacers,50,90,0.556,14,35,0.4,28,34,0.824,7,37,44,34,7,5,10,27,1610612754,IND,Indiana Pacers,1610612749,MIL,Milwaukee Bucks
0022300466,2024-01-03,2023-24,regular_season,road,False,1610612749,MIL,Bucks,240:00,130,-12,Milwaukee,bucks,46,92,0.5,14,37,0.378,24,32,0.75,10,32,42,30,6,4,13,25,1610612754,IND,Indiana Pacers,1610612749,MIL,Milwaukee Bucks
0022300467,2024-01-03,2023-24,regular_season,home,False,1610612737,ATL,Hawks,240:00,141,3,Atlanta,hawks,48,95,0.505,14,39,0.359,31,33,0.939,15,34,49,30,8,5,11,21,1610612737,ATL,Atlanta Hawks,1610612760,OKC,Oklahoma City Thunder
0022300467,2024-01-03,2023-24,regular_season,road,False,1610612760,OKC,Thunder,240:00,138,-3,Oklahoma City,thunder,50,91,0.549,18,36,0.5,20,26,0.769,9,28,37,30,10,1,13,23,1610612737,ATL,Atlanta Hawks,1610612760,OKC,Oklahoma City Thunder
0022300468,2024-01-03,2023-24,regular_season,home,False,1610612752,NYK,Knicks,240:00,116,16,New York,knicks,46,89,0.517,15,38,0.395,9,11,0.818,13,39,52,29,6,7,15,17,1610612752,NYK,New York Knicks,1610612741,CHI,Chicago Bulls
0022300468,2024-01-03,2023-24,regular_season,road,False,1610612741,CHI,Bulls,240:00,100,-16,Chicago,bulls,37,89,0.416,13,32,0.406,13,16,0.813,11,28,39,24,9,7,11,17,1610612752,NYK,New York Knicks,1610612741,CHI,Chicago Bulls
0022300469,2024-01-03,2023-24,regular_season,home,False,1610612745,HOU,Rockets,240:00,112,11,Houston,rockets,37,76,0.487,19,39,0.487,19,27,0.704,5,43,48,27,5,4,16,19,1610612745,HOU,Houston Rockets,1610612751,BKN,Brooklyn Nets
0022300469,2024-01-03,2023-24,regular_season,road,False,1610612751,BKN,Nets,240:00,101,-11,Brooklyn,nets,36,93,0.387,13,44,0.295,16,26,0.615,15,35,50,25,11,6,8,19,1610612745,HOU,Houston Rockets,1610612751,BKN,Brooklyn Nets
0022300470,2024-01-03,2023-24,regular_season,home,False,1610612763,MEM,Grizzlies,240:00,111,-5,Memphis,grizzlies,40,94,0.426,15,42,0.357,16,19,0.842,9,34,43,25,7,5,10,19,1610612763,MEM,Memphis Grizzlies,1610612761,TOR,Toronto Raptors
0022300470,2024-01-03,2023-24,regular_season,road,False,1610612761,TOR,Raptors,240:00,116,5,Toronto,raptors,41,85,0.482,12,26,0.462,22,27,0.815,7,39,46,25,5,6,12,20,1610612763,MEM,Memphis Grizzlies,1610612761,TOR,Toronto Raptors
0022300471,2024-01-03,2023-24,regular_season,home,False,1610612750,MIN,Timberwolves,240:00,106,-11,Minnesota,timberwolves,37,82,0.451,10,31,0.323,22,27,0.815,8,20,28,26,7,6,11,13,1610612750,MIN,Minnesota Timberwolves,1610612740,NOP,New Orleans Pelicans
0022300471,2024-01-03,2023-24,regular_season,road,False,1610612740,NOP,Pelicans,240:00,117,11,New Orleans,pelicans,45,81,0.556,12,26,0.462,15,17,0.882,9,32,41,30,7,5,12,24,1610612750,MIN,Minnesota Timberwolves,1610612740,NOP,New Orleans Pelicans
0022300472,2024-01-03,2023-24,regular_season,home,False,1610612742,DAL,Mavericks,240:00,126,29,Dallas,mavericks,42,84,0.5,13,30,0.433,29,41,0.707,7,36,43,25,12,7,11,18,1610612742,DAL,Dallas Mavericks,1610612757,POR,Portland Trail Blazers
0022300472,2024-01-03,2023-24,regular_season,road,False,1610612757,POR,Trail Blazers,240:00,97,-29,Portland,blazers,34,87,0.391,13,40,0.325,16,22,0.727,10,36,46,23,4,3,22,34,1610612742,DAL,Dallas Mavericks,1610612757,POR,Portland Trail Blazers
0022300473,2024-01-03,2023-24,regular_season,home,False,1610612756,PHX,Suns,240:00,122,-9,Phoenix,suns,42,79,0.532,15,35,0.429,23,26,0.885,10,22,32,23,9,2,16,23,1610612756,PHX,Phoenix Suns,1610612746,LAC,LA Clippers
0022300473,2024-01-03,2023-24,regular_season,road,False,1610612746,LAC,Clippers,240:00,131,9,LA,clippers,42,76,0.553,18,34,0.529,29,32,0.906,10,26,36,25,9,5,12,18,1610612756,PHX,Phoenix Suns,1610612746,LAC,LA Clippers
0022300474,2024-01-03,2023-24,regular_season,home,False,1610612762,UTA,Jazz,265:00,154,6,Utah,jazz,53,103,0.515,16,32,0.5,32,35,0.914,15,28,43,28,11,8,12,22,1610612762,UTA,Utah Jazz,1610612765,DET,Detroit Pistons
0022300474,2024-01-03,2023-24,regular_season,road,False,1610612765,DET,Pistons,265:00,148,-6,Detroit,pistons,56,105,0.533,19,41,0.463,17,22,0.773,16,32,48,33,5,3,17,27,1610612762,UTA,Utah Jazz,1610612765,DET,Detroit Pistons
0022300475,2024-01-03,2023-24,regular_season,home,False,1610612747,LAL,Lakers,240:00,96,-14,Los Angeles,lakers,35,83,0.422,4,30,0.133,22,24,0.917,9,41,50,29,3,6,21,14,1610612747,LAL,Los Angeles Lakers,1610612748,MIA,Miami Heat
0022300475,2024-01-03,2023-24,regular_season,road,False,1610612748,MIA,Heat,240:00,110,14,Miami,heat,41,93,0.441,16,42,0.381,12,17,0.706,7,32,39,30,14,3,8,23,1610612747,LAL,Los Angeles Lakers,1610612748,MIA,Miami Heat
0022300476,2024-01-03,2023-24,regular_season,home,False,1610612758,SAC,Kings,290:00,138,3,Sacramento,kings,51,105,0.486,15,40,0.375,21,31,0.677,18,40,58,36,9,3,17,21,1610612758,SAC,Sacramento Kings,1610612753,ORL,Orlando Magic
0022300476,2024-01-03,2023-24,regular_season,road,False,1610612753,ORL,Magic,290:00,135,-3,Orlando,magic,44,90,0.489,25,44,0.568,22,27,0.815,7,32,39,33,10,7,20,30,1610612758,SAC,Sacramento Kings,1610612753,ORL,Orlando Magic
0022300477,2024-01-04,2023-24,regular_season,home,False,1610612759,SAS,Spurs,240:00,121,-4,San Antonio,spurs,46,95,0.484,14,40,0.35,15,17,0.882,10,32,42,31,10,8,11,16,1610612759,SAS,San Antonio Spurs,1610612749,MIL,Milwaukee Bucks
0022300477,2024-01-04,2023-24,regular_season,road,False,1610612749,MIL,Bucks,240:00,125,4,Milwaukee,bucks,49,92,0.533,12,34,0.353,15,19,0.789,8,34,42,27,5,5,14,16,1610612759,SAS,San Antonio Spurs,1610612749,MIL,Milwaukee Bucks
0022300478,2024-01-04,2023-24,regular_season,home,False,1610612744,GSW,Warriors,240:00,127,-3,Golden State,warriors,49,90,0.544,15,36,0.417,14,16,0.875,9,24,33,35,4,3,8,20,1610612744,GSW,Golden State Warriors,1610612743,DEN,Denver Nuggets
0022300478,2024-01-04,2023-24,regular_season,road,False,1610612743,DEN,Nuggets,240:00,130,3,Denver,nuggets,48,85,0.565,9,26,0.346,25,29,0.862,11,25,36,28,7,4,7,15,1610612744,GSW,Golden State Warriors,1610612743,DEN,Denver Nuggets
0022300479,2024-01-05,2023-24,regular_season,home,False,1610612738,BOS,Celtics,240:00,126,29,Boston,celtics,39,90,0.433,17,49,0.347,31,36,0.861,9,47,56,24,9,8,12,23,1610612738,BOS,Boston Celtics,1610612762,UTA,Utah Jazz
0022300479,2024-01-05,2023-24,regular_season,road,False,1610612762,UTA,Jazz,240:00,97,-29,Utah,jazz,34,94,0.362,6,34,0.176,23,34,0.676,16,41,57,23,11,2,18,24,1610612738,BOS,Boston Celtics,1610612762,UTA,Utah Jazz
0022300480,2024-01-05,2023-24,regular_season,home,False,1610612754,IND,Pacers,240:00,150,34,Indiana,pacers,60,94,0.638,19,39,0.487,11,13,0.846,8,31,39,50,12,3,14,24,1610612754,IND,Indiana Pacers,1610612737,ATL,Atlanta Hawks
0022300480,2024-01-05,2023-24,regular_season,road,False,1610612737,ATL,Hawks,240:00,116,-34,Atlanta,hawks,40,93,0.43,10,42,0.238,26,30,0.867,14,25,39,21,6,3,14,11,1610612754,IND,Indiana Pacers,1610612737,ATL,Atlanta Hawks
0022300481,2024-01-05,2023-24,regular_season,home,False,1610612751,BKN,Nets,240:00,124,9,Brooklyn,nets,41,91,0.451,14,39,0.359,28,33,0.848,20,31,51,25,9,3,15,24,1610612751,BKN,Brooklyn Nets,1610612760,OKC,Oklahoma City Thunder
0022300481,2024-01-05,2023-24,regular_season,road,False,1610612760,OKC,Thunder,240:00,115,-9,Oklahoma City,thunder,45,84,0.536,9,31,0.29,16,24,0.667,7,29,36,29,8,5,13,26,1610612751,BKN,Brooklyn Nets,1610612760,OKC,Oklahoma City Thunder
0022300482,2024-01-05,2023-24,regular_season,home,False,1610612739,CLE,Cavaliers,240:00,114,24,Cleveland,cavaliers,41,77,0.532,16,33,0.485,16,23,0.696,12,40,52,31,9,1,23,19,1610612739,CLE,Cleveland Cavaliers,1610612764,WAS,Washington Wizards
0022300482,2024-01-05,2023-24,regular_season,road,False,1610612764,WAS,Wizards,240:00,90,-24,Washington,wizards,35,84,0.417,9,30,0.3,11,15,0.733,7,24,31,19,12,8,16,19,1610612739,CLE,Cleveland Cavaliers,1610612764,WAS,Washington Wizards
0022300483,2024-01-05,2023-24,regular_season,home,False,1610612755,PHI,76ers,240:00,92,-36,Philadelphia,sixers,33,81,0.407,6,23,0.261,20,27,0.741,8,30,38,22,8,9,14,18,1610612755,PHI,Philadelphia 76ers,1610612752,NYK,New York Knicks
0022300483,2024-01-05,2023-24,regular_season,road,False,1610612752,NYK,Knicks,240:00,128,36,New York,knicks,43,89,0.483,18,41,0.439,24,25,0.96,10,39,49,27,7,7,11,22,1610612755,PHI,Philadelphia 76ers,1610612752,NYK,New York Knicks
0022300484,2024-01-05,2023-24,regular_season,home,False,1610612741,CHI,Bulls,240:00,104,13,Chicago,bulls,40,74,0.541,10,28,0.357,14,17,0.824,4,37,41,29,7,6,14,17,1610612741,CHI,Chicago Bulls,1610612766,CHA,Charlotte Hornets
0022300484,2024-01-05,2023-24,regular_season,road,False,1610612766,CHA,Hornets,240:00,91,-13,Charlotte,hornets,36,89,0.404,10,34,0.294,9,12,0.75,12,30,42,20,7,1,11,20,1610612741,CHI,Chicago Bulls,1610612766,CHA,Charlotte Hornets
0022300485,2024-01-05,2023-24,regular_season,home,False,1610612745,HOU,Rockets,240:00,95,-27,Houston,rockets,36,90,0.4,12,32,0.375,11,15,0.733,7,31,38,18,7,2,15,15,1610612745,HOU,Houston Rockets,1610612750,MIN,Minnesota Timberwolves
0022300485,2024-01-05,2023-24,regular_season,road,False,1610612750,MIN,Timberwolves,240:00,122,27,Minnesota,timberwolves,46,88,0.523,14,33,0.424,16,20,0.8,9,43,52,31,12,7,14,18,1610612745,HOU,Houston Rockets,1610612750,MIN,Minnesota Timberwolves
0022300486,2024-01-05,2023-24,regular_season,home,False,1610612740,NOP,Pelicans,240:00,95,-16,New Orleans,pelicans,33,92,0.359,12,29,0.414,17,23,0.739,14,29,43,22,9,5,9,17,1610612740,NOP,New Orleans Pelicans,1610612746,LAC,LA Clippers
0022300486,2024-01-05,2023-24,regular_season,road,False,1610612746,LAC,Clippers,240:00,111,16,LA,clippers,40,82,0.488,15,36,0.417,16,20,0.8,10,40,50,28,6,7,14,18,1610612740,NOP,New Orleans Pelicans,1610612746,LAC,LA Clippers
0022300487,2024-01-05,2023-24,regular_season,home,False,1610612742,DAL,Mavericks,240:00,139,36,Dallas,mavericks,56,96,0.583,17,38,0.447,10,15,0.667,10,42,52,35,11,8,17,21,1610612742,DAL,Dallas Mavericks,1610612757,POR,Portland Trail Blazers
0022300487,2024-01-05,2023-24,regular_season,road,False,1610612757,POR,Trail Blazers,240:00,103,-36,Portland,blazers,39,95,0.411,13,40,0.325,12,17,0.706,10,32,42,27,9,3,18,15,1610612742,DAL,Dallas Mavericks,1610612757,POR,Portland Trail Blazers
0022300488,2024-01-05,2023-24,regular_season,home,False,1610612743,DEN,Nuggets,240:00,120,-2,Denver,nuggets,48,95,0.505,9,33,0.273,15,19,0.789,9,29,38,28,8,1,13,23,1610612743,DEN,Denver Nuggets,1610612753,ORL,Orlando Magic
0022300488,2024-01-05,2023-24,regular_season,road,False,1610612753,ORL,Magic,240:00,122,2,Orlando,magic,41,82,0.5,17,36,0.472,23,34,0.676,11,29,40,25,9,3,14,20,1610612743,DEN,Denver Nuggets,1610612753,ORL,Orlando Magic
0022300489,2024-01-05,2023-24,regular_season,home,False,1610612756,PHX,Suns,240:00,113,16,Phoenix,suns,44,87,0.506,14,35,0.4,11,17,0.647,9,35,44,30,13,5,9,18,1610612756,PHX,Phoenix Suns,1610612748,MIA,Miami Heat
0022300489,2024-01-05,2023-24,regular_season,road,False,1610612748,MIA,Heat,240:00,97,-16,Miami,heat,34,83,0.41,10,37,0.27,19,22,0.864,11,33,44,26,5,2,15,21,1610612756,PHX,Phoenix Suns,1610612748,MIA,Miami Heat
0022300490,2024-01-05,2023-24,regular_season,home,False,1610612744,GSW,Warriors,240:00,113,4,Golden State,warriors,38,82,0.463,16,38,0.421,21,25,0.84,7,38,45,24,3,5,16,18,1610612744,GSW,Golden State Warriors,1610612765,DET,Detroit Pistons
0022300490,2024-01-05,2023-24,regular_season,road,False,1610612765,DET,Pistons,240:00,109,-4,Detroit,pistons,44,98,0.449,13,44,0.295,8,10,0.8,10,30,40,25,8,9,11,23,1610612744,GSW,Golden State Warriors,1610612765,DET,Detroit Pistons
0022300491,2024-01-05,2023-24,regular_season,home,False,1610612747,LAL,Lakers,240:00,113,-14,Los Angeles,lakers,42,85,0.494,10,28,0.357,19,27,0.704,8,27,35,26,13,3,13,14,1610612747,LAL,Los Angeles Lakers,1610612763,MEM,Memphis Grizzlies
0022300491,2024-01-05,2023-24,regular_season,road,False,1610612763,MEM,Grizzlies,240:00,127,14,Memphis,grizzlies,44,82,0.537,23,45,0.511,16,20,0.8,6,38,44,33,8,4,17,20,1610612747,LAL,Los Angeles Lakers,1610612763,MEM,Memphis Grizzlies
0022300492,2024-01-05,2023-24,regular_season,home,False,1610612758,SAC,Kings,240:00,135,5,Sacramento,kings,52,100,0.52,21,38,0.553,10,15,0.667,11,31,42,35,4,1,14,23,1610612758,SAC,Sacramento Kings,1610612761,TOR,Toronto Raptors
0022300492,2024-01-05,2023-24,regular_season,road,False,1610612761,TOR,Raptors,240:00,130,-5,Toronto,raptors,47,87,0.54,13,37,0.351,23,27,0.852,8,29,37,31,5,10,14,20,1610612758,SAC,Sacramento Kings,1610612761,TOR,Toronto Raptors
0022300493,2024-01-06,2023-24,regular_season,home,False,1610612754,IND,Pacers,240:00,101,-17,Indiana,pacers,38,92,0.413,8,42,0.19,17,22,0.773,10,28,38,23,12,2,9,18,1610612754,IND,Indiana Pacers,1610612738,BOS,Boston Celtics
0022300493,2024-01-06,2023-24,regular_season,road,False,1610612738,BOS,Celtics,240:00,118,17,Boston,celtics,46,90,0.511,16,41,0.39,10,19,0.526,13,43,56,26,6,6,17,20,1610612754,IND,Indiana Pacers,1610612738,BOS,Boston Celtics
0022300494,2024-01-06,2023-24,regular_season,home,False,1610612764,WAS,Wizards,240:00,105,-16,Washington,wizards,40,85,0.471,13,37,0.351,12,20,0.6,12,33,45,33,5,3,20,20,1610612764,WAS,Washington Wizards,1610612752,NYK,New York Knicks
0022300494,2024-01-06,2023-24,regular_season,road,False,1610612752,NYK,Knicks,240:00,121,16,New York,knicks,43,87,0.494,14,36,0.389,21,24,0.875,11,34,45,27,9,2,14,16,1610612764,WAS,Washington Wizards,1610612752,NYK,New York Knicks
0022300495,2024-01-06,2023-24,regular_season,home,False,1610612755,PHI,76ers,240:00,109,-11,Philadelphia,sixers,42,104,0.404,7,38,0.184,18,23,0.783,15,19,34,30,12,6,6,20,1610612755,PHI,Philadelphia 76ers,1610612762,UTA,Utah Jazz
0022300495,2024-01-06,2023-24,regular_season,road,False,1610612762,UTA,Jazz,240:00,120,11,Utah,jazz,46,80,0.575,8,30,0.267,20,24,0.833,9,39,48,30,4,4,23,18,1610612755,PHI,Philadelphia 76ers,1610612762,UTA,Utah Jazz
0022300496,2024-01-06,2023-24,regular_season,home,False,1610612745,HOU,Rockets,240:00,112,4,Houston,rockets,36,83,0.434,13,34,0.382,27,32,0.844,7,39,46,22,7,2,10,24,1610612745,HOU,Houston Rockets,1610612749,MIL,Milwaukee Bucks
0022300496,2024-01-06,2023-24,regular_season,road,False,1610612749,MIL,Bucks,240:00,108,-4,Milwaukee,bucks,35,76,0.461,9,34,0.265,29,42,0.69,4,37,41,20,7,4,11,24,1610612745,HOU,Houston Rockets,1610612749,MIL,Milwaukee Bucks
0022300497,2024-01-07,2023-24,regular_season,home,False,1610612739,CLE,Cavaliers,240:00,117,2,Cleveland,cavaliers,43,88,0.489,16,43,0.372,15,21,0.714,12,32,44,27,6,3,16,16,1610612739,CLE,Cleveland Cavaliers,1610612759,SAS,San Antonio Spurs
0022300497,2024-01-07,2023-24,regular_season,road,False,1610612759,SAS,Spurs,240:00,115,-2,San Antonio,spurs,41,86,0.477,14,37,0.378,19,22,0.864,8,32,40,22,10,6,11,18,1610612739,CLE,Cleveland Cavaliers,1610612759,SAS,San Antonio Spurs
0022300498,2024-01-07,2023-24,regular_season,home,False,1610612751,BKN,Nets,265:00,127,-7,Brooklyn,nets,46,91,0.505,14,37,0.378,21,25,0.84,9,35,44,29,7,7,15,25,1610612751,BKN,Brooklyn Nets,1610612757,POR,Portland Trail Blazers
0022300498,2024-01-07,2023-24,regular_season,road,False,1610612757,POR,Trail Blazers,265:00,134,7,Portland,blazers,45,95,0.474,20,38,0.526,24,30,0.8,9,29,38,21,5,5,9,20,1610612751,BKN,Brooklyn Nets,1610612757,POR,Portland Trail Blazers
0022300499,2024-01-07,2023-24,regular_season,home,False,1610612753,ORL,Magic,265:00,117,7,Orlando,magic,43,98,0.439,17,41,0.415,14,22,0.636,13,44,57,25,8,3,11,24,1610612753,ORL,Orlando Magic,1610612737,ATL,Atlanta Hawks
0022300499,2024-01-07,2023-24,regular_season,road,False,1610612737,ATL,Hawks,265:00,110,-7,Atlanta,hawks,42,91,0.462,9,30,0.3,17,29,0.586,8,42,50,21,9,10,12,23,1610612753,ORL,Orlando Magic,1610612737,ATL,Atlanta Hawks
0022300500,2024-01-07,2023-24,regular_season,home,False,1610612758,SAC,Kings,240:00,100,-33,Sacramento,kings,38,91,0.418,15,45,0.333,9,12,0.75,8,17,25,28,9,2,9,12,1610612758,SAC,Sacramento Kings,1610612740,NOP,New Orleans Pelicans
0022300500,2024-01-07,2023-24,regular_season,road,False,1610612740,NOP,Pelicans,240:00,133,33,New Orleans,pelicans,50,82,0.61,19,35,0.543,14,16,0.875,9,42,51,35,2,9,16,14,1610612758,SAC,Sacramento Kings,1610612740,NOP,New Orleans Pelicans
0022300501,2024-01-07,2023-24,regular_season,home,False,1610612742,DAL,Mavericks,240:00,115,7,Dallas,mavericks,43,95,0.453,15,40,0.375,14,20,0.7,15,29,44,20,7,8,11,19,1610612742,DAL,Dallas Mavericks,1610612750,MIN,Minnesota Timberwolves
0022300501,2024-01-07,2023-24,regular_season,road,False,1610612750,MIN,Timberwolves,240:00,108,-7,Minnesota,timberwolves,41,94,0.436,13,41,0.317,13,21,0.619,18,33,51,22,6,4,13,22,1610612742,DAL,Dallas Mavericks,1610612750,MIN,Minnesota Timberwolves
0022300502,2024-01-07,2023-24,regular_season,home,False,1610612743,DEN,Nuggets,240:00,131,17,Denver,nuggets,47,80,0.588,10,27,0.37,27,31,0.871,6,32,38,35,6,10,12,23,1610612743,DEN,Denver Nuggets,1610612765,DET,Detroit Pistons
0022300502,2024-01-07,2023-24,regular_season,road,False,1610612765,DET,Pistons,240:00,114,-17,Detroit,pistons,42,89,0.472,9,24,0.375,21,30,0.7,13,24,37,28,6,0,11,20,1610612743,DEN,Denver Nuggets,1610612765,DET,Detroit Pistons
0022300503,2024-01-07,2023-24,regular_season,home,False,1610612756,PHX,Suns,240:00,115,-6,Phoenix,suns,46,102,0.451,8,28,0.286,15,22,0.682,16,34,50,29,5,6,12,27,1610612756,PHX,Phoenix Suns,1610612763,MEM,Memphis Grizzlies
0022300503,2024-01-07,2023-24,regular_season,road,False,1610612763,MEM,Grizzlies,240:00,121,6,Memphis,grizzlies,43,97,0.443,17,49,0.347,18,24,0.75,15,39,54,29,7,8,17,24,1610612756,PHX,Phoenix Suns,1610612763,MEM,Memphis Grizzlies
0022300504,2024-01-07,2023-24,regular_season,home,False,1610612744,GSW,Warriors,240:00,118,-15,Golden State,warriors,45,100,0.45,14,46,0.304,14,15,0.933,15,28,43,30,5,4,10,11,1610612744,GSW,Golden State Warriors,1610612761,TOR,Toronto Raptors
0022300504,2024-01-07,2023-24,regular_season,road,False,1610612761,TOR,Raptors,240:00,133,15,Toronto,raptors,55,94,0.585,15,33,0.455,8,14,0.571,9,36,45,38,7,6,7,14,1610612744,GSW,Golden State Warriors,1610612761,TOR,Toronto Raptors
0022300505,2024-01-07,2023-24,regular_season,home,False,1610612747,LAL,Lakers,240:00,106,3,Los Angeles,lakers,42,82,0.512,11,29,0.379,11,16,0.688,8,32,40,23,9,6,19,11,1610612747,LAL,Los Angeles Lakers,1610612746,LAC,LA Clippers
0022300505,2024-01-07,2023-24,regular_season,road,False,1610612746,LAC,Clippers,240:00,103,-3,LA,clippers,36,91,0.396,14,37,0.378,17,19,0.895,13,27,40,21,12,5,14,19,1610612747,LAL,Los Angeles Lakers,1610612746,LAC,LA Clippers
0022300506,2024-01-08,2023-24,regular_season,home,False,1610612766,CHA,Hornets,265:00,112,-7,Charlotte,hornets,40,94,0.426,17,42,0.405,15,17,0.882,14,30,44,26,3,7,12,22,1610612766,CHA,Charlotte Hornets,1610612741,CHI,Chicago Bulls
0022300506,2024-01-08,2023-24,regular_season,road,False,1610612741,CHI,Bulls,265:00,119,7,Chicago,bulls,45,92,0.489,9,26,0.346,20,24,0.833,12,39,51,27,7,7,13,18,1610612766,CHA,Charlotte Hornets,1610612741,CHI,Chicago Bulls
0022300507,2024-01-08,2023-24,regular_season,home,False,1610612754,IND,Pacers,240:00,133,2,Indiana,pacers,48,91,0.527,19,40,0.475,18,22,0.818,9,30,39,29,6,7,13,23,1610612754,IND,Indiana Pacers,1610612738,BOS,Boston Celtics
0022300507,2024-01-08,2023-24,regular_season,road,False,1610612738,BOS,Celtics,240:00,131,-2,Boston,celtics,47,90,0.522,17,35,0.486,20,29,0.69,13,29,42,26,3,8,15,20,1610612754,IND,Indiana Pacers,1610612738,BOS,Boston Celtics
0022300508,2024-01-08,2023-24,regular_season,home,False,1610612764,WAS,Wizards,240:00,128,-8,Washington,wizards,44,89,0.494,15,32,0.469,25,29,0.862,12,26,38,32,7,5,14,23,1610612764,WAS,Washington Wizards,1610612760,OKC,Oklahoma City Thunder
0022300508,2024-01-08,2023-24,regular_season,road,False,1610612760,OKC,Thunder,240:00,136,8,Oklahoma City,thunder,52,88,0.591,14,28,0.5,18,24,0.75,10,30,40,37,11,7,14,21,1610612764,WAS,Washington Wizards,1610612760,OKC,Oklahoma City Thunder
0022300509,2024-01-08,2023-24,regular_season,home,False,1610612748,MIA,Heat,240:00,120,7,Miami,heat,41,82,0.5,15,36,0.417,23,32,0.719,10,35,45,30,6,5,11,21,1610612748,MIA,Miami Heat,1610612745,HOU,Houston Rockets
0022300509,2024-01-08,2023-24,regular_season,road,False,1610612745,HOU,Rockets,240:00,113,-7,Houston,rockets,37,88,0.42,14,41,0.341,25,28,0.893,12,30,42,20,8,4,12,31,1610612748,MIA,Miami Heat,1610612745,HOU,Houston Rockets
0022300510,2024-01-08,2023-24,regular_season,home,False,1610612749,MIL,Bucks,240:00,116,-16,Milwaukee,bucks,42,94,0.447,17,36,0.472,15,19,0.789,11,27,38,31,6,6,9,20,1610612749,MIL,Milwaukee Bucks,1610612762,UTA,Utah Jazz
0022300510,2024-01-08,2023-24,regular_season,road,False,1610612762,UTA,Jazz,240:00,132,16,Utah,jazz,47,90,0.522,20,44,0.455,18,22,0.818,10,37,47,33,6,8,10,15,1610612749,MIL,Milwaukee Bucks,1610612762,UTA,Utah Jazz
0022300511,2024-01-08,2023-24,regular_season,home,False,1610612746,LAC,Clippers,240:00,138,27,LA,clippers,53,85,0.624,15,29,0.517,17,23,0.739,11,33,44,32,11,3,12,21,1610612746,LAC,LA Clippers,1610612756,PHX,Phoenix Suns
0022300511,2024-01-08,2023-24,regular_season,road,False,1610612756,PHX,Suns,240:00,111,-27,Phoenix,suns,38,77,0.494,10,30,0.333,25,29,0.862,5,20,25,17,6,4,14,20,1610612746,LAC,LA Clippers,1610612756,PHX,Phoenix Suns
0022300512,2024-01-09,2023-24,regular_season,home,False,1610612765,DET,Pistons,240:00,110,-21,Detroit,pistons,40,85,0.471,14,37,0.378,16,21,0.762,13,27,40,27,12,2,21,19,1610612765,DET,Detroit Pistons,1610612758,SAC,Sacramento Kings
0022300512,2024-01-09,2023-24,regular_season,road,False,1610612758,SAC,Kings,240:00,131,21,Sacramento,kings,54,94,0.574,13,33,0.394,10,14,0.714,10,34,44,39,8,6,17,21,1610612765,DET,Detroit Pistons,1610612758,SAC,Sacramento Kings
0022300513,2024-01-09,2023-24,regular_season,home,False,1610612753,ORL,Magic,240:00,92,-21,Orlando,magic,34,94,0.362,13,42,0.31,11,18,0.611,16,30,46,20,13,5,12,22,1610612753,ORL,Orlando Magic,1610612750,MIN,Minnesota Timberwolves
0022300513,2024-01-09,2023-24,regular_season,road,False,1610612750,MIN,Timberwolves,240:00,113,21,Minnesota,timberwolves,43,80,0.538,12,30,0.4,15,19,0.789,5,43,48,34,8,4,18,18,1610612753,ORL,Orlando Magic,1610612750,MIN,Minnesota Timberwolves
0022300514,2024-01-09,2023-24,regular_season,home,False,1610612752,NYK,Knicks,240:00,112,28,New York,knicks,37,89,0.416,18,48,0.375,20,23,0.87,15,40,55,26,11,4,14,16,1610612752,NYK,New York Knicks,1610612757,POR,Portland Trail Blazers
0022300514,2024-01-09,2023-24,regular_season,road,False,1610612757,POR,Trail Blazers,240:00,84,-28,Portland,blazers,33,86,0.384,6,29,0.207,12,18,0.667,12,31,43,19,8,7,15,17,1610612752,NYK,New York Knicks,1610612757,POR,Portland Trail Blazers
0022300515,2024-01-09,2023-24,regular_season,home,False,1610612742,DAL,Mavericks,240:00,103,-17,Dallas,mavericks,36,82,0.439,9,27,0.333,22,27,0.815,8,25,33,20,9,4,12,17,1610612742,DAL,Dallas Mavericks,1610612763,MEM,Memphis Grizzlies
0022300515,2024-01-09,2023-24,regular_season,road,False,1610612763,MEM,Grizzlies,240:00,120,17,Memphis,grizzlies,44,91,0.484,14,37,0.378,18,21,0.857,18,36,54,27,7,3,16,18,1610612742,DAL,Dallas Mavericks,1610612763,MEM,Memphis Grizzlies
0022300516,2024-01-09,2023-24,regular_season,home,False,1610612747,LAL,Lakers,240:00,132,1,Los Angeles,lakers,44,81,0.543,16,36,0.444,28,36,0.778,5,34,39,34,6,4,15,16,1610612747,LAL,Los Angeles Lakers,1610612761,TOR,Toronto Raptors
0022300516,2024-01-09,2023-24,regular_season,road,False,1610612761,TOR,Raptors,240:00,131,-1,Toronto,raptors,53,94,0.564,17,35,0.486,8,13,0.615,5,32,37,34,8,4,12,26,1610612747,LAL,Los Angeles Lakers,1610612761,TOR,Toronto Raptors
0022300517,2024-01-10,2023-24,regular_season,home,False,1610612738,BOS,Celtics,265:00,127,7,Boston,celtics,39,90,0.433,19,47,0.404,30,31,0.968,7,39,46,21,5,4,8,19,1610612738,BOS,Boston Celtics,1610612750,MIN,Minnesota Timberwolves
0022300517,2024-01-10,2023-24,regular_season,road,False,1610612750,MIN,Timberwolves,265:00,120,-7,Minnesota,timberwolves,44,95,0.463,14,34,0.412,18,20,0.9,8,39,47,22,4,6,9,27,1610612738,BOS,Boston Celtics,1610612750,MIN,Minnesota Timberwolves
0022300518,2024-01-10,2023-24,regular_season,home,False,1610612766,CHA,Hornets,240:00,98,-25,Charlotte,hornets,35,87,0.402,16,38,0.421,12,16,0.75,8,28,36,17,2,3,8,16,1610612766,CHA,Charlotte Hornets,1610612758,SAC,Sacramento Kings
0022300518,2024-01-10,2023-24,regular_season,road,False,1610612758,SAC,Kings,240:00,123,25,Sacramento,kings,46,89,0.517,13,35,0.371,18,23,0.783,14,39,53,24,2,8,9,15,1610612766,CHA,Charlotte Hornets,1610612758,SAC,Sacramento Kings
0022300519,2024-01-10,2023-24,regular_season,home,False,1610612765,DET,Pistons,240:00,108,-22,Detroit,pistons,44,96,0.458,10,32,0.313,10,13,0.769,9,34,43,33,4,3,10,19,1610612765,DET,Detroit Pistons,1610612759,SAS,San Antonio Spurs
0022300519,2024-01-10,2023-24,regular_season,road,False,1610612759,SAS,Spurs,240:00,130,22,San Antonio,spurs,49,94,0.521,9,27,0.333,23,27,0.852,10,36,46,36,7,4,5,15,1610612765,DET,Detroit Pistons,1610612759,SAS,San Antonio Spurs
0022300520,2024-01-10,2023-24,regular_season,home,False,1610612754,IND,Pacers,240:00,112,8,Indiana,pacers,41,92,0.446,8,25,0.32,22,24,0.917,14,40,54,31,7,6,13,22,1610612754,IND,Indiana Pacers,1610612764,WAS,Washington Wizards
0022300520,2024-01-10,2023-24,regular_season,road,False,1610612764,WAS,Wizards,240:00,104,-8,Washington,wizards,38,88,0.432,7,31,0.226,21,30,0.7,13,33,46,24,8,8,13,23,1610612754,IND,Indiana Pacers,1610612764,WAS,Washington Wizards
0022300521,2024-01-10,2023-24,regular_season,home,False,1610612737,ATL,Hawks,265:00,139,7,Atlanta,hawks,48,102,0.471,12,34,0.353,31,42,0.738,16,39,55,32,6,8,12,21,1610612737,ATL,Atlanta Hawks,1610612755,PHI,Philadelphia 76ers
0022300521,2024-01-10,2023-24,regular_season,road,False,1610612755,PHI,76ers,265:00,132,-7,Philadelphia,sixers,46,102,0.451,12,34,0.353,28,33,0.848,13,38,51,26,8,9,11,28,1610612737,ATL,Atlanta Hawks,1610612755,PHI,Philadelphia 76ers
0022300522,2024-01-10,2023-24,regular_season,home,False,1610612748,MIA,Heat,240:00,120,-8,Miami,heat,41,89,0.461,15,36,0.417,23,28,0.821,8,30,38,25,8,3,10,13,1610612748,MIA,Miami Heat,1610612760,OKC,Oklahoma City Thunder
0022300522,2024-01-10,2023-24,regular_season,road,False,1610612760,OKC,Thunder,240:00,128,8,Oklahoma City,thunder,51,86,0.593,14,33,0.424,12,16,0.75,4,38,42,36,4,4,12,19,1610612748,MIA,Miami Heat,1610612760,OKC,Oklahoma City Thunder
0022300523,2024-01-10,2023-24,regular_season,home,False,1610612741,CHI,Bulls,265:00,124,5,Chicago,bulls,42,95,0.442,19,47,0.404,21,25,0.84,8,38,46,31,9,4,14,19,1610612741,CHI,Chicago Bulls,1610612745,HOU,Houston Rockets
0022300523,2024-01-10,2023-24,regular_season,road,False,1610612745,HOU,Rockets,265:00,119,-5,Houston,rockets,48,101,0.475,11,45,0.244,12,20,0.6,9,41,50,29,9,4,14,18,1610612741,CHI,Chicago Bulls,1610612745,HOU,Houston Rockets
0022300524,2024-01-10,2023-24,regular_season,home,False,1610612762,UTA,Jazz,240:00,124,13,Utah,jazz,46,83,0.554,13,33,0.394,19,23,0.826,7,33,40,34,12,8,16,19,1610612762,UTA,Utah Jazz,1610612743,DEN,Denver Nuggets
0022300524,2024-01-10,2023-24,regular_season,road,False,1610612743,DEN,Nuggets,240:00,111,-13,Denver,nuggets,37,81,0.457,13,33,0.394,24,28,0.857,8,26,34,26,11,4,16,23,1610612762,UTA,Utah Jazz,1610612743,DEN,Denver Nuggets
0022300525,2024-01-10,2023-24,regular_season,home,False,1610612744,GSW,Warriors,240:00,105,-36,Golden State,warriors,39,89,0.438,12,39,0.308,15,18,0.833,14,29,43,24,4,4,17,19,1610612744,GSW,Golden State Warriors,1610612740,NOP,New Orleans Pelicans
0022300525,2024-01-10,2023-24,regular_season,road,False,1610612740,NOP,Pelicans,240:00,141,36,New Orleans,pelicans,54,94,0.574,19,40,0.475,14,19,0.737,13,34,47,37,11,7,11,19,1610612744,GSW,Golden State Warriors,1610612740,NOP,New Orleans Pelicans
0022300526,2024-01-10,2023-24,regular_season,home,False,1610612746,LAC,Clippers,240:00,126,6,LA,clippers,49,93,0.527,15,34,0.441,13,13,1.0,11,25,36,34,6,5,7,17,1610612746,LAC,LA Clippers,1610612761,TOR,Toronto Raptors
0022300526,2024-01-10,2023-24,regular_season,road,False,1610612761,TOR,Raptors,240:00,120,-6,Toronto,raptors,46,84,0.548,12,30,0.4,16,18,0.889,7,30,37,31,4,2,14,17,1610612746,LAC,LA Clippers,1610612761,TOR,Toronto Raptors
0022300527,2024-01-11,2023-24,regular_season,home,False,1610612739,CLE,Cavaliers,240:00,111,9,Cleveland,cavaliers,32,82,0.39,13,44,0.295,34,43,0.791,12,35,47,16,11,6,11,24,1610612739,CLE,Cleveland Cavaliers,1610612751,BKN,Brooklyn Nets
0022300527,2024-01-11,2023-24,regular_season,road,False,1610612751,BKN,Nets,240:00,102,-9,Brooklyn,nets,37,82,0.451,8,27,0.296,20,28,0.714,9,32,41,18,5,4,16,29,1610612739,CLE,Cleveland Cavaliers,1610612751,BKN,Brooklyn Nets
0022300528,2024-01-11,2023-24,regular_season,home,False,1610612749,MIL,Bucks,240:00,135,33,Milwaukee,bucks,52,92,0.565,18,42,0.429,13,16,0.813,12,42,54,34,3,6,9,22,1610612749,MIL,Milwaukee Bucks,1610612738,BOS,Boston Celtics
0022300528,2024-01-11,2023-24,regular_season,road,False,1610612738,BOS,Celtics,240:00,102,-33,Boston,celtics,34,91,0.374,9,35,0.257,25,30,0.833,6,25,31,22,5,5,6,13,1610612749,MIL,Milwaukee Bucks,1610612738,BOS,Boston Celtics
0022300529,2024-01-11,2023-24,regular_season,home,False,1610612760,OKC,Thunder,240:00,139,62,Oklahoma City,thunder,53,93,0.57,14,35,0.4,19,22,0.864,8,51,59,41,6,8,12,10,1610612760,OKC,Oklahoma City Thunder,1610612757,POR,Portland Trail Blazers
0022300529,2024-01-11,2023-24,regular_season,road,False,1610612757,POR,Trail Blazers,240:00,77,-62,Portland,blazers,28,101,0.277,11,49,0.224,10,16,0.625,13,29,42,16,8,8,9,19,1610612760,OKC,Oklahoma City Thunder,1610612757,POR,Portland Trail Blazers
0022300530,2024-01-11,2023-24,regular_season,home,False,1610612742,DAL,Mavericks,240:00,128,4,Dallas,mavericks,44,88,0.5,17,41,0.415,23,30,0.767,11,27,38,27,6,2,10,19,1610612742,DAL,Dallas Mavericks,1610612752,NYK,New York Knicks
0022300530,2024-01-11,2023-24,regular_season,road,False,1610612752,NYK,Knicks,240:00,124,-4,New York,knicks,44,89,0.494,14,42,0.333,22,28,0.786,13,32,45,27,7,2,14,25,1610612742,DAL,Dallas Mavericks,1610612752,NYK,New York Knicks
0022300531,2024-01-11,2023-24,regular_season,home,False,1610612747,LAL,Lakers,240:00,109,-18,Los Angeles,lakers,40,80,0.5,13,34,0.382,16,25,0.64,7,30,37,33,8,4,18,19,1610612747,LAL,Los Angeles Lakers,1610612756,PHX,Phoenix Suns
0022300531,2024-01-11,2023-24,regular_season,road,False,1610612756,PHX,Suns,240:00,127,18,Phoenix,suns,46,93,0.495,14,39,0.359,21,23,0.913,13,33,46,23,12,3,12,16,1610612747,LAL,Los Angeles Lakers,1610612756,PHX,Phoenix Suns
0022300532,2024-01-12,2023-24,regular_season,home,False,1610612755,PHI,76ers,240:00,112,19,Philadelphia,sixers,40,93,0.43,15,35,0.429,17,18,0.944,14,32,46,23,11,9,13,19,1610612755,PHI,Philadelphia 76ers,1610612758,SAC,Sacramento Kings
0022300532,2024-01-12,2023-24,regular_season,road,False,1610612758,SAC,Kings,240:00,93,-19,Sacramento,kings,32,95,0.337,8,38,0.211,21,26,0.808,23,31,54,20,6,4,16,18,1610612755,PHI,Philadelphia 76ers,1610612758,SAC,Sacramento Kings
0022300533,2024-01-12,2023-24,regular_season,home,False,1610612737,ATL,Hawks,240:00,108,-18,Atlanta,hawks,40,89,0.449,11,30,0.367,17,23,0.739,12,16,28,25,14,2,14,13,1610612737,ATL,Atlanta Hawks,1610612754,IND,Indiana Pacers
0022300533,2024-01-12,2023-24,regular_season,road,False,1610612754,IND,Pacers,240:00,126,18,Indiana,pacers,53,79,0.671,11,18,0.611,9,12,0.75,10,35,45,41,12,9,25,21,1610612737,ATL,Atlanta Hawks,1610612754,IND,Indiana Pacers
0022300534,2024-01-12,2023-24,regular_season,home,False,1610612765,DET,Pistons,240:00,110,-2,Detroit,pistons,44,88,0.5,12,35,0.343,10,16,0.625,11,35,46,32,6,9,14,21,1610612765,DET,Detroit Pistons,1610612745,HOU,Houston Rockets
0022300534,2024-01-12,2023-24,regular_season,road,False,1610612745,HOU,Rockets,240:00,112,2,Houston,rockets,41,90,0.456,8,30,0.267,22,25,0.88,10,31,41,21,8,5,9,16,1610612765,DET,Detroit Pistons,1610612745,HOU,Houston Rockets
0022300535,2024-01-12,2023-24,regular_season,home,False,1610612748,MIA,Heat,240:00,99,3,Miami,heat,37,83,0.446,8,26,0.308,17,20,0.85,12,29,41,23,6,1,16,17,1610612748,MIA,Miami Heat,1610612753,ORL,Orlando Magic
0022300535,2024-01-12,2023-24,regular_season,road,False,1610612753,ORL,Magic,240:00,96,-3,Orlando,magic,36,82,0.439,12,40,0.3,12,20,0.6,10,28,38,26,10,8,11,20,1610612748,MIA,Miami Heat,1610612753,ORL,Orlando Magic
0022300536,2024-01-12,2023-24,regular_season,home,False,1610612741,CHI,Bulls,240:00,131,-9,Chicago,bulls,50,86,0.581,18,40,0.45,13,16,0.813,6,30,36,31,1,3,12,21,1610612741,CHI,Chicago Bulls,1610612744,GSW,Golden State Warriors
0022300536,2024-01-12,2023-24,regular_season,road,False,1610612744,GSW,Warriors,240:00,140,9,Golden State,warriors,49,94,0.521,20,47,0.426,22,30,0.733,13,31,44,39,7,4,3,16,1610612741,CHI,Chicago Bulls,1610612744,GSW,Golden State Warriors
0022300537,2024-01-12,2023-24,regular_season,home,False,1610612763,MEM,Grizzlies,240:00,119,-9,Memphis,grizzlies,41,95,0.432,18,44,0.409,19,27,0.704,17,29,46,30,5,4,9,21,1610612763,MEM,Memphis Grizzlies,1610612746,LAC,LA Clippers
0022300537,2024-01-12,2023-24,regular_season,road,False,1610612746,LAC,Clippers,240:00,128,9,LA,clippers,49,89,0.551,15,31,0.484,15,20,0.75,11,32,43,22,9,7,12,16,1610612763,MEM,Memphis Grizzlies,1610612746,LAC,LA Clippers
0022300538,2024-01-12,2023-24,regular_season,home,False,1610612750,MIN,Timberwolves,240:00,116,23,Minnesota,timberwolves,44,80,0.55,11,31,0.355,17,24,0.708,8,37,45,35,14,5,15,23,1610612750,MIN,Minnesota Timberwolves,1610612757,POR,Portland Trail Blazers
0022300538,2024-01-12,2023-24,regular_season,road,False,1610612757,POR,Trail Blazers,240:00,93,-23,Portland,blazers,30,77,0.39,10,28,0.357,23,34,0.676,10,28,38,18,8,5,19,19,1610612750,MIN,Minnesota Timberwolves,1610612757,POR,Portland Trail Blazers
0022300539,2024-01-12,2023-24,regular_season,home,False,1610612743,DEN,Nuggets,240:00,125,12,Denver,nuggets,50,90,0.556,14,33,0.424,11,15,0.733,10,38,48,30,5,4,15,18,1610612743,DEN,Denver Nuggets,1610612740,NOP,New Orleans Pelicans
0022300539,2024-01-12,2023-24,regular_season,road,False,1610612740,NOP,Pelicans,240:00,113,-12,New Orleans,pelicans,42,89,0.472,13,33,0.394,16,22,0.727,8,27,35,30,9,3,8,10,1610612743,DEN,Denver Nuggets,1610612740,NOP,New Orleans Pelicans
0022300540,2024-01-12,2023-24,regular_season,home,False,1610612762,UTA,Jazz,240:00,145,32,Utah,jazz,52,93,0.559,21,43,0.488,20,26,0.769,14,42,56,34,7,8,13,23,1610612762,UTA,Utah Jazz,1610612761,TOR,Toronto Raptors
0022300540,2024-01-12,2023-24,regular_season,road,False,1610612761,TOR,Raptors,240:00,113,-32,Toronto,raptors,35,81,0.432,17,34,0.5,26,37,0.703,8,23,31,25,5,8,13,21,1610612762,UTA,Utah Jazz,1610612761,TOR,Toronto Raptors
0022300541,2024-01-12,2023-24,regular_season,home,False,1610612759,SAS,Spurs,240:00,135,36,San Antonio,spurs,45,87,0.517,18,38,0.474,27,34,0.794,7,38,45,31,9,7,14,20,1610612759,SAS,San Antonio Spurs,1610612766,CHA,Charlotte Hornets
0022300541,2024-01-12,2023-24,regular_season,road,False,1610612766,CHA,Hornets,240:00,99,-36,Charlotte,hornets,32,89,0.36,10,34,0.294,25,28,0.893,16,28,44,22,11,3,19,24,1610612759,SAS,San Antonio Spurs,1610612766,CHA,Charlotte Hornets
0022300542,2024-01-13,2023-24,regular_season,home,False,1610612738,BOS,Celtics,240:00,145,32,Boston,celtics,51,95,0.537,24,47,0.511,19,25,0.76,10,40,50,26,7,8,11,21,1610612738,BOS,Boston Celtics,1610612745,HOU,Houston Rockets
0022300542,2024-01-13,2023-24,regular_season,road,False,1610612745,HOU,Rockets,240:00,113,-32,Houston,rockets,40,99,0.404,7,30,0.233,26,30,0.867,15,35,50,20,10,3,12,18,1610612738,BOS,Boston Celtics,1610612745,HOU,Houston Rockets
0022300543,2024-01-13,2023-24,regular_season,home,False,1610612737,ATL,Hawks,240:00,99,-28,Atlanta,hawks,32,93,0.344,11,40,0.275,24,33,0.727,16,34,50,21,9,7,14,20,1610612737,ATL,Atlanta Hawks,1610612764,WAS,Washington Wizards
0022300543,2024-01-13,2023-24,regular_season,road,False,1610612764,WAS,Wizards,240:00,127,28,Washington,wizards,47,97,0.485,12,32,0.375,21,26,0.808,12,42,54,32,10,9,12,22,1610612737,ATL,Atlanta Hawks,1610612764,WAS,Washington Wizards
0022300544,2024-01-13,2023-24,regular_season,home,False,1610612763,MEM,Grizzlies,240:00,94,-12,Memphis,grizzlies,36,87,0.414,9,38,0.237,13,15,0.867,9,26,35,27,14,6,12,16,1610612763,MEM,Memphis Grizzlies,1610612752,NYK,New York Knicks
0022300544,2024-01-13,2023-24,regular_season,road,False,1610612752,NYK,Knicks,240:00,106,12,New York,knicks,40,83,0.482,13,38,0.342,13,19,0.684,15,41,56,25,11,11,22,15,1610612763,MEM,Memphis Grizzlies,1610612752,NYK,New York Knicks
0022300545,2024-01-13,2023-24,regular_season,home,False,1610612749,MIL,Bucks,240:00,129,11,Milwaukee,bucks,51,94,0.543,13,31,0.419,14,17,0.824,14,36,50,33,6,5,12,15,1610612749,MIL,Milwaukee Bucks,1610612744,GSW,Golden State Warriors
0022300545,2024-01-13,2023-24,regular_season,road,False,1610612744,GSW,Warriors,240:00,118,-11,Golden State,warriors,47,98,0.48,15,36,0.417,9,14,0.643,12,29,41,23,5,4,7,16,1610612749,MIL,Milwaukee Bucks,1610612744,GSW,Golden State Warriors
0022300546,2024-01-13,2023-24,regular_season,home,False,1610612760,OKC,Thunder,240:00,112,12,Oklahoma City,thunder,43,94,0.457,8,36,0.222,18,21,0.857,12,34,46,23,9,4,8,19,1610612760,OKC,Oklahoma City Thunder,1610612753,ORL,Orlando Magic
0022300546,2024-01-13,2023-24,regular_season,road,False,1610612753,ORL,Magic,240:00,100,-12,Orlando,magic,39,84,0.464,7,35,0.2,15,24,0.625,11,39,50,21,5,8,15,22,1610612760,OKC,Oklahoma City Thunder,1610612753,ORL,Orlando Magic
0022300547,2024-01-13,2023-24,regular_season,home,False,1610612742,DAL,Mavericks,240:00,108,-10,Dallas,mavericks,37,82,0.451,15,41,0.366,19,20,0.95,9,25,34,23,6,1,12,25,1610612742,DAL,Dallas Mavericks,1610612740,NOP,New Orleans Pelicans
0022300547,2024-01-13,2023-24,regular_season,road,False,1610612740,NOP,Pelicans,240:00,118,10,New Orleans,pelicans,39,79,0.494,12,30,0.4,28,37,0.757,14,30,44,29,7,4,10,20,1610612742,DAL,Dallas Mavericks,1610612740,NOP,New Orleans Pelicans
0022300548,2024-01-13,2023-24,regular_season,home,False,1610612759,SAS,Spurs,240:00,116,-6,San Antonio,spurs,39,95,0.411,18,46,0.391,20,23,0.87,12,35,47,26,7,4,8,19,1610612759,SAS,San Antonio Spurs,1610612741,CHI,Chicago Bulls
0022300548,2024-01-13,2023-24,regular_season,road,False,1610612741,CHI,Bulls,240:00,122,6,Chicago,bulls,46,90,0.511,15,34,0.441,15,20,0.75,7,40,47,31,5,8,9,18,1610612759,SAS,San Antonio Spurs,1610612741,CHI,Chicago Bulls
0022300549,2024-01-13,2023-24,regular_season,home,False,1610612762,UTA,Jazz,240:00,132,7,Utah,jazz,42,93,0.452,12,37,0.324,36,39,0.923,13,39,52,28,7,5,10,20,1610612762,UTA,Utah Jazz,1610612747,LAL,Los Angeles Lakers
0022300549,2024-01-13,2023-24,regular_season,road,False,1610612747,LAL,Lakers,240:00,125,-7,Los Angeles,lakers,46,92,0.5,13,29,0.448,20,24,0.833,7,33,40,30,6,8,12,23,1610612762,UTA,Utah Jazz,1610612747,LAL,Los Angeles Lakers
0022300550,2024-01-14,2023-24,regular_season,home,False,1610612743,DEN,Nuggets,240:00,117,8,Denver,nuggets,46,71,0.648,10,20,0.5,15,23,0.652,4,36,40,31,8,3,21,18,1610612743,DEN,Denver Nuggets,1610612754,IND,Indiana Pacers
0022300550,2024-01-14,2023-24,regular_season,road,False,1610612754,IND,Pacers,240:00,109,-8,Indiana,pacers,43,92,0.467,8,29,0.276,15,22,0.682,14,23,37,28,11,1,13,21,1610612743,DEN,Denver Nuggets,1610612754,IND,Indiana Pacers
0022300551,2024-01-14,2023-24,regular_season,home,False,1610612748,MIA,Heat,240:00,104,17,Miami,heat,40,81,0.494,11,25,0.44,13,16,0.813,4,40,44,27,6,6,14,15,1610612748,MIA,Miami Heat,1610612766,CHA,Charlotte Hornets
0022300551,2024-01-14,2023-24,regular_season,road,False,1610612766,CHA,Hornets,240:00,87,-17,Charlotte,hornets,33,95,0.347,10,41,0.244,11,15,0.733,17,33,50,17,5,3,13,17,1610612748,MIA,Miami Heat,1610612766,CHA,Charlotte Hornets
0022300552,2024-01-14,2023-24,regular_season,home,False,1610612749,MIL,Bucks,265:00,143,1,Milwaukee,bucks,48,92,0.522,20,43,0.465,27,32,0.844,4,36,40,31,5,3,13,22,1610612749,MIL,Milwaukee Bucks,1610612758,SAC,Sacramento Kings
0022300552,2024-01-14,2023-24,regular_season,road,False,1610612758,SAC,Kings,265:00,142,-1,Sacramento,kings,55,105,0.524,17,41,0.415,15,20,0.75,9,38,47,34,6,2,9,19,1610612749,MIL,Milwaukee Bucks,1610612758,SAC,Sacramento Kings
0022300553,2024-01-14,2023-24,regular_season,home,False,1610612750,MIN,Timberwolves,240:00,109,4,Minnesota,timberwolves,38,67,0.567,13,26,0.5,20,31,0.645,6,35,41,25,8,5,17,23,1610612750,MIN,Minnesota Timberwolves,1610612746,LAC,LA Clippers
0022300553,2024-01-14,2023-24,regular_season,road,False,1610612746,LAC,Clippers,240:00,105,-4,LA,clippers,36,83,0.434,17,39,0.436,16,18,0.889,7,27,34,28,9,4,11,24,1610612750,MIN,Minnesota Timberwolves,1610612746,LAC,LA Clippers
0022300554,2024-01-14,2023-24,regular_season,home,False,1610612757,POR,Trail Blazers,240:00,116,-11,Portland,blazers,40,89,0.449,20,42,0.476,16,22,0.727,12,24,36,23,8,1,13,21,1610612757,POR,Portland Trail Blazers,1610612756,PHX,Phoenix Suns
0022300554,2024-01-14,2023-24,regular_season,road,False,1610612756,PHX,Suns,240:00,127,11,Phoenix,suns,46,76,0.605,13,28,0.464,22,27,0.815,7,34,41,27,7,5,12,20,1610612757,POR,Portland Trail Blazers,1610612756,PHX,Phoenix Suns
0022300555,2024-01-15,2023-24,regular_season,home,False,1610612755,PHI,76ers,240:00,124,9,Philadelphia,sixers,40,83,0.482,15,31,0.484,29,34,0.853,8,33,41,25,8,4,10,24,1610612755,PHI,Philadelphia 76ers,1610612745,HOU,Houston Rockets
0022300555,2024-01-15,2023-24,regular_season,road,False,1610612745,HOU,Rockets,240:00,115,-9,Houston,rockets,44,88,0.5,8,27,0.296,19,32,0.594,16,30,46,21,7,9,13,23,1610612755,PHI,Philadelphia 76ers,1610612745,HOU,Houston Rockets
0022300556,2024-01-15,2023-24,regular_season,home,False,1610612742,DAL,Mavericks,240:00,125,5,Dallas,mavericks,39,85,0.459,18,43,0.419,29,35,0.829,13,29,42,24,4,6,11,29,1610612742,DAL,Dallas Mavericks,1610612740,NOP,New Orleans Pelicans
0022300556,2024-01-15,2023-24,regular_season,road,False,1610612740,NOP,Pelicans,240:00,120,-5,New Orleans,pelicans,41,81,0.506,7,23,0.304,31,41,0.756,8,29,37,21,9,2,9,28,1610612742,DAL,Dallas Mavericks,1610612740,NOP,New Orleans Pelicans
0022300557,2024-01-15,2023-24,regular_season,home,False,1610612752,NYK,Knicks,240:00,94,-4,New York,knicks,33,83,0.398,13,40,0.325,15,22,0.682,13,28,41,20,3,3,9,20,1610612752,NYK,New York Knicks,1610612753,ORL,Orlando Magic
0022300557,2024-01-15,2023-24,regular_season,road,False,1610612753,ORL,Magic,240:00,98,4,Orlando,magic,38,85,0.447,8,29,0.276,14,21,0.667,13,33,46,26,2,3,7,20,1610612752,NYK,New York Knicks,1610612753,ORL,Orlando Magic
0022300558,2024-01-15,2023-24,regular_season,home,False,1610612764,WAS,Wizards,240:00,117,-12,Washington,wizards,44,95,0.463,19,41,0.463,10,11,0.909,8,25,33,30,8,7,8,19,1610612764,WAS,Washington Wizards,1610612765,DET,Detroit Pistons
0022300558,2024-01-15,2023-24,regular_season,road,False,1610612765,DET,Pistons,240:00,129,12,Detroit,pistons,50,90,0.556,12,31,0.387,17,23,0.739,12,40,52,30,4,10,15,13,1610612764,WAS,Washington Wizards,1610612765,DET,Detroit Pistons
0022300559,2024-01-15,2023-24,regular_season,home,False,1610612737,ATL,Hawks,240:00,109,10,Atlanta,hawks,40,93,0.43,13,38,0.342,16,21,0.762,13,44,57,24,8,6,16,19,1610612737,ATL,Atlanta Hawks,1610612759,SAS,San Antonio Spurs
0022300559,2024-01-15,2023-24,regular_season,road,False,1610612759,SAS,Spurs,240:00,99,-10,San Antonio,spurs,38,95,0.4,11,42,0.262,12,17,0.706,9,35,44,27,10,8,17,18,1610612737,ATL,Atlanta Hawks,1610612759,SAS,San Antonio Spurs
0022300560,2024-01-15,2023-24,regular_season,home,False,1610612763,MEM,Grizzlies,240:00,116,9,Memphis,grizzlies,32,86,0.372,20,54,0.37,32,40,0.8,11,31,42,24,13,10,11,12,1610612763,MEM,Memphis Grizzlies,1610612744,GSW,Golden State Warriors
0022300560,2024-01-15,2023-24,regular_season,road,False,1610612744,GSW,Warriors,240:00,107,-9,Golden State,warriors,44,90,0.489,10,31,0.323,9,10,0.9,7,38,45,28,4,6,19,25,1610612763,MEM,Memphis Grizzlies,1610612744,GSW,Golden State Warriors
0022300561,2024-01-15,2023-24,regular_season,home,False,1610612739,CLE,Cavaliers,240:00,109,18,Cleveland,cavaliers,39,95,0.411,20,57,0.351,11,11,1.0,13,35,48,28,9,3,11,14,1610612739,CLE,Cleveland Cavaliers,1610612741,CHI,Chicago Bulls
0022300561,2024-01-15,2023-24,regular_season,road,False,1610612741,CHI,Bulls,240:00,91,-18,Chicago,bulls,35,83,0.422,9,32,0.281,12,16,0.75,6,37,43,21,8,6,18,17,1610612739,CLE,Cleveland Cavaliers,1610612741,CHI,Chicago Bulls
0022300562,2024-01-15,2023-24,regular_season,home,False,1610612751,BKN,Nets,265:00,95,-1,Brooklyn,nets,34,99,0.343,12,55,0.218,15,16,0.938,9,41,50,26,9,9,8,17,1610612751,BKN,Brooklyn Nets,1610612748,MIA,Miami Heat
0022300562,2024-01-15,2023-24,regular_season,road,False,1610612748,MIA,Heat,265:00,96,1,Miami,heat,33,87,0.379,8,31,0.258,22,25,0.88,6,48,54,22,6,4,12,16,1610612751,BKN,Brooklyn Nets,1610612748,MIA,Miami Heat
0022300563,2024-01-15,2023-24,regular_season,home,False,1610612761,TOR,Raptors,240:00,96,-9,Toronto,raptors,38,95,0.4,4,32,0.125,16,21,0.762,9,43,52,25,6,2,7,21,1610612761,TOR,Toronto Raptors,1610612738,BOS,Boston Celtics
0022300563,2024-01-15,2023-24,regular_season,road,False,1610612738,BOS,Celtics,240:00,105,9,Boston,celtics,33,82,0.402,16,39,0.41,23,25,0.92,5,48,53,20,3,7,12,16,1610612761,TOR,Toronto Raptors,1610612738,BOS,Boston Celtics
0022300564,2024-01-15,2023-24,regular_season,home,False,1610612762,UTA,Jazz,240:00,132,27,Utah,jazz,45,81,0.556,11,25,0.44,31,35,0.886,10,36,46,29,5,8,14,17,1610612762,UTA,Utah Jazz,1610612754,IND,Indiana Pacers
0022300564,2024-01-15,2023-24,regular_season,road,False,1610612754,IND,Pacers,240:00,105,-27,Indiana,pacers,38,95,0.4,9,31,0.29,20,25,0.8,18,25,43,27,9,4,13,31,1610612762,UTA,Utah Jazz,1610612754,IND,Indiana Pacers
0022300565,2024-01-15,2023-24,regular_season,home,False,1610612747,LAL,Lakers,240:00,112,7,Los Angeles,lakers,44,84,0.524,8,24,0.333,16,18,0.889,8,36,44,30,7,9,17,12,1610612747,LAL,Los Angeles Lakers,1610612760,OKC,Oklahoma City Thunder
0022300565,2024-01-15,2023-24,regular_season,road,False,1610612760,OKC,Thunder,240:00,105,-7,Oklahoma City,thunder,40,96,0.417,15,49,0.306,10,11,0.909,13,27,40,23,11,6,11,18,1610612747,LAL,Los Angeles Lakers,1610612760,OKC,Oklahoma City Thunder
0022300566,2024-01-16,2023-24,regular_season,home,False,1610612755,PHI,76ers,240:00,126,5,Philadelphia,sixers,43,76,0.566,15,31,0.484,25,34,0.735,5,27,32,27,6,7,8,21,1610612755,PHI,Philadelphia 76ers,1610612743,DEN,Denver Nuggets
0022300566,2024-01-16,2023-24,regular_season,road,False,1610612743,DEN,Nuggets,240:00,121,-5,Denver,nuggets,45,89,0.506,12,29,0.414,19,25,0.76,16,30,46,23,4,3,10,19,1610612755,PHI,Philadelphia 76ers,1610612743,DEN,Denver Nuggets
0022300567,2024-01-16,2023-24,regular_season,home,False,1610612756,PHX,Suns,240:00,119,2,Phoenix,suns,42,85,0.494,17,37,0.459,18,20,0.9,8,38,46,32,7,6,16,15,1610612756,PHX,Phoenix Suns,1610612758,SAC,Sacramento Kings
0022300567,2024-01-16,2023-24,regular_season,road,False,1610612758,SAC,Kings,240:00,117,-2,Sacramento,kings,46,92,0.5,18,40,0.45,7,12,0.583,5,26,31,34,7,4,14,20,1610612756,PHX,Phoenix Suns,1610612758,SAC,Sacramento Kings
0022300568,2024-01-16,2023-24,regular_season,home,False,1610612746,LAC,Clippers,240:00,128,11,LA,clippers,47,87,0.54,20,43,0.465,14,23,0.609,12,27,39,30,5,10,9,18,1610612746,LAC,LA Clippers,1610612760,OKC,Oklahoma City Thunder
0022300568,2024-01-16,2023-24,regular_season,road,False,1610612760,OKC,Thunder,240:00,117,-11,Oklahoma City,thunder,42,83,0.506,16,34,0.471,17,20,0.85,9,26,35,30,5,5,12,19,1610612746,LAC,LA Clippers,1610612760,OKC,Oklahoma City Thunder
0022300569,2024-01-17,2023-24,regular_season,home,False,1610612765,DET,Pistons,240:00,117,-7,Detroit,pistons,46,89,0.517,12,31,0.387,13,19,0.684,8,32,40,30,4,7,12,18,1610612765,DET,Detroit Pistons,1610612750,MIN,Minnesota Timberwolves
0022300569,2024-01-17,2023-24,regular_season,road,False,1610612750,MIN,Timberwolves,240:00,124,7,Minnesota,timberwolves,47,93,0.505,15,30,0.5,15,21,0.714,9,33,42,32,7,5,9,14,1610612765,DET,Detroit Pistons,1610612750,MIN,Minnesota Timberwolves
0022300570,2024-01-17,2023-24,regular_season,home,False,1610612737,ATL,Hawks,240:00,106,2,Atlanta,hawks,39,76,0.513,8,25,0.32,20,22,0.909,10,31,41,21,8,2,23,17,1610612737,ATL,Atlanta Hawks,1610612753,ORL,Orlando Magic
0022300570,2024-01-17,2023-24,regular_season,road,False,1610612753,ORL,Magic,240:00,104,-2,Orlando,magic,39,88,0.443,10,35,0.286,16,22,0.727,16,24,40,18,16,8,13,22,1610612737,ATL,Atlanta Hawks,1610612753,ORL,Orlando Magic
0022300571,2024-01-17,2023-24,regular_season,home,False,1610612738,BOS,Celtics,240:00,117,19,Boston,celtics,42,90,0.467,18,38,0.474,15,19,0.789,12,42,54,22,5,6,12,15,1610612738,BOS,Boston Celtics,1610612759,SAS,San Antonio Spurs
0022300571,2024-01-17,2023-24,regular_season,road,False,1610612759,SAS,Spurs,240:00,98,-19,San Antonio,spurs,39,93,0.419,7,34,0.206,13,16,0.813,11,30,41,26,5,3,10,15,1610612738,BOS,Boston Celtics,1610612759,SAS,San Antonio Spurs
0022300572,2024-01-17,2023-24,regular_season,home,False,1610612739,CLE,Cavaliers,240:00,135,40,Cleveland,cavaliers,55,93,0.591,12,28,0.429,13,19,0.684,11,44,55,36,5,3,10,9,1610612739,CLE,Cleveland Cavaliers,1610612749,MIL,Milwaukee Bucks
0022300572,2024-01-17,2023-24,regular_season,road,False,1610612749,MIL,Bucks,240:00,95,-40,Milwaukee,bucks,38,95,0.4,12,42,0.286,7,10,0.7,9,27,36,19,6,6,10,18,1610612739,CLE,Cleveland Cavaliers,1610612749,MIL,Milwaukee Bucks
0022300573,2024-01-17,2023-24,regular_season,home,False,1610612752,NYK,Knicks,240:00,109,15,New York,knicks,39,87,0.448,13,37,0.351,18,22,0.818,12,39,51,24,6,5,12,20,1610612752,NYK,New York Knicks,1610612745,HOU,Houston Rockets
0022300573,2024-01-17,2023-24,regular_season,road,False,1610612745,HOU,Rockets,240:00,94,-15,Houston,rockets,35,84,0.417,8,30,0.267,16,19,0.842,6,32,38,23,6,9,10,18,1610612752,NYK,New York Knicks,1610612745,HOU,Houston Rockets
0022300574,2024-01-17,2023-24,regular_season,home,False,1610612761,TOR,Raptors,240:00,121,24,Toronto,raptors,45,88,0.511,20,38,0.526,11,18,0.611,13,32,45,34,9,4,10,14,1610612761,TOR,Toronto Raptors,1610612748,MIA,Miami Heat
0022300574,2024-01-17,2023-24,regular_season,road,False,1610612748,MIA,Heat,240:00,97,-24,Miami,heat,41,90,0.456,6,28,0.214,9,12,0.75,12,25,37,24,4,5,14,13,1610612761,TOR,Toronto Raptors,1610612748,MIA,Miami Heat
0022300575,2024-01-17,2023-24,regular_season,home,False,1610612740,NOP,Pelicans,240:00,132,20,New Orleans,pelicans,44,88,0.5,25,47,0.532,19,23,0.826,16,34,50,32,11,3,12,14,1610612740,NOP,New Orleans Pelicans,1610612766,CHA,Charlotte Hornets
0022300575,2024-01-17,2023-24,regular_season,road,False,1610612766,CHA,Hornets,240:00,112,-20,Charlotte,hornets,39,90,0.433,19,45,0.422,15,18,0.833,15,26,41,29,7,8,13,19,1610612740,NOP,New Orleans Pelicans,1610612766,CHA,Charlotte Hornets
0022300577,2024-01-17,2023-24,regular_season,home,False,1610612747,LAL,Lakers,240:00,127,17,Los Angeles,lakers,49,91,0.538,12,28,0.429,17,24,0.708,9,36,45,33,8,1,10,15,1610612747,LAL,Los Angeles Lakers,1610612742,DAL,Dallas Mavericks
0022300577,2024-01-17,2023-24,regular_season,road,False,1610612742,DAL,Mavericks,240:00,110,-17,Dallas,mavericks,42,91,0.462,11,40,0.275,15,18,0.833,11,32,43,26,4,5,15,19,1610612747,LAL,Los Angeles Lakers,1610612742,DAL,Dallas Mavericks
0022300578,2024-01-17,2023-24,regular_season,home,False,1610612757,POR,Trail Blazers,240:00,105,2,Portland,blazers,42,86,0.488,9,27,0.333,12,14,0.857,10,31,41,21,2,2,9,16,1610612757,POR,Portland Trail Blazers,1610612751,BKN,Brooklyn Nets
0022300578,2024-01-17,2023-24,regular_season,road,False,1610612751,BKN,Nets,240:00,103,-2,Brooklyn,nets,35,73,0.479,15,38,0.395,18,27,0.667,6,27,33,28,9,3,10,14,1610612757,POR,Portland Trail Blazers,1610612751,BKN,Brooklyn Nets
0022300579,2024-01-18,2023-24,regular_season,home,False,1610612752,NYK,Knicks,240:00,113,4,New York,knicks,39,86,0.453,13,38,0.342,22,26,0.846,7,40,47,22,6,5,17,18,1610612752,NYK,New York Knicks,1610612764,WAS,Washington Wizards
0022300579,2024-01-18,2023-24,regular_season,road,False,1610612764,WAS,Wizards,240:00,109,-4,Washington,wizards,41,90,0.456,10,31,0.323,17,22,0.773,9,37,46,31,9,4,12,24,1610612752,NYK,New York Knicks,1610612764,WAS,Washington Wizards
0022300580,2024-01-18,2023-24,regular_season,home,False,1610612761,TOR,Raptors,240:00,110,-6,Toronto,raptors,42,83,0.506,10,38,0.263,16,20,0.8,7,31,38,31,7,5,14,18,1610612761,TOR,Toronto Raptors,1610612741,CHI,Chicago Bulls
0022300580,2024-01-18,2023-24,regular_season,road,False,1610612741,CHI,Bulls,240:00,116,6,Chicago,bulls,48,91,0.527,6,24,0.25,14,17,0.824,9,33,42,30,7,5,10,22,1610612761,TOR,Toronto Raptors,1610612741,CHI,Chicago Bulls
0022300581,2024-01-18,2023-24,regular_season,home,False,1610612762,UTA,Jazz,240:00,129,-5,Utah,jazz,43,89,0.483,13,32,0.406,30,36,0.833,11,27,38,33,7,4,14,21,1610612762,UTA,Utah Jazz,1610612760,OKC,Oklahoma City Thunder
0022300581,2024-01-18,2023-24,regular_season,road,False,1610612760,OKC,Thunder,240:00,134,5,Oklahoma City,thunder,48,86,0.558,14,32,0.438,24,28,0.857,7,31,38,36,8,10,15,29,1610612762,UTA,Utah Jazz,1610612760,OKC,Oklahoma City Thunder
0022300582,2024-01-18,2023-24,regular_season,home,False,1610612750,MIN,Timberwolves,240:00,118,15,Minnesota,timberwolves,45,82,0.549,12,28,0.429,16,21,0.762,6,33,39,30,8,9,14,13,1610612750,MIN,Minnesota Timberwolves,1610612763,MEM,Memphis Grizzlies
0022300582,2024-01-18,2023-24,regular_season,road,False,1610612763,MEM,Grizzlies,240:00,103,-15,Memphis,grizzlies,39,85,0.459,14,34,0.412,11,17,0.647,8,26,34,22,9,4,14,23,1610612750,MIN,Minnesota Timberwolves,1610612763,MEM,Memphis Grizzlies
0022300583,2024-01-18,2023-24,regular_season,home,False,1610612758,SAC,Kings,240:00,121,-5,Sacramento,kings,44,85,0.518,15,37,0.405,18,32,0.563,8,30,38,27,7,6,11,20,1610612758,SAC,Sacramento Kings,1610612754,IND,Indiana Pacers
0022300583,2024-01-18,2023-24,regular_season,road,False,1610612754,IND,Pacers,240:00,126,5,Indiana,pacers,49,89,0.551,13,33,0.394,15,19,0.789,4,30,34,33,5,6,11,20,1610612758,SAC,Sacramento Kings,1610612754,IND,Indiana Pacers
0022300584,2024-01-19,2023-24,regular_season,home,False,1610612766,CHA,Hornets,240:00,124,4,Charlotte,hornets,47,84,0.56,16,29,0.552,14,16,0.875,10,30,40,25,9,4,17,16,1610612766,CHA,Charlotte Hornets,1610612759,SAS,San Antonio Spurs
0022300584,2024-01-19,2023-24,regular_season,road,False,1610612759,SAS,Spurs,240:00,120,-4,San Antonio,spurs,47,84,0.56,15,32,0.469,11,17,0.647,7,27,34,36,9,3,13,17,1610612766,CHA,Charlotte Hornets,1610612759,SAS,San Antonio Spurs
0022300585,2024-01-19,2023-24,regular_season,home,False,1610612753,ORL,Magic,240:00,109,-15,Orlando,magic,37,78,0.474,10,23,0.435,25,27,0.926,11,25,36,24,3,5,16,23,1610612753,ORL,Orlando Magic,1610612755,PHI,Philadelphia 76ers
0022300585,2024-01-19,2023-24,regular_season,road,False,1610612755,PHI,76ers,240:00,124,15,Philadelphia,sixers,42,87,0.483,13,30,0.433,27,29,0.931,16,26,42,23,11,5,7,23,1610612753,ORL,Orlando Magic,1610612755,PHI,Philadelphia 76ers
0022300586,2024-01-19,2023-24,regular_season,home,False,1610612738,BOS,Celtics,240:00,100,-2,Boston,celtics,38,89,0.427,14,44,0.318,10,14,0.714,12,26,38,21,5,2,2,17,1610612738,BOS,Boston Celtics,1610612743,DEN,Denver Nuggets
0022300586,2024-01-19,2023-24,regular_season,road,False,1610612743,DEN,Nuggets,240:00,102,2,Denver,nuggets,42,81,0.519,8,31,0.258,10,13,0.769,10,37,47,20,0,3,9,13,1610612738,BOS,Boston Celtics,1610612743,DEN,Denver Nuggets
0022300587,2024-01-19,2023-24,regular_season,home,False,1610612748,MIA,Heat,240:00,108,-1,Miami,heat,38,82,0.463,12,31,0.387,20,22,0.909,13,31,44,21,7,2,16,17,1610612748,MIA,Miami Heat,1610612737,ATL,Atlanta Hawks
0022300587,2024-01-19,2023-24,regular_season,road,False,1610612737,ATL,Hawks,240:00,109,1,Atlanta,hawks,40,87,0.46,15,35,0.429,14,17,0.824,9,29,38,23,6,2,13,20,1610612748,MIA,Miami Heat,1610612737,ATL,Atlanta Hawks
0022300588,2024-01-19,2023-24,regular_season,home,False,1610612740,NOP,Pelicans,240:00,109,-14,New Orleans,pelicans,41,93,0.441,10,42,0.238,17,23,0.739,9,33,42,27,4,5,11,16,1610612740,NOP,New Orleans Pelicans,1610612756,PHX,Phoenix Suns
0022300588,2024-01-19,2023-24,regular_season,road,False,1610612756,PHX,Suns,240:00,123,14,Phoenix,suns,46,93,0.495,15,41,0.366,16,21,0.762,7,41,48,32,7,3,8,17,1610612740,NOP,New Orleans Pelicans,1610612756,PHX,Phoenix Suns
0022300590,2024-01-19,2023-24,regular_season,home,False,1610612757,POR,Trail Blazers,240:00,118,3,Portland,blazers,42,84,0.5,4,12,0.333,30,35,0.857,9,38,47,18,3,11,9,21,1610612757,POR,Portland Trail Blazers,1610612754,IND,Indiana Pacers
0022300590,2024-01-19,2023-24,regular_season,road,False,1610612754,IND,Pacers,240:00,115,-3,Indiana,pacers,39,91,0.429,20,47,0.426,17,25,0.68,6,31,37,34,3,6,13,26,1610612757,POR,Portland Trail Blazers,1610612754,IND,Indiana Pacers
0022300591,2024-01-19,2023-24,regular_season,home,False,1610612747,LAL,Lakers,240:00,112,-18,Los Angeles,lakers,40,90,0.444,12,33,0.364,20,24,0.833,10,34,44,31,7,3,14,11,1610612747,LAL,Los Angeles Lakers,1610612751,BKN,Brooklyn Nets
0022300591,2024-01-19,2023-24,regular_season,road,False,1610612751,BKN,Nets,240:00,130,18,Brooklyn,nets,50,95,0.526,19,47,0.404,11,14,0.786,8,33,41,31,10,4,8,17,1610612747,LAL,Los Angeles Lakers,1610612751,BKN,Brooklyn Nets
0022300592,2024-01-20,2023-24,regular_season,home,False,1610612765,DET,Pistons,240:00,135,-6,Detroit,pistons,44,94,0.468,21,37,0.568,26,32,0.813,9,31,40,30,6,2,8,30,1610612765,DET,Detroit Pistons,1610612749,MIL,Milwaukee Bucks
0022300592,2024-01-20,2023-24,regular_season,road,False,1610612749,MIL,Bucks,240:00,141,6,Milwaukee,bucks,47,85,0.553,12,32,0.375,35,49,0.714,8,41,49,30,6,6,10,18,1610612765,DET,Detroit Pistons,1610612749,MIL,Milwaukee Bucks
0022300593,2024-01-20,2023-24,regular_season,home,False,1610612766,CHA,Hornets,240:00,89,-8,Charlotte,hornets,35,85,0.412,9,37,0.243,10,14,0.714,7,40,47,23,2,7,16,20,1610612766,CHA,Charlotte Hornets,1610612755,PHI,Philadelphia 76ers
0022300593,2024-01-20,2023-24,regular_season,road,False,1610612755,PHI,76ers,240:00,97,8,Philadelphia,sixers,36,85,0.424,5,25,0.2,20,24,0.833,6,40,46,21,7,6,10,12,1610612766,CHA,Charlotte Hornets,1610612755,PHI,Philadelphia 76ers
0022300594,2024-01-20,2023-24,regular_season,home,False,1610612764,WAS,Wizards,240:00,127,-4,Washington,wizards,49,103,0.476,9,29,0.31,20,23,0.87,14,32,46,28,10,4,11,21,1610612764,WAS,Washington Wizards,1610612759,SAS,San Antonio Spurs
0022300594,2024-01-20,2023-24,regular_season,road,False,1610612759,SAS,Spurs,240:00,131,4,San Antonio,spurs,51,96,0.531,12,31,0.387,17,23,0.739,14,35,49,38,6,10,17,19,1610612764,WAS,Washington Wizards,1610612759,SAS,San Antonio Spurs
0022300595,2024-01-20,2023-24,regular_season,home,False,1610612737,ATL,Hawks,240:00,95,-21,Atlanta,hawks,37,93,0.398,11,38,0.289,10,15,0.667,11,34,45,25,5,4,11,15,1610612737,ATL,Atlanta Hawks,1610612739,CLE,Cleveland Cavaliers
0022300595,2024-01-20,2023-24,regular_season,road,False,1610612739,CLE,Cavaliers,240:00,116,21,Cleveland,cavaliers,43,85,0.506,16,43,0.372,14,16,0.875,4,45,49,32,7,6,13,16,1610612737,ATL,Atlanta Hawks,1610612739,CLE,Cleveland Cavaliers
0022300596,2024-01-20,2023-24,regular_season,home,False,1610612752,NYK,Knicks,240:00,126,26,New York,knicks,48,88,0.545,14,39,0.359,16,20,0.8,15,46,61,27,4,7,21,20,1610612752,NYK,New York Knicks,1610612761,TOR,Toronto Raptors
0022300596,2024-01-20,2023-24,regular_season,road,False,1610612761,TOR,Raptors,240:00,100,-26,Toronto,raptors,38,92,0.413,11,34,0.324,13,23,0.565,11,20,31,29,10,5,10,18,1610612752,NYK,New York Knicks,1610612761,TOR,Toronto Raptors
0022300597,2024-01-20,2023-24,regular_season,home,False,1610612741,CHI,Bulls,240:00,125,29,Chicago,bulls,47,91,0.516,14,33,0.424,17,21,0.81,13,39,52,32,11,5,11,18,1610612741,CHI,Chicago Bulls,1610612763,MEM,Memphis Grizzlies
0022300597,2024-01-20,2023-24,regular_season,road,False,1610612763,MEM,Grizzlies,240:00,96,-29,Memphis,grizzlies,32,75,0.427,13,42,0.31,19,23,0.826,3,29,32,28,6,4,15,13,1610612741,CHI,Chicago Bulls,1610612763,MEM,Memphis Grizzlies
0022300598,2024-01-20,2023-24,regular_season,home,False,1610612745,HOU,Rockets,265:00,127,1,Houston,rockets,50,117,0.427,13,39,0.333,14,22,0.636,23,33,56,27,11,10,7,22,1610612745,HOU,Houston Rockets,1610612762,UTA,Utah Jazz
0022300598,2024-01-20,2023-24,regular_season,road,False,1610612762,UTA,Jazz,265:00,126,-1,Utah,jazz,48,105,0.457,13,43,0.302,17,22,0.773,16,43,59,28,4,8,17,24,1610612745,HOU,Houston Rockets,1610612762,UTA,Utah Jazz
0022300599,2024-01-20,2023-24,regular_season,home,False,1610612750,MIN,Timberwolves,240:00,97,-5,Minnesota,timberwolves,31,75,0.413,14,37,0.378,21,29,0.724,9,41,50,22,4,7,21,26,1610612750,MIN,Minnesota Timberwolves,1610612760,OKC,Oklahoma City Thunder
0022300599,2024-01-20,2023-24,regular_season,road,False,1610612760,OKC,Thunder,240:00,102,5,Oklahoma City,thunder,32,81,0.395,8,24,0.333,30,35,0.857,9,28,37,21,12,4,8,20,1610612750,MIN,Minnesota Timberwolves,1610612760,OKC,Oklahoma City Thunder
0022300600,2024-01-21,2023-24,regular_season,home,False,1610612746,LAC,Clippers,240:00,125,11,LA,clippers,42,83,0.506,13,26,0.5,28,33,0.848,8,37,45,26,6,5,10,18,1610612746,LAC,LA Clippers,1610612751,BKN,Brooklyn Nets
0022300600,2024-01-21,2023-24,regular_season,road,False,1610612751,BKN,Nets,240:00,114,-11,Brooklyn,nets,44,90,0.489,14,39,0.359,12,16,0.75,6,30,36,29,6,5,12,21,1610612746,LAC,LA Clippers,1610612751,BKN,Brooklyn Nets
0022300601,2024-01-21,2023-24,regular_season,home,False,1610612753,ORL,Magic,240:00,105,18,Orlando,magic,37,78,0.474,9,28,0.321,22,28,0.786,12,32,44,21,5,5,14,16,1610612753,ORL,Orlando Magic,1610612748,MIA,Miami Heat
0022300601,2024-01-21,2023-24,regular_season,road,False,1610612748,MIA,Heat,240:00,87,-18,Miami,heat,30,80,0.375,12,37,0.324,15,18,0.833,12,24,36,22,9,1,14,22,1610612753,ORL,Orlando Magic,1610612748,MIA,Miami Heat
0022300602,2024-01-21,2023-24,regular_season,home,False,1610612764,WAS,Wizards,240:00,104,-9,Washington,wizards,39,91,0.429,8,27,0.296,18,22,0.818,12,28,40,31,6,9,13,23,1610612764,WAS,Washington Wizards,1610612743,DEN,Denver Nuggets
0022300602,2024-01-21,2023-24,regular_season,road,False,1610612743,DEN,Nuggets,240:00,113,9,Denver,nuggets,43,88,0.489,8,22,0.364,19,28,0.679,13,37,50,29,9,11,13,16,1610612764,WAS,Washington Wizards,1610612743,DEN,Denver Nuggets
0022300603,2024-01-21,2023-24,regular_season,home,False,1610612745,HOU,Rockets,240:00,107,-9,Houston,rockets,41,94,0.436,10,35,0.286,15,22,0.682,11,38,49,26,9,3,15,17,1610612745,HOU,Houston Rockets,1610612738,BOS,Boston Celtics
0022300603,2024-01-21,2023-24,regular_season,road,False,1610612738,BOS,Celtics,240:00,116,9,Boston,celtics,43,98,0.439,17,47,0.362,13,18,0.722,16,39,55,31,10,12,16,17,1610612745,HOU,Houston Rockets,1610612738,BOS,Boston Celtics
0022300604,2024-01-21,2023-24,regular_season,home,False,1610612756,PHX,Suns,240:00,117,7,Phoenix,suns,47,82,0.573,8,25,0.32,15,18,0.833,6,38,44,25,7,5,16,24,1610612756,PHX,Phoenix Suns,1610612754,IND,Indiana Pacers
0022300604,2024-01-21,2023-24,regular_season,road,False,1610612754,IND,Pacers,240:00,110,-7,Indiana,pacers,41,94,0.436,14,31,0.452,14,23,0.609,14,26,40,28,9,4,11,20,1610612756,PHX,Phoenix Suns,1610612754,IND,Indiana Pacers
0022300605,2024-01-21,2023-24,regular_season,home,False,1610612747,LAL,Lakers,240:00,134,24,Los Angeles,lakers,47,86,0.547,13,33,0.394,27,29,0.931,10,35,45,28,9,6,12,18,1610612747,LAL,Los Angeles Lakers,1610612757,POR,Portland Trail Blazers
0022300605,2024-01-21,2023-24,regular_season,road,False,1610612757,POR,Trail Blazers,240:00,110,-24,Portland,blazers,42,90,0.467,9,29,0.31,17,20,0.85,10,25,35,24,7,5,12,21,1610612747,LAL,Los Angeles Lakers,1610612757,POR,Portland Trail Blazers
0022300606,2024-01-22,2023-24,regular_season,home,False,1610612765,DET,Pistons,240:00,113,-9,Detroit,pistons,40,89,0.449,10,30,0.333,23,29,0.793,6,36,42,25,4,9,10,25,1610612765,DET,Detroit Pistons,1610612749,MIL,Milwaukee Bucks
0022300606,2024-01-22,2023-24,regular_season,road,False,1610612749,MIL,Bucks,240:00,122,9,Milwaukee,bucks,42,94,0.447,10,39,0.256,28,34,0.824,10,39,49,26,7,8,9,22,1610612765,DET,Detroit Pistons,1610612749,MIL,Milwaukee Bucks
0022300607,2024-01-22,2023-24,regular_season,home,False,1610612753,ORL,Magic,240:00,99,-27,Orlando,magic,34,74,0.459,11,29,0.379,20,30,0.667,8,26,34,25,7,0,15,17,1610612753,ORL,Orlando Magic,1610612739,CLE,Cleveland Cavaliers
0022300607,2024-01-22,2023-24,regular_season,road,False,1610612739,CLE,Cavaliers,240:00,126,27,Cleveland,cavaliers,45,80,0.563,20,38,0.526,16,22,0.727,9,30,39,29,10,4,9,20,1610612753,ORL,Orlando Magic,1610612739,CLE,Cleveland Cavaliers
0022300608,2024-01-22,2023-24,regular_season,home,False,1610612755,PHI,76ers,240:00,133,10,Philadelphia,sixers,48,97,0.495,5,20,0.25,32,40,0.8,19,29,48,28,5,3,4,20,1610612755,PHI,Philadelphia 76ers,1610612759,SAS,San Antonio Spurs
0022300608,2024-01-22,2023-24,regular_season,road,False,1610612759,SAS,Spurs,240:00,123,-10,San Antonio,spurs,43,93,0.462,13,41,0.317,24,27,0.889,13,30,43,29,3,3,8,22,1610612755,PHI,Philadelphia 76ers,1610612759,SAS,San Antonio Spurs
0022300609,2024-01-22,2023-24,regular_season,home,False,1610612761,TOR,Raptors,240:00,100,-8,Toronto,raptors,35,79,0.443,8,23,0.348,22,23,0.957,12,35,47,31,7,8,17,14,1610612761,TOR,Toronto Raptors,1610612763,MEM,Memphis Grizzlies
0022300609,2024-01-22,2023-24,regular_season,road,False,1610612763,MEM,Grizzlies,240:00,108,8,Memphis,grizzlies,44,95,0.463,13,34,0.382,7,12,0.583,19,28,47,30,11,8,15,15,1610612761,TOR,Toronto Raptors,1610612763,MEM,Memphis Grizzlies
0022300610,2024-01-22,2023-24,regular_season,home,False,1610612750,MIN,Timberwolves,240:00,125,-3,Minnesota,timberwolves,44,84,0.524,18,41,0.439,19,25,0.76,6,30,36,34,4,1,13,15,1610612750,MIN,Minnesota Timberwolves,1610612766,CHA,Charlotte Hornets
0022300610,2024-01-22,2023-24,regular_season,road,False,1610612766,CHA,Hornets,240:00,128,3,Charlotte,hornets,50,88,0.568,14,37,0.378,14,18,0.778,7,28,35,30,8,4,10,20,1610612750,MIN,Minnesota Timberwolves,1610612766,CHA,Charlotte Hornets
0022300611,2024-01-22,2023-24,regular_season,home,False,1610612742,DAL,Mavericks,240:00,110,-9,Dallas,mavericks,43,97,0.443,14,40,0.35,10,14,0.714,10,38,48,24,4,4,10,20,1610612742,DAL,Dallas Mavericks,1610612738,BOS,Boston Celtics
0022300611,2024-01-22,2023-24,regular_season,road,False,1610612738,BOS,Celtics,240:00,119,9,Boston,celtics,41,88,0.466,15,46,0.326,22,30,0.733,5,39,44,26,7,8,6,20,1610612742,DAL,Dallas Mavericks,1610612738,BOS,Boston Celtics
0022300612,2024-01-22,2023-24,regular_season,home,False,1610612756,PHX,Suns,240:00,115,2,Phoenix,suns,44,85,0.518,14,34,0.412,13,17,0.765,5,34,39,32,5,5,7,13,1610612756,PHX,Phoenix Suns,1610612741,CHI,Chicago Bulls
0022300612,2024-01-22,2023-24,regular_season,road,False,1610612741,CHI,Bulls,240:00,113,-2,Chicago,bulls,45,93,0.484,14,37,0.378,9,14,0.643,14,33,47,25,6,4,10,18,1610612756,PHX,Phoenix Suns,1610612741,CHI,Chicago Bulls
0022300613,2024-01-22,2023-24,regular_season,home,False,1610612758,SAC,Kings,240:00,122,15,Sacramento,kings,43,93,0.462,12,38,0.316,24,27,0.889,10,41,51,22,8,2,8,21,1610612758,SAC,Sacramento Kings,1610612737,ATL,Atlanta Hawks
0022300613,2024-01-22,2023-24,regular_season,road,False,1610612737,ATL,Hawks,240:00,107,-15,Atlanta,hawks,36,93,0.387,14,40,0.35,21,27,0.778,13,37,50,19,2,7,12,19,1610612758,SAC,Sacramento Kings,1610612737,ATL,Atlanta Hawks
0022300614,2024-01-23,2023-24,regular_season,home,False,1610612754,IND,Pacers,240:00,109,-5,Indiana,pacers,43,87,0.494,5,21,0.238,18,21,0.857,7,31,38,24,4,1,10,16,1610612754,IND,Indiana Pacers,1610612743,DEN,Denver Nuggets
0022300614,2024-01-23,2023-24,regular_season,road,False,1610612743,DEN,Nuggets,240:00,114,5,Denver,nuggets,44,88,0.5,11,33,0.333,15,17,0.882,11,31,42,22,5,9,10,17,1610612754,IND,Indiana Pacers,1610612743,DEN,Denver Nuggets
0022300615,2024-01-23,2023-24,regular_season,home,False,1610612751,BKN,Nets,240:00,103,-5,Brooklyn,nets,42,95,0.442,15,42,0.357,4,5,0.8,13,27,40,29,7,5,13,19,1610612751,BKN,Brooklyn Nets,1610612752,NYK,New York Knicks
0022300615,2024-01-23,2023-24,regular_season,road,False,1610612752,NYK,Knicks,240:00,108,5,New York,knicks,40,86,0.465,10,29,0.345,18,19,0.947,11,31,42,21,8,8,13,13,1610612751,BKN,Brooklyn Nets,1610612752,NYK,New York Knicks
0022300616,2024-01-23,2023-24,regular_season,home,False,1610612740,NOP,Pelicans,240:00,153,29,New Orleans,pelicans,60,104,0.577,23,46,0.5,10,15,0.667,12,45,57,41,5,4,9,24,1610612740,NOP,New Orleans Pelicans,1610612762,UTA,Utah Jazz
0022300616,2024-01-23,2023-24,regular_season,road,False,1610612762,UTA,Jazz,240:00,124,-29,Utah,jazz,43,92,0.467,12,36,0.333,26,32,0.813,6,32,38,27,4,8,8,15,1610612740,NOP,New Orleans Pelicans,1610612762,UTA,Utah Jazz
0022300617,2024-01-23,2023-24,regular_season,home,False,1610612760,OKC,Thunder,240:00,111,2,Oklahoma City,thunder,43,89,0.483,7,23,0.304,18,28,0.643,10,33,43,23,9,10,12,18,1610612760,OKC,Oklahoma City Thunder,1610612757,POR,Portland Trail Blazers
0022300617,2024-01-23,2023-24,regular_season,road,False,1610612757,POR,Trail Blazers,240:00,109,-2,Portland,blazers,37,86,0.43,18,39,0.462,17,21,0.81,12,34,46,27,6,6,19,19,1610612760,OKC,Oklahoma City Thunder,1610612757,POR,Portland Trail Blazers
0022300618,2024-01-23,2023-24,regular_season,home,False,1610612746,LAC,Clippers,240:00,127,11,LA,clippers,52,88,0.591,14,27,0.519,9,12,0.75,6,30,36,33,8,5,14,17,1610612746,LAC,LA Clippers,1610612747,LAL,Los Angeles Lakers
0022300618,2024-01-23,2023-24,regular_season,road,False,1610612747,LAL,Lakers,240:00,116,-11,Los Angeles,lakers,45,92,0.489,11,32,0.344,15,22,0.682,13,28,41,27,9,8,15,15,1610612746,LAC,LA Clippers,1610612747,LAL,Los Angeles Lakers
0022300619,2024-01-24,2023-24,regular_season,home,False,1610612765,DET,Pistons,240:00,113,7,Detroit,pistons,43,86,0.5,15,38,0.395,12,20,0.6,5,39,44,26,4,0,11,17,1610612765,DET,Detroit Pistons,1610612766,CHA,Charlotte Hornets
0022300619,2024-01-24,2023-24,regular_season,road,False,1610612766,CHA,Hornets,240:00,106,-7,Charlotte,hornets,38,87,0.437,15,38,0.395,15,19,0.789,9,39,48,27,5,5,11,22,1610612765,DET,Detroit Pistons,1610612766,CHA,Charlotte Hornets
0022300620,2024-01-24,2023-24,regular_season,home,False,1610612764,WAS,Wizards,240:00,107,-11,Washington,wizards,37,77,0.481,10,24,0.417,23,29,0.793,7,42,49,31,2,3,21,22,1610612764,WAS,Washington Wizards,1610612750,MIN,Minnesota Timberwolves
0022300620,2024-01-24,2023-24,regular_season,road,False,1610612750,MIN,Timberwolves,240:00,118,11,Minnesota,timberwolves,42,100,0.42,9,32,0.281,25,29,0.862,15,33,48,26,8,7,7,22,1610612764,WAS,Washington Wizards,1610612750,MIN,Minnesota Timberwolves
0022300621,2024-01-24,2023-24,regular_season,home,False,1610612748,MIA,Heat,240:00,96,-9,Miami,heat,33,82,0.402,11,34,0.324,19,25,0.76,11,33,44,21,9,9,17,17,1610612748,MIA,Miami Heat,1610612763,MEM,Memphis Grizzlies
0022300621,2024-01-24,2023-24,regular_season,road,False,1610612763,MEM,Grizzlies,240:00,105,9,Memphis,grizzlies,36,80,0.45,17,36,0.472,16,19,0.842,7,37,44,30,8,6,18,19,1610612748,MIA,Miami Heat,1610612763,MEM,Memphis Grizzlies
0022300622,2024-01-24,2023-24,regular_season,home,False,1610612759,SAS,Spurs,240:00,114,-26,San Antonio,spurs,43,86,0.5,9,32,0.281,19,25,0.76,12,26,38,30,7,11,18,14,1610612759,SAS,San Antonio Spurs,1610612760,OKC,Oklahoma City Thunder
0022300622,2024-01-24,2023-24,regular_season,road,False,1610612760,OKC,Thunder,240:00,140,26,Oklahoma City,thunder,54,96,0.563,18,40,0.45,14,16,0.875,16,31,47,36,11,8,15,20,1610612759,SAS,San Antonio Spurs,1610612760,OKC,Oklahoma City Thunder
0022300623,2024-01-24,2023-24,regular_season,home,False,1610612745,HOU,Rockets,265:00,131,-6,Houston,rockets,50,94,0.532,12,36,0.333,19,22,0.864,8,29,37,29,8,6,8,19,1610612745,HOU,Houston Rockets,1610612757,POR,Portland Trail Blazers
0022300623,2024-01-24,2023-24,regular_season,road,False,1610612757,POR,Trail Blazers,265:00,137,6,Portland,blazers,50,98,0.51,15,35,0.429,22,24,0.917,13,35,48,31,6,4,12,18,1610612745,HOU,Houston Rockets,1610612757,POR,Portland Trail Blazers
0022300624,2024-01-24,2023-24,regular_season,home,False,1610612749,MIL,Bucks,240:00,126,10,Milwaukee,bucks,45,90,0.5,11,29,0.379,25,28,0.893,10,36,46,24,9,3,11,16,1610612749,MIL,Milwaukee Bucks,1610612739,CLE,Cleveland Cavaliers
0022300624,2024-01-24,2023-24,regular_season,road,False,1610612739,CLE,Cavaliers,240:00,116,-10,Cleveland,cavaliers,46,91,0.505,13,38,0.342,11,15,0.733,6,33,39,26,5,2,12,18,1610612749,MIL,Milwaukee Bucks,1610612739,CLE,Cleveland Cavaliers
0022300625,2024-01-24,2023-24,regular_season,home,False,1610612742,DAL,Mavericks,240:00,109,-23,Dallas,mavericks,41,89,0.461,17,43,0.395,10,18,0.556,10,23,33,25,4,3,14,16,1610612742,DAL,Dallas Mavericks,1610612756,PHX,Phoenix Suns
0022300625,2024-01-24,2023-24,regular_season,road,False,1610612756,PHX,Suns,240:00,132,23,Phoenix,suns,51,85,0.6,14,34,0.412,16,22,0.727,11,38,49,30,10,4,15,20,1610612742,DAL,Dallas Mavericks,1610612756,PHX,Phoenix Suns
0022300626,2024-01-24,2023-24,regular_season,home,False,1610612744,GSW,Warriors,240:00,134,22,Golden State,warriors,51,91,0.56,16,33,0.485,16,22,0.727,11,38,49,26,6,9,10,18,1610612744,GSW,Golden State Warriors,1610612737,ATL,Atlanta Hawks
0022300626,2024-01-24,2023-24,regular_season,road,False,1610612737,ATL,Hawks,240:00,112,-22,Atlanta,hawks,39,94,0.415,14,43,0.326,20,26,0.769,13,32,45,30,7,2,10,16,1610612744,GSW,Golden State Warriors,1610612737,ATL,Atlanta Hawks
0022300627,2024-01-25,2023-24,regular_season,home,False,1610612754,IND,Pacers,240:00,134,12,Indiana,pacers,53,93,0.57,12,28,0.429,16,21,0.762,12,43,55,35,6,8,21,33,1610612754,IND,Indiana Pacers,1610612755,PHI,Philadelphia 76ers
0022300627,2024-01-25,2023-24,regular_season,road,False,1610612755,PHI,76ers,240:00,122,-12,Philadelphia,sixers,42,87,0.483,7,29,0.241,31,43,0.721,6,25,31,24,13,6,12,20,1610612754,IND,Indiana Pacers,1610612755,PHI,Philadelphia 76ers
0022300628,2024-01-25,2023-24,regular_season,home,False,1610612764,WAS,Wizards,240:00,108,-15,Washington,wizards,43,88,0.489,7,30,0.233,15,20,0.75,5,30,35,33,11,7,11,14,1610612764,WAS,Washington Wizards,1610612762,UTA,Utah Jazz
0022300628,2024-01-25,2023-24,regular_season,road,False,1610612762,UTA,Jazz,240:00,123,15,Utah,jazz,50,97,0.515,13,31,0.419,10,12,0.833,13,39,52,34,6,2,15,19,1610612764,WAS,Washington Wizards,1610612762,UTA,Utah Jazz
0022300629,2024-01-25,2023-24,regular_season,home,False,1610612751,BKN,Nets,240:00,94,-2,Brooklyn,nets,35,77,0.455,10,33,0.303,14,16,0.875,5,27,32,22,7,3,13,15,1610612751,BKN,Brooklyn Nets,1610612750,MIN,Minnesota Timberwolves
0022300629,2024-01-25,2023-24,regular_season,road,False,1610612750,MIN,Timberwolves,240:00,96,2,Minnesota,timberwolves,37,75,0.493,10,21,0.476,12,16,0.75,5,33,38,24,6,4,14,17,1610612751,BKN,Brooklyn Nets,1610612750,MIN,Minnesota Timberwolves
0022300630,2024-01-25,2023-24,regular_season,home,False,1610612748,MIA,Heat,240:00,110,-33,Miami,heat,42,94,0.447,16,42,0.381,10,13,0.769,11,20,31,25,7,1,4,12,1610612748,MIA,Miami Heat,1610612738,BOS,Boston Celtics
0022300630,2024-01-25,2023-24,regular_season,road,False,1610612738,BOS,Celtics,240:00,143,33,Boston,celtics,51,80,0.638,22,40,0.55,19,20,0.95,6,41,47,36,4,5,11,10,1610612748,MIA,Miami Heat,1610612738,BOS,Boston Celtics
0022300631,2024-01-25,2023-24,regular_season,home,False,1610612752,NYK,Knicks,240:00,122,38,New York,knicks,45,85,0.529,15,38,0.395,17,20,0.85,12,32,44,26,12,3,8,14,1610612752,NYK,New York Knicks,1610612743,DEN,Denver Nuggets
0022300631,2024-01-25,2023-24,regular_season,road,False,1610612743,DEN,Nuggets,240:00,84,-38,Denver,nuggets,34,84,0.405,5,26,0.192,11,13,0.846,13,27,40,20,2,2,19,20,1610612752,NYK,New York Knicks,1610612743,DEN,Denver Nuggets
0022300632,2024-01-25,2023-24,regular_season,home,False,1610612744,GSW,Warriors,240:00,133,-1,Golden State,warriors,48,86,0.558,19,37,0.514,18,23,0.783,6,27,33,30,7,3,13,19,1610612744,GSW,Golden State Warriors,1610612758,SAC,Sacramento Kings
0022300632,2024-01-25,2023-24,regular_season,road,False,1610612758,SAC,Kings,240:00,134,1,Sacramento,kings,48,91,0.527,22,48,0.458,16,19,0.842,8,26,34,33,8,5,10,21,1610612744,GSW,Golden State Warriors,1610612758,SAC,Sacramento Kings
0022300633,2024-01-25,2023-24,regular_season,home,False,1610612747,LAL,Lakers,240:00,141,9,Los Angeles,lakers,53,87,0.609,20,31,0.645,15,20,0.75,5,25,30,35,10,4,12,21,1610612747,LAL,Los Angeles Lakers,1610612741,CHI,Chicago Bulls
0022300633,2024-01-25,2023-24,regular_season,road,False,1610612741,CHI,Bulls,240:00,132,-9,Chicago,bulls,47,88,0.534,12,37,0.324,26,29,0.897,12,27,39,27,7,6,16,18,1610612747,LAL,Los Angeles Lakers,1610612741,CHI,Chicago Bulls
0022300634,2024-01-26,2023-24,regular_season,home,False,1610612737,ATL,Hawks,240:00,143,-5,Atlanta,hawks,51,97,0.526,15,34,0.441,26,30,0.867,12,24,36,32,7,2,7,24,1610612737,ATL,Atlanta Hawks,1610612742,DAL,Dallas Mavericks
0022300634,2024-01-26,2023-24,regular_season,road,False,1610612742,DAL,Mavericks,240:00,148,5,Dallas,mavericks,51,85,0.6,19,35,0.543,27,32,0.844,6,31,37,28,3,5,13,25,1610612737,ATL,Atlanta Hawks,1610612742,DAL,Dallas Mavericks
0022300635,2024-01-26,2023-24,regular_season,home,False,1610612766,CHA,Hornets,240:00,104,-34,Charlotte,hornets,35,85,0.412,9,29,0.31,25,32,0.781,5,27,32,20,6,7,13,25,1610612766,CHA,Charlotte Hornets,1610612745,HOU,Houston Rockets
0022300635,2024-01-26,2023-24,regular_season,road,False,1610612745,HOU,Rockets,240:00,138,34,Houston,rockets,50,89,0.562,13,33,0.394,25,31,0.806,11,42,53,34,7,10,12,20,1610612766,CHA,Charlotte Hornets,1610612745,HOU,Houston Rockets
0022300636,2024-01-26,2023-24,regular_season,home,False,1610612754,IND,Pacers,240:00,133,2,Indiana,pacers,58,109,0.532,8,26,0.308,9,15,0.6,21,27,48,34,8,3,12,17,1610612754,IND,Indiana Pacers,1610612756,PHX,Phoenix Suns
0022300636,2024-01-26,2023-24,regular_season,road,False,1610612756,PHX,Suns,240:00,131,-2,Phoenix,suns,51,89,0.573,13,30,0.433,16,18,0.889,7,31,38,24,8,5,20,17,1610612754,IND,Indiana Pacers,1610612756,PHX,Phoenix Suns
0022300637,2024-01-26,2023-24,regular_season,home,False,1610612761,TOR,Raptors,240:00,107,-20,Toronto,raptors,44,96,0.458,6,32,0.188,13,22,0.591,15,30,45,26,6,3,11,18,1610612761,TOR,Toronto Raptors,1610612746,LAC,LA Clippers
0022300637,2024-01-26,2023-24,regular_season,road,False,1610612746,LAC,Clippers,240:00,127,20,LA,clippers,48,95,0.505,9,32,0.281,22,24,0.917,12,38,50,29,6,7,10,17,1610612761,TOR,Toronto Raptors,1610612746,LAC,LA Clippers
0022300638,2024-01-26,2023-24,regular_season,home,False,1610612763,MEM,Grizzlies,240:00,107,1,Memphis,grizzlies,42,90,0.467,15,41,0.366,8,13,0.615,9,34,43,30,9,7,13,21,1610612763,MEM,Memphis Grizzlies,1610612753,ORL,Orlando Magic
0022300638,2024-01-26,2023-24,regular_season,road,False,1610612753,ORL,Magic,240:00,106,-1,Orlando,magic,38,81,0.469,9,34,0.265,21,29,0.724,9,31,40,21,8,4,11,14,1610612763,MEM,Memphis Grizzlies,1610612753,ORL,Orlando Magic
0022300639,2024-01-26,2023-24,regular_season,home,False,1610612749,MIL,Bucks,240:00,100,-12,Milwaukee,bucks,35,87,0.402,13,34,0.382,17,24,0.708,12,39,51,21,6,4,18,24,1610612749,MIL,Milwaukee Bucks,1610612739,CLE,Cleveland Cavaliers
0022300639,2024-01-26,2023-24,regular_season,road,False,1610612739,CLE,Cavaliers,240:00,112,12,Cleveland,cavaliers,38,92,0.413,14,36,0.389,22,31,0.71,15,36,51,20,7,8,13,22,1610612749,MIL,Milwaukee Bucks,1610612739,CLE,Cleveland Cavaliers
0022300640,2024-01-26,2023-24,regular_season,home,False,1610612740,NOP,Pelicans,240:00,83,-24,New Orleans,pelicans,32,82,0.39,9,36,0.25,10,14,0.714,8,33,41,24,9,5,20,16,1610612740,NOP,New Orleans Pelicans,1610612760,OKC,Oklahoma City Thunder
0022300640,2024-01-26,2023-24,regular_season,road,False,1610612760,OKC,Thunder,240:00,107,24,Oklahoma City,thunder,42,88,0.477,10,33,0.303,13,14,0.929,6,39,45,22,11,5,11,11,1610612740,NOP,New Orleans Pelicans,1610612760,OKC,Oklahoma City Thunder
0022300641,2024-01-26,2023-24,regular_season,home,False,1610612759,SAS,Spurs,240:00,116,16,San Antonio,spurs,42,92,0.457,10,34,0.294,22,26,0.846,17,42,59,30,12,5,17,11,1610612759,SAS,San Antonio Spurs,1610612757,POR,Portland Trail Blazers
0022300641,2024-01-26,2023-24,regular_season,road,False,1610612757,POR,Trail Blazers,240:00,100,-16,Portland,blazers,38,90,0.422,10,37,0.27,14,19,0.737,8,29,37,23,11,3,13,20,1610612759,SAS,San Antonio Spurs,1610612757,POR,Portland Trail Blazers
0022300642,2024-01-27,2023-24,regular_season,home,False,1610612765,DET,Pistons,240:00,104,-14,Detroit,pistons,37,85,0.435,9,32,0.281,21,27,0.778,11,34,45,22,2,8,17,20,1610612765,DET,Detroit Pistons,1610612764,WAS,Washington Wizards
0022300642,2024-01-27,2023-24,regular_season,road,False,1610612764,WAS,Wizards,240:00,118,14,Washington,wizards,45,100,0.45,11,34,0.324,17,21,0.81,16,34,50,26,10,4,9,19,1610612765,DET,Detroit Pistons,1610612764,WAS,Washington Wizards
0022300643,2024-01-27,2023-24,regular_season,home,False,1610612752,NYK,Knicks,240:00,125,16,New York,knicks,45,87,0.517,17,33,0.515,18,26,0.692,11,35,46,25,6,3,7,15,1610612752,NYK,New York Knicks,1610612748,MIA,Miami Heat
0022300643,2024-01-27,2023-24,regular_season,road,False,1610612748,MIA,Heat,240:00,109,-16,Miami,heat,41,88,0.466,14,37,0.378,13,16,0.813,8,30,38,26,6,4,8,18,1610612752,NYK,New York Knicks,1610612748,MIA,Miami Heat
0022300644,2024-01-27,2023-24,regular_season,home,False,1610612743,DEN,Nuggets,240:00,111,6,Denver,nuggets,37,82,0.451,13,37,0.351,24,38,0.632,13,31,44,25,5,3,7,15,1610612743,DEN,Denver Nuggets,1610612755,PHI,Philadelphia 76ers
0022300644,2024-01-27,2023-24,regular_season,road,False,1610612755,PHI,76ers,240:00,105,-6,Philadelphia,sixers,43,81,0.531,6,22,0.273,13,16,0.813,6,33,39,25,5,6,11,29,1610612743,DEN,Denver Nuggets,1610612755,PHI,Philadelphia 76ers
0022300645,2024-01-27,2023-24,regular_season,home,False,1610612751,BKN,Nets,240:00,106,2,Brooklyn,nets,36,74,0.486,12,34,0.353,22,37,0.595,2,38,40,24,11,6,19,22,1610612751,BKN,Brooklyn Nets,1610612745,HOU,Houston Rockets
0022300645,2024-01-27,2023-24,regular_season,road,False,1610612745,HOU,Rockets,240:00,104,-2,Houston,rockets,37,94,0.394,10,37,0.27,20,23,0.87,15,40,55,20,6,3,17,29,1610612751,BKN,Brooklyn Nets,1610612745,HOU,Houston Rockets
0022300646,2024-01-27,2023-24,regular_season,home,False,1610612738,BOS,Celtics,240:00,96,-19,Boston,celtics,36,100,0.36,10,40,0.25,14,16,0.875,18,34,52,21,2,9,11,13,1610612738,BOS,Boston Celtics,1610612746,LAC,LA Clippers
0022300646,2024-01-27,2023-24,regular_season,road,False,1610612746,LAC,Clippers,240:00,115,19,LA,clippers,45,102,0.441,10,40,0.25,15,18,0.833,15,43,58,28,8,8,7,20,1610612738,BOS,Boston Celtics,1610612746,LAC,LA Clippers
0022300647,2024-01-27,2023-24,regular_season,home,False,1610612766,CHA,Hornets,240:00,122,-12,Charlotte,hornets,47,92,0.511,13,32,0.406,15,21,0.714,9,26,35,35,7,6,10,22,1610612766,CHA,Charlotte Hornets,1610612762,UTA,Utah Jazz
0022300647,2024-01-27,2023-24,regular_season,road,False,1610612762,UTA,Jazz,240:00,134,12,Utah,jazz,52,93,0.559,17,41,0.415,13,17,0.765,15,34,49,38,6,6,13,18,1610612766,CHA,Charlotte Hornets,1610612762,UTA,Utah Jazz
0022300648,2024-01-27,2023-24,regular_season,home,False,1610612749,MIL,Bucks,240:00,141,24,Milwaukee,bucks,51,91,0.56,20,45,0.444,19,25,0.76,6,39,45,30,12,0,9,25,1610612749,MIL,Milwaukee Bucks,1610612740,NOP,New Orleans Pelicans
0022300648,2024-01-27,2023-24,regular_season,road,False,1610612740,NOP,Pelicans,240:00,117,-24,New Orleans,pelicans,40,85,0.471,9,23,0.391,28,36,0.778,9,34,43,20,5,3,14,17,1610612749,MIL,Milwaukee Bucks,1610612740,NOP,New Orleans Pelicans
0022300649,2024-01-27,2023-24,regular_season,home,False,1610612759,SAS,Spurs,240:00,113,1,San Antonio,spurs,46,84,0.548,13,30,0.433,8,15,0.533,14,25,39,35,7,7,15,14,1610612759,SAS,San Antonio Spurs,1610612750,MIN,Minnesota Timberwolves
0022300649,2024-01-27,2023-24,regular_season,road,False,1610612750,MIN,Timberwolves,240:00,112,-1,Minnesota,timberwolves,45,79,0.57,14,26,0.538,8,15,0.533,7,25,32,30,9,6,13,13,1610612759,SAS,San Antonio Spurs,1610612750,MIN,Minnesota Timberwolves
0022300650,2024-01-27,2023-24,regular_season,home,False,1610612744,GSW,Warriors,290:00,144,-1,Golden State,warriors,55,119,0.462,23,58,0.397,11,16,0.688,11,39,50,37,11,3,17,34,1610612744,GSW,Golden State Warriors,1610612747,LAL,Los Angeles Lakers
0022300650,2024-01-27,2023-24,regular_season,road,False,1610612747,LAL,Lakers,290:00,145,1,Los Angeles,lakers,49,101,0.485,9,27,0.333,38,43,0.884,7,48,55,33,9,5,19,21,1610612744,GSW,Golden State Warriors,1610612747,LAL,Los Angeles Lakers
0022300651,2024-01-27,2023-24,regular_season,home,False,1610612742,DAL,Mavericks,240:00,115,-5,Dallas,mavericks,43,98,0.439,16,46,0.348,13,18,0.722,13,30,43,35,7,2,10,24,1610612742,DAL,Dallas Mavericks,1610612758,SAC,Sacramento Kings
0022300651,2024-01-27,2023-24,regular_season,road,False,1610612758,SAC,Kings,240:00,120,5,Sacramento,kings,43,80,0.538,11,30,0.367,23,30,0.767,6,33,39,27,4,10,13,20,1610612742,DAL,Dallas Mavericks,1610612758,SAC,Sacramento Kings
0022300652,2024-01-28,2023-24,regular_season,home,False,1610612754,IND,Pacers,240:00,116,6,Indiana,pacers,44,90,0.489,13,35,0.371,15,16,0.938,11,33,44,31,8,6,10,26,1610612754,IND,Indiana Pacers,1610612763,MEM,Memphis Grizzlies
0022300652,2024-01-28,2023-24,regular_season,road,False,1610612763,MEM,Grizzlies,240:00,110,-6,Memphis,grizzlies,38,82,0.463,11,30,0.367,23,31,0.742,13,32,45,20,5,7,13,20,1610612754,IND,Indiana Pacers,1610612763,MEM,Memphis Grizzlies
0022300653,2024-01-28,2023-24,regular_season,home,False,1610612737,ATL,Hawks,240:00,126,1,Atlanta,hawks,44,95,0.463,6,27,0.222,32,40,0.8,20,31,51,27,7,4,14,21,1610612737,ATL,Atlanta Hawks,1610612761,TOR,Toronto Raptors
0022300653,2024-01-28,2023-24,regular_season,road,False,1610612761,TOR,Raptors,240:00,125,-1,Toronto,raptors,41,89,0.461,15,31,0.484,28,32,0.875,15,31,46,29,12,3,14,30,1610612737,ATL,Atlanta Hawks,1610612761,TOR,Toronto Raptors
0022300654,2024-01-28,2023-24,regular_season,home,False,1610612765,DET,Pistons,240:00,120,16,Detroit,pistons,47,95,0.495,11,26,0.423,15,19,0.789,15,38,53,27,6,2,9,11,1610612765,DET,Detroit Pistons,1610612760,OKC,Oklahoma City Thunder
0022300654,2024-01-28,2023-24,regular_season,road,False,1610612760,OKC,Thunder,240:00,104,-16,Oklahoma City,thunder,44,92,0.478,8,28,0.286,8,12,0.667,11,32,43,17,7,5,10,18,1610612765,DET,Detroit Pistons,1610612760,OKC,Oklahoma City Thunder
0022300655,2024-01-28,2023-24,regular_season,home,False,1610612753,ORL,Magic,240:00,113,15,Orlando,magic,41,92,0.446,12,36,0.333,19,26,0.731,11,29,40,30,12,7,7,21,1610612753,ORL,Orlando Magic,1610612756,PHX,Phoenix Suns
0022300655,2024-01-28,2023-24,regular_season,road,False,1610612756,PHX,Suns,240:00,98,-15,Phoenix,suns,41,73,0.562,4,14,0.286,12,21,0.571,6,33,39,19,4,5,22,19,1610612753,ORL,Orlando Magic,1610612756,PHX,Phoenix Suns
0022300656,2024-01-28,2023-24,regular_season,home,False,1610612757,POR,Trail Blazers,240:00,96,-8,Portland,blazers,32,79,0.405,6,33,0.182,26,29,0.897,7,41,48,22,2,5,13,21,1610612757,POR,Portland Trail Blazers,1610612741,CHI,Chicago Bulls
0022300656,2024-01-28,2023-24,regular_season,road,False,1610612741,CHI,Bulls,240:00,104,8,Chicago,bulls,42,90,0.467,8,32,0.25,12,17,0.706,5,35,40,27,7,10,4,19,1610612757,POR,Portland Trail Blazers,1610612741,CHI,Chicago Bulls
0022300657,2024-01-29,2023-24,regular_season,home,False,1610612766,CHA,Hornets,240:00,92,-21,Charlotte,hornets,37,81,0.457,11,32,0.344,7,14,0.5,9,32,41,23,4,6,13,14,1610612766,CHA,Charlotte Hornets,1610612752,NYK,New York Knicks
0022300657,2024-01-29,2023-24,regular_season,road,False,1610612752,NYK,Knicks,240:00,113,21,New York,knicks,44,84,0.524,12,37,0.324,13,16,0.813,7,35,42,25,5,3,9,16,1610612766,CHA,Charlotte Hornets,1610612752,NYK,New York Knicks
0022300658,2024-01-29,2023-24,regular_season,home,False,1610612739,CLE,Cavaliers,240:00,118,10,Cleveland,cavaliers,42,86,0.488,13,40,0.325,21,26,0.808,11,35,46,28,6,3,13,18,1610612739,CLE,Cleveland Cavaliers,1610612746,LAC,LA Clippers
0022300658,2024-01-29,2023-24,regular_season,road,False,1610612746,LAC,Clippers,240:00,108,-10,LA,clippers,38,80,0.475,11,34,0.324,21,28,0.75,6,31,37,28,8,3,12,21,1610612739,CLE,Cleveland Cavaliers,1610612746,LAC,LA Clippers
0022300659,2024-01-29,2023-24,regular_season,home,False,1610612738,BOS,Celtics,240:00,118,6,Boston,celtics,43,85,0.506,17,46,0.37,15,20,0.75,6,34,40,27,7,5,11,15,1610612738,BOS,Boston Celtics,1610612740,NOP,New Orleans Pelicans
0022300659,2024-01-29,2023-24,regular_season,road,False,1610612740,NOP,Pelicans,240:00,112,-6,New Orleans,pelicans,46,91,0.505,10,35,0.286,10,13,0.769,9,31,40,21,7,6,12,14,1610612738,BOS,Boston Celtics,1610612740,NOP,New Orleans Pelicans
0022300660,2024-01-29,2023-24,regular_season,home,False,1610612751,BKN,Nets,240:00,147,33,Brooklyn,nets,54,105,0.514,21,45,0.467,18,19,0.947,16,34,50,41,12,9,8,24,1610612751,BKN,Brooklyn Nets,1610612762,UTA,Utah Jazz
0022300660,2024-01-29,2023-24,regular_season,road,False,1610612762,UTA,Jazz,240:00,114,-33,Utah,jazz,39,86,0.453,9,27,0.333,27,34,0.794,12,32,44,23,3,7,17,14,1610612751,BKN,Brooklyn Nets,1610612762,UTA,Utah Jazz
0022300661,2024-01-29,2023-24,regular_season,home,False,1610612748,MIA,Heat,240:00,105,-13,Miami,heat,33,84,0.393,14,36,0.389,25,25,1.0,8,36,44,20,5,5,11,18,1610612748,MIA,Miami Heat,1610612756,PHX,Phoenix Suns
0022300661,2024-01-29,2023-24,regular_season,road,False,1610612756,PHX,Suns,240:00,118,13,Phoenix,suns,46,94,0.489,14,40,0.35,12,17,0.706,10,37,47,30,8,8,7,16,1610612748,MIA,Miami Heat,1610612756,PHX,Phoenix Suns
0022300662,2024-01-29,2023-24,regular_season,home,False,1610612745,HOU,Rockets,240:00,135,16,Houston,rockets,52,98,0.531,12,36,0.333,19,25,0.76,14,42,56,36,10,2,15,19,1610612745,HOU,Houston Rockets,1610612747,LAL,Los Angeles Lakers
0022300662,2024-01-29,2023-24,regular_season,road,False,1610612747,LAL,Lakers,240:00,119,-16,Los Angeles,lakers,45,91,0.495,13,35,0.371,16,26,0.615,4,31,35,26,10,6,12,13,1610612745,HOU,Houston Rockets,1610612747,LAL,Los Angeles Lakers
0022300663,2024-01-29,2023-24,regular_season,home,False,1610612763,MEM,Grizzlies,240:00,94,-9,Memphis,grizzlies,30,80,0.375,13,36,0.361,21,28,0.75,9,28,37,22,11,1,14,16,1610612763,MEM,Memphis Grizzlies,1610612758,SAC,Sacramento Kings
0022300663,2024-01-29,2023-24,regular_season,road,False,1610612758,SAC,Kings,240:00,103,9,Sacramento,kings,43,84,0.512,11,38,0.289,6,10,0.6,11,40,51,24,10,1,19,17,1610612763,MEM,Memphis Grizzlies,1610612758,SAC,Sacramento Kings
0022300664,2024-01-29,2023-24,regular_season,home,False,1610612760,OKC,Thunder,240:00,101,-6,Oklahoma City,thunder,35,79,0.443,14,35,0.4,17,22,0.773,8,30,38,21,5,7,12,17,1610612760,OKC,Oklahoma City Thunder,1610612750,MIN,Minnesota Timberwolves
0022300664,2024-01-29,2023-24,regular_season,road,False,1610612750,MIN,Timberwolves,240:00,107,6,Minnesota,timberwolves,40,83,0.482,14,29,0.483,13,15,0.867,9,36,45,21,7,2,13,19,1610612760,OKC,Oklahoma City Thunder,1610612750,MIN,Minnesota Timberwolves
0022300665,2024-01-29,2023-24,regular_season,home,False,1610612759,SAS,Spurs,240:00,113,-5,San Antonio,spurs,43,92,0.467,12,30,0.4,15,17,0.882,10,26,36,31,10,7,14,17,1610612759,SAS,San Antonio Spurs,1610612764,WAS,Washington Wizards
0022300665,2024-01-29,2023-24,regular_season,road,False,1610612764,WAS,Wizards,240:00,118,5,Washington,wizards,46,86,0.535,9,25,0.36,17,24,0.708,14,31,45,32,9,8,18,15,1610612759,SAS,San Antonio Spurs,1610612764,WAS,Washington Wizards
0022300666,2024-01-29,2023-24,regular_season,home,False,1610612742,DAL,Mavericks,240:00,131,2,Dallas,mavericks,43,69,0.623,13,27,0.481,32,43,0.744,3,32,35,27,6,2,15,24,1610612742,DAL,Dallas Mavericks,1610612753,ORL,Orlando Magic
0022300666,2024-01-29,2023-24,regular_season,road,False,1610612753,ORL,Magic,240:00,129,-2,Orlando,magic,45,88,0.511,18,38,0.474,21,28,0.75,12,23,35,27,7,1,11,33,1610612742,DAL,Dallas Mavericks,1610612753,ORL,Orlando Magic
0022300667,2024-01-29,2023-24,regular_season,home,False,1610612743,DEN,Nuggets,240:00,113,6,Denver,nuggets,44,91,0.484,4,18,0.222,21,24,0.875,9,38,47,29,7,4,8,22,1610612743,DEN,Denver Nuggets,1610612749,MIL,Milwaukee Bucks
0022300667,2024-01-29,2023-24,regular_season,road,False,1610612749,MIL,Bucks,240:00,107,-6,Milwaukee,bucks,36,84,0.429,16,40,0.4,19,25,0.76,7,33,40,24,3,7,12,22,1610612743,DEN,Denver Nuggets,1610612749,MIL,Milwaukee Bucks
0022300668,2024-01-29,2023-24,regular_season,home,False,1610612757,POR,Trail Blazers,240:00,130,26,Portland,blazers,46,84,0.548,12,28,0.429,26,29,0.897,11,28,39,29,7,5,13,24,1610612757,POR,Portland Trail Blazers,1610612755,PHI,Philadelphia 76ers
0022300668,2024-01-29,2023-24,regular_season,road,False,1610612755,PHI,76ers,240:00,104,-26,Philadelphia,sixers,37,83,0.446,5,29,0.172,25,28,0.893,12,22,34,17,6,5,14,25,1610612757,POR,Portland Trail Blazers,1610612755,PHI,Philadelphia 76ers
0022300669,2024-01-30,2023-24,regular_season,home,False,1610612737,ATL,Hawks,240:00,138,16,Atlanta,hawks,53,101,0.525,16,38,0.421,16,18,0.889,12,34,46,32,10,2,12,18,1610612737,ATL,Atlanta Hawks,1610612747,LAL,Los Angeles Lakers
0022300669,2024-01-30,2023-24,regular_season,road,False,1610612747,LAL,Lakers,240:00,122,-16,Los Angeles,lakers,48,90,0.533,12,33,0.364,14,25,0.56,7,30,37,28,12,3,14,16,1610612737,ATL,Atlanta Hawks,1610612747,LAL,Los Angeles Lakers
0022300670,2024-01-30,2023-24,regular_season,home,False,1610612738,BOS,Celtics,240:00,129,5,Boston,celtics,47,87,0.54,17,36,0.472,18,22,0.818,7,33,40,25,6,9,10,16,1610612738,BOS,Boston Celtics,1610612754,IND,Indiana Pacers
0022300670,2024-01-30,2023-24,regular_season,road,False,1610612754,IND,Pacers,240:00,124,-5,Indiana,pacers,50,108,0.463,12,39,0.308,12,15,0.8,19,31,50,33,4,2,7,21,1610612738,BOS,Boston Celtics,1610612754,IND,Indiana Pacers
0022300671,2024-01-30,2023-24,regular_season,home,False,1610612752,NYK,Knicks,240:00,118,15,New York,knicks,44,94,0.468,13,34,0.382,17,18,0.944,14,31,45,29,9,7,5,16,1610612752,NYK,New York Knicks,1610612762,UTA,Utah Jazz
0022300671,2024-01-30,2023-24,regular_season,road,False,1610612762,UTA,Jazz,240:00,103,-15,Utah,jazz,39,86,0.453,12,36,0.333,13,17,0.765,15,28,43,23,3,5,14,16,1610612752,NYK,New York Knicks,1610612762,UTA,Utah Jazz
0022300672,2024-01-30,2023-24,regular_season,home,False,1610612741,CHI,Bulls,240:00,107,-11,Chicago,bulls,38,75,0.507,11,32,0.344,20,27,0.741,6,27,33,21,9,9,17,16,1610612741,CHI,Chicago Bulls,1610612761,TOR,Toronto Raptors
0022300672,2024-01-30,2023-24,regular_season,road,False,1610612761,TOR,Raptors,240:00,118,11,Toronto,raptors,43,83,0.518,14,29,0.483,18,20,0.9,9,29,38,34,10,4,19,20,1610612741,CHI,Chicago Bulls,1610612761,TOR,Toronto Raptors
0022300673,2024-01-30,2023-24,regular_season,home,False,1610612744,GSW,Warriors,240:00,119,12,Golden State,warriors,44,79,0.557,14,32,0.438,17,19,0.895,8,34,42,32,6,6,16,20,1610612744,GSW,Golden State Warriors,1610612755,PHI,Philadelphia 76ers
0022300673,2024-01-30,2023-24,regular_season,road,False,1610612755,PHI,76ers,240:00,107,-12,Philadelphia,sixers,39,85,0.459,13,30,0.433,16,21,0.762,13,26,39,11,14,2,16,24,1610612744,GSW,Golden State Warriors,1610612755,PHI,Philadelphia 76ers
0022300674,2024-01-31,2023-24,regular_season,home,False,1610612766,CHA,Hornets,240:00,110,-7,Charlotte,hornets,40,90,0.444,16,46,0.348,14,17,0.824,9,31,40,25,4,6,9,18,1610612766,CHA,Charlotte Hornets,1610612741,CHI,Chicago Bulls
0022300674,2024-01-31,2023-24,regular_season,road,False,1610612741,CHI,Bulls,240:00,117,7,Chicago,bulls,45,87,0.517,11,29,0.379,16,22,0.727,11,33,44,28,4,7,9,13,1610612766,CHA,Charlotte Hornets,1610612741,CHI,Chicago Bulls
0022300675,2024-01-31,2023-24,regular_season,home,False,1610612739,CLE,Cavaliers,240:00,128,7,Cleveland,cavaliers,47,89,0.528,12,35,0.343,22,23,0.957,10,23,33,26,13,5,9,15,1610612739,CLE,Cleveland Cavaliers,1610612765,DET,Detroit Pistons
0022300675,2024-01-31,2023-24,regular_season,road,False,1610612765,DET,Pistons,240:00,121,-7,Detroit,pistons,45,81,0.556,16,31,0.516,15,19,0.789,7,28,35,27,8,3,17,17,1610612739,CLE,Cleveland Cavaliers,1610612765,DET,Detroit Pistons
0022300676,2024-01-31,2023-24,regular_season,home,False,1610612764,WAS,Wizards,240:00,109,-16,Washington,wizards,45,97,0.464,9,29,0.31,10,15,0.667,12,33,45,19,4,10,13,19,1610612764,WAS,Washington Wizards,1610612746,LAC,LA Clippers
0022300676,2024-01-31,2023-24,regular_season,road,False,1610612746,LAC,Clippers,240:00,125,16,LA,clippers,47,100,0.47,12,30,0.4,19,22,0.864,18,34,52,25,9,7,8,16,1610612764,WAS,Washington Wizards,1610612746,LAC,LA Clippers
0022300677,2024-01-31,2023-24,regular_season,home,False,1610612751,BKN,Nets,240:00,120,-16,Brooklyn,nets,47,94,0.5,16,39,0.41,10,13,0.769,8,19,27,28,11,1,11,24,1610612751,BKN,Brooklyn Nets,1610612756,PHX,Phoenix Suns
0022300677,2024-01-31,2023-24,regular_season,road,False,1610612756,PHX,Suns,240:00,136,16,Phoenix,suns,49,79,0.62,14,28,0.5,24,32,0.75,9,33,42,35,5,6,15,12,1610612751,BKN,Brooklyn Nets,1610612756,PHX,Phoenix Suns
0022300678,2024-01-31,2023-24,regular_season,home,False,1610612748,MIA,Heat,240:00,115,9,Miami,heat,42,84,0.5,13,28,0.464,18,23,0.783,7,42,49,38,3,2,8,16,1610612748,MIA,Miami Heat,1610612758,SAC,Sacramento Kings
0022300678,2024-01-31,2023-24,regular_season,road,False,1610612758,SAC,Kings,240:00,106,-9,Sacramento,kings,41,93,0.441,12,40,0.3,12,18,0.667,12,32,44,26,6,3,9,17,1610612748,MIA,Miami Heat,1610612758,SAC,Sacramento Kings
0022300679,2024-01-31,2023-24,regular_season,home,False,1610612745,HOU,Rockets,240:00,99,-11,Houston,rockets,35,87,0.402,13,44,0.295,16,17,0.941,5,24,29,19,11,2,5,21,1610612745,HOU,Houston Rockets,1610612740,NOP,New Orleans Pelicans
0022300679,2024-01-31,2023-24,regular_season,road,False,1610612740,NOP,Pelicans,240:00,110,11,New Orleans,pelicans,41,82,0.5,11,34,0.324,17,24,0.708,12,44,56,20,3,6,16,22,1610612745,HOU,Houston Rockets,1610612740,NOP,New Orleans Pelicans
0022300680,2024-01-31,2023-24,regular_season,home,False,1610612750,MIN,Timberwolves,240:00,121,34,Minnesota,timberwolves,45,80,0.563,13,30,0.433,18,30,0.6,9,36,45,31,6,4,10,24,1610612750,MIN,Minnesota Timberwolves,1610612742,DAL,Dallas Mavericks
0022300680,2024-01-31,2023-24,regular_season,road,False,1610612742,DAL,Mavericks,240:00,87,-34,Dallas,mavericks,31,76,0.408,6,29,0.207,19,26,0.731,9,22,31,18,4,4,16,24,1610612750,MIN,Minnesota Timberwolves,1610612742,DAL,Dallas Mavericks
0022300681,2024-01-31,2023-24,regular_season,home,False,1610612759,SAS,Spurs,240:00,98,-10,San Antonio,spurs,36,80,0.45,9,31,0.29,17,24,0.708,7,34,41,24,9,9,17,20,1610612759,SAS,San Antonio Spurs,1610612753,ORL,Orlando Magic
0022300681,2024-01-31,2023-24,regular_season,road,False,1610612753,ORL,Magic,240:00,108,10,Orlando,magic,41,86,0.477,7,20,0.35,19,23,0.826,12,33,45,29,10,5,15,20,1610612759,SAS,San Antonio Spurs,1610612753,ORL,Orlando Magic
0022300682,2024-01-31,2023-24,regular_season,home,False,1610612760,OKC,Thunder,240:00,105,5,Oklahoma City,thunder,37,87,0.425,11,26,0.423,20,25,0.8,15,38,53,24,2,9,11,14,1610612760,OKC,Oklahoma City Thunder,1610612743,DEN,Denver Nuggets
0022300682,2024-01-31,2023-24,regular_season,road,False,1610612743,DEN,Nuggets,240:00,100,-5,Denver,nuggets,37,93,0.398,15,37,0.405,11,16,0.688,12,35,47,21,7,9,8,23,1610612760,OKC,Oklahoma City Thunder,1610612743,DEN,Denver Nuggets
0022300683,2024-01-31,2023-24,regular_season,home,False,1610612757,POR,Trail Blazers,240:00,119,3,Portland,blazers,49,92,0.533,12,28,0.429,9,9,1.0,9,30,39,26,9,1,11,20,1610612757,POR,Portland Trail Blazers,1610612749,MIL,Milwaukee Bucks
0022300683,2024-01-31,2023-24,regular_season,road,False,1610612749,MIL,Bucks,240:00,116,-3,Milwaukee,bucks,45,92,0.489,13,45,0.289,13,18,0.722,10,29,39,27,7,5,13,17,1610612757,POR,Portland Trail Blazers,1610612749,MIL,Milwaukee Bucks
0022300684,2024-02-01,2023-24,regular_season,home,False,1610612738,BOS,Celtics,240:00,105,-9,Boston,celtics,41,97,0.423,16,48,0.333,7,7,1.0,14,40,54,30,4,12,15,19,1610612738,BOS,Boston Celtics,1610612747,LAL,Los Angeles Lakers
0022300684,2024-02-01,2023-24,regular_season,road,False,1610612747,LAL,Lakers,240:00,114,9,Los Angeles,lakers,38,94,0.404,19,36,0.528,19,26,0.731,15,37,52,30,11,2,7,8,1610612738,BOS,Boston Celtics,1610612747,LAL,Los Angeles Lakers
0022300685,2024-02-01,2023-24,regular_season,home,False,1610612752,NYK,Knicks,240:00,109,4,New York,knicks,41,103,0.398,8,38,0.211,19,25,0.76,24,36,60,15,8,7,10,14,1610612752,NYK,New York Knicks,1610612754,IND,Indiana Pacers
0022300685,2024-02-01,2023-24,regular_season,road,False,1610612754,IND,Pacers,240:00,105,-4,Indiana,pacers,42,93,0.452,13,33,0.394,8,13,0.615,9,35,44,21,9,9,13,25,1610612752,NYK,New York Knicks,1610612754,IND,Indiana Pacers
0022300686,2024-02-01,2023-24,regular_season,home,False,1610612762,UTA,Jazz,240:00,124,-3,Utah,jazz,45,87,0.517,12,36,0.333,22,25,0.88,10,33,43,36,3,9,9,15,1610612762,UTA,Utah Jazz,1610612755,PHI,Philadelphia 76ers
0022300686,2024-02-01,2023-24,regular_season,road,False,1610612755,PHI,76ers,240:00,127,3,Philadelphia,sixers,47,94,0.5,14,32,0.438,19,21,0.905,10,30,40,27,6,11,4,22,1610612762,UTA,Utah Jazz,1610612755,PHI,Philadelphia 76ers
0022300687,2024-02-01,2023-24,regular_season,home,False,1610612763,MEM,Grizzlies,240:00,101,-7,Memphis,grizzlies,37,90,0.411,12,38,0.316,15,17,0.882,7,36,43,25,9,12,12,19,1610612763,MEM,Memphis Grizzlies,1610612739,CLE,Cleveland Cavaliers
0022300687,2024-02-01,2023-24,regular_season,road,False,1610612739,CLE,Cavaliers,240:00,108,7,Cleveland,cavaliers,41,86,0.477,14,35,0.4,12,18,0.667,10,38,48,26,6,8,14,16,1610612763,MEM,Memphis Grizzlies,1610612739,CLE,Cleveland Cavaliers
0022300688,2024-02-02,2023-24,regular_season,home,False,1610612765,DET,Pistons,240:00,125,-11,Detroit,pistons,45,89,0.506,17,40,0.425,18,24,0.75,13,25,38,28,5,3,16,18,1610612765,DET,Detroit Pistons,1610612746,LAC,LA Clippers
0022300688,2024-02-02,2023-24,regular_season,road,False,1610612746,LAC,Clippers,240:00,136,11,LA,clippers,53,89,0.596,14,29,0.483,16,19,0.842,7,29,36,31,12,5,9,21,1610612765,DET,Detroit Pistons,1610612746,LAC,LA Clippers
0022300689,2024-02-02,2023-24,regular_season,home,False,1610612764,WAS,Wizards,240:00,102,-8,Washington,wizards,37,90,0.411,11,42,0.262,17,21,0.81,6,37,43,28,5,4,8,25,1610612764,WAS,Washington Wizards,1610612748,MIA,Miami Heat
0022300689,2024-02-02,2023-24,regular_season,road,False,1610612748,MIA,Heat,240:00,110,8,Miami,heat,38,88,0.432,7,31,0.226,27,35,0.771,14,45,59,24,4,1,12,18,1610612764,WAS,Washington Wizards,1610612748,MIA,Miami Heat
0022300690,2024-02-02,2023-24,regular_season,home,False,1610612737,ATL,Hawks,240:00,129,9,Atlanta,hawks,49,95,0.516,17,44,0.386,14,18,0.778,12,31,43,29,7,4,9,13,1610612737,ATL,Atlanta Hawks,1610612756,PHX,Phoenix Suns
0022300690,2024-02-02,2023-24,regular_season,road,False,1610612756,PHX,Suns,240:00,120,-9,Phoenix,suns,47,88,0.534,14,37,0.378,12,14,0.857,8,30,38,31,6,5,16,17,1610612737,ATL,Atlanta Hawks,1610612756,PHX,Phoenix Suns
0022300691,2024-02-02,2023-24,regular_season,home,False,1610612754,IND,Pacers,240:00,122,-11,Indiana,pacers,46,85,0.541,10,29,0.345,20,24,0.833,8,31,39,23,13,3,22,20,1610612754,IND,Indiana Pacers,1610612758,SAC,Sacramento Kings
0022300691,2024-02-02,2023-24,regular_season,road,False,1610612758,SAC,Kings,240:00,133,11,Sacramento,kings,51,90,0.567,13,34,0.382,18,28,0.643,9,29,38,26,15,3,16,17,1610612754,IND,Indiana Pacers,1610612758,SAC,Sacramento Kings
0022300692,2024-02-02,2023-24,regular_season,home,False,1610612745,HOU,Rockets,240:00,135,29,Houston,rockets,55,93,0.591,11,31,0.355,14,17,0.824,7,42,49,30,9,3,14,20,1610612745,HOU,Houston Rockets,1610612761,TOR,Toronto Raptors
0022300692,2024-02-02,2023-24,regular_season,road,False,1610612761,TOR,Raptors,240:00,106,-29,Toronto,raptors,40,91,0.44,11,33,0.333,15,20,0.75,8,29,37,17,11,5,14,18,1610612745,HOU,Houston Rockets,1610612761,TOR,Toronto Raptors
0022300693,2024-02-02,2023-24,regular_season,home,False,1610612763,MEM,Grizzlies,240:00,101,-20,Memphis,grizzlies,35,87,0.402,14,46,0.304,17,24,0.708,9,28,37,30,7,4,13,20,1610612763,MEM,Memphis Grizzlies,1610612744,GSW,Golden State Warriors
0022300693,2024-02-02,2023-24,regular_season,road,False,1610612744,GSW,Warriors,240:00,121,20,Golden State,warriors,46,83,0.554,11,29,0.379,18,22,0.818,6,40,46,32,7,8,14,17,1610612763,MEM,Memphis Grizzlies,1610612744,GSW,Golden State Warriors
0022300694,2024-02-02,2023-24,regular_season,home,False,1610612750,MIN,Timberwolves,240:00,106,-2,Minnesota,timberwolves,38,82,0.463,12,38,0.316,18,20,0.9,6,32,38,24,8,5,17,20,1610612750,MIN,Minnesota Timberwolves,1610612753,ORL,Orlando Magic
0022300694,2024-02-02,2023-24,regular_season,road,False,1610612753,ORL,Magic,240:00,108,2,Orlando,magic,39,85,0.459,9,25,0.36,21,26,0.808,10,32,42,24,11,4,13,17,1610612750,MIN,Minnesota Timberwolves,1610612753,ORL,Orlando Magic
0022300695,2024-02-02,2023-24,regular_season,home,False,1610612760,OKC,Thunder,240:00,126,20,Oklahoma City,thunder,44,75,0.587,17,36,0.472,21,27,0.778,3,41,44,31,10,10,16,17,1610612760,OKC,Oklahoma City Thunder,1610612766,CHA,Charlotte Hornets
0022300695,2024-02-02,2023-24,regular_season,road,False,1610612766,CHA,Hornets,240:00,106,-20,Charlotte,hornets,41,92,0.446,14,31,0.452,10,14,0.714,7,28,35,22,12,4,14,21,1610612760,OKC,Oklahoma City Thunder,1610612766,CHA,Charlotte Hornets
0022300696,2024-02-02,2023-24,regular_season,home,False,1610612759,SAS,Spurs,240:00,113,-1,San Antonio,spurs,46,96,0.479,10,39,0.256,11,18,0.611,18,37,55,35,6,10,18,16,1610612759,SAS,San Antonio Spurs,1610612740,NOP,New Orleans Pelicans
0022300696,2024-02-02,2023-24,regular_season,road,False,1610612740,NOP,Pelicans,240:00,114,1,New Orleans,pelicans,46,95,0.484,7,26,0.269,15,21,0.714,13,26,39,29,14,3,9,17,1610612759,SAS,San Antonio Spurs,1610612740,NOP,New Orleans Pelicans
0022300697,2024-02-02,2023-24,regular_season,home,False,1610612743,DEN,Nuggets,240:00,120,12,Denver,nuggets,46,91,0.505,12,36,0.333,16,17,0.941,16,32,48,34,3,6,11,20,1610612743,DEN,Denver Nuggets,1610612757,POR,Portland Trail Blazers
0022300697,2024-02-02,2023-24,regular_season,road,False,1610612757,POR,Trail Blazers,240:00,108,-12,Portland,blazers,37,80,0.463,10,28,0.357,24,30,0.8,13,24,37,14,7,4,8,16,1610612743,DEN,Denver Nuggets,1610612757,POR,Portland Trail Blazers
0022300698,2024-02-03,2023-24,regular_season,home,False,1610612755,PHI,76ers,240:00,121,-15,Philadelphia,sixers,44,96,0.458,12,29,0.414,21,27,0.778,11,33,44,26,7,1,5,17,1610612755,PHI,Philadelphia 76ers,1610612751,BKN,Brooklyn Nets
0022300698,2024-02-03,2023-24,regular_season,road,False,1610612751,BKN,Nets,240:00,136,15,Brooklyn,nets,49,95,0.516,20,51,0.392,18,23,0.783,13,40,53,35,3,5,10,20,1610612755,PHI,Philadelphia 76ers,1610612751,BKN,Brooklyn Nets
0022300699,2024-02-03,2023-24,regular_season,home,False,1610612737,ATL,Hawks,265:00,141,7,Atlanta,hawks,55,114,0.482,14,43,0.326,17,22,0.773,16,41,57,27,5,4,8,20,1610612737,ATL,Atlanta Hawks,1610612744,GSW,Golden State Warriors
0022300699,2024-02-03,2023-24,regular_season,road,False,1610612744,GSW,Warriors,265:00,134,-7,Golden State,warriors,50,112,0.446,18,56,0.321,16,20,0.8,14,43,57,26,4,7,14,23,1610612737,ATL,Atlanta Hawks,1610612744,GSW,Golden State Warriors
0022300700,2024-02-03,2023-24,regular_season,home,False,1610612741,CHI,Bulls,240:00,115,-8,Chicago,bulls,42,91,0.462,11,34,0.324,20,22,0.909,11,36,47,24,13,3,16,20,1610612741,CHI,Chicago Bulls,1610612758,SAC,Sacramento Kings
0022300700,2024-02-03,2023-24,regular_season,road,False,1610612758,SAC,Kings,240:00,123,8,Sacramento,kings,42,84,0.5,15,39,0.385,24,29,0.828,4,36,40,33,12,1,16,18,1610612741,CHI,Chicago Bulls,1610612758,SAC,Sacramento Kings
0022300701,2024-02-03,2023-24,regular_season,home,False,1610612752,NYK,Knicks,240:00,105,-8,New York,knicks,41,100,0.41,10,35,0.286,13,15,0.867,18,33,51,21,1,4,7,20,1610612752,NYK,New York Knicks,1610612747,LAL,Los Angeles Lakers
0022300701,2024-02-03,2023-24,regular_season,road,False,1610612747,LAL,Lakers,240:00,113,8,Los Angeles,lakers,39,80,0.488,12,31,0.387,23,27,0.852,3,35,38,28,4,11,5,16,1610612752,NYK,New York Knicks,1610612747,LAL,Los Angeles Lakers
0022300702,2024-02-03,2023-24,regular_season,home,False,1610612742,DAL,Mavericks,240:00,117,-12,Dallas,mavericks,40,81,0.494,16,39,0.41,21,23,0.913,8,34,42,22,9,1,21,19,1610612742,DAL,Dallas Mavericks,1610612749,MIL,Milwaukee Bucks
0022300702,2024-02-03,2023-24,regular_season,road,False,1610612749,MIL,Bucks,240:00,129,12,Milwaukee,bucks,50,88,0.568,12,30,0.4,17,25,0.68,5,31,36,34,13,2,11,21,1610612742,DAL,Dallas Mavericks,1610612749,MIL,Milwaukee Bucks
0022300703,2024-02-03,2023-24,regular_season,home,False,1610612759,SAS,Spurs,240:00,101,-16,San Antonio,spurs,36,98,0.367,12,40,0.3,17,21,0.81,14,40,54,23,6,6,11,13,1610612759,SAS,San Antonio Spurs,1610612739,CLE,Cleveland Cavaliers
0022300703,2024-02-03,2023-24,regular_season,road,False,1610612739,CLE,Cavaliers,240:00,117,16,Cleveland,cavaliers,46,97,0.474,13,44,0.295,12,13,0.923,10,41,51,31,6,4,9,19,1610612759,SAS,San Antonio Spurs,1610612739,CLE,Cleveland Cavaliers
0022300704,2024-02-04,2023-24,regular_season,home,False,1610612765,DET,Pistons,240:00,99,-12,Detroit,pistons,36,80,0.45,8,31,0.258,19,22,0.864,9,27,36,22,6,5,15,18,1610612765,DET,Detroit Pistons,1610612753,ORL,Orlando Magic
0022300704,2024-02-04,2023-24,regular_season,road,False,1610612753,ORL,Magic,240:00,111,12,Orlando,magic,45,84,0.536,10,24,0.417,11,15,0.733,7,30,37,22,7,3,10,18,1610612765,DET,Detroit Pistons,1610612753,ORL,Orlando Magic
0022300705,2024-02-04,2023-24,regular_season,home,False,1610612764,WAS,Wizards,240:00,112,-28,Washington,wizards,47,96,0.49,7,32,0.219,11,17,0.647,13,22,35,32,11,4,18,19,1610612764,WAS,Washington Wizards,1610612756,PHX,Phoenix Suns
0022300705,2024-02-04,2023-24,regular_season,road,False,1610612756,PHX,Suns,240:00,140,28,Phoenix,suns,54,88,0.614,11,25,0.44,21,26,0.808,9,33,42,33,13,6,17,12,1610612764,WAS,Washington Wizards,1610612756,PHX,Phoenix Suns
0022300706,2024-02-04,2023-24,regular_season,home,False,1610612738,BOS,Celtics,240:00,131,40,Boston,celtics,48,99,0.485,19,51,0.373,16,18,0.889,17,40,57,30,12,4,10,13,1610612738,BOS,Boston Celtics,1610612763,MEM,Memphis Grizzlies
0022300706,2024-02-04,2023-24,regular_season,road,False,1610612763,MEM,Grizzlies,240:00,91,-40,Memphis,grizzlies,35,92,0.38,11,38,0.289,10,12,0.833,16,30,46,19,5,3,20,15,1610612738,BOS,Boston Celtics,1610612763,MEM,Memphis Grizzlies
0022300707,2024-02-04,2023-24,regular_season,home,False,1610612766,CHA,Hornets,240:00,99,-16,Charlotte,hornets,35,88,0.398,8,29,0.276,21,25,0.84,11,32,43,18,6,5,10,16,1610612766,CHA,Charlotte Hornets,1610612754,IND,Indiana Pacers
0022300707,2024-02-04,2023-24,regular_season,road,False,1610612754,IND,Pacers,240:00,115,16,Indiana,pacers,45,92,0.489,11,33,0.333,14,18,0.778,11,38,49,34,5,4,11,15,1610612766,CHA,Charlotte Hornets,1610612754,IND,Indiana Pacers
0022300708,2024-02-04,2023-24,regular_season,home,False,1610612748,MIA,Heat,240:00,95,-8,Miami,heat,38,91,0.418,8,30,0.267,11,12,0.917,12,33,45,24,9,0,10,19,1610612748,MIA,Miami Heat,1610612746,LAC,LA Clippers
0022300708,2024-02-04,2023-24,regular_season,road,False,1610612746,LAC,Clippers,240:00,103,8,LA,clippers,34,77,0.442,16,39,0.41,19,22,0.864,9,39,48,23,6,5,15,12,1610612748,MIA,Miami Heat,1610612746,LAC,LA Clippers
0022300709,2024-02-04,2023-24,regular_season,home,False,1610612750,MIN,Timberwolves,240:00,111,21,Minnesota,timberwolves,40,90,0.444,11,30,0.367,20,27,0.741,11,47,58,21,6,11,15,19,1610612750,MIN,Minnesota Timberwolves,1610612745,HOU,Houston Rockets
0022300709,2024-02-04,2023-24,regular_season,road,False,1610612745,HOU,Rockets,240:00,90,-21,Houston,rockets,31,88,0.352,10,30,0.333,18,27,0.667,10,31,41,20,10,7,11,26,1610612750,MIN,Minnesota Timberwolves,1610612745,HOU,Houston Rockets
0022300710,2024-02-04,2023-24,regular_season,home,False,1610612760,OKC,Thunder,290:00,135,8,Oklahoma City,thunder,52,110,0.473,23,63,0.365,8,8,1.0,14,31,45,40,6,8,10,15,1610612760,OKC,Oklahoma City Thunder,1610612761,TOR,Toronto Raptors
0022300710,2024-02-04,2023-24,regular_season,road,False,1610612761,TOR,Raptors,290:00,127,-8,Toronto,raptors,48,101,0.475,14,35,0.4,17,21,0.81,11,37,48,38,6,5,11,16,1610612760,OKC,Oklahoma City Thunder,1610612761,TOR,Toronto Raptors
0022300711,2024-02-04,2023-24,regular_season,home,False,1610612762,UTA,Jazz,240:00,123,15,Utah,jazz,43,89,0.483,17,44,0.386,20,24,0.833,12,40,52,31,3,3,16,24,1610612762,UTA,Utah Jazz,1610612749,MIL,Milwaukee Bucks
0022300711,2024-02-04,2023-24,regular_season,road,False,1610612749,MIL,Bucks,240:00,108,-15,Milwaukee,bucks,39,84,0.464,15,41,0.366,15,25,0.6,7,25,32,27,8,3,11,21,1610612762,UTA,Utah Jazz,1610612749,MIL,Milwaukee Bucks
0022300712,2024-02-04,2023-24,regular_season,home,False,1610612743,DEN,Nuggets,240:00,112,9,Denver,nuggets,42,86,0.488,12,28,0.429,16,19,0.842,14,28,42,26,8,6,8,11,1610612743,DEN,Denver Nuggets,1610612757,POR,Portland Trail Blazers
0022300712,2024-02-04,2023-24,regular_season,road,False,1610612757,POR,Trail Blazers,240:00,103,-9,Portland,blazers,39,85,0.459,11,31,0.355,14,15,0.933,15,27,42,29,6,3,13,16,1610612743,DEN,Denver Nuggets,1610612757,POR,Portland Trail Blazers
0022300713,2024-02-05,2023-24,regular_season,home,False,1610612766,CHA,Hornets,240:00,118,-6,Charlotte,hornets,47,96,0.49,13,32,0.406,11,14,0.786,5,29,34,26,9,1,9,16,1610612766,CHA,Charlotte Hornets,1610612747,LAL,Los Angeles Lakers
0022300713,2024-02-05,2023-24,regular_season,road,False,1610612747,LAL,Lakers,240:00,124,6,Los Angeles,lakers,50,89,0.562,8,34,0.235,16,19,0.842,7,41,48,36,5,6,16,12,1610612766,CHA,Charlotte Hornets,1610612747,LAL,Los Angeles Lakers
0022300714,2024-02-05,2023-24,regular_season,home,False,1610612739,CLE,Cavaliers,240:00,136,26,Cleveland,cavaliers,51,88,0.58,23,41,0.561,11,17,0.647,5,40,45,36,10,5,8,15,1610612739,CLE,Cleveland Cavaliers,1610612758,SAC,Sacramento Kings
0022300714,2024-02-05,2023-24,regular_season,road,False,1610612758,SAC,Kings,240:00,110,-26,Sacramento,kings,43,93,0.462,17,44,0.386,7,12,0.583,10,30,40,28,5,1,12,18,1610612739,CLE,Cleveland Cavaliers,1610612758,SAC,Sacramento Kings
0022300715,2024-02-05,2023-24,regular_season,home,False,1610612755,PHI,76ers,240:00,102,-16,Philadelphia,sixers,40,93,0.43,8,29,0.276,14,20,0.7,16,35,51,20,8,5,11,21,1610612755,PHI,Philadelphia 76ers,1610612742,DAL,Dallas Mavericks
0022300715,2024-02-05,2023-24,regular_season,road,False,1610612742,DAL,Mavericks,240:00,118,16,Dallas,mavericks,42,87,0.483,17,43,0.395,17,23,0.739,8,36,44,28,6,4,9,16,1610612755,PHI,Philadelphia 76ers,1610612742,DAL,Dallas Mavericks
0022300716,2024-02-05,2023-24,regular_season,home,False,1610612737,ATL,Hawks,240:00,144,-5,Atlanta,hawks,51,95,0.537,20,39,0.513,22,27,0.815,13,26,39,35,5,4,11,22,1610612737,ATL,Atlanta Hawks,1610612746,LAC,LA Clippers
0022300716,2024-02-05,2023-24,regular_season,road,False,1610612746,LAC,Clippers,240:00,149,5,LA,clippers,52,89,0.584,21,35,0.6,24,31,0.774,8,28,36,32,8,5,7,19,1610612737,ATL,Atlanta Hawks,1610612746,LAC,LA Clippers
0022300717,2024-02-05,2023-24,regular_season,home,False,1610612751,BKN,Nets,240:00,98,-11,Brooklyn,nets,34,89,0.382,13,42,0.31,17,22,0.773,11,27,38,23,7,12,10,23,1610612751,BKN,Brooklyn Nets,1610612744,GSW,Golden State Warriors
0022300717,2024-02-05,2023-24,regular_season,road,False,1610612744,GSW,Warriors,240:00,109,11,Golden State,warriors,43,93,0.462,4,22,0.182,19,23,0.826,16,44,60,24,7,8,13,17,1610612751,BKN,Brooklyn Nets,1610612744,GSW,Golden State Warriors
0022300718,2024-02-05,2023-24,regular_season,home,False,1610612740,NOP,Pelicans,240:00,138,38,New Orleans,pelicans,53,104,0.51,19,45,0.422,13,13,1.0,17,34,51,36,11,5,7,13,1610612740,NOP,New Orleans Pelicans,1610612761,TOR,Toronto Raptors
0022300718,2024-02-05,2023-24,regular_season,road,False,1610612761,TOR,Raptors,240:00,100,-38,Toronto,raptors,40,84,0.476,10,31,0.323,10,15,0.667,10,28,38,27,4,6,18,12,1610612740,NOP,New Orleans Pelicans,1610612761,TOR,Toronto Raptors
0022300719,2024-02-06,2023-24,regular_season,home,False,1610612754,IND,Pacers,240:00,132,3,Indiana,pacers,54,86,0.628,15,32,0.469,9,14,0.643,5,20,25,35,7,7,12,20,1610612754,IND,Indiana Pacers,1610612745,HOU,Houston Rockets
0022300719,2024-02-06,2023-24,regular_season,road,False,1610612745,HOU,Rockets,240:00,129,-3,Houston,rockets,50,97,0.515,12,25,0.48,17,23,0.739,20,28,48,26,5,3,15,16,1610612754,IND,Indiana Pacers,1610612745,HOU,Houston Rockets
0022300720,2024-02-06,2023-24,regular_season,home,False,1610612751,BKN,Nets,240:00,107,-12,Brooklyn,nets,41,91,0.451,12,33,0.364,13,15,0.867,8,35,43,33,6,5,10,13,1610612751,BKN,Brooklyn Nets,1610612742,DAL,Dallas Mavericks
0022300720,2024-02-06,2023-24,regular_season,road,False,1610612742,DAL,Mavericks,240:00,119,12,Dallas,mavericks,46,91,0.505,19,43,0.442,8,13,0.615,6,39,45,25,7,3,10,12,1610612751,BKN,Brooklyn Nets,1610612742,DAL,Dallas Mavericks
0022300721,2024-02-06,2023-24,regular_season,home,False,1610612748,MIA,Heat,240:00,121,26,Miami,heat,47,87,0.54,13,36,0.361,14,18,0.778,11,34,45,31,10,3,13,19,1610612748,MIA,Miami Heat,1610612753,ORL,Orlando Magic
0022300721,2024-02-06,2023-24,regular_season,road,False,1610612753,ORL,Magic,240:00,95,-26,Orlando,magic,35,80,0.438,10,35,0.286,15,21,0.714,8,31,39,25,7,3,18,17,1610612748,MIA,Miami Heat,1610612753,ORL,Orlando Magic
0022300722,2024-02-06,2023-24,regular_season,home,False,1610612752,NYK,Knicks,240:00,123,10,New York,knicks,48,86,0.558,11,27,0.407,16,20,0.8,8,29,37,28,12,5,10,12,1610612752,NYK,New York Knicks,1610612763,MEM,Memphis Grizzlies
0022300722,2024-02-06,2023-24,regular_season,road,False,1610612763,MEM,Grizzlies,240:00,113,-10,Memphis,grizzlies,41,80,0.513,21,37,0.568,10,16,0.625,8,27,35,33,4,5,18,15,1610612752,NYK,New York Knicks,1610612763,MEM,Memphis Grizzlies
0022300723,2024-02-06,2023-24,regular_season,home,False,1610612741,CHI,Bulls,265:00,129,6,Chicago,bulls,45,93,0.484,12,30,0.4,27,32,0.844,13,35,48,24,9,16,14,22,1610612741,CHI,Chicago Bulls,1610612750,MIN,Minnesota Timberwolves
0022300723,2024-02-06,2023-24,regular_season,road,False,1610612750,MIN,Timberwolves,265:00,123,-6,Minnesota,timberwolves,42,92,0.457,20,45,0.444,19,26,0.731,10,32,42,28,6,5,13,25,1610612741,CHI,Chicago Bulls,1610612750,MIN,Minnesota Timberwolves
0022300724,2024-02-06,2023-24,regular_season,home,False,1610612762,UTA,Jazz,240:00,124,7,Utah,jazz,46,89,0.517,14,35,0.4,18,20,0.9,15,33,48,29,9,8,17,17,1610612762,UTA,Utah Jazz,1610612760,OKC,Oklahoma City Thunder
0022300724,2024-02-06,2023-24,regular_season,road,False,1610612760,OKC,Thunder,240:00,117,-7,Oklahoma City,thunder,43,90,0.478,19,37,0.514,12,18,0.667,9,23,32,26,9,9,11,16,1610612762,UTA,Utah Jazz,1610612760,OKC,Oklahoma City Thunder
0022300725,2024-02-06,2023-24,regular_season,home,False,1610612756,PHX,Suns,240:00,114,8,Phoenix,suns,44,87,0.506,8,28,0.286,18,27,0.667,8,41,49,17,8,5,13,19,1610612756,PHX,Phoenix Suns,1610612749,MIL,Milwaukee Bucks
0022300725,2024-02-06,2023-24,regular_season,road,False,1610612749,MIL,Bucks,240:00,106,-8,Milwaukee,bucks,39,90,0.433,13,40,0.325,15,25,0.6,10,34,44,23,10,4,12,21,1610612756,PHX,Phoenix Suns,1610612749,MIL,Milwaukee Bucks
0022300726,2024-02-07,2023-24,regular_season,home,False,1610612766,CHA,Hornets,240:00,117,-6,Charlotte,hornets,44,90,0.489,16,39,0.41,13,20,0.65,9,29,38,27,6,2,10,20,1610612766,CHA,Charlotte Hornets,1610612761,TOR,Toronto Raptors
0022300726,2024-02-07,2023-24,regular_season,road,False,1610612761,TOR,Raptors,240:00,123,6,Toronto,raptors,43,81,0.531,17,33,0.515,20,24,0.833,7,34,41,30,5,3,9,17,1610612766,CHA,Charlotte Hornets,1610612761,TOR,Toronto Raptors
0022300727,2024-02-07,2023-24,regular_season,home,False,1610612755,PHI,76ers,240:00,104,-23,Philadelphia,sixers,41,98,0.418,8,32,0.25,14,14,1.0,11,29,40,21,7,8,14,16,1610612755,PHI,Philadelphia 76ers,1610612744,GSW,Golden State Warriors
0022300727,2024-02-07,2023-24,regular_season,road,False,1610612744,GSW,Warriors,240:00,127,23,Golden State,warriors,47,94,0.5,16,38,0.421,17,22,0.773,12,40,52,30,7,8,12,21,1610612755,PHI,Philadelphia 76ers,1610612744,GSW,Golden State Warriors
0022300728,2024-02-07,2023-24,regular_season,home,False,1610612764,WAS,Wizards,240:00,106,-8,Washington,wizards,42,94,0.447,16,40,0.4,6,9,0.667,12,35,47,27,10,5,15,23,1610612764,WAS,Washington Wizards,1610612739,CLE,Cleveland Cavaliers
0022300728,2024-02-07,2023-24,regular_season,road,False,1610612739,CLE,Cavaliers,240:00,114,8,Cleveland,cavaliers,43,88,0.489,12,35,0.343,16,22,0.727,7,39,46,25,4,5,14,11,1610612764,WAS,Washington Wizards,1610612739,CLE,Cleveland Cavaliers
0022300729,2024-02-07,2023-24,regular_season,home,False,1610612738,BOS,Celtics,240:00,125,8,Boston,celtics,49,93,0.527,17,49,0.347,10,11,0.909,6,39,45,33,6,9,14,16,1610612738,BOS,Boston Celtics,1610612737,ATL,Atlanta Hawks
0022300729,2024-02-07,2023-24,regular_season,road,False,1610612737,ATL,Hawks,240:00,117,-8,Atlanta,hawks,43,102,0.422,13,41,0.317,18,20,0.9,13,36,49,24,8,2,9,13,1610612738,BOS,Boston Celtics,1610612737,ATL,Atlanta Hawks
0022300730,2024-02-07,2023-24,regular_season,home,False,1610612748,MIA,Heat,240:00,116,12,Miami,heat,43,87,0.494,12,38,0.316,18,23,0.783,5,40,45,29,8,2,10,20,1610612748,MIA,Miami Heat,1610612759,SAS,San Antonio Spurs
0022300730,2024-02-07,2023-24,regular_season,road,False,1610612759,SAS,Spurs,240:00,104,-12,San Antonio,spurs,41,90,0.456,12,37,0.324,10,17,0.588,6,40,46,30,6,2,14,21,1610612748,MIA,Miami Heat,1610612759,SAS,San Antonio Spurs
0022300731,2024-02-07,2023-24,regular_season,home,False,1610612746,LAC,Clippers,240:00,106,-11,LA,clippers,36,78,0.462,12,32,0.375,22,26,0.846,8,29,37,23,7,2,19,17,1610612746,LAC,LA Clippers,1610612740,NOP,New Orleans Pelicans
0022300731,2024-02-07,2023-24,regular_season,road,False,1610612740,NOP,Pelicans,240:00,117,11,New Orleans,pelicans,47,88,0.534,12,32,0.375,11,16,0.688,8,30,38,30,13,5,12,17,1610612746,LAC,LA Clippers,1610612740,NOP,New Orleans Pelicans
0022300732,2024-02-07,2023-24,regular_season,home,False,1610612758,SAC,Kings,240:00,120,-13,Sacramento,kings,45,95,0.474,15,44,0.341,15,22,0.682,5,28,33,31,7,6,4,20,1610612758,SAC,Sacramento Kings,1610612765,DET,Detroit Pistons
0022300732,2024-02-07,2023-24,regular_season,road,False,1610612765,DET,Pistons,240:00,133,13,Detroit,pistons,47,84,0.56,17,31,0.548,22,22,1.0,6,42,48,32,2,2,11,21,1610612758,SAC,Sacramento Kings,1610612765,DET,Detroit Pistons
0022300733,2024-02-08,2023-24,regular_season,home,False,1610612754,IND,Pacers,240:00,109,-22,Indiana,pacers,39,81,0.481,12,31,0.387,19,27,0.704,7,23,30,31,11,6,14,17,1610612754,IND,Indiana Pacers,1610612744,GSW,Golden State Warriors
0022300733,2024-02-08,2023-24,regular_season,road,False,1610612744,GSW,Warriors,240:00,131,22,Golden State,warriors,52,93,0.559,17,32,0.531,10,13,0.769,10,39,49,33,7,7,17,22,1610612754,IND,Indiana Pacers,1610612744,GSW,Golden State Warriors
0022300734,2024-02-08,2023-24,regular_season,home,False,1610612753,ORL,Magic,240:00,127,16,Orlando,magic,49,82,0.598,16,27,0.593,13,20,0.65,8,31,39,34,11,5,16,20,1610612753,ORL,Orlando Magic,1610612759,SAS,San Antonio Spurs
0022300734,2024-02-08,2023-24,regular_season,road,False,1610612759,SAS,Spurs,240:00,111,-16,San Antonio,spurs,42,81,0.519,11,35,0.314,16,17,0.941,4,23,27,29,7,5,14,16,1610612753,ORL,Orlando Magic,1610612759,SAS,San Antonio Spurs
0022300735,2024-02-08,2023-24,regular_season,home,False,1610612751,BKN,Nets,240:00,95,-23,Brooklyn,nets,37,93,0.398,10,25,0.4,11,14,0.786,12,22,34,22,9,3,12,17,1610612751,BKN,Brooklyn Nets,1610612739,CLE,Cleveland Cavaliers
0022300735,2024-02-08,2023-24,regular_season,road,False,1610612739,CLE,Cavaliers,240:00,118,23,Cleveland,cavaliers,43,80,0.538,15,37,0.405,17,17,1.0,7,41,48,26,8,13,15,18,1610612751,BKN,Brooklyn Nets,1610612739,CLE,Cleveland Cavaliers
0022300736,2024-02-08,2023-24,regular_season,home,False,1610612752,NYK,Knicks,240:00,108,-14,New York,knicks,42,94,0.447,14,37,0.378,10,11,0.909,14,32,46,27,5,2,14,19,1610612752,NYK,New York Knicks,1610612742,DAL,Dallas Mavericks
0022300736,2024-02-08,2023-24,regular_season,road,False,1610612742,DAL,Mavericks,240:00,122,14,Dallas,mavericks,43,82,0.524,18,42,0.429,18,23,0.783,6,34,40,30,7,6,8,13,1610612752,NYK,New York Knicks,1610612742,DAL,Dallas Mavericks
0022300737,2024-02-08,2023-24,regular_season,home,False,1610612763,MEM,Grizzlies,240:00,110,-8,Memphis,grizzlies,42,91,0.462,18,46,0.391,8,13,0.615,9,25,34,26,8,4,9,24,1610612763,MEM,Memphis Grizzlies,1610612741,CHI,Chicago Bulls
0022300737,2024-02-08,2023-24,regular_season,road,False,1610612741,CHI,Bulls,240:00,118,8,Chicago,bulls,43,79,0.544,12,26,0.462,20,22,0.909,8,38,46,24,3,4,14,16,1610612763,MEM,Memphis Grizzlies,1610612741,CHI,Chicago Bulls
0022300738,2024-02-08,2023-24,regular_season,home,False,1610612749,MIL,Bucks,240:00,105,-24,Milwaukee,bucks,40,81,0.494,14,33,0.424,11,16,0.688,10,25,35,35,6,3,13,10,1610612749,MIL,Milwaukee Bucks,1610612750,MIN,Minnesota Timberwolves
0022300738,2024-02-08,2023-24,regular_season,road,False,1610612750,MIN,Timberwolves,240:00,129,24,Minnesota,timberwolves,48,87,0.552,21,41,0.512,12,16,0.75,12,31,43,34,8,3,8,17,1610612749,MIL,Milwaukee Bucks,1610612750,MIN,Minnesota Timberwolves
0022300739,2024-02-08,2023-24,regular_season,home,False,1610612756,PHX,Suns,240:00,129,14,Phoenix,suns,52,88,0.591,14,29,0.483,11,16,0.688,5,32,37,37,10,7,12,22,1610612756,PHX,Phoenix Suns,1610612762,UTA,Utah Jazz
0022300739,2024-02-08,2023-24,regular_season,road,False,1610612762,UTA,Jazz,240:00,115,-14,Utah,jazz,41,94,0.436,12,35,0.343,21,31,0.677,19,33,52,28,7,7,15,14,1610612756,PHX,Phoenix Suns,1610612762,UTA,Utah Jazz
0022300740,2024-02-08,2023-24,regular_season,home,False,1610612747,LAL,Lakers,240:00,106,-8,Los Angeles,lakers,41,89,0.461,8,25,0.32,16,22,0.727,10,29,39,27,12,10,7,10,1610612747,LAL,Los Angeles Lakers,1610612743,DEN,Denver Nuggets
0022300740,2024-02-08,2023-24,regular_season,road,False,1610612743,DEN,Nuggets,240:00,114,8,Denver,nuggets,47,97,0.485,14,32,0.438,6,7,0.857,14,36,50,33,4,6,12,17,1610612747,LAL,Los Angeles Lakers,1610612743,DEN,Denver Nuggets
0022300741,2024-02-08,2023-24,regular_season,home,False,1610612757,POR,Trail Blazers,265:00,122,-6,Portland,blazers,41,89,0.461,11,30,0.367,29,33,0.879,11,27,38,29,9,7,15,27,1610612757,POR,Portland Trail Blazers,1610612765,DET,Detroit Pistons
0022300741,2024-02-08,2023-24,regular_season,road,False,1610612765,DET,Pistons,265:00,128,6,Detroit,pistons,45,93,0.484,16,27,0.593,22,31,0.71,16,29,45,26,3,7,16,23,1610612757,POR,Portland Trail Blazers,1610612765,DET,Detroit Pistons
0022300742,2024-02-09,2023-24,regular_season,home,False,1610612755,PHI,76ers,240:00,121,-6,Philadelphia,sixers,42,98,0.429,15,45,0.333,22,29,0.759,18,31,49,24,7,6,9,24,1610612755,PHI,Philadelphia 76ers,1610612737,ATL,Atlanta Hawks
0022300742,2024-02-09,2023-24,regular_season,road,False,1610612737,ATL,Hawks,240:00,127,6,Atlanta,hawks,42,81,0.519,16,36,0.444,27,33,0.818,9,31,40,31,4,9,13,19,1610612755,PHI,Philadelphia 76ers,1610612737,ATL,Atlanta Hawks
0022300743,2024-02-09,2023-24,regular_season,home,False,1610612738,BOS,Celtics,240:00,133,4,Boston,celtics,48,92,0.522,11,34,0.324,26,28,0.929,9,40,49,25,9,5,13,17,1610612738,BOS,Boston Celtics,1610612764,WAS,Washington Wizards
0022300743,2024-02-09,2023-24,regular_season,road,False,1610612764,WAS,Wizards,240:00,129,-4,Washington,wizards,45,95,0.474,20,47,0.426,19,21,0.905,5,34,39,32,8,1,12,25,1610612738,BOS,Boston Celtics,1610612764,WAS,Washington Wizards
0022300744,2024-02-09,2023-24,regular_season,home,False,1610612761,TOR,Raptors,240:00,107,3,Toronto,raptors,40,95,0.421,10,33,0.303,17,19,0.895,16,25,41,24,14,8,11,17,1610612761,TOR,Toronto Raptors,1610612745,HOU,Houston Rockets
0022300744,2024-02-09,2023-24,regular_season,road,False,1610612745,HOU,Rockets,240:00,104,-3,Houston,rockets,38,85,0.447,15,38,0.395,13,16,0.813,12,36,48,22,5,3,21,20,1610612761,TOR,Toronto Raptors,1610612745,HOU,Houston Rockets
0022300745,2024-02-09,2023-24,regular_season,home,False,1610612749,MIL,Bucks,240:00,120,36,Milwaukee,bucks,41,94,0.436,18,52,0.346,20,24,0.833,10,43,53,26,8,5,5,24,1610612749,MIL,Milwaukee Bucks,1610612766,CHA,Charlotte Hornets
0022300745,2024-02-09,2023-24,regular_season,road,False,1610612766,CHA,Hornets,240:00,84,-36,Charlotte,hornets,27,79,0.342,7,29,0.241,23,29,0.793,8,40,48,17,2,2,13,20,1610612749,MIL,Milwaukee Bucks,1610612766,CHA,Charlotte Hornets
0022300746,2024-02-09,2023-24,regular_season,home,False,1610612758,SAC,Kings,240:00,135,29,Sacramento,kings,51,87,0.586,17,34,0.5,16,18,0.889,6,36,42,32,11,1,16,22,1610612758,SAC,Sacramento Kings,1610612743,DEN,Denver Nuggets
0022300746,2024-02-09,2023-24,regular_season,road,False,1610612743,DEN,Nuggets,240:00,106,-29,Denver,nuggets,38,82,0.463,10,29,0.345,20,28,0.714,9,26,35,26,9,5,20,16,1610612758,SAC,Sacramento Kings,1610612743,DEN,Denver Nuggets
0022300747,2024-02-09,2023-24,regular_season,home,False,1610612747,LAL,Lakers,240:00,139,17,Los Angeles,lakers,49,88,0.557,14,31,0.452,27,32,0.844,5,27,32,32,5,5,7,20,1610612747,LAL,Los Angeles Lakers,1610612740,NOP,New Orleans Pelicans
0022300747,2024-02-09,2023-24,regular_season,road,False,1610612740,NOP,Pelicans,240:00,122,-17,New Orleans,pelicans,46,89,0.517,11,29,0.379,19,23,0.826,10,31,41,28,5,7,13,22,1610612747,LAL,Los Angeles Lakers,1610612740,NOP,New Orleans Pelicans
0022300748,2024-02-10,2023-24,regular_season,home,False,1610612742,DAL,Mavericks,240:00,146,35,Dallas,mavericks,53,91,0.582,15,38,0.395,25,33,0.758,11,43,54,30,8,3,12,23,1610612742,DAL,Dallas Mavericks,1610612760,OKC,Oklahoma City Thunder
0022300748,2024-02-10,2023-24,regular_season,road,False,1610612760,OKC,Thunder,240:00,111,-35,Oklahoma City,thunder,38,98,0.388,17,47,0.362,18,21,0.857,12,28,40,23,5,4,10,23,1610612742,DAL,Dallas Mavericks,1610612760,OKC,Oklahoma City Thunder
0022300749,2024-02-10,2023-24,regular_season,home,False,1610612746,LAC,Clippers,240:00,112,6,LA,clippers,37,82,0.451,13,39,0.333,25,26,0.962,0,35,35,20,9,6,11,13,1610612746,LAC,LA Clippers,1610612765,DET,Detroit Pistons
0022300749,2024-02-10,2023-24,regular_season,road,False,1610612765,DET,Pistons,240:00,106,-6,Detroit,pistons,45,102,0.441,9,30,0.3,7,7,1.0,14,43,57,27,7,2,14,19,1610612746,LAC,LA Clippers,1610612765,DET,Detroit Pistons
0022300750,2024-02-10,2023-24,regular_season,home,False,1610612751,BKN,Nets,240:00,123,20,Brooklyn,nets,49,87,0.563,17,34,0.5,8,11,0.727,9,32,41,31,8,7,11,23,1610612751,BKN,Brooklyn Nets,1610612759,SAS,San Antonio Spurs
0022300750,2024-02-10,2023-24,regular_season,road,False,1610612759,SAS,Spurs,240:00,103,-20,San Antonio,spurs,36,91,0.396,11,34,0.324,20,21,0.952,15,26,41,20,5,3,14,11,1610612751,BKN,Brooklyn Nets,1610612759,SAS,San Antonio Spurs
0022300751,2024-02-10,2023-24,regular_season,home,False,1610612766,CHA,Hornets,240:00,115,9,Charlotte,hornets,47,82,0.573,16,31,0.516,5,7,0.714,5,38,43,30,8,4,19,9,1610612766,CHA,Charlotte Hornets,1610612763,MEM,Memphis Grizzlies
0022300751,2024-02-10,2023-24,regular_season,road,False,1610612763,MEM,Grizzlies,240:00,106,-9,Memphis,grizzlies,43,92,0.467,16,44,0.364,4,8,0.5,9,23,32,33,12,5,12,13,1610612766,CHA,Charlotte Hornets,1610612763,MEM,Memphis Grizzlies
0022300752,2024-02-10,2023-24,regular_season,home,False,1610612753,ORL,Magic,265:00,114,6,Orlando,magic,41,88,0.466,13,39,0.333,19,26,0.731,13,35,48,23,4,6,15,18,1610612753,ORL,Orlando Magic,1610612741,CHI,Chicago Bulls
0022300752,2024-02-10,2023-24,regular_season,road,False,1610612741,CHI,Bulls,265:00,108,-6,Chicago,bulls,43,99,0.434,12,37,0.324,10,14,0.714,18,25,43,21,10,6,8,24,1610612753,ORL,Orlando Magic,1610612741,CHI,Chicago Bulls
0022300753,2024-02-10,2023-24,regular_season,home,False,1610612764,WAS,Wizards,240:00,113,-6,Washington,wizards,42,86,0.488,13,35,0.371,16,21,0.762,7,32,39,28,7,8,15,23,1610612764,WAS,Washington Wizards,1610612755,PHI,Philadelphia 76ers
0022300753,2024-02-10,2023-24,regular_season,road,False,1610612755,PHI,76ers,240:00,119,6,Philadelphia,sixers,48,100,0.48,8,27,0.296,15,23,0.652,13,35,48,28,8,4,11,18,1610612764,WAS,Washington Wizards,1610612755,PHI,Philadelphia 76ers
0022300754,2024-02-10,2023-24,regular_season,home,False,1610612737,ATL,Hawks,240:00,122,9,Atlanta,hawks,40,88,0.455,14,41,0.341,28,37,0.757,9,32,41,25,7,8,11,18,1610612737,ATL,Atlanta Hawks,1610612745,HOU,Houston Rockets
0022300754,2024-02-10,2023-24,regular_season,road,False,1610612745,HOU,Rockets,240:00,113,-9,Houston,rockets,44,100,0.44,13,43,0.302,12,19,0.632,16,42,58,22,6,6,17,26,1610612737,ATL,Atlanta Hawks,1610612745,HOU,Houston Rockets
0022300755,2024-02-10,2023-24,regular_season,home,False,1610612752,NYK,Knicks,240:00,111,-14,New York,knicks,40,84,0.476,10,32,0.313,21,23,0.913,5,27,32,16,7,4,9,15,1610612752,NYK,New York Knicks,1610612754,IND,Indiana Pacers
0022300755,2024-02-10,2023-24,regular_season,road,False,1610612754,IND,Pacers,240:00,125,14,Indiana,pacers,50,82,0.61,14,29,0.483,11,19,0.579,6,35,41,30,4,3,15,20,1610612752,NYK,New York Knicks,1610612754,IND,Indiana Pacers
0022300756,2024-02-10,2023-24,regular_season,home,False,1610612761,TOR,Raptors,240:00,95,-24,Toronto,raptors,35,87,0.402,9,31,0.29,16,23,0.696,12,28,40,22,7,3,11,14,1610612761,TOR,Toronto Raptors,1610612739,CLE,Cleveland Cavaliers
0022300756,2024-02-10,2023-24,regular_season,road,False,1610612739,CLE,Cavaliers,240:00,119,24,Cleveland,cavaliers,48,92,0.522,14,41,0.341,9,13,0.692,14,33,47,36,5,4,10,18,1610612761,TOR,Toronto Raptors,1610612739,CLE,Cleveland Cavaliers
0022300757,2024-02-10,2023-24,regular_season,home,False,1610612744,GSW,Warriors,240:00,113,1,Golden State,warriors,45,101,0.446,17,41,0.415,6,11,0.545,13,39,52,33,6,2,13,20,1610612744,GSW,Golden State Warriors,1610612756,PHX,Phoenix Suns
0022300757,2024-02-10,2023-24,regular_season,road,False,1610612756,PHX,Suns,240:00,112,-1,Phoenix,suns,43,94,0.457,11,34,0.324,15,16,0.938,9,33,42,28,9,8,14,13,1610612744,GSW,Golden State Warriors,1610612756,PHX,Phoenix Suns
0022300758,2024-02-10,2023-24,regular_season,home,False,1610612757,POR,Trail Blazers,240:00,84,-9,Portland,blazers,33,76,0.434,6,21,0.286,12,17,0.706,11,31,42,19,7,4,17,14,1610612757,POR,Portland Trail Blazers,1610612740,NOP,New Orleans Pelicans
0022300758,2024-02-10,2023-24,regular_season,road,False,1610612740,NOP,Pelicans,240:00,93,9,New Orleans,pelicans,36,76,0.474,10,27,0.37,11,16,0.688,8,28,36,27,9,6,12,14,1610612757,POR,Portland Trail Blazers,1610612740,NOP,New Orleans Pelicans
0022300759,2024-02-11,2023-24,regular_season,home,False,1610612748,MIA,Heat,240:00,106,-4,Miami,heat,40,97,0.412,12,40,0.3,14,15,0.933,14,31,45,21,4,2,7,14,1610612748,MIA,Miami Heat,1610612738,BOS,Boston Celtics
0022300759,2024-02-11,2023-24,regular_season,road,False,1610612738,BOS,Celtics,240:00,110,4,Boston,celtics,41,81,0.506,16,39,0.41,12,17,0.706,6,36,42,27,1,9,9,13,1610612748,MIA,Miami Heat,1610612738,BOS,Boston Celtics
0022300760,2024-02-11,2023-24,regular_season,home,False,1610612760,OKC,Thunder,240:00,127,14,Oklahoma City,thunder,46,85,0.541,13,27,0.481,22,27,0.815,5,31,36,30,8,9,9,17,1610612760,OKC,Oklahoma City Thunder,1610612758,SAC,Sacramento Kings
0022300760,2024-02-11,2023-24,regular_season,road,False,1610612758,SAC,Kings,240:00,113,-14,Sacramento,kings,44,90,0.489,16,42,0.381,9,13,0.692,10,30,40,32,5,5,18,22,1610612760,OKC,Oklahoma City Thunder,1610612758,SAC,Sacramento Kings
0022300761,2024-02-12,2023-24,regular_season,home,False,1610612766,CHA,Hornets,240:00,111,9,Charlotte,hornets,44,82,0.537,10,34,0.294,13,16,0.813,5,41,46,27,5,3,16,17,1610612766,CHA,Charlotte Hornets,1610612754,IND,Indiana Pacers
0022300761,2024-02-12,2023-24,regular_season,road,False,1610612754,IND,Pacers,240:00,102,-9,Indiana,pacers,42,83,0.506,8,30,0.267,10,16,0.625,2,30,32,31,9,3,11,11,1610612766,CHA,Charlotte Hornets,1610612754,IND,Indiana Pacers
0022300762,2024-02-12,2023-24,regular_season,home,False,1610612739,CLE,Cavaliers,240:00,121,-2,Cleveland,cavaliers,44,92,0.478,13,37,0.351,20,25,0.8,15,28,43,33,6,8,10,17,1610612739,CLE,Cleveland Cavaliers,1610612755,PHI,Philadelphia 76ers
0022300762,2024-02-12,2023-24,regular_season,road,False,1610612755,PHI,76ers,240:00,123,2,Philadelphia,sixers,48,88,0.545,11,26,0.423,16,19,0.842,11,31,42,25,5,4,10,22,1610612739,CLE,Cleveland Cavaliers,1610612755,PHI,Philadelphia 76ers
0022300763,2024-02-12,2023-24,regular_season,home,False,1610612737,ATL,Hawks,240:00,126,-10,Atlanta,hawks,44,94,0.468,14,43,0.326,24,29,0.828,15,34,49,33,4,3,11,20,1610612737,ATL,Atlanta Hawks,1610612741,CHI,Chicago Bulls
0022300763,2024-02-12,2023-24,regular_season,road,False,1610612741,CHI,Bulls,240:00,136,10,Chicago,bulls,51,92,0.554,13,28,0.464,21,29,0.724,7,36,43,29,6,2,6,22,1610612737,ATL,Atlanta Hawks,1610612741,CHI,Chicago Bulls
0022300764,2024-02-12,2023-24,regular_season,home,False,1610612761,TOR,Raptors,240:00,99,-23,Toronto,raptors,39,98,0.398,8,31,0.258,13,16,0.813,16,31,47,25,11,4,19,20,1610612761,TOR,Toronto Raptors,1610612759,SAS,San Antonio Spurs
0022300764,2024-02-12,2023-24,regular_season,road,False,1610612759,SAS,Spurs,240:00,122,23,San Antonio,spurs,46,87,0.529,11,30,0.367,19,23,0.826,5,41,46,37,12,13,17,14,1610612761,TOR,Toronto Raptors,1610612759,SAS,San Antonio Spurs
0022300765,2024-02-12,2023-24,regular_season,home,False,1610612745,HOU,Rockets,240:00,105,2,Houston,rockets,36,80,0.45,10,26,0.385,23,33,0.697,12,27,39,22,12,3,11,16,1610612745,HOU,Houston Rockets,1610612752,NYK,New York Knicks
0022300765,2024-02-12,2023-24,regular_season,road,False,1610612752,NYK,Knicks,240:00,103,-2,New York,knicks,42,92,0.457,12,36,0.333,7,12,0.583,19,32,51,19,4,4,16,23,1610612745,HOU,Houston Rockets,1610612752,NYK,New York Knicks
0022300766,2024-02-12,2023-24,regular_season,home,False,1610612763,MEM,Grizzlies,240:00,87,-9,Memphis,grizzlies,34,81,0.42,12,44,0.273,7,8,0.875,3,33,36,28,7,8,17,17,1610612763,MEM,Memphis Grizzlies,1610612740,NOP,New Orleans Pelicans
0022300766,2024-02-12,2023-24,regular_season,road,False,1610612740,NOP,Pelicans,240:00,96,9,New Orleans,pelicans,32,78,0.41,13,35,0.371,19,24,0.792,12,37,49,21,12,4,17,18,1610612763,MEM,Memphis Grizzlies,1610612740,NOP,New Orleans Pelicans
0022300767,2024-02-12,2023-24,regular_season,home,False,1610612749,MIL,Bucks,240:00,112,17,Milwaukee,bucks,42,84,0.5,16,34,0.471,12,18,0.667,9,42,51,30,8,6,12,19,1610612749,MIL,Milwaukee Bucks,1610612743,DEN,Denver Nuggets
0022300767,2024-02-12,2023-24,regular_season,road,False,1610612743,DEN,Nuggets,240:00,95,-17,Denver,nuggets,36,94,0.383,11,40,0.275,12,17,0.706,12,36,48,24,7,2,13,14,1610612749,MIL,Milwaukee Bucks,1610612743,DEN,Denver Nuggets
0022300768,2024-02-12,2023-24,regular_season,home,False,1610612742,DAL,Mavericks,240:00,112,8,Dallas,mavericks,43,96,0.448,9,36,0.25,17,26,0.654,12,44,56,27,7,12,16,18,1610612742,DAL,Dallas Mavericks,1610612764,WAS,Washington Wizards
0022300768,2024-02-12,2023-24,regular_season,road,False,1610612764,WAS,Wizards,240:00,104,-8,Washington,wizards,44,106,0.415,7,32,0.219,9,15,0.6,12,40,52,27,9,7,15,25,1610612742,DAL,Dallas Mavericks,1610612764,WAS,Washington Wizards
0022300769,2024-02-12,2023-24,regular_season,home,False,1610612762,UTA,Jazz,240:00,107,-22,Utah,jazz,41,92,0.446,11,32,0.344,14,16,0.875,9,35,44,23,8,7,17,17,1610612762,UTA,Utah Jazz,1610612744,GSW,Golden State Warriors
0022300769,2024-02-12,2023-24,regular_season,road,False,1610612744,GSW,Warriors,240:00,129,22,Golden State,warriors,48,100,0.48,20,44,0.455,13,17,0.765,12,39,51,31,8,4,13,13,1610612762,UTA,Utah Jazz,1610612744,GSW,Golden State Warriors
0022300770,2024-02-12,2023-24,regular_season,home,False,1610612746,LAC,Clippers,240:00,100,-21,LA,clippers,34,84,0.405,9,28,0.321,23,26,0.885,10,26,36,20,6,3,13,14,1610612746,LAC,LA Clippers,1610612750,MIN,Minnesota Timberwolves
0022300770,2024-02-12,2023-24,regular_season,road,False,1610612750,MIN,Timberwolves,240:00,121,21,Minnesota,timberwolves,46,86,0.535,11,34,0.324,18,19,0.947,9,32,41,33,9,7,11,20,1610612746,LAC,LA Clippers,1610612750,MIN,Minnesota Timberwolves
0022300771,2024-02-13,2023-24,regular_season,home,False,1610612751,BKN,Nets,240:00,110,-8,Brooklyn,nets,39,79,0.494,15,33,0.455,17,26,0.654,7,30,37,28,6,3,12,21,1610612751,BKN,Brooklyn Nets,1610612738,BOS,Boston Celtics
0022300771,2024-02-13,2023-24,regular_season,road,False,1610612738,BOS,Celtics,240:00,118,8,Boston,celtics,43,83,0.518,15,37,0.405,17,23,0.739,7,32,39,31,6,1,13,24,1610612751,BKN,Brooklyn Nets,1610612738,BOS,Boston Celtics
0022300772,2024-02-13,2023-24,regular_season,home,False,1610612753,ORL,Magic,240:00,113,-14,Orlando,magic,41,91,0.451,11,36,0.306,20,25,0.8,14,34,48,29,6,3,16,19,1610612753,ORL,Orlando Magic,1610612760,OKC,Oklahoma City Thunder
0022300772,2024-02-13,2023-24,regular_season,road,False,1610612760,OKC,Thunder,240:00,127,14,Oklahoma City,thunder,46,84,0.548,13,32,0.406,22,24,0.917,4,27,31,28,9,8,11,20,1610612753,ORL,Orlando Magic,1610612760,OKC,Oklahoma City Thunder
0022300773,2024-02-13,2023-24,regular_season,home,False,1610612749,MIL,Bucks,240:00,97,-26,Milwaukee,bucks,37,83,0.446,13,39,0.333,10,11,0.909,5,33,38,24,8,4,18,12,1610612749,MIL,Milwaukee Bucks,1610612748,MIA,Miami Heat
0022300773,2024-02-13,2023-24,regular_season,road,False,1610612748,MIA,Heat,240:00,123,26,Miami,heat,45,87,0.517,19,40,0.475,14,18,0.778,7,40,47,34,10,3,14,13,1610612749,MIL,Milwaukee Bucks,1610612748,MIA,Miami Heat
0022300774,2024-02-13,2023-24,regular_season,home,False,1610612756,PHX,Suns,240:00,130,5,Phoenix,suns,44,85,0.518,13,31,0.419,29,36,0.806,7,32,39,29,11,6,12,16,1610612756,PHX,Phoenix Suns,1610612758,SAC,Sacramento Kings
0022300774,2024-02-13,2023-24,regular_season,road,False,1610612758,SAC,Kings,240:00,125,-5,Sacramento,kings,49,95,0.516,9,31,0.29,18,24,0.75,15,35,50,27,8,6,13,27,1610612756,PHX,Phoenix Suns,1610612758,SAC,Sacramento Kings
0022300775,2024-02-13,2023-24,regular_season,home,False,1610612757,POR,Trail Blazers,240:00,109,-12,Portland,blazers,39,87,0.448,11,29,0.379,20,25,0.8,12,32,44,26,5,1,16,29,1610612757,POR,Portland Trail Blazers,1610612750,MIN,Minnesota Timberwolves
0022300775,2024-02-13,2023-24,regular_season,road,False,1610612750,MIN,Timberwolves,240:00,121,12,Minnesota,timberwolves,39,84,0.464,13,33,0.394,30,34,0.882,12,29,41,24,8,9,12,18,1610612757,POR,Portland Trail Blazers,1610612750,MIN,Minnesota Timberwolves
0022300776,2024-02-13,2023-24,regular_season,home,False,1610612747,LAL,Lakers,240:00,125,14,Los Angeles,lakers,43,84,0.512,14,35,0.4,25,30,0.833,7,40,47,32,6,11,15,14,1610612747,LAL,Los Angeles Lakers,1610612765,DET,Detroit Pistons
0022300776,2024-02-13,2023-24,regular_season,road,False,1610612765,DET,Pistons,240:00,111,-14,Detroit,pistons,45,108,0.417,8,28,0.286,13,17,0.765,17,33,50,30,8,2,10,24,1610612747,LAL,Los Angeles Lakers,1610612765,DET,Detroit Pistons
0022300777,2024-02-14,2023-24,regular_season,home,False,1610612766,CHA,Hornets,240:00,122,23,Charlotte,hornets,44,89,0.494,15,37,0.405,19,20,0.95,12,34,46,27,7,4,12,18,1610612766,CHA,Charlotte Hornets,1610612737,ATL,Atlanta Hawks
0022300777,2024-02-14,2023-24,regular_season,road,False,1610612737,ATL,Hawks,240:00,99,-23,Atlanta,hawks,36,89,0.404,9,38,0.237,18,20,0.9,15,30,45,23,5,6,16,20,1610612766,CHA,Charlotte Hornets,1610612737,ATL,Atlanta Hawks
0022300778,2024-02-14,2023-24,regular_season,home,False,1610612753,ORL,Magic,240:00,118,18,Orlando,magic,48,76,0.632,12,26,0.462,10,11,0.909,7,27,34,25,7,7,12,22,1610612753,ORL,Orlando Magic,1610612752,NYK,New York Knicks
0022300778,2024-02-14,2023-24,regular_season,road,False,1610612752,NYK,Knicks,240:00,100,-18,New York,knicks,35,84,0.417,11,29,0.379,19,24,0.792,16,18,34,15,8,0,10,11,1610612753,ORL,Orlando Magic,1610612752,NYK,New York Knicks
0022300779,2024-02-14,2023-24,regular_season,home,False,1610612755,PHI,76ers,240:00,104,-5,Philadelphia,sixers,41,86,0.477,10,35,0.286,12,16,0.75,6,33,39,29,3,1,14,20,1610612755,PHI,Philadelphia 76ers,1610612748,MIA,Miami Heat
0022300779,2024-02-14,2023-24,regular_season,road,False,1610612748,MIA,Heat,240:00,109,5,Miami,heat,42,88,0.477,11,35,0.314,14,15,0.933,10,33,43,27,10,1,13,17,1610612755,PHI,Philadelphia 76ers,1610612748,MIA,Miami Heat
0022300780,2024-02-14,2023-24,regular_season,home,False,1610612738,BOS,Celtics,240:00,136,50,Boston,celtics,52,91,0.571,22,45,0.489,10,12,0.833,10,41,51,32,6,5,8,13,1610612738,BOS,Boston Celtics,1610612751,BKN,Brooklyn Nets
0022300780,2024-02-14,2023-24,regular_season,road,False,1610612751,BKN,Nets,240:00,86,-50,Brooklyn,nets,31,81,0.383,10,31,0.323,14,15,0.933,6,25,31,27,5,1,11,12,1610612738,BOS,Boston Celtics,1610612751,BKN,Brooklyn Nets
0022300781,2024-02-14,2023-24,regular_season,home,False,1610612739,CLE,Cavaliers,240:00,108,3,Cleveland,cavaliers,40,83,0.482,12,37,0.324,16,21,0.762,6,30,36,31,6,2,8,18,1610612739,CLE,Cleveland Cavaliers,1610612741,CHI,Chicago Bulls
0022300781,2024-02-14,2023-24,regular_season,road,False,1610612741,CHI,Bulls,240:00,105,-3,Chicago,bulls,38,83,0.458,14,33,0.424,15,17,0.882,9,35,44,18,5,3,14,21,1610612739,CLE,Cleveland Cavaliers,1610612741,CHI,Chicago Bulls
0022300782,2024-02-14,2023-24,regular_season,home,False,1610612761,TOR,Raptors,240:00,125,-2,Toronto,raptors,50,98,0.51,6,26,0.231,19,26,0.731,15,41,56,30,6,7,15,20,1610612761,TOR,Toronto Raptors,1610612754,IND,Indiana Pacers
0022300782,2024-02-14,2023-24,regular_season,road,False,1610612754,IND,Pacers,240:00,127,2,Indiana,pacers,47,97,0.485,17,41,0.415,16,23,0.696,9,30,39,32,9,9,8,20,1610612761,TOR,Toronto Raptors,1610612754,IND,Indiana Pacers
0022300783,2024-02-14,2023-24,regular_season,home,False,1610612763,MEM,Grizzlies,240:00,121,8,Memphis,grizzlies,39,79,0.494,15,35,0.429,28,41,0.683,8,38,46,27,8,11,11,20,1610612763,MEM,Memphis Grizzlies,1610612745,HOU,Houston Rockets
0022300783,2024-02-14,2023-24,regular_season,road,False,1610612745,HOU,Rockets,240:00,113,-8,Houston,rockets,42,102,0.412,11,36,0.306,18,28,0.643,22,34,56,20,9,4,9,25,1610612763,MEM,Memphis Grizzlies,1610612745,HOU,Houston Rockets
0022300784,2024-02-14,2023-24,regular_season,home,False,1610612740,NOP,Pelicans,240:00,133,7,New Orleans,pelicans,50,89,0.562,10,32,0.313,23,29,0.793,8,31,39,36,14,6,10,21,1610612740,NOP,New Orleans Pelicans,1610612764,WAS,Washington Wizards
0022300784,2024-02-14,2023-24,regular_season,road,False,1610612764,WAS,Wizards,240:00,126,-7,Washington,wizards,44,92,0.478,21,45,0.467,17,20,0.85,15,27,42,35,7,3,19,22,1610612740,NOP,New Orleans Pelicans,1610612764,WAS,Washington Wizards
0022300785,2024-02-14,2023-24,regular_season,home,False,1610612742,DAL,Mavericks,240:00,116,23,Dallas,mavericks,49,92,0.533,11,30,0.367,7,10,0.7,8,47,55,28,6,10,15,14,1610612742,DAL,Dallas Mavericks,1610612759,SAS,San Antonio Spurs
0022300785,2024-02-14,2023-24,regular_season,road,False,1610612759,SAS,Spurs,240:00,93,-23,San Antonio,spurs,36,100,0.36,10,40,0.25,11,15,0.733,13,31,44,29,8,7,11,9,1610612742,DAL,Dallas Mavericks,1610612759,SAS,San Antonio Spurs
0022300786,2024-02-14,2023-24,regular_season,home,False,1610612743,DEN,Nuggets,240:00,98,-4,Denver,nuggets,35,89,0.393,9,26,0.346,19,22,0.864,12,33,45,27,6,5,12,18,1610612743,DEN,Denver Nuggets,1610612758,SAC,Sacramento Kings
0022300786,2024-02-14,2023-24,regular_season,road,False,1610612758,SAC,Kings,240:00,102,4,Sacramento,kings,39,89,0.438,9,33,0.273,15,19,0.789,10,38,48,21,7,5,14,18,1610612743,DEN,Denver Nuggets,1610612758,SAC,Sacramento Kings
0022300787,2024-02-14,2023-24,regular_season,home,False,1610612756,PHX,Suns,240:00,116,16,Phoenix,suns,35,77,0.455,10,31,0.323,36,44,0.818,9,45,54,28,15,11,23,20,1610612756,PHX,Phoenix Suns,1610612765,DET,Detroit Pistons
0022300787,2024-02-14,2023-24,regular_season,road,False,1610612765,DET,Pistons,240:00,100,-16,Detroit,pistons,38,99,0.384,10,37,0.27,14,22,0.636,16,32,48,26,14,5,19,32,1610612756,PHX,Phoenix Suns,1610612765,DET,Detroit Pistons
0022300788,2024-02-14,2023-24,regular_season,home,False,1610612762,UTA,Jazz,240:00,122,-16,Utah,jazz,49,101,0.485,14,45,0.311,10,13,0.769,15,29,44,29,5,7,13,21,1610612762,UTA,Utah Jazz,1610612747,LAL,Los Angeles Lakers
0022300788,2024-02-14,2023-24,regular_season,road,False,1610612747,LAL,Lakers,240:00,138,16,Los Angeles,lakers,52,91,0.571,14,31,0.452,20,24,0.833,5,32,37,34,8,4,9,13,1610612762,UTA,Utah Jazz,1610612747,LAL,Los Angeles Lakers
0022300789,2024-02-14,2023-24,regular_season,home,False,1610612744,GSW,Warriors,240:00,125,-5,Golden State,warriors,47,103,0.456,18,47,0.383,13,18,0.722,13,34,47,34,7,2,9,25,1610612744,GSW,Golden State Warriors,1610612746,LAC,LA Clippers
0022300789,2024-02-14,2023-24,regular_season,road,False,1610612746,LAC,Clippers,240:00,130,5,LA,clippers,44,88,0.5,13,38,0.342,29,37,0.784,12,36,48,28,6,4,12,21,1610612744,GSW,Golden State Warriors,1610612746,LAC,LA Clippers
0022300576,2024-02-15,2023-24,regular_season,home,False,1610612762,UTA,Jazz,240:00,137,-3,Utah,jazz,43,93,0.462,22,49,0.449,29,32,0.906,17,31,48,33,10,3,16,22,1610612762,UTA,Utah Jazz,1610612744,GSW,Golden State Warriors
0022300576,2024-02-15,2023-24,regular_season,road,False,1610612744,GSW,Warriors,240:00,140,3,Golden State,warriors,49,92,0.533,20,42,0.476,22,28,0.786,13,28,41,42,8,6,13,19,1610612762,UTA,Utah Jazz,1610612744,GSW,Golden State Warriors
0022300790,2024-02-15,2023-24,regular_season,home,False,1610612763,MEM,Grizzlies,240:00,113,3,Memphis,grizzlies,44,83,0.53,13,26,0.5,12,19,0.632,7,33,40,30,9,3,16,16,1610612763,MEM,Memphis Grizzlies,1610612749,MIL,Milwaukee Bucks
0022300790,2024-02-15,2023-24,regular_season,road,False,1610612749,MIL,Bucks,240:00,110,-3,Milwaukee,bucks,42,90,0.467,11,44,0.25,15,20,0.75,11,33,44,24,10,5,13,22,1610612763,MEM,Memphis Grizzlies,1610612749,MIL,Milwaukee Bucks
0022300791,2024-02-15,2023-24,regular_season,home,False,1610612757,POR,Trail Blazers,240:00,91,-37,Portland,blazers,31,83,0.373,8,29,0.276,21,30,0.7,9,26,35,18,8,5,15,23,1610612757,POR,Portland Trail Blazers,1610612750,MIN,Minnesota Timberwolves
0022300791,2024-02-15,2023-24,regular_season,road,False,1610612750,MIN,Timberwolves,240:00,128,37,Minnesota,timberwolves,46,89,0.517,11,30,0.367,25,27,0.926,11,41,52,24,8,5,13,22,1610612757,POR,Portland Trail Blazers,1610612750,MIN,Minnesota Timberwolves
0022300792,2024-02-22,2023-24,regular_season,home,False,1610612739,CLE,Cavaliers,240:00,109,-7,Cleveland,cavaliers,39,70,0.557,10,22,0.455,21,26,0.808,7,26,33,31,8,5,17,18,1610612739,CLE,Cleveland Cavaliers,1610612753,ORL,Orlando Magic
0022300792,2024-02-22,2023-24,regular_season,road,False,1610612753,ORL,Magic,240:00,116,7,Orlando,magic,43,84,0.512,14,25,0.56,16,18,0.889,10,23,33,26,8,3,13,23,1610612739,CLE,Cleveland Cavaliers,1610612753,ORL,Orlando Magic
0022300793,2024-02-22,2023-24,regular_season,home,False,1610612754,IND,Pacers,240:00,129,14,Indiana,pacers,50,94,0.532,13,30,0.433,16,19,0.842,7,35,42,36,10,5,13,15,1610612754,IND,Indiana Pacers,1610612765,DET,Detroit Pistons
0022300793,2024-02-22,2023-24,regular_season,road,False,1610612765,DET,Pistons,240:00,115,-14,Detroit,pistons,47,89,0.528,12,30,0.4,9,18,0.5,6,35,41,27,6,4,15,21,1610612754,IND,Indiana Pacers,1610612765,DET,Detroit Pistons
0022300794,2024-02-22,2023-24,regular_season,home,False,1610612755,PHI,76ers,240:00,96,-14,Philadelphia,sixers,37,84,0.44,10,29,0.345,12,14,0.857,7,31,38,23,7,3,18,23,1610612755,PHI,Philadelphia 76ers,1610612752,NYK,New York Knicks
0022300794,2024-02-22,2023-24,regular_season,road,False,1610612752,NYK,Knicks,240:00,110,14,New York,knicks,38,79,0.481,15,34,0.441,19,27,0.704,12,33,45,24,11,6,15,13,1610612755,PHI,Philadelphia 76ers,1610612752,NYK,New York Knicks
0022300795,2024-02-22,2023-24,regular_season,home,False,1610612761,TOR,Raptors,240:00,121,28,Toronto,raptors,41,84,0.488,14,31,0.452,25,30,0.833,7,38,45,24,10,6,10,18,1610612761,TOR,Toronto Raptors,1610612751,BKN,Brooklyn Nets
0022300795,2024-02-22,2023-24,regular_season,road,False,1610612751,BKN,Nets,240:00,93,-28,Brooklyn,nets,33,80,0.413,11,37,0.297,16,22,0.727,6,33,39,19,7,2,19,24,1610612761,TOR,Toronto Raptors,1610612751,BKN,Brooklyn Nets
0022300796,2024-02-22,2023-24,regular_season,home,False,1610612742,DAL,Mavericks,240:00,123,10,Dallas,mavericks,43,90,0.478,19,44,0.432,18,21,0.857,10,29,39,24,10,5,10,21,1610612742,DAL,Dallas Mavericks,1610612756,PHX,Phoenix Suns
0022300796,2024-02-22,2023-24,regular_season,road,False,1610612756,PHX,Suns,240:00,113,-10,Phoenix,suns,40,83,0.482,15,36,0.417,18,24,0.75,11,30,41,20,7,4,16,21,1610612742,DAL,Dallas Mavericks,1610612756,PHX,Phoenix Suns
0022300797,2024-02-22,2023-24,regular_season,home,False,1610612741,CHI,Bulls,240:00,112,-17,Chicago,bulls,44,94,0.468,10,28,0.357,14,16,0.875,13,32,45,30,6,2,13,17,1610612741,CHI,Chicago Bulls,1610612738,BOS,Boston Celtics
0022300797,2024-02-22,2023-24,regular_season,road,False,1610612738,BOS,Celtics,240:00,129,17,Boston,celtics,45,83,0.542,23,47,0.489,16,21,0.762,5,31,36,27,10,11,13,16,1610612741,CHI,Chicago Bulls,1610612738,BOS,Boston Celtics
0022300798,2024-02-22,2023-24,regular_season,home,False,1610612740,NOP,Pelicans,240:00,127,22,New Orleans,pelicans,50,96,0.521,16,41,0.39,11,18,0.611,9,34,43,35,16,6,13,21,1610612740,NOP,New Orleans Pelicans,1610612745,HOU,Houston Rockets
0022300798,2024-02-22,2023-24,regular_season,road,False,1610612745,HOU,Rockets,240:00,105,-22,Houston,rockets,36,82,0.439,15,41,0.366,18,28,0.643,12,32,44,27,6,5,22,18,1610612740,NOP,New Orleans Pelicans,1610612745,HOU,Houston Rockets
0022300799,2024-02-22,2023-24,regular_season,home,False,1610612760,OKC,Thunder,240:00,129,22,Oklahoma City,thunder,50,90,0.556,17,35,0.486,12,17,0.706,8,36,44,24,9,11,12,16,1610612760,OKC,Oklahoma City Thunder,1610612746,LAC,LA Clippers
0022300799,2024-02-22,2023-24,regular_season,road,False,1610612746,LAC,Clippers,240:00,107,-22,LA,clippers,42,93,0.452,12,32,0.375,11,13,0.846,11,31,42,27,6,2,14,15,1610612760,OKC,Oklahoma City Thunder,1610612746,LAC,LA Clippers
0022300800,2024-02-22,2023-24,regular_season,home,False,1610612743,DEN,Nuggets,240:00,130,20,Denver,nuggets,56,101,0.554,7,31,0.226,11,15,0.733,13,47,60,41,11,11,16,16,1610612743,DEN,Denver Nuggets,1610612764,WAS,Washington Wizards
0022300800,2024-02-22,2023-24,regular_season,road,False,1610612764,WAS,Wizards,240:00,110,-20,Washington,wizards,40,104,0.385,17,38,0.447,13,23,0.565,14,26,40,30,14,1,14,15,1610612743,DEN,Denver Nuggets,1610612764,WAS,Washington Wizards
0022300801,2024-02-22,2023-24,regular_season,home,False,1610612762,UTA,Jazz,240:00,107,-8,Utah,jazz,37,86,0.43,9,39,0.231,24,27,0.889,15,39,54,26,3,2,19,21,1610612762,UTA,Utah Jazz,1610612766,CHA,Charlotte Hornets
0022300801,2024-02-22,2023-24,regular_season,road,False,1610612766,CHA,Hornets,240:00,115,8,Charlotte,hornets,40,92,0.435,20,42,0.476,15,22,0.682,12,30,42,28,11,3,9,23,1610612762,UTA,Utah Jazz,1610612766,CHA,Charlotte Hornets
0022300802,2024-02-22,2023-24,regular_season,home,False,1610612744,GSW,Warriors,240:00,128,18,Golden State,warriors,50,107,0.467,16,41,0.39,12,14,0.857,15,33,48,32,6,4,9,19,1610612744,GSW,Golden State Warriors,1610612747,LAL,Los Angeles Lakers
0022300802,2024-02-22,2023-24,regular_season,road,False,1610612747,LAL,Lakers,240:00,110,-18,Los Angeles,lakers,43,88,0.489,10,35,0.286,14,21,0.667,10,31,41,28,5,9,11,18,1610612744,GSW,Golden State Warriors,1610612747,LAL,Los Angeles Lakers
0022300803,2024-02-22,2023-24,regular_season,home,False,1610612758,SAC,Kings,240:00,127,5,Sacramento,kings,52,93,0.559,13,33,0.394,10,14,0.714,7,35,42,29,5,6,10,12,1610612758,SAC,Sacramento Kings,1610612759,SAS,San Antonio Spurs
0022300803,2024-02-22,2023-24,regular_season,road,False,1610612759,SAS,Spurs,240:00,122,-5,San Antonio,spurs,50,98,0.51,11,25,0.44,11,16,0.688,11,31,42,37,9,5,8,12,1610612758,SAC,Sacramento Kings,1610612759,SAS,San Antonio Spurs
0022300804,2024-02-23,2023-24,regular_season,home,False,1610612737,ATL,Hawks,240:00,121,-2,Atlanta,hawks,46,106,0.434,12,39,0.308,17,24,0.708,20,34,54,27,5,4,9,11,1610612737,ATL,Atlanta Hawks,1610612761,TOR,Toronto Raptors
0022300804,2024-02-23,2023-24,regular_season,road,False,1610612761,TOR,Raptors,240:00,123,2,Toronto,raptors,50,102,0.49,15,39,0.385,8,8,1.0,11,36,47,37,3,7,11,20,1610612737,ATL,Atlanta Hawks,1610612761,TOR,Toronto Raptors
0022300805,2024-02-23,2023-24,regular_season,home,False,1610612755,PHI,76ers,240:00,104,7,Philadelphia,sixers,40,90,0.444,12,29,0.414,12,15,0.8,9,42,51,20,6,7,9,25,1610612755,PHI,Philadelphia 76ers,1610612739,CLE,Cleveland Cavaliers
0022300805,2024-02-23,2023-24,regular_season,road,False,1610612739,CLE,Cavaliers,240:00,97,-7,Cleveland,cavaliers,34,80,0.425,8,27,0.296,21,31,0.677,5,38,43,24,5,8,10,15,1610612755,PHI,Philadelphia 76ers,1610612739,CLE,Cleveland Cavaliers
0022300806,2024-02-23,2023-24,regular_season,home,False,1610612745,HOU,Rockets,240:00,114,4,Houston,rockets,37,93,0.398,15,45,0.333,25,34,0.735,17,37,54,25,8,5,14,23,1610612745,HOU,Houston Rockets,1610612756,PHX,Phoenix Suns
0022300806,2024-02-23,2023-24,regular_season,road,False,1610612756,PHX,Suns,240:00,110,-4,Phoenix,suns,38,95,0.4,7,31,0.226,27,35,0.771,19,39,58,23,10,8,10,20,1610612745,HOU,Houston Rockets,1610612756,PHX,Phoenix Suns
0022300807,2024-02-23,2023-24,regular_season,home,False,1610612763,MEM,Grizzlies,240:00,95,-6,Memphis,grizzlies,38,91,0.418,8,35,0.229,11,16,0.688,14,27,41,26,12,3,12,17,1610612763,MEM,Memphis Grizzlies,1610612746,LAC,LA Clippers
0022300807,2024-02-23,2023-24,regular_season,road,False,1610612746,LAC,Clippers,240:00,101,6,LA,clippers,37,84,0.44,12,32,0.375,15,17,0.882,14,37,51,20,7,2,20,20,1610612763,MEM,Memphis Grizzlies,1610612746,LAC,LA Clippers
0022300808,2024-02-23,2023-24,regular_season,home,False,1610612750,MIN,Timberwolves,240:00,107,-5,Minnesota,timberwolves,43,98,0.439,13,35,0.371,8,13,0.615,16,36,52,23,8,4,13,18,1610612750,MIN,Minnesota Timberwolves,1610612749,MIL,Milwaukee Bucks
0022300808,2024-02-23,2023-24,regular_season,road,False,1610612749,MIL,Bucks,240:00,112,5,Milwaukee,bucks,41,87,0.471,13,37,0.351,17,25,0.68,11,36,47,24,10,4,10,18,1610612750,MIN,Minnesota Timberwolves,1610612749,MIL,Milwaukee Bucks
0022300809,2024-02-23,2023-24,regular_season,home,False,1610612760,OKC,Thunder,240:00,147,41,Oklahoma City,thunder,55,92,0.598,20,40,0.5,17,21,0.81,8,48,56,30,5,9,15,22,1610612760,OKC,Oklahoma City Thunder,1610612764,WAS,Washington Wizards
0022300809,2024-02-23,2023-24,regular_season,road,False,1610612764,WAS,Wizards,240:00,106,-41,Washington,wizards,41,104,0.394,9,38,0.237,15,21,0.714,16,27,43,20,10,3,14,17,1610612760,OKC,Oklahoma City Thunder,1610612764,WAS,Washington Wizards
0022300810,2024-02-23,2023-24,regular_season,home,False,1610612740,NOP,Pelicans,240:00,95,-11,New Orleans,pelicans,39,104,0.375,7,32,0.219,10,13,0.769,18,36,54,20,6,7,11,19,1610612740,NOP,New Orleans Pelicans,1610612748,MIA,Miami Heat
0022300810,2024-02-23,2023-24,regular_season,road,False,1610612748,MIA,Heat,240:00,106,11,Miami,heat,38,82,0.463,13,29,0.448,17,25,0.68,10,36,46,20,6,11,14,14,1610612740,NOP,New Orleans Pelicans,1610612748,MIA,Miami Heat
0022300811,2024-02-23,2023-24,regular_season,home,False,1610612744,GSW,Warriors,240:00,97,13,Golden State,warriors,38,89,0.427,13,42,0.31,8,10,0.8,13,40,53,28,7,7,21,15,1610612744,GSW,Golden State Warriors,1610612766,CHA,Charlotte Hornets
0022300811,2024-02-23,2023-24,regular_season,road,False,1610612766,CHA,Hornets,240:00,84,-13,Charlotte,hornets,32,88,0.364,11,39,0.282,9,11,0.818,13,30,43,21,13,6,18,15,1610612744,GSW,Golden State Warriors,1610612766,CHA,Charlotte Hornets
0022300812,2024-02-23,2023-24,regular_season,home,False,1610612757,POR,Trail Blazers,240:00,112,-15,Portland,blazers,46,101,0.455,8,25,0.32,12,18,0.667,19,26,45,25,11,2,10,17,1610612757,POR,Portland Trail Blazers,1610612743,DEN,Denver Nuggets
0022300812,2024-02-23,2023-24,regular_season,road,False,1610612743,DEN,Nuggets,240:00,127,15,Denver,nuggets,50,85,0.588,13,33,0.394,14,22,0.636,11,34,45,38,8,6,12,17,1610612757,POR,Portland Trail Blazers,1610612743,DEN,Denver Nuggets
0022300813,2024-02-23,2023-24,regular_season,home,False,1610612747,LAL,Lakers,240:00,123,5,Los Angeles,lakers,49,95,0.516,11,27,0.407,14,18,0.778,10,36,46,28,7,4,12,18,1610612747,LAL,Los Angeles Lakers,1610612759,SAS,San Antonio Spurs
0022300813,2024-02-23,2023-24,regular_season,road,False,1610612759,SAS,Spurs,240:00,118,-5,San Antonio,spurs,42,96,0.438,15,38,0.395,19,23,0.826,16,31,47,33,9,7,14,14,1610612747,LAL,Los Angeles Lakers,1610612759,SAS,San Antonio Spurs
0022300814,2024-02-24,2023-24,regular_season,home,False,1610612765,DET,Pistons,240:00,109,-3,Detroit,pistons,43,85,0.506,14,31,0.452,9,13,0.692,7,29,36,29,7,7,12,21,1610612765,DET,Detroit Pistons,1610612753,ORL,Orlando Magic
0022300814,2024-02-24,2023-24,regular_season,road,False,1610612753,ORL,Magic,240:00,112,3,Orlando,magic,43,87,0.494,12,24,0.5,14,21,0.667,13,33,46,25,9,9,10,15,1610612765,DET,Detroit Pistons,1610612753,ORL,Orlando Magic
0022300815,2024-02-24,2023-24,regular_season,home,False,1610612750,MIN,Timberwolves,240:00,101,15,Minnesota,timberwolves,36,84,0.429,12,38,0.316,17,23,0.739,6,45,51,22,6,9,12,14,1610612750,MIN,Minnesota Timberwolves,1610612751,BKN,Brooklyn Nets
0022300815,2024-02-24,2023-24,regular_season,road,False,1610612751,BKN,Nets,240:00,86,-15,Brooklyn,nets,35,104,0.337,6,35,0.171,10,11,0.909,16,40,56,20,7,2,11,17,1610612750,MIN,Minnesota Timberwolves,1610612751,BKN,Brooklyn Nets
0022300816,2024-02-24,2023-24,regular_season,home,False,1610612752,NYK,Knicks,240:00,102,-14,New York,knicks,37,82,0.451,13,38,0.342,15,16,0.938,15,24,39,21,1,3,13,15,1610612752,NYK,New York Knicks,1610612738,BOS,Boston Celtics
0022300816,2024-02-24,2023-24,regular_season,road,False,1610612738,BOS,Celtics,240:00,116,14,Boston,celtics,46,81,0.568,15,35,0.429,9,12,0.75,11,25,36,27,8,4,7,16,1610612752,NYK,New York Knicks,1610612738,BOS,Boston Celtics
0022300817,2024-02-25,2023-24,regular_season,home,False,1610612755,PHI,76ers,240:00,98,-21,Philadelphia,sixers,36,97,0.371,16,46,0.348,10,11,0.909,13,28,41,24,12,5,10,18,1610612755,PHI,Philadelphia 76ers,1610612749,MIL,Milwaukee Bucks
0022300817,2024-02-25,2023-24,regular_season,road,False,1610612749,MIL,Bucks,240:00,119,21,Milwaukee,bucks,43,79,0.544,18,37,0.486,15,18,0.833,7,40,47,32,6,10,18,13,1610612755,PHI,Philadelphia 76ers,1610612749,MIL,Milwaukee Bucks
0022300818,2024-02-25,2023-24,regular_season,home,False,1610612756,PHX,Suns,240:00,123,10,Phoenix,suns,44,93,0.473,17,40,0.425,18,19,0.947,14,37,51,32,6,9,12,12,1610612756,PHX,Phoenix Suns,1610612747,LAL,Los Angeles Lakers
0022300818,2024-02-25,2023-24,regular_season,road,False,1610612747,LAL,Lakers,240:00,113,-10,Los Angeles,lakers,47,90,0.522,15,35,0.429,4,8,0.5,3,31,34,28,7,4,10,14,1610612756,PHX,Phoenix Suns,1610612747,LAL,Los Angeles Lakers
0022300819,2024-02-25,2023-24,regular_season,home,False,1610612754,IND,Pacers,240:00,133,22,Indiana,pacers,52,93,0.559,14,36,0.389,15,17,0.882,6,40,46,38,12,0,12,16,1610612754,IND,Indiana Pacers,1610612742,DAL,Dallas Mavericks
0022300819,2024-02-25,2023-24,regular_season,road,False,1610612742,DAL,Mavericks,240:00,111,-22,Dallas,mavericks,41,87,0.471,14,31,0.452,15,21,0.714,8,30,38,15,9,4,15,13,1610612754,IND,Indiana Pacers,1610612742,DAL,Dallas Mavericks
0022300820,2024-02-25,2023-24,regular_season,home,False,1610612764,WAS,Wizards,240:00,105,-9,Washington,wizards,40,90,0.444,12,40,0.3,13,18,0.722,4,36,40,29,6,2,9,22,1610612764,WAS,Washington Wizards,1610612739,CLE,Cleveland Cavaliers
0022300820,2024-02-25,2023-24,regular_season,road,False,1610612739,CLE,Cavaliers,240:00,114,9,Cleveland,cavaliers,42,83,0.506,10,32,0.313,20,27,0.741,6,41,47,35,6,6,10,16,1610612764,WAS,Washington Wizards,1610612739,CLE,Cleveland Cavaliers
0022300821,2024-02-25,2023-24,regular_season,home,False,1610612737,ATL,Hawks,240:00,109,17,Atlanta,hawks,41,90,0.456,12,29,0.414,15,17,0.882,9,35,44,31,10,3,9,17,1610612737,ATL,Atlanta Hawks,1610612753,ORL,Orlando Magic
0022300821,2024-02-25,2023-24,regular_season,road,False,1610612753,ORL,Magic,240:00,92,-17,Orlando,magic,35,84,0.417,14,38,0.368,8,18,0.444,14,37,51,23,7,9,18,19,1610612737,ATL,Atlanta Hawks,1610612753,ORL,Orlando Magic
0022300822,2024-02-25,2023-24,regular_season,home,False,1610612745,HOU,Rockets,240:00,110,-13,Houston,rockets,38,93,0.409,16,41,0.39,18,23,0.783,13,37,50,18,6,7,18,16,1610612745,HOU,Houston Rockets,1610612760,OKC,Oklahoma City Thunder
0022300822,2024-02-25,2023-24,regular_season,road,False,1610612760,OKC,Thunder,240:00,123,13,Oklahoma City,thunder,46,97,0.474,17,35,0.486,14,15,0.933,10,38,48,30,12,8,9,22,1610612745,HOU,Houston Rockets,1610612760,OKC,Oklahoma City Thunder
0022300823,2024-02-25,2023-24,regular_season,home,False,1610612740,NOP,Pelicans,240:00,106,-8,New Orleans,pelicans,40,88,0.455,16,41,0.39,10,14,0.714,12,37,49,25,5,7,19,17,1610612740,NOP,New Orleans Pelicans,1610612741,CHI,Chicago Bulls
0022300823,2024-02-25,2023-24,regular_season,road,False,1610612741,CHI,Bulls,240:00,114,8,Chicago,bulls,41,95,0.432,13,40,0.325,19,21,0.905,12,37,49,29,12,0,9,15,1610612740,NOP,New Orleans Pelicans,1610612741,CHI,Chicago Bulls
0022300824,2024-02-25,2023-24,regular_season,home,False,1610612744,GSW,Warriors,240:00,103,-16,Golden State,warriors,35,81,0.432,11,34,0.324,22,29,0.759,11,31,42,27,5,3,17,18,1610612744,GSW,Golden State Warriors,1610612743,DEN,Denver Nuggets
0022300824,2024-02-25,2023-24,regular_season,road,False,1610612743,DEN,Nuggets,240:00,119,16,Denver,nuggets,43,88,0.489,11,32,0.344,22,26,0.846,12,33,45,29,10,5,10,20,1610612744,GSW,Golden State Warriors,1610612743,DEN,Denver Nuggets
0022300825,2024-02-25,2023-24,regular_season,home,False,1610612762,UTA,Jazz,240:00,128,19,Utah,jazz,46,90,0.511,17,35,0.486,19,22,0.864,5,33,38,36,13,8,17,17,1610612762,UTA,Utah Jazz,1610612759,SAS,San Antonio Spurs
0022300825,2024-02-25,2023-24,regular_season,road,False,1610612759,SAS,Spurs,240:00,109,-19,San Antonio,spurs,42,91,0.462,13,31,0.419,12,19,0.632,10,36,46,34,8,11,20,17,1610612762,UTA,Utah Jazz,1610612759,SAS,San Antonio Spurs
0022300826,2024-02-25,2023-24,regular_season,home,False,1610612757,POR,Trail Blazers,240:00,80,-13,Portland,blazers,33,95,0.347,3,32,0.094,11,16,0.688,22,34,56,14,11,4,15,16,1610612757,POR,Portland Trail Blazers,1610612766,CHA,Charlotte Hornets
0022300826,2024-02-25,2023-24,regular_season,road,False,1610612766,CHA,Hornets,240:00,93,13,Charlotte,hornets,37,75,0.493,7,24,0.292,12,17,0.706,4,37,41,24,12,6,14,12,1610612757,POR,Portland Trail Blazers,1610612766,CHA,Charlotte Hornets
0022300827,2024-02-25,2023-24,regular_season,home,False,1610612746,LAC,Clippers,240:00,107,-16,LA,clippers,40,82,0.488,8,27,0.296,19,20,0.95,10,29,39,23,7,2,15,14,1610612746,LAC,LA Clippers,1610612758,SAC,Sacramento Kings
0022300827,2024-02-25,2023-24,regular_season,road,False,1610612758,SAC,Kings,240:00,123,16,Sacramento,kings,45,91,0.495,15,37,0.405,18,22,0.818,14,27,41,29,10,1,10,15,1610612746,LAC,LA Clippers,1610612758,SAC,Sacramento Kings
0022300828,2024-02-26,2023-24,regular_season,home,False,1610612752,NYK,Knicks,240:00,113,2,New York,knicks,41,92,0.446,15,39,0.385,16,21,0.762,15,29,44,31,9,4,14,16,1610612752,NYK,New York Knicks,1610612765,DET,Detroit Pistons
0022300828,2024-02-26,2023-24,regular_season,road,False,1610612765,DET,Pistons,240:00,111,-2,Detroit,pistons,38,79,0.481,14,30,0.467,21,26,0.808,10,32,42,25,9,6,17,15,1610612752,NYK,New York Knicks,1610612765,DET,Detroit Pistons
0022300829,2024-02-26,2023-24,regular_season,home,False,1610612754,IND,Pacers,240:00,122,-8,Indiana,pacers,46,100,0.46,13,42,0.31,17,23,0.739,13,30,43,27,8,5,10,19,1610612754,IND,Indiana Pacers,1610612761,TOR,Toronto Raptors
0022300829,2024-02-26,2023-24,regular_season,road,False,1610612761,TOR,Raptors,240:00,130,8,Toronto,raptors,53,96,0.552,12,28,0.429,12,17,0.706,12,33,45,35,4,7,11,17,1610612754,IND,Indiana Pacers,1610612761,TOR,Toronto Raptors
0022300830,2024-02-26,2023-24,regular_season,home,False,1610612763,MEM,Grizzlies,240:00,86,-25,Memphis,grizzlies,29,75,0.387,7,26,0.269,21,26,0.808,8,32,40,16,6,4,14,13,1610612763,MEM,Memphis Grizzlies,1610612751,BKN,Brooklyn Nets
0022300830,2024-02-26,2023-24,regular_season,road,False,1610612751,BKN,Nets,240:00,111,25,Brooklyn,nets,44,90,0.489,15,42,0.357,8,14,0.571,12,34,46,32,5,5,8,24,1610612763,MEM,Memphis Grizzlies,1610612751,BKN,Brooklyn Nets
0022300831,2024-02-26,2023-24,regular_season,home,False,1610612758,SAC,Kings,240:00,110,-11,Sacramento,kings,45,85,0.529,13,32,0.406,7,12,0.583,11,30,41,30,10,5,15,20,1610612758,SAC,Sacramento Kings,1610612748,MIA,Miami Heat
0022300831,2024-02-26,2023-24,regular_season,road,False,1610612748,MIA,Heat,240:00,121,11,Miami,heat,45,87,0.517,11,30,0.367,20,25,0.8,10,29,39,27,12,3,11,12,1610612758,SAC,Sacramento Kings,1610612748,MIA,Miami Heat
0022300832,2024-02-27,2023-24,regular_season,home,False,1610612739,CLE,Cavaliers,240:00,121,2,Cleveland,cavaliers,44,83,0.53,20,40,0.5,13,18,0.722,9,38,47,35,2,4,16,12,1610612739,CLE,Cleveland Cavaliers,1610612742,DAL,Dallas Mavericks
0022300832,2024-02-27,2023-24,regular_season,road,False,1610612742,DAL,Mavericks,240:00,119,-2,Dallas,mavericks,48,91,0.527,14,33,0.424,9,15,0.6,5,31,36,23,11,6,5,12,1610612739,CLE,Cleveland Cavaliers,1610612742,DAL,Dallas Mavericks
0022300833,2024-02-27,2023-24,regular_season,home,False,1610612753,ORL,Magic,240:00,108,27,Orlando,magic,39,74,0.527,9,25,0.36,21,25,0.84,5,33,38,20,14,2,17,22,1610612753,ORL,Orlando Magic,1610612751,BKN,Brooklyn Nets
0022300833,2024-02-27,2023-24,regular_season,road,False,1610612751,BKN,Nets,240:00,81,-27,Brooklyn,nets,31,79,0.392,8,31,0.258,11,14,0.786,9,26,35,18,10,1,20,22,1610612753,ORL,Orlando Magic,1610612751,BKN,Brooklyn Nets
0022300834,2024-02-27,2023-24,regular_season,home,False,1610612764,WAS,Wizards,240:00,112,-11,Washington,wizards,46,93,0.495,12,35,0.343,8,10,0.8,11,30,41,34,5,5,20,12,1610612764,WAS,Washington Wizards,1610612744,GSW,Golden State Warriors
0022300834,2024-02-27,2023-24,regular_season,road,False,1610612744,GSW,Warriors,240:00,123,11,Golden State,warriors,47,94,0.5,21,46,0.457,8,11,0.727,9,35,44,39,12,6,18,11,1610612764,WAS,Washington Wizards,1610612744,GSW,Golden State Warriors
0022300835,2024-02-27,2023-24,regular_season,home,False,1610612737,ATL,Hawks,240:00,124,27,Atlanta,hawks,46,93,0.495,12,32,0.375,20,23,0.87,15,40,55,27,8,8,17,15,1610612737,ATL,Atlanta Hawks,1610612762,UTA,Utah Jazz
0022300835,2024-02-27,2023-24,regular_season,road,False,1610612762,UTA,Jazz,240:00,97,-27,Utah,jazz,35,94,0.372,11,38,0.289,16,19,0.842,12,31,43,24,11,4,17,15,1610612737,ATL,Atlanta Hawks,1610612762,UTA,Utah Jazz
0022300836,2024-02-27,2023-24,regular_season,home,False,1610612738,BOS,Celtics,240:00,117,18,Boston,celtics,39,74,0.527,5,22,0.227,34,37,0.919,9,47,56,21,7,9,14,16,1610612738,BOS,Boston Celtics,1610612755,PHI,Philadelphia 76ers
0022300836,2024-02-27,2023-24,regular_season,road,False,1610612755,PHI,76ers,240:00,99,-18,Philadelphia,sixers,37,94,0.394,14,42,0.333,11,12,0.917,8,20,28,20,6,5,9,23,1610612738,BOS,Boston Celtics,1610612755,PHI,Philadelphia 76ers
0022300837,2024-02-27,2023-24,regular_season,home,False,1610612752,NYK,Knicks,240:00,92,-23,New York,knicks,31,83,0.373,14,46,0.304,16,23,0.696,13,25,38,27,6,5,11,20,1610612752,NYK,New York Knicks,1610612740,NOP,New Orleans Pelicans
0022300837,2024-02-27,2023-24,regular_season,road,False,1610612740,NOP,Pelicans,240:00,115,23,New Orleans,pelicans,39,77,0.506,18,34,0.529,19,23,0.826,10,34,44,23,4,5,14,21,1610612752,NYK,New York Knicks,1610612740,NOP,New Orleans Pelicans
0022300838,2024-02-27,2023-24,regular_season,home,False,1610612750,MIN,Timberwolves,240:00,114,9,Minnesota,timberwolves,43,93,0.462,13,31,0.419,15,17,0.882,11,35,46,28,16,8,14,14,1610612750,MIN,Minnesota Timberwolves,1610612759,SAS,San Antonio Spurs
0022300838,2024-02-27,2023-24,regular_season,road,False,1610612759,SAS,Spurs,240:00,105,-9,San Antonio,spurs,39,82,0.476,16,41,0.39,11,15,0.733,7,34,41,28,9,7,22,15,1610612750,MIN,Minnesota Timberwolves,1610612759,SAS,San Antonio Spurs
0022300839,2024-02-27,2023-24,regular_season,home,False,1610612741,CHI,Bulls,240:00,95,-10,Chicago,bulls,39,98,0.398,2,29,0.069,15,18,0.833,15,24,39,22,11,3,6,18,1610612741,CHI,Chicago Bulls,1610612765,DET,Detroit Pistons
0022300839,2024-02-27,2023-24,regular_season,road,False,1610612765,DET,Pistons,240:00,105,10,Detroit,pistons,37,75,0.493,14,37,0.378,17,23,0.739,8,39,47,22,3,8,18,19,1610612741,CHI,Chicago Bulls,1610612765,DET,Detroit Pistons
0022300840,2024-02-27,2023-24,regular_season,home,False,1610612749,MIL,Bucks,240:00,123,38,Milwaukee,bucks,46,89,0.517,16,40,0.4,15,18,0.833,11,40,51,29,7,3,9,17,1610612749,MIL,Milwaukee Bucks,1610612766,CHA,Charlotte Hornets
0022300840,2024-02-27,2023-24,regular_season,road,False,1610612766,CHA,Hornets,240:00,85,-38,Charlotte,hornets,30,81,0.37,11,40,0.275,14,17,0.824,5,32,37,24,6,2,13,16,1610612749,MIL,Milwaukee Bucks,1610612766,CHA,Charlotte Hornets
0022300841,2024-02-27,2023-24,regular_season,home,False,1610612760,OKC,Thunder,240:00,112,17,Oklahoma City,thunder,44,93,0.473,10,27,0.37,14,18,0.778,12,43,55,19,7,8,13,14,1610612760,OKC,Oklahoma City Thunder,1610612745,HOU,Houston Rockets
0022300841,2024-02-27,2023-24,regular_season,road,False,1610612745,HOU,Rockets,240:00,95,-17,Houston,rockets,37,95,0.389,9,39,0.231,12,18,0.667,12,34,46,22,5,8,15,16,1610612760,OKC,Oklahoma City Thunder,1610612745,HOU,Houston Rockets
0022300842,2024-02-27,2023-24,regular_season,home,False,1610612757,POR,Trail Blazers,240:00,96,-10,Portland,blazers,35,86,0.407,10,31,0.323,16,19,0.842,15,25,40,24,9,4,17,25,1610612757,POR,Portland Trail Blazers,1610612748,MIA,Miami Heat
0022300842,2024-02-27,2023-24,regular_season,road,False,1610612748,MIA,Heat,240:00,106,10,Miami,heat,37,70,0.529,14,26,0.538,18,26,0.692,6,28,34,29,8,8,18,19,1610612757,POR,Portland Trail Blazers,1610612748,MIA,Miami Heat
0022300843,2024-02-28,2023-24,regular_season,home,False,1610612754,IND,Pacers,240:00,123,9,Indiana,pacers,50,102,0.49,14,38,0.368,9,9,1.0,14,36,50,34,5,9,8,21,1610612754,IND,Indiana Pacers,1610612740,NOP,New Orleans Pelicans
0022300843,2024-02-28,2023-24,regular_season,road,False,1610612740,NOP,Pelicans,240:00,114,-9,New Orleans,pelicans,42,90,0.467,11,29,0.379,19,23,0.826,7,33,40,26,2,4,10,12,1610612754,IND,Indiana Pacers,1610612740,NOP,New Orleans Pelicans
0022300844,2024-02-28,2023-24,regular_season,home,False,1610612761,TOR,Raptors,240:00,125,-11,Toronto,raptors,46,98,0.469,13,35,0.371,20,30,0.667,12,32,44,34,11,3,11,21,1610612761,TOR,Toronto Raptors,1610612742,DAL,Dallas Mavericks
0022300844,2024-02-28,2023-24,regular_season,road,False,1610612742,DAL,Mavericks,240:00,136,11,Dallas,mavericks,52,96,0.542,15,43,0.349,17,21,0.81,11,39,50,32,7,10,14,20,1610612761,TOR,Toronto Raptors,1610612742,DAL,Dallas Mavericks
0022300845,2024-02-28,2023-24,regular_season,home,False,1610612750,MIN,Timberwolves,240:00,110,9,Minnesota,timberwolves,39,79,0.494,14,35,0.4,18,22,0.818,5,34,39,29,4,13,13,19,1610612750,MIN,Minnesota Timberwolves,1610612763,MEM,Memphis Grizzlies
0022300845,2024-02-28,2023-24,regular_season,road,False,1610612763,MEM,Grizzlies,240:00,101,-9,Memphis,grizzlies,36,93,0.387,11,37,0.297,18,20,0.9,17,33,50,23,8,5,14,22,1610612750,MIN,Minnesota Timberwolves,1610612763,MEM,Memphis Grizzlies
0022300846,2024-02-28,2023-24,regular_season,home,False,1610612741,CHI,Bulls,290:00,132,9,Chicago,bulls,44,110,0.4,13,37,0.351,31,38,0.816,25,49,74,29,6,8,16,18,1610612741,CHI,Chicago Bulls,1610612739,CLE,Cleveland Cavaliers
0022300846,2024-02-28,2023-24,regular_season,road,False,1610612739,CLE,Cavaliers,290:00,123,-9,Cleveland,cavaliers,45,104,0.433,22,54,0.407,11,19,0.579,5,34,39,37,7,11,12,25,1610612741,CHI,Chicago Bulls,1610612739,CLE,Cleveland Cavaliers
0022300847,2024-02-28,2023-24,regular_season,home,False,1610612743,DEN,Nuggets,240:00,117,21,Denver,nuggets,46,86,0.535,15,35,0.429,10,11,0.909,5,38,43,35,10,6,15,17,1610612743,DEN,Denver Nuggets,1610612758,SAC,Sacramento Kings
0022300847,2024-02-28,2023-24,regular_season,road,False,1610612758,SAC,Kings,240:00,96,-21,Sacramento,kings,38,95,0.4,12,35,0.343,8,13,0.615,15,28,43,28,8,5,14,14,1610612743,DEN,Denver Nuggets,1610612758,SAC,Sacramento Kings
0022300848,2024-02-28,2023-24,regular_season,home,False,1610612746,LAC,Clippers,240:00,112,-4,LA,clippers,45,89,0.506,10,37,0.27,12,16,0.75,9,27,36,29,10,1,12,17,1610612746,LAC,LA Clippers,1610612747,LAL,Los Angeles Lakers
0022300848,2024-02-28,2023-24,regular_season,road,False,1610612747,LAL,Lakers,240:00,116,4,Los Angeles,lakers,47,86,0.547,14,36,0.389,8,10,0.8,8,31,39,28,6,5,15,12,1610612746,LAC,LA Clippers,1610612747,LAL,Los Angeles Lakers
0022300849,2024-02-29,2023-24,regular_season,home,False,1610612766,CHA,Hornets,240:00,99,-12,Charlotte,hornets,36,82,0.439,12,39,0.308,15,20,0.75,9,33,42,24,3,3,13,18,1610612766,CHA,Charlotte Hornets,1610612749,MIL,Milwaukee Bucks
0022300849,2024-02-29,2023-24,regular_season,road,False,1610612749,MIL,Bucks,240:00,111,12,Milwaukee,bucks,39,86,0.453,16,39,0.41,17,20,0.85,8,36,44,21,9,3,7,18,1610612766,CHA,Charlotte Hornets,1610612749,MIL,Milwaukee Bucks
0022300850,2024-02-29,2023-24,regular_season,home,False,1610612753,ORL,Magic,240:00,115,8,Orlando,magic,42,77,0.545,10,30,0.333,21,31,0.677,10,35,45,27,9,6,15,20,1610612753,ORL,Orlando Magic,1610612762,UTA,Utah Jazz
0022300850,2024-02-29,2023-24,regular_season,road,False,1610612762,UTA,Jazz,240:00,107,-8,Utah,jazz,34,80,0.425,16,37,0.432,23,28,0.821,7,30,37,25,8,1,13,22,1610612753,ORL,Orlando Magic,1610612762,UTA,Utah Jazz
0022300851,2024-02-29,2023-24,regular_season,home,False,1610612751,BKN,Nets,240:00,124,27,Brooklyn,nets,46,90,0.511,22,46,0.478,10,13,0.769,8,35,43,30,6,4,9,16,1610612751,BKN,Brooklyn Nets,1610612737,ATL,Atlanta Hawks
0022300851,2024-02-29,2023-24,regular_season,road,False,1610612737,ATL,Hawks,240:00,97,-27,Atlanta,hawks,37,86,0.43,8,28,0.286,15,21,0.714,8,31,39,18,3,8,11,14,1610612751,BKN,Brooklyn Nets,1610612737,ATL,Atlanta Hawks
0022300852,2024-02-29,2023-24,regular_season,home,False,1610612752,NYK,Knicks,240:00,99,-11,New York,knicks,35,95,0.368,12,39,0.308,17,24,0.708,17,39,56,23,7,3,12,15,1610612752,NYK,New York Knicks,1610612744,GSW,Golden State Warriors
0022300852,2024-02-29,2023-24,regular_season,road,False,1610612744,GSW,Warriors,240:00,110,11,Golden State,warriors,44,98,0.449,14,44,0.318,8,16,0.5,16,37,53,26,8,5,11,19,1610612752,NYK,New York Knicks,1610612744,GSW,Golden State Warriors
0022300853,2024-02-29,2023-24,regular_season,home,False,1610612759,SAS,Spurs,240:00,132,14,San Antonio,spurs,48,91,0.527,19,39,0.487,17,20,0.85,11,34,45,39,6,8,11,20,1610612759,SAS,San Antonio Spurs,1610612760,OKC,Oklahoma City Thunder
0022300853,2024-02-29,2023-24,regular_season,road,False,1610612760,OKC,Thunder,240:00,118,-14,Oklahoma City,thunder,44,89,0.494,9,31,0.29,21,22,0.955,7,30,37,20,6,2,10,15,1610612759,SAS,San Antonio Spurs,1610612760,OKC,Oklahoma City Thunder
0022300854,2024-02-29,2023-24,regular_season,home,False,1610612756,PHX,Suns,240:00,110,5,Phoenix,suns,36,89,0.404,13,37,0.351,25,37,0.676,14,37,51,20,6,6,14,21,1610612756,PHX,Phoenix Suns,1610612745,HOU,Houston Rockets
0022300854,2024-02-29,2023-24,regular_season,road,False,1610612745,HOU,Rockets,240:00,105,-5,Houston,rockets,33,99,0.333,11,45,0.244,28,31,0.903,19,39,58,14,8,5,12,29,1610612756,PHX,Phoenix Suns,1610612745,HOU,Houston Rockets
0022300855,2024-02-29,2023-24,regular_season,home,False,1610612743,DEN,Nuggets,240:00,103,6,Denver,nuggets,36,84,0.429,12,34,0.353,19,21,0.905,9,32,41,22,10,8,15,23,1610612743,DEN,Denver Nuggets,1610612748,MIA,Miami Heat
0022300855,2024-02-29,2023-24,regular_season,road,False,1610612748,MIA,Heat,240:00,97,-6,Miami,heat,35,83,0.422,7,26,0.269,20,24,0.833,9,36,45,21,10,1,14,16,1610612743,DEN,Denver Nuggets,1610612748,MIA,Miami Heat
0022300856,2024-02-29,2023-24,regular_season,home,False,1610612747,LAL,Lakers,265:00,134,3,Los Angeles,lakers,53,101,0.525,8,23,0.348,20,24,0.833,7,38,45,30,6,6,11,16,1610612747,LAL,Los Angeles Lakers,1610612764,WAS,Washington Wizards
0022300856,2024-02-29,2023-24,regular_season,road,False,1610612764,WAS,Wizards,265:00,131,-3,Washington,wizards,52,102,0.51,17,41,0.415,10,12,0.833,10,35,45,35,6,6,15,19,1610612747,LAL,Los Angeles Lakers,1610612764,WAS,Washington Wizards
0022300857,2024-03-01,2023-24,regular_season,home,False,1610612765,DET,Pistons,240:00,100,-10,Detroit,pistons,33,89,0.371,10,36,0.278,24,28,0.857,9,33,42,24,10,7,8,23,1610612765,DET,Detroit Pistons,1610612739,CLE,Cleveland Cavaliers
0022300857,2024-03-01,2023-24,regular_season,road,False,1610612739,CLE,Cavaliers,240:00,110,10,Cleveland,cavaliers,33,83,0.398,18,41,0.439,26,30,0.867,12,41,53,25,7,6,15,20,1610612765,DET,Detroit Pistons,1610612739,CLE,Cleveland Cavaliers
0022300858,2024-03-01,2023-24,regular_season,home,False,1610612755,PHI,76ers,240:00,121,7,Philadelphia,sixers,46,96,0.479,19,44,0.432,10,11,0.909,15,33,48,38,5,7,7,17,1610612755,PHI,Philadelphia 76ers,1610612766,CHA,Charlotte Hornets
0022300858,2024-03-01,2023-24,regular_season,road,False,1610612766,CHA,Hornets,240:00,114,-7,Charlotte,hornets,43,84,0.512,14,33,0.424,14,17,0.824,7,25,32,24,5,6,5,13,1610612755,PHI,Philadelphia 76ers,1610612766,CHA,Charlotte Hornets
0022300859,2024-03-01,2023-24,regular_season,home,False,1610612738,BOS,Celtics,240:00,138,28,Boston,celtics,52,94,0.553,21,43,0.488,13,13,1.0,9,38,47,33,4,8,9,15,1610612738,BOS,Boston Celtics,1610612742,DAL,Dallas Mavericks
0022300859,2024-03-01,2023-24,regular_season,road,False,1610612742,DAL,Mavericks,240:00,110,-28,Dallas,mavericks,44,94,0.468,9,34,0.265,13,18,0.722,10,32,42,20,4,4,7,12,1610612738,BOS,Boston Celtics,1610612742,DAL,Dallas Mavericks
0022300860,2024-03-01,2023-24,regular_season,home,False,1610612761,TOR,Raptors,240:00,105,-15,Toronto,raptors,41,95,0.432,12,45,0.267,11,17,0.647,11,36,47,31,9,2,14,14,1610612761,TOR,Toronto Raptors,1610612744,GSW,Golden State Warriors
0022300860,2024-03-01,2023-24,regular_season,road,False,1610612744,GSW,Warriors,240:00,120,15,Golden State,warriors,44,98,0.449,18,44,0.409,14,18,0.778,15,41,56,26,10,5,14,14,1610612761,TOR,Toronto Raptors,1610612744,GSW,Golden State Warriors
0022300861,2024-03-01,2023-24,regular_season,home,False,1610612763,MEM,Grizzlies,240:00,92,-30,Memphis,grizzlies,35,79,0.443,9,24,0.375,13,22,0.591,8,22,30,15,6,8,21,17,1610612763,MEM,Memphis Grizzlies,1610612757,POR,Portland Trail Blazers
0022300861,2024-03-01,2023-24,regular_season,road,False,1610612757,POR,Trail Blazers,240:00,122,30,Portland,blazers,48,92,0.522,13,31,0.419,13,16,0.813,16,30,46,31,13,8,14,20,1610612763,MEM,Memphis Grizzlies,1610612757,POR,Portland Trail Blazers
0022300862,2024-03-01,2023-24,regular_season,home,False,1610612750,MIN,Timberwolves,265:00,120,-4,Minnesota,timberwolves,42,85,0.494,12,31,0.387,24,32,0.75,8,36,44,29,4,5,12,22,1610612750,MIN,Minnesota Timberwolves,1610612758,SAC,Sacramento Kings
0022300862,2024-03-01,2023-24,regular_season,road,False,1610612758,SAC,Kings,265:00,124,4,Sacramento,kings,50,100,0.5,11,29,0.379,13,24,0.542,14,31,45,29,8,6,7,29,1610612750,MIN,Minnesota Timberwolves,1610612758,SAC,Sacramento Kings
0022300863,2024-03-01,2023-24,regular_season,home,False,1610612740,NOP,Pelicans,240:00,129,27,New Orleans,pelicans,48,86,0.558,15,32,0.469,18,26,0.692,11,36,47,25,9,4,17,17,1610612740,NOP,New Orleans Pelicans,1610612754,IND,Indiana Pacers
0022300863,2024-03-01,2023-24,regular_season,road,False,1610612754,IND,Pacers,240:00,102,-27,Indiana,pacers,40,95,0.421,10,32,0.313,12,18,0.667,17,27,44,25,9,8,16,21,1610612740,NOP,New Orleans Pelicans,1610612754,IND,Indiana Pacers
0022300864,2024-03-01,2023-24,regular_season,home,False,1610612741,CHI,Bulls,240:00,97,-16,Chicago,bulls,36,86,0.419,11,27,0.407,14,16,0.875,7,37,44,25,4,2,12,21,1610612741,CHI,Chicago Bulls,1610612749,MIL,Milwaukee Bucks
0022300864,2024-03-01,2023-24,regular_season,road,False,1610612749,MIL,Bucks,240:00,113,16,Milwaukee,bucks,37,86,0.43,15,46,0.326,24,32,0.75,11,38,49,22,7,4,7,18,1610612741,CHI,Chicago Bulls,1610612749,MIL,Milwaukee Bucks
0022300865,2024-03-01,2023-24,regular_season,home,False,1610612746,LAC,Clippers,240:00,140,25,LA,clippers,54,94,0.574,13,32,0.406,19,25,0.76,9,40,49,32,5,7,8,13,1610612746,LAC,LA Clippers,1610612764,WAS,Washington Wizards
0022300865,2024-03-01,2023-24,regular_season,road,False,1610612764,WAS,Wizards,240:00,115,-25,Washington,wizards,46,98,0.469,12,34,0.353,11,15,0.733,9,30,39,29,5,3,9,17,1610612746,LAC,LA Clippers,1610612764,WAS,Washington Wizards
0022300866,2024-03-02,2023-24,regular_season,home,False,1610612751,BKN,Nets,240:00,114,12,Brooklyn,nets,41,88,0.466,15,32,0.469,17,22,0.773,12,33,45,28,6,8,10,19,1610612751,BKN,Brooklyn Nets,1610612737,ATL,Atlanta Hawks
0022300866,2024-03-02,2023-24,regular_season,road,False,1610612737,ATL,Hawks,240:00,102,-12,Atlanta,hawks,37,87,0.425,11,34,0.324,17,23,0.739,12,30,42,23,4,4,11,19,1610612751,BKN,Brooklyn Nets,1610612737,ATL,Atlanta Hawks
0022300867,2024-03-02,2023-24,regular_season,home,False,1610612748,MIA,Heat,240:00,126,6,Miami,heat,46,88,0.523,13,34,0.382,21,25,0.84,8,26,34,33,6,6,6,20,1610612748,MIA,Miami Heat,1610612762,UTA,Utah Jazz
0022300867,2024-03-02,2023-24,regular_season,road,False,1610612762,UTA,Jazz,240:00,120,-6,Utah,jazz,42,87,0.483,14,35,0.4,22,26,0.846,12,30,42,24,3,5,10,19,1610612748,MIA,Miami Heat,1610612762,UTA,Utah Jazz
0022300868,2024-03-02,2023-24,regular_season,home,False,1610612763,MEM,Grizzlies,265:00,100,-7,Memphis,grizzlies,30,83,0.361,15,40,0.375,25,33,0.758,9,36,45,21,15,9,22,17,1610612763,MEM,Memphis Grizzlies,1610612757,POR,Portland Trail Blazers
0022300868,2024-03-02,2023-24,regular_season,road,False,1610612757,POR,Trail Blazers,265:00,107,7,Portland,blazers,39,92,0.424,11,35,0.314,18,24,0.75,13,37,50,23,8,5,22,25,1610612763,MEM,Memphis Grizzlies,1610612757,POR,Portland Trail Blazers
0022300869,2024-03-02,2023-24,regular_season,home,False,1610612747,LAL,Lakers,240:00,114,-10,Los Angeles,lakers,47,89,0.528,12,29,0.414,8,11,0.727,6,25,31,33,5,4,7,9,1610612747,LAL,Los Angeles Lakers,1610612743,DEN,Denver Nuggets
0022300869,2024-03-02,2023-24,regular_season,road,False,1610612743,DEN,Nuggets,240:00,124,10,Denver,nuggets,54,92,0.587,11,26,0.423,5,7,0.714,11,36,47,34,5,7,10,8,1610612747,LAL,Los Angeles Lakers,1610612743,DEN,Denver Nuggets
0022300870,2024-03-02,2023-24,regular_season,home,False,1610612756,PHX,Suns,240:00,109,-9,Phoenix,suns,39,85,0.459,9,29,0.31,22,29,0.759,9,38,47,23,6,6,19,17,1610612756,PHX,Phoenix Suns,1610612745,HOU,Houston Rockets
0022300870,2024-03-02,2023-24,regular_season,road,False,1610612745,HOU,Rockets,240:00,118,9,Houston,rockets,42,96,0.438,16,42,0.381,18,26,0.692,13,36,49,27,13,3,12,22,1610612756,PHX,Phoenix Suns,1610612745,HOU,Houston Rockets
0022300871,2024-03-03,2023-24,regular_season,home,False,1610612742,DAL,Mavericks,240:00,116,-4,Dallas,mavericks,40,86,0.465,16,41,0.39,20,23,0.87,12,33,45,20,6,2,17,18,1610612742,DAL,Dallas Mavericks,1610612755,PHI,Philadelphia 76ers
0022300871,2024-03-03,2023-24,regular_season,road,False,1610612755,PHI,76ers,240:00,120,4,Philadelphia,sixers,40,88,0.455,11,37,0.297,29,31,0.935,13,29,42,26,10,5,8,19,1610612742,DAL,Dallas Mavericks,1610612755,PHI,Philadelphia 76ers
0022300872,2024-03-03,2023-24,regular_season,home,False,1610612738,BOS,Celtics,240:00,140,52,Boston,celtics,53,96,0.552,25,49,0.51,9,11,0.818,7,44,51,35,10,5,7,19,1610612738,BOS,Boston Celtics,1610612744,GSW,Golden State Warriors
0022300872,2024-03-03,2023-24,regular_season,road,False,1610612744,GSW,Warriors,240:00,88,-52,Golden State,warriors,36,92,0.391,7,41,0.171,9,13,0.692,12,34,46,24,2,3,17,13,1610612738,BOS,Boston Celtics,1610612744,GSW,Golden State Warriors
0022300873,2024-03-03,2023-24,regular_season,home,False,1610612750,MIN,Timberwolves,240:00,88,-1,Minnesota,timberwolves,31,80,0.388,9,33,0.273,17,18,0.944,12,42,54,24,4,7,15,14,1610612750,MIN,Minnesota Timberwolves,1610612746,LAC,LA Clippers
0022300873,2024-03-03,2023-24,regular_season,road,False,1610612746,LAC,Clippers,240:00,89,1,LA,clippers,32,85,0.376,10,34,0.294,15,17,0.882,7,33,40,17,7,5,9,12,1610612750,MIN,Minnesota Timberwolves,1610612746,LAC,LA Clippers
0022300874,2024-03-03,2023-24,regular_season,home,False,1610612753,ORL,Magic,240:00,113,22,Orlando,magic,43,72,0.597,7,23,0.304,20,25,0.8,7,41,48,24,7,6,20,16,1610612753,ORL,Orlando Magic,1610612765,DET,Detroit Pistons
0022300874,2024-03-03,2023-24,regular_season,road,False,1610612765,DET,Pistons,240:00,91,-22,Detroit,pistons,33,86,0.384,8,36,0.222,17,20,0.85,5,23,28,25,11,2,12,19,1610612753,ORL,Orlando Magic,1610612765,DET,Detroit Pistons
0022300875,2024-03-03,2023-24,regular_season,home,False,1610612761,TOR,Raptors,240:00,111,5,Toronto,raptors,42,91,0.462,13,38,0.342,14,18,0.778,11,34,45,27,8,6,14,16,1610612761,TOR,Toronto Raptors,1610612766,CHA,Charlotte Hornets
0022300875,2024-03-03,2023-24,regular_season,road,False,1610612766,CHA,Hornets,240:00,106,-5,Charlotte,hornets,43,92,0.467,8,27,0.296,12,16,0.75,11,34,45,24,8,6,16,15,1610612761,TOR,Toronto Raptors,1610612766,CHA,Charlotte Hornets
0022300876,2024-03-03,2023-24,regular_season,home,False,1610612739,CLE,Cavaliers,240:00,98,-9,Cleveland,cavaliers,39,87,0.448,17,44,0.386,3,8,0.375,10,29,39,31,7,5,10,11,1610612739,CLE,Cleveland Cavaliers,1610612752,NYK,New York Knicks
0022300876,2024-03-03,2023-24,regular_season,road,False,1610612752,NYK,Knicks,240:00,107,9,New York,knicks,42,86,0.488,16,39,0.41,7,10,0.7,10,37,47,32,8,9,9,13,1610612739,CLE,Cleveland Cavaliers,1610612752,NYK,New York Knicks
0022300877,2024-03-03,2023-24,regular_season,home,False,1610612759,SAS,Spurs,240:00,117,12,San Antonio,spurs,46,85,0.541,10,25,0.4,15,19,0.789,10,35,45,33,6,8,14,17,1610612759,SAS,San Antonio Spurs,1610612754,IND,Indiana Pacers
0022300877,2024-03-03,2023-24,regular_season,road,False,1610612754,IND,Pacers,240:00,105,-12,Indiana,pacers,41,93,0.441,6,30,0.2,17,21,0.81,14,28,42,20,9,4,10,14,1610612759,SAS,San Antonio Spurs,1610612754,IND,Indiana Pacers
0022300878,2024-03-03,2023-24,regular_season,home,False,1610612756,PHX,Suns,240:00,110,-8,Phoenix,suns,40,91,0.44,14,39,0.359,16,18,0.889,15,35,50,26,2,7,21,15,1610612756,PHX,Phoenix Suns,1610612760,OKC,Oklahoma City Thunder
0022300878,2024-03-03,2023-24,regular_season,road,False,1610612760,OKC,Thunder,240:00,118,8,Oklahoma City,thunder,49,102,0.48,9,31,0.29,11,15,0.733,10,31,41,21,16,8,5,15,1610612756,PHX,Phoenix Suns,1610612760,OKC,Oklahoma City Thunder
0022300879,2024-03-04,2023-24,regular_season,home,False,1610612751,BKN,Nets,240:00,102,-4,Brooklyn,nets,35,79,0.443,15,42,0.357,17,30,0.567,12,21,33,27,10,6,13,20,1610612751,BKN,Brooklyn Nets,1610612763,MEM,Memphis Grizzlies
0022300879,2024-03-04,2023-24,regular_season,road,False,1610612763,MEM,Grizzlies,240:00,106,4,Memphis,grizzlies,38,82,0.463,12,37,0.324,18,22,0.818,15,35,50,26,6,3,18,22,1610612751,BKN,Brooklyn Nets,1610612763,MEM,Memphis Grizzlies
0022300880,2024-03-04,2023-24,regular_season,home,False,1610612749,MIL,Bucks,240:00,113,7,Milwaukee,bucks,37,78,0.474,15,38,0.395,24,28,0.857,7,39,46,20,8,3,11,20,1610612749,MIL,Milwaukee Bucks,1610612746,LAC,LA Clippers
0022300880,2024-03-04,2023-24,regular_season,road,False,1610612746,LAC,Clippers,240:00,106,-7,LA,clippers,37,84,0.44,16,40,0.4,16,25,0.64,5,33,38,25,9,3,13,21,1610612749,MIL,Milwaukee Bucks,1610612746,LAC,LA Clippers
0022300881,2024-03-04,2023-24,regular_season,home,False,1610612750,MIN,Timberwolves,240:00,119,5,Minnesota,timberwolves,40,79,0.506,11,28,0.393,28,37,0.757,12,28,40,28,9,7,11,17,1610612750,MIN,Minnesota Timberwolves,1610612757,POR,Portland Trail Blazers
0022300881,2024-03-04,2023-24,regular_season,road,False,1610612757,POR,Trail Blazers,240:00,114,-5,Portland,blazers,45,92,0.489,16,39,0.41,8,11,0.727,12,29,41,28,5,3,13,26,1610612750,MIN,Minnesota Timberwolves,1610612757,POR,Portland Trail Blazers
0022300882,2024-03-04,2023-24,regular_season,home,False,1610612762,UTA,Jazz,240:00,127,12,Utah,jazz,49,101,0.485,16,40,0.4,13,15,0.867,11,40,51,29,6,9,11,16,1610612762,UTA,Utah Jazz,1610612764,WAS,Washington Wizards
0022300882,2024-03-04,2023-24,regular_season,road,False,1610612764,WAS,Wizards,240:00,115,-12,Washington,wizards,40,94,0.426,16,38,0.421,19,23,0.826,10,33,43,26,6,3,15,15,1610612762,UTA,Utah Jazz,1610612764,WAS,Washington Wizards
0022300883,2024-03-04,2023-24,regular_season,home,False,1610612758,SAC,Kings,240:00,109,-4,Sacramento,kings,41,92,0.446,11,37,0.297,16,18,0.889,20,31,51,29,6,6,17,22,1610612758,SAC,Sacramento Kings,1610612741,CHI,Chicago Bulls
0022300883,2024-03-04,2023-24,regular_season,road,False,1610612741,CHI,Bulls,240:00,113,4,Chicago,bulls,42,84,0.5,11,32,0.344,18,22,0.818,7,25,32,28,9,2,9,17,1610612758,SAC,Sacramento Kings,1610612741,CHI,Chicago Bulls
0022300884,2024-03-04,2023-24,regular_season,home,False,1610612747,LAL,Lakers,240:00,116,12,Los Angeles,lakers,41,80,0.513,16,34,0.471,18,25,0.72,12,43,55,29,8,7,20,15,1610612747,LAL,Los Angeles Lakers,1610612760,OKC,Oklahoma City Thunder
0022300884,2024-03-04,2023-24,regular_season,road,False,1610612760,OKC,Thunder,240:00,104,-12,Oklahoma City,thunder,37,94,0.394,15,39,0.385,15,16,0.938,13,25,38,22,12,7,10,20,1610612747,LAL,Los Angeles Lakers,1610612760,OKC,Oklahoma City Thunder
0022300885,2024-03-05,2023-24,regular_season,home,False,1610612766,CHA,Hornets,240:00,89,-12,Charlotte,hornets,33,72,0.458,12,33,0.364,11,11,1.0,3,28,31,19,7,1,19,19,1610612766,CHA,Charlotte Hornets,1610612753,ORL,Orlando Magic
0022300885,2024-03-05,2023-24,regular_season,road,False,1610612753,ORL,Magic,240:00,101,12,Orlando,magic,40,74,0.541,13,35,0.371,8,15,0.533,8,33,41,23,9,1,17,16,1610612766,CHA,Charlotte Hornets,1610612753,ORL,Orlando Magic
0022300886,2024-03-05,2023-24,regular_season,home,False,1610612739,CLE,Cavaliers,240:00,105,1,Cleveland,cavaliers,39,90,0.433,20,42,0.476,7,11,0.636,8,34,42,28,11,3,8,10,1610612739,CLE,Cleveland Cavaliers,1610612738,BOS,Boston Celtics
0022300886,2024-03-05,2023-24,regular_season,road,False,1610612738,BOS,Celtics,240:00,104,-1,Boston,celtics,39,93,0.419,15,38,0.395,11,12,0.917,14,39,53,24,6,9,13,13,1610612739,CLE,Cleveland Cavaliers,1610612738,BOS,Boston Celtics
0022300887,2024-03-05,2023-24,regular_season,home,False,1610612751,BKN,Nets,240:00,112,5,Brooklyn,nets,41,84,0.488,12,30,0.4,18,24,0.75,10,34,44,25,4,7,12,16,1610612751,BKN,Brooklyn Nets,1610612755,PHI,Philadelphia 76ers
0022300887,2024-03-05,2023-24,regular_season,road,False,1610612755,PHI,76ers,240:00,107,-5,Philadelphia,sixers,40,82,0.488,12,28,0.429,15,19,0.789,8,30,38,25,6,2,12,24,1610612751,BKN,Brooklyn Nets,1610612755,PHI,Philadelphia 76ers
0022300888,2024-03-05,2023-24,regular_season,home,False,1610612748,MIA,Heat,240:00,118,8,Miami,heat,42,85,0.494,14,31,0.452,20,23,0.87,8,34,42,27,7,5,9,14,1610612748,MIA,Miami Heat,1610612765,DET,Detroit Pistons
0022300888,2024-03-05,2023-24,regular_season,road,False,1610612765,DET,Pistons,240:00,110,-8,Detroit,pistons,39,89,0.438,12,42,0.286,20,22,0.909,10,32,42,26,5,3,10,16,1610612748,MIA,Miami Heat,1610612765,DET,Detroit Pistons
0022300889,2024-03-05,2023-24,regular_season,home,False,1610612752,NYK,Knicks,240:00,100,-16,New York,knicks,38,99,0.384,16,52,0.308,8,11,0.727,17,23,40,27,8,6,11,18,1610612752,NYK,New York Knicks,1610612737,ATL,Atlanta Hawks
0022300889,2024-03-05,2023-24,regular_season,road,False,1610612737,ATL,Hawks,240:00,116,16,Atlanta,hawks,44,87,0.506,10,31,0.323,18,23,0.783,13,38,51,26,6,5,14,13,1610612752,NYK,New York Knicks,1610612737,ATL,Atlanta Hawks
0022300890,2024-03-05,2023-24,regular_season,home,False,1610612761,TOR,Raptors,240:00,98,-41,Toronto,raptors,36,93,0.387,13,44,0.295,13,22,0.591,11,34,45,21,6,7,11,11,1610612761,TOR,Toronto Raptors,1610612740,NOP,New Orleans Pelicans
0022300890,2024-03-05,2023-24,regular_season,road,False,1610612740,NOP,Pelicans,240:00,139,41,New Orleans,pelicans,53,105,0.505,24,49,0.49,9,11,0.818,17,45,62,38,9,5,11,19,1610612761,TOR,Toronto Raptors,1610612740,NOP,New Orleans Pelicans
0022300891,2024-03-05,2023-24,regular_season,home,False,1610612745,HOU,Rockets,240:00,114,13,Houston,rockets,49,105,0.467,9,34,0.265,7,11,0.636,16,35,51,23,15,5,5,15,1610612745,HOU,Houston Rockets,1610612759,SAS,San Antonio Spurs
0022300891,2024-03-05,2023-24,regular_season,road,False,1610612759,SAS,Spurs,240:00,101,-13,San Antonio,spurs,38,87,0.437,12,36,0.333,13,16,0.813,12,38,50,24,1,10,18,12,1610612745,HOU,Houston Rockets,1610612759,SAS,San Antonio Spurs
0022300892,2024-03-05,2023-24,regular_season,home,False,1610612742,DAL,Mavericks,240:00,120,-17,Dallas,mavericks,45,93,0.484,13,39,0.333,17,21,0.81,9,32,41,23,5,6,9,23,1610612742,DAL,Dallas Mavericks,1610612754,IND,Indiana Pacers
0022300892,2024-03-05,2023-24,regular_season,road,False,1610612754,IND,Pacers,240:00,137,17,Indiana,pacers,50,93,0.538,18,39,0.462,19,24,0.792,9,34,43,34,3,2,8,21,1610612742,DAL,Dallas Mavericks,1610612754,IND,Indiana Pacers
0022300893,2024-03-05,2023-24,regular_season,home,False,1610612743,DEN,Nuggets,265:00,107,-10,Denver,nuggets,41,96,0.427,15,40,0.375,10,14,0.714,10,41,51,25,6,6,14,15,1610612743,DEN,Denver Nuggets,1610612756,PHX,Phoenix Suns
0022300893,2024-03-05,2023-24,regular_season,road,False,1610612756,PHX,Suns,265:00,117,10,Phoenix,suns,42,96,0.438,15,34,0.441,18,22,0.818,11,41,52,32,9,7,9,19,1610612743,DEN,Denver Nuggets,1610612756,PHX,Phoenix Suns
0022300894,2024-03-06,2023-24,regular_season,home,False,1610612764,WAS,Wizards,240:00,109,-10,Washington,wizards,40,88,0.455,12,38,0.316,17,20,0.85,9,26,35,26,7,4,9,20,1610612764,WAS,Washington Wizards,1610612753,ORL,Orlando Magic
0022300894,2024-03-06,2023-24,regular_season,road,False,1610612753,ORL,Magic,240:00,119,10,Orlando,magic,44,81,0.543,12,26,0.462,19,21,0.905,9,33,42,21,4,5,15,14,1610612764,WAS,Washington Wizards,1610612753,ORL,Orlando Magic
0022300895,2024-03-06,2023-24,regular_season,home,False,1610612737,ATL,Hawks,240:00,112,11,Atlanta,hawks,43,84,0.512,11,30,0.367,15,20,0.75,8,34,42,27,7,3,9,17,1610612737,ATL,Atlanta Hawks,1610612739,CLE,Cleveland Cavaliers
0022300895,2024-03-06,2023-24,regular_season,road,False,1610612739,CLE,Cavaliers,240:00,101,-11,Cleveland,cavaliers,39,89,0.438,10,44,0.227,13,17,0.765,10,32,42,27,5,4,13,16,1610612737,ATL,Atlanta Hawks,1610612739,CLE,Cleveland Cavaliers
0022300896,2024-03-06,2023-24,regular_season,home,False,1610612755,PHI,76ers,240:00,109,-6,Philadelphia,sixers,39,102,0.382,13,35,0.371,18,21,0.857,17,30,47,25,11,9,11,21,1610612755,PHI,Philadelphia 76ers,1610612763,MEM,Memphis Grizzlies
0022300896,2024-03-06,2023-24,regular_season,road,False,1610612763,MEM,Grizzlies,240:00,115,6,Memphis,grizzlies,41,91,0.451,13,37,0.351,20,23,0.87,15,39,54,21,3,15,15,14,1610612755,PHI,Philadelphia 76ers,1610612763,MEM,Memphis Grizzlies
0022300897,2024-03-06,2023-24,regular_season,home,False,1610612745,HOU,Rockets,240:00,116,-6,Houston,rockets,45,94,0.479,16,37,0.432,10,17,0.588,13,25,38,33,6,2,8,21,1610612745,HOU,Houston Rockets,1610612746,LAC,LA Clippers
0022300897,2024-03-06,2023-24,regular_season,road,False,1610612746,LAC,Clippers,240:00,122,6,LA,clippers,44,80,0.55,12,29,0.414,22,26,0.846,8,33,41,19,5,8,9,17,1610612745,HOU,Houston Rockets,1610612746,LAC,LA Clippers
0022300898,2024-03-06,2023-24,regular_season,home,False,1610612762,UTA,Jazz,240:00,117,-2,Utah,jazz,44,96,0.458,15,47,0.319,14,16,0.875,14,31,45,28,4,7,10,14,1610612762,UTA,Utah Jazz,1610612741,CHI,Chicago Bulls
0022300898,2024-03-06,2023-24,regular_season,road,False,1610612741,CHI,Bulls,240:00,119,2,Chicago,bulls,45,90,0.5,17,39,0.436,12,15,0.8,7,32,39,29,7,4,7,13,1610612762,UTA,Utah Jazz,1610612741,CHI,Chicago Bulls
0022300899,2024-03-06,2023-24,regular_season,home,False,1610612744,GSW,Warriors,240:00,125,35,Golden State,warriors,51,91,0.56,19,39,0.487,4,7,0.571,8,42,50,37,10,13,14,13,1610612744,GSW,Golden State Warriors,1610612749,MIL,Milwaukee Bucks
0022300899,2024-03-06,2023-24,regular_season,road,False,1610612749,MIL,Bucks,240:00,90,-35,Milwaukee,bucks,34,89,0.382,11,39,0.282,11,15,0.733,6,30,36,19,8,5,15,10,1610612744,GSW,Golden State Warriors,1610612749,MIL,Milwaukee Bucks
0022300900,2024-03-06,2023-24,regular_season,home,False,1610612757,POR,Trail Blazers,240:00,120,-8,Portland,blazers,41,81,0.506,14,34,0.412,24,27,0.889,7,25,32,27,10,2,17,28,1610612757,POR,Portland Trail Blazers,1610612760,OKC,Oklahoma City Thunder
0022300900,2024-03-06,2023-24,regular_season,road,False,1610612760,OKC,Thunder,240:00,128,8,Oklahoma City,thunder,43,74,0.581,9,22,0.409,33,39,0.846,7,32,39,23,10,5,18,18,1610612757,POR,Portland Trail Blazers,1610612760,OKC,Oklahoma City Thunder
0022300901,2024-03-06,2023-24,regular_season,home,False,1610612747,LAL,Lakers,240:00,120,-10,Los Angeles,lakers,42,81,0.519,15,32,0.469,21,25,0.84,3,31,34,25,4,5,14,14,1610612747,LAL,Los Angeles Lakers,1610612758,SAC,Sacramento Kings
0022300901,2024-03-06,2023-24,regular_season,road,False,1610612758,SAC,Kings,240:00,130,10,Sacramento,kings,54,97,0.557,12,31,0.387,10,12,0.833,9,37,46,32,8,2,13,23,1610612747,LAL,Los Angeles Lakers,1610612758,SAC,Sacramento Kings
0022300902,2024-03-07,2023-24,regular_season,home,False,1610612765,DET,Pistons,240:00,118,6,Detroit,pistons,43,82,0.524,12,30,0.4,20,21,0.952,13,37,50,24,7,4,22,18,1610612765,DET,Detroit Pistons,1610612751,BKN,Brooklyn Nets
0022300902,2024-03-07,2023-24,regular_season,road,False,1610612751,BKN,Nets,240:00,112,-6,Brooklyn,nets,41,84,0.488,17,41,0.415,13,18,0.722,4,24,28,24,12,4,14,17,1610612765,DET,Detroit Pistons,1610612751,BKN,Brooklyn Nets
0022300903,2024-03-07,2023-24,regular_season,home,False,1610612754,IND,Pacers,240:00,111,-2,Indiana,pacers,42,82,0.512,10,26,0.385,17,23,0.739,7,32,39,26,5,10,15,24,1610612754,IND,Indiana Pacers,1610612750,MIN,Minnesota Timberwolves
0022300903,2024-03-07,2023-24,regular_season,road,False,1610612750,MIN,Timberwolves,240:00,113,2,Minnesota,timberwolves,46,98,0.469,7,25,0.28,14,19,0.737,13,35,48,23,9,6,9,20,1610612754,IND,Indiana Pacers,1610612750,MIN,Minnesota Timberwolves
0022300904,2024-03-07,2023-24,regular_season,home,False,1610612742,DAL,Mavericks,240:00,114,6,Dallas,mavericks,40,87,0.46,16,41,0.39,18,23,0.783,10,35,45,27,5,6,9,16,1610612742,DAL,Dallas Mavericks,1610612748,MIA,Miami Heat
0022300904,2024-03-07,2023-24,regular_season,road,False,1610612748,MIA,Heat,240:00,108,-6,Miami,heat,40,82,0.488,17,38,0.447,11,17,0.647,2,35,37,30,7,2,10,20,1610612742,DAL,Dallas Mavericks,1610612748,MIA,Miami Heat
0022300905,2024-03-07,2023-24,regular_season,home,False,1610612756,PHX,Suns,240:00,120,7,Phoenix,suns,44,86,0.512,15,35,0.429,17,20,0.85,10,39,49,29,6,6,14,16,1610612756,PHX,Phoenix Suns,1610612761,TOR,Toronto Raptors
0022300905,2024-03-07,2023-24,regular_season,road,False,1610612761,TOR,Raptors,240:00,113,-7,Toronto,raptors,43,94,0.457,16,44,0.364,11,15,0.733,9,27,36,30,5,2,9,20,1610612756,PHX,Phoenix Suns,1610612761,TOR,Toronto Raptors
0022300906,2024-03-07,2023-24,regular_season,home,False,1610612743,DEN,Nuggets,240:00,115,6,Denver,nuggets,45,90,0.5,4,21,0.19,21,22,0.955,8,37,45,27,10,4,7,19,1610612743,DEN,Denver Nuggets,1610612738,BOS,Boston Celtics
0022300906,2024-03-07,2023-24,regular_season,road,False,1610612738,BOS,Celtics,240:00,109,-6,Boston,celtics,41,91,0.451,11,38,0.289,16,25,0.64,13,34,47,24,6,3,12,18,1610612743,DEN,Denver Nuggets,1610612738,BOS,Boston Celtics
0022300907,2024-03-07,2023-24,regular_season,home,False,1610612744,GSW,Warriors,240:00,122,-3,Golden State,warriors,44,97,0.454,11,42,0.262,23,28,0.821,13,35,48,31,8,2,11,22,1610612744,GSW,Golden State Warriors,1610612741,CHI,Chicago Bulls
0022300907,2024-03-07,2023-24,regular_season,road,False,1610612741,CHI,Bulls,240:00,125,3,Chicago,bulls,46,87,0.529,16,36,0.444,17,23,0.739,7,33,40,29,6,5,14,22,1610612744,GSW,Golden State Warriors,1610612741,CHI,Chicago Bulls
0022300908,2024-03-07,2023-24,regular_season,home,False,1610612758,SAC,Kings,240:00,131,2,Sacramento,kings,52,102,0.51,10,32,0.313,17,18,0.944,14,32,46,31,8,3,13,15,1610612758,SAC,Sacramento Kings,1610612759,SAS,San Antonio Spurs
0022300908,2024-03-07,2023-24,regular_season,road,False,1610612759,SAS,Spurs,240:00,129,-2,San Antonio,spurs,46,91,0.505,16,33,0.485,21,21,1.0,9,28,37,39,8,4,12,20,1610612758,SAC,Sacramento Kings,1610612759,SAS,San Antonio Spurs
0022300909,2024-03-08,2023-24,regular_season,home,False,1610612755,PHI,76ers,240:00,95,-8,Philadelphia,sixers,35,88,0.398,9,37,0.243,16,20,0.8,13,29,42,21,8,7,10,19,1610612755,PHI,Philadelphia 76ers,1610612740,NOP,New Orleans Pelicans
0022300909,2024-03-08,2023-24,regular_season,road,False,1610612740,NOP,Pelicans,240:00,103,8,New Orleans,pelicans,35,79,0.443,11,31,0.355,22,23,0.957,9,39,48,22,7,10,12,18,1610612755,PHI,Philadelphia 76ers,1610612740,NOP,New Orleans Pelicans
0022300910,2024-03-08,2023-24,regular_season,home,False,1610612764,WAS,Wizards,240:00,112,12,Washington,wizards,43,87,0.494,6,33,0.182,20,23,0.87,10,44,54,25,5,11,11,20,1610612764,WAS,Washington Wizards,1610612766,CHA,Charlotte Hornets
0022300910,2024-03-08,2023-24,regular_season,road,False,1610612766,CHA,Hornets,240:00,100,-12,Charlotte,hornets,40,100,0.4,9,42,0.214,11,15,0.733,13,35,48,18,6,5,7,19,1610612764,WAS,Washington Wizards,1610612766,CHA,Charlotte Hornets
0022300911,2024-03-08,2023-24,regular_season,home,False,1610612739,CLE,Cavaliers,265:00,113,9,Cleveland,cavaliers,38,88,0.432,11,34,0.324,26,36,0.722,10,36,46,27,7,8,12,20,1610612739,CLE,Cleveland Cavaliers,1610612750,MIN,Minnesota Timberwolves
0022300911,2024-03-08,2023-24,regular_season,road,False,1610612750,MIN,Timberwolves,265:00,104,-9,Minnesota,timberwolves,39,94,0.415,8,30,0.267,18,22,0.818,7,38,45,25,5,5,12,25,1610612739,CLE,Cleveland Cavaliers,1610612750,MIN,Minnesota Timberwolves
0022300912,2024-03-08,2023-24,regular_season,home,False,1610612752,NYK,Knicks,240:00,98,24,New York,knicks,38,79,0.481,16,33,0.485,6,8,0.75,11,32,43,20,7,10,15,14,1610612752,NYK,New York Knicks,1610612753,ORL,Orlando Magic
0022300912,2024-03-08,2023-24,regular_season,road,False,1610612753,ORL,Magic,240:00,74,-24,Orlando,magic,27,79,0.342,6,26,0.231,14,20,0.7,12,25,37,12,7,10,13,12,1610612752,NYK,New York Knicks,1610612753,ORL,Orlando Magic
0022300913,2024-03-08,2023-24,regular_season,home,False,1610612763,MEM,Grizzlies,240:00,92,-7,Memphis,grizzlies,30,74,0.405,10,26,0.385,22,30,0.733,10,28,38,21,10,11,13,19,1610612763,MEM,Memphis Grizzlies,1610612737,ATL,Atlanta Hawks
0022300913,2024-03-08,2023-24,regular_season,road,False,1610612737,ATL,Hawks,240:00,99,7,Atlanta,hawks,37,87,0.425,15,35,0.429,10,15,0.667,15,32,47,21,9,5,14,20,1610612763,MEM,Memphis Grizzlies,1610612737,ATL,Atlanta Hawks
0022300914,2024-03-08,2023-24,regular_season,home,False,1610612760,OKC,Thunder,240:00,107,7,Oklahoma City,thunder,42,89,0.472,12,38,0.316,11,13,0.846,9,36,45,28,5,8,9,16,1610612760,OKC,Oklahoma City Thunder,1610612748,MIA,Miami Heat
0022300914,2024-03-08,2023-24,regular_season,road,False,1610612748,MIA,Heat,240:00,100,-7,Miami,heat,38,82,0.463,11,29,0.379,13,18,0.722,7,36,43,24,6,5,10,16,1610612760,OKC,Oklahoma City Thunder,1610612748,MIA,Miami Heat
0022300915,2024-03-08,2023-24,regular_season,home,False,1610612747,LAL,Lakers,240:00,123,1,Los Angeles,lakers,47,90,0.522,16,34,0.471,13,19,0.684,4,34,38,27,2,7,5,16,1610612747,LAL,Los Angeles Lakers,1610612749,MIL,Milwaukee Bucks
0022300915,2024-03-08,2023-24,regular_season,road,False,1610612749,MIL,Bucks,240:00,122,-1,Milwaukee,bucks,46,93,0.495,16,41,0.39,14,17,0.824,6,37,43,28,3,2,6,17,1610612747,LAL,Los Angeles Lakers,1610612749,MIL,Milwaukee Bucks
0022300916,2024-03-08,2023-24,regular_season,home,False,1610612757,POR,Trail Blazers,240:00,107,-16,Portland,blazers,37,89,0.416,16,35,0.457,17,25,0.68,19,30,49,22,5,5,17,16,1610612757,POR,Portland Trail Blazers,1610612745,HOU,Houston Rockets
0022300916,2024-03-08,2023-24,regular_season,road,False,1610612745,HOU,Rockets,240:00,123,16,Houston,rockets,45,94,0.479,14,37,0.378,19,26,0.731,14,33,47,33,12,10,7,15,1610612757,POR,Portland Trail Blazers,1610612745,HOU,Houston Rockets
0022300917,2024-03-09,2023-24,regular_season,home,False,1610612746,LAC,Clippers,240:00,112,10,LA,clippers,42,84,0.5,12,35,0.343,16,18,0.889,9,36,45,29,7,6,13,20,1610612746,LAC,LA Clippers,1610612741,CHI,Chicago Bulls
0022300917,2024-03-09,2023-24,regular_season,road,False,1610612741,CHI,Bulls,240:00,102,-10,Chicago,bulls,37,86,0.43,13,35,0.371,15,19,0.789,12,26,38,27,7,3,12,19,1610612746,LAC,LA Clippers,1610612741,CHI,Chicago Bulls
0022300918,2024-03-09,2023-24,regular_season,home,False,1610612766,CHA,Hornets,240:00,110,11,Charlotte,hornets,44,81,0.543,11,30,0.367,11,15,0.733,9,36,45,26,9,3,16,18,1610612766,CHA,Charlotte Hornets,1610612751,BKN,Brooklyn Nets
0022300918,2024-03-09,2023-24,regular_season,road,False,1610612751,BKN,Nets,240:00,99,-11,Brooklyn,nets,36,90,0.4,14,42,0.333,13,17,0.765,16,25,41,22,4,2,15,14,1610612766,CHA,Charlotte Hornets,1610612751,BKN,Brooklyn Nets
0022300919,2024-03-09,2023-24,regular_season,home,False,1610612765,DET,Pistons,240:00,124,-18,Detroit,pistons,45,99,0.455,13,37,0.351,21,25,0.84,20,36,56,27,8,4,19,26,1610612765,DET,Detroit Pistons,1610612742,DAL,Dallas Mavericks
0022300919,2024-03-09,2023-24,regular_season,road,False,1610612742,DAL,Mavericks,240:00,142,18,Dallas,mavericks,51,92,0.554,14,38,0.368,26,32,0.813,4,32,36,29,13,8,14,18,1610612765,DET,Detroit Pistons,1610612742,DAL,Dallas Mavericks
0022300920,2024-03-09,2023-24,regular_season,home,False,1610612756,PHX,Suns,240:00,107,-10,Phoenix,suns,44,87,0.506,9,31,0.29,10,16,0.625,10,31,41,21,6,1,14,14,1610612756,PHX,Phoenix Suns,1610612738,BOS,Boston Celtics
0022300920,2024-03-09,2023-24,regular_season,road,False,1610612738,BOS,Celtics,240:00,117,10,Boston,celtics,46,94,0.489,15,39,0.385,10,13,0.769,13,30,43,29,7,4,12,12,1610612756,PHX,Phoenix Suns,1610612738,BOS,Boston Celtics
0022300921,2024-03-09,2023-24,regular_season,home,False,1610612744,GSW,Warriors,240:00,113,-13,Golden State,warriors,41,88,0.466,10,30,0.333,21,29,0.724,9,30,39,26,9,7,12,24,1610612744,GSW,Golden State Warriors,1610612759,SAS,San Antonio Spurs
0022300921,2024-03-09,2023-24,regular_season,road,False,1610612759,SAS,Spurs,240:00,126,13,San Antonio,spurs,44,86,0.512,17,33,0.515,21,28,0.75,12,37,49,34,6,6,12,22,1610612744,GSW,Golden State Warriors,1610612759,SAS,San Antonio Spurs
0022300922,2024-03-09,2023-24,regular_season,home,False,1610612743,DEN,Nuggets,240:00,142,21,Denver,nuggets,55,83,0.663,19,32,0.594,13,16,0.813,5,27,32,40,8,10,13,22,1610612743,DEN,Denver Nuggets,1610612762,UTA,Utah Jazz
0022300922,2024-03-09,2023-24,regular_season,road,False,1610612762,UTA,Jazz,240:00,121,-21,Utah,jazz,47,94,0.5,8,26,0.308,19,25,0.76,14,22,36,22,7,2,15,15,1610612743,DEN,Denver Nuggets,1610612762,UTA,Utah Jazz
0022300923,2024-03-09,2023-24,regular_season,home,False,1610612757,POR,Trail Blazers,265:00,128,10,Portland,blazers,49,103,0.476,16,40,0.4,14,15,0.933,18,34,52,31,10,3,14,18,1610612757,POR,Portland Trail Blazers,1610612761,TOR,Toronto Raptors
0022300923,2024-03-09,2023-24,regular_season,road,False,1610612761,TOR,Raptors,265:00,118,-10,Toronto,raptors,43,91,0.473,16,43,0.372,16,19,0.842,9,34,43,29,9,6,20,18,1610612757,POR,Portland Trail Blazers,1610612761,TOR,Toronto Raptors
0022300924,2024-03-10,2023-24,regular_season,home,False,1610612746,LAC,Clippers,240:00,117,-7,LA,clippers,47,104,0.452,14,47,0.298,9,10,0.9,17,35,52,30,3,9,10,23,1610612746,LAC,LA Clippers,1610612749,MIL,Milwaukee Bucks
0022300924,2024-03-10,2023-24,regular_season,road,False,1610612749,MIL,Bucks,240:00,124,7,Milwaukee,bucks,43,87,0.494,17,38,0.447,21,27,0.778,7,34,41,28,5,6,7,15,1610612746,LAC,LA Clippers,1610612749,MIL,Milwaukee Bucks
0022300925,2024-03-10,2023-24,regular_season,home,False,1610612737,ATL,Hawks,240:00,103,-13,Atlanta,hawks,38,91,0.418,17,46,0.37,10,13,0.769,12,29,41,28,6,4,11,15,1610612737,ATL,Atlanta Hawks,1610612740,NOP,New Orleans Pelicans
0022300925,2024-03-10,2023-24,regular_season,road,False,1610612740,NOP,Pelicans,240:00,116,13,New Orleans,pelicans,43,75,0.573,14,27,0.519,16,22,0.727,4,39,43,32,8,7,12,10,1610612737,ATL,Atlanta Hawks,1610612740,NOP,New Orleans Pelicans
0022300926,2024-03-10,2023-24,regular_season,home,False,1610612748,MIA,Heat,240:00,108,-2,Miami,heat,43,95,0.453,10,33,0.303,12,18,0.667,16,35,51,20,9,6,13,18,1610612748,MIA,Miami Heat,1610612764,WAS,Washington Wizards
0022300926,2024-03-10,2023-24,regular_season,road,False,1610612764,WAS,Wizards,240:00,110,2,Washington,wizards,39,81,0.481,16,39,0.41,16,22,0.727,6,34,40,35,5,5,15,18,1610612748,MIA,Miami Heat,1610612764,WAS,Washington Wizards
0022300927,2024-03-10,2023-24,regular_season,home,False,1610612752,NYK,Knicks,240:00,73,-6,New York,knicks,26,80,0.325,9,40,0.225,12,16,0.75,16,34,50,19,9,5,19,14,1610612752,NYK,New York Knicks,1610612755,PHI,Philadelphia 76ers
0022300927,2024-03-10,2023-24,regular_season,road,False,1610612755,PHI,76ers,240:00,79,6,Philadelphia,sixers,31,80,0.388,9,30,0.3,8,14,0.571,14,33,47,20,9,5,13,18,1610612752,NYK,New York Knicks,1610612755,PHI,Philadelphia 76ers
0022300928,2024-03-10,2023-24,regular_season,home,False,1610612753,ORL,Magic,240:00,97,-14,Orlando,magic,33,88,0.375,9,36,0.25,22,29,0.759,13,33,46,18,7,3,12,27,1610612753,ORL,Orlando Magic,1610612754,IND,Indiana Pacers
0022300928,2024-03-10,2023-24,regular_season,road,False,1610612754,IND,Pacers,240:00,111,14,Indiana,pacers,38,78,0.487,8,23,0.348,27,33,0.818,5,41,46,20,5,10,12,21,1610612753,ORL,Orlando Magic,1610612754,IND,Indiana Pacers
0022300929,2024-03-10,2023-24,regular_season,home,False,1610612758,SAC,Kings,240:00,104,-8,Sacramento,kings,39,86,0.453,6,32,0.188,20,23,0.87,7,37,44,24,10,5,12,20,1610612758,SAC,Sacramento Kings,1610612745,HOU,Houston Rockets
0022300929,2024-03-10,2023-24,regular_season,road,False,1610612745,HOU,Rockets,240:00,112,8,Houston,rockets,39,84,0.464,12,29,0.414,22,27,0.815,6,36,42,23,8,1,12,18,1610612758,SAC,Sacramento Kings,1610612745,HOU,Houston Rockets
0022300930,2024-03-10,2023-24,regular_season,home,False,1610612739,CLE,Cavaliers,240:00,101,-19,Cleveland,cavaliers,37,76,0.487,14,32,0.438,13,20,0.65,5,26,31,25,8,4,12,17,1610612739,CLE,Cleveland Cavaliers,1610612751,BKN,Brooklyn Nets
0022300930,2024-03-10,2023-24,regular_season,road,False,1610612751,BKN,Nets,240:00,120,19,Brooklyn,nets,42,79,0.532,18,35,0.514,18,20,0.9,8,32,40,33,7,3,12,17,1610612739,CLE,Cleveland Cavaliers,1610612751,BKN,Brooklyn Nets
0022300931,2024-03-10,2023-24,regular_season,home,False,1610612760,OKC,Thunder,240:00,124,31,Oklahoma City,thunder,49,93,0.527,21,47,0.447,5,5,1.0,8,38,46,36,8,6,10,18,1610612760,OKC,Oklahoma City Thunder,1610612763,MEM,Memphis Grizzlies
0022300931,2024-03-10,2023-24,regular_season,road,False,1610612763,MEM,Grizzlies,240:00,93,-31,Memphis,grizzlies,32,78,0.41,11,33,0.333,18,27,0.667,8,31,39,21,8,4,16,14,1610612760,OKC,Oklahoma City Thunder,1610612763,MEM,Memphis Grizzlies
0022300932,2024-03-10,2023-24,regular_season,home,False,1610612747,LAL,Lakers,240:00,120,11,Los Angeles,lakers,44,83,0.53,10,24,0.417,22,29,0.759,14,42,56,29,9,4,19,12,1610612747,LAL,Los Angeles Lakers,1610612750,MIN,Minnesota Timberwolves
0022300932,2024-03-10,2023-24,regular_season,road,False,1610612750,MIN,Timberwolves,240:00,109,-11,Minnesota,timberwolves,41,97,0.423,16,46,0.348,11,13,0.846,11,27,38,27,8,6,11,18,1610612747,LAL,Los Angeles Lakers,1610612750,MIN,Minnesota Timberwolves
0022300933,2024-03-11,2023-24,regular_season,home,False,1610612765,DET,Pistons,240:00,114,17,Detroit,pistons,41,86,0.477,10,42,0.238,22,24,0.917,9,42,51,26,8,5,12,19,1610612765,DET,Detroit Pistons,1610612766,CHA,Charlotte Hornets
0022300933,2024-03-11,2023-24,regular_season,road,False,1610612766,CHA,Hornets,240:00,97,-17,Charlotte,hornets,34,88,0.386,13,40,0.325,16,23,0.696,9,31,40,27,7,2,12,16,1610612765,DET,Detroit Pistons,1610612766,CHA,Charlotte Hornets
0022300934,2024-03-11,2023-24,regular_season,home,False,1610612739,CLE,Cavaliers,240:00,111,-6,Cleveland,cavaliers,40,84,0.476,15,46,0.326,16,19,0.842,10,27,37,30,9,0,12,18,1610612739,CLE,Cleveland Cavaliers,1610612756,PHX,Phoenix Suns
0022300934,2024-03-11,2023-24,regular_season,road,False,1610612756,PHX,Suns,240:00,117,6,Phoenix,suns,46,84,0.548,12,32,0.375,13,19,0.684,12,30,42,23,8,6,14,18,1610612739,CLE,Cleveland Cavaliers,1610612756,PHX,Phoenix Suns
0022300935,2024-03-11,2023-24,regular_season,home,False,1610612741,CHI,Bulls,240:00,92,-35,Chicago,bulls,35,89,0.393,7,34,0.206,15,22,0.682,14,29,43,19,6,2,13,12,1610612741,CHI,Chicago Bulls,1610612742,DAL,Dallas Mavericks
0022300935,2024-03-11,2023-24,regular_season,road,False,1610612742,DAL,Mavericks,240:00,127,35,Dallas,mavericks,51,93,0.548,13,41,0.317,12,15,0.8,10,39,49,33,10,6,6,17,1610612741,CHI,Chicago Bulls,1610612742,DAL,Dallas Mavericks
0022300936,2024-03-11,2023-24,regular_season,home,False,1610612759,SAS,Spurs,240:00,102,-10,San Antonio,spurs,39,93,0.419,14,37,0.378,10,15,0.667,13,37,50,27,6,10,15,15,1610612759,SAS,San Antonio Spurs,1610612744,GSW,Golden State Warriors
0022300936,2024-03-11,2023-24,regular_season,road,False,1610612744,GSW,Warriors,240:00,112,10,Golden State,warriors,46,93,0.495,12,27,0.444,8,12,0.667,10,35,45,28,7,4,13,19,1610612759,SAS,San Antonio Spurs,1610612744,GSW,Golden State Warriors
0022300937,2024-03-11,2023-24,regular_season,home,False,1610612743,DEN,Nuggets,240:00,125,6,Denver,nuggets,52,95,0.547,10,29,0.345,11,18,0.611,11,31,42,36,8,8,9,14,1610612743,DEN,Denver Nuggets,1610612761,TOR,Toronto Raptors
0022300937,2024-03-11,2023-24,regular_season,road,False,1610612761,TOR,Raptors,240:00,119,-6,Toronto,raptors,47,93,0.505,11,30,0.367,14,17,0.824,11,31,42,30,6,4,11,16,1610612743,DEN,Denver Nuggets,1610612761,TOR,Toronto Raptors
0022300938,2024-03-11,2023-24,regular_season,home,False,1610612757,POR,Trail Blazers,240:00,99,-22,Portland,blazers,39,87,0.448,10,28,0.357,11,11,1.0,9,29,38,23,3,5,11,11,1610612757,POR,Portland Trail Blazers,1610612738,BOS,Boston Celtics
0022300938,2024-03-11,2023-24,regular_season,road,False,1610612738,BOS,Celtics,240:00,121,22,Boston,celtics,49,100,0.49,15,40,0.375,8,12,0.667,14,31,45,34,7,10,3,11,1610612757,POR,Portland Trail Blazers,1610612738,BOS,Boston Celtics
0022300939,2024-03-12,2023-24,regular_season,home,False,1610612752,NYK,Knicks,240:00,106,27,New York,knicks,40,79,0.506,14,40,0.35,12,15,0.8,9,42,51,32,4,4,12,15,1610612752,NYK,New York Knicks,1610612755,PHI,Philadelphia 76ers
0022300939,2024-03-12,2023-24,regular_season,road,False,1610612755,PHI,76ers,240:00,79,-27,Philadelphia,sixers,30,80,0.375,8,33,0.242,11,16,0.688,7,24,31,17,7,4,8,16,1610612752,NYK,New York Knicks,1610612755,PHI,Philadelphia 76ers
0022300940,2024-03-12,2023-24,regular_season,home,False,1610612763,MEM,Grizzlies,240:00,109,12,Memphis,grizzlies,42,94,0.447,8,33,0.242,17,21,0.81,17,36,53,27,8,7,17,19,1610612763,MEM,Memphis Grizzlies,1610612764,WAS,Washington Wizards
0022300940,2024-03-12,2023-24,regular_season,road,False,1610612764,WAS,Wizards,240:00,97,-12,Washington,wizards,37,82,0.451,11,36,0.306,12,16,0.75,4,24,28,26,9,3,13,18,1610612763,MEM,Memphis Grizzlies,1610612764,WAS,Washington Wizards
0022300941,2024-03-12,2023-24,regular_season,home,False,1610612760,OKC,Thunder,240:00,111,-10,Oklahoma City,thunder,43,99,0.434,14,37,0.378,11,15,0.733,13,37,50,24,5,4,12,16,1610612760,OKC,Oklahoma City Thunder,1610612754,IND,Indiana Pacers
0022300941,2024-03-12,2023-24,regular_season,road,False,1610612754,IND,Pacers,240:00,121,10,Indiana,pacers,48,89,0.539,9,28,0.321,16,19,0.842,4,39,43,34,8,10,9,11,1610612760,OKC,Oklahoma City Thunder,1610612754,IND,Indiana Pacers
0022300942,2024-03-12,2023-24,regular_season,home,False,1610612759,SAS,Spurs,240:00,101,-2,San Antonio,spurs,39,82,0.476,11,36,0.306,12,14,0.857,10,32,42,30,9,5,13,20,1610612759,SAS,San Antonio Spurs,1610612745,HOU,Houston Rockets
0022300942,2024-03-12,2023-24,regular_season,road,False,1610612745,HOU,Rockets,240:00,103,2,Houston,rockets,37,80,0.463,10,32,0.313,19,21,0.905,8,28,36,21,10,5,12,19,1610612759,SAS,San Antonio Spurs,1610612745,HOU,Houston Rockets
0022300943,2024-03-12,2023-24,regular_season,home,False,1610612762,UTA,Jazz,240:00,107,-16,Utah,jazz,41,86,0.477,15,32,0.469,10,11,0.909,9,29,38,23,4,7,10,18,1610612762,UTA,Utah Jazz,1610612738,BOS,Boston Celtics
0022300943,2024-03-12,2023-24,regular_season,road,False,1610612738,BOS,Celtics,240:00,123,16,Boston,celtics,43,92,0.467,20,49,0.408,17,19,0.895,14,32,46,25,5,8,8,14,1610612762,UTA,Utah Jazz,1610612738,BOS,Boston Celtics
0022300944,2024-03-12,2023-24,regular_season,home,False,1610612746,LAC,Clippers,240:00,100,-18,LA,clippers,34,72,0.472,11,30,0.367,21,25,0.84,8,26,34,22,7,4,18,18,1610612746,LAC,LA Clippers,1610612750,MIN,Minnesota Timberwolves
0022300944,2024-03-12,2023-24,regular_season,road,False,1610612750,MIN,Timberwolves,240:00,118,18,Minnesota,timberwolves,48,94,0.511,12,33,0.364,10,14,0.714,19,29,48,26,11,6,9,20,1610612746,LAC,LA Clippers,1610612750,MIN,Minnesota Timberwolves
0022300945,2024-03-12,2023-24,regular_season,home,False,1610612758,SAC,Kings,240:00,129,35,Sacramento,kings,49,92,0.533,18,40,0.45,13,16,0.813,6,45,51,34,11,1,8,26,1610612758,SAC,Sacramento Kings,1610612749,MIL,Milwaukee Bucks
0022300945,2024-03-12,2023-24,regular_season,road,False,1610612749,MIL,Bucks,240:00,94,-35,Milwaukee,bucks,30,82,0.366,7,39,0.179,27,35,0.771,10,34,44,23,3,2,13,18,1610612758,SAC,Sacramento Kings,1610612749,MIL,Milwaukee Bucks
0022300946,2024-03-13,2023-24,regular_season,home,False,1610612765,DET,Pistons,240:00,113,9,Detroit,pistons,39,88,0.443,11,30,0.367,24,31,0.774,11,47,58,27,7,7,21,21,1610612765,DET,Detroit Pistons,1610612761,TOR,Toronto Raptors
0022300946,2024-03-13,2023-24,regular_season,road,False,1610612761,TOR,Raptors,240:00,104,-9,Toronto,raptors,41,93,0.441,9,36,0.25,13,19,0.684,3,34,37,32,13,8,11,20,1610612765,DET,Detroit Pistons,1610612761,TOR,Toronto Raptors
0022300947,2024-03-13,2023-24,regular_season,home,False,1610612753,ORL,Magic,240:00,114,8,Orlando,magic,40,77,0.519,14,32,0.438,20,26,0.769,6,28,34,29,6,6,12,20,1610612753,ORL,Orlando Magic,1610612751,BKN,Brooklyn Nets
0022300947,2024-03-13,2023-24,regular_season,road,False,1610612751,BKN,Nets,240:00,106,-8,Brooklyn,nets,38,81,0.469,7,26,0.269,23,27,0.852,8,24,32,21,7,4,13,19,1610612753,ORL,Orlando Magic,1610612751,BKN,Brooklyn Nets
0022300948,2024-03-13,2023-24,regular_season,home,False,1610612754,IND,Pacers,265:00,129,-3,Indiana,pacers,46,99,0.465,14,45,0.311,23,28,0.821,9,38,47,30,4,6,8,25,1610612754,IND,Indiana Pacers,1610612741,CHI,Chicago Bulls
0022300948,2024-03-13,2023-24,regular_season,road,False,1610612741,CHI,Bulls,265:00,132,3,Chicago,bulls,48,92,0.522,10,28,0.357,26,32,0.813,7,41,48,22,6,5,11,21,1610612754,IND,Indiana Pacers,1610612741,CHI,Chicago Bulls
0022300949,2024-03-13,2023-24,regular_season,home,False,1610612748,MIA,Heat,240:00,88,-12,Miami,heat,34,80,0.425,5,21,0.238,15,18,0.833,8,34,42,18,5,2,8,13,1610612748,MIA,Miami Heat,1610612743,DEN,Denver Nuggets
0022300949,2024-03-13,2023-24,regular_season,road,False,1610612743,DEN,Nuggets,240:00,100,12,Denver,nuggets,40,82,0.488,11,33,0.333,9,13,0.692,7,34,41,24,4,2,9,13,1610612748,MIA,Miami Heat,1610612743,DEN,Denver Nuggets
0022300950,2024-03-13,2023-24,regular_season,home,False,1610612763,MEM,Grizzlies,240:00,98,-12,Memphis,grizzlies,36,85,0.424,16,40,0.4,10,11,0.909,16,30,46,24,12,5,21,19,1610612763,MEM,Memphis Grizzlies,1610612766,CHA,Charlotte Hornets
0022300950,2024-03-13,2023-24,regular_season,road,False,1610612766,CHA,Hornets,240:00,110,12,Charlotte,hornets,44,82,0.537,13,36,0.361,9,13,0.692,6,29,35,26,12,7,20,11,1610612763,MEM,Memphis Grizzlies,1610612766,CHA,Charlotte Hornets
0022300951,2024-03-13,2023-24,regular_season,home,False,1610612740,NOP,Pelicans,240:00,95,-21,New Orleans,pelicans,35,80,0.438,4,22,0.182,21,26,0.808,7,36,43,22,7,6,11,13,1610612740,NOP,New Orleans Pelicans,1610612739,CLE,Cleveland Cavaliers
0022300951,2024-03-13,2023-24,regular_season,road,False,1610612739,CLE,Cavaliers,240:00,116,21,Cleveland,cavaliers,47,92,0.511,20,45,0.444,2,3,0.667,8,38,46,38,4,4,9,18,1610612740,NOP,New Orleans Pelicans,1610612739,CLE,Cleveland Cavaliers
0022300952,2024-03-13,2023-24,regular_season,home,False,1610612742,DAL,Mavericks,240:00,109,10,Dallas,mavericks,44,82,0.537,6,27,0.222,15,19,0.789,9,33,42,30,6,13,16,16,1610612742,DAL,Dallas Mavericks,1610612744,GSW,Golden State Warriors
0022300952,2024-03-13,2023-24,regular_season,road,False,1610612744,GSW,Warriors,240:00,99,-10,Golden State,warriors,37,92,0.402,9,28,0.321,16,19,0.842,15,27,42,19,9,3,15,20,1610612742,DAL,Dallas Mavericks,1610612744,GSW,Golden State Warriors
0022300953,2024-03-13,2023-24,regular_season,home,False,1610612757,POR,Trail Blazers,240:00,106,4,Portland,blazers,38,82,0.463,10,30,0.333,20,24,0.833,12,37,49,24,7,5,18,21,1610612757,POR,Portland Trail Blazers,1610612737,ATL,Atlanta Hawks
0022300953,2024-03-13,2023-24,regular_season,road,False,1610612737,ATL,Hawks,240:00,102,-4,Atlanta,hawks,38,88,0.432,14,39,0.359,12,18,0.667,13,25,38,19,11,6,14,23,1610612757,POR,Portland Trail Blazers,1610612737,ATL,Atlanta Hawks
0022300954,2024-03-13,2023-24,regular_season,home,False,1610612758,SAC,Kings,240:00,120,13,Sacramento,kings,46,88,0.523,19,41,0.463,9,12,0.75,9,35,44,30,11,2,12,19,1610612758,SAC,Sacramento Kings,1610612747,LAL,Los Angeles Lakers
0022300954,2024-03-13,2023-24,regular_season,road,False,1610612747,LAL,Lakers,240:00,107,-13,Los Angeles,lakers,38,78,0.487,14,32,0.438,17,22,0.773,7,31,38,25,8,2,14,12,1610612758,SAC,Sacramento Kings,1610612747,LAL,Los Angeles Lakers
0022300955,2024-03-14,2023-24,regular_season,home,False,1610612738,BOS,Celtics,240:00,127,15,Boston,celtics,47,89,0.528,25,50,0.5,8,11,0.727,6,27,33,31,12,5,8,13,1610612738,BOS,Boston Celtics,1610612756,PHX,Phoenix Suns
0022300955,2024-03-14,2023-24,regular_season,road,False,1610612756,PHX,Suns,240:00,112,-15,Phoenix,suns,47,99,0.475,11,31,0.355,7,10,0.7,19,32,51,27,4,3,13,12,1610612738,BOS,Boston Celtics,1610612756,PHX,Phoenix Suns
0022300956,2024-03-14,2023-24,regular_season,home,False,1610612741,CHI,Bulls,240:00,111,-15,Chicago,bulls,41,86,0.477,16,35,0.457,13,16,0.813,11,25,36,28,4,2,13,14,1610612741,CHI,Chicago Bulls,1610612746,LAC,LA Clippers
0022300956,2024-03-14,2023-24,regular_season,road,False,1610612746,LAC,Clippers,240:00,126,15,LA,clippers,48,80,0.6,20,40,0.5,10,14,0.714,6,29,35,32,9,2,9,16,1610612741,CHI,Chicago Bulls,1610612746,LAC,LA Clippers
0022300957,2024-03-14,2023-24,regular_season,home,False,1610612745,HOU,Rockets,240:00,135,16,Houston,rockets,51,87,0.586,12,28,0.429,21,24,0.875,8,39,47,24,7,1,17,19,1610612745,HOU,Houston Rockets,1610612764,WAS,Washington Wizards
0022300957,2024-03-14,2023-24,regular_season,road,False,1610612764,WAS,Wizards,240:00,119,-16,Washington,wizards,46,93,0.495,12,38,0.316,15,19,0.789,7,25,32,29,11,2,13,19,1610612745,HOU,Houston Rockets,1610612764,WAS,Washington Wizards
0022300958,2024-03-14,2023-24,regular_season,home,False,1610612749,MIL,Bucks,240:00,114,9,Milwaukee,bucks,39,72,0.542,16,36,0.444,20,24,0.833,6,31,37,29,6,4,14,14,1610612749,MIL,Milwaukee Bucks,1610612755,PHI,Philadelphia 76ers
0022300958,2024-03-14,2023-24,regular_season,road,False,1610612755,PHI,76ers,240:00,105,-9,Philadelphia,sixers,39,79,0.494,17,35,0.486,10,14,0.714,6,24,30,20,6,4,11,18,1610612749,MIL,Milwaukee Bucks,1610612755,PHI,Philadelphia 76ers
0022300959,2024-03-14,2023-24,regular_season,home,False,1610612760,OKC,Thunder,240:00,126,7,Oklahoma City,thunder,45,86,0.523,16,39,0.41,20,23,0.87,8,26,34,28,10,7,13,24,1610612760,OKC,Oklahoma City Thunder,1610612742,DAL,Dallas Mavericks
0022300959,2024-03-14,2023-24,regular_season,road,False,1610612742,DAL,Mavericks,240:00,119,-7,Dallas,mavericks,43,84,0.512,12,29,0.414,21,26,0.808,10,30,40,25,6,2,19,20,1610612760,OKC,Oklahoma City Thunder,1610612742,DAL,Dallas Mavericks
0022300960,2024-03-14,2023-24,regular_season,home,False,1610612757,POR,Trail Blazers,240:00,93,-12,Portland,blazers,34,84,0.405,11,33,0.333,14,16,0.875,13,32,45,19,10,2,17,19,1610612757,POR,Portland Trail Blazers,1610612752,NYK,New York Knicks
0022300960,2024-03-14,2023-24,regular_season,road,False,1610612752,NYK,Knicks,240:00,105,12,New York,knicks,38,87,0.437,6,29,0.207,23,26,0.885,15,35,50,16,11,1,12,18,1610612757,POR,Portland Trail Blazers,1610612752,NYK,New York Knicks
0022300961,2024-03-15,2023-24,regular_season,home,False,1610612766,CHA,Hornets,240:00,96,-11,Charlotte,hornets,35,94,0.372,6,37,0.162,20,27,0.741,12,36,48,20,6,3,4,16,1610612766,CHA,Charlotte Hornets,1610612756,PHX,Phoenix Suns
0022300961,2024-03-15,2023-24,regular_season,road,False,1610612756,PHX,Suns,240:00,107,11,Phoenix,suns,40,87,0.46,11,38,0.289,16,20,0.8,10,47,57,31,3,3,10,20,1610612766,CHA,Charlotte Hornets,1610612756,PHX,Phoenix Suns
0022300962,2024-03-15,2023-24,regular_season,home,False,1610612765,DET,Pistons,240:00,95,-13,Detroit,pistons,36,84,0.429,10,38,0.263,13,15,0.867,9,39,48,27,5,2,17,16,1610612765,DET,Detroit Pistons,1610612748,MIA,Miami Heat
0022300962,2024-03-15,2023-24,regular_season,road,False,1610612748,MIA,Heat,240:00,108,13,Miami,heat,43,91,0.473,7,34,0.206,15,21,0.714,9,35,44,23,14,6,8,16,1610612765,DET,Detroit Pistons,1610612748,MIA,Miami Heat
0022300963,2024-03-15,2023-24,regular_season,home,False,1610612761,TOR,Raptors,240:00,103,-10,Toronto,raptors,38,81,0.469,14,34,0.412,13,20,0.65,9,31,40,24,11,4,15,24,1610612761,TOR,Toronto Raptors,1610612753,ORL,Orlando Magic
0022300963,2024-03-15,2023-24,regular_season,road,False,1610612753,ORL,Magic,240:00,113,10,Orlando,magic,40,80,0.5,14,31,0.452,19,22,0.864,6,33,39,25,7,4,14,15,1610612761,TOR,Toronto Raptors,1610612753,ORL,Orlando Magic
0022300964,2024-03-15,2023-24,regular_season,home,False,1610612740,NOP,Pelicans,240:00,112,8,New Orleans,pelicans,42,87,0.483,13,35,0.371,15,20,0.75,9,31,40,28,8,2,8,21,1610612740,NOP,New Orleans Pelicans,1610612746,LAC,LA Clippers
0022300964,2024-03-15,2023-24,regular_season,road,False,1610612746,LAC,Clippers,240:00,104,-8,LA,clippers,37,77,0.481,12,33,0.364,18,19,0.947,5,32,37,18,6,8,12,17,1610612740,NOP,New Orleans Pelicans,1610612746,LAC,LA Clippers
0022300965,2024-03-15,2023-24,regular_season,home,False,1610612759,SAS,Spurs,240:00,106,-11,San Antonio,spurs,37,81,0.457,11,29,0.379,21,27,0.778,12,32,44,23,6,4,16,13,1610612759,SAS,San Antonio Spurs,1610612743,DEN,Denver Nuggets
0022300965,2024-03-15,2023-24,regular_season,road,False,1610612743,DEN,Nuggets,240:00,117,11,Denver,nuggets,49,89,0.551,10,25,0.4,9,12,0.75,7,33,40,37,13,5,12,20,1610612759,SAS,San Antonio Spurs,1610612743,DEN,Denver Nuggets
0022300966,2024-03-15,2023-24,regular_season,home,False,1610612762,UTA,Jazz,240:00,124,2,Utah,jazz,46,90,0.511,14,36,0.389,18,20,0.9,10,39,49,24,6,7,11,21,1610612762,UTA,Utah Jazz,1610612737,ATL,Atlanta Hawks
0022300966,2024-03-15,2023-24,regular_season,road,False,1610612737,ATL,Hawks,240:00,122,-2,Atlanta,hawks,41,92,0.446,20,39,0.513,20,27,0.741,11,30,41,32,7,5,9,16,1610612762,UTA,Utah Jazz,1610612737,ATL,Atlanta Hawks
0022300967,2024-03-16,2023-24,regular_season,home,False,1610612745,HOU,Rockets,240:00,117,14,Houston,rockets,47,98,0.48,15,42,0.357,8,12,0.667,11,37,48,28,9,7,9,19,1610612745,HOU,Houston Rockets,1610612739,CLE,Cleveland Cavaliers
0022300967,2024-03-16,2023-24,regular_season,road,False,1610612739,CLE,Cavaliers,240:00,103,-14,Cleveland,cavaliers,37,82,0.451,12,38,0.316,17,20,0.85,7,38,45,22,6,7,15,12,1610612745,HOU,Houston Rockets,1610612739,CLE,Cleveland Cavaliers
0022300968,2024-03-16,2023-24,regular_season,home,False,1610612754,IND,Pacers,240:00,121,21,Indiana,pacers,50,105,0.476,6,30,0.2,15,16,0.938,17,33,50,21,13,4,10,23,1610612754,IND,Indiana Pacers,1610612751,BKN,Brooklyn Nets
0022300968,2024-03-16,2023-24,regular_season,road,False,1610612751,BKN,Nets,240:00,100,-21,Brooklyn,nets,33,77,0.429,10,25,0.4,24,31,0.774,12,33,45,18,8,3,20,18,1610612754,IND,Indiana Pacers,1610612751,BKN,Brooklyn Nets
0022300969,2024-03-16,2023-24,regular_season,home,False,1610612755,PHI,76ers,240:00,109,11,Philadelphia,sixers,36,81,0.444,13,41,0.317,24,25,0.96,10,31,41,25,9,4,15,23,1610612755,PHI,Philadelphia 76ers,1610612766,CHA,Charlotte Hornets
0022300969,2024-03-16,2023-24,regular_season,road,False,1610612766,CHA,Hornets,240:00,98,-11,Charlotte,hornets,37,82,0.451,10,31,0.323,14,18,0.778,12,28,40,21,11,4,16,21,1610612755,PHI,Philadelphia 76ers,1610612766,CHA,Charlotte Hornets
0022300970,2024-03-16,2023-24,regular_season,home,False,1610612740,NOP,Pelicans,240:00,126,19,New Orleans,pelicans,52,97,0.536,13,33,0.394,9,10,0.9,10,29,39,36,8,5,9,13,1610612740,NOP,New Orleans Pelicans,1610612757,POR,Portland Trail Blazers
0022300970,2024-03-16,2023-24,regular_season,road,False,1610612757,POR,Trail Blazers,240:00,107,-19,Portland,blazers,42,84,0.5,12,33,0.364,11,12,0.917,10,26,36,23,3,7,19,15,1610612740,NOP,New Orleans Pelicans,1610612757,POR,Portland Trail Blazers
0022300971,2024-03-16,2023-24,regular_season,home,False,1610612741,CHI,Bulls,240:00,127,29,Chicago,bulls,49,85,0.576,8,24,0.333,21,29,0.724,12,39,51,33,9,4,15,16,1610612741,CHI,Chicago Bulls,1610612764,WAS,Washington Wizards
0022300971,2024-03-16,2023-24,regular_season,road,False,1610612764,WAS,Wizards,240:00,98,-29,Washington,wizards,36,84,0.429,13,32,0.406,13,22,0.591,9,23,32,27,12,7,15,21,1610612741,CHI,Chicago Bulls,1610612764,WAS,Washington Wizards
0022300972,2024-03-16,2023-24,regular_season,home,False,1610612763,MEM,Grizzlies,240:00,112,-6,Memphis,grizzlies,37,81,0.457,18,44,0.409,20,26,0.769,7,29,36,34,7,4,14,20,1610612763,MEM,Memphis Grizzlies,1610612760,OKC,Oklahoma City Thunder
0022300972,2024-03-16,2023-24,regular_season,road,False,1610612760,OKC,Thunder,240:00,118,6,Oklahoma City,thunder,45,87,0.517,12,35,0.343,16,21,0.762,8,37,45,25,7,8,11,19,1610612763,MEM,Memphis Grizzlies,1610612760,OKC,Oklahoma City Thunder
0022300973,2024-03-16,2023-24,regular_season,home,False,1610612747,LAL,Lakers,240:00,121,-7,Los Angeles,lakers,47,92,0.511,12,34,0.353,15,18,0.833,8,31,39,32,3,4,9,13,1610612747,LAL,Los Angeles Lakers,1610612744,GSW,Golden State Warriors
0022300973,2024-03-16,2023-24,regular_season,road,False,1610612744,GSW,Warriors,240:00,128,7,Golden State,warriors,51,97,0.526,14,34,0.412,12,15,0.8,14,31,45,38,3,4,7,19,1610612747,LAL,Los Angeles Lakers,1610612744,GSW,Golden State Warriors
0022300974,2024-03-16,2023-24,regular_season,home,False,1610612762,UTA,Jazz,240:00,100,-19,Utah,jazz,38,83,0.458,6,26,0.231,18,21,0.857,10,41,51,23,4,5,15,14,1610612762,UTA,Utah Jazz,1610612750,MIN,Minnesota Timberwolves
0022300974,2024-03-16,2023-24,regular_season,road,False,1610612750,MIN,Timberwolves,240:00,119,19,Minnesota,timberwolves,44,93,0.473,19,41,0.463,12,15,0.8,7,37,44,31,8,6,8,16,1610612762,UTA,Utah Jazz,1610612750,MIN,Minnesota Timberwolves
0022300975,2024-03-16,2023-24,regular_season,home,False,1610612758,SAC,Kings,240:00,91,-7,Sacramento,kings,30,85,0.353,10,37,0.27,21,26,0.808,11,31,42,22,7,5,12,20,1610612758,SAC,Sacramento Kings,1610612752,NYK,New York Knicks
0022300975,2024-03-16,2023-24,regular_season,road,False,1610612752,NYK,Knicks,240:00,98,7,New York,knicks,37,86,0.43,11,39,0.282,13,16,0.813,10,42,52,19,8,9,14,21,1610612758,SAC,Sacramento Kings,1610612752,NYK,New York Knicks
0022300976,2024-03-17,2023-24,regular_season,home,False,1610612749,MIL,Bucks,240:00,140,11,Milwaukee,bucks,51,94,0.543,24,41,0.585,14,14,1.0,10,25,35,35,11,2,10,12,1610612749,MIL,Milwaukee Bucks,1610612756,PHX,Phoenix Suns
0022300976,2024-03-17,2023-24,regular_season,road,False,1610612756,PHX,Suns,240:00,129,-11,Phoenix,suns,51,87,0.586,14,33,0.424,13,15,0.867,7,32,39,36,7,5,12,16,1610612749,MIL,Milwaukee Bucks,1610612756,PHX,Phoenix Suns
0022300977,2024-03-17,2023-24,regular_season,home,False,1610612765,DET,Pistons,240:00,101,-3,Detroit,pistons,38,83,0.458,14,36,0.389,11,14,0.786,7,37,44,24,4,7,12,19,1610612765,DET,Detroit Pistons,1610612748,MIA,Miami Heat
0022300977,2024-03-17,2023-24,regular_season,road,False,1610612748,MIA,Heat,240:00,104,3,Miami,heat,40,89,0.449,12,35,0.343,12,16,0.75,11,36,47,24,7,2,9,11,1610612765,DET,Detroit Pistons,1610612748,MIA,Miami Heat
0022300978,2024-03-17,2023-24,regular_season,home,False,1610612742,DAL,Mavericks,240:00,107,2,Dallas,mavericks,42,100,0.42,9,35,0.257,14,21,0.667,22,38,60,22,5,5,11,21,1610612742,DAL,Dallas Mavericks,1610612743,DEN,Denver Nuggets
0022300978,2024-03-17,2023-24,regular_season,road,False,1610612743,DEN,Nuggets,240:00,105,-2,Denver,nuggets,37,84,0.44,12,28,0.429,19,22,0.864,6,31,37,26,7,6,7,16,1610612742,DAL,Dallas Mavericks,1610612743,DEN,Denver Nuggets
0022300979,2024-03-17,2023-24,regular_season,home,False,1610612753,ORL,Magic,240:00,111,15,Orlando,magic,43,85,0.506,11,36,0.306,14,20,0.7,10,29,39,22,7,4,13,16,1610612753,ORL,Orlando Magic,1610612761,TOR,Toronto Raptors
0022300979,2024-03-17,2023-24,regular_season,road,False,1610612761,TOR,Raptors,240:00,96,-15,Toronto,raptors,37,84,0.44,8,31,0.258,14,15,0.933,11,26,37,23,7,3,18,18,1610612753,ORL,Orlando Magic,1610612761,TOR,Toronto Raptors
0022300980,2024-03-17,2023-24,regular_season,home,False,1610612764,WAS,Wizards,240:00,104,-26,Washington,wizards,41,89,0.461,10,34,0.294,12,14,0.857,10,30,40,24,3,5,16,20,1610612764,WAS,Washington Wizards,1610612738,BOS,Boston Celtics
0022300980,2024-03-17,2023-24,regular_season,road,False,1610612738,BOS,Celtics,240:00,130,26,Boston,celtics,43,87,0.494,24,50,0.48,20,24,0.833,12,31,43,30,9,6,14,17,1610612764,WAS,Washington Wizards,1610612738,BOS,Boston Celtics
0022300981,2024-03-17,2023-24,regular_season,home,False,1610612759,SAS,Spurs,265:00,122,7,San Antonio,spurs,46,99,0.465,9,37,0.243,21,23,0.913,13,37,50,30,6,10,17,17,1610612759,SAS,San Antonio Spurs,1610612751,BKN,Brooklyn Nets
0022300981,2024-03-17,2023-24,regular_season,road,False,1610612751,BKN,Nets,265:00,115,-7,Brooklyn,nets,47,102,0.461,8,31,0.258,13,19,0.684,11,37,48,29,13,5,12,20,1610612759,SAS,San Antonio Spurs,1610612751,BKN,Brooklyn Nets
0022300982,2024-03-17,2023-24,regular_season,home,False,1610612746,LAC,Clippers,240:00,93,-17,LA,clippers,28,74,0.378,11,36,0.306,26,29,0.897,10,30,40,17,10,5,15,13,1610612746,LAC,LA Clippers,1610612737,ATL,Atlanta Hawks
0022300982,2024-03-17,2023-24,regular_season,road,False,1610612737,ATL,Hawks,240:00,110,17,Atlanta,hawks,41,84,0.488,17,34,0.5,11,12,0.917,10,35,45,32,10,7,14,22,1610612746,LAC,LA Clippers,1610612737,ATL,Atlanta Hawks
0022300983,2024-03-18,2023-24,regular_season,home,False,1610612754,IND,Pacers,240:00,103,-5,Indiana,pacers,42,91,0.462,9,38,0.237,10,16,0.625,14,31,45,28,8,3,11,24,1610612754,IND,Indiana Pacers,1610612739,CLE,Cleveland Cavaliers
0022300983,2024-03-18,2023-24,regular_season,road,False,1610612739,CLE,Cavaliers,240:00,108,5,Cleveland,cavaliers,38,80,0.475,12,32,0.375,20,28,0.714,9,30,39,27,8,4,14,18,1610612754,IND,Indiana Pacers,1610612739,CLE,Cleveland Cavaliers
0022300984,2024-03-18,2023-24,regular_season,home,False,1610612738,BOS,Celtics,240:00,119,25,Boston,celtics,43,95,0.453,22,49,0.449,11,13,0.846,15,38,53,30,8,8,9,9,1610612738,BOS,Boston Celtics,1610612765,DET,Detroit Pistons
0022300984,2024-03-18,2023-24,regular_season,road,False,1610612765,DET,Pistons,240:00,94,-25,Detroit,pistons,36,84,0.429,9,29,0.31,13,15,0.867,8,35,43,21,6,3,12,15,1610612738,BOS,Boston Celtics,1610612765,DET,Detroit Pistons
0022300985,2024-03-18,2023-24,regular_season,home,False,1610612755,PHI,76ers,240:00,98,7,Philadelphia,sixers,37,85,0.435,13,36,0.361,11,12,0.917,7,39,46,23,7,12,12,16,1610612755,PHI,Philadelphia 76ers,1610612748,MIA,Miami Heat
0022300985,2024-03-18,2023-24,regular_season,road,False,1610612748,MIA,Heat,240:00,91,-7,Miami,heat,35,89,0.393,12,33,0.364,9,14,0.643,11,38,49,23,8,3,15,13,1610612755,PHI,Philadelphia 76ers,1610612748,MIA,Miami Heat
0022300986,2024-03-18,2023-24,regular_season,home,False,1610612741,CHI,Bulls,240:00,110,3,Chicago,bulls,41,93,0.441,11,33,0.333,17,21,0.81,13,27,40,26,9,5,9,21,1610612741,CHI,Chicago Bulls,1610612757,POR,Portland Trail Blazers
0022300986,2024-03-18,2023-24,regular_season,road,False,1610612757,POR,Trail Blazers,240:00,107,-3,Portland,blazers,40,88,0.455,8,28,0.286,19,25,0.76,13,30,43,21,7,5,13,24,1610612741,CHI,Chicago Bulls,1610612757,POR,Portland Trail Blazers
0022300987,2024-03-18,2023-24,regular_season,home,False,1610612762,UTA,Jazz,240:00,104,-10,Utah,jazz,39,84,0.464,14,32,0.438,12,14,0.857,14,33,47,25,6,3,17,13,1610612762,UTA,Utah Jazz,1610612750,MIN,Minnesota Timberwolves
0022300987,2024-03-18,2023-24,regular_season,road,False,1610612750,MIN,Timberwolves,240:00,114,10,Minnesota,timberwolves,44,91,0.484,16,41,0.39,10,12,0.833,12,23,35,27,9,9,9,15,1610612762,UTA,Utah Jazz,1610612750,MIN,Minnesota Timberwolves
0022300988,2024-03-18,2023-24,regular_season,home,False,1610612744,GSW,Warriors,240:00,112,-7,Golden State,warriors,42,88,0.477,14,36,0.389,14,18,0.778,12,27,39,29,7,5,13,16,1610612744,GSW,Golden State Warriors,1610612752,NYK,New York Knicks
0022300988,2024-03-18,2023-24,regular_season,road,False,1610612752,NYK,Knicks,240:00,119,7,New York,knicks,44,91,0.484,14,37,0.378,17,20,0.85,14,30,44,29,6,1,10,17,1610612744,GSW,Golden State Warriors,1610612752,NYK,New York Knicks
0022300989,2024-03-18,2023-24,regular_season,home,False,1610612758,SAC,Kings,265:00,121,10,Sacramento,kings,42,94,0.447,11,35,0.314,26,32,0.813,15,44,59,30,7,10,17,25,1610612758,SAC,Sacramento Kings,1610612763,MEM,Memphis Grizzlies
0022300989,2024-03-18,2023-24,regular_season,road,False,1610612763,MEM,Grizzlies,265:00,111,-10,Memphis,grizzlies,37,98,0.378,13,38,0.342,24,30,0.8,15,34,49,22,13,7,12,23,1610612758,SAC,Sacramento Kings,1610612763,MEM,Memphis Grizzlies
0022300990,2024-03-18,2023-24,regular_season,home,False,1610612747,LAL,Lakers,240:00,136,31,Los Angeles,lakers,52,90,0.578,15,36,0.417,17,20,0.85,4,44,48,39,6,4,8,15,1610612747,LAL,Los Angeles Lakers,1610612737,ATL,Atlanta Hawks
0022300990,2024-03-18,2023-24,regular_season,road,False,1610612737,ATL,Hawks,240:00,105,-31,Atlanta,hawks,42,98,0.429,9,41,0.22,12,15,0.8,12,30,42,32,8,5,9,14,1610612747,LAL,Los Angeles Lakers,1610612737,ATL,Atlanta Hawks
0022300991,2024-03-19,2023-24,regular_season,home,False,1610612753,ORL,Magic,240:00,112,20,Orlando,magic,44,81,0.543,12,34,0.353,12,13,0.923,10,31,41,32,10,6,16,10,1610612753,ORL,Orlando Magic,1610612766,CHA,Charlotte Hornets
0022300991,2024-03-19,2023-24,regular_season,road,False,1610612766,CHA,Hornets,240:00,92,-20,Charlotte,hornets,38,79,0.481,9,29,0.31,7,9,0.778,4,26,30,19,8,1,17,13,1610612753,ORL,Orlando Magic,1610612766,CHA,Charlotte Hornets
0022300992,2024-03-19,2023-24,regular_season,home,False,1610612764,WAS,Wizards,240:00,114,-23,Washington,wizards,42,98,0.429,15,39,0.385,15,20,0.75,17,27,44,24,6,2,10,27,1610612764,WAS,Washington Wizards,1610612745,HOU,Houston Rockets
0022300992,2024-03-19,2023-24,regular_season,road,False,1610612745,HOU,Rockets,240:00,137,23,Houston,rockets,47,91,0.516,13,39,0.333,30,36,0.833,12,35,47,25,6,11,7,15,1610612764,WAS,Washington Wizards,1610612745,HOU,Houston Rockets
0022300993,2024-03-19,2023-24,regular_season,home,False,1610612751,BKN,Nets,240:00,91,-13,Brooklyn,nets,31,84,0.369,12,40,0.3,17,22,0.773,14,28,42,19,6,4,13,13,1610612751,BKN,Brooklyn Nets,1610612740,NOP,New Orleans Pelicans
0022300993,2024-03-19,2023-24,regular_season,road,False,1610612740,NOP,Pelicans,240:00,104,13,New Orleans,pelicans,42,83,0.506,10,34,0.294,10,13,0.769,11,37,48,29,7,5,13,19,1610612751,BKN,Brooklyn Nets,1610612740,NOP,New Orleans Pelicans
0022300994,2024-03-19,2023-24,regular_season,home,False,1610612759,SAS,Spurs,240:00,107,-6,San Antonio,spurs,39,89,0.438,14,39,0.359,15,21,0.714,9,39,48,31,6,10,15,14,1610612759,SAS,San Antonio Spurs,1610612742,DAL,Dallas Mavericks
0022300994,2024-03-19,2023-24,regular_season,road,False,1610612742,DAL,Mavericks,240:00,113,6,Dallas,mavericks,44,91,0.484,10,30,0.333,15,17,0.882,3,37,40,31,6,3,9,18,1610612759,SAS,San Antonio Spurs,1610612742,DAL,Dallas Mavericks
0022300995,2024-03-19,2023-24,regular_season,home,False,1610612750,MIN,Timberwolves,240:00,112,-3,Minnesota,timberwolves,42,88,0.477,12,35,0.343,16,23,0.696,8,29,37,25,10,7,7,16,1610612750,MIN,Minnesota Timberwolves,1610612743,DEN,Denver Nuggets
0022300995,2024-03-19,2023-24,regular_season,road,False,1610612743,DEN,Nuggets,240:00,115,3,Denver,nuggets,42,81,0.519,14,27,0.519,17,22,0.773,11,38,49,26,5,1,17,19,1610612750,MIN,Minnesota Timberwolves,1610612743,DEN,Denver Nuggets
0022300996,2024-03-20,2023-24,regular_season,home,False,1610612739,CLE,Cavaliers,240:00,104,-3,Cleveland,cavaliers,35,75,0.467,15,42,0.357,19,22,0.864,6,31,37,30,3,2,11,19,1610612739,CLE,Cleveland Cavaliers,1610612748,MIA,Miami Heat
0022300996,2024-03-20,2023-24,regular_season,road,False,1610612748,MIA,Heat,240:00,107,3,Miami,heat,38,83,0.458,13,36,0.361,18,19,0.947,7,30,37,19,7,2,7,20,1610612739,CLE,Cleveland Cavaliers,1610612748,MIA,Miami Heat
0022300997,2024-03-20,2023-24,regular_season,home,False,1610612765,DET,Pistons,240:00,103,-19,Detroit,pistons,37,90,0.411,5,23,0.217,24,30,0.8,12,34,46,23,8,1,15,14,1610612765,DET,Detroit Pistons,1610612754,IND,Indiana Pacers
0022300997,2024-03-20,2023-24,regular_season,road,False,1610612754,IND,Pacers,240:00,122,19,Indiana,pacers,50,88,0.568,11,29,0.379,11,18,0.611,5,35,40,38,13,6,12,16,1610612765,DET,Detroit Pistons,1610612754,IND,Indiana Pacers
0022300998,2024-03-20,2023-24,regular_season,home,False,1610612738,BOS,Celtics,240:00,122,3,Boston,celtics,40,85,0.471,18,40,0.45,24,29,0.828,11,26,37,25,6,5,9,18,1610612738,BOS,Boston Celtics,1610612749,MIL,Milwaukee Bucks
0022300998,2024-03-20,2023-24,regular_season,road,False,1610612749,MIL,Bucks,240:00,119,-3,Milwaukee,bucks,45,84,0.536,17,35,0.486,12,14,0.857,9,32,41,20,3,6,14,25,1610612738,BOS,Boston Celtics,1610612749,MIL,Milwaukee Bucks
0022300999,2024-03-20,2023-24,regular_season,home,False,1610612761,TOR,Raptors,240:00,89,-34,Toronto,raptors,33,80,0.413,10,31,0.323,13,18,0.722,11,20,31,21,11,3,21,15,1610612761,TOR,Toronto Raptors,1610612758,SAC,Sacramento Kings
0022300999,2024-03-20,2023-24,regular_season,road,False,1610612758,SAC,Kings,240:00,123,34,Sacramento,kings,48,93,0.516,12,40,0.3,15,18,0.833,18,35,53,32,14,6,15,16,1610612761,TOR,Toronto Raptors,1610612758,SAC,Sacramento Kings
0022301000,2024-03-20,2023-24,regular_season,home,False,1610612760,OKC,Thunder,240:00,119,12,Oklahoma City,thunder,43,88,0.489,10,34,0.294,23,29,0.793,10,35,45,29,10,7,10,16,1610612760,OKC,Oklahoma City Thunder,1610612762,UTA,Utah Jazz
0022301000,2024-03-20,2023-24,regular_season,road,False,1610612762,UTA,Jazz,240:00,107,-12,Utah,jazz,40,90,0.444,10,36,0.278,17,18,0.944,11,36,47,20,6,5,15,22,1610612760,OKC,Oklahoma City Thunder,1610612762,UTA,Utah Jazz
0022301001,2024-03-20,2023-24,regular_season,home,False,1610612744,GSW,Warriors,240:00,137,21,Golden State,warriors,58,100,0.58,19,39,0.487,2,6,0.333,13,35,48,43,6,5,6,17,1610612744,GSW,Golden State Warriors,1610612763,MEM,Memphis Grizzlies
0022301001,2024-03-20,2023-24,regular_season,road,False,1610612763,MEM,Grizzlies,240:00,116,-21,Memphis,grizzlies,42,96,0.438,18,49,0.367,14,18,0.778,16,29,45,29,4,3,10,15,1610612744,GSW,Golden State Warriors,1610612763,MEM,Memphis Grizzlies
0022301002,2024-03-20,2023-24,regular_season,home,False,1610612756,PHX,Suns,240:00,115,13,Phoenix,suns,45,90,0.5,19,39,0.487,6,8,0.75,14,41,55,34,7,12,23,18,1610612756,PHX,Phoenix Suns,1610612755,PHI,Philadelphia 76ers
0022301002,2024-03-20,2023-24,regular_season,road,False,1610612755,PHI,76ers,240:00,102,-13,Philadelphia,sixers,41,95,0.432,13,37,0.351,7,18,0.389,13,27,40,33,12,7,9,12,1610612756,PHX,Phoenix Suns,1610612755,PHI,Philadelphia 76ers
0022301003,2024-03-20,2023-24,regular_season,home,False,1610612757,POR,Trail Blazers,240:00,103,-13,Portland,blazers,39,81,0.481,15,34,0.441,10,15,0.667,8,30,38,21,6,4,17,16,1610612757,POR,Portland Trail Blazers,1610612746,LAC,LA Clippers
0022301003,2024-03-20,2023-24,regular_season,road,False,1610612746,LAC,Clippers,240:00,116,13,LA,clippers,45,86,0.523,13,31,0.419,13,15,0.867,8,34,42,29,15,7,11,13,1610612757,POR,Portland Trail Blazers,1610612746,LAC,LA Clippers
0022301004,2024-03-21,2023-24,regular_season,home,False,1610612753,ORL,Magic,240:00,121,15,Orlando,magic,47,86,0.547,14,36,0.389,13,19,0.684,10,30,40,33,12,4,14,16,1610612753,ORL,Orlando Magic,1610612740,NOP,New Orleans Pelicans
0022301004,2024-03-21,2023-24,regular_season,road,False,1610612740,NOP,Pelicans,240:00,106,-15,New Orleans,pelicans,42,78,0.538,6,20,0.3,16,21,0.762,3,30,33,24,11,1,18,18,1610612753,ORL,Orlando Magic,1610612740,NOP,New Orleans Pelicans
0022301005,2024-03-21,2023-24,regular_season,home,False,1610612764,WAS,Wizards,240:00,109,7,Washington,wizards,41,81,0.506,10,25,0.4,17,23,0.739,10,35,45,20,9,3,19,19,1610612764,WAS,Washington Wizards,1610612758,SAC,Sacramento Kings
0022301005,2024-03-21,2023-24,regular_season,road,False,1610612758,SAC,Kings,240:00,102,-7,Sacramento,kings,37,86,0.43,11,39,0.282,17,19,0.895,10,27,37,21,12,7,15,20,1610612764,WAS,Washington Wizards,1610612758,SAC,Sacramento Kings
0022301006,2024-03-21,2023-24,regular_season,home,False,1610612745,HOU,Rockets,240:00,127,10,Houston,rockets,47,93,0.505,17,45,0.378,16,20,0.8,13,36,49,27,7,6,14,21,1610612745,HOU,Houston Rockets,1610612741,CHI,Chicago Bulls
0022301006,2024-03-21,2023-24,regular_season,road,False,1610612741,CHI,Bulls,240:00,117,-10,Chicago,bulls,42,93,0.452,12,31,0.387,21,25,0.84,12,31,43,23,8,3,11,17,1610612745,HOU,Houston Rockets,1610612741,CHI,Chicago Bulls
0022301007,2024-03-21,2023-24,regular_season,home,False,1610612749,MIL,Bucks,240:00,115,7,Milwaukee,bucks,43,91,0.473,16,41,0.39,13,15,0.867,11,29,40,27,5,4,10,17,1610612749,MIL,Milwaukee Bucks,1610612751,BKN,Brooklyn Nets
0022301007,2024-03-21,2023-24,regular_season,road,False,1610612751,BKN,Nets,240:00,108,-7,Brooklyn,nets,41,92,0.446,13,44,0.295,13,16,0.813,15,34,49,29,7,1,14,12,1610612749,MIL,Milwaukee Bucks,1610612751,BKN,Brooklyn Nets
0022301008,2024-03-21,2023-24,regular_season,home,False,1610612742,DAL,Mavericks,240:00,113,16,Dallas,mavericks,43,86,0.5,10,32,0.313,17,28,0.607,11,32,43,33,12,3,13,20,1610612742,DAL,Dallas Mavericks,1610612762,UTA,Utah Jazz
0022301008,2024-03-21,2023-24,regular_season,road,False,1610612762,UTA,Jazz,240:00,97,-16,Utah,jazz,38,83,0.458,4,30,0.133,17,19,0.895,5,33,38,29,6,3,18,23,1610612742,DAL,Dallas Mavericks,1610612762,UTA,Utah Jazz
0022301009,2024-03-21,2023-24,regular_season,home,False,1610612743,DEN,Nuggets,240:00,113,13,Denver,nuggets,45,84,0.536,6,20,0.3,17,20,0.85,9,33,42,31,5,4,9,14,1610612743,DEN,Denver Nuggets,1610612752,NYK,New York Knicks
0022301009,2024-03-21,2023-24,regular_season,road,False,1610612752,NYK,Knicks,240:00,100,-13,New York,knicks,38,79,0.481,11,31,0.355,13,17,0.765,4,27,31,28,6,6,9,18,1610612743,DEN,Denver Nuggets,1610612752,NYK,New York Knicks
0022301010,2024-03-21,2023-24,regular_season,home,False,1610612756,PHX,Suns,240:00,128,13,Phoenix,suns,41,74,0.554,22,41,0.537,24,27,0.889,7,31,38,28,4,11,17,19,1610612756,PHX,Phoenix Suns,1610612737,ATL,Atlanta Hawks
0022301010,2024-03-21,2023-24,regular_season,road,False,1610612737,ATL,Hawks,240:00,115,-13,Atlanta,hawks,40,91,0.44,12,35,0.343,23,29,0.793,12,24,36,27,11,3,8,23,1610612756,PHX,Phoenix Suns,1610612737,ATL,Atlanta Hawks
0022301011,2024-03-22,2023-24,regular_season,home,False,1610612765,DET,Pistons,240:00,102,-27,Detroit,pistons,42,83,0.506,9,31,0.29,9,13,0.692,8,34,42,25,4,1,18,23,1610612765,DET,Detroit Pistons,1610612738,BOS,Boston Celtics
0022301011,2024-03-22,2023-24,regular_season,road,False,1610612738,BOS,Celtics,240:00,129,27,Boston,celtics,47,89,0.528,16,45,0.356,19,27,0.704,8,27,35,31,9,5,7,15,1610612765,DET,Detroit Pistons,1610612738,BOS,Boston Celtics
0022301012,2024-03-22,2023-24,regular_season,home,False,1610612761,TOR,Raptors,240:00,103,-20,Toronto,raptors,40,76,0.526,11,30,0.367,12,17,0.706,5,31,36,34,12,3,27,18,1610612761,TOR,Toronto Raptors,1610612760,OKC,Oklahoma City Thunder
0022301012,2024-03-22,2023-24,regular_season,road,False,1610612760,OKC,Thunder,240:00,123,20,Oklahoma City,thunder,48,95,0.505,12,32,0.375,15,19,0.789,13,33,46,27,17,5,15,20,1610612761,TOR,Toronto Raptors,1610612760,OKC,Oklahoma City Thunder
0022301013,2024-03-22,2023-24,regular_season,home,False,1610612748,MIA,Heat,240:00,88,-23,Miami,heat,31,86,0.36,13,47,0.277,13,15,0.867,7,27,34,22,3,4,4,9,1610612748,MIA,Miami Heat,1610612740,NOP,New Orleans Pelicans
0022301013,2024-03-22,2023-24,regular_season,road,False,1610612740,NOP,Pelicans,240:00,111,23,New Orleans,pelicans,42,82,0.512,18,36,0.5,9,12,0.75,12,44,56,25,3,2,12,13,1610612748,MIA,Miami Heat,1610612740,NOP,New Orleans Pelicans
0022301014,2024-03-22,2023-24,regular_season,home,False,1610612750,MIN,Timberwolves,240:00,104,13,Minnesota,timberwolves,41,85,0.482,14,27,0.519,8,16,0.5,13,33,46,27,9,5,11,12,1610612750,MIN,Minnesota Timberwolves,1610612739,CLE,Cleveland Cavaliers
0022301014,2024-03-22,2023-24,regular_season,road,False,1610612739,CLE,Cavaliers,240:00,91,-13,Cleveland,cavaliers,34,81,0.42,7,29,0.241,16,19,0.842,10,31,41,22,6,5,12,14,1610612750,MIN,Minnesota Timberwolves,1610612739,CLE,Cleveland Cavaliers
0022301015,2024-03-22,2023-24,regular_season,home,False,1610612759,SAS,Spurs,240:00,97,-2,San Antonio,spurs,37,95,0.389,7,38,0.184,16,23,0.696,15,41,56,24,12,7,16,23,1610612759,SAS,San Antonio Spurs,1610612763,MEM,Memphis Grizzlies
0022301015,2024-03-22,2023-24,regular_season,road,False,1610612763,MEM,Grizzlies,240:00,99,2,Memphis,grizzlies,33,82,0.402,12,34,0.353,21,31,0.677,9,42,51,18,10,4,17,17,1610612759,SAS,San Antonio Spurs,1610612763,MEM,Memphis Grizzlies
0022301016,2024-03-22,2023-24,regular_season,home,False,1610612744,GSW,Warriors,240:00,111,-12,Golden State,warriors,43,106,0.406,14,48,0.292,11,16,0.688,24,40,64,24,6,6,14,15,1610612744,GSW,Golden State Warriors,1610612754,IND,Indiana Pacers
0022301016,2024-03-22,2023-24,regular_season,road,False,1610612754,IND,Pacers,240:00,123,12,Indiana,pacers,48,99,0.485,15,36,0.417,12,16,0.75,12,38,50,32,8,10,11,14,1610612744,GSW,Golden State Warriors,1610612754,IND,Indiana Pacers
0022301017,2024-03-22,2023-24,regular_season,home,False,1610612757,POR,Trail Blazers,240:00,117,-8,Portland,blazers,45,93,0.484,12,33,0.364,15,25,0.6,15,26,41,29,11,1,10,19,1610612757,POR,Portland Trail Blazers,1610612746,LAC,LA Clippers
0022301017,2024-03-22,2023-24,regular_season,road,False,1610612746,LAC,Clippers,240:00,125,8,LA,clippers,44,77,0.571,14,33,0.424,23,27,0.852,7,33,40,26,8,8,17,21,1610612757,POR,Portland Trail Blazers,1610612746,LAC,LA Clippers
0022301018,2024-03-22,2023-24,regular_season,home,False,1610612747,LAL,Lakers,240:00,101,7,Los Angeles,lakers,32,73,0.438,12,31,0.387,25,33,0.758,11,43,54,22,1,7,21,16,1610612747,LAL,Los Angeles Lakers,1610612755,PHI,Philadelphia 76ers
0022301018,2024-03-22,2023-24,regular_season,road,False,1610612755,PHI,76ers,240:00,94,-7,Philadelphia,sixers,33,96,0.344,8,37,0.216,20,24,0.833,13,29,42,20,13,7,8,23,1610612747,LAL,Los Angeles Lakers,1610612755,PHI,Philadelphia 76ers
0022301019,2024-03-23,2023-24,regular_season,home,False,1610612752,NYK,Knicks,240:00,105,12,New York,knicks,42,97,0.433,15,40,0.375,6,12,0.5,16,31,47,25,10,4,9,15,1610612752,NYK,New York Knicks,1610612751,BKN,Brooklyn Nets
0022301019,2024-03-23,2023-24,regular_season,road,False,1610612751,BKN,Nets,240:00,93,-12,Brooklyn,nets,34,76,0.447,12,34,0.353,13,15,0.867,8,33,41,26,5,6,15,15,1610612752,NYK,New York Knicks,1610612751,BKN,Brooklyn Nets
0022301020,2024-03-23,2023-24,regular_season,home,False,1610612753,ORL,Magic,240:00,107,-2,Orlando,magic,42,88,0.477,10,35,0.286,13,18,0.722,12,37,49,27,5,3,13,20,1610612753,ORL,Orlando Magic,1610612758,SAC,Sacramento Kings
0022301020,2024-03-23,2023-24,regular_season,road,False,1610612758,SAC,Kings,240:00,109,2,Sacramento,kings,38,87,0.437,15,40,0.375,18,21,0.857,6,36,42,26,6,5,7,19,1610612753,ORL,Orlando Magic,1610612758,SAC,Sacramento Kings
0022301021,2024-03-23,2023-24,regular_season,home,False,1610612737,ATL,Hawks,240:00,132,41,Atlanta,hawks,50,90,0.556,20,42,0.476,12,14,0.857,11,32,43,40,9,5,8,14,1610612737,ATL,Atlanta Hawks,1610612766,CHA,Charlotte Hornets
0022301021,2024-03-23,2023-24,regular_season,road,False,1610612766,CHA,Hornets,240:00,91,-41,Charlotte,hornets,35,84,0.417,11,39,0.282,10,14,0.714,11,28,39,25,3,4,13,9,1610612737,ATL,Atlanta Hawks,1610612766,CHA,Charlotte Hornets
0022301022,2024-03-23,2023-24,regular_season,home,False,1610612764,WAS,Wizards,240:00,112,3,Washington,wizards,44,92,0.478,11,35,0.314,13,19,0.684,16,39,55,28,7,8,17,18,1610612764,WAS,Washington Wizards,1610612761,TOR,Toronto Raptors
0022301022,2024-03-23,2023-24,regular_season,road,False,1610612761,TOR,Raptors,240:00,109,-3,Toronto,raptors,40,94,0.426,8,33,0.242,21,26,0.808,13,29,42,27,9,7,12,20,1610612764,WAS,Washington Wizards,1610612761,TOR,Toronto Raptors
0022301023,2024-03-23,2023-24,regular_season,home,False,1610612741,CHI,Bulls,240:00,113,-11,Chicago,bulls,47,82,0.573,9,24,0.375,10,11,0.909,3,26,29,36,7,3,7,18,1610612741,CHI,Chicago Bulls,1610612738,BOS,Boston Celtics
0022301023,2024-03-23,2023-24,regular_season,road,False,1610612738,BOS,Celtics,240:00,124,11,Boston,celtics,44,86,0.512,21,48,0.438,15,17,0.882,12,29,41,28,5,3,12,9,1610612741,CHI,Chicago Bulls,1610612738,BOS,Boston Celtics
0022301024,2024-03-23,2023-24,regular_season,home,False,1610612745,HOU,Rockets,240:00,147,28,Houston,rockets,54,97,0.557,27,49,0.551,12,14,0.857,12,32,44,31,7,3,9,26,1610612745,HOU,Houston Rockets,1610612762,UTA,Utah Jazz
0022301024,2024-03-23,2023-24,regular_season,road,False,1610612762,UTA,Jazz,240:00,119,-28,Utah,jazz,40,89,0.449,11,37,0.297,28,33,0.848,12,28,40,24,2,4,10,11,1610612745,HOU,Houston Rockets,1610612762,UTA,Utah Jazz
0022301025,2024-03-23,2023-24,regular_season,home,False,1610612759,SAS,Spurs,240:00,106,-25,San Antonio,spurs,40,85,0.471,9,33,0.273,17,21,0.81,8,26,34,27,6,6,15,9,1610612759,SAS,San Antonio Spurs,1610612756,PHX,Phoenix Suns
0022301025,2024-03-23,2023-24,regular_season,road,False,1610612756,PHX,Suns,240:00,131,25,Phoenix,suns,56,94,0.596,11,24,0.458,8,10,0.8,7,32,39,38,11,5,8,18,1610612759,SAS,San Antonio Spurs,1610612756,PHX,Phoenix Suns
0022301026,2024-03-23,2023-24,regular_season,home,False,1610612757,POR,Trail Blazers,240:00,111,-3,Portland,blazers,43,93,0.462,10,28,0.357,15,17,0.882,14,31,45,27,8,8,15,24,1610612757,POR,Portland Trail Blazers,1610612743,DEN,Denver Nuggets
0022301026,2024-03-23,2023-24,regular_season,road,False,1610612743,DEN,Nuggets,240:00,114,3,Denver,nuggets,41,91,0.451,8,24,0.333,24,33,0.727,19,30,49,25,8,9,13,17,1610612757,POR,Portland Trail Blazers,1610612743,DEN,Denver Nuggets
0022301027,2024-03-24,2023-24,regular_season,home,False,1610612765,DET,Pistons,240:00,101,-13,Detroit,pistons,32,79,0.405,11,41,0.268,26,32,0.813,10,36,46,20,4,5,16,25,1610612765,DET,Detroit Pistons,1610612740,NOP,New Orleans Pelicans
0022301027,2024-03-24,2023-24,regular_season,road,False,1610612740,NOP,Pelicans,240:00,114,13,New Orleans,pelicans,41,81,0.506,11,34,0.324,21,31,0.677,6,35,41,27,8,7,10,22,1610612765,DET,Detroit Pistons,1610612740,NOP,New Orleans Pelicans
0022301028,2024-03-24,2023-24,regular_season,home,False,1610612746,LAC,Clippers,240:00,107,-14,LA,clippers,40,83,0.482,10,28,0.357,17,18,0.944,10,27,37,27,2,9,13,11,1610612746,LAC,LA Clippers,1610612755,PHI,Philadelphia 76ers
0022301028,2024-03-24,2023-24,regular_season,road,False,1610612755,PHI,76ers,240:00,121,14,Philadelphia,sixers,48,90,0.533,18,37,0.486,7,9,0.778,12,25,37,32,7,10,8,18,1610612746,LAC,LA Clippers,1610612755,PHI,Philadelphia 76ers
0022301029,2024-03-24,2023-24,regular_season,home,False,1610612748,MIA,Heat,240:00,121,37,Miami,heat,43,83,0.518,15,38,0.395,20,23,0.87,9,35,44,29,13,0,9,17,1610612748,MIA,Miami Heat,1610612739,CLE,Cleveland Cavaliers
0022301029,2024-03-24,2023-24,regular_season,road,False,1610612739,CLE,Cavaliers,240:00,84,-37,Cleveland,cavaliers,30,72,0.417,9,29,0.31,15,20,0.75,4,26,30,24,3,3,17,16,1610612748,MIA,Miami Heat,1610612739,CLE,Cleveland Cavaliers
0022301030,2024-03-24,2023-24,regular_season,home,False,1610612749,MIL,Bucks,240:00,118,25,Milwaukee,bucks,49,92,0.533,11,34,0.324,9,14,0.643,15,42,57,33,7,5,16,21,1610612749,MIL,Milwaukee Bucks,1610612760,OKC,Oklahoma City Thunder
0022301030,2024-03-24,2023-24,regular_season,road,False,1610612760,OKC,Thunder,240:00,93,-25,Oklahoma City,thunder,33,89,0.371,10,43,0.233,17,22,0.773,10,27,37,20,9,1,12,16,1610612749,MIL,Milwaukee Bucks,1610612760,OKC,Oklahoma City Thunder
0022301031,2024-03-24,2023-24,regular_season,home,False,1610612750,MIN,Timberwolves,240:00,114,4,Minnesota,timberwolves,40,84,0.476,21,40,0.525,13,18,0.722,7,37,44,30,9,5,15,17,1610612750,MIN,Minnesota Timberwolves,1610612744,GSW,Golden State Warriors
0022301031,2024-03-24,2023-24,regular_season,road,False,1610612744,GSW,Warriors,240:00,110,-4,Golden State,warriors,38,85,0.447,14,36,0.389,20,26,0.769,7,34,41,23,8,3,12,19,1610612750,MIN,Minnesota Timberwolves,1610612744,GSW,Golden State Warriors
0022301032,2024-03-24,2023-24,regular_season,home,False,1610612747,LAL,Lakers,240:00,150,5,Los Angeles,lakers,50,89,0.562,12,25,0.48,38,43,0.884,8,33,41,28,6,7,10,14,1610612747,LAL,Los Angeles Lakers,1610612754,IND,Indiana Pacers
0022301032,2024-03-24,2023-24,regular_season,road,False,1610612754,IND,Pacers,240:00,145,-5,Indiana,pacers,59,107,0.551,18,36,0.5,9,16,0.563,10,30,40,39,6,4,11,31,1610612747,LAL,Los Angeles Lakers,1610612754,IND,Indiana Pacers
0022301033,2024-03-25,2023-24,regular_season,home,False,1610612739,CLE,Cavaliers,240:00,115,23,Cleveland,cavaliers,46,86,0.535,17,41,0.415,6,10,0.6,9,38,47,41,4,3,12,15,1610612739,CLE,Cleveland Cavaliers,1610612766,CHA,Charlotte Hornets
0022301033,2024-03-25,2023-24,regular_season,road,False,1610612766,CHA,Hornets,240:00,92,-23,Charlotte,hornets,34,80,0.425,9,28,0.321,15,18,0.833,6,27,33,22,5,4,11,13,1610612739,CLE,Cleveland Cavaliers,1610612766,CHA,Charlotte Hornets
0022301034,2024-03-25,2023-24,regular_season,home,False,1610612737,ATL,Hawks,240:00,120,2,Atlanta,hawks,46,87,0.529,18,36,0.5,10,17,0.588,15,29,44,30,5,3,13,18,1610612737,ATL,Atlanta Hawks,1610612738,BOS,Boston Celtics
0022301034,2024-03-25,2023-24,regular_season,road,False,1610612738,BOS,Celtics,240:00,118,-2,Boston,celtics,47,95,0.495,11,38,0.289,13,19,0.684,12,26,38,21,7,8,7,16,1610612737,ATL,Atlanta Hawks,1610612738,BOS,Boston Celtics
0022301035,2024-03-25,2023-24,regular_season,home,False,1610612752,NYK,Knicks,240:00,124,25,New York,knicks,45,89,0.506,19,46,0.413,15,22,0.682,12,40,52,30,6,6,13,18,1610612752,NYK,New York Knicks,1610612765,DET,Detroit Pistons
0022301035,2024-03-25,2023-24,regular_season,road,False,1610612765,DET,Pistons,240:00,99,-25,Detroit,pistons,34,88,0.386,10,34,0.294,21,22,0.955,7,30,37,22,8,5,12,22,1610612752,NYK,New York Knicks,1610612765,DET,Detroit Pistons
0022301036,2024-03-25,2023-24,regular_season,home,False,1610612761,TOR,Raptors,240:00,88,-8,Toronto,raptors,37,85,0.435,5,27,0.185,9,12,0.75,8,22,30,23,10,2,10,15,1610612761,TOR,Toronto Raptors,1610612751,BKN,Brooklyn Nets
0022301036,2024-03-25,2023-24,regular_season,road,False,1610612751,BKN,Nets,240:00,96,8,Brooklyn,nets,37,81,0.457,9,39,0.231,13,18,0.722,16,34,50,20,3,4,18,16,1610612761,TOR,Toronto Raptors,1610612751,BKN,Brooklyn Nets
0022301037,2024-03-25,2023-24,regular_season,home,False,1610612741,CHI,Bulls,240:00,105,-2,Chicago,bulls,36,87,0.414,10,35,0.286,23,28,0.821,9,37,46,27,9,8,11,14,1610612741,CHI,Chicago Bulls,1610612764,WAS,Washington Wizards
0022301037,2024-03-25,2023-24,regular_season,road,False,1610612764,WAS,Wizards,240:00,107,2,Washington,wizards,39,97,0.402,14,49,0.286,15,18,0.833,14,38,52,32,8,5,13,21,1610612741,CHI,Chicago Bulls,1610612764,WAS,Washington Wizards
0022301038,2024-03-25,2023-24,regular_season,home,False,1610612745,HOU,Rockets,240:00,110,18,Houston,rockets,37,93,0.398,12,39,0.308,24,25,0.96,13,32,45,19,7,7,8,16,1610612745,HOU,Houston Rockets,1610612757,POR,Portland Trail Blazers
0022301038,2024-03-25,2023-24,regular_season,road,False,1610612757,POR,Trail Blazers,240:00,92,-18,Portland,blazers,36,87,0.414,7,33,0.212,13,15,0.867,10,34,44,14,5,6,16,25,1610612745,HOU,Houston Rockets,1610612757,POR,Portland Trail Blazers
0022301039,2024-03-25,2023-24,regular_season,home,False,1610612759,SAS,Spurs,240:00,104,2,San Antonio,spurs,40,91,0.44,8,31,0.258,16,19,0.842,5,35,40,23,10,1,7,15,1610612759,SAS,San Antonio Spurs,1610612756,PHX,Phoenix Suns
0022301039,2024-03-25,2023-24,regular_season,road,False,1610612756,PHX,Suns,240:00,102,-2,Phoenix,suns,42,83,0.506,10,28,0.357,8,14,0.571,5,42,47,28,5,7,14,14,1610612759,SAS,San Antonio Spurs,1610612756,PHX,Phoenix Suns
0022301040,2024-03-25,2023-24,regular_season,home,False,1610612743,DEN,Nuggets,240:00,128,25,Denver,nuggets,48,90,0.533,15,32,0.469,17,18,0.944,15,35,50,38,10,7,15,23,1610612743,DEN,Denver Nuggets,1610612763,MEM,Memphis Grizzlies
0022301040,2024-03-25,2023-24,regular_season,road,False,1610612763,MEM,Grizzlies,240:00,103,-25,Memphis,grizzlies,37,94,0.394,11,44,0.25,18,27,0.667,17,23,40,25,9,9,14,15,1610612743,DEN,Denver Nuggets,1610612763,MEM,Memphis Grizzlies
0022301041,2024-03-25,2023-24,regular_season,home,False,1610612762,UTA,Jazz,240:00,105,-10,Utah,jazz,37,87,0.425,13,39,0.333,18,22,0.818,11,35,46,28,6,3,12,15,1610612762,UTA,Utah Jazz,1610612742,DAL,Dallas Mavericks
0022301041,2024-03-25,2023-24,regular_season,road,False,1610612742,DAL,Mavericks,240:00,115,10,Dallas,mavericks,44,92,0.478,12,42,0.286,15,18,0.833,10,37,47,31,9,7,6,17,1610612762,UTA,Utah Jazz,1610612742,DAL,Dallas Mavericks
0022301042,2024-03-25,2023-24,regular_season,home,False,1610612758,SAC,Kings,240:00,108,12,Sacramento,kings,38,86,0.442,10,38,0.263,22,28,0.786,11,29,40,25,6,6,7,18,1610612758,SAC,Sacramento Kings,1610612755,PHI,Philadelphia 76ers
0022301042,2024-03-25,2023-24,regular_season,road,False,1610612755,PHI,76ers,240:00,96,-12,Philadelphia,sixers,34,82,0.415,11,34,0.324,17,20,0.85,15,32,47,18,2,4,15,25,1610612758,SAC,Sacramento Kings,1610612755,PHI,Philadelphia 76ers
0022301043,2024-03-25,2023-24,regular_season,home,False,1610612746,LAC,Clippers,240:00,116,-17,LA,clippers,46,85,0.541,6,20,0.3,18,22,0.818,11,25,36,26,4,4,8,19,1610612746,LAC,LA Clippers,1610612754,IND,Indiana Pacers
0022301043,2024-03-25,2023-24,regular_season,road,False,1610612754,IND,Pacers,240:00,133,17,Indiana,pacers,50,86,0.581,17,28,0.607,16,22,0.727,7,27,34,28,7,3,8,21,1610612746,LAC,LA Clippers,1610612754,IND,Indiana Pacers
0022301044,2024-03-26,2023-24,regular_season,home,False,1610612748,MIA,Heat,240:00,92,-21,Miami,heat,37,92,0.402,8,33,0.242,10,13,0.769,11,28,39,24,3,2,8,9,1610612748,MIA,Miami Heat,1610612744,GSW,Golden State Warriors
0022301044,2024-03-26,2023-24,regular_season,road,False,1610612744,GSW,Warriors,240:00,113,21,Golden State,warriors,47,85,0.553,13,38,0.342,6,10,0.6,7,36,43,31,6,5,10,20,1610612748,MIA,Miami Heat,1610612744,GSW,Golden State Warriors
0022301045,2024-03-26,2023-24,regular_season,home,False,1610612749,MIL,Bucks,290:00,124,-4,Milwaukee,bucks,49,119,0.412,15,51,0.294,11,17,0.647,15,46,61,37,9,5,14,26,1610612749,MIL,Milwaukee Bucks,1610612747,LAL,Los Angeles Lakers
0022301045,2024-03-26,2023-24,regular_season,road,False,1610612747,LAL,Lakers,290:00,128,4,Los Angeles,lakers,42,108,0.389,14,44,0.318,30,32,0.938,15,54,69,30,4,8,17,13,1610612749,MIL,Milwaukee Bucks,1610612747,LAL,Los Angeles Lakers
0022301046,2024-03-26,2023-24,regular_season,home,False,1610612740,NOP,Pelicans,240:00,112,-7,New Orleans,pelicans,39,86,0.453,14,38,0.368,20,23,0.87,5,32,37,26,7,2,9,18,1610612740,NOP,New Orleans Pelicans,1610612760,OKC,Oklahoma City Thunder
0022301046,2024-03-26,2023-24,regular_season,road,False,1610612760,OKC,Thunder,240:00,119,7,Oklahoma City,thunder,46,86,0.535,15,34,0.441,12,14,0.857,7,38,45,28,5,3,12,17,1610612740,NOP,New Orleans Pelicans,1610612760,OKC,Oklahoma City Thunder
0022301047,2024-03-26,2023-24,regular_season,home,False,1610612758,SAC,Kings,240:00,96,-36,Sacramento,kings,35,90,0.389,11,30,0.367,15,19,0.789,11,31,42,27,6,5,13,15,1610612758,SAC,Sacramento Kings,1610612742,DAL,Dallas Mavericks
0022301047,2024-03-26,2023-24,regular_season,road,False,1610612742,DAL,Mavericks,240:00,132,36,Dallas,mavericks,51,92,0.554,22,39,0.564,8,13,0.615,5,44,49,34,10,4,9,18,1610612758,SAC,Sacramento Kings,1610612742,DAL,Dallas Mavericks
0022301048,2024-03-27,2023-24,regular_season,home,False,1610612766,CHA,Hornets,240:00,118,7,Charlotte,hornets,44,76,0.579,13,33,0.394,17,22,0.773,8,30,38,30,8,2,15,14,1610612766,CHA,Charlotte Hornets,1610612739,CLE,Cleveland Cavaliers
0022301048,2024-03-27,2023-24,regular_season,road,False,1610612739,CLE,Cavaliers,240:00,111,-7,Cleveland,cavaliers,42,85,0.494,19,44,0.432,8,14,0.571,9,23,32,33,7,1,13,21,1610612766,CHA,Charlotte Hornets,1610612739,CLE,Cleveland Cavaliers
0022301049,2024-03-27,2023-24,regular_season,home,False,1610612753,ORL,Magic,240:00,93,-8,Orlando,magic,36,85,0.424,10,32,0.313,11,21,0.524,10,29,39,25,10,5,10,13,1610612753,ORL,Orlando Magic,1610612744,GSW,Golden State Warriors
0022301049,2024-03-27,2023-24,regular_season,road,False,1610612744,GSW,Warriors,240:00,101,8,Golden State,warriors,40,90,0.444,10,34,0.294,11,13,0.846,12,40,52,26,5,5,12,18,1610612753,ORL,Orlando Magic,1610612744,GSW,Golden State Warriors
0022301050,2024-03-27,2023-24,regular_season,home,False,1610612764,WAS,Wizards,265:00,119,-3,Washington,wizards,46,91,0.505,14,34,0.412,13,17,0.765,5,39,44,26,4,4,13,21,1610612764,WAS,Washington Wizards,1610612751,BKN,Brooklyn Nets
0022301050,2024-03-27,2023-24,regular_season,road,False,1610612751,BKN,Nets,265:00,122,3,Brooklyn,nets,47,98,0.48,10,33,0.303,18,23,0.783,10,35,45,24,8,9,8,16,1610612764,WAS,Washington Wizards,1610612751,BKN,Brooklyn Nets
0022301051,2024-03-27,2023-24,regular_season,home,False,1610612737,ATL,Hawks,240:00,120,14,Atlanta,hawks,44,85,0.518,16,41,0.39,16,20,0.8,8,33,41,23,12,9,16,17,1610612737,ATL,Atlanta Hawks,1610612757,POR,Portland Trail Blazers
0022301051,2024-03-27,2023-24,regular_season,road,False,1610612757,POR,Trail Blazers,240:00,106,-14,Portland,blazers,43,85,0.506,14,31,0.452,6,10,0.6,6,27,33,35,8,2,18,18,1610612737,ATL,Atlanta Hawks,1610612757,POR,Portland Trail Blazers
0022301052,2024-03-27,2023-24,regular_season,home,False,1610612755,PHI,76ers,240:00,107,-1,Philadelphia,sixers,39,82,0.476,13,33,0.394,16,19,0.842,10,41,51,17,3,11,12,18,1610612755,PHI,Philadelphia 76ers,1610612746,LAC,LA Clippers
0022301052,2024-03-27,2023-24,regular_season,road,False,1610612746,LAC,Clippers,240:00,108,1,LA,clippers,40,90,0.444,14,36,0.389,14,20,0.7,11,32,43,28,8,5,6,16,1610612755,PHI,Philadelphia 76ers,1610612746,LAC,LA Clippers
0022301053,2024-03-27,2023-24,regular_season,home,False,1610612761,TOR,Raptors,240:00,101,-44,Toronto,raptors,39,84,0.464,11,31,0.355,12,13,0.923,11,17,28,31,7,4,18,17,1610612761,TOR,Toronto Raptors,1610612752,NYK,New York Knicks
0022301053,2024-03-27,2023-24,regular_season,road,False,1610612752,NYK,Knicks,240:00,145,44,New York,knicks,55,94,0.585,22,44,0.5,13,16,0.813,15,27,42,37,7,8,11,17,1610612761,TOR,Toronto Raptors,1610612752,NYK,New York Knicks
0022301054,2024-03-27,2023-24,regular_season,home,False,1610612741,CHI,Bulls,240:00,125,26,Chicago,bulls,49,98,0.5,12,27,0.444,15,18,0.833,13,41,54,28,7,5,7,19,1610612741,CHI,Chicago Bulls,1610612754,IND,Indiana Pacers
0022301054,2024-03-27,2023-24,regular_season,road,False,1610612754,IND,Pacers,240:00,99,-26,Indiana,pacers,34,85,0.4,13,42,0.31,18,23,0.783,12,28,40,25,3,4,13,23,1610612741,CHI,Chicago Bulls,1610612754,IND,Indiana Pacers
0022301055,2024-03-27,2023-24,regular_season,home,False,1610612763,MEM,Grizzlies,240:00,124,-12,Memphis,grizzlies,46,97,0.474,17,43,0.395,15,19,0.789,13,26,39,30,10,3,14,23,1610612763,MEM,Memphis Grizzlies,1610612747,LAL,Los Angeles Lakers
0022301055,2024-03-27,2023-24,regular_season,road,False,1610612747,LAL,Lakers,240:00,136,12,Los Angeles,lakers,45,81,0.556,18,33,0.545,28,35,0.8,4,39,43,31,5,4,15,19,1610612763,MEM,Memphis Grizzlies,1610612747,LAL,Los Angeles Lakers
0022301056,2024-03-27,2023-24,regular_season,home,False,1610612750,MIN,Timberwolves,240:00,106,15,Minnesota,timberwolves,42,82,0.512,11,36,0.306,11,16,0.688,9,31,40,28,8,3,12,17,1610612750,MIN,Minnesota Timberwolves,1610612765,DET,Detroit Pistons
0022301056,2024-03-27,2023-24,regular_season,road,False,1610612765,DET,Pistons,240:00,91,-15,Detroit,pistons,31,81,0.383,9,32,0.281,20,25,0.8,10,31,41,15,9,1,12,14,1610612750,MIN,Minnesota Timberwolves,1610612765,DET,Detroit Pistons
0022301057,2024-03-27,2023-24,regular_season,home,False,1610612760,OKC,Thunder,265:00,126,-6,Oklahoma City,thunder,47,96,0.49,14,38,0.368,18,24,0.75,13,36,49,26,7,7,19,24,1610612760,OKC,Oklahoma City Thunder,1610612745,HOU,Houston Rockets
0022301057,2024-03-27,2023-24,regular_season,road,False,1610612745,HOU,Rockets,265:00,132,6,Houston,rockets,50,104,0.481,15,43,0.349,17,23,0.739,16,34,50,25,10,3,16,24,1610612760,OKC,Oklahoma City Thunder,1610612745,HOU,Houston Rockets
0022301058,2024-03-27,2023-24,regular_season,home,False,1610612762,UTA,Jazz,240:00,111,-7,Utah,jazz,39,83,0.47,13,35,0.371,20,22,0.909,6,30,36,25,8,4,21,16,1610612762,UTA,Utah Jazz,1610612759,SAS,San Antonio Spurs
0022301058,2024-03-27,2023-24,regular_season,road,False,1610612759,SAS,Spurs,240:00,118,7,San Antonio,spurs,44,86,0.512,16,33,0.485,14,21,0.667,9,32,41,40,9,7,21,21,1610612762,UTA,Utah Jazz,1610612759,SAS,San Antonio Spurs
0022301059,2024-03-27,2023-24,regular_season,home,False,1610612743,DEN,Nuggets,240:00,97,-7,Denver,nuggets,38,88,0.432,10,40,0.25,11,12,0.917,9,29,38,24,9,4,8,13,1610612743,DEN,Denver Nuggets,1610612756,PHX,Phoenix Suns
0022301059,2024-03-27,2023-24,regular_season,road,False,1610612756,PHX,Suns,240:00,104,7,Phoenix,suns,39,83,0.47,16,33,0.485,10,11,0.909,12,39,51,29,3,7,16,13,1610612743,DEN,Denver Nuggets,1610612756,PHX,Phoenix Suns
0022301060,2024-03-28,2023-24,regular_season,home,False,1610612737,ATL,Hawks,265:00,123,1,Atlanta,hawks,51,104,0.49,15,44,0.341,6,10,0.6,17,36,53,24,5,5,11,17,1610612737,ATL,Atlanta Hawks,1610612738,BOS,Boston Celtics
0022301060,2024-03-28,2023-24,regular_season,road,False,1610612738,BOS,Celtics,265:00,122,-1,Boston,celtics,45,94,0.479,14,36,0.389,18,21,0.857,9,34,43,28,7,6,12,15,1610612737,ATL,Atlanta Hawks,1610612738,BOS,Boston Celtics
0022301061,2024-03-28,2023-24,regular_season,home,False,1610612740,NOP,Pelicans,240:00,107,7,New Orleans,pelicans,36,91,0.396,8,32,0.25,27,34,0.794,11,37,48,22,11,5,6,19,1610612740,NOP,New Orleans Pelicans,1610612749,MIL,Milwaukee Bucks
0022301061,2024-03-28,2023-24,regular_season,road,False,1610612749,MIL,Bucks,240:00,100,-7,Milwaukee,bucks,38,82,0.463,14,39,0.359,10,19,0.526,5,41,46,21,1,4,14,25,1610612740,NOP,New Orleans Pelicans,1610612749,MIL,Milwaukee Bucks
0022301062,2024-03-29,2023-24,regular_season,home,False,1610612766,CHA,Hornets,240:00,97,-18,Charlotte,hornets,34,84,0.405,12,46,0.261,17,24,0.708,12,29,41,23,4,2,11,10,1610612766,CHA,Charlotte Hornets,1610612744,GSW,Golden State Warriors
0022301062,2024-03-29,2023-24,regular_season,road,False,1610612744,GSW,Warriors,240:00,115,18,Golden State,warriors,48,89,0.539,11,32,0.344,8,9,0.889,11,39,50,35,7,5,12,19,1610612766,CHA,Charlotte Hornets,1610612744,GSW,Golden State Warriors
0022301063,2024-03-29,2023-24,regular_season,home,False,1610612754,IND,Pacers,240:00,109,19,Indiana,pacers,43,89,0.483,10,31,0.323,13,14,0.929,6,40,46,27,8,6,8,14,1610612754,IND,Indiana Pacers,1610612747,LAL,Los Angeles Lakers
0022301063,2024-03-29,2023-24,regular_season,road,False,1610612747,LAL,Lakers,240:00,90,-19,Los Angeles,lakers,35,86,0.407,5,30,0.167,15,18,0.833,10,38,48,24,3,3,16,14,1610612754,IND,Indiana Pacers,1610612747,LAL,Los Angeles Lakers
0022301064,2024-03-29,2023-24,regular_season,home,False,1610612753,ORL,Magic,240:00,97,-3,Orlando,magic,38,86,0.442,10,29,0.345,11,15,0.733,13,25,38,20,10,8,14,11,1610612753,ORL,Orlando Magic,1610612746,LAC,LA Clippers
0022301064,2024-03-29,2023-24,regular_season,road,False,1610612746,LAC,Clippers,240:00,100,3,LA,clippers,41,85,0.482,8,24,0.333,10,12,0.833,12,29,41,19,11,4,16,17,1610612753,ORL,Orlando Magic,1610612746,LAC,LA Clippers
0022301065,2024-03-29,2023-24,regular_season,home,False,1610612764,WAS,Wizards,240:00,87,-9,Washington,wizards,36,88,0.409,9,33,0.273,6,8,0.75,9,38,47,22,2,4,18,18,1610612764,WAS,Washington Wizards,1610612765,DET,Detroit Pistons
0022301065,2024-03-29,2023-24,regular_season,road,False,1610612765,DET,Pistons,240:00,96,9,Detroit,pistons,37,89,0.416,6,24,0.25,16,20,0.8,8,39,47,19,9,5,13,18,1610612764,WAS,Washington Wizards,1610612765,DET,Detroit Pistons
0022301066,2024-03-29,2023-24,regular_season,home,False,1610612751,BKN,Nets,240:00,125,17,Brooklyn,nets,43,91,0.473,25,44,0.568,14,22,0.636,12,31,43,26,9,3,6,22,1610612751,BKN,Brooklyn Nets,1610612741,CHI,Chicago Bulls
0022301066,2024-03-29,2023-24,regular_season,road,False,1610612741,CHI,Bulls,240:00,108,-17,Chicago,bulls,38,75,0.507,9,30,0.3,23,29,0.793,5,39,44,24,3,6,12,18,1610612751,BKN,Brooklyn Nets,1610612741,CHI,Chicago Bulls
0022301067,2024-03-29,2023-24,regular_season,home,False,1610612739,CLE,Cavaliers,240:00,117,3,Cleveland,cavaliers,45,82,0.549,16,37,0.432,11,13,0.846,5,32,37,34,4,3,13,17,1610612739,CLE,Cleveland Cavaliers,1610612755,PHI,Philadelphia 76ers
0022301067,2024-03-29,2023-24,regular_season,road,False,1610612755,PHI,76ers,240:00,114,-3,Philadelphia,sixers,42,94,0.447,16,40,0.4,14,17,0.824,16,26,42,28,6,7,9,20,1610612739,CLE,Cleveland Cavaliers,1610612755,PHI,Philadelphia 76ers
0022301068,2024-03-29,2023-24,regular_season,home,False,1610612748,MIA,Heat,240:00,142,60,Miami,heat,54,92,0.587,21,39,0.538,13,18,0.722,6,38,44,41,17,4,8,13,1610612748,MIA,Miami Heat,1610612757,POR,Portland Trail Blazers
0022301068,2024-03-29,2023-24,regular_season,road,False,1610612757,POR,Trail Blazers,240:00,82,-60,Portland,blazers,35,87,0.402,5,30,0.167,7,11,0.636,10,33,43,20,4,2,23,19,1610612748,MIA,Miami Heat,1610612757,POR,Portland Trail Blazers
0022301069,2024-03-29,2023-24,regular_season,home,False,1610612760,OKC,Thunder,240:00,128,25,Oklahoma City,thunder,49,87,0.563,16,30,0.533,14,14,1.0,7,31,38,33,7,7,10,13,1610612760,OKC,Oklahoma City Thunder,1610612756,PHX,Phoenix Suns
0022301069,2024-03-29,2023-24,regular_season,road,False,1610612756,PHX,Suns,240:00,103,-25,Phoenix,suns,39,87,0.448,13,41,0.317,12,15,0.8,13,26,39,26,6,6,14,15,1610612760,OKC,Oklahoma City Thunder,1610612756,PHX,Phoenix Suns
0022301070,2024-03-29,2023-24,regular_season,home,False,1610612759,SAS,Spurs,265:00,130,4,San Antonio,spurs,44,82,0.537,16,40,0.4,26,32,0.813,8,38,46,34,3,2,15,16,1610612759,SAS,San Antonio Spurs,1610612752,NYK,New York Knicks
0022301070,2024-03-29,2023-24,regular_season,road,False,1610612752,NYK,Knicks,265:00,126,-4,New York,knicks,51,110,0.464,14,37,0.378,10,12,0.833,18,32,50,24,10,1,11,24,1610612759,SAS,San Antonio Spurs,1610612752,NYK,New York Knicks
0022301071,2024-03-29,2023-24,regular_season,home,False,1610612743,DEN,Nuggets,240:00,98,-13,Denver,nuggets,35,88,0.398,8,28,0.286,20,27,0.741,13,33,46,29,6,1,12,24,1610612743,DEN,Denver Nuggets,1610612750,MIN,Minnesota Timberwolves
0022301071,2024-03-29,2023-24,regular_season,road,False,1610612750,MIN,Timberwolves,240:00,111,13,Minnesota,timberwolves,38,74,0.514,9,28,0.321,26,37,0.703,6,33,39,28,6,7,7,20,1610612743,DEN,Denver Nuggets,1610612750,MIN,Minnesota Timberwolves
0022301072,2024-03-29,2023-24,regular_season,home,False,1610612762,UTA,Jazz,240:00,100,-1,Utah,jazz,37,80,0.463,8,31,0.258,18,19,0.947,11,40,51,23,4,9,20,23,1610612762,UTA,Utah Jazz,1610612745,HOU,Houston Rockets
0022301072,2024-03-29,2023-24,regular_season,road,False,1610612745,HOU,Rockets,240:00,101,1,Houston,rockets,35,91,0.385,13,42,0.31,18,28,0.643,15,30,45,19,10,6,10,18,1610612762,UTA,Utah Jazz,1610612745,HOU,Houston Rockets
0022301073,2024-03-29,2023-24,regular_season,home,False,1610612758,SAC,Kings,240:00,103,-4,Sacramento,kings,40,92,0.435,15,32,0.469,8,12,0.667,10,35,45,24,9,1,10,22,1610612758,SAC,Sacramento Kings,1610612742,DAL,Dallas Mavericks
0022301073,2024-03-29,2023-24,regular_season,road,False,1610612742,DAL,Mavericks,240:00,107,4,Dallas,mavericks,35,74,0.473,15,35,0.429,22,33,0.667,6,36,42,24,4,6,10,12,1610612758,SAC,Sacramento Kings,1610612742,DAL,Dallas Mavericks
0022301074,2024-03-30,2023-24,regular_season,home,False,1610612740,NOP,Pelicans,240:00,92,-12,New Orleans,pelicans,34,86,0.395,13,35,0.371,11,18,0.611,10,31,41,22,9,3,9,12,1610612740,NOP,New Orleans Pelicans,1610612738,BOS,Boston Celtics
0022301074,2024-03-30,2023-24,regular_season,road,False,1610612738,BOS,Celtics,240:00,104,12,Boston,celtics,39,82,0.476,15,37,0.405,11,12,0.917,8,43,51,27,7,7,12,13,1610612740,NOP,New Orleans Pelicans,1610612738,BOS,Boston Celtics
0022301075,2024-03-30,2023-24,regular_season,home,False,1610612753,ORL,Magic,240:00,118,30,Orlando,magic,38,78,0.487,22,44,0.5,20,23,0.87,5,38,43,28,8,8,15,16,1610612753,ORL,Orlando Magic,1610612763,MEM,Memphis Grizzlies
0022301075,2024-03-30,2023-24,regular_season,road,False,1610612763,MEM,Grizzlies,240:00,88,-30,Memphis,grizzlies,31,86,0.36,12,36,0.333,14,17,0.824,13,32,45,25,11,7,19,19,1610612753,ORL,Orlando Magic,1610612763,MEM,Memphis Grizzlies
0022301076,2024-03-30,2023-24,regular_season,home,False,1610612737,ATL,Hawks,240:00,113,-9,Atlanta,hawks,42,92,0.457,14,35,0.4,15,18,0.833,9,30,39,24,5,3,11,26,1610612737,ATL,Atlanta Hawks,1610612749,MIL,Milwaukee Bucks
0022301076,2024-03-30,2023-24,regular_season,road,False,1610612749,MIL,Bucks,240:00,122,9,Milwaukee,bucks,43,78,0.551,8,28,0.286,28,35,0.8,6,34,40,27,7,5,10,18,1610612737,ATL,Atlanta Hawks,1610612749,MIL,Milwaukee Bucks
0022301077,2024-03-31,2023-24,regular_season,home,False,1610612743,DEN,Nuggets,240:00,130,29,Denver,nuggets,50,87,0.575,21,33,0.636,9,13,0.692,11,40,51,36,7,4,16,19,1610612743,DEN,Denver Nuggets,1610612739,CLE,Cleveland Cavaliers
0022301077,2024-03-31,2023-24,regular_season,road,False,1610612739,CLE,Cavaliers,240:00,101,-29,Cleveland,cavaliers,38,82,0.463,8,25,0.32,17,21,0.81,6,22,28,26,10,4,15,12,1610612743,DEN,Denver Nuggets,1610612739,CLE,Cleveland Cavaliers
0022301078,2024-03-31,2023-24,regular_season,home,False,1610612751,BKN,Nets,240:00,104,-12,Brooklyn,nets,39,92,0.424,12,36,0.333,14,19,0.737,9,29,38,19,12,3,12,17,1610612751,BKN,Brooklyn Nets,1610612747,LAL,Los Angeles Lakers
0022301078,2024-03-31,2023-24,regular_season,road,False,1610612747,LAL,Lakers,240:00,116,12,Los Angeles,lakers,42,77,0.545,15,40,0.375,17,22,0.773,6,44,50,24,8,6,19,15,1610612751,BKN,Brooklyn Nets,1610612747,LAL,Los Angeles Lakers
0022301079,2024-03-31,2023-24,regular_season,home,False,1610612766,CHA,Hornets,240:00,118,-12,Charlotte,hornets,44,88,0.5,23,52,0.442,7,11,0.636,5,26,31,32,3,2,9,25,1610612766,CHA,Charlotte Hornets,1610612746,LAC,LA Clippers
0022301079,2024-03-31,2023-24,regular_season,road,False,1610612746,LAC,Clippers,240:00,130,12,LA,clippers,43,75,0.573,14,29,0.483,30,34,0.882,7,34,41,28,4,5,8,16,1610612766,CHA,Charlotte Hornets,1610612746,LAC,LA Clippers
0022301080,2024-03-31,2023-24,regular_season,home,False,1610612761,TOR,Raptors,240:00,120,-15,Toronto,raptors,47,90,0.522,11,30,0.367,15,20,0.75,7,23,30,31,10,2,12,14,1610612761,TOR,Toronto Raptors,1610612755,PHI,Philadelphia 76ers
0022301080,2024-03-31,2023-24,regular_season,road,False,1610612755,PHI,76ers,240:00,135,15,Philadelphia,sixers,49,83,0.59,24,43,0.558,13,16,0.813,9,30,39,28,6,10,15,17,1610612761,TOR,Toronto Raptors,1610612755,PHI,Philadelphia 76ers
0022301081,2024-03-31,2023-24,regular_season,home,False,1610612764,WAS,Wizards,240:00,107,-12,Washington,wizards,40,88,0.455,11,38,0.289,16,21,0.762,7,35,42,27,6,1,15,22,1610612764,WAS,Washington Wizards,1610612748,MIA,Miami Heat
0022301081,2024-03-31,2023-24,regular_season,road,False,1610612748,MIA,Heat,240:00,119,12,Miami,heat,40,81,0.494,14,36,0.389,25,29,0.862,6,36,42,22,11,8,13,19,1610612764,WAS,Washington Wizards,1610612748,MIA,Miami Heat
0022301082,2024-03-31,2023-24,regular_season,home,False,1610612752,NYK,Knicks,240:00,112,-1,New York,knicks,38,92,0.413,13,43,0.302,23,34,0.676,15,31,46,24,8,3,10,19,1610612752,NYK,New York Knicks,1610612760,OKC,Oklahoma City Thunder
0022301082,2024-03-31,2023-24,regular_season,road,False,1610612760,OKC,Thunder,240:00,113,1,Oklahoma City,thunder,44,82,0.537,13,34,0.382,12,24,0.5,9,34,43,29,6,8,12,23,1610612752,NYK,New York Knicks,1610612760,OKC,Oklahoma City Thunder
0022301083,2024-03-31,2023-24,regular_season,home,False,1610612745,HOU,Rockets,240:00,107,-18,Houston,rockets,39,92,0.424,13,38,0.342,16,19,0.842,12,31,43,22,9,3,10,14,1610612745,HOU,Houston Rockets,1610612742,DAL,Dallas Mavericks
0022301083,2024-03-31,2023-24,regular_season,road,False,1610612742,DAL,Mavericks,240:00,125,18,Dallas,mavericks,48,93,0.516,24,47,0.511,5,9,0.556,10,37,47,24,7,8,13,17,1610612745,HOU,Houston Rockets,1610612742,DAL,Dallas Mavericks
0022301084,2024-03-31,2023-24,regular_season,home,False,1610612750,MIN,Timberwolves,240:00,101,-8,Minnesota,timberwolves,38,81,0.469,11,37,0.297,14,21,0.667,8,29,37,28,12,5,13,10,1610612750,MIN,Minnesota Timberwolves,1610612741,CHI,Chicago Bulls
0022301084,2024-03-31,2023-24,regular_season,road,False,1610612741,CHI,Bulls,240:00,109,8,Chicago,bulls,42,80,0.525,17,29,0.586,8,12,0.667,8,35,43,30,11,3,16,18,1610612750,MIN,Minnesota Timberwolves,1610612741,CHI,Chicago Bulls
0022301085,2024-03-31,2023-24,regular_season,home,False,1610612759,SAS,Spurs,240:00,113,-4,San Antonio,spurs,40,89,0.449,17,43,0.395,16,18,0.889,16,29,45,31,7,5,19,12,1610612759,SAS,San Antonio Spurs,1610612744,GSW,Golden State Warriors
0022301085,2024-03-31,2023-24,regular_season,road,False,1610612744,GSW,Warriors,240:00,117,4,Golden State,warriors,45,92,0.489,16,39,0.41,11,13,0.846,12,29,41,34,15,3,15,14,1610612759,SAS,San Antonio Spurs,1610612744,GSW,Golden State Warriors
0022301086,2024-03-31,2023-24,regular_season,home,False,1610612758,SAC,Kings,240:00,127,21,Sacramento,kings,45,84,0.536,20,40,0.5,17,23,0.739,13,31,44,34,8,6,15,23,1610612758,SAC,Sacramento Kings,1610612762,UTA,Utah Jazz
0022301086,2024-03-31,2023-24,regular_season,road,False,1610612762,UTA,Jazz,240:00,106,-21,Utah,jazz,34,83,0.41,16,41,0.39,22,28,0.786,11,22,33,22,6,4,12,18,1610612758,SAC,Sacramento Kings,1610612762,UTA,Utah Jazz
0022301087,2024-04-01,2023-24,regular_season,home,False,1610612766,CHA,Hornets,240:00,104,-14,Charlotte,hornets,41,91,0.451,13,37,0.351,9,11,0.818,8,32,40,28,3,2,6,15,1610612766,CHA,Charlotte Hornets,1610612738,BOS,Boston Celtics
0022301087,2024-04-01,2023-24,regular_season,road,False,1610612738,BOS,Celtics,240:00,118,14,Boston,celtics,43,89,0.483,19,53,0.358,13,16,0.813,11,40,51,28,3,3,10,15,1610612766,CHA,Charlotte Hornets,1610612738,BOS,Boston Celtics
0022301088,2024-04-01,2023-24,regular_season,home,False,1610612765,DET,Pistons,240:00,108,-2,Detroit,pistons,40,79,0.506,11,28,0.393,17,22,0.773,9,32,41,22,7,9,14,16,1610612765,DET,Detroit Pistons,1610612763,MEM,Memphis Grizzlies
0022301088,2024-04-01,2023-24,regular_season,road,False,1610612763,MEM,Grizzlies,240:00,110,2,Memphis,grizzlies,40,91,0.44,11,33,0.333,19,23,0.826,15,29,44,28,11,9,12,18,1610612765,DET,Detroit Pistons,1610612763,MEM,Memphis Grizzlies
0022301089,2024-04-01,2023-24,regular_season,home,False,1610612754,IND,Pacers,240:00,133,22,Indiana,pacers,53,103,0.515,13,31,0.419,14,17,0.824,14,33,47,35,6,9,9,21,1610612754,IND,Indiana Pacers,1610612751,BKN,Brooklyn Nets
0022301089,2024-04-01,2023-24,regular_season,road,False,1610612751,BKN,Nets,240:00,111,-22,Brooklyn,nets,41,87,0.471,10,26,0.385,19,28,0.679,12,31,43,20,3,4,15,19,1610612754,IND,Indiana Pacers,1610612751,BKN,Brooklyn Nets
0022301090,2024-04-01,2023-24,regular_season,home,False,1610612753,ORL,Magic,240:00,104,1,Orlando,magic,36,76,0.474,11,32,0.344,21,27,0.778,9,34,43,26,4,6,15,17,1610612753,ORL,Orlando Magic,1610612757,POR,Portland Trail Blazers
0022301090,2024-04-01,2023-24,regular_season,road,False,1610612757,POR,Trail Blazers,240:00,103,-1,Portland,blazers,40,90,0.444,11,31,0.355,12,15,0.8,11,33,44,28,9,3,9,21,1610612753,ORL,Orlando Magic,1610612757,POR,Portland Trail Blazers
0022301091,2024-04-01,2023-24,regular_season,home,False,1610612741,CHI,Bulls,240:00,101,-12,Chicago,bulls,37,94,0.394,7,28,0.25,20,24,0.833,16,35,51,17,8,2,8,17,1610612741,CHI,Chicago Bulls,1610612737,ATL,Atlanta Hawks
0022301091,2024-04-01,2023-24,regular_season,road,False,1610612737,ATL,Hawks,240:00,113,12,Atlanta,hawks,41,82,0.5,19,40,0.475,12,18,0.667,8,37,45,29,4,5,14,21,1610612741,CHI,Chicago Bulls,1610612737,ATL,Atlanta Hawks
0022301092,2024-04-01,2023-24,regular_season,home,False,1610612740,NOP,Pelicans,240:00,111,-13,New Orleans,pelicans,42,89,0.472,11,27,0.407,16,24,0.667,12,25,37,29,10,1,9,17,1610612740,NOP,New Orleans Pelicans,1610612756,PHX,Phoenix Suns
0022301092,2024-04-01,2023-24,regular_season,road,False,1610612756,PHX,Suns,240:00,124,13,Phoenix,suns,43,87,0.494,18,47,0.383,20,25,0.8,16,33,49,29,7,6,12,21,1610612740,NOP,New Orleans Pelicans,1610612756,PHX,Phoenix Suns
0022300589,2024-04-02,2023-24,regular_season,home,False,1610612744,GSW,Warriors,240:00,104,4,Golden State,warriors,41,90,0.456,15,32,0.469,7,7,1.0,11,41,52,29,9,4,17,18,1610612744,GSW,Golden State Warriors,1610612742,DAL,Dallas Mavericks
0022300589,2024-04-02,2023-24,regular_season,road,False,1610612742,DAL,Mavericks,240:00,100,-4,Dallas,mavericks,39,89,0.438,15,40,0.375,7,11,0.636,8,34,42,27,8,7,15,14,1610612744,GSW,Golden State Warriors,1610612742,DAL,Dallas Mavericks
0022301093,2024-04-02,2023-24,regular_season,home,False,1610612755,PHI,76ers,240:00,109,4,Philadelphia,sixers,36,78,0.462,14,30,0.467,23,25,0.92,9,33,42,27,8,4,16,20,1610612755,PHI,Philadelphia 76ers,1610612760,OKC,Oklahoma City Thunder
0022301093,2024-04-02,2023-24,regular_season,road,False,1610612760,OKC,Thunder,240:00,105,-4,Oklahoma City,thunder,37,87,0.425,13,39,0.333,18,22,0.818,12,31,43,30,10,9,14,18,1610612755,PHI,Philadelphia 76ers,1610612760,OKC,Oklahoma City Thunder
0022301094,2024-04-02,2023-24,regular_season,home,False,1610612761,TOR,Raptors,240:00,111,-17,Toronto,raptors,43,89,0.483,10,32,0.313,15,21,0.714,5,35,40,25,11,6,17,19,1610612761,TOR,Toronto Raptors,1610612747,LAL,Los Angeles Lakers
0022301094,2024-04-02,2023-24,regular_season,road,False,1610612747,LAL,Lakers,240:00,128,17,Los Angeles,lakers,52,101,0.515,18,41,0.439,6,12,0.5,13,34,47,38,6,8,14,17,1610612761,TOR,Toronto Raptors,1610612747,LAL,Los Angeles Lakers
0022301095,2024-04-02,2023-24,regular_season,home,False,1610612764,WAS,Wizards,240:00,117,4,Washington,wizards,47,93,0.505,9,38,0.237,14,17,0.824,5,39,44,26,9,2,10,20,1610612764,WAS,Washington Wizards,1610612749,MIL,Milwaukee Bucks
0022301095,2024-04-02,2023-24,regular_season,road,False,1610612749,MIL,Bucks,240:00,113,-4,Milwaukee,bucks,45,103,0.437,11,48,0.229,12,18,0.667,18,39,57,31,8,6,12,17,1610612764,WAS,Washington Wizards,1610612749,MIL,Milwaukee Bucks
0022301096,2024-04-02,2023-24,regular_season,home,False,1610612748,MIA,Heat,240:00,109,10,Miami,heat,36,74,0.486,17,38,0.447,20,21,0.952,7,32,39,24,5,4,17,17,1610612748,MIA,Miami Heat,1610612752,NYK,New York Knicks
0022301096,2024-04-02,2023-24,regular_season,road,False,1610612752,NYK,Knicks,240:00,99,-10,New York,knicks,35,76,0.461,12,34,0.353,17,21,0.81,7,23,30,25,11,2,14,17,1610612748,MIA,Miami Heat,1610612752,NYK,New York Knicks
0022301098,2024-04-02,2023-24,regular_season,home,False,1610612750,MIN,Timberwolves,240:00,113,7,Minnesota,timberwolves,41,77,0.532,11,26,0.423,20,22,0.909,6,33,39,29,12,5,17,17,1610612750,MIN,Minnesota Timberwolves,1610612745,HOU,Houston Rockets
0022301098,2024-04-02,2023-24,regular_season,road,False,1610612745,HOU,Rockets,240:00,106,-7,Houston,rockets,41,92,0.446,14,48,0.292,10,14,0.714,12,25,37,23,10,0,14,23,1610612750,MIN,Minnesota Timberwolves,1610612745,HOU,Houston Rockets
0022301099,2024-04-02,2023-24,regular_season,home,False,1610612743,DEN,Nuggets,240:00,110,5,Denver,nuggets,43,98,0.439,11,34,0.324,13,16,0.813,11,41,52,28,5,10,8,15,1610612743,DEN,Denver Nuggets,1610612759,SAS,San Antonio Spurs
0022301099,2024-04-02,2023-24,regular_season,road,False,1610612759,SAS,Spurs,240:00,105,-5,San Antonio,spurs,42,105,0.4,13,44,0.295,8,16,0.5,15,44,59,33,4,12,7,19,1610612743,DEN,Denver Nuggets,1610612759,SAS,San Antonio Spurs
0022301100,2024-04-02,2023-24,regular_season,home,False,1610612762,UTA,Jazz,240:00,113,-16,Utah,jazz,41,85,0.482,16,37,0.432,15,18,0.833,7,26,33,26,7,3,19,22,1610612762,UTA,Utah Jazz,1610612739,CLE,Cleveland Cavaliers
0022301100,2024-04-02,2023-24,regular_season,road,False,1610612739,CLE,Cavaliers,240:00,129,16,Cleveland,cavaliers,46,85,0.541,16,39,0.41,21,24,0.875,9,32,41,38,10,6,13,14,1610612762,UTA,Utah Jazz,1610612739,CLE,Cleveland Cavaliers
0022301101,2024-04-02,2023-24,regular_season,home,False,1610612758,SAC,Kings,240:00,109,14,Sacramento,kings,39,92,0.424,12,42,0.286,19,25,0.76,20,36,56,29,10,6,10,18,1610612758,SAC,Sacramento Kings,1610612746,LAC,LA Clippers
0022301101,2024-04-02,2023-24,regular_season,road,False,1610612746,LAC,Clippers,240:00,95,-14,LA,clippers,31,76,0.408,11,27,0.407,22,27,0.815,9,29,38,18,6,1,15,21,1610612758,SAC,Sacramento Kings,1610612746,LAC,LA Clippers
0022301102,2024-04-03,2023-24,regular_season,home,False,1610612766,CHA,Hornets,240:00,86,-3,Charlotte,hornets,32,78,0.41,5,31,0.161,17,22,0.773,2,34,36,22,10,8,9,15,1610612766,CHA,Charlotte Hornets,1610612757,POR,Portland Trail Blazers
0022301102,2024-04-03,2023-24,regular_season,road,False,1610612757,POR,Trail Blazers,240:00,89,3,Portland,blazers,37,93,0.398,7,26,0.269,8,12,0.667,14,41,55,19,4,2,15,19,1610612766,CHA,Charlotte Hornets,1610612757,POR,Portland Trail Blazers
0022301103,2024-04-03,2023-24,regular_season,home,False,1610612764,WAS,Wizards,240:00,120,-5,Washington,wizards,45,91,0.495,18,42,0.429,12,13,0.923,6,33,39,26,11,4,18,22,1610612764,WAS,Washington Wizards,1610612747,LAL,Los Angeles Lakers
0022301103,2024-04-03,2023-24,regular_season,road,False,1610612747,LAL,Lakers,240:00,125,5,Los Angeles,lakers,46,91,0.505,8,28,0.286,25,29,0.862,11,38,49,21,10,4,16,10,1610612764,WAS,Washington Wizards,1610612747,LAL,Los Angeles Lakers
0022301104,2024-04-03,2023-24,regular_season,home,False,1610612737,ATL,Hawks,240:00,121,8,Atlanta,hawks,49,90,0.544,13,38,0.342,10,15,0.667,6,42,48,36,9,8,16,13,1610612737,ATL,Atlanta Hawks,1610612765,DET,Detroit Pistons
0022301104,2024-04-03,2023-24,regular_season,road,False,1610612765,DET,Pistons,240:00,113,-8,Detroit,pistons,43,94,0.457,10,30,0.333,17,21,0.81,8,29,37,24,14,3,10,13,1610612737,ATL,Atlanta Hawks,1610612765,DET,Detroit Pistons
0022301105,2024-04-03,2023-24,regular_season,home,False,1610612738,BOS,Celtics,240:00,135,35,Boston,celtics,50,92,0.543,17,40,0.425,18,19,0.947,11,35,46,33,7,10,10,18,1610612738,BOS,Boston Celtics,1610612760,OKC,Oklahoma City Thunder
0022301105,2024-04-03,2023-24,regular_season,road,False,1610612760,OKC,Thunder,240:00,100,-35,Oklahoma City,thunder,35,81,0.432,5,24,0.208,25,28,0.893,5,26,31,21,8,5,13,11,1610612738,BOS,Boston Celtics,1610612760,OKC,Oklahoma City Thunder
0022301106,2024-04-03,2023-24,regular_season,home,False,1610612751,BKN,Nets,240:00,115,4,Brooklyn,nets,42,87,0.483,12,32,0.375,19,27,0.704,15,35,50,22,4,8,13,16,1610612751,BKN,Brooklyn Nets,1610612754,IND,Indiana Pacers
0022301106,2024-04-03,2023-24,regular_season,road,False,1610612754,IND,Pacers,240:00,111,-4,Indiana,pacers,46,103,0.447,10,38,0.263,9,11,0.818,19,26,45,27,8,9,9,21,1610612751,BKN,Brooklyn Nets,1610612754,IND,Indiana Pacers
0022301107,2024-04-03,2023-24,regular_season,home,False,1610612749,MIL,Bucks,240:00,101,-10,Milwaukee,bucks,38,95,0.4,18,44,0.409,7,12,0.583,13,31,44,26,5,10,11,14,1610612749,MIL,Milwaukee Bucks,1610612763,MEM,Memphis Grizzlies
0022301107,2024-04-03,2023-24,regular_season,road,False,1610612763,MEM,Grizzlies,240:00,111,10,Memphis,grizzlies,46,91,0.505,7,23,0.304,12,17,0.706,13,41,54,25,5,8,8,12,1610612749,MIL,Milwaukee Bucks,1610612763,MEM,Memphis Grizzlies
0022301108,2024-04-03,2023-24,regular_season,home,False,1610612750,MIN,Timberwolves,240:00,133,48,Minnesota,timberwolves,49,96,0.51,20,43,0.465,15,22,0.682,9,41,50,37,13,9,9,12,1610612750,MIN,Minnesota Timberwolves,1610612761,TOR,Toronto Raptors
0022301108,2024-04-03,2023-24,regular_season,road,False,1610612761,TOR,Raptors,240:00,85,-48,Toronto,raptors,33,90,0.367,7,30,0.233,12,14,0.857,10,38,48,19,4,6,20,15,1610612750,MIN,Minnesota Timberwolves,1610612761,TOR,Toronto Raptors
0022301109,2024-04-03,2023-24,regular_season,home,False,1610612740,NOP,Pelicans,240:00,108,-9,New Orleans,pelicans,36,76,0.474,12,29,0.414,24,28,0.857,7,28,35,21,9,1,14,26,1610612740,NOP,New Orleans Pelicans,1610612753,ORL,Orlando Magic
0022301109,2024-04-03,2023-24,regular_season,road,False,1610612753,ORL,Magic,240:00,117,9,Orlando,magic,41,80,0.513,13,32,0.406,22,30,0.733,7,32,39,27,9,2,13,20,1610612740,NOP,New Orleans Pelicans,1610612753,ORL,Orlando Magic
0022301110,2024-04-03,2023-24,regular_season,home,False,1610612756,PHX,Suns,240:00,122,21,Phoenix,suns,44,87,0.506,18,33,0.545,16,17,0.941,8,35,43,32,11,2,15,17,1610612756,PHX,Phoenix Suns,1610612739,CLE,Cleveland Cavaliers
0022301110,2024-04-03,2023-24,regular_season,road,False,1610612739,CLE,Cavaliers,240:00,101,-21,Cleveland,cavaliers,39,83,0.47,7,26,0.269,16,19,0.842,7,30,37,28,9,4,15,14,1610612756,PHX,Phoenix Suns,1610612739,CLE,Cleveland Cavaliers
0022301111,2024-04-04,2023-24,regular_season,home,False,1610612748,MIA,Heat,240:00,105,-4,Miami,heat,39,94,0.415,13,43,0.302,14,16,0.875,16,35,51,24,8,4,15,10,1610612748,MIA,Miami Heat,1610612755,PHI,Philadelphia 76ers
0022301111,2024-04-04,2023-24,regular_season,road,False,1610612755,PHI,76ers,240:00,109,4,Philadelphia,sixers,43,92,0.467,14,40,0.35,9,11,0.818,8,33,41,28,11,7,11,15,1610612748,MIA,Miami Heat,1610612755,PHI,Philadelphia 76ers
0022301112,2024-04-04,2023-24,regular_season,home,False,1610612752,NYK,Knicks,240:00,120,11,New York,knicks,44,80,0.55,12,28,0.429,20,29,0.69,9,30,39,34,9,2,11,20,1610612752,NYK,New York Knicks,1610612758,SAC,Sacramento Kings
0022301112,2024-04-04,2023-24,regular_season,road,False,1610612758,SAC,Kings,240:00,109,-11,Sacramento,kings,42,86,0.488,18,42,0.429,7,12,0.583,9,26,35,26,6,3,16,23,1610612752,NYK,New York Knicks,1610612758,SAC,Sacramento Kings
0022301113,2024-04-04,2023-24,regular_season,home,False,1610612745,HOU,Rockets,240:00,110,-23,Houston,rockets,36,86,0.419,12,40,0.3,26,30,0.867,12,17,29,23,11,1,12,19,1610612745,HOU,Houston Rockets,1610612744,GSW,Golden State Warriors
0022301113,2024-04-04,2023-24,regular_season,road,False,1610612744,GSW,Warriors,240:00,133,23,Golden State,warriors,47,80,0.588,17,35,0.486,22,25,0.88,12,31,43,29,6,2,18,23,1610612745,HOU,Houston Rockets,1610612744,GSW,Golden State Warriors
0022301114,2024-04-04,2023-24,regular_season,home,False,1610612746,LAC,Clippers,240:00,102,2,LA,clippers,34,90,0.378,7,33,0.212,27,32,0.844,7,41,48,22,10,2,6,20,1610612746,LAC,LA Clippers,1610612743,DEN,Denver Nuggets
0022301114,2024-04-04,2023-24,regular_season,road,False,1610612743,DEN,Nuggets,240:00,100,-2,Denver,nuggets,36,83,0.434,11,35,0.314,17,25,0.68,6,45,51,27,3,4,13,19,1610612746,LAC,LA Clippers,1610612743,DEN,Denver Nuggets
0022301124,2024-04-04,2023-24,regular_season,home,False,1610612742,DAL,Mavericks,240:00,109,14,Dallas,mavericks,38,94,0.404,18,49,0.367,15,17,0.882,11,42,53,20,7,7,14,17,1610612742,DAL,Dallas Mavericks,1610612737,ATL,Atlanta Hawks
0022301124,2024-04-04,2023-24,regular_season,road,False,1610612737,ATL,Hawks,240:00,95,-14,Atlanta,hawks,34,85,0.4,13,38,0.342,14,21,0.667,11,45,56,21,7,2,21,22,1610612742,DAL,Dallas Mavericks,1610612737,ATL,Atlanta Hawks
0022301097,2024-04-05,2023-24,regular_season,home,False,1610612742,DAL,Mavericks,240:00,108,2,Dallas,mavericks,40,84,0.476,12,34,0.353,16,21,0.762,8,33,41,30,9,9,17,17,1610612742,DAL,Dallas Mavericks,1610612744,GSW,Golden State Warriors
0022301097,2024-04-05,2023-24,regular_season,road,False,1610612744,GSW,Warriors,240:00,106,-2,Golden State,warriors,41,93,0.441,12,35,0.343,12,18,0.667,11,33,44,27,12,5,15,19,1610612742,DAL,Dallas Mavericks,1610612744,GSW,Golden State Warriors
0022301115,2024-04-05,2023-24,regular_season,home,False,1610612766,CHA,Hornets,240:00,124,9,Charlotte,hornets,43,72,0.597,15,30,0.5,23,23,1.0,4,32,36,29,6,4,18,22,1610612766,CHA,Charlotte Hornets,1610612753,ORL,Orlando Magic
0022301115,2024-04-05,2023-24,regular_season,road,False,1610612753,ORL,Magic,240:00,115,-9,Orlando,magic,42,94,0.447,9,38,0.237,22,26,0.846,15,22,37,24,9,3,10,19,1610612766,CHA,Charlotte Hornets,1610612753,ORL,Orlando Magic
0022301116,2024-04-05,2023-24,regular_season,home,False,1610612754,IND,Pacers,240:00,126,14,Indiana,pacers,46,88,0.523,15,35,0.429,19,21,0.905,8,31,39,30,8,5,13,23,1610612754,IND,Indiana Pacers,1610612760,OKC,Oklahoma City Thunder
0022301116,2024-04-05,2023-24,regular_season,road,False,1610612760,OKC,Thunder,240:00,112,-14,Oklahoma City,thunder,42,86,0.488,8,30,0.267,20,24,0.833,9,30,39,24,8,6,15,17,1610612754,IND,Indiana Pacers,1610612760,OKC,Oklahoma City Thunder
0022301117,2024-04-05,2023-24,regular_season,home,False,1610612764,WAS,Wizards,240:00,102,-6,Washington,wizards,38,88,0.432,5,33,0.152,21,30,0.7,12,33,45,24,9,5,9,21,1610612764,WAS,Washington Wizards,1610612757,POR,Portland Trail Blazers
0022301117,2024-04-05,2023-24,regular_season,road,False,1610612757,POR,Trail Blazers,240:00,108,6,Portland,blazers,41,94,0.436,9,29,0.31,17,24,0.708,16,39,55,29,7,5,12,23,1610612764,WAS,Washington Wizards,1610612757,POR,Portland Trail Blazers
0022301118,2024-04-05,2023-24,regular_season,home,False,1610612738,BOS,Celtics,240:00,101,1,Boston,celtics,38,89,0.427,12,44,0.273,13,18,0.722,12,39,51,25,6,4,7,11,1610612738,BOS,Boston Celtics,1610612758,SAC,Sacramento Kings
0022301118,2024-04-05,2023-24,regular_season,road,False,1610612758,SAC,Kings,240:00,100,-1,Sacramento,kings,38,99,0.384,17,51,0.333,7,13,0.538,15,39,54,21,4,3,7,15,1610612738,BOS,Boston Celtics,1610612758,SAC,Sacramento Kings
0022301119,2024-04-05,2023-24,regular_season,home,False,1610612741,CHI,Bulls,240:00,108,8,Chicago,bulls,44,93,0.473,7,23,0.304,13,16,0.813,19,38,57,27,11,5,16,19,1610612741,CHI,Chicago Bulls,1610612752,NYK,New York Knicks
0022301119,2024-04-05,2023-24,regular_season,road,False,1610612752,NYK,Knicks,240:00,100,-8,New York,knicks,36,83,0.434,10,29,0.345,18,24,0.75,9,29,38,22,9,2,17,15,1610612741,CHI,Chicago Bulls,1610612752,NYK,New York Knicks
0022301120,2024-04-05,2023-24,regular_season,home,False,1610612745,HOU,Rockets,240:00,104,-15,Houston,rockets,34,90,0.378,14,44,0.318,22,25,0.88,12,33,45,25,7,2,9,13,1610612745,HOU,Houston Rockets,1610612748,MIA,Miami Heat
0022301120,2024-04-05,2023-24,regular_season,road,False,1610612748,MIA,Heat,240:00,119,15,Miami,heat,44,89,0.494,13,36,0.361,18,21,0.857,8,40,48,27,8,4,9,18,1610612745,HOU,Houston Rockets,1610612748,MIA,Miami Heat
0022301121,2024-04-05,2023-24,regular_season,home,False,1610612763,MEM,Grizzlies,240:00,108,18,Memphis,grizzlies,42,90,0.467,10,31,0.323,14,16,0.875,15,34,49,24,13,7,20,14,1610612763,MEM,Memphis Grizzlies,1610612765,DET,Detroit Pistons
0022301121,2024-04-05,2023-24,regular_season,road,False,1610612765,DET,Pistons,240:00,90,-18,Detroit,pistons,32,79,0.405,8,30,0.267,18,24,0.75,10,28,38,22,13,4,17,14,1610612763,MEM,Memphis Grizzlies,1610612765,DET,Detroit Pistons
0022301122,2024-04-05,2023-24,regular_season,home,False,1610612749,MIL,Bucks,240:00,111,-6,Milwaukee,bucks,41,94,0.436,12,42,0.286,17,21,0.81,12,33,45,21,8,6,13,24,1610612749,MIL,Milwaukee Bucks,1610612761,TOR,Toronto Raptors
0022301122,2024-04-05,2023-24,regular_season,road,False,1610612761,TOR,Raptors,240:00,117,6,Toronto,raptors,36,79,0.456,14,36,0.389,31,36,0.861,9,38,47,24,9,3,16,18,1610612749,MIL,Milwaukee Bucks,1610612761,TOR,Toronto Raptors
0022301123,2024-04-05,2023-24,regular_season,home,False,1610612740,NOP,Pelicans,240:00,109,-2,New Orleans,pelicans,44,86,0.512,9,29,0.31,12,12,1.0,11,30,41,28,11,2,17,17,1610612740,NOP,New Orleans Pelicans,1610612759,SAS,San Antonio Spurs
0022301123,2024-04-05,2023-24,regular_season,road,False,1610612759,SAS,Spurs,240:00,111,2,San Antonio,spurs,42,83,0.506,17,46,0.37,10,13,0.769,6,28,34,34,9,8,16,13,1610612740,NOP,New Orleans Pelicans,1610612759,SAS,San Antonio Spurs
0022301125,2024-04-05,2023-24,regular_season,home,False,1610612756,PHX,Suns,240:00,97,10,Phoenix,suns,33,76,0.434,9,26,0.346,22,29,0.759,7,42,49,29,12,3,18,19,1610612756,PHX,Phoenix Suns,1610612750,MIN,Minnesota Timberwolves
0022301125,2024-04-05,2023-24,regular_season,road,False,1610612750,MIN,Timberwolves,240:00,87,-10,Minnesota,timberwolves,33,85,0.388,10,29,0.345,11,14,0.786,8,36,44,23,9,6,18,20,1610612756,PHX,Phoenix Suns,1610612750,MIN,Minnesota Timberwolves
0022301126,2024-04-05,2023-24,regular_season,home,False,1610612746,LAC,Clippers,240:00,131,29,LA,clippers,51,91,0.56,13,35,0.371,16,18,0.889,8,43,51,32,9,4,14,22,1610612746,LAC,LA Clippers,1610612762,UTA,Utah Jazz
0022301126,2024-04-05,2023-24,regular_season,road,False,1610612762,UTA,Jazz,240:00,102,-29,Utah,jazz,35,91,0.385,9,30,0.3,23,29,0.793,14,29,43,20,11,4,15,16,1610612746,LAC,LA Clippers,1610612762,UTA,Utah Jazz
0022301127,2024-04-06,2023-24,regular_season,home,False,1610612747,LAL,Lakers,240:00,116,19,Los Angeles,lakers,45,80,0.563,16,37,0.432,10,16,0.625,6,34,40,30,11,11,17,12,1610612747,LAL,Los Angeles Lakers,1610612739,CLE,Cleveland Cavaliers
0022301127,2024-04-06,2023-24,regular_season,road,False,1610612739,CLE,Cavaliers,240:00,97,-19,Cleveland,cavaliers,39,90,0.433,11,35,0.314,8,12,0.667,11,29,40,24,11,3,18,11,1610612747,LAL,Los Angeles Lakers,1610612739,CLE,Cleveland Cavaliers
0022301128,2024-04-06,2023-24,regular_season,home,False,1610612751,BKN,Nets,240:00,113,10,Brooklyn,nets,38,73,0.521,11,27,0.407,26,33,0.788,11,37,48,20,3,7,18,11,1610612751,BKN,Brooklyn Nets,1610612765,DET,Detroit Pistons
0022301128,2024-04-06,2023-24,regular_season,road,False,1610612765,DET,Pistons,240:00,103,-10,Detroit,pistons,42,92,0.457,17,39,0.436,2,4,0.5,5,23,28,25,9,2,7,24,1610612751,BKN,Brooklyn Nets,1610612765,DET,Detroit Pistons
0022301129,2024-04-06,2023-24,regular_season,home,False,1610612763,MEM,Grizzlies,240:00,96,-20,Memphis,grizzlies,36,87,0.414,9,26,0.346,15,21,0.714,15,29,44,21,9,2,18,18,1610612763,MEM,Memphis Grizzlies,1610612755,PHI,Philadelphia 76ers
0022301129,2024-04-06,2023-24,regular_season,road,False,1610612755,PHI,76ers,240:00,116,20,Philadelphia,sixers,41,79,0.519,16,39,0.41,18,23,0.783,9,32,41,27,12,9,19,22,1610612763,MEM,Memphis Grizzlies,1610612755,PHI,Philadelphia 76ers
0022301130,2024-04-06,2023-24,regular_season,home,False,1610612743,DEN,Nuggets,240:00,142,32,Denver,nuggets,53,88,0.602,23,41,0.561,13,16,0.813,6,41,47,38,9,7,15,21,1610612743,DEN,Denver Nuggets,1610612737,ATL,Atlanta Hawks
0022301130,2024-04-06,2023-24,regular_season,road,False,1610612737,ATL,Hawks,240:00,110,-32,Atlanta,hawks,37,87,0.425,12,37,0.324,24,29,0.828,11,27,38,30,8,2,16,18,1610612743,DEN,Denver Nuggets,1610612737,ATL,Atlanta Hawks
0022301131,2024-04-07,2023-24,regular_season,home,False,1610612742,DAL,Mavericks,265:00,147,11,Dallas,mavericks,46,85,0.541,15,39,0.385,40,45,0.889,6,41,47,21,4,6,17,26,1610612742,DAL,Dallas Mavericks,1610612745,HOU,Houston Rockets
0022301131,2024-04-07,2023-24,regular_season,road,False,1610612745,HOU,Rockets,265:00,136,-11,Houston,rockets,46,93,0.495,17,41,0.415,27,35,0.771,4,28,32,31,11,6,10,34,1610612742,DAL,Dallas Mavericks,1610612745,HOU,Houston Rockets
0022301132,2024-04-07,2023-24,regular_season,home,False,1610612746,LAC,Clippers,240:00,120,2,LA,clippers,41,84,0.488,14,35,0.4,24,24,1.0,11,37,48,26,5,2,15,22,1610612746,LAC,LA Clippers,1610612739,CLE,Cleveland Cavaliers
0022301132,2024-04-07,2023-24,regular_season,road,False,1610612739,CLE,Cavaliers,240:00,118,-2,Cleveland,cavaliers,42,88,0.477,11,30,0.367,23,27,0.852,7,29,36,27,10,2,11,16,1610612746,LAC,LA Clippers,1610612739,CLE,Cleveland Cavaliers
0022301133,2024-04-07,2023-24,regular_season,home,False,1610612754,IND,Pacers,240:00,117,2,Indiana,pacers,44,86,0.512,9,32,0.281,20,21,0.952,4,33,37,27,4,6,6,24,1610612754,IND,Indiana Pacers,1610612748,MIA,Miami Heat
0022301133,2024-04-07,2023-24,regular_season,road,False,1610612748,MIA,Heat,240:00,115,-2,Miami,heat,39,84,0.464,8,27,0.296,29,32,0.906,8,31,39,21,3,2,7,22,1610612754,IND,Indiana Pacers,1610612748,MIA,Miami Heat
0022301134,2024-04-07,2023-24,regular_season,home,False,1610612738,BOS,Celtics,240:00,124,17,Boston,celtics,49,87,0.563,16,38,0.421,10,13,0.769,5,35,40,34,11,8,12,12,1610612738,BOS,Boston Celtics,1610612757,POR,Portland Trail Blazers
0022301134,2024-04-07,2023-24,regular_season,road,False,1610612757,POR,Trail Blazers,240:00,107,-17,Portland,blazers,40,102,0.392,14,38,0.368,13,13,1.0,22,31,53,26,8,2,14,12,1610612738,BOS,Boston Celtics,1610612757,POR,Portland Trail Blazers
0022301135,2024-04-07,2023-24,regular_season,home,False,1610612766,CHA,Hornets,240:00,118,-3,Charlotte,hornets,45,83,0.542,17,40,0.425,11,14,0.786,7,29,36,29,12,9,18,14,1610612766,CHA,Charlotte Hornets,1610612760,OKC,Oklahoma City Thunder
0022301135,2024-04-07,2023-24,regular_season,road,False,1610612760,OKC,Thunder,240:00,121,3,Oklahoma City,thunder,45,87,0.517,18,36,0.5,13,17,0.765,10,26,36,33,14,4,16,17,1610612766,CHA,Charlotte Hornets,1610612760,OKC,Oklahoma City Thunder
0022301136,2024-04-07,2023-24,regular_season,home,False,1610612753,ORL,Magic,240:00,113,15,Orlando,magic,42,90,0.467,11,34,0.324,18,19,0.947,10,30,40,24,12,4,10,17,1610612753,ORL,Orlando Magic,1610612741,CHI,Chicago Bulls
0022301136,2024-04-07,2023-24,regular_season,road,False,1610612741,CHI,Bulls,240:00,98,-15,Chicago,bulls,38,75,0.507,6,20,0.3,16,22,0.727,8,29,37,20,7,5,21,17,1610612753,ORL,Orlando Magic,1610612741,CHI,Chicago Bulls
0022301137,2024-04-07,2023-24,regular_season,home,False,1610612761,TOR,Raptors,240:00,130,8,Toronto,raptors,49,96,0.51,11,31,0.355,21,28,0.75,8,41,49,33,9,4,13,26,1610612761,TOR,Toronto Raptors,1610612764,WAS,Washington Wizards
0022301137,2024-04-07,2023-24,regular_season,road,False,1610612764,WAS,Wizards,240:00,122,-8,Washington,wizards,42,89,0.472,16,40,0.4,22,30,0.733,8,35,43,29,9,11,15,25,1610612761,TOR,Toronto Raptors,1610612764,WAS,Washington Wizards
0022301138,2024-04-07,2023-24,regular_season,home,False,1610612756,PHX,Suns,240:00,105,-8,Phoenix,suns,39,87,0.448,14,39,0.359,13,14,0.929,9,29,38,30,7,8,15,17,1610612756,PHX,Phoenix Suns,1610612740,NOP,New Orleans Pelicans
0022301138,2024-04-07,2023-24,regular_season,road,False,1610612740,NOP,Pelicans,240:00,113,8,New Orleans,pelicans,40,85,0.471,16,39,0.41,17,19,0.895,8,34,42,26,8,7,12,17,1610612756,PHX,Phoenix Suns,1610612740,NOP,New Orleans Pelicans
0022301139,2024-04-07,2023-24,regular_season,home,False,1610612749,MIL,Bucks,240:00,109,-13,Milwaukee,bucks,35,75,0.467,12,34,0.353,27,32,0.844,9,29,38,27,3,7,14,16,1610612749,MIL,Milwaukee Bucks,1610612752,NYK,New York Knicks
0022301139,2024-04-07,2023-24,regular_season,road,False,1610612752,NYK,Knicks,240:00,122,13,New York,knicks,45,92,0.489,14,29,0.483,18,22,0.818,13,28,41,25,9,6,5,22,1610612749,MIL,Milwaukee Bucks,1610612752,NYK,New York Knicks
0022301140,2024-04-07,2023-24,regular_season,home,False,1610612759,SAS,Spurs,290:00,126,-7,San Antonio,spurs,44,98,0.449,16,44,0.364,22,26,0.846,14,45,59,31,5,11,25,17,1610612759,SAS,San Antonio Spurs,1610612755,PHI,Philadelphia 76ers
0022301140,2024-04-07,2023-24,regular_season,road,False,1610612755,PHI,76ers,290:00,133,7,Philadelphia,sixers,52,114,0.456,12,39,0.308,17,19,0.895,8,38,46,31,15,3,10,20,1610612759,SAS,San Antonio Spurs,1610612755,PHI,Philadelphia 76ers
0022301141,2024-04-07,2023-24,regular_season,home,False,1610612751,BKN,Nets,240:00,77,-30,Brooklyn,nets,30,86,0.349,7,30,0.233,10,13,0.769,7,39,46,17,5,5,16,14,1610612751,BKN,Brooklyn Nets,1610612758,SAC,Sacramento Kings
0022301141,2024-04-07,2023-24,regular_season,road,False,1610612758,SAC,Kings,240:00,107,30,Sacramento,kings,40,94,0.426,15,48,0.313,12,16,0.75,11,43,54,31,8,12,9,17,1610612751,BKN,Brooklyn Nets,1610612758,SAC,Sacramento Kings
0022301142,2024-04-07,2023-24,regular_season,home,False,1610612744,GSW,Warriors,240:00,118,8,Golden State,warriors,49,92,0.533,14,35,0.4,6,6,1.0,11,36,47,32,9,8,13,19,1610612744,GSW,Golden State Warriors,1610612762,UTA,Utah Jazz
0022301142,2024-04-07,2023-24,regular_season,road,False,1610612762,UTA,Jazz,240:00,110,-8,Utah,jazz,39,83,0.47,15,35,0.429,17,21,0.81,6,23,29,21,4,6,11,9,1610612744,GSW,Golden State Warriors,1610612762,UTA,Utah Jazz
0022301143,2024-04-07,2023-24,regular_season,home,False,1610612747,LAL,Lakers,240:00,117,-10,Los Angeles,lakers,39,84,0.464,11,31,0.355,28,32,0.875,10,31,41,27,10,2,15,14,1610612747,LAL,Los Angeles Lakers,1610612750,MIN,Minnesota Timberwolves
0022301143,2024-04-07,2023-24,regular_season,road,False,1610612750,MIN,Timberwolves,240:00,127,10,Minnesota,timberwolves,50,97,0.515,15,39,0.385,12,14,0.857,13,33,46,29,12,3,14,20,1610612747,LAL,Los Angeles Lakers,1610612750,MIN,Minnesota Timberwolves
0022301144,2024-04-09,2023-24,regular_season,home,False,1610612766,CHA,Hornets,240:00,104,-26,Charlotte,hornets,39,89,0.438,10,32,0.313,16,21,0.762,8,31,39,24,8,3,11,16,1610612766,CHA,Charlotte Hornets,1610612742,DAL,Dallas Mavericks
0022301144,2024-04-09,2023-24,regular_season,road,False,1610612742,DAL,Mavericks,240:00,130,26,Dallas,mavericks,50,93,0.538,17,50,0.34,13,20,0.65,16,39,55,35,6,7,14,19,1610612766,CHA,Charlotte Hornets,1610612742,DAL,Dallas Mavericks
0022301145,2024-04-09,2023-24,regular_season,home,False,1610612755,PHI,76ers,240:00,120,18,Philadelphia,sixers,44,98,0.449,13,37,0.351,19,23,0.826,16,35,51,29,11,8,7,18,1610612755,PHI,Philadelphia 76ers,1610612765,DET,Detroit Pistons
0022301145,2024-04-09,2023-24,regular_season,road,False,1610612765,DET,Pistons,240:00,102,-18,Detroit,pistons,34,84,0.405,14,30,0.467,20,24,0.833,9,35,44,20,3,5,16,17,1610612755,PHI,Philadelphia 76ers,1610612765,DET,Detroit Pistons
0022301146,2024-04-09,2023-24,regular_season,home,False,1610612761,TOR,Raptors,240:00,123,-17,Toronto,raptors,47,94,0.5,5,21,0.238,24,33,0.727,16,24,40,21,8,6,15,20,1610612761,TOR,Toronto Raptors,1610612754,IND,Indiana Pacers
0022301146,2024-04-09,2023-24,regular_season,road,False,1610612754,IND,Pacers,240:00,140,17,Indiana,pacers,54,99,0.545,16,45,0.356,16,23,0.696,15,29,44,33,9,8,13,23,1610612761,TOR,Toronto Raptors,1610612754,IND,Indiana Pacers
0022301147,2024-04-09,2023-24,regular_season,home,False,1610612737,ATL,Hawks,290:00,111,-6,Atlanta,hawks,45,113,0.398,10,46,0.217,11,14,0.786,17,42,59,28,13,2,15,23,1610612737,ATL,Atlanta Hawks,1610612748,MIA,Miami Heat
0022301147,2024-04-09,2023-24,regular_season,road,False,1610612748,MIA,Heat,290:00,117,6,Miami,heat,42,88,0.477,18,45,0.4,15,21,0.714,5,41,46,29,8,3,18,16,1610612737,ATL,Atlanta Hawks,1610612748,MIA,Miami Heat
0022301148,2024-04-09,2023-24,regular_season,home,False,1610612749,MIL,Bucks,240:00,104,13,Milwaukee,bucks,43,81,0.531,17,36,0.472,1,2,0.5,10,39,49,29,6,5,16,4,1610612749,MIL,Milwaukee Bucks,1610612738,BOS,Boston Celtics
0022301148,2024-04-09,2023-24,regular_season,road,False,1610612738,BOS,Celtics,240:00,91,-13,Boston,celtics,37,93,0.398,17,52,0.327,0,0,0.0,12,26,38,27,11,4,12,8,1610612749,MIL,Milwaukee Bucks,1610612738,BOS,Boston Celtics
0022301149,2024-04-09,2023-24,regular_season,home,False,1610612741,CHI,Bulls,240:00,117,-11,Chicago,bulls,47,88,0.534,10,28,0.357,13,19,0.684,12,27,39,20,4,5,9,18,1610612741,CHI,Chicago Bulls,1610612752,NYK,New York Knicks
0022301149,2024-04-09,2023-24,regular_season,road,False,1610612752,NYK,Knicks,240:00,128,11,New York,knicks,46,83,0.554,17,36,0.472,19,20,0.95,6,25,31,31,6,4,10,15,1610612741,CHI,Chicago Bulls,1610612752,NYK,New York Knicks
0022301150,2024-04-09,2023-24,regular_season,home,False,1610612745,HOU,Rockets,240:00,118,12,Houston,rockets,45,86,0.523,15,35,0.429,13,18,0.722,6,31,37,29,8,7,12,21,1610612745,HOU,Houston Rockets,1610612753,ORL,Orlando Magic
0022301150,2024-04-09,2023-24,regular_season,road,False,1610612753,ORL,Magic,240:00,106,-12,Orlando,magic,39,86,0.453,7,24,0.292,21,23,0.913,10,32,42,23,9,6,14,15,1610612745,HOU,Houston Rockets,1610612753,ORL,Orlando Magic
0022301151,2024-04-09,2023-24,regular_season,home,False,1610612763,MEM,Grizzlies,240:00,87,-15,Memphis,grizzlies,36,104,0.346,6,30,0.2,9,11,0.818,17,32,49,21,10,5,7,13,1610612763,MEM,Memphis Grizzlies,1610612759,SAS,San Antonio Spurs
0022301151,2024-04-09,2023-24,regular_season,road,False,1610612759,SAS,Spurs,240:00,102,15,San Antonio,spurs,42,87,0.483,10,40,0.25,8,8,1.0,10,41,51,30,5,11,16,12,1610612763,MEM,Memphis Grizzlies,1610612759,SAS,San Antonio Spurs
0022301152,2024-04-09,2023-24,regular_season,home,False,1610612750,MIN,Timberwolves,240:00,130,9,Minnesota,timberwolves,43,90,0.478,18,41,0.439,26,32,0.813,10,34,44,30,9,8,8,14,1610612750,MIN,Minnesota Timberwolves,1610612764,WAS,Washington Wizards
0022301152,2024-04-09,2023-24,regular_season,road,False,1610612764,WAS,Wizards,240:00,121,-9,Washington,wizards,44,89,0.494,20,43,0.465,13,17,0.765,7,34,41,26,5,4,13,22,1610612750,MIN,Minnesota Timberwolves,1610612764,WAS,Washington Wizards
0022301153,2024-04-09,2023-24,regular_season,home,False,1610612760,OKC,Thunder,240:00,112,7,Oklahoma City,thunder,39,80,0.488,11,30,0.367,23,31,0.742,6,36,42,21,11,8,13,18,1610612760,OKC,Oklahoma City Thunder,1610612758,SAC,Sacramento Kings
0022301153,2024-04-09,2023-24,regular_season,road,False,1610612758,SAC,Kings,240:00,105,-7,Sacramento,kings,33,96,0.344,20,58,0.345,19,26,0.731,21,35,56,23,8,4,17,22,1610612760,OKC,Oklahoma City Thunder,1610612758,SAC,Sacramento Kings
0022301154,2024-04-09,2023-24,regular_season,home,False,1610612762,UTA,Jazz,240:00,95,-16,Utah,jazz,36,91,0.396,10,31,0.323,13,13,1.0,11,33,44,19,5,2,14,9,1610612762,UTA,Utah Jazz,1610612743,DEN,Denver Nuggets
0022301154,2024-04-09,2023-24,regular_season,road,False,1610612743,DEN,Nuggets,240:00,111,16,Denver,nuggets,46,94,0.489,14,37,0.378,5,11,0.455,13,30,43,30,12,12,9,10,1610612762,UTA,Utah Jazz,1610612743,DEN,Denver Nuggets
0022301155,2024-04-09,2023-24,regular_season,home,False,1610612747,LAL,Lakers,240:00,120,-14,Los Angeles,lakers,44,96,0.458,12,35,0.343,20,24,0.833,10,30,40,31,8,3,7,14,1610612747,LAL,Los Angeles Lakers,1610612744,GSW,Golden State Warriors
0022301155,2024-04-09,2023-24,regular_season,road,False,1610612744,GSW,Warriors,240:00,134,14,Golden State,warriors,47,80,0.588,26,41,0.634,14,21,0.667,4,38,42,37,3,12,15,17,1610612747,LAL,Los Angeles Lakers,1610612744,GSW,Golden State Warriors
0022301156,2024-04-09,2023-24,regular_season,home,False,1610612756,PHX,Suns,240:00,92,-13,Phoenix,suns,30,89,0.337,8,35,0.229,24,28,0.857,8,30,38,17,16,7,8,13,1610612756,PHX,Phoenix Suns,1610612746,LAC,LA Clippers
0022301156,2024-04-09,2023-24,regular_season,road,False,1610612746,LAC,Clippers,240:00,105,13,LA,clippers,41,87,0.471,12,26,0.462,11,11,1.0,10,53,63,28,5,3,18,22,1610612756,PHX,Phoenix Suns,1610612746,LAC,LA Clippers
0022301157,2024-04-09,2023-24,regular_season,home,False,1610612757,POR,Trail Blazers,240:00,100,-10,Portland,blazers,40,85,0.471,13,38,0.342,7,8,0.875,13,34,47,28,3,3,21,19,1610612757,POR,Portland Trail Blazers,1610612740,NOP,New Orleans Pelicans
0022301157,2024-04-09,2023-24,regular_season,road,False,1610612740,NOP,Pelicans,240:00,110,10,New Orleans,pelicans,36,87,0.414,11,36,0.306,27,29,0.931,13,32,45,25,13,2,9,9,1610612757,POR,Portland Trail Blazers,1610612740,NOP,New Orleans Pelicans
0022301158,2024-04-10,2023-24,regular_season,home,False,1610612739,CLE,Cavaliers,240:00,110,12,Cleveland,cavaliers,37,82,0.451,15,37,0.405,21,29,0.724,12,35,47,27,11,10,13,15,1610612739,CLE,Cleveland Cavaliers,1610612763,MEM,Memphis Grizzlies
0022301158,2024-04-10,2023-24,regular_season,road,False,1610612763,MEM,Grizzlies,240:00,98,-12,Memphis,grizzlies,33,84,0.393,14,32,0.438,18,19,0.947,10,34,44,21,10,10,13,21,1610612739,CLE,Cleveland Cavaliers,1610612763,MEM,Memphis Grizzlies
0022301159,2024-04-10,2023-24,regular_season,home,False,1610612737,ATL,Hawks,240:00,114,-1,Atlanta,hawks,43,82,0.524,18,40,0.45,10,16,0.625,7,31,38,35,7,2,16,20,1610612737,ATL,Atlanta Hawks,1610612766,CHA,Charlotte Hornets
0022301159,2024-04-10,2023-24,regular_season,road,False,1610612766,CHA,Hornets,240:00,115,1,Charlotte,hornets,40,79,0.506,14,36,0.389,21,22,0.955,5,28,33,25,11,2,13,18,1610612737,ATL,Atlanta Hawks,1610612766,CHA,Charlotte Hornets
0022301160,2024-04-10,2023-24,regular_season,home,False,1610612751,BKN,Nets,240:00,106,4,Brooklyn,nets,38,86,0.442,11,36,0.306,19,24,0.792,14,42,56,25,4,15,13,16,1610612751,BKN,Brooklyn Nets,1610612761,TOR,Toronto Raptors
0022301160,2024-04-10,2023-24,regular_season,road,False,1610612761,TOR,Raptors,240:00,102,-4,Toronto,raptors,35,94,0.372,16,40,0.4,16,18,0.889,15,30,45,19,8,5,9,22,1610612751,BKN,Brooklyn Nets,1610612761,TOR,Toronto Raptors
0022301161,2024-04-10,2023-24,regular_season,home,False,1610612748,MIA,Heat,240:00,92,-19,Miami,heat,33,81,0.407,13,30,0.433,13,13,1.0,12,34,46,22,3,1,15,16,1610612748,MIA,Miami Heat,1610612742,DAL,Dallas Mavericks
0022301161,2024-04-10,2023-24,regular_season,road,False,1610612742,DAL,Mavericks,240:00,111,19,Dallas,mavericks,43,87,0.494,15,44,0.341,10,13,0.769,8,31,39,27,8,8,7,13,1610612748,MIA,Miami Heat,1610612742,DAL,Dallas Mavericks
0022301162,2024-04-10,2023-24,regular_season,home,False,1610612749,MIL,Bucks,240:00,117,18,Milwaukee,bucks,43,84,0.512,15,40,0.375,16,20,0.8,10,33,43,27,9,4,12,20,1610612749,MIL,Milwaukee Bucks,1610612753,ORL,Orlando Magic
0022301162,2024-04-10,2023-24,regular_season,road,False,1610612753,ORL,Magic,240:00,99,-18,Orlando,magic,36,78,0.462,11,30,0.367,16,23,0.696,5,29,34,19,6,1,15,15,1610612749,MIL,Milwaukee Bucks,1610612753,ORL,Orlando Magic
0022301163,2024-04-10,2023-24,regular_season,home,False,1610612760,OKC,Thunder,240:00,127,38,Oklahoma City,thunder,47,101,0.465,16,38,0.421,17,21,0.81,7,55,62,33,12,6,12,16,1610612760,OKC,Oklahoma City Thunder,1610612759,SAS,San Antonio Spurs
0022301163,2024-04-10,2023-24,regular_season,road,False,1610612759,SAS,Spurs,240:00,89,-38,San Antonio,spurs,32,96,0.333,9,40,0.225,16,20,0.8,4,43,47,24,8,4,15,14,1610612760,OKC,Oklahoma City Thunder,1610612759,SAS,San Antonio Spurs
0022301164,2024-04-10,2023-24,regular_season,home,False,1610612743,DEN,Nuggets,240:00,116,9,Denver,nuggets,46,83,0.554,11,25,0.44,13,23,0.565,11,33,44,31,7,8,13,21,1610612743,DEN,Denver Nuggets,1610612750,MIN,Minnesota Timberwolves
0022301164,2024-04-10,2023-24,regular_season,road,False,1610612750,MIN,Timberwolves,240:00,107,-9,Minnesota,timberwolves,41,82,0.5,13,30,0.433,12,21,0.571,9,26,35,23,9,5,9,21,1610612743,DEN,Denver Nuggets,1610612750,MIN,Minnesota Timberwolves
0022301165,2024-04-10,2023-24,regular_season,home,False,1610612746,LAC,Clippers,240:00,108,-16,LA,clippers,44,95,0.463,12,36,0.333,8,10,0.8,9,35,44,23,9,3,12,13,1610612746,LAC,LA Clippers,1610612756,PHX,Phoenix Suns
0022301165,2024-04-10,2023-24,regular_season,road,False,1610612756,PHX,Suns,240:00,124,16,Phoenix,suns,46,95,0.484,18,50,0.36,14,15,0.933,9,39,48,29,8,6,13,13,1610612746,LAC,LA Clippers,1610612756,PHX,Phoenix Suns
0022301166,2024-04-11,2023-24,regular_season,home,False,1610612765,DET,Pistons,240:00,105,-22,Detroit,pistons,38,77,0.494,14,35,0.4,15,23,0.652,7,31,38,27,4,2,20,12,1610612765,DET,Detroit Pistons,1610612741,CHI,Chicago Bulls
0022301166,2024-04-11,2023-24,regular_season,road,False,1610612741,CHI,Bulls,240:00,127,22,Chicago,bulls,51,96,0.531,14,36,0.389,11,15,0.733,11,31,42,28,14,5,8,15,1610612765,DET,Detroit Pistons,1610612741,CHI,Chicago Bulls
0022301167,2024-04-11,2023-24,regular_season,home,False,1610612738,BOS,Celtics,240:00,109,-9,Boston,celtics,40,86,0.465,16,42,0.381,13,16,0.813,10,26,36,25,7,12,12,16,1610612738,BOS,Boston Celtics,1610612752,NYK,New York Knicks
0022301167,2024-04-11,2023-24,regular_season,road,False,1610612752,NYK,Knicks,240:00,118,9,New York,knicks,49,99,0.495,14,36,0.389,6,10,0.6,17,35,52,24,7,4,12,12,1610612738,BOS,Boston Celtics,1610612752,NYK,New York Knicks
0022301168,2024-04-11,2023-24,regular_season,home,False,1610612762,UTA,Jazz,240:00,124,3,Utah,jazz,44,87,0.506,14,39,0.359,22,27,0.815,15,34,49,27,8,7,14,20,1610612762,UTA,Utah Jazz,1610612745,HOU,Houston Rockets
0022301168,2024-04-11,2023-24,regular_season,road,False,1610612745,HOU,Rockets,240:00,121,-3,Houston,rockets,40,95,0.421,21,47,0.447,20,22,0.909,16,23,39,22,8,6,10,18,1610612762,UTA,Utah Jazz,1610612745,HOU,Houston Rockets
0022301169,2024-04-11,2023-24,regular_season,home,False,1610612757,POR,Trail Blazers,240:00,92,-8,Portland,blazers,35,97,0.361,8,34,0.235,14,17,0.824,20,29,49,22,9,3,12,18,1610612757,POR,Portland Trail Blazers,1610612744,GSW,Golden State Warriors
0022301169,2024-04-11,2023-24,regular_season,road,False,1610612744,GSW,Warriors,240:00,100,8,Golden State,warriors,36,77,0.468,12,35,0.343,16,20,0.8,10,36,46,24,8,13,16,18,1610612757,POR,Portland Trail Blazers,1610612744,GSW,Golden State Warriors
0022301170,2024-04-11,2023-24,regular_season,home,False,1610612758,SAC,Kings,240:00,123,-12,Sacramento,kings,46,84,0.548,16,38,0.421,15,20,0.75,5,27,32,26,7,0,14,17,1610612758,SAC,Sacramento Kings,1610612740,NOP,New Orleans Pelicans
0022301170,2024-04-11,2023-24,regular_season,road,False,1610612740,NOP,Pelicans,240:00,135,12,New Orleans,pelicans,49,86,0.57,22,40,0.55,15,18,0.833,5,35,40,35,7,2,13,16,1610612758,SAC,Sacramento Kings,1610612740,NOP,New Orleans Pelicans
0022301171,2024-04-12,2023-24,regular_season,home,False,1610612755,PHI,76ers,240:00,125,12,Philadelphia,sixers,42,88,0.477,18,37,0.486,23,28,0.821,8,36,44,22,6,6,11,20,1610612755,PHI,Philadelphia 76ers,1610612753,ORL,Orlando Magic
0022301171,2024-04-12,2023-24,regular_season,road,False,1610612753,ORL,Magic,240:00,113,-12,Orlando,magic,43,95,0.453,8,27,0.296,19,25,0.76,10,35,45,25,7,7,11,21,1610612755,PHI,Philadelphia 76ers,1610612753,ORL,Orlando Magic
0022301172,2024-04-12,2023-24,regular_season,home,False,1610612764,WAS,Wizards,240:00,127,-2,Washington,wizards,45,86,0.523,18,43,0.419,19,29,0.655,4,35,39,32,6,5,12,22,1610612764,WAS,Washington Wizards,1610612741,CHI,Chicago Bulls
0022301172,2024-04-12,2023-24,regular_season,road,False,1610612741,CHI,Bulls,240:00,129,2,Chicago,bulls,48,98,0.49,14,35,0.4,19,28,0.679,17,39,56,28,9,6,13,25,1610612764,WAS,Washington Wizards,1610612741,CHI,Chicago Bulls
0022301173,2024-04-12,2023-24,regular_season,home,False,1610612738,BOS,Celtics,240:00,131,33,Boston,celtics,54,104,0.519,14,41,0.341,9,13,0.692,16,37,53,34,12,1,6,20,1610612738,BOS,Boston Celtics,1610612766,CHA,Charlotte Hornets
0022301173,2024-04-12,2023-24,regular_season,road,False,1610612766,CHA,Hornets,240:00,98,-33,Charlotte,hornets,32,76,0.421,15,35,0.429,19,22,0.864,4,29,33,20,3,7,19,15,1610612738,BOS,Boston Celtics,1610612766,CHA,Charlotte Hornets
0022301174,2024-04-12,2023-24,regular_season,home,False,1610612739,CLE,Cavaliers,240:00,129,9,Cleveland,cavaliers,50,95,0.526,13,32,0.406,16,23,0.696,11,30,41,28,9,2,9,14,1610612739,CLE,Cleveland Cavaliers,1610612754,IND,Indiana Pacers
0022301174,2024-04-12,2023-24,regular_season,road,False,1610612754,IND,Pacers,240:00,120,-9,Indiana,pacers,46,89,0.517,9,32,0.281,19,22,0.864,7,32,39,37,7,2,13,17,1610612739,CLE,Cleveland Cavaliers,1610612754,IND,Indiana Pacers
0022301175,2024-04-12,2023-24,regular_season,home,False,1610612752,NYK,Knicks,240:00,111,4,New York,knicks,38,83,0.458,14,30,0.467,21,25,0.84,8,23,31,21,10,3,5,15,1610612752,NYK,New York Knicks,1610612751,BKN,Brooklyn Nets
0022301175,2024-04-12,2023-24,regular_season,road,False,1610612751,BKN,Nets,240:00,107,-4,Brooklyn,nets,41,82,0.5,11,32,0.344,14,19,0.737,16,29,45,22,3,4,12,19,1610612752,NYK,New York Knicks,1610612751,BKN,Brooklyn Nets
0022301176,2024-04-12,2023-24,regular_season,home,False,1610612748,MIA,Heat,240:00,125,22,Miami,heat,45,86,0.523,17,41,0.415,18,23,0.783,6,31,37,37,7,2,4,16,1610612748,MIA,Miami Heat,1610612761,TOR,Toronto Raptors
0022301176,2024-04-12,2023-24,regular_season,road,False,1610612761,TOR,Raptors,240:00,103,-22,Toronto,raptors,37,77,0.481,10,31,0.323,19,22,0.864,7,34,41,23,1,1,17,21,1610612748,MIA,Miami Heat,1610612761,TOR,Toronto Raptors
0022301177,2024-04-12,2023-24,regular_season,home,False,1610612763,MEM,Grizzlies,240:00,120,-3,Memphis,grizzlies,43,95,0.453,17,39,0.436,17,21,0.81,16,26,42,19,14,2,13,27,1610612763,MEM,Memphis Grizzlies,1610612747,LAL,Los Angeles Lakers
0022301177,2024-04-12,2023-24,regular_season,road,False,1610612747,LAL,Lakers,240:00,123,3,Los Angeles,lakers,42,81,0.519,13,37,0.351,26,34,0.765,10,29,39,25,5,6,19,17,1610612763,MEM,Memphis Grizzlies,1610612747,LAL,Los Angeles Lakers
0022301178,2024-04-12,2023-24,regular_season,home,False,1610612750,MIN,Timberwolves,240:00,109,3,Minnesota,timberwolves,38,79,0.481,10,37,0.27,23,29,0.793,7,37,44,29,8,11,14,22,1610612750,MIN,Minnesota Timberwolves,1610612737,ATL,Atlanta Hawks
0022301178,2024-04-12,2023-24,regular_season,road,False,1610612737,ATL,Hawks,240:00,106,-3,Atlanta,hawks,40,90,0.444,9,30,0.3,17,25,0.68,9,31,40,23,4,1,14,25,1610612750,MIN,Minnesota Timberwolves,1610612737,ATL,Atlanta Hawks
0022301179,2024-04-12,2023-24,regular_season,home,False,1610612760,OKC,Thunder,240:00,125,18,Oklahoma City,thunder,47,89,0.528,13,38,0.342,18,20,0.9,8,30,38,29,13,5,10,12,1610612760,OKC,Oklahoma City Thunder,1610612749,MIL,Milwaukee Bucks
0022301179,2024-04-12,2023-24,regular_season,road,False,1610612749,MIL,Bucks,240:00,107,-18,Milwaukee,bucks,42,85,0.494,11,30,0.367,12,13,0.923,8,34,42,27,7,3,17,15,1610612760,OKC,Oklahoma City Thunder,1610612749,MIL,Milwaukee Bucks
0022301180,2024-04-12,2023-24,regular_season,home,False,1610612759,SAS,Spurs,240:00,121,1,San Antonio,spurs,45,85,0.529,15,33,0.455,16,23,0.696,11,38,49,31,2,4,18,13,1610612759,SAS,San Antonio Spurs,1610612743,DEN,Denver Nuggets
0022301180,2024-04-12,2023-24,regular_season,road,False,1610612743,DEN,Nuggets,240:00,120,-1,Denver,nuggets,49,97,0.505,13,36,0.361,9,10,0.9,6,27,33,31,9,4,7,19,1610612759,SAS,San Antonio Spurs,1610612743,DEN,Denver Nuggets
0022301181,2024-04-12,2023-24,regular_season,home,False,1610612742,DAL,Mavericks,240:00,89,-18,Dallas,mavericks,36,83,0.434,8,29,0.276,9,12,0.75,9,40,49,20,5,5,20,9,1610612742,DAL,Dallas Mavericks,1610612765,DET,Detroit Pistons
0022301181,2024-04-12,2023-24,regular_season,road,False,1610612765,DET,Pistons,240:00,107,18,Detroit,pistons,46,95,0.484,8,31,0.258,7,9,0.778,6,34,40,23,11,7,6,10,1610612742,DAL,Dallas Mavericks,1610612765,DET,Detroit Pistons
0022301182,2024-04-12,2023-24,regular_season,home,False,1610612744,GSW,Warriors,240:00,109,-5,Golden State,warriors,40,86,0.465,13,34,0.382,16,21,0.762,11,42,53,27,6,5,16,15,1610612744,GSW,Golden State Warriors,1610612740,NOP,New Orleans Pelicans
0022301182,2024-04-12,2023-24,regular_season,road,False,1610612740,NOP,Pelicans,240:00,114,5,New Orleans,pelicans,42,90,0.467,20,38,0.526,10,16,0.625,5,33,38,24,11,5,8,13,1610612744,GSW,Golden State Warriors,1610612740,NOP,New Orleans Pelicans
0022301183,2024-04-12,2023-24,regular_season,home,False,1610612757,POR,Trail Blazers,240:00,107,-9,Portland,blazers,37,95,0.389,12,35,0.343,21,29,0.724,16,32,48,20,4,5,7,14,1610612757,POR,Portland Trail Blazers,1610612745,HOU,Houston Rockets
0022301183,2024-04-12,2023-24,regular_season,road,False,1610612745,HOU,Rockets,240:00,116,9,Houston,rockets,44,92,0.478,11,39,0.282,17,20,0.85,10,38,48,25,3,5,8,20,1610612757,POR,Portland Trail Blazers,1610612745,HOU,Houston Rockets
0022301184,2024-04-12,2023-24,regular_season,home,False,1610612746,LAC,Clippers,240:00,109,-1,LA,clippers,43,96,0.448,10,39,0.256,13,19,0.684,20,24,44,23,9,7,13,17,1610612746,LAC,LA Clippers,1610612762,UTA,Utah Jazz
0022301184,2024-04-12,2023-24,regular_season,road,False,1610612762,UTA,Jazz,240:00,110,1,Utah,jazz,41,88,0.466,6,35,0.171,22,25,0.88,14,32,46,26,7,4,16,14,1610612746,LAC,LA Clippers,1610612762,UTA,Utah Jazz
0022301185,2024-04-12,2023-24,regular_season,home,False,1610612758,SAC,Kings,240:00,107,-1,Sacramento,kings,40,91,0.44,14,38,0.368,13,14,0.929,9,26,35,26,12,1,7,19,1610612758,SAC,Sacramento Kings,1610612756,PHX,Phoenix Suns
0022301185,2024-04-12,2023-24,regular_season,road,False,1610612756,PHX,Suns,240:00,108,1,Phoenix,suns,40,76,0.526,12,32,0.375,16,17,0.941,6,35,41,25,4,4,18,16,1610612758,SAC,Sacramento Kings,1610612756,PHX,Phoenix Suns
0022301186,2024-04-14,2023-24,regular_season,home,False,1610612738,BOS,Celtics,240:00,132,10,Boston,celtics,51,89,0.573,16,32,0.5,14,21,0.667,10,38,48,29,10,15,14,13,1610612738,BOS,Boston Celtics,1610612764,WAS,Washington Wizards
0022301186,2024-04-14,2023-24,regular_season,road,False,1610612764,WAS,Wizards,240:00,122,-10,Washington,wizards,49,103,0.476,14,38,0.368,10,10,1.0,8,28,36,33,9,4,11,16,1610612738,BOS,Boston Celtics,1610612764,WAS,Washington Wizards
0022301187,2024-04-14,2023-24,regular_season,home,False,1610612739,CLE,Cavaliers,240:00,110,-10,Cleveland,cavaliers,44,93,0.473,16,33,0.485,6,9,0.667,12,31,43,30,4,1,14,8,1610612739,CLE,Cleveland Cavaliers,1610612766,CHA,Charlotte Hornets
0022301187,2024-04-14,2023-24,regular_season,road,False,1610612766,CHA,Hornets,240:00,120,10,Charlotte,hornets,46,91,0.505,19,40,0.475,9,11,0.818,10,37,47,36,10,9,9,11,1610612739,CLE,Cleveland Cavaliers,1610612766,CHA,Charlotte Hornets
0022301188,2024-04-14,2023-24,regular_season,home,False,1610612754,IND,Pacers,240:00,157,42,Indiana,pacers,65,100,0.65,19,36,0.528,8,10,0.8,12,36,48,41,10,6,14,24,1610612754,IND,Indiana Pacers,1610612737,ATL,Atlanta Hawks
0022301188,2024-04-14,2023-24,regular_season,road,False,1610612737,ATL,Hawks,240:00,115,-42,Atlanta,hawks,39,89,0.438,12,36,0.333,25,27,0.926,9,23,32,25,6,5,15,12,1610612754,IND,Indiana Pacers,1610612737,ATL,Atlanta Hawks
0022301189,2024-04-14,2023-24,regular_season,home,False,1610612748,MIA,Heat,240:00,118,15,Miami,heat,46,87,0.529,9,36,0.25,17,19,0.895,13,33,46,29,13,7,19,16,1610612748,MIA,Miami Heat,1610612761,TOR,Toronto Raptors
0022301189,2024-04-14,2023-24,regular_season,road,False,1610612761,TOR,Raptors,240:00,103,-15,Toronto,raptors,38,90,0.422,9,34,0.265,18,21,0.857,13,28,41,23,6,3,19,21,1610612748,MIA,Miami Heat,1610612761,TOR,Toronto Raptors
0022301190,2024-04-14,2023-24,regular_season,home,False,1610612752,NYK,Knicks,265:00,120,1,New York,knicks,46,91,0.505,12,32,0.375,16,21,0.762,16,37,53,27,7,6,21,17,1610612752,NYK,New York Knicks,1610612741,CHI,Chicago Bulls
0022301190,2024-04-14,2023-24,regular_season,road,False,1610612741,CHI,Bulls,265:00,119,-1,Chicago,bulls,49,101,0.485,8,31,0.258,13,16,0.813,15,29,44,25,15,3,12,21,1610612752,NYK,New York Knicks,1610612741,CHI,Chicago Bulls
0022301191,2024-04-14,2023-24,regular_season,home,False,1610612753,ORL,Magic,240:00,113,25,Orlando,magic,42,85,0.494,11,35,0.314,18,19,0.947,7,36,43,27,11,5,11,18,1610612753,ORL,Orlando Magic,1610612749,MIL,Milwaukee Bucks
0022301191,2024-04-14,2023-24,regular_season,road,False,1610612749,MIL,Bucks,240:00,88,-25,Milwaukee,bucks,30,75,0.4,7,27,0.259,21,23,0.913,7,27,34,16,10,4,17,18,1610612753,ORL,Orlando Magic,1610612749,MIL,Milwaukee Bucks
0022301192,2024-04-14,2023-24,regular_season,home,False,1610612755,PHI,76ers,240:00,107,21,Philadelphia,sixers,41,96,0.427,14,44,0.318,11,15,0.733,13,44,57,30,8,6,12,16,1610612755,PHI,Philadelphia 76ers,1610612751,BKN,Brooklyn Nets
0022301192,2024-04-14,2023-24,regular_season,road,False,1610612751,BKN,Nets,240:00,86,-21,Brooklyn,nets,32,83,0.386,9,34,0.265,13,17,0.765,4,38,42,19,8,6,12,14,1610612755,PHI,Philadelphia 76ers,1610612751,BKN,Brooklyn Nets
0022301193,2024-04-14,2023-24,regular_season,home,False,1610612763,MEM,Grizzlies,240:00,111,-15,Memphis,grizzlies,45,100,0.45,8,33,0.242,13,18,0.722,16,27,43,22,9,2,13,18,1610612763,MEM,Memphis Grizzlies,1610612743,DEN,Denver Nuggets
0022301193,2024-04-14,2023-24,regular_season,road,False,1610612743,DEN,Nuggets,240:00,126,15,Denver,nuggets,46,89,0.517,12,36,0.333,22,26,0.846,16,38,54,32,9,5,17,17,1610612763,MEM,Memphis Grizzlies,1610612743,DEN,Denver Nuggets
0022301194,2024-04-14,2023-24,regular_season,home,False,1610612750,MIN,Timberwolves,240:00,106,-19,Minnesota,timberwolves,36,70,0.514,9,26,0.346,25,31,0.806,12,24,36,22,7,5,24,20,1610612750,MIN,Minnesota Timberwolves,1610612756,PHX,Phoenix Suns
0022301194,2024-04-14,2023-24,regular_season,road,False,1610612756,PHX,Suns,240:00,125,19,Phoenix,suns,47,86,0.547,16,29,0.552,15,18,0.833,13,19,32,28,13,3,12,24,1610612750,MIN,Minnesota Timberwolves,1610612756,PHX,Phoenix Suns
0022301195,2024-04-14,2023-24,regular_season,home,False,1610612740,NOP,Pelicans,240:00,108,-16,New Orleans,pelicans,41,86,0.477,15,37,0.405,11,14,0.786,10,29,39,26,8,1,19,17,1610612740,NOP,New Orleans Pelicans,1610612747,LAL,Los Angeles Lakers
0022301195,2024-04-14,2023-24,regular_season,road,False,1610612747,LAL,Lakers,240:00,124,16,Los Angeles,lakers,48,87,0.552,11,29,0.379,17,18,0.944,7,32,39,32,12,3,14,13,1610612740,NOP,New Orleans Pelicans,1610612747,LAL,Los Angeles Lakers
0022301196,2024-04-14,2023-24,regular_season,home,False,1610612760,OKC,Thunder,240:00,135,49,Oklahoma City,thunder,54,97,0.557,14,34,0.412,13,16,0.813,11,47,58,38,6,6,14,17,1610612760,OKC,Oklahoma City Thunder,1610612742,DAL,Dallas Mavericks
0022301196,2024-04-14,2023-24,regular_season,road,False,1610612742,DAL,Mavericks,240:00,86,-49,Dallas,mavericks,32,97,0.33,8,39,0.205,14,17,0.824,12,29,41,19,8,2,14,15,1610612760,OKC,Oklahoma City Thunder,1610612742,DAL,Dallas Mavericks
0022301197,2024-04-14,2023-24,regular_season,home,False,1610612759,SAS,Spurs,240:00,123,28,San Antonio,spurs,49,91,0.538,15,34,0.441,10,14,0.714,12,42,54,33,9,3,13,17,1610612759,SAS,San Antonio Spurs,1610612765,DET,Detroit Pistons
0022301197,2024-04-14,2023-24,regular_season,road,False,1610612765,DET,Pistons,240:00,95,-28,Detroit,pistons,36,92,0.391,8,33,0.242,15,20,0.75,11,29,40,17,7,3,14,9,1610612759,SAS,San Antonio Spurs,1610612765,DET,Detroit Pistons
0022301198,2024-04-14,2023-24,regular_season,home,False,1610612744,GSW,Warriors,240:00,123,7,Golden State,warriors,45,94,0.479,14,43,0.326,19,23,0.826,12,30,42,35,10,6,9,14,1610612744,GSW,Golden State Warriors,1610612762,UTA,Utah Jazz
0022301198,2024-04-14,2023-24,regular_season,road,False,1610612762,UTA,Jazz,240:00,116,-7,Utah,jazz,46,89,0.517,14,34,0.412,10,16,0.625,14,34,48,22,6,5,19,20,1610612744,GSW,Golden State Warriors,1610612762,UTA,Utah Jazz
0022301199,2024-04-14,2023-24,regular_season,home,False,1610612746,LAC,Clippers,240:00,105,-11,LA,clippers,41,104,0.394,8,37,0.216,15,17,0.882,16,35,51,23,13,8,12,14,1610612746,LAC,LA Clippers,1610612745,HOU,Houston Rockets
0022301199,2024-04-14,2023-24,regular_season,road,False,1610612745,HOU,Rockets,240:00,116,11,Houston,rockets,50,103,0.485,11,38,0.289,5,14,0.357,17,42,59,31,7,8,18,13,1610612746,LAC,LA Clippers,1610612745,HOU,Houston Rockets
0022301200,2024-04-14,2023-24,regular_season,home,False,1610612758,SAC,Kings,240:00,121,39,Sacramento,kings,43,87,0.494,13,34,0.382,22,27,0.815,13,38,51,29,11,6,14,19,1610612758,SAC,Sacramento Kings,1610612757,POR,Portland Trail Blazers
0022301200,2024-04-14,2023-24,regular_season,road,False,1610612757,POR,Trail Blazers,240:00,82,-39,Portland,blazers,31,98,0.316,7,45,0.156,13,17,0.765,23,31,54,18,11,2,17,19,1610612758,SAC,Sacramento Kings,1610612757,POR,Portland Trail Blazers
0052300121,2024-04-16,2023-24,play_in,home,False,1610612740,NOP,Pelicans,240:00,106,-4,New Orleans,pelicans,43,93,0.462,9,30,0.3,11,15,0.733,10,40,50,30,4,2,12,23,1610612740,NOP,New Orleans Pelicans,1610612747,LAL,Los Angeles Lakers
0052300121,2024-04-16,2023-24,play_in,road,False,1610612747,LAL,Lakers,240:00,110,4,Los Angeles,lakers,35,84,0.417,14,35,0.4,26,29,0.897,6,35,41,24,8,7,8,12,1610612740,NOP,New Orleans Pelicans,1610612747,LAL,Los Angeles Lakers
0052300131,2024-04-16,2023-24,play_in,home,False,1610612758,SAC,Kings,240:00,118,24,Sacramento,kings,43,98,0.439,18,39,0.462,14,15,0.933,15,34,49,28,10,5,8,17,1610612758,SAC,Sacramento Kings,1610612744,GSW,Golden State Warriors
0052300131,2024-04-16,2023-24,play_in,road,False,1610612744,GSW,Warriors,240:00,94,-24,Golden State,warriors,33,80,0.413,10,32,0.313,18,23,0.783,8,34,42,19,5,3,16,17,1610612758,SAC,Sacramento Kings,1610612744,GSW,Golden State Warriors
0052300101,2024-04-17,2023-24,play_in,home,False,1610612755,PHI,76ers,240:00,105,1,Philadelphia,sixers,36,86,0.419,12,35,0.343,21,23,0.913,15,34,49,23,4,3,15,17,1610612755,PHI,Philadelphia 76ers,1610612748,MIA,Miami Heat
0052300101,2024-04-17,2023-24,play_in,road,False,1610612748,MIA,Heat,240:00,104,-1,Miami,heat,38,90,0.422,14,39,0.359,14,19,0.737,18,29,47,23,12,4,13,19,1610612755,PHI,Philadelphia 76ers,1610612748,MIA,Miami Heat
0052300111,2024-04-17,2023-24,play_in,home,False,1610612741,CHI,Bulls,240:00,131,15,Chicago,bulls,54,95,0.568,11,26,0.423,12,15,0.8,10,37,47,27,6,8,7,20,1610612741,CHI,Chicago Bulls,1610612737,ATL,Atlanta Hawks
0052300111,2024-04-17,2023-24,play_in,road,False,1610612737,ATL,Hawks,240:00,116,-15,Atlanta,hawks,41,91,0.451,11,37,0.297,23,28,0.821,8,26,34,30,4,2,9,16,1610612741,CHI,Chicago Bulls,1610612737,ATL,Atlanta Hawks
0052300201,2024-04-19,2023-24,play_in,home,False,1610612748,MIA,Heat,240:00,112,21,Miami,heat,38,82,0.463,14,33,0.424,22,24,0.917,9,38,47,26,6,6,15,11,1610612748,MIA,Miami Heat,1610612741,CHI,Chicago Bulls
0052300201,2024-04-19,2023-24,play_in,road,False,1610612741,CHI,Bulls,240:00,91,-21,Chicago,bulls,35,92,0.38,13,43,0.302,8,10,0.8,7,31,38,27,12,6,12,19,1610612748,MIA,Miami Heat,1610612741,CHI,Chicago Bulls
0052300211,2024-04-19,2023-24,play_in,home,False,1610612740,NOP,Pelicans,240:00,105,7,New Orleans,pelicans,44,85,0.518,7,19,0.368,10,13,0.769,11,34,45,29,9,8,15,19,1610612740,NOP,New Orleans Pelicans,1610612758,SAC,Sacramento Kings
0052300211,2024-04-19,2023-24,play_in,road,False,1610612758,SAC,Kings,240:00,98,-7,Sacramento,kings,36,88,0.409,11,41,0.268,15,22,0.682,14,26,40,21,9,4,15,17,1610612740,NOP,New Orleans Pelicans,1610612758,SAC,Sacramento Kings
0042300111,2024-04-20,2023-24,playoffs,home,False,1610612752,NYK,Knicks,240:00,111,7,New York,knicks,36,91,0.396,16,35,0.457,23,28,0.821,23,32,55,20,6,7,11,18,1610612752,NYK,New York Knicks,1610612755,PHI,Philadelphia 76ers
0042300111,2024-04-20,2023-24,playoffs,road,False,1610612755,PHI,76ers,240:00,104,-7,Philadelphia,sixers,36,81,0.444,12,35,0.343,20,22,0.909,9,24,33,17,8,7,11,21,1610612752,NYK,New York Knicks,1610612755,PHI,Philadelphia 76ers
0042300131,2024-04-20,2023-24,playoffs,home,False,1610612739,CLE,Cavaliers,240:00,97,14,Cleveland,cavaliers,36,81,0.444,8,30,0.267,17,21,0.81,10,44,54,21,9,4,17,21,1610612739,CLE,Cleveland Cavaliers,1610612753,ORL,Orlando Magic
0042300131,2024-04-20,2023-24,playoffs,road,False,1610612753,ORL,Magic,240:00,83,-14,Orlando,magic,28,86,0.326,8,37,0.216,19,30,0.633,11,29,40,16,12,7,12,25,1610612739,CLE,Cleveland Cavaliers,1610612753,ORL,Orlando Magic
0042300151,2024-04-20,2023-24,playoffs,home,False,1610612743,DEN,Nuggets,240:00,114,11,Denver,nuggets,47,102,0.461,15,42,0.357,5,6,0.833,15,34,49,27,7,4,4,20,1610612743,DEN,Denver Nuggets,1610612747,LAL,Los Angeles Lakers
0042300151,2024-04-20,2023-24,playoffs,road,False,1610612747,LAL,Lakers,240:00,103,-11,Los Angeles,lakers,39,79,0.494,8,29,0.276,17,19,0.895,6,34,40,22,3,7,12,15,1610612743,DEN,Denver Nuggets,1610612747,LAL,Los Angeles Lakers
0042300161,2024-04-20,2023-24,playoffs,home,False,1610612750,MIN,Timberwolves,240:00,120,25,Minnesota,timberwolves,44,88,0.5,12,32,0.375,20,22,0.909,13,39,52,26,8,2,14,24,1610612750,MIN,Minnesota Timberwolves,1610612756,PHX,Phoenix Suns
0042300161,2024-04-20,2023-24,playoffs,road,False,1610612756,PHX,Suns,240:00,95,-25,Phoenix,suns,33,75,0.44,9,28,0.321,20,25,0.8,3,25,28,16,9,6,15,19,1610612750,MIN,Minnesota Timberwolves,1610612756,PHX,Phoenix Suns
0042300101,2024-04-21,2023-24,playoffs,home,False,1610612738,BOS,Celtics,240:00,114,20,Boston,celtics,39,82,0.476,22,49,0.449,14,16,0.875,10,34,44,27,6,6,10,10,1610612738,BOS,Boston Celtics,1610612748,MIA,Miami Heat
0042300101,2024-04-21,2023-24,playoffs,road,False,1610612748,MIA,Heat,240:00,94,-20,Miami,heat,38,81,0.469,12,37,0.324,6,6,1.0,5,29,34,23,4,1,9,13,1610612738,BOS,Boston Celtics,1610612748,MIA,Miami Heat
0042300121,2024-04-21,2023-24,playoffs,home,False,1610612749,MIL,Bucks,240:00,109,15,Milwaukee,bucks,41,87,0.471,14,37,0.378,13,13,1.0,5,42,47,21,5,5,10,22,1610612749,MIL,Milwaukee Bucks,1610612754,IND,Indiana Pacers
0042300121,2024-04-21,2023-24,playoffs,road,False,1610612754,IND,Pacers,240:00,94,-15,Indiana,pacers,36,91,0.396,8,38,0.211,14,21,0.667,14,36,50,20,4,5,12,16,1610612749,MIL,Milwaukee Bucks,1610612754,IND,Indiana Pacers
0042300141,2024-04-21,2023-24,playoffs,home,False,1610612760,OKC,Thunder,240:00,94,2,Oklahoma City,thunder,37,85,0.435,10,32,0.313,10,13,0.769,8,36,44,21,5,7,13,13,1610612760,OKC,Oklahoma City Thunder,1610612740,NOP,New Orleans Pelicans
0042300141,2024-04-21,2023-24,playoffs,road,False,1610612740,NOP,Pelicans,240:00,92,-2,New Orleans,pelicans,37,96,0.385,11,39,0.282,7,9,0.778,18,34,52,22,7,6,14,16,1610612760,OKC,Oklahoma City Thunder,1610612740,NOP,New Orleans Pelicans
0042300171,2024-04-21,2023-24,playoffs,home,False,1610612746,LAC,Clippers,240:00,109,12,LA,clippers,40,87,0.46,18,36,0.5,11,13,0.846,10,35,45,21,5,3,12,22,1610612746,LAC,LA Clippers,1610612742,DAL,Dallas Mavericks
0042300171,2024-04-21,2023-24,playoffs,road,False,1610612742,DAL,Mavericks,240:00,97,-12,Dallas,mavericks,31,80,0.388,10,33,0.303,25,33,0.758,9,32,41,14,7,9,8,15,1610612746,LAC,LA Clippers,1610612742,DAL,Dallas Mavericks
0042300112,2024-04-22,2023-24,playoffs,home,False,1610612752,NYK,Knicks,240:00,104,3,New York,knicks,37,91,0.407,11,33,0.333,19,23,0.826,12,34,46,22,5,6,7,17,1610612752,NYK,New York Knicks,1610612755,PHI,Philadelphia 76ers
0042300112,2024-04-22,2023-24,playoffs,road,False,1610612755,PHI,76ers,240:00,101,-3,Philadelphia,sixers,36,84,0.429,13,36,0.361,16,22,0.727,10,34,44,26,3,6,10,21,1610612752,NYK,New York Knicks,1610612755,PHI,Philadelphia 76ers
0042300132,2024-04-22,2023-24,playoffs,home,False,1610612739,CLE,Cavaliers,240:00,96,10,Cleveland,cavaliers,34,82,0.415,12,39,0.308,16,26,0.615,15,33,48,18,11,6,15,24,1610612739,CLE,Cleveland Cavaliers,1610612753,ORL,Orlando Magic
0042300132,2024-04-22,2023-24,playoffs,road,False,1610612753,ORL,Magic,240:00,86,-10,Orlando,magic,29,80,0.363,9,35,0.257,19,26,0.731,11,30,41,18,8,5,16,22,1610612739,CLE,Cleveland Cavaliers,1610612753,ORL,Orlando Magic
0042300152,2024-04-22,2023-24,playoffs,home,False,1610612743,DEN,Nuggets,240:00,101,2,Denver,nuggets,39,88,0.443,8,34,0.235,15,17,0.882,9,36,45,26,6,4,9,17,1610612743,DEN,Denver Nuggets,1610612747,LAL,Los Angeles Lakers
0042300152,2024-04-22,2023-24,playoffs,road,False,1610612747,LAL,Lakers,240:00,99,-2,Los Angeles,lakers,38,78,0.487,13,30,0.433,10,13,0.769,4,34,38,24,6,3,14,20,1610612743,DEN,Denver Nuggets,1610612747,LAL,Los Angeles Lakers
0042300122,2024-04-23,2023-24,playoffs,home,False,1610612749,MIL,Bucks,240:00,108,-17,Milwaukee,bucks,38,86,0.442,13,32,0.406,19,21,0.905,8,32,40,24,4,4,7,13,1610612749,MIL,Milwaukee Bucks,1610612754,IND,Indiana Pacers
0042300122,2024-04-23,2023-24,playoffs,road,False,1610612754,IND,Pacers,240:00,125,17,Indiana,pacers,50,90,0.556,16,36,0.444,9,14,0.643,7,38,45,38,3,6,5,18,1610612749,MIL,Milwaukee Bucks,1610612754,IND,Indiana Pacers
0042300162,2024-04-23,2023-24,playoffs,home,False,1610612750,MIN,Timberwolves,240:00,105,12,Minnesota,timberwolves,35,78,0.449,9,32,0.281,26,30,0.867,10,29,39,23,11,2,13,21,1610612750,MIN,Minnesota Timberwolves,1610612756,PHX,Phoenix Suns
0042300162,2024-04-23,2023-24,playoffs,road,False,1610612756,PHX,Suns,240:00,93,-12,Phoenix,suns,35,78,0.449,8,22,0.364,15,19,0.789,11,30,41,19,7,1,19,22,1610612750,MIN,Minnesota Timberwolves,1610612756,PHX,Phoenix Suns
0042300172,2024-04-23,2023-24,playoffs,home,False,1610612746,LAC,Clippers,240:00,93,-3,LA,clippers,32,87,0.368,8,30,0.267,21,26,0.808,14,33,47,18,9,4,8,19,1610612746,LAC,LA Clippers,1610612742,DAL,Dallas Mavericks
0042300172,2024-04-23,2023-24,playoffs,road,False,1610612742,DAL,Mavericks,240:00,96,3,Dallas,mavericks,32,76,0.421,14,33,0.424,18,27,0.667,11,39,50,17,8,7,13,23,1610612746,LAC,LA Clippers,1610612742,DAL,Dallas Mavericks
0042300102,2024-04-24,2023-24,playoffs,home,False,1610612738,BOS,Celtics,240:00,101,-10,Boston,celtics,37,80,0.463,12,32,0.375,15,21,0.714,6,33,39,21,9,8,12,17,1610612738,BOS,Boston Celtics,1610612748,MIA,Miami Heat
0042300102,2024-04-24,2023-24,playoffs,road,False,1610612748,MIA,Heat,240:00,111,10,Miami,heat,37,75,0.493,23,43,0.535,14,18,0.778,4,36,40,25,9,1,12,22,1610612738,BOS,Boston Celtics,1610612748,MIA,Miami Heat
0042300142,2024-04-24,2023-24,playoffs,home,False,1610612760,OKC,Thunder,240:00,124,32,Oklahoma City,thunder,46,78,0.59,14,29,0.483,18,20,0.9,5,32,37,25,5,2,8,19,1610612760,OKC,Oklahoma City Thunder,1610612740,NOP,New Orleans Pelicans
0042300142,2024-04-24,2023-24,playoffs,road,False,1610612740,NOP,Pelicans,240:00,92,-32,New Orleans,pelicans,33,73,0.452,7,26,0.269,19,21,0.905,8,27,35,16,4,2,17,24,1610612760,OKC,Oklahoma City Thunder,1610612740,NOP,New Orleans Pelicans
0042300113,2024-04-25,2023-24,playoffs,home,False,1610612755,PHI,76ers,240:00,125,11,Philadelphia,sixers,41,75,0.547,15,31,0.484,28,33,0.848,8,28,36,24,6,8,10,18,1610612755,PHI,Philadelphia 76ers,1610612752,NYK,New York Knicks
0042300113,2024-04-25,2023-24,playoffs,road,False,1610612752,NYK,Knicks,240:00,114,-11,New York,knicks,44,90,0.489,13,30,0.433,13,19,0.684,11,21,32,27,4,3,9,25,1610612755,PHI,Philadelphia 76ers,1610612752,NYK,New York Knicks
0042300133,2024-04-25,2023-24,playoffs,home,False,1610612753,ORL,Magic,240:00,121,38,Orlando,magic,47,92,0.511,13,37,0.351,14,16,0.875,14,37,51,24,7,3,8,21,1610612753,ORL,Orlando Magic,1610612739,CLE,Cleveland Cavaliers
0042300133,2024-04-25,2023-24,playoffs,road,False,1610612739,CLE,Cavaliers,240:00,83,-38,Cleveland,cavaliers,32,82,0.39,8,34,0.235,11,13,0.846,5,27,32,24,2,8,14,16,1610612753,ORL,Orlando Magic,1610612739,CLE,Cleveland Cavaliers
0042300153,2024-04-25,2023-24,playoffs,home,False,1610612747,LAL,Lakers,240:00,105,-7,Los Angeles,lakers,44,90,0.489,5,27,0.185,12,17,0.706,8,30,38,23,8,2,7,16,1610612747,LAL,Los Angeles Lakers,1610612743,DEN,Denver Nuggets
0042300153,2024-04-25,2023-24,playoffs,road,False,1610612743,DEN,Nuggets,240:00,112,7,Denver,nuggets,44,90,0.489,5,28,0.179,19,22,0.864,14,37,51,27,4,3,13,14,1610612747,LAL,Los Angeles Lakers,1610612743,DEN,Denver Nuggets
0042300123,2024-04-26,2023-24,playoffs,home,False,1610612754,IND,Pacers,265:00,121,3,Indiana,pacers,45,105,0.429,13,49,0.265,18,24,0.75,19,31,50,32,5,4,8,20,1610612754,IND,Indiana Pacers,1610612749,MIL,Milwaukee Bucks
0042300123,2024-04-26,2023-24,playoffs,road,False,1610612749,MIL,Bucks,265:00,118,-3,Milwaukee,bucks,41,88,0.466,10,31,0.323,26,27,0.963,11,32,43,20,6,2,11,26,1610612754,IND,Indiana Pacers,1610612749,MIL,Milwaukee Bucks
0042300163,2024-04-26,2023-24,playoffs,home,False,1610612756,PHX,Suns,240:00,109,-17,Phoenix,suns,35,76,0.461,11,28,0.393,28,32,0.875,5,23,28,24,8,3,9,26,1610612756,PHX,Phoenix Suns,1610612750,MIN,Minnesota Timberwolves
0042300163,2024-04-26,2023-24,playoffs,road,False,1610612750,MIN,Timberwolves,240:00,126,17,Minnesota,timberwolves,43,87,0.494,13,34,0.382,27,31,0.871,15,35,50,26,5,1,13,25,1610612756,PHX,Phoenix Suns,1610612750,MIN,Minnesota Timberwolves
0042300173,2024-04-26,2023-24,playoffs,home,False,1610612742,DAL,Mavericks,240:00,101,11,Dallas,mavericks,39,86,0.453,9,35,0.257,14,19,0.737,11,25,36,21,12,7,8,16,1610612742,DAL,Dallas Mavericks,1610612746,LAC,LA Clippers
0042300173,2024-04-26,2023-24,playoffs,road,False,1610612746,LAC,Clippers,240:00,90,-11,LA,clippers,32,70,0.457,10,29,0.345,16,20,0.8,8,33,41,19,5,4,19,24,1610612742,DAL,Dallas Mavericks,1610612746,LAC,LA Clippers
0042300103,2024-04-27,2023-24,playoffs,home,False,1610612748,MIA,Heat,240:00,84,-20,Miami,heat,32,77,0.416,9,28,0.321,11,14,0.786,9,27,36,21,2,2,12,14,1610612748,MIA,Miami Heat,1610612738,BOS,Boston Celtics
0042300103,2024-04-27,2023-24,playoffs,road,False,1610612738,BOS,Celtics,240:00,104,20,Boston,celtics,39,82,0.476,11,37,0.297,15,21,0.714,10,33,43,22,4,6,5,16,1610612748,MIA,Miami Heat,1610612738,BOS,Boston Celtics
0042300134,2024-04-27,2023-24,playoffs,home,False,1610612753,ORL,Magic,240:00,112,23,Orlando,magic,43,77,0.558,12,26,0.462,14,19,0.737,8,35,43,24,7,6,17,19,1610612753,ORL,Orlando Magic,1610612739,CLE,Cleveland Cavaliers
0042300134,2024-04-27,2023-24,playoffs,road,False,1610612739,CLE,Cavaliers,240:00,89,-23,Cleveland,cavaliers,34,72,0.472,4,17,0.235,17,21,0.81,2,27,29,24,10,3,15,20,1610612753,ORL,Orlando Magic,1610612739,CLE,Cleveland Cavaliers
0042300143,2024-04-27,2023-24,playoffs,home,False,1610612740,NOP,Pelicans,240:00,85,-21,New Orleans,pelicans,32,84,0.381,9,32,0.281,12,14,0.857,11,34,45,18,14,2,20,15,1610612740,NOP,New Orleans Pelicans,1610612760,OKC,Oklahoma City Thunder
0042300143,2024-04-27,2023-24,playoffs,road,False,1610612760,OKC,Thunder,240:00,106,21,Oklahoma City,thunder,40,83,0.482,17,36,0.472,9,13,0.692,9,38,47,27,13,5,16,14,1610612740,NOP,New Orleans Pelicans,1610612760,OKC,Oklahoma City Thunder
0042300154,2024-04-27,2023-24,playoffs,home,False,1610612747,LAL,Lakers,240:00,119,11,Los Angeles,lakers,48,92,0.522,8,26,0.308,15,18,0.833,8,38,46,23,6,2,11,20,1610612747,LAL,Los Angeles Lakers,1610612743,DEN,Denver Nuggets
0042300154,2024-04-27,2023-24,playoffs,road,False,1610612743,DEN,Nuggets,240:00,108,-11,Denver,nuggets,39,87,0.448,9,30,0.3,21,25,0.84,9,31,40,30,9,4,14,15,1610612747,LAL,Los Angeles Lakers,1610612743,DEN,Denver Nuggets
0042300114,2024-04-28,2023-24,playoffs,home,False,1610612755,PHI,76ers,240:00,92,-5,Philadelphia,sixers,29,82,0.354,9,33,0.273,25,29,0.862,9,33,42,23,5,5,8,24,1610612755,PHI,Philadelphia 76ers,1610612752,NYK,New York Knicks
0042300114,2024-04-28,2023-24,playoffs,road,False,1610612752,NYK,Knicks,240:00,97,5,New York,knicks,37,86,0.43,7,27,0.259,16,26,0.615,15,37,52,19,1,11,12,19,1610612755,PHI,Philadelphia 76ers,1610612752,NYK,New York Knicks
0042300124,2024-04-28,2023-24,playoffs,home,False,1610612754,IND,Pacers,240:00,126,13,Indiana,pacers,46,89,0.517,22,43,0.512,12,18,0.667,5,33,38,33,5,6,7,18,1610612754,IND,Indiana Pacers,1610612749,MIL,Milwaukee Bucks
0042300124,2024-04-28,2023-24,playoffs,road,False,1610612749,MIL,Bucks,240:00,113,-13,Milwaukee,bucks,46,90,0.511,12,33,0.364,9,14,0.643,7,35,42,26,5,4,9,18,1610612754,IND,Indiana Pacers,1610612749,MIL,Milwaukee Bucks
0042300164,2024-04-28,2023-24,playoffs,home,False,1610612756,PHX,Suns,240:00,116,-6,Phoenix,suns,38,74,0.514,10,26,0.385,30,36,0.833,10,23,33,20,6,7,11,26,1610612756,PHX,Phoenix Suns,1610612750,MIN,Minnesota Timberwolves
0042300164,2024-04-28,2023-24,playoffs,road,False,1610612750,MIN,Timberwolves,240:00,122,6,Minnesota,timberwolves,41,89,0.461,15,36,0.417,25,31,0.806,17,27,44,23,6,6,9,27,1610612756,PHX,Phoenix Suns,1610612750,MIN,Minnesota Timberwolves
0042300174,2024-04-28,2023-24,playoffs,home,False,1610612742,DAL,Mavericks,240:00,111,-5,Dallas,mavericks,40,81,0.494,11,33,0.333,20,25,0.8,14,28,42,22,5,5,16,21,1610612742,DAL,Dallas Mavericks,1610612746,LAC,LA Clippers
0042300174,2024-04-28,2023-24,playoffs,road,False,1610612746,LAC,Clippers,240:00,116,5,LA,clippers,43,80,0.538,18,29,0.621,12,18,0.667,5,24,29,22,10,6,12,27,1610612742,DAL,Dallas Mavericks,1610612746,LAC,LA Clippers
0042300104,2024-04-29,2023-24,playoffs,home,False,1610612748,MIA,Heat,240:00,88,-14,Miami,heat,35,86,0.407,9,33,0.273,9,12,0.75,8,34,42,17,4,3,13,18,1610612748,MIA,Miami Heat,1610612738,BOS,Boston Celtics
0042300104,2024-04-29,2023-24,playoffs,road,False,1610612738,BOS,Celtics,240:00,102,14,Boston,celtics,36,86,0.419,14,37,0.378,16,18,0.889,11,35,46,21,5,3,10,20,1610612748,MIA,Miami Heat,1610612738,BOS,Boston Celtics
0042300144,2024-04-29,2023-24,playoffs,home,False,1610612740,NOP,Pelicans,240:00,89,-8,New Orleans,pelicans,32,85,0.376,8,34,0.235,17,20,0.85,12,38,50,22,10,8,18,25,1610612740,NOP,New Orleans Pelicans,1610612760,OKC,Oklahoma City Thunder
0042300144,2024-04-29,2023-24,playoffs,road,False,1610612760,OKC,Thunder,240:00,97,8,Oklahoma City,thunder,35,82,0.427,12,40,0.3,15,24,0.625,8,36,44,18,9,7,14,18,1610612740,NOP,New Orleans Pelicans,1610612760,OKC,Oklahoma City Thunder
0042300155,2024-04-29,2023-24,playoffs,home,False,1610612743,DEN,Nuggets,240:00,108,2,Denver,nuggets,42,89,0.472,16,38,0.421,8,9,0.889,9,36,45,28,6,1,13,16,1610612743,DEN,Denver Nuggets,1610612747,LAL,Los Angeles Lakers
0042300155,2024-04-29,2023-24,playoffs,road,False,1610612747,LAL,Lakers,240:00,106,-2,Los Angeles,lakers,39,84,0.464,10,35,0.286,18,27,0.667,11,30,41,30,7,6,8,12,1610612743,DEN,Denver Nuggets,1610612747,LAL,Los Angeles Lakers
0042300115,2024-04-30,2023-24,playoffs,home,False,1610612752,NYK,Knicks,265:00,106,-6,New York,knicks,40,86,0.465,10,36,0.278,16,24,0.667,6,34,40,19,10,8,14,19,1610612752,NYK,New York Knicks,1610612755,PHI,Philadelphia 76ers
0042300115,2024-04-30,2023-24,playoffs,road,False,1610612755,PHI,76ers,265:00,112,6,Philadelphia,sixers,42,91,0.462,15,39,0.385,13,19,0.684,12,34,46,28,5,7,16,23,1610612752,NYK,New York Knicks,1610612755,PHI,Philadelphia 76ers
0042300125,2024-04-30,2023-24,playoffs,home,False,1610612749,MIL,Bucks,240:00,115,23,Milwaukee,bucks,44,84,0.524,11,29,0.379,16,20,0.8,11,33,44,23,8,4,10,15,1610612749,MIL,Milwaukee Bucks,1610612754,IND,Indiana Pacers
0042300125,2024-04-30,2023-24,playoffs,road,False,1610612754,IND,Pacers,240:00,92,-23,Indiana,pacers,36,81,0.444,12,38,0.316,8,13,0.615,10,26,36,25,3,3,12,18,1610612749,MIL,Milwaukee Bucks,1610612754,IND,Indiana Pacers
0042300135,2024-04-30,2023-24,playoffs,home,False,1610612739,CLE,Cavaliers,240:00,104,1,Cleveland,cavaliers,38,88,0.432,13,37,0.351,15,19,0.789,8,31,39,23,9,3,10,25,1610612739,CLE,Cleveland Cavaliers,1610612753,ORL,Orlando Magic
0042300135,2024-04-30,2023-24,playoffs,road,False,1610612753,ORL,Magic,240:00,103,-1,Orlando,magic,36,78,0.462,9,31,0.29,22,29,0.759,7,36,43,17,5,7,14,17,1610612739,CLE,Cleveland Cavaliers,1610612753,ORL,Orlando Magic
0042300105,2024-05-01,2023-24,playoffs,home,False,1610612738,BOS,Celtics,240:00,118,34,Boston,celtics,42,77,0.545,16,40,0.4,18,27,0.667,8,48,56,23,5,3,14,15,1610612738,BOS,Boston Celtics,1610612748,MIA,Miami Heat
0042300105,2024-05-01,2023-24,playoffs,road,False,1610612748,MIA,Heat,240:00,84,-34,Miami,heat,36,87,0.414,3,29,0.103,9,10,0.9,2,27,29,20,4,0,6,17,1610612738,BOS,Boston Celtics,1610612748,MIA,Miami Heat
0042300175,2024-05-01,2023-24,playoffs,home,False,1610612746,LAC,Clippers,240:00,93,-30,LA,clippers,33,87,0.379,9,35,0.257,18,21,0.857,14,31,45,18,4,0,13,19,1610612746,LAC,LA Clippers,1610612742,DAL,Dallas Mavericks
0042300175,2024-05-01,2023-24,playoffs,road,False,1610612742,DAL,Mavericks,240:00,123,30,Dallas,mavericks,47,87,0.54,14,39,0.359,15,20,0.75,9,31,40,27,5,6,8,22,1610612746,LAC,LA Clippers,1610612742,DAL,Dallas Mavericks
0042300116,2024-05-02,2023-24,playoffs,home,False,1610612755,PHI,76ers,240:00,115,-3,Philadelphia,sixers,38,87,0.437,17,40,0.425,22,23,0.957,16,30,46,20,6,5,11,22,1610612755,PHI,Philadelphia 76ers,1610612752,NYK,New York Knicks
0042300116,2024-05-02,2023-24,playoffs,road,False,1610612752,NYK,Knicks,240:00,118,3,New York,knicks,43,93,0.462,14,31,0.452,18,24,0.75,20,28,48,28,6,8,9,17,1610612755,PHI,Philadelphia 76ers,1610612752,NYK,New York Knicks
0042300126,2024-05-02,2023-24,playoffs,home,False,1610612754,IND,Pacers,240:00,120,22,Indiana,pacers,46,85,0.541,13,40,0.325,15,17,0.882,7,37,44,33,7,3,10,26,1610612754,IND,Indiana Pacers,1610612749,MIL,Milwaukee Bucks
0042300126,2024-05-02,2023-24,playoffs,road,False,1610612749,MIL,Bucks,240:00,98,-22,Milwaukee,bucks,35,83,0.422,7,27,0.259,21,32,0.656,15,25,40,19,4,0,12,18,1610612754,IND,Indiana Pacers,1610612749,MIL,Milwaukee Bucks
0042300136,2024-05-03,2023-24,playoffs,home,False,1610612753,ORL,Magic,240:00,103,7,Orlando,magic,35,89,0.393,11,36,0.306,22,26,0.846,15,33,48,19,6,4,13,15,1610612753,ORL,Orlando Magic,1610612739,CLE,Cleveland Cavaliers
0042300136,2024-05-03,2023-24,playoffs,road,False,1610612739,CLE,Cavaliers,240:00,96,-7,Cleveland,cavaliers,42,86,0.488,7,28,0.25,5,10,0.5,7,31,38,15,8,10,13,23,1610612753,ORL,Orlando Magic,1610612739,CLE,Cleveland Cavaliers
0042300176,2024-05-03,2023-24,playoffs,home,False,1610612742,DAL,Mavericks,240:00,114,13,Dallas,mavericks,40,83,0.482,12,36,0.333,22,33,0.667,18,27,45,26,6,4,9,24,1610612742,DAL,Dallas Mavericks,1610612746,LAC,LA Clippers
0042300176,2024-05-03,2023-24,playoffs,road,False,1610612746,LAC,Clippers,240:00,101,-13,LA,clippers,34,82,0.415,8,31,0.258,25,32,0.781,16,29,45,23,4,2,9,26,1610612742,DAL,Dallas Mavericks,1610612746,LAC,LA Clippers
0042300231,2024-05-04,2023-24,playoffs,home,False,1610612743,DEN,Nuggets,240:00,99,-7,Denver,nuggets,35,75,0.467,13,31,0.419,16,20,0.8,3,31,34,24,12,2,12,18,1610612743,DEN,Denver Nuggets,1610612750,MIN,Minnesota Timberwolves
0042300231,2024-05-04,2023-24,playoffs,road,False,1610612750,MIN,Timberwolves,240:00,106,7,Minnesota,timberwolves,43,82,0.524,11,27,0.407,9,12,0.75,7,35,42,24,4,6,14,20,1610612743,DEN,Denver Nuggets,1610612750,MIN,Minnesota Timberwolves
0042300137,2024-05-05,2023-24,playoffs,home,False,1610612739,CLE,Cavaliers,240:00,106,12,Cleveland,cavaliers,34,77,0.442,8,24,0.333,30,36,0.833,10,38,48,19,8,8,14,23,1610612739,CLE,Cleveland Cavaliers,1610612753,ORL,Orlando Magic
0042300137,2024-05-05,2023-24,playoffs,road,False,1610612753,ORL,Magic,240:00,94,-12,Orlando,magic,29,86,0.337,10,31,0.323,26,30,0.867,18,31,49,17,11,4,17,32,1610612739,CLE,Cleveland Cavaliers,1610612753,ORL,Orlando Magic
0042300211,2024-05-06,2023-24,playoffs,home,False,1610612752,NYK,Knicks,240:00,121,4,New York,knicks,44,82,0.537,11,23,0.478,22,26,0.846,8,32,40,25,5,4,14,19,1610612752,NYK,New York Knicks,1610612754,IND,Indiana Pacers
0042300211,2024-05-06,2023-24,playoffs,road,False,1610612754,IND,Pacers,240:00,117,-4,Indiana,pacers,46,88,0.523,10,26,0.385,15,19,0.789,7,25,32,32,9,5,7,22,1610612752,NYK,New York Knicks,1610612754,IND,Indiana Pacers
0042300232,2024-05-06,2023-24,playoffs,home,False,1610612743,DEN,Nuggets,240:00,80,-26,Denver,nuggets,29,83,0.349,9,30,0.3,13,18,0.722,18,32,50,16,6,6,16,14,1610612743,DEN,Denver Nuggets,1610612750,MIN,Minnesota Timberwolves
0042300232,2024-05-06,2023-24,playoffs,road,False,1610612750,MIN,Timberwolves,240:00,106,26,Minnesota,timberwolves,42,84,0.5,13,33,0.394,9,14,0.643,10,32,42,28,11,12,12,20,1610612743,DEN,Denver Nuggets,1610612750,MIN,Minnesota Timberwolves
0042300201,2024-05-07,2023-24,playoffs,home,False,1610612738,BOS,Celtics,240:00,120,25,Boston,celtics,45,92,0.489,18,46,0.391,12,14,0.857,13,42,55,22,2,7,6,13,1610612738,BOS,Boston Celtics,1610612739,CLE,Cleveland Cavaliers
0042300201,2024-05-07,2023-24,playoffs,road,False,1610612739,CLE,Cavaliers,240:00,95,-25,Cleveland,cavaliers,37,90,0.411,11,42,0.262,10,13,0.769,7,31,38,19,2,3,5,18,1610612738,BOS,Boston Celtics,1610612739,CLE,Cleveland Cavaliers
0042300221,2024-05-07,2023-24,playoffs,home,False,1610612760,OKC,Thunder,240:00,117,22,Oklahoma City,thunder,40,89,0.449,16,35,0.457,21,28,0.75,16,36,52,29,8,8,9,18,1610612760,OKC,Oklahoma City Thunder,1610612742,DAL,Dallas Mavericks
0042300221,2024-05-07,2023-24,playoffs,road,False,1610612742,DAL,Mavericks,240:00,95,-22,Dallas,mavericks,33,84,0.393,12,35,0.343,17,25,0.68,11,28,39,19,5,8,15,21,1610612760,OKC,Oklahoma City Thunder,1610612742,DAL,Dallas Mavericks
0042300212,2024-05-08,2023-24,playoffs,home,False,1610612752,NYK,Knicks,240:00,130,9,New York,knicks,49,86,0.57,14,30,0.467,18,22,0.818,12,32,44,28,5,3,9,14,1610612752,NYK,New York Knicks,1610612754,IND,Indiana Pacers
0042300212,2024-05-08,2023-24,playoffs,road,False,1610612754,IND,Pacers,240:00,121,-9,Indiana,pacers,48,93,0.516,15,34,0.441,10,17,0.588,14,20,34,33,5,3,9,17,1610612752,NYK,New York Knicks,1610612754,IND,Indiana Pacers
0042300202,2024-05-09,2023-24,playoffs,home,False,1610612738,BOS,Celtics,240:00,94,-24,Boston,celtics,33,80,0.413,8,35,0.229,20,24,0.833,6,25,31,22,5,3,7,15,1610612738,BOS,Boston Celtics,1610612739,CLE,Cleveland Cavaliers
0042300202,2024-05-09,2023-24,playoffs,road,False,1610612739,CLE,Cavaliers,240:00,118,24,Cleveland,cavaliers,47,86,0.547,13,28,0.464,11,16,0.688,7,37,44,24,4,3,10,20,1610612738,BOS,Boston Celtics,1610612739,CLE,Cleveland Cavaliers
0042300222,2024-05-09,2023-24,playoffs,home,False,1610612760,OKC,Thunder,240:00,110,-9,Oklahoma City,thunder,42,89,0.472,10,30,0.333,16,17,0.941,8,33,41,25,5,6,10,18,1610612760,OKC,Oklahoma City Thunder,1610612742,DAL,Dallas Mavericks
0042300222,2024-05-09,2023-24,playoffs,road,False,1610612742,DAL,Mavericks,240:00,119,9,Dallas,mavericks,42,90,0.467,18,37,0.486,17,24,0.708,12,32,44,30,8,6,10,21,1610612760,OKC,Oklahoma City Thunder,1610612742,DAL,Dallas Mavericks
0042300213,2024-05-10,2023-24,playoffs,home,False,1610612754,IND,Pacers,240:00,111,5,Indiana,pacers,42,89,0.472,12,32,0.375,15,18,0.833,13,29,42,22,6,6,10,20,1610612754,IND,Indiana Pacers,1610612752,NYK,New York Knicks
0042300213,2024-05-10,2023-24,playoffs,road,False,1610612752,NYK,Knicks,240:00,106,-5,New York,knicks,38,80,0.475,14,27,0.519,16,22,0.727,10,31,41,19,6,6,13,18,1610612754,IND,Indiana Pacers,1610612752,NYK,New York Knicks
0042300233,2024-05-10,2023-24,playoffs,home,False,1610612750,MIN,Timberwolves,240:00,90,-27,Minnesota,timberwolves,31,71,0.437,10,33,0.303,18,25,0.72,5,27,32,23,5,3,14,20,1610612750,MIN,Minnesota Timberwolves,1610612743,DEN,Denver Nuggets
0042300233,2024-05-10,2023-24,playoffs,road,False,1610612743,DEN,Nuggets,240:00,117,27,Denver,nuggets,43,80,0.538,14,29,0.483,17,20,0.85,8,32,40,26,9,4,10,25,1610612750,MIN,Minnesota Timberwolves,1610612743,DEN,Denver Nuggets
0042300203,2024-05-11,2023-24,playoffs,home,False,1610612739,CLE,Cavaliers,240:00,93,-13,Cleveland,cavaliers,36,84,0.429,12,36,0.333,9,10,0.9,7,28,35,17,4,2,8,14,1610612739,CLE,Cleveland Cavaliers,1610612738,BOS,Boston Celtics
0042300203,2024-05-11,2023-24,playoffs,road,False,1610612738,BOS,Celtics,240:00,106,13,Boston,celtics,41,80,0.513,13,34,0.382,11,14,0.786,9,35,44,22,3,4,11,14,1610612739,CLE,Cleveland Cavaliers,1610612738,BOS,Boston Celtics
0042300223,2024-05-11,2023-24,playoffs,home,False,1610612742,DAL,Mavericks,240:00,105,4,Dallas,mavericks,39,91,0.429,11,33,0.333,16,25,0.64,15,33,48,21,7,2,13,16,1610612742,DAL,Dallas Mavericks,1610612760,OKC,Oklahoma City Thunder
0042300223,2024-05-11,2023-24,playoffs,road,False,1610612760,OKC,Thunder,240:00,101,-4,Oklahoma City,thunder,38,81,0.469,10,30,0.333,15,19,0.789,6,35,41,23,7,11,13,22,1610612742,DAL,Dallas Mavericks,1610612760,OKC,Oklahoma City Thunder
0042300214,2024-05-12,2023-24,playoffs,home,False,1610612754,IND,Pacers,240:00,121,32,Indiana,pacers,50,88,0.568,14,31,0.452,7,8,0.875,9,43,52,31,9,7,14,25,1610612754,IND,Indiana Pacers,1610612752,NYK,New York Knicks
0042300214,2024-05-12,2023-24,playoffs,road,False,1610612752,NYK,Knicks,240:00,89,-32,New York,knicks,30,89,0.337,7,37,0.189,22,31,0.71,16,27,43,18,8,2,12,12,1610612754,IND,Indiana Pacers,1610612752,NYK,New York Knicks
0042300234,2024-05-12,2023-24,playoffs,home,False,1610612750,MIN,Timberwolves,240:00,107,-8,Minnesota,timberwolves,39,82,0.476,11,28,0.393,18,27,0.667,12,30,42,21,5,3,11,21,1610612750,MIN,Minnesota Timberwolves,1610612743,DEN,Denver Nuggets
0042300234,2024-05-12,2023-24,playoffs,road,False,1610612743,DEN,Nuggets,240:00,115,8,Denver,nuggets,45,79,0.57,13,29,0.448,12,15,0.8,5,26,31,29,7,6,12,20,1610612750,MIN,Minnesota Timberwolves,1610612743,DEN,Denver Nuggets
0042300204,2024-05-13,2023-24,playoffs,home,False,1610612739,CLE,Cavaliers,240:00,102,-7,Cleveland,cavaliers,41,94,0.436,15,48,0.313,5,7,0.714,8,24,32,26,8,3,7,17,1610612739,CLE,Cleveland Cavaliers,1610612738,BOS,Boston Celtics
0042300204,2024-05-13,2023-24,playoffs,road,False,1610612738,BOS,Celtics,240:00,109,7,Boston,celtics,38,78,0.487,12,32,0.375,21,24,0.875,10,38,48,15,6,4,14,12,1610612739,CLE,Cleveland Cavaliers,1610612738,BOS,Boston Celtics
0042300224,2024-05-13,2023-24,playoffs,home,False,1610612742,DAL,Mavericks,240:00,96,-4,Dallas,mavericks,36,88,0.409,12,35,0.343,12,23,0.522,12,35,47,26,4,13,13,18,1610612742,DAL,Dallas Mavericks,1610612760,OKC,Oklahoma City Thunder
0042300224,2024-05-13,2023-24,playoffs,road,False,1610612760,OKC,Thunder,240:00,100,4,Oklahoma City,thunder,35,92,0.38,7,27,0.259,23,24,0.958,12,33,45,18,8,9,7,20,1610612742,DAL,Dallas Mavericks,1610612760,OKC,Oklahoma City Thunder
0042300215,2024-05-14,2023-24,playoffs,home,False,1610612752,NYK,Knicks,240:00,121,30,New York,knicks,47,101,0.465,12,35,0.343,15,19,0.789,20,33,53,26,7,5,9,22,1610612752,NYK,New York Knicks,1610612754,IND,Indiana Pacers
0042300215,2024-05-14,2023-24,playoffs,road,False,1610612754,IND,Pacers,240:00,91,-30,Indiana,pacers,31,72,0.431,12,27,0.444,17,22,0.773,5,24,29,24,5,6,18,19,1610612752,NYK,New York Knicks,1610612754,IND,Indiana Pacers
0042300235,2024-05-14,2023-24,playoffs,home,False,1610612743,DEN,Nuggets,240:00,112,15,Denver,nuggets,44,80,0.55,9,19,0.474,15,18,0.833,8,30,38,30,6,5,11,17,1610612743,DEN,Denver Nuggets,1610612750,MIN,Minnesota Timberwolves
0042300235,2024-05-14,2023-24,playoffs,road,False,1610612750,MIN,Timberwolves,240:00,97,-15,Minnesota,timberwolves,38,78,0.487,8,26,0.308,13,19,0.684,8,25,33,30,7,7,14,20,1610612743,DEN,Denver Nuggets,1610612750,MIN,Minnesota Timberwolves
0042300205,2024-05-15,2023-24,playoffs,home,False,1610612738,BOS,Celtics,240:00,113,15,Boston,celtics,42,80,0.525,19,43,0.442,10,12,0.833,11,32,43,32,6,6,12,15,1610612738,BOS,Boston Celtics,1610612739,CLE,Cleveland Cavaliers
0042300205,2024-05-15,2023-24,playoffs,road,False,1610612739,CLE,Cavaliers,240:00,98,-15,Cleveland,cavaliers,38,79,0.481,13,31,0.419,9,12,0.75,6,22,28,25,5,2,10,16,1610612738,BOS,Boston Celtics,1610612739,CLE,Cleveland Cavaliers
0042300225,2024-05-15,2023-24,playoffs,home,False,1610612760,OKC,Thunder,240:00,92,-12,Oklahoma City,thunder,37,87,0.425,10,40,0.25,8,10,0.8,8,25,33,20,8,2,6,15,1610612760,OKC,Oklahoma City Thunder,1610612742,DAL,Dallas Mavericks
0042300225,2024-05-15,2023-24,playoffs,road,False,1610612742,DAL,Mavericks,240:00,104,12,Dallas,mavericks,40,76,0.526,14,35,0.4,10,13,0.769,9,37,46,27,5,5,14,17,1610612760,OKC,Oklahoma City Thunder,1610612742,DAL,Dallas Mavericks
0042300236,2024-05-16,2023-24,playoffs,home,False,1610612750,MIN,Timberwolves,240:00,115,45,Minnesota,timberwolves,40,86,0.465,15,40,0.375,20,24,0.833,11,51,62,26,9,4,6,14,1610612750,MIN,Minnesota Timberwolves,1610612743,DEN,Denver Nuggets
0042300236,2024-05-16,2023-24,playoffs,road,False,1610612743,DEN,Nuggets,240:00,70,-45,Denver,nuggets,26,86,0.302,7,36,0.194,11,14,0.786,10,33,43,18,2,5,12,17,1610612750,MIN,Minnesota Timberwolves,1610612743,DEN,Denver Nuggets
0042300216,2024-05-17,2023-24,playoffs,home,False,1610612754,IND,Pacers,240:00,116,13,Indiana,pacers,49,91,0.538,9,26,0.346,9,13,0.692,14,33,47,35,3,8,8,21,1610612754,IND,Indiana Pacers,1610612752,NYK,New York Knicks
0042300216,2024-05-17,2023-24,playoffs,road,False,1610612752,NYK,Knicks,240:00,103,-13,New York,knicks,36,82,0.439,13,34,0.382,18,26,0.692,13,22,35,20,6,5,7,15,1610612754,IND,Indiana Pacers,1610612752,NYK,New York Knicks
0042300226,2024-05-18,2023-24,playoffs,home,False,1610612742,DAL,Mavericks,240:00,117,1,Dallas,mavericks,42,82,0.512,16,34,0.471,17,24,0.708,14,33,47,25,5,4,17,23,1610612742,DAL,Dallas Mavericks,1610612760,OKC,Oklahoma City Thunder
0042300226,2024-05-18,2023-24,playoffs,road,False,1610612760,OKC,Thunder,240:00,116,-1,Oklahoma City,thunder,44,92,0.478,15,41,0.366,13,17,0.765,7,24,31,25,10,5,8,20,1610612742,DAL,Dallas Mavericks,1610612760,OKC,Oklahoma City Thunder
0042300217,2024-05-19,2023-24,playoffs,home,False,1610612752,NYK,Knicks,240:00,109,-21,New York,knicks,36,85,0.424,13,35,0.371,24,27,0.889,9,19,28,22,5,2,8,17,1610612752,NYK,New York Knicks,1610612754,IND,Indiana Pacers
0042300217,2024-05-19,2023-24,playoffs,road,False,1610612754,IND,Pacers,240:00,130,21,Indiana,pacers,53,79,0.671,13,24,0.542,11,16,0.688,7,26,33,33,7,9,12,22,1610612752,NYK,New York Knicks,1610612754,IND,Indiana Pacers
0042300237,2024-05-19,2023-24,playoffs,home,False,1610612743,DEN,Nuggets,240:00,90,-8,Denver,nuggets,34,83,0.41,8,33,0.242,14,16,0.875,11,33,44,18,3,7,10,23,1610612743,DEN,Denver Nuggets,1610612750,MIN,Minnesota Timberwolves
0042300237,2024-05-19,2023-24,playoffs,road,False,1610612750,MIN,Timberwolves,240:00,98,8,Minnesota,timberwolves,31,79,0.392,10,34,0.294,26,30,0.867,11,36,47,18,9,6,7,21,1610612743,DEN,Denver Nuggets,1610612750,MIN,Minnesota Timberwolves
0042300301,2024-05-21,2023-24,playoffs,home,False,1610612738,BOS,Celtics,265:00,133,5,Boston,celtics,47,99,0.475,15,45,0.333,24,30,0.8,13,30,43,30,11,5,14,15,1610612738,BOS,Boston Celtics,1610612754,IND,Indiana Pacers
0042300301,2024-05-21,2023-24,playoffs,road,False,1610612754,IND,Pacers,265:00,128,-5,Indiana,pacers,53,99,0.535,13,35,0.371,9,10,0.9,10,34,44,38,8,4,21,23,1610612738,BOS,Boston Celtics,1610612754,IND,Indiana Pacers
0042300311,2024-05-22,2023-24,playoffs,home,False,1610612750,MIN,Timberwolves,240:00,105,-3,Minnesota,timberwolves,38,89,0.427,18,49,0.367,11,18,0.611,10,30,40,23,8,3,10,17,1610612750,MIN,Minnesota Timberwolves,1610612742,DAL,Dallas Mavericks
0042300311,2024-05-22,2023-24,playoffs,road,False,1610612742,DAL,Mavericks,240:00,108,3,Dallas,mavericks,43,87,0.494,6,25,0.24,16,17,0.941,11,37,48,21,5,8,13,15,1610612750,MIN,Minnesota Timberwolves,1610612742,DAL,Dallas Mavericks
0042300302,2024-05-23,2023-24,playoffs,home,False,1610612738,BOS,Celtics,240:00,126,16,Boston,celtics,47,88,0.534,15,37,0.405,17,20,0.85,13,27,40,28,9,2,10,16,1610612738,BOS,Boston Celtics,1610612754,IND,Indiana Pacers
0042300302,2024-05-23,2023-24,playoffs,road,False,1610612754,IND,Pacers,240:00,110,-16,Indiana,pacers,44,84,0.524,11,29,0.379,11,16,0.688,12,25,37,23,5,2,16,23,1610612738,BOS,Boston Celtics,1610612754,IND,Indiana Pacers
0042300312,2024-05-24,2023-24,playoffs,home,False,1610612750,MIN,Timberwolves,240:00,108,-1,Minnesota,timberwolves,35,85,0.412,12,31,0.387,26,32,0.813,12,28,40,26,7,7,9,19,1610612750,MIN,Minnesota Timberwolves,1610612742,DAL,Dallas Mavericks
0042300312,2024-05-24,2023-24,playoffs,road,False,1610612742,DAL,Mavericks,240:00,109,1,Dallas,mavericks,41,84,0.488,12,31,0.387,15,22,0.682,11,33,44,24,7,7,10,17,1610612750,MIN,Minnesota Timberwolves,1610612742,DAL,Dallas Mavericks
0042300303,2024-05-25,2023-24,playoffs,home,False,1610612754,IND,Pacers,240:00,111,-3,Indiana,pacers,46,91,0.505,5,22,0.227,14,14,1.0,9,34,43,32,4,1,11,21,1610612754,IND,Indiana Pacers,1610612738,BOS,Boston Celtics
0042300303,2024-05-25,2023-24,playoffs,road,False,1610612738,BOS,Celtics,240:00,114,3,Boston,celtics,39,83,0.47,16,46,0.348,20,26,0.769,7,29,36,24,7,12,7,18,1610612754,IND,Indiana Pacers,1610612738,BOS,Boston Celtics
0042300313,2024-05-26,2023-24,playoffs,home,False,1610612742,DAL,Mavericks,240:00,116,9,Dallas,mavericks,38,68,0.559,14,28,0.5,26,31,0.839,7,25,32,19,7,5,14,19,1610612742,DAL,Dallas Mavericks,1610612750,MIN,Minnesota Timberwolves
0042300313,2024-05-26,2023-24,playoffs,road,False,1610612750,MIN,Timberwolves,240:00,107,-9,Minnesota,timberwolves,43,85,0.506,9,30,0.3,12,17,0.706,10,23,33,26,4,2,10,24,1610612742,DAL,Dallas Mavericks,1610612750,MIN,Minnesota Timberwolves
0042300304,2024-05-27,2023-24,playoffs,home,False,1610612754,IND,Pacers,240:00,102,-3,Indiana,pacers,40,87,0.46,10,29,0.345,12,16,0.75,13,34,47,24,5,4,14,19,1610612754,IND,Indiana Pacers,1610612738,BOS,Boston Celtics
0042300304,2024-05-27,2023-24,playoffs,road,False,1610612738,BOS,Celtics,240:00,105,3,Boston,celtics,40,89,0.449,14,44,0.318,11,14,0.786,12,32,44,22,10,6,11,18,1610612754,IND,Indiana Pacers,1610612738,BOS,Boston Celtics
0042300314,2024-05-28,2023-24,playoffs,home,False,1610612742,DAL,Mavericks,240:00,100,-5,Dallas,mavericks,34,81,0.42,14,40,0.35,18,21,0.857,10,28,38,23,6,4,13,22,1610612742,DAL,Dallas Mavericks,1610612750,MIN,Minnesota Timberwolves
0042300314,2024-05-28,2023-24,playoffs,road,False,1610612750,MIN,Timberwolves,240:00,105,5,Minnesota,timberwolves,39,74,0.527,11,24,0.458,16,25,0.64,6,34,40,23,9,4,14,23,1610612742,DAL,Dallas Mavericks,1610612750,MIN,Minnesota Timberwolves
0042300315,2024-05-30,2023-24,playoffs,home,False,1610612750,MIN,Timberwolves,240:00,103,-21,Minnesota,timberwolves,38,89,0.427,10,32,0.313,17,21,0.81,13,28,41,17,8,5,11,17,1610612750,MIN,Minnesota Timberwolves,1610612742,DAL,Dallas Mavericks
0042300315,2024-05-30,2023-24,playoffs,road,False,1610612742,DAL,Mavericks,240:00,124,21,Dallas,mavericks,46,84,0.548,15,34,0.441,17,23,0.739,9,36,45,19,7,5,12,20,1610612750,MIN,Minnesota Timberwolves,1610612742,DAL,Dallas Mavericks
0042300401,2024-06-06,2023-24,playoffs,home,False,1610612738,BOS,Celtics,240:00,107,18,Boston,celtics,39,82,0.476,16,42,0.381,13,19,0.684,10,37,47,23,6,9,12,16,1610612738,BOS,Boston Celtics,1610612742,DAL,Dallas Mavericks
0042300401,2024-06-06,2023-24,playoffs,road,False,1610612742,DAL,Mavericks,240:00,89,-18,Dallas,mavericks,35,84,0.417,7,27,0.259,12,19,0.632,10,33,43,9,8,1,11,16,1610612738,BOS,Boston Celtics,1610612742,DAL,Dallas Mavericks
0042300402,2024-06-09,2023-24,playoffs,home,False,1610612738,BOS,Celtics,240:00,105,7,Boston,celtics,38,84,0.452,10,39,0.256,19,20,0.95,10,31,41,29,10,5,10,15,1610612738,BOS,Boston Celtics,1610612742,DAL,Dallas Mavericks
0042300402,2024-06-09,2023-24,playoffs,road,False,1610612742,DAL,Mavericks,240:00,98,-7,Dallas,mavericks,38,80,0.475,6,26,0.231,16,24,0.667,9,34,43,21,5,3,15,17,1610612738,BOS,Boston Celtics,1610612742,DAL,Dallas Mavericks
0042300403,2024-06-12,2023-24,playoffs,home,False,1610612742,DAL,Mavericks,240:00,99,-7,Dallas,mavericks,38,86,0.442,9,25,0.36,14,16,0.875,7,36,43,15,5,1,8,17,1610612742,DAL,Dallas Mavericks,1610612738,BOS,Boston Celtics
0042300403,2024-06-12,2023-24,playoffs,road,False,1610612738,BOS,Celtics,240:00,106,7,Boston,celtics,38,82,0.463,17,46,0.37,13,14,0.929,6,30,36,26,4,6,9,19,1610612742,DAL,Dallas Mavericks,1610612738,BOS,Boston Celtics
0042300404,2024-06-14,2023-24,playoffs,home,False,1610612742,DAL,Mavericks,240:00,122,38,Dallas,mavericks,46,91,0.505,15,37,0.405,15,22,0.682,13,39,52,21,7,2,8,17,1610612742,DAL,Dallas Mavericks,1610612738,BOS,Boston Celtics
0042300404,2024-06-14,2023-24,playoffs,road,False,1610612738,BOS,Celtics,240:00,84,-38,Boston,celtics,29,80,0.363,14,41,0.341,12,13,0.923,4,27,31,18,2,5,13,19,1610612742,DAL,Dallas Mavericks,1610612738,BOS,Boston Celtics
0042300405,2024-06-17,2023-24,playoffs,home,False,1610612738,BOS,Celtics,240:00,106,18,Boston,celtics,38,89,0.427,13,39,0.333,17,20,0.85,15,36,51,25,9,2,7,15,1610612738,BOS,Boston Celtics,1610612742,DAL,Dallas Mavericks
0042300405,2024-06-17,2023-24,playoffs,road,False,1610612742,DAL,Mavericks,240:00,88,-18,Dallas,mavericks,35,78,0.449,11,37,0.297,7,13,0.538,7,28,35,18,4,4,13,20,1610612738,BOS,Boston Celtics,1610612742,DAL,Dallas Mavericks
