{
  "trained_at": "2026-01-31T10:30:47",
  "training_seasons": [
    "2017-18",
    "2018-19",
    "2019-20",
    "2020-21",
    "2021-22",
    "2022-23",
    "2023-24",
    "2024-25"
  ],
  "four_factors": {
    "coefficients": {
      "shooting": 152.08277086907103,
      "ball_handling": 135.84451074686936,
      "orebounding": 47.7988004489647,
      "free_throws": 27.30694056902648
    },
    "intercept": -0.004771062756149233,
    "league_averages": {
      "efg": 0.5355073431722385,
      "ball_handling": 0.875073480429128,
      "oreb_pct": 0.2315367770949852,
      "ft_rate": 0.19898998989562677
    },
    "factor_ranges": {
      "efg": {
        "q1": 0.489010989010989,
        "q3": 0.5795454545454546
      },
      "ball_handling": {
        "q1": 0.8529411764705882,
        "q3": 0.8989342153619992
      },
      "oreb_pct": {
        "q1": 0.1794871794871795,
        "q3": 0.28
      },
      "ft_rate": {
        "q1": 0.14606741573033707,
        "q3": 0.2441860465116279
      }
    },
    "r_squared": 0.94381625691303,
    "training_games": 20442
  }
}