{
  "trained_at": "2026-01-27T09:12:37",
  "training_seasons": [
    "2017-18",
    "2018-19",
    "2019-20",
    "2020-21",
    "2021-22",
    "2022-23",
    "2023-24",
    "2024-25"
  ],
  "four_factors": {
    "coefficients": {
      "shooting": 152.8061930812855,
      "ball_handling": 136.58815587117488,
      "orebounding": 48.14064066755285,
      "free_throws": 27.512060639681742
    },
    "intercept": 0.03021967627228664,
    "league_averages": {
      "efg": 0.5360585951219328,
      "ball_handling": 0.8757657630811023,
      "oreb_pct": 0.2323402341479192,
      "ft_rate": 0.19747821161812754
    },
    "r_squared": 0.9428247555306222,
    "training_games": 15174
  }
}