{
  "trained_at": "2026-01-24T21:41:54",
  "training_seasons": [
    "2017-18",
    "2018-19",
    "2019-20",
    "2020-21",
    "2021-22",
    "2022-23",
    "2023-24",
    "2024-25"
  ],
  "four_factors": {
    "coefficients": {
      "shooting": 152.43690896925358,
      "ball_handling": 137.05928060815796,
      "orebounding": 48.287982559130185,
      "free_throws": 27.588720754747136
    },
    "intercept": 0.004755522258463679,
    "league_averages": {
      "efg": 0.5355212658539031,
      "ball_handling": 0.875073920132069,
      "oreb_pct": 0.23154021251148615,
      "ft_rate": 0.19898149729097564
    },
    "r_squared": 0.9501911216138713,
    "training_games": 20438
  }
}