{
  "trained_at": "2026-01-27T09:12:06",
  "training_seasons": [
    "2018-19",
    "2019-20",
    "2020-21",
    "2021-22",
    "2022-23",
    "2023-24",
    "2024-25"
  ],
  "four_factors": {
    "coefficients": {
      "shooting": 152.99161772008125,
      "ball_handling": 137.02835706954494,
      "orebounding": 48.04825070154217,
      "free_throws": 27.476677259762464
    },
    "intercept": 0.006298980025841637,
    "league_averages": {
      "efg": 0.5360585951219328,
      "ball_handling": 0.8757657630811023,
      "oreb_pct": 0.2323402341479192,
      "ft_rate": 0.19747821161812754
    },
    "r_squared": 0.9452166336644174,
    "training_games": 15174
  }
}