{
  "trained_at": "2026-01-26T17:50:42",
  "training_seasons": [
    "2018-19",
    "2019-20",
    "2020-21",
    "2021-22",
    "2023-24",
    "2024-25"
  ],
  "four_factors": {
    "coefficients": {
      "shooting": 305.5707169405984,
      "ball_handling": 273.4408934414592,
      "orebounding": 96.43225313129156,
      "free_throws": 54.72939974573638
    },
    "intercept": 0.03234600411809077,
    "league_averages": {
      "efg": 0.5360585951219328,
      "ball_handling": 0.8757657630811023,
      "oreb_pct": 0.2323402341479192,
      "ft_rate": 0.19747821161812754
    },
    "r_squared": 0.944751278499786,
    "training_games": 15174
  }
}