{
  "trained_at": "2026-01-31T10:30:18",
  "training_seasons": [
    "2018-19",
    "2019-20",
    "2020-21",
    "2021-22",
    "2022-23",
    "2023-24",
    "2024-25"
  ],
  "four_factors": {
    "coefficients": {
      "shooting": 152.57740483843287,
      "ball_handling": 136.86154170267412,
      "orebounding": 47.93099843375219,
      "free_throws": 27.449997039251603
    },
    "intercept": 0.014121950307707576,
    "league_averages": {
      "efg": 0.5374710420787268,
      "ball_handling": 0.8757306763344731,
      "oreb_pct": 0.23312444921796616,
      "ft_rate": 0.19938188590785433
    },
    "factor_ranges": {
      "efg": {
        "q1": 0.49029126213592233,
        "q3": 0.5813953488372093
      },
      "ball_handling": {
        "q1": 0.8537005163511188,
        "q3": 0.8995983935742972
      },
      "oreb_pct": {
        "q1": 0.18181818181818182,
        "q3": 0.28205128205128205
      },
      "ft_rate": {
        "q1": 0.14705882352941177,
        "q3": 0.24444444444444444
      }
    },
    "r_squared": 0.9470910501286117,
    "training_games": 17818
  }
}