{
  "trained_at": "2026-01-24T21:41:24",
  "training_seasons": [
    "2018-19",
    "2019-20",
    "2020-21",
    "2021-22",
    "2022-23",
    "2023-24",
    "2024-25"
  ],
  "four_factors": {
    "coefficients": {
      "shooting": 152.87148958093627,
      "ball_handling": 138.2708261323753,
      "orebounding": 48.15007901349892,
      "free_throws": 27.885030212980716
    },
    "intercept": 0.00022118184799016852,
    "league_averages": {
      "efg": 0.5374874565035325,
      "ball_handling": 0.875731328374011,
      "oreb_pct": 0.2331287471707526,
      "ft_rate": 0.1993722303408951
    },
    "r_squared": 0.9509300412454136,
    "training_games": 17814
  }
}