{
  "trained_at": "2026-01-26T17:50:36",
  "training_seasons": [
    "2019-20",
    "2020-21",
    "2021-22",
    "2023-24",
    "2024-25"
  ],
  "four_factors": {
    "coefficients": {
      "shooting": 307.1503963785317,
      "ball_handling": 275.75272762190303,
      "orebounding": 96.81285075471173,
      "free_throws": 55.108366582474204
    },
    "intercept": -0.03109711215718114,
    "league_averages": {
      "efg": 0.5385195671980795,
      "ball_handling": 0.8756912180084107,
      "oreb_pct": 0.23341749890238497,
      "ft_rate": 0.1964815834260252
    },
    "r_squared": 0.9419972384222188,
    "training_games": 12550
  }
}