{
  "trained_at": "2026-01-27T09:11:49",
  "training_seasons": [
    "2019-20",
    "2020-21",
    "2021-22",
    "2022-23",
    "2023-24",
    "2024-25"
  ],
  "four_factors": {
    "coefficients": {
      "shooting": 153.55061417663563,
      "ball_handling": 137.68379793735159,
      "orebounding": 48.19423879975157,
      "free_throws": 27.381514758249622
    },
    "intercept": -0.018793492864527105,
    "league_averages": {
      "efg": 0.5385195671980795,
      "ball_handling": 0.8756912180084107,
      "oreb_pct": 0.23341749890238497,
      "ft_rate": 0.1964815834260252
    },
    "r_squared": 0.943639660484115,
    "training_games": 12550
  }
}