{
  "trained_at": "2026-01-31T10:29:13",
  "training_seasons": [
    "2019-20",
    "2020-21",
    "2021-22",
    "2022-23",
    "2023-24",
    "2024-25"
  ],
  "four_factors": {
    "coefficients": {
      "shooting": 152.8108283170195,
      "ball_handling": 138.14174267338979,
      "orebounding": 48.10684839910045,
      "free_throws": 27.516606364975697
    },
    "intercept": -0.016717043481969732,
    "league_averages": {
      "efg": 0.5397476947291329,
      "ball_handling": 0.8756630438291791,
      "oreb_pct": 0.23414968635185776,
      "ft_rate": 0.19888745109972997
    },
    "factor_ranges": {
      "efg": {
        "q1": 0.4941860465116279,
        "q3": 0.5842105263157895
      },
      "ball_handling": {
        "q1": 0.853623210632102,
        "q3": 0.899708242159008
      },
      "oreb_pct": {
        "q1": 0.18181818181818182,
        "q3": 0.2826086956521739
      },
      "ft_rate": {
        "q1": 0.14606741573033707,
        "q3": 0.2441860465116279
      }
    },
    "r_squared": 0.9463917649999416,
    "training_games": 15194
  }
}