{
  "trained_at": "2026-01-27T09:11:31",
  "training_seasons": [
    "2020-21",
    "2021-22",
    "2022-23",
    "2023-24",
    "2024-25"
  ],
  "four_factors": {
    "coefficients": {
      "shooting": 154.37794348715823,
      "ball_handling": 137.69338571277473,
      "orebounding": 48.906525524970064,
      "free_throws": 26.312080454134634
    },
    "intercept": 0.040418099418983194,
    "league_averages": {
      "efg": 0.5402915383772068,
      "ball_handling": 0.8765136144575255,
      "oreb_pct": 0.23597509124272062,
      "ft_rate": 0.19454974242502202
    },
    "r_squared": 0.9473181715073252,
    "training_games": 10264
  }
}