{
  "trained_at": "2026-01-31T10:28:33",
  "training_seasons": [
    "2020-21",
    "2021-22",
    "2022-23",
    "2023-24",
    "2024-25"
  ],
  "four_factors": {
    "coefficients": {
      "shooting": 153.4728365929108,
      "ball_handling": 138.03828591699647,
      "orebounding": 48.55682999652413,
      "free_throws": 26.648207695109065
    },
    "intercept": 0.012692570886237063,
    "league_averages": {
      "efg": 0.5413742063280288,
      "ball_handling": 0.8763119957179297,
      "oreb_pct": 0.23631306629380847,
      "ft_rate": 0.19777739512419484
    },
    "factor_ranges": {
      "efg": {
        "q1": 0.4945054945054945,
        "q3": 0.5852272727272727
      },
      "ball_handling": {
        "q1": 0.8542805100182149,
        "q3": 0.9001361776648322
      },
      "oreb_pct": {
        "q1": 0.18421052631578946,
        "q3": 0.2857142857142857
      },
      "ft_rate": {
        "q1": 0.14606741573033707,
        "q3": 0.24210526315789474
      }
    },
    "r_squared": 0.9480291426153199,
    "training_games": 12908
  }
}