{
  "trained_at": "2026-01-26T17:50:32",
  "training_seasons": [
    "2020-21",
    "2021-22",
    "2023-24",
    "2024-25"
  ],
  "four_factors": {
    "coefficients": {
      "shooting": 308.68845353857273,
      "ball_handling": 275.9773591424172,
      "orebounding": 98.42699095041444,
      "free_throws": 52.69013096841855
    },
    "intercept": -0.007585619974347854,
    "league_averages": {
      "efg": 0.5402915383772068,
      "ball_handling": 0.8765136144575255,
      "oreb_pct": 0.2359750912427206,
      "ft_rate": 0.19454974242502202
    },
    "r_squared": 0.9475769054731152,
    "training_games": 10264
  }
}