{
  "trained_at": "2026-01-31T10:28:05",
  "training_seasons": [
    "2021-22",
    "2022-23",
    "2023-24",
    "2024-25"
  ],
  "four_factors": {
    "coefficients": {
      "shooting": 152.83210943646884,
      "ball_handling": 137.51305430175975,
      "orebounding": 48.60572238886624,
      "free_throws": 26.384769701489205
    },
    "intercept": 0.028974420088598636,
    "league_averages": {
      "efg": 0.5419923782237469,
      "ball_handling": 0.8760994924810801,
      "oreb_pct": 0.23973109879071672,
      "ft_rate": 0.19844823787529098
    },
    "factor_ranges": {
      "efg": {
        "q1": 0.49473684210526314,
        "q3": 0.5859447004608296
      },
      "ball_handling": {
        "q1": 0.854056112963104,
        "q3": 0.8999627133501636
      },
      "oreb_pct": {
        "q1": 0.18604651162790697,
        "q3": 0.28888888888888886
      },
      "ft_rate": {
        "q1": 0.14606741573033707,
        "q3": 0.24390243902439024
      }
    },
    "r_squared": 0.9463910767933646,
    "training_games": 10566
  }
}