{
  "trained_at": "2026-01-24T21:39:39",
  "training_seasons": [
    "2021-22",
    "2022-23",
    "2023-24",
    "2024-25"
  ],
  "four_factors": {
    "coefficients": {
      "shooting": 152.31349050105484,
      "ball_handling": 138.90261661701015,
      "orebounding": 49.04291689619361,
      "free_throws": 26.5724620296348
    },
    "intercept": -0.008541928546804564,
    "league_averages": {
      "efg": 0.5420217752989287,
      "ball_handling": 0.8761007318956717,
      "oreb_pct": 0.23974084981601768,
      "ft_rate": 0.19843159908889246
    },
    "r_squared": 0.9506705341354921,
    "training_games": 10562
  }
}