{
  "trained_at": "2026-01-26T17:50:27",
  "training_seasons": [
    "2021-22",
    "2023-24",
    "2024-25"
  ],
  "four_factors": {
    "coefficients": {
      "shooting": 307.7058827399114,
      "ball_handling": 276.73856806104516,
      "orebounding": 98.7409181990782,
      "free_throws": 52.505975701904035
    },
    "intercept": 0.019591244142988462,
    "league_averages": {
      "efg": 0.5407959559370821,
      "ball_handling": 0.8762897924286921,
      "oreb_pct": 0.24043398972702817,
      "ft_rate": 0.19449028293078052
    },
    "r_squared": 0.9473647620528604,
    "training_games": 7922
  }
}