{
  "trained_at": "2026-01-31T08:11:43",
  "training_seasons": [
    "2023-24",
    "2024-25"
  ],
  "four_factors": {
    "coefficients": {
      "shooting": 153.98008984898414,
      "ball_handling": 139.26548908754566,
      "orebounding": 49.24492335368844,
      "free_throws": 25.33911357198599
    },
    "intercept": 0.0521378210633736,
    "league_averages": {
      "efg": 0.5448066644959492,
      "ball_handling": 0.8762459393999414,
      "oreb_pct": 0.24571340655580284,
      "ft_rate": 0.19373891911863725
    },
    "factor_ranges": {
      "efg": {
        "q1": 0.5,
        "q3": 0.5886075949367089
      },
      "ball_handling": {
        "q1": 0.8542790353634021,
        "q3": 0.90062336011122
      },
      "oreb_pct": {
        "q1": 0.19148936170212766,
        "q3": 0.29545454545454547
      },
      "ft_rate": {
        "q1": 0.14130434782608695,
        "q3": 0.2375
      }
    },
    "r_squared": 0.9466521701444036,
    "training_games": 5280
  }
}