{
  "trained_at": "2026-01-28T11:06:59",
  "training_seasons": [
    "2000-01",
    "2001-02",
    "2002-03",
    "2003-04",
    "2004-05",
    "2005-06",
    "2006-07",
    "2007-08",
    "2008-09",
    "2009-10",
    "2010-11",
    "2011-12",
    "2012-13",
    "2013-14",
    "2014-15",
    "2015-16",
    "2016-17",
    "2017-18",
    "2018-19",
    "2019-20",
    "2020-21",
    "2021-22",
    "2022-23",
    "2023-24",
    "2024-25"
  ],
  "model_type": "season_level",
  "eight_factors": {
    "coefficients": {
      "shooting": 154.25473750174424,
      "ball_handling": 149.13727549071487,
      "orebounding": 51.395502149519324,
      "free_throws": 29.358854839490416,
      "opp_shooting": -156.97466198933768,
      "opp_ball_handling": -137.74253638039897,
      "opp_orebounding": -44.273461666201094,
      "opp_free_throws": -25.93881554183926
    },
    "intercept": -10.872019869223834,
    "league_averages": {
      "shooting": 0.535138380750353,
      "ball_handling": 0.8754717635962094,
      "orebounding": 0.2318552724066275,
      "free_throws": 0.19729997903180344,
      "opp_shooting": 0.5366887341281704,
      "opp_ball_handling": 0.8757076741409459,
      "opp_orebounding": 0.23229006242524264,
      "opp_free_throws": 0.19772642462135243
    },
    "r_squared": 0.9822020614099198,
    "training_team_seasons": 180
  }
}