{
  "trained_at": "2026-01-28T18:36:19",
  "training_seasons": [
    "2015-16",
    "2016-17",
    "2017-18",
    "2018-19",
    "2019-20",
    "2020-21",
    "2021-22",
    "2022-23",
    "2023-24",
    "2024-25"
  ],
  "model_type": "season_level",
  "eight_factors": {
    "coefficients": {
      "shooting": 157.92541352343565,
      "ball_handling": 144.97079952963534,
      "orebounding": 46.39677290542714,
      "free_throws": 30.637371374646026,
      "opp_shooting": -158.55314497593122,
      "opp_ball_handling": -135.90678422906123,
      "opp_orebounding": -42.577405810555,
      "opp_free_throws": -26.32488345724272
    },
    "intercept": -9.34192935778018,
    "league_averages": {
      "shooting": 0.5294577809796418,
      "ball_handling": 0.8740629094812713,
      "orebounding": 0.23167819889923671,
      "free_throws": 0.20139531010860048,
      "opp_shooting": 0.5309007674679631,
      "opp_ball_handling": 0.8742285297449761,
      "opp_orebounding": 0.23201265735849583,
      "opp_free_throws": 0.201868018226548
    },
    "r_squared": 0.9883092241503635,
    "training_team_seasons": 300
  }
}