{
  "trained_at": "2026-01-28T11:07:28",
  "training_seasons": [
    "2000-01",
    "2001-02",
    "2002-03",
    "2003-04",
    "2004-05",
    "2005-06",
    "2006-07",
    "2007-08",
    "2008-09",
    "2009-10",
    "2010-11",
    "2011-12",
    "2012-13",
    "2013-14",
    "2014-15",
    "2015-16",
    "2016-17",
    "2017-18",
    "2018-19",
    "2019-20",
    "2020-21",
    "2021-22",
    "2022-23",
    "2023-24"
  ],
  "model_type": "season_level",
  "eight_factors": {
    "coefficients": {
      "shooting": 154.8303896072218,
      "ball_handling": 146.49923848544702,
      "orebounding": 53.51149997660138,
      "free_throws": 33.34782915274174,
      "opp_shooting": -155.58594787778034,
      "opp_ball_handling": -134.8495516240367,
      "opp_orebounding": -41.37654102285558,
      "opp_free_throws": -27.134071630939292
    },
    "intercept": -13.803493377951087,
    "league_averages": {
      "shooting": 0.533674610033453,
      "ball_handling": 0.8759453155630897,
      "orebounding": 0.22808309739107732,
      "free_throws": 0.19807526674627637,
      "opp_shooting": 0.5352807342346075,
      "opp_ball_handling": 0.8760868113593966,
      "opp_orebounding": 0.22857283509881285,
      "opp_free_throws": 0.19854431238299508
    },
    "r_squared": 0.9844734378508754,
    "training_team_seasons": 150
  }
}