{
  "trained_at": "2026-01-28T18:35:45",
  "training_seasons": [
    "2000-01",
    "2001-02",
    "2002-03",
    "2003-04",
    "2004-05",
    "2005-06",
    "2006-07",
    "2007-08",
    "2008-09",
    "2009-10",
    "2010-11",
    "2011-12",
    "2012-13",
    "2013-14",
    "2014-15",
    "2015-16",
    "2016-17",
    "2017-18",
    "2018-19",
    "2019-20",
    "2020-21",
    "2021-22",
    "2022-23",
    "2023-24"
  ],
  "model_type": "season_level",
  "eight_factors": {
    "coefficients": {
      "shooting": 155.74255852505846,
      "ball_handling": 146.8661686468862,
      "orebounding": 40.20888461508715,
      "free_throws": 31.044404051149275,
      "opp_shooting": -157.1209918706814,
      "opp_ball_handling": -133.66256202976706,
      "opp_orebounding": -38.91395557682666,
      "opp_free_throws": -28.51989274349233
    },
    "intercept": -11.64193437867095,
    "league_averages": {
      "shooting": 0.5040873279037069,
      "ball_handling": 0.8674807253993017,
      "orebounding": 0.25414581424044713,
      "free_throws": 0.22033301247982917,
      "opp_shooting": 0.5054880915527462,
      "opp_ball_handling": 0.8676868820127845,
      "opp_orebounding": 0.2544411504933956,
      "opp_free_throws": 0.22098318410562914
    },
    "r_squared": 0.9890735870066307,
    "training_team_seasons": 716
  }
}