{
  "trained_at": "2026-01-28T18:35:32",
  "training_seasons": [
    "2000-01",
    "2001-02",
    "2002-03",
    "2003-04",
    "2004-05",
    "2005-06",
    "2006-07",
    "2007-08",
    "2008-09",
    "2009-10",
    "2010-11",
    "2011-12",
    "2012-13",
    "2013-14",
    "2014-15",
    "2015-16",
    "2016-17",
    "2017-18",
    "2018-19",
    "2019-20",
    "2020-21",
    "2021-22",
    "2022-23",
    "2023-24",
    "2024-25"
  ],
  "model_type": "season_level",
  "eight_factors": {
    "coefficients": {
      "shooting": 156.22877166525433,
      "ball_handling": 145.88677604183036,
      "orebounding": 41.018835247267894,
      "free_throws": 30.858377843492473,
      "opp_shooting": -157.2724177443059,
      "opp_ball_handling": -134.71140047096532,
      "opp_orebounding": -40.31389964629607,
      "opp_free_throws": -28.669858340168847
    },
    "intercept": -9.84106390671132,
    "league_averages": {
      "shooting": 0.505630353631501,
      "ball_handling": 0.8677068625988664,
      "orebounding": 0.25400789198484114,
      "free_throws": 0.21925086213048361,
      "opp_shooting": 0.5070259189807585,
      "opp_ball_handling": 0.8679331999498858,
      "opp_orebounding": 0.2542977878351112,
      "opp_free_throws": 0.21988347103756659
    },
    "r_squared": 0.9888508107097558,
    "training_team_seasons": 746
  }
}